example_id,true_label,pred_label,p_anger,p_disgust,p_fear,p_joy,p_sadness,p_surprise
eczazk6,joy,joy,0.0055872602,0.00035143582,0.0016459784,0.9622278,0.0021928009,0.027994735
eczb527,surprise,anger,0.7775132,0.0020636301,0.0036641094,0.13749354,0.042361293,0.036904197
eczb770,sadness,sadness,0.111759566,0.0053271223,0.003060771,0.0042079445,0.84976065,0.025883904
eczbvy8,joy,joy,0.00043021198,0.00023790271,0.00030668976,0.9984297,0.00025801276,0.00033744564
eczcr4g,surprise,surprise,0.010347689,0.0014694146,0.000608424,0.08589103,0.008340276,0.8933431
eczcz6m,joy,joy,0.0005138513,0.0002255367,0.00036226847,0.99823844,0.000269666,0.00039017253
eczdx1e,joy,joy,0.00038077738,0.00017136715,0.00031542667,0.9983802,0.00038798197,0.00036418505
ecze3hg,anger,anger,0.9852282,0.0055677784,0.0019712683,0.004007176,0.0015261753,0.0016994965
ecze4ws,joy,joy,0.00059387175,0.00043088145,0.0003879459,0.9975037,0.00029883027,0.0007847762
ecze59x,joy,joy,0.00049383385,0.0002378491,0.00030876746,0.9981781,0.00024014429,0.000541356
eczf1nt,sadness,anger,0.94866914,0.005987268,0.0016772125,0.003146605,0.03473346,0.005786259
eczfe7d,surprise,joy,0.0013906207,0.0013347056,0.0013283476,0.9262017,0.00074458134,0.06900001
eczgkwj,anger,anger,0.64695454,0.005398892,0.004153742,0.09688946,0.12919682,0.11740652
eczgpmf,anger,joy,0.0022813913,0.00066830753,0.00032285112,0.97738975,0.00064942153,0.018688317
eczh1pf,joy,joy,0.0015405901,0.0002358717,0.0004950127,0.9939766,0.00021935962,0.003532528
eczhvrq,sadness,sadness,0.0011262121,0.0013578415,0.0012122196,0.0017493942,0.9936272,0.0009271397
eczhy8h,joy,joy,0.00028988405,0.00013660583,0.00037703838,0.9953093,0.0021441062,0.0017429988
ecziz4m,sadness,sadness,0.21405694,0.15258192,0.009631286,0.005803229,0.6116369,0.0062897136
eczj0wm,anger,anger,0.9640208,0.021332119,0.0021781186,0.00853575,0.0017472564,0.0021860243
eczj0xr,joy,joy,0.00026809133,0.00025565966,0.00044868002,0.99723464,0.00025943102,0.0015334813
eczj7hv,surprise,surprise,0.012123684,0.00078363356,0.00047208046,0.0027910927,0.004063748,0.97976583
eczjbdy,anger,anger,0.97114366,0.011663859,0.0016954653,0.0028880471,0.011195039,0.0014139944
eczkjma,anger,anger,0.9904467,0.0025663977,0.00061181403,0.0015291573,0.0014624826,0.0033834127
eczkrv6,joy,joy,0.0003193902,0.0002254603,0.00035674058,0.99699867,0.00026596035,0.0018337015
eczl3ai,joy,joy,0.00042950184,0.000429251,0.00051944435,0.9972537,0.00022698629,0.0011410579
eczlg58,joy,joy,0.0004487282,0.00025363025,0.00055248995,0.99605995,0.00021212123,0.0024731345
eczlhjo,joy,joy,0.002768353,0.0002687527,0.00034915152,0.99350834,0.0020650239,0.001040397
eczlj0o,joy,joy,0.00060808024,0.0003231483,0.0003224083,0.9979842,0.00021204149,0.00055007293
eczll29,anger,anger,0.96770525,0.009681737,0.00074712705,0.004051536,0.01617655,0.0016377602
eczm86v,joy,joy,0.00068973,0.00029111683,0.00031170383,0.99323916,0.0044877566,0.0009805387
eczmsz3,disgust,anger,0.97709185,0.010662878,0.00046313787,0.007381313,0.0021343275,0.0022665034
eczmtlc,joy,joy,0.0003896576,0.00020510312,0.00032684865,0.9983639,0.00023135368,0.0004831095
eczni83,anger,sadness,0.016384816,0.0012935251,0.0010322455,0.04424615,0.9328831,0.0041602273
ecznkkq,surprise,surprise,0.0405267,0.002227618,0.0007331022,0.0011692962,0.0027258878,0.9526173
eczoo37,surprise,surprise,0.0022454404,0.0009114107,0.0009426267,0.028613452,0.00094404625,0.966343
eczoy48,joy,joy,0.0007332315,0.00015153333,0.00045994663,0.99646,0.0004383784,0.0017568832
eczp2oc,anger,anger,0.9751951,0.0040888772,0.0014094202,0.013655476,0.004306798,0.0013442952
eczqgmp,joy,joy,0.0006025729,0.0001877018,0.0004460811,0.997729,0.00045313095,0.00058145885
eczqke5,anger,anger,0.6824026,0.0032582984,0.0006974952,0.2876796,0.0195121,0.006449958
eczrple,joy,joy,0.00048677105,0.0002828639,0.0004592657,0.9958525,0.00023964739,0.0026789217
eczrrn3,joy,joy,0.00034920144,0.00017890567,0.00029903057,0.9984388,0.00033055278,0.0004035729
eczsm77,joy,joy,0.00043861684,0.00019789835,0.00026185313,0.9983902,0.00021650578,0.0004949261
eczsn48,fear,fear,0.03965044,0.2940561,0.5095107,0.05098951,0.10207082,0.003722427
eczszn6,anger,anger,0.95931095,0.003023251,0.00087858667,0.023634903,0.010751926,0.0024004579
eczta2u,joy,joy,0.0007188119,0.00017405089,0.0007841262,0.99725085,0.0005154307,0.00055668957
ecztv54,joy,joy,0.0007802992,0.00013628906,0.00025261592,0.99808073,0.00027170338,0.00047838542
eczu1gw,joy,joy,0.16625205,0.002306393,0.0015891356,0.41475824,0.008433406,0.40666074
eczuvim,sadness,sadness,0.0034877923,0.0020252513,0.00442101,0.0067038997,0.97925836,0.0041036922
eczwv6r,joy,joy,0.0014854824,0.00018267382,0.00055034267,0.9915583,0.0027101464,0.0035130181
eczx20j,surprise,surprise,0.010346492,0.0005786286,0.0009027009,0.0033164786,0.0022060424,0.98264956
eczy616,surprise,surprise,0.023771983,0.0024206352,0.030321775,0.08677582,0.17612211,0.6805876
eczyqul,joy,joy,0.00031154614,0.00016201814,0.00026625217,0.99773574,0.0002723074,0.0012521979
eczyxxv,anger,anger,0.74860936,0.008029372,0.0078121116,0.028867157,0.20352773,0.0031542538
eczzbru,joy,joy,0.0007106164,0.0001934442,0.00026543564,0.9981786,0.00030765947,0.0003442565
eczzx4x,joy,joy,0.0038090427,0.0002592782,0.00031339444,0.99394494,0.00089947134,0.00077389454
ed011g9,surprise,surprise,0.0018515086,0.00070669584,0.0011602406,0.0028796198,0.0007858177,0.9926162
ed01rse,joy,joy,0.00040000805,0.00015163346,0.00023520824,0.998486,0.00030132144,0.000425876
ed01usz,joy,joy,0.00062962575,0.00027404397,0.0002790982,0.99806374,0.00021373725,0.00053976034
ed0286s,joy,joy,0.00046507572,0.00018904229,0.00033466856,0.9983419,0.00032871045,0.00034060175
ed02ib9,anger,anger,0.9689614,0.013603888,0.0026449992,0.0025793002,0.010606168,0.0016041524
ed02jg5,joy,joy,0.00040649495,0.00014616788,0.00030621438,0.99733186,0.0003015972,0.0015077115
ed02x3e,joy,joy,0.0023075114,0.0007046723,0.0036699253,0.9657129,0.018777605,0.008827465
ed03oz9,joy,joy,0.0012133332,0.00030577567,0.00033240515,0.991243,0.0008840018,0.0060215425
ed03p8d,joy,joy,0.00032427823,0.00022716363,0.00039177804,0.9982765,0.00024054112,0.0005398481
ed05x1k,joy,joy,0.0003332498,0.00019765364,0.00032680607,0.9984156,0.00035520396,0.00037154194
ed0620k,anger,anger,0.903345,0.0038386611,0.0012670537,0.044936206,0.009197231,0.03741585
ed06ebu,surprise,surprise,0.001737654,0.0008794684,0.0011046497,0.027137889,0.0014535573,0.9676867
ed06qes,surprise,sadness,0.012196321,0.006106753,0.013123753,0.0033223408,0.9623305,0.0029203258
ed070rj,joy,joy,0.00044470938,0.00020142505,0.0004254081,0.994327,0.00049634674,0.0041050636
ed07eph,joy,joy,0.0011362969,0.00025380313,0.000308352,0.99742365,0.00027562265,0.0006022498
ed0b2b8,sadness,sadness,0.008922402,0.0057854643,0.00096031127,0.0015632773,0.9813782,0.0013902067
ed0ca9r,joy,joy,0.00045843015,0.0002022353,0.00028621053,0.9983877,0.0002597248,0.00040575457
ed0ckbc,joy,joy,0.00040756946,0.00021700397,0.00026204973,0.9982835,0.00018699506,0.00064293056
ed0cpps,sadness,sadness,0.0030471245,0.0014358689,0.001730497,0.0007798287,0.99179757,0.0012089419
ed0cv3s,joy,joy,0.00078669674,0.00020871506,0.00023080761,0.9981146,0.00026621565,0.00039302887
ed0e3a2,surprise,surprise,0.0025087858,0.0008990667,0.0007066361,0.002358306,0.00048229954,0.9930449
ed0ehag,joy,joy,0.0006207262,0.00020238475,0.0002687475,0.9969003,0.00044756883,0.0015602257
ed0eze5,surprise,joy,0.02849195,0.00126527,0.0013864252,0.8331374,0.007608762,0.12811011
ed0f4by,joy,joy,0.016906137,0.0007313805,0.0002569212,0.9793195,0.00038895517,0.0023971144
ed0fszp,joy,joy,0.0010695447,0.0002411698,0.00031052757,0.99449074,0.00039781746,0.0034902
ed0gkjf,surprise,anger,0.7956794,0.013314138,0.00073925126,0.003985891,0.01017322,0.17610814
ed0glwn,joy,joy,0.0014384836,0.0005754963,0.0003238606,0.99307066,0.0003728677,0.0042186948
ed0hqrq,joy,joy,0.0005791228,0.00026752902,0.00028239648,0.9980866,0.00024582926,0.00053850916
ed0i70k,anger,anger,0.34394974,0.0155603485,0.0035144486,0.20324208,0.20219283,0.23154058
ed0it1e,joy,joy,0.0004285039,0.00023275676,0.0002991616,0.9981165,0.00031153575,0.0006115317
ed0iucb,joy,joy,0.0004002476,0.00023512609,0.0003711006,0.99781466,0.00025771098,0.000921161
ed0jeuf,joy,joy,0.0035506366,0.00036500243,0.00040450797,0.98852915,0.00051803567,0.006632675
ed0k0sn,joy,joy,0.00039216515,0.00013530518,0.00024873734,0.99837744,0.00038123163,0.00046514574
ed0k1g7,joy,joy,0.00060260354,0.00017257637,0.00033873698,0.9978606,0.00034852343,0.0006770528
ed0k42m,anger,anger,0.9875823,0.0049517686,0.0016674466,0.0015357825,0.0019273335,0.0023353698
ed0lnju,joy,joy,0.00031025306,0.00019240916,0.00027942078,0.99843615,0.0002518011,0.0005299391
ed0m9ms,sadness,sadness,0.1776093,0.0060259076,0.0031212042,0.011885621,0.79872805,0.0026299558
ed0mb05,disgust,disgust,0.2535224,0.6235252,0.00810451,0.022863299,0.08580558,0.006179031
ed0mvkw,joy,joy,0.0012353276,0.00035040072,0.00038484356,0.99563897,0.0007559163,0.0016345801
ed0n4bz,joy,joy,0.00032749167,0.0001464178,0.000276455,0.99804676,0.00045463294,0.00074826134
ed0nsnk,surprise,joy,0.026242914,0.0026248414,0.0010680701,0.8337466,0.0022501703,0.13406739
ed0nvrn,joy,joy,0.00055343355,0.00020626686,0.0004745964,0.99768126,0.00017307703,0.0009113302
ed0qvyg,sadness,sadness,0.005696451,0.0019028212,0.0045114434,0.11552838,0.8652505,0.0071104537
ed0rtw0,anger,disgust,0.05550088,0.8780514,0.036600627,0.008912821,0.013841928,0.0070923567
ed0svk4,joy,joy,0.0004488302,0.00023198106,0.0003966282,0.99784195,0.00019609502,0.0008845597
ed0t4so,joy,joy,0.00070879195,0.00014242699,0.00028414003,0.99765944,0.00033869923,0.00086646044
ed0vghc,surprise,sadness,0.25829107,0.005798475,0.0062278598,0.0051365444,0.7021095,0.02243652
ed0ww1z,joy,surprise,0.38397023,0.00401235,0.0013669526,0.14422846,0.009421852,0.4570002
ed0xthk,joy,anger,0.9801118,0.009490025,0.0009845287,0.00623204,0.001044318,0.0021373518
ed0xyei,joy,joy,0.0010074443,0.00055877294,0.0015558662,0.9568527,0.00093767367,0.03908751
ed0y2su,joy,joy,0.00041084678,0.00026394162,0.00032740668,0.9983455,0.00024732103,0.00040507846
ed0z7eq,surprise,surprise,0.00231818,0.0011658359,0.00088243856,0.0036079728,0.00064626127,0.99137926
ed10ppm,sadness,sadness,0.0010895086,0.0015812125,0.0014346865,0.011489906,0.9825865,0.0018183268
ed113ro,surprise,surprise,0.0012929095,0.0013443303,0.001326809,0.007801184,0.0010238867,0.98721087
ed11edx,joy,joy,0.000357674,0.00045715104,0.00055693055,0.99501014,0.00027329303,0.0033448276
ed11zaf,anger,joy,0.0014164163,0.00034755142,0.00022003727,0.9969598,0.00037810722,0.0006781339
ed122p6,sadness,sadness,0.00120913,0.0016562365,0.0011602247,0.0011717374,0.99377704,0.0010256147
ed13aoj,joy,surprise,0.008437054,0.0035285437,0.021352984,0.04588189,0.029645184,0.89115435
ed13jls,joy,joy,0.00029674591,0.000180144,0.0003144072,0.99843115,0.0002755248,0.00050202594
ed13s43,sadness,sadness,0.028020272,0.0034872843,0.0038712588,0.08729716,0.8675002,0.009823847
ed164dh,joy,joy,0.0004765438,0.00028136483,0.00034364598,0.9975712,0.00023206169,0.0010952028
ed17cof,joy,joy,0.0003883445,0.00024604556,0.00037463408,0.9982981,0.0002554656,0.00043744707
ed17nq4,joy,joy,0.0024560257,0.0003276939,0.00042613703,0.99322647,0.00032519715,0.0032384605
ed184ql,joy,joy,0.00044111194,0.0003178303,0.0005472506,0.99722785,0.00032069042,0.0011452147
ed18vmp,joy,joy,0.00034773193,0.00018598518,0.00032535903,0.99842596,0.00022032768,0.0004946522
ed196uj,joy,joy,0.0004286847,0.00017044657,0.00032293232,0.99815255,0.00026431476,0.00066104694
ed197fi,joy,joy,0.0007096032,0.0007600587,0.0007963175,0.9886303,0.00033152552,0.008772224
ed1ab67,joy,joy,0.0016210445,0.00033616667,0.00037106656,0.98633075,0.0008536672,0.010487292
ed1ag17,anger,anger,0.9617095,0.011973862,0.0022549785,0.0033097658,0.017057925,0.0036940577
ed1b4wf,joy,joy,0.0010283963,0.00026447838,0.0002738099,0.99707735,0.00023970772,0.0011163424
ed1bf9d,anger,joy,0.38082087,0.014494127,0.0023509772,0.50438327,0.0019285971,0.09602213
ed1c7gj,joy,joy,0.010866935,0.00075526134,0.0003844704,0.9814688,0.0016864837,0.004838054
ed1d8jd,joy,joy,0.0008667242,0.00030718592,0.00029636337,0.997692,0.00027049662,0.00056726654
ed1dgbj,joy,joy,0.00047467035,0.00015015938,0.00037824016,0.99771357,0.00046971827,0.00081367267
ed1djsl,joy,joy,0.028125912,0.0011438575,0.0036392214,0.92638636,0.015917469,0.024787182
ed1dmki,joy,joy,0.00051242823,0.00047264132,0.0004331703,0.98910904,0.001404263,0.008068508
ed1dptl,anger,anger,0.7782698,0.09750267,0.003677373,0.003933337,0.11351773,0.0030989437
ed1ff3y,joy,anger,0.9460028,0.0034544864,0.00054694834,0.042574663,0.0021269682,0.0052941144
ed1fqgn,joy,surprise,0.033493865,0.0023155562,0.0020222755,0.05494832,0.007222741,0.89999723
ed1gey2,joy,joy,0.00037579,0.00024916994,0.00028180153,0.9982804,0.0004154561,0.00039739226
ed1ghrq,joy,joy,0.00094388175,0.0005347548,0.0006877693,0.9943386,0.0010263093,0.0024686155
ed1h9ty,joy,joy,0.0003517956,0.00018735602,0.00023803148,0.9978942,0.00029038728,0.0010382292
ed1ivu3,sadness,sadness,0.006275541,0.003544484,0.003986497,0.011470507,0.96398336,0.010739607
ed1jdc4,joy,joy,0.00347961,0.0019259292,0.002619151,0.9176877,0.0011953003,0.07309233
ed1jrqq,joy,anger,0.98736876,0.0020716297,0.00088696723,0.0037197538,0.0026911807,0.003261659
ed1lzlh,joy,joy,0.00049053936,0.00021255035,0.0003213776,0.9977552,0.00022877993,0.000991533
ed1m7w6,joy,joy,0.0006175594,0.00035548292,0.00033204642,0.99773467,0.00026071843,0.00069945725
ed1m9qs,joy,joy,0.0003043617,0.00017111743,0.00031627307,0.9983183,0.0003777012,0.0005122102
ed1n6hy,surprise,surprise,0.0056164996,0.0016819002,0.0021926966,0.0012263895,0.0014094686,0.9878731
ed1nkvu,joy,joy,0.00034044415,0.00015581238,0.00038615087,0.9975702,0.00093372224,0.0006135969
ed1pbs7,joy,joy,0.00038550896,0.0002407877,0.000399536,0.99808455,0.0002971571,0.0005924504
ed1pn0a,anger,joy,0.0019037372,0.00028775306,0.00030331913,0.99498403,0.00034877044,0.0021723537
ed1ps1q,joy,joy,0.00042371807,0.0001755865,0.00025856867,0.9983553,0.00021470059,0.000572102
ed1qmrz,joy,joy,0.0014911238,0.00031451177,0.00025824248,0.99630874,0.00034795323,0.0012793948
ed1rede,joy,joy,0.0007218327,0.000243282,0.00052942324,0.99544203,0.0005837476,0.002479657
ed1rhc1,joy,joy,0.00061587995,0.00019753126,0.00029487448,0.9981457,0.00023823047,0.00050782383
ed1rjn5,joy,joy,0.00032517422,0.0001976552,0.00030785645,0.9984748,0.00026667005,0.0004277913
ed1rle5,joy,joy,0.000765684,0.00019626136,0.00023560414,0.9976356,0.00025609395,0.00091075414
ed1s6f5,joy,joy,0.0009490835,0.00028451398,0.002131642,0.985013,0.0017911143,0.009830586
ed1s7vh,joy,joy,0.0010298024,0.00013278509,0.0004290923,0.9968532,0.00027563606,0.0012795068
ed1so06,joy,fear,0.0020951335,0.0071880203,0.92892605,0.046153527,0.004021258,0.011616006
ed1tqle,sadness,sadness,0.001655286,0.002628258,0.0024828354,0.0011635554,0.9881577,0.003912393
ed1u0am,joy,anger,0.575692,0.011143607,0.0013290683,0.38171574,0.019821616,0.010297947
ed1uck7,joy,joy,0.00054723286,0.00025144446,0.00022182977,0.9979296,0.00044940435,0.0006005201
ed1umv1,joy,joy,0.00067022495,0.00021964002,0.00022987781,0.9971102,0.00022691273,0.0015431971
ed1uwg6,joy,joy,0.007634156,0.00036798225,0.00036477842,0.988974,0.00042320119,0.0022358624
ed1v0xk,sadness,sadness,0.002026369,0.0023569572,0.002237965,0.0019737498,0.990446,0.00095897616
ed1vfjp,joy,joy,0.00031252662,0.00018494157,0.00031837472,0.99841034,0.00031805664,0.0004557003
ed1w92l,joy,joy,0.0003429583,0.00021388113,0.00025679838,0.9983222,0.0002685627,0.000595642
ed1wg24,joy,joy,0.00043261287,0.00024512433,0.00029760777,0.9983607,0.00026103083,0.00040291855
ed1wg3j,joy,joy,0.00030701165,0.0001817151,0.00046229234,0.9968978,0.0015620016,0.0005891651
ed1wud5,sadness,anger,0.45055875,0.011938418,0.02073967,0.006987067,0.07839044,0.4313856
ed1xhfp,joy,joy,0.00029725957,0.00018479546,0.00032794304,0.998343,0.0005073232,0.00033972575
ed1zg3g,sadness,anger,0.4932097,0.013092196,0.009269254,0.10920598,0.36661506,0.008607855
ed1zhop,joy,joy,0.0003069946,0.00018574457,0.00028133337,0.99800867,0.00020822373,0.0010090801
ed1zmlt,joy,joy,0.00024481045,0.00024236085,0.00068672607,0.9969709,0.000643997,0.0012111618
ed20116,surprise,joy,0.055401992,0.0007887559,0.00040811344,0.92791104,0.0020576543,0.013432386
ed20lrl,joy,joy,0.002271381,0.00014430487,0.00023592544,0.99435186,0.0016316306,0.0013648629
ed21plv,joy,joy,0.00029795532,0.00020030825,0.00039505542,0.99788934,0.0005797565,0.0006376467
ed22fyg,anger,anger,0.9631926,0.011467138,0.0026235636,0.0053399587,0.015842319,0.0015345216
ed22g2y,joy,joy,0.0003549379,0.00026323184,0.00040949622,0.9981858,0.00023355968,0.00055298413
ed22q13,joy,joy,0.00034745457,0.00021366231,0.00032349423,0.99833435,0.00021799596,0.0005631421
ed23wsw,joy,joy,0.00033849236,0.0001690277,0.0002950987,0.99836844,0.00021143319,0.0006174845
ed255dy,joy,joy,0.0004126612,0.00022709217,0.0002952638,0.99836034,0.0002001732,0.00050445297
ed25izo,joy,joy,0.00068969437,0.00019556339,0.00027857602,0.99793375,0.00020010292,0.0007024039
ed2611v,joy,joy,0.00096569187,0.00021504745,0.00023790919,0.9973302,0.0002983788,0.000952811
ed26eo2,surprise,surprise,0.011866776,0.00085535523,0.0005756829,0.001401047,0.0038666907,0.98143446
ed26ill,surprise,joy,0.00023168887,0.00013889835,0.0005224551,0.99778616,0.0005656068,0.0007551755
ed26j1r,joy,joy,0.00072779827,0.00021232445,0.00021830665,0.9979874,0.00020216269,0.00065200444
ed278ro,surprise,anger,0.9858014,0.0068147453,0.00060410344,0.0038508472,0.0019406618,0.0009881489
ed27ia1,fear,fear,0.0014843711,0.009999869,0.9803318,0.001648563,0.0034510656,0.0030843772
ed294ug,joy,joy,0.00041084466,0.00019761181,0.0003488109,0.99838793,0.0003026093,0.0003522917
ed296f1,joy,joy,0.00034611524,0.0001723171,0.00035711948,0.99831605,0.00023952007,0.00056887104
ed29f48,joy,joy,0.0005545715,0.0002862533,0.00024224962,0.9978695,0.00021861399,0.00082879956
ed2af70,anger,surprise,0.2478865,0.0074201017,0.007783559,0.14785653,0.048264284,0.54078895
ed2amgz,joy,joy,0.00076188234,0.00033072842,0.00022582646,0.99737954,0.00033704808,0.0009649625
ed2azcm,joy,joy,0.00034693643,0.0002269963,0.0003467143,0.99839205,0.00026934972,0.0004179581
ed2b17j,anger,anger,0.99033326,0.0029382312,0.0005578239,0.0029084824,0.001000865,0.0022612952
ed2d9ic,sadness,sadness,0.005205396,0.003395509,0.0014452989,0.010113223,0.97906417,0.0007764651
ed2e00i,fear,disgust,0.03680268,0.6133059,0.27835813,0.0075927638,0.060465377,0.0034751745
ed2egrq,joy,joy,0.007235855,0.0002522645,0.00044008467,0.9863457,0.0033873636,0.002338796
ed2f978,surprise,joy,0.0003236007,0.00015864383,0.00025247055,0.9981306,0.00020193118,0.00093270524
ed2fg67,sadness,anger,0.7172152,0.00509643,0.001013163,0.014076468,0.24220416,0.020394627
ed2fv27,sadness,sadness,0.0013794221,0.0012421258,0.0017900127,0.0023112297,0.9913727,0.0019045318
ed2gl83,joy,joy,0.0003450757,0.00021474199,0.0003374181,0.9982584,0.0003568015,0.00048757845
ed2gsvn,sadness,sadness,0.0015681223,0.0015919869,0.0020088502,0.010121543,0.96461606,0.02009335
ed2i4d5,joy,joy,0.02400004,0.00072541763,0.0012099157,0.93008286,0.0037031244,0.040278587
ed2jmoc,joy,joy,0.00041943803,0.00026336714,0.00043352487,0.9978849,0.0002606227,0.0007381496
ed2kb20,joy,joy,0.0004521383,0.0002064325,0.00031121215,0.99619764,0.00022842629,0.0026042121
ed2ktj7,joy,joy,0.00034008638,0.00026945813,0.0004384926,0.99798846,0.00018793064,0.00077562657
ed2lel3,joy,joy,0.00037125117,0.0002211851,0.00032294798,0.99788684,0.00039834887,0.0007994816
ed2mcfr,sadness,surprise,0.2630786,0.001490428,0.0008206663,0.036394473,0.004367295,0.6938486
ed2naxg,joy,anger,0.9783277,0.0036892626,0.0011645644,0.010292247,0.0035454242,0.0029808623
ed2nene,anger,anger,0.6373152,0.0050934525,0.0030229078,0.01801684,0.27284932,0.06370231
ed2nkua,joy,joy,0.0005014597,0.00036570692,0.00043896152,0.99716955,0.00033976178,0.0011846295
ed2noxb,joy,joy,0.013236173,0.0008086902,0.00029279405,0.9843121,0.0005793526,0.00077092246
ed2ojh2,joy,joy,0.0003622975,0.000128055,0.00022364582,0.9973953,0.00048574476,0.0014050404
ed2p51j,disgust,sadness,0.07728666,0.029030021,0.005901661,0.0023724746,0.88423294,0.0011762951
ed2pptz,sadness,sadness,0.008516098,0.0093629295,0.00195405,0.0015706655,0.97628003,0.002316257
ed2q9f7,joy,joy,0.00031416764,0.00017442708,0.00037444758,0.99808997,0.0003755636,0.0006713735
ed2qzhv,sadness,sadness,0.031785134,0.003463895,0.0038633037,0.12523651,0.784044,0.051607087
ed2r5gd,anger,anger,0.98718345,0.0041940655,0.0021003198,0.0024105043,0.0024887647,0.0016229473
ed2shn2,joy,joy,0.0008395128,0.00031538602,0.00029868435,0.99784315,0.00020731744,0.00049595797
ed2tyb9,joy,joy,0.00051748723,0.00023625503,0.00034008073,0.99818075,0.00026430484,0.00046113893
ed2u4oi,joy,joy,0.0015640872,0.00038293598,0.000438083,0.99047524,0.0042830966,0.0028565973
ed2v6t1,sadness,joy,0.28591233,0.002888414,0.00275138,0.4067246,0.28481773,0.016905487
ed2wn96,joy,joy,0.000416164,0.0002471351,0.0003460887,0.9983657,0.0001963445,0.0004285882
ed2x9cg,joy,joy,0.0002913782,0.00020941021,0.0003188201,0.99842644,0.00033482903,0.00041910447
ed2y901,sadness,anger,0.6767726,0.006897095,0.0044609434,0.008923313,0.020270027,0.28267607
ed2ygk2,surprise,surprise,0.002550918,0.0011328502,0.0009942573,0.0008151183,0.00066949136,0.9938374
ed2yu52,surprise,surprise,0.0014854503,0.00088951795,0.0010368567,0.00935209,0.00065035466,0.98658574
ed2z9xi,sadness,disgust,0.15104736,0.6772022,0.012444329,0.012198291,0.13594195,0.011165901
ed2zxig,fear,sadness,0.10676717,0.007347955,0.006658674,0.03301419,0.8442601,0.0019518777
ed303ns,anger,anger,0.9752744,0.0033360138,0.0004659905,0.0031384872,0.015113471,0.0026716555
ed30hxp,joy,joy,0.00041577828,0.00036056968,0.0003710787,0.9981364,0.00031379744,0.00040242044
ed32812,joy,joy,0.00028657433,0.00017039376,0.00027544633,0.99847823,0.00027335258,0.0005160405
ed33lzc,joy,joy,0.00041991848,0.0002649695,0.00035496525,0.9975343,0.00019309085,0.0012327922
ed347pm,anger,anger,0.8486723,0.0024147446,0.001585567,0.1357177,0.004446417,0.0071632955
ed34b3g,joy,joy,0.0033876414,0.0012379299,0.0008020662,0.97593576,0.00062961853,0.018006975
ed34qp0,joy,joy,0.0010447911,0.0005429117,0.00034287135,0.9968748,0.0002575237,0.000937073
ed35r07,sadness,sadness,0.0019408726,0.0027962655,0.0013184492,0.005028104,0.98704916,0.0018671385
ed36jmd,joy,joy,0.00039532987,0.00039548898,0.0007304249,0.9931311,0.00035876117,0.004988907
ed37jfd,joy,joy,0.0010463032,0.00021600534,0.00033310702,0.9961612,0.0016055156,0.00063778483
ed39nre,joy,joy,0.0019392015,0.0036843047,0.2019865,0.7423284,0.010642139,0.03941938
ed3a0gd,joy,joy,0.0011772797,0.0010014932,0.00077890774,0.9790729,0.00061997445,0.017349474
ed3a3tq,anger,anger,0.8834756,0.031148262,0.0010424386,0.00826807,0.07156376,0.004501892
ed3bm0t,joy,joy,0.00046149897,0.00018034407,0.0002742368,0.99777514,0.00022249966,0.0010862921
ed3bub2,joy,joy,0.00037383358,0.00019990174,0.0003656042,0.9980453,0.00016431305,0.00085102505
ed3chq4,surprise,surprise,0.001671145,0.0007520991,0.00093586236,0.027811553,0.001327915,0.96750146
ed3cqfo,joy,joy,0.036355875,0.0032880579,0.0008474131,0.9493388,0.0014119766,0.008757836
ed3dkko,fear,sadness,0.0011032498,0.0022727116,0.059875727,0.005533613,0.9279507,0.0032641627
ed3e962,surprise,surprise,0.0050053615,0.00076923077,0.0005488858,0.0012727861,0.00068739854,0.9917163
ed3edou,joy,joy,0.0004110828,0.00014561994,0.00031393103,0.99807954,0.00032644937,0.0007234668
ed3elk7,joy,joy,0.0005347053,0.00020756258,0.00031239318,0.99824214,0.00019615701,0.00050708937
ed3eqrm,joy,joy,0.00089205464,0.00060922257,0.00040201863,0.9970214,0.00041941347,0.00065587414
ed3fatr,surprise,surprise,0.032140795,0.001097375,0.0009064467,0.0024090593,0.0036181638,0.95982814
ed3fe34,joy,joy,0.00058087433,0.00039037425,0.0003786738,0.997931,0.0002488719,0.00047016286
ed3gsox,joy,joy,0.0017711701,0.0012407461,0.0018066512,0.79754174,0.0014278041,0.19621181
ed3gxrq,surprise,surprise,0.008174405,0.0010120128,0.0005865849,0.0010032452,0.00095140067,0.98827237
ed3iwf2,joy,joy,0.0011130138,0.00025635757,0.0011510629,0.99314827,0.0036012297,0.0007300761
ed3jgf9,anger,joy,0.35332888,0.0025273212,0.001296825,0.52501285,0.0044800644,0.113354094
ed3k8p1,surprise,surprise,0.009337881,0.0005818167,0.0007642324,0.01871606,0.0016523517,0.96894765
ed3kl83,joy,joy,0.043726288,0.0023952266,0.0015707937,0.6555694,0.053590935,0.24314742
ed3l9kd,surprise,surprise,0.003380287,0.00086393266,0.0012899755,0.018139746,0.0011065727,0.9752195
ed3ljgc,joy,joy,0.00044652043,0.00019959823,0.0002580061,0.9984211,0.0002528298,0.0004218919
ed3loj7,joy,joy,0.00044145933,0.00012555884,0.00028156518,0.99836344,0.00036042987,0.00042754703
ed3mg9q,anger,anger,0.5830914,0.012870734,0.01407277,0.08174733,0.13748825,0.17072955
ed3mm40,joy,joy,0.00038918076,0.000170778,0.00036627974,0.9981135,0.00053317175,0.00042708183
ed3mv1d,joy,joy,0.0011717079,0.0003351841,0.00033114754,0.9964097,0.00028845132,0.0014637078
ed3mzz1,joy,joy,0.00040441312,0.0002659503,0.0004285216,0.9949825,0.0003487413,0.003569764
ed3o2ae,surprise,surprise,0.03968052,0.0018723309,0.0007312562,0.0018503659,0.0012231367,0.95464253
ed3oh9f,surprise,surprise,0.0019340469,0.000913414,0.00085775554,0.00081455306,0.0010730762,0.9944073
ed3ptc8,joy,joy,0.00042240735,0.00017476994,0.00028262107,0.9984042,0.00023263587,0.00048343686
ed3pum4,joy,joy,0.00085294875,0.00022099755,0.00038135384,0.9972319,0.0002299324,0.0010828689
ed3q71h,anger,anger,0.97032535,0.0036969644,0.00054267276,0.019951418,0.0021640407,0.0033196295
ed3qasl,joy,joy,0.0016707234,0.00036879702,0.00025186446,0.996985,0.00027405203,0.00044961274
ed3qhk4,surprise,joy,0.0015170841,0.00034376088,0.00034462713,0.99075866,0.00040969378,0.0066260975
ed3qj00,joy,joy,0.00031972988,0.00017996233,0.0002567906,0.9983197,0.0003164823,0.0006072301
ed3rmql,surprise,surprise,0.0072048903,0.0013399702,0.0014427815,0.30617818,0.0023651458,0.6814691
ed3s65e,joy,joy,0.00064827676,0.00020069917,0.00023797344,0.9974654,0.00029180344,0.0011559059
ed3sfgj,anger,anger,0.9776643,0.007697614,0.0007388223,0.0034108625,0.007480968,0.0030073668
ed3sh4v,surprise,joy,0.006142755,0.003706414,0.003109893,0.9185549,0.040021267,0.028464757
ed3sn5e,joy,joy,0.07197725,0.00073550653,0.0009392835,0.9048327,0.015079918,0.0064353314
ed3t0o9,disgust,disgust,0.18467158,0.7567313,0.013193762,0.007611905,0.032624457,0.005167109
ed3tljs,joy,joy,0.00069338473,0.00042531424,0.00037540565,0.9970463,0.000198354,0.0012612388
ed3u8tz,joy,joy,0.00083828013,0.0003333418,0.0002654461,0.99626833,0.0006097176,0.0016849033
ed3udbr,joy,joy,0.0003899523,0.0002174209,0.0002564225,0.998247,0.0003624336,0.00052678137
ed3v8zr,surprise,surprise,0.0059318626,0.0011698026,0.0007033655,0.00083669735,0.0005946064,0.9907637
ed3w5cd,joy,joy,0.008855493,0.0009272355,0.00038339512,0.98832333,0.00054629607,0.00096415443
ed3wj75,joy,joy,0.0011532472,0.000422428,0.00095745234,0.9744212,0.00045044895,0.022595296
ed3ymb1,joy,joy,0.0006039132,0.00013289867,0.00021131847,0.998156,0.00022926615,0.0006666416
ed3yyju,joy,joy,0.0011158962,0.0002497305,0.00042957443,0.9945604,0.0028928537,0.00075154763
ed3zin2,joy,joy,0.00062605075,0.0003574645,0.0005641096,0.9662959,0.0008578711,0.031298596
ed3zlsz,anger,anger,0.56829786,0.013318807,0.0018800395,0.0057145264,0.36914843,0.041640382
ed40wwj,joy,joy,0.00045693447,0.00018769837,0.0005435577,0.99781173,0.0004997992,0.00050035433
ed40xxh,joy,joy,0.00043751928,0.00019067418,0.00025730723,0.99826103,0.0005129872,0.00034037905
ed41lo1,anger,anger,0.9819136,0.0023368245,0.0007607453,0.0039671003,0.0020313964,0.008990409
ed41m72,joy,joy,0.00039093487,0.00013829114,0.00029164017,0.99820876,0.00025191283,0.0007184498
ed41u13,sadness,anger,0.78521764,0.021219444,0.0012990838,0.009584469,0.1793848,0.0032946453
ed42at1,joy,joy,0.0004301334,0.00019710755,0.00038250323,0.99824786,0.0003731581,0.00036925395
ed42lw0,surprise,surprise,0.0019080656,0.0009568388,0.00071916584,0.0013634788,0.0004996365,0.9945528
ed43l93,joy,joy,0.0008032302,0.00015732824,0.00024189973,0.99769384,0.0007199876,0.00038375414
ed43rft,joy,joy,0.0003087395,0.00015174091,0.00044667665,0.99770325,0.0006364589,0.0007531622
ed43vek,joy,joy,0.0011392939,0.00023273122,0.0013352853,0.9928209,0.0037042988,0.0007674215
ed44d5a,joy,joy,0.00041706828,0.00026346612,0.00031364418,0.9983247,0.00022388434,0.00045724923
ed44w5k,joy,joy,0.0012861614,0.00026496005,0.00024555635,0.99705935,0.00024632024,0.0008976666
ed452ih,joy,joy,0.00039744502,0.00020180971,0.0003845302,0.9951338,0.00071297976,0.0031694276
ed45xrw,joy,joy,0.04276778,0.003189052,0.0008926322,0.94758457,0.004148733,0.0014172166
ed46dud,anger,fear,0.19379239,0.20689985,0.5705864,0.0052488986,0.01925344,0.0042190244
ed4764z,surprise,joy,0.0012861297,0.00051539025,0.000900322,0.9536755,0.001024888,0.042597793
ed47ez1,joy,surprise,0.021793632,0.0032321007,0.02749604,0.22175552,0.00832004,0.71740264
ed47inp,anger,anger,0.91084427,0.005514025,0.0010747486,0.008752894,0.068920285,0.0048937327
ed48aqg,sadness,joy,0.0022747268,0.00027348442,0.0009568129,0.97732955,0.017212939,0.001952494
ed48ef2,anger,joy,0.13796064,0.0018378469,0.003080325,0.72889775,0.00581057,0.12241283
ed48tq9,joy,joy,0.00053550315,0.0001738408,0.00060772477,0.99749494,0.0005693281,0.0006186759
ed4agaf,joy,joy,0.00092227256,0.00019094927,0.00019850451,0.99773055,0.00022519266,0.0007325508
ed4b598,joy,joy,0.00067742995,0.00036506148,0.00037040233,0.9974789,0.00057788886,0.00053034164
ed4batk,anger,anger,0.93842685,0.004261573,0.0009981164,0.051149465,0.0020597416,0.003104319
ed4c01d,joy,joy,0.0011234136,0.00010868532,0.00026478842,0.9951266,0.0004971383,0.0028792787
ed4cava,disgust,anger,0.48466113,0.3149815,0.0078473585,0.0063690003,0.17681463,0.009326282
ed4cyt9,sadness,sadness,0.0036191868,0.0011516009,0.0012106393,0.03295019,0.95888305,0.0021853817
ed4d4ip,surprise,joy,0.002497431,0.00027898478,0.00032393457,0.99051183,0.0006206636,0.0057671694
ed4da42,joy,joy,0.00050730945,0.00040530929,0.00043327574,0.9975555,0.00035363322,0.0007450053
ed4dyci,anger,anger,0.98727477,0.0037594223,0.0004886751,0.0036202678,0.002893659,0.0019631998
ed4dycq,joy,joy,0.0003493986,0.00014197385,0.00033506466,0.99838996,0.00037103702,0.000412676
ed4e0bz,joy,joy,0.0010554539,0.00015024768,0.00026059445,0.997439,0.0002637578,0.00083100057
ed4e5v8,anger,anger,0.49740708,0.011704246,0.023760127,0.026822403,0.4301923,0.010113796
ed4edc8,surprise,anger,0.9321503,0.004409225,0.0008135591,0.048644945,0.010556982,0.0034251136
ed4eldw,anger,anger,0.9833346,0.0027586664,0.00080743036,0.0020155874,0.004990188,0.0060935286
ed4f4io,surprise,surprise,0.04231164,0.003188684,0.0007538065,0.014464046,0.014443653,0.9248382
ed4f606,surprise,surprise,0.0052809776,0.00077473867,0.00079060806,0.0010243144,0.0034482977,0.9886811
ed4fe9l,joy,joy,0.0003607696,0.00017173192,0.00031204714,0.99842083,0.00032160548,0.00041298286
ed4fqyy,joy,joy,0.00033034207,0.00022363939,0.00038379306,0.99840957,0.00023896774,0.00041375973
ed4fwha,joy,joy,0.00035812933,0.00015194804,0.0002988796,0.99846315,0.00020574553,0.00052221015
ed4gn8u,joy,joy,0.000365524,0.00025765944,0.00036392294,0.9980862,0.00027452668,0.00065222447
ed4gxf4,joy,joy,0.000355874,0.0002103534,0.00030948772,0.9982534,0.00021368393,0.00065715483
ed4gym1,anger,anger,0.9764905,0.010980899,0.0012963548,0.0015924465,0.0052593257,0.0043804706
ed4hxuv,sadness,joy,0.0031462102,0.00023156247,0.0002283456,0.9907608,0.0016944737,0.003938554
ed4ibqh,joy,joy,0.054473646,0.0037023209,0.00082768843,0.9019161,0.032421716,0.006658482
ed4iqff,surprise,surprise,0.0055341246,0.000590048,0.0006302082,0.0018714266,0.0010084528,0.99036574
ed4jos7,joy,joy,0.011943639,0.0016098776,0.008801981,0.94862247,0.024603387,0.004418641
ed4k685,sadness,anger,0.97842765,0.0055466355,0.0007316181,0.0031992083,0.008385687,0.0037091651
ed4l4ma,joy,joy,0.0003704957,0.00016191602,0.000223173,0.9984542,0.00021569055,0.0005744578
ed4m2om,surprise,surprise,0.0028661757,0.00064850884,0.0007122572,0.012456924,0.0027853264,0.98053086
ed4mu0b,joy,joy,0.0043463013,0.00076384685,0.00044504195,0.9925452,0.0006290823,0.0012705739
ed4n7am,surprise,joy,0.0077690207,0.0018707899,0.0019657316,0.6675105,0.0015475884,0.31933635
ed4nee9,joy,joy,0.0003990305,0.00020704637,0.00027085826,0.9984211,0.00025928702,0.00044264394
ed4nfij,joy,joy,0.00038020255,0.00022145506,0.0003192175,0.998401,0.00021959028,0.00045854624
ed4njnu,anger,joy,0.26207286,0.008962644,0.0021198466,0.6920027,0.030219289,0.0046225754
ed4o2hd,fear,fear,0.0018417744,0.009123162,0.9778951,0.0017642671,0.002360274,0.007015421
ed4o321,sadness,sadness,0.0014083703,0.0009984166,0.0020662139,0.0060796854,0.9879481,0.0014992668
ed4ob8u,surprise,joy,0.015585381,0.0004183865,0.0005037679,0.98138267,0.0007340798,0.0013756012
ed4p24s,surprise,sadness,0.029606938,0.003261262,0.0063537457,0.0053688935,0.5406236,0.41478553
ed4pao1,anger,joy,0.4548828,0.0020846692,0.0010073632,0.5309953,0.0067005744,0.0043292637
ed4pjk1,joy,joy,0.00041984482,0.00029984917,0.0005344903,0.99799585,0.00032922666,0.00042080326
ed4pnnx,joy,sadness,0.0043365415,0.0018232795,0.004985085,0.40029085,0.58624744,0.002316748
ed4pzlr,joy,joy,0.002557224,0.00042746955,0.0006314843,0.9842345,0.0005626335,0.011586625
ed4q326,anger,sadness,0.111065134,0.00938284,0.0013994805,0.079777725,0.7929762,0.005398595
ed4qga0,joy,joy,0.00064934045,0.00014456184,0.00020254594,0.996536,0.0010475921,0.0014199457
ed4qp2k,joy,joy,0.0005470991,0.00037516752,0.0003301101,0.99770087,0.0002276627,0.00081904314
ed4rtgx,sadness,sadness,0.0013130563,0.002330422,0.0015348168,0.0038109254,0.98786443,0.003146401
ed4tkig,joy,joy,0.0005012787,0.00052631716,0.00080859545,0.9966294,0.0004212017,0.0011132607
ed4tsd6,joy,joy,0.000593755,0.00024156291,0.0005580302,0.99697375,0.00077808095,0.000854853
ed4udyv,surprise,joy,0.03164829,0.0013271575,0.0015706609,0.8326962,0.1085981,0.024159634
ed4vtot,disgust,disgust,0.093642056,0.8534273,0.0184098,0.011588482,0.017527541,0.005404881
ed4w2oh,joy,joy,0.0014241092,0.0006299379,0.0033596463,0.97468215,0.010978024,0.008926091
ed4wjur,surprise,sadness,0.36937308,0.041925278,0.002202441,0.04847243,0.47379667,0.0642301
ed4wxj5,anger,anger,0.9780175,0.007141969,0.00040299058,0.006516029,0.0055259545,0.0023954508
ed4y3yk,anger,joy,0.012802299,0.0007514325,0.0008685979,0.9066367,0.0007018735,0.07823915
ed4y8ts,fear,fear,0.0028415872,0.014833154,0.97231275,0.0020650325,0.0023012226,0.0056462795
ed50jli,surprise,surprise,0.0033075942,0.00095595437,0.00074927416,0.0011633269,0.0006011319,0.9932227
ed5129w,joy,joy,0.00039093965,0.00019621728,0.0003412294,0.9982547,0.0002735733,0.00054325094
ed52ler,joy,joy,0.00047182245,0.00034058958,0.00039767538,0.99793077,0.00023075035,0.0006284169
ed535p6,surprise,joy,0.0045369365,0.0005464404,0.0005663647,0.9855027,0.0005959489,0.008251615
ed53trw,surprise,anger,0.9685827,0.005021769,0.0011075076,0.0012643498,0.006212461,0.01781118
ed571ai,joy,anger,0.3986868,0.0072142472,0.009095779,0.324796,0.18804197,0.07216515
ed5768h,anger,anger,0.74368787,0.082586996,0.0025853112,0.078551225,0.082424514,0.010164053
ed57kft,joy,joy,0.00045765788,0.0002293383,0.00041805438,0.9979551,0.00041789433,0.0005219795
ed57pil,sadness,sadness,0.001351192,0.0010496209,0.0007972836,0.0033552109,0.9918207,0.0016260901
ed58t8y,surprise,surprise,0.006243188,0.0010988675,0.0011568347,0.0013572827,0.0017621488,0.9883817
ed59a85,joy,joy,0.00041158943,0.00018089436,0.0002973841,0.9979177,0.0003918872,0.0008005752
ed5aw4l,surprise,surprise,0.0031440272,0.0005916594,0.0006026595,0.0076137898,0.00086478726,0.9871831
ed5b1w7,joy,joy,0.00087888434,0.00028695288,0.0003006025,0.9978911,0.0002518024,0.00039068528
ed5bi7l,anger,anger,0.95984507,0.0104839755,0.00067612954,0.018665157,0.0065262606,0.0038033628
ed5bsdm,sadness,sadness,0.0033213887,0.0034674502,0.0043140934,0.011381763,0.74036425,0.23715107
ed5cepv,joy,anger,0.54058796,0.0034573611,0.0007072344,0.03943764,0.004311382,0.41149843
ed5cew6,joy,anger,0.48305213,0.0017152432,0.0027214396,0.4774639,0.02866674,0.0063805403
ed5ed1c,anger,anger,0.9880797,0.0022974184,0.00053254294,0.0041813515,0.0018171893,0.0030917241
ed5f1q6,disgust,disgust,0.049976476,0.90311277,0.019873563,0.011044757,0.009159372,0.0068330606
ed5f54l,surprise,surprise,0.003011677,0.001094845,0.00084080605,0.00083178823,0.0015016424,0.9927192
ed5guh3,anger,anger,0.98510695,0.009029544,0.00079363195,0.0015464355,0.001845217,0.0016781909
ed5hj2l,joy,joy,0.04932879,0.0009420114,0.00072342716,0.9461274,0.00068777375,0.0021905263
ed5htoz,joy,anger,0.8955228,0.002844268,0.00069306005,0.052820165,0.037656043,0.010463807
ed5i5bn,joy,joy,0.00033603446,0.00020926511,0.00034543796,0.998024,0.00020810384,0.0008772034
ed5inqr,joy,joy,0.00035661814,0.00022938458,0.0002792863,0.99824405,0.0002067378,0.0006839063
ed5jdet,joy,joy,0.0003400203,0.0002096992,0.00032086196,0.99842274,0.0002824878,0.00042421083
ed5kemm,joy,joy,0.09424122,0.003265192,0.00063161604,0.8965238,0.0039697425,0.0013684474
ed5kxo0,anger,anger,0.8272471,0.0033866155,0.0005341164,0.14739951,0.0069408435,0.014491877
ed5lq4x,anger,joy,0.0015781352,0.00028576975,0.00023925804,0.9966287,0.0003582601,0.0009098835
ed5lr80,joy,joy,0.0022742115,0.0003062895,0.00024965266,0.99621034,0.00034316373,0.0006162791
ed5mopu,joy,joy,0.0004368628,0.00017023765,0.00026013082,0.99839056,0.00022800376,0.00051422906
ed5mq58,sadness,sadness,0.003367334,0.002061039,0.00088929624,0.0014688531,0.991222,0.0009914861
ed5nylq,joy,joy,0.0008478131,0.00024712103,0.00026307005,0.997835,0.00017641216,0.00063063274
ed5pc18,joy,joy,0.00057662657,0.00033919504,0.00034125766,0.9980204,0.00020818628,0.0005143361
ed5pflb,joy,joy,0.00038599686,0.00014782131,0.000229628,0.99778545,0.00025269104,0.0011984009
ed5q1op,anger,anger,0.7806318,0.0017468486,0.0013181529,0.19638562,0.014285496,0.0056321407
ed5qg38,joy,joy,0.0007497634,0.00017565953,0.0003483393,0.99693596,0.0013500323,0.00044016962
ed5qrbs,joy,joy,0.00035418812,0.00020518532,0.00028433173,0.9982784,0.00024084572,0.0006371697
ed5quzx,anger,anger,0.98828167,0.0029902977,0.0006266561,0.0038647465,0.001131181,0.0031053682
ed5r0i1,surprise,surprise,0.0028058856,0.00086971914,0.0010269524,0.0015466517,0.0006543276,0.99309653
ed5ry8k,sadness,sadness,0.0020022192,0.0011715878,0.0014819229,0.00347803,0.9911171,0.0007491182
ed5s3ks,surprise,surprise,0.0013900928,0.0009653551,0.0011015127,0.0041905907,0.0011609936,0.9911913
ed5sfeb,joy,joy,0.00082037033,0.0001814353,0.00023479809,0.9970092,0.00024737357,0.0015068708
ed5ssis,surprise,fear,0.008446782,0.008757076,0.91760767,0.008743256,0.011489529,0.044955738
ed5sxk3,joy,surprise,0.01165582,0.0024715702,0.0024800666,0.09755557,0.0026307418,0.8832061
ed5te14,joy,joy,0.00053423445,0.0002420184,0.00024206456,0.9981957,0.00021499241,0.0005709219
ed5tpbx,joy,joy,0.00087284984,0.00013529324,0.0002254536,0.9962304,0.0008312611,0.0017046694
ed5u38w,joy,joy,0.0014265385,0.0002405436,0.000357921,0.9965071,0.00021932868,0.001248537
ed5u781,joy,joy,0.0006808288,0.00015910451,0.00022878584,0.9971275,0.0007630603,0.0010406836
ed5vcsi,sadness,anger,0.4862747,0.11550195,0.0042226366,0.010153611,0.37723053,0.0066164895
ed5vgdb,joy,joy,0.0002982829,0.00018015824,0.0003268485,0.99654275,0.00026220668,0.0023898361
ed5xb34,joy,anger,0.8617614,0.0072732554,0.00083583815,0.105257735,0.012040267,0.012831479
ed5yole,surprise,surprise,0.005468131,0.0006410802,0.0008219098,0.010236323,0.0027389417,0.98009354
ed5yq3r,sadness,disgust,0.22161928,0.6752952,0.0075518223,0.019407155,0.0651328,0.010993785
ed634g5,joy,anger,0.98119307,0.0045362655,0.00061254745,0.0072790943,0.0016529313,0.004726086
ed639gq,anger,sadness,0.28188998,0.0049816617,0.004713673,0.012747324,0.52603894,0.16962843
ed63hmd,anger,anger,0.8878039,0.08864388,0.003964982,0.0024038178,0.01554783,0.0016355606
ed64opx,anger,anger,0.72544307,0.0027111613,0.0033884847,0.18799007,0.019141983,0.061325274
ed64oyb,sadness,sadness,0.0010640653,0.0009685159,0.0013353071,0.009144155,0.9854708,0.0020170365
ed65q3r,anger,joy,0.21309517,0.001524547,0.0021952281,0.7204408,0.0062333937,0.056510847
ed65qsk,surprise,surprise,0.0034609186,0.0008961512,0.00072648015,0.0025081788,0.0009534455,0.99145496
ed661j5,anger,anger,0.97555715,0.0020545393,0.0010312995,0.011404814,0.002723258,0.0072289053
ed66az0,joy,joy,0.004715785,0.00040431097,0.0006629047,0.9648542,0.0009266013,0.028436325
ed67cm5,anger,anger,0.43004423,0.3369128,0.011927533,0.12956208,0.0711927,0.020360671
ed68etr,joy,joy,0.00072221336,0.00022155605,0.00034951526,0.99440056,0.00071219396,0.0035938905
ed69fi2,joy,joy,0.0025262746,0.0002783034,0.00027986226,0.99591655,0.0003668371,0.0006322131
ed69zd7,joy,joy,0.00040161176,0.0001438137,0.00033691828,0.9974842,0.0003123722,0.0013210379
ed6apxa,joy,joy,0.00044018595,0.00027836612,0.00031963442,0.9983121,0.00029218124,0.00035744993
ed6b9mv,joy,joy,0.00036774485,0.00022368814,0.000329554,0.9982091,0.00022292913,0.0006469693
ed6g1on,joy,anger,0.9867048,0.0045008683,0.0008576626,0.003595306,0.002787069,0.0015541775
ed6gn2w,joy,joy,0.00038744727,0.00018818249,0.00029600097,0.99838865,0.00023827686,0.00050154486
ed6gnl8,disgust,fear,0.115550786,0.26211882,0.5758524,0.018113589,0.013730683,0.014633769
ed6gocf,surprise,surprise,0.0150786145,0.0012030292,0.0012236581,0.009198782,0.0014555261,0.9718403
ed6gpgt,joy,joy,0.0012618441,0.00015980263,0.00017806234,0.9973412,0.0004331682,0.000625957
ed6h9fn,joy,joy,0.0005762671,0.0002327012,0.00034995578,0.9978715,0.00031787137,0.0006517124
ed6hlmd,anger,anger,0.5518578,0.0069997674,0.0034560158,0.033565607,0.27110773,0.13301305
ed6hytw,anger,anger,0.9865133,0.0028281012,0.00066607905,0.0063701067,0.0015288263,0.0020935985
ed6i2gp,joy,joy,0.00069054327,0.00013085469,0.0002559776,0.9971149,0.00031877408,0.0014888818
ed6ja83,joy,fear,0.002052753,0.0067696194,0.92134535,0.056572963,0.0031851956,0.010074171
ed6jwpf,joy,joy,0.0010051363,0.00018891344,0.00018432355,0.99673706,0.0009713369,0.00091324706
ed6kdr0,anger,anger,0.96815825,0.0015704698,0.00031933794,0.018927654,0.0047179265,0.0063064503
ed6kfll,joy,joy,0.0004445964,0.00020993156,0.0002985209,0.9982963,0.0002596785,0.00049102446
ed6m125,joy,joy,0.0005519606,0.00019347953,0.00024402767,0.998181,0.00022957404,0.0006000165
ed6mlpr,sadness,sadness,0.2522122,0.007511722,0.0014957332,0.020393018,0.7139529,0.0044344314
ed6myuv,joy,joy,0.00066348276,0.00016993364,0.0003443144,0.99393106,0.00044184885,0.004449397
ed6n0go,surprise,anger,0.6250054,0.29778424,0.005218708,0.008008661,0.0567596,0.0072233495
ed6o9ps,joy,joy,0.00054678106,0.0002983957,0.00041781185,0.9977805,0.00026366246,0.00069293944
ed6ofp9,anger,joy,0.093450084,0.009536004,0.004243259,0.69959146,0.18988541,0.0032938465
ed6p2ev,joy,joy,0.0005886796,0.0002122406,0.00034466348,0.9975248,0.00034316283,0.000986381
ed6p459,joy,joy,0.0006457598,0.00016421363,0.00024879776,0.99818474,0.0004061957,0.00035036457
ed6pccv,anger,anger,0.9853496,0.00455452,0.0006412944,0.0035398589,0.002606044,0.0033086257
ed6piv1,sadness,joy,0.0031121576,0.0005358797,0.0012502968,0.9741014,0.019620985,0.0013792237
ed6q139,sadness,fear,0.043590773,0.008205473,0.58480805,0.01831686,0.32877204,0.016306775
ed6r4ra,joy,joy,0.0031864748,0.00020864414,0.00046027786,0.9933832,0.0005084771,0.0022528293
ed6sg09,surprise,surprise,0.005166857,0.0016224572,0.002728669,0.15632284,0.08768178,0.74647737
ed6sjhu,joy,disgust,0.21682215,0.71578133,0.046146423,0.0064208372,0.007441347,0.0073879464
ed6sntb,sadness,joy,0.1166582,0.0023915397,0.003852977,0.7494843,0.118439384,0.009173594
ed6tkvs,joy,joy,0.0005117783,0.00017994472,0.00022891535,0.99723345,0.00028050962,0.0015654233
ed6tvzh,surprise,surprise,0.0022222854,0.00082986505,0.00086114573,0.0023952092,0.00051512924,0.9931764
ed6u0zm,anger,anger,0.9870035,0.003472079,0.00043732754,0.0034998467,0.0042457855,0.0013414326
ed6u5ps,joy,joy,0.00046920357,0.0001756091,0.00028316947,0.998323,0.00020247925,0.0005464925
ed6ue69,joy,joy,0.00030083134,0.00016134296,0.00025468165,0.9979091,0.0002403584,0.0011336373
ed6vb2n,joy,joy,0.00081874727,0.0003141695,0.00025476163,0.99756205,0.0001785688,0.0008716479
ed6vkjl,fear,fear,0.0072026956,0.07123159,0.9096729,0.003815604,0.0046107955,0.0034663596
ed6vr9q,joy,joy,0.001112678,0.0005352377,0.00040641185,0.9970368,0.0002389423,0.00066996535
ed6vvu7,joy,joy,0.00047220654,0.00020986135,0.00024745965,0.99799097,0.00026446334,0.0008150299
ed6xcdy,joy,joy,0.017227732,0.00084041967,0.00023336076,0.9797492,0.00089329376,0.0010559425
ed6xcwh,joy,joy,0.0007721199,0.00024269188,0.00021975141,0.9978186,0.00020765801,0.0007391925
ed6y43m,joy,joy,0.00036346453,0.00017994342,0.00032691428,0.9982425,0.0002822214,0.00060497486
ed6ymo0,joy,joy,0.0007735776,0.00025208126,0.00042361053,0.99580777,0.0003258427,0.0024170645
ed6yz6a,surprise,surprise,0.0030116949,0.0009616661,0.00060426875,0.009379345,0.0005715844,0.98547137
ed709l2,sadness,sadness,0.010999686,0.0021648523,0.006188869,0.09301824,0.8836351,0.003993231
ed70zli,joy,joy,0.0004246995,0.00015650598,0.00033917505,0.99788934,0.0007444033,0.00044592973
ed71hr7,joy,joy,0.00059234217,0.0003015483,0.0006517846,0.988648,0.009068121,0.00073820224
ed71xxs,joy,joy,0.019600272,0.0011366078,0.0013947283,0.87656957,0.014090625,0.0872082
ed71z4y,surprise,surprise,0.0033943225,0.00080328394,0.0011890737,0.0016115013,0.0009899104,0.99201185
ed71zss,joy,joy,0.0004332317,0.00018795679,0.0002939882,0.99816066,0.0002221869,0.0007019398
ed72vag,joy,joy,0.0014279193,0.0011184952,0.0009919383,0.97727114,0.0010321395,0.018158425
ed72vtx,surprise,surprise,0.101812355,0.00245085,0.0016987093,0.008452312,0.070184946,0.8154007
ed73gmb,joy,joy,0.0004751042,0.0003685138,0.0008969737,0.98416245,0.0019374938,0.012159565
ed741ul,joy,joy,0.0004752638,0.00025735397,0.00029847378,0.99835,0.00022043657,0.00039842163
ed744ld,sadness,joy,0.0019826994,0.00023059244,0.00056721,0.9870471,0.006864888,0.0033076126
ed74a8u,anger,surprise,0.0886994,0.0010708008,0.00088425825,0.016161896,0.0036342028,0.8895494
ed74bhn,anger,joy,0.08191533,0.0020407874,0.0019961798,0.9066115,0.005702499,0.0017337174
ed74czc,joy,joy,0.0007264182,0.00010801429,0.00026935144,0.99756193,0.00027944407,0.0010549359
ed74x62,sadness,sadness,0.0014340393,0.0009782604,0.0015152042,0.001863383,0.9885029,0.005706175
ed75l0w,joy,joy,0.00039925604,0.0002293851,0.00038767164,0.9981407,0.0001915921,0.0006513473
ed75r2m,joy,joy,0.0004540772,0.00021485398,0.00042003588,0.9982096,0.0003285237,0.00037289874
ed75vui,surprise,surprise,0.0045313346,0.001615946,0.00073076756,0.0013791391,0.00059510046,0.99114764
ed76wz1,anger,joy,0.0031336483,0.00056102447,0.002075123,0.9030267,0.009279255,0.08192415
ed77f9k,joy,joy,0.0010362763,0.00020472906,0.0002674049,0.9975777,0.00021183952,0.0007020466
ed77vm8,anger,anger,0.89503556,0.019375425,0.0038003582,0.017213032,0.060701136,0.0038745208
ed789j9,anger,joy,0.0008743955,0.00019048629,0.00034336126,0.9954927,0.0009440621,0.0021549847
ed79019,joy,joy,0.0014859382,0.0004696343,0.0003075823,0.99460465,0.00079441024,0.002337748
ed794co,anger,anger,0.9813674,0.004315145,0.003888259,0.003480741,0.0032622628,0.0036862749
ed79fb4,joy,joy,0.00039696426,0.00027715915,0.00046868887,0.9963515,0.000392682,0.0021130922
ed79hg8,joy,surprise,0.0017042211,0.0015896824,0.0035140847,0.041242763,0.0009149771,0.95103425
ed7a12w,joy,joy,0.00034627973,0.00019107168,0.0003553921,0.99803025,0.00035246403,0.00072452927
ed7a6r5,joy,anger,0.5622527,0.061326258,0.006972734,0.28630546,0.009954602,0.07318821
ed7a94a,joy,joy,0.00034874832,0.00016562788,0.0002814678,0.9984817,0.00029375538,0.0004287318
ed7b8h4,joy,joy,0.00033917665,0.00023508021,0.00038352612,0.99817383,0.00025820977,0.00061015884
ed7bo38,anger,joy,0.001570302,0.0002515259,0.00021547415,0.9966785,0.00051427685,0.00076992705
ed7bxkx,anger,anger,0.9805654,0.0033733211,0.00092075934,0.00471351,0.0044218143,0.006005102
ed7c5o9,joy,fear,0.09147984,0.1550736,0.5811368,0.040402643,0.12247207,0.009435066
ed7ccmu,sadness,sadness,0.011298237,0.010795648,0.0015370768,0.0019631342,0.97097945,0.0034265239
ed7cqqr,anger,anger,0.59319836,0.0021019087,0.0015072664,0.01561105,0.020276032,0.36730534
ed7dq81,joy,joy,0.0014527487,0.00025711555,0.0011151157,0.994659,0.0011043879,0.0014116873
ed7f11g,surprise,surprise,0.26991442,0.010307504,0.0017317478,0.005063552,0.060127575,0.6528553
ed7fgdc,anger,anger,0.9445632,0.0071877493,0.00080721336,0.0026697898,0.0034643149,0.041307785
ed7h6o8,joy,joy,0.00030239797,0.00023181057,0.00040567073,0.9983637,0.00026076115,0.00043571688
ed7hgxg,joy,joy,0.00065060705,0.0002854239,0.0008176398,0.99359024,0.002147844,0.0025082692
ed7hjbe,sadness,sadness,0.00093391666,0.001693558,0.001792459,0.0012174257,0.9925563,0.0018063919
ed7hzmm,joy,joy,0.00053087017,0.00025221068,0.000349343,0.99795085,0.00018211987,0.00073465845
ed7j709,sadness,sadness,0.13181172,0.008797183,0.0054084584,0.010186781,0.8281893,0.01560653
ed7jbsg,joy,joy,0.0006636034,0.00014338968,0.00040130917,0.99617213,0.00019718884,0.0024223514
ed7kff2,surprise,joy,0.00042568854,0.00029374886,0.0004238302,0.9959888,0.00032463323,0.0025433667
ed7nnzw,sadness,sadness,0.00078091974,0.0011094175,0.0016220987,0.0014426572,0.9935456,0.0014993243
ed7ocvn,joy,joy,0.00053335965,0.00030606048,0.0008216733,0.99749434,0.0003976588,0.00044691208
ed7oxbm,surprise,surprise,0.009832362,0.0012148323,0.0010158429,0.19895908,0.0014867468,0.7874911
ed7q8la,sadness,sadness,0.0055174604,0.001606652,0.0047281184,0.0028295543,0.982703,0.0026153417
ed7r36s,joy,anger,0.9750563,0.004442456,0.0008313595,0.009987922,0.0024546399,0.0072273477
ed7rdvg,surprise,joy,0.001103012,0.0010655603,0.001972383,0.8619659,0.00096245063,0.13293073
ed7ryas,joy,joy,0.00077658694,0.00034051723,0.00043488859,0.9963965,0.00025949843,0.0017920071
ed7t2oa,joy,joy,0.0005209701,0.00040529645,0.00047866392,0.9877507,0.00085472007,0.009989652
ed7t8y6,joy,joy,0.00078710594,0.0007243654,0.00069135585,0.99572855,0.000296903,0.001771676
ed7ty9p,joy,joy,0.0077815624,0.000494023,0.00032511918,0.98273003,0.0013485509,0.007320758
ed7u8eh,joy,joy,0.0004804803,0.00032632676,0.00032831394,0.9977817,0.00028220093,0.00080102665
ed7uezu,joy,joy,0.00067026727,0.00019892241,0.00037106933,0.9980837,0.0003166363,0.0003595135
ed7uin2,joy,joy,0.000552962,0.00033065255,0.00030735965,0.99772996,0.00019017007,0.0008888883
ed7uo1f,joy,joy,0.00047893616,0.00023006512,0.00029135647,0.99829394,0.00020944492,0.00049628475
ed7uq8z,anger,anger,0.9769528,0.012720855,0.003250572,0.0010959256,0.0014044498,0.004575441
ed7wam1,fear,fear,0.018345695,0.05936107,0.90762776,0.0024403075,0.0064210175,0.0058041574
ed7x09k,joy,joy,0.0064015044,0.0022721433,0.0011064267,0.9166279,0.0013931826,0.07219889
ed7x4yb,anger,joy,0.0049785483,0.0007700627,0.00062659284,0.9362577,0.0010619418,0.056305125
ed7xkbl,sadness,anger,0.9627784,0.0073023736,0.0006215485,0.003580034,0.022408389,0.0033093232
ed7y12p,joy,joy,0.001265946,0.0001663627,0.00038830916,0.9950659,0.00056944485,0.0025440534
ed7yjh3,joy,joy,0.0006288445,0.00031424747,0.00032223237,0.9980609,0.00030977582,0.00036405693
ed7ypvh,fear,anger,0.6396139,0.03831371,0.20083861,0.06579815,0.049123973,0.0063116015
ed7z0c6,anger,anger,0.96519643,0.01415435,0.00062243786,0.0122879,0.0058460888,0.0018927378
ed7zetw,joy,joy,0.00056716363,0.00016705616,0.0003033108,0.9963915,0.00029967536,0.0022713963
ed7zu10,anger,anger,0.35271746,0.007547615,0.0016321718,0.31224373,0.05561001,0.27024895
ed80fb1,joy,joy,0.00065362954,0.00037441222,0.00036222025,0.9979419,0.00026832268,0.00039950214
ed80lzq,joy,joy,0.0006678914,0.0002229346,0.00022329463,0.9980756,0.00039090586,0.00041930116
ed80m9m,joy,joy,0.0022641614,0.0007037717,0.00044241268,0.99517655,0.00044908124,0.0009639967
ed81d5a,surprise,surprise,0.15739219,0.0062918803,0.0019062895,0.0013754846,0.0034494014,0.8295847
ed81yq7,joy,joy,0.00034107885,0.00018251264,0.0003102656,0.9984345,0.0003369488,0.00039476872
ed844wg,anger,joy,0.32788303,0.0022454835,0.00078919186,0.61808574,0.0033919648,0.047604587
ed84apd,joy,joy,0.0005400134,0.00017448695,0.00034240074,0.9981812,0.00023248722,0.0005293147
ed873ai,surprise,surprise,0.003562793,0.00063433807,0.0013123074,0.012186345,0.0016281885,0.98067594
ed877yv,joy,joy,0.00057160284,0.00016378796,0.0003178242,0.99786526,0.00027357324,0.0008079267
ed87r4d,anger,anger,0.987405,0.0037488176,0.0003814324,0.0019079406,0.0013072903,0.00524951
ed89acy,joy,joy,0.08869147,0.05837645,0.0032200902,0.8310764,0.014308645,0.0043270714
ed8ale8,surprise,surprise,0.001163828,0.0013737245,0.0014169116,0.0033610177,0.0014101276,0.9912744
ed8apkj,disgust,anger,0.7651965,0.1563733,0.00668765,0.015134926,0.027804209,0.028803386
ed8b04a,joy,joy,0.002176012,0.000118485834,0.0005638262,0.9949108,0.00047733652,0.0017534944
ed8cbz8,surprise,surprise,0.0013960822,0.00092660537,0.0014532049,0.0015537956,0.0008497935,0.9938206
ed8ei53,joy,joy,0.00044296592,0.00019635173,0.00026512097,0.998431,0.000248361,0.00041619182
ed8ew98,joy,joy,0.00060308026,0.00015147228,0.00026180228,0.9968178,0.00022993075,0.0019359111
ed8ezqg,joy,joy,0.00035391038,0.00014187061,0.00029439759,0.99826545,0.0002662206,0.00067815196
ed8ffhv,surprise,surprise,0.005542565,0.0011070941,0.003708147,0.1773716,0.0026781063,0.8095925
ed8fyzg,joy,joy,0.00032627795,0.00013445265,0.00043618743,0.9977343,0.00050894415,0.0008597709
ed8g95h,joy,joy,0.00030176775,0.00024712502,0.00039444093,0.99806994,0.00024459933,0.0007421334
ed8h33q,joy,joy,0.0006358374,0.00015914712,0.00028758685,0.99814904,0.00021199763,0.00055642973
ed8h5h6,joy,joy,0.0016164355,0.0006409795,0.0006904906,0.9872563,0.00052332395,0.009272544
ed8hesy,joy,joy,0.0011764677,0.00077259896,0.00045079523,0.9941843,0.00036404835,0.0030518235
ed8hn3s,joy,joy,0.00035505017,0.00021681606,0.0003594537,0.99840504,0.0002923704,0.00037126598
ed8hpi6,joy,joy,0.0005752841,0.00021953839,0.00025812027,0.9983631,0.00023003388,0.0003540466
ed8hsvh,joy,joy,0.00035379492,0.00017107622,0.00044569356,0.9979417,0.00063800474,0.00044980194
ed8htw0,joy,joy,0.00040433978,0.00023523315,0.00063846295,0.99583864,0.0006944622,0.0021889205
ed8i1ws,joy,joy,0.00040062412,0.00020767936,0.00035374428,0.9982924,0.00024331381,0.00050227507
ed8i5qv,joy,joy,0.03286519,0.008916368,0.0008830981,0.94262064,0.006471565,0.008243183
ed8jhhu,joy,joy,0.00048824865,0.00018469988,0.00033474536,0.9982968,0.0002845893,0.0004108924
ed8kcno,joy,joy,0.0011759296,0.00020434028,0.00014747077,0.9972389,0.00030363825,0.0009297885
ed8kg4l,anger,anger,0.8653313,0.0020085084,0.002330116,0.023400357,0.01167637,0.09525341
ed8khhp,surprise,joy,0.07269411,0.005043634,0.007068956,0.6666597,0.025676053,0.22285756
ed8kp9u,surprise,surprise,0.0023599248,0.0008779276,0.0017890465,0.0010631513,0.0010617672,0.99284804
ed8kqr6,anger,anger,0.9799412,0.0055108923,0.0005437716,0.0025486418,0.0047497093,0.006705754
ed8lt42,joy,joy,0.00057905825,0.00024554253,0.00027060753,0.9983114,0.00021470117,0.0003786343
ed8m8b5,sadness,sadness,0.00085655134,0.0017037919,0.0017156898,0.0015687051,0.9931011,0.001054152
ed8mfs6,joy,joy,0.00037791533,0.00021440531,0.00036704043,0.99822,0.0002887093,0.0005319351
ed8mfz2,joy,surprise,0.0030647211,0.0018957539,0.0019432885,0.18878727,0.00086593366,0.803443
ed8mtit,joy,anger,0.9457143,0.0018531652,0.00050050946,0.04581347,0.0028649098,0.0032536348
ed8mur5,joy,fear,0.16619073,0.02509908,0.3540351,0.1862255,0.26193827,0.0065113376
ed8n4fx,anger,anger,0.96519244,0.007629899,0.0011445165,0.009301762,0.013098754,0.0036326693
ed8n5mi,joy,joy,0.0004822342,0.0002440808,0.00082397385,0.9974274,0.0003486588,0.00067361805
ed8niuw,joy,joy,0.0004906227,0.00024927533,0.00033197537,0.9981027,0.0002233124,0.0006021238
ed8o0za,sadness,sadness,0.019606587,0.0017424462,0.0022719454,0.10738053,0.8452056,0.023792898
ed8o616,joy,joy,0.0003762525,0.00016814507,0.000330785,0.99799734,0.0004504261,0.00067707687
ed8ogxv,surprise,surprise,0.044491995,0.0023326755,0.0008302065,0.0016812764,0.008577016,0.94208676
ed8orl0,anger,anger,0.79658854,0.014691258,0.0044173687,0.15980811,0.022318317,0.0021763244
ed8p8um,joy,joy,0.00031711804,0.00015045123,0.00028399128,0.9984332,0.00023375773,0.0005815201
ed8ph77,joy,joy,0.0004848268,0.00018789501,0.000238988,0.9982742,0.00039773143,0.00041644846
ed8prm1,joy,joy,0.0007201116,0.0003380128,0.00037820401,0.9968489,0.00050667964,0.0012081806
ed8q2c5,anger,anger,0.9628134,0.0018362738,0.0017301368,0.010785148,0.0052599018,0.017575242
ed8qc78,anger,anger,0.9824468,0.009985206,0.0011436474,0.0014016677,0.0029740648,0.0020486603
ed8r0aq,joy,joy,0.00036219662,0.0001676,0.00036117976,0.99830794,0.00030020595,0.00050089014
ed8rl4h,sadness,surprise,0.06267776,0.004246907,0.0015271835,0.0035681427,0.0755893,0.8523907
ed8sccd,joy,joy,0.00035229296,0.00024394105,0.0010059954,0.99659026,0.00077210134,0.0010354274
ed8t0es,sadness,sadness,0.0026240507,0.002622557,0.0016431378,0.033918206,0.94946194,0.009730113
ed8tiz9,joy,joy,0.006273473,0.001753692,0.0010096142,0.75734115,0.013324965,0.22029717
ed8tvqs,fear,joy,0.00082126213,0.0011913427,0.0040352754,0.9229411,0.0013212082,0.06968977
ed8uqdb,sadness,sadness,0.019747961,0.012917229,0.0121688405,0.0532503,0.8859177,0.015997875
ed8vsxg,anger,anger,0.98533696,0.007007107,0.0022804898,0.0024654504,0.0017589391,0.0011510459
ed8vtzw,surprise,surprise,0.12004082,0.0031007368,0.001068925,0.0028249738,0.0021754235,0.8707892
ed8wcui,surprise,surprise,0.23166391,0.0021537798,0.0013229075,0.0043164114,0.011594314,0.7489487
ed8wtld,joy,joy,0.00040622824,0.00017968292,0.0002641037,0.99818146,0.00017762647,0.0007909578
ed8xhhq,joy,joy,0.00057361176,0.00015232051,0.0002592179,0.99753064,0.00078232435,0.00070192805
ed8yud4,surprise,surprise,0.0014341248,0.0013918333,0.0025018903,0.023804149,0.009112618,0.96175534
ed8zubh,joy,joy,0.0003858651,0.00013799508,0.00040291305,0.9976299,0.0008850412,0.0005582854
ed8zwph,joy,joy,0.00039168008,0.00028039166,0.00049418374,0.99768424,0.00024333982,0.00090624986
ed906jd,joy,joy,0.0003045678,0.00028245576,0.0005322123,0.9976138,0.00030797784,0.0009589525
ed911wk,joy,joy,0.00033211728,0.00021509913,0.00035642606,0.99843985,0.00029342304,0.00036317357
ed931i6,anger,anger,0.72113955,0.013221811,0.010860496,0.020055832,0.19705145,0.037670877
ed93mwk,joy,joy,0.0007746635,0.00029107145,0.00025122627,0.9977817,0.0002560755,0.00064526487
ed93o2e,surprise,surprise,0.0033672415,0.0008613046,0.0007244444,0.00073705055,0.0009262202,0.9933837
ed93wm6,sadness,anger,0.96361923,0.016652228,0.0012503352,0.0014092206,0.015873937,0.0011949104
ed941zn,surprise,surprise,0.0015681947,0.00095502654,0.00094660046,0.0010723908,0.0006373997,0.99482036
ed9496a,joy,joy,0.00032866315,0.00021279627,0.0003047855,0.9983878,0.000285253,0.000480727
ed94hdl,anger,joy,0.0013133205,0.00022032029,0.00032114645,0.9971517,0.00030837112,0.0006852339
ed955ab,surprise,surprise,0.0023130958,0.0007792547,0.0005305821,0.005725759,0.00082107,0.9898302
ed95rgs,anger,anger,0.9687793,0.0031449199,0.0003120742,0.0129893785,0.0043092985,0.010465042
ed966f7,surprise,surprise,0.0057850163,0.0012065088,0.0007790205,0.012302172,0.005026768,0.9749005
ed97kbk,anger,anger,0.96843386,0.006259119,0.00063586043,0.001646642,0.0035263628,0.019498242
ed97nbc,surprise,surprise,0.014221448,0.0020696898,0.0027491997,0.3481807,0.017069235,0.61570966
ed98cxb,joy,joy,0.00053139287,0.00027462325,0.0002955212,0.9974141,0.0002628377,0.001221516
ed995t7,joy,joy,0.00035743188,0.00020373665,0.00033636173,0.9984664,0.00023809346,0.00039802183
ed99nmf,anger,anger,0.9835296,0.0033187969,0.0017148751,0.005901853,0.004529527,0.0010052922
ed9ats7,joy,joy,0.00068597076,0.00032534855,0.000241502,0.99787796,0.00033750464,0.00053172663
ed9b1j4,joy,joy,0.00069820916,0.00020318793,0.00023861541,0.99688894,0.00022100561,0.0017500683
ed9b3no,joy,joy,0.4583304,0.0030181063,0.0014991128,0.5209661,0.009563033,0.0066232905
ed9bbey,disgust,disgust,0.051574923,0.8915244,0.023991061,0.011505044,0.01662625,0.0047783474
ed9cu5k,sadness,sadness,0.2449393,0.1707424,0.0074929786,0.1360361,0.43480122,0.005987932
ed9ev0u,anger,anger,0.9455853,0.0025928388,0.0010202046,0.0024652886,0.006923389,0.04141285
ed9fyax,surprise,anger,0.9832254,0.002674227,0.0003301183,0.0027321011,0.0018625323,0.0091755735
ed9g2pm,joy,joy,0.000651702,0.0001773253,0.00027325144,0.9973494,0.0006818369,0.00086648815
ed9h5y9,joy,joy,0.00054606446,0.00017173996,0.00027777534,0.99540615,0.0005507037,0.0030475783
ed9hd7k,anger,anger,0.5038164,0.030014664,0.008107251,0.39209968,0.06266486,0.0032970752
ed9hm9b,joy,joy,0.0022683227,0.00035223452,0.0010121167,0.90213025,0.0019205867,0.092316434
ed9i7wi,sadness,sadness,0.010138606,0.0012518599,0.0023916592,0.41221407,0.43749326,0.13651055
ed9iha9,joy,joy,0.00076976465,0.00038259118,0.0025028163,0.99187696,0.0027896445,0.001678211
ed9jerd,joy,joy,0.0010413576,0.0002099034,0.00039779916,0.997442,0.0002426387,0.00066628004
ed9jw3c,surprise,surprise,0.0021113355,0.0008125334,0.0007412372,0.0010615935,0.00069200504,0.9945813
ed9ke46,surprise,surprise,0.006188781,0.0006551849,0.00061225303,0.0011270473,0.0012810581,0.9901356
ed9kf0i,joy,joy,0.00092860084,0.00014791229,0.0003174647,0.99753344,0.0005013558,0.00057116844
ed9klyx,surprise,joy,0.0029767272,0.000489296,0.0008128809,0.98233414,0.0005232471,0.012863779
ed9km8y,joy,surprise,0.0030150844,0.0013546934,0.0020389303,0.13249828,0.00084642065,0.86024654
ed9kmbb,joy,joy,0.044462644,0.00085549423,0.0007994387,0.9393383,0.0069239014,0.007620248
ed9lbup,joy,anger,0.7621948,0.13898167,0.0044273953,0.041147083,0.045344826,0.00790415
ed9lggf,joy,joy,0.00047054,0.0002122032,0.00022263192,0.9980883,0.00028776083,0.00071855023
ed9m8n5,joy,joy,0.0006119343,0.00020719334,0.00034472617,0.99796605,0.0002750788,0.0005949993
ed9ml2t,joy,joy,0.00047495958,0.00022770854,0.0002782209,0.9981358,0.00032101673,0.0005622771
ed9ms37,surprise,surprise,0.0016576145,0.0010992511,0.002586931,0.26162022,0.0047462247,0.7282898
ed9n50o,joy,joy,0.00033853578,0.00027818262,0.00047295922,0.9968629,0.00026772238,0.0017796508
ed9o8vj,joy,joy,0.00035577503,0.00021116981,0.00037887067,0.99818844,0.00022727405,0.00063841115
ed9oc3z,surprise,surprise,0.0036340626,0.0006345087,0.0007538719,0.001408081,0.00074829307,0.9928213
ed9pgsa,joy,joy,0.0005094938,0.00023233812,0.0003752158,0.997815,0.00045543228,0.0006124786
ed9pyix,joy,joy,0.0004494746,0.0002110331,0.00036284496,0.99325997,0.00053750246,0.005179111
ed9r9yl,joy,joy,0.0003876518,0.00021612605,0.0004078958,0.9981086,0.0002798712,0.0005999129
ed9rt68,joy,joy,0.002216384,0.00024777645,0.0003422222,0.99362373,0.00029270415,0.0032771623
ed9s32l,joy,joy,0.0028964952,0.0005236756,0.00046819588,0.98400104,0.00089468155,0.011215942
ed9s3f7,joy,joy,0.0004501432,0.00023391358,0.0003426619,0.9982817,0.00021039948,0.00048117357
ed9sdxg,joy,joy,0.000311709,0.00018887383,0.00032767668,0.9977653,0.0005198417,0.00088661147
ed9si6l,joy,joy,0.001486903,0.0003915753,0.00017668899,0.9962405,0.0005520931,0.0011522162
ed9srty,joy,joy,0.0003279706,0.00020762123,0.00035125963,0.99843365,0.00035393288,0.00032559247
ed9ubsp,joy,joy,0.0010344497,0.00023511544,0.00025290516,0.9968953,0.0002652426,0.0013168848
ed9ugmn,anger,anger,0.9680139,0.02468872,0.0015937665,0.002065355,0.002600966,0.0010373439
ed9uxds,anger,anger,0.9820002,0.0018601007,0.00033220302,0.006925743,0.0014633182,0.0074184663
ed9vovm,disgust,anger,0.40646714,0.2513504,0.0104903625,0.3011471,0.017029315,0.013515664
ed9vrk8,joy,joy,0.00056809216,0.0003907189,0.00036322617,0.9970823,0.0002587379,0.0013368761
ed9w48i,joy,joy,0.00034352916,0.00015878121,0.0003343899,0.998176,0.0004825275,0.000504866
ed9wh9d,joy,joy,0.00039725096,0.00021929778,0.00027709836,0.99826705,0.00026286487,0.00057641335
ed9xbtq,surprise,surprise,0.011748098,0.0008505332,0.000837255,0.008844027,0.008446554,0.96927357
ed9xzpd,joy,joy,0.00033981362,0.0001990073,0.00027160716,0.99808985,0.0003307125,0.0007690378
ed9y2xd,joy,joy,0.00075756153,0.0001565656,0.00024381251,0.9980373,0.00020710895,0.00059771456
ed9y743,joy,joy,0.0040860544,0.00020055445,0.00037049255,0.99352705,0.0004953315,0.0013205205
ed9yqux,surprise,surprise,0.012798708,0.0010897565,0.0007397969,0.0010865073,0.0010300295,0.98325527
ed9z6gf,surprise,anger,0.93760455,0.002072275,0.0008323745,0.019040214,0.014668112,0.025782539
ed9zj2k,joy,joy,0.00057390967,0.00018218557,0.00022969351,0.99838424,0.00024894503,0.00038105663
ed9zrnh,anger,anger,0.93470615,0.0066340277,0.0012747127,0.021805046,0.030607348,0.00497263
eda256p,joy,joy,0.0007226109,0.0001637575,0.00021402638,0.9981527,0.0003216841,0.00042519724
eda2azi,sadness,anger,0.92277783,0.034049507,0.001131754,0.011219178,0.028601056,0.0022206984
eda2ojj,joy,joy,0.001075637,0.0005228844,0.00032968062,0.9970074,0.0004672699,0.0005970224
eda2ot2,joy,joy,0.00039907257,0.00020661707,0.00027946918,0.99826545,0.00022865128,0.0006207483
eda2pct,joy,joy,0.00030088116,0.00015459408,0.00026101177,0.99828774,0.00028776482,0.0007079571
eda39j9,joy,joy,0.0005110446,0.00022252233,0.00035477534,0.9981851,0.00019896824,0.00052759313
eda3f69,surprise,surprise,0.0047847545,0.0008242976,0.0007298653,0.05381186,0.0018730293,0.9379762
eda3ivp,anger,surprise,0.14884575,0.0014065547,0.0026989218,0.15881173,0.016859738,0.67137736
eda41eh,joy,joy,0.00034402934,0.00013412986,0.0002755378,0.9982299,0.00034871494,0.0006677001
eda51nn,joy,joy,0.00055359094,0.00027843498,0.0004965725,0.9923286,0.0003700866,0.0059727468
eda54wt,joy,joy,0.0005582093,0.00029371885,0.00030907814,0.9974402,0.00037295706,0.0010257576
eda58jj,surprise,surprise,0.019834552,0.0007924525,0.000537689,0.012255948,0.0014216667,0.9651577
eda5ytx,joy,joy,0.00037579823,0.00019735454,0.0003001796,0.9980357,0.0007557416,0.0003352347
eda6bx8,joy,joy,0.0004761213,0.00020218891,0.0002937203,0.99816066,0.00022210831,0.0006452853
eda6snp,sadness,sadness,0.004555172,0.017295154,0.0056693107,0.005059234,0.9635402,0.003880977
eda6xsa,joy,joy,0.00025051206,0.00020289677,0.00045779912,0.99745995,0.00075785076,0.0008710286
eda726z,joy,joy,0.00032081758,0.00031274097,0.000398005,0.99758613,0.00036294866,0.0010192519
eda83rh,surprise,surprise,0.0033589473,0.00078371156,0.0005131497,0.0016960748,0.0007706465,0.9928774
eda86hg,joy,joy,0.0004197198,0.0001270131,0.00023361706,0.99849105,0.0002958617,0.00043281648
eda9bvr,surprise,surprise,0.0069175977,0.0010575711,0.0011288662,0.0072917487,0.0030727175,0.9805315
eda9v6q,joy,joy,0.00040735092,0.00017848848,0.00073882256,0.9973435,0.0006855762,0.00064631854
edaa1n4,sadness,anger,0.7117678,0.008420696,0.0010185529,0.10452639,0.1695098,0.0047567626
edaa2w7,surprise,surprise,0.024182005,0.0016275126,0.00058400864,0.0010079603,0.0017556228,0.9708429
edaal52,joy,joy,0.0017786489,0.0003089371,0.00019681314,0.99682057,0.00040857887,0.00048641211
edab1l1,anger,anger,0.9784798,0.0036496087,0.00092354836,0.0034672143,0.0051090713,0.00837063
edab2jq,joy,joy,0.003934196,0.0012998513,0.00090097083,0.9290111,0.0008640284,0.06398974
edabj2w,joy,joy,0.0013163151,0.00031252482,0.0002480836,0.99647266,0.00060145184,0.001048967
edabzrb,joy,joy,0.0002882745,0.00020208214,0.00031136005,0.99842536,0.00038650545,0.00038644575
edae6y4,anger,anger,0.8578404,0.009984641,0.0008482975,0.1202717,0.0036750922,0.0073798886
edafaik,joy,anger,0.98493356,0.0061365967,0.0021522108,0.004155603,0.0014857061,0.001136364
edafzwe,anger,anger,0.9825681,0.011619546,0.0012470216,0.0018540589,0.0014892606,0.0012221092
edagyiv,joy,joy,0.0007270893,0.0004591701,0.0006981579,0.9970144,0.0004903322,0.0006108429
edaik69,surprise,surprise,0.0025787903,0.0045029707,0.0030739561,0.0018468685,0.016212434,0.97178507
edaime1,joy,joy,0.0004141199,0.00026245633,0.0003176209,0.9983765,0.00025414204,0.00037506106
edajjew,joy,joy,0.00036211312,0.00023418319,0.0003851119,0.9968754,0.00053778087,0.0016054013
edajs63,anger,anger,0.94447255,0.004150674,0.00050347246,0.009059398,0.030690474,0.011123418
edakdb8,joy,joy,0.00086507696,0.0003822189,0.0007900689,0.98973733,0.007180495,0.0010448007
edamq25,joy,joy,0.00072418473,0.00052247173,0.00050884055,0.9959551,0.00020454563,0.002084953
edan1sb,joy,joy,0.0006641311,0.00024521886,0.00034594547,0.99772793,0.00024015231,0.00077658636
edao8me,joy,joy,0.019338673,0.01116887,0.001311127,0.9547808,0.0060227723,0.007377664
edaoqie,sadness,sadness,0.004897176,0.0039436677,0.05878999,0.006090395,0.9209932,0.0052855215
edap1i5,joy,surprise,0.0016424698,0.0011534786,0.0023482316,0.36317796,0.0017163473,0.62996155
edapdmw,surprise,surprise,0.0027293197,0.0006382344,0.0016649333,0.0028537866,0.0041778535,0.9879359
edaq4ff,fear,sadness,0.03958591,0.002395868,0.00245344,0.030743536,0.74337673,0.18144447
edar33i,anger,sadness,0.23887418,0.16963258,0.009440324,0.031349484,0.5448873,0.0058160597
edar45c,sadness,sadness,0.0010214892,0.0012702743,0.0012891103,0.0016965959,0.9939083,0.0008143369
edar4o7,surprise,surprise,0.004335786,0.00080888666,0.0006937774,0.0012310527,0.0020016022,0.9909288
edarwx8,anger,anger,0.91736835,0.0034881656,0.0013371436,0.068394415,0.0030913888,0.006320563
edashqi,joy,joy,0.00034581253,0.00022480829,0.00037502512,0.9983499,0.00023851132,0.0004659387
edat48r,sadness,sadness,0.4637691,0.0105952425,0.0024714908,0.020067373,0.48203504,0.021061692
edatjcr,surprise,surprise,0.0023752216,0.0010799881,0.00061835704,0.0022157389,0.00054365763,0.993167
edauvy5,anger,anger,0.7173037,0.121623956,0.024903208,0.099069335,0.029896878,0.0072029345
edav9d9,joy,joy,0.0002931575,0.00019562033,0.00031908735,0.9982967,0.00022201425,0.0006734978
edavrol,joy,joy,0.00026387713,0.00018162161,0.00042883694,0.99816626,0.00022815044,0.0007313211
eday23l,anger,sadness,0.3994636,0.009866839,0.0065327194,0.03295497,0.5376231,0.013558699
edaya61,anger,anger,0.8619575,0.004513774,0.0015803254,0.12434487,0.00460142,0.003002134
edaz1g3,joy,joy,0.00030049306,0.00019656625,0.000288639,0.99838066,0.0003594386,0.00047415544
edb1zj4,joy,joy,0.00036035475,0.00023132475,0.00035169272,0.99771947,0.0004226284,0.00091447984
edb70zl,sadness,joy,0.0074756183,0.0012357944,0.00060295506,0.982698,0.0038410148,0.004146635
edb79g1,anger,anger,0.97623944,0.01602998,0.0010122142,0.0021268122,0.0031818552,0.0014096914
edb7t2l,joy,joy,0.0003450265,0.00019064688,0.00040359944,0.99724066,0.0002687178,0.001551248
edb8u2w,anger,anger,0.9862773,0.0057272906,0.0017810069,0.0017672061,0.0017841725,0.0026630731
edb9gtq,joy,joy,0.00087312376,0.00020940186,0.0007825015,0.9969823,0.00044864224,0.0007040503
edb9itc,joy,joy,0.0006819585,0.00018464612,0.0002902513,0.99821293,0.00024682243,0.0003833998
edb9r1a,joy,joy,0.0003292295,0.00017396692,0.00029245045,0.99683064,0.0016247265,0.00074893923
edbbcwm,joy,joy,0.00090523635,0.0012413482,0.0017751282,0.9947929,0.00040083192,0.000884577
edbcwv1,joy,joy,0.00051427976,0.00027346995,0.0004125908,0.9979139,0.00023512123,0.00065067003
edbd221,anger,sadness,0.344283,0.0036522741,0.005008872,0.035461277,0.5854257,0.026168788
edbdtxe,joy,joy,0.13038237,0.0010168141,0.0044474285,0.8495521,0.0047481214,0.009853191
edbdz7v,joy,joy,0.0013664644,0.0012746752,0.001940031,0.9420201,0.00071860326,0.05268019
edbejsy,anger,anger,0.96355295,0.007157144,0.0007108362,0.006874122,0.019001603,0.002703494
edbfjia,joy,joy,0.0009688658,0.0005298446,0.0003819503,0.9912287,0.0009368985,0.0059537133
edbfmjb,sadness,fear,0.008294469,0.010512374,0.9402038,0.025386054,0.012591471,0.0030118627
edbge0l,joy,joy,0.003097811,0.0006390826,0.0007399043,0.98035103,0.00094124145,0.014230943
edbgx3y,anger,anger,0.7723538,0.10401401,0.0031733266,0.024601439,0.07169329,0.024164096
edbgxqd,joy,joy,0.06479345,0.0028888183,0.04089319,0.6138721,0.09250159,0.18505083
edbhh6v,joy,joy,0.00046484143,0.00016739318,0.0003127931,0.99826825,0.00035295213,0.00043370193
edbhu6h,anger,anger,0.88723856,0.02981609,0.0015440539,0.040057056,0.03788827,0.0034559548
edbllbi,joy,joy,0.00091319764,0.00043549255,0.0003880261,0.99577063,0.0005446625,0.0019479914
edbmho6,anger,anger,0.98466116,0.007960857,0.00090467517,0.0015686625,0.0035144666,0.0013902239
edbmm0k,sadness,joy,0.00033704203,0.00013667456,0.00030048552,0.9982498,0.00041828115,0.0005577284
edbn9nu,anger,disgust,0.22080056,0.4581199,0.2749532,0.006613402,0.032815203,0.0066977204
edbnkc6,joy,joy,0.0021047946,0.0019990944,0.003220678,0.6696077,0.0011633384,0.32190442
edbnuka,joy,joy,0.0004567111,0.00023716601,0.00034874247,0.99794036,0.00055209786,0.00046495296
edbpaxt,sadness,sadness,0.0056137517,0.0015657288,0.0012714035,0.0064689196,0.97314376,0.011936443
edbpgjv,joy,joy,0.3906971,0.002617342,0.0011763221,0.46256807,0.010809971,0.1321312
edbpk9y,joy,joy,0.00025780027,0.00024323387,0.0004031694,0.9978758,0.00039196623,0.0008280432
edbq7pd,joy,joy,0.046800997,0.0006420439,0.0017036173,0.79638004,0.005542889,0.14893048
edbqjyw,surprise,surprise,0.0040108147,0.00063230476,0.00047387343,0.004261466,0.0011182198,0.9895034
edbqp80,joy,joy,0.00041150814,0.00018169053,0.00023901748,0.9983602,0.00022410808,0.0005834718
edbqx0i,anger,anger,0.98790956,0.0061047734,0.0011842444,0.0015441749,0.0017672961,0.0014898954
edbr8rd,joy,joy,0.000585211,0.00045536004,0.00034455428,0.9973895,0.00031428595,0.0009111483
edbrmlc,joy,joy,0.000363725,0.00019369993,0.00028074582,0.99832076,0.00031655905,0.00052452006
edbu073,anger,anger,0.98499227,0.00757769,0.0016184248,0.0018274924,0.0019616426,0.002022544
edbufq5,sadness,sadness,0.0010478853,0.0016266892,0.0014253923,0.0026990687,0.9923006,0.0009002029
edbuowp,sadness,anger,0.62200856,0.012004899,0.0027688702,0.111187845,0.24212745,0.009902296
edbvgm2,joy,joy,0.0004726083,0.00020913008,0.00033230815,0.99775296,0.00076859683,0.00046442874
edbvlh5,sadness,joy,0.0010166481,0.0003255608,0.00041154717,0.9850855,0.012063979,0.0010967233
edbvliu,joy,joy,0.0008683805,0.00026918185,0.0002143732,0.99774605,0.00025637815,0.0006455893
edbwmfa,joy,joy,0.0005052526,0.00023122998,0.00025856995,0.99827075,0.00028393182,0.00045032374
edbwtuu,joy,joy,0.0020383552,0.00048208932,0.00047219577,0.9923603,0.0003313876,0.0043157185
edbykpq,joy,joy,0.00043755205,0.00020280013,0.00027257073,0.99828064,0.0002778187,0.0005285506
edbzhwh,sadness,anger,0.9855419,0.002163826,0.0010427374,0.0052891234,0.001509936,0.004452546
edc1215,joy,joy,0.00037588694,0.00015851161,0.0001951445,0.99798477,0.000310388,0.0009752221
edc1r3d,anger,anger,0.961119,0.006610917,0.0033294032,0.012124686,0.0019481311,0.014867926
edc1xaw,joy,joy,0.005090765,0.0008301301,0.0016809293,0.9607934,0.0011480704,0.030456688
edc2p93,joy,joy,0.00029176899,0.00016178793,0.00033472572,0.9983364,0.00030192517,0.0005734097
edc4l2f,surprise,anger,0.44264627,0.053585924,0.004047052,0.04734313,0.3680212,0.08435645
edc4vte,surprise,surprise,0.0020075522,0.0010829571,0.0011610034,0.0016589055,0.000541633,0.9935481
edc5lfp,joy,anger,0.35715425,0.009326193,0.0035665117,0.30921078,0.2361279,0.08461437
edc5wcw,joy,joy,0.00084750843,0.00018159799,0.00025603338,0.98895967,0.0010619042,0.008693284
edc7phi,joy,joy,0.0006003252,0.00019289962,0.00028820214,0.99816424,0.0003395548,0.0004147758
edc7r5w,joy,joy,0.0005926688,0.00037926744,0.00048792883,0.9909271,0.00041798435,0.00719506
edc7szw,joy,joy,0.00060688873,0.00019046557,0.00024954465,0.9967685,0.0003685793,0.0018161176
edc7t96,anger,joy,0.47807014,0.0031403673,0.004869066,0.4924118,0.0023726076,0.01913606
edc8dxx,surprise,surprise,0.070053056,0.0011172214,0.000641243,0.006081125,0.001404058,0.92070323
edc8h9v,joy,joy,0.0018387662,0.00024607472,0.0013025382,0.99520713,0.00056319387,0.0008423324
edc8jzv,anger,anger,0.9340937,0.031133382,0.002293837,0.0049362755,0.02543562,0.0021071546
edc9w60,sadness,fear,0.24677761,0.10937143,0.57884294,0.007312042,0.05147999,0.0062159253
edcc281,joy,joy,0.00031290768,0.00030111414,0.00043328374,0.99797505,0.00033565835,0.0006419774
edcc3yp,anger,disgust,0.3344871,0.5826376,0.055973753,0.0032337513,0.011611325,0.012056504
edcckl2,joy,joy,0.0005429603,0.0002244593,0.00038033936,0.99516064,0.00035139464,0.0033402648
edcdg0g,joy,joy,0.0006209976,0.00024349017,0.0002938041,0.9981741,0.00034267726,0.0003248956
edcdo40,joy,joy,0.00034481855,0.00014762722,0.0003133541,0.9984977,0.0002486084,0.00044786723
edcdu9q,joy,anger,0.70861465,0.0057007517,0.0012238614,0.26283765,0.015159874,0.0064632357
edcdy5e,surprise,anger,0.9199362,0.0024723727,0.000703098,0.006165451,0.0040130606,0.06670987
edcg9gt,sadness,sadness,0.0039311983,0.0015904121,0.0010814707,0.002006619,0.9819105,0.009479772
edcgi09,joy,joy,0.0030230659,0.0011017742,0.007578675,0.8953291,0.09074633,0.00222103
edcgrvs,joy,joy,0.0003271187,0.00021275425,0.00037793067,0.9983839,0.00032114243,0.00037718622
edcgwf4,anger,anger,0.96715677,0.0067000557,0.0009010624,0.0013810612,0.001165481,0.022695588
edchv04,surprise,surprise,0.001872148,0.0017883099,0.0036647657,0.0015818749,0.0126783075,0.9784147
edci7fb,joy,joy,0.0012025565,0.00020437455,0.00028849454,0.9973882,0.0001948951,0.0007215295
edcjks9,sadness,sadness,0.0006748871,0.0012084618,0.0017826582,0.0035134405,0.991557,0.0012635257
edcki0k,joy,joy,0.0012698803,0.00017333707,0.00045210888,0.9971993,0.0004252905,0.00048008218
edclh5n,joy,anger,0.43820092,0.09934944,0.0029277317,0.42711386,0.02317318,0.009234811
edcmilh,fear,fear,0.030534381,0.0798301,0.87315875,0.0025606928,0.010070081,0.0038460519
edcmyxk,anger,sadness,0.090016924,0.089672364,0.0044913325,0.006563665,0.79820746,0.01104816
edcn2ku,joy,joy,0.0003348567,0.00021749256,0.0003740871,0.9981343,0.00026683093,0.0006724183
edcn59s,surprise,surprise,0.0137091195,0.0010111223,0.0005721859,0.0031734556,0.00149031,0.98004377
edcnd0l,joy,joy,0.00039503045,0.00032515783,0.00036034192,0.9976325,0.00021363678,0.0010733254
edcnevu,joy,joy,0.00041152255,0.000265223,0.00027856324,0.9978917,0.00028244933,0.00087061775
edcnjr2,joy,joy,0.0004666614,0.00032033827,0.0004056238,0.989553,0.00025901388,0.00899543
edcnjz9,joy,joy,0.00034931712,0.00020485112,0.00029701274,0.998321,0.0003042421,0.00052362384
edcnlhd,anger,surprise,0.0054663625,0.0014651648,0.0029207058,0.0018782362,0.008119976,0.98014945
edcnsgk,joy,joy,0.0002869519,0.00024811766,0.00044747046,0.9980361,0.00030164965,0.0006797299
edco2wn,joy,joy,0.02712536,0.0010153179,0.0005240753,0.96519655,0.0039397916,0.0021988552
edcpgii,joy,joy,0.00042688978,0.00018545431,0.0003184585,0.99837327,0.00030382193,0.00039217883
edcpjhn,anger,anger,0.98937726,0.0046805316,0.0011674395,0.0021554965,0.0011611194,0.0014582428
edcqdln,joy,joy,0.0004129123,0.00018150348,0.00032111738,0.998324,0.00035620635,0.0004042626
edcqwf9,anger,anger,0.98737097,0.007385869,0.0011628587,0.001494284,0.0009994799,0.0015865196
edcrstd,surprise,surprise,0.014151252,0.00072534534,0.0005592086,0.007189382,0.0022113705,0.9751634
edct2hw,joy,joy,0.00075806596,0.000187376,0.00030066932,0.99774843,0.0002807811,0.0007246698
edctc89,sadness,sadness,0.0007572691,0.0012694916,0.0015372823,0.002589458,0.9921216,0.001724894
edcthwi,joy,joy,0.00041671755,0.00018759545,0.00030615545,0.99815696,0.00037051874,0.0005619848
edcuj07,joy,joy,0.0009343867,0.00028303784,0.00030232788,0.99763155,0.00029244187,0.00055627205
edcv0tl,joy,joy,0.0029145505,0.00029353527,0.00026968616,0.99517053,0.0002343081,0.0011173534
edcxg8l,joy,joy,0.0006235994,0.000106574844,0.00019302279,0.99670535,0.00080853555,0.0015628728
edcy5cv,anger,anger,0.8302845,0.115833804,0.00363649,0.014677448,0.03268123,0.0028865747
edcz3qi,joy,joy,0.00031027806,0.00018879157,0.00033910322,0.9985013,0.00024853085,0.00041197977
edd0336,joy,joy,0.007055286,0.00071251683,0.0003017396,0.98770833,0.0029087046,0.0013133623
edd0e85,joy,joy,0.0006261239,0.0002775155,0.0005073796,0.9966702,0.0003855053,0.0015332726
edd0f8h,surprise,surprise,0.004112954,0.0011368967,0.0021625946,0.4522359,0.008199337,0.5321523
edd20ec,joy,joy,0.0005636269,0.00018346056,0.00060949655,0.99741226,0.00046523058,0.0007659059
edd20sn,anger,anger,0.98890173,0.004853291,0.0007804283,0.0018287346,0.0023823166,0.0012534834
edd27sn,surprise,surprise,0.0012821573,0.0009872679,0.0010596897,0.0014629136,0.0007781885,0.99442977
edd2nfs,anger,joy,0.09028483,0.005022226,0.006379566,0.54903567,0.13971609,0.20956165
edd2r53,joy,joy,0.00030442112,0.00014862526,0.00023927921,0.99837697,0.0002863827,0.0006442392
edd3p8l,joy,joy,0.00038276924,0.00014427697,0.00068403577,0.9931874,0.0023662064,0.0032352204
edd42cu,anger,anger,0.99062765,0.0025011518,0.0005950248,0.002064654,0.0018013435,0.0024101262
edd4bg5,sadness,sadness,0.01507426,0.0010850527,0.0053936862,0.04303071,0.8947777,0.040638667
edd51ul,anger,anger,0.8026501,0.0017522286,0.0009621092,0.014633496,0.016047701,0.16395435
edd55xz,joy,joy,0.00050645997,0.000198386,0.00030185498,0.9981071,0.0004820373,0.00040411155
edd56ey,joy,joy,0.00060602004,0.00038406186,0.00039377843,0.99790984,0.00028039087,0.00042583144
edd5ag7,surprise,surprise,0.0028673767,0.00059426425,0.00083723775,0.0034886221,0.0010273844,0.9911851
edd5x5d,anger,anger,0.9809264,0.013110744,0.0015752545,0.001849517,0.0014294243,0.0011086169
edd64fu,anger,surprise,0.2750029,0.017055985,0.001987232,0.0022018773,0.0053162016,0.6984358
edd64rq,joy,joy,0.00024670508,0.00023397742,0.00038206673,0.99826473,0.00029209326,0.00058041944
edd659r,joy,joy,0.0009110653,0.00047480108,0.0005238568,0.99370277,0.00054814725,0.0038393897
edd6khg,joy,joy,0.00033619985,0.00012765254,0.00026290803,0.9982691,0.00038162962,0.00062252616
edd6xle,anger,anger,0.98905724,0.0022336487,0.00042709464,0.0035286678,0.002730148,0.0020231497
edd6yyi,anger,anger,0.777866,0.013292306,0.07113014,0.093179904,0.012721028,0.031810623
edd87ln,joy,joy,0.0012347716,0.00017738454,0.0003623058,0.9962716,0.00032763736,0.0016263385
edd8fvi,joy,joy,0.0005096561,0.0001911613,0.00029976797,0.998287,0.0003858807,0.00032655525
edd9dlm,anger,anger,0.98616934,0.007748593,0.0006898304,0.0018640977,0.0017450295,0.0017829965
eddasw8,joy,joy,0.0007544327,0.0002768161,0.00026986885,0.99765354,0.00023781843,0.0008076324
eddb7zr,anger,anger,0.8891996,0.028642332,0.0023566163,0.06755316,0.0027552003,0.009493116
eddbgmp,surprise,surprise,0.004331767,0.000774587,0.000983191,0.0016815924,0.0014261905,0.99080265
eddc65g,joy,joy,0.00039485085,0.0002312279,0.00035967096,0.99836177,0.00022886465,0.00042362703
eddccdj,surprise,joy,0.0007771786,0.00020190331,0.00033479824,0.9974239,0.0003203475,0.0009419799
eddce0u,joy,anger,0.94236934,0.0036793964,0.004008252,0.014419205,0.03203546,0.0034883264
eddcfwf,surprise,joy,0.11460214,0.0018835259,0.01480197,0.702846,0.026123185,0.13974315
eddcyu6,joy,joy,0.00042907597,0.00021241947,0.00031553482,0.99828833,0.00019475425,0.00055988727
edddtgj,joy,joy,0.00030230626,0.00019455841,0.0004691678,0.99819607,0.00043791303,0.00040008035
eddeiv6,fear,fear,0.0022706743,0.008085441,0.6008532,0.2574036,0.12818977,0.0031972483
eddez5c,joy,joy,0.00048028879,0.00016569742,0.00024195622,0.9983228,0.00029577716,0.0004934895
eddhg5e,joy,joy,0.0011996577,0.0008326187,0.001535296,0.97184235,0.0004272124,0.024162868
eddi3zv,joy,joy,0.00038535727,0.00024344682,0.00033959368,0.9957023,0.00025028753,0.003079021
eddj00m,anger,anger,0.9820015,0.008288189,0.00059641735,0.0015851322,0.0038495152,0.0036792583
eddjchm,joy,joy,0.0006654997,0.00041445895,0.00043369154,0.99550927,0.00031705384,0.002660036
eddjzwg,joy,anger,0.5129164,0.005296287,0.00086771674,0.43404558,0.0050969445,0.041777134
eddkv4t,anger,anger,0.98874426,0.0028497414,0.0011702752,0.003337357,0.0024617538,0.0014365913
eddlk54,sadness,sadness,0.00085305516,0.0013545838,0.0015281207,0.0046133436,0.98935807,0.0022927255
eddmarb,joy,anger,0.45264378,0.0030752763,0.0010915383,0.34117568,0.0025765565,0.19943717
eddpkdx,surprise,surprise,0.00803276,0.0008185722,0.0009279597,0.0017126146,0.001458147,0.98705
eddq2w7,joy,joy,0.0007315683,0.00016841137,0.00021228105,0.99767786,0.0007005947,0.00050926785
eddqfdt,joy,joy,0.00027979937,0.00018535701,0.00027168033,0.9984236,0.00025900322,0.0005805697
eddqse0,joy,joy,0.0004171677,0.0002569721,0.00034387878,0.9983032,0.00030032796,0.00037845445
edduvvs,surprise,surprise,0.0017510223,0.0013437883,0.0012325151,0.0012247046,0.00067353225,0.9937744
eddwh01,anger,anger,0.988493,0.0046505476,0.0010756716,0.0017546405,0.0024230753,0.0016031106
eddwkww,joy,joy,0.00045237766,0.00022832937,0.0005154489,0.9911005,0.0003495077,0.0073537994
eddy8b9,surprise,anger,0.991396,0.0035767003,0.0008585808,0.0016401865,0.0011365657,0.0013919207
eddyk9g,joy,joy,0.0005623852,0.00037747502,0.00045667755,0.99758923,0.00027580748,0.0007385459
eddym58,joy,joy,0.00049922144,0.00018001166,0.00035674905,0.99822015,0.00020468906,0.00053915964
ede19cv,joy,joy,0.00034692168,0.00020800774,0.00028291938,0.9982664,0.00025283187,0.0006430134
ede21ud,joy,joy,0.031662144,0.0013519106,0.001294514,0.92465836,0.019252265,0.021780869
ede3mj6,anger,disgust,0.29963583,0.33805928,0.013814505,0.24885917,0.06823115,0.031400062
ede3upa,joy,joy,0.0015959352,0.0004755748,0.00026219228,0.9965364,0.00027750683,0.00085249817
ede4d2y,joy,joy,0.0002645184,0.00018036866,0.00034329825,0.9979522,0.0008556411,0.00040390535
ede4oi0,anger,joy,0.41923362,0.0038635614,0.00078754744,0.5596888,0.010068862,0.00635765
ede50kr,joy,joy,0.20178401,0.006332733,0.0039523174,0.4078077,0.005429443,0.37469372
ede5fb8,surprise,joy,0.0004045646,0.0004331566,0.0019299899,0.9792519,0.0020149522,0.015965434
ede5wu5,joy,joy,0.0007145374,0.0006434965,0.0005314462,0.9931284,0.0003321537,0.0046499535
ede62zq,joy,joy,0.00041131355,0.00018376231,0.00031711243,0.9983156,0.00020550884,0.00056675804
ede81cn,sadness,sadness,0.00094695325,0.0010606566,0.001764284,0.0048709493,0.9902671,0.0010900487
ede8zm7,anger,anger,0.97407115,0.0067108716,0.0006763831,0.011648785,0.00434762,0.002545258
edea6k4,joy,joy,0.019676974,0.00038877685,0.00040538236,0.9509967,0.0037380925,0.024793992
edeay8d,surprise,joy,0.00069935824,0.0012178712,0.003365584,0.9480667,0.0017624219,0.044888087
edeaytu,joy,joy,0.00028768062,0.00020771804,0.00046589266,0.9974476,0.0010902835,0.0005008624
edebeqy,joy,joy,0.00048258193,0.00025211222,0.0002913401,0.99831414,0.00020701828,0.0004527337
edebk6q,joy,joy,0.00070824294,0.0002231218,0.00022885954,0.9970958,0.00033566947,0.0014082387
edecp1l,joy,joy,0.00031077044,0.00018907656,0.00037582373,0.99826485,0.00027384597,0.00058566144
ededf3o,surprise,surprise,0.0020399818,0.0008413594,0.0006479856,0.0030110918,0.0007425515,0.992717
ededg37,anger,anger,0.9775713,0.0021280083,0.00081914914,0.0151910065,0.0013450646,0.0029454643
ededips,sadness,sadness,0.0036602165,0.0041262265,0.0013397238,0.002066193,0.9874817,0.001325929
edeelro,joy,joy,0.0006618389,0.00029587754,0.00039558447,0.9974947,0.0004481954,0.0007038154
edefusp,joy,joy,0.0009302668,0.00030882773,0.00022841847,0.9977285,0.00020601321,0.00059797405
edefxih,joy,joy,0.00032572926,0.00018743181,0.0002419668,0.99766976,0.0003543503,0.0012207278
edefxlz,joy,joy,0.0004912166,0.00013946807,0.00033956073,0.9971727,0.00029579364,0.0015612438
edeg0l3,fear,fear,0.00996342,0.012039523,0.9545192,0.0017190358,0.0152045125,0.0065541924
edegxpq,joy,joy,0.0016080403,0.00038518617,0.00039437288,0.99255884,0.0005324656,0.0045210654
edeh53r,joy,joy,0.0029229736,0.00024464095,0.0003021356,0.99544865,0.00034227438,0.0007393116
edehf77,sadness,sadness,0.004720555,0.0037662238,0.0015820349,0.00490953,0.98074085,0.004280655
edej4mu,joy,joy,0.00034697005,0.00019493376,0.0003954547,0.99838936,0.00024106161,0.00043231636
edeju5w,joy,joy,0.0003122396,0.00016892259,0.0004066814,0.9980216,0.000506116,0.00058441784
edeliqn,anger,disgust,0.2887479,0.610786,0.063767694,0.0109885605,0.020796679,0.0049131373
edell8j,joy,joy,0.00034602065,0.00017196882,0.00032695377,0.99838984,0.00026059942,0.0005046502
edeltfq,anger,anger,0.98476636,0.003067181,0.0003392003,0.0047517074,0.0029662065,0.004109484
edem5pi,joy,joy,0.000363738,0.00020267477,0.0002779596,0.9984079,0.0002843353,0.00046336715
edem6q7,sadness,sadness,0.0019342018,0.0025569415,0.0074829105,0.004197378,0.9831459,0.0006827626
edenhjs,anger,joy,0.06769329,0.0018079791,0.00042383868,0.9272169,0.00094623386,0.0019118314
edenjpu,surprise,surprise,0.011148974,0.0014198378,0.0005677263,0.019076033,0.0012033585,0.96658415
edeo0a6,joy,joy,0.0005738735,0.0001918899,0.00041146931,0.9872694,0.0005237633,0.011029583
edeoclu,joy,joy,0.00043845107,0.00017992493,0.00026343088,0.99825794,0.00018423372,0.00067603245
edeocxq,sadness,sadness,0.018308403,0.0033720778,0.0018736392,0.0018390843,0.9707709,0.0038359996
edep9au,joy,joy,0.00045391286,0.00014133687,0.00017758616,0.9982071,0.0003799522,0.0006400733
edepc9e,joy,joy,0.00042011004,0.00014561886,0.00026155886,0.99841964,0.00028803817,0.00046502345
edesq5w,joy,joy,0.0004948514,0.00037774805,0.0020428093,0.97339535,0.0040705423,0.019618671
edetqot,sadness,sadness,0.13096693,0.0033478732,0.0038461236,0.02659645,0.6085443,0.22669828
edeusbs,surprise,joy,0.0010636954,0.00027640266,0.0004443864,0.99309945,0.0011595801,0.00395652
edevom9,joy,joy,0.00036107423,0.00021049178,0.0003680003,0.9983253,0.00027579968,0.00045926461
edevq1p,joy,anger,0.9419176,0.0022938298,0.001867442,0.043493018,0.0036828096,0.006745323
edewq12,anger,anger,0.9168561,0.001864999,0.0007274007,0.06669792,0.005342453,0.008511118
edewtac,joy,joy,0.0005287507,0.0002677605,0.00035329862,0.9960866,0.00028636298,0.0024772254
edexh8p,disgust,disgust,0.3555178,0.4041118,0.0143193025,0.17831413,0.041919824,0.005817112
edexigy,joy,joy,0.00042308532,0.00017734442,0.0003805684,0.99655557,0.001871568,0.00059184356
edexmhx,surprise,surprise,0.0027148803,0.0011733663,0.0012632122,0.0010184025,0.00055785547,0.99327224
edexv40,joy,joy,0.0006536702,0.00029288876,0.00026969312,0.9979247,0.00033150273,0.00052760064
edeycxv,joy,joy,0.00036537644,0.00027758518,0.00036732003,0.99831235,0.00023465857,0.0004427705
edeyrtv,anger,anger,0.97546947,0.0057628294,0.002192625,0.0023719156,0.011508992,0.0026942294
edezugn,joy,joy,0.36487976,0.0061548655,0.012253843,0.47408345,0.13610323,0.006524892
edf126f,surprise,surprise,0.0021048978,0.0008242498,0.0012020033,0.005624577,0.006119836,0.98412436
edf23dn,joy,joy,0.0005639355,0.000255531,0.00037772997,0.997778,0.00016439379,0.00086044316
edf26o3,joy,anger,0.6958626,0.018787323,0.0048828595,0.26232097,0.0014831149,0.016663132
edf2dv9,surprise,surprise,0.002797811,0.000873965,0.0007058791,0.0011825225,0.0007026827,0.9937371
edf2v09,surprise,surprise,0.112498626,0.0021797684,0.0006797891,0.002420444,0.0020460482,0.88017535
edf65ig,joy,joy,0.0011485323,0.00078180153,0.001841909,0.98674995,0.0008867166,0.008591029
edf676x,joy,joy,0.002045993,0.00037464953,0.00028806468,0.9960996,0.0004656954,0.0007259492
edf6ni8,sadness,anger,0.97380537,0.015274781,0.0011003811,0.0016254012,0.006470312,0.0017237399
edf7i0v,joy,joy,0.00035997474,0.0001676612,0.00024991622,0.99847823,0.00032028664,0.0004239121
edf7i59,joy,joy,0.00066879136,0.00016398967,0.0002622055,0.9978771,0.00017062783,0.00085724855
edf7o1s,joy,joy,0.00028520604,0.00015990892,0.00042786662,0.9982768,0.0004140803,0.0004360757
edf7x51,anger,sadness,0.2692045,0.008840434,0.006656857,0.0034219602,0.69645274,0.015423556
edf8dxu,joy,joy,0.00065921765,0.00022785425,0.00046175905,0.9970606,0.0006116637,0.0009788855
edf9c2m,joy,joy,0.0013593938,0.0003442602,0.00074302923,0.9747502,0.00046075234,0.02234232
edf9gty,joy,joy,0.0006724871,0.0001759248,0.0002662721,0.9974964,0.0003582273,0.0010306404
edf9lg8,joy,joy,0.00032816883,0.00019280001,0.0003107579,0.9984817,0.00030385956,0.00038269523
edfa4pc,anger,anger,0.86420375,0.027742382,0.0013732194,0.028550439,0.0757352,0.002395153
edfbb1u,sadness,sadness,0.0006340212,0.0012278896,0.0020132624,0.0027525448,0.9923012,0.0010710856
edfcf4j,joy,joy,0.014361356,0.0012570878,0.0009657454,0.8156653,0.0017983337,0.16595218
edfd0ij,anger,surprise,0.16635297,0.0053199544,0.0017674814,0.0037622864,0.008866692,0.8139306
edfdx5a,joy,joy,0.0010433919,0.00017344565,0.0002706328,0.99776495,0.00036069233,0.00038688592
edfe140,joy,joy,0.00079568237,0.00029955426,0.00030711718,0.99798644,0.00023534604,0.00037578327
edfeudx,joy,joy,0.00044852126,0.00022808807,0.00023454352,0.99783057,0.0006211757,0.00063706463
edff8hv,joy,joy,0.0003807893,0.00029116662,0.00041773796,0.99806505,0.0002138662,0.0006314299
edffd44,joy,joy,0.00041808994,0.00014616597,0.00028106116,0.997804,0.00024429566,0.0011063109
edffl55,sadness,anger,0.9700528,0.0036702254,0.00060257537,0.002948423,0.018865684,0.0038603751
edfgzjv,joy,joy,0.037038554,0.0031355177,0.0022469554,0.8170276,0.12924467,0.011306632
edfhc9p,joy,joy,0.0018488519,0.0004984153,0.0005697546,0.9820317,0.00048857636,0.014562761
edfi9s7,anger,anger,0.98902684,0.0030246356,0.00082875567,0.0028991068,0.0018567177,0.002363983
edfiux4,anger,anger,0.5811869,0.039682884,0.002029715,0.06736465,0.0985813,0.21115458
edfiw7l,joy,joy,0.00038615605,0.00030395747,0.0004072101,0.9965257,0.00047476153,0.0019021955
edfj7my,surprise,surprise,0.034543034,0.00091937196,0.001774287,0.00763831,0.0037626333,0.95136225
edfkdv6,anger,surprise,0.11635317,0.004794508,0.00584157,0.036930263,0.032011062,0.80406934
edfkpmn,joy,joy,0.00090890785,0.00013175636,0.00027236942,0.99565494,0.0013917468,0.0016403624
edfldgc,joy,joy,0.0005458801,0.00014887676,0.00023919427,0.9978713,0.00028158186,0.0009131372
edflt4d,joy,joy,0.00096373167,0.00018861941,0.00080972817,0.99510694,0.00032047444,0.002610463
edflyvv,anger,anger,0.49729195,0.003959384,0.0023273642,0.009950876,0.21659374,0.26987675
edfm62i,surprise,anger,0.6019682,0.0069767265,0.004492576,0.0028194734,0.012462791,0.37128022
edfmaua,joy,joy,0.00046130436,0.00021306121,0.00047335125,0.99799806,0.00029857576,0.00055562134
edfmfw1,sadness,anger,0.643746,0.27545276,0.005288058,0.035762966,0.034964982,0.0047852527
edfmndg,sadness,sadness,0.047307897,0.01859193,0.057344187,0.04221727,0.78042275,0.054116037
edfn283,joy,joy,0.0004290871,0.00017126679,0.00031393688,0.99789065,0.00019902851,0.0009960498
edfn2ec,joy,joy,0.00067293015,0.00022627013,0.00051926496,0.996637,0.00026372875,0.0016808492
edfob24,joy,joy,0.0005320097,0.00015999332,0.00020862727,0.9982772,0.00031459174,0.00050767814
edfoexi,anger,anger,0.9874636,0.0045267013,0.0011922522,0.0021892954,0.00236009,0.0022681304
edfp0f0,joy,anger,0.58868545,0.0026626657,0.0030159901,0.39926413,0.0031182454,0.0032534956
edfpd3t,joy,joy,0.00044198867,0.00017515743,0.00038318604,0.99707043,0.0002651913,0.0016639446
edfpp7p,joy,joy,0.00051423506,0.00016166971,0.00047900426,0.99792373,0.0003744695,0.00054686266
edfquym,joy,joy,0.018801637,0.0017963245,0.0003745874,0.9766108,0.0013119187,0.0011047263
edfr7yy,joy,joy,0.0005538817,0.00029777014,0.00028691,0.9981511,0.00021253616,0.0004978277
edfroi0,surprise,surprise,0.11656194,0.0016811775,0.0022131153,0.28848076,0.048411045,0.54265195
edfs2jn,sadness,sadness,0.0023238154,0.0026669835,0.0013723003,0.0017620658,0.99116266,0.0007122748
edfsnyt,joy,joy,0.00038765316,0.00032230452,0.00039120455,0.99795604,0.00032946697,0.00061337184
edfstnz,joy,joy,0.00035946787,0.00017316506,0.0003894622,0.9981839,0.00035089508,0.000543108
edft99z,anger,surprise,0.042484663,0.0023976343,0.0032314614,0.006981544,0.07198679,0.8729179
edfth7l,surprise,surprise,0.104482174,0.0032448352,0.0008713336,0.0033948533,0.005400665,0.8826061
edftikh,joy,joy,0.0005694901,0.0001910893,0.00030951938,0.99823844,0.0002981966,0.0003931468
edftorz,joy,joy,0.00025364265,0.00020810441,0.00066304684,0.99708766,0.00043109912,0.0013564359
edfup7i,anger,anger,0.98662055,0.004392901,0.00088971556,0.003451691,0.0032405045,0.0014046495
edfvqyv,joy,joy,0.0009469031,0.0001677192,0.00020265768,0.99779165,0.00032640752,0.0005646182
edfwc30,anger,anger,0.9885416,0.003939716,0.0005716301,0.004199513,0.0008766127,0.0018709108
edfwjqh,joy,joy,0.0042883353,0.00037078556,0.00024969093,0.9916952,0.00028508255,0.003110904
edfx4xw,sadness,sadness,0.02115831,0.010840202,0.0034674634,0.004240764,0.955718,0.0045753634
edfx74n,surprise,surprise,0.007325384,0.0009020603,0.0005082601,0.00090316427,0.0012360844,0.989125
edfxln7,anger,surprise,0.03371932,0.00844154,0.021022758,0.4195618,0.032019444,0.48523518
edfye8k,joy,joy,0.02307717,0.035814706,0.025918422,0.8408426,0.07047913,0.00386806
edfyqp0,joy,joy,0.0004681227,0.00033506623,0.0003923228,0.9975561,0.00023123219,0.0010171777
edfzex9,joy,joy,0.00050602324,0.00015556157,0.00029601983,0.9980563,0.00024399115,0.0007421261
edfzqo4,surprise,surprise,0.0018286424,0.0012134943,0.000938998,0.019341245,0.00070276577,0.9759748
edfzwvy,joy,joy,0.00065430795,0.00015952704,0.00028089632,0.9980684,0.00024704405,0.00058984925
edfzymx,anger,anger,0.89427966,0.02841633,0.011889974,0.051558066,0.011970277,0.0018857218
edg02o2,disgust,anger,0.7952212,0.011804829,0.0019143311,0.006380176,0.18029346,0.0043859966
edg03ai,joy,anger,0.81987494,0.0072256955,0.0014691588,0.15946876,0.009588275,0.0023731166
edg0kxt,surprise,surprise,0.0035104293,0.0013654993,0.0015942351,0.0036611392,0.04876789,0.9411008
edg13ui,joy,surprise,0.004236587,0.0010597464,0.000700739,0.024197873,0.00092193356,0.96888304
edg24r6,joy,joy,0.0009675002,0.00022095078,0.00045818958,0.9956868,0.00034505,0.0023214424
edg3po0,joy,joy,0.00037431155,0.00020729646,0.00031281792,0.9984475,0.0002538503,0.0004042501
edg4bmm,anger,anger,0.98508286,0.0065117916,0.00070180686,0.001539062,0.004553904,0.0016106213
edg5m8h,joy,joy,0.0004908396,0.00018290732,0.00035564185,0.9979195,0.0002840664,0.00076709455
edg70z1,sadness,anger,0.97598445,0.006486727,0.0058902707,0.0045173243,0.005601917,0.0015193006
edg7ifc,surprise,surprise,0.002535812,0.000856496,0.0009896867,0.019425308,0.005197758,0.97099495
edg7kgm,anger,anger,0.6721539,0.27944335,0.035747297,0.0046079895,0.0043985806,0.0036489847
edg7lov,joy,joy,0.009485026,0.00058081275,0.0007218446,0.9632906,0.009293572,0.016628237
edg7mbr,joy,joy,0.00048051786,0.00015518712,0.00024642618,0.99842656,0.0002843688,0.0004069417
edg7nk9,surprise,surprise,0.008078233,0.0012960332,0.00085115415,0.0050009126,0.00080054323,0.98397315
edg91z0,joy,joy,0.00033191557,0.00019429732,0.00032046804,0.9982541,0.0002514927,0.0006476411
edga1d6,joy,joy,0.01857959,0.0006134559,0.0023857309,0.93493104,0.015683375,0.027806822
edga65y,joy,joy,0.00039814966,0.00018429919,0.00031073054,0.9982023,0.00022466813,0.0006798338
edga87b,surprise,anger,0.9186769,0.0021325154,0.0005734392,0.0070760404,0.0026183336,0.06892279
edgap30,sadness,surprise,0.022434514,0.0011583915,0.0017063683,0.022285543,0.08554985,0.86686534
edgasry,sadness,sadness,0.0014746862,0.0012721146,0.0007401728,0.002225388,0.9922387,0.0020490116
edgd5wy,joy,joy,0.00047133424,0.00022671798,0.00027925748,0.99838674,0.00022690659,0.0004090224
edgdc1b,joy,joy,0.00079674384,0.00018759775,0.0002007527,0.9978732,0.00049928424,0.00044240925
edgerhy,joy,joy,0.00044647063,0.00017871015,0.00044651536,0.997988,0.00024934486,0.00069092645
edgg70a,joy,joy,0.00036087845,0.00025229188,0.0003699849,0.99825126,0.00030369818,0.00046179735
edggs7b,anger,anger,0.9891128,0.0025266006,0.0011761198,0.0025040128,0.0024061468,0.0022743442
edghau2,anger,anger,0.98394924,0.008476192,0.0007294283,0.0035557144,0.0019639218,0.0013254677
edghj1x,joy,joy,0.00042514384,0.00020631313,0.00028756264,0.9978422,0.00024890742,0.0009898276
edghuxg,joy,joy,0.00050330366,0.00025099574,0.00042662944,0.997724,0.00022787262,0.00086716417
edghy34,joy,joy,0.12183319,0.0024428267,0.0008240705,0.86599505,0.002281693,0.006623263
edgi36m,joy,joy,0.00038121713,0.000306897,0.00040603735,0.99807394,0.00021799687,0.0006138587
edgivzd,joy,joy,0.00033192156,0.00023477043,0.00036781857,0.9983083,0.0002234726,0.00053360953
edgjgey,joy,joy,0.0011632759,0.00018021576,0.00019477648,0.9964066,0.0003207339,0.0017344294
edgjsvn,anger,anger,0.9292149,0.048355803,0.0031949468,0.014324762,0.0032104107,0.0016992071
edgk101,joy,surprise,0.10232165,0.0017767538,0.0043657566,0.3014199,0.0042538475,0.5858621
edgm4sg,joy,joy,0.00041893657,0.00028449617,0.00032519535,0.99824727,0.00018935112,0.00053483126
edgnzhp,joy,joy,0.00094261864,0.0006961652,0.0013065827,0.9563016,0.0004961599,0.04025688
edgoiy9,surprise,surprise,0.0063529266,0.0012081022,0.00056357693,0.0008671166,0.0007248105,0.9902834
edgoryw,joy,joy,0.0010120891,0.00035167614,0.0002903702,0.997493,0.00029101112,0.0005617494
edgowfl,joy,joy,0.0003738,0.00020261208,0.0003037602,0.9975975,0.00022331157,0.0012990838
edgp3eg,anger,anger,0.9739429,0.006946003,0.00061718136,0.0010592631,0.0013572961,0.016077355
edgptyk,surprise,surprise,0.10440474,0.0010238702,0.001641543,0.012686797,0.012497577,0.86774546
edgr9zl,sadness,surprise,0.002111031,0.0012276506,0.003337084,0.020065779,0.060149007,0.91310936
edgt44o,joy,joy,0.00024851013,0.00023023487,0.00044319007,0.997357,0.00027065712,0.001450407
edguwq0,surprise,surprise,0.0024451234,0.0013812766,0.00084673957,0.0009372767,0.0005758004,0.9938139
edgvbhp,joy,joy,0.006357798,0.0007785559,0.00034240566,0.99116135,0.0004688194,0.00089114846
edgvfe2,joy,joy,0.0111773815,0.014149749,0.047866564,0.6244272,0.086148165,0.21623097
edgvrkv,joy,joy,0.00055555085,0.00023108137,0.0003154787,0.9981565,0.00021719644,0.0005241817
edgvuon,joy,joy,0.0010457479,0.0007371884,0.0010411213,0.9877045,0.0008268576,0.008644568
edgyr8b,joy,joy,0.0005232123,0.0002588376,0.00058719923,0.99506843,0.00029569262,0.0032666437
edgz9hc,joy,sadness,0.0009014571,0.0013762488,0.0053040097,0.0057330495,0.9850307,0.0016546063
edgzqj6,joy,joy,0.0005933499,0.0002341542,0.00034028097,0.98875576,0.00043253062,0.009643822
edh01jk,joy,joy,0.0003330361,0.00017666475,0.0002997778,0.99816555,0.00043953073,0.00058545213
edh0xyq,sadness,sadness,0.0033051742,0.007321491,0.003717176,0.0035939259,0.9809729,0.0010892325
edh1ren,joy,joy,0.0013284542,0.00026612382,0.00026660928,0.9974031,0.00027139953,0.00046421916
edh1tcy,sadness,sadness,0.08080506,0.0029500294,0.003752268,0.013940062,0.73413455,0.16441812
edh24wa,joy,anger,0.70566976,0.0030210793,0.00072191964,0.23682806,0.040175714,0.013583475
edh2ahx,joy,surprise,0.0045502307,0.0023807015,0.0019891069,0.3775447,0.0023586438,0.6111766
edh2epm,anger,anger,0.9645014,0.0031681033,0.0038400588,0.008415856,0.010614342,0.00946027
edh3cjc,joy,surprise,0.0031406048,0.0006389891,0.0012654773,0.034152236,0.0013270666,0.95947564
edh3o5p,surprise,surprise,0.02017288,0.0036449493,0.005842236,0.012045126,0.28218535,0.6761094
edh4c40,joy,joy,0.00044234557,0.00020647947,0.00031116963,0.99836963,0.00022509291,0.00044519166
edh4gcq,surprise,surprise,0.026587982,0.001256712,0.0006003234,0.0020704893,0.0026671307,0.9668173
edh4tki,joy,surprise,0.017872162,0.0069788597,0.013410347,0.061554294,0.35884026,0.54134405
edh54jm,joy,joy,0.00033925634,0.00018761585,0.00028888826,0.9984836,0.00029504884,0.00040557227
edh5uhe,surprise,surprise,0.0024348872,0.0013014431,0.00165599,0.005426422,0.0017827773,0.9873984
edh5xcp,joy,joy,0.0008733099,0.00012076216,0.0002683007,0.9973598,0.0006298,0.0007480095
edh6x1f,surprise,surprise,0.002125493,0.0006766388,0.0009490081,0.00097483763,0.0009359093,0.9943382
edh82ah,sadness,sadness,0.0036376005,0.0026135643,0.0008162837,0.001675233,0.9901584,0.0010987923
edh83j2,joy,joy,0.00039181462,0.00013935212,0.00022960057,0.9983772,0.0003437282,0.0005183275
edh8mlc,joy,joy,0.00033248714,0.00017749396,0.00045048274,0.9947266,0.0003512503,0.0039616628
edh91tz,anger,anger,0.9692926,0.011551553,0.00076689164,0.011708346,0.0042761625,0.0024045224
edhaa07,joy,joy,0.0012176969,0.00022350771,0.00028484233,0.99569243,0.00030956577,0.0022719358
edhagu4,joy,surprise,0.007761598,0.0011625476,0.006990632,0.0288828,0.0017666719,0.95343584
edhb5of,joy,joy,0.00031604103,0.00025516356,0.0004129077,0.998173,0.00024575306,0.00059721264
edhbgyt,joy,joy,0.0003603153,0.00020926695,0.00030956863,0.9978404,0.00019927337,0.0010811078
edhcrx9,disgust,joy,0.27265248,0.0068871845,0.0022179794,0.703151,0.011697019,0.0033943516
edhd1sj,joy,joy,0.0022824495,0.00014950788,0.00020683387,0.994783,0.0004482523,0.0021299548
edhdwzk,surprise,surprise,0.024151295,0.002174199,0.0011075706,0.0025500217,0.005931862,0.96408504
edhdxb4,joy,joy,0.0007512,0.00020519165,0.0005154411,0.99706846,0.0009937349,0.00046599258
edhf54v,anger,anger,0.9436515,0.021045709,0.00073856127,0.016214093,0.015369682,0.0029805277
edhf6yu,joy,joy,0.0010080972,0.00016899365,0.0002344294,0.99753344,0.0003095271,0.0007454199
edhfkdx,anger,anger,0.9746576,0.019231865,0.0016409939,0.0010618243,0.0017608729,0.001646805
edhfmdy,anger,joy,0.316927,0.0015974856,0.0012718296,0.6702542,0.0037721216,0.0061773914
edhh5gt,joy,joy,0.13394384,0.002465027,0.0021243214,0.82073903,0.011732188,0.028995514
edhhpxx,joy,joy,0.0003984563,0.00020540596,0.00038564464,0.99645495,0.00073425396,0.001821356
edhihxg,joy,joy,0.00036393132,0.00016958523,0.0002759616,0.9981694,0.0006709116,0.00035018395
edhiq2o,anger,anger,0.4937913,0.18644463,0.0073407637,0.024914065,0.28241077,0.005098472
edhit18,anger,anger,0.9730853,0.0077389944,0.0008016416,0.0030460318,0.012088548,0.0032394994
edhj7d4,joy,joy,0.0012890201,0.00020325191,0.00019490908,0.9974968,0.00035361107,0.0004624263
edhkcqg,anger,anger,0.9878512,0.006069707,0.00065335725,0.0009848579,0.0023006415,0.0021402535
edhls6r,surprise,surprise,0.06590775,0.0016842746,0.0012069999,0.07134142,0.0031852426,0.85667425
edhmbq6,joy,joy,0.0090467725,0.0007769508,0.003299565,0.75522935,0.002625503,0.22902182
edhmoqp,joy,joy,0.00054608134,0.00018776329,0.00028366718,0.9983491,0.00023560632,0.00039773603
edhnoy8,joy,joy,0.00047569416,0.00024321626,0.00028962444,0.9979207,0.0003388002,0.0007320136
edhpief,joy,joy,0.00036939984,0.00016674363,0.0002870981,0.9977022,0.0004126929,0.0010619096
edhpq1z,anger,anger,0.971972,0.0079049105,0.00047012072,0.014392417,0.002468038,0.002792649
edhqn8q,anger,anger,0.98314166,0.005364155,0.0009190441,0.0064126556,0.0012592484,0.0029032787
edhqxzf,joy,sadness,0.0008236413,0.0010537944,0.002103273,0.004837424,0.9902354,0.00094648637
edhr49o,joy,joy,0.00040283616,0.00023328156,0.00036862137,0.9978363,0.00027024178,0.00088878855
edhrir1,joy,joy,0.0004961083,0.00023739472,0.0003194867,0.9979182,0.00017643058,0.0008524392
edhsf75,surprise,joy,0.0075000073,0.0011609836,0.004163153,0.822769,0.0063244114,0.1580824
edhtstd,surprise,surprise,0.0071397,0.0009875983,0.0012483711,0.0011592165,0.0018002663,0.9876649
edhtwzd,joy,joy,0.007480753,0.0003697586,0.00025139065,0.9903983,0.0008663665,0.0006334206
edhwxqa,joy,joy,0.0021970947,0.0004100654,0.0062758136,0.9853234,0.0032662165,0.002527318
edhxuqe,joy,joy,0.0007024805,0.00086752366,0.0023311537,0.9828865,0.0010494835,0.01216282
edhy4sg,joy,joy,0.0027223562,0.00037608395,0.0019822654,0.97437423,0.0056863986,0.014858594
edhyi5p,joy,joy,0.003577846,0.00045312158,0.00025140983,0.9946531,0.00059322035,0.000471291
edhzmix,joy,joy,0.00042499026,0.00034784136,0.00041666528,0.9978162,0.00024118852,0.0007531639
edi09hy,joy,joy,0.0003962197,0.00021479673,0.00028882487,0.99846256,0.0002152167,0.00042233535
edi0iyi,anger,anger,0.9841249,0.01046541,0.0009366779,0.0017985341,0.0011310558,0.0015434221
edi0t2i,joy,joy,0.00028274502,0.00019245564,0.00030970178,0.99819356,0.00037219794,0.0006492504
edi0t9d,joy,joy,0.005424276,0.00039699726,0.0002985895,0.990739,0.0006560092,0.0024851712
edi17ys,joy,joy,0.00038820054,0.0002121865,0.00033436457,0.9983925,0.00022630754,0.00044636632
edi2ths,joy,joy,0.00045057668,0.0001730797,0.0002460573,0.9983248,0.00022823326,0.0005772405
edi2z3y,joy,joy,0.0046487716,0.0005839633,0.0016312118,0.9387997,0.050843365,0.0034930336
edi44ur,anger,anger,0.98526174,0.006373351,0.0011675382,0.0013369872,0.0010600048,0.0048003164
edi490t,joy,joy,0.00045906234,0.0002206646,0.0004951307,0.9978275,0.000351506,0.000646071
edi4u1a,anger,anger,0.9257107,0.0047249477,0.00062486005,0.030726114,0.017933706,0.020279713
edi6zsf,joy,joy,0.000307147,0.00016326137,0.00038425688,0.9972414,0.0003329385,0.0015709461
edi7fz7,anger,surprise,0.07686409,0.0024199835,0.0014294122,0.019036977,0.0019706842,0.8982789
edi7jzq,anger,anger,0.945562,0.0024718004,0.00056319486,0.0069642654,0.0060253995,0.038413424
edi7x05,joy,joy,0.0018581888,0.00025776136,0.00020316707,0.9960169,0.0009810956,0.00068281504
edi8dji,joy,joy,0.00036290032,0.00018635942,0.0003553587,0.99843246,0.00022491976,0.00043802554
edi8fjs,joy,joy,0.00036864288,0.0002432389,0.0002900464,0.9982181,0.0004634581,0.00041651403
edi9cu5,sadness,joy,0.0010821226,0.00022689225,0.00019007271,0.99712104,0.00057618966,0.000803627
edibner,surprise,anger,0.92245823,0.0050362004,0.0008903684,0.0017723191,0.002406041,0.06743685
edic2l9,joy,sadness,0.009611068,0.0011965429,0.002956861,0.009677395,0.9304979,0.046060175
edidmwy,joy,joy,0.00048109886,0.0006875041,0.0012175301,0.98947936,0.00035673945,0.0077778194
edieomi,joy,joy,0.0003000985,0.00014286271,0.00037482777,0.9983038,0.00044191166,0.00043647693
edieuq5,anger,anger,0.5752087,0.011676772,0.0045550815,0.0095842155,0.38355753,0.015417615
edif41t,joy,joy,0.023414116,0.0041168756,0.0011894088,0.6136064,0.003020782,0.3546524
edife3u,sadness,sadness,0.050947342,0.011229784,0.25675666,0.0046699448,0.67257917,0.0038171215
edig746,joy,joy,0.0005193721,0.00022003199,0.00029704874,0.9984059,0.00020876741,0.00034889983
edigfv6,joy,joy,0.0010765502,0.00040743843,0.00045462922,0.99489224,0.00047242412,0.0026967404
edih1gx,surprise,surprise,0.0018962608,0.0010101568,0.00072003633,0.0013764326,0.00061404554,0.994383
edihdga,joy,surprise,0.0017046217,0.0017250441,0.0025635788,0.40282565,0.0016363494,0.5895447
edihorn,sadness,surprise,0.014289626,0.0017180904,0.0019738676,0.0050225877,0.12700933,0.84998655
edij5ok,anger,anger,0.6647368,0.14946847,0.0040392736,0.036435105,0.106231,0.03908937
edik18f,joy,joy,0.00038484007,0.0001418374,0.00024754604,0.99840206,0.00026919242,0.00055459345
edikrgp,surprise,surprise,0.0091649275,0.0010115537,0.00246968,0.0026475138,0.0030533667,0.98165303
edil7de,joy,joy,0.0005386118,0.0001561918,0.0002802536,0.99819297,0.00023062155,0.0006013564
edim0uu,anger,anger,0.98362076,0.0019632718,0.0009759935,0.005669912,0.0033033437,0.0044666966
edimfkd,sadness,joy,0.0017319351,0.002125941,0.0017675705,0.9663322,0.017673211,0.010369154
edimnt2,joy,joy,0.0004424896,0.00021176325,0.0002672398,0.9983109,0.00023390727,0.0005336547
edir95s,joy,joy,0.00054766925,0.00017419354,0.00030746945,0.998095,0.00050852785,0.00036720396
edis2h9,joy,joy,0.00037657976,0.00017008497,0.00030194767,0.9985097,0.00028633175,0.00035528996
edit49m,joy,joy,0.0004258607,0.00016629935,0.0005515653,0.9966145,0.00022527612,0.0020165532
editctb,joy,joy,0.0010321486,0.0001995385,0.00034314266,0.9935883,0.0002969556,0.0045398604
editpz7,surprise,surprise,0.011195133,0.00095713726,0.0010125738,0.1644772,0.0023463655,0.8200117
editrq6,surprise,surprise,0.005127829,0.0011030082,0.00071949494,0.0031170715,0.00051231636,0.9894203
editx38,joy,joy,0.00030442482,0.00014460324,0.00029571616,0.9984654,0.00030619046,0.0004836392
editybe,joy,joy,0.00035342143,0.00018905067,0.0002491531,0.9984471,0.00037120038,0.00039007957
ediundj,joy,joy,0.0006607866,0.00022557697,0.00030852866,0.9967309,0.00017853816,0.0018957381
edivtze,sadness,sadness,0.0015430957,0.0016347894,0.005357682,0.0010493409,0.98938835,0.0010268049
ediy979,joy,joy,0.0012789232,0.0001467554,0.00017584064,0.99760795,0.00029020596,0.00050035835
edizd2k,surprise,surprise,0.0020444663,0.0012101192,0.0008025357,0.0025265298,0.00086073234,0.9925557
edizqen,anger,anger,0.9333368,0.0030666783,0.0012524809,0.0541627,0.0016050073,0.0065763574
edj16xd,joy,joy,0.0005629014,0.00022912936,0.0004150631,0.9952561,0.00027695534,0.0032597806
edj217n,sadness,sadness,0.0063369526,0.0036215808,0.0011082862,0.0015784501,0.9863927,0.00096201
edj289t,joy,joy,0.0014269205,0.00036871564,0.0016259509,0.99369836,0.0013798854,0.001500195
edj2go7,surprise,surprise,0.00561647,0.0019919875,0.0019984643,0.0069955043,0.0045475513,0.97884995
edj3789,joy,joy,0.00251275,0.000305855,0.00025546952,0.99615663,0.00022586167,0.00054348476
edj3uxc,joy,joy,0.00042320357,0.00023521537,0.0003677132,0.99782616,0.00063998014,0.0005077465
edj4oiq,joy,joy,0.00045983557,0.00019281013,0.0002966639,0.9978125,0.00019805339,0.0010400637
edj55bq,joy,joy,0.0004147212,0.0002483544,0.00026620613,0.99814844,0.00021764856,0.000704662
edj56zj,joy,joy,0.34165218,0.0024781781,0.001072265,0.53930014,0.05134757,0.064149626
edj5m0e,joy,joy,0.0011321682,0.0001763107,0.00024292202,0.9969292,0.00069600786,0.000823428
edj65i1,surprise,anger,0.5218272,0.00672819,0.0033133407,0.29315764,0.008231217,0.16674241
edj7skv,disgust,anger,0.9787644,0.0075403913,0.0019849024,0.002642335,0.007152521,0.0019154488
edj7vcj,anger,anger,0.96770513,0.0028225249,0.0009954884,0.008117918,0.004931903,0.015427139
edj7zqt,joy,joy,0.00046838325,0.00020423568,0.00022562502,0.9980039,0.00035283645,0.0007450879
edj8bya,joy,joy,0.0005767148,0.00031534935,0.00037762822,0.99781275,0.00020511114,0.00071235315
edj8qqk,joy,joy,0.00047856435,0.00020242269,0.00029404642,0.99835074,0.00027470975,0.0003995795
edj9245,joy,joy,0.00034768734,0.00022526248,0.0003082358,0.9982132,0.00020204189,0.0007035873
edj9780,joy,joy,0.00071498787,0.00017210585,0.00040903722,0.9970932,0.00023183154,0.0013788068
edjandy,surprise,surprise,0.10845304,0.0051554707,0.0008906967,0.19474763,0.023904996,0.66684824
edjccr1,joy,joy,0.00031056337,0.00028460298,0.00038061195,0.9980241,0.00022570835,0.0007744299
edjcgas,joy,joy,0.0005025484,0.00014559682,0.0003948652,0.9980572,0.00046783307,0.00043187095
edjdauc,joy,surprise,0.004136972,0.0016534865,0.0015132192,0.39342892,0.0025113886,0.5967561
edjdltb,joy,joy,0.00028594158,0.0001548271,0.00030689524,0.99805486,0.00035852016,0.0008390493
edjdsb6,anger,anger,0.8343101,0.001797831,0.0013788196,0.15129772,0.0026114583,0.008604132
edjdv1d,joy,joy,0.0005165074,0.0003574596,0.00036822865,0.997778,0.00033561318,0.0006441773
edje1cj,joy,joy,0.00058076007,0.00020225557,0.00022710986,0.99808973,0.00021761356,0.00068250025
edje3s2,joy,joy,0.0005737395,0.0001892319,0.00028014524,0.9979831,0.0002132499,0.00076046603
edjfjqz,anger,anger,0.5427845,0.0043831305,0.000863951,0.007655014,0.0027275356,0.4415859
edjgm22,joy,joy,0.0012612218,0.00096625136,0.0006029142,0.98884624,0.007133819,0.001189559
edjh02y,joy,joy,0.00044128162,0.00028823098,0.00036592616,0.9981262,0.00019967597,0.0005787152
edjhfht,joy,joy,0.03358981,0.0018198263,0.0028730722,0.93395925,0.026199361,0.0015586843
edjhxf2,disgust,anger,0.49647874,0.331321,0.037243612,0.09205413,0.038056433,0.0048461254
edjig6e,joy,surprise,0.278261,0.004581918,0.002945925,0.12549935,0.007363314,0.5813484
edjigae,anger,anger,0.98619264,0.0047956696,0.0005065799,0.0037781792,0.002547608,0.0021792892
edjij1v,joy,joy,0.00037652464,0.0002681468,0.00041653914,0.9981918,0.00024156574,0.00050546206
edjiygc,fear,fear,0.0020777937,0.008528061,0.9796642,0.001875524,0.0034385445,0.004415884
edjj540,joy,joy,0.0010359823,0.00022468547,0.00025942235,0.9964227,0.00038292928,0.0016742466
edjk95x,sadness,sadness,0.0655799,0.01050811,0.002212009,0.007222989,0.8848796,0.029597389
edjl2jk,joy,anger,0.84550995,0.0036542579,0.0020951512,0.13538621,0.0058934647,0.0074609085
edjln8n,fear,fear,0.007404888,0.039909597,0.9356699,0.00089828274,0.010894136,0.0052232137
edjmwin,anger,anger,0.9829512,0.002286229,0.0008931587,0.00452989,0.004448258,0.0048913015
edjmx1a,joy,joy,0.00049626845,0.00015508849,0.00025805488,0.99816895,0.0002610116,0.0006605479
edjn8ln,surprise,surprise,0.0014834594,0.0009788438,0.0009400964,0.0014837591,0.00054672395,0.99456704
edjnrah,sadness,sadness,0.058841288,0.008890498,0.0017869769,0.005421018,0.90946335,0.0155968405
edjo50v,anger,anger,0.5769266,0.004891253,0.0008458628,0.016985415,0.0037798546,0.396571
edjo7m5,joy,joy,0.0003679606,0.00024207358,0.00035680275,0.99838614,0.0002598939,0.00038717425
edjqq7g,joy,joy,0.07094868,0.0014762682,0.00061703654,0.9232997,0.0006580351,0.0030003437
edjs68m,anger,anger,0.97849315,0.003468371,0.0008050818,0.0106744645,0.0031706442,0.0033882202
edjst8s,joy,joy,0.00045343183,0.00043814792,0.00090328546,0.9673891,0.00070138805,0.030114673
edjsve3,joy,joy,0.00042300692,0.00018259352,0.00051007787,0.99752325,0.00033053992,0.0010305162
edjttou,joy,joy,0.00042247918,0.000204289,0.00034606853,0.99835026,0.0003094395,0.00036744785
edju43f,surprise,joy,0.00026791135,0.00028677253,0.0008302131,0.9953484,0.00046101442,0.0028057129
edjudwg,sadness,sadness,0.023050278,0.067301705,0.023882102,0.004604606,0.8785561,0.0026051602
edjuh5b,anger,sadness,0.0050028968,0.0026038557,0.005554563,0.0025241731,0.98349446,0.0008199512
edjur8k,joy,joy,0.005135092,0.00064694154,0.0014153384,0.99049723,0.0007227931,0.0015826332
edjvwxm,joy,joy,0.00042640563,0.00017050946,0.00036475918,0.9982601,0.00025296654,0.0005252384
edjyqr1,joy,joy,0.00045153126,0.0002733204,0.000340375,0.99786854,0.00028517505,0.00078095397
edk0env,anger,anger,0.6743329,0.0075494526,0.0036399704,0.011719876,0.29408857,0.008669173
edk0k2j,joy,joy,0.00067672983,0.00025810965,0.00019507196,0.9974235,0.00052627403,0.0009202902
edk1945,joy,joy,0.0020694062,0.0012699853,0.0008477912,0.92576545,0.00073744287,0.06930988
edk1egl,joy,joy,0.00043627474,0.00046972552,0.0005299039,0.99730325,0.00022320185,0.001037606
edk2qbc,anger,sadness,0.21665315,0.00509368,0.001760657,0.021292593,0.748866,0.0063339323
edk39kb,joy,joy,0.00047879375,0.0002506078,0.00036604883,0.997607,0.00026321568,0.0010343543
edk3j42,joy,anger,0.62264884,0.0043578385,0.0019190212,0.2883301,0.012529825,0.07021437
edk4dkb,sadness,sadness,0.003615084,0.004101503,0.0018263086,0.0010755175,0.9881253,0.0012563238
edk4qmz,joy,joy,0.00037241826,0.00023532419,0.000311616,0.9983354,0.0002281804,0.0005170646
edk4u56,disgust,anger,0.9159423,0.012009536,0.0008010164,0.0123005435,0.05414297,0.004803709
edk4ufg,anger,anger,0.9834494,0.008239972,0.00060470245,0.0045981165,0.0016577999,0.0014499605
edk4w8s,anger,anger,0.9535027,0.00486032,0.0008547799,0.0028200622,0.032835066,0.0051270365
edk57m1,surprise,surprise,0.0047419667,0.0007896267,0.0005924514,0.0014978668,0.00070298,0.99167514
edk5vdy,joy,joy,0.00030158256,0.00019173612,0.00030349864,0.9973205,0.0002936755,0.0015890405
edk66b5,joy,anger,0.7102226,0.0022018102,0.0011373849,0.23115793,0.0022011762,0.05307912
edk6w8j,joy,joy,0.00031271135,0.00020774327,0.00030136548,0.9983834,0.00032032194,0.00047442474
edk8q0r,surprise,surprise,0.042444497,0.0027674192,0.0010484173,0.008115673,0.008171568,0.93745226
edk984w,surprise,anger,0.9710668,0.001962648,0.00053359184,0.0039128596,0.0061302204,0.016393919
edk9bvk,anger,anger,0.9821862,0.004178254,0.00066441024,0.006227507,0.0019060668,0.0048374874
edk9qyq,joy,joy,0.00023122467,0.00015005322,0.00043282023,0.9973658,0.0004688712,0.0013512167
edkadxo,joy,joy,0.00040438946,0.00022740944,0.00032621188,0.99814606,0.00018825343,0.00070767535
edkap3h,joy,joy,0.001340834,0.00013545714,0.00026607228,0.9971348,0.00037703928,0.00074588094
edkb9g1,joy,joy,0.0005651665,0.00017346306,0.00021696722,0.99823534,0.0003577239,0.00045128475
edkbutu,joy,joy,0.08047316,0.0031390716,0.0006117642,0.90575576,0.005436442,0.0045837946
edkc8qs,joy,joy,0.0029379607,0.00030492674,0.00018400741,0.9929657,0.000400772,0.0032067006
edkcj65,joy,joy,0.00030484344,0.00021085843,0.00035331005,0.99841094,0.00027398663,0.0004460371
edkcqyg,surprise,surprise,0.0032192846,0.001009159,0.0011187334,0.0033382669,0.0042573535,0.98705715
edkd7sr,surprise,surprise,0.0026130532,0.0011893464,0.0009784009,0.040222287,0.0008492757,0.9541477
edkdio9,joy,joy,0.00038530026,0.00012829038,0.0002046207,0.9982237,0.00021359729,0.0008445529
edkdth5,joy,joy,0.0005544024,0.00044659828,0.00043609037,0.99738926,0.00022684813,0.0009467938
edkdtt4,joy,joy,0.035872143,0.0066905343,0.0010094874,0.9519797,0.0014635471,0.0029846325
edkha17,joy,joy,0.0005221457,0.00025647046,0.00035012842,0.99796164,0.00036120942,0.0005484634
edkhn2l,joy,joy,0.006467686,0.0004327445,0.00035616965,0.98727965,0.0013949701,0.0040688016
edki6vb,anger,disgust,0.17860019,0.75748926,0.011987603,0.011336832,0.035347164,0.005238884
edkivyb,joy,joy,0.00045676721,0.00021109314,0.00036662747,0.99822575,0.0004084653,0.00033126038
edkiy9c,anger,joy,0.0025043942,0.00032018923,0.00025111815,0.99473816,0.00041663146,0.001769519
edkk0e0,joy,sadness,0.11283931,0.014668642,0.004106251,0.024506442,0.7316081,0.11227124
edkk83u,joy,joy,0.0026466593,0.00017625347,0.00018678406,0.99507844,0.0010595398,0.00085234473
edkkkan,surprise,anger,0.94029474,0.013082623,0.0008336545,0.004853988,0.03748985,0.003445218
edkl352,sadness,anger,0.55971444,0.019950468,0.02914843,0.22293611,0.12646322,0.041787356
edkl46k,joy,joy,0.00033674916,0.00019846243,0.00034834896,0.99829644,0.00024322156,0.0005766928
edkl4a4,joy,joy,0.0010518493,0.0005657847,0.00033379966,0.9895266,0.0006950245,0.007826878
edkl906,joy,surprise,0.067354426,0.0012354736,0.0055098035,0.34311098,0.027497008,0.55529225
edkm44a,anger,joy,0.024179433,0.00057849917,0.0002723432,0.9726184,0.0007780508,0.0015732822
edkmreg,surprise,surprise,0.03758135,0.0013323489,0.00065124984,0.013946603,0.0021276465,0.94436085
edknaxi,joy,joy,0.00035666337,0.00024392363,0.00032053678,0.9983607,0.00027357336,0.00044460813
edko6gj,anger,anger,0.7901387,0.030858966,0.13289987,0.004563905,0.020168804,0.021369787
edkp1nu,joy,joy,0.00043290015,0.00023416904,0.0002945418,0.9984107,0.00023491569,0.0003926548
edkp4kf,joy,joy,0.0004694204,0.0004229053,0.0005970778,0.9904908,0.00037960065,0.0076402044
edkpj99,surprise,surprise,0.011075945,0.0010446217,0.00064106093,0.0012674959,0.0015163504,0.98445463
edkq7ab,joy,joy,0.0005682797,0.00020290521,0.000252662,0.9983999,0.00024889054,0.00032731742
edkq7n4,joy,joy,0.00037737668,0.00014456308,0.0003313408,0.9974934,0.00023334757,0.0014200289
edkr8dt,anger,anger,0.98027843,0.011967277,0.00076334574,0.0025898977,0.002528235,0.0018729032
edkriol,surprise,surprise,0.0056052613,0.0012559519,0.0015021794,0.01666316,0.013100418,0.9618731
edks3oc,anger,anger,0.89504766,0.003921165,0.0010014139,0.083440565,0.014055034,0.002534237
edks7bu,surprise,surprise,0.07846032,0.003992608,0.0026142255,0.022848971,0.28043202,0.6116519
edksr1y,anger,anger,0.7845163,0.0026654908,0.0033873008,0.18808615,0.008273138,0.013071686
edkt6d4,joy,joy,0.00039602813,0.00026759537,0.00045164797,0.9977277,0.00031963532,0.0008375017
edktm8n,joy,joy,0.00033942703,0.00025982902,0.0003512077,0.99833125,0.00021494697,0.0005033423
edktoa2,joy,joy,0.0006759716,0.00019313526,0.00026990872,0.9982091,0.0002675736,0.00038429353
edkuvt6,surprise,joy,0.001331555,0.00075711275,0.0010886143,0.9495404,0.0005971532,0.046685223
edkvw82,sadness,anger,0.79595613,0.0029118513,0.0007049396,0.026087806,0.0062169484,0.16812232
edkw0d4,surprise,surprise,0.0018313279,0.0012772792,0.0011778214,0.0011498681,0.0005443969,0.99401927
edkw2u2,sadness,fear,0.0042229355,0.015850192,0.8494625,0.005011303,0.11233001,0.01312303
edkyrqt,joy,joy,0.00057498645,0.00020929334,0.00025187517,0.9981748,0.00041147525,0.00037758116
edkywav,anger,joy,0.37826508,0.002137319,0.028955081,0.39853263,0.05958995,0.13251989
edkzdvh,surprise,surprise,0.0026948042,0.0010569151,0.00083991716,0.00088433,0.001395009,0.993129
edl0qqn,sadness,sadness,0.0030861397,0.0012310407,0.0026649083,0.009538071,0.92263365,0.060846277
edl1dx8,joy,joy,0.0003661622,0.0002292543,0.0003397108,0.9960239,0.00042271768,0.0026182875
edl1iz9,joy,joy,0.00046386948,0.0003064185,0.00032540126,0.9982508,0.00020999568,0.00044352104
edl2rw7,joy,surprise,0.021859609,0.000754448,0.00073819025,0.0065804278,0.0010999118,0.96896744
edl2ywo,joy,joy,0.0002586523,0.00017202045,0.00035689384,0.9982401,0.0002635194,0.00070875656
edl3u2m,joy,joy,0.00043441207,0.0002746893,0.00030441684,0.99826306,0.00022519426,0.00049817224
edl4p8u,joy,joy,0.0005656678,0.00015912183,0.00041968102,0.9979752,0.000382407,0.0004979622
edl53v2,joy,joy,0.00036147342,0.00016601005,0.00025003785,0.99818915,0.00054463296,0.0004886327
edl5qsu,surprise,surprise,0.008599897,0.00069893163,0.00072056055,0.0038560168,0.0022066308,0.98391795
edl5s2l,joy,joy,0.00035418806,0.0001293212,0.00026820492,0.99802065,0.00030132264,0.0009263625
edl7at9,anger,joy,0.0004428156,0.0001584105,0.00021746432,0.99828076,0.0003573714,0.00054319226
edl7cr3,joy,joy,0.0005629558,0.00022993852,0.0004624177,0.9963146,0.00025866964,0.0021715164
edl8fk2,joy,joy,0.00033095252,0.00016552053,0.00030791765,0.9977156,0.0008588358,0.00062120595
edlaoo8,joy,joy,0.0008320778,0.00036560083,0.0008860193,0.9818885,0.006323311,0.00970458
edlaph8,joy,joy,0.00055803085,0.00026428356,0.0003430818,0.99801564,0.00018149501,0.00063743617
edlaygd,joy,joy,0.0027797166,0.00036262895,0.00025421148,0.9943585,0.00026369983,0.0019812866
edlbnid,joy,joy,0.00067637593,0.0004021713,0.00060241245,0.9886747,0.00025898076,0.009385277
edlbuf6,joy,joy,0.00037547035,0.00017387827,0.00036281327,0.9966696,0.00026658855,0.0021516413
edlchg4,surprise,surprise,0.006419615,0.0009472717,0.0010441798,0.03292014,0.0010339175,0.9576348
edlcowh,joy,joy,0.00035513355,0.00020433641,0.00025627596,0.997182,0.00078963477,0.0012126742
edldv95,anger,joy,0.002313237,0.00024822348,0.00047347022,0.98169947,0.0132009145,0.0020647065
edlgecg,joy,joy,0.0003887864,0.00029910778,0.0004470707,0.99767524,0.00041621443,0.000773564
edlggxy,joy,joy,0.00074988673,0.00044982778,0.0004964893,0.9960901,0.000986306,0.0012272558
edlhonk,joy,joy,0.0036629098,0.00070681743,0.00035037383,0.99100155,0.001337829,0.0029404785
edlhuid,joy,joy,0.019794809,0.0010685517,0.0009786912,0.91551095,0.06023458,0.002412333
edliw2e,joy,joy,0.00047550115,0.00014761326,0.00030195867,0.9977132,0.00032542335,0.0010362606
edlj2ki,joy,anger,0.9885582,0.0033009257,0.0011501837,0.0035011012,0.0014610324,0.0020286227
edljlrc,joy,joy,0.0005413315,0.00029752016,0.00052162365,0.9956957,0.0011402649,0.0018035513
edljth1,joy,anger,0.63067764,0.047537506,0.0030740816,0.09343372,0.1953237,0.02995335
edlkqu9,joy,joy,0.0002955889,0.00021039718,0.00034244303,0.9983412,0.00022288911,0.00058744627
edlktcs,anger,disgust,0.2711,0.6884053,0.015817406,0.008151792,0.012441892,0.004083659
edll1n3,joy,joy,0.0004671093,0.00016762872,0.00032866935,0.99808866,0.00034369293,0.0006041809
edllq1v,surprise,surprise,0.0024953822,0.00072024815,0.00053809164,0.007727467,0.0005556898,0.9879632
edlm1yy,joy,joy,0.00023221645,0.00016082509,0.0004405698,0.99757403,0.0004780926,0.0011142569
edlm4i4,surprise,surprise,0.0039454973,0.0009780102,0.00080578926,0.00071796234,0.00073725724,0.9928155
edlmoxs,surprise,surprise,0.0019975035,0.00066688965,0.00066475174,0.0021018286,0.00070378743,0.9938652
edlmozc,joy,joy,0.00044831063,0.00021432551,0.0002590289,0.99844545,0.00020769022,0.00042515423
edln6l5,joy,joy,0.14343213,0.00300032,0.0033386233,0.63345397,0.01024509,0.20652992
edlol2e,joy,joy,0.00035212305,0.0001545497,0.0003500981,0.99824595,0.00029670587,0.0006006229
edlp71w,joy,joy,0.00033010854,0.00018736672,0.00040384577,0.9981501,0.00039607094,0.00053252536
edlpvdq,surprise,surprise,0.020205341,0.00096971076,0.00056352443,0.0027136377,0.0008348821,0.97471285
edlpzp9,sadness,sadness,0.009303146,0.002582591,0.0008331639,0.0059250062,0.97881514,0.0025409567
edlqbl6,joy,joy,0.00044286507,0.0001802944,0.00034429305,0.9983713,0.00021957015,0.00044164827
edlqicf,joy,joy,0.00038732257,0.00031722052,0.0003819027,0.99804354,0.0002408086,0.0006291824
edlqwi4,sadness,joy,0.10260354,0.0032518208,0.0027443625,0.7773681,0.10991594,0.004116277
edlr51h,joy,joy,0.0005285822,0.0002197133,0.00031805862,0.9982698,0.0001967162,0.00046717445
edlrme8,joy,joy,0.00033775085,0.00016463817,0.00024321317,0.9981336,0.00036285518,0.00075792737
edlrmv0,sadness,sadness,0.00089858513,0.0015535438,0.0016009788,0.005719999,0.9885592,0.0016677228
edlrxsq,joy,joy,0.00078653375,0.00014829109,0.00021646362,0.99355054,0.0010016429,0.0042965305
edls42d,joy,joy,0.0003560206,0.0002523901,0.00039074488,0.9979049,0.00019330467,0.000902649
edlsw9l,joy,joy,0.008188438,0.0022351306,0.0018946474,0.54105365,0.0020523902,0.44457576
edltg6x,joy,joy,0.00040311954,0.00015206,0.0003381655,0.9980884,0.00025645192,0.00076173706
edlu9qt,anger,sadness,0.027024634,0.0012966595,0.001069358,0.007863512,0.9565186,0.006227299
edlub3n,joy,joy,0.0005457254,0.0002267509,0.00025975186,0.9980519,0.00018732005,0.0007286026
edluj9o,joy,joy,0.00043204564,0.000134533,0.00020934896,0.9983524,0.0002593085,0.00061239424
edluq8t,surprise,surprise,0.0036061604,0.00068384456,0.0008834512,0.008718822,0.0019324239,0.98417526
edlv2m5,joy,joy,0.00041402597,0.00016717795,0.00029326713,0.9978417,0.00022369153,0.0010600581
edlv5vz,joy,joy,0.00039082562,0.00022244969,0.00029143327,0.99764806,0.00023782121,0.0012095107
edlweh5,joy,joy,0.00032085786,0.00020302652,0.00045573665,0.9982053,0.00037049237,0.00044458787
edlwo74,anger,anger,0.8648907,0.006847814,0.0009944829,0.004026805,0.004753019,0.11848711
edlyltd,joy,joy,0.0018786605,0.00019311669,0.00023861424,0.99625117,0.0003625221,0.0010759305
edlyqkr,fear,surprise,0.081258975,0.0032351343,0.022823524,0.05109053,0.059813965,0.78177786
edlyzs5,joy,joy,0.0003620171,0.00016958776,0.0003953123,0.9980702,0.00022822968,0.0007747936
edlzgiw,joy,anger,0.7954402,0.0016915528,0.0008641402,0.16314292,0.013376384,0.02548475
edlzwrl,sadness,joy,0.0021024386,0.00022685013,0.00042064328,0.99294126,0.0020338092,0.0022749566
edlzzww,sadness,sadness,0.0015119495,0.0015444787,0.0015036655,0.0016586287,0.9829586,0.010822711
edm0bgb,joy,joy,0.00059407117,0.00039457902,0.00038455395,0.9961837,0.0002677327,0.0021753742
edm0jmc,surprise,anger,0.93459594,0.0023512426,0.0009966361,0.007937226,0.022760684,0.03135829
edm0yaj,joy,joy,0.0004556763,0.00021781113,0.0003586307,0.99778664,0.00046324628,0.00071798067
edm14yj,joy,joy,0.00042905388,0.000117937125,0.00026220726,0.9974861,0.00046649377,0.0012382285
edm1wb0,anger,joy,0.009391991,0.00028486687,0.0003420163,0.98833245,0.00057776965,0.0010708927
edm26gc,joy,joy,0.011192531,0.00082102994,0.001200121,0.9383296,0.0006671846,0.047789637
edm27fi,anger,anger,0.71638316,0.002632132,0.0010020025,0.005450511,0.0034995093,0.27103272
edm2mo2,joy,joy,0.0005579436,0.00022403833,0.00027661506,0.9983485,0.00018864678,0.00040439455
edm2slt,sadness,surprise,0.010522141,0.0012110899,0.0053754444,0.0064920825,0.013877827,0.96252143
edm3gzx,anger,anger,0.85897595,0.009200507,0.0016414649,0.008827531,0.0403802,0.080974385
edm3wkk,anger,surprise,0.34706232,0.011617972,0.003646111,0.026231581,0.092034124,0.51940787
edm4z3o,joy,joy,0.00031606303,0.00023644387,0.0003439505,0.9983681,0.00029654472,0.0004390005
edm5t1l,joy,joy,0.0005388717,0.00018884504,0.00038005816,0.9973373,0.00019029113,0.0013646259
edm66kk,joy,joy,0.0005655733,0.00021132913,0.00040021134,0.9980654,0.00023065212,0.0005268558
edm6d8n,anger,joy,0.011662547,0.0013403372,0.00030803276,0.98496866,0.0008664178,0.00085397466
edm7bqb,joy,joy,0.00060814107,0.00023911797,0.00035982692,0.9955752,0.00039677278,0.0028209991
edm7hep,surprise,surprise,0.0019215547,0.0019367824,0.002120584,0.016461229,0.00074553594,0.9768143
edm96e5,surprise,surprise,0.0014920258,0.0012303399,0.001134504,0.00069631415,0.0012148017,0.994232
edma0sp,sadness,anger,0.68289626,0.066078275,0.0032409322,0.054301947,0.1844221,0.009060512
edma4fz,anger,anger,0.9890422,0.0036846525,0.0009167278,0.0029693653,0.002527794,0.0008592767
edmc9wf,joy,joy,0.0018931972,0.00017107958,0.00022993801,0.9947496,0.0012557525,0.0017004207
edmcyru,joy,anger,0.72480935,0.0036188024,0.0032463586,0.05125023,0.06172029,0.15535496
edmd0et,joy,joy,0.00027937823,0.00017811755,0.00043281805,0.9980558,0.00046649115,0.00058742
edmd8j9,joy,joy,0.00041074597,0.00034924783,0.0007993173,0.9969086,0.00024093078,0.0012911109
edmdm4w,disgust,surprise,0.07941032,0.069297954,0.0043961187,0.016360978,0.005503776,0.82503086
edmdp7x,joy,joy,0.00036739258,0.00018714688,0.0003095132,0.9983329,0.00025674628,0.0005463661
edme2mp,joy,joy,0.00036933032,0.00029889547,0.0030738602,0.9934923,0.0016262882,0.0011393667
edmee7m,joy,joy,0.00029689106,0.00029722363,0.0003605594,0.9981604,0.00030165556,0.0005833617
edmej8u,surprise,surprise,0.006564681,0.0012675995,0.0007158731,0.011216327,0.00070855865,0.97952694
edmf0za,sadness,sadness,0.0061155865,0.0025243522,0.000696672,0.0022071253,0.9869996,0.0014566998
edmfvkc,anger,anger,0.85559297,0.007680025,0.0060936464,0.042984184,0.040780604,0.04686855
edmg01b,joy,joy,0.00053228834,0.00019566626,0.00030198751,0.9976306,0.00049211516,0.0008472943
edmgbnh,joy,joy,0.00035938373,0.00027955984,0.00038898486,0.9979456,0.00021398628,0.0008125009
edmhbae,surprise,anger,0.9463202,0.0040401877,0.0007102909,0.0014161073,0.004673315,0.04283999
edmhk8q,anger,anger,0.9661855,0.00885382,0.00083646644,0.0016240318,0.00829561,0.014204574
edmhnga,joy,surprise,0.002456598,0.000978533,0.0007882156,0.0014695802,0.00076998555,0.993537
edmieix,disgust,joy,0.00056282,0.00017248112,0.00024867879,0.9977684,0.00049733766,0.0007502771
edmk7he,surprise,surprise,0.004635968,0.0008923986,0.0008236904,0.0015293371,0.0005384537,0.9915801
edmkm58,joy,joy,0.00048430773,0.00017991537,0.00021000764,0.9980983,0.00027584456,0.0007515437
edmli3n,joy,joy,0.034303904,0.0010821825,0.0024108307,0.95694876,0.004340201,0.000914206
edmm57v,sadness,sadness,0.0014539384,0.0014355127,0.002001109,0.0012254558,0.992339,0.0015448818
edmmdfn,surprise,surprise,0.008056771,0.0007712281,0.00041932182,0.0016726016,0.00088511506,0.98819494
edmmpmc,fear,joy,0.012440588,0.0013536566,0.0021934947,0.6790722,0.00931217,0.2956279
edmnwpc,joy,surprise,0.007686237,0.0036713216,0.0022269506,0.41571242,0.0036311403,0.567072
edmo454,surprise,anger,0.9833914,0.008166324,0.00070485746,0.0010973008,0.0020599207,0.004580147
edmotzx,joy,joy,0.00049047143,0.00029375654,0.0003491444,0.9976451,0.00021589221,0.0010056811
edmplco,joy,anger,0.74689543,0.006689207,0.0013740091,0.12733752,0.07160606,0.04609785
edmsoei,joy,joy,0.00037636925,0.00017884615,0.00025488954,0.99848276,0.00024616596,0.00046097062
edmt3pn,joy,joy,0.0002713472,0.00017939677,0.00033821855,0.99822885,0.00033444498,0.00064779975
edmtnb7,anger,surprise,0.20265606,0.0049465476,0.0009780738,0.2748342,0.0032090854,0.5133761
edmtors,joy,joy,0.00036827347,0.00016694219,0.0002716578,0.9983778,0.00025933143,0.00055594085
edmu1b6,sadness,sadness,0.012326611,0.010364299,0.0014030132,0.0074926307,0.9658071,0.002606371
edmu4ma,surprise,surprise,0.0026975574,0.0009575345,0.00074608927,0.0008137032,0.00051770045,0.9942674
edmudfa,surprise,surprise,0.01205999,0.0009666329,0.00048864185,0.0021516632,0.0007736556,0.98355955
edmusd7,joy,joy,0.00040308246,0.0001668828,0.00040059956,0.9974119,0.00024782607,0.0013697126
edmvozh,joy,joy,0.00056054676,0.0002814173,0.00036855682,0.99780387,0.00023019266,0.00075540284
edmvsms,anger,anger,0.77360576,0.009156278,0.0017934125,0.072292015,0.054080885,0.089071624
edmxuyn,anger,surprise,0.25335154,0.002191406,0.0047127274,0.07212403,0.020666486,0.6469538
edmzfn0,joy,joy,0.0024868667,0.00088212284,0.032684166,0.92146814,0.0046733054,0.03780541
edmzn0v,anger,anger,0.8753734,0.0044325646,0.0017535004,0.11020766,0.0024870506,0.005745787
edmzsyx,joy,joy,0.00035621983,0.0002293841,0.0002614604,0.99755293,0.00051505165,0.0010850424
edn1wmc,joy,joy,0.00061929267,0.00035053314,0.00032384496,0.99786156,0.00027371442,0.0005710276
edn2hj4,surprise,surprise,0.0020468645,0.00072960375,0.00061017554,0.0026239308,0.0008569362,0.99313253
edn2o9x,surprise,anger,0.7221753,0.0109861735,0.0017070478,0.003724331,0.002863119,0.25854397
edn3o8k,surprise,joy,0.0015772379,0.0011442162,0.0013693678,0.7883287,0.0011008097,0.2064796
edn42l6,joy,surprise,0.026524818,0.0010884849,0.0011985936,0.26639897,0.0020656504,0.70272344
edn54ns,joy,joy,0.0009275127,0.0011237394,0.001654221,0.9691468,0.0005236634,0.02662414
edn6n9q,sadness,sadness,0.06887404,0.0109398,0.0011637795,0.0060010105,0.90787154,0.005149747
edn7mtm,surprise,surprise,0.004489429,0.0009637873,0.0008919401,0.0008514698,0.00078720605,0.9920162
edn9h8x,anger,anger,0.87252057,0.088049665,0.0031292217,0.0031255444,0.031430464,0.0017444711
edn9woz,sadness,surprise,0.003559102,0.0013788897,0.0014188109,0.0013771936,0.0021969723,0.990069
edn9ym0,sadness,sadness,0.0011441911,0.0013667741,0.0070470865,0.021214746,0.9646581,0.0045690914
ednabpt,joy,anger,0.90092254,0.010893774,0.0014844602,0.07409995,0.010136442,0.002462755
ednagm8,anger,anger,0.9865566,0.004487807,0.001971599,0.0034292503,0.0011191774,0.0024356819
ednaldp,surprise,surprise,0.001748375,0.0010560368,0.0008460869,0.0022323893,0.0007629279,0.9933542
ednb2eq,sadness,sadness,0.009101864,0.0031168696,0.00064087927,0.002777487,0.9815493,0.0028136638
ednbdo0,anger,anger,0.96843153,0.024109822,0.0019315992,0.0016981992,0.0025170855,0.0013117348
ednbhb3,joy,joy,0.0002867579,0.00014585233,0.0002827564,0.99729174,0.0002668145,0.001726061
ednbsz1,joy,joy,0.00043986551,0.00021334297,0.0003250028,0.9983729,0.00031044713,0.00033836512
ednc4qz,joy,joy,0.00031207933,0.00021980528,0.0002833775,0.99828786,0.0002499453,0.0006469204
ednc85b,anger,anger,0.88524234,0.0014377303,0.0010982259,0.09363228,0.009883817,0.008705563
edncm2k,anger,anger,0.98770463,0.0039305133,0.0013346148,0.0025272002,0.0023370716,0.0021658929
edndmmt,anger,anger,0.9814481,0.006410186,0.0013316459,0.0022155938,0.0070062745,0.0015880737
edne6fu,joy,joy,0.00036210942,0.00017748433,0.00044423566,0.99818003,0.00041445042,0.00042177297
edneit3,joy,joy,0.0004152694,0.00016155971,0.00025550555,0.9977404,0.0003019332,0.0011253754
ednfpxi,joy,joy,0.0007845855,0.00017276048,0.00024543377,0.99583673,0.00023650813,0.0027239828
ednfvjp,anger,anger,0.8344627,0.004140989,0.0011852884,0.117961675,0.0025163658,0.03973308
ednfxt4,joy,joy,0.00047986823,0.00035388983,0.0005461912,0.9968856,0.00025774838,0.0014766639
edngoc6,anger,anger,0.76573414,0.15188381,0.0030026096,0.016799131,0.05682975,0.005750596
edni6j1,surprise,surprise,0.0024759248,0.0010581736,0.0007660689,0.0019151011,0.0005801527,0.9932046
ednijfa,surprise,surprise,0.0878834,0.0017368565,0.00066764624,0.0034898857,0.0030239362,0.9031983
ednjf2q,anger,anger,0.97904575,0.0027647296,0.0009721815,0.012429716,0.0019734376,0.0028141122
ednjiea,joy,anger,0.80320984,0.0032368982,0.00360048,0.059597313,0.020136848,0.11021861
ednjjfw,joy,joy,0.0005425839,0.0003123521,0.00044234158,0.99802315,0.00023954459,0.00044005137
ednk0qz,surprise,surprise,0.017675107,0.0008475032,0.0018188347,0.007939223,0.038916484,0.9328028
ednkk2n,sadness,sadness,0.00097069476,0.0016143846,0.0011658428,0.0036413467,0.9912401,0.0013676627
ednm4yb,anger,anger,0.98950326,0.0030776463,0.0005561883,0.002760865,0.0026679528,0.0014341044
ednmjwe,joy,joy,0.0004131089,0.0002338032,0.0003734259,0.99714005,0.0008960371,0.00094355294
ednmzoo,surprise,joy,0.0024411385,0.0005787136,0.00023055228,0.99403787,0.00085615274,0.0018556324
ednn3ts,surprise,surprise,0.10532068,0.0027975137,0.0005218562,0.0032835165,0.0037023197,0.88437426
ednnblu,joy,joy,0.0006129283,0.00014997867,0.00016632867,0.9977804,0.00055090734,0.0007395019
ednnhm7,joy,joy,0.058689624,0.0027386043,0.0006612126,0.9260781,0.006429877,0.005402618
ednog4e,anger,anger,0.74130774,0.004179132,0.0009909179,0.20482813,0.013928441,0.034765597
ednou9o,surprise,surprise,0.0014828042,0.0010460317,0.0010258945,0.0009859479,0.0007311653,0.99472815
ednp0my,joy,joy,0.0044541243,0.00042759816,0.0004063629,0.97863173,0.005616168,0.010463924
ednq4rp,anger,anger,0.9833242,0.010994061,0.0012534304,0.0013348055,0.0020033878,0.0010900688
ednqd8r,fear,joy,0.00716632,0.0015081265,0.0009295747,0.97079766,0.0032865298,0.016311822
ednqkqj,joy,joy,0.00048504106,0.00019504585,0.00036256041,0.99781704,0.00022799279,0.0009124048
ednqlt7,surprise,joy,0.002625274,0.0008779733,0.0005303323,0.9641993,0.0015046739,0.030262386
ednrnqs,joy,joy,0.00056862924,0.00022717743,0.00030065054,0.99833053,0.00027563653,0.00029743506
ednrp1x,anger,anger,0.9836526,0.003356314,0.0014646886,0.0051332163,0.0019618752,0.0044312533
ednrypp,joy,joy,0.0036629483,0.0014262487,0.0011825874,0.8438958,0.0020291312,0.14780332
edns1tv,joy,joy,0.00034635008,0.00016428801,0.00026512175,0.9983901,0.00028557537,0.00054864236
ednsdn5,sadness,anger,0.9806785,0.009747403,0.002013209,0.0013535046,0.005197229,0.001010184
ednsqej,joy,joy,0.0012016424,0.00035808186,0.0002733874,0.9913702,0.00033487444,0.0064618173
ednt7ll,surprise,surprise,0.0019058207,0.00093326555,0.000872196,0.0010404172,0.00059912057,0.9946491
edntjzw,joy,joy,0.000297959,0.00024850597,0.0004041187,0.99832135,0.00023933755,0.0004887023
ednw3ga,joy,joy,0.0006065531,0.0002546076,0.00028380193,0.9979692,0.00017884812,0.00070698507
ednx6nc,surprise,joy,0.00059893704,0.0002498237,0.00034144378,0.99515176,0.00020530916,0.0034526556
ednxj1z,joy,joy,0.00064755697,0.00024142831,0.00020850744,0.99759066,0.00036785714,0.00094396755
ednxmfn,anger,anger,0.8913835,0.007863086,0.0006894081,0.024119558,0.07160913,0.0043352935
ednxobs,joy,joy,0.0003068179,0.00021769204,0.00029016734,0.9984326,0.00025675012,0.00049593113
ednyhsn,joy,joy,0.016158316,0.0013068685,0.0009821572,0.8114555,0.004698116,0.16539906
ednypmc,anger,anger,0.75991696,0.11040441,0.04894703,0.004442605,0.06722854,0.009060351
ednz0he,joy,joy,0.010224805,0.0005153178,0.00034653317,0.9856229,0.0010019479,0.002288441
ednz6pb,surprise,surprise,0.0021910605,0.00088709523,0.00069663976,0.0016902116,0.00077335426,0.9937616
ednzonf,sadness,sadness,0.07810313,0.019418066,0.008848047,0.23894033,0.41453335,0.24015716
edo07zp,joy,joy,0.00084077235,0.00069380226,0.0007536541,0.98161775,0.0004034739,0.015690574
edo0pjj,anger,anger,0.96903205,0.0037023202,0.0016024832,0.008349321,0.013242218,0.004071667
edo2yqh,anger,anger,0.898201,0.009310034,0.0012744338,0.006322707,0.052035265,0.032856602
edo337b,joy,joy,0.0003938338,0.00024494625,0.00030919048,0.99830806,0.00023386822,0.00051006506
edo4phe,joy,joy,0.0016985601,0.0003349328,0.0013364938,0.98582506,0.004536412,0.0062685707
edo6qja,sadness,anger,0.966994,0.004716549,0.00052599417,0.0056776553,0.015675,0.0064108092
edo86yd,joy,joy,0.00492808,0.00048237143,0.00028183378,0.99325305,0.00041221656,0.0006424992
edo8bgu,sadness,sadness,0.0012114749,0.001757772,0.0014105049,0.0015176985,0.99332076,0.0007817567
edo8yj5,anger,anger,0.59240454,0.1605436,0.0953295,0.06548209,0.06427495,0.021965392
edo9rcf,joy,joy,0.0018872814,0.007361224,0.12657884,0.85195416,0.008536319,0.0036822127
edoa8hc,fear,disgust,0.3689342,0.49140975,0.10949598,0.015100303,0.010685312,0.0043743956
edoc3v5,joy,joy,0.00042280174,0.00017892405,0.00039158502,0.997366,0.00072317675,0.0009175543
edocsgz,joy,joy,0.3888273,0.005616338,0.0019642974,0.5372486,0.0065896264,0.05975384
edocw5l,sadness,anger,0.9502537,0.012866364,0.0015214386,0.0033974086,0.028114256,0.0038467604
edodid3,joy,joy,0.001006428,0.00020438142,0.00031799724,0.9908817,0.00085717556,0.006732381
edodxh8,surprise,surprise,0.0013696889,0.00093931664,0.0009701801,0.0017957622,0.0007081552,0.9942169
edoe8hq,joy,joy,0.00034523557,0.00018907564,0.00034736987,0.9972656,0.0002304198,0.0016223349
edofsew,joy,joy,0.00041569246,0.0001822712,0.0002817813,0.9970138,0.00028022059,0.0018262303
edoft8i,joy,joy,0.0002739763,0.00028011156,0.0004260756,0.9975473,0.00037005503,0.0011024411
edofzmm,joy,joy,0.00041105645,0.00044381528,0.0028307554,0.99479574,0.0003728853,0.0011457783
edogdd7,sadness,sadness,0.023528194,0.003378322,0.005818529,0.17280634,0.62097347,0.17349514
edoglhv,fear,fear,0.0025559354,0.01343724,0.7586439,0.020524627,0.05653622,0.14830205
edogxbv,joy,joy,0.0004673149,0.000119841505,0.00027199573,0.9982718,0.00039166174,0.00047732578
edoha39,anger,anger,0.9077077,0.006334996,0.0016334094,0.075872995,0.0030539006,0.005397023
edohreo,joy,joy,0.0029127507,0.001314242,0.0012088016,0.97809815,0.00090621965,0.015559884
edohrrf,joy,joy,0.00038630576,0.00019769199,0.00030794574,0.99831116,0.00032080224,0.00047617173
edoi1lh,joy,joy,0.0015970223,0.00018219581,0.00026189876,0.9947271,0.0005730605,0.0026587457
edoi1mz,anger,surprise,0.088020936,0.0026728252,0.0006892002,0.012913208,0.0020138489,0.89369005
edoi7jg,joy,joy,0.0013550633,0.001755467,0.0036949364,0.9403273,0.0518628,0.0010044102
edoi9k2,joy,surprise,0.0013658449,0.0010562805,0.0019603076,0.059933785,0.0026567539,0.933027
edoiioe,joy,joy,0.046002433,0.0014080455,0.010056128,0.92161584,0.004573215,0.016344398
edojj9a,surprise,joy,0.01049797,0.002164721,0.0010523048,0.5946906,0.0038038243,0.3877906
edojldi,joy,joy,0.000550523,0.00015601008,0.00025804044,0.99835795,0.00024106946,0.00043641988
edojpe0,joy,joy,0.0012547388,0.00015853383,0.0002691823,0.99722457,0.00018227236,0.0009108188
edok11u,sadness,sadness,0.16804002,0.007881136,0.0040669953,0.012891892,0.7243378,0.082782134
edolkf9,joy,joy,0.020199096,0.0010117403,0.0018464634,0.9355481,0.005071848,0.03632271
edomucj,joy,joy,0.0051901047,0.00051678193,0.0005552012,0.9852503,0.001046238,0.007441482
edonzs0,joy,joy,0.00068124634,0.00038487065,0.0003204105,0.9977447,0.0002461316,0.0006226491
edoo094,joy,joy,0.0005405129,0.0001691491,0.00026380442,0.9983321,0.00022704048,0.0004674817
edoo4e6,joy,joy,0.0007096907,0.0002382093,0.00020498922,0.99790275,0.00035075878,0.0005935091
edooilg,joy,joy,0.00034216102,0.00018652988,0.00027025572,0.99830747,0.00028866518,0.0006048966
edoojue,joy,joy,0.00039864643,0.00016852192,0.00027867575,0.9983814,0.0004020966,0.00037067928
edooupi,anger,anger,0.9886966,0.0062590605,0.0005307154,0.0010054166,0.0015234958,0.0019846722
edopj38,joy,joy,0.0005615249,0.0005393999,0.0012561918,0.9845168,0.0004619055,0.012664119
edopp4w,joy,joy,0.00039221637,0.00022290504,0.0003340019,0.99840975,0.00022014369,0.00042096595
edopx4p,joy,joy,0.0005485621,0.00013461433,0.00038046428,0.9968033,0.00056193303,0.0015711472
edopx74,joy,joy,0.00038495156,0.0001560979,0.00028009465,0.99805814,0.00029130516,0.0008294426
edoqwxm,joy,joy,0.0013481131,0.00018913408,0.00027407432,0.9959674,0.00023769357,0.0019836503
edorg5k,sadness,sadness,0.055142645,0.004139748,0.008673681,0.19011685,0.70071405,0.04121306
edorteb,joy,joy,0.00049676537,0.00026315288,0.00029596468,0.9977456,0.00022966985,0.0009688818
edostdm,joy,joy,0.00092660484,0.00015285882,0.00021891673,0.9966864,0.0002579789,0.0017572361
edot2ve,joy,joy,0.0009187057,0.00058218796,0.0008420896,0.96764785,0.0005332412,0.02947589
edotom8,joy,joy,0.00037622958,0.00026401112,0.00036842012,0.9980494,0.00020173073,0.0007402828
edotoxm,anger,anger,0.9834691,0.0031063806,0.002021319,0.0068367138,0.0036166334,0.0009499181
edottp2,joy,joy,0.0006376437,0.00018442667,0.00020925803,0.99732697,0.00033374308,0.0013079188
edou0iw,anger,anger,0.98795485,0.0052986285,0.00048436155,0.002515478,0.0023108996,0.0014356471
edou1mx,anger,joy,0.010201276,0.0005207269,0.00027846493,0.95104307,0.0016383531,0.036318053
edou4r6,joy,joy,0.000437356,0.000440578,0.0038754265,0.984091,0.009356079,0.0017996739
edov31u,sadness,sadness,0.07592031,0.012360149,0.0028358984,0.007322312,0.8975742,0.0039871284
edowtdr,joy,joy,0.0004769535,0.00022032778,0.0003470882,0.9983322,0.0002458621,0.00037754097
edoxfk1,anger,anger,0.9753365,0.013633557,0.0013342735,0.0061269733,0.0021207922,0.0014479258
edoxkhq,joy,joy,0.0014874852,0.00045875722,0.0004993844,0.9801593,0.0010608139,0.01633429
edoy4ha,anger,anger,0.43530253,0.2242886,0.25551248,0.008921318,0.06566741,0.010307709
edozct6,surprise,disgust,0.16650417,0.6882762,0.0192159,0.055255353,0.055468537,0.0152798705
edoztl6,joy,joy,0.21456255,0.0011004165,0.00086611725,0.66587085,0.011474928,0.106125206
edozzab,anger,joy,0.00514362,0.0002831207,0.0003512677,0.9885273,0.0005135883,0.005181034
edp03pn,anger,surprise,0.043568425,0.0022989544,0.00077395164,0.0028169686,0.0015684452,0.9489733
edp04nt,joy,joy,0.00045885015,0.00038696246,0.00038521996,0.9977901,0.00023762381,0.00074124435
edp09u3,sadness,sadness,0.0014105808,0.0011805486,0.0020672178,0.0016040506,0.9925713,0.0011662974
edp0uz2,surprise,surprise,0.008333654,0.0008679098,0.0007282891,0.001342416,0.0010508597,0.98767686
edp1yr9,fear,fear,0.18539225,0.12620202,0.41289082,0.0050046174,0.26217484,0.008335387
edp275p,joy,joy,0.0006385207,0.00018941861,0.00023953227,0.99835074,0.00026149367,0.00032028335
edp2c5v,joy,joy,0.0002915407,0.00022294762,0.0005532231,0.9965863,0.00035310036,0.0019928075
edp2o6z,surprise,surprise,0.006082179,0.000722236,0.00053102046,0.0018933794,0.0012799894,0.9894912
edp41y7,surprise,surprise,0.0025281978,0.0011321583,0.0010359894,0.00078184105,0.0008020109,0.9937198
edp4grt,joy,anger,0.98470056,0.0019395525,0.0005669095,0.0052726245,0.0036362016,0.0038841562
edp4m3v,anger,joy,0.05672736,0.0015645669,0.00059998315,0.9104293,0.0044694906,0.026209274
edp4rfw,anger,anger,0.9250298,0.035447877,0.0012265029,0.030926399,0.00430914,0.0030602554
edp51uv,joy,joy,0.0012901347,0.00073968945,0.005474867,0.98764473,0.0015328125,0.0033176988
edp6bff,joy,joy,0.0009301211,0.00020860671,0.00021706858,0.99779534,0.0002817796,0.0005670981
edp6war,joy,joy,0.001174463,0.0015359093,0.03614729,0.9542778,0.0012435135,0.005620998
edp6zfs,joy,joy,0.00038713758,0.00016575877,0.00025707815,0.9982887,0.00025210125,0.0006491421
edp99d7,joy,anger,0.827508,0.0054637636,0.0007743488,0.05765521,0.03094505,0.077653654
edpajxv,joy,joy,0.00047678317,0.00024133567,0.0003661492,0.9974885,0.00028985593,0.0011374756
edpan4m,joy,joy,0.0006309123,0.00020808542,0.0003587764,0.99813265,0.00021297291,0.0004565169
edpandf,surprise,joy,0.0009278384,0.0010006978,0.0012536292,0.98192686,0.0005657327,0.014325288
edpbrzh,surprise,surprise,0.0033292149,0.00090371014,0.0008339616,0.0016597267,0.0018246762,0.9914487
edpbzcq,joy,joy,0.00041781543,0.00018338526,0.0004111905,0.99829775,0.00027753296,0.00041234304
edpdjnp,joy,anger,0.54599243,0.0019524108,0.0010772992,0.007394699,0.008902641,0.43468046
edpdso7,joy,joy,0.0002863972,0.00017696679,0.00034607248,0.99821705,0.00035214223,0.00062143523
edpf05v,anger,anger,0.9075266,0.0022980894,0.0017585789,0.060078427,0.021081436,0.007256845
edpf59x,joy,joy,0.00035425808,0.0002215037,0.0003459395,0.9983127,0.0002228088,0.0005427095
edpfc49,joy,joy,0.00073290255,0.00025101035,0.0003148913,0.99522394,0.00066093117,0.0028162801
edpfcvh,fear,fear,0.0022938212,0.013672047,0.9741933,0.0016358835,0.002178702,0.0060262172
edpfdwt,sadness,fear,0.02033189,0.15291986,0.494663,0.28507274,0.0213058,0.025706684
edpffvf,sadness,sadness,0.0015681847,0.0013227233,0.0011097805,0.0036793908,0.99049824,0.0018216199
edpg57t,joy,joy,0.0011547789,0.00019084912,0.00031300672,0.99733377,0.0005161832,0.00049152813
edpgrl4,joy,anger,0.76490533,0.002302523,0.001983264,0.14926988,0.03869152,0.04284759
edphf64,anger,anger,0.71547925,0.061729565,0.0021499593,0.027571168,0.17274697,0.020323081
edpi54q,anger,anger,0.97741926,0.009541092,0.0013071484,0.0017985028,0.008687872,0.0012461666
edpjd0y,anger,anger,0.98715323,0.0046104323,0.00081881083,0.0016905279,0.004326757,0.0014001952
edpjmla,surprise,surprise,0.0019730881,0.0014341066,0.0008370644,0.0019124395,0.0008009892,0.99304235
edpk1j0,joy,joy,0.00034671352,0.0002148361,0.00029588377,0.9983436,0.00021238504,0.0005866309
edpkmzr,joy,joy,0.015734939,0.00063018047,0.00037549995,0.9816871,0.00072585815,0.0008463942
edpltjr,joy,joy,0.00036864763,0.00017299576,0.00037827823,0.998151,0.00021579994,0.00071327115
edpmtxr,surprise,surprise,0.004756356,0.0006222359,0.00048210428,0.005820936,0.00073209463,0.9875864
edpnfkz,joy,joy,0.022887737,0.00063999626,0.00056838716,0.9693326,0.000865687,0.005705628
edpngbz,sadness,sadness,0.00835193,0.002113787,0.04431173,0.0040037874,0.9268416,0.014377158
edpp00u,anger,anger,0.8780333,0.008436317,0.00084918627,0.018183926,0.019720854,0.074776486
edpqigh,anger,anger,0.7624048,0.0020398903,0.0010111063,0.22062811,0.0027517688,0.011164381
edpqr05,surprise,surprise,0.004532763,0.0017457027,0.0017984809,0.24473266,0.00074592745,0.74644446
edpuk1k,joy,joy,0.030841963,0.00060134963,0.00032490044,0.94269156,0.0024012397,0.023138924
edpuwr8,joy,joy,0.00041326406,0.00017751,0.00032197704,0.9982168,0.00023617008,0.0006342952
edpwpju,anger,anger,0.9784514,0.014857453,0.0021359124,0.0011045776,0.0022506933,0.0011999566
edpwpzk,anger,anger,0.9884016,0.0028257587,0.00059220643,0.003660024,0.001506403,0.0030139685
edpyllq,surprise,surprise,0.0018246515,0.00081453787,0.0006540802,0.005521116,0.00050362776,0.990682
edpymfy,joy,joy,0.0385307,0.009940723,0.0028373888,0.48489606,0.010092351,0.45370275
edpyqcu,joy,joy,0.00045173723,0.0001423172,0.00031167993,0.9981918,0.0001986069,0.00070387824
edq0gpy,joy,joy,0.0002863757,0.0001963814,0.0003350975,0.9980983,0.00023708005,0.00084673334
edq0sdi,surprise,surprise,0.203617,0.0026433887,0.0030376134,0.27699608,0.044438314,0.4692676
edq0z5k,joy,joy,0.00049712264,0.00020641625,0.0002728301,0.9983991,0.0001962391,0.00042830565
edq12qp,surprise,surprise,0.006929695,0.0031130558,0.002811217,0.018693473,0.008556917,0.9598957
edq1y7t,joy,joy,0.0059245685,0.00023690442,0.0002602457,0.9899277,0.00071585557,0.002934666
edq3dd5,surprise,surprise,0.0020739525,0.0017942506,0.0038097145,0.10920097,0.0014856359,0.8816355
edq50jv,joy,joy,0.0128997965,0.00039809418,0.00048098707,0.9521888,0.0015759157,0.032456372
edq5e3n,joy,joy,0.0003342972,0.00022889652,0.00039938613,0.9978649,0.00028387512,0.000888639
edq6cy6,joy,joy,0.0005100736,0.0003463511,0.00049277185,0.9973247,0.00040993933,0.000916144
edq6h7r,anger,surprise,0.37031913,0.0052925195,0.0011288706,0.027449023,0.006138058,0.5896723
edq6shj,fear,fear,0.0016280462,0.015247548,0.97512543,0.0009883181,0.0041587576,0.0028518746
edq7czx,joy,joy,0.00046436914,0.00025699704,0.0003019128,0.99649197,0.00018774712,0.002297009
edq7j4u,surprise,surprise,0.0012376821,0.0010319203,0.0009468909,0.0012687808,0.00075542356,0.9947594
edq8t3g,joy,joy,0.0006345021,0.0002412024,0.00026096296,0.99813724,0.0002800728,0.0004460082
edq9euc,sadness,sadness,0.0009835684,0.0016818652,0.0019142128,0.0024036402,0.99219316,0.0008235055
edqcrar,joy,joy,0.10223512,0.0017124221,0.000874136,0.71363515,0.009269064,0.17227407
edqdhl6,joy,joy,0.00039226774,0.00017442886,0.00030411128,0.99837434,0.00020785295,0.0005469615
edqdlsk,joy,joy,0.00041326162,0.00026929608,0.00031314953,0.9982761,0.0002685572,0.0004595581
edqdsgy,joy,joy,0.0006572659,0.00015291621,0.00021589025,0.99720603,0.00023287092,0.0015350248
edqe6gz,joy,anger,0.91743827,0.04371642,0.0010592645,0.020446943,0.010791154,0.0065480373
edqe733,anger,anger,0.98846686,0.0026862766,0.00040076187,0.0046299445,0.0016043909,0.0022118
edqec4t,joy,joy,0.0005747333,0.00014486031,0.00022105925,0.9983069,0.0002619814,0.0004905153
edqec8i,joy,sadness,0.11767238,0.006411031,0.01844795,0.016493665,0.67711204,0.16386293
edqffcx,sadness,sadness,0.0017247451,0.0013846292,0.0012551049,0.0024162158,0.99151856,0.0017006876
edqfwbb,sadness,sadness,0.0017169053,0.0014498986,0.0013019063,0.0012348649,0.9929477,0.0013486987
edqihj5,joy,joy,0.0003517083,0.000109978784,0.00027438,0.9978811,0.00042615112,0.0009565289
edqlbay,joy,joy,0.00048141586,0.00032571924,0.00036861515,0.9974118,0.0002049462,0.0012075077
edqm4rl,joy,joy,0.00050041795,0.0003257067,0.00032084677,0.9980813,0.0002465671,0.0005251509
edqmogu,surprise,surprise,0.06307745,0.0015228105,0.004696934,0.045488965,0.009105769,0.8761081
edqp31f,sadness,sadness,0.0014141764,0.0024205444,0.0013570328,0.0048258887,0.9883123,0.0016701182
edqpdqx,joy,joy,0.001169296,0.001450019,0.018933345,0.9715495,0.0045541814,0.0023437308
edqpjb5,surprise,joy,0.0037285704,0.0010551707,0.0022590111,0.6543321,0.007792641,0.33083248
edqpmkt,joy,joy,0.0007595266,0.0004476596,0.00028873625,0.9970925,0.00029485085,0.0011166517
edqpx9b,joy,joy,0.00038266755,0.00025310492,0.0002960437,0.9982376,0.00024638663,0.0005841787
edqq3o6,surprise,surprise,0.0075440085,0.0007388378,0.00073153875,0.0026351563,0.0012701052,0.9870803
edqraas,sadness,sadness,0.016511245,0.0038169099,0.0020597302,0.014176212,0.7312476,0.23218828
edqruhw,anger,anger,0.98014396,0.0048843096,0.000803762,0.0055222497,0.003511284,0.005134514
edqso6b,joy,surprise,0.012363651,0.001217615,0.0015063095,0.24644898,0.0023084204,0.73615503
edqtehl,joy,joy,0.29691535,0.002018675,0.0016947935,0.6845597,0.0030258894,0.011785628
edqwurc,anger,anger,0.9848489,0.0027505623,0.0004870148,0.0058908765,0.0049938844,0.0010288529
edqymza,surprise,surprise,0.004147852,0.00078561594,0.0005372052,0.0016336808,0.00086415245,0.9920316
edr1vjf,joy,sadness,0.0011654351,0.00075644994,0.0016639892,0.0041083014,0.99126947,0.0010364876
edr23bq,joy,joy,0.00082295365,0.0003723441,0.0003137015,0.9973802,0.0004201384,0.0006905514
edr298t,surprise,surprise,0.0021054763,0.0007377323,0.0007182862,0.004929511,0.00076739537,0.9907417
edr4knm,joy,joy,0.00074405305,0.00034312392,0.0002447765,0.99777514,0.0002300085,0.0006628925
edr74yn,joy,joy,0.00044931803,0.00017719239,0.0003110197,0.9982475,0.00024145668,0.0005735917
edr7dnd,joy,joy,0.00037422348,0.00017169128,0.00028918427,0.99833494,0.0004950274,0.00033499062
edr7mzv,joy,joy,0.00036397425,0.00027444953,0.00042477652,0.99386346,0.00025580582,0.0048176264
edr85qe,joy,joy,0.00034456866,0.00019891304,0.00035420354,0.9983242,0.0003624143,0.00041570843
edr8dyg,joy,joy,0.00049982005,0.00022890358,0.00030847616,0.99831736,0.00018962481,0.00045587734
edr8tj5,joy,joy,0.001130931,0.00027873137,0.0002972254,0.99564797,0.000296196,0.0023490065
edr9n1q,joy,joy,0.0013591731,0.00030010656,0.00034763568,0.9821061,0.0008014233,0.015085601
edr9ngo,fear,fear,0.0013125469,0.013012177,0.97853446,0.002256465,0.0033401784,0.0015441368
edrau51,anger,joy,0.0026421559,0.00016656192,0.0002675484,0.995252,0.000307208,0.0013645267
edrcewm,joy,joy,0.00035087808,0.00019998227,0.00031512705,0.99843115,0.00020884677,0.0004939927
edrcnmk,sadness,joy,0.016818931,0.0006363488,0.00081938173,0.9657357,0.006043148,0.009946473
edrcvp4,joy,joy,0.00028194248,0.00024582903,0.00051979756,0.99802566,0.00023360459,0.00069323956
edrczkc,surprise,surprise,0.0037821254,0.0010571836,0.0007821157,0.0010988263,0.0007692781,0.99251056
edrdidm,anger,anger,0.9884515,0.004053626,0.0009899085,0.0013337173,0.0014561177,0.0037151477
edrdn2n,joy,joy,0.000497527,0.00020052373,0.00041001278,0.9979564,0.00023446864,0.0007010647
edre8pt,joy,joy,0.0004426367,0.00015932451,0.00025315103,0.9983614,0.00032256462,0.00046087528
edreifi,joy,joy,0.0016065136,0.0001666283,0.00019771737,0.99688655,0.00043691645,0.00070565264
edrf0al,joy,joy,0.0072916117,0.0013172652,0.0036379306,0.7653896,0.00875347,0.21361013
edrfm6u,joy,sadness,0.0024870876,0.0030966832,0.0034582058,0.2322837,0.7494649,0.00920941
edrh2ob,joy,joy,0.0004594748,0.0002618941,0.00031300532,0.99830365,0.00017892019,0.00048307207
edrhbcf,joy,joy,0.0003296076,0.00022336423,0.0002926479,0.9982287,0.00025321398,0.00067244476
edrim01,joy,joy,0.00062775495,0.00041592913,0.00030920462,0.9963716,0.0004602182,0.0018153444
edrj7db,joy,joy,0.00056315365,0.00037467573,0.00036594504,0.9978484,0.0002470485,0.0006007239
edrjaqa,joy,sadness,0.032371487,0.003564045,0.008739427,0.04691565,0.6240786,0.2843308
edrklwd,fear,fear,0.0036327285,0.018598707,0.9668112,0.0026284372,0.0019933826,0.006335594
edrmj4f,joy,joy,0.00047783463,0.00032846417,0.00031926687,0.99824023,0.0002472101,0.00038701616
edrmywj,joy,joy,0.0004187595,0.00018190872,0.00039098994,0.9982608,0.00033520287,0.00041243355
edrn0zv,surprise,anger,0.8855417,0.005271643,0.0006404059,0.004961655,0.0056052106,0.09797945
edrnqmf,anger,anger,0.7395076,0.0042715925,0.0007293237,0.005679959,0.0025674189,0.24724409
edrnva4,sadness,sadness,0.0023080844,0.0012913423,0.0007357679,0.0023950138,0.9919647,0.0013051408
edrognf,surprise,surprise,0.0050283,0.0012264503,0.00061024114,0.0017326017,0.0019163837,0.98948586
edroxdq,joy,joy,0.00038863174,0.00016417183,0.0002565053,0.99844366,0.00038841888,0.00035854816
edrpd12,joy,joy,0.2998585,0.029721735,0.010716589,0.63189304,0.023022296,0.0047878483
edrppj5,joy,joy,0.00025756125,0.00019020811,0.00038815665,0.9982665,0.0002928879,0.0006047653
edrqcb6,anger,anger,0.5867277,0.12690642,0.0057541304,0.0036885922,0.26196635,0.014956853
edrrskr,surprise,surprise,0.0051277042,0.0011840629,0.0011191223,0.0039635617,0.0006608706,0.9879447
edrry0k,joy,joy,0.008825121,0.0006864169,0.0011070432,0.90233004,0.07636485,0.010686544
edrsr24,joy,joy,0.00076405035,0.00027733415,0.000272742,0.99794143,0.00016761565,0.00057686283
edrsxim,anger,anger,0.97433907,0.009069997,0.00055830873,0.010462656,0.004089671,0.001480301
edrtg0a,joy,joy,0.00044067594,0.00013495375,0.0003983139,0.99794143,0.0005141572,0.00057051994
edruchh,joy,joy,0.0003455782,0.000299305,0.0003350433,0.99809784,0.00025926068,0.00066299527
edruvzw,joy,joy,0.0005727095,0.00040240542,0.0003240988,0.99782026,0.00021646,0.00066412287
edrv5yu,surprise,surprise,0.0053273165,0.0013160962,0.0006661191,0.0009822081,0.0004549776,0.9912532
edrv95f,disgust,disgust,0.020136395,0.927771,0.024096088,0.010097193,0.013356467,0.004542875
edrvbk6,joy,joy,0.0007278542,0.00027878454,0.00047424954,0.9943158,0.00028556344,0.0039176946
edrvfsf,surprise,surprise,0.0024513898,0.0011773036,0.0008009173,0.0015735518,0.0005325702,0.9934642
edrvz07,sadness,joy,0.009027484,0.0040901178,0.015286912,0.71741444,0.2266978,0.027483273
edrxoaj,sadness,sadness,0.053928666,0.0023814861,0.005173371,0.13266714,0.79390067,0.011948645
edrxucy,surprise,surprise,0.010656635,0.00234186,0.0015002862,0.00080748566,0.0015328304,0.9831609
edrxykw,surprise,surprise,0.15174474,0.0031692765,0.003172261,0.012024497,0.045698185,0.7841911
edryagm,joy,joy,0.0010003067,0.00022001781,0.00028911146,0.9976058,0.00023039225,0.00065432535
eds1dcs,sadness,sadness,0.33472508,0.26206577,0.0085508665,0.013445126,0.37181076,0.009402391
eds2dig,joy,joy,0.00045273572,0.00028787626,0.0004451743,0.99769765,0.00017048136,0.0009460913
eds2u7o,joy,joy,0.00039813947,0.00024906962,0.00029160347,0.99760723,0.00030141653,0.0011526246
eds2wyn,joy,joy,0.00037795797,0.00020721571,0.0002501058,0.9982356,0.00031039998,0.00061877724
eds3253,joy,joy,0.00029345526,0.0002123725,0.00033699107,0.99843127,0.00021127498,0.0005145731
eds4jjg,joy,joy,0.0003284193,0.00026743827,0.0007373097,0.98996824,0.00044335553,0.008255283
eds5cvi,joy,joy,0.0009706174,0.0002992917,0.000333128,0.9961308,0.0004762591,0.001789821
eds7qw2,joy,joy,0.00030032662,0.00020769973,0.00041219805,0.9982855,0.00023148776,0.00056272966
eds9hph,joy,joy,0.026003867,0.0006838537,0.0019052869,0.96839786,0.0014903066,0.0015187259
eds9ris,joy,joy,0.00055685645,0.00020312231,0.0002583865,0.99814117,0.00026438787,0.0005760909
edsazhn,anger,joy,0.27761757,0.00837441,0.0019159116,0.65347856,0.019850792,0.038762763
edsboyl,anger,joy,0.300348,0.002887588,0.0008671839,0.6821597,0.0019716076,0.011765892
edsch1w,joy,joy,0.00032698683,0.00028863587,0.00036480295,0.9981851,0.00027929805,0.00055519096
edscmpc,joy,joy,0.00051031937,0.0004170511,0.00039676225,0.99732625,0.00026046784,0.0010891454
edsek81,anger,anger,0.97162455,0.021274298,0.0009930446,0.001316764,0.002759248,0.0020320897
edsf9y3,joy,joy,0.00043820473,0.00037544422,0.0004992054,0.99767953,0.000364921,0.00064272573
edsg1hv,surprise,surprise,0.39077795,0.0028330607,0.0009287884,0.00763233,0.0069205454,0.5909073
edsgre5,joy,joy,0.0013493649,0.0001523583,0.00027451472,0.99717593,0.00040477043,0.0006429738
edsgtil,surprise,surprise,0.002691265,0.00052219024,0.0007776606,0.0037787422,0.00198566,0.9902444
edskqze,surprise,surprise,0.0016334174,0.0010566567,0.0008106124,0.0015598141,0.0005328579,0.9944067
edsm5k1,joy,joy,0.042341415,0.0010808037,0.0021252402,0.58000773,0.005203615,0.3692412
edsouvt,joy,joy,0.00083123735,0.00023625318,0.00034009202,0.99670994,0.00074337993,0.0011390678
edspluf,anger,anger,0.9789402,0.009212088,0.0012009946,0.005490922,0.0032384053,0.0019174496
edsrbvl,joy,joy,0.0003644989,0.00021915042,0.0003550484,0.99814343,0.00020465946,0.000713226
edstb0h,joy,joy,0.0018400835,0.00028836323,0.0013810272,0.9878834,0.007100567,0.0015065821
edsuk5q,joy,joy,0.000862585,0.00028604784,0.00028088325,0.9964547,0.0006865479,0.001429216
edsv92b,joy,surprise,0.010165143,0.002113898,0.0018631776,0.40287906,0.0032655299,0.5797132
edswekx,joy,joy,0.0004355827,0.00035761265,0.000509442,0.996861,0.00020128157,0.0016351908
edswoh3,joy,joy,0.00027567334,0.00024484523,0.0003560991,0.9977042,0.00041500808,0.0010042412
edsy4ss,joy,joy,0.00041967977,0.00017945596,0.00027480166,0.9959409,0.0003688351,0.0028163677
edszimp,sadness,sadness,0.0042489315,0.001486348,0.006456894,0.004581244,0.95810986,0.02511672
edt0fw4,anger,joy,0.009330557,0.00044644537,0.0003104,0.9838885,0.0024225705,0.003601515
edt16me,joy,joy,0.0002958656,0.00026464125,0.00036526442,0.9978683,0.00036316528,0.0008426836
edt2a5d,sadness,sadness,0.0008468916,0.0019535313,0.0016576874,0.0016289505,0.9929904,0.0009226098
edt2mxr,joy,joy,0.002415218,0.0059120753,0.23309565,0.6655816,0.08215018,0.010845284
edt4yhh,anger,anger,0.9808271,0.0028374363,0.00045084406,0.004987437,0.007021296,0.0038758772
edt5c68,anger,disgust,0.2621868,0.44433522,0.0119899195,0.06563805,0.18891178,0.026938267
edt5i57,joy,joy,0.00031245768,0.0002063957,0.00027287606,0.99828535,0.0002756446,0.00064720144
edt60bk,joy,joy,0.0004199381,0.0002079096,0.00035845552,0.99828655,0.00023129316,0.00049582974
edt6hyt,joy,joy,0.00031491186,0.00019258256,0.00034529335,0.9984156,0.00028698027,0.00044466203
edt82so,surprise,surprise,0.0020331736,0.00089728326,0.0007175493,0.0009643893,0.0009064166,0.9944811
edt8ev8,surprise,surprise,0.0015054548,0.0009935892,0.0008532253,0.0010971181,0.0005963423,0.9949543
edt92z8,anger,anger,0.9250278,0.012757642,0.0012682836,0.055064786,0.0046331757,0.0012483635
edt9aoq,joy,joy,0.00070421526,0.00025791684,0.00024651724,0.9979462,0.00018411313,0.0006610306
edt9f93,joy,joy,0.00097230903,0.0003323572,0.00059432146,0.98830813,0.00026748318,0.009525426
edt9jz1,joy,anger,0.97611576,0.0050601405,0.00089550734,0.014033483,0.0030749498,0.0008201176
edt9n9k,joy,joy,0.0005513243,0.0002221964,0.00031107388,0.9976922,0.00019852321,0.0010247353
edtauw2,joy,joy,0.0004626273,0.00013136548,0.00022282268,0.9982768,0.00022459813,0.0006817677
edtd82h,surprise,surprise,0.0050528035,0.0008150497,0.0007872305,0.0010115564,0.0010207309,0.99131256
edtd8c4,joy,surprise,0.0020240955,0.0016773524,0.0045729773,0.24243939,0.0020226212,0.7472635
edtey94,joy,joy,0.0004897962,0.00028473954,0.00035337117,0.9981857,0.00024011084,0.00044628792
edtf45q,joy,joy,0.0004976752,0.00018940543,0.00047363012,0.99724126,0.00023747046,0.001360511
edtf72o,sadness,fear,0.025800439,0.0064485325,0.57502586,0.03142473,0.13032189,0.23097853
edtf8mk,sadness,sadness,0.0012049928,0.0011590219,0.0013779072,0.001367582,0.99399066,0.0008998684
edtg8fe,anger,anger,0.88607615,0.0063209343,0.006789231,0.022199748,0.05087007,0.02774381
edthwkv,anger,anger,0.7529102,0.0031320543,0.002129996,0.230502,0.003927418,0.0073982817
edti0ld,joy,joy,0.0003817696,0.00026431552,0.00048448556,0.99643767,0.00027091766,0.0021609154
edti0op,joy,joy,0.00039538386,0.000209742,0.00036574036,0.9981495,0.00022399708,0.0006556711
edtiadm,joy,joy,0.00067020283,0.0004689178,0.00037276038,0.9973545,0.00025428753,0.000879291
edtidcz,joy,joy,0.00038648912,0.00021798268,0.00033488031,0.998346,0.0002393811,0.00047525487
edtjjy3,surprise,surprise,0.0037391044,0.0007745285,0.0005762208,0.0040341485,0.0006384628,0.99023753
edtjmvq,sadness,sadness,0.052202124,0.0025884265,0.0073663113,0.012090529,0.91906947,0.006683204
edtkkzd,joy,joy,0.00030348482,0.00023499914,0.0002663783,0.9965591,0.00031294502,0.002323043
edtlh85,fear,sadness,0.026019126,0.04695916,0.03485768,0.0066233804,0.8783499,0.007190753
edtmbvs,joy,joy,0.00030540786,0.00016277783,0.00030345193,0.9981755,0.00022247604,0.0008304732
edtmk0s,joy,joy,0.14877276,0.0027760773,0.0019326286,0.686218,0.012508006,0.1477925
edtnhx8,joy,joy,0.0005136346,0.0002312909,0.000306321,0.9983682,0.00025074207,0.00032986907
edtnls3,joy,joy,0.0006229163,0.00019655029,0.00023216227,0.9981949,0.00018946924,0.0005640422
edtntgz,anger,joy,0.00087359635,0.00020099586,0.0002112093,0.99568236,0.0010329527,0.0019988918
edtosu3,surprise,surprise,0.03670347,0.0014400075,0.00066786906,0.0015390153,0.0030520374,0.95659757
edtowbj,fear,fear,0.0034174868,0.013656611,0.9271354,0.0021220192,0.03877222,0.0148963295
edtqygn,joy,joy,0.0020426854,0.00017436926,0.0002399771,0.99380577,0.0026695689,0.0010677165
edtr2ur,joy,joy,0.00051822653,0.00018578024,0.00024113484,0.9981536,0.000338699,0.00056258834
edtsmxa,surprise,surprise,0.15896119,0.01884708,0.061813224,0.023048596,0.014369006,0.7229609
edtuov8,joy,joy,0.0029767232,0.0009270311,0.0010090811,0.9369391,0.0020549204,0.056093145
edtvwda,joy,joy,0.0021051527,0.0002649257,0.00065165106,0.9901063,0.0027793464,0.0040925923
edtw33n,surprise,surprise,0.035431623,0.0019391205,0.0005752318,0.004003191,0.0049675982,0.9530833
edtwbmr,joy,joy,0.00041701208,0.00020475991,0.00031057934,0.9974788,0.0002270345,0.0013619101
edtzrwa,joy,joy,0.00036323402,0.00022877869,0.00037393236,0.9982315,0.00024035416,0.00056218967
edu25vw,anger,anger,0.9830427,0.006886112,0.002699257,0.0021946717,0.0025554893,0.002621712
edu3vgv,anger,anger,0.9838139,0.0027990106,0.00086621323,0.00492679,0.0016999807,0.0058940933
edu4g7b,joy,joy,0.00030947948,0.0002680494,0.0003719306,0.99712414,0.0002728486,0.0016535113
edu4y8j,joy,joy,0.0048150825,0.0060432283,0.012254345,0.944987,0.021850841,0.01004961
edu4yj3,joy,joy,0.0005584938,0.00020101019,0.00030138993,0.99724823,0.00035724614,0.0013336531
edu5c7g,anger,anger,0.97776186,0.014195862,0.0007752926,0.001912331,0.0028788752,0.0024757446
edu5i5x,anger,anger,0.9364339,0.0027302168,0.0009000938,0.00964186,0.041330103,0.0089638345
edu5jt3,joy,joy,0.010581323,0.0009519899,0.00042024197,0.97438824,0.0006584968,0.012999694
edu78sc,fear,fear,0.002474456,0.011322411,0.97268957,0.0016946356,0.002662094,0.0091568595
edu9tv3,joy,anger,0.98523617,0.005118847,0.00072726153,0.0061520026,0.0016215619,0.0011441982
eduarmr,joy,joy,0.00055064814,0.00040362516,0.00035800497,0.9977742,0.00023553219,0.0006779598
eduaun3,joy,joy,0.00031685585,0.00019229739,0.00033218437,0.99841475,0.00024219991,0.00050166424
educr3b,surprise,anger,0.62517697,0.0025361462,0.001027201,0.08446367,0.0032392452,0.28355676
eduduat,anger,anger,0.98853195,0.0048562465,0.00059072906,0.00086519826,0.0018182725,0.0033375588
eduersu,joy,joy,0.00096283975,0.00018859768,0.00019117526,0.99778026,0.00030613242,0.00057096715
edug0vo,joy,joy,0.000357768,0.00019550971,0.00034266716,0.9983564,0.00033482153,0.00041278242
edug2s6,joy,joy,0.003118622,0.00061442226,0.0010206272,0.8881616,0.006823315,0.100261524
edugqcn,joy,joy,0.00040013663,0.00016760608,0.00022970639,0.99824893,0.0003324448,0.0006212017
eduh6da,joy,joy,0.00033180037,0.00019457194,0.0003653067,0.9981351,0.00025599916,0.0007172707
eduhe13,joy,joy,0.0015657493,0.00031451686,0.00019465077,0.9969722,0.0002969083,0.0006560213
eduhsma,joy,joy,0.0003252729,0.00022379165,0.0007485327,0.9959623,0.0014225885,0.0013174897
edui5jv,disgust,joy,0.0012161229,0.00022690013,0.00026051668,0.99748755,0.00021463407,0.0005943236
eduieux,joy,joy,0.00048519022,0.00037934873,0.00036020068,0.99766004,0.00022173689,0.00089343736
eduioiv,joy,joy,0.0005716277,0.00044128307,0.00040208697,0.996938,0.00022113055,0.001425883
eduiuel,joy,anger,0.8224882,0.0028034048,0.00092251046,0.060763996,0.015618922,0.09740301
eduiukq,joy,joy,0.0003710838,0.00021216423,0.00037669556,0.99804115,0.0003258558,0.0006730635
eduj0ei,joy,joy,0.00035922628,0.00013469443,0.00032111414,0.99790466,0.00043635673,0.0008439854
edujai9,joy,joy,0.000811008,0.00027066862,0.00027745412,0.9943299,0.00041850275,0.003892428
edukmpa,joy,joy,0.00034587405,0.00015537512,0.00030699593,0.9985318,0.0002350271,0.0004248791
eduml8h,sadness,surprise,0.0009721539,0.0006788887,0.0009288778,0.0089096995,0.0012190926,0.9872914
edun2us,joy,joy,0.027755074,0.006076873,0.036590192,0.75572824,0.021748342,0.15210119
edunlf5,joy,joy,0.0014219336,0.00031911157,0.00033199604,0.9892916,0.0015892116,0.007046111
eduqjmi,joy,joy,0.00032600906,0.00014298529,0.00023534977,0.99830014,0.0004319781,0.00056358305
edur2ks,fear,joy,0.0010657219,0.00095745723,0.015248483,0.9800884,0.001258858,0.0013811737
edurmc9,sadness,sadness,0.02894737,0.0062589943,0.0013242501,0.0024946982,0.95915025,0.0018244528
edurr0z,joy,sadness,0.2875396,0.003450065,0.019163152,0.29285076,0.3751525,0.021843897
edus87j,joy,joy,0.010417221,0.00042249556,0.00038147822,0.9850462,0.00049489137,0.0032376396
edush3w,joy,joy,0.0007119029,0.0001568581,0.00034658407,0.98711294,0.0008492156,0.010822477
edusjyi,surprise,surprise,0.00863899,0.000941902,0.0021042144,0.27892506,0.013224608,0.6961652
eduspn3,joy,anger,0.45359087,0.025790807,0.003572484,0.08621175,0.12421037,0.3066237
edut0kq,joy,joy,0.0044465326,0.00067572563,0.0019201867,0.9349667,0.0012173528,0.05677353
edutjm3,surprise,joy,0.0006991497,0.0010234826,0.0022775119,0.9497728,0.0008262057,0.045400795
eduuha4,joy,joy,0.00078141293,0.0006162661,0.0005623783,0.99104404,0.0006111269,0.006384793
eduuwuw,anger,anger,0.5478864,0.4132644,0.0056857206,0.010182527,0.018354509,0.004626547
edux4v5,joy,joy,0.0018313914,0.0009023606,0.0010824306,0.8741481,0.0070790015,0.11495682
edux54r,anger,anger,0.9487226,0.0045987656,0.0006999926,0.022048082,0.001421122,0.02250949
edux59c,anger,anger,0.9355026,0.0038371242,0.0015821785,0.002112693,0.013236817,0.04372857
eduxq58,joy,joy,0.00024303579,0.00017798829,0.0003433434,0.99755114,0.00029940193,0.0013850728
eduxx9u,anger,anger,0.6079758,0.016768731,0.022021476,0.01437824,0.019586034,0.3192697
eduyz3m,sadness,sadness,0.040094122,0.012343243,0.002931647,0.002893959,0.9393616,0.0023754947
edv0f25,joy,joy,0.0005949159,0.00017414732,0.0002555397,0.9982679,0.00023011441,0.0004773792
edv18gz,joy,anger,0.9502085,0.0016988753,0.00096318085,0.038236402,0.0065597747,0.0023332443
edv2ae3,anger,anger,0.98457277,0.002800893,0.00089386577,0.0019093412,0.0022858677,0.00753728
edv2j3i,joy,joy,0.00026489364,0.00014229695,0.00033318298,0.99826956,0.00027741742,0.0007126789
edv3lb3,anger,anger,0.8008155,0.17452537,0.0048925723,0.010381776,0.004851663,0.0045330534
edv423d,anger,anger,0.9050333,0.012669497,0.00671001,0.0052687996,0.058753118,0.011565274
edv4kdd,joy,surprise,0.0049807956,0.001571556,0.0020581807,0.061803285,0.0015616744,0.9280245
edv5an2,joy,joy,0.0029966289,0.00038734515,0.00030931487,0.99262506,0.0004639531,0.003217731
edv5m5i,joy,surprise,0.01726369,0.0022257785,0.0014745948,0.16494443,0.0018784853,0.812213
edv6mtb,anger,anger,0.9900011,0.002951596,0.0010240728,0.0030719119,0.00153051,0.0014208482
edv6w6a,anger,joy,0.056029614,0.0026545096,0.00087312,0.9230516,0.009500749,0.00789043
edv7pxb,sadness,sadness,0.008656968,0.0011770315,0.0008244721,0.0040587164,0.9841171,0.0011656553
edv8jvw,joy,joy,0.0003554712,0.00024483004,0.00035325764,0.9983152,0.00021072524,0.0005204901
edv8u3p,anger,anger,0.989218,0.0043731355,0.0004767539,0.0035181935,0.0012458451,0.0011680538
edv90zr,disgust,disgust,0.035946198,0.9194773,0.014849272,0.010932936,0.014430478,0.0043637757
edv9tyb,joy,joy,0.0056748046,0.00031437102,0.00030432333,0.99185175,0.000402321,0.0014524708
edva1z2,sadness,sadness,0.0023812908,0.00088712294,0.0009808941,0.005263155,0.98862094,0.0018664905
edva8hj,joy,joy,0.00037811536,0.00025238743,0.00033772012,0.99835604,0.0002518587,0.0004238311
edvawr9,joy,joy,0.00035710694,0.00018200334,0.00031256417,0.9984895,0.0002932295,0.00036550473
edvb621,surprise,surprise,0.0018792644,0.0009046508,0.00086018484,0.0017733016,0.00044786406,0.9941347
edvcsq3,surprise,surprise,0.1535464,0.001409124,0.001189186,0.0063390774,0.013213102,0.8243031
edvct1g,joy,joy,0.21539705,0.020991085,0.0028433986,0.5926039,0.14543675,0.022727793
edvd8vo,anger,anger,0.59248924,0.004672237,0.0432145,0.21935219,0.071286604,0.068985246
edvdy44,fear,anger,0.9641186,0.0062591913,0.0075553786,0.015315984,0.0028516036,0.0038992413
edvem63,surprise,joy,0.009438056,0.0025392058,0.0016388952,0.51879764,0.023012526,0.44457367
edvfwit,joy,joy,0.0010559751,0.00014297912,0.00024233607,0.99731976,0.00032409944,0.0009149446
edvfzrr,joy,joy,0.0012561842,0.00014384364,0.00029329723,0.99687874,0.00022389015,0.0012040276
edvg1hx,anger,anger,0.85108864,0.0035866203,0.0005866141,0.005166373,0.00460303,0.13496871
edvgoy5,surprise,surprise,0.0025580074,0.00086926564,0.00078424835,0.0014218757,0.0004988313,0.9938678
edvgshl,joy,joy,0.0005416305,0.00013325176,0.00022416594,0.9969452,0.00038139295,0.0017742916
edvh4yp,surprise,surprise,0.02406069,0.001234233,0.0013962536,0.0071663437,0.005552253,0.96059024
edvh5n2,sadness,joy,0.23607148,0.016721498,0.0030760346,0.703459,0.027198024,0.013473943
edvhzyv,surprise,surprise,0.0016320169,0.0009609558,0.0008394588,0.00092231476,0.00057262194,0.99507266
edvilvq,joy,joy,0.00027941508,0.00016775851,0.00032939756,0.9984396,0.00033087636,0.00045297935
edvjkph,joy,joy,0.00040418538,0.00020778208,0.00040137192,0.9978702,0.00018683604,0.0009295289
edvka97,joy,anger,0.6073383,0.0023556766,0.0015834694,0.05445135,0.029353885,0.3049173
edvl862,joy,joy,0.0004963101,0.00016978054,0.000271649,0.99818367,0.000247763,0.0006308152
edvmi8h,joy,anger,0.9097589,0.002632117,0.002515421,0.025408393,0.024858516,0.034826525
edvoavi,joy,joy,0.060290378,0.001031237,0.0012322055,0.906143,0.011366977,0.0199362
edvr9o5,sadness,sadness,0.002934371,0.0029074883,0.002109754,0.007150279,0.9836446,0.0012534328
edvrezv,anger,joy,0.0009986237,0.0002061143,0.0004185121,0.99368757,0.00046236458,0.0042267498
edvrgzc,sadness,sadness,0.0029571648,0.0015226679,0.00082513824,0.0021199954,0.9915039,0.0010711325
edvvxsi,joy,joy,0.00052569975,0.00021065694,0.00023820845,0.99615353,0.00072192226,0.0021500187
edvz139,joy,joy,0.00041321176,0.00018862456,0.0003121026,0.9983461,0.0004061682,0.00033384847
edw07y2,sadness,surprise,0.005212771,0.002193248,0.0029360633,0.08698864,0.074207634,0.82846165
edw0cr4,joy,joy,0.000523147,0.00046702553,0.00043468116,0.99562067,0.00029404214,0.0026603474
edw0mrz,joy,sadness,0.3540225,0.014962321,0.0019030672,0.25418565,0.35853666,0.016389808
edw0t42,surprise,surprise,0.46643224,0.0021323403,0.001715428,0.03998679,0.0025527354,0.4871805
edw0xlg,joy,joy,0.00046064562,0.00015408732,0.0002545469,0.99839455,0.00018818703,0.00054796186
edw1c98,surprise,surprise,0.0017516915,0.0019288885,0.001644244,0.0073635248,0.00048660414,0.98682505
edw1xpl,joy,joy,0.00041344386,0.00017900056,0.00033995797,0.99822456,0.00048798573,0.00035501242
edw36wc,joy,joy,0.031842135,0.0041003213,0.0007790313,0.9491667,0.0041053765,0.010006534
edw3eet,surprise,anger,0.7907561,0.0047536236,0.0026878628,0.029778562,0.048292242,0.12373159
edw3uh9,joy,joy,0.0019347708,0.00049576466,0.00024837084,0.99513394,0.00059112365,0.001596078
edw419k,sadness,sadness,0.017624462,0.008736165,0.0014059354,0.0038679708,0.96695685,0.0014085993
edw4m95,joy,joy,0.0006902028,0.0004270021,0.0004181613,0.9959292,0.00020517995,0.0023302422
edw6cr9,joy,joy,0.0008888957,0.0002781302,0.00022599364,0.99781525,0.0004361479,0.00035546758
edw6nao,joy,joy,0.017060928,0.0012958241,0.007310752,0.7251512,0.20756033,0.041620992
edw77ec,joy,joy,0.0036080307,0.00043968228,0.00027838588,0.99300945,0.0004443675,0.0022201443
edw7914,joy,joy,0.00026462253,0.00021510213,0.0003918839,0.99737644,0.00024599384,0.0015059215
edw7tfe,sadness,sadness,0.0012773504,0.0012495671,0.001125304,0.0017279336,0.993606,0.0010139798
edw8x07,joy,joy,0.00045173682,0.0001805172,0.00025063002,0.99821234,0.0002835469,0.000621315
edw9mxm,surprise,surprise,0.0024483134,0.0006956948,0.0007004355,0.0018649889,0.0011317643,0.9931589
edwa0of,joy,joy,0.00068819086,0.00075262005,0.0005853146,0.99490154,0.00038079175,0.0026915807
edwad8f,joy,joy,0.0051079183,0.00034282982,0.00027264934,0.99306124,0.00041812085,0.00079715875
edwamw7,joy,joy,0.0007159385,0.00011566094,0.00024880265,0.99807394,0.00030371145,0.00054195727
edwar4t,joy,joy,0.0006386628,0.00018207764,0.00017548737,0.9977356,0.00021530277,0.00105287
edwaw82,joy,joy,0.00023369938,0.00019672107,0.00078810955,0.9966355,0.0010218649,0.0011242381
edwcfah,joy,joy,0.0005228671,0.00039601853,0.00035209383,0.9976283,0.00023375667,0.00086701027
edwf9b0,anger,anger,0.9839221,0.0027736789,0.001148372,0.0013276768,0.0055877767,0.0052402928
edwg2he,joy,joy,0.0011066061,0.00020709494,0.0003661603,0.9975188,0.0002534215,0.00054797274
edwhaem,joy,joy,0.00046752367,0.00027727833,0.00057474617,0.99547666,0.00046504743,0.0027386968
edwi0jw,joy,joy,0.0005251256,0.0002608703,0.00063785876,0.99341714,0.0045494614,0.0006095489
edwilev,anger,sadness,0.028043466,0.001927203,0.0046855127,0.10267438,0.8596825,0.0029870276
edwkhzy,sadness,sadness,0.0129006505,0.0013681977,0.0032707676,0.050222084,0.9256607,0.0065775462
edwlgq2,joy,joy,0.00063408323,0.00026757212,0.0002869393,0.9981369,0.00023467887,0.0004398578
edwlobm,joy,joy,0.0007301187,0.00033702058,0.00034757538,0.99684453,0.00028089643,0.0014598441
edwloev,sadness,sadness,0.003161841,0.0032687266,0.005329886,0.011510988,0.9697949,0.0069335653
edwm0eu,joy,joy,0.00039351863,0.00024169493,0.00033285614,0.99842286,0.00026099954,0.0003480799
edwmsuw,joy,joy,0.00046046244,0.00019867813,0.00023942495,0.9982717,0.0002805677,0.0005491173
edwmtc2,surprise,surprise,0.0037578258,0.00068322505,0.0006221203,0.0021607487,0.0007884643,0.9919876
edwnw1l,joy,joy,0.0003290622,0.0002205268,0.00044489434,0.99828243,0.00033257867,0.00039057655
edwt74b,surprise,surprise,0.0018430728,0.0007660273,0.0010193933,0.00090158894,0.0008709406,0.994599
edwtm8q,joy,joy,0.010926834,0.00033292148,0.00044624187,0.98636824,0.00064542826,0.0012803872
edwtmlc,joy,joy,0.0005820295,0.00020713279,0.00029919395,0.9981559,0.0002461126,0.0005096017
edwto6x,anger,joy,0.030075055,0.0004263327,0.0010491209,0.9626482,0.003082631,0.0027187332
edwtu4d,anger,joy,0.0020501986,0.0003355387,0.0011668508,0.93203646,0.0022598612,0.06215109
edwvkfi,sadness,anger,0.86420435,0.08247051,0.0015781315,0.010487913,0.033289015,0.007970015
edww55n,anger,anger,0.9848718,0.003430144,0.0005150375,0.00700428,0.0015530837,0.0026256833
edwwmej,joy,joy,0.0004365506,0.00018102025,0.00028951932,0.9984446,0.00019852065,0.00044980185
edwx4xt,anger,anger,0.98317957,0.00422235,0.00043298738,0.00942673,0.0017103796,0.0010280013
edwx5zg,joy,joy,0.00039245992,0.00014612357,0.00033606257,0.9970752,0.00026747418,0.0017826027
edwxmtq,joy,joy,0.0003887996,0.00020840554,0.00025604904,0.9977633,0.00028367655,0.0010997907
edwyk22,sadness,sadness,0.0018516256,0.0046582217,0.0068357047,0.15583552,0.7703487,0.06047021
edwz01i,anger,anger,0.8643664,0.002605126,0.0007911304,0.0821206,0.030492974,0.019623687
edwz4ms,joy,joy,0.00039947403,0.00020653776,0.00029256387,0.99847716,0.00028249837,0.00034176925
edwzk4a,joy,joy,0.0002961393,0.00022133131,0.00040847855,0.997335,0.00030055162,0.0014384247
edwzslq,anger,anger,0.97354287,0.002213297,0.0015246732,0.012444768,0.006039134,0.0042353105
edx0t80,surprise,surprise,0.009691743,0.0012920242,0.0005945927,0.0015107801,0.01113039,0.9757805
edx1m4z,anger,anger,0.98484725,0.0030913705,0.00071795983,0.0050381636,0.0049103266,0.0013949514
edx2c5f,joy,joy,0.00040421612,0.00012927104,0.00023260953,0.99813783,0.0003277387,0.0007683912
edx2gt9,joy,joy,0.00040858248,0.00031242223,0.0004438106,0.9976325,0.00017643053,0.0010261965
edx3b1v,surprise,surprise,0.002110662,0.0013112205,0.0006955284,0.002346916,0.0007376206,0.9927981
edx5avp,surprise,surprise,0.0019961062,0.0010061957,0.0007156876,0.0009097037,0.0008488198,0.9945235
edx5kk1,joy,joy,0.0006713241,0.00026504768,0.00035637102,0.9918761,0.00051942765,0.006311657
edx610q,joy,joy,0.000340385,0.00017846894,0.0003724386,0.9980173,0.0006073623,0.0004839561
edx6guq,anger,anger,0.9784362,0.0020640914,0.0009865697,0.005833086,0.0016786413,0.01100143
edx6mdm,joy,joy,0.00043354204,0.00023300624,0.0002798703,0.998309,0.00016369727,0.0005808678
edx6zp8,surprise,surprise,0.0026620917,0.0011164933,0.0029408946,0.1812279,0.04413988,0.76791286
edx7r3h,surprise,joy,0.13894518,0.005732831,0.0021866672,0.42212108,0.42090958,0.010104622
edx8ti9,surprise,joy,0.0026330228,0.0021564178,0.002876684,0.53869104,0.0020974127,0.45154545
edx93gw,sadness,anger,0.98469585,0.0062070973,0.00046408788,0.0014024897,0.005692529,0.0015379059
edx9567,anger,anger,0.9883902,0.005323724,0.0012842555,0.0023811457,0.0012556806,0.0013649471
edx9el4,anger,anger,0.9576617,0.0029758015,0.004310764,0.023101555,0.0060475995,0.0059025795
edxa535,joy,joy,0.00062821165,0.00016967538,0.0002850501,0.9980945,0.0003962229,0.00042632798
edxadhp,joy,joy,0.0005219782,0.00014907529,0.00037743323,0.9974369,0.001045418,0.00046924176
edxbzrb,anger,anger,0.98757905,0.0046451553,0.00044806077,0.0019014917,0.002152832,0.003273392
edxciwr,joy,joy,0.00039454454,0.00023737588,0.0009127237,0.9975031,0.00036150962,0.0005907136
edxckc4,anger,joy,0.004792043,0.0004802124,0.0002416862,0.9927148,0.00060748897,0.0011638253
edxcpc3,joy,joy,0.00039071796,0.000119886405,0.00026168546,0.99827445,0.0003663341,0.00058691116
edxcvjd,joy,joy,0.0003340897,0.00021665121,0.00034888173,0.9983741,0.0002652442,0.0004610396
edxd6no,surprise,joy,0.007605063,0.0005461488,0.0023331067,0.8002258,0.002226351,0.18706353
edxe09z,anger,anger,0.9878298,0.004632082,0.00078790006,0.0025478068,0.0014623387,0.0027400553
edxei3w,joy,joy,0.00043257984,0.0002354416,0.00031037003,0.9981079,0.0002992127,0.00061448436
edxffbd,joy,joy,0.00032063958,0.00021570371,0.000337911,0.9982761,0.00037147535,0.0004781723
edxfg53,joy,joy,0.043373816,0.0066088843,0.001828379,0.853228,0.0009876001,0.09397334
edxg0ex,joy,joy,0.018084377,0.0010618013,0.000416575,0.97084236,0.005920925,0.0036740133
edxg0sq,disgust,anger,0.65228796,0.011200252,0.00089406536,0.24863625,0.077273555,0.009707862
edxg5pu,anger,surprise,0.3058624,0.0025142955,0.0017866608,0.004201427,0.0065235896,0.6791117
edxh4uo,joy,joy,0.000728797,0.0002119986,0.0002462752,0.998026,0.00021854592,0.00056838203
edxj6ff,anger,anger,0.9893506,0.0019504882,0.00033660332,0.0037066115,0.0019216255,0.0027341188
edxl6b0,anger,joy,0.0006123758,0.00023804583,0.00029916983,0.99816954,0.00022678281,0.00045400707
edxl7a7,joy,joy,0.000468165,0.00019154897,0.00026422768,0.99553394,0.00037944858,0.0031626462
edxmsda,surprise,surprise,0.0019383617,0.00084970566,0.000930399,0.04143252,0.0019441594,0.9529048
edxn2in,joy,joy,0.00077042426,0.00035714233,0.00028598006,0.99752,0.00025865535,0.00080776203
edxnzi8,joy,joy,0.00051237864,0.00026355102,0.00029859605,0.99818665,0.00028010324,0.00045870012
edxoxsd,sadness,sadness,0.00081355905,0.001284234,0.0015461949,0.002182187,0.9929259,0.0012480331
edxp1pm,joy,joy,0.0074376687,0.0013739928,0.009219671,0.81956494,0.059358615,0.10304509
edxqq5l,surprise,surprise,0.001487101,0.001102172,0.00084619893,0.001199218,0.0011493196,0.99421614
edxrpqh,surprise,joy,0.004969102,0.001120408,0.002051917,0.67473364,0.002380542,0.31474435
edxso3y,sadness,sadness,0.0021198294,0.0016933657,0.0014991648,0.0151160965,0.97827405,0.0012975798
edxsw15,joy,joy,0.00054707896,0.0001950288,0.0002569117,0.9984199,0.00023184395,0.00034927897
edxt2cd,joy,joy,0.0018216039,0.0005975045,0.00083359506,0.95208037,0.00044187283,0.044224963
edxuqlr,joy,joy,0.0011415869,0.0006245482,0.00039871412,0.9936552,0.00035159293,0.0038283488
edxvucb,surprise,surprise,0.0015021762,0.0010523307,0.0009272542,0.0034333628,0.00051506166,0.99256974
edxwtut,joy,joy,0.00051741477,0.00018360307,0.00047302348,0.99606365,0.00041654258,0.0023457967
edxx0fa,joy,joy,0.00055271934,0.0002080287,0.00027301343,0.99832314,0.00027246095,0.00037060605
edxxfaz,joy,joy,0.0007101375,0.0003152426,0.00036145374,0.99795735,0.00021102208,0.00044478828
edxxiui,joy,joy,0.0005214888,0.00020492965,0.00032042008,0.9982913,0.00022208974,0.000439714
edxxkuo,joy,joy,0.00075326144,0.00016177904,0.000564223,0.997329,0.00037463216,0.00081705896
edxy2lx,joy,joy,0.00042582102,0.00021935072,0.00038231479,0.9982291,0.00033679066,0.000406707
edxz28x,joy,joy,0.0004948156,0.0002562058,0.00027079988,0.99784493,0.00035573027,0.0007774467
edxzy41,fear,joy,0.0012968696,0.0010511398,0.0519449,0.9352648,0.004848452,0.005593801
edy00w7,joy,joy,0.00042229323,0.00012906438,0.00042067576,0.99763584,0.0003022072,0.0010899513
edy0f7h,joy,joy,0.00025869513,0.00021431185,0.0004487594,0.9971058,0.00028356368,0.0016888995
edy1wwo,joy,joy,0.0004922668,0.00029520082,0.00077218475,0.99494755,0.0005670748,0.0029257303
edy2fxy,joy,joy,0.004243372,0.0003040091,0.0005287425,0.9877736,0.000776924,0.006373359
edy6yrf,surprise,surprise,0.012814183,0.001179503,0.00087105075,0.0018164031,0.003200222,0.98011863
edy7ig5,joy,joy,0.0041473066,0.00032599753,0.0013664631,0.98067975,0.0094277635,0.0040527373
edy8c5e,joy,joy,0.0003841495,0.00024010145,0.00035627006,0.99818087,0.00022502974,0.00061352295
edy9hcs,surprise,surprise,0.0035088677,0.0007598409,0.0012380065,0.0015211614,0.0020874063,0.9908847
edya38s,joy,joy,0.00029955956,0.00020276077,0.00032474118,0.9984078,0.00026024252,0.0005049156
edyaw53,anger,anger,0.9858144,0.0040319557,0.00076750515,0.0033397758,0.0014420595,0.004604335
edyaxej,joy,joy,0.001360597,0.0012487087,0.0007339667,0.9803485,0.0013402024,0.014968044
edycbyu,joy,joy,0.00044859425,0.00016657978,0.00022023873,0.9980819,0.00022132772,0.00086131855
edyccnc,sadness,sadness,0.0028219824,0.0017946869,0.0021185447,0.44508284,0.5425117,0.005670252
edydzyl,anger,anger,0.8979593,0.009085986,0.0007527625,0.010160221,0.004252978,0.07778875
edyee1d,joy,joy,0.00039182336,0.00021860143,0.0003594471,0.9983481,0.00032538423,0.00035655173
edygbgf,joy,joy,0.00032413722,0.0001972164,0.0003513438,0.9984125,0.00024109529,0.00047375495
edygdp1,joy,joy,0.00042389892,0.00027950676,0.00030752167,0.9980388,0.00017728904,0.000772896
edygztq,joy,joy,0.0013681487,0.00061287405,0.0008021938,0.9449419,0.00051336654,0.05176162
edyh8s2,sadness,sadness,0.0023141839,0.0013128505,0.0024316465,0.005808873,0.98704857,0.0010837939
edyjrly,anger,sadness,0.08289953,0.0065287054,0.00630148,0.017119179,0.614243,0.27290815
edyjuaa,joy,joy,0.0008371564,0.00023157817,0.00035226293,0.9927281,0.0014494425,0.0044013616
edymuiz,anger,anger,0.98844576,0.001738278,0.0007036244,0.0044456944,0.002000923,0.0026657954
edyn827,joy,joy,0.0012060741,0.00093107653,0.0017802627,0.9175569,0.0015650417,0.0769607
edynuli,joy,joy,0.00035933117,0.0002709534,0.00037184395,0.99825174,0.00021138592,0.000534703
edyq8np,joy,joy,0.001660401,0.00021430315,0.00017289794,0.99704057,0.00041269188,0.000499113
edyssu3,sadness,sadness,0.0027240242,0.003800698,0.0028195744,0.0056173336,0.93730676,0.0477316
edytdon,surprise,surprise,0.002551509,0.00054402504,0.0007982228,0.0018950712,0.0016358548,0.9925753
edyu8lh,joy,joy,0.009095625,0.00056635914,0.0010906691,0.9629616,0.0010438429,0.025241794
edyukw8,surprise,surprise,0.0069694268,0.0006940919,0.0007391977,0.0029575422,0.00089262275,0.9877471
edyzdg2,joy,joy,0.0004166832,0.00023578732,0.00033646796,0.99823415,0.0001929238,0.00058401213
edyzla1,surprise,joy,0.006568705,0.007932345,0.031370625,0.94079626,0.0025562553,0.010775799
edyzodx,anger,anger,0.8765634,0.0056730844,0.00091636856,0.103034146,0.0029343474,0.010878691
edyzva9,joy,joy,0.0004933121,0.00047911727,0.000622988,0.993807,0.00023034713,0.004367121
edyzz7n,joy,joy,0.00041914257,0.0003452899,0.00034738946,0.997077,0.00022713597,0.0015840188
edz0bkc,joy,joy,0.00036686525,0.00020658718,0.00029812657,0.99843997,0.00025370438,0.0004347392
edz1xpn,anger,anger,0.98896223,0.0054246755,0.0009033869,0.002011505,0.0015527126,0.001145544
edz25fj,surprise,surprise,0.004706258,0.0006242313,0.00070764427,0.00197854,0.0011141066,0.99086916
edz2w60,surprise,surprise,0.015634626,0.0019534384,0.0012292226,0.041410334,0.0016335028,0.9381389
edz3efn,anger,surprise,0.31747714,0.0035757525,0.001134101,0.0057390598,0.017863572,0.6542104
edz4tbv,joy,joy,0.0007259504,0.00021147476,0.00040645845,0.9885522,0.00026117484,0.009842639
edz4ufc,joy,joy,0.00040663086,0.0002460686,0.00031929824,0.99818784,0.00022017494,0.00061991863
edz51zh,surprise,surprise,0.0040774336,0.0013601519,0.001320327,0.005258223,0.0012871454,0.98669666
edz59cb,joy,joy,0.00027920402,0.0002433538,0.0005832187,0.99738294,0.00044091808,0.0010703346
edz6a9n,surprise,anger,0.9480541,0.003786351,0.0006169196,0.0025307469,0.0023656434,0.042646267
edz9188,joy,joy,0.0007260283,0.00015301548,0.0003207313,0.997297,0.0002231634,0.0012800997
edza5mm,anger,joy,0.0146152135,0.0002754559,0.000387912,0.98090094,0.001319699,0.0025007867
edzbho4,joy,joy,0.00049580977,0.0001427849,0.00021490695,0.9977695,0.0003505111,0.0010265528
edzbvrt,sadness,sadness,0.016805766,0.0015689769,0.001397484,0.005652827,0.97113705,0.0034379708
edzcqdy,joy,joy,0.000575522,0.00012702704,0.00024178803,0.9980685,0.00035868186,0.00062848534
edzdhwe,joy,joy,0.00043466865,0.00023839441,0.00042637586,0.99801,0.0005681518,0.0003224775
edze9yg,anger,anger,0.6285639,0.0070800856,0.011944555,0.018500194,0.06309944,0.27081192
edzigqz,surprise,surprise,0.0023500314,0.0008443928,0.00083470176,0.0007418704,0.0025557515,0.9926732
edzkjr0,joy,joy,0.0005292436,0.00020001798,0.0006841531,0.9973513,0.0007978901,0.0004373718
edzktok,anger,anger,0.9878226,0.0051152096,0.0007470835,0.000997985,0.0013586596,0.003958452
edzkxv5,sadness,sadness,0.0014487589,0.0017484162,0.0025095113,0.0009885167,0.9925718,0.00073301326
edzlxbx,surprise,surprise,0.0034394423,0.0009726205,0.00083286315,0.00092464173,0.0005371351,0.9932933
edzmlum,surprise,anger,0.7133576,0.0019400956,0.0037099957,0.07318988,0.017397461,0.19040492
edzmwzv,anger,joy,0.15595171,0.0021439411,0.0039668507,0.5710338,0.043169845,0.2237339
edzn1tg,anger,anger,0.93082833,0.0061234063,0.0030318594,0.0463514,0.012594143,0.0010709589
edzpbz0,surprise,surprise,0.001522086,0.0010466753,0.001039053,0.0038278305,0.00056467176,0.9919996
edzqcma,anger,anger,0.9783497,0.004594163,0.0005603474,0.00918472,0.0032307745,0.0040803323
edzrt66,joy,joy,0.0026684469,0.00028749046,0.00052118924,0.985837,0.006837643,0.0038483224
edzs6nr,surprise,surprise,0.0015205867,0.0015321776,0.0011378165,0.0020793304,0.0011795941,0.9925505
edzsf1m,sadness,sadness,0.0010118315,0.0008769993,0.0011106214,0.0018291068,0.99350935,0.001662149
edzso7r,anger,surprise,0.010646109,0.0012185801,0.0011769881,0.0011959336,0.0020321293,0.9837303
edztn08,joy,joy,0.00042496223,0.0001567596,0.00028134265,0.9982091,0.0003316535,0.00059611606
edzup6c,anger,sadness,0.17032233,0.018980552,0.00601504,0.009889604,0.78068566,0.014106768
edzvhjr,joy,joy,0.00036557094,0.00022277869,0.00035168423,0.99823296,0.00031744657,0.000509533
edzy768,joy,joy,0.0038901602,0.0006133005,0.00093756476,0.732187,0.0021281422,0.26024383
edzyhfu,joy,joy,0.00044063065,0.00021555874,0.00032291812,0.99839044,0.0002456212,0.00038492552
edzypwe,joy,joy,0.00030223545,0.00035029513,0.0005651531,0.99772435,0.00024289887,0.00081511715
edzyt2l,joy,joy,0.00035162023,0.00023254367,0.00035519732,0.99842167,0.00027090232,0.0003680021
edzz630,sadness,sadness,0.13318099,0.00392435,0.005907476,0.0139936805,0.8354212,0.0075723534
edzzetn,joy,joy,0.00036813115,0.00016596436,0.00020261633,0.99814856,0.00040552957,0.00070924335
ee00702,anger,anger,0.66479915,0.002962919,0.0007844248,0.0089600235,0.003235805,0.3192577
ee00a4a,joy,joy,0.0007186836,0.00018470421,0.0003368314,0.99788624,0.00039193462,0.0004815454
ee017t4,joy,surprise,0.004043564,0.00058980926,0.0005394685,0.0068837884,0.0005433868,0.98740005
ee0202k,anger,anger,0.9875542,0.0029064193,0.0012538153,0.004423602,0.0020629077,0.001799136
ee02p3b,joy,joy,0.0005626005,0.00016799895,0.00022736199,0.9978835,0.00020580445,0.0009527152
ee03adm,surprise,surprise,0.0018436391,0.0007315217,0.0008703164,0.0012247904,0.00088890316,0.99444073
ee03zsf,joy,joy,0.00023825718,0.00022795645,0.0004982411,0.9980292,0.00027547163,0.0007308533
ee04ieu,joy,joy,0.000735671,0.00035255036,0.00037328067,0.9977023,0.00026971838,0.000566499
ee04l6a,joy,joy,0.00038934784,0.00012660373,0.00021887977,0.99784565,0.00025952884,0.0011599628
ee04vy5,surprise,surprise,0.001984233,0.0017837324,0.0033416387,0.1810456,0.009016189,0.80282855
ee05ptl,sadness,sadness,0.0013302582,0.0014888798,0.001009139,0.0012580066,0.99402034,0.0008934727
ee06kps,anger,anger,0.9533912,0.003242813,0.00047096176,0.013823656,0.0026168223,0.026454495
ee071mo,joy,joy,0.017180337,0.00086985255,0.00036918133,0.9770511,0.0023890475,0.0021405532
ee074yt,anger,anger,0.9871524,0.0031613163,0.001556663,0.0030069002,0.0021769004,0.0029457677
ee0763r,sadness,sadness,0.0015528161,0.0022477899,0.008155747,0.0017052088,0.98540294,0.00093547447
ee07iw0,joy,joy,0.00240323,0.00030675725,0.00021260089,0.9952703,0.0003600965,0.0014469922
ee07scc,joy,joy,0.21356446,0.008725965,0.0047180397,0.54945225,0.059121918,0.16441742
ee0ajqa,joy,joy,0.0003268024,0.00026435978,0.0004030711,0.9981627,0.00021736063,0.00062563043
ee0am1i,anger,anger,0.9878554,0.0065148445,0.00075610646,0.0020069575,0.0018534577,0.0010131958
ee0b6kr,joy,joy,0.0005932721,0.00022981258,0.0002971787,0.9979819,0.0002567708,0.00064099085
ee0bkij,joy,joy,0.00060477795,0.0001529636,0.0005326799,0.9971717,0.00044941416,0.0010885654
ee0bp51,joy,joy,0.0026348664,0.00032078254,0.00030126542,0.99442625,0.00046038313,0.0018564202
ee0c0hh,joy,joy,0.0004272087,0.00019953054,0.0002496109,0.9975877,0.00035662483,0.001179376
ee0csyv,anger,anger,0.8773041,0.0067155757,0.00091117504,0.109599814,0.0013772957,0.0040921443
ee0d2ou,sadness,sadness,0.006564288,0.001224959,0.004284384,0.0074895527,0.9709433,0.009493477
ee0d47e,joy,joy,0.00048093143,0.00025816727,0.00034013545,0.99830097,0.00024142378,0.0003783421
ee0dtal,surprise,surprise,0.27214104,0.0047496697,0.0017778517,0.11845071,0.09126311,0.5116176
ee0f6pz,joy,surprise,0.0034424048,0.0017585345,0.00272884,0.0018869578,0.001848576,0.98833466
ee0fmsg,joy,joy,0.0004889716,0.00017138764,0.00026226498,0.99708074,0.00023649869,0.0017600788
ee0h59e,anger,anger,0.9747967,0.0022095684,0.0006591028,0.012286343,0.0017010535,0.008347269
ee0hddi,surprise,surprise,0.0022763694,0.001122775,0.0007686038,0.0011065128,0.0005313027,0.99419445
ee0hdss,joy,joy,0.000360576,0.0002290845,0.00037428024,0.99822634,0.00021415713,0.0005955996
ee0hr0f,disgust,disgust,0.15025796,0.7754974,0.015405301,0.005651718,0.048426636,0.0047609713
ee0ih75,joy,joy,0.0004983483,0.0001756601,0.0003471037,0.99797124,0.00034586867,0.0006617041
ee0jf0v,joy,joy,0.02630117,0.0009989251,0.001952669,0.8098909,0.1486644,0.012191929
ee0k24c,anger,joy,0.0020650034,0.0002589041,0.00025040752,0.9957997,0.00095569825,0.0006702601
ee0lolg,sadness,anger,0.984202,0.00458694,0.00048449755,0.0057427958,0.003601608,0.001382258
ee0luuz,joy,joy,0.00042489517,0.00023281257,0.00029612848,0.9983015,0.00017235092,0.00057225296
ee0luv1,sadness,sadness,0.014215767,0.01149043,0.0014439749,0.0039560767,0.9673592,0.0015345942
ee0mk7b,surprise,joy,0.0010672845,0.0013342277,0.04046704,0.92332095,0.009343508,0.024466982
ee0n3fh,joy,joy,0.0004915241,0.00024389903,0.00020893228,0.99806005,0.00024113776,0.00075447385
ee0no3h,joy,joy,0.000471641,0.00017771542,0.0004393342,0.99812704,0.00024694833,0.00053723657
ee0nzw1,joy,joy,0.0010807943,0.00022222812,0.00020635524,0.99766904,0.00037259015,0.00044901102
ee0ocef,surprise,surprise,0.066524856,0.0020912855,0.0039346293,0.015349607,0.07873978,0.8333599
ee0og3x,joy,joy,0.0009922948,0.00028647354,0.0004775431,0.99639136,0.00075072824,0.0011015333
ee0oz7y,joy,joy,0.0009042486,0.00027523361,0.0003566123,0.99669904,0.0013556791,0.00040917433
ee0plux,anger,anger,0.9845659,0.00616647,0.0005583648,0.0043761735,0.0024521484,0.0018809433
ee0r0l7,surprise,surprise,0.0017003765,0.00096416933,0.00081815897,0.002954717,0.0006471768,0.9929154
ee0rgb4,joy,joy,0.0013296972,0.00015937067,0.0003853063,0.9964759,0.00091191044,0.0007378174
ee0riz9,joy,joy,0.0011238202,0.0007094689,0.0004345371,0.99668175,0.00023454084,0.00081589853
ee0rrbe,joy,joy,0.0005456417,0.00019380187,0.0004006262,0.9980482,0.000431515,0.00038022772
ee0sk10,joy,joy,0.0004963745,0.00022166882,0.00026104852,0.99830353,0.00020897646,0.00050829665
ee0tlcd,joy,joy,0.00032078294,0.00019885846,0.00039368743,0.9980198,0.0002920837,0.00077479525
ee0tvjj,sadness,sadness,0.010928335,0.0028458904,0.0015556138,0.005490891,0.96283317,0.016346104
ee0u9nt,joy,joy,0.00030327376,0.00021602682,0.00033910142,0.99808335,0.00025102485,0.00080718176
ee0usbg,anger,anger,0.9622308,0.0029255634,0.0006850525,0.0066537266,0.022239532,0.005265359
ee0vpx0,joy,joy,0.0003333874,0.00016341632,0.00032071155,0.998444,0.00030109563,0.00043743633
ee0waa7,joy,joy,0.0005572751,0.00023501334,0.00029957757,0.9981869,0.0001834758,0.00053777115
ee0wkza,surprise,anger,0.88996035,0.007409609,0.00078778353,0.016980743,0.074384585,0.010476839
ee0wsqw,joy,surprise,0.014563509,0.001501033,0.0008937279,0.0060525676,0.024267524,0.9527217
ee0wvwg,joy,joy,0.0004671321,0.00018447236,0.00030726765,0.9984011,0.00025779137,0.00038211822
ee0wz9o,surprise,surprise,0.0024397925,0.00083669275,0.0021947448,0.37879056,0.0023064164,0.6134317
ee0x1jv,joy,joy,0.00025441436,0.00016484053,0.00031655462,0.99805933,0.000403342,0.000801509
ee0yl7a,fear,fear,0.013012755,0.0101506375,0.8766004,0.086722195,0.0073094317,0.0062045697
ee0z95h,surprise,surprise,0.0047832825,0.0009339598,0.0007870361,0.0013334417,0.0008368636,0.9913254
ee10n7g,joy,joy,0.0003149966,0.00025023328,0.00029231302,0.99774855,0.00022543396,0.0011684942
ee10xsr,anger,sadness,0.16179663,0.05624333,0.006948113,0.010988434,0.75834113,0.005682275
ee11968,joy,joy,0.00048091586,0.00027202393,0.00038885462,0.99748445,0.00018281346,0.001190909
ee11o9j,joy,joy,0.0005495777,0.0003155884,0.002267632,0.99525213,0.00068530027,0.0009298536
ee11whh,joy,disgust,0.14616221,0.52670944,0.011897862,0.27631748,0.022778973,0.016133985
ee11yns,disgust,disgust,0.105189644,0.64984924,0.020067042,0.010494863,0.20539817,0.009001091
ee125n0,joy,joy,0.00035564986,0.00023792722,0.0002825515,0.9983279,0.00025848713,0.00053745566
ee13x0i,sadness,surprise,0.030769607,0.001195837,0.0008183539,0.0074675586,0.0015496494,0.958199
ee13zje,joy,sadness,0.3138432,0.14842828,0.10783278,0.030081838,0.38754204,0.01227189
ee1456h,anger,anger,0.98967206,0.004403915,0.0010708817,0.0016931655,0.0015488599,0.001611081
ee14xe0,joy,joy,0.0017684571,0.0013138435,0.0012760637,0.90168995,0.001077869,0.09287391
ee162bv,joy,anger,0.5518675,0.0031614471,0.012680593,0.4206084,0.005679236,0.0060027717
ee169pr,joy,joy,0.00050573057,0.00034819133,0.0008277801,0.99335563,0.00046097732,0.004501689
ee16coa,joy,joy,0.0038425436,0.0006436657,0.00052330596,0.9828776,0.00073489064,0.011377933
ee16qfk,surprise,surprise,0.0023598792,0.0008767,0.0005157531,0.0029546751,0.0006416038,0.9926514
ee16rk0,anger,anger,0.8583324,0.0028548075,0.0006672524,0.017284758,0.027104706,0.09375613
ee16zy1,anger,anger,0.8832788,0.004308381,0.020966932,0.027961489,0.03803045,0.02545397
ee179t6,joy,joy,0.0005501016,0.00019880569,0.0002638449,0.9976865,0.00028797847,0.0010127741
ee17elt,anger,sadness,0.27708364,0.0047795507,0.0053790393,0.061862886,0.6046744,0.04622046
ee17is5,joy,joy,0.00043682577,0.0003098105,0.00035089912,0.99763393,0.00028733016,0.0009811657
ee17nw4,joy,joy,0.00083307194,0.00019236877,0.0003276378,0.99590343,0.00032401562,0.002419528
ee17pgu,joy,surprise,0.10876309,0.0039250595,0.025415124,0.23822749,0.19617519,0.42749405
ee17w15,joy,joy,0.00028221635,0.00023429804,0.00027250682,0.99745375,0.00038861652,0.0013685905
ee18esz,joy,joy,0.0005046063,0.00020215644,0.00034035614,0.9978689,0.00019380033,0.0008902284
ee18hoz,sadness,sadness,0.0013232176,0.0011658155,0.0015899312,0.001370196,0.99341524,0.0011355435
ee198e1,joy,joy,0.0003270261,0.00033050028,0.00042072553,0.9978224,0.00038143247,0.00071790745
ee19jzc,sadness,sadness,0.1852517,0.16265343,0.008521579,0.077200994,0.5543199,0.012052428
ee1bllh,joy,joy,0.0006570321,0.00013927899,0.00031193043,0.99797136,0.0003488847,0.0005715445
ee1cbg4,joy,joy,0.00033903524,0.00014310514,0.0003117511,0.9983302,0.00029579064,0.0005801698
ee1cyxu,fear,fear,0.08002717,0.08056374,0.7440151,0.043968294,0.04565976,0.0057658684
ee1ea8b,joy,joy,0.00040733893,0.00027261823,0.00035398893,0.9983033,0.00027864386,0.0003840673
ee1eauo,joy,joy,0.0005490576,0.0003161631,0.00037977,0.9975496,0.00023374805,0.00097169855
ee1eazm,sadness,sadness,0.026303183,0.04595191,0.1318279,0.003983727,0.7889236,0.00300969
ee1ed14,joy,joy,0.00033845124,0.00021947616,0.0003443253,0.9983552,0.00022523312,0.0005173484
ee1emju,joy,joy,0.03019711,0.00039963506,0.0004220722,0.95759785,0.0058460208,0.0055372957
ee1eof2,sadness,sadness,0.008558478,0.0046353126,0.011958465,0.02644722,0.94535804,0.0030425645
ee1f6qp,joy,joy,0.000347704,0.00022511662,0.0004065081,0.9982986,0.00026316138,0.00045896467
ee1gueo,joy,joy,0.00033154705,0.00019237392,0.0003348808,0.996678,0.0003860506,0.0020771846
ee1jqbs,joy,joy,0.00051831367,0.0002536542,0.00028916606,0.9982339,0.0002217739,0.00048323232
ee1kqrd,surprise,joy,0.0064637205,0.0027418796,0.0025138762,0.84426284,0.0034454248,0.14057237
ee1lvxs,joy,surprise,0.003041294,0.0024201553,0.0018294802,0.05282089,0.00087031716,0.93901795
ee1mb48,joy,joy,0.00044678058,0.00048580993,0.0013053487,0.99294007,0.00033720653,0.004484831
ee1mfdy,joy,joy,0.0015576339,0.00042163103,0.001184434,0.9543331,0.0035904471,0.038912736
ee1n1bx,anger,anger,0.8437933,0.0026765936,0.0041767047,0.022685142,0.0042230138,0.12244526
ee1o8bi,joy,joy,0.0071783424,0.00053917203,0.00044926937,0.98405266,0.0022882668,0.0054923487
ee1ot9n,joy,joy,0.0013982021,0.0002807764,0.001602984,0.9784106,0.013587741,0.0047196173
ee1p7q1,joy,joy,0.0020594464,0.0014199334,0.0029484173,0.7660095,0.0012764536,0.22628622
ee1pft2,joy,joy,0.0005506581,0.00078229595,0.0008201754,0.9922198,0.00041855377,0.0052085887
ee1pn00,joy,joy,0.0006828405,0.00032596622,0.00026894355,0.9977968,0.0006060456,0.0003194146
ee1rfpr,joy,joy,0.0004781142,0.0001833674,0.00034696152,0.99784553,0.00021316194,0.00093289476
ee1s5s2,sadness,sadness,0.09423136,0.009602346,0.0014588706,0.0069412296,0.8843845,0.0033816413
ee1sdbc,surprise,surprise,0.0057735555,0.00093116326,0.000690763,0.0011050699,0.000764142,0.9907353
ee1t3d5,joy,joy,0.0003468142,0.00019482271,0.00029946963,0.9984193,0.00025538332,0.00048415127
ee1t3gw,joy,joy,0.16398342,0.0026631253,0.0026909453,0.81978506,0.006950624,0.003926801
ee1t9i5,joy,joy,0.00064779504,0.00024675805,0.00024142356,0.99777466,0.00039889634,0.00069038925
ee1tadj,anger,anger,0.9669397,0.0051335366,0.0005521488,0.016847475,0.001658155,0.00886897
ee1ub6z,joy,joy,0.00038985585,0.0001518709,0.00021609904,0.99782217,0.00030898192,0.0011110753
ee1vg59,joy,joy,0.00040972067,0.00017484333,0.00023647345,0.99842453,0.000320616,0.00043384387
ee1vnzi,surprise,anger,0.82781434,0.015841916,0.0026176057,0.024915243,0.067843005,0.060967896
ee1wky7,sadness,sadness,0.0013840284,0.0013487824,0.0011041072,0.0036794643,0.9899216,0.0025620156
ee1y6nk,anger,anger,0.9749023,0.0032281461,0.0024645086,0.0071120514,0.009258536,0.00303444
ee1yp7h,joy,joy,0.00034381347,0.00017227887,0.00026972668,0.9983925,0.0003756235,0.00044606585
ee20tub,joy,joy,0.0005755843,0.00020527221,0.00034686332,0.9976997,0.0002329293,0.00093972275
ee21lzo,joy,joy,0.0013769516,0.00023573214,0.0002656073,0.9972384,0.00025188047,0.000631436
ee21s6e,surprise,joy,0.0026159897,0.00025614232,0.0004104018,0.98827505,0.0006083144,0.007834049
ee22f41,surprise,anger,0.59614384,0.3568027,0.0099194795,0.006565204,0.022203716,0.008365132
ee22ncp,joy,joy,0.0029517973,0.00027292166,0.00028015632,0.99537367,0.00027440715,0.0008471466
ee22zun,joy,joy,0.0004874561,0.00020885174,0.00044135345,0.9964012,0.00027874333,0.0021823933
ee239b7,joy,joy,0.000486149,0.00021884927,0.0003516455,0.99803597,0.00022459234,0.0006828264
ee2414z,disgust,anger,0.9853021,0.007657487,0.0010833058,0.003579936,0.0014134072,0.00096385163
ee253ey,anger,anger,0.80979,0.06663236,0.03943601,0.005518455,0.07258987,0.006033335
ee25bk6,joy,joy,0.00064057094,0.00020249315,0.00028489088,0.9967249,0.00034574734,0.0018013833
ee26p7d,joy,joy,0.012296389,0.0005272737,0.0008699444,0.97168136,0.0011168268,0.013508206
ee26swz,joy,joy,0.0003644959,0.00022921896,0.0002761285,0.9977926,0.00020981002,0.0011276653
ee27dqb,joy,joy,0.00039339394,0.0001971966,0.00029759956,0.99850166,0.00023064403,0.00037950656
ee27mfd,joy,joy,0.0014688922,0.00038079784,0.00067126675,0.9539346,0.0005809426,0.042963486
ee28ihz,joy,surprise,0.003876931,0.0007992465,0.00064998516,0.004963269,0.0010158663,0.9886947
ee28p90,joy,joy,0.0015242292,0.00025342396,0.0006111406,0.9937152,0.00042643823,0.0034695764
ee2a9xy,joy,joy,0.0019551262,0.00041628967,0.0015954643,0.97787786,0.0009960033,0.01715927
ee2b4wv,joy,joy,0.00046433028,0.00033603076,0.0003177665,0.99783546,0.0002032899,0.00084318564
ee2coo6,joy,joy,0.00035290158,0.0002377245,0.0003824968,0.9983271,0.00031792736,0.00038180978
ee2dou9,joy,joy,0.00051848957,0.00014257552,0.00022450567,0.99796766,0.00016972292,0.0009769881
ee2dv22,anger,surprise,0.12116919,0.015968792,0.0018528838,0.16941015,0.014475886,0.67712307
ee2ekdb,anger,anger,0.9843195,0.0025401043,0.00088334014,0.006377325,0.0046241498,0.0012555926
ee2en5u,joy,surprise,0.03739412,0.002108624,0.0012028393,0.027697183,0.0029424676,0.92865473
ee2f53w,joy,joy,0.00064391136,0.00025860357,0.00030321424,0.9981073,0.00018998639,0.00049698097
ee2fkxe,joy,joy,0.0022777286,0.0006032885,0.0012962318,0.9842904,0.00070526975,0.010827018
ee2fzt0,anger,anger,0.9376961,0.0019312548,0.00081598805,0.017575549,0.011793377,0.030187672
ee2g7c2,anger,fear,0.00950338,0.011309699,0.9541058,0.002848989,0.019443728,0.002788408
ee2gt9x,joy,joy,0.00063885405,0.00023838379,0.0002656213,0.9981358,0.00019965047,0.0005216547
ee2h2ew,sadness,sadness,0.00078478607,0.0017231713,0.0022996815,0.0013890119,0.99303997,0.0007634121
ee2h74j,sadness,sadness,0.4231711,0.02020539,0.0022848197,0.004167185,0.54112744,0.009044082
ee2h8gz,joy,joy,0.0035400116,0.00019601737,0.00048813687,0.98593444,0.004462005,0.005379339
ee2h91z,joy,joy,0.00041353112,0.00016584707,0.0003117216,0.9980882,0.00020316771,0.0008175101
ee2ht7c,joy,joy,0.00029179273,0.00027322158,0.000401702,0.99763906,0.00030636505,0.001087939
ee2hvy8,joy,joy,0.00034605444,0.00028330967,0.00064975396,0.9971507,0.00018485749,0.001385351
ee2iwqw,joy,joy,0.00027980955,0.00017073205,0.0004441359,0.99821055,0.00045173382,0.0004430261
ee2jas3,anger,joy,0.001885461,0.00042080096,0.00032683462,0.9959418,0.0010154833,0.00040957786
ee2jh7s,joy,joy,0.0004397802,0.00020600135,0.00027829935,0.99830306,0.0003143504,0.0004585544
ee2jj95,sadness,sadness,0.18411799,0.0029055674,0.002288747,0.05475339,0.5677744,0.1881599
ee2k62x,sadness,sadness,0.094792336,0.004350854,0.010680917,0.18035658,0.7074307,0.0023886126
ee2k7jn,joy,joy,0.00031458848,0.0001912455,0.00037029968,0.99749506,0.00018633988,0.0014424801
ee2kbgz,fear,fear,0.0017537528,0.008748087,0.9789609,0.002881898,0.0040626265,0.0035927286
ee2kw21,fear,fear,0.0011022864,0.0064266,0.9777053,0.0052726474,0.0051657017,0.004327396
ee2lul7,joy,joy,0.0004710376,0.00015653131,0.00031532053,0.99808335,0.00037176345,0.00060194795
ee2lv17,joy,joy,0.00039429325,0.00023041951,0.0002718635,0.99838626,0.0001897023,0.0005274376
ee2mthu,joy,joy,0.0008881291,0.00028485944,0.00029143036,0.99779034,0.00022118163,0.00052408566
ee2owrm,joy,joy,0.00037376958,0.00023606862,0.0007915812,0.9931712,0.0039351974,0.0014921939
ee2oyk4,joy,joy,0.00042563706,0.00024397054,0.00038573946,0.9980976,0.00040412156,0.00044290355
ee2qil5,surprise,surprise,0.12739144,0.0037157636,0.0013475192,0.0030629965,0.0068613663,0.8576209
ee2qwfw,joy,joy,0.0009516362,0.00031687596,0.00024130435,0.9977081,0.00019688396,0.0005852609
ee2qwse,sadness,sadness,0.006537087,0.0020805828,0.00066001515,0.0048505734,0.98446375,0.0014079572
ee2r5yl,sadness,sadness,0.0023669836,0.0020344255,0.0011407323,0.0017775513,0.99183613,0.00084411533
ee2r6ec,joy,joy,0.009371401,0.00042993526,0.0006401375,0.9840974,0.0017423774,0.0037187238
ee2rc52,joy,joy,0.003912278,0.00025779774,0.00022734606,0.9938647,0.00046838442,0.0012695137
ee2rswy,joy,joy,0.0003786089,0.00038925876,0.0005446519,0.9967438,0.00023117923,0.0017125024
ee2shu6,joy,joy,0.00034217036,0.00020315038,0.00047548668,0.9980259,0.00027126513,0.00068198616
ee2stiq,joy,joy,0.0004455687,0.0002466349,0.00035720732,0.9982969,0.0003419325,0.00031170977
ee2t60u,joy,joy,0.00093176967,0.0009127443,0.0010055025,0.9808828,0.00042390806,0.015843226
ee2ta83,joy,joy,0.000471859,0.00021672304,0.00035534543,0.9980938,0.00020981552,0.00065243285
ee2tbtv,joy,joy,0.0004989163,0.00017715147,0.00034630534,0.99754494,0.00033198518,0.0011007063
ee2tj1b,joy,joy,0.00042023146,0.000209328,0.00033394265,0.9982135,0.00026980773,0.00055321783
ee2tnix,joy,joy,0.0074514076,0.0003201322,0.00078301755,0.9898601,0.0008349085,0.00075043837
ee2y28u,joy,joy,0.00039737253,0.00026425772,0.00029137288,0.9981731,0.0002799464,0.0005939179
ee2ybxe,fear,fear,0.02937536,0.03302376,0.85736215,0.047619987,0.029366046,0.003252633
ee2yeeo,surprise,surprise,0.002710769,0.0006409109,0.00049344456,0.0042924616,0.00092814886,0.99093425
ee2yge0,joy,joy,0.0037506481,0.00043042318,0.0002899613,0.9848,0.00039593343,0.010332975
ee2ywgu,surprise,surprise,0.004369004,0.00097245217,0.0007743056,0.0009499317,0.0014841558,0.99145013
ee2z5to,joy,joy,0.0011039221,0.00020785884,0.00039721947,0.9962303,0.00038309855,0.0016776054
ee2zen1,joy,joy,0.00031948506,0.00017071603,0.00036553157,0.997954,0.00037977294,0.00081052614
ee2zo2m,anger,joy,0.2320939,0.0040221172,0.0035666062,0.5946592,0.0019941605,0.16366403
ee3056i,anger,anger,0.9342531,0.003426137,0.0009411571,0.008537891,0.0042185453,0.048623204
ee30gbv,joy,joy,0.00058433646,0.00011191289,0.0003085741,0.99452186,0.0028456962,0.0016277059
ee30ne6,anger,joy,0.3609806,0.04503282,0.004359548,0.5495692,0.024197001,0.01586085
ee30wlo,joy,joy,0.00075330073,0.00028262142,0.00045046807,0.9969336,0.0003301124,0.0012499054
ee31m28,joy,joy,0.0010484,0.0001710394,0.00024392483,0.9976726,0.00046782164,0.0003960973
ee320u1,sadness,sadness,0.005569321,0.0015275861,0.0035980023,0.002698333,0.9849914,0.0016154055
ee32dpl,surprise,surprise,0.002720168,0.0011367939,0.003020199,0.24921292,0.033957556,0.70995235
ee33bja,joy,joy,0.00034051464,0.0002074595,0.00033477394,0.9981299,0.00024485347,0.0007425366
ee33ryb,joy,surprise,0.025211511,0.004700571,0.0037518328,0.0013848759,0.014394134,0.9505572
ee35djj,joy,joy,0.0010868382,0.00040436123,0.00026506252,0.9972234,0.0002558163,0.00076456007
ee36jp2,fear,fear,0.00340281,0.018224318,0.92974937,0.0045998376,0.002420091,0.041603554
ee36r7p,sadness,surprise,0.074676044,0.0052165603,0.006993392,0.0021563794,0.049889736,0.8610679
ee379r3,joy,joy,0.0057225702,0.00085149246,0.00027857136,0.9917937,0.00037812823,0.0009755094
ee37q3g,anger,disgust,0.38232622,0.5377206,0.015265689,0.016304411,0.03699132,0.011391781
ee38vkq,joy,joy,0.00035554066,0.00013903566,0.00044345864,0.99716324,0.00041436282,0.0014843419
ee38vmo,sadness,disgust,0.2959033,0.61553437,0.05335304,0.007241173,0.022827413,0.0051406818
ee38yjo,surprise,anger,0.5832598,0.0072068386,0.001799261,0.010336914,0.09330368,0.30409357
ee39888,anger,anger,0.99033034,0.0038726472,0.00043258592,0.0014194304,0.002168983,0.0017761291
ee39qac,surprise,surprise,0.01877168,0.0063411277,0.0013237059,0.0045051714,0.015681792,0.9533765
ee39wol,surprise,surprise,0.0031493946,0.0011387967,0.0006551825,0.017929593,0.0007601476,0.9763668
ee3a48x,joy,joy,0.4154769,0.051719815,0.0046299594,0.5009932,0.0067682373,0.020411922
ee3a4yj,anger,anger,0.66089493,0.0045717726,0.0034179043,0.09524788,0.18195486,0.053912576
ee3atml,joy,joy,0.0004051396,0.0001394604,0.00024446181,0.9982768,0.0004000849,0.0005339376
ee3ayju,joy,joy,0.0054404917,0.00048451303,0.00030135928,0.9883769,0.00063524797,0.0047614803
ee3bi93,surprise,surprise,0.0019642368,0.0009197114,0.0008050663,0.0020449515,0.00058256363,0.9936836
ee3c4xk,sadness,sadness,0.00077097723,0.0013867951,0.0018984468,0.0013935473,0.9936939,0.0008564375
ee3cgx8,anger,anger,0.60449576,0.26676014,0.008184691,0.019909892,0.08418627,0.016463246
ee3dshg,anger,surprise,0.020070583,0.00063512113,0.0005923128,0.0053218524,0.0011266399,0.9722535
ee3ebkv,anger,anger,0.9793505,0.002876195,0.000447376,0.009316597,0.004152648,0.003856734
ee3ew5u,joy,joy,0.0016539017,0.00022285242,0.00031429,0.9951638,0.00057543145,0.0020697284
ee3f6ny,joy,joy,0.0006362446,0.00037985202,0.0003642483,0.99776113,0.00026178674,0.0005966194
ee3f6wc,sadness,surprise,0.121210925,0.006477786,0.0013155402,0.11796819,0.04555313,0.70747447
ee3fnf6,joy,joy,0.00041980634,0.00016546526,0.00026692302,0.9982779,0.0002572711,0.00061256817
ee3fysw,anger,surprise,0.25196046,0.006825717,0.003378859,0.054299265,0.0173817,0.66615397
ee3g9p7,joy,joy,0.11181318,0.0015073564,0.00044890973,0.8799606,0.002365912,0.0039040786
ee3gbt3,anger,anger,0.96829885,0.022325993,0.0015218977,0.0026731316,0.0042335535,0.00094662124
ee3gcs6,joy,joy,0.00057522795,0.00026087032,0.00025443928,0.99822754,0.00023681337,0.00044516692
ee3gfo0,joy,joy,0.0007948351,0.00024225753,0.00023810353,0.99797064,0.00020581002,0.00054822204
ee3gua7,joy,joy,0.00031079235,0.00015195206,0.0003035795,0.99850756,0.00033360516,0.00039250942
ee3h95g,joy,joy,0.0014087704,0.00020522026,0.0006155551,0.9961467,0.00040955233,0.0012141987
ee3hvbc,surprise,surprise,0.0035365706,0.0034406907,0.0026418455,0.004411135,0.049960475,0.9360093
ee3jles,disgust,joy,0.004858248,0.0007371853,0.0003299817,0.99207264,0.00052062346,0.0014812883
ee3k1a7,joy,joy,0.0004969168,0.00016669363,0.00026581713,0.9978254,0.00038651403,0.0008587124
ee3k68g,disgust,disgust,0.08407228,0.8365043,0.011870859,0.02952401,0.026209082,0.0118195005
ee3kyhd,anger,anger,0.5241611,0.23222348,0.0065803677,0.031717435,0.17805795,0.027259681
ee3lfwl,joy,joy,0.00042572783,0.00030767696,0.0009337278,0.99418795,0.0003372522,0.0038076912
ee3lj7v,sadness,sadness,0.0030657656,0.0021043697,0.0012457989,0.0016281249,0.9910041,0.0009518729
ee3ne2z,joy,joy,0.12293264,0.0054810485,0.0012705806,0.8510692,0.011932239,0.0073143193
ee3nrjv,anger,anger,0.9712782,0.007596459,0.0006814863,0.009062447,0.0092688715,0.0021125788
ee3oe2a,joy,joy,0.00048175248,0.00029930813,0.00030088707,0.9976058,0.00032234445,0.0009898484
ee3p0nk,joy,joy,0.0006686416,0.00020619312,0.00022722356,0.998259,0.00017050344,0.00046845697
ee3p61p,sadness,joy,0.002213429,0.00041688926,0.0012077802,0.9904917,0.0044118073,0.0012583318
ee3pbtk,joy,anger,0.8583073,0.0015215048,0.0013941929,0.10163098,0.014758101,0.022387924
ee3psor,anger,surprise,0.058855485,0.0026009858,0.0010750315,0.011677406,0.02592166,0.8998695
ee3psub,surprise,surprise,0.009647504,0.0012916512,0.0006759076,0.000958971,0.0005677227,0.98685825
ee3qgj7,joy,joy,0.01743428,0.0059786937,0.0022806406,0.52194285,0.44992322,0.0024403585
ee3r1c9,joy,joy,0.00036556716,0.00018539978,0.00026926442,0.99850816,0.00027682135,0.000394744
ee3rav7,surprise,surprise,0.04497891,0.0012599269,0.00085740245,0.0013379141,0.0036319527,0.94793373
ee3rd97,joy,anger,0.97877836,0.004567563,0.000466717,0.010927697,0.0026421165,0.002617556
ee3s8id,joy,joy,0.0005995016,0.0002489145,0.00038255804,0.9975604,0.0002869169,0.00092169194
ee3sny4,anger,joy,0.000602056,0.00012323569,0.00033754588,0.9972863,0.0003358995,0.0013148997
ee3squj,anger,anger,0.98715174,0.006836822,0.00057896244,0.0014087458,0.002833892,0.0011898587
ee3tg8x,joy,joy,0.0004514028,0.0001693214,0.00021812928,0.9983583,0.0003219769,0.00048090014
ee3twmx,joy,joy,0.0045142584,0.0013043829,0.000821653,0.94727254,0.0014406397,0.044646475
ee3u4dn,anger,anger,0.98495054,0.0037118222,0.000662744,0.0012599715,0.0014218437,0.007993122
ee3u6hq,sadness,sadness,0.004017567,0.0056608594,0.0018923694,0.003085525,0.97919434,0.0061493423
ee3ucvg,joy,joy,0.030366827,0.0018055288,0.0012924579,0.52125716,0.006566808,0.4387112
ee3uddd,sadness,sadness,0.00077368796,0.0010588316,0.001409672,0.0047468683,0.9909191,0.0010916744
ee3uwxj,fear,fear,0.0016707515,0.01078494,0.9795828,0.002406746,0.00268125,0.002873548
ee3uztg,anger,anger,0.9876507,0.0068127094,0.00089709257,0.0014547681,0.0015601603,0.0016246339
ee3v5ip,sadness,joy,0.0045628026,0.0013885675,0.0017679173,0.75726116,0.23103818,0.0039813626
ee3vsyu,joy,joy,0.0003423225,0.00020367707,0.00037903953,0.9984268,0.00028357728,0.00036468063
ee3vw3c,sadness,sadness,0.027772423,0.0032372335,0.0032681883,0.0012248519,0.9571987,0.007298732
ee3wney,joy,joy,0.00033225073,0.00016485088,0.00026446453,0.9982401,0.0002479413,0.0007503512
ee3xcal,joy,joy,0.00045182515,0.00021123943,0.00039372244,0.9976343,0.00032268892,0.000986199
ee3y1er,joy,joy,0.0057948665,0.00042645962,0.00040589302,0.9916747,0.00022635798,0.0014717826
ee3zk80,joy,joy,0.0009793855,0.00018812655,0.0002100908,0.99727637,0.00018510819,0.0011610237
ee3ztc5,anger,anger,0.9478786,0.0019995286,0.0010496337,0.0187789,0.012827805,0.017465616
ee404st,anger,anger,0.98501426,0.0047250907,0.0018929864,0.004662768,0.0019926613,0.0017122425
ee408is,joy,joy,0.0019525911,0.0002314237,0.0001781736,0.9965701,0.00044026918,0.00062736287
ee413g0,joy,joy,0.0009391511,0.00026080053,0.00026020774,0.99449736,0.00035782089,0.0036846565
ee42htv,surprise,surprise,0.03148749,0.0009875966,0.00090072275,0.0017535976,0.0055984007,0.9592722
ee44adg,joy,joy,0.0006250675,0.00014384287,0.00027667193,0.997834,0.00027637815,0.00084406615
ee450e4,joy,joy,0.00037476147,0.00019117154,0.00027246986,0.9979102,0.00023229847,0.0010191699
ee451wb,joy,joy,0.0009233906,0.00035630006,0.0012476556,0.98806596,0.0006136998,0.008792999
ee48pcs,joy,joy,0.00090633234,0.0002543391,0.00029700392,0.9977309,0.00023498734,0.00057644444
ee49cxn,joy,joy,0.0005146493,0.00015303645,0.00023152505,0.9979988,0.00029825326,0.000803688
ee49pt0,anger,anger,0.97758293,0.0019379542,0.00034927583,0.012098582,0.0019129914,0.006118278
ee4a4e1,sadness,joy,0.0006821056,0.00049814186,0.0010642132,0.9446421,0.049979307,0.0031340804
ee4af85,joy,joy,0.00044778598,0.0006048998,0.0005731354,0.99588746,0.00035531764,0.002131414
ee4aflu,joy,joy,0.00038588067,0.00018467629,0.00035582655,0.99839586,0.00035057485,0.00032726742
ee4bdl0,joy,surprise,0.0012893605,0.0015955062,0.0063378694,0.18003373,0.0050432654,0.8057002
ee4buzn,joy,joy,0.0004977209,0.00028186798,0.0003566708,0.9976553,0.00024966453,0.00095876015
ee4cky1,sadness,sadness,0.0018356971,0.0011916778,0.0009297999,0.0023613363,0.99281245,0.00086905167
ee4d3nz,joy,joy,0.00043835028,0.00021186039,0.000267607,0.9984717,0.0002498083,0.000360612
ee4ed6j,anger,joy,0.0018492191,0.00017838768,0.00027611104,0.9956781,0.0004787954,0.0015393732
ee4ehtj,joy,joy,0.0005883591,0.00025853494,0.00041176527,0.99781394,0.00022872185,0.0006986608
ee4g0qt,joy,joy,0.00058263115,0.00030614642,0.00028255192,0.99542123,0.00021797243,0.0031894695
ee4g8ql,surprise,surprise,0.040480968,0.0018195722,0.001376591,0.0014435716,0.002049341,0.95283
ee4ggkr,joy,joy,0.00040641424,0.00027590335,0.00037336393,0.9981805,0.00027767508,0.0004860699
ee4guke,joy,joy,0.0003888579,0.00018241687,0.00028648626,0.99844176,0.00026017742,0.0004402574
ee4gx11,joy,joy,0.0003281704,0.00018481076,0.00027502968,0.99827516,0.00029238226,0.00064437295
ee4gz7f,joy,joy,0.00044716388,0.00022510818,0.0005348723,0.9961242,0.00032208313,0.0023465825
ee4hhym,surprise,surprise,0.0014303771,0.001636209,0.0018733761,0.07372999,0.0013125471,0.9200175
ee4igo1,joy,sadness,0.001315873,0.0011028777,0.0021653024,0.016970582,0.9769059,0.0015395703
ee4jb8f,surprise,surprise,0.002907804,0.00063314126,0.0006770392,0.0020819064,0.0009079156,0.9927921
ee4mb11,joy,joy,0.00030503032,0.00017456018,0.0004349394,0.9980089,0.00057429005,0.0005022732
ee4nck2,joy,joy,0.00057397975,0.0002209324,0.00031677695,0.99819857,0.00018390767,0.00050585315
ee4ndy4,surprise,surprise,0.0015757142,0.00087871944,0.0006490966,0.001580629,0.00073361874,0.99458224
ee4no0w,surprise,anger,0.6029778,0.14154235,0.0048899553,0.15967166,0.077551745,0.013366539
ee4ocki,joy,joy,0.00087051356,0.00026827372,0.00022929542,0.99778277,0.00019440181,0.00065479416
ee4pxlh,joy,joy,0.0008884565,0.00018318133,0.0002551483,0.9962618,0.00056470954,0.0018467141
ee4q06w,joy,joy,0.0008131867,0.00015186025,0.00020511667,0.99765694,0.00059460057,0.00057822996
ee4qhql,joy,joy,0.00038424256,0.00018427531,0.000373958,0.99829954,0.00039062923,0.00036740987
ee4qjbh,joy,joy,0.00040062965,0.00020116569,0.00041438246,0.9981311,0.00030653607,0.0005462077
ee4ql31,joy,joy,0.0003573583,0.0001465,0.00027695124,0.9981433,0.0007102193,0.00036566748
ee4qmi0,joy,joy,0.0022389675,0.00029198837,0.00048784833,0.9902444,0.00043208394,0.006304709
ee4qxis,joy,joy,0.0010082413,0.00021327591,0.0003381009,0.9976204,0.00045206238,0.00036789916
ee4rq2t,sadness,sadness,0.0019001745,0.0017787687,0.0009904462,0.0011650309,0.99309456,0.0010709894
ee4sfjl,surprise,surprise,0.0012750917,0.00089619245,0.0011448989,0.015217447,0.0011662191,0.9803002
ee4ughg,surprise,surprise,0.040234216,0.001795728,0.0006276469,0.0011596357,0.0015734517,0.9546094
ee4uotk,anger,anger,0.9846821,0.008244574,0.0018606432,0.0023811324,0.0014891037,0.0013424593
ee4uxvi,joy,joy,0.0005424932,0.00020922994,0.00027431222,0.99827313,0.00022949235,0.00047139142
ee4wmaj,joy,joy,0.00029099756,0.00016458135,0.00044810885,0.99810505,0.00038403957,0.00060711894
ee4wv63,anger,joy,0.003167111,0.00019430456,0.00024887436,0.99528825,0.00050426676,0.00059723726
ee4x9kp,disgust,anger,0.6281856,0.33018553,0.006812799,0.006214312,0.024990603,0.0036112007
ee4ydam,joy,joy,0.0005884709,0.0001788519,0.00030905518,0.9977647,0.00028965375,0.00086930604
ee4z390,surprise,surprise,0.022188306,0.0009646553,0.0008044734,0.037076935,0.0005901934,0.9383754
ee4zyn1,joy,joy,0.0009921899,0.00020016244,0.00021785336,0.99786407,0.00032177207,0.0004040411
ee4zzfr,joy,joy,0.00032432,0.00026482652,0.00037074694,0.9980367,0.0002528159,0.0007506377
ee50l89,joy,joy,0.003466346,0.00042294452,0.0013328316,0.9408117,0.0033817673,0.05058441
ee519hh,joy,joy,0.0008464002,0.00035374673,0.0007881851,0.9806583,0.0004790821,0.016874341
ee52bva,joy,joy,0.0003393886,0.00025709224,0.00041425624,0.99804074,0.0002207509,0.0007278301
ee52hgi,sadness,joy,0.0016426003,0.0005897203,0.0023342539,0.9188285,0.07384666,0.0027582655
ee52x7x,joy,joy,0.0005296944,0.00012791409,0.00023087772,0.9974081,0.0002544516,0.0014488989
ee53786,joy,joy,0.00034092728,0.00026079442,0.0028192124,0.9937279,0.00089786365,0.00195325
ee53bo9,joy,joy,0.0011509224,0.00044378298,0.00030072968,0.99710876,0.00030949828,0.00068636594
ee53udw,joy,joy,0.0003068739,0.00017118998,0.0002800735,0.99843293,0.00027641063,0.0005324655
ee53ybt,joy,joy,0.00042944323,0.00014282962,0.00025371453,0.9982666,0.00029670156,0.0006106816
ee54f7w,joy,joy,0.00036039544,0.00019616715,0.0003013583,0.99837375,0.00022622,0.00054208183
ee551s4,joy,joy,0.001732384,0.00019092941,0.00019960763,0.9970018,0.00032221878,0.0005530113
ee55eu7,joy,sadness,0.37876797,0.0036358142,0.002633382,0.045717124,0.56063104,0.00861463
ee55l0n,anger,anger,0.7936271,0.0030248484,0.0025119742,0.087634385,0.015572546,0.09762924
ee55qb6,joy,joy,0.0006924753,0.0006541875,0.00071741076,0.99699426,0.00024817634,0.0006934077
ee55zyf,joy,joy,0.00045398515,0.00023622286,0.0003517227,0.9982961,0.0002077033,0.00045423722
ee5681g,joy,joy,0.0005644204,0.0002700754,0.00030036108,0.9979716,0.00025444804,0.0006391216
ee573ot,joy,joy,0.06703829,0.0017051087,0.0005687629,0.92389935,0.0019854559,0.0048030424
ee577y4,joy,joy,0.00030528975,0.00021384344,0.00032138277,0.9980026,0.00027683587,0.0008800419
ee57c4i,joy,joy,0.0003644645,0.00018061168,0.0003574291,0.99836046,0.00030328133,0.00043370354
ee58n75,surprise,surprise,0.0023491501,0.0012755967,0.0007594813,0.0013509984,0.00049909396,0.9937656
ee59o0u,joy,joy,0.00036041232,0.00013888946,0.0002895147,0.9983657,0.0004160531,0.0004293923
ee5aa2a,joy,joy,0.000287067,0.00019348974,0.00062114187,0.99744284,0.00048412423,0.00097125047
ee5b5e3,anger,anger,0.64098084,0.06957553,0.003532243,0.068628706,0.21254763,0.004735044
ee5bioh,joy,joy,0.00048550047,0.00018370213,0.00053237245,0.99792385,0.0003259521,0.0005485737
ee5bq8n,anger,disgust,0.1795505,0.72019553,0.015393194,0.0129637355,0.065886885,0.006010235
ee5bqqq,anger,anger,0.9143818,0.053111866,0.0012402966,0.0061657084,0.01998499,0.005115292
ee5cn0s,joy,joy,0.0006384047,0.0003237058,0.0005793164,0.99658656,0.00041812815,0.0014538235
ee5e8v0,surprise,anger,0.98916936,0.002114843,0.00035833725,0.0031509898,0.0016493718,0.0035571943
ee5euh9,joy,joy,0.00054779876,0.00029924815,0.00027734108,0.9980825,0.00023712697,0.0005560399
ee5ezci,surprise,surprise,0.020070005,0.0012927108,0.000586992,0.0029333092,0.000700161,0.9744168
ee5fhjg,joy,joy,0.0004274505,0.00021143048,0.0002691519,0.9976731,0.00020902463,0.0012098629
ee5fqe7,joy,joy,0.0003277898,0.00021382561,0.00031084783,0.9983553,0.00038571912,0.00040645036
ee5fykb,anger,anger,0.43965104,0.43399101,0.007895634,0.036350746,0.07186466,0.01024692
ee5gov9,joy,surprise,0.036576707,0.0045581213,0.0013358336,0.009591525,0.007205512,0.9407323
ee5h8kw,anger,anger,0.88734186,0.014763877,0.001326826,0.00484578,0.08950786,0.0022138446
ee5jeoy,surprise,surprise,0.024656069,0.0011450821,0.0005728012,0.0019402646,0.0013410392,0.9703447
ee5jnes,surprise,surprise,0.0063583897,0.0005945193,0.0004052453,0.011260637,0.0024341005,0.9789473
ee5kgax,surprise,joy,0.0010590744,0.0012196447,0.0038957733,0.92631626,0.0012696821,0.06623952
ee5kokt,joy,joy,0.00024700884,0.00018447994,0.00037593732,0.9974733,0.0003023309,0.0014169493
ee5l7ju,joy,joy,0.00025713726,0.00021246493,0.0003209707,0.9980489,0.00033194578,0.0008285909
ee5mbfj,surprise,surprise,0.09410096,0.0020674332,0.00068487885,0.012580511,0.0051790657,0.8853872
ee5mn54,joy,surprise,0.0073748273,0.00090009044,0.0012538179,0.0025996477,0.0021223556,0.9857491
ee5mqor,joy,joy,0.0003198662,0.00021060887,0.00044170133,0.9977858,0.00081807736,0.00042393903
ee5n06i,joy,joy,0.0005731416,0.00023202464,0.00029124788,0.9982855,0.00028396252,0.0003340336
ee5nfbq,joy,joy,0.00047447096,0.00033444221,0.0004158888,0.9973149,0.0002035106,0.0012567244
ee5nv3w,surprise,surprise,0.0018760484,0.00082381483,0.00083782896,0.0015413428,0.0005145726,0.99440634
ee5owwz,sadness,anger,0.5473434,0.012155886,0.002853192,0.0062486758,0.42001638,0.011382508
ee5phdm,joy,surprise,0.0077426443,0.0045735007,0.0024802668,0.0957998,0.00143236,0.8879713
ee5po12,joy,joy,0.000734681,0.000199703,0.00063191104,0.9965064,0.0003342655,0.0015930163
ee5quyf,joy,joy,0.00083318225,0.00016837487,0.00019463287,0.9977423,0.0004233846,0.00063818507
ee5qw35,joy,joy,0.0021346898,0.0003084538,0.0010245754,0.97687715,0.0010123481,0.018642845
ee5r6t1,joy,joy,0.046730984,0.00048722842,0.0013669338,0.9290462,0.004334696,0.018034019
ee5rqyi,sadness,sadness,0.0053086067,0.005318156,0.0010080414,0.0016496906,0.9851848,0.001530763
ee5svxf,anger,anger,0.98509717,0.008229217,0.00073020556,0.001427775,0.0023637912,0.0021518192
ee5tqqq,joy,joy,0.007988167,0.00035802045,0.00034325256,0.9876486,0.000367932,0.0032940242
ee5u4io,sadness,sadness,0.0016541777,0.0013662489,0.00093438226,0.00555188,0.9858495,0.0046438975
ee5u921,joy,joy,0.001736663,0.0001495138,0.00035856324,0.9951375,0.0015347344,0.0010830372
ee5ue95,sadness,sadness,0.0011939289,0.0015057181,0.0034648841,0.0010871334,0.99195975,0.00078853697
ee5ulcx,joy,joy,0.0003862652,0.00017202996,0.00030486714,0.9983772,0.00022083776,0.00053879136
ee5ults,joy,joy,0.0028489016,0.00032787825,0.0003012004,0.9908647,0.00082147797,0.004835833
ee5uujw,fear,fear,0.0124722505,0.07345217,0.87578803,0.0037489312,0.03123603,0.0033025914
ee5v3q7,joy,joy,0.004722019,0.00046351587,0.00025998626,0.992218,0.0011303083,0.0012060963
ee5v8v1,joy,joy,0.00044570674,0.00028101163,0.0003541249,0.99611276,0.00031370288,0.002492767
ee5vvau,joy,joy,0.00049639685,0.0001510029,0.00021469063,0.99820244,0.00041596426,0.00051954074
ee5w3lp,joy,joy,0.0013570827,0.0002447179,0.00028839905,0.99728143,0.00020357872,0.00062483695
ee5ww5r,joy,joy,0.00038812967,0.00017957087,0.00025581892,0.99853456,0.00021688099,0.00042505778
ee5xsw1,anger,anger,0.9570895,0.0015328246,0.0007993087,0.014946782,0.0017873872,0.023844117
ee5xtsy,surprise,anger,0.65958595,0.021979373,0.012396881,0.0067765377,0.046853665,0.2524077
ee5xutm,surprise,surprise,0.0016971527,0.00080666074,0.0006127754,0.0020715753,0.0006783963,0.9941334
ee5y5l3,joy,surprise,0.11012619,0.0027859884,0.010925654,0.121990636,0.30339673,0.45077485
ee5yzds,joy,joy,0.0005372226,0.00022849756,0.00029844532,0.998293,0.00030109085,0.000341759
ee5zr74,joy,joy,0.00041505176,0.00018428783,0.00034761056,0.99841976,0.00025591298,0.0003773714
ee5zv1r,joy,joy,0.00041635984,0.0001925054,0.00028292064,0.9981451,0.00019891378,0.0007641968
ee60jtu,joy,joy,0.0004892866,0.00027036143,0.00029232845,0.99833614,0.00020605493,0.0004058021
ee61x8k,surprise,joy,0.0026464376,0.0014588969,0.0034367295,0.6163701,0.0027929996,0.37329486
ee626do,joy,anger,0.5613999,0.0031716006,0.00085549837,0.42247206,0.004208883,0.007892137
ee62y6x,joy,joy,0.00027311157,0.00017113818,0.00029833455,0.9983746,0.00025918224,0.0006235911
ee62ydl,sadness,sadness,0.0006180663,0.00092063367,0.0018217452,0.005654763,0.9896773,0.0013074983
ee637s8,anger,anger,0.88288844,0.017017955,0.0017320429,0.08837451,0.0073635946,0.0026234107
ee6386k,joy,joy,0.00040216325,0.00022004188,0.00031856343,0.9983317,0.0002272321,0.0005003256
ee63efc,sadness,anger,0.7153994,0.21538594,0.0034963673,0.010823843,0.046523944,0.008370444
ee64day,sadness,sadness,0.00094228215,0.0016528856,0.0013527414,0.0016244077,0.9935533,0.0008743851
ee64dbh,joy,joy,0.00053910154,0.0003695576,0.00059448485,0.99697673,0.00030544426,0.0012147527
ee64ows,joy,joy,0.0010702799,0.00016402219,0.00017198133,0.99736136,0.0002844753,0.0009478348
ee64tf4,joy,joy,0.00059059897,0.00029153159,0.00022730151,0.996999,0.000887467,0.0010040192
ee67en8,joy,joy,0.00046733272,0.00027300796,0.00030813515,0.998287,0.00021551711,0.0004490503
ee685ge,surprise,surprise,0.0017205899,0.0008853561,0.0007549759,0.0011430774,0.00056003314,0.99493587
ee68wff,joy,joy,0.00051313866,0.00018934596,0.00023515499,0.9979564,0.0004771133,0.00062873994
ee692im,joy,joy,0.0010105388,0.00014051687,0.0003342724,0.9969158,0.0005766821,0.0010221548
ee69phf,anger,anger,0.98698527,0.006442655,0.0014490866,0.001647499,0.0014851204,0.0019904089
ee69wkr,anger,anger,0.9887382,0.0025440138,0.0003403801,0.004243753,0.0012581273,0.0028755802
ee6b1bw,joy,joy,0.015006076,0.011532587,0.002078521,0.9669566,0.0024788105,0.0019472974
ee6bjs8,joy,joy,0.0004892014,0.00020539381,0.0002678876,0.99817836,0.00014524377,0.0007139458
ee6c291,disgust,anger,0.8524064,0.124417864,0.006413398,0.005933579,0.007934575,0.0028941173
ee6c7t8,sadness,anger,0.44847828,0.0024812312,0.010831558,0.18051876,0.18063751,0.17705265
ee6c8k2,surprise,joy,0.0023404201,0.00048737178,0.0009101818,0.9461791,0.00045875757,0.0496242
ee6co25,anger,anger,0.96599925,0.0028740182,0.0008511416,0.011716593,0.014941768,0.0036173463
ee6dv3m,surprise,joy,0.0044380696,0.002783811,0.0022320698,0.96910113,0.002020089,0.01942484
ee6ecmr,joy,joy,0.0008078643,0.0004340928,0.0005521829,0.9881264,0.00032168685,0.009757765
ee6eyoy,sadness,joy,0.004230123,0.0017721679,0.0034389119,0.3845721,0.25770283,0.34828383
ee6f4rc,joy,joy,0.00048384076,0.00021080828,0.000303935,0.9983706,0.00025597116,0.00037491863
ee6fojd,joy,joy,0.00040631703,0.00030328467,0.00034020797,0.99818206,0.0003418369,0.00042632676
ee6g0gu,joy,joy,0.00050327467,0.00019725303,0.000666731,0.9960366,0.0020372795,0.00055890816
ee6gjec,joy,joy,0.0003841878,0.00040767487,0.0005430932,0.99682814,0.00052108685,0.0013158803
ee6hcv6,joy,joy,0.00029448405,0.0001917588,0.0002865783,0.99837387,0.0002722683,0.0005810224
ee6hoqy,joy,joy,0.00043062837,0.00015585919,0.00030230725,0.9973562,0.00036968628,0.0013853107
ee6iekm,joy,joy,0.00055962714,0.00017984834,0.00031053618,0.9929301,0.0003413075,0.0056785992
ee6iolx,sadness,sadness,0.0031349284,0.0013766928,0.005138748,0.021305166,0.9680958,0.00094868813
ee6jp9c,joy,joy,0.00042582932,0.0001712916,0.00027599762,0.99849117,0.0002916028,0.00034408394
ee6kv7j,joy,joy,0.0041789296,0.0005125327,0.0006785224,0.93749166,0.000668741,0.056469653
ee6kw3l,joy,joy,0.0005157853,0.00017230611,0.000181603,0.99791926,0.00033750833,0.0008736272
ee6kxgs,joy,joy,0.00044158302,0.0002376132,0.00031646053,0.9983271,0.00022609037,0.00045125844
ee6m5ue,joy,joy,0.007135299,0.00023896883,0.0012911821,0.9846511,0.0017693859,0.004914078
ee6mtyn,joy,joy,0.0012047982,0.00023554878,0.00045123912,0.9971035,0.00022819985,0.0007767542
ee6ngi0,joy,joy,0.0005958567,0.00021905734,0.0003268265,0.99680173,0.00021408779,0.0018423948
ee6nmnj,surprise,surprise,0.0030954306,0.0010707668,0.0007347978,0.0008579202,0.0006553483,0.99358577
ee6nuu3,sadness,sadness,0.030369086,0.10170614,0.013923439,0.01919535,0.8313737,0.0034323188
ee6o8y9,anger,anger,0.974514,0.0027975359,0.0004792341,0.017209021,0.002473143,0.0025270483
ee6oz9w,joy,joy,0.00039412623,0.00017348983,0.0004780147,0.9979038,0.00039985127,0.0006507094
ee6pc5x,joy,joy,0.0012237508,0.00018713504,0.00020531271,0.99755496,0.00024204326,0.0005867435
ee6q36p,anger,joy,0.33185527,0.0017525677,0.000979661,0.65789175,0.0021776867,0.005343006
ee6qbjy,joy,joy,0.0005274075,0.00032195987,0.0003199114,0.9977155,0.0002778047,0.0008374016
ee6qy6d,joy,surprise,0.002142939,0.0033875806,0.017437652,0.36651152,0.01329021,0.5972301
ee6rbom,joy,joy,0.00048174438,0.00022763546,0.00025258106,0.99805534,0.00035746282,0.0006253394
ee6rdzz,surprise,surprise,0.016683467,0.00309286,0.00070766406,0.067279235,0.0015354451,0.9107013
ee6reay,joy,joy,0.0014780608,0.00084127346,0.0018160591,0.9621316,0.00047984836,0.033253167
ee6s854,sadness,sadness,0.0045231483,0.001946371,0.0012087253,0.0041039963,0.9872995,0.0009182133
ee6sfmc,joy,surprise,0.05213013,0.0021015499,0.0023710548,0.29738998,0.28802228,0.357985
ee6sids,sadness,sadness,0.0021652896,0.0013343882,0.0013227967,0.009497656,0.9845179,0.0011620633
ee6t2fn,joy,joy,0.00035232902,0.00018557567,0.00077062193,0.99697363,0.0009193288,0.00079843344
ee6tfta,surprise,surprise,0.0054513807,0.00093497813,0.0012775462,0.4709404,0.0013871244,0.5200085
ee6tkkl,joy,sadness,0.0024874136,0.0015272652,0.0011994765,0.002635666,0.9911248,0.0010252752
ee6u760,joy,joy,0.0019641195,0.00020581752,0.00028485907,0.99566925,0.00036146567,0.0015145021
ee6uw7u,sadness,sadness,0.03483597,0.12957796,0.08608127,0.0059601534,0.7394718,0.004072802
ee6uwun,joy,anger,0.96845096,0.0017472269,0.0010985164,0.018349992,0.0017988455,0.008554508
ee6v0jo,anger,anger,0.8434383,0.002589803,0.0007087276,0.022754163,0.0151567245,0.11535216
ee6x67x,joy,joy,0.00042980062,0.00019896413,0.00033581478,0.9969592,0.00021608663,0.001860131
ee6ypwf,joy,joy,0.0005048801,0.0002335808,0.0005028897,0.99132866,0.0004746844,0.0069552627
ee6zgw3,joy,joy,0.00052271597,0.00017442387,0.00022669592,0.9983839,0.0002907889,0.00040149773
ee6zmsb,joy,joy,0.00039114006,0.0002292466,0.0003525355,0.9979024,0.00021782579,0.0009068504
ee6zt6b,joy,joy,0.00042843615,0.00021541902,0.00023901628,0.9982315,0.00033945008,0.00054633606
ee70evs,surprise,surprise,0.15381663,0.0019492698,0.0013163319,0.017011607,0.030662186,0.79524404
ee71ihk,joy,joy,0.0007235149,0.00024159944,0.0003304541,0.9978542,0.00026737852,0.0005828569
ee71ile,joy,joy,0.001236355,0.00018855336,0.0003783636,0.99662054,0.0010604544,0.0005156756
ee72e55,joy,joy,0.0003009881,0.00017591842,0.000341261,0.9980379,0.0002803319,0.00086364074
ee73d7q,joy,joy,0.00032228293,0.00017123745,0.00035954695,0.99826694,0.00042214754,0.00045782578
ee73r6l,joy,joy,0.00044404084,0.00027059295,0.00032918647,0.9979711,0.00023915185,0.00074586045
ee73v9y,anger,anger,0.98072994,0.0014284105,0.0006220868,0.009879667,0.0017577307,0.0055821235
ee750rr,joy,joy,0.00048509327,0.0001470896,0.0003554397,0.99796116,0.000380871,0.00067034294
ee75985,joy,sadness,0.008608406,0.001023694,0.0008915901,0.0054949974,0.9802065,0.0037748702
ee75eyj,anger,joy,0.30486736,0.0045429445,0.0013011019,0.54528934,0.012393098,0.13160615
ee75h2b,surprise,surprise,0.0020761767,0.0008836293,0.0016673077,0.051884275,0.001458254,0.94203025
ee75ixt,joy,joy,0.00040925888,0.00018367083,0.00033117892,0.99820876,0.00021051799,0.0006565948
ee75qyl,anger,surprise,0.021238532,0.0009572563,0.0003810669,0.005776065,0.00095543684,0.97069156
ee75uj1,anger,anger,0.9877285,0.0058275703,0.0011184507,0.0013166083,0.002142106,0.0018667626
ee777bm,joy,joy,0.0015826403,0.0002823532,0.0004556663,0.98896444,0.0008027462,0.007912194
ee7792k,surprise,surprise,0.036009125,0.001843886,0.00059066224,0.0017630883,0.0020821928,0.95771104
ee77v99,joy,joy,0.00041298507,0.00019202313,0.00046454134,0.9939349,0.00026615872,0.0047293874
ee78esm,joy,joy,0.0016895335,0.00083740766,0.0067226826,0.7840493,0.007219659,0.19948144
ee78f9q,anger,anger,0.9118149,0.0132189,0.0014712858,0.0013109732,0.0512713,0.020912595
ee78swv,surprise,surprise,0.008689044,0.0037195415,0.0041734166,0.004619302,0.004840858,0.9739578
ee797hw,surprise,surprise,0.027252283,0.0031200894,0.021218918,0.05152167,0.008342729,0.8885444
ee79l4e,sadness,sadness,0.10054202,0.0040726257,0.001053504,0.01252635,0.85183936,0.029966075
ee7cppv,joy,sadness,0.22512744,0.1478556,0.022686008,0.025001476,0.5619216,0.017407892
ee7d19b,surprise,surprise,0.001313942,0.0011532301,0.0010740565,0.0019757617,0.0006906383,0.9937925
ee7d669,joy,joy,0.0015056117,0.0027334231,0.006156352,0.6903216,0.005366241,0.2939168
ee7dht3,surprise,surprise,0.31313726,0.003926824,0.0009406078,0.014108863,0.00551702,0.66236955
ee7dnuy,joy,joy,0.0017024705,0.00024020749,0.00018030901,0.9965496,0.00033151,0.0009958437
ee7dwea,anger,anger,0.9870905,0.0019001081,0.0010167756,0.005775702,0.0015026914,0.0027143036
ee7e2vn,joy,joy,0.00033620984,0.00021532802,0.00033699666,0.9983296,0.00027711256,0.0005047531
ee7e6qh,joy,joy,0.0006451599,0.00020566689,0.00019128715,0.99807477,0.0003285197,0.00055465725
ee7efis,sadness,joy,0.02077847,0.00033624686,0.001327569,0.95142114,0.0060962993,0.020040262
ee7enmo,anger,anger,0.98785526,0.0061611873,0.001031359,0.0013993927,0.0015936699,0.0019591968
ee7fboh,joy,joy,0.00058182975,0.00031461054,0.0003261336,0.9981388,0.00019716875,0.0004414871
ee7g9pz,joy,joy,0.00047525318,0.000120716904,0.00023989158,0.997532,0.000963827,0.00066827604
ee7gc2u,sadness,sadness,0.0011293096,0.0013244451,0.0013055186,0.0015709174,0.9937546,0.000915164
ee7hqj0,joy,joy,0.00053292763,0.00023626898,0.00032206057,0.9980684,0.00024250482,0.0005978657
ee7hqvo,surprise,surprise,0.0044526034,0.0007804012,0.00051225617,0.0029016724,0.00078657304,0.99056643
ee7ivzg,fear,fear,0.0045205182,0.018072262,0.96793336,0.0022091533,0.0017082056,0.0055565927
ee7jm7p,joy,joy,0.0009814629,0.00016247126,0.00021539017,0.9968336,0.000266184,0.0015408605
ee7kp88,joy,joy,0.00038494787,0.00031106322,0.00039375192,0.9915741,0.00033669593,0.00699944
ee7ld0e,sadness,sadness,0.003653243,0.0028897382,0.026404101,0.003371978,0.96158665,0.0020942248
ee7lw05,anger,joy,0.06040604,0.0013241118,0.0010471904,0.81839466,0.0070628584,0.1117652
ee7m91r,joy,joy,0.0007310139,0.00025080694,0.00021081769,0.99797815,0.00023456478,0.0005947177
ee7o094,joy,joy,0.0006510524,0.00020291402,0.0004920819,0.99394,0.00030761838,0.004406363
ee7om6v,surprise,joy,0.00075594155,0.00036013772,0.0008765388,0.98558307,0.0006424504,0.011781775
ee7s0nr,anger,anger,0.9895989,0.0036511528,0.0005663189,0.002640399,0.0015470668,0.001996203
ee7s2l9,joy,anger,0.6840614,0.019932197,0.002521321,0.2579771,0.021979176,0.013528796
ee7tplo,joy,joy,0.00037464002,0.0001960316,0.0002818922,0.9980902,0.00019979276,0.0008574369
ee7u9wl,anger,anger,0.9728324,0.006285137,0.001206283,0.0038651265,0.009112048,0.0066990205
ee7upsq,anger,joy,0.034315117,0.0028654472,0.0059142397,0.8683737,0.0033521564,0.08517938
ee7v8oj,joy,joy,0.016917868,0.0007246811,0.00046512604,0.9770981,0.0011921143,0.0036020065
ee7vbi1,joy,joy,0.009330871,0.00044220343,0.0013250303,0.92544436,0.0018364585,0.06162108
ee7w102,joy,joy,0.00056854874,0.0001328209,0.00036905572,0.9979698,0.00039883397,0.000560863
ee7wkaw,anger,anger,0.6072056,0.0044242055,0.0011174782,0.04456123,0.32188925,0.02080219
ee7wqoz,joy,joy,0.0004947315,0.00022224439,0.0003360296,0.9977944,0.00020416398,0.00094842893
ee7x0ql,joy,joy,0.00089112145,0.0002085999,0.00019317579,0.9974954,0.00022670573,0.0009850771
ee7xatm,joy,joy,0.0031202207,0.00051481015,0.0003180871,0.9948,0.00037431097,0.0008725483
ee7xwpj,joy,joy,0.0005350991,0.00017124748,0.00023477511,0.9968508,0.00027853367,0.0019296721
ee7y7wc,joy,joy,0.0003855856,0.00017518863,0.00027089583,0.9983986,0.00029189655,0.00047786898
ee7yrmq,joy,joy,0.0005372712,0.00031555066,0.0002615024,0.9979814,0.0003293623,0.0005747649
ee7zchq,fear,fear,0.0012806345,0.009861153,0.97989845,0.0026956664,0.0027860054,0.0034781205
ee7zn8o,joy,joy,0.0004466435,0.00038931723,0.0028180322,0.9926496,0.002522843,0.0011735455
ee81gi9,anger,anger,0.7469364,0.018134143,0.0023987286,0.18294346,0.01684113,0.032746214
ee81r2j,joy,joy,0.0050109327,0.00087977987,0.00562258,0.9566949,0.0030869092,0.028704925
ee824sf,surprise,surprise,0.27075619,0.0022115335,0.0033027197,0.01336524,0.006628188,0.70373607
ee826u2,anger,anger,0.9875453,0.0022143067,0.00039030614,0.0029913015,0.0012234664,0.005635238
ee82i41,joy,joy,0.00057503843,0.00025044451,0.00050343364,0.984769,0.0005490669,0.013352996
ee82uiv,joy,joy,0.00062567927,0.00022331101,0.00019409407,0.99769115,0.0004726239,0.0007930828
ee83rob,joy,joy,0.00036257558,0.00029344196,0.00072548667,0.997036,0.00026899463,0.0013134994
ee84r5d,joy,joy,0.0010530477,0.0006587664,0.0019317201,0.890278,0.10299172,0.0030867592
ee85dxp,surprise,surprise,0.0063485173,0.0007498912,0.00062427827,0.0012695307,0.0012984897,0.9897093
ee86a8q,surprise,surprise,0.010700928,0.00078149233,0.00069058343,0.0013523138,0.0015977077,0.984877
ee87dvk,sadness,sadness,0.006854852,0.0012119714,0.0013297896,0.003795096,0.9847974,0.0020109667
ee88i90,surprise,surprise,0.0032636127,0.00065746496,0.00051678007,0.00269846,0.0005995539,0.99226415
ee89gdw,surprise,surprise,0.0035400195,0.0010950207,0.0006922302,0.0008320812,0.00053308066,0.99330753
ee89kuj,joy,surprise,0.009475025,0.0037236386,0.0022737512,0.34511545,0.0027418856,0.63667023
ee89vzw,joy,joy,0.005738778,0.0003203241,0.00033733252,0.9904412,0.0022722213,0.0008901087
ee8a1uj,joy,joy,0.016783552,0.001726009,0.013338824,0.5805036,0.31496948,0.07267849
ee8aeqe,anger,anger,0.75626284,0.018913776,0.0022397893,0.0028541493,0.20419517,0.015534282
ee8ao8i,joy,joy,0.00047390783,0.00015894751,0.00028425152,0.99778265,0.0002056918,0.0010946287
ee8ctxm,joy,joy,0.0018790388,0.0015418266,0.08322897,0.8936592,0.011962432,0.007728475
ee8d9h8,joy,joy,0.00043049964,0.00019333449,0.00036813683,0.9979113,0.00024566072,0.0008510086
ee8e3t3,joy,anger,0.46839574,0.0054990756,0.0024957769,0.35200888,0.009559942,0.1620406
ee8e41n,anger,anger,0.9209839,0.021626653,0.0011744739,0.0078367395,0.046047475,0.0023307938
ee8ektp,joy,joy,0.00037333404,0.00022612078,0.00029822564,0.99832994,0.00023010855,0.00054230104
ee8epca,anger,joy,0.4074845,0.004162296,0.00082635833,0.57304704,0.005296772,0.009183034
ee8g5g2,sadness,joy,0.0011321187,0.00012093912,0.00017988351,0.99733365,0.0004188568,0.0008146391
ee8gra9,sadness,sadness,0.023252018,0.0042520016,0.007197548,0.3704852,0.452296,0.14251721
ee8h54x,sadness,sadness,0.0016305359,0.002018663,0.0023988225,0.041255802,0.947215,0.00548121
ee8hh91,joy,joy,0.011200386,0.00063814805,0.00054611,0.98538357,0.0006764112,0.0015553541
ee8hwzz,anger,anger,0.9756423,0.0021288616,0.0009880909,0.011379176,0.003969704,0.00589177
ee8hxvc,joy,joy,0.00040438646,0.00021739551,0.0003249521,0.9978745,0.00031587481,0.00086284004
ee8jpwz,anger,anger,0.97897834,0.0025001923,0.0008620215,0.012098301,0.0031129168,0.002448251
ee8l22v,surprise,joy,0.3746157,0.001939047,0.0012664708,0.58582866,0.023670005,0.012680087
ee8liqi,joy,joy,0.0005676213,0.00020075004,0.00028140444,0.99837303,0.00026542103,0.00031169015
ee8mjqp,sadness,sadness,0.0018930564,0.003202438,0.0030251564,0.22167593,0.76754177,0.0026615765
ee8mzwa,sadness,sadness,0.0019036806,0.0012808198,0.001464181,0.0020572373,0.9922449,0.0010492459
ee8ncv9,fear,fear,0.002256865,0.015390613,0.9428425,0.017555675,0.01629074,0.005663654
ee8oif5,joy,joy,0.00089547626,0.00027662862,0.00020552668,0.99756753,0.0002551443,0.00079973124
ee8op9a,anger,anger,0.9644898,0.017418878,0.000860761,0.0052636634,0.009930014,0.0020368558
ee8pd9h,anger,anger,0.96878827,0.012636309,0.0011800241,0.0014276551,0.010615372,0.005352336
ee8pfu0,joy,joy,0.00031693542,0.00023895992,0.0004067909,0.99519616,0.00054912345,0.0032920493
ee8psgw,joy,anger,0.856488,0.029664153,0.0018686696,0.013066596,0.06659588,0.03231673
ee8qzt8,joy,joy,0.00096869865,0.00017861319,0.00035405115,0.99776435,0.00025050584,0.00048374903
ee8r8kp,sadness,joy,0.0017179714,0.00029901767,0.00029722313,0.9909881,0.006117029,0.00058070215
ee8rdzm,surprise,surprise,0.0042044064,0.0012434479,0.0018505715,0.0010964696,0.0014810382,0.99012405
ee8rocj,joy,joy,0.004272188,0.00026158505,0.0002558066,0.99393,0.0005959014,0.0006845116
ee8sf20,joy,joy,0.0007195637,0.00039167935,0.0009752134,0.97826093,0.00059447426,0.019058133
ee8sgaw,sadness,surprise,0.025291815,0.097326145,0.022525903,0.005510394,0.2672211,0.58212465
ee8u5gg,joy,joy,0.0010068096,0.00050390844,0.0035178177,0.97147995,0.017102255,0.006389256
ee8upyi,sadness,surprise,0.010448181,0.0036496052,0.0017218747,0.039214015,0.0066393013,0.938327
ee8vkuw,joy,joy,0.00031935057,0.00014368311,0.00039754665,0.99798214,0.000633476,0.00052377465
ee8vuxa,surprise,surprise,0.0030294063,0.001046256,0.0010800435,0.010728416,0.018648634,0.9654673
ee8wf77,anger,anger,0.9458651,0.041257117,0.002065692,0.0022098832,0.007235712,0.0013665324
ee8wv5f,joy,joy,0.0003928803,0.00021368681,0.0003699081,0.9981527,0.0002046887,0.0006661494
ee8wzl3,joy,joy,0.00045077014,0.0002715925,0.00029011298,0.99825686,0.00027474758,0.00045580976
ee8x4ik,joy,joy,0.0006797805,0.00021547434,0.00028890683,0.9980071,0.00021161282,0.0005971199
ee8xbkr,joy,anger,0.8315051,0.010883262,0.0381133,0.06197036,0.041228756,0.016299136
ee8xseg,joy,joy,0.0005493704,0.00019727324,0.00041877927,0.9970957,0.00026809948,0.0014706992
ee8y5rz,surprise,surprise,0.008347505,0.003769159,0.021135194,0.28121248,0.0035294106,0.68200624
ee8zei1,surprise,sadness,0.0044060186,0.0033371875,0.0031672805,0.020404514,0.9285269,0.040158216
ee8zqz8,joy,joy,0.002005211,0.00029377945,0.0002713367,0.996271,0.00025818194,0.0009004984
ee90qo7,sadness,sadness,0.0018886196,0.0020090519,0.001114445,0.0011827216,0.99282724,0.0009779389
ee90ubq,surprise,surprise,0.009332929,0.00065025385,0.0005604723,0.0038079745,0.0005914581,0.98505694
ee91aqe,joy,joy,0.0016261812,0.0004689889,0.0009986503,0.9794403,0.000315537,0.017150445
ee91ixu,joy,joy,0.0015823463,0.00033907554,0.00023378983,0.99628544,0.0005718131,0.0009875061
ee91zfs,fear,anger,0.34531376,0.21596602,0.012160523,0.026109848,0.29315332,0.10729654
ee91zq8,joy,joy,0.0003522635,0.00016940976,0.0002926178,0.99838126,0.0002550015,0.00054945325
ee9429f,joy,joy,0.0005080894,0.0007072823,0.0040966244,0.9816969,0.008601421,0.004389557
ee94bom,joy,joy,0.00042626596,0.00027964124,0.00032949445,0.99827814,0.0002737504,0.00041267762
ee94zml,anger,anger,0.9499391,0.0066642147,0.0007127594,0.037068743,0.0028903794,0.002724801
ee95h38,sadness,sadness,0.004182576,0.0015911674,0.0035738277,0.011154716,0.9554137,0.024084056
ee96qlb,joy,joy,0.00062609074,0.00016059479,0.00023045203,0.9981673,0.00024372735,0.00057176605
ee970tf,surprise,surprise,0.014372783,0.0016516227,0.0009852687,0.119560756,0.0021803572,0.8612492
ee98a8h,sadness,sadness,0.26226997,0.026958682,0.04862369,0.012661761,0.64053935,0.008946497
ee98kx8,sadness,sadness,0.013224084,0.0020553607,0.002383046,0.053000618,0.74086225,0.1884746
ee98y4o,joy,joy,0.00038438704,0.00019610228,0.00029729315,0.99835014,0.00029843708,0.00047374793
ee99ewo,joy,joy,0.0005363737,0.00015806366,0.00032953918,0.9981509,0.00036134463,0.0004637589
ee99nnz,anger,anger,0.5157445,0.009227132,0.002417692,0.1885665,0.24962384,0.0344203
ee99pw8,joy,joy,0.00032900722,0.00018430094,0.00032692074,0.9983584,0.0001952187,0.0006060176
ee9a8m7,disgust,anger,0.9866975,0.0062396857,0.0016093252,0.0023992953,0.0017134371,0.0013407622
ee9ahmd,joy,joy,0.00040966837,0.00012519084,0.00027587425,0.9972294,0.0009751077,0.0009847975
ee9ay3i,joy,surprise,0.09014564,0.0031511947,0.0033315355,0.3929244,0.09993009,0.41051713
ee9b3g2,joy,joy,0.00033975224,0.0003356123,0.00047023193,0.9971852,0.00082281313,0.0008463606
ee9bqqa,joy,joy,0.0003109614,0.00022126257,0.0003474732,0.9983707,0.00033453584,0.00041516696
ee9cc2m,joy,joy,0.0006293145,0.00026782556,0.00027253915,0.9978254,0.00024400219,0.0007609505
ee9di8a,joy,joy,0.00070971216,0.00024375261,0.00020536875,0.9978339,0.00024277916,0.00076443225
ee9djg0,anger,anger,0.9130648,0.0062957346,0.0058269934,0.008515846,0.06278404,0.0035126847
ee9e4sa,joy,joy,0.00026075,0.00018685931,0.000368193,0.9977489,0.0003857641,0.0010495691
ee9ef98,sadness,sadness,0.057964366,0.0027932415,0.0017068572,0.005102336,0.9247701,0.007663148
ee9elib,joy,joy,0.0003330427,0.00017178725,0.0003961756,0.998192,0.00034155662,0.0005653899
ee9f7rx,joy,joy,0.00046075488,0.0002307587,0.00046022655,0.9972191,0.00019813408,0.0014310717
ee9frq0,anger,anger,0.94898385,0.0046602204,0.0022492134,0.040264305,0.002781889,0.0010605459
ee9g7sg,joy,joy,0.000385804,0.00023252727,0.00036846937,0.9980123,0.00018417908,0.0008166431
ee9ibtm,joy,joy,0.0004234764,0.00021374157,0.00026761147,0.9984085,0.00028008773,0.0004065658
ee9igeg,joy,joy,0.0004234806,0.00015454442,0.00035002668,0.9979443,0.0004402872,0.0006873447
ee9j7vh,joy,joy,0.0041127387,0.001734979,0.0014387823,0.8805444,0.0020818445,0.110087186
ee9jcre,joy,joy,0.005088144,0.0014983974,0.0013370956,0.94032615,0.02247917,0.029271098
ee9m463,joy,joy,0.0013362786,0.00046434332,0.00089750945,0.9601165,0.0010885122,0.036096904
ee9npdt,joy,joy,0.00036337305,0.000217176,0.0003685041,0.9981388,0.00025167858,0.00066042936
ee9opsr,anger,joy,0.0009967928,0.00021291515,0.00044057722,0.9949799,0.00036332288,0.0030064792
ee9ovup,anger,anger,0.94834065,0.0032938295,0.00047828545,0.038231768,0.00391588,0.0057395874
ee9qtgy,surprise,surprise,0.0033334405,0.0013718483,0.0013429378,0.13897975,0.0015786159,0.8533933
ee9qw5n,joy,joy,0.00048361064,0.00014927036,0.00025087592,0.99830973,0.0003743222,0.0004321465
ee9r6hp,joy,joy,0.0004402678,0.00021647099,0.00030942043,0.99797267,0.0003060026,0.00075514626
ee9r8zm,surprise,surprise,0.037913684,0.005343037,0.003170474,0.2051061,0.3622681,0.38619864
ee9sbwt,joy,joy,0.00031302965,0.00020409244,0.00037161814,0.99842983,0.00026070036,0.00042062247
ee9si6b,joy,joy,0.00036586096,0.00019423441,0.00027772822,0.99837625,0.00020385392,0.0005820692
ee9tlxw,joy,joy,0.00067883014,0.00028395822,0.000504675,0.9955521,0.00022951336,0.0027508645
ee9tqp8,fear,joy,0.00078411086,0.0002371525,0.0009468087,0.99441975,0.00036764995,0.0032445074
ee9u4ur,disgust,disgust,0.08164143,0.8728144,0.013659065,0.0071603404,0.020463208,0.0042615556
ee9uru6,joy,joy,0.00036532196,0.0002299365,0.000319996,0.99795365,0.00021603935,0.00091502734
ee9uxjt,surprise,surprise,0.1611355,0.0020312043,0.00077110314,0.0048840665,0.0029409628,0.8282372
ee9vz6s,joy,joy,0.0015461587,0.00015416379,0.00026283233,0.99507916,0.0017360349,0.0012216504
ee9wu3p,sadness,joy,0.0011904645,0.00041428712,0.00048420153,0.9872772,0.007778896,0.0028549887
ee9wvg6,joy,joy,0.00044385524,0.00018515172,0.00022992585,0.99807787,0.0005724549,0.00049071765
ee9x3y1,surprise,surprise,0.0039858124,0.00061369914,0.00074790564,0.0017659523,0.0020294376,0.99085706
ee9x4rt,joy,joy,0.00046487158,0.00018370095,0.00047471395,0.99769294,0.0007361428,0.0004475722
ee9xsp5,joy,sadness,0.16448626,0.0055863396,0.0027368905,0.117247485,0.5580163,0.1519267
ee9y74i,joy,surprise,0.04567056,0.0019925905,0.0012641324,0.1841651,0.0064559137,0.76045173
ee9zczw,joy,joy,0.00059913244,0.00019077056,0.00032774688,0.99793625,0.00021221761,0.0007338816
eea0gwy,joy,joy,0.00035274652,0.00026820955,0.00040753293,0.9972873,0.0006237752,0.0010605073
eea0o8n,joy,joy,0.0020420616,0.00076901156,0.0011920746,0.962844,0.0005327361,0.032620136
eea12kb,joy,joy,0.0004947342,0.00022611822,0.0003651654,0.99810445,0.000209849,0.0005996107
eea150z,joy,surprise,0.0038041782,0.0008067974,0.00079476123,0.0023640231,0.0024435818,0.9897866
eea1uok,joy,joy,0.0004338081,0.00021320865,0.0003631747,0.99836785,0.0002565604,0.0003653816
eea20ti,surprise,surprise,0.004284632,0.0008928526,0.0005654377,0.0010154435,0.0007940582,0.9924475
eea2kfj,joy,joy,0.00036871177,0.00027919607,0.0004623286,0.99331653,0.0004449972,0.005128201
eea2snu,sadness,sadness,0.0062854956,0.0027386749,0.0029566956,0.0023422446,0.956253,0.029423865
eea2sxy,joy,disgust,0.24465214,0.56568956,0.11777569,0.015249834,0.051375378,0.005257416
eea3s1g,anger,surprise,0.01452138,0.0010637527,0.0008820224,0.010770852,0.0043643205,0.9683976
eea5zbm,joy,joy,0.0073245736,0.0006420841,0.0002349616,0.98797673,0.00093448936,0.0028871943
eea62vt,joy,sadness,0.062360287,0.005676536,0.005004082,0.0046914457,0.9199371,0.00233055
eea69xu,joy,joy,0.0006064533,0.00012947811,0.00022069585,0.9981658,0.00033317786,0.0005445004
eea6qit,surprise,joy,0.014275795,0.0011805622,0.0020136752,0.7712151,0.0012660874,0.21004887
eea6rlg,joy,joy,0.00034089643,0.00015175463,0.00031089844,0.998475,0.00026492792,0.0004564843
eea868e,joy,joy,0.0043482515,0.00035249954,0.00043243958,0.9905077,0.00034810684,0.0040108925
eea8gqa,joy,joy,0.00037852942,0.00016402436,0.0003552833,0.998151,0.00022729543,0.0007238996
eea9ey0,joy,disgust,0.15955473,0.4636457,0.22935823,0.099937014,0.040006652,0.0074977376
eea9ja4,joy,joy,0.00062022544,0.00035483093,0.00058092346,0.9913775,0.00035590082,0.006710695
eeaa5lj,joy,joy,0.0003278824,0.00016824986,0.00030607355,0.9984888,0.00029483155,0.0004142038
eeaa7rk,joy,joy,0.007273721,0.0014591523,0.0013763695,0.9622589,0.006520836,0.021111077
eeaabmq,joy,joy,0.000483854,0.0001466415,0.0002713119,0.9976726,0.00043443532,0.0009912099
eeaanku,joy,joy,0.0005976235,0.0003231499,0.00044803266,0.99662894,0.00028874297,0.0017133937
eeabhw4,surprise,surprise,0.008186874,0.0010572281,0.0010335286,0.000601315,0.0025170408,0.986604
eeabte6,surprise,surprise,0.002329361,0.00083282497,0.0012557333,0.0075305393,0.0015916358,0.98645985
eeacsmc,surprise,joy,0.0010602749,0.00080609904,0.0015101656,0.8759641,0.0011542536,0.11950517
eeacv2w,surprise,surprise,0.002194863,0.0013129972,0.0009533451,0.0013410591,0.00049505016,0.99370265
eeadak7,joy,joy,0.00036460577,0.00023475781,0.00032897055,0.9983442,0.00032310706,0.00040433402
eeadguz,joy,joy,0.0015655138,0.00015779502,0.0002816694,0.99713886,0.000295494,0.000560672
eeadlfa,anger,anger,0.50441223,0.21812057,0.0067356145,0.029083928,0.22502616,0.016621554
eeadlod,surprise,surprise,0.0027321102,0.0011944076,0.0007865195,0.0007311412,0.00063459825,0.99392116
eeadrd2,joy,joy,0.005308798,0.0014555986,0.00056042976,0.9912349,0.00037794225,0.0010623465
eeaejg8,joy,joy,0.00045441257,0.00019759894,0.00026736615,0.997809,0.00033687486,0.00093482784
eeaf3a3,joy,joy,0.002650975,0.0003877832,0.0002578792,0.9957074,0.00036716778,0.000628783
eeafe7n,surprise,surprise,0.03877857,0.0011779037,0.001109052,0.04635824,0.004507712,0.90806854
eeag7tf,joy,joy,0.0020522214,0.00042417605,0.00038896195,0.9934676,0.00039939076,0.0032677115
eeah80k,joy,joy,0.0010531178,0.0003552715,0.0003444837,0.993305,0.0034964334,0.0014455996
eeaicf0,joy,joy,0.0005429526,0.0001735962,0.00029525766,0.99819773,0.00040634375,0.0003841329
eeajex2,surprise,surprise,0.21681523,0.008922224,0.0022595024,0.0023194887,0.006592216,0.7630914
eeamghf,anger,joy,0.27073634,0.0015046399,0.00076041894,0.71306455,0.0033203787,0.010613708
eeamrpz,joy,joy,0.00031510054,0.00017699238,0.00025780252,0.99841857,0.00037903985,0.00045253453
eeams2a,joy,joy,0.0004893204,0.00021981282,0.00057947525,0.99650335,0.00027033262,0.0019376709
eeamz4s,disgust,anger,0.82612914,0.07001638,0.0021181675,0.008777195,0.088410966,0.0045480975
eeap1l7,joy,joy,0.00052309484,0.00025177762,0.000320919,0.998248,0.00030202602,0.00035416533
eeapa5m,surprise,joy,0.0034892736,0.0005625535,0.0009063521,0.96310204,0.000662438,0.031277303
eeaphwn,joy,joy,0.00037478702,0.00015251186,0.00032799208,0.9983047,0.00031604775,0.00052392896
eeaproq,sadness,sadness,0.0027898056,0.0019584824,0.0016679366,0.007875687,0.9469744,0.038733684
eeaqm41,joy,joy,0.00042930868,0.0002469079,0.00037515294,0.99755836,0.00017996969,0.0012103411
eeaqrj7,fear,fear,0.058529988,0.009035915,0.5176425,0.09429145,0.21145044,0.1090497
eeaqwk8,joy,joy,0.00031213896,0.00019371079,0.0003354164,0.99839765,0.00029284038,0.00046826273
eear0iv,anger,anger,0.8255538,0.0047859536,0.0009400959,0.06790707,0.020105401,0.080707684
eear3qq,fear,fear,0.052131344,0.013768507,0.6424137,0.014570515,0.26729736,0.009818637
eearepj,surprise,surprise,0.0055947863,0.001039147,0.0006261093,0.00073335326,0.001120083,0.99088657
eeatwen,joy,joy,0.00030927075,0.0001694845,0.0003949606,0.9975955,0.00032014603,0.0012105604
eeauw3y,sadness,sadness,0.0021544779,0.0033410985,0.0016261588,0.0029274109,0.98882526,0.0011257409
eeavpal,joy,joy,0.0004150711,0.00022352682,0.00036716208,0.99838006,0.0002597248,0.00035439892
eeavw2m,joy,joy,0.0005185172,0.00016648225,0.00024542588,0.9983045,0.00020831863,0.00055672636
eeavyob,joy,joy,0.054788653,0.004390501,0.013620151,0.52117014,0.14646563,0.25956494
eeaxnjj,joy,joy,0.0005966303,0.00048042063,0.00085874053,0.9864659,0.00029257996,0.011305773
eeaxu1h,joy,joy,0.0004781648,0.0001589507,0.00025295652,0.9983966,0.00035468524,0.00035865165
eeayeuu,anger,joy,0.0010787351,0.00021980912,0.00032790625,0.9973641,0.0002690711,0.0007403984
eeayv2k,fear,fear,0.004120398,0.042096995,0.9382053,0.0011910879,0.008311388,0.0060748924
eeaz0w3,surprise,surprise,0.25375324,0.166621,0.0072540496,0.01121376,0.06448631,0.49667168
eeazf65,surprise,anger,0.9364118,0.0018138305,0.00049715117,0.015918922,0.009509395,0.035848863
eeb02sp,sadness,anger,0.95725363,0.0037795247,0.00093447126,0.02862949,0.0016830914,0.007719814
eeb1hqd,surprise,joy,0.0015421683,0.00013154635,0.00031765754,0.9904757,0.0020420188,0.005490931
eeb3cel,sadness,sadness,0.054731537,0.010534028,0.034226503,0.33492136,0.54573053,0.019856036
eeb3nzr,anger,sadness,0.0054347264,0.002974584,0.0017737,0.00286957,0.98566854,0.0012788232
eeb3v0t,joy,joy,0.0069917184,0.00031520874,0.00021914163,0.9899358,0.0016034971,0.0009346887
eeb41sr,surprise,joy,0.0008556551,0.00040687414,0.003879959,0.98478115,0.0008469426,0.009229326
eeb4jo5,joy,joy,0.0006443839,0.00032440788,0.00077507884,0.99519014,0.00034445644,0.0027216014
eeb52e6,joy,joy,0.0006580146,0.0004350655,0.00075738685,0.9938299,0.00047193316,0.0038477513
eeb5j2f,joy,joy,0.0003047261,0.00021834127,0.0003261878,0.99836844,0.0002472428,0.00053501345
eeb5mlz,joy,joy,0.0006827606,0.00014616232,0.00021062129,0.997799,0.00037643302,0.00078511145
eeb5zu1,anger,sadness,0.11307343,0.022176897,0.0024073012,0.007591373,0.84727794,0.007473144
eeb6403,joy,joy,0.0004859531,0.00019605596,0.00029499206,0.9981067,0.00015318794,0.0007630747
eeb6qfy,anger,anger,0.5271897,0.014977587,0.023209978,0.0068092695,0.37205538,0.055758104
eeb6z8z,anger,joy,0.18238549,0.0028723958,0.0009016837,0.7960455,0.0060522184,0.011742706
eeb8ynu,joy,joy,0.00030605198,0.00016168786,0.00025118864,0.99850416,0.00039935208,0.00037754985
eeb964m,joy,joy,0.0003445396,0.0002323541,0.00035462354,0.9981358,0.0002822486,0.0006503937
eeb9sij,joy,surprise,0.0020839933,0.0013154182,0.003797239,0.46189964,0.001711464,0.52919227
eebacuk,sadness,sadness,0.0034930925,0.0023188489,0.0012892305,0.0010506497,0.9909931,0.0008550274
eebajz7,joy,joy,0.0004377484,0.0001908867,0.00025731628,0.9984428,0.000272305,0.00039882193
eebbtqd,joy,joy,0.00032096586,0.0002507382,0.00031481998,0.9981158,0.00021542219,0.00078229443
eebc3b8,anger,joy,0.0013663201,0.0017073308,0.0014706668,0.9715858,0.00076364673,0.023106122
eebcbcp,anger,anger,0.9862895,0.008505063,0.0010571068,0.0018376246,0.0010855834,0.0012251501
eebcsjz,joy,joy,0.1639873,0.002500213,0.0011133129,0.8271712,0.0022162069,0.0030118346
eebe0lz,joy,joy,0.0033146618,0.0003773692,0.0018081481,0.97524375,0.015755283,0.0035007866
eebedob,joy,joy,0.0010541715,0.00020011119,0.00019542976,0.99741924,0.0002545003,0.0008765239
eebelmt,joy,joy,0.00038951068,0.00024637996,0.0003147181,0.9925776,0.0018992289,0.004572497
eebeutc,joy,joy,0.00055105163,0.00022445094,0.00032468422,0.9982393,0.0002744735,0.00038602605
eebf717,fear,surprise,0.0020333875,0.0015049229,0.010361631,0.052358877,0.015933573,0.9178076
eebfl6z,joy,joy,0.00082049484,0.00027197922,0.00029153834,0.99775356,0.0001980428,0.0006644598
eebgts3,joy,joy,0.0007758951,0.000307202,0.00037419994,0.9975026,0.0003940833,0.0006460223
eebgyri,joy,joy,0.00033278076,0.0003361651,0.00063985004,0.99709785,0.0003914215,0.0012018918
eebhdhi,surprise,surprise,0.006708581,0.0037522535,0.002921511,0.3939844,0.0011555884,0.5914777
eebiein,joy,joy,0.005002445,0.00030981956,0.00041578052,0.9893112,0.00042316224,0.0045375936
eebippy,joy,joy,0.0003981869,0.00020511542,0.0003263512,0.9982734,0.00021706075,0.0005799982
eebjrae,joy,joy,0.0005295657,0.00020319267,0.00028293277,0.99773884,0.00023941607,0.0010060399
eebjuuq,joy,joy,0.000402392,0.0002284714,0.0002758731,0.99827385,0.00022784539,0.0005915279
eebkb15,joy,anger,0.5188724,0.002633854,0.004605777,0.12402571,0.06477032,0.2850919
eebl3z7,anger,anger,0.9513371,0.0074667884,0.016433798,0.014281029,0.007169997,0.0033113407
eeblajb,joy,joy,0.00044119896,0.00019916182,0.0002502398,0.99841714,0.00022145674,0.00047078167
eebnx3h,joy,joy,0.00060996343,0.00021908605,0.00027594098,0.9981797,0.0002696897,0.0004455975
eebojd5,joy,joy,0.0004016154,0.00041434582,0.00053002336,0.9925499,0.0005228263,0.0055812565
eebqhvz,joy,joy,0.0047231847,0.00058070273,0.000713382,0.8458394,0.0024090079,0.14573435
eebrp69,surprise,surprise,0.0024697334,0.0008382311,0.0009458805,0.001773314,0.0008485484,0.9931243
eebsl8n,joy,joy,0.000414944,0.0001398651,0.00021464896,0.99837804,0.00033381264,0.0005186459
eebth03,anger,anger,0.9192998,0.043759555,0.0019585104,0.019890487,0.013626927,0.0014647134
eebu8jv,anger,anger,0.95706385,0.0032425686,0.00071272824,0.003891394,0.0036009424,0.03148856
eebuhth,joy,joy,0.00037578127,0.00019036749,0.00033299046,0.99774134,0.00023831753,0.0011211468
eebutwm,joy,joy,0.0007212351,0.00017560019,0.00026462646,0.99795914,0.000236439,0.00064304506
eebvvon,joy,joy,0.00095627276,0.00027995015,0.00021601123,0.997253,0.0002648973,0.0010299246
eebwhv4,anger,anger,0.75700784,0.0020450118,0.0034327325,0.09145336,0.006815835,0.13924527
eebwict,joy,joy,0.00089396985,0.0003965605,0.0007021288,0.9946649,0.00025984787,0.0030826756
eebwrsp,sadness,joy,0.0009363793,0.00063187705,0.00096319156,0.9379162,0.05681896,0.002733455
eebxyll,anger,anger,0.9377056,0.002026865,0.0017276255,0.010643917,0.018030565,0.029865474
eeby8eg,joy,joy,0.00029893318,0.00015535184,0.0002965257,0.9972907,0.00032315913,0.0016353311
eebzc9y,joy,joy,0.00078996085,0.00015252443,0.00018575335,0.9977436,0.00045519232,0.0006730297
eebzgi2,sadness,joy,0.0013446424,0.00037117896,0.00051609305,0.98930675,0.0077632954,0.0006979919
eebztt2,joy,joy,0.00042224483,0.00020302544,0.00027280615,0.99835616,0.0002973185,0.00044849335
eec0pph,anger,surprise,0.081846505,0.002698984,0.001215868,0.01634088,0.006282862,0.891615
eec2xue,joy,joy,0.00037128138,0.00023173583,0.00036536175,0.9983341,0.0003238173,0.0003736182
eec2z6f,anger,joy,0.004603224,0.000429288,0.00031026677,0.9933002,0.00059310935,0.0007639782
eec32q3,surprise,joy,0.0014300367,0.0012189645,0.0015767473,0.8517209,0.00074388203,0.14330943
eec3itg,anger,surprise,0.023473836,0.0010710246,0.0012119383,0.003284339,0.0073056193,0.9636533
eec58ip,joy,joy,0.0010930505,0.00033088974,0.0003306427,0.9966248,0.00026797902,0.0013526048
eec5mfi,joy,joy,0.002298757,0.00036298746,0.0007165293,0.9700593,0.0006462619,0.025916198
eec5qow,joy,joy,0.018942937,0.0010975832,0.0025425693,0.74708116,0.030313697,0.20002212
eec5s1a,anger,joy,0.12839292,0.0017625486,0.0010697179,0.6508833,0.20319967,0.014691786
eec6643,joy,joy,0.00079474377,0.00015750776,0.00020877834,0.99649376,0.0004313925,0.0019138654
eec6gr2,joy,joy,0.002618457,0.00020432938,0.00022615884,0.9956054,0.00033907214,0.0010065398
eec6ia6,joy,joy,0.0016391237,0.00028475537,0.00020389362,0.99604464,0.00023177663,0.0015958081
eec6j16,joy,joy,0.00075408485,0.00019414617,0.0002342167,0.9981217,0.00024339707,0.00045237088
eec7j1g,sadness,sadness,0.0025338994,0.00097008375,0.0021195014,0.0029883091,0.98731136,0.0040768483
eec8bh4,joy,joy,0.00034775253,0.0001841187,0.0004704084,0.99819523,0.00026906864,0.00053336396
eec8c20,surprise,surprise,0.001957938,0.0013763726,0.0019457078,0.0012838683,0.0007716938,0.9926645
eec8o7h,surprise,joy,0.0023999168,0.0007406879,0.0059556854,0.85361224,0.04128177,0.096009724
eec8vqy,joy,joy,0.00028990555,0.00015596247,0.0002814855,0.9983845,0.00024947722,0.0006387436
eecb135,joy,joy,0.00057826185,0.0002444914,0.00034660238,0.9962131,0.0002582179,0.0023593756
eecb56t,surprise,surprise,0.0018600638,0.0008627714,0.0012289463,0.044899862,0.001392993,0.9497554
eecb68n,anger,anger,0.9765695,0.007000638,0.0020129206,0.0019439626,0.011049288,0.0014236786
eecbfqv,anger,anger,0.9530146,0.00677588,0.00078939635,0.016979327,0.015697127,0.0067436923
eecbfxu,joy,joy,0.25518793,0.008518399,0.001269367,0.651459,0.07813978,0.0054255743
eecc9d4,joy,joy,0.0003685829,0.00024158476,0.0003344222,0.9977469,0.00022298002,0.001085504
eecd1qs,sadness,sadness,0.030442487,0.0016974432,0.0019118832,0.2922122,0.66625345,0.007482535
eecdheh,joy,joy,0.00038463043,0.00017366503,0.00020205605,0.9981061,0.00053009996,0.00060337526
eecgc44,joy,joy,0.00051940384,0.0003082252,0.00045690523,0.9975898,0.0002078743,0.0009177987
eecjnbm,joy,joy,0.00034922024,0.00020120782,0.00032336626,0.9981793,0.00022304409,0.00072384794
eeckq47,surprise,surprise,0.0021067983,0.0007766356,0.0006173211,0.00117193,0.0010224091,0.99430496
eeclkzp,joy,joy,0.00047939856,0.00028689948,0.0003275573,0.9981735,0.0003600892,0.00037258927
eeclwef,joy,joy,0.000270359,0.00018697276,0.00029983404,0.99828905,0.00022021889,0.0007334882
eecm9y1,anger,anger,0.95400965,0.019599346,0.00079978595,0.0138641875,0.0023569127,0.009370132
eecnlvl,sadness,anger,0.9573073,0.005311951,0.0013290489,0.020304846,0.009480058,0.0062668207
eecpdb3,anger,anger,0.7028502,0.028969148,0.006509477,0.030725705,0.22309668,0.007848798
eecpk36,anger,surprise,0.015912335,0.0008947812,0.00065290707,0.0015394455,0.0017832811,0.9792173
eecq3gq,anger,anger,0.9855167,0.0027411003,0.00092303683,0.00457563,0.0028123995,0.0034311009
eecrq51,fear,joy,0.008323285,0.004232118,0.2855711,0.6887853,0.0054343003,0.007653874
eecrwp9,joy,joy,0.00055813894,0.00029437884,0.00032082095,0.9979163,0.0002886231,0.00062171323
eecsue5,joy,joy,0.0019047441,0.00025418127,0.00028089565,0.99645585,0.00040225088,0.00070200814
eecsvwc,anger,anger,0.92318976,0.002977306,0.0013908588,0.016141117,0.0022886903,0.054012336
eecsz67,joy,joy,0.0009748394,0.00013316097,0.0003034077,0.99699783,0.00031027923,0.0012804555
eectxqa,joy,joy,0.00034323812,0.00015450812,0.0003096025,0.9978678,0.00023446706,0.0010903904
eecwmbq,joy,joy,0.0005906962,0.00020950148,0.00038813942,0.9980532,0.00024589984,0.0005125694
eecx7xi,sadness,sadness,0.0020039652,0.0029651402,0.0014241098,0.0013940388,0.99137175,0.0008409932
eed1rwh,surprise,surprise,0.0044327807,0.001017812,0.00081686256,0.0010331026,0.0008938486,0.99180555
eed22vi,joy,joy,0.0009446812,0.00052780256,0.00044541288,0.9968753,0.00036176498,0.000844988
eed3jcu,surprise,surprise,0.008927289,0.0011359195,0.0007764821,0.0008935363,0.0008478089,0.98741895
eed4ba8,anger,disgust,0.20847243,0.40676078,0.01146113,0.00976575,0.35243136,0.011108554
eed4otf,joy,joy,0.0024961825,0.00034230217,0.00042425471,0.9955232,0.00019183336,0.0010222695
eed4su4,joy,joy,0.00053223077,0.00028163102,0.00026452448,0.9980732,0.00023657588,0.00061180483
eed4tkd,joy,joy,0.000630783,0.0002442018,0.00045680677,0.99790573,0.00029749598,0.00046508518
eed5iav,surprise,surprise,0.11800352,0.0020798175,0.0008895477,0.0019302673,0.009309401,0.8677875
eed5k92,surprise,anger,0.37215477,0.0027937118,0.0024525663,0.31852818,0.0033797014,0.30069104
eed63s3,surprise,surprise,0.004777233,0.0025703066,0.001740142,0.35727638,0.0023416204,0.6312943
eed6n0q,anger,anger,0.93225485,0.0023799252,0.0046306844,0.024867626,0.006777274,0.029089605
eed6pul,anger,anger,0.79932827,0.0041447054,0.0021924244,0.015162886,0.13987412,0.03929758
eed7a7e,joy,joy,0.000494857,0.00017778517,0.00041327046,0.99804187,0.00026725393,0.0006050163
eed7dds,joy,joy,0.0013560157,0.0008728529,0.0019164731,0.95900273,0.00055780844,0.036294106
eed7qdu,surprise,joy,0.0029902773,0.001136451,0.0014726846,0.8036477,0.045129124,0.14562385
eed7xex,joy,joy,0.00029737534,0.00015332026,0.000335072,0.9961928,0.0004944047,0.0025270309
eed8mpu,joy,joy,0.00046045886,0.0003413525,0.00037258025,0.9967443,0.00032386542,0.001757376
eedbjkn,anger,joy,0.05875453,0.0006663297,0.0011286972,0.9341782,0.0029890735,0.0022832286
eedbnbg,anger,anger,0.97739923,0.008965078,0.0012982495,0.0062428364,0.0016674709,0.0044272495
eedd82j,joy,surprise,0.123517565,0.0046950574,0.0043990277,0.14534916,0.131983,0.5900562
eeddf0d,sadness,sadness,0.001099257,0.0014940767,0.0014333721,0.0010825491,0.9941186,0.00077213463
eeddik6,joy,fear,0.028016547,0.035154928,0.51382095,0.16418526,0.037381902,0.22144042
eeddo1h,joy,joy,0.002413954,0.00092126377,0.0009340649,0.9829747,0.0008538184,0.0119022215
eeddoai,joy,joy,0.0003972691,0.00028121556,0.00044924233,0.99770206,0.00019102653,0.0009791094
eedfvcm,joy,joy,0.0006760793,0.00023287472,0.00022746001,0.9976057,0.00022319438,0.00103473
eedfw4u,joy,joy,0.0005238307,0.000191373,0.00033459446,0.998099,0.0002556737,0.00059545034
eedgc7u,joy,joy,0.0019148532,0.0003131768,0.0006927316,0.97415394,0.0007424918,0.02218287
eedhkjf,anger,anger,0.9641369,0.025314635,0.0014597313,0.0016597593,0.00614054,0.0012883024
eedinl2,joy,joy,0.002614129,0.00026867914,0.000894874,0.9864492,0.0020369443,0.0077361707
eediwdw,joy,joy,0.000996492,0.00030168533,0.00031558148,0.99427223,0.00024958266,0.0038644124
eedj9x1,joy,joy,0.00036212112,0.00017761822,0.0002964916,0.99822646,0.0005111342,0.00042621075
eedkcy7,joy,joy,0.0024647012,0.00037573907,0.00070461904,0.98072296,0.0019269433,0.013805036
eedkjnl,joy,joy,0.0019717037,0.000208958,0.00018606923,0.9963825,0.00022306896,0.0010278135
eedko29,sadness,sadness,0.0011147199,0.0014373612,0.004174097,0.090573706,0.9000608,0.0026393072
eedkqtk,joy,joy,0.00038504408,0.0002574244,0.00036340483,0.99753237,0.00029155152,0.0011702002
eedl6e1,surprise,surprise,0.0081294635,0.0008695484,0.00073819334,0.0071103256,0.00095556234,0.9821968
eedlji7,surprise,joy,0.00078530057,0.0007233148,0.0017376317,0.9438974,0.0010017491,0.051854584
eedllbg,joy,joy,0.0007025978,0.00014033279,0.00045510672,0.9977647,0.00034131258,0.0005959823
eedmqn9,joy,anger,0.5057088,0.002143449,0.00086971396,0.45597377,0.0040788865,0.031225344
eednfda,joy,joy,0.0003236451,0.00032222594,0.0006361058,0.99719906,0.0002232311,0.001295784
eednfur,joy,joy,0.0004763966,0.00024180935,0.0002392072,0.9981908,0.00019089313,0.00066081696
eednnqm,joy,joy,0.0032627846,0.00036052772,0.0001493204,0.9917862,0.0008618299,0.0035793213
eednqst,anger,anger,0.9679593,0.009620361,0.0009477144,0.0018808469,0.017212415,0.0023793678
eedpj0n,surprise,surprise,0.00290775,0.0007141514,0.00091235625,0.0037166204,0.00048099968,0.99126804
eedpjd5,joy,joy,0.00041576265,0.00016031723,0.00029730625,0.9982369,0.00034679665,0.00054301665
eedq73j,anger,sadness,0.19365205,0.027349195,0.0026336682,0.00857211,0.76405376,0.0037392373
eedq8t4,anger,sadness,0.042377714,0.01648388,0.005136256,0.0166712,0.9116031,0.007727863
eedqj6f,joy,joy,0.00074876234,0.00029535798,0.0006606365,0.990464,0.004081538,0.0037497396
eedr4id,joy,joy,0.0006036159,0.00039791112,0.0019511032,0.994216,0.0014383616,0.001392991
eedrkej,surprise,surprise,0.0027608364,0.0016508992,0.0014128796,0.11476374,0.0011498588,0.8782618
eedt8x3,joy,joy,0.00063663645,0.00023878877,0.0002787422,0.99819,0.00025862228,0.00039719546
eeduikd,joy,joy,0.0003801255,0.0001385853,0.00029501968,0.99764436,0.0006182029,0.00092368835
eedujvp,joy,joy,0.00042633023,0.00021369962,0.00030060209,0.9981754,0.00027174235,0.00061218615
eedur4c,joy,joy,0.00091769197,0.00015434205,0.00023431469,0.99709857,0.00030795063,0.001287082
eedvfgy,surprise,surprise,0.0045309737,0.0010925636,0.00081558194,0.0015005799,0.0016613802,0.9903989
eedw5gi,sadness,sadness,0.0019202892,0.0016438816,0.0009026293,0.0060977824,0.9845725,0.004862979
eedwlca,joy,joy,0.0017261028,0.00015756722,0.00074550713,0.98414606,0.0019703165,0.01125444
eedxetj,joy,joy,0.0005999386,0.00019185242,0.00025348054,0.9982376,0.00019703299,0.0005201157
eedxig9,joy,anger,0.7526591,0.0024501088,0.004291371,0.20672436,0.00919038,0.024684677
eedy4z1,anger,anger,0.8217621,0.0034822037,0.00068878295,0.0071024755,0.0069699185,0.15999465
eee0ivj,joy,joy,0.00032258377,0.0004254684,0.0009393267,0.9938778,0.00033552537,0.0040992275
eee2qwp,sadness,anger,0.98461056,0.0026307846,0.0006801251,0.0037148376,0.0039349785,0.004428745
eee4pu3,surprise,surprise,0.022772465,0.0013518608,0.0018374098,0.254431,0.017592758,0.70201445
eee5ua0,joy,joy,0.00058881124,0.00015768546,0.00036902167,0.9965491,0.00022765834,0.0021076493
eee5vjo,anger,anger,0.70013726,0.003143731,0.0008610989,0.16304478,0.010621356,0.12219179
eee67bs,joy,joy,0.0011689698,0.00021021788,0.00063073786,0.9961443,0.00029290817,0.0015528067
eee6k55,joy,joy,0.008362337,0.00047537,0.00079738296,0.9876502,0.0010874284,0.0016273304
eee8dd2,anger,anger,0.33555812,0.0038995943,0.007367818,0.266702,0.108106494,0.27836603
eee8fxv,joy,joy,0.00038177747,0.00017381605,0.00027807342,0.9982502,0.0002958324,0.0006202406
eee8llm,joy,joy,0.0002887177,0.00020488621,0.0003260969,0.9977133,0.00026389802,0.0012031436
eeeakz9,joy,joy,0.00047962207,0.00015496358,0.00039571937,0.9981232,0.00037097893,0.00047547338
eeeaw8j,anger,anger,0.97042423,0.017333122,0.0023110586,0.006434125,0.0024061936,0.0010912764
eeec9h5,joy,joy,0.0010212224,0.0004853101,0.0006972721,0.986511,0.0002890836,0.010996151
eeedgpu,joy,joy,0.0003577901,0.0003492367,0.0008507549,0.99616313,0.0002487577,0.0020303563
eeeell8,surprise,surprise,0.0013317919,0.0011154042,0.001129392,0.0018127369,0.00071432407,0.9938963
eeeepao,joy,joy,0.00033240678,0.0001894219,0.00023752642,0.9980586,0.0002541348,0.0009279191
eeeeq67,joy,joy,0.00031365358,0.00017037637,0.0003947499,0.9983621,0.00030817362,0.000450877
eeees1l,joy,joy,0.00049710204,0.00018312641,0.0002530842,0.9984043,0.00028965154,0.00037270584
eeefyb7,joy,joy,0.00034837046,0.00022765131,0.00049079733,0.9977537,0.00084063795,0.00033881795
eeeg69u,sadness,sadness,0.25657013,0.005816015,0.17847535,0.06812282,0.45040917,0.04060645
eeegutb,joy,joy,0.0005025175,0.00016647427,0.0002139289,0.99833953,0.0002730231,0.00050450215
eeeh3hi,surprise,surprise,0.001335763,0.0008821414,0.0009792742,0.0015129236,0.00079248624,0.99449736
eeehi0a,joy,joy,0.0008582166,0.00015786006,0.0002160819,0.997529,0.00068111793,0.0005577481
eeeif15,surprise,joy,0.002815893,0.0047622384,0.0038877449,0.5972564,0.007926352,0.3833513
eeej0n9,sadness,sadness,0.04366204,0.002896875,0.0015311707,0.010262857,0.88425815,0.057388768
eeejjb2,joy,joy,0.00040907992,0.00018831184,0.00031005123,0.9983234,0.00022112363,0.00054801896
eeejm19,anger,anger,0.5654814,0.0067399046,0.001088184,0.04713816,0.06201905,0.3175332
eeejnff,joy,joy,0.00072824734,0.00019425467,0.00027358113,0.9980282,0.0002633346,0.0005122863
eeejs1q,joy,joy,0.00051129895,0.00037581983,0.0007382899,0.9912446,0.0007593213,0.006370577
eeekdrk,surprise,surprise,0.0021197253,0.0011412714,0.00075871375,0.00094149023,0.00057514117,0.9944636
eeekf0w,sadness,sadness,0.002168768,0.0031496114,0.0030710076,0.0012180208,0.98597765,0.0044148727
eeekjbo,surprise,surprise,0.0143649895,0.0008039801,0.0010503187,0.0023307905,0.0045063943,0.97694355
eeeky7q,sadness,sadness,0.0017226089,0.0011162101,0.001193123,0.013245789,0.97929573,0.0034265178
eeelp9l,anger,anger,0.8992638,0.05529012,0.0033197326,0.030175518,0.0048820926,0.007068743
eeelubz,surprise,surprise,0.006789927,0.0007926083,0.0006875243,0.0011332186,0.00096652925,0.98963016
eeelwg0,joy,joy,0.00043606822,0.00020153218,0.00031784657,0.997554,0.00019003647,0.0013005637
eeem8p8,joy,joy,0.00036509332,0.00016963705,0.0002794976,0.9984402,0.00026688215,0.00047863164
eeenvvq,joy,joy,0.0011736737,0.00014972346,0.00024459208,0.99633336,0.000552473,0.0015461298
eeeotpv,joy,fear,0.29476503,0.0344816,0.36059028,0.009804604,0.2752184,0.025140097
eeepsmj,joy,joy,0.002840024,0.0003430625,0.00026182548,0.9946355,0.00032465748,0.0015948557
eeeq1o3,joy,joy,0.0014042256,0.0011039482,0.00064191676,0.9542343,0.0007748062,0.041840713
eeeq6q9,joy,joy,0.00041980256,0.00023387537,0.0003576384,0.99836606,0.00023212018,0.00039044744
eeeqgmz,joy,joy,0.00036167217,0.00015106653,0.0002413882,0.99788636,0.00033531498,0.0010242405
eeer60n,surprise,joy,0.0006139913,0.0007498518,0.00094586343,0.964835,0.0006010444,0.032254264
eeer9ys,joy,anger,0.43444103,0.005321979,0.00096342526,0.33305255,0.0059459843,0.220275
eeeroq5,anger,anger,0.98792565,0.006169982,0.0009567334,0.0019929458,0.001609972,0.0013447541
eeesnrb,surprise,anger,0.6193685,0.0040684966,0.0009784359,0.0035666625,0.011306225,0.36071166
eeesqau,joy,anger,0.7628494,0.009011204,0.0029357094,0.15719563,0.009240607,0.058767408
eeesqqc,surprise,surprise,0.0027754079,0.0009800417,0.0006696865,0.0017950656,0.00042749243,0.9933523
eeesz7o,anger,sadness,0.062422335,0.21214156,0.016988987,0.01876907,0.68265635,0.007021676
eeeucj5,joy,joy,0.00064556045,0.00015785776,0.0002960508,0.99618644,0.00029846467,0.0024156803
eeeugrh,anger,joy,0.002218731,0.00016064946,0.00040805433,0.9885555,0.00077332056,0.007883785
eeeusj1,surprise,anger,0.95695245,0.011050553,0.0008385194,0.0018110846,0.0044543417,0.024893072
eeeuy9k,joy,joy,0.13879389,0.0032728955,0.0011184452,0.85042727,0.0042507458,0.0021367702
eeevowz,joy,joy,0.00055206683,0.00020325999,0.0004128054,0.99756503,0.00020923631,0.0010576631
eeevtxr,surprise,surprise,0.006449446,0.0006623426,0.00057302223,0.003036629,0.003197075,0.98608136
eeex3my,surprise,surprise,0.0021103814,0.00086196675,0.0008522943,0.0007119828,0.00083790964,0.9946254
eeexfuu,anger,anger,0.92945445,0.0029207545,0.0008542727,0.015608548,0.030046599,0.021115378
eeexmdr,joy,joy,0.0003181664,0.00013715198,0.00027401853,0.9967623,0.00031052917,0.002197793
eeexz5x,sadness,sadness,0.001905665,0.0017526936,0.0012547056,0.005334246,0.9848096,0.00494311
eeezcc7,anger,joy,0.0040853424,0.00031726295,0.0019164403,0.9390102,0.008974768,0.045696102
eeezflc,surprise,anger,0.92593133,0.0076091047,0.0006399527,0.008552377,0.044216573,0.013050689
eeezk8u,joy,joy,0.0003898501,0.00029558045,0.00038024888,0.99728405,0.00024589367,0.0014043571
eef01cp,surprise,surprise,0.001883355,0.0006095457,0.00079187955,0.0021063208,0.0009149724,0.9936939
eef08dy,joy,joy,0.08669465,0.0025453463,0.0687441,0.42650953,0.3041906,0.111315794
eef0tlo,fear,fear,0.012293819,0.038584907,0.8952905,0.0016729155,0.003758726,0.04839906
eef1ewc,joy,anger,0.9883592,0.0032010884,0.000758788,0.0024728733,0.004161217,0.001046823
eef41si,joy,joy,0.0006300462,0.00044016587,0.0009536159,0.9948133,0.001156344,0.002006465
eef4frp,joy,joy,0.00031044704,0.00025793182,0.00052689767,0.99559915,0.0002891519,0.003016387
eef4ks0,anger,anger,0.9880272,0.0050677042,0.0010262395,0.0020371524,0.0021936684,0.0016480096
eef4tc6,joy,joy,0.021959241,0.00041193492,0.0003681864,0.97251564,0.0020527577,0.002692226
eef56i6,joy,joy,0.00042401956,0.00019558692,0.0005729996,0.99678683,0.0006202665,0.0014001977
eef5let,joy,joy,0.00034235785,0.00025557406,0.0003298797,0.9982603,0.00023012343,0.0005817563
eef5xa3,sadness,joy,0.00084199355,0.00017304451,0.0002425377,0.99602616,0.0016485801,0.0010677452
eef726j,anger,anger,0.9625138,0.0017544138,0.00029864084,0.0148019865,0.0027956546,0.01783548
eef7r6i,joy,joy,0.0006935805,0.00016078477,0.00027609357,0.99803656,0.00029415748,0.00053884846
eef7siy,joy,joy,0.0003626597,0.00019271643,0.00034456348,0.9982754,0.0003523716,0.00047221835
eef803m,joy,joy,0.00028759948,0.00019083693,0.00040192736,0.99831676,0.00036564088,0.00043733302
eef8iw0,joy,joy,0.0003090857,0.00021122808,0.000361018,0.9982887,0.00039438033,0.00043555783
eef8r1b,anger,anger,0.6996564,0.0035409739,0.0007307118,0.26294926,0.012838013,0.020284548
eef9819,joy,joy,0.00409934,0.0003228305,0.00052246376,0.98459816,0.0003108411,0.010146376
eef9v2n,joy,joy,0.00036301292,0.00024249377,0.0003448392,0.9981914,0.00022659039,0.0006316897
eefasnl,joy,joy,0.0010335392,0.00013410466,0.00018198272,0.99772054,0.00039774575,0.00053203665
eefb57e,joy,joy,0.0030325647,0.00047308148,0.00036594277,0.9905297,0.00054289616,0.0050557805
eefbrn3,anger,anger,0.98935694,0.0028398638,0.0007222378,0.002293687,0.002014665,0.0027726316
eefbusl,sadness,anger,0.96812105,0.0048537166,0.0040075984,0.0031530126,0.017957358,0.0019072089
eefd54x,joy,joy,0.00044899437,0.00017880862,0.00032469616,0.9983246,0.00033238786,0.00039055911
eefe4ar,fear,fear,0.026074214,0.05998831,0.8865639,0.0038941142,0.007085243,0.0163942
eefhqmi,surprise,surprise,0.0053891074,0.0010102154,0.0012421485,0.15148169,0.0016429434,0.8392338
eefkowz,anger,joy,0.2287562,0.0025120687,0.03640063,0.63916177,0.025478583,0.06769074
eeflasc,joy,joy,0.00036270067,0.00015071595,0.0002350716,0.9981735,0.00031417143,0.0007638116
eefmxf2,joy,surprise,0.004018264,0.001064346,0.0007401598,0.030011334,0.00051570317,0.9636502
eefnv33,joy,joy,0.0007966789,0.00034119753,0.00024762403,0.99749446,0.00026438947,0.0008556883
eefoom3,joy,anger,0.6852534,0.01126239,0.00083261816,0.19933902,0.009170377,0.09414223
eefovtz,surprise,sadness,0.11987163,0.0032787973,0.04197157,0.11699188,0.677501,0.040385094
eefq8j5,fear,fear,0.024614159,0.017982274,0.9339471,0.0023869025,0.016242519,0.0048271255
eefrs9z,joy,surprise,0.0065293917,0.0007858465,0.00047322855,0.0018285232,0.0005832418,0.98979974
eefti1z,joy,joy,0.00038641065,0.0003047302,0.00044797777,0.9942524,0.00020628968,0.0044021835
eeftq4c,joy,joy,0.00040886304,0.00022106689,0.00033719608,0.9983728,0.00033076937,0.0003292995
eefts7d,joy,joy,0.00041365038,0.00014130474,0.0002007671,0.99820375,0.00033604805,0.00070456334
eefvuvg,sadness,joy,0.00077752344,0.00030354407,0.00027715653,0.9980387,0.0002198806,0.00038318374
eefw4oh,joy,joy,0.000513425,0.00019395136,0.00030323895,0.998281,0.000253762,0.00045458006
eefxhdq,anger,joy,0.06549256,0.0008248654,0.0006026255,0.9275548,0.0021413672,0.003383737
eefyz18,fear,sadness,0.001017489,0.0026692832,0.03540977,0.0041457685,0.95502424,0.0017334938
eefzkfx,joy,joy,0.00039408993,0.00017911138,0.00029185542,0.99818075,0.00022571665,0.00072841806
eefzxt7,joy,joy,0.0006324467,0.0002464886,0.00042639906,0.9978435,0.0002102618,0.0006409475
eeg0924,joy,joy,0.00029422052,0.0001932562,0.00032109796,0.9983589,0.0003539442,0.00047851805
eeg0hmd,joy,joy,0.00027954194,0.00022059202,0.0003419509,0.99789894,0.0002614344,0.0009975001
eeg0sgy,joy,joy,0.00041656077,0.00018736173,0.0002717368,0.9982987,0.00025404058,0.0005716993
eeg14j5,fear,fear,0.17755151,0.04176464,0.7200659,0.005291692,0.047925107,0.007401164
eeg1n4h,surprise,surprise,0.041434523,0.00091625465,0.00075577607,0.007383872,0.0009285178,0.948581
eeg26rs,anger,anger,0.9875493,0.003985838,0.00060691364,0.004933322,0.0010757591,0.0018489576
eeg2bai,surprise,surprise,0.3330739,0.02628488,0.0027195925,0.0033373842,0.07926064,0.5553236
eeg2ht9,sadness,sadness,0.0015196778,0.0020530133,0.006214967,0.0051359828,0.9823041,0.0027722435
eeg2mqs,anger,anger,0.9757932,0.0032169789,0.0018729143,0.008351054,0.0014329714,0.009332931
eeg3e3m,joy,joy,0.00033827766,0.0003500436,0.0005127788,0.9971349,0.00020140909,0.0014626179
eeg40z9,anger,anger,0.9849401,0.0044022407,0.0012332922,0.0020370854,0.0054734186,0.0019138928
eeg45da,joy,joy,0.0005666496,0.00022077892,0.00036552653,0.99814737,0.0002695797,0.00043011407
eeg4u5f,sadness,surprise,0.0061365394,0.0030920822,0.02444264,0.03008511,0.28969923,0.64654446
eeg4uci,surprise,surprise,0.003120029,0.0007859491,0.0005242542,0.0018418127,0.0006820361,0.993046
eeg5l2c,joy,joy,0.00045612027,0.00020151847,0.00027305624,0.9983512,0.00021720232,0.0005008806
eeg5tya,sadness,sadness,0.003067303,0.0056550493,0.0025268835,0.0010719338,0.98621815,0.0014607251
eeg5xml,joy,joy,0.0027981354,0.00019243915,0.00037843478,0.99469477,0.00038363144,0.0015526579
eeg738k,joy,joy,0.00453044,0.0007267709,0.000735388,0.971366,0.00079050986,0.021850927
eeg7d0u,joy,surprise,0.0022657355,0.00074461335,0.0008050514,0.030227315,0.0012184327,0.9647387
eeg8n0h,joy,sadness,0.016813613,0.0024207851,0.045771074,0.18251656,0.56801367,0.18446423
eeg8r37,fear,fear,0.0040686233,0.010607061,0.920087,0.015808681,0.003759167,0.04566957
eeg9le5,joy,joy,0.0010706095,0.0002670318,0.00026137344,0.99764246,0.00021137095,0.00054717984
eegaml3,joy,joy,0.0015539858,0.00028990346,0.00016350065,0.996416,0.00068019715,0.00089636224
eegbili,anger,joy,0.017766844,0.0004435496,0.00074373616,0.93213165,0.03396985,0.014944446
eegc1dh,joy,joy,0.000580811,0.00019319874,0.00024417765,0.9982363,0.00021034137,0.00053518097
eegc9ek,joy,joy,0.00074882514,0.0002696817,0.00021383096,0.99787104,0.00019609323,0.0007005112
eegdoxx,joy,joy,0.0005107211,0.00021242503,0.0003528468,0.9902188,0.00030017417,0.008405024
eege1no,joy,joy,0.000403871,0.00019569769,0.00037818376,0.9982449,0.00032353343,0.00045380756
eegej3b,surprise,joy,0.004121503,0.001318962,0.002551316,0.6522515,0.0036731646,0.3360836
eegfus2,joy,joy,0.0008984638,0.00014170757,0.00020352499,0.99650407,0.0012566706,0.0009955773
eeggqs5,sadness,sadness,0.06425264,0.0043707066,0.0011978202,0.005950944,0.9212543,0.002973584
eegh1ze,joy,joy,0.0026532924,0.0009999635,0.0012000237,0.8868802,0.0010851639,0.10718132
eeghcvq,surprise,surprise,0.0015805347,0.00077547535,0.0007783813,0.0046788068,0.0006886546,0.9914982
eeghtm0,anger,anger,0.95273316,0.008350311,0.00095434213,0.023673244,0.01104447,0.003244454
eegirn6,joy,joy,0.00074615213,0.00018797487,0.0004239998,0.9970009,0.00028013653,0.0013608587
eegkuln,joy,joy,0.00049523194,0.00015309322,0.00042060926,0.9976931,0.00034522664,0.0008926617
eegllgr,anger,anger,0.98448575,0.0031103345,0.00037533452,0.0026063817,0.001726352,0.0076958616
eegmp1r,joy,joy,0.0024178843,0.0010346223,0.000355399,0.99188435,0.00068682135,0.003620903
eegmyvu,disgust,sadness,0.15114221,0.011699404,0.00885743,0.006183448,0.8023533,0.019764226
eegnhq5,joy,joy,0.001099822,0.00028313228,0.00015721307,0.99732983,0.0004927067,0.00063729833
eegnsh3,joy,sadness,0.011496914,0.004335109,0.0028664337,0.0099933315,0.9625922,0.008715973
eegny5o,joy,joy,0.00071524834,0.0004274245,0.00052271073,0.9965527,0.00022828879,0.0015536884
eego51v,sadness,sadness,0.0022330948,0.0012237626,0.0014725681,0.008443681,0.9577146,0.0289123
eegp47k,anger,anger,0.97909224,0.008347752,0.0014040446,0.0029363467,0.006561439,0.0016581763
eegqqkd,joy,surprise,0.01187041,0.0014968663,0.0039666737,0.052478764,0.0019765496,0.92821074
eegs9rd,joy,joy,0.0008056167,0.00017679828,0.00045013556,0.99583626,0.0005130645,0.002218133
eegshwj,joy,joy,0.00045981188,0.0001801513,0.00027552203,0.99841356,0.00023762495,0.000433301
eegt1rf,joy,joy,0.0003660769,0.00020407043,0.00034225758,0.99835545,0.00028792323,0.00044413708
eegtonp,joy,joy,0.00043069827,0.00017108998,0.00030569042,0.9984503,0.00024221245,0.00039998326
eeguaz3,joy,joy,0.00035089868,0.00023216789,0.0003783365,0.99820566,0.00019853846,0.00063439854
eeguowf,joy,joy,0.00036026468,0.00029871505,0.0003137809,0.99798954,0.00032991637,0.00070781686
eeguroc,joy,joy,0.00095540617,0.00035712126,0.00032440035,0.99697185,0.00016583544,0.0012253458
eegus5t,joy,joy,0.00028064655,0.0001901287,0.00030875625,0.99837035,0.00032815977,0.0005219097
eegv276,surprise,surprise,0.1819855,0.004416369,0.0012894389,0.0022363232,0.0018585196,0.8082139
eegwepn,anger,anger,0.89839405,0.07534677,0.0023686227,0.015581902,0.006094014,0.0022145554
eegyi25,joy,anger,0.9206893,0.0020178005,0.0016013957,0.06970868,0.0024297712,0.003553075
eeh07i1,anger,anger,0.62687105,0.012673635,0.0025981113,0.010725772,0.2867537,0.06037773
eeh2pov,joy,joy,0.00046281936,0.00032595036,0.0007603869,0.9959772,0.00073229213,0.0017413464
eeh3f3c,surprise,surprise,0.005544432,0.00066355366,0.001112626,0.009623257,0.0017669984,0.98128915
eeh3h9n,joy,joy,0.0034689715,0.0011357035,0.006860907,0.9863425,0.00078541273,0.0014065267
eeh4lqc,anger,anger,0.9592653,0.019426964,0.0007370927,0.0049196742,0.013699246,0.0019516425
eeh4qle,joy,joy,0.00047388065,0.0001893435,0.0002341523,0.9983651,0.00019400583,0.000543531
eeh5oye,joy,joy,0.0007834134,0.00018569762,0.0002469204,0.9978029,0.00031856966,0.000662496
eeh6t6x,joy,joy,0.00042410087,0.00021211142,0.0003270323,0.9983248,0.00024930676,0.0004627281
eeh9bzl,joy,joy,0.00043746957,0.00023643799,0.00032321524,0.99819,0.0002589352,0.0005539225
eehaa3j,surprise,surprise,0.0017870801,0.0010855569,0.00072735175,0.0038105892,0.0007947742,0.99179465
eehd0v2,anger,anger,0.97896713,0.013262539,0.00093735615,0.001848698,0.0033290258,0.0016552747
eehd1g7,joy,joy,0.00040319577,0.0003114583,0.00033699063,0.9943241,0.00056588266,0.004058425
eehd217,anger,anger,0.95539623,0.025625972,0.0008801744,0.0073901573,0.00858711,0.0021204273
eehdduj,joy,joy,0.00030863433,0.00018002669,0.0003059485,0.99845874,0.0003861967,0.00036052463
eehdlof,joy,joy,0.0005042472,0.00016276809,0.00018076216,0.9977895,0.00043695953,0.0009257237
eehej6e,sadness,sadness,0.00081856496,0.0020153641,0.0018313578,0.0031837418,0.9909045,0.0012463521
eehfi6a,surprise,surprise,0.0024832657,0.0013904688,0.0011949501,0.005423082,0.0011013981,0.9884067
eehfyfk,sadness,anger,0.73242974,0.011039796,0.0034269688,0.002831645,0.15693061,0.09334121
eehhpzs,joy,joy,0.0013403619,0.0015441726,0.0022779175,0.8989411,0.0008809913,0.09501546
eehkah8,joy,joy,0.00034680072,0.00018835862,0.00030017836,0.9976623,0.00034872146,0.0011536401
eehksno,surprise,surprise,0.0038516591,0.000962671,0.0005697823,0.0008559875,0.0006013734,0.9931585
eehl9rf,joy,joy,0.0011781548,0.00023327622,0.00024978243,0.9971028,0.00021607056,0.0010199586
eehld4o,sadness,joy,0.0012959538,0.00031982598,0.001401023,0.9797325,0.015856724,0.001393996
eehn7ii,joy,joy,0.0016427266,0.00018293818,0.00027866158,0.995713,0.00023671612,0.0019459839
eeho6w6,joy,joy,0.00042391339,0.00021602804,0.00036447644,0.99807954,0.00024277686,0.0006732695
eehor1w,anger,disgust,0.25899184,0.5709074,0.009132976,0.020858312,0.12257331,0.017536137
eehoydp,joy,joy,0.0005770649,0.0004588393,0.00040397132,0.99644476,0.00023544188,0.0018798689
eehp42r,joy,joy,0.00031057346,0.00019335064,0.00033395793,0.9984478,0.0002888206,0.00042547204
eehpd4m,sadness,sadness,0.0014195273,0.0013654253,0.002446698,0.014459673,0.976588,0.0037207312
eehpoqu,joy,joy,0.0005516021,0.0004481661,0.0008649778,0.9955753,0.0004037305,0.0021561494
eehrk8u,joy,joy,0.015123277,0.00062715326,0.00025405586,0.9818687,0.0009307283,0.0011960941
eehrkd0,joy,joy,0.00058703613,0.0001836608,0.0003363254,0.99818283,0.00024861348,0.00046155503
eehs7qw,sadness,anger,0.97004604,0.0042483704,0.0027429266,0.0061308797,0.0081654675,0.008666328
eehsab2,joy,joy,0.0018186403,0.00019407857,0.00034817168,0.9965161,0.00030708234,0.00081591663
eehssdw,joy,sadness,0.0584855,0.0041019763,0.01911512,0.018479677,0.8886324,0.011185282
eehtcr1,anger,anger,0.9834357,0.0054114014,0.0006099333,0.002366036,0.004646967,0.0035299638
eehtttu,sadness,anger,0.6140521,0.0038014445,0.0017553185,0.3119446,0.04966615,0.018780334
eehtxf3,anger,anger,0.9864786,0.004168155,0.0026197813,0.0025844013,0.0021094887,0.0020394407
eehuzwu,joy,joy,0.00038895302,0.00019319502,0.00033595721,0.99833137,0.00022469202,0.00052590354
eehvv5s,joy,joy,0.0006072883,0.00014307941,0.0002777285,0.99742943,0.00028439058,0.0012580181
eehvzy2,joy,joy,0.00038243484,0.00018936358,0.00025698513,0.9983006,0.00035104871,0.0005195184
eehwc7a,anger,joy,0.049912293,0.0015838082,0.0009065404,0.75116503,0.0017754555,0.19465686
eehwiip,joy,joy,0.008548736,0.0006719524,0.00022751604,0.98831904,0.00039834875,0.001834409
eehwqcv,joy,joy,0.00095925835,0.00048987207,0.0005087794,0.994764,0.00053097727,0.0027471352
eehyw4y,surprise,anger,0.4588438,0.0069784964,0.04666108,0.053314433,0.17767508,0.25652713
eehzx9b,surprise,surprise,0.002091478,0.000856178,0.0007902548,0.0012105048,0.0006265468,0.99442506
eei0s2m,anger,anger,0.723608,0.0021755241,0.0013526765,0.26153228,0.004239005,0.007092508
eei1nic,sadness,anger,0.92034733,0.009340822,0.00086822134,0.0279056,0.031853735,0.009684237
eei280a,anger,anger,0.9000282,0.0050331918,0.0024641613,0.08353616,0.00522956,0.0037086003
eei2b57,sadness,joy,0.16996531,0.003367591,0.01318477,0.32276565,0.19326939,0.29744732
eei2g6l,fear,anger,0.6000955,0.26548082,0.11315389,0.0020953312,0.010264148,0.008910361
eei2ty6,joy,joy,0.0004661356,0.00017250834,0.0006371482,0.9973417,0.00058305106,0.0007994351
eei2xh2,surprise,surprise,0.04985042,0.0016293031,0.0024397476,0.0037889008,0.010366134,0.9319255
eei3ii9,joy,joy,0.0005598503,0.00022427127,0.0002257304,0.99825674,0.0002226077,0.00051074557
eei47sa,anger,anger,0.4722156,0.07706126,0.0040854695,0.16370068,0.13001016,0.15292676
eei4ela,joy,joy,0.02959713,0.001968415,0.0010456891,0.8035834,0.0018328453,0.16197252
eei5yi4,joy,joy,0.24794693,0.002574716,0.0017243904,0.7399016,0.003836182,0.0040162164
eei64qt,surprise,anger,0.9657968,0.0027204982,0.000608864,0.0016419578,0.0020079534,0.027223956
eei8rpb,joy,joy,0.0023972436,0.00027638202,0.00030946915,0.9922909,0.00037382258,0.004352218
eei8sfs,joy,joy,0.00047591366,0.00015880598,0.00020242481,0.9981822,0.0005690603,0.00041159522
eeibfsv,joy,joy,0.0006604438,0.0002534222,0.0003175675,0.9979583,0.00025137333,0.00055885804
eeic0e5,fear,anger,0.95003366,0.029931823,0.008760684,0.0021471179,0.0070226667,0.0021041003
eeicggm,sadness,joy,0.02669544,0.0021751437,0.0013900117,0.73047185,0.071256645,0.16801092
eeid0zi,joy,joy,0.00074468873,0.0002777017,0.00042351845,0.9943796,0.00020636764,0.003968169
eeid6tj,joy,joy,0.00041971903,0.0002667431,0.00035521836,0.9982198,0.0002180071,0.00052059005
eeiddfr,joy,joy,0.0004901048,0.00019163845,0.0003241957,0.9982918,0.0003054021,0.00039686036
eeidhj0,joy,joy,0.0021729541,0.000444611,0.00041828124,0.99523157,0.0010847223,0.00064789085
eeidyma,joy,joy,0.0004493047,0.00022432576,0.00021752228,0.9973648,0.00028346674,0.001460512
eeiegak,joy,anger,0.9855356,0.0031224415,0.00038880634,0.0059621204,0.0028579342,0.002133124
eeieuyo,surprise,surprise,0.002837861,0.0020185655,0.0031104188,0.041807536,0.08523175,0.8649938
eeiewym,sadness,sadness,0.024173059,0.0028325615,0.008290954,0.011171907,0.9396643,0.013867235
eeig438,joy,joy,0.015882475,0.0004248814,0.00093615626,0.98016745,0.0010070903,0.0015819643
eeihrhi,sadness,sadness,0.038565017,0.0033692853,0.0018521952,0.0018859267,0.9508279,0.003499652
eeii43a,joy,joy,0.015190928,0.00046726482,0.00060104637,0.9257932,0.0010371421,0.056910474
eeiid5s,joy,joy,0.00052925607,0.00013454768,0.00018522641,0.9981111,0.00034455935,0.00069519883
eeiidu7,disgust,disgust,0.25420702,0.5483718,0.009413184,0.022850934,0.14838625,0.016770825
eeiig2j,joy,joy,0.00035065098,0.0001966923,0.0002971362,0.99829704,0.00021321692,0.0006452907
eeijhkm,sadness,sadness,0.0035291205,0.011650929,0.14732338,0.054094292,0.7800354,0.0033668294
eeile0x,sadness,sadness,0.0009390138,0.0011814398,0.0018030327,0.002458492,0.9928377,0.0007803324
eeim5c0,sadness,sadness,0.0008846006,0.0013135198,0.0016424855,0.006578456,0.9881396,0.0014411721
eeinq1p,joy,joy,0.0005569476,0.0003263975,0.0003099626,0.9979486,0.0002300531,0.00062801887
eeip9ya,joy,joy,0.0010189185,0.00021264874,0.00042626934,0.99109894,0.00039563162,0.0068475716
eeipiga,joy,joy,0.0004174949,0.00021106645,0.00031282645,0.99843377,0.0002448839,0.00038001133
eeippeu,joy,joy,0.00039493304,0.00017159714,0.0005274959,0.9955064,0.0027768428,0.0006226486
eeipqj4,sadness,anger,0.6710547,0.0343063,0.0026644985,0.099788964,0.1623499,0.029835656
eeiq1t2,anger,anger,0.9844313,0.0035408882,0.0009932101,0.0031164812,0.005104596,0.0028134875
eeisdww,joy,joy,0.00094772,0.0004063446,0.00067347515,0.97906417,0.0027428237,0.016165424
eeiuscs,surprise,surprise,0.002455036,0.0007689857,0.0012998689,0.0206068,0.0011346028,0.9737346
eeiv9g2,sadness,sadness,0.14372842,0.0043662344,0.0017492032,0.016579542,0.6711984,0.1623782
eeiwd8o,joy,joy,0.0027633049,0.00023878308,0.00021991708,0.99580634,0.00044251222,0.000529155
eeiwo8t,anger,anger,0.9882883,0.0058224183,0.0006960409,0.0009780877,0.0015780726,0.0026369991
eeix509,surprise,surprise,0.116955146,0.0014665921,0.0008727107,0.011000014,0.0045723417,0.86513305
eeixm7z,joy,surprise,0.016408093,0.0008221833,0.0020676348,0.039013818,0.023757521,0.9179307
eeiyceq,surprise,surprise,0.011038384,0.0009865782,0.000736913,0.0014824021,0.00075257826,0.9850032
eeiyd3d,joy,joy,0.0005579709,0.00017450699,0.00033683568,0.9981893,0.00027827744,0.0004631288
eeiyfbf,sadness,sadness,0.35429624,0.004447364,0.0014272258,0.037946656,0.40911594,0.1927666
eeizdpx,disgust,joy,0.08299576,0.00664257,0.0020055382,0.89910966,0.002338681,0.006907704
eeizza2,joy,joy,0.0006477779,0.00020831786,0.00041971946,0.99683577,0.00022802761,0.0016604385
eej03pc,anger,joy,0.33638063,0.001577215,0.0007858493,0.60540664,0.011845153,0.044004414
eej0p9v,joy,sadness,0.010820335,0.0026588247,0.02383642,0.08631319,0.8625518,0.01381951
eej1ihs,joy,joy,0.00083161955,0.00020207498,0.00039285625,0.9978284,0.0003052548,0.00043980763
eej3kcn,fear,sadness,0.0014152516,0.007087335,0.09976397,0.0024324849,0.8863581,0.0029429563
eej6h5n,joy,joy,0.0005967957,0.0004952796,0.0004908794,0.99674207,0.00034965534,0.0013253124
eej7lcs,joy,joy,0.035015937,0.0025771332,0.0058675897,0.3884655,0.24987847,0.31819543
eej83t7,anger,joy,0.022195078,0.0004435668,0.001346943,0.9637471,0.0037474234,0.008519836
eejaac2,joy,joy,0.00036772725,0.00022435712,0.0003261069,0.9949391,0.00036272308,0.0037799657
eejbqly,joy,anger,0.98342645,0.0031135539,0.0010223662,0.007588659,0.0033461011,0.001502816
eejbrh8,joy,joy,0.0003376915,0.00026653148,0.0005711627,0.99678695,0.00022078838,0.0018168727
eejdbje,joy,joy,0.00038575463,0.00025730822,0.00035206944,0.9981154,0.00026462146,0.0006248626
eejdqkt,surprise,joy,0.004495261,0.0005812799,0.0006882988,0.9042234,0.0010261638,0.088985674
eeje0qk,fear,joy,0.067453474,0.0016637408,0.009329762,0.89471567,0.005532385,0.021304935
eejeh4q,sadness,surprise,0.039373994,0.009201862,0.004355797,0.030563008,0.21622498,0.7002804
eejf3px,joy,joy,0.0274994,0.0028865375,0.105837815,0.5460583,0.2391874,0.07853055
eejfh66,sadness,sadness,0.0021024682,0.0022244728,0.0012475015,0.031164909,0.96008146,0.0031792452
eejfuza,surprise,surprise,0.0023775927,0.0009029158,0.0010926751,0.047355797,0.00078751385,0.9474834
eejgpk4,surprise,surprise,0.0031393042,0.0005189046,0.0008145372,0.0018284405,0.0013845073,0.9923143
eejh9fg,joy,joy,0.00067384675,0.00022961677,0.00031521523,0.9981554,0.00028638035,0.0003394778
eejhfit,joy,joy,0.0012102299,0.00018720498,0.00029008146,0.9974044,0.00035998478,0.00054812763
eejiay5,joy,anger,0.9592923,0.010651004,0.00055525475,0.012498977,0.0064597228,0.010542824
eejj57x,anger,anger,0.9816859,0.004174664,0.0004890323,0.0051897187,0.0070558502,0.00140482
eejjhbs,surprise,surprise,0.38036498,0.003801483,0.0012351299,0.0026469345,0.005069736,0.60688174
eejl20y,anger,joy,0.025372673,0.00072854455,0.0005388603,0.9467035,0.023862792,0.002793645
eejleep,joy,joy,0.0003852205,0.00030748683,0.00043336255,0.99793905,0.00023566165,0.000699158
eejligj,joy,joy,0.0023445059,0.0011688767,0.0019073436,0.8157744,0.17183734,0.006967567
eejm5tn,joy,joy,0.00036154067,0.00023604694,0.00032191596,0.99830925,0.00024693075,0.00052429544
eejmdph,anger,surprise,0.08026041,0.0033978068,0.0008975841,0.10564056,0.0034018145,0.8064017
eejmuw1,joy,joy,0.0006026009,0.00021258087,0.00032644154,0.99816316,0.0002855309,0.00040977658
eejn7ai,surprise,surprise,0.009598146,0.06761443,0.26647922,0.026770435,0.006822367,0.6227154
eejqauj,anger,anger,0.9837443,0.009402134,0.0007036167,0.0028152843,0.00220714,0.001127429
eejtcuw,joy,joy,0.0003698246,0.00021296288,0.0004604976,0.9979791,0.00030805153,0.0006695042
eejuzkq,joy,joy,0.00048411754,0.00026287348,0.00032962163,0.9981693,0.00023959522,0.00051453506
eejv0sm,joy,joy,0.00035447994,0.00021102154,0.00028240684,0.99850214,0.00025689878,0.0003931031
eejvzru,anger,anger,0.9714749,0.017102279,0.0036736121,0.0019222153,0.0021481975,0.0036787412
eejxnps,sadness,sadness,0.00097608776,0.0008148316,0.0013640546,0.0040292605,0.9917148,0.0011009923
eejyht6,sadness,anger,0.9773425,0.002095797,0.00078994414,0.005592538,0.0028257682,0.011353406
eek2d41,joy,surprise,0.0027857642,0.0020863016,0.0043244595,0.40348247,0.0016181347,0.5857029
eek34md,sadness,sadness,0.0017608185,0.0012339917,0.0020111315,0.0010637754,0.99293077,0.0009994075
eek5yoh,joy,joy,0.0016782451,0.00061488315,0.00033353743,0.99623907,0.00022590946,0.0009083338
eek626j,fear,surprise,0.094774015,0.023006925,0.06811331,0.16498591,0.06866578,0.58045405
eek6cq6,joy,joy,0.0070636296,0.0003988896,0.0006414614,0.97856206,0.0070629963,0.0062708976
eek6tpn,anger,anger,0.9876694,0.006388983,0.0011990351,0.0016776507,0.0018683528,0.0011964621
eek6vha,joy,joy,0.00043676837,0.00024559544,0.00030314177,0.9973815,0.0001943737,0.0014385274
eek96v8,joy,joy,0.007643716,0.0019305267,0.0015783879,0.77308095,0.0018458004,0.21392067
eekctpw,joy,joy,0.0013945961,0.00019483468,0.00014733057,0.9962805,0.00032288997,0.0016597984
eekea23,anger,anger,0.9206406,0.00785208,0.001514972,0.057503175,0.003986284,0.00850288
eeked6o,fear,fear,0.0016471781,0.012312311,0.97352296,0.002044657,0.0039275503,0.0065452796
eekef9m,joy,joy,0.00038988548,0.00026559163,0.0002946728,0.9982672,0.0002596667,0.0005230668
eekeonr,joy,joy,0.0004162528,0.00021306839,0.00029487538,0.99816304,0.00045867133,0.00045406472
eekgoj1,joy,joy,0.00031821828,0.00026518872,0.00051619817,0.99634796,0.00031179626,0.002240712
eekh3r7,joy,anger,0.98807985,0.0057245228,0.0006957684,0.002561425,0.0020301137,0.00090838387
eekjgl8,joy,joy,0.0008312461,0.00019298086,0.00022092703,0.99760336,0.0005235623,0.00062792137
eekjjsc,joy,joy,0.0013922842,0.00027077607,0.0003321024,0.9963558,0.00023523862,0.001413784
eekjq0y,joy,joy,0.0008503197,0.00019096956,0.0002628515,0.99785453,0.00023738456,0.0006038583
eekjrep,surprise,surprise,0.0018676546,0.00059625605,0.0006045438,0.0018493079,0.000897808,0.99418443
eekk36g,joy,joy,0.00039794407,0.00021201461,0.0002988229,0.9982508,0.00020049664,0.0006399109
eekk826,anger,surprise,0.245279,0.030881513,0.01433974,0.2412699,0.007616221,0.46061364
eeklrmu,sadness,anger,0.5646405,0.010162551,0.0038367272,0.14857508,0.26972732,0.0030578221
eekn8hb,joy,joy,0.0003626193,0.00024840195,0.00034406804,0.99823844,0.00028900304,0.00051752425
eekng66,sadness,sadness,0.0013276044,0.0010217824,0.001453445,0.0034184763,0.99193925,0.00083952036
eekpxgu,surprise,joy,0.0007685862,0.00076096493,0.0009465142,0.9500626,0.00047535455,0.046985913
eeks9he,surprise,surprise,0.002969131,0.0009978011,0.00075574877,0.0008744098,0.0007217532,0.9936812
eektluu,joy,joy,0.0004383899,0.0002510493,0.00033958643,0.99807775,0.00020122383,0.00069196796
eektpzq,joy,joy,0.00081444916,0.0002889488,0.00031419404,0.9979673,0.00027141973,0.00034359182
eekugy0,joy,anger,0.9610551,0.002097289,0.00057839486,0.0062077274,0.00612276,0.023938682
eekwddb,surprise,surprise,0.0069906735,0.0009447689,0.00088439224,0.0007341136,0.0020213372,0.9884248
eekxcm6,joy,joy,0.00032161656,0.0002514189,0.00038273822,0.9982268,0.00020877157,0.0006087533
eekxre3,anger,anger,0.6573525,0.0028042945,0.0014879795,0.007884928,0.0054389946,0.32503128
eekyihh,surprise,anger,0.40075567,0.007085215,0.010047377,0.264454,0.09753217,0.22012556
eekyj9t,joy,joy,0.00037194774,0.0002035888,0.00028501108,0.99736327,0.00023762435,0.0015385222
eekzhxx,joy,joy,0.0023793895,0.00035066504,0.00022901554,0.99617624,0.0003293788,0.0005351962
eekzi88,surprise,surprise,0.0018821335,0.0008402785,0.00084485457,0.003381522,0.00085185777,0.99219936
eel0icv,sadness,sadness,0.025528956,0.038333137,0.0037863615,0.007257694,0.9211065,0.003987267
eel1j5c,fear,fear,0.0014798341,0.0070559056,0.968615,0.007908015,0.012518705,0.0024225733
eel1onf,joy,joy,0.00086432125,0.00031564973,0.00035853623,0.99722147,0.00034862824,0.00089143723
eel1opd,sadness,sadness,0.00071914576,0.0012827062,0.0017159301,0.004231659,0.9902996,0.0017509941
eel2a1m,joy,surprise,0.011852533,0.00070039503,0.0009490942,0.0022188218,0.0037515534,0.98052764
eel30l7,surprise,surprise,0.01265197,0.0010441523,0.0019521385,0.0317715,0.0046611265,0.9479191
eel3el9,joy,joy,0.00036483715,0.00023512194,0.00040975446,0.99799025,0.00041358516,0.00058645906
eel3hih,joy,surprise,0.30522725,0.002181902,0.0026283255,0.03696905,0.035542954,0.61745054
eel3p8b,anger,anger,0.9791189,0.004251766,0.0021302148,0.0067581395,0.0036528339,0.004088072
eel4k66,joy,joy,0.0040526027,0.00031769133,0.0003022492,0.9859666,0.0009758146,0.008385061
eel4kl0,sadness,sadness,0.009663945,0.0018842656,0.028620098,0.029003417,0.9261202,0.0047080796
eel4lhl,joy,anger,0.55109245,0.017521832,0.007865772,0.024854198,0.32007203,0.07859375
eel5apq,joy,joy,0.00034859503,0.00022587762,0.0003410042,0.99836975,0.00021062564,0.0005041746
eel5b51,joy,joy,0.001919415,0.0003327189,0.00043434848,0.99317086,0.00043927363,0.0037033202
eel5w0i,joy,anger,0.65965044,0.005272955,0.0010886537,0.31991628,0.006823971,0.0072476757
eel6ffv,joy,joy,0.0003557133,0.00025576938,0.00052096555,0.9977064,0.00026578974,0.0008952645
eel7ng1,joy,joy,0.00040055267,0.00025061594,0.00068057136,0.9973779,0.00026913203,0.0010212436
eel7ngf,sadness,sadness,0.24072796,0.0088593345,0.0017435774,0.008004257,0.7152446,0.025420263
eel8uh1,anger,anger,0.57465565,0.0027968055,0.00097330025,0.016392127,0.011674711,0.39350745
eel958m,surprise,surprise,0.010072499,0.0013638244,0.001389786,0.17167482,0.0036884483,0.81181055
eel9mio,joy,joy,0.00031032276,0.00024390472,0.0003524129,0.9983109,0.00024980452,0.0005325726
eelak3t,anger,sadness,0.07038382,0.051572856,0.005194942,0.004935291,0.8110942,0.056818873
eelanvo,surprise,surprise,0.0013296802,0.0010987069,0.00090675615,0.0016362147,0.0006306756,0.9943979
eelar1k,surprise,joy,0.013155384,0.0004216756,0.000559824,0.9765103,0.0007359092,0.008616924
eelavf3,anger,sadness,0.19411965,0.002676018,0.0035494308,0.36610338,0.42488766,0.008663844
eelcmzf,joy,joy,0.0005743566,0.00020592906,0.0004436942,0.99766445,0.00032104694,0.0007906481
eelctrs,joy,anger,0.6700112,0.05031917,0.0026974694,0.1733444,0.094301865,0.009325856
eeldik0,joy,anger,0.6471475,0.0033183943,0.0026015742,0.29001978,0.0451521,0.01176063
eeldjfn,joy,joy,0.00037269588,0.0002608562,0.00059093325,0.9970298,0.0014312682,0.00031437937
eeldzwl,joy,joy,0.00033043188,0.00024071363,0.00030005333,0.99831533,0.00032374883,0.0004897337
eeleoav,joy,joy,0.000755418,0.00032150684,0.00032870332,0.99758935,0.00023137599,0.000773676
eelephe,fear,anger,0.6069836,0.09033985,0.0044026473,0.02789458,0.26095083,0.009428531
eelf0kn,joy,joy,0.0008823188,0.00030378185,0.000236732,0.99772185,0.00040412226,0.00045125268
eelf2ij,anger,anger,0.66399676,0.0040610908,0.0009880548,0.10962732,0.13857116,0.082755566
eelgwd1,joy,joy,0.0004007883,0.00021883959,0.00031189338,0.99655664,0.00031577007,0.002196141
eelhzpd,sadness,anger,0.569345,0.0030280824,0.0023662457,0.34741125,0.025341146,0.052508265
eelih23,joy,joy,0.00043912145,0.0001809092,0.00042265814,0.9978891,0.00020794044,0.00086036616
eelizd5,joy,joy,0.00044111573,0.0003129423,0.00035394347,0.9981027,0.00024068693,0.0005485919
eeljmuc,sadness,sadness,0.0013523332,0.002356112,0.0017246697,0.0013801181,0.99174327,0.0014434885
eeljtyr,surprise,surprise,0.002780884,0.0016550871,0.00086706557,0.004157628,0.0008550626,0.9896842
eelkryk,anger,anger,0.9158036,0.053344823,0.0018047959,0.003301584,0.022533864,0.0032113118
eellbrp,joy,anger,0.6461593,0.0049784416,0.0028167726,0.3284669,0.0027028227,0.014875733
eellryt,joy,joy,0.0003367406,0.00021748418,0.0003244847,0.99811304,0.00017795323,0.00083024276
eelmno5,joy,anger,0.8921291,0.007552356,0.00071491307,0.01174171,0.041879624,0.045982283
eelnnyk,anger,anger,0.6310984,0.019023871,0.0017487911,0.005643684,0.29931143,0.04317389
eeloddc,joy,joy,0.00043386652,0.0002764977,0.000352716,0.9976261,0.00021091281,0.001099887
eelpaoa,joy,joy,0.01758004,0.0008346784,0.0012699622,0.92168444,0.011506649,0.04712414
eelpp19,joy,joy,0.00044460857,0.00019521106,0.00029956162,0.99837744,0.00023471168,0.000448449
eelq38h,joy,anger,0.42412332,0.0039855735,0.0028422473,0.09202628,0.073275276,0.40374735
eelqjpo,anger,anger,0.9870388,0.005796782,0.0012358187,0.002099841,0.0023034425,0.0015253049
eelsqcs,surprise,surprise,0.0025611261,0.0009013384,0.0007242775,0.0011512819,0.00051950465,0.99414235
eeltdow,joy,joy,0.00040208033,0.00021633189,0.00040636025,0.9978765,0.0006797684,0.0004188946
eelts0x,surprise,surprise,0.009182848,0.0009908717,0.00058950705,0.00084545877,0.0012624576,0.98712885
eelvgqc,joy,joy,0.00075022015,0.00023179664,0.00036712986,0.99739397,0.00020299465,0.0010538177
eelwbqj,anger,anger,0.9879457,0.0046430235,0.0009225789,0.0023382285,0.0022525876,0.0018978044
eelwdcx,anger,anger,0.99016225,0.002902993,0.00071875943,0.002632368,0.0017172145,0.0018664957
eelwk8q,anger,joy,0.21854322,0.0064540403,0.0014529064,0.6169399,0.14776754,0.008842323
eelwnog,fear,fear,0.0015718113,0.007926079,0.98121923,0.002449142,0.0036146985,0.0032190275
eelwr0i,joy,joy,0.097533636,0.0024582597,0.0006330498,0.8840579,0.00385197,0.011465156
eelwuyf,anger,joy,0.00046561277,0.00017369988,0.00024303429,0.99821967,0.00047876305,0.00041922356
eelyhvs,joy,joy,0.00025222427,0.00021309147,0.00050014525,0.9973187,0.0009054677,0.00081043626
eelyjn7,anger,anger,0.97707,0.0040700007,0.0005773127,0.0080261165,0.0015471149,0.008709322
eelz2wb,anger,sadness,0.050472397,0.005277998,0.003009321,0.12616882,0.81243455,0.0026369675
eelzddq,joy,joy,0.0007348018,0.00024219305,0.0002285994,0.9979381,0.00020711918,0.0006492245
eelzhnk,joy,joy,0.0007883093,0.00019119294,0.00046236452,0.9971933,0.0002197394,0.0011452021
eem090u,surprise,surprise,0.0018370092,0.0010063163,0.0011058527,0.002681145,0.0007216383,0.992648
eem0bwk,joy,sadness,0.039887387,0.026437439,0.079110734,0.0241824,0.820348,0.010034113
eem0tn8,joy,anger,0.8415083,0.005295662,0.0007649648,0.009738161,0.005826962,0.13686584
eem23o3,joy,joy,0.0007671355,0.00031788027,0.000308515,0.99775106,0.00024576607,0.00060966145
eem309e,sadness,anger,0.9564822,0.007825777,0.0007823188,0.022031434,0.008412075,0.0044662096
eem4cot,joy,joy,0.0005562083,0.0003292053,0.00031560636,0.99756855,0.00035998668,0.0008704545
eem4xgw,joy,joy,0.036245137,0.004114688,0.0008724459,0.95025855,0.005221597,0.0032875668
eem4zc2,joy,joy,0.00074687577,0.00021352744,0.0003369693,0.9979202,0.00029018137,0.00049228943
eem52g7,anger,anger,0.88401544,0.08601446,0.0044013583,0.005222858,0.010173267,0.010172748
eem5lpz,joy,joy,0.00029926084,0.00013853532,0.000513856,0.9962599,0.0018092665,0.0009791139
eem5ojk,joy,joy,0.0004612132,0.00021252823,0.00061752385,0.9976705,0.00036432236,0.0006739232
eem5z18,surprise,surprise,0.0063783177,0.0008691089,0.00090540166,0.0014222827,0.0015952175,0.9888297
eem636t,joy,joy,0.000318298,0.00020250163,0.00028822874,0.9984811,0.00027957035,0.000430334
eem6ixj,sadness,surprise,0.004561197,0.0007782705,0.001092439,0.0015386436,0.0063630594,0.98566633
eem75s7,sadness,joy,0.0598091,0.002130638,0.0010192638,0.87124866,0.05694414,0.008848152
eem7r6s,anger,anger,0.6729186,0.02251737,0.002638647,0.08623804,0.21201171,0.0036756296
eem96ru,joy,joy,0.0009823042,0.00028358295,0.00017845619,0.9948283,0.0015724684,0.0021549065
eemadmb,joy,joy,0.00032932512,0.00032527826,0.00056352007,0.9975586,0.00020925174,0.0010140213
eemajnt,joy,joy,0.00037467096,0.00022439711,0.0003342649,0.9983778,0.00023886445,0.00044999635
eemay2p,surprise,surprise,0.002537831,0.00089171244,0.00063890545,0.0037179783,0.0004321362,0.99178153
eemb48z,joy,joy,0.0027787853,0.0015936303,0.00061272713,0.99030393,0.0008493511,0.0038616736
eembhii,joy,joy,0.00038946583,0.00022097414,0.00030091655,0.9981805,0.00020604952,0.0007020987
eembphd,joy,joy,0.041714642,0.0007675672,0.0013012908,0.82192284,0.012510377,0.12178323
eemcyc6,joy,joy,0.00044296496,0.00018006818,0.00025143355,0.9983041,0.00024019889,0.0005812012
eemd0lz,joy,surprise,0.0015992114,0.0015350117,0.009710599,0.4179784,0.0627715,0.50640535
eemdb8a,surprise,surprise,0.039319113,0.0013265614,0.0005510415,0.0035811816,0.0018447303,0.9533774
eemdfhv,anger,anger,0.9897119,0.0031820924,0.0006224649,0.0021911203,0.0023575271,0.0019348727
eemec80,joy,joy,0.0005411496,0.00032589448,0.000352546,0.9968706,0.00019926716,0.0017105443
eemeuys,joy,joy,0.00054646103,0.00017306414,0.00033716665,0.99835134,0.00022174478,0.00037018856
eemf4da,sadness,sadness,0.0012654423,0.001200051,0.0008408379,0.005046728,0.9894174,0.0022295874
eemg227,joy,joy,0.00048517683,0.00017142476,0.00061205775,0.9921381,0.0011947079,0.005398538
eemg9of,sadness,anger,0.75180393,0.047116634,0.002202388,0.005960428,0.18397802,0.0089385845
eemhb9t,joy,joy,0.00025066207,0.00021635371,0.0003684775,0.9977222,0.00026859718,0.001173661
eemhi5g,joy,joy,0.000946485,0.0003164899,0.00026132778,0.99567467,0.000505006,0.002295982
eemhiji,anger,anger,0.9477308,0.014899473,0.00072378735,0.013048634,0.019172097,0.0044253203
eemj6dh,joy,joy,0.113870874,0.0027054239,0.0014131108,0.8422654,0.0033416431,0.036403522
eemjtpw,joy,joy,0.00051776925,0.00019690543,0.0002652355,0.9983852,0.00023959561,0.000395362
eeml1yk,surprise,surprise,0.018532898,0.0011168085,0.0007606686,0.0034254105,0.0014000607,0.97476417
eeml7fj,sadness,sadness,0.024845332,0.004990867,0.0014846857,0.0066888127,0.96063197,0.001358377
eeml9um,joy,sadness,0.1572093,0.014122274,0.009634334,0.07527366,0.7375325,0.006227986
eemljqa,joy,joy,0.00081351283,0.00014253765,0.00019573489,0.9980538,0.00030766387,0.00048673988
eemmdaq,joy,joy,0.0005716899,0.00015497365,0.0001887338,0.9973974,0.00025167136,0.0014355552
eemocqe,joy,joy,0.010259185,0.0012384631,0.00042588598,0.9864553,0.0006365885,0.0009845567
eemoqr6,joy,joy,0.0007704388,0.00087596965,0.0006350997,0.9946918,0.00025739882,0.0027693666
eemp2jr,anger,anger,0.98405,0.003261709,0.003124575,0.005719525,0.0020278753,0.0018163002
eempfip,anger,anger,0.9741392,0.0025723542,0.000849313,0.00881038,0.010221741,0.0034068876
eempgvg,joy,joy,0.00066727976,0.00030751622,0.00030173289,0.9981097,0.00020776257,0.00040600504
eempxa7,surprise,surprise,0.0014035128,0.0008022296,0.00078396895,0.00305294,0.00054882286,0.99340856
eemq31d,joy,joy,0.0003362987,0.00030738278,0.0004706894,0.99725336,0.00019927372,0.0014329959
eemqjmj,sadness,sadness,0.09696162,0.06672063,0.004045561,0.013784494,0.8118582,0.0066295583
eemr899,joy,joy,0.006751087,0.000260639,0.0007818332,0.97703665,0.0035416964,0.011628069
eemr9hm,anger,anger,0.9769249,0.0137711475,0.0016930402,0.0045261267,0.0018592573,0.0012254996
eemreum,sadness,sadness,0.0010042641,0.0013935085,0.00095472403,0.0026478402,0.9927209,0.00127869
eemrlq4,joy,joy,0.000321268,0.00019987438,0.0004151518,0.9983714,0.00030119088,0.00039112705
eemrt0f,surprise,surprise,0.0016023711,0.0008704953,0.00090575113,0.0013965239,0.00060486956,0.99461997
eems57y,joy,surprise,0.22707868,0.016254047,0.0017119164,0.04626262,0.045597155,0.66309565
eemsbb0,joy,joy,0.0004903837,0.00027536455,0.00038154636,0.9976726,0.00040165827,0.0007783751
eemsxml,sadness,joy,0.00039437515,0.00033068514,0.00050837744,0.9974962,0.00044636938,0.0008239246
eemt60b,joy,joy,0.00036897382,0.00018167617,0.00039502865,0.99632406,0.00039334112,0.002337038
eemt7ua,sadness,surprise,0.0033645048,0.000999218,0.0030220551,0.38417864,0.005209887,0.6032257
eemu96i,disgust,joy,0.08902227,0.32588023,0.012841993,0.49844915,0.02203242,0.05177398
eemvfch,joy,joy,0.00064416113,0.00043556688,0.0004993589,0.9939466,0.00022878489,0.004245467
eemwag0,joy,joy,0.0006047472,0.00015455954,0.00019055838,0.99816376,0.00023794029,0.0006484792
eemwve7,surprise,surprise,0.0017552738,0.00081915496,0.0009540023,0.0015722084,0.0034611996,0.9914381
eemx04q,joy,joy,0.0009760893,0.0002642421,0.00038144802,0.99601847,0.0004525461,0.0019071718
eemxu66,joy,joy,0.07178025,0.002299892,0.0033386536,0.7731056,0.010964608,0.13851096
een0g3s,surprise,surprise,0.0011933147,0.0009846117,0.0015504973,0.0013036625,0.0018028766,0.9931651
een0kl9,joy,joy,0.00034529972,0.00018961598,0.0003697808,0.9983346,0.0003324933,0.00042828757
een14sg,joy,joy,0.0002829593,0.00014543442,0.00029182172,0.9977429,0.00058471865,0.0009521777
een1uts,joy,joy,0.00035098733,0.00018474727,0.00025600422,0.9983235,0.00034713896,0.0005376265
een48ez,joy,joy,0.00036547778,0.00012729297,0.00028374163,0.99711037,0.000325366,0.0017877588
een61tu,anger,anger,0.9836394,0.010533344,0.0014281805,0.0016937474,0.0016547389,0.0010504567
een66z9,joy,joy,0.27568275,0.006995787,0.0025784126,0.5036049,0.18057111,0.030567035
een6gcu,surprise,fear,0.05624277,0.031343482,0.67115283,0.029150398,0.019950941,0.1921596
een6tqj,anger,anger,0.9879523,0.0059388718,0.00061940873,0.0012199238,0.0017765469,0.0024930998
een7w2f,joy,joy,0.00036853392,0.00022882312,0.00029837756,0.9983481,0.00037950373,0.00037675802
een89o8,joy,anger,0.9622157,0.0037774164,0.0013833307,0.027369043,0.0028124752,0.0024420149
een8dwk,joy,joy,0.006625508,0.00067270274,0.00038018456,0.9899394,0.00028500857,0.0020972593
een8gbg,surprise,surprise,0.046079233,0.0014809434,0.00055212824,0.0016081353,0.002193187,0.9480863
een8yx4,joy,joy,0.00040672283,0.00021064552,0.00027512998,0.99824595,0.000192927,0.0006686954
een9623,joy,joy,0.00086427433,0.000313026,0.0005871166,0.9965565,0.00088119495,0.0007978981
eena3p8,joy,joy,0.004130988,0.00024014892,0.00038140756,0.99063057,0.00062413164,0.0039926996
eena656,surprise,surprise,0.0013423288,0.0010109993,0.0010675429,0.001082959,0.00057183026,0.9949243
eenarch,joy,joy,0.0004384042,0.00017307485,0.00020293171,0.998156,0.00022358965,0.00080601394
eenbnes,joy,joy,0.00029882503,0.00022376435,0.00061068684,0.9971656,0.00021076441,0.0014903618
eendu1y,anger,joy,0.1003819,0.002088228,0.00056149974,0.88448644,0.006721733,0.0057601877
eenew5i,joy,joy,0.00034851977,0.00018053029,0.00044856084,0.998197,0.00044266027,0.00038281368
eeneyfz,sadness,sadness,0.0050078887,0.007330918,0.026439598,0.003919645,0.9510969,0.0062050745
eenhhg4,joy,joy,0.00036367492,0.00017925,0.0003071516,0.99809724,0.00022146943,0.0008312587
eenhk10,joy,joy,0.0003233611,0.000196937,0.0003206939,0.998331,0.0004652858,0.0003627553
eenjf5o,anger,joy,0.00057689165,0.00022785964,0.00033187642,0.9957775,0.00028020158,0.0028056754
eenjgyw,anger,anger,0.9222599,0.0072026174,0.000661899,0.03566571,0.029595751,0.0046142116
eenjlbv,joy,joy,0.0008036297,0.00019210929,0.00022535482,0.9977189,0.00019047018,0.00086958247
eenjvjb,joy,joy,0.0005523655,0.0001868067,0.0003112069,0.9980228,0.0003251309,0.0006017409
eenle2f,joy,joy,0.0020895838,0.0006532877,0.0006626474,0.9827036,0.00066062104,0.01323025
eenlzpm,joy,joy,0.00039813182,0.00019747844,0.00038262122,0.9933194,0.0004148664,0.005287575
eenmr23,anger,sadness,0.019021627,0.01998446,0.0018506424,0.004676016,0.95147145,0.0029958484
eenmu16,anger,anger,0.96002144,0.007118716,0.00061346014,0.008765323,0.02171177,0.0017693427
eenmx5z,joy,joy,0.00038999855,0.00023229995,0.0003430901,0.9983754,0.00028151277,0.00037771146
eennia4,joy,joy,0.00142268,0.00020869984,0.0003910328,0.99665594,0.0005484232,0.00077318423
eenojku,surprise,surprise,0.014878435,0.0007848599,0.000529546,0.0028111525,0.0015819105,0.97941417
eenol0f,joy,joy,0.00033244345,0.00025588012,0.00035632198,0.99763966,0.00019727678,0.0012184294
eenomgg,joy,joy,0.0003266428,0.00020786491,0.00034166218,0.9983833,0.0002975515,0.00044303513
eenor4z,joy,joy,0.0003926057,0.000332342,0.0005568493,0.9942754,0.00031439142,0.00412843
eenos5l,sadness,sadness,0.00065268844,0.0010277645,0.0025389502,0.0014428212,0.9934034,0.0009343287
eenp1pd,anger,anger,0.98732215,0.005025433,0.001272884,0.0008782643,0.002604037,0.002897116
eenpii0,joy,joy,0.010787701,0.00026716208,0.00031710643,0.97357744,0.0009407882,0.014109825
eenppv8,joy,joy,0.0014513256,0.00017640485,0.00018202452,0.9972572,0.00027145614,0.0006615564
eenqp48,joy,joy,0.00042721585,0.00014453483,0.0002674869,0.9983986,0.0004174175,0.0003447569
eenr0w1,joy,joy,0.0039082747,0.00023728429,0.0006223317,0.9816621,0.0008676792,0.012702349
eenrppf,joy,joy,0.00069900294,0.00015677436,0.0003933024,0.99604356,0.0018974096,0.0008099923
eenrwnc,joy,joy,0.0006270665,0.00017064977,0.00019945577,0.99836713,0.00024601823,0.00038965087
eensidh,joy,joy,0.0003106945,0.0002284902,0.0003982501,0.99786866,0.00045410355,0.0007398478
eensmw1,joy,joy,0.008436175,0.0005165369,0.00022330732,0.98857003,0.00083103,0.0014229164
eentzwo,fear,fear,0.08063719,0.0104325,0.81600046,0.05264449,0.03435556,0.0059297928
eenu05t,sadness,sadness,0.0013870383,0.001867681,0.0014944477,0.0021002518,0.9919918,0.0011587294
eenu55b,joy,joy,0.0010947724,0.00035561682,0.00090300885,0.9784469,0.01777278,0.0014269266
eenubik,surprise,surprise,0.005086486,0.0004826261,0.00050894456,0.005997387,0.0009553578,0.9869691
eenuqmk,anger,anger,0.981501,0.0017224185,0.00078017317,0.009944741,0.0018641466,0.004187623
eenuu2m,surprise,joy,0.00072531827,0.00033280853,0.00050794985,0.9815377,0.0011993854,0.015696906
eenvbjc,joy,joy,0.000385437,0.0001721352,0.0002377374,0.9982785,0.0001878743,0.00073838833
eenvfxe,surprise,surprise,0.0032218678,0.002029424,0.0013269013,0.0012444754,0.00070298184,0.9914744
eenvj8r,joy,joy,0.00081478065,0.00051409967,0.0006142306,0.9925781,0.00021653366,0.005262277
eenwl50,joy,joy,0.001320109,0.0002819047,0.00028053694,0.9971118,0.0002852255,0.0007203898
eeny43w,anger,anger,0.95180696,0.037498698,0.0017611067,0.0035672085,0.0037168032,0.0016492631
eeny76q,surprise,surprise,0.0017619334,0.0031945987,0.015166431,0.10584647,0.006244511,0.867786
eeny9gj,joy,joy,0.00043369897,0.00036944443,0.00040052424,0.99750584,0.00031889512,0.00097168476
eenz3h9,surprise,surprise,0.002685931,0.0011008375,0.0019623754,0.0007347005,0.0023256994,0.99119043
eeo0if0,joy,joy,0.00033044812,0.0001980458,0.00031401461,0.9983625,0.00023720456,0.00055785914
eeo0jrp,joy,joy,0.00040410986,0.00019266891,0.000285829,0.99842334,0.00024327566,0.00045073265
eeo0zo2,joy,joy,0.00053570536,0.00027362054,0.0006295302,0.99564594,0.0002412773,0.002673881
eeo2054,joy,joy,0.000429167,0.0002004061,0.00029648395,0.9984273,0.0002450547,0.00040155154
eeo26n5,joy,joy,0.00029714566,0.00029706545,0.0008079005,0.9958954,0.00032054062,0.002381933
eeo2l60,joy,joy,0.00044072708,0.00024381751,0.00031621283,0.99839944,0.00020690926,0.0003929375
eeo2nvr,fear,sadness,0.03445841,0.017424898,0.010802737,0.00095983944,0.9341254,0.0022288116
eeo2s9h,joy,joy,0.0004522603,0.00032404411,0.00050159555,0.9966628,0.00018221591,0.0018770035
eeo3gca,joy,joy,0.00036874288,0.00015925987,0.00036911832,0.99832374,0.00026862253,0.00051053247
eeo3o4x,joy,joy,0.00041368383,0.00018551084,0.00032983226,0.99812156,0.00063939835,0.00030994567
eeo41xs,anger,anger,0.9829804,0.0037862188,0.0011087875,0.0063282787,0.0027326292,0.0030636746
eeo42tb,fear,fear,0.0038159953,0.01476121,0.96268547,0.011509003,0.0030984422,0.004129862
eeo4djd,sadness,sadness,0.003052793,0.0009402332,0.0011977687,0.014570201,0.97613156,0.004107471
eeo4i7n,joy,joy,0.0004452424,0.000187361,0.00026747925,0.99838054,0.00028800187,0.00043140462
eeo4ndj,sadness,sadness,0.016818974,0.0032289503,0.0022793429,0.0059253485,0.96243143,0.009315936
eeo4op1,surprise,surprise,0.0025905832,0.00090668065,0.00092310604,0.0009841609,0.00063650287,0.99395895
eeo5ktm,joy,joy,0.37611815,0.0042126453,0.0007326375,0.552614,0.013831808,0.052490775
eeo5mnd,joy,joy,0.00057219417,0.00021967007,0.00090659066,0.9942979,0.0023605938,0.0016430113
eeo6158,joy,joy,0.00036490223,0.00017695889,0.0002867247,0.99821633,0.00020536617,0.00074961677
eeo6ius,anger,anger,0.95291287,0.0059241042,0.00056428957,0.01321849,0.0041209864,0.023259161
eeo7498,anger,joy,0.21021394,0.0017582286,0.002064165,0.7636418,0.013144121,0.009177751
eeo8c5x,joy,joy,0.0016491732,0.00028438744,0.000536571,0.9965617,0.00039676696,0.0005714248
eeo8ikj,anger,anger,0.9827252,0.004147697,0.0012798574,0.0016434916,0.004007689,0.0061961017
eeo9qae,joy,joy,0.0021302921,0.00031703338,0.00018064896,0.9956899,0.0003816048,0.0013004921
eeobpj2,anger,surprise,0.0055079097,0.00061087706,0.0007012847,0.001996002,0.00070282054,0.9904811
eeodtym,anger,sadness,0.094197035,0.01583784,0.025741342,0.02404296,0.7948918,0.045289062
eeoey8k,joy,anger,0.43239453,0.0062370896,0.0031473364,0.22054757,0.3124127,0.025260737
eeog7ji,joy,joy,0.00060824805,0.00021301098,0.0003520236,0.9981225,0.00038486975,0.00031930627
eeogs46,anger,anger,0.6914239,0.0046296567,0.00072022394,0.027445182,0.06860746,0.20717359
eeohv3v,anger,sadness,0.37671393,0.07957084,0.009519355,0.009296547,0.5215142,0.0033850565
eeoi2ei,joy,joy,0.0012375533,0.00017188412,0.0002807592,0.9954724,0.00027699544,0.0025603638
eeoieth,surprise,surprise,0.0033615406,0.0010448239,0.0008867855,0.0008146578,0.0005684278,0.99332374
eeoipmw,joy,joy,0.00049657765,0.00020209201,0.00026159134,0.9984132,0.00024279158,0.00038367976
eeoj2xn,surprise,anger,0.9275354,0.010362193,0.0013810295,0.0029648836,0.03961347,0.018143045
eeok9b7,anger,anger,0.9648606,0.001924409,0.0009763471,0.016257327,0.004835323,0.011146077
eeokhn8,joy,joy,0.0006179718,0.00016060758,0.0003511557,0.9979317,0.00019702615,0.00074149796
eeokhqf,anger,joy,0.15368496,0.00091070606,0.001013868,0.83311754,0.0029603327,0.0083126
eeom089,joy,anger,0.987184,0.0027790735,0.00039435833,0.0059086517,0.00097375136,0.0027602278
eeomopr,surprise,joy,0.1664782,0.0016655587,0.0026425556,0.37544113,0.108282894,0.34548965
eeon5ww,joy,joy,0.002126882,0.0002173381,0.00020014985,0.9952088,0.00037874558,0.0018680578
eeoocug,joy,joy,0.05442888,0.0021775777,0.00066120527,0.90184784,0.037566755,0.0033176935
eeoogwg,disgust,anger,0.973097,0.012569754,0.0006881125,0.0016113686,0.009433801,0.0026000168
eeoojli,anger,anger,0.58995044,0.011064008,0.23088135,0.09555184,0.061218727,0.01133365
eeop7db,joy,joy,0.002918063,0.00020484706,0.00033125636,0.9949195,0.0008145756,0.000811755
eeopmxd,surprise,surprise,0.4365174,0.056949254,0.0033692536,0.0041382774,0.05129304,0.4477328
eeopv2i,joy,joy,0.00044508933,0.00018552793,0.00027694268,0.9984515,0.00025929516,0.00038161562
eeoqbcy,anger,anger,0.62164116,0.0058389152,0.0070071253,0.051427774,0.29200584,0.022079216
eeorjoq,joy,joy,0.00047924442,0.00029466487,0.00073629245,0.9938783,0.0005824597,0.0040290207
eeosooe,joy,joy,0.0003179562,0.0003557297,0.0004620197,0.9965779,0.00029150822,0.0019948548
eeosphh,anger,anger,0.9884908,0.0064252582,0.00082246703,0.0015078716,0.0013221559,0.0014314079
eeosyfr,joy,joy,0.00026155353,0.00017863246,0.00025608693,0.9982498,0.00033793872,0.00071587425
eeou68l,joy,joy,0.00029231716,0.00025240032,0.0004808901,0.99782914,0.00059962395,0.00054558774
eeovi8o,joy,joy,0.00046562342,0.00015752521,0.0004950496,0.9976834,0.0006756009,0.0005227544
eeovxiz,joy,joy,0.00042315782,0.0002927681,0.00036612264,0.998156,0.0003230551,0.00043886394
eeowg61,joy,joy,0.00044820117,0.0001666472,0.00022525078,0.9976064,0.00023034518,0.0013231131
eeox4xv,anger,anger,0.96601826,0.0063421694,0.0005224135,0.0016766185,0.0061684907,0.019272182
eeoy0zk,joy,joy,0.0005339876,0.0001372575,0.00023698765,0.9976597,0.0004101969,0.0010218358
eep0p61,anger,disgust,0.19397102,0.5462202,0.066081405,0.082697,0.077945516,0.033084854
eep1pxj,joy,joy,0.0059869615,0.0014205182,0.0008687279,0.9364402,0.003160264,0.05212333
eep2581,joy,joy,0.00048665513,0.00013982144,0.00025703444,0.99817884,0.00021012056,0.00072745996
eep2csd,sadness,anger,0.7465299,0.008182662,0.0017043717,0.15933762,0.0798734,0.0043720007
eep3xik,joy,joy,0.00033299898,0.00021035237,0.00045326722,0.99802196,0.0005772382,0.00040416434
eep4519,surprise,surprise,0.008637291,0.00094250916,0.00080756436,0.0008897948,0.00085254683,0.9878703
eep49hp,sadness,anger,0.9062686,0.004789006,0.0016255156,0.059136715,0.02463236,0.0035478245
eep4txk,anger,anger,0.70650816,0.003049767,0.0017038825,0.24370778,0.02283586,0.02219455
eep5563,anger,anger,0.9876436,0.0068077897,0.0009656553,0.0015905569,0.0018061845,0.0011861536
eep5q1v,joy,joy,0.0003681104,0.00016167498,0.00037767677,0.9981,0.0002249834,0.0007675498
eep620c,joy,joy,0.00040299512,0.00022110864,0.00035166036,0.99823856,0.00025648708,0.0005291706
eep65rk,sadness,anger,0.6960702,0.011709984,0.00219402,0.22275549,0.012177357,0.055092957
eep6vxo,surprise,surprise,0.007972962,0.0010317662,0.001023301,0.030267684,0.011072155,0.9486321
eep7ywn,surprise,surprise,0.0018563577,0.0009994324,0.00088359095,0.0020821707,0.000606217,0.99357224
eep80n0,joy,surprise,0.003949763,0.0012632628,0.0012397037,0.07488969,0.00063693523,0.9180207
eep8oy7,joy,joy,0.0004446028,0.00014051174,0.0002880717,0.998295,0.00026487335,0.0005669507
eep8u1j,joy,joy,0.00037730913,0.00018869711,0.0002910696,0.9959376,0.0010145298,0.0021907606
eep96d6,joy,joy,0.00030070796,0.00020810429,0.0003576776,0.9976255,0.00021250975,0.0012954477
eep96in,joy,joy,0.0005604322,0.000116049516,0.00017427244,0.9980938,0.0003526635,0.0007027924
eepamw4,joy,joy,0.3672896,0.002862594,0.00091232214,0.6191311,0.0077255187,0.0020788866
eepazfz,surprise,sadness,0.0036439574,0.0023678676,0.008409051,0.0031007726,0.7927417,0.18973657
eepbfcd,joy,joy,0.0003695734,0.00015583554,0.0002874148,0.9983171,0.00021158953,0.0006585318
eepcbjy,anger,anger,0.9850042,0.0063258545,0.0014677842,0.0016360173,0.003216102,0.0023501462
eepceqz,joy,joy,0.0011402677,0.0001698588,0.00033985256,0.99653745,0.0009306998,0.00088183384
eepcznz,joy,joy,0.043700695,0.0030922745,0.00077007315,0.94256324,0.0048099034,0.005063885
eepdcjf,surprise,surprise,0.004019961,0.00069529976,0.0006311323,0.0014726986,0.0010602206,0.99212074
eepdi5g,surprise,surprise,0.0072261263,0.0016893155,0.0011095662,0.08048728,0.0012486484,0.90823907
eepedeh,sadness,sadness,0.30877864,0.123331696,0.010796972,0.012300562,0.54102284,0.0037693048
eepefiy,sadness,sadness,0.0016305404,0.002738337,0.009132475,0.0027415683,0.98330426,0.00045279317
eepekg2,sadness,joy,0.0035711236,0.0008553296,0.0009077781,0.8349007,0.15456888,0.00519617
eepepim,joy,joy,0.0016798713,0.00034805268,0.0009908732,0.9870733,0.00027978848,0.009628064
eepey1y,anger,anger,0.4238878,0.15421669,0.22125715,0.009966552,0.1746987,0.015973117
eepeyqz,anger,anger,0.97154194,0.005793195,0.0003660455,0.009827635,0.007003469,0.0054676966
eepgd5q,joy,anger,0.9259657,0.009326809,0.001044961,0.016797882,0.04348943,0.0033751063
eeph9pe,joy,joy,0.00032479194,0.0002552939,0.00048095026,0.99398994,0.00036004506,0.0045890473
eepjy4j,joy,joy,0.00046352288,0.00020401008,0.00031335722,0.9983972,0.00018853907,0.00043334448
eepka5p,joy,joy,0.0005319078,0.0001135536,0.0001855198,0.9982364,0.00026394578,0.0006686386
eepke7q,anger,sadness,0.11350378,0.01338085,0.0017732326,0.0051370137,0.86088014,0.0053249793
eepkg1u,joy,joy,0.0036727062,0.00062262826,0.0011321879,0.94700253,0.04579274,0.0017772426
eepksyw,joy,joy,0.00040661852,0.00018410137,0.0005364816,0.99774915,0.00033377678,0.00078987255
eeplk7f,joy,joy,0.00023905424,0.0001811535,0.00043843855,0.9981719,0.0002795787,0.0006898883
eeplpz3,surprise,surprise,0.05822715,0.0015871895,0.00085159496,0.00359935,0.0007701803,0.9349646
eepmbkz,sadness,sadness,0.24591368,0.01121661,0.0047530322,0.023560958,0.57622755,0.13832812
eepoak4,anger,joy,0.041961927,0.0017644144,0.0013330684,0.6814062,0.25445822,0.019076154
eepozjn,joy,joy,0.00044279284,0.00022012417,0.000538673,0.98718643,0.00049670547,0.011115267
eepp6hl,joy,joy,0.00041261368,0.00018678252,0.0002639037,0.998321,0.00019461692,0.00062106503
eeppbtl,sadness,joy,0.009489295,0.0009603693,0.00051271153,0.9840336,0.002881336,0.0021226814
eepptov,joy,joy,0.00048455433,0.0001872979,0.00029098542,0.99826896,0.00029304012,0.0004752339
eepqeks,sadness,sadness,0.0017948919,0.0012660937,0.0008608603,0.0059874025,0.98678595,0.0033048398
eepqeni,disgust,joy,0.0004986263,0.00022485011,0.0002453933,0.9979996,0.00024511706,0.000786377
eepqzte,joy,joy,0.00063303806,0.00015806446,0.00020836772,0.9981608,0.00019476187,0.00064504874
eeprh4z,sadness,sadness,0.0028608916,0.0009976231,0.0017058135,0.0039112465,0.9887304,0.0017941716
eeprso4,joy,joy,0.00046351817,0.00020011555,0.00023415122,0.99794155,0.00029343917,0.00086718576
eepsf4w,joy,joy,0.00031705515,0.00015724554,0.00028558253,0.9975956,0.000648692,0.0009958133
eepsicu,joy,joy,0.0007755342,0.00015794724,0.00040940335,0.9972264,0.0005215493,0.00090911915
eept4ci,joy,joy,0.0004936901,0.00020052223,0.00027045098,0.99826777,0.00026028146,0.0005072673
eepty8y,sadness,anger,0.9771639,0.0040628044,0.0009218376,0.004981293,0.0028927939,0.009977341
eepuojs,joy,joy,0.00081893674,0.00030010345,0.00030580192,0.9979138,0.00020503213,0.00045641698
eepuumw,joy,joy,0.0006070309,0.00030788817,0.00059701904,0.9941782,0.00023253055,0.004077364
eepv56d,surprise,surprise,0.016633233,0.002169902,0.0037456981,0.03693996,0.02998574,0.91052556
eepvn9o,joy,joy,0.0004146152,0.0001829062,0.00031152912,0.99826366,0.000384701,0.00044257543
eepvz3c,anger,surprise,0.083050765,0.0011163268,0.001236073,0.362001,0.0133337695,0.5392621
eepw0xx,sadness,sadness,0.0013057182,0.0013421918,0.0015582541,0.0036518218,0.9867465,0.005395582
eepx74n,joy,joy,0.00062156626,0.00016057915,0.00021989297,0.9976446,0.00023347423,0.0011199092
eepxomb,surprise,joy,0.018756354,0.086545944,0.039577596,0.72873074,0.018804708,0.10758469
eepy4z1,joy,joy,0.00042496965,0.0001577609,0.0002864633,0.99814475,0.0003459608,0.00064009195
eepybzo,joy,joy,0.0003470428,0.00020181012,0.00047888412,0.9979157,0.00024915472,0.0008074792
eepykdr,joy,surprise,0.008039214,0.00080459507,0.0009184322,0.184618,0.0019445193,0.80367523
eepyqui,joy,joy,0.0003076876,0.00018521184,0.0002737726,0.99827254,0.00021952184,0.0007411993
eepz72p,anger,anger,0.9665309,0.025091406,0.0028540995,0.0017544284,0.0026114408,0.001157633
eeq0bok,joy,joy,0.0004977427,0.00025880832,0.00025965332,0.99816054,0.00017664854,0.00064653135
eeq16cj,joy,joy,0.00040005147,0.00027429187,0.00032536953,0.99827826,0.00019722017,0.0005248647
eeq19m8,joy,joy,0.0005420303,0.0002108041,0.00031969527,0.9982651,0.00018614969,0.00047628782
eeq1p6h,joy,joy,0.00085296034,0.00016062785,0.00033184484,0.996514,0.00028059984,0.0018598813
eeq223t,surprise,anger,0.9755991,0.0033585604,0.0006447317,0.0054011224,0.0032247666,0.011771692
eeq28ec,joy,joy,0.0005395904,0.00034645165,0.000317371,0.997494,0.00019478216,0.0011078276
eeq2rcw,anger,anger,0.97850627,0.0027779443,0.0025757398,0.006326481,0.005004135,0.0048095123
eeq3env,anger,anger,0.5464387,0.0030794037,0.0021098661,0.19108662,0.21463226,0.042653218
eeq5ijw,joy,joy,0.000576231,0.00017376599,0.00036229828,0.9933309,0.00028923998,0.0052676448
eeq66ye,anger,joy,0.01748305,0.0006964634,0.00047065245,0.971376,0.0006883871,0.009285457
eeq68jf,disgust,anger,0.66501254,0.26547205,0.004120601,0.006357957,0.02654706,0.032489795
eeq6wgw,joy,joy,0.0004890624,0.0002197289,0.0002824554,0.9983016,0.00024206302,0.00046507517
eeq77da,anger,anger,0.98697156,0.004026617,0.00065921486,0.0051119826,0.0022720997,0.0009585868
eeq7e8x,anger,joy,0.0008276508,0.00013562867,0.00020371343,0.99747616,0.00036043616,0.000996347
eeq7k9b,joy,joy,0.0004993514,0.00017231076,0.00052307604,0.99789655,0.00044570654,0.0004628985
eeq7l3q,joy,sadness,0.12221404,0.0055910544,0.0012871026,0.014113567,0.84621465,0.010579555
eeq7v23,joy,joy,0.00068457617,0.0002217201,0.00045647332,0.9948094,0.0032548937,0.0005729115
eeq8gpn,surprise,anger,0.98260385,0.0028073422,0.00067546155,0.008069365,0.002769741,0.0030742264
eeq8ko1,joy,joy,0.0004386952,0.00018219627,0.00039136986,0.9972867,0.00025834856,0.0014427209
eeq93ve,surprise,surprise,0.016523391,0.0018939917,0.000518053,0.0050546345,0.0054506552,0.9705592
eeqadix,surprise,surprise,0.0023037244,0.0009407428,0.0008376497,0.00078410335,0.00090755086,0.9942263
eeqbuco,anger,joy,0.13586728,0.0015831402,0.0012888255,0.7117663,0.008665215,0.14082924
eeqbw8p,sadness,sadness,0.004423088,0.002629368,0.005661946,0.0014051328,0.9409958,0.04488468
eeqd4e1,surprise,surprise,0.0017997394,0.00070466346,0.0008742981,0.0039045864,0.00060120784,0.99211556
eeqe6t1,joy,joy,0.00045936284,0.00022042634,0.0004201652,0.9967662,0.00019520182,0.0019386024
eeqeinm,joy,joy,0.0023119617,0.0003062983,0.00070587354,0.984625,0.0011942042,0.010856696
eeqfc01,joy,joy,0.0007682419,0.00041057562,0.00095005584,0.9895392,0.0007403864,0.007591511
eeqfoxc,joy,joy,0.00047963174,0.00017939364,0.00025169016,0.9978916,0.0002148347,0.00098281
eeqgtew,anger,joy,0.04188324,0.0012935691,0.0038531723,0.8890575,0.034541376,0.029371034
eeqgxa2,surprise,surprise,0.0019467681,0.0009906206,0.00061534543,0.002875196,0.00081740884,0.99275464
eeqigk9,anger,anger,0.9760158,0.005382861,0.0006969123,0.0010893305,0.0016322577,0.015182827
eeqinhr,anger,anger,0.98983663,0.0029774155,0.00085211813,0.00389335,0.0011411549,0.0012993716
eeqjn01,surprise,joy,0.0033616875,0.0005552866,0.00071866275,0.96048236,0.0009787094,0.03390329
eeqkkl9,joy,joy,0.0054822406,0.00089963933,0.00038558771,0.98713523,0.003593905,0.0025034621
eeqlnwy,sadness,anger,0.9787541,0.005932776,0.0007653977,0.0031285635,0.010422798,0.0009963079
eeqm6f7,joy,joy,0.0005289643,0.00022135863,0.0003018239,0.9983146,0.00020526438,0.00042789974
eeqm77h,anger,anger,0.94636375,0.0029904016,0.001116757,0.04123652,0.0050918804,0.0032006996
eeqmfii,joy,joy,0.0004801468,0.00055972877,0.0020851695,0.98920095,0.0019074156,0.005766547
eeqn68w,anger,joy,0.0011151013,0.0001703047,0.00032856376,0.99476284,0.0015747661,0.0020484743
eeqn6py,joy,joy,0.00032437567,0.00017500775,0.00029832375,0.99853647,0.00028807845,0.00037775093
eeqng0m,joy,joy,0.00044719892,0.00016978693,0.00023415718,0.9978005,0.00018011832,0.001168145
eeqnh91,anger,anger,0.9665785,0.0021472413,0.0009540714,0.015161653,0.010339393,0.0048191333
eeqokox,sadness,sadness,0.0006317986,0.001175329,0.002225099,0.0013970763,0.9929436,0.0016270907
eeqonjr,joy,joy,0.00085226237,0.00026371257,0.0007862667,0.9970188,0.0002827944,0.0007962139
eeqqhxu,joy,joy,0.0007476783,0.00030357364,0.00038176967,0.9914675,0.00037501092,0.006724521
eeqqlk7,anger,disgust,0.332836,0.5985376,0.008289202,0.01870691,0.03188786,0.009742317
eeqqrvv,joy,joy,0.000550278,0.00051567564,0.0016591321,0.9792125,0.00047822026,0.017584214
eeqr8n9,joy,joy,0.00060703733,0.0002096561,0.00033602785,0.99817276,0.00036753042,0.00030702486
eeqrd8s,joy,joy,0.0003864014,0.00023612025,0.00033101134,0.9983517,0.0003172661,0.00037748693
eeqrehq,joy,anger,0.9053485,0.0020553898,0.0007518128,0.05037752,0.003694554,0.03777219
eeqrsyn,anger,sadness,0.46759328,0.0124643175,0.0016671433,0.01406436,0.4827519,0.021459062
eeqsb8k,sadness,sadness,0.009041439,0.0019125708,0.00069174124,0.0033874994,0.98257256,0.0023941838
eeqstqg,joy,joy,0.0017309237,0.00040373148,0.00055701775,0.99229336,0.0021615725,0.0028534038
eeqtjux,surprise,surprise,0.023494994,0.0009928488,0.0007898711,0.0014274224,0.00286432,0.9704306
eeqtllf,joy,joy,0.0003045039,0.00016943943,0.0003183714,0.9983467,0.00022305513,0.00063799194
eeqtpnd,anger,anger,0.63353837,0.0051725125,0.0050157644,0.2490264,0.030199962,0.07704699
eeqtx3w,joy,joy,0.0006461603,0.00018749709,0.0004934588,0.9947371,0.00065873086,0.0032771504
eeqvjpi,disgust,disgust,0.053160064,0.89287627,0.024362773,0.010803875,0.008270763,0.010526299
eeqvnsd,joy,joy,0.09623546,0.0019836356,0.0007548106,0.88542736,0.011653638,0.0039450433
eeqwvjl,joy,joy,0.07555182,0.0014033408,0.00042770384,0.9134941,0.0027095026,0.0064135394
eeqxak2,joy,joy,0.00043463847,0.00016533303,0.0002748487,0.9981596,0.00042813065,0.0005373871
eeqxd2a,joy,joy,0.00048406376,0.00023224745,0.00023089502,0.9980603,0.00023969475,0.0007527714
eeqy41p,anger,anger,0.9881798,0.0025558022,0.00067774864,0.0038231115,0.0016875431,0.0030760695
eeqyfk0,joy,joy,0.00031844724,0.00022799739,0.00033419038,0.99837697,0.00033703673,0.00040540966
eeqyo0f,joy,joy,0.00036538678,0.00034267217,0.00059518,0.99702185,0.00025366124,0.0014212567
eeqz14h,joy,joy,0.001634788,0.0019239103,0.0026784353,0.7707797,0.0008103055,0.22217274
eeqzpcx,joy,joy,0.013529688,0.0005726591,0.0007277614,0.93127346,0.0015287629,0.0523677
eeqzxzj,surprise,surprise,0.014203933,0.0010715083,0.001962169,0.08061344,0.004929112,0.89721984
eer058b,joy,joy,0.038207635,0.0014591049,0.00062199176,0.8589194,0.0059586177,0.09483326
eer0ftl,anger,anger,0.6843774,0.0076886946,0.0019011234,0.30011776,0.0023396397,0.0035753346
eer0jib,joy,joy,0.00038850616,0.00029892512,0.00037809825,0.9978963,0.00022269865,0.0008154548
eer0lzc,joy,joy,0.00040295234,0.00015984252,0.0003156945,0.99843055,0.00028207357,0.0004088471
eer13lz,joy,joy,0.0012456649,0.00017956812,0.00018793826,0.99725926,0.00031209187,0.0008154279
eer1jkc,anger,anger,0.5925959,0.18149129,0.008533815,0.01684501,0.1594762,0.04105786
eer1wu2,surprise,surprise,0.0034063663,0.0028423595,0.0018406714,0.45104995,0.0014143104,0.5394463
eer260v,joy,joy,0.0003767255,0.00018349852,0.00028018098,0.9976005,0.00094444916,0.00061469135
eer2k26,joy,joy,0.003983514,0.0004227342,0.001710467,0.9862152,0.0007284141,0.0069396803
eer2rzp,anger,anger,0.9668783,0.0043579475,0.00083872915,0.02066993,0.0035388966,0.0037161845
eer2zmm,anger,anger,0.96308243,0.014109283,0.0033174208,0.004219708,0.013777356,0.001493825
eer38ic,joy,joy,0.0005232577,0.00026484166,0.0002711545,0.99800426,0.00031064457,0.0006259387
eer3q1h,joy,surprise,0.21060382,0.0045136428,0.0038099175,0.029559152,0.0031928583,0.7483205
eer3v3u,joy,joy,0.00035288016,0.00019833494,0.00023122315,0.998348,0.00022044664,0.00064917037
eer4bwz,joy,joy,0.00042968147,0.0004168671,0.0005693799,0.9951603,0.0002285057,0.0031952742
eer4rtc,joy,joy,0.0004974764,0.000219538,0.00024390586,0.99833554,0.00023341164,0.00047009467
eer50di,fear,surprise,0.015414075,0.0016414896,0.007017522,0.08425537,0.027631002,0.8640405
eer59d1,anger,anger,0.9884065,0.004746643,0.00040179124,0.0015206904,0.0011030557,0.003821242
eer5b28,joy,joy,0.035788693,0.0010948124,0.0013917943,0.946625,0.010421767,0.0046779085
eer5h6p,joy,joy,0.0003466025,0.00022927407,0.00027789566,0.997552,0.0002643533,0.0013298598
eer5jmk,surprise,anger,0.95205724,0.0031149322,0.00044803953,0.0025410985,0.003914405,0.037924215
eer85ad,surprise,surprise,0.017278325,0.0011187443,0.0005912242,0.0010777554,0.001530777,0.9784032
eer8clx,joy,joy,0.00036633955,0.00022042172,0.0003195607,0.99827504,0.00020928364,0.0006094106
eer8peo,sadness,anger,0.417404,0.0034967843,0.0036989008,0.06607516,0.4118811,0.09744401
eer9elt,joy,joy,0.0011757917,0.0005524686,0.0007238364,0.9944971,0.0013302062,0.0017205891
eer9qea,joy,joy,0.002007415,0.00047356632,0.0003467933,0.9904075,0.0005358671,0.006228825
eer9s5f,disgust,anger,0.9532872,0.032763436,0.001267978,0.0072194245,0.0041417377,0.0013202104
eer9sex,joy,joy,0.0014795109,0.00019047083,0.0003195791,0.9964881,0.0007172077,0.000805088
eeraamn,sadness,sadness,0.0029502409,0.0047844187,0.0027246887,0.0010837443,0.9868749,0.0015820028
eerag06,surprise,sadness,0.2036026,0.06636361,0.007881315,0.0097075375,0.68285334,0.029591598
eeranj8,joy,joy,0.007315858,0.00032994075,0.0010386681,0.98750013,0.0010874378,0.0027279614
eeraozn,surprise,anger,0.8864468,0.0039251857,0.013846743,0.043974817,0.016494714,0.035311867
eerauwd,anger,anger,0.9827199,0.006340754,0.003015619,0.004386415,0.0016108282,0.0019265004
eerb1cy,joy,joy,0.023279708,0.0010023712,0.00090543,0.96479136,0.0015161877,0.008504981
eerb4nn,joy,joy,0.00057731074,0.00015807245,0.0003025075,0.9980398,0.00041809425,0.0005042246
eerbne0,joy,joy,0.0010418287,0.00023007228,0.00025158247,0.9976102,0.00024501557,0.00062129024
eercojg,joy,joy,0.0007878885,0.00022163102,0.00023669057,0.99811244,0.0002509582,0.0003903691
eerd8gq,sadness,sadness,0.02341316,0.0020191895,0.0010115926,0.03472759,0.93611974,0.0027088034
eerdafa,joy,joy,0.00044219938,0.00023189209,0.00030847156,0.99819106,0.00017760262,0.00064876914
eerekx1,fear,joy,0.02504895,0.00031095018,0.0006217358,0.95653486,0.0019141061,0.015569405
eerf666,joy,joy,0.000670585,0.0001796391,0.00032956005,0.9978496,0.00021572424,0.00075492135
eerfv88,joy,joy,0.00075655145,0.00027941956,0.00029258075,0.99797875,0.00031522076,0.00037756137
eerhagv,joy,joy,0.00046289054,0.00032269993,0.00032496147,0.9981679,0.00020375404,0.0005178194
eerj952,anger,anger,0.9873165,0.002697976,0.0005213831,0.0042994665,0.0030104013,0.0021543389
eerk9lf,anger,anger,0.6454318,0.040072847,0.003012586,0.041001655,0.2614195,0.009061673
eerlb2a,surprise,anger,0.62346953,0.0075208116,0.002742353,0.04885734,0.048352417,0.26905748
eerlkg6,joy,joy,0.0066629853,0.0011505652,0.00069593766,0.9347445,0.0014299658,0.05531611
eerlv66,anger,anger,0.9604532,0.0022018848,0.000620479,0.0077126534,0.0019577674,0.027054004
eermhni,joy,joy,0.00042011013,0.0001487846,0.00025340196,0.9981718,0.0003148929,0.00069097365
eern7al,surprise,surprise,0.13828368,0.0053753853,0.0008413802,0.0033810206,0.0026186043,0.8494998
eernlwq,anger,anger,0.5576449,0.003233868,0.0017159292,0.03442382,0.011064203,0.3919172
eero5s3,joy,anger,0.95939827,0.002612242,0.0004901285,0.014203395,0.0015805097,0.021715578
eerobn1,anger,anger,0.9802801,0.002082399,0.0008762859,0.0071939225,0.003789662,0.0057776794
eerp62g,anger,anger,0.9780426,0.012161819,0.0008589309,0.0031801183,0.0044552996,0.0013011715
eerpnal,joy,joy,0.027921328,0.0010481497,0.00035047703,0.9675547,0.00084333605,0.0022819834
eerpr4t,joy,joy,0.00034631888,0.00025698388,0.00040299032,0.99772185,0.00018125774,0.0010905646
eers3al,joy,joy,0.004715585,0.00056425785,0.00042669947,0.98995554,0.0006064519,0.0037315001
eersey4,joy,joy,0.0009245444,0.00032589218,0.000579224,0.9939501,0.0018687358,0.0023515096
eersflu,surprise,surprise,0.003961797,0.0010607197,0.0011536465,0.0029883576,0.0020463085,0.9887892
eersnxa,anger,anger,0.80088675,0.048360027,0.006531749,0.0077962903,0.13226026,0.0041648434
eersrrt,anger,anger,0.9800402,0.0031090563,0.00058968744,0.011187918,0.0016846176,0.0033886048
eert5ys,anger,joy,0.0005396585,0.00019773206,0.0003138813,0.998009,0.00021597282,0.00072372303
eertfgi,sadness,sadness,0.07957464,0.09323733,0.0063194674,0.017278852,0.80067503,0.0029146676
eeru3i3,joy,joy,0.00062978425,0.00013964727,0.0002016282,0.9980236,0.0005945489,0.00041075703
eervc0l,joy,joy,0.0002778359,0.0001780556,0.0003891598,0.9980959,0.00060729287,0.00045173924
eerx2g9,joy,joy,0.00039638436,0.00013334816,0.0002223749,0.9984175,0.00029332054,0.00053706835
eerx6td,joy,joy,0.0013267633,0.0003579232,0.0003416715,0.996777,0.000793164,0.0004035424
eerx8x6,joy,joy,0.0005820514,0.00015362048,0.00030040334,0.9980083,0.00026753792,0.000688151
eerys6q,surprise,surprise,0.24362558,0.002592047,0.00092149357,0.0031201642,0.0058900802,0.74385065
eerzfe2,joy,joy,0.0003246842,0.00019211989,0.00027006594,0.9984326,0.00040973027,0.00037079942
eerzr08,anger,joy,0.024654733,0.000971825,0.00026162766,0.9720318,0.0008436617,0.0012363637
eerzr55,joy,surprise,0.26892075,0.0033848516,0.0031098018,0.25804755,0.006825018,0.45971203
eerzs9g,anger,anger,0.73922884,0.1206793,0.026208205,0.00724711,0.033163574,0.073472895
ees0v2c,surprise,surprise,0.0086342525,0.0011891606,0.0026153,0.025089886,0.008850746,0.9536207
ees1loa,anger,anger,0.9871748,0.0036778292,0.00061339576,0.0037521385,0.002715172,0.0020667033
ees3l2l,joy,joy,0.0007609005,0.00061724056,0.00068145856,0.9861041,0.00047136567,0.011364887
ees3q3j,sadness,sadness,0.0015018787,0.0010644878,0.0021788706,0.002603901,0.9898892,0.0027618078
ees65vo,anger,disgust,0.2999185,0.6378758,0.009235862,0.010770526,0.027870543,0.014328744
ees6s9p,surprise,surprise,0.0042151283,0.001110459,0.0011141367,0.0022876097,0.0014118487,0.9898608
ees7hn3,joy,joy,0.00045592163,0.00020584578,0.0003130818,0.9983943,0.00022477606,0.00040605283
ees7vn9,joy,anger,0.8293854,0.002558772,0.0009241491,0.117149636,0.024370791,0.025611266
ees7vpo,sadness,joy,0.0012640347,0.000424354,0.0021144485,0.98966587,0.002368916,0.004162385
ees8gjp,joy,anger,0.48095784,0.004342768,0.0012899466,0.18845703,0.2796476,0.045304757
ees906a,joy,joy,0.00049761584,0.00028637302,0.00031848234,0.99805945,0.00019909332,0.0006389136
ees9dg2,joy,joy,0.0008057086,0.00016224454,0.00022693803,0.99812335,0.0003082945,0.0003734211
ees9uev,sadness,joy,0.0016266762,0.00020703481,0.00024361978,0.99136716,0.0006791875,0.0058762333
eesabaf,anger,sadness,0.22677085,0.011091878,0.071535684,0.041763555,0.6413799,0.0074581527
eesabon,joy,joy,0.0019125048,0.00021705606,0.00021432995,0.99678874,0.00046332923,0.00040402077
eesbmy9,joy,joy,0.00039875894,0.00028734092,0.0004818916,0.9975495,0.00023460943,0.0010479782
eesbov7,joy,joy,0.0008418925,0.00013339061,0.00024295492,0.99771476,0.00029405058,0.0007729508
eesbzxy,joy,joy,0.0074939597,0.0003181064,0.00035700673,0.99047905,0.000626861,0.0007249918
eescm61,joy,joy,0.00053865917,0.00021191679,0.00025472394,0.9982576,0.00023005652,0.0005070665
eescux3,sadness,anger,0.8734047,0.09420323,0.0020919293,0.0060061947,0.019520802,0.004773234
eesdilk,joy,joy,0.0026620566,0.0006265114,0.0013045154,0.9429768,0.0012674776,0.051162742
eese41b,joy,joy,0.00043886583,0.00017786257,0.0005584893,0.995284,0.0002915009,0.0032492245
eeseq5b,joy,anger,0.59776354,0.0058914567,0.0070287003,0.032317106,0.044779245,0.31221995
eesfeon,joy,joy,0.0006309209,0.0002574301,0.00023322369,0.9976743,0.00020127604,0.0010029098
eesg54n,joy,joy,0.00030533443,0.00015286267,0.00027596377,0.9981659,0.00028972127,0.00081022555
eesgbva,sadness,sadness,0.0016390097,0.00193065,0.0010156492,0.0049698446,0.9877149,0.0027299302
eesh7my,joy,joy,0.00037585327,0.00021566472,0.0003493164,0.9983594,0.00024708922,0.00045275464
eesirne,anger,anger,0.95862335,0.010840386,0.001651614,0.0030718234,0.021557016,0.0042557395
eesit6h,surprise,anger,0.9284307,0.016214484,0.0015484708,0.039063536,0.009430351,0.005312432
eesiyru,joy,joy,0.0003726287,0.00018872652,0.00025751418,0.99844766,0.0002325575,0.0005008592
eesjpzb,surprise,surprise,0.004238488,0.0012619401,0.0007387837,0.0014740311,0.0019471209,0.9903396
eesjxth,joy,joy,0.00044709435,0.00027855183,0.00036864693,0.99783367,0.00080147485,0.0002705802
eesk812,joy,joy,0.0015209789,0.00020645984,0.00034309132,0.99019533,0.0004442858,0.0072898176
eeskmoi,joy,joy,0.00034401275,0.0002535118,0.00032092803,0.9983113,0.00023209392,0.0005381847
eeslqg8,anger,anger,0.9815124,0.0026904212,0.00067311805,0.0021086386,0.0052553937,0.007759915
eeslxr7,surprise,surprise,0.005071998,0.00061802904,0.0005390532,0.0015850599,0.00069013814,0.9914957
eeslyec,anger,anger,0.9466056,0.019154027,0.006653625,0.0048245033,0.017672878,0.00508938
eesnjkv,joy,joy,0.0006759816,0.00017202148,0.0002368198,0.9982576,0.00026760448,0.00039005425
eesno19,surprise,surprise,0.0018350439,0.0010411561,0.00081008294,0.001911526,0.00087562535,0.99352646
eesnvpa,sadness,sadness,0.0017526214,0.0013625686,0.00090785464,0.001785703,0.9932288,0.00096238754
eeso0jq,joy,joy,0.00034707197,0.00034854902,0.00042735058,0.99507517,0.00024201538,0.0035598495
eeso4xo,joy,joy,0.00044220666,0.00019499521,0.00026668014,0.99840695,0.00027308473,0.00041603
eesptz5,anger,joy,0.0011432518,0.00022543994,0.0002893989,0.997191,0.00022340713,0.0009274755
eespvyc,fear,fear,0.0014941626,0.008523259,0.9679469,0.01376493,0.004860669,0.003410173
eesrpz8,joy,joy,0.00036596516,0.00021422985,0.00033733415,0.99841964,0.0003330564,0.00032980903
eessfbc,surprise,sadness,0.0015791727,0.0031109815,0.0045100255,0.00558726,0.9826796,0.0025328635
eessgkg,joy,joy,0.00036531803,0.0002656753,0.00039760605,0.99808276,0.00037456772,0.00051409315
eesstwu,anger,anger,0.972294,0.0044450248,0.0035918485,0.010802339,0.0060326355,0.00283426
eesu8o8,sadness,joy,0.0017331982,0.00063733954,0.00055666215,0.99199766,0.0045791576,0.00049604016
eesunjg,anger,anger,0.9886029,0.005458399,0.0006162182,0.0010302878,0.0012120802,0.003080104
eesw882,joy,joy,0.00033755397,0.0002750218,0.00046738103,0.9979,0.00020198834,0.0008180403
eeswa6m,joy,joy,0.00039006662,0.00017050256,0.00033378834,0.998353,0.000268424,0.0004841362
eeswlop,joy,joy,0.0016352122,0.00078176917,0.00085720303,0.9662951,0.0004281985,0.03000251
eesxjm2,joy,joy,0.00037089174,0.00010594357,0.00026962714,0.9976197,0.000692515,0.00094129506
eesxmcy,anger,anger,0.9684363,0.0027368178,0.0006281272,0.01606851,0.0024045967,0.009725604
eesxpbt,surprise,surprise,0.008520895,0.0026011956,0.0010876901,0.0072461767,0.0015098404,0.97903425
eesylgj,joy,joy,0.00026304135,0.00019702237,0.00038458922,0.99836665,0.00031432396,0.00047437628
eesymt9,anger,anger,0.98629713,0.003685848,0.00080521987,0.0038600105,0.0036969902,0.0016548476
eesz52n,sadness,surprise,0.0063261497,0.00466314,0.003628756,0.0115616415,0.33966902,0.63415134
eeszaav,sadness,sadness,0.02515168,0.004705802,0.0036613748,0.0030136814,0.96204025,0.0014271094
eet0225,fear,fear,0.0017648012,0.006253149,0.96798867,0.0062245894,0.014283614,0.0034852223
eet10ms,joy,joy,0.0003491328,0.00021454328,0.00035395357,0.997976,0.00029364467,0.000812771
eet131x,joy,joy,0.0017125949,0.0033433044,0.088845626,0.8993103,0.0014832168,0.005305002
eet28az,anger,surprise,0.013340939,0.0015613559,0.00081559806,0.020758277,0.0010170949,0.9625067
eet3k71,joy,joy,0.0007437841,0.00040306355,0.0014921619,0.9880184,0.0005695639,0.008773026
eet3lyj,joy,joy,0.00054482615,0.00014038889,0.00025265274,0.998114,0.00026651876,0.0006816981
eet4fi7,sadness,sadness,0.002144247,0.0011884694,0.0008067588,0.0030450753,0.99079984,0.0020157204
eet4ql6,surprise,surprise,0.007964315,0.00079103094,0.00080973184,0.0016557911,0.0012055227,0.98757356
eet51na,surprise,surprise,0.002486415,0.0010042384,0.00092079595,0.0013860194,0.0006064594,0.9935961
eet5rv5,joy,anger,0.92470497,0.004780563,0.00101962,0.008546369,0.053788878,0.007159627
eet69y1,anger,anger,0.97657233,0.01393377,0.0011854422,0.001729021,0.005076835,0.0015025549
eet6iz4,surprise,surprise,0.004393042,0.0017429203,0.0010227981,0.0037417428,0.0010734462,0.9880261
eet6xiw,joy,joy,0.000407045,0.00023935492,0.00025101218,0.99840146,0.00022814632,0.00047292907
eet7bx1,sadness,sadness,0.0042133993,0.0013946822,0.0072417324,0.0020527986,0.979656,0.005441347
eet85d7,surprise,surprise,0.005182451,0.0019883518,0.0038989878,0.0038990735,0.0013240997,0.98370695
eet8ikg,sadness,sadness,0.0011570689,0.0019390566,0.0037132232,0.0007523646,0.9881336,0.004304593
eet8yzy,joy,joy,0.00033047126,0.00017498236,0.00039410585,0.99823064,0.00037856103,0.00049123244
eet9pkc,surprise,anger,0.9089452,0.0068570124,0.00145981,0.003709706,0.07216399,0.006864157
eet9ry7,surprise,sadness,0.0085957805,0.0020771688,0.0018060365,0.004379041,0.93961084,0.04353114
eetafmj,joy,joy,0.0016068338,0.00026616183,0.00020935618,0.9966288,0.00081124733,0.00047753035
eete9w8,joy,joy,0.0005557964,0.0003385984,0.00031996277,0.99776816,0.00024933845,0.00076815713
eetecqs,anger,anger,0.9355644,0.014949626,0.0009914008,0.03697785,0.009405064,0.002111682
eeteyb5,joy,joy,0.0008523093,0.000504377,0.0004338856,0.992739,0.0003428647,0.00512762
eetffuy,joy,joy,0.00045850882,0.00026734915,0.00033395292,0.99823856,0.00026435065,0.00043721558
eetfjjt,surprise,surprise,0.019566722,0.0007404357,0.000764167,0.0048838006,0.0017633485,0.9722816
eetfpbl,surprise,surprise,0.0013941708,0.00095535035,0.0009860526,0.0015116343,0.0005274097,0.9946254
eetgbyi,anger,anger,0.9835012,0.011186925,0.0012048619,0.0015059086,0.0017049809,0.0008961197
eethmw6,joy,joy,0.0034042024,0.00072768464,0.0007156764,0.9871725,0.007079671,0.00090028014
eetibyd,joy,joy,0.00046803747,0.0001922486,0.00025985274,0.9984195,0.00029572038,0.00036460563
eetij81,sadness,joy,0.036093377,0.0007305045,0.0011211067,0.9252765,0.015850537,0.020927977
eetioh6,joy,joy,0.0014212239,0.00029942213,0.0005948442,0.9933776,0.0012585324,0.0030484078
eetiq43,anger,joy,0.005991592,0.0002667122,0.00035438882,0.9893777,0.00047495062,0.0035347156
eetiwwn,joy,joy,0.0008326952,0.00022791469,0.0003970544,0.9969266,0.00020609198,0.0014095965
eetj3i7,sadness,sadness,0.0014742285,0.0010919467,0.0014693587,0.0008767773,0.9938719,0.0012157423
eetjm9k,fear,anger,0.56840813,0.010500946,0.13821052,0.022183117,0.23337363,0.027323645
eetjwa4,joy,joy,0.00038141676,0.0003003512,0.0003925776,0.99789315,0.00028914728,0.0007433509
eetjwdz,anger,anger,0.97933257,0.004212261,0.0005628332,0.006051945,0.0024264338,0.0074139475
eetjydb,joy,joy,0.00030872598,0.00028206283,0.00039044535,0.99721634,0.00021911922,0.0015832064
eetl6sv,joy,joy,0.0005705999,0.00020898666,0.00035118675,0.99818367,0.00022486628,0.00046064804
eetl93o,joy,joy,0.0049774353,0.00060550513,0.00032602402,0.96128553,0.0026987093,0.030106736
eetll9u,surprise,surprise,0.098976836,0.0018527677,0.00087335234,0.0031523474,0.0019757745,0.8931689
eetoscc,surprise,surprise,0.018961852,0.0013369201,0.0028942057,0.0025645178,0.01734295,0.9568995
eetow0b,joy,joy,0.00048873486,0.00022976194,0.00034789814,0.9981828,0.00019974117,0.00055107905
eetp0e7,joy,joy,0.0007455871,0.00020107337,0.00023012079,0.9979138,0.00021806128,0.00069131504
eetpgzj,sadness,sadness,0.0022158881,0.0011883706,0.000795997,0.0036882265,0.9905096,0.0016019299
eetphqv,anger,anger,0.9687412,0.0035425294,0.001419032,0.01646231,0.0025546611,0.0072802277
eetptjj,joy,joy,0.00055432145,0.00017735366,0.00027122392,0.9979048,0.00014007196,0.0009522627
eetpv7z,anger,surprise,0.008316082,0.0007022297,0.0006447323,0.004176802,0.0012405919,0.98491955
eetqbu7,surprise,surprise,0.0061538764,0.004869148,0.0018922222,0.27998745,0.0026255737,0.70447177
eetriyn,surprise,surprise,0.0027016082,0.00060882646,0.0007745747,0.00988195,0.00057368836,0.9854593
eetrmuk,sadness,sadness,0.0024896485,0.0011635367,0.0010954684,0.0072871037,0.9794328,0.008531455
eetrrhp,joy,joy,0.00033175963,0.0002035664,0.00033332984,0.99834204,0.00020830343,0.0005809438
eets0d7,joy,joy,0.0005297537,0.00032588595,0.00032689353,0.99802786,0.0002538598,0.00053572276
eetsnku,joy,joy,0.0012131537,0.000502693,0.00039060484,0.9966691,0.0002529925,0.00097142486
eett96e,joy,joy,0.0005875787,0.00033027877,0.00037069878,0.9980659,0.0002397674,0.00040579366
eettqm3,joy,joy,0.0038278848,0.0018994445,0.0011438021,0.6849246,0.0011043522,0.3070999
eetu2qg,joy,joy,0.00031995343,0.00027921822,0.0007654253,0.99646384,0.00032166735,0.0018498773
eetwt55,joy,joy,0.0017971486,0.00021442173,0.00067327096,0.99533147,0.0012696945,0.0007139731
eetxboc,joy,joy,0.00033993152,0.00022126528,0.00037404007,0.9975587,0.00026990447,0.0012361335
eetxlxy,joy,joy,0.0010107702,0.0001535682,0.0002632247,0.9975821,0.0005150839,0.000475345
eety9p1,joy,joy,0.00033643335,0.00020836724,0.00038604415,0.997912,0.00018678435,0.00097038585
eetyh82,joy,joy,0.00072534895,0.000226828,0.0004604732,0.9967416,0.0004400456,0.0014057555
eetz83k,sadness,sadness,0.0011837432,0.0013059102,0.002313683,0.0014075832,0.99299765,0.00079150434
eetzyip,anger,anger,0.864306,0.010263671,0.0056435037,0.112739414,0.0028425574,0.004204783
eeu0vsl,joy,joy,0.046391573,0.0044173757,0.006546832,0.79640496,0.0077367863,0.13850246
eeu2te8,joy,joy,0.00037266078,0.00028773467,0.0005025919,0.9971746,0.00021122994,0.0014511835
eeu4dq8,anger,anger,0.97701764,0.0014345972,0.0005464773,0.01079289,0.0033984743,0.0068099382
eeu4lrv,joy,joy,0.006154222,0.00048551228,0.0013317603,0.94998837,0.019342674,0.02269752
eeu534e,joy,joy,0.000543163,0.00013050732,0.00022571096,0.99628484,0.00037472884,0.0024410225
eeu59wa,anger,anger,0.9880828,0.004639833,0.0013342642,0.0014642319,0.001959525,0.002519188
eeu5s7r,surprise,surprise,0.011219091,0.0008654416,0.0007329789,0.0024855393,0.0015058982,0.98319095
eeu6rax,joy,joy,0.0038707342,0.00028032914,0.00020463015,0.99433243,0.0007716264,0.0005403362
eeu8jww,joy,surprise,0.04667871,0.0025703835,0.0015684628,0.20134528,0.015109549,0.73272765
eeu94fh,surprise,surprise,0.0029516562,0.00076763274,0.001028682,0.0016156236,0.004742662,0.9888937
eeu9qa0,anger,anger,0.94091475,0.004097434,0.0011979558,0.044862233,0.0017761217,0.007151486
eeu9urb,joy,joy,0.00036217325,0.0001338202,0.00029373684,0.99706763,0.0005065202,0.0016360944
eeub7hl,anger,anger,0.9334658,0.007945938,0.0019477698,0.0021925801,0.048662055,0.005785856
eeub7im,joy,joy,0.0004432164,0.00021725374,0.00032747386,0.99813616,0.00027182786,0.0006040109
eeubpbz,fear,fear,0.0009939201,0.009212087,0.9645212,0.005434007,0.011730635,0.00810812
eeucc1h,joy,joy,0.00032600682,0.0001338344,0.00023685087,0.9985037,0.0003790599,0.00042061106
eeucruv,joy,anger,0.9128442,0.003253133,0.0042014117,0.039522357,0.013475705,0.026703259
eeud3dn,joy,joy,0.001176176,0.00019950012,0.00046084324,0.99699235,0.00032793882,0.00084319257
eeudax5,anger,anger,0.9866344,0.0032619429,0.0004661126,0.0064287107,0.0013775681,0.0018313859
eeudgrp,surprise,surprise,0.0025948691,0.0007975247,0.00073699385,0.0016270045,0.0005270097,0.99371666
eeudvxm,anger,anger,0.7813472,0.004651578,0.0009303373,0.10382448,0.003531339,0.105715066
eeug3xp,joy,joy,0.00054758263,0.0002455844,0.0005870876,0.9965353,0.00041019276,0.0016742811
eeughzo,joy,joy,0.00039667555,0.00028945698,0.00059204845,0.9958961,0.00024929416,0.002576494
eeugv0g,anger,anger,0.989597,0.0037100755,0.00094987394,0.0020151862,0.0023870924,0.0013407556
eeuh8ox,anger,anger,0.9772683,0.005514361,0.0006043864,0.0060761264,0.0053716856,0.005165178
eeuhfag,joy,joy,0.00062392786,0.0003951279,0.00033272596,0.9976584,0.0002857506,0.0007040004
eeuhfw1,joy,joy,0.019586513,0.000736691,0.0012672025,0.92585015,0.037010834,0.015548598
eeuhhz3,joy,joy,0.0006674453,0.00022620754,0.0005007067,0.99765825,0.00034286262,0.00060446083
eeui1et,joy,joy,0.00046082027,0.0001808265,0.0005054153,0.997471,0.00025643923,0.0011255335
eeuic1c,joy,joy,0.00031343504,0.00017135592,0.000367748,0.99823004,0.0005389416,0.0003784946
eeuirox,surprise,surprise,0.17872287,0.0020317673,0.0014277858,0.027335552,0.0066812197,0.78380084
eeul28b,anger,joy,0.0013675288,0.00021425897,0.00023500636,0.9970118,0.00022024318,0.00095120014
eeum351,joy,joy,0.0007827928,0.00021120677,0.00023661234,0.99781775,0.00026168328,0.000689983
eeum4kw,joy,joy,0.0031924471,0.00023538024,0.000940332,0.9906482,0.0006160746,0.0043676384
eeumfk9,joy,joy,0.00049110106,0.00025785362,0.00033430272,0.9982279,0.0003223385,0.00036649956
eeumhlw,joy,joy,0.0006079604,0.00015447057,0.00035944575,0.99736184,0.00018545521,0.0013308446
eeuoxtq,joy,joy,0.00033081838,0.00020453757,0.0003688751,0.99840266,0.00025370432,0.00043946118
eeuoy8g,joy,joy,0.00041981912,0.0002091555,0.00027188484,0.99845684,0.00022512759,0.00041713958
eeuph0v,anger,anger,0.98728824,0.007551555,0.0006062489,0.0014513115,0.0010525241,0.0020501039
eeuq3iw,joy,joy,0.0015122783,0.00048297926,0.00027868277,0.9966438,0.00031808883,0.000764178
eeuqcmv,anger,anger,0.9867111,0.007094786,0.0014467257,0.0017408628,0.001504756,0.0015018244
eeuqtvk,joy,anger,0.96629924,0.001993882,0.00034221754,0.02118832,0.0039206864,0.00625562
eeuqwra,surprise,surprise,0.003090306,0.0010701277,0.0015197214,0.001194378,0.005769744,0.98735577
eeurenv,surprise,surprise,0.010210791,0.0008513441,0.0004452135,0.0030322524,0.00063958066,0.9848208
eeurof8,surprise,surprise,0.00631607,0.0016331248,0.0015012587,0.019078046,0.0068340953,0.96463734
eeus3ve,joy,joy,0.00047704385,0.00022810778,0.00032633918,0.9982547,0.00020444194,0.0005092849
eeusaj6,joy,joy,0.00094996777,0.0006622942,0.0015457855,0.9431614,0.0012153332,0.052465186
eeusbnx,joy,joy,0.00068652135,0.00027744056,0.00027689605,0.9978588,0.0002902571,0.00061009143
eeutdim,joy,joy,0.0003735829,0.00022249226,0.0004113976,0.9982016,0.00029916203,0.0004917211
eeuu43o,joy,joy,0.0011736455,0.00035081382,0.0005163459,0.99705136,0.00021496786,0.0006928866
eeuv3cd,anger,anger,0.75933135,0.0035000143,0.002408927,0.19303702,0.007329355,0.034393433
eeuwcbk,joy,joy,0.002413713,0.00052702613,0.00075650663,0.9862357,0.002806681,0.007260355
eeuwf7x,joy,joy,0.0007721312,0.00030429478,0.00029801758,0.9970817,0.0002487583,0.0012951213
eeuxtnz,joy,joy,0.00062967,0.00022023717,0.0002511906,0.9981767,0.00020500521,0.00051719963
eeuxw8b,anger,anger,0.9666076,0.016304014,0.0015947329,0.00770319,0.0069435635,0.0008468835
eeuy7do,joy,joy,0.00073867297,0.00020860099,0.0006995036,0.9842344,0.0025104738,0.011608401
eeuzdku,joy,joy,0.00035092916,0.0003756458,0.00056273455,0.99088913,0.0003223169,0.0074992436
eeuzzl3,joy,surprise,0.004701362,0.0010941831,0.0014427124,0.2240967,0.0028286106,0.76583636
eev05mv,joy,anger,0.6858667,0.008606388,0.056373782,0.18024258,0.05845292,0.010457629
eev0tey,surprise,surprise,0.0025152832,0.0017348237,0.0014533919,0.03753636,0.0025987201,0.95416135
eev0ufb,joy,joy,0.001297668,0.00043408398,0.0003260289,0.9801139,0.0009400666,0.016888183
eev1c1v,joy,joy,0.0005638405,0.00017852172,0.00030492267,0.997396,0.00033267876,0.0012240576
eev1n3p,joy,joy,0.0004968977,0.00020143924,0.00023810679,0.9980862,0.00041721348,0.0005601613
eev2dq4,fear,joy,0.11253717,0.09773386,0.16939096,0.38556674,0.17441495,0.060356338
eev35v5,joy,joy,0.002081841,0.00040685458,0.0008699241,0.94713295,0.00070913276,0.048799265
eev3snh,joy,joy,0.0026395796,0.00024301253,0.00026094296,0.9936446,0.0024326746,0.0007792436
eev42ak,anger,sadness,0.37820694,0.008661501,0.059341792,0.07248548,0.45587134,0.025432948
eev4p4k,joy,joy,0.0023123464,0.00026787628,0.00021445168,0.9963272,0.00026090568,0.0006172117
eev4vdj,joy,joy,0.00042716897,0.00020186955,0.00032985723,0.9983076,0.00024176294,0.0004916729
eev671h,surprise,anger,0.52201825,0.010865366,0.015111517,0.02496302,0.40106425,0.025977574
eev6mi6,joy,joy,0.00043238472,0.00025091373,0.0004060748,0.998106,0.0002994171,0.0005052755
eev7ico,sadness,sadness,0.0014279331,0.0012508755,0.0048193964,0.012943539,0.97612846,0.0034298124
eev7uaa,surprise,surprise,0.0025737442,0.0012226596,0.0009855294,0.07181972,0.0017612932,0.92163706
eev7upq,joy,joy,0.2711865,0.004440244,0.0019367757,0.37134033,0.14171416,0.209382
eev7z0w,joy,joy,0.0010440516,0.00036668117,0.00044783522,0.9885449,0.00047678407,0.00911979
eev89na,surprise,joy,0.0006854623,0.00018611157,0.00063559075,0.99409854,0.0006978792,0.0036963183
eev8kvj,anger,anger,0.820698,0.0022926575,0.003637573,0.14731322,0.0058542187,0.020204242
eev9yr0,anger,anger,0.50124735,0.0063888067,0.0016157085,0.030336583,0.003052997,0.4573585
eevb2lm,joy,joy,0.0004445431,0.00046035272,0.0008062754,0.99131924,0.00029775233,0.006671839
eevcg8b,anger,anger,0.9055587,0.006856888,0.0019548337,0.051785827,0.029954292,0.003889398
eevcgtl,joy,joy,0.0049292655,0.0012196653,0.001160671,0.9272974,0.053614017,0.011778958
eevch8c,joy,joy,0.00033580748,0.00022264378,0.00030414708,0.9980216,0.00020148132,0.00091435196
eevd0ih,anger,anger,0.5692358,0.002739294,0.0020381918,0.1495478,0.019823145,0.25661576
eevdm3z,joy,joy,0.00037887052,0.00017107165,0.0003305647,0.9980825,0.00031980817,0.0007170927
eevep1z,sadness,sadness,0.0024781716,0.0047698217,0.25967115,0.013299134,0.71049136,0.009290473
eeveplm,sadness,sadness,0.07883852,0.0058723097,0.0010542704,0.011003638,0.89996076,0.0032704873
eevfunt,joy,joy,0.0007710887,0.00021750116,0.00055690913,0.9970131,0.00067477394,0.0007666215
eevgd8u,anger,anger,0.6817179,0.278189,0.0042848047,0.00830536,0.019993898,0.0075090225
eevgs0l,joy,joy,0.00041011494,0.0002418677,0.00038635865,0.99815553,0.0003182394,0.0004878917
eevgsat,surprise,joy,0.005753472,0.0017837607,0.0014752934,0.81125134,0.0016032878,0.17813288
eevi7lt,joy,joy,0.00076568057,0.00033850392,0.00023853086,0.9971764,0.00016865837,0.0013121124
eevicpm,joy,joy,0.00041958637,0.0001940886,0.00028140657,0.99837303,0.0002879234,0.0004440121
eevjvyh,anger,anger,0.9902863,0.0035245281,0.0007299713,0.0017785061,0.0023710283,0.0013096303
eevkbu9,surprise,surprise,0.0015726641,0.0008546676,0.00082158606,0.0013306744,0.0007359381,0.9946845
eevkcjv,sadness,anger,0.4969035,0.0033946473,0.001809052,0.3462158,0.13885765,0.012819326
eevkhqx,anger,anger,0.9867691,0.004194362,0.0015128547,0.0045442935,0.0015980728,0.001381325
eevliye,joy,joy,0.0006644675,0.0010327804,0.0012825108,0.9913052,0.00034458976,0.00537043
eevlu6o,disgust,anger,0.8894895,0.05291805,0.0016021478,0.007553111,0.045975495,0.0024616863
eevmfeo,joy,joy,0.000341677,0.00033214074,0.00057193363,0.9961876,0.00028442574,0.002282267
eevo182,sadness,sadness,0.0014571863,0.0016440419,0.0017469567,0.020965321,0.97296846,0.001218009
eevp7bv,sadness,fear,0.0015307515,0.006916144,0.95803773,0.01435233,0.013828593,0.0053344085
eevpaam,surprise,surprise,0.0025107204,0.0010882368,0.0013770891,0.0008486124,0.0009008427,0.99327445
eevq7zp,joy,joy,0.00070318923,0.0002449336,0.00019583441,0.9971937,0.0002891566,0.0013731394
eevr433,joy,joy,0.00083426543,0.00014658809,0.00039755905,0.9963415,0.000280585,0.0019993722
eevr8sl,joy,joy,0.0036693572,0.0025753411,0.0023689196,0.98822826,0.0015639486,0.001594124
eevrbpl,surprise,surprise,0.006922004,0.0007305124,0.0007525248,0.0014227675,0.0028144654,0.98735774
eevrjsm,anger,anger,0.97638613,0.012272278,0.00060237123,0.003964926,0.0052536177,0.0015207443
eevrya5,fear,fear,0.0011133247,0.010201528,0.9155371,0.02523678,0.04478034,0.0031308888
eevsc0g,surprise,surprise,0.0025369704,0.00077201205,0.0013966078,0.014881184,0.0017774956,0.9786357
eevt08e,joy,joy,0.00056838396,0.00030175108,0.0003334303,0.99719834,0.00020420087,0.001393839
eevtv3g,joy,joy,0.0006232494,0.00025520113,0.00033895276,0.99788886,0.00019290269,0.00070083776
eevu8lr,surprise,joy,0.015158766,0.0011392491,0.0006551823,0.9093456,0.005869038,0.067832105
eevux7x,joy,joy,0.00039170354,0.0002152976,0.00030616682,0.99819607,0.00025249456,0.0006383012
eevuxzh,joy,joy,0.0075525404,0.0008268377,0.0010199018,0.97641045,0.011132087,0.0030580952
eevva29,surprise,surprise,0.0047156457,0.0009975599,0.00083134003,0.0007844007,0.00064961816,0.9920215
eevva53,anger,joy,0.0030102432,0.00014742978,0.00035796833,0.9938129,0.0010515162,0.0016198913
eevvj5z,sadness,sadness,0.0016416974,0.0012405823,0.00068066,0.0021005534,0.992084,0.0022525566
eevwees,anger,anger,0.9856818,0.007903952,0.0007985899,0.0012021174,0.0029190623,0.0014944744
eevwgq3,joy,joy,0.00033813182,0.00045997807,0.0006336411,0.99531627,0.00023966322,0.0030123265
eevwmcu,anger,anger,0.9858322,0.008339831,0.0009072826,0.0016943207,0.0021328838,0.0010935486
eevwvn8,joy,joy,0.049601085,0.0048464593,0.002829744,0.77412826,0.15900438,0.009590017
eevx7g0,joy,joy,0.00046039576,0.0001814509,0.0007753066,0.9925808,0.0008909943,0.0051110685
eevy7jr,joy,joy,0.00047505056,0.0002987447,0.00035738456,0.99786013,0.00031616018,0.0006925002
eevyd9g,sadness,sadness,0.0022952547,0.0018516284,0.0035426226,0.33189973,0.6574818,0.0029289895
eevz6il,anger,anger,0.9840099,0.0031898296,0.0015349019,0.0014858304,0.004019459,0.005759926
eevzcvn,joy,joy,0.0010492554,0.000358737,0.00041133637,0.99741024,0.00035474767,0.00041568288
eevzguk,joy,joy,0.00035152232,0.00015407291,0.00024847419,0.99846786,0.00037012377,0.00040796987
eew0j2q,anger,joy,0.0018612166,0.0010863465,0.00045224762,0.99179876,0.000691964,0.004109502
eew1gle,anger,anger,0.987229,0.004591757,0.0021248343,0.0026769228,0.0014033801,0.0019741142
eew1o33,joy,joy,0.00053407083,0.00019900352,0.00031478715,0.9940327,0.0041630305,0.0007564365
eew1pd6,surprise,surprise,0.0027756009,0.0009804098,0.00057279016,0.0020319894,0.0006436043,0.99299556
eew1r20,joy,joy,0.0004423723,0.0003556124,0.00066137814,0.9953923,0.0002481313,0.0029001455
eew1shl,joy,surprise,0.004330991,0.0014223298,0.00088625296,0.081841305,0.0017674209,0.9097518
eew20af,anger,anger,0.969127,0.004582885,0.0009730239,0.017204244,0.0042538354,0.0038590347
eew2n25,joy,joy,0.00033195893,0.00028708193,0.0004088263,0.9982741,0.00024722036,0.00045087445
eew3mm0,surprise,surprise,0.010707982,0.001047363,0.0011777573,0.038844097,0.0017143459,0.9465085
eew4kg2,joy,joy,0.00043378072,0.0002317233,0.00033186658,0.9982287,0.00025611522,0.0005178174
eew4nom,anger,anger,0.96655846,0.015892409,0.0027053256,0.0024620432,0.010582383,0.0017994219
eew5cn2,joy,sadness,0.08381111,0.0023043032,0.0053671524,0.00637962,0.8487883,0.053349506
eew5o3z,joy,joy,0.0003772231,0.00019985191,0.00024330875,0.9983962,0.0003458573,0.0004375253
eew5okn,joy,joy,0.0005594878,0.00020755678,0.00025473526,0.9983209,0.00023999409,0.0004173506
eew5z9h,surprise,surprise,0.03915229,0.0013943651,0.0041559665,0.15446682,0.064871095,0.7359595
eew5zae,anger,anger,0.98824185,0.0054098684,0.00070936495,0.0010813357,0.0012014743,0.0033561452
eew86md,joy,joy,0.00035119583,0.00019301915,0.00033262259,0.9983895,0.00027079522,0.0004628472
eew8c8f,joy,sadness,0.03141823,0.0019657754,0.0027954066,0.21376593,0.7350587,0.0149959065
eew8x76,anger,anger,0.48584187,0.002376803,0.0016916496,0.30471516,0.093551524,0.11182305
eew9um5,sadness,joy,0.010473387,0.0034230086,0.0024184338,0.7960996,0.1800307,0.0075549213
eew9vje,joy,joy,0.0004964781,0.00018618375,0.0003259205,0.9981603,0.00021867394,0.000612437
eewaqo7,joy,joy,0.059817456,0.0007001243,0.0010917119,0.92873156,0.0013159508,0.008343173
eewawdh,joy,joy,0.008472475,0.0005661875,0.00026781787,0.9869615,0.00089109276,0.0028409366
eewazmn,joy,joy,0.00047634178,0.00022195216,0.00039360722,0.9975483,0.00018680784,0.001172974
eewbdc5,joy,joy,0.001315104,0.0004680141,0.0024746852,0.9776487,0.0006669696,0.017426461
eewc0cn,surprise,surprise,0.0024153485,0.0008698585,0.0010905294,0.001028022,0.0015939987,0.99300236
eewcihm,sadness,sadness,0.07186166,0.1001054,0.0060311304,0.009124426,0.80539334,0.0074840877
eewcqyc,joy,joy,0.0005577917,0.00014818108,0.00027939715,0.99828315,0.00026761286,0.00046384288
eewd31p,anger,anger,0.8637615,0.0027468663,0.002169698,0.020488266,0.01138379,0.09944993
eewduql,joy,joy,0.0005100196,0.00017567037,0.0002975968,0.9983047,0.00022223256,0.00048967387
eewdv5u,anger,joy,0.2765332,0.0015613192,0.0016167893,0.6292459,0.043951165,0.04709157
eewep3s,joy,joy,0.00046418107,0.0001544481,0.00030490418,0.99801683,0.00022189002,0.00083782396
eewffjr,joy,joy,0.00042214588,0.00022296327,0.0002787961,0.99819165,0.0001480161,0.0007365273
eewfryk,sadness,surprise,0.0029390575,0.0007632629,0.0008847488,0.0008486399,0.002240515,0.99232376
eewgui2,anger,joy,0.013731639,0.0021571235,0.006590957,0.895622,0.07771881,0.0041794647
eewh4gb,joy,joy,0.00058966456,0.000144033,0.000594163,0.9964104,0.0007189901,0.0015428077
eewj9aj,joy,joy,0.00038064065,0.00029524628,0.0006005432,0.9976301,0.00022314217,0.00087023096
eewjtfk,anger,anger,0.88938487,0.013399656,0.0012755282,0.00746691,0.08509645,0.003376558
eewjth1,sadness,sadness,0.07362153,0.0029842875,0.0010127614,0.00654391,0.91102904,0.0048084627
eewk0mr,sadness,sadness,0.0019467474,0.0014756394,0.0015792657,0.0018116373,0.9922643,0.0009224462
eewkqif,anger,anger,0.9900002,0.0033664864,0.00044855566,0.002665646,0.001619434,0.0018997118
eewm1mm,anger,anger,0.9224222,0.0016616723,0.001150221,0.06248855,0.0020906506,0.010186657
eewn34g,surprise,surprise,0.01801658,0.0013762729,0.0004911236,0.0066735786,0.0006535036,0.97278893
eewn9w1,sadness,anger,0.32861832,0.003867442,0.012567193,0.24463814,0.28165096,0.12865792
eewnhep,anger,sadness,0.3071211,0.0060154865,0.0047227223,0.061715405,0.380077,0.24034834
eewo0ib,joy,joy,0.0002685829,0.00024203383,0.00043542456,0.9979157,0.00051646243,0.00062186737
eewo42n,joy,joy,0.0004995889,0.00021154791,0.00031382992,0.99833494,0.00026568843,0.00037442538
eewqnhw,joy,joy,0.00031650273,0.00019631648,0.00029340418,0.9978635,0.00023012848,0.0011001581
eewslmi,anger,joy,0.06766372,0.36211544,0.036006674,0.4982126,0.021089265,0.014912306
eewt7b3,joy,joy,0.00052312907,0.0004986791,0.00057088677,0.9970673,0.00037083414,0.0009691882
eewt9yh,surprise,joy,0.0032814152,0.0014925085,0.0044990988,0.6842123,0.24287257,0.06364213
eewtsv4,joy,joy,0.0014126893,0.0002353923,0.00021768716,0.9968166,0.00016248568,0.0011551469
eewupcb,anger,surprise,0.08459142,0.0015759771,0.00066736765,0.008397482,0.0032833654,0.9014844
eewv2x1,fear,fear,0.0035748915,0.0055635963,0.9660275,0.0093035875,0.010178427,0.0053520175
eewv5tt,sadness,sadness,0.24030565,0.08446022,0.01390565,0.088762686,0.5045333,0.068032436
eewvscr,joy,joy,0.00040914907,0.00017290625,0.00038573128,0.9981598,0.0004764693,0.00039582708
eewy6r4,anger,anger,0.64843965,0.00374641,0.0014829411,0.34049222,0.0038269465,0.0020118684
eewz3d0,anger,anger,0.9785609,0.0045085894,0.00056704937,0.008936768,0.005956851,0.0014698802
eex0j7h,anger,anger,0.66119826,0.010791742,0.0019851408,0.22158362,0.028249003,0.076192304
eex0sfa,joy,anger,0.83671945,0.005625778,0.002431354,0.09271171,0.047100022,0.015411582
eex19z9,joy,joy,0.00046365804,0.00038653982,0.0006512104,0.9955161,0.0004131154,0.0025693607
eex1qvd,joy,joy,0.00035527843,0.00017474272,0.00032562722,0.9983907,0.00022065926,0.0005330536
eex29nf,joy,joy,0.0012749187,0.00054333895,0.00081898255,0.95998555,0.0010106267,0.03636664
eex2bl3,surprise,surprise,0.004270343,0.0017274284,0.0013870499,0.001387894,0.013304687,0.97792256
eex3eiu,surprise,surprise,0.0039531807,0.0016153273,0.0009233217,0.0016883163,0.0011513846,0.9906685
eex3kwe,joy,joy,0.0005864569,0.00023535933,0.00026071587,0.9964678,0.0009930709,0.0014565047
eex5olh,anger,anger,0.8475467,0.0028002842,0.0010562342,0.028801214,0.04128543,0.07851019
eex5wup,sadness,anger,0.985622,0.0038673999,0.0006939099,0.0030888934,0.004117676,0.0026101242
eex65le,surprise,surprise,0.0036710366,0.00075191073,0.0007587444,0.0014322808,0.0006787152,0.9927073
eex7a62,joy,anger,0.625827,0.012183644,0.0010967262,0.27397323,0.004798295,0.08212104
eexakbv,joy,joy,0.0012669461,0.00016731377,0.00030142884,0.99697185,0.0008915941,0.0004008559
eexcsyf,surprise,surprise,0.003138978,0.00074236665,0.000871221,0.0009133413,0.0010362727,0.993298
eexcwzo,surprise,surprise,0.0032659872,0.0014061028,0.00066852616,0.0017645246,0.0007465765,0.9921482
eexe2bd,anger,anger,0.98269504,0.0055436264,0.00041259284,0.00595651,0.0016393274,0.0037529177
eexebil,joy,joy,0.0009228659,0.0005540341,0.0004206406,0.9953365,0.00047613127,0.0022899057
eexflfh,joy,joy,0.00031392614,0.000196027,0.00033692142,0.99825436,0.0002613682,0.00063730875
eexg6zh,joy,joy,0.0012332166,0.00018289461,0.0003553188,0.9973763,0.00038770074,0.00046458005
eexgn84,joy,joy,0.00040549715,0.00023280039,0.0003465042,0.9983606,0.00026757442,0.0003870617
eexgtfb,anger,anger,0.9863581,0.0052880677,0.0010264142,0.004039687,0.0020382963,0.0012494028
eexguaa,surprise,joy,0.0032200438,0.00027781713,0.00022753884,0.99275243,0.000503272,0.0030189096
eexgzre,joy,joy,0.0026220446,0.00048133303,0.0016194641,0.9881528,0.0008220401,0.0063023036
eexh2dw,surprise,surprise,0.031125447,0.0013154481,0.0004954349,0.002262965,0.0017973239,0.9630034
eexilrg,joy,joy,0.0003946806,0.00017031918,0.00039447742,0.998264,0.0003822702,0.00039427844
eexjz4t,anger,anger,0.979677,0.0041325176,0.0007265945,0.01130537,0.0012866477,0.0028717672
eexk7he,joy,joy,0.00045583068,0.00024131384,0.000269493,0.99815565,0.00019576421,0.00068197143
eexkhqd,joy,joy,0.00036605293,0.0001601892,0.000271043,0.998262,0.00021815191,0.00072254945
eexkl7c,surprise,surprise,0.003006023,0.0007333984,0.0011624573,0.002898396,0.0035737974,0.98862594
eexlrtm,anger,surprise,0.07893035,0.001484837,0.0011659121,0.0065838206,0.0027174507,0.9091177
eexmra6,anger,joy,0.047886048,0.00087750994,0.0008092184,0.89905447,0.024513716,0.02685904
eexn9zv,surprise,surprise,0.06558501,0.0026945903,0.0007633656,0.23853166,0.0023391433,0.69008625
eexoqiu,joy,joy,0.00047099864,0.0002096012,0.00037567224,0.99805695,0.00031636102,0.00057044585
eexowqm,joy,joy,0.0004807302,0.000162849,0.00031758923,0.99826545,0.00026808016,0.0005053687
eexphew,joy,joy,0.00029708224,0.00017753198,0.00026940336,0.99851567,0.00033275093,0.00040748777
eexpsw7,joy,joy,0.00055475225,0.0001855745,0.00030994235,0.99828607,0.0002757071,0.00038794763
eexpxup,joy,joy,0.0011462086,0.00028389913,0.00031089984,0.9967128,0.00040512567,0.0011411189
eexqh0l,joy,joy,0.00020685847,0.00015926945,0.00036322314,0.99799925,0.0005517586,0.00071961107
eexr6ld,anger,anger,0.94785494,0.0040307674,0.0024726791,0.038802367,0.0032553938,0.0035838163
eexrqlw,joy,joy,0.0019257445,0.00018957764,0.00093691476,0.9952916,0.00086631527,0.00078984135
eext6e7,joy,joy,0.0038519446,0.00017797491,0.00023872135,0.99447846,0.00040371128,0.00084914046
eextz2m,anger,anger,0.9848616,0.009645829,0.0012326647,0.001271639,0.0014917037,0.0014965668
eexu3d2,joy,joy,0.0007345835,0.00025113975,0.0002940983,0.9978557,0.00043747993,0.0004270699
eexv31e,joy,joy,0.00043222186,0.00023473715,0.00029470923,0.99831057,0.0001927883,0.00053497375
eexwcz2,joy,joy,0.0005177072,0.0002538342,0.00030282149,0.9980196,0.00016189355,0.00074409903
eexwtmw,joy,joy,0.0003385997,0.00019094248,0.0003246031,0.9983974,0.00030233152,0.00044611908
eexwzir,surprise,surprise,0.32529852,0.009822975,0.027988961,0.012781701,0.26436895,0.35973892
eexx1bp,joy,joy,0.00025579566,0.00013914121,0.00026989772,0.99828476,0.00031407824,0.0007362188
eexx4hm,joy,joy,0.0005255069,0.0002870403,0.0004972935,0.9963899,0.00030996173,0.001990191
eexxz9z,anger,joy,0.3959487,0.002242364,0.00079531426,0.43615615,0.0077357236,0.15712169
eey09jl,joy,joy,0.00040570338,0.00019941518,0.000255273,0.9983449,0.00019836306,0.0005963332
eey0rkr,joy,joy,0.014400135,0.00043542116,0.0028616302,0.9675556,0.0037456478,0.0110016195
eey1sjf,joy,joy,0.00030793968,0.00026444232,0.00047475175,0.9973894,0.00028067175,0.0012828655
eey2egt,joy,joy,0.0016307912,0.00032013294,0.0006209432,0.9834292,0.0006025532,0.013396344
eey2fzv,surprise,anger,0.77171034,0.011503572,0.0012094142,0.01699648,0.114274405,0.08430571
eey2vl0,anger,anger,0.9901669,0.00327069,0.00070410524,0.0023470565,0.001591035,0.0019201696
eey3arl,joy,joy,0.00054357987,0.00023993554,0.000269853,0.99750924,0.00029904122,0.0011383506
eey3x3l,joy,joy,0.00048401556,0.00010577817,0.0003250438,0.9967464,0.0007111153,0.0016276356
eey42p5,sadness,sadness,0.022105822,0.0029752543,0.0016664806,0.021277973,0.94557905,0.006395411
eey4jpi,joy,joy,0.0007202473,0.00030741675,0.00029233846,0.9974481,0.00022105999,0.0010108252
eey5g07,joy,joy,0.0007543906,0.0010316018,0.003009297,0.9757146,0.00055037125,0.018939683
eey5mir,sadness,sadness,0.0022361367,0.0024098558,0.0014336143,0.0011971431,0.99178255,0.00094070606
eey629w,surprise,surprise,0.32010224,0.0036403658,0.0015727932,0.0063086348,0.035022147,0.6333538
eey6cm0,joy,joy,0.0005825155,0.0001525146,0.00025806823,0.99602133,0.00035794856,0.002627685
eey6eub,joy,joy,0.005300317,0.00040417275,0.0009785125,0.8910133,0.0029959902,0.09930771
eey6meg,anger,anger,0.9848756,0.003962604,0.000869971,0.002227149,0.0037059744,0.0043586856
eey6mkp,sadness,sadness,0.0018766351,0.0015040804,0.0013824368,0.0010680036,0.99326843,0.00090046314
eey7ols,joy,joy,0.00073084125,0.00065323216,0.0013256366,0.9866001,0.00035310752,0.01033698
eeybdzp,joy,joy,0.00041341071,0.0002274286,0.00025754943,0.9984396,0.00020845435,0.0004535335
eeybe8r,joy,joy,0.00048395578,0.00019044655,0.00031329604,0.9983718,0.00025248315,0.0003880923
eeycd6n,anger,sadness,0.4250983,0.06734639,0.0036447144,0.0064324993,0.49408826,0.0033897874
eeycf6k,joy,joy,0.009311532,0.00036295154,0.00063250575,0.98340845,0.0017994352,0.004485148
eeyd26v,joy,joy,0.00040284675,0.00021016638,0.00028204056,0.9983347,0.00028305536,0.00048727432
eeyd7wy,surprise,surprise,0.005302942,0.0010492387,0.0008803863,0.011749931,0.0008017839,0.9802157
eeyg6l2,disgust,anger,0.9136698,0.038713165,0.001170258,0.013163703,0.024931496,0.008351577
eeyhcid,joy,surprise,0.22440635,0.0024103948,0.0010946152,0.095272444,0.054128475,0.6226877
eeyhduy,surprise,surprise,0.014281437,0.0010968227,0.00046017978,0.0017133884,0.001042542,0.9814057
eeyivpd,joy,joy,0.0025500916,0.00019532056,0.00036521564,0.9957598,0.00035114758,0.0007783514
eeyjb93,surprise,anger,0.62639385,0.002851142,0.0026389335,0.057052054,0.088647634,0.22241643
eeykk40,joy,joy,0.0004956587,0.00013550486,0.00027113652,0.9983026,0.00020102209,0.0005940938
eeyksuk,joy,joy,0.04427141,0.0007749494,0.0026391179,0.940841,0.0072209523,0.0042526554
eeym8kb,surprise,anger,0.4723906,0.021645961,0.0027438288,0.3706168,0.10219839,0.030404512
eeymdv6,sadness,joy,0.00053782924,0.00019088926,0.000471718,0.9881017,0.008809429,0.0018884778
eeympky,joy,joy,0.0023508694,0.000685209,0.0010717695,0.8647855,0.0011250679,0.1299816
eeyn22a,joy,joy,0.00036171105,0.00015508049,0.00034886392,0.9983726,0.00032359175,0.00043819522
eeynd12,anger,anger,0.91249883,0.0035006932,0.0014447442,0.0241183,0.021022467,0.037414934
eeynj5w,joy,fear,0.007364974,0.008993364,0.60346067,0.07300784,0.30141202,0.0057612276
eeynmi1,joy,joy,0.0003890062,0.00021957218,0.00033729617,0.99828917,0.00024523283,0.000519733
eeyoa9n,joy,joy,0.0006087635,0.00040752417,0.0020850913,0.9899907,0.005538688,0.00136926
eeyoowk,joy,joy,0.00038842016,0.00024087675,0.00030465506,0.99801,0.0002609583,0.00079514465
eeyopvd,joy,joy,0.00087965693,0.00029276908,0.0003879448,0.9947962,0.00033332952,0.003310088
eeyoq9y,joy,joy,0.001126381,0.00021726651,0.00017404692,0.9975706,0.0002947147,0.000616969
eeyouyx,joy,joy,0.0004311493,0.00028998283,0.0004984019,0.99685425,0.00021477598,0.0017114194
eeyoysk,surprise,surprise,0.0010738667,0.0010641677,0.0011965296,0.001489493,0.00065806747,0.99451786
eeyps15,joy,joy,0.0016495464,0.00030586598,0.0004372041,0.9882854,0.0004532372,0.008868641
eeyq009,sadness,joy,0.0007467535,0.00015552307,0.0006116389,0.99638003,0.0012453098,0.00086069695
eeyq3lu,sadness,sadness,0.040832005,0.0017274002,0.003037203,0.06222637,0.884836,0.0073410203
eeyq51p,joy,joy,0.0012915052,0.00031408487,0.00039501654,0.997031,0.0004117578,0.00055670145
eeyqb3j,joy,joy,0.000496363,0.00024702575,0.00036967316,0.99767464,0.00033519845,0.00087716145
eeyqqk8,joy,joy,0.00060149713,0.00018758445,0.00040189645,0.9967193,0.0002558304,0.0018339187
eeyqyid,joy,joy,0.00059893687,0.00033530433,0.000379295,0.99789894,0.00021621217,0.0005712791
eeyra7d,joy,joy,0.0005175286,0.00025621988,0.0002873969,0.99818534,0.00030257067,0.00045095285
eeyrhkg,joy,joy,0.00031593925,0.00020270523,0.000356824,0.9978696,0.0002555452,0.0009993437
eeyrku1,anger,anger,0.98556834,0.0029521238,0.00047014304,0.00295957,0.002939916,0.005109841
eeyrsf5,surprise,surprise,0.004734947,0.00082436466,0.0006143828,0.0011171405,0.0006669593,0.99204224
eeyryu0,joy,joy,0.0003118722,0.00019768713,0.00038595882,0.99830663,0.00043255373,0.0003653883
eeys46e,joy,joy,0.00033856832,0.00021257445,0.00028850493,0.99831957,0.00022497862,0.0006156803
eeyuon1,joy,joy,0.0005711216,0.00023277415,0.0004158177,0.99791306,0.00045445393,0.00041266382
eeyw926,surprise,surprise,0.0123291155,0.0040611285,0.00086918066,0.00521845,0.001652903,0.97586924
eeywiv1,joy,joy,0.00051111216,0.00019175209,0.00026749747,0.99822956,0.00018372633,0.0006163865
eeywo5q,joy,joy,0.00042950024,0.00019805558,0.00029410905,0.9983481,0.00022962912,0.0005005237
eeywzad,surprise,surprise,0.0018452689,0.0007249411,0.0007335921,0.009682257,0.0005235953,0.98649025
eeyx89b,fear,surprise,0.002787362,0.0018385206,0.018402003,0.0023653493,0.0025597059,0.972047
eeyygnj,joy,joy,0.00093392265,0.00046607511,0.0005077879,0.9929778,0.00047909978,0.00463531
eeyzyft,joy,joy,0.0016167396,0.00022868035,0.00029739822,0.99683976,0.00025285778,0.0007645171
eez0ieh,joy,joy,0.0008339099,0.00022324608,0.00036093753,0.9977512,0.00023239307,0.00059829105
eez15uk,joy,joy,0.00060783187,0.000151671,0.00017745333,0.99830174,0.0002450849,0.0005162463
eez1bbz,joy,joy,0.0003693076,0.00015917669,0.00027338308,0.9981184,0.00036629758,0.0007134233
eez2i1x,surprise,surprise,0.0022198665,0.00097426533,0.0010694213,0.0008758998,0.00068134075,0.9941791
eez329z,joy,joy,0.00030998624,0.00021064244,0.00038449396,0.99840647,0.00025411186,0.00043438046
eez3qgq,anger,anger,0.95343965,0.017072815,0.00075245503,0.017999535,0.008564086,0.0021714985
eez3shh,joy,joy,0.00081348856,0.0002034603,0.00024821702,0.9980787,0.00025668848,0.0003993575
eez58cb,joy,joy,0.0004375408,0.00018994036,0.0003050558,0.9984273,0.0002640773,0.00037608962
eez5aha,surprise,joy,0.0007958963,0.00023389547,0.00056394265,0.9852342,0.00036583986,0.012806287
eez5ixf,joy,joy,0.00046467836,0.00018416344,0.0002926997,0.9978077,0.00020758407,0.0010432564
eez5rv9,joy,joy,0.0004166969,0.0001696772,0.00024179321,0.99843067,0.00021707466,0.00052413973
eez6d7q,anger,anger,0.614594,0.3253854,0.00860586,0.04116722,0.005485998,0.0047614784
eez78sa,joy,joy,0.0004404537,0.00022875643,0.00041220378,0.99786395,0.00031749025,0.0007371335
eeza80x,joy,joy,0.00024649405,0.00012555525,0.00049308257,0.9969933,0.0010624143,0.0010791613
eezaats,joy,joy,0.00037382482,0.000238399,0.00041906495,0.9979387,0.00035474444,0.00067521236
eezbey1,joy,joy,0.00029431592,0.00025654415,0.000659934,0.99700207,0.00026048775,0.0015265393
eezbpwv,sadness,sadness,0.006615497,0.0034278454,0.0009073791,0.0010864395,0.98429906,0.003663787
eezbzcz,surprise,anger,0.9463582,0.00346716,0.0014832953,0.002469978,0.013346216,0.032875158
eezdk5s,anger,anger,0.9179455,0.0016948718,0.000699807,0.06705449,0.0021380284,0.010467342
eezerbr,surprise,surprise,0.0074379644,0.0019993347,0.009387889,0.012933795,0.006242974,0.9619981
eezev4f,joy,joy,0.0003248401,0.00019471502,0.00029845213,0.99835193,0.00019214174,0.00063791795
eezezkf,joy,joy,0.00038669855,0.00022408755,0.00027157788,0.99825746,0.00034946733,0.00051079196
eezezsb,joy,joy,0.0003956245,0.00019536358,0.00033291054,0.99838316,0.0002445177,0.00044837396
eezfe7j,joy,joy,0.00043925887,0.00018058284,0.0003257868,0.99730754,0.00033790348,0.0014090032
eezfq6d,fear,fear,0.0025670691,0.0075011915,0.9769041,0.005834604,0.0041461405,0.003046918
eezgkw2,joy,joy,0.0005716142,0.0001936032,0.00031715562,0.99825627,0.00023994835,0.0004214471
eezh1ze,joy,joy,0.0006054043,0.00016016625,0.00021889668,0.99786574,0.0002215359,0.00092823483
eezhme9,joy,joy,0.0003950205,0.00023761386,0.0003139807,0.9983841,0.00023720608,0.00043204558
eezht43,joy,joy,0.0006004062,0.00026691984,0.00027455259,0.9980756,0.00019652344,0.000585896
eezi9kz,joy,anger,0.7513063,0.003239024,0.00059296517,0.23365118,0.0039373627,0.0072731646
eezjmqm,joy,joy,0.0003990255,0.00020845108,0.00035349024,0.9983125,0.00031917886,0.00040739705
eezkceh,anger,anger,0.8222866,0.0045455997,0.0011864827,0.0042154444,0.020629743,0.14713608
eeznhdw,joy,joy,0.0011324673,0.00033924062,0.002235856,0.9902518,0.0024401904,0.0036004225
eezosy1,anger,anger,0.9502056,0.0058487677,0.00040752377,0.009930348,0.02910506,0.0045026504
eezqxnu,surprise,surprise,0.0023935898,0.00092123414,0.003798323,0.0017527911,0.0066528763,0.9844812
eezr30s,joy,joy,0.00038921137,0.0002864389,0.00035571016,0.9982235,0.00021565943,0.0005295282
eezr6bf,anger,anger,0.76651376,0.0028248257,0.0015898742,0.06001231,0.13997746,0.029081749
eezrnk8,joy,joy,0.0004937356,0.00023405984,0.00034034776,0.99821645,0.00024172795,0.00047363574
eezs0s5,joy,sadness,0.005183348,0.0073503344,0.067948386,0.024920458,0.8434935,0.051103972
eezs293,joy,joy,0.0020420381,0.0015521279,0.0014825771,0.831623,0.001281117,0.16201903
eezsisy,disgust,disgust,0.056236144,0.9008956,0.01482595,0.008485557,0.015038985,0.0045177434
eezso4p,anger,anger,0.9539918,0.0021571657,0.0006420058,0.025872169,0.0021604826,0.015176443
eeztbjr,joy,sadness,0.035069775,0.0026549993,0.035875525,0.20265742,0.6108695,0.11287279
eeztz9h,joy,anger,0.97342277,0.0034191115,0.00071735145,0.01057982,0.009806351,0.0020545605
eezu6jv,joy,joy,0.0009923154,0.000541141,0.00047262493,0.9968436,0.00035350167,0.00079696346
eezu6ty,joy,joy,0.0007663937,0.00032974413,0.0009877525,0.97169954,0.0014443988,0.024772156
eezuc6a,joy,joy,0.00044939076,0.00015810931,0.00019002779,0.9983725,0.00028589735,0.00054409954
eezvi5f,joy,joy,0.0005498112,0.0003468932,0.00050515594,0.9969805,0.00021826035,0.0013993443
eezw7id,sadness,sadness,0.0020991196,0.0011190574,0.0029017879,0.0011490171,0.9917856,0.0009452584
eezxm7h,joy,joy,0.00031927382,0.0002299483,0.0003053481,0.9976357,0.00023585281,0.0012739411
eezybgx,joy,joy,0.0013508218,0.00079596863,0.0012275081,0.9605404,0.0009538296,0.035131436
eezye6a,joy,joy,0.0010449389,0.00015422665,0.00042260138,0.99612504,0.0011582106,0.001094965
eezz1zn,joy,joy,0.00067140884,0.00016044531,0.00029388184,0.997692,0.0005349358,0.0006474051
eezzt7a,anger,anger,0.9897982,0.00489037,0.0011358004,0.0016622865,0.0015302096,0.0009830423
ef010xk,sadness,sadness,0.0014582289,0.0012531459,0.002687721,0.0036778213,0.9902712,0.0006518627
ef01ljc,anger,anger,0.98721343,0.003182407,0.00048830983,0.0055789365,0.0014800048,0.002056924
ef025pn,surprise,surprise,0.2807903,0.0030810998,0.00069293554,0.0035359852,0.0068598595,0.70503986
ef0283o,joy,joy,0.004609083,0.00035482316,0.00036960022,0.99289095,0.00046481637,0.0013107829
ef02crp,anger,anger,0.8092024,0.003925473,0.0009878133,0.15934934,0.011749171,0.014785808
ef02iwm,joy,joy,0.00030677795,0.00022873895,0.00032528376,0.99829596,0.00027173705,0.00057145377
ef02l2i,joy,joy,0.0004915975,0.00017217637,0.00030955442,0.9979907,0.00032443253,0.0007115106
ef03evh,joy,joy,0.015451177,0.0022410797,0.0004551812,0.95318407,0.0035656015,0.025102938
ef0483u,anger,anger,0.9439773,0.04651589,0.0021226336,0.002547848,0.0024953117,0.0023410362
ef055c8,joy,surprise,0.01219766,0.00082547584,0.002432645,0.3357287,0.0035442011,0.64527136
ef07bpz,anger,anger,0.9299122,0.002914963,0.0017641205,0.034842838,0.0070096725,0.023556234
ef09ymh,surprise,surprise,0.0018741325,0.002545526,0.0049203876,0.00325434,0.0028441155,0.9845615
ef0b5zr,surprise,surprise,0.0026527212,0.0033932512,0.003911322,0.2102371,0.001494482,0.7783112
ef0b7uf,joy,joy,0.0005081912,0.00026797113,0.0002926429,0.9967618,0.0005134921,0.0016558854
ef0b88x,joy,joy,0.0004487919,0.0002270721,0.00037791254,0.99822265,0.00021034572,0.0005132613
ef0bcca,joy,joy,0.00028680256,0.00016058292,0.0004314996,0.99802387,0.000531338,0.00056604645
ef0bny0,joy,joy,0.00034647106,0.00014867092,0.00038665964,0.9975746,0.00031807815,0.0012254472
ef0c7ok,joy,joy,0.0015195442,0.00023928138,0.0003476434,0.99680674,0.0004366609,0.0006501794
ef0dh6q,joy,joy,0.00040972565,0.00023725655,0.00025765772,0.99813384,0.00037426144,0.0005873568
ef0ea59,surprise,surprise,0.02171915,0.0013029929,0.0021712936,0.11881375,0.0069489083,0.8490438
ef0gag3,joy,joy,0.00031189446,0.00021192676,0.00036311883,0.9983808,0.00030602963,0.00042624865
ef0gar6,surprise,joy,0.00090879406,0.0002780993,0.0007481777,0.9770718,0.00043372207,0.020559393
ef0gdxn,joy,joy,0.0002678624,0.0002554097,0.0009935473,0.9964696,0.0010199178,0.0009936781
ef0gn36,joy,joy,0.22297315,0.0020193672,0.0012091006,0.66229594,0.005142239,0.10636015
ef0he5j,anger,anger,0.981713,0.007585742,0.0036191589,0.0031071156,0.0019531457,0.0020218827
ef0hx65,joy,joy,0.009763361,0.0005279333,0.0002190317,0.98721004,0.0005483532,0.0017312769
ef0jf2m,anger,anger,0.9795486,0.013292467,0.001424208,0.0018136639,0.0016900572,0.0022310074
ef0lc7t,joy,joy,0.00056054984,0.00038285664,0.0005192994,0.99701405,0.00050988793,0.0010132692
ef0o7j9,surprise,surprise,0.005849918,0.0016142932,0.0028253265,0.27287346,0.001259003,0.715578
ef0ofn2,joy,joy,0.0007210346,0.00025773435,0.0010375271,0.988958,0.00046620957,0.008559444
ef0pkfb,joy,joy,0.0016405522,0.00029000524,0.00018960312,0.99706995,0.000328051,0.00048179642
ef0q5g0,surprise,surprise,0.0033280605,0.0008930563,0.0008157731,0.0016725557,0.0024312658,0.9908592
ef0qz4l,surprise,surprise,0.057123665,0.0092838695,0.0012173966,0.003572696,0.007188455,0.9216139
ef0r319,joy,joy,0.028155766,0.0017099633,0.0007490598,0.9663708,0.0010612048,0.0019531439
ef0r6br,joy,joy,0.00079169404,0.00027637367,0.00035101385,0.9977798,0.00030899417,0.00049218006
ef0ras9,joy,joy,0.0015735689,0.00040532413,0.0003664396,0.99658126,0.00058895233,0.00048444307
ef0smtv,disgust,joy,0.38320953,0.0035949494,0.0009705475,0.59806764,0.0077685686,0.006388809
ef0t8i2,anger,anger,0.98163617,0.011996944,0.0014789468,0.002625777,0.0011900832,0.0010721213
ef0te62,anger,anger,0.9828721,0.0033328484,0.0004332195,0.0013272532,0.0029857815,0.009048797
ef0ugh9,joy,joy,0.0048837387,0.00016179038,0.00022126548,0.99203146,0.00062171416,0.0020800564
ef0uuld,joy,joy,0.0011897077,0.00025365863,0.00019463971,0.9976174,0.00022246216,0.0005220814
ef0v6fi,fear,fear,0.0034656238,0.0061372938,0.9661214,0.011675179,0.0036434499,0.008957071
ef0w2ii,sadness,sadness,0.007560787,0.0023536603,0.0058045606,0.022170467,0.8794802,0.08263023
ef0wfys,joy,joy,0.0005476483,0.00016214635,0.00043133012,0.99781215,0.0002031745,0.00084354315
ef0xcf6,joy,joy,0.0003399601,0.00016912192,0.0002634039,0.99842596,0.0003957073,0.0004059232
ef0xjkr,joy,joy,0.000496752,0.00040545376,0.00043513198,0.99691135,0.00037833306,0.0013730198
ef0ybw4,joy,joy,0.00039302683,0.00026308966,0.00086162693,0.99473405,0.00065581326,0.003092432
ef0yetq,joy,joy,0.16291606,0.0015472671,0.001534241,0.7350055,0.0088939825,0.09010294
ef0z6q5,joy,joy,0.005934073,0.0011224562,0.0006866759,0.90349734,0.0010986379,0.08766079
ef0z8va,anger,sadness,0.032578662,0.0046069673,0.0057155183,0.01990661,0.9140091,0.023183165
ef0z8wh,anger,anger,0.98861223,0.0060412046,0.000640318,0.002083373,0.0011375237,0.0014854355
ef0zqce,joy,joy,0.28613967,0.013382043,0.0018480713,0.648607,0.041165102,0.0088581005
ef0zwnl,joy,joy,0.00058921194,0.000558685,0.000995851,0.99309653,0.0003186108,0.0044410843
ef10ar6,joy,joy,0.00037956343,0.00046627072,0.00067345926,0.9967493,0.00054352585,0.0011879619
ef10zw8,surprise,anger,0.9366694,0.0035435264,0.00034684292,0.0042503504,0.0023988648,0.05279101
ef123rl,surprise,surprise,0.10713114,0.0115097,0.0017166322,0.009686911,0.34553784,0.52441776
ef12dgc,joy,joy,0.0017298341,0.0001558545,0.00020314216,0.9953754,0.000717575,0.001818173
ef12e0z,joy,joy,0.00038650708,0.00016295383,0.0002884821,0.9982815,0.0004927946,0.00038777234
ef12kg3,joy,joy,0.0012806432,0.00023293804,0.00058743526,0.9966149,0.00027524238,0.0010087608
ef13tf0,joy,joy,0.00035594837,0.0002568859,0.00044413464,0.9905969,0.000462304,0.007883902
ef145n0,joy,joy,0.0030070918,0.0007443298,0.00037765433,0.994898,0.00031326892,0.00065972016
ef15hrv,anger,anger,0.8632418,0.01906888,0.0011324293,0.0057256897,0.014839147,0.09599216
ef15q9n,joy,sadness,0.028133929,0.0055178334,0.0026572377,0.16493645,0.7930554,0.0056991586
ef173ol,anger,anger,0.86082315,0.0027658173,0.0010137975,0.013942814,0.0065149968,0.11493949
ef184ws,anger,sadness,0.07022149,0.22084722,0.07158971,0.023251582,0.60807323,0.0060167597
ef18ng0,fear,fear,0.0031457304,0.0069664204,0.97665805,0.0057466286,0.0043934863,0.003089699
ef18or6,joy,joy,0.0013792126,0.00066925015,0.00084367977,0.9635176,0.03171502,0.001875205
ef18p9c,sadness,sadness,0.0032096677,0.0030476768,0.0014062403,0.0015271502,0.98986477,0.0009445377
ef1arco,joy,joy,0.017238004,0.000576056,0.0003332065,0.9798385,0.0007072243,0.0013069595
ef1bsj0,joy,joy,0.03134189,0.002142659,0.00067734066,0.9460791,0.008697422,0.011061544
ef1cif7,joy,joy,0.00034167725,0.00017872575,0.00029169573,0.99826366,0.00021544217,0.0007087885
ef1cn9z,anger,anger,0.8384685,0.0188397,0.0012859838,0.012871335,0.107238136,0.02129638
ef1d12n,joy,joy,0.00022112337,0.00017161132,0.0003125899,0.9980813,0.00044470164,0.00076869834
ef1de8u,joy,joy,0.0005785942,0.0002178601,0.00030140075,0.99805,0.00030571184,0.0005464363
ef1dqo9,joy,joy,0.00034337505,0.00020845997,0.000303103,0.9984817,0.00022374922,0.00043964793
ef1ejfs,anger,anger,0.6590582,0.030221127,0.0019938697,0.0054400857,0.2992178,0.0040690186
ef1f30q,surprise,fear,0.00191139,0.010251298,0.96837246,0.0014204611,0.0033443517,0.0147000905
ef1fkaq,joy,joy,0.0011408295,0.0005804876,0.00052609365,0.98282236,0.014173576,0.00075667375
ef1gvfa,joy,joy,0.0015768929,0.0001576838,0.00020142559,0.9973687,0.00027900387,0.00041626638
ef1hve3,surprise,surprise,0.016496021,0.0007012935,0.00092584913,0.019226294,0.0018131578,0.96083724
ef1i6pb,anger,sadness,0.012001245,0.0010149598,0.0035973461,0.03413548,0.9331091,0.016141778
ef1ih8v,joy,joy,0.0006274933,0.00020532844,0.0003219702,0.99800533,0.00047772768,0.00036213742
ef1j1r7,fear,surprise,0.012572955,0.0018660275,0.0049646045,0.0035170563,0.08292527,0.894154
ef1mw2n,sadness,sadness,0.20911033,0.008576584,0.001507551,0.0059038177,0.7622834,0.012618356
ef1np3w,joy,joy,0.012145316,0.00044882443,0.00048695205,0.98322153,0.0018054906,0.0018919655
ef1psah,joy,joy,0.004087701,0.0003891867,0.00036780364,0.98874986,0.00027408777,0.0061313678
ef1qbhg,joy,joy,0.0003298578,0.00019745476,0.0003397705,0.9981779,0.00019304267,0.00076194305
ef1rp4q,joy,joy,0.00036092082,0.00019988503,0.00028179277,0.99843985,0.0002905865,0.00042701434
ef1ssr1,joy,joy,0.00035777505,0.00017939862,0.00024365632,0.99776125,0.00026234885,0.001195623
ef1tgeg,surprise,surprise,0.012870779,0.0015150261,0.00087432814,0.0011386708,0.0018814317,0.9817197
ef1ugt2,joy,joy,0.00036076622,0.00022136721,0.00038219293,0.9983858,0.00025755446,0.00039244624
ef1uq8d,sadness,joy,0.07220236,0.0045044385,0.001939174,0.56435907,0.24931157,0.107683405
ef1uso1,joy,joy,0.00043421032,0.0001094058,0.00022154854,0.9978551,0.0005614227,0.0008183714
ef1w06u,surprise,surprise,0.006642382,0.00070529315,0.000690095,0.017226733,0.0019537741,0.9727817
ef1xiyl,fear,fear,0.0023874487,0.012602864,0.97918963,0.0016700882,0.0023054238,0.0018446215
ef1xvp1,surprise,surprise,0.0021196348,0.00052104687,0.00090896105,0.006935614,0.0016882491,0.9878265
ef1ze81,joy,joy,0.0015771684,0.00067624217,0.00059332565,0.98262274,0.001122688,0.013407868
ef1zyty,joy,joy,0.0005482233,0.0002231283,0.00028254036,0.99819237,0.000210908,0.0005428161
ef209er,joy,joy,0.00038857586,0.00014331099,0.00029869544,0.998161,0.00028509763,0.0007233385
ef21d4l,joy,joy,0.06860685,0.0014797283,0.00090315193,0.83824444,0.00071874814,0.090047084
ef21kvg,anger,anger,0.9838765,0.0015822508,0.0003967789,0.006355632,0.004446273,0.0033425458
ef21s9b,anger,anger,0.98843503,0.004165956,0.0011208925,0.0030243888,0.001662303,0.0015913632
ef21ym0,joy,joy,0.00276725,0.0001865367,0.00023532863,0.99505216,0.00051214156,0.0012466604
ef22ija,joy,joy,0.0009842508,0.00024784834,0.0003053682,0.99719906,0.0004642466,0.0007991683
ef22xs3,joy,joy,0.00060649443,0.00034374587,0.0002874872,0.99791545,0.00035329926,0.0004934457
ef23px4,surprise,surprise,0.008242059,0.0043258425,0.01084373,0.40718067,0.019916376,0.5494913
ef245tb,surprise,surprise,0.0022463372,0.0006806732,0.00079137954,0.0018965623,0.0005764078,0.9938087
ef245u6,anger,anger,0.6505186,0.0044229585,0.0031986395,0.27327684,0.011366022,0.057216886
ef24dvp,joy,joy,0.0010881369,0.00053723087,0.0008427609,0.95343584,0.00043369658,0.04366235
ef2642s,joy,joy,0.0005685387,0.00041714116,0.00037568796,0.9974232,0.00027322627,0.0009423058
ef268pc,joy,joy,0.043633256,0.0014642103,0.0007205134,0.9506638,0.0015674907,0.0019506621
ef26gff,joy,joy,0.00045694312,0.00019254828,0.00022771163,0.9977858,0.00018892655,0.0011480894
ef27377,joy,joy,0.00055443204,0.00014343137,0.0002217504,0.99816436,0.00029196503,0.0006241083
ef27n0i,joy,joy,0.0032597461,0.000521637,0.00022673533,0.99501735,0.0004300159,0.00054459256
ef284g2,joy,joy,0.000287331,0.00014044147,0.0002558091,0.99646914,0.000595228,0.0022520525
ef284hn,surprise,fear,0.0056330734,0.009014369,0.50350165,0.03955238,0.41785884,0.02443969
ef28b6o,joy,joy,0.00033521146,0.00025996714,0.00030856795,0.9981431,0.00023659559,0.00071661867
ef28hya,joy,joy,0.00040574864,0.00016761347,0.00025825953,0.99794847,0.00042679504,0.0007931538
ef2ba1p,surprise,joy,0.01335505,0.0006567692,0.00072868826,0.96328825,0.002048914,0.019922368
ef2bgwu,joy,joy,0.00030298127,0.00017293391,0.0003918484,0.9981968,0.0005351759,0.00040029033
ef2ciud,anger,joy,0.024954969,0.0010630728,0.0025286388,0.8177842,0.040446986,0.113222115
ef2dmhu,surprise,surprise,0.0022620633,0.0011711197,0.0017228221,0.028037414,0.00093496416,0.9658717
ef2dscn,anger,anger,0.97790617,0.010489205,0.00088088046,0.0069878297,0.0018980349,0.0018378439
ef2ed3k,joy,joy,0.0004893001,0.00018751889,0.0003333981,0.99820554,0.00017389083,0.0006103188
ef2epu3,joy,anger,0.6397141,0.08641163,0.13983601,0.105568685,0.02149654,0.0069730636
ef2es5y,surprise,surprise,0.004544598,0.0019909586,0.0014478124,0.003490256,0.0016864053,0.9868399
ef2f4rk,anger,sadness,0.0018846664,0.0026129035,0.0027947372,0.002478854,0.98809284,0.0021360754
ef2ff1q,anger,anger,0.9643457,0.006549809,0.004806908,0.017200118,0.0035426256,0.0035549144
ef2fwvf,anger,anger,0.98430336,0.0037967383,0.00041428165,0.0084071765,0.0016456152,0.0014327606
ef2inmm,joy,joy,0.00037577975,0.00018571198,0.00030665312,0.9983827,0.00025771017,0.0004915416
ef2irge,joy,joy,0.0031412956,0.0008981364,0.0016777567,0.8994695,0.000858554,0.09395479
ef2k1v0,surprise,surprise,0.0026660406,0.0007127659,0.0007726103,0.0010430797,0.0006898657,0.9941155
ef2msto,joy,joy,0.0005683441,0.00019486254,0.00025435453,0.9982529,0.0002074637,0.00052201084
ef2mxep,joy,joy,0.00040252437,0.00015549213,0.00025938117,0.99780303,0.00063079444,0.0007487992
ef2mxfa,joy,joy,0.00045017924,0.0003199893,0.00041601114,0.9980404,0.00019356317,0.00057999685
ef2o1a8,joy,joy,0.003934059,0.00039619507,0.0006085155,0.99096256,0.000450384,0.0036482792
ef2pfnp,anger,sadness,0.13197276,0.0017018896,0.010641127,0.124415874,0.6475382,0.08373016
ef2q3rd,anger,anger,0.973963,0.005880135,0.0013551848,0.013027802,0.0038372304,0.0019366158
ef2qo0n,sadness,sadness,0.0011277975,0.00092880573,0.0014031988,0.016206559,0.9784474,0.0018863186
ef2qr90,surprise,surprise,0.0033446853,0.0028537472,0.004586543,0.27503103,0.002288584,0.71189547
ef2smqt,surprise,joy,0.0023986874,0.00031069486,0.0003973626,0.97408235,0.0009588128,0.021852175
ef2u6pi,surprise,surprise,0.0120209055,0.0016360385,0.0014486869,0.049564645,0.0018802622,0.93344945
ef2ujm3,joy,joy,0.0009235008,0.0002803299,0.00034023396,0.99645966,0.00032125303,0.0016750818
ef2xyfn,anger,anger,0.988691,0.005368938,0.0012921155,0.0013956047,0.0017939223,0.0014584102
ef2y327,joy,joy,0.00033343423,0.00019933541,0.00035109025,0.99838626,0.0003984213,0.0003314723
ef2z45y,joy,joy,0.002556107,0.0007772243,0.0005232306,0.9774485,0.0005016733,0.018193146
ef2zpuf,joy,joy,0.00051982177,0.00025087007,0.0004178989,0.99643916,0.00038262823,0.0019896415
ef304jo,joy,joy,0.0005401122,0.00025018206,0.00024718858,0.9980963,0.00020976181,0.00065647135
ef30dyy,anger,anger,0.83583874,0.0046814075,0.000652645,0.14997247,0.004136163,0.004718552
ef32sdd,sadness,fear,0.03275939,0.023400372,0.8827314,0.004529243,0.051083133,0.005496461
ef33371,joy,joy,0.0005790234,0.000292067,0.0003409639,0.9979752,0.0001862778,0.000626494
ef335nm,joy,joy,0.0004395544,0.00024211334,0.0004339936,0.99760014,0.0002517203,0.0010324782
ef33atv,joy,joy,0.00036028837,0.00016883686,0.00029002296,0.99825555,0.00020709222,0.0007181503
ef33opm,joy,anger,0.9154484,0.0076519176,0.0020413501,0.02839631,0.04266139,0.0038005377
ef33st6,surprise,surprise,0.002186608,0.0008272308,0.0008113189,0.038546387,0.00078143855,0.95684713
ef34ssp,anger,anger,0.9445668,0.02339276,0.002035482,0.014319843,0.003907673,0.011777407
ef35f43,anger,anger,0.98849034,0.002348188,0.0005348617,0.0042020935,0.002635098,0.001789411
ef36ylm,joy,joy,0.00028666924,0.00021757957,0.00039089375,0.99800044,0.00020155008,0.00090284995
ef3768o,joy,joy,0.0002089149,0.00014825565,0.0005029734,0.9975594,0.00057479803,0.0010056312
ef3a7ut,anger,anger,0.96328217,0.013078877,0.00075397437,0.009994039,0.010210893,0.002680087
ef3b7e6,joy,joy,0.0012722139,0.00026906413,0.00086269923,0.9869718,0.009066312,0.001557936
ef3bvby,joy,anger,0.66621274,0.0058490955,0.0028874134,0.25798768,0.03640379,0.030659268
ef3cehc,joy,joy,0.0004966443,0.0003177481,0.00034672188,0.9979279,0.00032347915,0.0005874843
ef3ckb2,joy,joy,0.0052915453,0.0003008417,0.00084549375,0.97166395,0.00070291304,0.021195218
ef3dwfh,joy,joy,0.0012805739,0.0003069487,0.0005960838,0.996761,0.00028323242,0.00077219977
ef3ek34,surprise,surprise,0.0028147832,0.0010612335,0.0009139658,0.0009810164,0.000525688,0.9937032
ef3esrz,surprise,surprise,0.0028568085,0.000621643,0.0005542413,0.0015765756,0.0007855823,0.99360526
ef3fw5k,joy,joy,0.00086315686,0.00017254495,0.00048855995,0.9973279,0.0005785488,0.0005691964
ef3gbyi,joy,joy,0.00071526045,0.00019720675,0.0004287052,0.9968471,0.0009961049,0.0008156574
ef3gke1,surprise,anger,0.9854799,0.005738922,0.00063916855,0.0022336112,0.0031288213,0.0027795995
ef3glxa,joy,joy,0.0005984409,0.00014615797,0.00021949406,0.9978131,0.00044022407,0.0007826381
ef3j15s,joy,joy,0.04154208,0.0032059778,0.0020944725,0.7620136,0.1825707,0.008573099
ef3jnxe,anger,joy,0.0005767058,0.00017398437,0.00041835872,0.9966522,0.0013709934,0.0008077148
ef3kalu,surprise,joy,0.0008047907,0.00027541158,0.0004715038,0.9815393,0.0005296487,0.016379336
ef3kauv,surprise,surprise,0.006755493,0.0006263141,0.0008593647,0.0026395393,0.0012807933,0.9878384
ef3khri,anger,anger,0.9866138,0.0079120975,0.0014014781,0.0015267767,0.0013212402,0.0012245944
ef3ku16,joy,joy,0.00036161157,0.00018523526,0.00029809037,0.9984359,0.0002582711,0.0004608503
ef3migq,joy,joy,0.0058694426,0.001132592,0.0007701472,0.929914,0.0010280695,0.061285716
ef3mzof,joy,joy,0.004978751,0.0010968639,0.0009925881,0.9674193,0.000719142,0.024793392
ef3nn64,joy,joy,0.00033215358,0.00019310982,0.00033130322,0.99840707,0.00028751555,0.00044891288
ef3noiu,joy,anger,0.76795226,0.0069264993,0.0015044115,0.08092212,0.042592693,0.10010203
ef3p9xu,sadness,joy,0.0007368536,0.00021369595,0.0005318215,0.98899466,0.0080065485,0.0015163932
ef3ph1e,joy,joy,0.00065049337,0.0002573258,0.00032503536,0.99809116,0.0001960873,0.0004798979
ef3s35d,joy,joy,0.0003207979,0.0002053132,0.00030677178,0.99787986,0.00025395822,0.0010332547
ef3s8ai,anger,anger,0.7445583,0.23105349,0.005889103,0.005205804,0.010143636,0.0031496887
ef3swyx,joy,joy,0.00075629546,0.00040802715,0.00035079103,0.9976981,0.00034357497,0.00044313917
ef3tpw4,disgust,anger,0.32794774,0.30514777,0.007009177,0.03268779,0.30506665,0.022140937
ef3ueah,joy,joy,0.0005942274,0.00020087487,0.00046998187,0.99794453,0.00027152305,0.00051891635
ef3v9al,joy,joy,0.00083159836,0.00015149458,0.00032474432,0.9972155,0.0006444321,0.0008322311
ef3vol8,surprise,anger,0.4247487,0.26134133,0.049680438,0.014253404,0.16153154,0.08844457
ef3w0l7,joy,joy,0.00042741816,0.00025646336,0.0003685427,0.9982862,0.00018991643,0.0004715102
ef3wlut,anger,joy,0.0053451317,0.0010900944,0.0030410485,0.8312159,0.0014607289,0.15784706
ef3xh0a,joy,joy,0.0018538896,0.00025876993,0.00032249183,0.995952,0.0005216131,0.0010912173
ef3yciw,joy,joy,0.0027706125,0.00064466574,0.0002810298,0.98821276,0.00044668172,0.007644247
ef3ys8w,anger,anger,0.97746736,0.015418087,0.0008635671,0.0019158267,0.0031417806,0.0011933403
ef3zvz6,anger,anger,0.9640262,0.018242832,0.00133212,0.008729007,0.0048493813,0.002820339
ef40b29,anger,anger,0.76983386,0.006603912,0.0016201751,0.0461602,0.15679574,0.018986132
ef40dbx,sadness,sadness,0.0046518617,0.0021186576,0.0019162523,0.11300211,0.873676,0.0046350644
ef41t0w,joy,joy,0.056243625,0.0012110651,0.0063024783,0.9305004,0.0025979693,0.003144441
ef41v4r,joy,joy,0.00042256693,0.00020279073,0.0002456065,0.99820864,0.00021796726,0.00070245436
ef44go8,anger,anger,0.95845073,0.0047592283,0.00072263693,0.028416343,0.0015556767,0.0060953163
ef45pxs,surprise,surprise,0.0017740336,0.0008245256,0.00073648564,0.0014650553,0.0011982392,0.9940017
ef462vc,anger,surprise,0.2453316,0.0020669103,0.0011429201,0.080565125,0.0053104744,0.665583
ef464sd,surprise,surprise,0.0040375236,0.0009843783,0.000904738,0.0019577474,0.000568028,0.9915475
ef464wm,joy,joy,0.0003782962,0.0002915359,0.0004303923,0.99721634,0.0002226987,0.0014607445
ef46bel,joy,joy,0.00027664323,0.00022913782,0.00043816405,0.99789894,0.00025508547,0.00090202654
ef46end,joy,joy,0.0013364148,0.00018245132,0.00019078785,0.99663603,0.00067345914,0.0009807823
ef4703k,sadness,sadness,0.1474059,0.005376034,0.0032455788,0.009419266,0.82498187,0.009571317
ef47nlb,joy,joy,0.0012698947,0.00016317569,0.00018095765,0.9975987,0.00022643078,0.00056086865
ef489tq,anger,joy,0.013341547,0.000532853,0.00030724783,0.9834842,0.001088477,0.0012456889
ef492t3,joy,joy,0.0008558928,0.00020995247,0.00037469892,0.99573517,0.0011470184,0.0016772436
ef4aesn,sadness,anger,0.3321426,0.13119008,0.15840618,0.04211598,0.326072,0.010073202
ef4ao4f,surprise,surprise,0.002697632,0.0009985529,0.00083645724,0.0051635453,0.0008402827,0.98946345
ef4awhr,joy,joy,0.0003978136,0.00025209197,0.00023064528,0.99745256,0.00025509784,0.0014117982
ef4b8oj,sadness,joy,0.0013469511,0.00029225345,0.0019887397,0.97857934,0.01299628,0.0047964654
ef4be7x,joy,joy,0.0003610382,0.00027622702,0.00028931536,0.99816847,0.00022296747,0.00068204524
ef4byo4,anger,anger,0.9849775,0.0077445,0.00188616,0.0015730732,0.0020901388,0.0017286035
ef4c8qd,joy,joy,0.0003717863,0.0002240143,0.0002996405,0.99816704,0.00020975049,0.0007277525
ef4d2no,surprise,joy,0.05732337,0.00092820794,0.0010150168,0.87294555,0.010734736,0.057053063
ef4dib4,joy,joy,0.0015965782,0.001526599,0.002803508,0.87448275,0.11796363,0.001626923
ef4dp8e,joy,joy,0.00022832301,0.00018547753,0.00038047665,0.99776256,0.00087646866,0.00056666805
ef4e3zp,sadness,sadness,0.00072959834,0.0011280212,0.0014690651,0.003872876,0.98976433,0.003036099
ef4eh5e,joy,joy,0.0008299043,0.00031344435,0.0003158792,0.9978903,0.00025104714,0.00039941652
ef4fmqc,joy,joy,0.00027121915,0.00023045439,0.0004626062,0.9950429,0.00036916914,0.003623559
ef4g6zx,sadness,sadness,0.006457065,0.0039784824,0.0042983103,0.0030356527,0.9756849,0.0065455795
ef4gecy,joy,joy,0.00029209285,0.00020988859,0.00026844573,0.99829,0.00025173737,0.00068775535
ef4hd8o,joy,joy,0.0028503942,0.00041913046,0.0002795725,0.9946985,0.00034592827,0.0014064757
ef4i1lz,joy,joy,0.0012475641,0.00022186238,0.00051048666,0.9839265,0.00036566888,0.013727894
ef4i6i0,joy,joy,0.0033492735,0.00036977633,0.0002797382,0.9950659,0.0002971653,0.00063819607
ef4in4l,sadness,joy,0.003250361,0.0021682798,0.018412627,0.46624634,0.4352067,0.07471566
ef4ivfd,surprise,surprise,0.008054284,0.0013867206,0.00060570065,0.0009859256,0.00058879546,0.9883786
ef4ixny,surprise,joy,0.0014842033,0.0012321752,0.0020029275,0.81305915,0.0010964283,0.18112506
ef4jch9,joy,joy,0.00034007127,0.0001684997,0.0003006196,0.9974427,0.00026387602,0.0014840948
ef4jj65,sadness,sadness,0.0012583135,0.0018017566,0.0013702115,0.0017527211,0.99295384,0.00086321536
ef4k1i7,joy,joy,0.00054214196,0.00013024666,0.00030727516,0.9974005,0.0010256645,0.0005941853
ef4lyyq,joy,joy,0.0005723971,0.00013883148,0.00022211755,0.9978491,0.00027995507,0.00093762536
ef4m4kv,joy,joy,0.024112612,0.0003302099,0.00046184452,0.970076,0.0018404758,0.0031787795
ef4mktw,sadness,sadness,0.0027675845,0.002277565,0.0013058714,0.0009230143,0.9910591,0.0016667788
ef4n48q,joy,joy,0.00039780425,0.00019814626,0.00039841098,0.9978483,0.00021580773,0.0009414891
ef4n4vp,sadness,anger,0.9747977,0.0035712887,0.0013051842,0.0078058545,0.01117965,0.0013403009
ef4n7vb,joy,joy,0.001790857,0.0014381708,0.0032614595,0.7485796,0.0039996495,0.2409302
ef4oweb,joy,joy,0.3642088,0.036589917,0.0024853265,0.587547,0.0054294015,0.0037395065
ef4qayy,joy,joy,0.0014634683,0.00028957048,0.0002975789,0.99692434,0.00027258616,0.00075243576
ef4rb72,surprise,joy,0.045470156,0.0016571642,0.008531229,0.8956619,0.02920721,0.019472338
ef4rdyh,anger,anger,0.79113466,0.07399645,0.004977687,0.0023091398,0.12278169,0.0048003504
ef4rk55,joy,joy,0.002188171,0.0002793472,0.00034764528,0.99197465,0.0008513339,0.0043588504
ef4rxxi,sadness,sadness,0.0010551633,0.0008410146,0.0010678039,0.0021573503,0.99185514,0.0030235176
ef4sy2k,joy,joy,0.00038970448,0.00028232552,0.00034941934,0.9983393,0.00024662,0.00039258105
ef4tl6l,joy,joy,0.0021921461,0.0006958243,0.00031718178,0.99581784,0.0003650075,0.0006119529
ef4tymt,anger,anger,0.9735561,0.0051339483,0.00070153683,0.0016286906,0.007541325,0.011438292
ef4tyt6,joy,joy,0.00070690777,0.0003159082,0.0003861207,0.9977325,0.00022339803,0.000635084
ef4u0a4,joy,joy,0.000608276,0.00015744209,0.00029891793,0.9981342,0.00023454419,0.00056667504
ef4u1z2,anger,anger,0.9896068,0.004411337,0.0005675123,0.0027278576,0.001229951,0.0014564212
ef4ua8p,anger,anger,0.9845686,0.008503435,0.00088573986,0.001542023,0.0027453406,0.0017548191
ef4uq4t,fear,fear,0.0011391623,0.009595545,0.9808405,0.0020289721,0.003909574,0.002486212
ef4uslb,anger,anger,0.9568482,0.0026106362,0.0006336415,0.030831804,0.006553176,0.0025225645
ef4uwoi,joy,joy,0.0003792143,0.0001501963,0.00021274784,0.99827003,0.00036898794,0.0006187898
ef4x5ph,joy,joy,0.00039597828,0.00018986738,0.0002385421,0.99775237,0.00062814396,0.0007950732
ef4xaa7,joy,joy,0.0004937401,0.0003124397,0.00070981705,0.98725045,0.00061358634,0.010620002
ef4xkr4,surprise,surprise,0.0065527847,0.00071741507,0.00064299715,0.004285689,0.0010895326,0.9867116
ef4xlch,joy,joy,0.004061042,0.0007110709,0.0019830875,0.9774369,0.0012323768,0.014575453
ef4xz9j,anger,anger,0.97003853,0.0025793554,0.00038630288,0.02214095,0.0022154113,0.0026394883
ef4zuis,joy,joy,0.0004911857,0.00021465894,0.00033883518,0.99769443,0.00029183622,0.0009690249
ef503fd,surprise,surprise,0.002406758,0.0008091526,0.00061059324,0.0016141321,0.0005850486,0.9939744
ef52xpb,anger,anger,0.988739,0.0031121993,0.00042484573,0.0012232471,0.0018959198,0.004604823
ef53mz4,joy,joy,0.0003961815,0.00023047997,0.0004905401,0.99753165,0.00065048254,0.0007005662
ef56mkv,joy,joy,0.00060982176,0.0001419725,0.00020247525,0.99797493,0.00019569405,0.0008750527
ef5713u,joy,joy,0.00086093147,0.0003978472,0.000565008,0.9970831,0.00029381402,0.0007992431
ef57mbr,sadness,sadness,0.015967239,0.013720342,0.07523456,0.003251903,0.8615269,0.03029905
ef58vg7,anger,joy,0.1574935,0.0022979495,0.0014368288,0.44845977,0.06926198,0.32104993
ef59p5c,anger,anger,0.98778963,0.0039555165,0.0005802069,0.0039027543,0.0011154371,0.002656429
ef59yap,joy,joy,0.0002973455,0.00022481472,0.00032594881,0.99751043,0.0003593641,0.0012820659
ef5abzn,joy,joy,0.0004165568,0.00018650656,0.0002743488,0.99849296,0.0002240588,0.00040559424
ef5asbh,joy,joy,0.0006971483,0.0004682551,0.00027848393,0.99747914,0.0002959937,0.0007810238
ef5atuh,joy,joy,0.00040866743,0.00028213236,0.00033954147,0.9977715,0.00026408688,0.0009341007
ef5bqzb,joy,joy,0.0006776647,0.00017987339,0.00053144095,0.9971206,0.00045019737,0.0010402647
ef5c48g,fear,fear,0.008105812,0.027862841,0.955114,0.0018364833,0.003701848,0.0033789712
ef5ceh8,sadness,joy,0.0007744223,0.00020620797,0.00022872056,0.997364,0.0003300213,0.0010966217
ef5cqv9,joy,joy,0.0005957679,0.0002491741,0.00031893994,0.9978125,0.0002458124,0.00077779667
ef5dc8x,anger,joy,0.30935934,0.0036594782,0.0014910634,0.67281735,0.009543986,0.0031287733
ef5dwc6,anger,anger,0.9111017,0.003987538,0.0026323136,0.06496953,0.006259342,0.011049635
ef5glbc,joy,joy,0.00032600897,0.00017422184,0.00031663483,0.9978021,0.00020321022,0.0011778197
ef5h9tp,surprise,joy,0.00046630402,0.0003783245,0.0007846134,0.9915044,0.00034093478,0.006525432
ef5iofe,joy,joy,0.00037803475,0.00023598674,0.00032644873,0.9983993,0.00026452335,0.0003956452
ef5ipm1,anger,joy,0.0027039032,0.00033403063,0.00090743497,0.98526555,0.00087535474,0.00991373
ef5iuoe,joy,anger,0.97981447,0.003959733,0.00060361763,0.0105677815,0.0019449296,0.0031095499
ef5j0np,fear,fear,0.009044277,0.010244795,0.8903422,0.0404819,0.034654677,0.015232138
ef5jvg0,joy,joy,0.00046551964,0.00011973903,0.0003099873,0.9979091,0.00041351016,0.00078211044
ef5kcv1,joy,joy,0.0027429794,0.00034047535,0.00064169354,0.9952123,0.0002799678,0.00078261626
ef5l4ap,surprise,surprise,0.0017212256,0.00075523066,0.0009734918,0.0011379905,0.0009473089,0.9944647
ef5lzkr,joy,joy,0.00088644895,0.0001713233,0.00072271,0.9968491,0.0005401397,0.0008302632
ef5ms6k,anger,anger,0.97678226,0.002264488,0.0005693433,0.016534645,0.0020454484,0.0018038033
ef5oovf,anger,anger,0.94304204,0.00579973,0.00068736414,0.003172952,0.007546696,0.039751176
ef5pa4y,joy,joy,0.00029011155,0.0002778685,0.0003536443,0.99780184,0.0002719364,0.0010046733
ef5pc2m,joy,joy,0.00091028557,0.00017583878,0.0003828666,0.99267197,0.0007835546,0.0050755218
ef5q70p,joy,joy,0.0005441005,0.00018213634,0.000762307,0.99722385,0.00040258738,0.00088504463
ef5qdea,anger,anger,0.73915523,0.0039431294,0.0011412723,0.24633685,0.004392274,0.0050312234
ef5qexv,anger,anger,0.9468042,0.027495503,0.002219645,0.0013573589,0.019187583,0.002935647
ef5s5hk,surprise,surprise,0.0034747573,0.0012891613,0.0007697878,0.0009052533,0.0010139628,0.9925471
ef5s6wj,joy,joy,0.0011158101,0.0005421898,0.00044679205,0.99663514,0.0007376806,0.00052241434
ef5tfv7,joy,joy,0.00029249786,0.00021134538,0.000337705,0.998386,0.00022269895,0.0005497088
ef5ti4i,joy,joy,0.0047800886,0.00035320997,0.00038324075,0.98417145,0.00048190172,0.009830097
ef5unyx,anger,joy,0.02964565,0.0004770783,0.0016171506,0.94644254,0.017798712,0.0040188665
ef5v60c,joy,joy,0.00055229175,0.00018225865,0.00022688405,0.9974815,0.0008504644,0.00070664095
ef5wqa4,joy,joy,0.017785681,0.00254165,0.0009983703,0.91726786,0.0032167055,0.058189724
ef5x085,joy,joy,0.00043398203,0.0001505814,0.00031320532,0.99689925,0.00046958515,0.0017334137
ef5y0vh,surprise,surprise,0.024484847,0.00094045565,0.00095728535,0.0016241197,0.0014149338,0.9705784
ef5y9zz,joy,joy,0.0016820788,0.00038285775,0.0002361249,0.9965204,0.0003342756,0.00084428606
ef5zvg4,anger,anger,0.74588,0.017295156,0.007271751,0.0044785454,0.22012985,0.004944776
ef603fd,joy,joy,0.00039359808,0.00020370138,0.00034122315,0.9982002,0.0002984051,0.00056284555
ef60d6q,fear,fear,0.00125873,0.008923529,0.9693657,0.010109922,0.008457042,0.0018850714
ef60sbj,anger,anger,0.9409617,0.0056478945,0.001967074,0.027648529,0.0044395183,0.01933527
ef6124l,sadness,anger,0.4843961,0.0024804554,0.0019970709,0.07171537,0.056321044,0.38308996
ef615f2,anger,anger,0.9292799,0.04642051,0.0045167156,0.007437947,0.010471742,0.0018732132
ef621wo,joy,joy,0.0009408948,0.0008260063,0.00072850456,0.99492526,0.00029360596,0.0022856996
ef629xy,anger,anger,0.9789956,0.014511004,0.0012056363,0.0015583081,0.0020317738,0.0016976784
ef62ims,joy,joy,0.0024076598,0.00019118283,0.00024303008,0.99584526,0.00049702,0.00081590016
ef647m3,sadness,sadness,0.0026979016,0.0009153927,0.0008996441,0.022112744,0.9705164,0.0028579123
ef64or1,sadness,sadness,0.001203476,0.0013809815,0.0017981891,0.0019047079,0.9920506,0.0016621525
ef656po,surprise,surprise,0.001259362,0.0012717115,0.0014124248,0.0011176695,0.00079267,0.9941461
ef65g7z,joy,joy,0.0003333036,0.00019581804,0.00031446596,0.9983492,0.00024015727,0.0005670496
ef66r3r,joy,joy,0.0006709543,0.00014857789,0.0003350695,0.99763525,0.00033244072,0.0008777264
ef67mkc,joy,joy,0.000322096,0.00027334524,0.0005532215,0.99803156,0.00025257576,0.0005671677
ef67t9o,surprise,surprise,0.0019572675,0.0010186648,0.00083126687,0.0012924455,0.00059970404,0.9943006
ef67xn0,fear,fear,0.0029052699,0.011782114,0.95822036,0.007378376,0.002738991,0.016974919
ef697gw,surprise,surprise,0.0017086321,0.0008895931,0.0008821065,0.0027196624,0.0006756137,0.9931244
ef69z9d,surprise,surprise,0.0045387596,0.002121317,0.00075344904,0.0013384625,0.00083193026,0.99041617
ef6a58o,joy,joy,0.00065113464,0.00040980164,0.00064795074,0.9949477,0.00038113768,0.0029622857
ef6an0w,anger,anger,0.98463666,0.0040957252,0.0020503365,0.0024504715,0.0025335595,0.004233204
ef6bs84,joy,joy,0.0003007774,0.00016177069,0.00023179434,0.9984566,0.00034486587,0.0005042118
ef6c4f3,fear,fear,0.0031785783,0.019961843,0.9690383,0.0016723459,0.0019823269,0.004166561
ef6e8gu,surprise,surprise,0.0021411174,0.00063601503,0.0006457819,0.0023869702,0.0012217109,0.9929684
ef6ejan,anger,anger,0.98643756,0.002652044,0.0007048867,0.0032188583,0.0023969964,0.0045896927
ef6ezm0,joy,joy,0.004265005,0.00032030637,0.00027374015,0.9837181,0.0036829072,0.007739889
ef6f3jd,joy,joy,0.00059980364,0.00033891815,0.00023443835,0.9968382,0.0014913842,0.00049714564
ef6fws0,anger,disgust,0.37941036,0.51140803,0.046172123,0.006488441,0.031542487,0.02497847
ef6g9dl,surprise,surprise,0.031671364,0.0021508418,0.0007796692,0.0015185156,0.00782088,0.9560587
ef6goma,joy,joy,0.00045211695,0.00026809197,0.0005226892,0.9909071,0.00029046735,0.007559614
ef6gvdx,joy,sadness,0.0076516336,0.002052623,0.0040546022,0.4109708,0.5727552,0.0025151302
ef6hf7v,joy,joy,0.00048461015,0.0002421123,0.00023185596,0.9980565,0.00018172603,0.00080319546
ef6hgjx,joy,joy,0.00045507133,0.00018590092,0.00030217436,0.9982192,0.0001924771,0.0006451374
ef6hvk6,joy,joy,0.0016689183,0.0023580107,0.0034558293,0.72205204,0.26838076,0.002084411
ef6ipvq,joy,joy,0.0004519399,0.00034343466,0.00043768543,0.99713993,0.0002710985,0.0013559309
ef6jhmm,surprise,surprise,0.0015654379,0.0010730621,0.00084346655,0.0010130511,0.00060527655,0.9948997
ef6jmgz,anger,anger,0.86772245,0.005154886,0.003935669,0.060527213,0.024043877,0.038615916
ef6k6v6,joy,joy,0.00030684393,0.00018209295,0.00028813173,0.9984744,0.00025468695,0.00049386994
ef6lf2z,sadness,fear,0.060879663,0.023415182,0.80698854,0.006101928,0.06415969,0.03845498
ef6m5ty,sadness,sadness,0.0012643548,0.0016884403,0.015456411,0.047467783,0.9320613,0.0020616448
ef6mb8l,joy,joy,0.00064600416,0.00034435288,0.00035300595,0.997886,0.00019535255,0.0005753477
ef6nasx,surprise,surprise,0.0033263573,0.0009239539,0.00066057703,0.001096305,0.0008401127,0.99315274
ef6obiu,surprise,surprise,0.005851691,0.0006771383,0.00063368154,0.0019773252,0.0016900946,0.98917
ef6oeue,joy,joy,0.0009021899,0.0007422138,0.00074562954,0.9855296,0.0005470166,0.011533342
ef6omhu,sadness,sadness,0.0010450137,0.0017936841,0.0011377335,0.002342582,0.99166393,0.002017105
ef6pa0v,anger,anger,0.91278845,0.01095981,0.0018725495,0.0074607157,0.064018466,0.0029000319
ef6pl5j,joy,joy,0.0003749556,0.00020856499,0.00031946294,0.9981086,0.00020732971,0.0007809813
ef6pxrj,joy,joy,0.07856072,0.0024104912,0.0023624664,0.72897804,0.0018096081,0.1858787
ef6qe4j,joy,joy,0.019086367,0.02334471,0.44257975,0.46160287,0.04884495,0.00454137
ef6rtt3,joy,joy,0.00032619917,0.00019458692,0.00035796207,0.9982014,0.00045520233,0.00046470127
ef6s31f,surprise,sadness,0.0016355435,0.0024999257,0.010155215,0.018621298,0.96593016,0.0011577755
ef6swev,joy,joy,0.0007143151,0.0001344299,0.00034399348,0.99732,0.0005104627,0.0009767786
ef6txos,joy,joy,0.00045963557,0.00048397112,0.0012467314,0.994733,0.00033498308,0.0027416386
ef6u17c,joy,joy,0.0006198369,0.00017499342,0.00037932603,0.99762183,0.00022857991,0.0009753966
ef6xdiq,surprise,surprise,0.004118447,0.00073516084,0.000566847,0.001309592,0.0010284558,0.9922415
ef6yb1h,surprise,surprise,0.002472069,0.0008288267,0.0009616502,0.0012076737,0.00089754566,0.99363226
ef6yq1b,disgust,disgust,0.021719784,0.92015934,0.01891694,0.014232393,0.01863092,0.0063405824
ef6yynm,joy,joy,0.00059218943,0.0001595749,0.00027519139,0.99789375,0.00032009,0.0007592726
ef6zbv1,surprise,surprise,0.0028160906,0.00082935113,0.00059592305,0.001164904,0.0007593404,0.9938344
ef6zxuk,joy,joy,0.00070535904,0.00037449974,0.00042250083,0.9959621,0.00033079524,0.0022047842
ef712mo,joy,anger,0.7014666,0.003538356,0.0008715123,0.28554997,0.0061383997,0.0024351184
ef71obj,anger,anger,0.8323801,0.005121911,0.0028106268,0.14232382,0.006955801,0.010407641
ef71pfk,joy,joy,0.02961768,0.0024979054,0.0014216832,0.9623637,0.00055381336,0.0035452691
ef71qb5,joy,joy,0.00028199202,0.00015186249,0.000529132,0.9971124,0.0003116902,0.0016129529
ef72ea5,joy,joy,0.00045236136,0.00015160315,0.0002258887,0.9982863,0.00027860032,0.00060527446
ef72ffo,joy,joy,0.0003777474,0.0001999293,0.00034359703,0.9973303,0.00017888335,0.0015695452
ef72y94,surprise,anger,0.73972756,0.009380302,0.0014412099,0.107317284,0.042933166,0.099200465
ef73999,anger,anger,0.9510044,0.00396541,0.0014463525,0.021352844,0.019876393,0.0023546834
ef73ku9,joy,joy,0.00063695566,0.00033274156,0.0003923141,0.99612695,0.0005019422,0.002009085
ef73u74,joy,joy,0.0002888423,0.00024965053,0.00043513946,0.99779356,0.0002045089,0.0010283492
ef751gu,anger,anger,0.9866795,0.0038810575,0.000337613,0.002514105,0.0020365962,0.0045511844
ef75fc6,joy,surprise,0.19162178,0.0035019726,0.0020220967,0.14702252,0.23652118,0.41931057
ef75xoy,joy,joy,0.00048873475,0.0002556557,0.00026310433,0.99790597,0.00019018604,0.0008963761
ef76egq,joy,joy,0.0071692183,0.0017581647,0.0014213639,0.5747117,0.0022823394,0.41265726
ef76jd9,anger,anger,0.9827952,0.009071149,0.0008019176,0.0035092803,0.0022888752,0.0015334713
ef76vdw,disgust,joy,0.0011139098,0.00017000506,0.00056646555,0.99403495,0.0005717466,0.003542896
ef7964j,joy,joy,0.00052388717,0.00013810849,0.0002042975,0.9983431,0.00022378197,0.0005667823
ef79hcp,joy,joy,0.0007604697,0.00018466268,0.00023446808,0.9981949,0.00022967228,0.00039588005
ef79xfa,joy,joy,0.0032104915,0.00026563014,0.00017906606,0.9942899,0.00036776587,0.0016871498
ef79ylr,joy,joy,0.0011381794,0.00016837627,0.0006518508,0.99415094,0.00028811407,0.0036025061
ef7agj1,joy,joy,0.0007634215,0.00029737828,0.0007154668,0.99076533,0.0003978824,0.0070605045
ef7amjn,joy,joy,0.005073996,0.00045658104,0.00062922906,0.9913368,0.0008231676,0.0016801461
ef7bmss,joy,joy,0.00058287045,0.00026862754,0.00039227033,0.99776554,0.00029975997,0.00069083704
ef7byck,joy,joy,0.0012279497,0.00017462092,0.0005503629,0.9952106,0.0018201132,0.0010163818
ef7cgjr,joy,joy,0.0003206729,0.00020872473,0.00039633384,0.99830085,0.00025853037,0.0005149143
ef7dfoc,joy,joy,0.015572573,0.0023467408,0.00097418606,0.9729504,0.0073114075,0.0008446446
ef7djlb,joy,joy,0.0004079365,0.00022206637,0.00034714604,0.9982015,0.00020350513,0.0006177912
ef7e67u,sadness,joy,0.022520406,0.0009915557,0.001253203,0.77645844,0.006070506,0.1927059
ef7ffi6,anger,anger,0.9851854,0.009003965,0.0007608897,0.0022496167,0.001201865,0.001598249
ef7flwe,disgust,disgust,0.055007566,0.81329316,0.041492697,0.009827924,0.019149166,0.061229527
ef7g5dg,anger,surprise,0.08191031,0.0039067785,0.0039115245,0.0026477983,0.098388806,0.8092348
ef7ghie,joy,surprise,0.03503809,0.002386201,0.0025044128,0.21972643,0.007947531,0.7323973
ef7h94p,joy,joy,0.0027484768,0.00064723997,0.00048055826,0.97237647,0.0004054411,0.02334182
ef7hkvf,anger,surprise,0.045399223,0.0021359574,0.0014542035,0.12183186,0.0018007503,0.82737803
ef7hpoq,joy,joy,0.00075857004,0.00027275982,0.0006277306,0.98390305,0.0004847205,0.013953149
ef7hr99,joy,joy,0.00042450047,0.00028920794,0.00032298235,0.99824154,0.00026923156,0.00045250825
ef7i3ew,joy,joy,0.0003285706,0.00020575528,0.00039475257,0.99833894,0.00026904684,0.00046298868
ef7j41b,joy,joy,0.00033667535,0.00016598306,0.00041375065,0.9981895,0.00032750977,0.00056659733
ef7jlf9,joy,joy,0.0019519244,0.00023169277,0.0002873608,0.98496765,0.0003811618,0.012180202
ef7k88s,anger,anger,0.9565352,0.002731934,0.00064176513,0.033517282,0.004940067,0.0016338408
ef7kcvv,anger,joy,0.022442037,0.0008725501,0.00073012104,0.94282657,0.023110578,0.010018144
ef7kl8s,joy,joy,0.00033074175,0.000225945,0.0005569859,0.9975967,0.00026641038,0.0010232178
ef7l8y6,surprise,surprise,0.0040426343,0.0012238321,0.0010378151,0.13045594,0.0012209025,0.86201876
ef7lman,joy,anger,0.96008176,0.007446688,0.00057443016,0.018092899,0.0076582725,0.0061459146
ef7lwnw,joy,joy,0.0005427642,0.00018797336,0.0005343293,0.9977366,0.0003661449,0.0006322322
ef7m13x,anger,anger,0.57781404,0.24765934,0.011540381,0.08149038,0.054180488,0.02731541
ef7mikd,joy,joy,0.0052148895,0.00050749263,0.0012997708,0.979711,0.0026219948,0.010644864
ef7nbva,joy,joy,0.00048750782,0.00016868711,0.0002198725,0.9982323,0.0003211626,0.0005705355
ef7o5l3,sadness,joy,0.0070537217,0.0022770395,0.0032803728,0.63120043,0.095166005,0.2610224
ef7o622,joy,joy,0.00030174074,0.00014250734,0.0003070056,0.99800056,0.00027694937,0.00097113254
ef7ojsn,anger,anger,0.9727728,0.0048008687,0.0005116769,0.014499448,0.002389888,0.005025328
ef7pww4,sadness,sadness,0.0011808437,0.0015056173,0.0013742311,0.0019175478,0.99330103,0.000720702
ef7qwwd,joy,sadness,0.004630487,0.003692408,0.0011144079,0.0036421288,0.98582655,0.0010939372
ef7r2d2,sadness,anger,0.88842845,0.0047063385,0.00089908135,0.030923482,0.0060761627,0.068966426
ef7rbgq,anger,joy,0.09390124,0.0017898374,0.0012881239,0.6960362,0.027792813,0.17919178
ef7sdf8,sadness,anger,0.9148348,0.004122819,0.0023663787,0.009705094,0.05606765,0.012903232
ef7sst3,surprise,surprise,0.0010908853,0.0009676107,0.001060294,0.0059579466,0.00075305166,0.9901703
ef7tdmb,sadness,sadness,0.0008853042,0.0012870876,0.001978465,0.0012428007,0.99379456,0.00081172853
ef7tq87,joy,joy,0.00035363573,0.00020199752,0.00031237185,0.9984681,0.00026187056,0.00040193906
ef7u7oy,joy,joy,0.00034639274,0.00025038343,0.00032279486,0.9983311,0.00023613406,0.0005132165
ef7uoxi,joy,joy,0.009026755,0.0002812171,0.00056695926,0.98705405,0.001498453,0.0015725765
ef7vh6z,joy,joy,0.0002794162,0.0001984949,0.00046717696,0.9981085,0.0005329795,0.00041343507
ef7w0dl,surprise,surprise,0.0031799595,0.0010862871,0.0006518851,0.0010238519,0.0011603605,0.9928976
ef7wwn9,surprise,surprise,0.0016300329,0.0006845754,0.0006965825,0.0041362047,0.0007406824,0.9921119
ef7xk7p,joy,joy,0.0004539903,0.00015326974,0.00020992188,0.99805033,0.0003816053,0.00075084524
ef7xz32,joy,joy,0.00038002178,0.00024330927,0.0002784669,0.9979672,0.0002511206,0.00087984913
ef7yf27,anger,anger,0.92968416,0.04174048,0.01561746,0.007824835,0.0027472945,0.002385876
ef7yg67,joy,joy,0.00046475334,0.0003626278,0.0004608429,0.9977012,0.00019911697,0.0008113829
ef7yrce,joy,joy,0.0005011148,0.00014264642,0.00018963203,0.99818206,0.00025642142,0.0007280867
ef7z01j,surprise,surprise,0.04338085,0.0014106812,0.0010460468,0.0063397135,0.0031652488,0.94465744
ef7zc5q,joy,joy,0.005985856,0.00041068235,0.00022132098,0.99210525,0.00040142363,0.0008754625
ef80m8g,joy,joy,0.00056917215,0.00015542461,0.00037921945,0.996151,0.00042105612,0.0023242063
ef81g1e,disgust,anger,0.98123264,0.0118105775,0.00067445653,0.002360128,0.0025719034,0.0013503026
ef81r8m,sadness,sadness,0.0055120415,0.0020636525,0.00076559937,0.0027919393,0.9872515,0.001615356
ef81uv3,joy,joy,0.00053192925,0.00027049918,0.00030500122,0.9977375,0.00018930803,0.000965703
ef8237q,joy,joy,0.00036594688,0.00018508719,0.00033109877,0.9983107,0.00018559978,0.00062159693
ef829gg,joy,joy,0.0007544957,0.00018987384,0.0005515291,0.99715567,0.00035827985,0.0009901249
ef82kp3,surprise,surprise,0.005217763,0.0017611875,0.0027145143,0.48075855,0.003780162,0.5057678
ef8307s,joy,joy,0.0023428309,0.0004166896,0.00017809072,0.9956885,0.0007457045,0.00062814023
ef83mgq,joy,joy,0.0006788889,0.00044454102,0.0005003083,0.98482263,0.00032088906,0.013232706
ef84crr,surprise,joy,0.0032505002,0.0007285776,0.0013664941,0.9663322,0.00040171822,0.027920526
ef84gpo,joy,joy,0.0010194607,0.0004973364,0.0006715789,0.96734536,0.028733505,0.0017328055
ef85xv7,joy,joy,0.00040350863,0.0002656254,0.0003415134,0.9980856,0.0001725139,0.0007312394
ef86bnr,joy,joy,0.00053919014,0.00023242486,0.00024819013,0.998338,0.00021094178,0.00043132555
ef874dy,anger,anger,0.8999988,0.0034042746,0.0006593235,0.011694502,0.0075938986,0.076649286
ef87j6f,joy,joy,0.00053971773,0.00024953738,0.00030344073,0.997718,0.00020388217,0.0009855215
ef88ag9,joy,joy,0.00035729771,0.00020314254,0.00032743972,0.998431,0.00026388722,0.00041723187
ef88l23,joy,joy,0.000543044,0.00019192683,0.0002556645,0.9981468,0.0004996,0.00036308446
ef89hr8,surprise,surprise,0.0046379287,0.0010163165,0.0012823935,0.042544376,0.0010868727,0.94943213
ef8b1z0,joy,joy,0.00040358125,0.0002484299,0.00030924793,0.9965635,0.0002835238,0.0021917582
ef8cf0d,joy,joy,0.09749778,0.005410455,0.002066989,0.60753757,0.06675062,0.22073662
ef8cogj,joy,joy,0.00047720605,0.00021392376,0.000983615,0.9969037,0.0009059649,0.0005155155
ef8cq4j,anger,anger,0.97065663,0.015421532,0.0011899887,0.0071222195,0.003972699,0.0016368572
ef8eqnu,sadness,sadness,0.0019843415,0.0014668349,0.0010017274,0.0027186712,0.99188614,0.00094225706
ef8eudv,joy,joy,0.00884266,0.0008373895,0.0020835132,0.575626,0.004884138,0.40772626
ef8eyly,joy,surprise,0.0021262597,0.0013899484,0.0013906399,0.026607126,0.0013679863,0.9671181
ef8fpqu,surprise,surprise,0.0045845676,0.0008993328,0.00079015194,0.0014863083,0.0045887474,0.98765093
ef8h1do,disgust,disgust,0.029791988,0.9047121,0.040835194,0.009848059,0.010389673,0.0044230027
ef8hcb6,sadness,sadness,0.0016467547,0.00257247,0.0022813375,0.0012994925,0.9914069,0.0007930419
ef8i7kf,joy,joy,0.00041832033,0.00033749497,0.00041954167,0.99778986,0.0002748176,0.00075985526
ef8ijup,sadness,sadness,0.0012435027,0.003907474,0.0030584985,0.001087628,0.9897683,0.00093452696
ef8kha5,sadness,sadness,0.0012122797,0.0013257454,0.0018448638,0.02077453,0.9736753,0.0011673878
ef8l8d3,anger,joy,0.1984126,0.0011831584,0.0019348507,0.7152196,0.023654955,0.05959477
ef8lg9h,joy,joy,0.0005416513,0.0001987979,0.00029785183,0.99524975,0.0023869153,0.0013250508
ef8mj6u,joy,joy,0.00037901354,0.00016027212,0.00022852983,0.9984092,0.00028440994,0.00053862884
ef8mk11,anger,anger,0.9693637,0.004852498,0.006270996,0.008688098,0.00823295,0.002591763
ef8mv8u,joy,joy,0.00043213976,0.00015772058,0.00043926074,0.9976794,0.00064730836,0.0006442027
ef8nzih,joy,joy,0.0009046393,0.00019297203,0.0006205431,0.9944089,0.00041054958,0.0034624091
ef8pdow,joy,joy,0.00027790928,0.00025369847,0.00040325214,0.9969447,0.0006948511,0.0014255842
ef8plhl,joy,joy,0.0005808354,0.0002974335,0.0007246262,0.9934521,0.0005005417,0.0044444758
ef8pnce,joy,joy,0.0067182155,0.0024636157,0.0015225819,0.51984847,0.001984827,0.46746233
ef8pznw,joy,joy,0.00037709583,0.00019757567,0.000319348,0.9983454,0.00023993291,0.0005206123
ef8tvlp,joy,joy,0.0005240052,0.00019370628,0.00041742713,0.9980489,0.00039369625,0.00042220348
ef8v5wh,surprise,surprise,0.003943323,0.001129173,0.0009412713,0.023671662,0.00079811225,0.9695164
ef8x96j,joy,joy,0.005081217,0.00029424616,0.00019579721,0.9930928,0.0007438187,0.00059213076
ef8xde8,anger,anger,0.9400474,0.003016097,0.0018335584,0.014701266,0.01001534,0.030386265
ef8xlar,sadness,sadness,0.004090925,0.0021330833,0.0031320567,0.008565618,0.8930428,0.08903555
ef8xzmn,anger,anger,0.9843375,0.004798845,0.0027448453,0.0027115971,0.0020875102,0.0033196195
ef8z9nr,fear,sadness,0.0053759348,0.005337198,0.045086015,0.0010427497,0.9376915,0.0054666507
ef904sf,joy,joy,0.00050602976,0.00017826716,0.00030217308,0.99765366,0.00038697248,0.0009729564
ef906at,joy,joy,0.00045334332,0.0001512566,0.00024362517,0.99775827,0.0008492478,0.00054414844
ef90wtx,surprise,surprise,0.004199896,0.000928185,0.00052469166,0.008360982,0.00055297854,0.9854333
ef91fxn,joy,surprise,0.19986254,0.0045407205,0.00249605,0.053444643,0.031366944,0.7082891
ef91h14,anger,anger,0.948208,0.003177795,0.0006373201,0.005827773,0.037085038,0.0050641205
ef91jtr,joy,surprise,0.0019406261,0.0022109682,0.002989355,0.13962336,0.0013641788,0.8518715
ef9247g,joy,joy,0.006006525,0.0009646292,0.0044881185,0.9307681,0.006517715,0.051254872
ef92h73,anger,anger,0.79970324,0.16942926,0.0050064893,0.015462932,0.0071796114,0.0032184764
ef92ona,surprise,surprise,0.004125167,0.0012036504,0.0025678105,0.012979451,0.011018962,0.96810484
ef92vm2,anger,anger,0.98141795,0.0029847978,0.00089338026,0.002806861,0.0019560487,0.009941017
ef934g5,anger,anger,0.4802749,0.0068692677,0.04687675,0.082282804,0.36670238,0.016993914
ef938yu,sadness,sadness,0.29749903,0.0101923635,0.003468202,0.07761592,0.5998726,0.011351876
ef941y4,surprise,surprise,0.0067391903,0.00064577226,0.0007347765,0.001915729,0.0011670203,0.9887975
ef95ek1,sadness,sadness,0.101648934,0.0031525758,0.0015869275,0.14563748,0.6793669,0.06860724
ef95gxb,surprise,joy,0.010677352,0.0025172883,0.0011333514,0.75184256,0.0023934736,0.23143597
ef95izn,joy,joy,0.00036758147,0.00022122191,0.00028432344,0.9983662,0.00032765648,0.00043305216
ef95ppg,joy,joy,0.0007543753,0.00018542027,0.00030457843,0.9973127,0.00034654728,0.0010962768
ef961d1,joy,anger,0.8983284,0.0057281675,0.0017106998,0.034394816,0.052299835,0.007537962
ef9684z,joy,joy,0.00068245834,0.0004660871,0.0005653167,0.99590355,0.0005127606,0.0018699181
ef98qb0,surprise,sadness,0.02461494,0.007975952,0.025545059,0.011072925,0.9071533,0.023637729
ef9a1z6,joy,joy,0.00048382764,0.00031380207,0.0028906253,0.9910477,0.0041972185,0.0010668628
ef9aahr,joy,joy,0.00074463035,0.00012926514,0.00028592916,0.99672925,0.0005795165,0.0015313986
ef9ahid,joy,joy,0.0005325021,0.00027116016,0.00029700482,0.9982621,0.00020546942,0.00043173
ef9aoxl,disgust,disgust,0.17833534,0.34823826,0.015348388,0.1100258,0.016827332,0.33122486
ef9arms,disgust,anger,0.34946156,0.11327126,0.004274428,0.23950829,0.26229414,0.031190315
ef9e6q1,anger,anger,0.84385574,0.0030122881,0.0012938799,0.031434264,0.007926524,0.1124773
ef9ebro,anger,sadness,0.17583126,0.01428834,0.0018906423,0.038430158,0.761598,0.00796167
ef9er31,joy,joy,0.00047811895,0.0002104497,0.00045119735,0.99804485,0.00037315322,0.00044221414
ef9fcav,joy,joy,0.0003099806,0.00015667429,0.0002762591,0.99820065,0.0003949195,0.00066157227
ef9i49x,surprise,surprise,0.052278712,0.0019093563,0.0031676,0.002290272,0.014647943,0.9257062
ef9jlos,joy,joy,0.00046422856,0.0002064866,0.00027901397,0.9982498,0.00026767259,0.00053275237
ef9k7r1,joy,joy,0.044683494,0.0057926774,0.00864218,0.7813063,0.052873407,0.10670192
ef9ku8t,anger,anger,0.89588046,0.0012905883,0.0006008628,0.035149943,0.016426384,0.050651822
ef9l3v1,surprise,surprise,0.0049854233,0.0010850027,0.0005997031,0.0011402826,0.00049480936,0.99169487
ef9lvyt,anger,anger,0.9845466,0.0023248442,0.0006745807,0.005131032,0.004448727,0.002874132
ef9m1lc,joy,joy,0.00048001722,0.0002561005,0.000249497,0.9975261,0.00022926793,0.0012589562
ef9mrbo,joy,joy,0.00052576733,0.00014282537,0.00019656029,0.9982399,0.00030769012,0.0005872066
ef9of3l,anger,anger,0.7898611,0.0052833455,0.002618502,0.1795545,0.015334658,0.0073479735
ef9ol7b,surprise,surprise,0.010588502,0.001045203,0.0007589951,0.0056660296,0.0040377625,0.97790354
ef9otfl,joy,joy,0.044958342,0.0010169818,0.0020884804,0.8841382,0.0157857,0.052012302
ef9qzcn,sadness,sadness,0.001293689,0.001859709,0.0017139218,0.009051695,0.98437595,0.0017049724
ef9rjqp,joy,joy,0.00072743726,0.00015035164,0.0005399669,0.99650466,0.0006569251,0.0014207293
ef9rq49,surprise,surprise,0.2453257,0.0020238694,0.0010318024,0.006175936,0.0051271208,0.74031556
ef9s84u,joy,joy,0.07786432,0.1390749,0.19426775,0.49897346,0.065623984,0.024195662
ef9spvc,joy,joy,0.005603513,0.0006023172,0.0003601828,0.9776253,0.0050717415,0.010736861
ef9tfnc,joy,joy,0.0009501824,0.00021440664,0.0002301452,0.9979569,0.00021733822,0.00043110127
ef9vx2w,anger,joy,0.15507917,0.0032076489,0.0027405538,0.8274833,0.00436533,0.007124
ef9vzrk,anger,anger,0.9880981,0.0049857893,0.0014093487,0.0020524403,0.0020513874,0.001402878
ef9w3om,anger,anger,0.9863201,0.006832896,0.0014411849,0.0024129367,0.00145089,0.0015420418
ef9wmeh,joy,joy,0.00039099387,0.00021634865,0.00029505664,0.9981957,0.00023275682,0.0006692228
ef9xe72,surprise,surprise,0.3257041,0.0060474295,0.0010708326,0.029763363,0.011269118,0.6261451
ef9y741,anger,sadness,0.23747154,0.0071674073,0.0063375286,0.015729561,0.727501,0.0057929736
ef9ybl8,joy,joy,0.09570635,0.0028138594,0.00040643048,0.88884115,0.008436866,0.0037953677
ef9yhnp,joy,joy,0.31257725,0.0013526705,0.0014136102,0.60409045,0.0054912856,0.07507473
ef9zo0p,joy,joy,0.00043630812,0.00016500766,0.00026297758,0.9980751,0.00025982058,0.00080076867
efa039k,surprise,surprise,0.0018336178,0.0007919443,0.00082182186,0.0029236567,0.0005095343,0.9931195
efa1xx2,joy,joy,0.0061469525,0.0012138927,0.0002734787,0.9903583,0.0009457173,0.0010617333
efa2ct9,anger,joy,0.00052557164,0.00019898241,0.00024993953,0.9980344,0.0002583451,0.00073269533
efa32p3,surprise,surprise,0.003104191,0.00051495223,0.00059885596,0.0029086405,0.00087606796,0.9919973
efa36cl,joy,joy,0.0003737935,0.00018066392,0.00025837554,0.9982206,0.00027218988,0.00069432886
efa3fns,sadness,anger,0.9504363,0.0125009315,0.00053321326,0.006536627,0.024032803,0.005960133
efa46lf,sadness,anger,0.9723479,0.009208854,0.0010381358,0.010334373,0.0049072034,0.0021635164
efa4gh9,joy,joy,0.0018751215,0.00046064376,0.00034115202,0.980525,0.00042285558,0.016375303
efa4uk8,anger,anger,0.42343482,0.08859964,0.004448187,0.079928145,0.3798742,0.023715023
efa6390,anger,anger,0.97707933,0.009589181,0.0005048577,0.0065300833,0.0041018855,0.0021947864
efa69r1,joy,joy,0.00045788242,0.00020829157,0.00034751586,0.997797,0.0002938357,0.0008955793
efa9od0,joy,joy,0.0029669097,0.0011829316,0.0015661655,0.6226025,0.003889969,0.36779144
efa9tad,joy,joy,0.00044195284,0.0001742671,0.00028001438,0.99821556,0.00029351804,0.000594647
efaa1ae,joy,joy,0.0014600548,0.0014893105,0.00071017764,0.99327576,0.0016025751,0.0014621281
efaa36u,joy,joy,0.0004886331,0.00021426506,0.00038465703,0.9979553,0.00028505686,0.0006720525
efaa9ld,anger,sadness,0.0013003947,0.0011006303,0.0013192804,0.0013500614,0.9938002,0.0011293117
efaaoid,joy,joy,0.0018455689,0.00057011755,0.0011957627,0.9482027,0.0020330308,0.0461528
efabhr7,joy,joy,0.00031772914,0.00019022878,0.00030216988,0.99798167,0.00020995227,0.0009982623
efac05a,surprise,surprise,0.006674701,0.0011199645,0.00056450523,0.001178166,0.00085568224,0.9896069
efacciv,joy,surprise,0.003479257,0.0009612223,0.0009243729,0.093624,0.0012168608,0.89979434
efacted,surprise,surprise,0.055955563,0.0011776615,0.001241139,0.004348514,0.001782723,0.9354945
efacy5s,joy,joy,0.0004920544,0.00022786098,0.0003721875,0.9978205,0.000708827,0.00037850623
efadsaf,joy,anger,0.9650898,0.0013957208,0.0010194302,0.021269388,0.0035905733,0.0076350993
efadtgq,joy,joy,0.0005776494,0.00020581362,0.00047340943,0.9928237,0.00059655635,0.0053228526
efafitb,anger,anger,0.99090225,0.002852212,0.0005343322,0.0014429798,0.0021901634,0.0020781632
efagmsa,joy,joy,0.0038274617,0.00014952812,0.00021190404,0.99309194,0.0010207732,0.001698301
efaht4q,joy,joy,0.00093773415,0.00029751504,0.00025841728,0.99751675,0.0006164531,0.00037315197
efaj94g,joy,joy,0.00030972122,0.0005119493,0.0015624348,0.98199075,0.0015550365,0.01407005
efajqbd,sadness,surprise,0.14019601,0.002655221,0.01597276,0.02151449,0.21042164,0.6092399
efakm1x,joy,joy,0.078956686,0.0046959077,0.006879628,0.8133224,0.03529359,0.060851786
efal2f0,joy,joy,0.00038051055,0.00020024285,0.00064496725,0.9938725,0.0031910874,0.0017106597
efal6xm,joy,sadness,0.003090435,0.0014724946,0.0031277216,0.003404949,0.9861995,0.0027049659
efalwaw,joy,joy,0.00080759864,0.0004142453,0.000283475,0.9974891,0.0004772866,0.00052840693
efamq4e,joy,joy,0.0003866553,0.00027213874,0.00041735283,0.998072,0.00039307395,0.00045874022
efan4ph,joy,joy,0.09357973,0.0052942997,0.00093744986,0.81886995,0.033842135,0.04747647
efapmhk,anger,anger,0.9711169,0.007725697,0.0021614782,0.00939322,0.004485141,0.0051175505
efaq8i5,joy,joy,0.0004162081,0.00024961078,0.00028560733,0.99809533,0.00030095692,0.00065232406
efaqwhx,joy,joy,0.00037519727,0.00028661042,0.00039681388,0.998103,0.00020824562,0.0006300542
efar486,sadness,joy,0.009623864,0.00025889583,0.00044834646,0.9800168,0.003844442,0.00580762
efar4gd,anger,anger,0.98921597,0.0046477723,0.00086406025,0.0020064001,0.0017268717,0.0015389296
efarggc,anger,joy,0.2821826,0.0074781496,0.0018312846,0.61379886,0.027989058,0.06672007
efarp72,anger,anger,0.9829465,0.010462866,0.0008603093,0.0018580226,0.0026783417,0.001194055
efas4k4,anger,surprise,0.01128569,0.00062827405,0.00095754594,0.0062295487,0.0031345028,0.9777645
efasojw,joy,joy,0.0014999574,0.00015497643,0.0002577934,0.9968077,0.00030071713,0.0009788864
efat5t8,anger,anger,0.98539805,0.0020074884,0.0006595336,0.0067848656,0.0026713368,0.002478694
efau5j8,anger,anger,0.91624063,0.013711829,0.0061212163,0.0034073063,0.058746,0.0017729674
efauria,joy,joy,0.23545769,0.002466918,0.0034041437,0.69843835,0.008018322,0.05221457
efautyj,joy,joy,0.0005135666,0.00019644952,0.00021961809,0.9981199,0.00018848079,0.00076197943
efauvos,joy,joy,0.003960571,0.000334181,0.00039818717,0.9914028,0.00058592274,0.0033183028
efav27a,joy,joy,0.0005832243,0.00031183797,0.00031489306,0.99795914,0.00024778832,0.00058317254
efavqq3,joy,joy,0.00057484733,0.00015980292,0.00022674548,0.99822897,0.000280964,0.00052875414
efaxy0o,joy,joy,0.00032920032,0.00015734436,0.00026758233,0.99803215,0.0005582301,0.00065552804
efay907,joy,joy,0.0006717266,0.00020688867,0.00021476203,0.9980755,0.00026075973,0.0005703833
efaymbj,joy,joy,0.0004270451,0.00033278833,0.00038546367,0.99768364,0.00034596908,0.0008250825
efayvtz,anger,anger,0.972626,0.0047916346,0.001427444,0.004587693,0.008577199,0.007990107
efaz9mo,anger,anger,0.5180294,0.0046658204,0.0009098407,0.034038387,0.006475172,0.4358815
efb0qog,joy,joy,0.001376041,0.00034868778,0.00029470152,0.9970885,0.00033144894,0.00056059856
efb25ky,joy,joy,0.24402992,0.0021689453,0.0028972437,0.723703,0.011102209,0.016098639
efb2f53,joy,joy,0.0035531889,0.00022167597,0.00032566738,0.99422556,0.0004430821,0.0012308041
efb39v8,joy,joy,0.0005158754,0.00019040056,0.0002466868,0.99696726,0.00027258176,0.0018071888
efb50zf,joy,joy,0.00070720527,0.0002781349,0.00038724512,0.99667656,0.00020349269,0.0017473578
efb68h1,sadness,anger,0.74162155,0.0044416585,0.003187187,0.038577594,0.17742878,0.034743275
efb6bek,surprise,joy,0.00041299104,0.00044250124,0.0010894461,0.99570763,0.0002493069,0.0020981117
efb6i9m,sadness,sadness,0.0011318603,0.0020208436,0.0021898444,0.0027609873,0.9873374,0.004559031
efb6vct,surprise,surprise,0.0025927133,0.0009749184,0.00065648847,0.0009255428,0.0010061408,0.99384415
efb71xo,surprise,surprise,0.009464081,0.0009066255,0.00040997766,0.0031715503,0.0010827137,0.9849651
efb785b,joy,joy,0.00084484747,0.00027556953,0.00040347606,0.9971136,0.00025515372,0.0011073647
efb7n6l,surprise,anger,0.86102414,0.0031366015,0.00069416384,0.014263706,0.0017493685,0.11913206
efb85mg,surprise,surprise,0.0032050172,0.0007354006,0.0010955603,0.005097166,0.0006026866,0.9892642
efb8c8z,surprise,surprise,0.0015105885,0.0010142956,0.0009303054,0.00091258885,0.00070246577,0.99492973
efb8xlf,joy,joy,0.00042745355,0.00016402206,0.00034661498,0.9983284,0.0003766579,0.00035690665
efb92j4,anger,joy,0.00081085257,0.00024104286,0.000930822,0.99639696,0.00032489235,0.0012954964
efb9igj,joy,joy,0.004017299,0.00026394412,0.00026164795,0.99464107,0.00038053707,0.00043548748
efbagij,anger,surprise,0.09908337,0.0017120865,0.0018680855,0.19774759,0.03167335,0.6679155
efbb5mh,sadness,sadness,0.0018879308,0.0015739452,0.001377626,0.0014115266,0.99288166,0.00086733
efbbb56,surprise,surprise,0.0018206299,0.0012575596,0.0012134316,0.07212027,0.001595975,0.921992
efbd8aq,surprise,surprise,0.002658419,0.0009328916,0.0005992071,0.004828032,0.00053485157,0.9904467
efbda2i,surprise,joy,0.005609349,0.00070791616,0.00051963463,0.9467019,0.00069850334,0.04576266
efbe8un,sadness,sadness,0.0011360656,0.0012454689,0.0013502298,0.0014800883,0.99331445,0.0014736392
efbf3vx,surprise,surprise,0.0028256064,0.0009564018,0.0007403474,0.0010482863,0.00053218176,0.99389714
efbf4lt,anger,anger,0.9893392,0.0057082204,0.00063488877,0.0019425373,0.0010734322,0.0013017466
efbffp7,surprise,surprise,0.015810205,0.0014925422,0.00050262525,0.0014840545,0.0009158695,0.9797947
efbfp6i,sadness,sadness,0.0014130562,0.0019749615,0.002381333,0.0009626727,0.9927166,0.00055129227
efbfw7r,joy,joy,0.0004358996,0.00024670706,0.00029353937,0.9983975,0.00017640307,0.00044985273
efbgyf8,anger,anger,0.88598007,0.03005256,0.026585449,0.038171094,0.016919807,0.0022910144
efbh0ex,surprise,surprise,0.024621267,0.005374854,0.22869202,0.15427583,0.15492858,0.43210745
efbh5se,joy,joy,0.0014982712,0.00034875105,0.00030287678,0.99576974,0.00038209299,0.0016982812
efbigb2,joy,joy,0.0002160657,0.00018890336,0.00045530463,0.9979784,0.00062836835,0.00053302135
efbj4rj,anger,surprise,0.10040605,0.001793382,0.0077822283,0.031507526,0.058251616,0.8002592
efbkceg,surprise,sadness,0.0035352786,0.0021299254,0.000954259,0.022573719,0.9690763,0.0017306933
efbkjk6,anger,anger,0.9892937,0.0043575815,0.00066221866,0.0032257424,0.0010760152,0.0013847816
efbn72a,anger,anger,0.5947236,0.14432931,0.04293413,0.109340675,0.07795513,0.030717278
efboftf,anger,anger,0.98687834,0.0069917645,0.001028385,0.0019743345,0.0021508029,0.0009764412
efbolya,joy,joy,0.00043139048,0.00019504616,0.00031914236,0.99837923,0.00024895446,0.00042620994
efbq2jw,surprise,surprise,0.0028750065,0.000628279,0.0005834163,0.0015071875,0.0008521061,0.993554
efbqs2b,joy,joy,0.00045720628,0.00026796458,0.00035981063,0.99824905,0.0002042755,0.00046174764
efbr0nk,joy,joy,0.000639942,0.0002192851,0.0002153027,0.9979638,0.0001783721,0.00078331627
efbr98y,sadness,joy,0.002028658,0.00023545313,0.0004965816,0.9897725,0.003160861,0.004305943
efbrv40,anger,joy,0.05083655,0.005726488,0.0006686106,0.93138814,0.007421411,0.003958739
efbs1vb,surprise,surprise,0.00243966,0.0009735842,0.0008762797,0.0012539099,0.0006617156,0.9937949
efbs26k,sadness,sadness,0.005979987,0.0017648349,0.0011088962,0.001404299,0.9884752,0.0012666788
efbt7mb,anger,anger,0.98409927,0.0070755407,0.002697988,0.00229578,0.0011649608,0.0026665225
efbtfgf,sadness,sadness,0.0013329515,0.0010119021,0.0009744761,0.007009266,0.9880917,0.0015797499
efbu57u,joy,joy,0.0005147639,0.00015122209,0.00024946645,0.9982786,0.00023099354,0.0005749881
efbvqw0,joy,joy,0.0003105106,0.00018522612,0.00033320425,0.9984952,0.00023770035,0.00043809862
efbzz7y,surprise,surprise,0.0017199983,0.00132656,0.0009778186,0.00097543275,0.0010071414,0.9939931
efc0d37,joy,joy,0.00036738577,0.0002155332,0.00047995397,0.99813026,0.0002355587,0.0005713651
efc0n90,joy,joy,0.00036105496,0.00018100148,0.0003400899,0.99826956,0.0003426259,0.00050562486
efc1hvy,anger,anger,0.95004463,0.005972581,0.00069124304,0.037559867,0.003922634,0.0018090731
efc1sp1,joy,joy,0.006550393,0.0005434855,0.00033931536,0.99087805,0.0005063873,0.001182364
efc330k,anger,anger,0.53373146,0.0025371506,0.007001708,0.29722226,0.050786477,0.10872098
efc3kii,fear,joy,0.075705916,0.15493552,0.3150945,0.33919054,0.11045931,0.0046142866
efc3rlr,joy,anger,0.9548105,0.0087242285,0.0019770118,0.013755415,0.018126702,0.002606191
efc57ta,joy,joy,0.013537876,0.0011976792,0.002351468,0.6291373,0.2292898,0.124485984
efc7r48,surprise,joy,0.0022790558,0.0013797062,0.0015675803,0.8715722,0.0008893657,0.12231207
efc8kjl,joy,joy,0.00040634573,0.00028060205,0.00034096857,0.9967224,0.00017057835,0.0020791097
efc8mal,joy,joy,0.00034470265,0.00019818872,0.00029391825,0.998004,0.00020028313,0.00095893984
efcajd0,anger,anger,0.827614,0.0074520498,0.006101288,0.12232468,0.011039153,0.02546872
efcbaa0,joy,anger,0.9441546,0.013932625,0.0021575545,0.033415884,0.0045900904,0.0017492058
efcbtb0,joy,joy,0.0005340364,0.00016717007,0.00021292557,0.9983943,0.0002024574,0.00048907887
efcctqg,joy,joy,0.0004696722,0.00019658695,0.00025731482,0.9979564,0.00038784,0.00073212956
efcdne0,joy,joy,0.012032362,0.002883523,0.0011336731,0.81753993,0.026681695,0.13972886
efcg0d7,sadness,sadness,0.0018106708,0.0014789574,0.00080810837,0.0015198287,0.9934232,0.00095906603
efcg1wq,anger,anger,0.50871503,0.011893087,0.0011152861,0.45176464,0.014087463,0.012424499
efcg81y,joy,joy,0.0005189376,0.00042614015,0.00033657314,0.99779606,0.00025939866,0.0006629901
efcghl4,joy,joy,0.00057181757,0.00038711005,0.0003515806,0.9977233,0.00019297942,0.00077323726
efch84n,anger,anger,0.5946127,0.0015646375,0.0031657047,0.37671497,0.008202509,0.01573953
efcjhu8,disgust,disgust,0.059139676,0.894859,0.010322459,0.0133795785,0.016646113,0.0056531914
efckux0,anger,anger,0.87334484,0.0031926816,0.00082168705,0.043893997,0.006754954,0.07199199
efcmt0h,joy,joy,0.0022387367,0.00029045658,0.00062861154,0.9946261,0.0010286882,0.0011874068
efcni6k,anger,anger,0.9894316,0.0049331584,0.0011095135,0.0014788851,0.0015437143,0.0015030582
efcnzea,surprise,surprise,0.0059514227,0.0007158591,0.001250375,0.001594298,0.007717669,0.98277044
efco5i9,joy,joy,0.00040955396,0.00016129059,0.00026269158,0.99795246,0.00021372913,0.0010002907
efct8mj,surprise,surprise,0.007264286,0.0014862727,0.006116806,0.112347834,0.0058834404,0.86690134
efcvtgh,joy,joy,0.329293,0.016452864,0.0024007997,0.63872707,0.008092486,0.005033768
efcw08g,joy,surprise,0.0024228785,0.0008834951,0.0034230587,0.044685483,0.0021170443,0.9464682
efcx38n,joy,joy,0.004584571,0.00023645734,0.00032914558,0.9909141,0.0011194692,0.0028162901
efcx9uv,anger,anger,0.94894755,0.007779328,0.0005419425,0.013905121,0.027131377,0.0016946909
efcz05s,joy,joy,0.0028017361,0.00061447505,0.00029173982,0.989659,0.00071874255,0.005914307
efd098n,joy,joy,0.00032793212,0.00021644334,0.00031062588,0.9984345,0.00023878417,0.00047174713
efd3k5r,joy,joy,0.000437335,0.00023810759,0.00032088274,0.998298,0.00023903676,0.0004666791
efd427s,joy,joy,0.0014105266,0.00039793778,0.0004246062,0.9881947,0.00066561974,0.008906704
efd6fvz,anger,anger,0.99025935,0.0024828336,0.0006665621,0.0033591234,0.0010993327,0.0021326325
efd8s81,surprise,surprise,0.02523838,0.001715317,0.00077184074,0.0019887583,0.003369327,0.9669164
efd8vd8,anger,anger,0.98097116,0.004515508,0.0010134504,0.002591067,0.0009716445,0.0099372305
efdartc,joy,joy,0.00078518764,0.00023749378,0.00028793974,0.99804425,0.00020026465,0.00044485138
efdat3z,anger,anger,0.57781965,0.0057637934,0.00090827054,0.0034339512,0.0057332325,0.40634108
efdawuk,joy,anger,0.9283533,0.028365295,0.016397633,0.01853044,0.0029932335,0.0053601298
efdb2dv,joy,joy,0.0003074673,0.0001560173,0.0002887204,0.99838316,0.00024990097,0.0006147496
efdbuxe,joy,joy,0.00056115363,0.00019327499,0.00029921517,0.99724364,0.00023678895,0.0014659767
efdcogh,joy,joy,0.0008181212,0.0005986738,0.00066054176,0.98036546,0.0003549265,0.01720235
efdcrr9,joy,joy,0.00048344952,0.00014211735,0.00037381638,0.99469995,0.00045640985,0.0038441755
efddtyh,joy,joy,0.00068696437,0.0002202303,0.00025495977,0.9981275,0.00021501094,0.0004953769
efddvr1,joy,joy,0.00035786556,0.0002537098,0.00059033465,0.99796236,0.0002841694,0.0005515488
efdegab,joy,joy,0.0004699359,0.0004022391,0.00048935204,0.99616736,0.0002770062,0.0021940577
efdel1c,sadness,joy,0.0004622284,0.00038313828,0.0005216605,0.9967713,0.00065396447,0.001207639
efdeowg,sadness,sadness,0.23952882,0.13156952,0.0054586586,0.020545501,0.58135474,0.021542871
efdepeu,joy,joy,0.0005079778,0.00024157364,0.00030731468,0.9980465,0.0005173155,0.0003792947
efdfbxk,joy,joy,0.00116149,0.00019077728,0.00019707494,0.99768305,0.0002484468,0.0005191919
efdg10x,joy,joy,0.0012095218,0.00020871105,0.00027981467,0.99724007,0.00025234587,0.0008094455
efdg29z,joy,joy,0.001272237,0.0010129802,0.0007625608,0.97749555,0.014862678,0.0045938785
efdgezt,anger,surprise,0.026663486,0.00080776593,0.00080548046,0.013089628,0.002510886,0.95612276
efdh6bn,joy,joy,0.0005134373,0.00022522523,0.00029666032,0.99835265,0.00020141326,0.00041060257
efdhd5o,anger,anger,0.98368907,0.009876012,0.0010977659,0.0027356218,0.001649257,0.00095245073
efdj26n,surprise,surprise,0.026771529,0.0022616575,0.0008264082,0.0014725851,0.00092859945,0.96773916
efdjtqm,surprise,surprise,0.008475361,0.0006540104,0.0005525299,0.0024259854,0.0006793165,0.98721284
efdl37e,joy,joy,0.0018240378,0.00018475561,0.0002607065,0.99678457,0.00028503948,0.000660917
efdm6r4,anger,anger,0.95285225,0.031759378,0.0011199458,0.002658896,0.009627734,0.001981705
efdmmbq,joy,joy,0.00050180533,0.00018082348,0.0002761842,0.99783784,0.00035552884,0.0008478264
efdo4fg,joy,joy,0.053045843,0.00544776,0.0010800678,0.93523407,0.0032736275,0.0019186398
efdof51,joy,joy,0.00052436074,0.00019452538,0.00043681,0.99791807,0.00024345628,0.0006827842
efdpw7t,joy,joy,0.0003537539,0.00014585059,0.00026085344,0.9979449,0.0003259925,0.00096859684
efdpzme,joy,joy,0.00038945596,0.00021548237,0.0003753702,0.9979196,0.0002394962,0.00086062757
efdqapu,surprise,anger,0.77073663,0.0044286973,0.002133285,0.021544063,0.084017426,0.11713996
efdqmtz,joy,joy,0.00048039024,0.0001804395,0.0002766434,0.9978625,0.0002189254,0.0009811172
efdqr1z,sadness,sadness,0.0015941081,0.00063422334,0.0013544052,0.004676534,0.99039257,0.0013481127
efdr1bj,surprise,anger,0.5608643,0.0036849894,0.0011232786,0.010856386,0.00171125,0.4217598
efdrwwc,joy,joy,0.0035930779,0.0011149572,0.0018304723,0.76606905,0.00086534885,0.22652707
efdsf7y,joy,joy,0.0036214245,0.0010885992,0.0032220588,0.6269859,0.008191522,0.35689056
efdsujk,joy,joy,0.00068521645,0.00017830486,0.00021491309,0.99830806,0.00021221917,0.00040128618
efdswgl,joy,joy,0.0008621188,0.00013433881,0.00017613212,0.99806446,0.00027736014,0.00048553554
efdt553,surprise,surprise,0.0027276112,0.0007829795,0.0006684385,0.001251585,0.0005683285,0.9940011
efdtf83,anger,anger,0.9882272,0.002881651,0.00094904273,0.004943191,0.0013653208,0.0016335273
efdtsj9,joy,joy,0.0006177542,0.00013624372,0.00027576895,0.9974356,0.00091887196,0.0006156863
efdvx9y,joy,joy,0.0011069546,0.00015172735,0.00018032956,0.99730587,0.00024667245,0.0010083532
efdvxbg,joy,anger,0.3447398,0.010743278,0.06537449,0.24554494,0.31982553,0.013771935
efdwe1r,joy,surprise,0.003597445,0.0011739742,0.002122699,0.2282817,0.0020572904,0.7627669
efdwj7v,surprise,surprise,0.005051429,0.0026597374,0.0018355041,0.022745917,0.0018772192,0.9658302
efdy564,joy,joy,0.00036017335,0.00025172846,0.0004125096,0.9973803,0.00019428728,0.0014009478
efdy636,anger,anger,0.92006046,0.0049949833,0.0007311894,0.06756619,0.0037338373,0.0029133118
efdysqr,surprise,sadness,0.032679323,0.0043563726,0.012069093,0.0027054155,0.90173346,0.046456374
efdz0k1,surprise,surprise,0.010472263,0.0014443324,0.0007380486,0.00071105553,0.00081389776,0.9858204
efdzhjo,joy,joy,0.00034244804,0.00024638465,0.00033098002,0.99782604,0.00018180019,0.0010723426
efdzr2t,joy,joy,0.00038402004,0.00016357133,0.00038758005,0.9982766,0.00040135084,0.00038699113
efe0c87,sadness,sadness,0.2740277,0.005628085,0.005900334,0.036501423,0.6669754,0.010967087
efe0j3m,anger,anger,0.97939414,0.002698377,0.003853366,0.0047797426,0.0054183076,0.0038561283
efe0ro5,joy,anger,0.8256618,0.0030601285,0.0024181919,0.03298758,0.082493804,0.05337856
efe1roo,anger,anger,0.95231146,0.0064330087,0.00080529065,0.004360157,0.033331595,0.002758411
efe1sro,surprise,surprise,0.05632637,0.0014390363,0.0009773029,0.009208805,0.0020196608,0.93002886
efe1tiu,surprise,surprise,0.1983276,0.08993403,0.005619627,0.025775192,0.17659242,0.50375116
efe2hew,anger,anger,0.98637843,0.0023483052,0.00053531496,0.0076225116,0.001408789,0.0017065541
efe46eu,surprise,surprise,0.0026316626,0.0014907756,0.0015637219,0.01328833,0.0025814374,0.97844404
efe4769,fear,anger,0.894984,0.012626389,0.03081619,0.023358835,0.033550948,0.0046636066
efe4dav,surprise,joy,0.00049774285,0.00031318242,0.00033721616,0.993012,0.0006319409,0.005207918
efe4qp8,sadness,sadness,0.00396777,0.0017823958,0.00094682147,0.001167216,0.990261,0.0018747691
efe53sz,joy,joy,0.00038612814,0.0002188658,0.00029646224,0.9980248,0.00018643032,0.0008872964
efe7o98,joy,joy,0.0005467874,0.00025061602,0.00037150382,0.99789006,0.00022893526,0.00071205274
efe7v2e,joy,joy,0.00040327443,0.00020237053,0.0003499877,0.9983972,0.00031166588,0.00033548006
efe9qom,joy,joy,0.00036382407,0.00018709665,0.00034382372,0.9984314,0.00020477611,0.00046904662
efe9qxb,joy,joy,0.0003841984,0.00017514909,0.00022745904,0.99814284,0.00026434823,0.00080599706
efeaa2d,joy,joy,0.00037467954,0.00020004837,0.0004378535,0.99444145,0.0003561459,0.004189898
efeb2l6,joy,joy,0.0007575553,0.00023127673,0.00032160623,0.997696,0.0004741912,0.0005193033
efeb2of,joy,joy,0.00056411093,0.00032122,0.00027848175,0.99713,0.00025940876,0.0014467912
efebxrg,anger,anger,0.9322456,0.003899517,0.0022299932,0.051102724,0.006200717,0.0043213842
efect26,joy,joy,0.0020307808,0.00030167497,0.00039527143,0.9741805,0.019265737,0.0038260145
efecy9p,joy,joy,0.0003813579,0.00023411344,0.00029186363,0.9984269,0.0002089427,0.00045682024
efeddwq,joy,joy,0.00032918438,0.00019442117,0.00037159384,0.9976004,0.00024174423,0.0012627708
efedyq1,joy,joy,0.00046078442,0.0002263137,0.00028519303,0.99836355,0.00025005295,0.00041405135
efee1jm,joy,joy,0.00040541415,0.00022727884,0.00036613055,0.997844,0.0005274106,0.0006297544
efee9py,joy,fear,0.0020154666,0.00914287,0.7795452,0.043338746,0.16245757,0.0035001102
efee9rg,disgust,disgust,0.017894076,0.9233296,0.031670555,0.008733263,0.013453149,0.0049193897
efeece8,joy,joy,0.00048817397,0.0003759473,0.00045902075,0.99681705,0.00024246515,0.001617375
efef6vt,joy,joy,0.00038694753,0.0001508905,0.00029557126,0.99827695,0.00045435523,0.00043533655
efeffg8,joy,joy,0.00063638674,0.0006365822,0.0013068211,0.9911142,0.00040592137,0.0059001227
efefr7x,joy,sadness,0.06521474,0.0047736764,0.07695082,0.35659233,0.37264004,0.123828374
efeg4s3,surprise,surprise,0.0031029636,0.0022127084,0.0026159454,0.0011950538,0.0013431726,0.98953015
efegdat,joy,joy,0.0018130704,0.0006513091,0.0017273517,0.9409801,0.0010976862,0.05373047
efei4gm,fear,surprise,0.19650716,0.011403133,0.005510644,0.01776114,0.06887928,0.69993865
efei9vg,surprise,surprise,0.0022091088,0.0006958626,0.0006847809,0.0055304673,0.00051976234,0.9903599
efeik6x,joy,joy,0.052576397,0.085615404,0.06224771,0.7456494,0.04737093,0.0065401113
efeiqxx,surprise,anger,0.9772096,0.002532107,0.0006208386,0.0057005677,0.002557496,0.01137947
efeiyqj,joy,joy,0.00068874954,0.00015374295,0.0001889259,0.9979965,0.00022944057,0.00074254256
efekai7,joy,joy,0.00031631498,0.00017777183,0.0003182992,0.9982126,0.00023208381,0.0007430246
efel74t,joy,joy,0.006571767,0.00033876125,0.00031685975,0.9914881,0.00032795346,0.0009564856
efeldx4,joy,joy,0.000539457,0.00012419066,0.0005005814,0.997004,0.00064445974,0.0011873229
efelhz0,joy,joy,0.0004118952,0.00021502504,0.00024756737,0.99840814,0.0002266197,0.00049074844
efem0xj,fear,fear,0.0018714258,0.007839308,0.9731407,0.008270578,0.002880859,0.0059971977
efem3o7,anger,anger,0.64192754,0.0028661422,0.0015051332,0.33880475,0.0035337713,0.011362627
efenjrk,anger,anger,0.740564,0.014008715,0.0021999646,0.037327528,0.20273449,0.0031652856
efenu3x,anger,sadness,0.11112683,0.025865827,0.00309769,0.0093428455,0.8462296,0.0043372237
efeo5oz,anger,anger,0.45367414,0.0027462288,0.005207872,0.42438135,0.04169979,0.07229062
efeosuk,anger,anger,0.9854455,0.0020968441,0.00074888096,0.00443058,0.0046374523,0.002640692
efeov0r,joy,joy,0.00089094363,0.0001628926,0.00022673163,0.9979633,0.00028642025,0.00046974624
efepiyx,joy,joy,0.0007291409,0.0005412224,0.001251238,0.9783544,0.0006263136,0.018497748
efeplj2,surprise,surprise,0.0046183346,0.00092623604,0.0005440407,0.0017327967,0.0006524897,0.9915262
efeqted,anger,anger,0.9714462,0.0024036337,0.0009641845,0.006742626,0.016115863,0.0023274864
efer7nd,joy,joy,0.00043380095,0.00016574492,0.0002568538,0.99843186,0.0002750519,0.0004366464
eferc2f,anger,anger,0.9680168,0.012684897,0.001436625,0.0023760025,0.014180286,0.0013054481
efesrdr,joy,joy,0.0039869384,0.0017703576,0.0007838728,0.99104476,0.00096499186,0.0014490893
efetf41,anger,joy,0.09999499,0.0019942117,0.00071490725,0.87892723,0.002729614,0.015639035
efetfie,joy,joy,0.0006297002,0.00026180455,0.00072517595,0.9852527,0.0009766255,0.012153978
efeuisv,surprise,surprise,0.0014029607,0.0010177456,0.001108223,0.0069967476,0.00062166416,0.9888526
efeuxmi,joy,joy,0.00036524227,0.0002407493,0.0003442451,0.99836415,0.00024997012,0.00043560987
efevjno,surprise,anger,0.8105784,0.012917898,0.0012158044,0.022706913,0.06518796,0.08739301
efevjuc,anger,joy,0.00157776,0.00018648132,0.00066003465,0.99156874,0.0008067314,0.0052003707
efexu3f,joy,joy,0.0018328043,0.00024520204,0.00021301249,0.996834,0.0003529322,0.00052206503
efexuni,joy,joy,0.00045001917,0.00019989943,0.0004392676,0.99728024,0.0005138667,0.0011166084
efey6hf,joy,joy,0.00046543233,0.0002631243,0.00031013615,0.99806076,0.00019430324,0.0007061396
efeyho0,fear,fear,0.22172962,0.21795562,0.46300614,0.008965491,0.080468334,0.007874834
efeymfg,fear,fear,0.0013028717,0.011701265,0.9792879,0.0025054268,0.0025819628,0.0026204688
efezekn,joy,joy,0.014497924,0.00030008698,0.00034651894,0.9829096,0.001073265,0.0008725857
efezgxz,joy,joy,0.013467858,0.0028503092,0.0024586343,0.84060884,0.0021770685,0.13843732
eff01nz,surprise,surprise,0.0022931725,0.0015033651,0.003351652,0.092912234,0.0025695374,0.89737004
eff255g,joy,joy,0.00040967498,0.00021432368,0.00034468182,0.99808276,0.00021749585,0.00073108944
eff2mqp,joy,joy,0.0038610415,0.00048390453,0.00031550488,0.99442345,0.0002730004,0.0006431259
eff3fey,joy,joy,0.0006865827,0.00033607858,0.00028166483,0.99786466,0.00030126175,0.00052980596
eff3n38,surprise,joy,0.021079857,0.0024793516,0.0009492011,0.5236409,0.0033394326,0.4485113
eff457w,joy,joy,0.002009275,0.00015515955,0.0003173464,0.99521506,0.00045191162,0.001851247
eff4bh7,joy,joy,0.00031864143,0.00017866786,0.00027938295,0.9983734,0.00020691926,0.0006430247
eff4k9j,joy,joy,0.00037419575,0.00018426229,0.00027916356,0.9983966,0.00024626587,0.0005195209
eff4o3x,disgust,anger,0.6711291,0.0418469,0.001977409,0.25889584,0.011357373,0.014793276
eff5ks8,anger,anger,0.93036014,0.060024843,0.0036010456,0.0017716931,0.0020768605,0.0021653706
eff5prh,anger,anger,0.9180139,0.0022236614,0.0010612658,0.050311763,0.02130674,0.0070827003
eff65tt,joy,joy,0.001557305,0.00037215228,0.00047331455,0.99473333,0.00050591736,0.0023578983
eff6ov5,joy,joy,0.0005828604,0.0002025892,0.00038793194,0.98948646,0.0026987046,0.0066414694
eff6wrw,joy,joy,0.00037290592,0.00034921346,0.0004922692,0.9968443,0.00037586075,0.0015654087
effa0xx,joy,joy,0.0006658523,0.00016377847,0.0003038858,0.9979321,0.00028265288,0.00065165403
effahnx,joy,joy,0.0008834549,0.00038926047,0.00036145886,0.99682486,0.00027969226,0.0012613465
effb0if,joy,joy,0.00039632397,0.00019540083,0.0002795989,0.9982079,0.00019919511,0.00072156696
effbd7i,joy,joy,0.00043853326,0.0002668849,0.00025544144,0.99832374,0.0003569362,0.00035847383
effcbjz,sadness,joy,0.0003597503,0.0005648042,0.0016661709,0.9861391,0.010130454,0.0011397471
effcrvg,joy,joy,0.0004143349,0.00016122844,0.00030215923,0.9975222,0.0003136214,0.0012864296
effg6bp,joy,joy,0.0004486417,0.00023903081,0.00032762688,0.9974367,0.00021614127,0.0013319717
effghs0,joy,joy,0.00078997563,0.00019607476,0.0004278527,0.9964011,0.00018729722,0.0019977
effglrt,joy,sadness,0.006553272,0.0011594658,0.0031120009,0.13476652,0.85096854,0.003440275
effgrgh,anger,anger,0.9881026,0.005651915,0.0013685771,0.0018264782,0.0012477149,0.0018026126
effht3y,joy,joy,0.0040111,0.00018494434,0.0002379663,0.99420655,0.0007262347,0.00063319097
effi5o6,joy,joy,0.011409835,0.00039287005,0.0004791172,0.9833853,0.00068186095,0.003651086
effi67a,sadness,anger,0.98265576,0.0035183458,0.0008388743,0.005657676,0.0055528865,0.0017764525
effidao,anger,sadness,0.45942226,0.030328311,0.019846657,0.0037131028,0.4701351,0.016554516
effij8h,joy,joy,0.0016202873,0.0002741228,0.00031690754,0.99587005,0.00019966284,0.0017189458
effj83h,surprise,surprise,0.0031597377,0.001036086,0.0007078691,0.001132549,0.0008207002,0.9931431
effl8p9,anger,anger,0.9655367,0.0019662853,0.0006439861,0.009970249,0.0021050575,0.01977764
effla1v,joy,joy,0.067917146,0.0033499026,0.0009892429,0.92047375,0.0026275236,0.0046424703
effnbf0,anger,joy,0.013385011,0.0018227769,0.0005323037,0.9399188,0.0015003431,0.042840697
effosmh,surprise,surprise,0.011585755,0.0015269974,0.0013426978,0.00089137885,0.0021420682,0.9825111
effp28m,surprise,surprise,0.0040362054,0.0009424939,0.0010212719,0.0044146306,0.002474609,0.98711085
effr71n,anger,joy,0.0011115741,0.00025692937,0.00033270477,0.9958411,0.00033653897,0.0021211002
effrozc,joy,joy,0.0005287081,0.00019419169,0.00026065737,0.9981786,0.00031905787,0.00051885546
effsdvt,joy,joy,0.0074431924,0.0004400487,0.0004169948,0.988847,0.0012894598,0.0015632841
effszvh,joy,joy,0.0004096976,0.00017261146,0.00022880982,0.99804544,0.00041507487,0.0007283895
effum5y,joy,anger,0.8541329,0.10726379,0.006152715,0.018345963,0.0061092554,0.007995466
effuxvv,joy,sadness,0.014936004,0.003123934,0.012079389,0.0036034475,0.92985296,0.036404375
effw1x7,sadness,anger,0.8339062,0.0050842725,0.002148497,0.034923665,0.0508613,0.07307611
effw6qi,disgust,disgust,0.018341321,0.92802644,0.021519218,0.009982538,0.016839921,0.00529064
effx8qi,joy,anger,0.4936686,0.010700489,0.00094953453,0.43320405,0.016701398,0.044775974
effxdsk,joy,joy,0.00043580742,0.00018446647,0.00026533878,0.9983531,0.00021120989,0.00055005745
effxeph,joy,joy,0.00031858875,0.00018663431,0.0002711701,0.9981388,0.00041569464,0.0006691036
effxhn1,joy,joy,0.0003426543,0.00027684084,0.0004245332,0.9979406,0.00025133506,0.0007639489
effxrcs,joy,joy,0.0025416175,0.00036193462,0.0015056346,0.99061066,0.0006122653,0.0043679117
effyjkz,disgust,anger,0.92953295,0.04513198,0.013779047,0.005217338,0.004665194,0.00167344
effyp1m,anger,anger,0.5351543,0.009841055,0.005874648,0.4348136,0.010095419,0.0042210063
effzl53,joy,joy,0.001715706,0.00029549107,0.00094414194,0.99321693,0.002631651,0.00119608
effznxq,anger,anger,0.69806695,0.0030605544,0.0019081039,0.08920844,0.20258167,0.0051742126
effzr7x,joy,joy,0.0011139931,0.00030891853,0.00063256384,0.9952305,0.00069863256,0.0020153993
efg09d0,joy,sadness,0.08409247,0.0033946615,0.0050505255,0.07338841,0.8244286,0.009645301
efg0vgv,sadness,sadness,0.01769479,0.0030783734,0.0014625475,0.2004541,0.7070526,0.07025762
efg25dx,joy,joy,0.002195232,0.00016353551,0.00030620652,0.99443144,0.0004662424,0.0024372994
efg25kp,joy,joy,0.0003505146,0.00016174601,0.00025284677,0.9983852,0.00042164544,0.00042809307
efg2kzt,joy,joy,0.00092412165,0.00069870177,0.00051150686,0.984018,0.0003204227,0.013527293
efg35wk,joy,anger,0.97316676,0.0029225785,0.0008751562,0.019696223,0.001611607,0.0017276536
efg41qp,joy,joy,0.0022023644,0.00033562374,0.00029139812,0.9949255,0.00046570017,0.0017794805
efg4e6i,anger,anger,0.98771995,0.0046418635,0.0011114944,0.0013388303,0.0025898234,0.0025979918
efg4hx3,surprise,surprise,0.0027697107,0.0010451402,0.0007897274,0.00070717727,0.00079276797,0.9938955
efg5mrp,anger,anger,0.9881775,0.0038489066,0.0006237307,0.0036213102,0.0013081932,0.0024203619
efg65s0,anger,joy,0.09473503,0.0011324073,0.00065896765,0.8991653,0.0012118258,0.0030964746
efg7y64,joy,joy,0.0002952493,0.00018842597,0.0003622419,0.99815136,0.00023928036,0.00076334033
efg7ysz,joy,joy,0.00034683666,0.00019035835,0.00021724559,0.99823207,0.00044753056,0.0005659593
efg9cqg,joy,joy,0.00033306985,0.00021587597,0.00028893075,0.99830663,0.00024279805,0.0006127059
efg9fiq,joy,joy,0.0005893572,0.00018994191,0.00032651628,0.9980432,0.0005119741,0.0003390288
efg9r1r,sadness,sadness,0.0017523274,0.0020875302,0.0012863706,0.010271168,0.9831903,0.0014124049
efg9ycl,joy,joy,0.0034928503,0.0010403716,0.0010550075,0.98430735,0.0016851071,0.008419295
efga37k,anger,anger,0.96234703,0.015065265,0.0020074483,0.0017297706,0.01737693,0.0014734542
efga6wi,joy,joy,0.00039900493,0.00019310974,0.00025684212,0.9984609,0.00030243982,0.00038772039
efgakei,surprise,surprise,0.0021049073,0.000912442,0.00089015556,0.003595655,0.0006367873,0.9918601
efgb529,joy,joy,0.010716233,0.0057377582,0.0015059682,0.834457,0.0051456876,0.14243747
efgb7ra,joy,joy,0.0010085504,0.00015630093,0.00016116805,0.99663323,0.0007605525,0.0012802113
efgcq8e,joy,joy,0.00048151473,0.00039838767,0.00044409418,0.9976071,0.0003075285,0.00076130294
efgd8sg,joy,joy,0.0010722234,0.00018164933,0.0002679531,0.9971796,0.00022508936,0.0010734542
efgdsgw,joy,joy,0.0004711163,0.00039414494,0.00052027847,0.9947818,0.0002516249,0.0035809698
efge60x,joy,joy,0.00044778886,0.00020523646,0.0002985219,0.9981007,0.00019221855,0.00075549673
efge992,joy,joy,0.0017987831,0.00052884576,0.0004220961,0.98820496,0.00031362404,0.008731637
efge9g2,joy,joy,0.0006189267,0.0002713826,0.00025621706,0.99790883,0.00045667964,0.0004879293
efgepry,joy,joy,0.0007417343,0.00036583695,0.00039816878,0.9972007,0.00021700232,0.001076458
efgg3yz,joy,joy,0.001195671,0.00022336915,0.00018116951,0.9968208,0.000787412,0.0007915673
efggbky,anger,surprise,0.078431144,0.0036405441,0.0010763142,0.0014796357,0.0041215513,0.9112508
efgh4jt,joy,joy,0.00030800552,0.00016908885,0.00048691322,0.9975854,0.00039106596,0.0010595195
efghuih,joy,joy,0.0007414811,0.00016704855,0.0004947706,0.9977981,0.00026465792,0.00053403864
efgisnw,joy,joy,0.00043753235,0.00022219904,0.00038450703,0.99828374,0.00026990543,0.0004021031
efgjb67,joy,joy,0.00055737817,0.00023711445,0.00030116082,0.9975122,0.0010484204,0.00034368777
efgjn0t,fear,joy,0.00051543914,0.00021550378,0.00077200856,0.9968953,0.00040565938,0.001196049
efgjo77,joy,surprise,0.041132152,0.0012405759,0.0031535828,0.017502505,0.0024501595,0.93452096
efgkuqx,joy,joy,0.0002572202,0.00018393697,0.00035409833,0.9983413,0.00045157483,0.0004118148
efgkxg7,anger,surprise,0.028278476,0.0012077632,0.0014848249,0.027243076,0.0142038185,0.9275821
efgl3hl,joy,joy,0.0034431454,0.00024225471,0.00083608413,0.97913843,0.0022489373,0.014091178
efgmon3,surprise,surprise,0.002337638,0.0008087892,0.00088770146,0.0013174788,0.00057925994,0.9940691
efgmt4t,joy,joy,0.030656114,0.0016224493,0.0015302474,0.85681915,0.045475926,0.06389621
efgnehd,joy,joy,0.0005450551,0.00021081552,0.0002393313,0.9981002,0.00022778338,0.0006768267
efgoecf,anger,joy,0.0006803449,0.00016466924,0.00020332927,0.99599874,0.00070253684,0.0022503508
efgosat,joy,disgust,0.3396185,0.53209835,0.027609263,0.056801554,0.033053815,0.010818482
efgoztz,anger,joy,0.190074,0.00275465,0.00069553836,0.77053106,0.022394478,0.013550273
efgqrun,joy,joy,0.000514647,0.00020027747,0.00024437107,0.9979663,0.00027412665,0.0008003348
efgrne2,joy,joy,0.0005098278,0.00014277898,0.0010627102,0.99502003,0.00076933304,0.0024953063
efgsgpu,joy,joy,0.0005814989,0.000121921235,0.00024328024,0.99711084,0.00035040925,0.0015919947
efgsl18,anger,anger,0.97812974,0.015275802,0.0010370138,0.0028839572,0.0014113417,0.0012620362
efgtpzv,joy,joy,0.00044913762,0.00016434108,0.0002553838,0.9980356,0.00020489846,0.0008906492
efgtq8x,joy,joy,0.0011492878,0.0003273289,0.00022535594,0.9966683,0.00040830104,0.0012214619
efgu1bo,joy,joy,0.0014697475,0.00024297724,0.00034415175,0.9960514,0.00043256796,0.0014592914
efgu64p,fear,fear,0.006007725,0.013484415,0.97083527,0.0014303168,0.0038620858,0.0043802313
efgu75e,joy,joy,0.22060846,0.0012192022,0.0014039034,0.73658544,0.0049891984,0.035193723
efguj2w,anger,anger,0.8162097,0.0023079494,0.0017588681,0.013627294,0.008604005,0.15749222
efgupja,joy,joy,0.00041070796,0.0002209953,0.0003787321,0.9980381,0.00020739927,0.0007440022
efgv6k9,surprise,surprise,0.002661416,0.000742279,0.0005907343,0.0018702949,0.0006609756,0.9934743
efgvjv6,joy,joy,0.08993867,0.002962596,0.00053846603,0.8811592,0.01261459,0.01278646
efgwhh6,surprise,surprise,0.007291773,0.00076199276,0.00070958916,0.0030611425,0.00078337215,0.987392
efgx0on,sadness,sadness,0.001204593,0.0022532914,0.006414302,0.00096741796,0.9876018,0.0015584964
efgx7aj,joy,joy,0.000531365,0.00015107649,0.00022483684,0.99623764,0.00054980774,0.0023052217
efgx9sg,joy,anger,0.5488307,0.009203315,0.00607232,0.25311324,0.1336093,0.049171172
efgxmef,joy,joy,0.0016575757,0.0004301731,0.00064267666,0.9901798,0.00043024737,0.00665958
efgyj3o,anger,anger,0.6352862,0.0053283423,0.010763738,0.023467759,0.30472523,0.020428814
efgyv3h,joy,joy,0.00040396745,0.00022375051,0.00030301663,0.99767464,0.0003290595,0.0010655836
efgz2st,sadness,sadness,0.012031233,0.0041703605,0.0016277612,0.0028021622,0.97599435,0.003373998
efgz8x8,joy,joy,0.00047214027,0.00022734307,0.00022974449,0.99770254,0.00018494869,0.0011833234
efh09wy,joy,joy,0.00076158054,0.00028895572,0.00041069242,0.99766773,0.00025218385,0.00061885477
efh0epk,joy,joy,0.0019382981,0.0014243218,0.0009494275,0.96496713,0.00039119684,0.030329593
efh0f9i,joy,joy,0.0002604164,0.00015507669,0.0003901769,0.9983215,0.00033434588,0.0005384754
efh0s4h,surprise,surprise,0.0013321365,0.0020497649,0.0048290426,0.31347486,0.009789473,0.66852474
efh1hit,fear,joy,0.0019116979,0.005387509,0.42337537,0.51822317,0.04333048,0.0077718166
efh1vu7,joy,joy,0.00036289674,0.00028882694,0.0003978067,0.99801755,0.000192595,0.00074034673
efh2jr6,joy,joy,0.00044823095,0.00020246828,0.00041895246,0.99376655,0.0044887625,0.00067502266
efh3wqo,joy,sadness,0.04041652,0.0016486356,0.00674677,0.16196968,0.40870762,0.38051078
efh4awk,joy,joy,0.00024345815,0.00018915748,0.00038519845,0.9977335,0.00039214906,0.0010565285
efh4rzb,joy,joy,0.0033774984,0.0004341211,0.0006833863,0.9537045,0.0023003377,0.039500263
efh4tjg,joy,anger,0.9820254,0.0033080578,0.00077671226,0.010623046,0.0018668027,0.0013999552
efh5101,joy,surprise,0.0040963055,0.00087794825,0.0008151753,0.006080726,0.00090128434,0.9872285
efh53cb,sadness,joy,0.0005102444,0.00026256932,0.00034865053,0.99766773,0.00051207584,0.00069878466
efh5j4f,joy,joy,0.00024417884,0.00020437053,0.0003541653,0.9982488,0.00032303552,0.0006254129
efh6axv,joy,joy,0.00057672465,0.00026173572,0.00027504587,0.9980673,0.00022458997,0.000594597
efh6z5r,joy,joy,0.0040748557,0.00046033403,0.0002495597,0.97952753,0.0012346735,0.01445302
efh763k,sadness,sadness,0.4309723,0.029635431,0.010082074,0.022362756,0.50238955,0.0045578657
efh78v1,joy,joy,0.096444316,0.002582482,0.00062928797,0.88801867,0.010193921,0.0021313452
efh7aqc,joy,joy,0.090678506,0.0010957007,0.0020770764,0.89725983,0.00156664,0.007322156
efh7l5u,joy,joy,0.00032664184,0.00024206801,0.00041363045,0.9983165,0.00032491813,0.00037620668
efh8237,anger,anger,0.9873453,0.0054354533,0.00041706374,0.0013459979,0.004047046,0.0014092429
efh82rs,anger,disgust,0.05002312,0.89164245,0.0166097,0.020126449,0.016050957,0.0055474057
efh8c5f,joy,joy,0.0003499911,0.00023405315,0.00033371436,0.9983335,0.00019302564,0.0005556697
efh8l8l,joy,joy,0.003195168,0.0002473334,0.00015572814,0.99402314,0.0014477881,0.0009308814
efh8n1f,anger,sadness,0.28554618,0.0047005345,0.00329436,0.018207798,0.6433046,0.044946596
efh9fr6,joy,joy,0.00072768296,0.00019638299,0.0002970868,0.9979407,0.00023338388,0.00060474325
efh9l7m,anger,anger,0.9550062,0.0028751155,0.0020533537,0.009253319,0.022100199,0.008711948
efh9rw4,joy,joy,0.00035142593,0.00017240952,0.00025389393,0.9982887,0.00018569396,0.0007479126
efha0zn,surprise,surprise,0.0024534191,0.0008649108,0.0006788043,0.0010414156,0.0008096152,0.9941519
efha7bd,joy,joy,0.005330735,0.00042613762,0.001256097,0.8523712,0.0014320215,0.13918369
efhc2in,joy,joy,0.00037561372,0.00018112017,0.00021977368,0.9983432,0.00049158477,0.00038874574
efhcbr7,joy,joy,0.00034225322,0.00024471004,0.0003765498,0.9982152,0.00025291948,0.00056833745
