example_id,true_label,pred_label,p_anger,p_disgust,p_fear,p_joy,p_sadness,p_surprise
eczazk6,joy,joy,0.0066191745,0.0013887987,0.0015283498,0.9764322,0.0035050195,0.010526497
eczb527,surprise,anger,0.610563,0.023077251,0.009124319,0.07940541,0.22705361,0.050776463
eczb770,sadness,sadness,0.08249738,0.029697958,0.01869197,0.009284451,0.83802146,0.021806767
eczbvy8,joy,joy,0.0010632735,0.0007172068,0.0004192728,0.9956728,0.0008672242,0.0012602756
eczcr4g,surprise,surprise,0.009739247,0.0035004593,0.0026691328,0.06106286,0.007646355,0.91538197
eczcz6m,joy,joy,0.0011861742,0.000686022,0.00045163342,0.9955746,0.0008279639,0.0012736167
eczdx1e,joy,joy,0.0010639834,0.000719759,0.00048596432,0.99539584,0.0011069112,0.0012275262
ecze3hg,anger,anger,0.9583936,0.008696023,0.0024820662,0.016162284,0.004456672,0.009809392
ecze4ws,joy,joy,0.0019646948,0.0009790064,0.00051393977,0.99370825,0.00088433037,0.0019498268
ecze59x,joy,joy,0.0013041436,0.000697708,0.0005059531,0.99486035,0.0009193516,0.0017123934
eczf1nt,sadness,anger,0.95078987,0.01765389,0.0019872738,0.0097663095,0.012637117,0.007165626
eczfe7d,surprise,joy,0.0012777977,0.00086407154,0.0007311681,0.9850928,0.0010450656,0.010989095
eczgkwj,anger,anger,0.49202472,0.030320315,0.012251172,0.05370987,0.11347613,0.29821774
eczgpmf,anger,surprise,0.031521928,0.0060860943,0.003054249,0.4316634,0.012755854,0.5149185
eczh1pf,joy,joy,0.0062491773,0.0011070917,0.0009901851,0.96200526,0.0016201528,0.028028138
eczhvrq,sadness,sadness,0.006273683,0.009452399,0.008301157,0.013094846,0.9566791,0.0061988127
eczhy8h,joy,joy,0.00087277644,0.00081036903,0.00086946914,0.99152434,0.0028269798,0.0030961267
ecziz4m,sadness,anger,0.39486477,0.18319288,0.017758485,0.011082002,0.38206518,0.011036685
eczj0wm,anger,anger,0.96334136,0.01541723,0.0019267551,0.012522208,0.0045844475,0.002207915
eczj0xr,joy,joy,0.00088816613,0.00078883755,0.0005558134,0.9938612,0.00078343693,0.0031225428
eczj7hv,surprise,surprise,0.06899128,0.005576558,0.0034263942,0.010997858,0.013249859,0.8977581
eczjbdy,anger,anger,0.95815045,0.017816082,0.0022075097,0.007724427,0.012061035,0.0020404877
eczkjma,anger,anger,0.97495973,0.011569704,0.0016858029,0.0047909333,0.0039534187,0.0030403994
eczkrv6,joy,joy,0.0011765595,0.0006926587,0.00040468306,0.9933562,0.00079049286,0.0035794205
eczl3ai,joy,joy,0.0012207901,0.00085865223,0.0007854052,0.992975,0.0007680763,0.0033921155
eczlg58,joy,joy,0.0014509088,0.0010216044,0.0007170666,0.98580915,0.00084791007,0.010153352
eczlhjo,joy,joy,0.058665123,0.003722025,0.0016766187,0.8946006,0.037013713,0.004321919
eczlj0o,joy,joy,0.0015656168,0.0009037246,0.00042062261,0.993891,0.0006005644,0.0026185075
eczll29,anger,anger,0.930382,0.030039612,0.0026322033,0.007208414,0.02694871,0.0027889865
eczm86v,joy,joy,0.0012402098,0.00072648906,0.00039350084,0.99389476,0.0018309169,0.001914145
eczmsz3,disgust,anger,0.95872796,0.014396028,0.0017619694,0.011462762,0.008613144,0.005038092
eczmtlc,joy,joy,0.0010874708,0.0006668189,0.00042232283,0.9949792,0.0006403552,0.0022037618
eczni83,anger,sadness,0.04917626,0.013730718,0.00761892,0.21732245,0.6997244,0.012427271
ecznkkq,surprise,surprise,0.030671826,0.0044158404,0.0035137285,0.0069235493,0.009409675,0.9450654
eczoo37,surprise,surprise,0.0047535803,0.0033326107,0.0042526643,0.073328316,0.004399917,0.9099329
eczoy48,joy,joy,0.002904611,0.00059922284,0.00040909814,0.9911163,0.0012458164,0.0037249129
eczp2oc,anger,anger,0.898671,0.019310426,0.0045407987,0.049479686,0.02602156,0.0019765387
eczqgmp,joy,joy,0.0017165702,0.00073816837,0.00050274585,0.99441504,0.0014437998,0.0011836521
eczqke5,anger,anger,0.80462444,0.011007409,0.004189991,0.117181905,0.051298864,0.01169734
eczrple,joy,joy,0.001759652,0.0008955984,0.00051191635,0.9886968,0.00090540136,0.007230639
eczrrn3,joy,joy,0.0010380842,0.000708333,0.00039875167,0.9955188,0.0009618989,0.0013740392
eczsm77,joy,joy,0.0010695265,0.0006627815,0.00040450212,0.9956339,0.0007262159,0.0015030175
eczsn48,fear,fear,0.046098616,0.15322718,0.39541712,0.013780428,0.35884142,0.032635324
eczszn6,anger,joy,0.456025,0.010671767,0.003496034,0.46244133,0.05465771,0.012708132
eczta2u,joy,joy,0.0019904342,0.00077454245,0.0006313205,0.9941141,0.0011343847,0.0013552699
ecztv54,joy,joy,0.0013359704,0.00063427695,0.00035359708,0.9952324,0.0007660555,0.0016777354
eczu1gw,joy,joy,0.001355444,0.0008573899,0.00088332617,0.98927283,0.00094276195,0.0066883177
eczuvim,sadness,sadness,0.010757549,0.013177817,0.021731753,0.026478657,0.9075527,0.020301482
eczwv6r,joy,joy,0.0033082135,0.0008812355,0.0005706954,0.9892301,0.0025823223,0.0034274003
eczx20j,surprise,surprise,0.039268535,0.0037982967,0.0054108286,0.013617145,0.009918529,0.9279867
eczy616,surprise,sadness,0.067221425,0.019900564,0.07751391,0.07173224,0.5277704,0.23586147
eczyqul,joy,joy,0.00091457734,0.00068022416,0.0004519128,0.99509573,0.0008619353,0.0019955498
eczyxxv,anger,sadness,0.16195169,0.037919816,0.027517432,0.0888082,0.6760948,0.0077080233
eczzbru,joy,joy,0.0047007957,0.00080926565,0.00042437034,0.99014026,0.0022319676,0.0016933262
eczzx4x,joy,joy,0.002845412,0.0009189667,0.00053545856,0.9929773,0.0015578618,0.0011650011
ed011g9,surprise,surprise,0.0034607858,0.0027500505,0.004727364,0.025093319,0.0041915867,0.9597768
ed01rse,joy,joy,0.0010896766,0.00070031325,0.00042779717,0.99532974,0.0012297323,0.0012228434
ed01usz,joy,joy,0.00165217,0.0007171239,0.0004182133,0.9947136,0.00074959535,0.001749284
ed0286s,joy,joy,0.0012211562,0.0007313122,0.0005246969,0.9950771,0.001217869,0.0012278007
ed02ib9,anger,anger,0.9246023,0.026843602,0.00420106,0.021795958,0.01885268,0.0037044256
ed02jg5,joy,joy,0.0013409291,0.000628044,0.00037881878,0.9923866,0.0009839177,0.004281708
ed02x3e,joy,joy,0.053071614,0.017026505,0.11684259,0.66672635,0.054823477,0.09150949
ed03oz9,joy,joy,0.0017185862,0.0009036935,0.00044754936,0.9880505,0.0018651253,0.0070145302
ed03p8d,joy,joy,0.00098805,0.00073706213,0.0004254879,0.995481,0.00083970645,0.0015287146
ed05x1k,joy,joy,0.0009499605,0.0007116786,0.00045101138,0.9955212,0.00096365117,0.0014025335
ed0620k,anger,anger,0.9001681,0.007939638,0.001961374,0.04965691,0.022792598,0.017481301
ed06ebu,surprise,surprise,0.005325591,0.0033719481,0.003477625,0.044749215,0.005349376,0.9377262
ed06qes,surprise,sadness,0.024346808,0.019817714,0.028722962,0.012605581,0.88873386,0.025773074
ed070rj,joy,joy,0.003338737,0.0011027482,0.00096499757,0.9608674,0.001936757,0.0317894
ed07eph,joy,joy,0.0023051808,0.00110649,0.000736498,0.99259126,0.001537293,0.0017233045
ed0b2b8,sadness,sadness,0.021758478,0.02702007,0.008932648,0.009015449,0.9272722,0.006001101
ed0ca9r,joy,joy,0.0012631166,0.00083768205,0.00047024805,0.9951573,0.0010547199,0.001216945
ed0ckbc,joy,joy,0.0012135361,0.0006583915,0.00042876892,0.9950389,0.0007312016,0.0019291731
ed0cpps,sadness,sadness,0.04486766,0.034701232,0.011145799,0.008041216,0.8798233,0.02142076
ed0cv3s,joy,joy,0.0014958184,0.0007223815,0.00036286144,0.9952537,0.00070013123,0.0014651592
ed0e3a2,surprise,surprise,0.004876601,0.002564516,0.0037694771,0.009808871,0.003868579,0.9751119
ed0ehag,joy,joy,0.0030253709,0.0013672772,0.0009061475,0.9579948,0.0036316917,0.033074677
ed0eze5,surprise,joy,0.013904077,0.002639168,0.0027492973,0.8514242,0.011767602,0.11751565
ed0f4by,joy,joy,0.0033913134,0.00097176706,0.0005373933,0.9916864,0.00078947004,0.0026235846
ed0fszp,joy,joy,0.002271995,0.0012143782,0.0009838251,0.9895236,0.0013188998,0.0046872622
ed0gkjf,surprise,anger,0.7313629,0.022351211,0.0054349652,0.015800927,0.020837814,0.20421225
ed0glwn,joy,joy,0.002177389,0.0010026718,0.00042624623,0.99234045,0.00071550783,0.0033377162
ed0hqrq,joy,joy,0.0029590412,0.00096961943,0.00046218114,0.9928363,0.0010855852,0.0016872582
ed0i70k,anger,sadness,0.108919956,0.019716043,0.01807208,0.23788196,0.50039226,0.115017705
ed0it1e,joy,joy,0.003102396,0.0011136096,0.00065604626,0.9844094,0.0009172309,0.0098013105
ed0iucb,joy,joy,0.0011101813,0.00063810404,0.00040937992,0.9953101,0.0007267396,0.0018055544
ed0jeuf,joy,joy,0.0048821885,0.0014578303,0.0012417968,0.9850472,0.003494091,0.003876901
ed0k0sn,joy,joy,0.0011103698,0.000616481,0.00041635134,0.9952518,0.0010476144,0.0015573984
ed0k1g7,joy,joy,0.0019253512,0.0007709441,0.00044646874,0.9932458,0.001819101,0.0017924157
ed0k42m,anger,anger,0.9733974,0.013452465,0.0018066922,0.0047800434,0.0042416295,0.0023217874
ed0lnju,joy,joy,0.0009461419,0.0006263524,0.00042414115,0.99548644,0.00089239713,0.001624512
ed0m9ms,sadness,sadness,0.04232417,0.019614011,0.008976951,0.0128265675,0.9066223,0.009636076
ed0mb05,disgust,anger,0.9239006,0.03554195,0.002370771,0.02094447,0.012970502,0.0042716856
ed0mvkw,joy,joy,0.002649168,0.0016551507,0.0015881705,0.9822604,0.0041195205,0.0077276276
ed0n4bz,joy,joy,0.00095885363,0.00068687135,0.00044802733,0.9950027,0.0013118131,0.0015917218
ed0nsnk,surprise,surprise,0.06825003,0.005883801,0.004390121,0.3100664,0.012682331,0.59872735
ed0nvrn,joy,joy,0.0014342213,0.00080688496,0.00039207278,0.99492055,0.00072212395,0.0017241212
ed0qvyg,sadness,sadness,0.09683162,0.08116424,0.06415408,0.048928257,0.6870637,0.021858126
ed0rtw0,anger,fear,0.10523337,0.33876592,0.39233106,0.03303779,0.07664628,0.05398563
ed0svk4,joy,joy,0.0016853403,0.00081813225,0.0004062673,0.9947411,0.0008431516,0.0015059282
ed0t4so,joy,joy,0.0011575111,0.00069709035,0.00053738785,0.9944622,0.0013634914,0.0017822864
ed0vghc,surprise,anger,0.5974838,0.026463712,0.0064894888,0.03640224,0.29809678,0.035064
ed0ww1z,joy,joy,0.016299287,0.004187407,0.0027119094,0.921607,0.013364549,0.04182981
ed0xthk,joy,anger,0.9615655,0.018069107,0.0049436786,0.007919657,0.0040396545,0.003462357
ed0xyei,joy,joy,0.0029532318,0.0015780429,0.0013179996,0.9479959,0.0024076605,0.043747142
ed0y2su,joy,joy,0.0010834052,0.00070556527,0.00039894143,0.99544084,0.000699494,0.0016718138
ed0z7eq,surprise,surprise,0.007995959,0.0036809659,0.008113559,0.009332997,0.005204703,0.9656718
ed10ppm,sadness,sadness,0.010168238,0.0101444395,0.0081650615,0.048887923,0.9153435,0.007290846
ed113ro,surprise,surprise,0.0047922875,0.0036488685,0.005190081,0.021770217,0.0063046436,0.9582939
ed11edx,joy,joy,0.0015119683,0.000957179,0.00078725524,0.983208,0.00085354346,0.012682026
ed11zaf,anger,joy,0.0038820982,0.0012404642,0.00040686037,0.9901787,0.0026973072,0.0015946373
ed122p6,sadness,sadness,0.008648962,0.011486411,0.00877789,0.008844295,0.9515311,0.010711418
ed13aoj,joy,surprise,0.00449479,0.0040375656,0.008581636,0.012536373,0.007958784,0.9623909
ed13jls,joy,joy,0.0008992758,0.0006691782,0.00042432218,0.9955396,0.0009858201,0.0014816856
ed13s43,sadness,sadness,0.3647512,0.028139945,0.019012988,0.07273253,0.4515275,0.06383584
ed164dh,joy,joy,0.001216443,0.00093026034,0.0004515935,0.99389726,0.0007781813,0.0027263744
ed17cof,joy,joy,0.0010494922,0.0007588757,0.00048077322,0.9954266,0.0007772303,0.0015070257
ed17nq4,joy,anger,0.6545062,0.010236817,0.0039737658,0.29677948,0.0179055,0.016598223
ed184ql,joy,joy,0.0012806709,0.00096262427,0.00091878127,0.99262834,0.0012527377,0.0029568588
ed18vmp,joy,joy,0.0009773322,0.00064556015,0.00047806802,0.9954158,0.0007471277,0.0017361336
ed196uj,joy,joy,0.0010354406,0.0006589653,0.00037449284,0.9956754,0.00077904656,0.0014766444
ed197fi,joy,joy,0.0027541667,0.001755398,0.001019187,0.9628259,0.0015880764,0.03005737
ed1ab67,joy,joy,0.0058158054,0.0014170174,0.0012429031,0.97960323,0.004657528,0.0072634956
ed1ag17,anger,anger,0.6066949,0.06375309,0.011708337,0.0138565395,0.29034498,0.013642196
ed1b4wf,joy,joy,0.0015527795,0.00077805377,0.00054130773,0.99415046,0.0010981549,0.0018792414
ed1bf9d,anger,anger,0.38723826,0.04050311,0.04391308,0.17009303,0.014403348,0.3438492
ed1c7gj,joy,joy,0.013525804,0.0015381874,0.0009201941,0.97412676,0.002449147,0.0074399547
ed1d8jd,joy,joy,0.0015698497,0.0007545385,0.0004202089,0.9949532,0.00086533796,0.0014368547
ed1dgbj,joy,joy,0.0011365694,0.0007326091,0.00058048737,0.9937127,0.0013471056,0.0024904292
ed1djsl,joy,joy,0.026845159,0.0037708438,0.0036189745,0.71092176,0.01091733,0.24392591
ed1dmki,joy,joy,0.001471424,0.0012165946,0.0011181893,0.97656566,0.004190254,0.015437975
ed1dptl,anger,anger,0.81244844,0.087688714,0.005909588,0.007902836,0.0814002,0.004650209
ed1ff3y,joy,anger,0.95711964,0.007236022,0.0011693031,0.020544246,0.008027433,0.0059034
ed1fqgn,joy,surprise,0.12209992,0.0072279093,0.005626936,0.2705702,0.01487561,0.57959944
ed1gey2,joy,joy,0.0010426051,0.0007741162,0.00040742187,0.99538136,0.00092563557,0.0014688394
ed1ghrq,joy,joy,0.12405457,0.052010242,0.1091461,0.39665043,0.19588706,0.12225153
ed1h9ty,joy,joy,0.001079109,0.0006844626,0.00040984494,0.99455196,0.00085999863,0.002414714
ed1ivu3,sadness,sadness,0.01365571,0.026302118,0.04010455,0.045238633,0.80121636,0.07348262
ed1jdc4,joy,joy,0.014021458,0.004465942,0.002701037,0.8129956,0.003309981,0.162506
ed1jrqq,joy,anger,0.96368057,0.008889206,0.001848351,0.013870966,0.009072197,0.0026388231
ed1lzlh,joy,joy,0.0011282677,0.0006906457,0.00037533249,0.9951257,0.00068747666,0.0019926461
ed1m7w6,joy,joy,0.00128242,0.0007963497,0.00047861686,0.9951355,0.0008258271,0.0014813786
ed1m9qs,joy,joy,0.0011852442,0.0007635486,0.0004232372,0.9946161,0.0010800486,0.0019318672
ed1n6hy,surprise,surprise,0.007765498,0.004424262,0.0061254934,0.020532386,0.0055155843,0.95563686
ed1nkvu,joy,joy,0.0011184119,0.00060772186,0.00051478134,0.993961,0.0013732419,0.0024248522
ed1pbs7,joy,joy,0.0016096326,0.0008437596,0.00050870224,0.9948027,0.0010088042,0.001226435
ed1pn0a,anger,joy,0.0032260169,0.0009562675,0.00041994653,0.99218655,0.0014369739,0.0017741985
ed1ps1q,joy,joy,0.001700101,0.00079090585,0.0004247574,0.9928691,0.0007955168,0.003419619
ed1qmrz,joy,joy,0.002921517,0.0010453139,0.0008059873,0.98947865,0.0020020362,0.0037464811
ed1rede,joy,joy,0.0074188984,0.0021195926,0.0011626567,0.97105676,0.0024949242,0.01574706
ed1rhc1,joy,joy,0.0013015947,0.00075343816,0.00041159499,0.9951433,0.0009740701,0.0014160984
ed1rjn5,joy,joy,0.00097235775,0.0006909705,0.00044402896,0.9956317,0.00091135857,0.0013496297
ed1rle5,joy,joy,0.0013334076,0.00065585825,0.000443934,0.9949256,0.0010208763,0.0016202325
ed1s6f5,joy,joy,0.08761825,0.007984937,0.008204328,0.5430047,0.039790493,0.31339726
ed1s7vh,joy,joy,0.0017248373,0.0006994518,0.00052638765,0.9904096,0.0008089414,0.005830763
ed1so06,joy,fear,0.014945305,0.03388578,0.81094235,0.009970186,0.042649318,0.0876071
ed1tqle,sadness,sadness,0.013701456,0.035016626,0.018813998,0.0050825295,0.91419774,0.013187548
ed1u0am,joy,joy,0.0031616278,0.001212125,0.00077806116,0.98956096,0.0019604194,0.0033267634
ed1uck7,joy,joy,0.0011114476,0.0006648918,0.0004031684,0.99494946,0.000958785,0.0019122185
ed1umv1,joy,joy,0.0028878173,0.0008219262,0.00077750685,0.9891483,0.0026225096,0.0037418709
ed1uwg6,joy,joy,0.005053678,0.001143173,0.00069546414,0.9890693,0.0019948864,0.0020434961
ed1v0xk,sadness,sadness,0.053508397,0.040199533,0.014399665,0.015226304,0.86569214,0.010973885
ed1vfjp,joy,joy,0.00094996596,0.0006479194,0.00043076393,0.99559104,0.00086287473,0.0015174515
ed1w92l,joy,joy,0.0010525389,0.00069777644,0.00037456094,0.99505615,0.00076541415,0.0020535337
ed1wg24,joy,joy,0.0012192907,0.0008273703,0.00042300258,0.99526525,0.0007773104,0.0014876953
ed1wg3j,joy,joy,0.0014647681,0.0009962121,0.00073335064,0.98545295,0.00648145,0.0048713046
ed1wud5,sadness,surprise,0.037626244,0.0077416203,0.0070915977,0.011436962,0.008136647,0.92796695
ed1xhfp,joy,joy,0.0009414436,0.0007307806,0.0005471125,0.9947819,0.0017383039,0.001260379
ed1zg3g,sadness,anger,0.60940754,0.024203787,0.004527825,0.28573412,0.067887306,0.008239467
ed1zhop,joy,joy,0.0010765688,0.0007491021,0.00046164135,0.9929605,0.0006777733,0.0040743784
ed1zmlt,joy,joy,0.0015917874,0.00092672626,0.000780337,0.99199945,0.001636927,0.0030648012
ed20116,surprise,joy,0.016551176,0.0030355493,0.0029000188,0.77742684,0.009830651,0.19025578
ed20lrl,joy,joy,0.0013465992,0.0006462273,0.00043376052,0.994764,0.0013234792,0.0014859111
ed21plv,joy,joy,0.0009557855,0.0007358518,0.0005679949,0.99485874,0.0013752551,0.0015063506
ed22fyg,anger,anger,0.9522987,0.025321662,0.0031957824,0.005729556,0.010532726,0.0029214649
ed22g2y,joy,joy,0.0011023751,0.0007678943,0.000479077,0.9946768,0.0007564869,0.0022173529
ed22q13,joy,joy,0.001016078,0.0006748577,0.0004315851,0.99547136,0.0007438846,0.0016622244
ed23wsw,joy,joy,0.0009393966,0.00066933886,0.0004519546,0.9953353,0.0007819053,0.0018221277
ed255dy,joy,joy,0.0010963668,0.00073258264,0.0004299648,0.9953935,0.0008287686,0.0015188615
ed25izo,joy,joy,0.0017174995,0.0007125477,0.00040750348,0.9947465,0.00076006714,0.0016557422
ed2611v,joy,joy,0.003290693,0.0008568672,0.00061849284,0.99120176,0.001805846,0.0022263248
ed26eo2,surprise,surprise,0.04270842,0.005787704,0.0059282226,0.0061396263,0.012909528,0.9265265
ed26ill,surprise,joy,0.0011061983,0.000598717,0.00043813186,0.993708,0.0011170679,0.0030317656
ed26j1r,joy,joy,0.0012978204,0.0006710058,0.00039981928,0.995464,0.00074967695,0.0014176766
ed278ro,surprise,anger,0.949951,0.01422511,0.00192408,0.02301404,0.008639456,0.002246293
ed27ia1,fear,fear,0.016995352,0.03138304,0.8294365,0.008109589,0.058020882,0.05605463
ed294ug,joy,joy,0.0011702448,0.0007498281,0.00042146773,0.99555796,0.0007378765,0.0013626578
ed296f1,joy,joy,0.0009927262,0.00068458554,0.0004802898,0.9953597,0.0010281372,0.0014544959
ed29f48,joy,joy,0.0012983815,0.00080420874,0.00052207115,0.9945979,0.0008873427,0.0018901259
ed2af70,anger,surprise,0.008052351,0.004983086,0.0066559613,0.17519455,0.008163247,0.7969509
ed2amgz,joy,joy,0.0032558625,0.001024555,0.0006437555,0.989391,0.0020212997,0.0036634672
ed2azcm,joy,joy,0.0010074818,0.0006744277,0.00042836563,0.9954164,0.00072939583,0.0017438815
ed2b17j,anger,anger,0.9599241,0.009169151,0.0015456158,0.0125547545,0.0057650153,0.011041386
ed2d9ic,sadness,sadness,0.044193495,0.038642004,0.009264211,0.025948461,0.87648696,0.0054649096
ed2e00i,fear,disgust,0.11198177,0.48064715,0.2060276,0.011298595,0.17571297,0.014331882
ed2egrq,joy,joy,0.17082015,0.011100521,0.0061205206,0.5886833,0.21406503,0.009210452
ed2f978,surprise,joy,0.0011294677,0.00063873926,0.00039486127,0.9940639,0.0006006377,0.0031724453
ed2fg67,sadness,anger,0.8606101,0.013758269,0.0021666624,0.03368831,0.07663841,0.0131382635
ed2fv27,sadness,sadness,0.01809862,0.010412105,0.010201786,0.030236077,0.89030623,0.040745128
ed2gl83,joy,joy,0.00092244765,0.0007068411,0.00048200833,0.9954862,0.00091147836,0.001490986
ed2gsvn,sadness,sadness,0.0077857412,0.007772743,0.008693734,0.024094634,0.93038565,0.021267511
ed2i4d5,joy,joy,0.006731681,0.0017801205,0.0020803045,0.9433763,0.004088516,0.04194299
ed2jmoc,joy,joy,0.001058195,0.0006707154,0.00045752845,0.9949915,0.0009926527,0.0018294002
ed2kb20,joy,joy,0.0014036397,0.00068297837,0.00039350678,0.9926333,0.000716907,0.004169673
ed2ktj7,joy,joy,0.0011035048,0.0006915037,0.0005106079,0.99474263,0.000654883,0.0022968482
ed2lel3,joy,joy,0.0010664543,0.00070545997,0.0004286115,0.9951285,0.0008867546,0.0017841738
ed2mcfr,sadness,surprise,0.08979553,0.006018112,0.0039673923,0.016643021,0.014265167,0.86931074
ed2naxg,joy,anger,0.9498729,0.01105403,0.0014334946,0.026985206,0.0051758355,0.0054784673
ed2nene,anger,anger,0.39994836,0.036937285,0.019394975,0.07372339,0.3837981,0.08619797
ed2nkua,joy,joy,0.001182728,0.00067834946,0.0004560462,0.9953696,0.000807183,0.0015060214
ed2noxb,joy,joy,0.0019255647,0.0007242869,0.0003697195,0.99502546,0.0008359683,0.001119015
ed2ojh2,joy,joy,0.0013508507,0.0006851715,0.00038173745,0.9940654,0.0012946257,0.002222182
ed2p51j,disgust,sadness,0.011900179,0.022334205,0.013134397,0.005222332,0.94239134,0.0050174976
ed2pptz,sadness,sadness,0.027215216,0.06564518,0.021556547,0.008522723,0.86612725,0.010933077
ed2q9f7,joy,joy,0.0008959205,0.0006329165,0.00046727393,0.99515414,0.001027078,0.0018226302
ed2qzhv,sadness,sadness,0.06941278,0.020996334,0.0394718,0.12259275,0.51439726,0.23312908
ed2r5gd,anger,anger,0.9700253,0.008161224,0.0015641713,0.012802154,0.0049474374,0.002499578
ed2shn2,joy,joy,0.0014688938,0.0007011361,0.00042875958,0.99495894,0.00061578024,0.0018265544
ed2tyb9,joy,joy,0.0012302498,0.00079701067,0.0005749789,0.9951866,0.00095674803,0.0012544277
ed2u4oi,joy,joy,0.073660076,0.05606237,0.05769892,0.40983218,0.3570323,0.045714132
ed2v6t1,sadness,sadness,0.29040015,0.015944086,0.008074845,0.096171424,0.57426846,0.015141033
ed2wn96,joy,joy,0.0011478963,0.00075015175,0.00042137626,0.9951957,0.00065580383,0.0018291073
ed2x9cg,joy,joy,0.0009627573,0.00070643716,0.00042741428,0.9954921,0.00088035956,0.0015308711
ed2y901,sadness,surprise,0.18620548,0.013783661,0.019859899,0.019246606,0.06393874,0.6969656
ed2ygk2,surprise,surprise,0.0065418635,0.0028918746,0.004222854,0.005138147,0.0059682988,0.97523695
ed2yu52,surprise,surprise,0.0038282962,0.0028485903,0.0045438176,0.010900374,0.0049868394,0.97289205
ed2z9xi,sadness,sadness,0.22694369,0.2324585,0.02490076,0.019202586,0.45789576,0.03859861
ed2zxig,fear,joy,0.18197481,0.028555138,0.028210029,0.4029736,0.3217109,0.036575507
ed303ns,anger,anger,0.87027293,0.01628549,0.0023567036,0.02676457,0.07579414,0.008526183
ed30hxp,joy,joy,0.0011340526,0.0007553386,0.000435536,0.9954722,0.0007354199,0.001467501
ed32812,joy,joy,0.0009586034,0.00064104167,0.0004140165,0.99549073,0.0008645616,0.0016310933
ed33lzc,joy,joy,0.0012013363,0.00079976505,0.00052601227,0.9934683,0.0008430997,0.003161535
ed347pm,anger,anger,0.95989424,0.007427146,0.0014627156,0.023795841,0.004921525,0.0024984877
ed34b3g,joy,joy,0.0026237266,0.0008360776,0.0005112234,0.98602283,0.0010113592,0.008994791
ed34qp0,joy,joy,0.0031900045,0.0010858371,0.0005900721,0.9920705,0.0011229073,0.0019406955
ed35r07,sadness,sadness,0.009317501,0.009960163,0.007807611,0.025173347,0.9409096,0.0068318667
ed36jmd,joy,joy,0.0010840166,0.00070800475,0.0005769965,0.9938313,0.0011240247,0.0026756169
ed37jfd,joy,joy,0.001144832,0.0006275259,0.00042182746,0.9953662,0.0009513211,0.0014882741
ed39nre,joy,joy,0.002780627,0.0036910009,0.010226317,0.912837,0.0038812668,0.066583715
ed3a0gd,joy,joy,0.0028434945,0.000991383,0.00074044184,0.98126996,0.0017645255,0.012390191
ed3a3tq,anger,anger,0.81519425,0.06693467,0.004222892,0.014262638,0.09386067,0.005524914
ed3bm0t,joy,joy,0.0012958634,0.00072879944,0.00042046257,0.99369097,0.0006729624,0.0031909125
ed3bub2,joy,joy,0.0011239854,0.00065777166,0.0004497702,0.99453604,0.00057449477,0.002657951
ed3chq4,surprise,surprise,0.0067520416,0.003871812,0.003913281,0.18377429,0.008282002,0.7934066
ed3cqfo,joy,anger,0.67445356,0.027866552,0.006336702,0.23309325,0.021060258,0.03718961
ed3dkko,fear,sadness,0.008049291,0.011378703,0.09578215,0.35846952,0.47966927,0.046650987
ed3e962,surprise,surprise,0.0056638806,0.002496988,0.003398816,0.0071094143,0.004533551,0.9767973
ed3edou,joy,joy,0.0011203325,0.0007372413,0.0005363312,0.9949157,0.001045465,0.0016449182
ed3elk7,joy,joy,0.0014222608,0.00070029934,0.000393254,0.9948559,0.00055180077,0.0020764754
ed3eqrm,joy,joy,0.0013598406,0.00076991564,0.00045098524,0.9947153,0.0008962889,0.0018076316
ed3fatr,surprise,surprise,0.25020182,0.008422953,0.0060080425,0.013278258,0.017446736,0.7046422
ed3fe34,joy,joy,0.0014803003,0.0008890857,0.0004969906,0.99485177,0.00090996095,0.001371985
ed3gsox,joy,joy,0.0014967582,0.00084439025,0.0007402869,0.9821922,0.0010767798,0.013649659
ed3gxrq,surprise,surprise,0.027778525,0.005214669,0.0055518853,0.0046482533,0.008387032,0.9484196
ed3iwf2,joy,joy,0.0061271866,0.005179091,0.015956588,0.890993,0.068033054,0.0137110595
ed3jgf9,anger,joy,0.31492436,0.007687393,0.0026247867,0.64276046,0.009850656,0.022152362
ed3k8p1,surprise,surprise,0.013527345,0.004201647,0.0056862207,0.0075167613,0.007436305,0.9616318
ed3kl83,joy,surprise,0.044286136,0.0061063645,0.0037007527,0.32907042,0.07211437,0.54472196
ed3l9kd,surprise,surprise,0.012520472,0.00431976,0.006823173,0.043250687,0.006084522,0.9270015
ed3ljgc,joy,joy,0.0010476212,0.0006976809,0.0003799927,0.9956708,0.0008279625,0.0013760594
ed3loj7,joy,joy,0.001130004,0.0006113435,0.0003515361,0.99525934,0.00068577204,0.001962052
ed3mg9q,anger,anger,0.7737092,0.041943297,0.015001804,0.04364138,0.07031611,0.055388235
ed3mm40,joy,joy,0.001164991,0.0006284946,0.00043130302,0.9954619,0.0010335526,0.0012798127
ed3mv1d,joy,joy,0.0029262952,0.00065996853,0.0003383895,0.9923694,0.00088118535,0.0028248318
ed3mzz1,joy,joy,0.00096266053,0.00076587376,0.00073577993,0.9917058,0.0011391734,0.0046907514
ed3o2ae,surprise,surprise,0.02351231,0.0040157493,0.00419151,0.0057591563,0.0057512554,0.95677
ed3oh9f,surprise,surprise,0.008595543,0.0038420118,0.004684089,0.0044877143,0.005600564,0.97278994
ed3ptc8,joy,joy,0.0010503564,0.0006856472,0.00038997276,0.9954293,0.00086110993,0.0015836264
ed3pum4,joy,joy,0.0017695281,0.00066165265,0.00034307496,0.9948415,0.0006718488,0.001712418
ed3q71h,anger,anger,0.69612443,0.017133202,0.0048946575,0.25023693,0.0257563,0.0058544185
ed3qasl,joy,joy,0.0018158078,0.0008113762,0.00033698877,0.9948308,0.00072800065,0.0014771525
ed3qhk4,surprise,joy,0.0025363013,0.001014226,0.0008359943,0.9868911,0.002428115,0.0062941667
ed3qj00,joy,joy,0.0010102573,0.00064131164,0.0004512077,0.9951698,0.0009566722,0.0017707993
ed3rmql,surprise,joy,0.011511484,0.003580487,0.0015863169,0.7823301,0.0056084064,0.19538324
ed3s65e,joy,joy,0.0010900045,0.0008015492,0.0005427604,0.994433,0.0014368828,0.0016958201
ed3sfgj,anger,anger,0.8971874,0.029693054,0.0052812234,0.016234463,0.048096713,0.0035071892
ed3sh4v,surprise,joy,0.051602293,0.010586631,0.005776261,0.8544099,0.05033054,0.027294433
ed3sn5e,joy,joy,0.020730188,0.0019557145,0.0007616541,0.9674905,0.0066684806,0.0023934215
ed3t0o9,disgust,disgust,0.25283,0.468589,0.0829025,0.016527966,0.16928206,0.009868466
ed3tljs,joy,joy,0.0015205843,0.00083967316,0.0004363799,0.9943381,0.00070132763,0.0021639308
ed3u8tz,joy,joy,0.0040190527,0.0013961467,0.0008808243,0.98667175,0.0032723534,0.0037598861
ed3udbr,joy,joy,0.0011043813,0.0006861426,0.00045835157,0.99508613,0.0011407891,0.0015241413
ed3v8zr,surprise,surprise,0.012557944,0.0032192543,0.0045744665,0.004841385,0.0050522676,0.9697547
ed3w5cd,joy,joy,0.007522115,0.001582363,0.00094179314,0.98520964,0.0021066065,0.0026375104
ed3wj75,joy,joy,0.0020026804,0.001035608,0.00073621713,0.9847875,0.0009866831,0.010451314
ed3ymb1,joy,joy,0.001278343,0.00061423844,0.00034168432,0.99528366,0.0007425625,0.0017395199
ed3yyju,joy,joy,0.002068081,0.0013582268,0.0010013616,0.9882785,0.0044169556,0.002876921
ed3zin2,joy,joy,0.0029530325,0.0016786741,0.0012542693,0.9202263,0.0032264462,0.07066126
ed3zlsz,anger,anger,0.82235456,0.019093188,0.0044195857,0.011502432,0.025375154,0.117255054
ed40wwj,joy,joy,0.0011112781,0.0008290379,0.00080249103,0.99331164,0.0023273395,0.0016181719
ed40xxh,joy,joy,0.0010291411,0.0006895875,0.00050289585,0.9951277,0.0012935346,0.001357084
ed41lo1,anger,anger,0.9328532,0.014165181,0.00400439,0.007407002,0.0065682917,0.035001904
ed41m72,joy,joy,0.0010691592,0.00061256916,0.00041645666,0.9954352,0.00089037645,0.001576152
ed41u13,sadness,anger,0.69291425,0.07198143,0.004878651,0.045563955,0.18020265,0.004459099
ed42at1,joy,joy,0.0011248817,0.00077577826,0.00047074852,0.99518096,0.0011653926,0.00128225
ed42lw0,surprise,surprise,0.004234784,0.0026050885,0.004114083,0.0067910342,0.00460702,0.9776479
ed43l93,joy,joy,0.001467298,0.0006482687,0.00042283576,0.99513984,0.0010705339,0.0012511852
ed43rft,joy,joy,0.0010287989,0.0006974026,0.0005682758,0.9942228,0.0012184022,0.0022643288
ed43vek,joy,joy,0.004770238,0.0048136455,0.014765203,0.90985656,0.054648586,0.011145796
ed44d5a,joy,joy,0.001135637,0.00071994506,0.00046046675,0.99542624,0.00070916634,0.0015485917
ed44w5k,joy,joy,0.0027504622,0.001038211,0.00052153,0.99307585,0.00097260845,0.0016413119
ed452ih,joy,joy,0.001686341,0.0009352403,0.0009076831,0.9857239,0.0032271806,0.0075196954
ed45xrw,joy,anger,0.73406404,0.02981446,0.004070789,0.16990349,0.058413904,0.0037333795
ed46dud,anger,fear,0.0791857,0.16121079,0.46271268,0.02272864,0.24340257,0.030759558
ed4764z,surprise,joy,0.0040362463,0.0017161877,0.0014317414,0.92153585,0.0030395372,0.068240434
ed47ez1,joy,surprise,0.07930197,0.016760865,0.023574594,0.12053202,0.020108953,0.7397216
ed47inp,anger,anger,0.8673029,0.019209623,0.002330108,0.045588896,0.060365967,0.0052026035
ed48aqg,sadness,joy,0.0041219206,0.0011337516,0.00077575457,0.9878413,0.0040643667,0.0020629957
ed48ef2,anger,joy,0.011542011,0.0020151704,0.0043422775,0.9552443,0.0050832066,0.021772968
ed48tq9,joy,joy,0.0021551314,0.00066953845,0.0005133525,0.9931759,0.0017943935,0.0016916683
ed4agaf,joy,joy,0.001399309,0.0006254843,0.00041039448,0.99488825,0.0010314144,0.001645189
ed4b598,joy,joy,0.0018370136,0.000991039,0.00060992123,0.993085,0.0018613515,0.0016157243
ed4batk,anger,anger,0.9550552,0.008083239,0.0014248191,0.026302285,0.004755019,0.004379426
ed4c01d,joy,joy,0.001008539,0.0006137668,0.00058609166,0.9943942,0.001432661,0.001964683
ed4cava,disgust,sadness,0.24014159,0.29626578,0.047537774,0.010347296,0.39219543,0.013512116
ed4cyt9,sadness,sadness,0.012575638,0.010863196,0.0079493215,0.019628786,0.9439887,0.004994533
ed4d4ip,surprise,joy,0.012622427,0.003172641,0.0039053506,0.844879,0.008317573,0.127103
ed4da42,joy,joy,0.0017081286,0.001059227,0.00053617946,0.99315333,0.0009935715,0.0025495219
ed4dyci,anger,anger,0.9592157,0.009496584,0.0020808233,0.012877791,0.013655644,0.0026735482
ed4dycq,joy,joy,0.001097119,0.00062774937,0.0004472563,0.99547946,0.00095901266,0.0013893805
ed4e0bz,joy,joy,0.0017717425,0.00074575644,0.00042342127,0.99438137,0.0012347765,0.0014429641
ed4e5v8,anger,sadness,0.22824603,0.037158288,0.028967848,0.066433236,0.6252759,0.013918744
ed4edc8,surprise,joy,0.053318266,0.004325341,0.002265985,0.92039376,0.015776226,0.0039203614
ed4eldw,anger,anger,0.92890114,0.020630006,0.004112326,0.0061761565,0.026803667,0.013376743
ed4f4io,surprise,anger,0.51217544,0.039266914,0.008369742,0.029098745,0.12663446,0.28445473
ed4f606,surprise,surprise,0.009531152,0.0031803094,0.004771294,0.0042595635,0.008778553,0.9694791
ed4fe9l,joy,joy,0.0009660124,0.0006922805,0.00051591167,0.9950658,0.0015023705,0.0012576549
ed4fqyy,joy,joy,0.0010638909,0.00078225083,0.00048743025,0.9954261,0.00078535546,0.0014549537
ed4fwha,joy,joy,0.0011130203,0.00067470415,0.000378676,0.99507195,0.0006584602,0.0021031897
ed4gn8u,joy,joy,0.0010982922,0.0007438909,0.000479796,0.9951147,0.000807425,0.0017559717
ed4gxf4,joy,joy,0.0011837172,0.0006680346,0.00041485226,0.9948649,0.00066790846,0.0022006473
ed4gym1,anger,anger,0.9497774,0.019964628,0.0024284546,0.005493978,0.013830399,0.00850503
ed4hxuv,sadness,joy,0.010046322,0.0010640032,0.00061833416,0.9804863,0.004020146,0.0037648566
ed4ibqh,joy,anger,0.45041275,0.026547693,0.003567672,0.38034323,0.12542789,0.013700821
ed4iqff,surprise,surprise,0.037426144,0.005159457,0.0038931796,0.009270237,0.011335245,0.9329158
ed4jos7,joy,joy,0.07591631,0.023870451,0.08234474,0.555572,0.18224902,0.08004753
ed4k685,sadness,anger,0.953606,0.019341601,0.0023720043,0.011819025,0.009107711,0.0037536412
ed4l4ma,joy,joy,0.001035376,0.0006707988,0.000399627,0.9954047,0.0007620624,0.0017274888
ed4m2om,surprise,surprise,0.018840829,0.0042814002,0.0037191135,0.06550812,0.018018467,0.889632
ed4mu0b,joy,joy,0.0017800493,0.0008193573,0.00053433113,0.99423605,0.0011668912,0.001463377
ed4n7am,surprise,joy,0.002114068,0.0008400553,0.0008643525,0.9783433,0.0012410063,0.016597135
ed4nee9,joy,joy,0.0012277166,0.00065092626,0.0004029143,0.995555,0.0007908031,0.001372706
ed4nfij,joy,joy,0.0010042888,0.0006583492,0.0004640716,0.99550545,0.00074616855,0.0016215695
ed4njnu,anger,anger,0.77101654,0.02020032,0.0067993384,0.09235404,0.09828604,0.011343768
ed4o2hd,fear,fear,0.018745188,0.031689286,0.82926154,0.008488098,0.039015662,0.072800264
ed4o321,sadness,sadness,0.011481408,0.010055321,0.008855834,0.0146395555,0.943878,0.011089853
ed4ob8u,surprise,joy,0.014616239,0.0016716236,0.0010287182,0.9765132,0.0034399612,0.0027303214
ed4p24s,surprise,sadness,0.037068006,0.019310333,0.047844436,0.010921717,0.6589465,0.22590892
ed4pao1,anger,joy,0.019080577,0.0021361175,0.00073277485,0.9709028,0.0040267603,0.0031209723
ed4pjk1,joy,joy,0.0011144683,0.0007688042,0.00056289014,0.99516284,0.0008960143,0.0014949347
ed4pnnx,joy,sadness,0.02358501,0.01205044,0.015186179,0.119031936,0.8224734,0.007672955
ed4pzlr,joy,joy,0.008898006,0.0018354808,0.0010048986,0.93975675,0.0024619678,0.04604299
ed4q326,anger,anger,0.8351519,0.027970562,0.0029858248,0.019240035,0.110165246,0.004486385
ed4qga0,joy,joy,0.001968439,0.0008350598,0.00054047426,0.9923563,0.0021647988,0.0021349883
ed4qp2k,joy,joy,0.001347197,0.0007254762,0.0003668827,0.99499595,0.0005830207,0.0019814472
ed4rtgx,sadness,sadness,0.008459635,0.012903936,0.01103075,0.013362294,0.9287663,0.025477128
ed4tkig,joy,joy,0.0016033325,0.0008117018,0.00068744214,0.9918109,0.0011973619,0.003889284
ed4tsd6,joy,joy,0.0011808389,0.0011130973,0.0017277208,0.9836089,0.0047651525,0.007604387
ed4udyv,surprise,sadness,0.10099987,0.019197615,0.007046583,0.25769615,0.5981575,0.016902296
ed4vtot,disgust,anger,0.7163111,0.19372638,0.030884074,0.01235352,0.02353187,0.023193076
ed4w2oh,joy,sadness,0.05058623,0.044851467,0.2892836,0.15488529,0.3350669,0.1253265
ed4wjur,surprise,surprise,0.28809103,0.024233798,0.005498463,0.02539969,0.112840675,0.5439363
ed4wxj5,anger,anger,0.9698352,0.014909672,0.0024637457,0.0043917517,0.0061416356,0.0022580547
ed4y3yk,anger,surprise,0.087321,0.004828341,0.004361597,0.044271316,0.0111416215,0.8480761
ed4y8ts,fear,fear,0.020975392,0.0480807,0.8416303,0.008799213,0.033375807,0.047138564
ed50jli,surprise,surprise,0.0057514994,0.0028071045,0.004460505,0.0063538584,0.0043103225,0.97631675
ed5129w,joy,joy,0.0012323068,0.000754412,0.00056511763,0.994888,0.001067506,0.0014926514
ed52ler,joy,joy,0.0011918813,0.00078880484,0.00053095067,0.99483794,0.00081880245,0.0018315922
ed535p6,surprise,joy,0.008434936,0.0009845606,0.00051549094,0.9794225,0.0029148762,0.0077275652
ed53trw,surprise,anger,0.96100944,0.012861854,0.0020032201,0.0065249833,0.0077721924,0.009828346
ed571ai,joy,anger,0.7573767,0.020922868,0.006037895,0.09088463,0.1010164,0.023761528
ed5768h,anger,anger,0.90349483,0.014575834,0.0024553316,0.048118964,0.022363853,0.008991197
ed57kft,joy,joy,0.0009881767,0.00072200195,0.00044420947,0.99526113,0.0010189324,0.0015655248
ed57pil,sadness,sadness,0.008083799,0.008737683,0.0074939635,0.011103613,0.95818776,0.0063931528
ed58t8y,surprise,surprise,0.00982279,0.0036670428,0.005724274,0.007558399,0.008343962,0.96488357
ed59a85,joy,joy,0.0011989237,0.00066928077,0.00044041945,0.9942741,0.001395048,0.0020221972
ed5aw4l,surprise,surprise,0.020773714,0.0034688462,0.0043895133,0.0065926583,0.009479961,0.95529526
ed5b1w7,joy,joy,0.0018074714,0.0007642342,0.00042749968,0.9950536,0.0007154103,0.0012317441
ed5bi7l,anger,anger,0.9311236,0.010500977,0.0012562234,0.038840428,0.010347471,0.0079313535
ed5bsdm,sadness,sadness,0.008423168,0.009672722,0.007669451,0.029064467,0.9149735,0.030196618
ed5cepv,joy,surprise,0.21148552,0.006972051,0.0036336062,0.17744814,0.0198923,0.5805684
ed5cew6,joy,anger,0.85798013,0.007865771,0.002546509,0.10564845,0.022280902,0.0036782012
ed5ed1c,anger,anger,0.96837103,0.0082494905,0.002589168,0.010424292,0.00420232,0.00616374
ed5f1q6,disgust,disgust,0.28612888,0.5267152,0.107257634,0.019823914,0.030791393,0.029282916
ed5f54l,surprise,surprise,0.01444288,0.0038142165,0.0039609075,0.008628807,0.014552526,0.9546006
ed5guh3,anger,anger,0.87074333,0.083294414,0.009499846,0.004556844,0.027394459,0.0045110756
ed5hj2l,joy,joy,0.0095503945,0.0015364896,0.0005724103,0.98442024,0.0019330782,0.0019873546
ed5htoz,joy,anger,0.67070246,0.019641338,0.0031571982,0.13203065,0.1619995,0.012468781
ed5i5bn,joy,joy,0.0010573063,0.00071247376,0.0003812388,0.99487805,0.00086424017,0.002106655
ed5inqr,joy,joy,0.0012371287,0.00064784073,0.00038108043,0.9940708,0.0007045701,0.002958494
ed5jdet,joy,joy,0.0009802751,0.0007776795,0.00046097673,0.9953809,0.0009418083,0.0014584002
ed5kemm,joy,joy,0.0049133496,0.0017003262,0.00067256513,0.98720586,0.0038883924,0.0016195129
ed5kxo0,anger,joy,0.01863876,0.001508479,0.00043791023,0.9733052,0.0024854136,0.0036242236
ed5lq4x,anger,joy,0.0018873549,0.0007808781,0.0003399817,0.9944102,0.00068372936,0.0018978135
ed5lr80,joy,joy,0.0017171737,0.00087155896,0.00047728303,0.9945418,0.0010368439,0.0013553638
ed5mopu,joy,joy,0.0013634196,0.00064928876,0.00038984197,0.9941293,0.00066075346,0.0028073816
ed5mq58,sadness,sadness,0.04954598,0.04919614,0.014206728,0.010146929,0.8711594,0.0057449024
ed5nylq,joy,joy,0.0017175876,0.00074926123,0.00033910235,0.9948232,0.00079411885,0.001576723
ed5pc18,joy,joy,0.0013783666,0.00072991813,0.00039160458,0.99517256,0.00057989603,0.001747635
ed5pflb,joy,joy,0.0011141069,0.00063291506,0.00041629004,0.9942516,0.0007311936,0.0028540005
ed5q1op,anger,anger,0.7299367,0.011055992,0.002948813,0.1889899,0.027520169,0.039548513
ed5qg38,joy,joy,0.0014861809,0.0008483383,0.0005503182,0.9942437,0.0015575207,0.0013139877
ed5qrbs,joy,joy,0.0010481251,0.00073401985,0.00040062287,0.9950605,0.00076364574,0.0019931141
ed5quzx,anger,anger,0.9662248,0.008705349,0.0018961589,0.013030644,0.0043475097,0.005795568
ed5r0i1,surprise,surprise,0.004366221,0.00244989,0.0040737414,0.0072616227,0.004169158,0.9776793
ed5ry8k,sadness,sadness,0.010119023,0.013411761,0.011896646,0.018352576,0.94094294,0.005277054
ed5s3ks,surprise,surprise,0.009122693,0.004941091,0.009229986,0.12830235,0.019660879,0.8287431
ed5sfeb,joy,joy,0.0014974497,0.0006780496,0.00043247372,0.9944606,0.0007386127,0.0021928262
ed5ssis,surprise,fear,0.028206447,0.028543504,0.6086248,0.025680512,0.07042093,0.23852381
ed5sxk3,joy,surprise,0.0143460175,0.0046727075,0.0058395644,0.076944835,0.0062070168,0.8919898
ed5te14,joy,joy,0.0015848094,0.0008071924,0.00037767334,0.994941,0.0007837341,0.0015056292
ed5tpbx,joy,joy,0.0016299965,0.00074740243,0.0003776585,0.99046624,0.0015484635,0.0052302973
ed5u38w,joy,joy,0.002016044,0.00064370455,0.00037496124,0.9941764,0.00065224926,0.0021366482
ed5u781,joy,joy,0.001225552,0.0006753885,0.0004799251,0.99368423,0.0018357983,0.0020990435
ed5vcsi,sadness,anger,0.7374773,0.13646184,0.006726029,0.015529708,0.09531402,0.008491072
ed5vgdb,joy,joy,0.0010195944,0.00066239614,0.00041035571,0.99524397,0.0010197635,0.0016438556
ed5xb34,joy,anger,0.891511,0.03026133,0.0039588735,0.022901993,0.04532133,0.006045355
ed5yole,surprise,surprise,0.026084354,0.0037526232,0.003833179,0.014177984,0.013074873,0.939077
ed5yq3r,sadness,anger,0.89269227,0.047314987,0.008235372,0.021788022,0.016292794,0.0136764515
ed634g5,joy,anger,0.93363017,0.010676295,0.002064981,0.040580545,0.007992435,0.0050555724
ed639gq,anger,sadness,0.27371517,0.04157745,0.021076525,0.012560946,0.53786796,0.11320187
ed63hmd,anger,anger,0.66214436,0.23376374,0.023581086,0.0069224276,0.06690718,0.0066812336
ed64opx,anger,anger,0.8869049,0.011004076,0.0026280463,0.05588187,0.037538964,0.006042144
ed64oyb,sadness,sadness,0.009184471,0.010109101,0.007920141,0.085146025,0.8774831,0.010157183
ed65q3r,anger,joy,0.011672565,0.0033877671,0.0051961346,0.8038703,0.004746514,0.17112668
ed65qsk,surprise,surprise,0.0067166295,0.0040769977,0.00529677,0.010226495,0.008785578,0.96489745
ed661j5,anger,anger,0.94050366,0.0088467775,0.0021377672,0.029848266,0.015631992,0.0030315258
ed66az0,joy,joy,0.0024821626,0.0010140474,0.00076674466,0.9913168,0.0017761325,0.002644197
ed67cm5,anger,anger,0.6943124,0.076379254,0.017630829,0.104690395,0.09401176,0.012975353
ed68etr,joy,joy,0.0032477584,0.0010419219,0.00085419783,0.97436893,0.0034894187,0.016997807
ed69fi2,joy,joy,0.0045778085,0.0010063282,0.00056192826,0.9906042,0.001726102,0.0015236719
ed69zd7,joy,joy,0.0016938257,0.0007477202,0.00038735074,0.9922693,0.00082927715,0.0040724706
ed6apxa,joy,joy,0.0011040565,0.0007692206,0.0004344155,0.99536717,0.0008049344,0.0015202835
ed6b9mv,joy,joy,0.0011357573,0.00071416935,0.00043401928,0.9949156,0.00071043114,0.002089979
ed6g1on,joy,anger,0.9413378,0.0090021435,0.0018031435,0.033264402,0.01019092,0.0044015767
ed6gn2w,joy,joy,0.0010705639,0.000657915,0.00039081255,0.9952129,0.0008214399,0.0018462692
ed6gnl8,disgust,fear,0.21932237,0.2226857,0.4294405,0.026848225,0.054444093,0.04725906
ed6gocf,surprise,surprise,0.014540647,0.0058350987,0.004747121,0.1842851,0.006353829,0.7842382
ed6gpgt,joy,joy,0.001413402,0.00060429244,0.00035970236,0.99517787,0.0009343144,0.0015103234
ed6h9fn,joy,joy,0.0012144111,0.0006499822,0.00043072927,0.994764,0.0006491063,0.0022917886
ed6hlmd,anger,anger,0.5849906,0.027524784,0.015847282,0.026495354,0.15578423,0.18935774
ed6hytw,anger,anger,0.9614301,0.012023826,0.00159985,0.017344171,0.0040933117,0.0035087767
ed6i2gp,joy,joy,0.0011341795,0.00061380275,0.00036011098,0.99433446,0.00090090185,0.0026565369
ed6ja83,joy,fear,0.029894665,0.036084928,0.73754776,0.025676107,0.054597072,0.116199434
ed6jwpf,joy,joy,0.0042093387,0.0012493781,0.0011300994,0.9809545,0.006585116,0.005871489
ed6kdr0,anger,anger,0.8631519,0.006257763,0.0019590154,0.09719204,0.015156569,0.016282775
ed6kfll,joy,joy,0.001195426,0.00073873444,0.0004196376,0.9954259,0.0008173173,0.0014030613
ed6m125,joy,joy,0.0014038708,0.0007990094,0.00038859475,0.9950517,0.00097211613,0.0013848124
ed6mlpr,sadness,sadness,0.2544495,0.026224067,0.005902982,0.12345571,0.5778268,0.012140912
ed6myuv,joy,joy,0.002375044,0.0011955315,0.0014888224,0.9507981,0.0031712374,0.04097131
ed6n0go,surprise,disgust,0.39057407,0.39410624,0.047642652,0.011775678,0.14226805,0.013633241
ed6o9ps,joy,joy,0.0011012751,0.00074676675,0.0003817852,0.99525994,0.00075705664,0.0017531866
ed6ofp9,anger,sadness,0.09869148,0.026398122,0.012881476,0.17900848,0.67338204,0.0096384315
ed6p2ev,joy,joy,0.0013445476,0.00073490536,0.0003951619,0.9951438,0.0010343926,0.0013472559
ed6p459,joy,joy,0.0013061494,0.00067984156,0.00043150864,0.99522334,0.0010957718,0.0012633527
ed6pccv,anger,anger,0.9552287,0.017792078,0.002676935,0.006960771,0.009385762,0.007955783
ed6piv1,sadness,sadness,0.027403636,0.016649695,0.019707551,0.26631767,0.655305,0.014616436
ed6q139,sadness,joy,0.019151315,0.006426724,0.014214856,0.8027259,0.07251559,0.084965676
ed6r4ra,joy,joy,0.0038815746,0.00068872503,0.00046028354,0.9895783,0.0011129136,0.004278202
ed6sg09,surprise,surprise,0.022397868,0.009660387,0.019573104,0.029789416,0.09566994,0.8229093
ed6sjhu,joy,anger,0.4286212,0.3868384,0.10642016,0.014200523,0.03941696,0.024502706
ed6sntb,sadness,sadness,0.103109695,0.014751542,0.01610619,0.36176336,0.4444308,0.059838396
ed6tkvs,joy,joy,0.0012961723,0.00059213967,0.0004257571,0.9946802,0.000981813,0.0020238538
ed6tvzh,surprise,surprise,0.007274049,0.0026947241,0.0033922077,0.008491914,0.004580138,0.97356707
ed6u0zm,anger,anger,0.9643115,0.008677938,0.0012587532,0.016379206,0.0074388334,0.0019337665
ed6u5ps,joy,joy,0.0012065788,0.0006690193,0.0004275859,0.9952382,0.00064402306,0.0018146026
ed6ue69,joy,joy,0.0009999624,0.00070312346,0.00044783592,0.9950932,0.0007598619,0.0019959656
ed6vb2n,joy,joy,0.0019649712,0.00083821744,0.00060975103,0.9933193,0.0007908201,0.0024770324
ed6vkjl,fear,fear,0.030363843,0.117483705,0.74059045,0.010168926,0.059655663,0.041737396
ed6vr9q,joy,joy,0.0017700737,0.0009016813,0.00063319836,0.9942807,0.0009640161,0.0014503679
ed6vvu7,joy,joy,0.0029663346,0.0016742985,0.0008774093,0.98831254,0.0027569248,0.003412573
ed6xcdy,joy,joy,0.002673792,0.00078630104,0.00039046988,0.9940659,0.0008128753,0.0012706028
ed6xcwh,joy,joy,0.0018072802,0.0009910108,0.0005282795,0.99337316,0.0009080052,0.0023921747
ed6y43m,joy,joy,0.0010135662,0.0006346187,0.00041054012,0.99543154,0.0008953067,0.0016144378
ed6ymo0,joy,joy,0.0011923749,0.00075385073,0.00050581805,0.99360704,0.00079664204,0.0031442381
ed6yz6a,surprise,joy,0.0051571657,0.0031912613,0.0031781725,0.69149876,0.0043115523,0.29266313
ed709l2,sadness,joy,0.094494455,0.0083185285,0.005106769,0.74863476,0.08724554,0.056199957
ed70zli,joy,joy,0.0011816187,0.00077793,0.00066578086,0.99416107,0.001746181,0.0014674005
ed71hr7,joy,joy,0.0009978062,0.0008317459,0.00066063355,0.99370533,0.0023614701,0.0014429888
ed71xxs,joy,joy,0.017243098,0.0029424655,0.001770314,0.93583626,0.030110748,0.0120970635
ed71z4y,surprise,surprise,0.006384947,0.0028074442,0.005286219,0.0047143917,0.0050553856,0.97575164
ed71zss,joy,joy,0.0010503486,0.0006155071,0.00039208817,0.9954261,0.00068169256,0.0018343055
ed72vag,joy,joy,0.002936665,0.0023700781,0.0027826757,0.9705465,0.0026327255,0.018731397
ed72vtx,surprise,surprise,0.012131307,0.0051153773,0.009295462,0.012822368,0.033471167,0.9271643
ed73gmb,joy,joy,0.0016712877,0.001513507,0.0027033943,0.9733936,0.006895321,0.013822824
ed741ul,joy,joy,0.0011109395,0.0006834539,0.00038865415,0.99562716,0.0007284528,0.001461367
ed744ld,sadness,joy,0.0014683963,0.00074876106,0.0005644097,0.9927862,0.0026814265,0.0017507599
ed74a8u,anger,anger,0.9059573,0.013142123,0.002741203,0.013876699,0.011982877,0.05229979
ed74bhn,anger,joy,0.034691997,0.0028486014,0.0013948088,0.95222574,0.0064846263,0.0023541588
ed74czc,joy,joy,0.00213516,0.0007369393,0.0004114684,0.9880062,0.0011140687,0.0075962557
ed74x62,sadness,sadness,0.02747214,0.015101683,0.0092801945,0.011432587,0.8930074,0.04370597
ed75l0w,joy,joy,0.0011457201,0.0007052871,0.00044993323,0.99524105,0.00063064747,0.0018273939
ed75r2m,joy,joy,0.0011245828,0.00073269865,0.00053951796,0.99520326,0.0011128556,0.0012870874
ed75vui,surprise,surprise,0.025094768,0.004774484,0.004414876,0.006383591,0.00590134,0.9534309
ed76wz1,anger,joy,0.0036620258,0.0013055457,0.001154534,0.9448647,0.0036626616,0.045350626
ed77f9k,joy,joy,0.0018046687,0.0007032774,0.0003278126,0.9949496,0.0007999166,0.0014147174
ed77vm8,anger,anger,0.74092174,0.04368123,0.015932899,0.041158374,0.14262338,0.015682366
ed789j9,anger,joy,0.0014826034,0.00082729844,0.00052645354,0.9918928,0.0013754942,0.003895266
ed79019,joy,joy,0.0017963548,0.00091710506,0.00057760475,0.9926367,0.0021029424,0.0019691868
ed794co,anger,anger,0.9382783,0.023788676,0.007477953,0.017320845,0.009894107,0.0032400126
ed79fb4,joy,joy,0.0010310623,0.00081078685,0.0007603701,0.99375075,0.0012353553,0.0024117015
ed79hg8,joy,surprise,0.00578154,0.0060528973,0.006106721,0.19651079,0.006287382,0.7792607
ed7a12w,joy,joy,0.0009340698,0.0006800907,0.0005765261,0.9948131,0.0014260602,0.0015701914
ed7a6r5,joy,surprise,0.4228766,0.032900516,0.025088217,0.055525977,0.01907803,0.44453073
ed7a94a,joy,joy,0.0010348252,0.0006590207,0.00043073366,0.9954869,0.00071522885,0.0016731737
ed7b8h4,joy,joy,0.0011583271,0.0006862573,0.000477725,0.9953009,0.00087194226,0.0015048458
ed7bo38,anger,joy,0.0021118158,0.00088569,0.00039345567,0.99173427,0.001332987,0.003541824
ed7bxkx,anger,anger,0.9414334,0.013794107,0.0045453296,0.023028323,0.010238824,0.006959887
ed7c5o9,joy,sadness,0.10146698,0.124659136,0.24220054,0.032360423,0.46016625,0.03914667
ed7ccmu,sadness,sadness,0.056275994,0.068002835,0.015731622,0.0056707957,0.8455866,0.008732137
ed7cqqr,anger,surprise,0.067923784,0.005042941,0.00442831,0.017618414,0.020615522,0.88437104
ed7dq81,joy,joy,0.010556771,0.002558629,0.0036578563,0.9685088,0.010289532,0.004428478
ed7f11g,surprise,anger,0.57461727,0.030823305,0.0074843084,0.014351516,0.058463242,0.31426033
ed7fgdc,anger,anger,0.86975646,0.018473001,0.005244827,0.009858019,0.011218897,0.085448824
ed7h6o8,joy,joy,0.0009608218,0.000701596,0.00048508352,0.99532264,0.00083262305,0.0016972013
ed7hgxg,joy,joy,0.008094251,0.0012305425,0.0011242304,0.9582579,0.007673871,0.023619212
ed7hjbe,sadness,sadness,0.008343734,0.015462806,0.010738147,0.006220102,0.9469616,0.0122735575
ed7hzmm,joy,joy,0.0016126186,0.00081341673,0.00043968848,0.9943051,0.0006447058,0.0021844336
ed7j709,sadness,sadness,0.17074,0.03812222,0.0695117,0.018011888,0.6284033,0.07521096
ed7jbsg,joy,joy,0.0014056867,0.00071897346,0.00041166862,0.9928786,0.0006372801,0.003947749
ed7kff2,surprise,joy,0.0046147453,0.0017558296,0.00095997745,0.9758768,0.0016014278,0.015191164
ed7nnzw,sadness,sadness,0.005806445,0.010229465,0.009996665,0.008782127,0.95565534,0.00953
ed7ocvn,joy,joy,0.0013832209,0.000945868,0.00057065237,0.9927476,0.0012800244,0.0030725976
ed7oxbm,surprise,surprise,0.020140717,0.0035645138,0.0025281827,0.29026756,0.00541712,0.67808187
ed7q8la,sadness,sadness,0.022829015,0.019206733,0.013961178,0.0109396195,0.92573696,0.007326549
ed7r36s,joy,anger,0.9630347,0.008078245,0.0021513961,0.016486928,0.007557331,0.0026914186
ed7rdvg,surprise,joy,0.0050104205,0.0032414019,0.0031314413,0.7091334,0.0048008543,0.27468258
ed7ryas,joy,joy,0.0014182798,0.0007275681,0.00039284333,0.9938747,0.00069129845,0.002895242
ed7t2oa,joy,joy,0.0024737115,0.0009232625,0.00046220704,0.9878634,0.0013816241,0.006895842
ed7t8y6,joy,joy,0.0018132316,0.0009784879,0.0005808284,0.99368745,0.00075687363,0.0021831496
ed7ty9p,joy,joy,0.026409287,0.002414262,0.0012857645,0.9574151,0.0047947033,0.0076808915
ed7u8eh,joy,joy,0.0011897432,0.0009061855,0.00048356468,0.9944541,0.0008458528,0.0021205875
ed7uezu,joy,joy,0.0014391525,0.0008337441,0.00044977915,0.99504495,0.00095675513,0.0012756498
ed7uin2,joy,joy,0.0016392767,0.00082622207,0.00052447926,0.99367684,0.0006485274,0.002684737
ed7uo1f,joy,joy,0.0012304271,0.0008589073,0.00046748042,0.9950747,0.0007322209,0.0016363653
ed7uq8z,anger,anger,0.91968,0.043680962,0.010845923,0.0038425005,0.005783493,0.01616706
ed7wam1,fear,fear,0.078711964,0.13575469,0.63543427,0.03246657,0.06748248,0.050150044
ed7x09k,joy,joy,0.0036314344,0.0013967652,0.0005663148,0.98011667,0.0013111625,0.012977628
ed7x4yb,anger,joy,0.08730417,0.006126442,0.0044336817,0.7313532,0.015594717,0.15518782
ed7xkbl,sadness,anger,0.66084135,0.018626869,0.0050700502,0.0713878,0.229825,0.014248956
ed7y12p,joy,joy,0.00448952,0.0009545108,0.0005837079,0.97516406,0.0016387244,0.017169412
ed7yjh3,joy,joy,0.0013610207,0.0008810752,0.0005124801,0.9950446,0.0008884006,0.0013123702
ed7ypvh,fear,fear,0.19588701,0.1119545,0.4498808,0.03365649,0.16934982,0.039271373
ed7z0c6,anger,anger,0.95561814,0.011518987,0.0015263227,0.018644722,0.009167452,0.0035243693
ed7zetw,joy,joy,0.0011754357,0.0006314363,0.0004197211,0.99422294,0.0011107039,0.0024397648
ed7zu10,anger,anger,0.6239026,0.016347917,0.006187342,0.25735292,0.03385514,0.062354054
ed80fb1,joy,joy,0.0014832072,0.0008021156,0.00042595324,0.9950597,0.00078815676,0.0014408727
ed80lzq,joy,joy,0.0012934726,0.00075030123,0.0004059333,0.9950282,0.0010231717,0.001498869
ed80m9m,joy,joy,0.003122759,0.0012034694,0.00078159163,0.99127394,0.0012725252,0.002345741
ed81d5a,surprise,anger,0.49244213,0.019675532,0.0101205455,0.008001911,0.016811019,0.45294878
ed81yq7,joy,joy,0.0010324204,0.00067014666,0.00043169988,0.99553335,0.0008099415,0.0015224187
ed844wg,anger,joy,0.18078049,0.0041355593,0.001470682,0.79036367,0.006649692,0.016599901
ed84apd,joy,joy,0.0013968819,0.0006861701,0.0004386037,0.9952304,0.0008019969,0.0014459079
ed873ai,surprise,surprise,0.009393627,0.0027791525,0.0043105953,0.030317478,0.006224994,0.9469741
ed877yv,joy,joy,0.0012078837,0.00059846975,0.00035763797,0.995427,0.00079328194,0.0016156967
ed87r4d,anger,anger,0.9693159,0.0064484295,0.0011331898,0.012068077,0.004965931,0.0060684215
ed89acy,joy,joy,0.0027333132,0.0018877137,0.0015353035,0.9790893,0.011769156,0.0029852563
ed8ale8,surprise,surprise,0.0051055904,0.0040311487,0.008135278,0.008443355,0.009424769,0.96485984
ed8apkj,disgust,anger,0.79781544,0.099066935,0.011672164,0.012695862,0.019610543,0.05913909
ed8b04a,joy,joy,0.007933316,0.0010679715,0.0007400138,0.9656452,0.0019872973,0.022626283
ed8cbz8,surprise,surprise,0.009154761,0.0075379442,0.020585649,0.006366956,0.017713895,0.93864083
ed8ei53,joy,joy,0.0011724402,0.00067857123,0.0004199,0.99534947,0.00066982093,0.0017098541
ed8ew98,joy,joy,0.0019670313,0.0006359569,0.00043782583,0.9917604,0.0011045863,0.0040942454
ed8ezqg,joy,joy,0.0009818489,0.0006661571,0.00041222016,0.99550253,0.0008324571,0.0016048172
ed8ffhv,surprise,surprise,0.011934625,0.0035954618,0.0036652642,0.30415195,0.007605657,0.66904706
ed8fyzg,joy,joy,0.0009525136,0.00069864525,0.00054426346,0.9949596,0.0010468066,0.0017981835
ed8g95h,joy,joy,0.001046466,0.00082345825,0.00047106267,0.99474066,0.0007238106,0.0021945664
ed8h33q,joy,joy,0.0012687626,0.00066064246,0.00038548865,0.99547344,0.0006635999,0.0015480738
ed8h5h6,joy,joy,0.0021384933,0.00080288976,0.00046371983,0.9912328,0.00085612084,0.0045059794
ed8hesy,joy,joy,0.00249506,0.0010911983,0.000654586,0.99113375,0.0015402003,0.0030852146
ed8hn3s,joy,joy,0.001078712,0.0007122617,0.0004307256,0.9954621,0.0007659093,0.001550273
ed8hpi6,joy,joy,0.001234793,0.0007524023,0.00043387563,0.9955082,0.0007689324,0.0013018696
ed8hsvh,joy,joy,0.0010267186,0.00075188547,0.00050298445,0.9951622,0.0011384432,0.001417809
ed8htw0,joy,joy,0.0009553715,0.00069794065,0.0005572093,0.99389404,0.0013931257,0.0025022726
ed8i1ws,joy,joy,0.0011167193,0.00072636415,0.00039742736,0.99548537,0.000754584,0.0015195096
ed8i5qv,joy,joy,0.0080498755,0.001474018,0.00076386705,0.9834441,0.0026533916,0.0036146676
ed8jhhu,joy,joy,0.0011832425,0.000676962,0.00047379083,0.9951728,0.0010883438,0.0014047917
ed8kcno,joy,joy,0.09879393,0.0054372246,0.0017806988,0.86208147,0.014408358,0.017498307
ed8kg4l,anger,anger,0.7892789,0.0097609395,0.0055570505,0.031406175,0.02365913,0.14033778
ed8khhp,surprise,joy,0.024596281,0.008830905,0.025603224,0.7148918,0.044433594,0.18164417
ed8kp9u,surprise,surprise,0.0063477443,0.003399813,0.0066247983,0.008121922,0.006337625,0.96916807
ed8kqr6,anger,anger,0.9478989,0.010078339,0.0019361733,0.018624455,0.011321589,0.0101403585
ed8lt42,joy,joy,0.0014632078,0.0008083414,0.00045910204,0.99497175,0.0006685822,0.0016290309
ed8m8b5,sadness,sadness,0.0046975343,0.012474701,0.012911926,0.008942277,0.9542241,0.006749428
ed8mfs6,joy,joy,0.0011167974,0.0007406183,0.0006512585,0.9948708,0.0011661176,0.0014543368
ed8mfz2,joy,surprise,0.006782934,0.004796541,0.0043815933,0.33229303,0.005406919,0.646339
ed8mtit,joy,joy,0.038781732,0.0019704266,0.00061807316,0.9515104,0.0037927923,0.0033265606
ed8mur5,joy,anger,0.5171387,0.08478813,0.14945059,0.072904624,0.15467373,0.021044206
ed8n4fx,anger,anger,0.8459539,0.032755308,0.014268782,0.033699658,0.047271837,0.026050571
ed8n5mi,joy,joy,0.0014904594,0.0007421686,0.00066603866,0.9944805,0.0009905017,0.0016304485
ed8niuw,joy,joy,0.0012728758,0.0007724705,0.00036709217,0.994995,0.0007871933,0.00180534
ed8o0za,sadness,sadness,0.014043951,0.009101552,0.01281005,0.025096955,0.92200387,0.016943632
ed8o616,joy,joy,0.0010163708,0.0006420942,0.0004689148,0.9948474,0.0009428039,0.0020823842
ed8ogxv,surprise,surprise,0.0141042145,0.0032909887,0.0040334035,0.005119007,0.006815989,0.9666364
ed8orl0,anger,anger,0.49581414,0.01715575,0.006139379,0.4450925,0.030397404,0.005400842
ed8p8um,joy,joy,0.000982056,0.0006298869,0.000384983,0.995374,0.00070315757,0.001925915
ed8ph77,joy,joy,0.0010460205,0.0006767464,0.0003967445,0.99537367,0.000875915,0.0016309164
ed8prm1,joy,joy,0.0018867856,0.00105847,0.00076823577,0.99148625,0.0022236253,0.0025767495
ed8q2c5,anger,anger,0.94722235,0.006530886,0.0024259621,0.028292207,0.007957432,0.007571216
ed8qc78,anger,anger,0.9568169,0.021717247,0.0032341804,0.008781669,0.0058557377,0.0035943289
ed8r0aq,joy,joy,0.0009975004,0.0006865544,0.0004380405,0.9954522,0.000811804,0.0016139173
ed8rl4h,sadness,surprise,0.054307897,0.008794562,0.006556226,0.008482518,0.040549908,0.8813088
ed8sccd,joy,joy,0.0009804483,0.0007941242,0.0006288846,0.9941982,0.000878787,0.0025195682
ed8t0es,sadness,sadness,0.01177899,0.010027454,0.0066146143,0.06413725,0.8955524,0.011889354
ed8tiz9,joy,joy,0.0028320116,0.0014468756,0.0006723423,0.97203696,0.0025324738,0.020479351
ed8tvqs,fear,joy,0.0043823547,0.0036796592,0.0033850684,0.80879503,0.0038638425,0.17589402
ed8uqdb,sadness,sadness,0.059465684,0.02406689,0.05137675,0.07173324,0.729716,0.06364131
ed8vsxg,anger,anger,0.96737427,0.013203807,0.002494855,0.009852933,0.005191291,0.0018829056
ed8vtzw,surprise,surprise,0.06373142,0.00742925,0.0052684736,0.009934517,0.007852167,0.9057842
ed8wcui,surprise,surprise,0.13103053,0.011072097,0.008286218,0.006907312,0.032534108,0.81016976
ed8wtld,joy,joy,0.0010862537,0.0007331814,0.00044927647,0.9947242,0.00065754174,0.0023496028
ed8xhhq,joy,joy,0.0013014365,0.00071421603,0.0004421796,0.99487805,0.0013257376,0.00133841
ed8yud4,surprise,surprise,0.00539267,0.004063065,0.006590385,0.039808173,0.011691299,0.9324544
ed8zubh,joy,joy,0.0011075649,0.00062235683,0.00041693577,0.9949005,0.001134763,0.0018179216
ed8zwph,joy,joy,0.0012590954,0.0009946846,0.0011128964,0.99187464,0.00095725554,0.0038014406
ed906jd,joy,joy,0.00088832027,0.0007632456,0.00051878917,0.9947918,0.00082789536,0.0022099128
ed911wk,joy,joy,0.000943854,0.00072458887,0.00050214503,0.99547786,0.00088361517,0.0014679161
ed931i6,anger,anger,0.4313925,0.020852342,0.010583578,0.08547347,0.24752963,0.20416847
ed93mwk,joy,joy,0.0013755959,0.00065090344,0.0004571492,0.9949326,0.00081055315,0.0017731728
ed93o2e,surprise,surprise,0.0073570814,0.0027475888,0.0038770465,0.0049727648,0.0057702903,0.97527516
ed93wm6,sadness,anger,0.93983066,0.03071096,0.0031720567,0.0061691287,0.017608758,0.0025084196
ed941zn,surprise,surprise,0.0050464272,0.0028981913,0.0048155384,0.0060786163,0.0046843183,0.97647697
ed9496a,joy,joy,0.0009750781,0.00064700376,0.0003871026,0.995568,0.00078784564,0.0016349904
ed94hdl,anger,joy,0.004341331,0.0014187099,0.0006500936,0.9900816,0.002226716,0.0012814677
ed955ab,surprise,surprise,0.00619906,0.002805779,0.003269672,0.009786269,0.004401264,0.97353786
ed95rgs,anger,anger,0.9264562,0.01031975,0.001544095,0.02574443,0.026903512,0.009032027
ed966f7,surprise,surprise,0.021966003,0.003962964,0.0042519644,0.014754503,0.013305173,0.9417593
ed97kbk,anger,anger,0.73836535,0.019537535,0.007048512,0.0105345575,0.017671093,0.20684293
ed97nbc,surprise,joy,0.003121137,0.0015812415,0.001000816,0.9490536,0.0039005878,0.041342527
ed98cxb,joy,joy,0.0012139404,0.0006762975,0.00042965356,0.9942675,0.0008492887,0.002563313
ed995t7,joy,joy,0.0010218717,0.0006811968,0.00040595164,0.9957699,0.00075133296,0.0013696224
ed99nmf,anger,anger,0.7687747,0.010792563,0.0026289532,0.19764072,0.015490086,0.004673035
ed9ats7,joy,joy,0.0019651777,0.00074699364,0.00031158188,0.9932815,0.00091459963,0.0027801865
ed9b1j4,joy,joy,0.002319207,0.0007290553,0.00037332185,0.99380857,0.001229216,0.0015405668
ed9b3no,joy,anger,0.8004789,0.021743434,0.0040135765,0.1446218,0.01790624,0.011236121
ed9bbey,disgust,disgust,0.15782736,0.5443477,0.13483368,0.016779788,0.13038875,0.015822722
ed9cu5k,sadness,sadness,0.036273103,0.059758987,0.014030981,0.014120631,0.8715188,0.0042975107
ed9ev0u,anger,anger,0.9500229,0.009312431,0.0028688752,0.010603356,0.0083461525,0.018846221
ed9fyax,surprise,surprise,0.4537284,0.014446287,0.006294553,0.015098941,0.011720804,0.498711
ed9g2pm,joy,joy,0.0021643632,0.0006981462,0.00041402402,0.99237275,0.0014581085,0.0028926095
ed9h5y9,joy,joy,0.0010432675,0.0006578262,0.00047811004,0.99262756,0.0011998331,0.0039934353
ed9hd7k,anger,anger,0.4125364,0.18854582,0.023683637,0.019726757,0.3488157,0.0066917087
ed9hm9b,joy,joy,0.007711212,0.005210904,0.003471464,0.66638976,0.010635262,0.3065814
ed9i7wi,sadness,sadness,0.0101911845,0.008986786,0.031369504,0.06628823,0.8512829,0.03188129
ed9iha9,joy,joy,0.0014123399,0.0008926952,0.0008674213,0.9918755,0.0029431996,0.0020087997
ed9jerd,joy,joy,0.0019367571,0.00066427304,0.00036306088,0.9944792,0.00074373203,0.0018129507
ed9jw3c,surprise,surprise,0.0054380246,0.002931522,0.0053062732,0.004803291,0.005514353,0.9760066
ed9ke46,surprise,surprise,0.011424569,0.0030057807,0.0033021187,0.006677318,0.0057009235,0.96988934
ed9kf0i,joy,joy,0.0013285913,0.00065945514,0.00040779964,0.9950395,0.001312013,0.0012527143
ed9klyx,surprise,joy,0.002615465,0.00094723783,0.0005160976,0.9920306,0.0011188975,0.0027716742
ed9km8y,joy,surprise,0.005538216,0.004221219,0.0048623597,0.35132858,0.0053592264,0.6286903
ed9kmbb,joy,joy,0.10747761,0.004347183,0.0027738726,0.8449647,0.024186904,0.016249837
ed9lbup,joy,anger,0.89315385,0.03680739,0.00923039,0.025829125,0.029285964,0.0056932904
ed9lggf,joy,joy,0.0014574529,0.0006444645,0.000318705,0.99526477,0.0007978087,0.001516824
ed9m8n5,joy,joy,0.001499732,0.000731569,0.00042322138,0.99500024,0.00086344284,0.0014818907
ed9ml2t,joy,joy,0.0014155562,0.0007632269,0.0004108422,0.9947523,0.0008626821,0.0017953358
ed9ms37,surprise,joy,0.005248323,0.004074609,0.0040617264,0.5209152,0.01052664,0.4551735
ed9n50o,joy,joy,0.0012026668,0.00075242657,0.00046202593,0.9928726,0.00077751325,0.003932694
ed9o8vj,joy,joy,0.0010568581,0.00070326973,0.00046841564,0.9951664,0.0006771927,0.0019278956
ed9oc3z,surprise,surprise,0.007408667,0.0027094884,0.0039594085,0.0059671565,0.0049965414,0.9749587
ed9pgsa,joy,joy,0.0010691332,0.0007366934,0.000611448,0.9945755,0.0014292619,0.0015779043
ed9pyix,joy,joy,0.0014947163,0.00088939536,0.00063007814,0.9839585,0.0018542124,0.011173207
ed9r9yl,joy,joy,0.0010919524,0.0006881602,0.0004649806,0.9953621,0.0010861828,0.0013066847
ed9rt68,joy,joy,0.0014345332,0.0008731498,0.0005227993,0.99281585,0.001155974,0.0031977273
ed9s32l,joy,joy,0.0028018947,0.0007077922,0.0004329511,0.9866998,0.0013569354,0.00800055
ed9s3f7,joy,joy,0.001117504,0.0007336879,0.00044719453,0.99537057,0.0006795535,0.0016513884
ed9sdxg,joy,joy,0.001020087,0.0007954465,0.0007571785,0.9928878,0.002334504,0.0022049572
ed9si6l,joy,joy,0.0022591078,0.0007563662,0.000436837,0.9932774,0.0012159477,0.0020544024
ed9srty,joy,joy,0.0009374941,0.0006745112,0.00044303326,0.9955505,0.000958271,0.0014362179
ed9ubsp,joy,joy,0.003268015,0.00089797005,0.00053602114,0.99076253,0.0014451718,0.0030903493
ed9ugmn,anger,anger,0.9454238,0.025376154,0.0026221965,0.015094205,0.0095819,0.0019017758
ed9uxds,anger,anger,0.93979263,0.005544443,0.001351176,0.041608218,0.005497478,0.0062059565
ed9vovm,disgust,anger,0.7695525,0.08836476,0.014213016,0.09217386,0.025131045,0.010564781
ed9vrk8,joy,joy,0.0013000693,0.000842418,0.0005580589,0.99230725,0.0007609237,0.0042312844
ed9w48i,joy,joy,0.001077077,0.0006650142,0.0004422188,0.9951337,0.0012959176,0.0013861132
ed9wh9d,joy,joy,0.0010644939,0.00065933465,0.00038682888,0.99547136,0.0009254276,0.001492589
ed9xbtq,surprise,surprise,0.024862604,0.0038166293,0.0035872776,0.012981162,0.013451997,0.9413003
ed9xzpd,joy,joy,0.0010010707,0.0007085851,0.00042075402,0.9952242,0.00076766504,0.0018777783
ed9y2xd,joy,joy,0.001636764,0.00075569353,0.00041297099,0.9951805,0.00072829955,0.0012857146
ed9y743,joy,joy,0.0019345534,0.00088982034,0.0008105948,0.99275583,0.0014175717,0.0021916658
ed9yqux,surprise,surprise,0.01652798,0.003861174,0.0046244166,0.0046138754,0.0074947244,0.9628778
ed9z6gf,surprise,anger,0.9216369,0.025591603,0.0029198288,0.014971553,0.010491035,0.024389043
ed9zj2k,joy,joy,0.0013354825,0.0007054684,0.0003657319,0.9954997,0.0007984291,0.0012952577
ed9zrnh,anger,anger,0.83979523,0.017148837,0.0034370315,0.056343425,0.07499346,0.008282053
eda256p,joy,joy,0.0012749598,0.0006935608,0.00036053627,0.9947842,0.0006712933,0.0022155289
eda2azi,sadness,anger,0.8865996,0.06209453,0.0038042413,0.010146913,0.032056812,0.0052979463
eda2ojj,joy,joy,0.004117281,0.0017156507,0.00069103343,0.990042,0.0015336534,0.0019004743
eda2ot2,joy,joy,0.0009407576,0.0006729838,0.0004073335,0.99526936,0.0008725618,0.0018369486
eda2pct,joy,joy,0.0010166708,0.00062340463,0.00039725826,0.99522555,0.0007249226,0.0020121648
eda39j9,joy,joy,0.0013055379,0.0006964223,0.00037078196,0.9953827,0.0007263436,0.0015181849
eda3f69,surprise,surprise,0.0074123857,0.002550721,0.003888056,0.0382786,0.006200756,0.94166946
eda3ivp,anger,anger,0.83803266,0.00761053,0.0032501502,0.072560996,0.017642332,0.060903315
eda41eh,joy,joy,0.000919353,0.0006071608,0.0003963519,0.9952828,0.0008810555,0.0019132376
eda51nn,joy,joy,0.0013818936,0.0006716057,0.0005728057,0.98977715,0.000959146,0.006637313
eda54wt,joy,joy,0.0013316518,0.00084410515,0.0006524957,0.99395376,0.0016653356,0.0015526915
eda58jj,surprise,surprise,0.012454283,0.0035633459,0.003293013,0.29132128,0.0051032444,0.68426484
eda5ytx,joy,joy,0.0009438751,0.0006945973,0.00055135664,0.99492824,0.0013441102,0.0015377569
eda6bx8,joy,joy,0.0014283617,0.00090723566,0.00042378413,0.9947168,0.00094834104,0.0015754203
eda6snp,sadness,sadness,0.076966815,0.14067827,0.04672399,0.019941922,0.5234294,0.19225967
eda6xsa,joy,joy,0.0008167358,0.0006538193,0.00058038643,0.9942385,0.0012714338,0.0024391166
eda726z,joy,joy,0.0014466865,0.0008689806,0.00048741093,0.9942145,0.0009894108,0.0019930736
eda83rh,surprise,surprise,0.022349954,0.004140804,0.0046378076,0.005825103,0.009870381,0.95317596
eda86hg,joy,joy,0.0013141778,0.0006342639,0.0003617589,0.99555653,0.00097123807,0.0011620757
eda9bvr,surprise,anger,0.69935805,0.008823977,0.005691605,0.07105149,0.038803946,0.17627098
eda9v6q,joy,joy,0.0011925513,0.00059644686,0.00049148826,0.9949403,0.0009769035,0.001802342
edaa1n4,sadness,anger,0.59539425,0.049966384,0.0045742476,0.05763588,0.283446,0.008983239
edaa2w7,surprise,surprise,0.04641811,0.0052074245,0.005024569,0.0058820187,0.008992711,0.9284752
edaal52,joy,joy,0.0013455071,0.0006454046,0.00033592343,0.9951513,0.00083700573,0.0016848939
edab1l1,anger,anger,0.7916922,0.020968193,0.002897826,0.11234492,0.019711439,0.052385487
edab2jq,joy,joy,0.0038612552,0.0010257652,0.0005789759,0.9844797,0.0017167632,0.008337468
edabj2w,joy,joy,0.0029146548,0.00088490563,0.0004485602,0.99246275,0.0015249752,0.0017641113
edabzrb,joy,joy,0.0009607663,0.0007237414,0.0004963104,0.9951018,0.0014146047,0.0013027723
edae6y4,anger,anger,0.947843,0.021092784,0.0019110532,0.011834295,0.011436839,0.005882045
edafaik,joy,anger,0.9494804,0.01561801,0.00354455,0.022395235,0.0064794086,0.0024824636
edafzwe,anger,anger,0.9529699,0.024436496,0.0039016667,0.0092074685,0.007708525,0.0017759348
edagyiv,joy,joy,0.0030145582,0.0017812621,0.0015525395,0.9879965,0.0028467719,0.0028083075
edaik69,surprise,surprise,0.006130168,0.004944727,0.00857512,0.008117186,0.009529293,0.9627036
edaime1,joy,joy,0.001033598,0.00075628515,0.00047860752,0.9954335,0.0008046097,0.0014933696
edajjew,joy,joy,0.0015892552,0.00088445836,0.00069311523,0.9887216,0.004035369,0.004076142
edajs63,anger,anger,0.9377455,0.01751447,0.0016631561,0.011957235,0.02591167,0.0052079386
edakdb8,joy,joy,0.0027044902,0.0018269529,0.0029240476,0.95842147,0.029058013,0.0050649894
edamq25,joy,joy,0.0015285927,0.0008259928,0.00043871722,0.9940626,0.0006147367,0.0025293836
edan1sb,joy,joy,0.0011955455,0.0007067041,0.0004625814,0.99540436,0.0006833687,0.0015473582
edao8me,joy,joy,0.0322831,0.005006745,0.0016862927,0.9494054,0.006308906,0.0053094965
edaoqie,sadness,sadness,0.0124870185,0.0201674,0.041755073,0.008441596,0.9046274,0.012521535
edap1i5,joy,surprise,0.006767799,0.0032892777,0.0040666107,0.16409338,0.0058839177,0.81589913
edapdmw,surprise,surprise,0.0064548356,0.0028394547,0.0041838703,0.013858194,0.0066200807,0.96604365
edaq4ff,fear,sadness,0.06956851,0.020707697,0.036086403,0.05473181,0.66410047,0.15480515
edar33i,anger,sadness,0.08329965,0.05141767,0.013402475,0.014878694,0.83001214,0.006989359
edar45c,sadness,sadness,0.0062558074,0.010213425,0.009671529,0.011394508,0.9563078,0.0061568995
edar4o7,surprise,surprise,0.007932496,0.0036660777,0.0040768357,0.01476699,0.012310134,0.95724744
edarwx8,anger,anger,0.9454691,0.012419886,0.002496168,0.026462575,0.0102376845,0.002914625
edashqi,joy,joy,0.0009898437,0.00076979795,0.00056062103,0.9952525,0.00084012153,0.0015871193
edat48r,sadness,anger,0.70381343,0.045616835,0.0070843035,0.048521053,0.1842579,0.010706526
edatjcr,surprise,surprise,0.006984909,0.0036767307,0.004256653,0.011653834,0.0062470124,0.96718085
edauvy5,anger,anger,0.40266237,0.06357447,0.039217617,0.28037074,0.18001485,0.034159962
edav9d9,joy,joy,0.000982993,0.00084080215,0.00064165436,0.9946026,0.000943281,0.0019886123
edavrol,joy,joy,0.0009330313,0.00064852444,0.0004867451,0.9952928,0.0007965041,0.0018425151
eday23l,anger,anger,0.46165034,0.028542029,0.013867684,0.0420844,0.43801075,0.015844787
edaya61,anger,anger,0.574594,0.0070235925,0.0024621561,0.39456323,0.011322624,0.010034471
edaz1g3,joy,joy,0.0009102616,0.00070601195,0.00046604773,0.99527967,0.0011258121,0.0015122492
edb1zj4,joy,joy,0.000988224,0.000754458,0.00060737913,0.9944606,0.0012313682,0.0019580119
edb70zl,sadness,joy,0.06388625,0.006541494,0.0043226327,0.87206113,0.045179386,0.008009132
edb79g1,anger,anger,0.95048577,0.019841705,0.0024488813,0.015456121,0.009556438,0.0022111482
edb7t2l,joy,joy,0.0012679332,0.000670568,0.00036821587,0.99504185,0.00078682095,0.001864581
edb8u2w,anger,anger,0.9546173,0.01868717,0.0035829176,0.007443098,0.011437357,0.00423204
edb9gtq,joy,joy,0.0021928956,0.0007349214,0.00048994436,0.9937065,0.0013335893,0.001542121
edb9itc,joy,joy,0.001278303,0.000722666,0.00036919495,0.995449,0.0007229662,0.0014578054
edb9r1a,joy,joy,0.0010436063,0.000785631,0.0005880531,0.9917201,0.0035012332,0.0023614648
edbbcwm,joy,joy,0.0014042497,0.00088521256,0.00058385625,0.99460995,0.000649246,0.0018674252
edbcwv1,joy,joy,0.001196372,0.00072754984,0.00041347046,0.9952122,0.0007704509,0.0016799998
edbd221,anger,anger,0.5439615,0.03208104,0.013405913,0.027651772,0.3435917,0.039308056
edbdtxe,joy,joy,0.2494917,0.008625324,0.008017791,0.7055085,0.01846734,0.00988943
edbdz7v,joy,joy,0.0033280218,0.0025019697,0.0014698205,0.93918365,0.0022445389,0.051272016
edbejsy,anger,anger,0.9222421,0.015031953,0.0015166461,0.025829095,0.028245894,0.0071343407
edbfjia,joy,joy,0.001998374,0.0008882174,0.00084946805,0.98936033,0.0017300729,0.005173555
edbfmjb,sadness,fear,0.09458263,0.08010821,0.6274816,0.043894086,0.11510823,0.038825333
edbge0l,joy,joy,0.007380385,0.0011630004,0.0009908995,0.9823453,0.0018422004,0.00627819
edbgx3y,anger,anger,0.44901392,0.14992683,0.024154473,0.021019714,0.34259287,0.01329213
edbgxqd,joy,joy,0.02255633,0.0040455605,0.0032285396,0.9161398,0.01025001,0.043779846
edbhh6v,joy,joy,0.0011529583,0.0007361368,0.0004240431,0.99513006,0.0011321557,0.0014247437
edbhu6h,anger,anger,0.8991969,0.019004202,0.0022376226,0.056119937,0.019525161,0.0039161597
edbllbi,joy,joy,0.0015026008,0.0007015774,0.00037518708,0.993972,0.000876833,0.0025717798
edbmho6,anger,anger,0.95084375,0.024016505,0.0035624248,0.008118166,0.01109291,0.0023662017
edbmm0k,sadness,joy,0.0014120068,0.0006484588,0.0005510131,0.99433726,0.0010802165,0.0019710364
edbn9nu,anger,anger,0.41336378,0.39079788,0.10703471,0.015137159,0.062452428,0.011213946
edbnkc6,joy,joy,0.004647325,0.0040961937,0.0043085953,0.6433306,0.0037130585,0.3399043
edbnuka,joy,joy,0.00096902763,0.0008191246,0.0007035829,0.993583,0.0024212596,0.0015039528
edbpaxt,sadness,sadness,0.12431902,0.03437771,0.007993369,0.04669853,0.77680403,0.009807429
edbpgjv,joy,anger,0.9158734,0.009334788,0.0020208128,0.04100884,0.020881716,0.010880539
edbpk9y,joy,joy,0.0009871077,0.0007812102,0.00085676386,0.9920785,0.002046395,0.0032500671
edbq7pd,joy,joy,0.002559259,0.0007160974,0.00040075678,0.992061,0.0011150866,0.003147812
edbqjyw,surprise,surprise,0.011117848,0.0024988474,0.0032187004,0.008766945,0.005698583,0.96869916
edbqp80,joy,joy,0.0012010487,0.00066200364,0.00035191656,0.9950831,0.0011687666,0.001533179
edbqx0i,anger,anger,0.97023994,0.014791252,0.0026402138,0.0046481467,0.005900453,0.0017799407
edbr8rd,joy,joy,0.001496902,0.0008223384,0.0005060543,0.9945709,0.00079960877,0.0018042255
edbrmlc,joy,joy,0.0010908677,0.00076220237,0.0003939273,0.9951845,0.001041148,0.0015273251
edbu073,anger,anger,0.9696876,0.0154366605,0.001932271,0.005747471,0.0049608806,0.0022351542
edbufq5,sadness,sadness,0.0063935025,0.0115260435,0.010761676,0.012577625,0.9528663,0.005874835
edbuowp,sadness,anger,0.3957071,0.012045548,0.006169909,0.31790274,0.24970095,0.018473785
edbvgm2,joy,joy,0.0010097249,0.00077135704,0.0004492488,0.99513346,0.0013837169,0.0012524027
edbvlh5,sadness,joy,0.0014181429,0.00067767006,0.00045851574,0.9935883,0.0019752232,0.001882137
edbvliu,joy,joy,0.0013424623,0.0006933783,0.00038978324,0.9952154,0.0007962759,0.0015626288
edbwmfa,joy,joy,0.0012613543,0.0007041441,0.00036737812,0.995387,0.0008314188,0.0014486711
edbwtuu,joy,joy,0.008174219,0.0022767908,0.0018794868,0.96924454,0.002618267,0.015806759
edbykpq,joy,joy,0.0012453995,0.0008146673,0.0005094016,0.9949993,0.0010996272,0.0013316611
edbzhwh,sadness,anger,0.95005643,0.005557719,0.0017552903,0.033426832,0.0047968556,0.004406918
edc1215,joy,joy,0.000897861,0.00065818126,0.00045605193,0.9943199,0.0011397699,0.0025282162
edc1r3d,anger,anger,0.7483222,0.023827635,0.020527432,0.020148301,0.011513394,0.17566104
edc1xaw,joy,joy,0.0070428355,0.0013407374,0.0008566921,0.964782,0.0021316078,0.023846041
edc2p93,joy,joy,0.001050208,0.0006788326,0.0005895851,0.9950157,0.0010057018,0.0016600739
edc4l2f,surprise,sadness,0.18117793,0.104519285,0.22631484,0.039082076,0.30650634,0.14239953
edc4vte,surprise,surprise,0.0044134776,0.0025335841,0.0036021858,0.010482299,0.004058988,0.97490954
edc5lfp,joy,sadness,0.22177829,0.05289906,0.015820999,0.063869864,0.6150363,0.03059549
edc5wcw,joy,joy,0.0045700213,0.0024821844,0.0012661333,0.9255578,0.0053207977,0.06080304
edc7phi,joy,joy,0.0012663387,0.0007430247,0.0005679422,0.9945169,0.0016431939,0.0012626017
edc7r5w,joy,joy,0.0022913301,0.00082782784,0.00049278507,0.9887438,0.0010563731,0.0065878946
edc7szw,joy,joy,0.0024671156,0.0009835976,0.00065439194,0.9905381,0.0019601611,0.0033966347
edc7t96,anger,anger,0.9488898,0.009397535,0.0031459327,0.0202118,0.004399574,0.013955466
edc8dxx,surprise,surprise,0.02053062,0.0032961143,0.0029462904,0.013044356,0.007083131,0.9530995
edc8h9v,joy,joy,0.0029758227,0.0008922145,0.0007619559,0.9921335,0.0014866568,0.0017498422
edc8jzv,anger,anger,0.8533007,0.043378413,0.006712664,0.022816256,0.068943515,0.00484844
edc9w60,sadness,sadness,0.13299118,0.14023864,0.23115183,0.00803888,0.4389687,0.048610765
edcc281,joy,joy,0.0011044445,0.000739243,0.00045833146,0.99478203,0.0011154031,0.0018005875
edcc3yp,anger,anger,0.5806867,0.2159242,0.046979114,0.010875357,0.041313343,0.10422135
edcckl2,joy,joy,0.0015439093,0.0007083925,0.00055647694,0.9921296,0.0011812234,0.00388032
edcdg0g,joy,joy,0.0011892718,0.00086935,0.0006056681,0.9948643,0.001298284,0.0011731009
edcdo40,joy,joy,0.001057202,0.0006558112,0.00038046294,0.99557894,0.00072030065,0.0016072227
edcdu9q,joy,anger,0.6478967,0.019547423,0.006078636,0.2825304,0.03374375,0.010203116
edcdy5e,surprise,anger,0.72559303,0.020626418,0.008221995,0.026000008,0.026666217,0.19289231
edcg9gt,sadness,sadness,0.020343155,0.028825255,0.010603191,0.006824274,0.92372155,0.0096825585
edcgi09,joy,joy,0.008027437,0.0074094925,0.021364374,0.6997881,0.2444214,0.018989263
edcgrvs,joy,joy,0.0010029133,0.0007566148,0.00043191717,0.99560237,0.00081868906,0.0013876028
edcgwf4,anger,anger,0.9476225,0.022124933,0.0050684614,0.005058878,0.004472801,0.015652554
edchv04,surprise,surprise,0.008790818,0.008350602,0.015233641,0.008569298,0.031546507,0.92750907
edci7fb,joy,joy,0.001574536,0.0006967977,0.00039984618,0.9942836,0.0006638587,0.0023813688
edcjks9,sadness,sadness,0.005639355,0.00807932,0.011864677,0.018849982,0.94859,0.006976703
edcki0k,joy,joy,0.0014073405,0.0006748473,0.0004445094,0.9952884,0.0010173699,0.0011674764
edclh5n,joy,anger,0.6851319,0.1627391,0.007977524,0.039159242,0.10003516,0.004957071
edcmilh,fear,fear,0.075495005,0.13517722,0.6345265,0.017175281,0.09129136,0.0463346
edcmyxk,anger,anger,0.6459305,0.17449416,0.008296954,0.020155793,0.14240928,0.008713325
edcn2ku,joy,joy,0.0010234129,0.0006940726,0.00048824697,0.9952058,0.0008254536,0.0017628595
edcn59s,surprise,surprise,0.008284932,0.002643972,0.0028765614,0.016873576,0.0063905395,0.96293044
edcnd0l,joy,joy,0.0011871499,0.00086687243,0.00045729004,0.99430037,0.00075197086,0.0024363357
edcnevu,joy,joy,0.0010665352,0.00070721615,0.00043781774,0.99447304,0.0009161873,0.0023991864
edcnjr2,joy,joy,0.00206275,0.0013338809,0.00076928985,0.97520816,0.0010618836,0.019564021
edcnjz9,joy,joy,0.0010894175,0.0007419301,0.00039076078,0.9952425,0.00084722915,0.0016882395
edcnlhd,anger,surprise,0.027499551,0.007349643,0.00881948,0.019292692,0.013212791,0.9238259
edcnsgk,joy,joy,0.0009999436,0.00067581603,0.00061789964,0.9945157,0.0010178027,0.002172886
edco2wn,joy,joy,0.0015079014,0.00067864946,0.0004056861,0.9947837,0.00076485623,0.0018592149
edcpgii,joy,joy,0.0010686971,0.0007239781,0.00045443606,0.9955265,0.00090841454,0.001317985
edcpjhn,anger,anger,0.9726114,0.011411886,0.0021086908,0.008191705,0.0032872562,0.0023891327
edcqdln,joy,joy,0.0009774441,0.0007776754,0.0006156602,0.9950723,0.0011253731,0.0014315648
edcqwf9,anger,anger,0.9731704,0.014332043,0.0021874574,0.0044948203,0.004005666,0.001809684
edcrstd,surprise,surprise,0.033155587,0.0040135593,0.0030592894,0.010230009,0.0060854782,0.943456
edct2hw,joy,joy,0.0013379933,0.0007225802,0.00051436666,0.9950394,0.00079079805,0.0015948225
edctc89,sadness,sadness,0.0054998035,0.008161485,0.010493032,0.020655876,0.94733286,0.007856886
edcthwi,joy,joy,0.0011010271,0.0007034115,0.00054318534,0.9947208,0.0015559931,0.0013755459
edcuj07,joy,joy,0.0016143849,0.00073071866,0.0004655123,0.9947489,0.00085408165,0.0015863428
edcv0tl,joy,joy,0.0020018166,0.0009051413,0.00049116474,0.9942735,0.0007134553,0.001614962
edcxg8l,joy,joy,0.0012443796,0.0005302218,0.00030830468,0.9945808,0.0012180752,0.0021182168
edcy5cv,anger,anger,0.8312091,0.11069864,0.009173861,0.011673254,0.033766255,0.0034788551
edcz3qi,joy,joy,0.0010447701,0.0006877294,0.00042485908,0.99529934,0.0007034569,0.0018398776
edd0336,joy,joy,0.0044581727,0.0012490181,0.00045817206,0.98699147,0.0043267636,0.0025164548
edd0e85,joy,joy,0.002324949,0.00085612765,0.0008331796,0.99052244,0.0012103694,0.0042529437
edd0f8h,surprise,joy,0.0071520763,0.0032639385,0.0032369588,0.62401515,0.009786625,0.35254535
edd20ec,joy,joy,0.0018687672,0.00067912927,0.00045127294,0.99323434,0.0010319038,0.0027345154
edd20sn,anger,anger,0.97232705,0.008787783,0.0014344463,0.009860038,0.0049870335,0.0026036322
edd27sn,surprise,surprise,0.0043878383,0.003854074,0.0067018843,0.0076718535,0.00600861,0.9713757
edd2nfs,anger,joy,0.05320725,0.010742865,0.015456237,0.8325036,0.061452456,0.026637588
edd2r53,joy,joy,0.0009807667,0.0006417244,0.00043804367,0.9951704,0.0008067975,0.0019623043
edd3p8l,joy,joy,0.0008245521,0.0005818603,0.00047529564,0.99357444,0.0014344201,0.0031094821
edd42cu,anger,anger,0.9648,0.008915438,0.0016336478,0.009849794,0.005978882,0.008822248
edd4bg5,sadness,sadness,0.16934359,0.020631505,0.014454996,0.059567716,0.41044012,0.32556203
edd51ul,anger,surprise,0.35385618,0.015061903,0.0077669574,0.010570558,0.013789799,0.59895456
edd55xz,joy,joy,0.0011209912,0.00084484695,0.0005250466,0.9940116,0.0021892388,0.0013083416
edd56ey,joy,joy,0.0016869811,0.00096686644,0.00054162455,0.99431604,0.0010757283,0.0014127613
edd5ag7,surprise,surprise,0.0059646727,0.0030770265,0.0039315615,0.019349247,0.005664956,0.9620125
edd5x5d,anger,anger,0.9634982,0.019102052,0.0027782847,0.0063414793,0.006032704,0.002247344
edd64fu,anger,surprise,0.08830598,0.013223219,0.00761082,0.008061678,0.013408948,0.8693893
edd64rq,joy,joy,0.0008764386,0.00077029533,0.00054232375,0.99505436,0.00084965606,0.0019069092
edd659r,joy,joy,0.0016248194,0.0007974176,0.0004446938,0.9935567,0.0011822638,0.002394107
edd6khg,joy,joy,0.0010487031,0.0006377336,0.0004008623,0.995378,0.0010462984,0.0014883286
edd6xle,anger,anger,0.93794584,0.007279367,0.0013762725,0.03704002,0.012377904,0.003980577
edd6yyi,anger,anger,0.7944263,0.0573874,0.076305956,0.023190878,0.02642887,0.022260554
edd87ln,joy,joy,0.00277437,0.00088529906,0.0005483749,0.99310243,0.0012158087,0.0014736928
edd8fvi,joy,joy,0.0011312086,0.0006821495,0.00045372645,0.9953009,0.00114661,0.0012854417
edd9dlm,anger,anger,0.9613535,0.01993903,0.00228507,0.0074076,0.006245834,0.0027690649
eddasw8,joy,joy,0.0013493538,0.0006148404,0.0003780309,0.9949825,0.0007015292,0.0019737643
eddb7zr,anger,anger,0.9223086,0.039297234,0.012422599,0.010690088,0.0073197572,0.007961745
eddbgmp,surprise,surprise,0.007283937,0.003149247,0.005482839,0.008069749,0.010948515,0.9650657
eddc65g,joy,joy,0.0013447093,0.00083381514,0.0005421357,0.9946557,0.0007259716,0.0018976339
eddccdj,surprise,joy,0.0018622623,0.0007620958,0.0005609899,0.9932473,0.0014032127,0.0021642006
eddce0u,joy,anger,0.7327634,0.017597789,0.006619804,0.09570825,0.13958347,0.0077272225
eddcfwf,surprise,anger,0.60303336,0.03318555,0.02993961,0.24693964,0.06218806,0.024713702
eddcyu6,joy,joy,0.0011724768,0.0006801344,0.00043431448,0.9954722,0.00070473546,0.0015361946
edddtgj,joy,joy,0.00090087985,0.00070306176,0.00053866144,0.9953205,0.001081424,0.0014554516
eddeiv6,fear,joy,0.013678465,0.024335565,0.3294508,0.44517705,0.14419957,0.043158643
eddez5c,joy,joy,0.0012037504,0.00072651677,0.00041320655,0.99528104,0.0010680999,0.0013073573
eddhg5e,joy,joy,0.0021343946,0.0012094463,0.001254387,0.9784621,0.0011595878,0.01578018
eddi3zv,joy,joy,0.0019280603,0.001046897,0.0011403841,0.9650734,0.0017588856,0.029052397
eddj00m,anger,anger,0.9609484,0.017723842,0.0033657555,0.0035193383,0.006473109,0.007969616
eddjchm,joy,joy,0.0017118496,0.00089096156,0.0005436256,0.99152863,0.0008790503,0.004445895
eddjzwg,joy,joy,0.0044796485,0.0013696282,0.000549279,0.98926395,0.0021718305,0.0021656204
eddkv4t,anger,anger,0.94904107,0.00793366,0.0033005115,0.023167158,0.0130176,0.0035400575
eddlk54,sadness,sadness,0.0065509467,0.007985743,0.009237634,0.023021573,0.9450171,0.008186982
eddmarb,joy,anger,0.8500766,0.017113628,0.0046456377,0.021050857,0.0070924647,0.1000208
eddpkdx,surprise,surprise,0.011726125,0.0029532672,0.0041633723,0.005587634,0.00608646,0.969483
eddq2w7,joy,joy,0.0015024852,0.0006857797,0.00035464147,0.9950281,0.0011854095,0.0012436718
eddqfdt,joy,joy,0.0010352089,0.0005735813,0.00036914958,0.9948802,0.0007884231,0.0023534892
eddqse0,joy,joy,0.0010743407,0.0007601069,0.00048920093,0.9954918,0.000843866,0.0013406834
edduvvs,surprise,surprise,0.0051301643,0.0029302998,0.005152679,0.0050350125,0.0047936873,0.97695816
eddwh01,anger,anger,0.96705765,0.011346517,0.0016767761,0.012681286,0.005063348,0.0021744287
eddwkww,joy,joy,0.0016412862,0.0008430789,0.0006237208,0.983502,0.0010715434,0.012318303
eddy8b9,surprise,anger,0.9720701,0.0069510834,0.0018808788,0.011158217,0.002756232,0.0051835375
eddyk9g,joy,joy,0.001329771,0.0008526189,0.00055511796,0.9945028,0.00081689085,0.001942918
eddym58,joy,joy,0.0012354986,0.00062264845,0.00038646982,0.9955024,0.0007155286,0.001537421
ede19cv,joy,joy,0.0011092268,0.00069125555,0.00041765935,0.99535155,0.0009669614,0.001463259
ede21ud,joy,joy,0.114083596,0.019174153,0.01735463,0.73932713,0.07456087,0.0354997
ede3mj6,anger,joy,0.1445191,0.07437313,0.13949554,0.30994904,0.1706297,0.16103348
ede3upa,joy,joy,0.0026533692,0.0008643854,0.00053356384,0.9933169,0.0011659865,0.0014656979
ede4d2y,joy,joy,0.0010978314,0.0008439728,0.0005995283,0.9917169,0.003998885,0.00174284
ede4oi0,anger,anger,0.67205805,0.018863915,0.010029921,0.23626684,0.049052104,0.013729169
ede50kr,joy,joy,0.061305214,0.0060824887,0.009766666,0.81040514,0.032753047,0.079687476
ede5fb8,surprise,joy,0.0026077854,0.001266562,0.002076803,0.9499923,0.0031716805,0.0408849
ede5wu5,joy,joy,0.0021184105,0.0012600293,0.00073327107,0.9918051,0.0012603501,0.0028229319
ede62zq,joy,joy,0.001095458,0.00063967495,0.00041261333,0.99553394,0.00086215447,0.0014561913
ede81cn,sadness,sadness,0.006823101,0.010592005,0.0095534595,0.015795376,0.95161015,0.0056258948
ede8zm7,anger,anger,0.91973674,0.0075139273,0.0019984534,0.054345194,0.008792537,0.007613158
edea6k4,joy,joy,0.017749773,0.0014145105,0.00069844344,0.9498441,0.004692644,0.025600493
edeay8d,surprise,joy,0.0016912493,0.0011897769,0.0015788439,0.9579288,0.0025183721,0.035093017
edeaytu,joy,joy,0.001000731,0.0009518474,0.0007952043,0.9929628,0.0025681017,0.0017213284
edebeqy,joy,joy,0.0011118533,0.0006786463,0.0004046329,0.99560153,0.0007151919,0.001488134
edebk6q,joy,joy,0.0021537046,0.0009083188,0.0004161258,0.9853278,0.0014616086,0.009732402
edecp1l,joy,joy,0.0009457348,0.0007556861,0.00057969475,0.9951265,0.00094543357,0.0016469214
ededf3o,surprise,surprise,0.0077314503,0.0030606121,0.002922691,0.04068011,0.005867281,0.9397378
ededg37,anger,anger,0.8140684,0.009567867,0.003002647,0.12723283,0.008090218,0.03803809
ededips,sadness,sadness,0.023207596,0.033506203,0.015440434,0.011880484,0.9086889,0.0072764014
edeelro,joy,joy,0.0015179125,0.0009490894,0.00058879633,0.9940024,0.0017179422,0.0012238028
edefusp,joy,joy,0.0026424357,0.0009585746,0.0004188052,0.9937057,0.0008629805,0.0014115103
edefxih,joy,joy,0.001373767,0.00060072873,0.00036051183,0.9928141,0.0010858275,0.0037650154
edefxlz,joy,joy,0.0022933756,0.00073229003,0.00040514566,0.9934864,0.0012611034,0.0018215925
edeg0l3,fear,sadness,0.04500313,0.09932538,0.08504892,0.0036314419,0.7129186,0.054072477
edegxpq,joy,joy,0.005229163,0.0016940687,0.0016205951,0.9807099,0.0038156735,0.0069305487
edeh53r,joy,joy,0.0065619857,0.0010294867,0.0004012952,0.9882648,0.0015677203,0.0021746906
edehf77,sadness,sadness,0.03785738,0.018708535,0.012849656,0.010280533,0.8759191,0.04438486
edej4mu,joy,joy,0.0010057188,0.00069417874,0.00044321554,0.9955375,0.00072077924,0.0015987137
edeju5w,joy,joy,0.001111185,0.0006365994,0.00049464806,0.9946877,0.0010440269,0.0020259423
edeliqn,anger,disgust,0.18716308,0.4955736,0.1791575,0.0112025635,0.11334236,0.0135609
edell8j,joy,joy,0.0009964263,0.00063738716,0.00041013153,0.9956038,0.00082400226,0.001528293
edeltfq,anger,anger,0.95271987,0.0074947793,0.002024021,0.019430745,0.009939463,0.008391194
edem5pi,joy,joy,0.0010138369,0.0006764052,0.0004372095,0.99544156,0.00079546776,0.001635611
edem6q7,sadness,sadness,0.0073284027,0.011908316,0.014434701,0.008494475,0.95037764,0.0074565406
edenhjs,anger,joy,0.0037198227,0.0008796238,0.00046220422,0.9920048,0.0010543286,0.0018791641
edenjpu,surprise,surprise,0.0070661907,0.002916899,0.0032657161,0.04349943,0.0053338557,0.93791795
edeo0a6,joy,joy,0.00233696,0.0011409312,0.0010498131,0.9546324,0.0018642382,0.0389756
edeoclu,joy,joy,0.0010564316,0.0006514894,0.00041108835,0.9952619,0.00073350075,0.0018855464
edeocxq,sadness,sadness,0.06696022,0.020280156,0.013653056,0.013165236,0.86030155,0.025639722
edep9au,joy,joy,0.0010284145,0.0005964013,0.00037032543,0.99526805,0.00081073947,0.0019259515
edepc9e,joy,joy,0.0011432734,0.0006632538,0.0003301068,0.9953074,0.0008287906,0.0017271535
edesq5w,joy,joy,0.0011287688,0.0010945218,0.00093995506,0.9839421,0.005375249,0.007519379
edetqot,sadness,anger,0.78399986,0.03780613,0.006847493,0.013657404,0.13616087,0.021528196
edeusbs,surprise,joy,0.0019294735,0.00074328826,0.00040200044,0.99343526,0.0011618028,0.0023282438
edevom9,joy,joy,0.0010482557,0.0007185316,0.00045580158,0.99554235,0.0008585716,0.0013765118
edevq1p,joy,anger,0.8064563,0.03793621,0.01160235,0.104703814,0.022174357,0.0171269
edewq12,anger,anger,0.7590258,0.008521067,0.0021251552,0.19456063,0.027111636,0.008655686
edewtac,joy,joy,0.0012615869,0.0006483906,0.00038262564,0.99477285,0.00084314717,0.0020914783
edexh8p,disgust,joy,0.043370858,0.0050736708,0.0013498927,0.93085235,0.01647472,0.0028785134
edexigy,joy,joy,0.0008855773,0.0007227209,0.0006002371,0.994158,0.0018067843,0.0018266652
edexmhx,surprise,surprise,0.0065258583,0.0031698253,0.0047362717,0.0056974483,0.0049907537,0.97487986
edexv40,joy,joy,0.0014089713,0.0006997751,0.00037540225,0.9952565,0.0008956864,0.0013637048
edeycxv,joy,joy,0.0010312628,0.0007962596,0.00051919,0.9952586,0.0007075444,0.0016870695
edeyrtv,anger,anger,0.8804092,0.012458197,0.0043234653,0.036069628,0.05193774,0.014801841
edezugn,joy,anger,0.54218847,0.016513549,0.013073288,0.15959865,0.2521622,0.016463872
edf126f,surprise,surprise,0.008920027,0.0040681893,0.0049185203,0.018744754,0.018004827,0.94534355
edf23dn,joy,joy,0.0033104399,0.0009918087,0.00067556,0.9860892,0.0009603626,0.007972581
edf26o3,joy,anger,0.91411453,0.02034832,0.007511546,0.03229967,0.005355108,0.020370739
edf2dv9,surprise,surprise,0.005367928,0.002378747,0.0041559525,0.0054823197,0.0045838393,0.9780312
edf2v09,surprise,surprise,0.28593275,0.01292179,0.005220751,0.012602736,0.01457015,0.6687518
edf65ig,joy,joy,0.026690919,0.029091898,0.046190113,0.44870114,0.037868578,0.4114574
edf676x,joy,joy,0.004135346,0.001276204,0.00076524273,0.99041253,0.0018592731,0.00155142
edf6ni8,sadness,anger,0.93864244,0.025271,0.0026267585,0.01646511,0.0132614225,0.003733236
edf7i0v,joy,joy,0.00093783566,0.00062356057,0.00044853715,0.99543977,0.00096514635,0.0015852032
edf7i59,joy,joy,0.0012474409,0.00066472695,0.0004139653,0.99540603,0.0007127624,0.0015550281
edf7o1s,joy,joy,0.00087735156,0.0006267522,0.00045024534,0.9954443,0.00090202404,0.0016993476
edf7x51,anger,anger,0.80371517,0.033188358,0.008113946,0.009060854,0.118203685,0.02771803
edf8dxu,joy,joy,0.0018057524,0.00071037543,0.00052265305,0.99355996,0.0014767655,0.0019245228
edf9c2m,joy,joy,0.012887337,0.0023746893,0.0014896423,0.9034953,0.0036067523,0.076146245
edf9gty,joy,joy,0.00121132,0.0007068065,0.00037138147,0.99506205,0.000917984,0.0017304998
edf9lg8,joy,joy,0.0009577096,0.00070923456,0.0004241231,0.99524057,0.0012636373,0.0014046971
edfa4pc,anger,anger,0.70371336,0.07735477,0.0044428124,0.04286665,0.1659046,0.005717892
edfbb1u,sadness,sadness,0.0053890133,0.00833151,0.012805928,0.016940765,0.9493099,0.007222919
edfcf4j,joy,joy,0.072569326,0.005706566,0.0037729358,0.48331013,0.01527521,0.41936585
edfd0ij,anger,surprise,0.17629085,0.011719321,0.0052595604,0.01860185,0.030215103,0.75791323
edfdx5a,joy,joy,0.0013317894,0.00070731615,0.00039711437,0.99515307,0.0007758875,0.0016347815
edfe140,joy,joy,0.001398231,0.0008018002,0.00042669938,0.9952041,0.00070342375,0.001465692
edfeudx,joy,joy,0.0009602409,0.00073025154,0.0005626323,0.99449027,0.001641816,0.0016148483
edff8hv,joy,joy,0.0011014519,0.00081729714,0.00055539666,0.99429166,0.0006671727,0.0025670144
edffd44,joy,joy,0.0010413976,0.00060086045,0.0004139258,0.9946696,0.0007434358,0.002530804
edffl55,sadness,anger,0.82198167,0.025711546,0.004446734,0.012809433,0.11721078,0.017839903
edfgzjv,joy,joy,0.13603361,0.023769727,0.024700467,0.5536231,0.2357572,0.026115889
edfhc9p,joy,joy,0.00423115,0.0009922746,0.0009065705,0.9761687,0.002531292,0.015169992
edfi9s7,anger,anger,0.9681264,0.0072626723,0.0011996742,0.013481195,0.005506087,0.004423997
edfiux4,anger,surprise,0.10192082,0.007991822,0.0043165144,0.25313976,0.02945144,0.6031797
edfiw7l,joy,joy,0.002693989,0.0009972353,0.0006219925,0.98257464,0.0011679356,0.011944244
edfj7my,surprise,surprise,0.06785495,0.0049795955,0.006210339,0.028003389,0.020130279,0.8728215
edfkdv6,anger,surprise,0.035090324,0.0052928654,0.008686696,0.11278692,0.013965632,0.8241775
edfkpmn,joy,joy,0.0022983209,0.0010386048,0.0012966301,0.98609227,0.0054732533,0.003800952
edfldgc,joy,joy,0.0026053388,0.00076757075,0.0004858013,0.9927289,0.001406247,0.0020060933
edflt4d,joy,joy,0.0012676484,0.0006858429,0.0004575084,0.9946879,0.0010487533,0.0018523171
edflyvv,anger,sadness,0.3846329,0.024376133,0.013311373,0.023982888,0.43916687,0.11452991
edfm62i,surprise,surprise,0.17294939,0.01703467,0.01543746,0.008154909,0.026140748,0.7602828
edfmaua,joy,joy,0.001362492,0.0009512272,0.0009197949,0.9935913,0.0014896316,0.0016856147
edfmfw1,sadness,anger,0.7446407,0.14385943,0.00651421,0.025524657,0.073313266,0.006147638
edfmndg,sadness,sadness,0.15108022,0.044195004,0.0670029,0.026674382,0.6110231,0.100024365
edfn283,joy,joy,0.001055366,0.0006629781,0.000489303,0.9946015,0.0007064692,0.0024844864
edfn2ec,joy,joy,0.001666364,0.0007229786,0.00036437574,0.99437594,0.00070010504,0.0021701702
edfob24,joy,joy,0.0017666798,0.0006985565,0.000456313,0.9942584,0.0012890522,0.0015310161
edfoexi,anger,anger,0.9722606,0.011927885,0.0016030201,0.0054903133,0.005112944,0.003605246
edfp0f0,joy,anger,0.5245919,0.0077811275,0.0034534305,0.44243336,0.0136023145,0.008137841
edfpd3t,joy,joy,0.0013056593,0.00075082603,0.0006317875,0.9928676,0.0010612292,0.0033829247
edfpp7p,joy,joy,0.001271719,0.0007022345,0.00041344133,0.9952285,0.0009977573,0.0013863562
edfquym,joy,joy,0.022061141,0.0030539883,0.0012063355,0.96493083,0.006152833,0.002594791
edfr7yy,joy,joy,0.0013825549,0.000785543,0.00042837317,0.99514824,0.0006607309,0.0015945794
edfroi0,surprise,surprise,0.016677385,0.0032263012,0.002720916,0.15975402,0.006319677,0.8113017
edfs2jn,sadness,sadness,0.010141666,0.013340641,0.009586446,0.012677658,0.9496006,0.0046530496
edfsnyt,joy,joy,0.0011424667,0.00076854177,0.00048729003,0.9947962,0.00096875784,0.0018367557
edfstnz,joy,joy,0.000973779,0.0006444887,0.00042121203,0.99524575,0.0009349049,0.0017798071
edft99z,anger,sadness,0.03906424,0.023380687,0.05552888,0.0140571175,0.69212615,0.17584285
edfth7l,surprise,surprise,0.013773888,0.004798048,0.0049993997,0.011411155,0.014966786,0.9500508
edftikh,joy,joy,0.0013710881,0.00082041876,0.00047097795,0.9951467,0.0007830988,0.0014077434
edftorz,joy,joy,0.0008769074,0.00066282204,0.0005454919,0.9933901,0.0008261467,0.0036985322
edfup7i,anger,anger,0.9357807,0.011789081,0.0026552095,0.023193458,0.023369687,0.0032118447
edfvqyv,joy,joy,0.0011257789,0.00066070294,0.00039651233,0.9953164,0.0008468527,0.0016538397
edfwc30,anger,anger,0.9726149,0.010596034,0.0023740286,0.008621008,0.0034277972,0.0023662122
edfwjqh,joy,joy,0.013294034,0.0014327383,0.001386098,0.9733305,0.0020450258,0.008511626
edfx4xw,sadness,anger,0.541713,0.06124399,0.0094312215,0.0626048,0.29700676,0.028000234
edfx74n,surprise,surprise,0.016524874,0.0038481161,0.003614367,0.0052544563,0.008404782,0.96235347
edfxln7,anger,joy,0.03884907,0.009666797,0.017670413,0.7022025,0.024869623,0.20674154
edfye8k,joy,sadness,0.016916683,0.044866655,0.034258436,0.15891188,0.7372794,0.007767019
edfyqp0,joy,joy,0.0012281102,0.0008670576,0.0006187519,0.9924666,0.0007918914,0.004027617
edfzex9,joy,joy,0.0015849806,0.00064586924,0.0004067177,0.9950589,0.0009762436,0.0013272068
edfzqo4,surprise,surprise,0.0046145376,0.0026059859,0.0033869336,0.02176956,0.0040576262,0.96356547
edfzwvy,joy,joy,0.001181005,0.0006157753,0.00038689902,0.9955712,0.0006872146,0.0015579993
edfzymx,anger,anger,0.8219374,0.033428837,0.006226126,0.08181287,0.048020683,0.008574193
edg02o2,disgust,anger,0.8621949,0.030000772,0.0027604986,0.019972323,0.079090066,0.005981398
edg03ai,joy,joy,0.38921368,0.009082795,0.0028949464,0.5722881,0.021584993,0.004935455
edg0kxt,surprise,surprise,0.011999953,0.0042421212,0.004769793,0.007745321,0.020287566,0.9509552
edg13ui,joy,surprise,0.006622113,0.0040466846,0.0040549054,0.12281918,0.005426643,0.8570305
edg24r6,joy,joy,0.0017454654,0.0007169448,0.0004071816,0.9946544,0.0011328476,0.0013431534
edg3po0,joy,joy,0.0010262787,0.00062054105,0.00042872305,0.9955651,0.00079043524,0.0015688397
edg4bmm,anger,anger,0.96710825,0.015135462,0.0017560507,0.0073487842,0.0059005287,0.00275088
edg5m8h,joy,joy,0.0015605339,0.00066806056,0.00043278644,0.9946004,0.00097389024,0.0017643091
edg70z1,sadness,anger,0.953714,0.014411531,0.002241337,0.017676987,0.0083647035,0.0035914064
edg7ifc,surprise,surprise,0.008533315,0.0046009375,0.0041201613,0.3006203,0.009490484,0.6726348
edg7kgm,anger,anger,0.43214616,0.3695465,0.136738,0.00942138,0.036994778,0.015153216
edg7lov,joy,joy,0.0020197798,0.0008783683,0.0006581526,0.99123,0.00195338,0.0032603745
edg7mbr,joy,joy,0.0011490331,0.00075140357,0.00047903255,0.9953679,0.0009907301,0.0012619377
edg7nk9,surprise,surprise,0.009641167,0.0036220308,0.005033154,0.008623567,0.007825425,0.9652547
edg91z0,joy,joy,0.0010663762,0.00067966833,0.00041848718,0.9954125,0.0008689079,0.0015539872
edga1d6,joy,joy,0.010665494,0.0043624886,0.01043488,0.7951728,0.08203015,0.097334154
edga65y,joy,joy,0.0010664142,0.0006930332,0.0004065271,0.9953616,0.0007869142,0.0016855305
edga87b,surprise,anger,0.88198453,0.010499197,0.0031632208,0.024851432,0.008249151,0.071252376
edgap30,sadness,surprise,0.12549359,0.016258683,0.007844821,0.021159684,0.11810229,0.71114093
edgasry,sadness,sadness,0.008979718,0.008065886,0.009430619,0.01867012,0.9475542,0.0072994675
edgd5wy,joy,joy,0.0012351142,0.0007531922,0.00042173598,0.9952349,0.0006762009,0.0016788847
edgdc1b,joy,joy,0.009547229,0.0015509065,0.0006273269,0.981413,0.004706891,0.0021546327
edgerhy,joy,joy,0.0011777205,0.00080238114,0.00048482718,0.9953312,0.0009297795,0.0012740019
edgg70a,joy,joy,0.0012738277,0.0008107643,0.00053022325,0.9948155,0.0009562869,0.0016133188
edggs7b,anger,anger,0.96446115,0.007979666,0.0015971315,0.015372446,0.007325759,0.003263923
edghau2,anger,anger,0.96572375,0.011671059,0.0018401276,0.012308645,0.0054250467,0.003031285
edghj1x,joy,joy,0.0011363811,0.0007332391,0.00040446932,0.9948167,0.00068708434,0.0022220255
edghuxg,joy,joy,0.0020142817,0.0008661467,0.00048116164,0.9936162,0.0011200035,0.0019021955
edghy34,joy,joy,0.32543746,0.020272158,0.0067226756,0.61170226,0.023623671,0.012241799
edgi36m,joy,joy,0.0011137921,0.000832688,0.00055301434,0.9949765,0.0008048207,0.0017191961
edgivzd,joy,joy,0.0010954461,0.00074787834,0.0004044401,0.994899,0.0006756859,0.0021775314
edgjgey,joy,joy,0.006385299,0.0011422859,0.0005323097,0.97714454,0.0022595045,0.012536038
edgjsvn,anger,anger,0.74254775,0.099420525,0.026844164,0.08327898,0.04087228,0.00703629
edgk101,joy,joy,0.010270188,0.0036522625,0.004193556,0.73130816,0.01098444,0.23959142
edgm4sg,joy,joy,0.0010732205,0.00072244304,0.00040392074,0.99512535,0.0006264286,0.0020487048
edgnzhp,joy,joy,0.0014616097,0.0009368926,0.00072548224,0.985112,0.00086161285,0.010902422
edgoiy9,surprise,surprise,0.015450043,0.0042555523,0.0060096583,0.0034617644,0.007273154,0.96354973
edgoryw,joy,joy,0.0020979967,0.00095352734,0.0005503774,0.99362165,0.0011667124,0.001609766
edgowfl,joy,joy,0.001073504,0.0006873426,0.00034434418,0.9949184,0.00093320134,0.0020431909
edgp3eg,anger,anger,0.9032773,0.022955567,0.008878374,0.0034844286,0.0086189145,0.05278539
edgptyk,surprise,surprise,0.13830578,0.0076638306,0.005976831,0.0192313,0.03211739,0.7967049
edgr9zl,sadness,surprise,0.008642813,0.004396862,0.0071009654,0.03512259,0.043842047,0.9008948
edgt44o,joy,joy,0.0009403987,0.0006226415,0.00044122475,0.9934756,0.000724272,0.003795804
edguwq0,surprise,surprise,0.0043020057,0.0030622412,0.00436325,0.009172148,0.0045957807,0.97450453
edgvbhp,joy,joy,0.003912147,0.0015878231,0.0009409752,0.989829,0.0023452411,0.0013847755
edgvfe2,joy,joy,0.014971511,0.008342996,0.023783898,0.6591773,0.032129083,0.26159525
edgvrkv,joy,joy,0.0012033936,0.00078040315,0.000408694,0.99524516,0.00066599983,0.0016963329
edgvuon,joy,joy,0.0011327103,0.0007571633,0.00067452446,0.9921272,0.0012314323,0.004076995
edgyr8b,joy,joy,0.0012623833,0.00063402293,0.00045572335,0.9935415,0.000738338,0.0033680638
edgz9hc,joy,sadness,0.005475623,0.017355628,0.03423244,0.010929466,0.919299,0.012707825
edgzqj6,joy,joy,0.0025545086,0.0013491131,0.0013136211,0.9371018,0.0028305186,0.05485047
edh01jk,joy,joy,0.0010758333,0.00060381996,0.0003520528,0.9949995,0.0010918289,0.001876931
edh0xyq,sadness,sadness,0.0057080924,0.011422605,0.010458262,0.011799211,0.95448273,0.0061290837
edh1ren,joy,joy,0.0021266204,0.00074682554,0.00039821654,0.9941776,0.00089382625,0.0016569261
edh1tcy,sadness,anger,0.48351088,0.032781865,0.011530081,0.023695672,0.3036888,0.14479269
edh24wa,joy,sadness,0.35506684,0.025445156,0.01931663,0.22307114,0.3576939,0.019406378
edh2ahx,joy,surprise,0.006918166,0.005095073,0.0050288485,0.2818042,0.005513384,0.69564027
edh2epm,anger,anger,0.68996435,0.009365325,0.006641019,0.08020666,0.029435541,0.18438707
edh3cjc,joy,joy,0.011635409,0.0034742632,0.0027456386,0.59361535,0.0077047125,0.3808246
edh3o5p,surprise,surprise,0.01239333,0.0048751775,0.0054007852,0.008877291,0.008276234,0.9601772
edh4c40,joy,joy,0.0011141541,0.0007156748,0.00038954205,0.995355,0.00069714413,0.0017285305
edh4gcq,surprise,surprise,0.009164731,0.0028011508,0.003492414,0.0075088213,0.0059152236,0.9711176
edh4tki,joy,joy,0.016201954,0.0044481987,0.0044240523,0.60414267,0.017206833,0.3535763
edh54jm,joy,joy,0.0009785676,0.0007103618,0.00041331933,0.9955361,0.0008070493,0.0015545752
edh5uhe,surprise,surprise,0.012706078,0.0044752164,0.0045251283,0.039252676,0.008353699,0.9306871
edh5xcp,joy,joy,0.0017941333,0.001094752,0.0014895536,0.98590904,0.0033813657,0.0063310885
edh6x1f,surprise,surprise,0.0051592784,0.0030077524,0.0058015934,0.0056280247,0.005514097,0.9748892
edh82ah,sadness,sadness,0.010224413,0.016303489,0.010735244,0.009488086,0.9479133,0.0053354916
edh83j2,joy,joy,0.0013527914,0.0005755417,0.00033220765,0.99495643,0.00096756394,0.001815451
edh8mlc,joy,joy,0.0011796398,0.0009112346,0.0006603099,0.9854193,0.0011963386,0.01063321
edh91tz,anger,anger,0.9421856,0.024467105,0.0024086412,0.018843135,0.009335843,0.0027597118
edhaa07,joy,joy,0.0018697063,0.0008216444,0.0004297772,0.9932815,0.00084767526,0.002749652
edhagu4,joy,surprise,0.0065048765,0.0028168426,0.0068381424,0.01116508,0.0049140877,0.96776086
edhb5of,joy,joy,0.0010404112,0.0007752608,0.00044085493,0.9949203,0.00073271565,0.002090417
edhbgyt,joy,joy,0.0010310789,0.0006891469,0.00052409037,0.99393964,0.001049879,0.0027661377
edhcrx9,disgust,anger,0.87452245,0.034042556,0.009998586,0.032997753,0.031684447,0.016754191
edhd1sj,joy,joy,0.01656373,0.0017919706,0.0010298324,0.9459179,0.0022246547,0.032471985
edhdwzk,surprise,surprise,0.16527937,0.033105373,0.017565837,0.016347265,0.05769367,0.7100085
edhdxb4,joy,joy,0.0017264494,0.0007035383,0.00043317844,0.99478865,0.0011306459,0.0012176153
edhf54v,anger,anger,0.93903655,0.019421902,0.0021824583,0.019584693,0.01718406,0.0025903864
edhf6yu,joy,joy,0.0021068742,0.001007073,0.0005129234,0.99335986,0.0014887784,0.0015244072
edhfkdx,anger,anger,0.90053374,0.06581569,0.00504831,0.005232517,0.019360214,0.0040094852
edhfmdy,anger,joy,0.2763789,0.0060384544,0.0025810243,0.69831526,0.009861122,0.0068252175
edhh5gt,joy,joy,0.0035808263,0.0016078335,0.0012582325,0.9841509,0.0026619593,0.0067402697
edhhpxx,joy,joy,0.0009831842,0.00077765755,0.0006002745,0.9939242,0.0014945412,0.0022201687
edhihxg,joy,joy,0.001114283,0.000660638,0.00047576052,0.99519944,0.0012081506,0.0013416754
edhiq2o,anger,anger,0.6433083,0.051556587,0.0067103365,0.051662277,0.2378544,0.008908147
edhit18,anger,anger,0.9397007,0.022636443,0.002084451,0.008717416,0.020589735,0.006271199
edhj7d4,joy,joy,0.0014315408,0.0006886533,0.0003359261,0.99508274,0.0009752145,0.0014859366
edhkcqg,anger,anger,0.9649311,0.014751446,0.0026488034,0.00442537,0.005735756,0.0075075976
edhls6r,surprise,joy,0.007903852,0.0022620198,0.0039978195,0.79865474,0.0169396,0.17024195
edhmbq6,joy,joy,0.027640378,0.0036379346,0.004149241,0.6057705,0.012546725,0.3462552
edhmoqp,joy,joy,0.0013834661,0.00078017416,0.00047643695,0.99466985,0.0007811494,0.0019089555
edhnoy8,joy,joy,0.0016070559,0.0009846654,0.00067465723,0.99303585,0.0012211335,0.002476595
edhpief,joy,joy,0.0010670773,0.0006569961,0.00051489007,0.9923038,0.000946448,0.0045107957
edhpq1z,anger,anger,0.94554996,0.01988687,0.0016400947,0.02119131,0.007145162,0.004586586
edhqn8q,anger,anger,0.9512854,0.0061834673,0.0019396459,0.024565976,0.006908519,0.00911692
edhqxzf,joy,sadness,0.007255055,0.009128326,0.010300034,0.030565314,0.9363479,0.0064032814
edhr49o,joy,joy,0.0011494696,0.00076260016,0.0005494827,0.9947135,0.001131323,0.0016936872
edhrir1,joy,joy,0.0012596183,0.0008749002,0.00064527616,0.9940935,0.0007516871,0.0023751631
edhsf75,surprise,joy,0.008822673,0.0037008792,0.0053542256,0.9500019,0.007879534,0.024240848
edhtstd,surprise,surprise,0.0061619263,0.0031412337,0.005796571,0.0050947936,0.008049224,0.97175634
edhtwzd,joy,joy,0.0019885316,0.0008183401,0.00032336882,0.9944417,0.000849335,0.0015786832
edhwxqa,joy,joy,0.0026764288,0.0011607814,0.003086051,0.9837055,0.004640655,0.0047305506
edhxuqe,joy,joy,0.00192805,0.0008592569,0.00091075024,0.9869169,0.0017099627,0.0076749967
edhy4sg,joy,joy,0.002568828,0.0010371482,0.0006646956,0.976976,0.002129048,0.016624287
edhyi5p,joy,joy,0.0015732889,0.000791394,0.0004804341,0.99428576,0.0016680364,0.0012010682
edhzmix,joy,joy,0.0011247451,0.0006905028,0.00048347405,0.99502134,0.0007048847,0.001974988
edi09hy,joy,joy,0.0010288252,0.000698591,0.0004553839,0.9956403,0.0007678714,0.0014089589
edi0iyi,anger,anger,0.96416026,0.017471777,0.0024010022,0.007985508,0.0051773805,0.0028040484
edi0t2i,joy,joy,0.0008814313,0.00072421494,0.0005481477,0.9950519,0.0012045228,0.0015898509
edi0t9d,joy,joy,0.0046995273,0.0010110671,0.00048794263,0.9902412,0.0016563797,0.0019038875
edi17ys,joy,joy,0.0011945217,0.0006875233,0.00039749415,0.9951894,0.0006121809,0.0019188018
edi2ths,joy,joy,0.0011517606,0.00068188587,0.00039229396,0.9954016,0.00088254956,0.0014898302
edi2z3y,joy,joy,0.011022664,0.009125543,0.034423955,0.76030463,0.09962503,0.0854982
edi44ur,anger,anger,0.9663617,0.014268096,0.0035069294,0.0047369767,0.0038985861,0.007227813
edi490t,joy,joy,0.0010596933,0.00078834523,0.0006350673,0.9949104,0.0010289793,0.0015774852
edi4u1a,anger,anger,0.92940056,0.010942631,0.002366458,0.017309966,0.020992013,0.018988391
edi6zsf,joy,joy,0.00094847736,0.00058321503,0.00037746088,0.9947246,0.0010326738,0.0023336068
edi7fz7,anger,surprise,0.010321039,0.006039614,0.005323504,0.111002,0.0067464653,0.8605674
edi7jzq,anger,anger,0.9543812,0.010905738,0.0021366514,0.0064874673,0.008507239,0.017581757
edi7x05,joy,joy,0.0014262288,0.00075706793,0.00045258118,0.99401504,0.0016166152,0.0017325135
edi8dji,joy,joy,0.0012996701,0.00079392176,0.00040452371,0.99542457,0.0007129202,0.0013643963
edi8fjs,joy,joy,0.0010662999,0.0006588749,0.00038487496,0.9954562,0.0009794115,0.0014543546
edi9cu5,sadness,joy,0.004272069,0.001115688,0.00066509546,0.98698145,0.0049173273,0.0020483942
edibner,surprise,anger,0.94101906,0.019437509,0.0066521233,0.0033373968,0.0066751214,0.022878656
edic2l9,joy,surprise,0.046591323,0.012863142,0.028823696,0.16691974,0.36028573,0.38451633
edidmwy,joy,joy,0.0019109251,0.0017270949,0.0011799119,0.9731337,0.0012243568,0.020824008
edieomi,joy,joy,0.0009001648,0.0006853983,0.0004811235,0.9954685,0.001045988,0.0014187894
edieuq5,anger,anger,0.548297,0.07040093,0.0417456,0.038272932,0.27293253,0.02835105
edif41t,joy,joy,0.031457566,0.0039263046,0.0023916047,0.62510866,0.0066131693,0.33050272
edife3u,sadness,sadness,0.009328006,0.025757251,0.052362975,0.008301161,0.8861048,0.01814572
edig746,joy,joy,0.0013521694,0.0008099075,0.00042580903,0.9951683,0.0006977463,0.0015460311
edigfv6,joy,joy,0.0024084311,0.0012321029,0.0008966736,0.9909019,0.0017381775,0.0028226955
edih1gx,surprise,surprise,0.0047154734,0.0027330995,0.00399304,0.008973131,0.0055600842,0.9740252
edihdga,joy,surprise,0.00577676,0.0030167268,0.0040116506,0.10691171,0.0053548366,0.8749283
edihorn,sadness,sadness,0.014296181,0.010171486,0.009199949,0.030492922,0.8931816,0.042657916
edij5ok,anger,anger,0.81572396,0.0523981,0.019748937,0.0144369565,0.068716936,0.028975137
edik18f,joy,joy,0.0010729363,0.0006295437,0.00039266841,0.99510586,0.00075455854,0.0020444433
edikrgp,surprise,surprise,0.03236393,0.013659954,0.0891171,0.010943524,0.08987975,0.7640357
edil7de,joy,joy,0.0013678942,0.000833083,0.00042761822,0.994975,0.0008697444,0.0015266112
edim0uu,anger,anger,0.9460724,0.0072792484,0.0016356854,0.032906402,0.00895872,0.0031476116
edimfkd,sadness,sadness,0.038050584,0.020755796,0.024928493,0.08815847,0.79582405,0.032282524
edimnt2,joy,joy,0.0011881752,0.0007105874,0.0004452747,0.9954045,0.0010344185,0.0012170387
edir95s,joy,joy,0.0011219479,0.0006981701,0.0003972048,0.9953816,0.0010484392,0.0013527734
edis2h9,joy,joy,0.0010325683,0.00071158394,0.00048248356,0.9954424,0.0008528569,0.0014781333
edit49m,joy,joy,0.0016511186,0.0007728456,0.00069040846,0.9894853,0.0007653061,0.006635039
editctb,joy,joy,0.0022186507,0.00076395087,0.00053150987,0.9852154,0.0011084947,0.010161997
editpz7,surprise,surprise,0.012288853,0.0042832135,0.0029438336,0.24524988,0.0076740244,0.72756016
editrq6,surprise,surprise,0.0071239243,0.0028448694,0.0049553793,0.006313329,0.0047211745,0.9740414
editx38,joy,joy,0.00094203174,0.00064634986,0.00040955967,0.9955396,0.0008859466,0.001576452
editybe,joy,joy,0.0010529371,0.0007577887,0.0004459994,0.9950663,0.0011480629,0.0015289187
ediundj,joy,joy,0.00105789,0.0007168261,0.00052843755,0.9948873,0.00078349665,0.0020260338
edivtze,sadness,sadness,0.006047475,0.01847505,0.023911932,0.006448798,0.9384342,0.0066825305
ediy979,joy,joy,0.0012343664,0.0006644923,0.0004967258,0.99508446,0.00095708243,0.0015628696
edizd2k,surprise,surprise,0.013108703,0.0053223576,0.005487978,0.0060350513,0.008554872,0.9614911
edizqen,anger,anger,0.88125986,0.009175139,0.0028861067,0.09068415,0.0102121625,0.005782558
edj16xd,joy,joy,0.002262994,0.0008296288,0.0005584741,0.99069923,0.0014917256,0.0041580517
edj217n,sadness,sadness,0.026968785,0.03691818,0.00964135,0.011167819,0.9093185,0.005985352
edj289t,joy,joy,0.0026457163,0.0011809501,0.0012080519,0.98947525,0.0023161452,0.0031738137
edj2go7,surprise,surprise,0.0053047463,0.0030242186,0.0035188152,0.024676586,0.005527385,0.9579482
edj3789,joy,joy,0.0011231578,0.00072404434,0.0004121565,0.9953916,0.00060274394,0.0017463727
edj3uxc,joy,joy,0.0010634444,0.00087364874,0.00067405024,0.99425185,0.0019300109,0.0012070497
edj4oiq,joy,joy,0.0011497047,0.00070058135,0.0005304861,0.9947048,0.0007375941,0.0021768566
edj55bq,joy,joy,0.0010709839,0.00070200214,0.00043430252,0.9952863,0.0008087936,0.0016976913
edj56zj,joy,anger,0.58855945,0.026236933,0.009770321,0.02954467,0.14292116,0.20296748
edj5m0e,joy,joy,0.15232468,0.015890298,0.0051213442,0.74792427,0.06512774,0.01361165
edj65i1,surprise,anger,0.57431215,0.026253862,0.012591257,0.11237691,0.013680522,0.26078525
edj7skv,disgust,anger,0.9659069,0.010298542,0.0015895584,0.007355822,0.011733218,0.0031159122
edj7vcj,anger,anger,0.95810765,0.0114052845,0.0023877756,0.013255196,0.0072819707,0.0075620785
edj7zqt,joy,joy,0.0014139994,0.0006836095,0.0004007481,0.99504787,0.00074818893,0.0017056348
edj8bya,joy,joy,0.0012502149,0.0008604467,0.0007140371,0.9942306,0.0008432314,0.0021013955
edj8qqk,joy,joy,0.0012195469,0.00074319344,0.00038011384,0.99541986,0.00077788497,0.0014593818
edj9245,joy,joy,0.0010482551,0.0007574289,0.0004164858,0.9948301,0.0006737958,0.0022739582
edj9780,joy,joy,0.0031021023,0.001066118,0.0011842542,0.98494774,0.001023537,0.008676268
edjandy,surprise,joy,0.16231109,0.01723015,0.0055669528,0.34999925,0.2720031,0.19288942
edjccr1,joy,joy,0.0011352082,0.0008277554,0.0004677144,0.9949216,0.00083955436,0.0018081177
edjcgas,joy,joy,0.0011053456,0.0006675101,0.00050041423,0.99533254,0.0010642308,0.0013298611
edjdauc,joy,surprise,0.018455407,0.004978819,0.005290464,0.01657909,0.007870945,0.9468253
edjdltb,joy,joy,0.00091128703,0.00068255764,0.00056835497,0.9949892,0.0011217695,0.0017268403
edjdsb6,anger,joy,0.27075866,0.004291246,0.0022267269,0.7036466,0.0064425566,0.012634213
edjdv1d,joy,joy,0.0015790529,0.0011145168,0.0010313927,0.99244654,0.0017608538,0.0020676777
edje1cj,joy,joy,0.0013186816,0.0006660405,0.00033812027,0.99525476,0.0007284887,0.0016939389
edje3s2,joy,joy,0.0010908329,0.00067460927,0.00042662447,0.9953165,0.0007622562,0.0017291752
edjfjqz,anger,surprise,0.2781188,0.008878037,0.0072187264,0.033835985,0.014141641,0.6578068
edjgm22,joy,joy,0.0013282204,0.00087912823,0.00042715954,0.9945326,0.0012041392,0.0016286814
edjh02y,joy,joy,0.0013038865,0.0008094708,0.0004936257,0.9949917,0.00073518313,0.0016661132
edjhfht,joy,joy,0.08834273,0.019610526,0.019463608,0.5843776,0.27514082,0.013064774
edjhxf2,disgust,anger,0.6749813,0.17381811,0.014398851,0.07258534,0.057060096,0.0071563064
edjig6e,joy,joy,0.10548817,0.0041461145,0.0021342249,0.76394916,0.0083975885,0.11588473
edjigae,anger,anger,0.95616,0.020665886,0.0016957128,0.010379241,0.008089222,0.0030098588
edjij1v,joy,joy,0.0010012243,0.00071532885,0.0005016413,0.9953773,0.00080832234,0.0015961761
edjiygc,fear,fear,0.02543061,0.052810203,0.8239866,0.011292611,0.05377423,0.03270574
edjj540,joy,joy,0.005966135,0.0010521291,0.0005769702,0.96413136,0.0023665673,0.025906924
edjk95x,sadness,anger,0.4510171,0.041638527,0.017116621,0.04344145,0.41225642,0.034529876
edjl2jk,joy,anger,0.8070317,0.015499537,0.0065193963,0.13994923,0.022447301,0.008552897
edjln8n,fear,fear,0.025452225,0.16242194,0.6658814,0.0061892155,0.102525204,0.03753003
edjmwin,anger,anger,0.96243227,0.01228071,0.0018588991,0.006317216,0.010890783,0.006220096
edjmx1a,joy,joy,0.00213158,0.0007573167,0.00039558497,0.9921484,0.00086657255,0.0037005101
edjn8ln,surprise,surprise,0.00442627,0.0027655982,0.004726436,0.0063276114,0.004183901,0.9775702
edjnrah,sadness,sadness,0.38124946,0.051035833,0.021585,0.026231242,0.40686116,0.11303729
edjo50v,anger,anger,0.9063784,0.015235186,0.0037601083,0.0074842465,0.012185894,0.054956287
edjo7m5,joy,joy,0.0010080178,0.00072527846,0.00050011073,0.99549675,0.0008551175,0.0014147734
edjqq7g,joy,joy,0.012876686,0.003441764,0.00089318893,0.97599596,0.0035984307,0.0031940632
edjs68m,anger,anger,0.8849073,0.010985623,0.0029483084,0.06715407,0.029959891,0.0040448415
edjst8s,joy,joy,0.0013904112,0.0009407902,0.00067005795,0.9830237,0.0014837757,0.012491256
edjsve3,joy,joy,0.0016351942,0.0013525147,0.0012087513,0.9888993,0.0022673807,0.0046369284
edjttou,joy,joy,0.0010814538,0.00071488495,0.000504456,0.9954391,0.0009737675,0.0012863217
edju43f,surprise,joy,0.0010464416,0.0006349096,0.00054664444,0.99262416,0.0008619615,0.004285961
edjudwg,sadness,sadness,0.015167497,0.07364934,0.100169905,0.009635437,0.7876933,0.013684487
edjuh5b,anger,sadness,0.026387768,0.11974825,0.10536846,0.00628467,0.723486,0.018724939
edjur8k,joy,joy,0.051432222,0.010285961,0.008578438,0.8905473,0.019832104,0.019323993
edjvwxm,joy,joy,0.0010670387,0.00065789843,0.0004509814,0.99521965,0.0008647249,0.0017396692
edjyqr1,joy,joy,0.0012692944,0.0006394943,0.00035818192,0.9946767,0.0012082135,0.0018480323
edk0env,anger,sadness,0.15244865,0.024863042,0.037382342,0.053971056,0.6704704,0.060864534
edk0k2j,joy,joy,0.0010501337,0.00064529595,0.0003817945,0.99441886,0.001001351,0.0025026246
edk1945,joy,joy,0.0020581377,0.0008569839,0.0007066359,0.9881738,0.00086063263,0.0073438226
edk1egl,joy,joy,0.00126752,0.0008676181,0.00050913566,0.9945275,0.0007134804,0.0021147144
edk2qbc,anger,sadness,0.29156455,0.029051103,0.009085804,0.031231591,0.6285201,0.010546847
edk39kb,joy,joy,0.0013487043,0.0008176332,0.00050886243,0.9943258,0.00097453967,0.0020244096
edk3j42,joy,joy,0.24570118,0.014933439,0.016828718,0.5805869,0.09302053,0.048929166
edk4dkb,sadness,sadness,0.09659369,0.12513636,0.016637756,0.011575782,0.74072784,0.009328488
edk4qmz,joy,joy,0.0010261881,0.00072749984,0.00042164512,0.99540764,0.0007464632,0.001670582
edk4u56,disgust,sadness,0.31350043,0.078776106,0.007843888,0.039438494,0.54802245,0.012418596
edk4ufg,anger,anger,0.95513797,0.01987715,0.0022241925,0.014577933,0.006227604,0.001955103
edk4w8s,anger,anger,0.9233879,0.017862381,0.0032642325,0.01040549,0.016846376,0.028233625
edk57m1,surprise,surprise,0.005995947,0.0027582406,0.0034912082,0.008168236,0.0053902054,0.97419614
edk5vdy,joy,joy,0.0015417183,0.0008130431,0.0006223158,0.9894611,0.0009033191,0.006658489
edk66b5,joy,anger,0.95522815,0.0091066435,0.0019160485,0.020033523,0.0037618522,0.009953838
edk6w8j,joy,joy,0.00095977413,0.00073119835,0.00046006285,0.9953791,0.0009986676,0.001471253
edk8q0r,surprise,anger,0.57774633,0.014746543,0.006218141,0.03887482,0.02103029,0.34138384
edk984w,surprise,anger,0.94220376,0.00628879,0.0025589252,0.0101115,0.010733083,0.028103843
edk9bvk,anger,anger,0.8016914,0.011312682,0.0039434503,0.13709907,0.009386264,0.036567148
edk9qyq,joy,joy,0.0010733837,0.0005592136,0.00040736937,0.99368495,0.0009416148,0.003333542
edkadxo,joy,joy,0.0011708911,0.0007054905,0.00037576727,0.99544686,0.00066738046,0.0016335136
edkap3h,joy,joy,0.0015447853,0.0006077445,0.00037455943,0.9949668,0.0009703712,0.0015357845
edkb9g1,joy,joy,0.0012274162,0.0006944244,0.00046227695,0.99509794,0.0009805999,0.001537368
edkbutu,joy,joy,0.008191869,0.0011523035,0.00048575157,0.9849133,0.0030127277,0.0022439964
edkc8qs,joy,joy,0.0024031573,0.000701243,0.00063275243,0.99106807,0.0009325319,0.0042622415
edkcj65,joy,joy,0.0009903474,0.00069346954,0.00042097006,0.99521965,0.00068108726,0.0019944075
edkcqyg,surprise,surprise,0.014098508,0.0065955296,0.008950911,0.016987577,0.033636257,0.9197312
edkd7sr,surprise,surprise,0.008347433,0.0030645796,0.003220591,0.03233449,0.004792769,0.9482401
edkdio9,joy,joy,0.0010001137,0.00058403437,0.00036947627,0.995154,0.0007837303,0.0021086223
edkdth5,joy,joy,0.0013282232,0.00081271434,0.000439599,0.99477,0.0007197055,0.0019297593
edkdtt4,joy,joy,0.3140006,0.031732187,0.004798502,0.6251147,0.017220374,0.007133613
edkha17,joy,joy,0.0012404162,0.0008674251,0.0007562678,0.9937844,0.0014315798,0.0019199379
edkhn2l,joy,joy,0.003593492,0.0010380953,0.00063333707,0.98958886,0.0021958284,0.0029504232
edki6vb,anger,disgust,0.19383742,0.42613894,0.09254825,0.008817063,0.26553997,0.0131183565
edkivyb,joy,joy,0.0012102413,0.00081102684,0.0006820373,0.9944195,0.0016525267,0.0012245703
edkiy9c,anger,anger,0.8415958,0.029864134,0.007163712,0.086247295,0.023245936,0.011883126
edkk0e0,joy,sadness,0.2514228,0.04932581,0.019540455,0.04681313,0.60714704,0.025750812
edkk83u,joy,joy,0.001498975,0.00063838717,0.00035793235,0.9948632,0.000889556,0.0017519579
edkkkan,surprise,anger,0.9436629,0.009893266,0.0013234366,0.025784362,0.015635494,0.0037005413
edkl352,sadness,anger,0.48718134,0.08658352,0.021013463,0.014490276,0.31779167,0.0729397
edkl46k,joy,joy,0.0013815489,0.0007108451,0.00039828636,0.9954873,0.0007172345,0.0013047974
edkl4a4,joy,joy,0.0030446178,0.00088890427,0.0005575702,0.9844385,0.0009809072,0.010089453
edkl906,joy,surprise,0.39865762,0.019774426,0.01956036,0.063167274,0.0976404,0.40119988
edkm44a,anger,joy,0.0024938555,0.00074637326,0.00028910887,0.9939143,0.0009695624,0.0015868646
edkmreg,surprise,joy,0.013713594,0.0028040675,0.0021379981,0.69425374,0.007019241,0.28007138
edknaxi,joy,joy,0.001260094,0.00076285366,0.00045670543,0.99534976,0.0010423051,0.0011282592
edko6gj,anger,anger,0.645119,0.09665937,0.11527774,0.014611237,0.057270646,0.07106204
edkp1nu,joy,joy,0.0011759476,0.0006924356,0.0004032181,0.99485236,0.0006367051,0.002239342
edkp4kf,joy,joy,0.0014998367,0.000987583,0.00062675116,0.9860961,0.00094979187,0.009839979
edkpj99,surprise,surprise,0.040513575,0.005278806,0.004299644,0.007957825,0.009227432,0.93272275
edkq7ab,joy,joy,0.0014528467,0.0007231673,0.00038329404,0.99545825,0.0007172304,0.001265268
edkq7n4,joy,joy,0.0013853499,0.00059959025,0.00039375172,0.99348986,0.000745161,0.0033862689
edkr8dt,anger,anger,0.9504906,0.024199387,0.002339856,0.0115918135,0.008492009,0.0028862122
edkriol,surprise,surprise,0.010588472,0.004106988,0.006242755,0.012962804,0.011149135,0.95494986
edks3oc,anger,anger,0.8489993,0.009827299,0.002041899,0.108407974,0.027329128,0.0033944054
edks7bu,surprise,surprise,0.17770106,0.010987525,0.011049085,0.03414355,0.123101674,0.6430171
edksr1y,anger,anger,0.83153087,0.005864823,0.0021595198,0.13796036,0.009747416,0.012737
edkt6d4,joy,joy,0.0012670043,0.00068076083,0.0004309616,0.9949831,0.0006269546,0.0020112093
edktm8n,joy,joy,0.0009588231,0.00081612857,0.0004718896,0.9952661,0.00072494196,0.0017621485
edktoa2,joy,joy,0.001803805,0.0006506868,0.00038244715,0.9949334,0.0010181589,0.0012115822
edkuvt6,surprise,joy,0.003851816,0.00250011,0.0027215919,0.8401378,0.0043147593,0.14647397
edkvw82,sadness,anger,0.7673053,0.013547842,0.006103711,0.096903756,0.02323009,0.09290931
edkw0d4,surprise,surprise,0.003873475,0.003542353,0.006454061,0.013167559,0.0048173317,0.96814525
edkw2u2,sadness,fear,0.019818516,0.05181031,0.49071264,0.010650784,0.30522487,0.12178283
edkyrqt,joy,joy,0.001143437,0.0007391571,0.00040186965,0.9954266,0.00086447375,0.0014243909
edkywav,anger,joy,0.008071629,0.0013499625,0.0017732396,0.9619492,0.011556862,0.015299064
edkzdvh,surprise,surprise,0.023164837,0.0057486263,0.0047389274,0.007814653,0.02727631,0.93125665
edl0qqn,sadness,sadness,0.035661086,0.015836066,0.008148797,0.022418126,0.870192,0.047743935
edl1dx8,joy,joy,0.0013391785,0.000815964,0.0006307654,0.98610467,0.001467674,0.009641806
edl1iz9,joy,joy,0.0011816119,0.0007389971,0.00040541845,0.9953094,0.0006167566,0.0017477928
edl2rw7,joy,surprise,0.028605035,0.0032804622,0.0033275634,0.020008741,0.007856425,0.9369218
edl2ywo,joy,joy,0.00089148764,0.0006325432,0.00045398448,0.99531436,0.0008211797,0.0018864641
edl3u2m,joy,joy,0.0012302803,0.0008610686,0.0004973104,0.9950906,0.0008243826,0.001496308
edl4p8u,joy,joy,0.0013999139,0.00072856026,0.0005564523,0.9947949,0.001244261,0.0012759289
edl53v2,joy,joy,0.0012148428,0.00063170027,0.00035233004,0.99494016,0.0008385302,0.002022436
edl5qsu,surprise,surprise,0.026026936,0.0038074173,0.0045510996,0.020501692,0.017849602,0.9272633
edl5s2l,joy,joy,0.0010645622,0.0006350472,0.00049815845,0.99492407,0.00095301744,0.0019251097
edl7at9,anger,joy,0.0014903375,0.0006979718,0.00040570283,0.99505144,0.00094954984,0.0014050211
edl7cr3,joy,joy,0.0045750556,0.0013542481,0.0014831106,0.9805573,0.0025659772,0.009464284
edl8fk2,joy,joy,0.0009638592,0.00063927216,0.000494882,0.9946931,0.0015908789,0.001617978
edlaoo8,joy,joy,0.004348748,0.0021321082,0.002285335,0.9542734,0.025191503,0.011768912
edlaph8,joy,joy,0.0015312942,0.00075065414,0.00040762356,0.9942286,0.000577633,0.0025042025
edlaygd,joy,joy,0.0046975953,0.0008727832,0.0004196951,0.99005365,0.0010846523,0.0028716398
edlbnid,joy,joy,0.0021130196,0.0016811963,0.0011497112,0.96459097,0.0014672859,0.02899776
edlbuf6,joy,joy,0.0011362106,0.0007403793,0.0003789699,0.9940122,0.0007867987,0.0029453824
edlchg4,surprise,surprise,0.017406771,0.0042224433,0.005421461,0.012139467,0.006432897,0.95437694
edlcowh,joy,joy,0.0032799304,0.0015974162,0.0007392478,0.9847472,0.0044899643,0.005146307
edldv95,anger,joy,0.0139408605,0.0048125884,0.0034574124,0.8359613,0.11897489,0.022852998
edlgecg,joy,joy,0.0012401091,0.00082185917,0.0005488634,0.99449474,0.0013376054,0.0015568342
edlggxy,joy,joy,0.0025949888,0.0009980835,0.0006166305,0.99178517,0.0016493306,0.0023558554
edlhonk,joy,joy,0.009223327,0.002266142,0.0010022488,0.9803641,0.003975468,0.003168681
edlhuid,joy,sadness,0.12089417,0.0229548,0.014639218,0.15118264,0.6786992,0.011629942
edliw2e,joy,joy,0.0018952418,0.00078128604,0.00045396853,0.993327,0.0013538465,0.0021886865
edlj2ki,joy,anger,0.95702106,0.0061361007,0.0018127047,0.024998436,0.0059132436,0.004118479
edljlrc,joy,joy,0.0013778082,0.00096367573,0.0008666244,0.9910295,0.002654069,0.003108233
edljth1,joy,anger,0.8343948,0.04074541,0.0033842525,0.05346512,0.061024584,0.0069858683
edlkqu9,joy,joy,0.0010442011,0.0006858649,0.00042973325,0.9954738,0.00064933166,0.0017170579
edlktcs,anger,anger,0.9262552,0.050491232,0.0055422825,0.005664144,0.008371954,0.0036751553
edll1n3,joy,joy,0.0010806777,0.00065195246,0.00040149307,0.9953335,0.000845245,0.0016871529
edllq1v,surprise,surprise,0.007854859,0.003269977,0.0053707,0.0062485607,0.0066786394,0.97057724
edlm1yy,joy,joy,0.00082793,0.00073768455,0.0007748864,0.9942174,0.0014221562,0.0020199222
edlm4i4,surprise,surprise,0.007875576,0.0030874878,0.00435767,0.00471898,0.005743376,0.97421694
edlmoxs,surprise,surprise,0.009320478,0.0029564623,0.0037208542,0.005299631,0.00523316,0.97346944
edlmozc,joy,joy,0.0011288009,0.00069979316,0.00042932288,0.99549156,0.000660542,0.0015899999
edln6l5,joy,anger,0.8219715,0.012959371,0.0050768284,0.056850843,0.030872142,0.072269335
edlol2e,joy,joy,0.0009805042,0.0006157751,0.00046547354,0.9953981,0.0010357344,0.0015044848
edlp71w,joy,joy,0.0010230428,0.00070129643,0.0005069537,0.9949502,0.0010639289,0.0017546035
edlpvdq,surprise,surprise,0.023552116,0.004173787,0.004382506,0.00583724,0.0057066283,0.9563478
edlpzp9,sadness,sadness,0.04294751,0.020277653,0.008559837,0.04017675,0.8794165,0.008621784
edlqbl6,joy,joy,0.0011124155,0.0006303069,0.00039443522,0.9953483,0.00061155495,0.0019029244
edlqicf,joy,joy,0.0010289281,0.0008546639,0.0005639437,0.9943867,0.0008630557,0.0023027277
edlqwi4,sadness,joy,0.0657513,0.018392442,0.008959692,0.52377605,0.37189287,0.011227677
edlr51h,joy,joy,0.0014422038,0.0007959488,0.0004896229,0.9951107,0.0007817282,0.0013798185
edlrme8,joy,joy,0.0010438153,0.0006738668,0.0004924786,0.9948726,0.0012021828,0.0017150296
edlrmv0,sadness,sadness,0.0065890388,0.007877294,0.010061419,0.033240348,0.933826,0.008405785
edlrxsq,joy,joy,0.0026720848,0.000715322,0.00055808405,0.98670816,0.002304227,0.007042182
edls42d,joy,joy,0.0013113702,0.0007655376,0.00047425588,0.99142647,0.000843708,0.0051787333
edlsw9l,joy,surprise,0.011208167,0.0045500672,0.0037763081,0.25232455,0.0069150897,0.7212258
edltg6x,joy,joy,0.0012781423,0.00075784285,0.00044752957,0.9949243,0.0010699074,0.0015222173
edlu9qt,anger,sadness,0.41870782,0.018576238,0.005405104,0.0543777,0.48527297,0.017660126
edlub3n,joy,joy,0.0015202482,0.000791904,0.0003855795,0.9946765,0.0006645027,0.0019613302
edluj9o,joy,joy,0.0012157547,0.0006375565,0.00034861828,0.9951558,0.0008465896,0.0017956579
edluq8t,surprise,surprise,0.018317688,0.004372066,0.006875874,0.017243598,0.018366938,0.93482375
edlv2m5,joy,joy,0.0010986691,0.0006128533,0.00035979014,0.9951407,0.0008071208,0.0019808596
edlv5vz,joy,joy,0.0009534968,0.0006619655,0.00043320327,0.9944823,0.000735573,0.002733461
edlweh5,joy,joy,0.0009329596,0.00073945214,0.00050753704,0.99523145,0.0010537816,0.0015347184
edlwo74,anger,anger,0.9274546,0.014196185,0.0025545286,0.013722689,0.006142035,0.035930026
edlyltd,joy,joy,0.010521067,0.0013862172,0.0006348066,0.98203546,0.0031061536,0.0023163361
edlyqkr,fear,sadness,0.17547567,0.035382017,0.16764188,0.073011406,0.34622437,0.20226462
edlyzs5,joy,joy,0.0011572316,0.00065343163,0.00036064335,0.99464214,0.0007153812,0.0024710959
edlzgiw,joy,anger,0.44257173,0.0069579105,0.0046816,0.43058524,0.054005362,0.061198205
edlzwrl,sadness,joy,0.0027349796,0.0015611938,0.0017666297,0.97654164,0.0145583665,0.0028372079
edlzzww,sadness,sadness,0.008772436,0.009797995,0.012861689,0.009657505,0.9373006,0.021609768
edm0bgb,joy,joy,0.0012830357,0.0007724145,0.00049707224,0.99396545,0.00072091864,0.002761069
edm0jmc,surprise,anger,0.4837713,0.0102648055,0.006829087,0.04596404,0.07773464,0.3754361
edm0yaj,joy,joy,0.0013847598,0.00070891686,0.00037771687,0.9943764,0.0008785024,0.002273719
edm14yj,joy,joy,0.0013234286,0.0006334121,0.0004078988,0.9926198,0.0007450351,0.004270391
edm1wb0,anger,joy,0.0031407403,0.0009452646,0.00043539994,0.9929476,0.0011843358,0.0013466852
edm26gc,joy,joy,0.029705336,0.0021666526,0.0010199401,0.9201172,0.0031288336,0.0438621
edm27fi,anger,anger,0.6729329,0.012541571,0.0037842009,0.024708908,0.011533515,0.2744989
edm2mo2,joy,joy,0.001232155,0.000764065,0.00042652962,0.99533194,0.00063030043,0.0016150086
edm2slt,sadness,anger,0.586356,0.022115566,0.018727431,0.040378384,0.17685081,0.15557182
edm3gzx,anger,anger,0.9275562,0.019564616,0.0030254072,0.011822552,0.026993914,0.011037237
edm3wkk,anger,anger,0.6501354,0.04674756,0.022948625,0.034119017,0.1935,0.052549403
edm4z3o,joy,joy,0.0009782468,0.00076117803,0.000501497,0.99518305,0.0012266488,0.0013493857
edm5t1l,joy,joy,0.0014688219,0.0007008998,0.0003538141,0.99544215,0.0007596667,0.0012746233
edm66kk,joy,joy,0.0010935629,0.0007283116,0.0004542587,0.9954845,0.00088317494,0.0013563205
edm6d8n,anger,joy,0.0035065846,0.001094582,0.00044184303,0.9922497,0.001282646,0.0014246019
edm7bqb,joy,joy,0.0017085681,0.0007031366,0.0007776364,0.9882311,0.001507837,0.0070717586
edm7hep,surprise,surprise,0.005294164,0.0041540447,0.00470539,0.14045048,0.006196542,0.8391993
edm96e5,surprise,surprise,0.004046505,0.0032449234,0.005909569,0.0049036406,0.0069930204,0.9749023
edma0sp,sadness,anger,0.7392398,0.031017123,0.008758377,0.04868101,0.15206447,0.020239202
edma4fz,anger,anger,0.96894854,0.012883645,0.0016179302,0.009143097,0.0049846903,0.002422044
edmc9wf,joy,joy,0.014423593,0.0037831462,0.0012871531,0.9332011,0.041130405,0.006174612
edmcyru,joy,anger,0.9020642,0.013016701,0.003931674,0.026886554,0.015411253,0.038689535
edmd0et,joy,joy,0.0009975737,0.0006608004,0.00052448537,0.99521023,0.0010353379,0.0015716453
edmd8j9,joy,joy,0.0012273527,0.0011373457,0.0015906763,0.9907319,0.0011597861,0.004153021
edmdm4w,disgust,surprise,0.06455784,0.01091084,0.007398752,0.006963631,0.008938849,0.90123004
edmdp7x,joy,joy,0.0011595493,0.0006342364,0.00033237267,0.9954829,0.00073732046,0.0016536597
edme2mp,joy,joy,0.0008806497,0.0007317837,0.0012046201,0.98998016,0.002605897,0.004596818
edmee7m,joy,joy,0.0009646401,0.0006429849,0.00041920398,0.9953461,0.0007929648,0.0018340593
edmej8u,surprise,surprise,0.016091613,0.0040198583,0.0060139634,0.06259574,0.007822355,0.90345657
edmf0za,sadness,sadness,0.015903506,0.014824383,0.0065477015,0.021187548,0.9340834,0.007453457
edmfvkc,anger,anger,0.8434556,0.042199094,0.009623512,0.032152183,0.04840691,0.024162663
edmg01b,joy,joy,0.0011820011,0.0007024968,0.00039213017,0.99538654,0.00083394366,0.0015028748
edmgbnh,joy,joy,0.0010833094,0.0007788538,0.0004291759,0.99517787,0.00067359157,0.0018571733
edmhbae,surprise,anger,0.941109,0.0109632695,0.0035431944,0.005338909,0.007011228,0.032034438
edmhk8q,anger,anger,0.9110837,0.04642646,0.008186131,0.003689556,0.012700922,0.017913297
edmhnga,joy,surprise,0.0064031435,0.0035543193,0.003885798,0.009228082,0.005235916,0.97169274
edmieix,disgust,joy,0.0014046937,0.0007448613,0.00046602654,0.9912669,0.0026154548,0.003502121
edmk7he,surprise,surprise,0.006464473,0.0026085526,0.0045173815,0.0066299587,0.004129798,0.97564983
edmkm58,joy,joy,0.0010835279,0.0006774179,0.0004185029,0.9952173,0.0010727998,0.001530485
edmli3n,joy,joy,0.12316513,0.0069212723,0.0027538652,0.8268809,0.036003124,0.0042756638
edmm57v,sadness,sadness,0.04278148,0.05261313,0.011353579,0.010686048,0.8669988,0.015566997
edmmdfn,surprise,surprise,0.021065844,0.0038487853,0.0041099912,0.005925605,0.005285367,0.95976454
edmmpmc,fear,sadness,0.19204561,0.020673785,0.027208269,0.06258537,0.4800759,0.21741101
edmnwpc,joy,surprise,0.012919503,0.004019921,0.0036462247,0.30317006,0.0072926446,0.66895163
edmo454,surprise,surprise,0.009774499,0.002939065,0.0032363879,0.008523455,0.0052006347,0.9703259
edmotzx,joy,joy,0.0016923941,0.00078272866,0.000513466,0.99275863,0.00083861843,0.0034142288
edmplco,joy,joy,0.18511795,0.0076771714,0.0023700036,0.7662075,0.02784045,0.010786931
edmsoei,joy,joy,0.001245295,0.00074870995,0.00037856784,0.99544406,0.00077883515,0.0014045106
edmt3pn,joy,joy,0.0010792386,0.00062398246,0.00044831957,0.99488336,0.0010149784,0.0019501406
edmtnb7,anger,surprise,0.051181793,0.004673447,0.0036625538,0.075636484,0.012276077,0.8525696
edmtors,joy,joy,0.0011967417,0.0006744125,0.0004154711,0.9953347,0.0007511378,0.00162763
edmu1b6,sadness,sadness,0.020953916,0.025468104,0.008305764,0.1061912,0.82553256,0.013548412
edmu4ma,surprise,surprise,0.00587257,0.0028696994,0.004293199,0.0054930733,0.0047914493,0.97668004
edmudfa,surprise,surprise,0.084821485,0.007178598,0.004860241,0.007911908,0.00994484,0.88528293
edmusd7,joy,joy,0.0011965232,0.000686442,0.00046778275,0.9948218,0.0010301316,0.0017973516
edmvozh,joy,joy,0.0014353122,0.0007876177,0.00040240676,0.9947272,0.00071453553,0.0019329723
edmvsms,anger,joy,0.26257545,0.014534471,0.01747716,0.40449622,0.15453589,0.14638075
edmxuyn,anger,surprise,0.31494343,0.0137612475,0.014295903,0.036175948,0.08303596,0.5377875
edmzfn0,joy,joy,0.0071424604,0.0036108051,0.004670297,0.6135814,0.0075114644,0.3634835
edmzn0v,anger,anger,0.7625817,0.009109047,0.003038985,0.2068799,0.012475824,0.005914521
edmzsyx,joy,joy,0.0015455862,0.00096901547,0.0007081808,0.9908538,0.0019223217,0.0040010884
edn1wmc,joy,joy,0.0014271925,0.00079950475,0.0004839059,0.99461174,0.0008938854,0.0017837924
edn2hj4,surprise,surprise,0.004969814,0.003887986,0.0055857054,0.0093856305,0.008047199,0.9681236
edn2o9x,surprise,surprise,0.049758565,0.007800435,0.008630813,0.016620446,0.010344523,0.90684515
edn3o8k,surprise,joy,0.003429858,0.0021185009,0.0017437086,0.8878334,0.0026391153,0.10223544
edn42l6,joy,surprise,0.056431275,0.004943986,0.003545848,0.03269111,0.008576522,0.89381135
edn54ns,joy,joy,0.0016620539,0.0014099502,0.00093440484,0.9818803,0.0009671592,0.013146148
edn6n9q,sadness,sadness,0.042892117,0.032885898,0.0074862633,0.019949785,0.8801273,0.01665858
edn7mtm,surprise,surprise,0.012174017,0.0038841318,0.0055258553,0.0044376855,0.0072838445,0.9666944
edn9h8x,anger,anger,0.9316473,0.04344879,0.0034634524,0.006541593,0.011978398,0.0029205147
edn9woz,sadness,surprise,0.007947136,0.0057183784,0.008609571,0.010129927,0.024114659,0.9434803
edn9ym0,sadness,sadness,0.008571654,0.0112201795,0.03161211,0.029560054,0.89402074,0.025015255
ednabpt,joy,anger,0.76806444,0.0117825195,0.002866283,0.18478562,0.027294733,0.005206434
ednagm8,anger,anger,0.9686322,0.009943413,0.0026239697,0.011979934,0.004490515,0.0023300084
ednaldp,surprise,surprise,0.0047598435,0.003678881,0.0054468326,0.010194128,0.005813299,0.97010696
ednb2eq,sadness,sadness,0.034544803,0.034140598,0.0069794543,0.020119185,0.88682705,0.017388767
ednbdo0,anger,anger,0.94409543,0.03413557,0.0040389956,0.005293845,0.0058080745,0.006628072
ednbhb3,joy,joy,0.001210259,0.0007156369,0.0004975254,0.9890125,0.0012431907,0.0073208534
ednbsz1,joy,joy,0.0011207857,0.0007059818,0.00038775103,0.995697,0.00086949696,0.0012188607
ednc4qz,joy,joy,0.0010256188,0.00063768803,0.00040277207,0.9949249,0.00068654626,0.0023224442
ednc85b,anger,joy,0.32446638,0.0067878314,0.0039347736,0.6145113,0.028387966,0.021911744
edncm2k,anger,anger,0.94391507,0.009600902,0.0014931828,0.034879975,0.006173864,0.003937017
edndmmt,anger,anger,0.92510366,0.015150624,0.0027089145,0.014805278,0.03651931,0.0057121366
edne6fu,joy,joy,0.0009626988,0.0007332174,0.0005299562,0.9952722,0.0011180476,0.0013839053
edneit3,joy,joy,0.0012981714,0.0006796572,0.0007290993,0.99342465,0.0015021522,0.00236629
ednfpxi,joy,joy,0.0017188385,0.0007089682,0.00034175412,0.9927267,0.00094336673,0.0035603107
ednfvjp,anger,anger,0.9473474,0.005409856,0.0015493792,0.03264951,0.008783077,0.0042606937
ednfxt4,joy,joy,0.0020324928,0.00075170863,0.00056183146,0.9879479,0.00089256116,0.007813555
edngoc6,anger,anger,0.83030903,0.05991545,0.0032348132,0.02134775,0.07932554,0.005867425
edni6j1,surprise,surprise,0.007030199,0.002414231,0.003550477,0.0065634083,0.004804512,0.97563714
ednijfa,surprise,anger,0.6934312,0.01495896,0.0044158367,0.013503057,0.01277862,0.26091233
ednjf2q,anger,anger,0.91052216,0.015114237,0.0039412393,0.05190136,0.013213339,0.005307742
ednjiea,joy,anger,0.88325214,0.0074621406,0.004170121,0.05206747,0.02839131,0.024656827
ednjjfw,joy,joy,0.0015906475,0.0007731037,0.00045120914,0.99509573,0.00082094886,0.0012683924
ednk0qz,surprise,surprise,0.065786414,0.0077083553,0.00973293,0.01679139,0.075485826,0.824495
ednkk2n,sadness,sadness,0.00876498,0.008229329,0.006943079,0.030161306,0.9376658,0.008235433
ednm4yb,anger,anger,0.97022355,0.01008373,0.0015043834,0.010045241,0.006015525,0.002127518
ednmjwe,joy,joy,0.0013630708,0.0010155691,0.001231167,0.9873949,0.004164474,0.004830812
ednmzoo,surprise,joy,0.0015244853,0.0007223078,0.0004606937,0.9938054,0.00097471394,0.002512428
ednn3ts,surprise,surprise,0.048904877,0.0052882307,0.0039787604,0.007103535,0.010103383,0.92462116
ednnblu,joy,joy,0.0012989097,0.0006958636,0.00049133983,0.99405366,0.001986352,0.0014739287
ednnhm7,joy,joy,0.10582704,0.0088608945,0.0064147874,0.8344623,0.03177839,0.012656546
ednog4e,anger,anger,0.7405249,0.015231862,0.004223884,0.14522365,0.07920684,0.015588838
ednou9o,surprise,surprise,0.00428998,0.0028164107,0.004275167,0.010535506,0.005291781,0.9727911
ednp0my,joy,joy,0.006576781,0.0011887974,0.0008230673,0.97895265,0.0064483387,0.0060103466
ednq4rp,anger,anger,0.9665951,0.014903749,0.0021402382,0.00740841,0.006109485,0.0028431125
ednqd8r,fear,joy,0.045249984,0.009110554,0.0132636605,0.7027174,0.07602333,0.15363508
ednqkqj,joy,joy,0.0011654681,0.00062252,0.00043498646,0.9951681,0.0007593663,0.0018495723
ednqlt7,surprise,joy,0.0024760796,0.0007273813,0.00048157512,0.9851269,0.001329712,0.009858356
ednrnqs,joy,joy,0.0012042009,0.00078222255,0.00046868852,0.9955895,0.00080686517,0.0011484693
ednrp1x,anger,anger,0.9461922,0.008959751,0.002185153,0.0314745,0.007363416,0.003825002
ednrypp,joy,joy,0.0028215451,0.0017865779,0.0016207043,0.98062164,0.004403958,0.008745629
edns1tv,joy,joy,0.00090879516,0.0006561472,0.0003978347,0.99521446,0.0008523572,0.0019704406
ednsdn5,sadness,anger,0.9549421,0.024456136,0.0037755938,0.008408225,0.0067173704,0.0017006005
ednsqej,joy,joy,0.0041846754,0.00122115,0.00040693124,0.97963643,0.002174938,0.012375831
ednt7ll,surprise,surprise,0.0040191836,0.0025947024,0.004151918,0.008919244,0.0041082455,0.9762067
edntjzw,joy,joy,0.0009723045,0.00069403363,0.00049348106,0.9951604,0.0007012088,0.0019786274
ednw3ga,joy,joy,0.0016704324,0.0007007925,0.0004038863,0.9946202,0.0007260721,0.0018787107
ednx6nc,surprise,joy,0.0013880023,0.00061824656,0.0004185616,0.99405825,0.00073701976,0.0027799455
ednxj1z,joy,joy,0.0018018631,0.0007450499,0.00032987611,0.9923058,0.0009104594,0.0039068647
ednxmfn,anger,anger,0.8749108,0.024561185,0.0032393178,0.013571712,0.07886746,0.0048495396
ednxobs,joy,joy,0.0011304356,0.00070834014,0.0004341963,0.99550325,0.0008039599,0.0014198242
ednyhsn,joy,joy,0.0067082895,0.0018459324,0.0010580033,0.9472293,0.0021330959,0.041025355
ednypmc,anger,anger,0.43671647,0.3195256,0.07798758,0.036186717,0.106778756,0.02280487
ednz0he,joy,joy,0.00896257,0.0012760533,0.0006177261,0.9848838,0.00192184,0.0023379836
ednz6pb,surprise,surprise,0.0050122533,0.0027729315,0.005785326,0.008074553,0.0066524493,0.9717026
ednzonf,sadness,sadness,0.05468996,0.038369317,0.12087653,0.02060272,0.42468682,0.3407747
edo07zp,joy,joy,0.0012435748,0.000994673,0.0006210034,0.98921704,0.00083729875,0.007086419
edo0pjj,anger,anger,0.94706666,0.01518083,0.0022800872,0.017012509,0.011534273,0.0069256667
edo2yqh,anger,surprise,0.13573109,0.016210021,0.00982381,0.019382117,0.1337553,0.6850977
edo337b,joy,joy,0.0011223725,0.0006228618,0.00044040012,0.99511117,0.00074764056,0.0019556133
edo4phe,joy,joy,0.0016504942,0.00074431143,0.00063140277,0.99037594,0.0031754712,0.0034223227
edo6qja,sadness,anger,0.9453694,0.013709501,0.0018091106,0.022460317,0.0117317615,0.004919943
edo86yd,joy,joy,0.0054865214,0.0012299455,0.0004457298,0.98973644,0.0016102364,0.0014911223
edo8bgu,sadness,sadness,0.005419132,0.010010726,0.012773708,0.009854984,0.9550152,0.006926336
edo8yj5,anger,anger,0.67333114,0.19737427,0.04298643,0.015985284,0.057299595,0.013023223
edo9rcf,joy,joy,0.026611932,0.04418584,0.27995503,0.48635173,0.13064277,0.032252688
edoa8hc,fear,anger,0.44699782,0.2969956,0.14142153,0.023473017,0.07125539,0.019856652
edoc3v5,joy,joy,0.0014603218,0.0008415013,0.0006802935,0.99243814,0.001680495,0.0028992835
edocsgz,joy,joy,0.42868963,0.006294192,0.0034476232,0.52388805,0.0147315,0.02294897
edocw5l,sadness,anger,0.6029315,0.0462398,0.00829353,0.023930317,0.3059865,0.012618364
edodid3,joy,joy,0.0015348437,0.00070502656,0.00038298214,0.99300694,0.0009992077,0.0033710096
edodxh8,surprise,surprise,0.004187918,0.0026354769,0.0042667543,0.010118976,0.0059468076,0.972844
edoe8hq,joy,joy,0.0011750807,0.0007588237,0.0004942269,0.9910836,0.0009264418,0.005561787
edofsew,joy,joy,0.001172143,0.0006944943,0.0004440876,0.99441457,0.0011339502,0.0021406705
edoft8i,joy,joy,0.0011094249,0.0008840805,0.000664872,0.9928877,0.0012430777,0.0032109253
edofzmm,joy,joy,0.001498979,0.0007509849,0.0007228053,0.99403316,0.00090333517,0.0020907684
edogdd7,sadness,sadness,0.1067179,0.04383137,0.05409544,0.17584851,0.5132341,0.106272705
edoglhv,fear,surprise,0.012997164,0.0101369545,0.09346774,0.008879363,0.048533987,0.8259847
edogxbv,joy,joy,0.0011702022,0.0005960133,0.00040926712,0.99535936,0.0008803979,0.001584754
edoha39,anger,anger,0.8860167,0.014100464,0.0026087377,0.073780246,0.014072756,0.009421049
edohreo,joy,joy,0.1796505,0.031302094,0.036125865,0.31048518,0.28525585,0.15718049
edohrrf,joy,joy,0.001266704,0.00064180617,0.00039360262,0.99544203,0.0007501024,0.0015057095
edoi1lh,joy,joy,0.013873365,0.0018319549,0.001237278,0.9699187,0.007361725,0.0057769315
edoi1mz,anger,surprise,0.23781425,0.009979762,0.00460482,0.0219099,0.01433449,0.7113568
edoi7jg,joy,joy,0.0016043283,0.0016249943,0.0022632382,0.9755255,0.015884109,0.0030978874
edoi9k2,joy,surprise,0.0042886348,0.004227617,0.0047217244,0.13599436,0.008181158,0.8425866
edoiioe,joy,joy,0.054245364,0.011671494,0.07752829,0.6420054,0.0636018,0.15094763
edojj9a,surprise,surprise,0.021090887,0.004128902,0.0033383274,0.47725928,0.010802855,0.4833798
edojldi,joy,joy,0.0011941574,0.0006981393,0.00036576757,0.99550664,0.00070532097,0.0015300061
edojpe0,joy,joy,0.002127159,0.0008114206,0.00042232257,0.9941705,0.0006823193,0.0017862425
edok11u,sadness,sadness,0.08450416,0.025748769,0.017358711,0.02703489,0.83076525,0.014588228
edolkf9,joy,joy,0.012095892,0.0015981918,0.0010792621,0.97638094,0.004624041,0.004221768
edomucj,joy,joy,0.008967494,0.0015260128,0.000829811,0.98291653,0.003108859,0.0026512828
edonzs0,joy,joy,0.0022427347,0.0010310097,0.00048387106,0.9934428,0.0011190047,0.0016806328
edoo094,joy,joy,0.00148299,0.00068749633,0.00037547157,0.99511284,0.0006601884,0.0016809617
edoo4e6,joy,joy,0.0014866753,0.0008069958,0.00034507609,0.9936888,0.0010048733,0.0026675751
edooilg,joy,joy,0.00096189196,0.00062725326,0.0005288486,0.99492514,0.0010504461,0.0019063216
edoojue,joy,joy,0.0009959543,0.0006464126,0.00042891686,0.99540603,0.001132617,0.0013900878
edooupi,anger,anger,0.96700734,0.01586183,0.002640923,0.003043237,0.006084303,0.005362294
edopj38,joy,joy,0.0011739428,0.0008920586,0.00074691686,0.99185526,0.00073732255,0.0045944015
edopp4w,joy,joy,0.0011934487,0.0007735886,0.0004321447,0.99536055,0.0006930701,0.0015471786
edopx4p,joy,joy,0.0022685241,0.0006858602,0.00048335377,0.99014693,0.0024451648,0.003970117
edopx74,joy,joy,0.00105686,0.000745899,0.00072268705,0.9931103,0.0013719946,0.0029922954
edoqwxm,joy,joy,0.00850267,0.0013635887,0.0009241733,0.9708679,0.004257009,0.014084706
edorg5k,sadness,sadness,0.08511323,0.021976057,0.016284581,0.041815635,0.8214434,0.013367113
edorteb,joy,joy,0.0012135304,0.00064317154,0.00042736868,0.99517184,0.00063098053,0.0019131174
edostdm,joy,joy,0.0017262505,0.0007186077,0.00037516234,0.9944161,0.0009806366,0.0017832187
edot2ve,joy,joy,0.001327587,0.0006740551,0.0005459055,0.9909774,0.0007410114,0.0057339314
edotom8,joy,joy,0.0010085726,0.0007299933,0.00043107284,0.99455535,0.000667075,0.0026078967
edotoxm,anger,anger,0.961946,0.008140525,0.001997295,0.017716207,0.00785656,0.0023434549
edottp2,joy,joy,0.003976223,0.0008827229,0.00045570848,0.990622,0.0013186317,0.0027447327
edou0iw,anger,anger,0.9686072,0.011226747,0.0014192453,0.010451309,0.0060115918,0.0022840202
edou1mx,anger,joy,0.00231306,0.0006143418,0.00033094935,0.99094594,0.0010480742,0.0047476823
edou4r6,joy,joy,0.00094336894,0.0008718815,0.0011613296,0.9907504,0.0034622476,0.0028108037
edov31u,sadness,sadness,0.16566186,0.12181741,0.022613706,0.021679437,0.6576425,0.0105850985
edowtdr,joy,joy,0.001131189,0.00068981695,0.00042473286,0.9954266,0.0006461399,0.0016815943
edoxfk1,anger,anger,0.93695474,0.015792899,0.0024974153,0.031198233,0.011164031,0.002392797
edoxkhq,joy,joy,0.0018321868,0.001008334,0.00057567103,0.98392075,0.0016665101,0.010996504
edoy4ha,anger,anger,0.5289893,0.2893978,0.0500914,0.015309408,0.09825636,0.017955678
edozct6,surprise,sadness,0.2249912,0.31467038,0.05305079,0.018658191,0.3552239,0.03340562
edoztl6,joy,joy,0.010237186,0.0010834718,0.0006197992,0.9713518,0.002271506,0.014436217
edozzab,anger,joy,0.03130532,0.0031718775,0.0017495913,0.79931194,0.00483382,0.15962747
edp03pn,anger,surprise,0.17269513,0.014575341,0.006851762,0.009211252,0.011303527,0.78536296
edp04nt,joy,joy,0.0011835153,0.0007182414,0.0005290899,0.9948428,0.00077765505,0.0019487673
edp09u3,sadness,sadness,0.005509647,0.009730765,0.012581838,0.0125732375,0.95300823,0.006596376
edp0uz2,surprise,surprise,0.012080659,0.004013163,0.0056637754,0.005113663,0.009044139,0.96408457
edp1yr9,fear,sadness,0.09948839,0.110417746,0.11995229,0.007972194,0.6400459,0.022123527
edp275p,joy,joy,0.0013222386,0.00062955887,0.00037531188,0.9953686,0.000711175,0.0015931348
edp2c5v,joy,joy,0.0010627107,0.00068489637,0.0006610768,0.99033666,0.0008853093,0.0063694115
edp2o6z,surprise,surprise,0.012867799,0.0038145648,0.0038983624,0.010705739,0.0069477498,0.9617658
edp41y7,surprise,surprise,0.0063028918,0.0038072905,0.0046704076,0.009164652,0.006777695,0.96927714
edp4grt,joy,anger,0.9498853,0.006544798,0.0011632661,0.026480412,0.01114531,0.004780999
edp4m3v,anger,anger,0.7690134,0.013671635,0.006529483,0.051432602,0.052615482,0.10673744
edp4rfw,anger,anger,0.85850793,0.06989778,0.012593738,0.018904492,0.03419815,0.0058979797
edp51uv,joy,joy,0.0012910573,0.0010881892,0.000823753,0.99342793,0.0010241297,0.0023449
edp6bff,joy,joy,0.0012663797,0.00058909593,0.00032054874,0.9952702,0.0007968348,0.0017570143
edp6war,joy,fear,0.031418297,0.036208726,0.72956336,0.08105121,0.039165232,0.08259315
edp6zfs,joy,joy,0.0011832849,0.0007124401,0.00043946362,0.99525154,0.0008714692,0.0015418262
edp99d7,joy,anger,0.6096425,0.013753326,0.0046301484,0.29077548,0.048543174,0.032655355
edpajxv,joy,joy,0.0012147094,0.00077279034,0.00041364742,0.99443346,0.0008413429,0.0023240615
edpan4m,joy,joy,0.0014920256,0.0007823544,0.00039954254,0.99442154,0.00063274376,0.0022717621
edpandf,surprise,joy,0.0019104293,0.0010078974,0.00054023025,0.9889164,0.0008122642,0.0068127573
edpbrzh,surprise,surprise,0.0056268894,0.0037497964,0.0052491403,0.008316197,0.0079881875,0.9690698
edpbzcq,joy,joy,0.0011687673,0.00069755927,0.0004698329,0.99539834,0.0008356971,0.0014297775
edpdjnp,joy,anger,0.881597,0.010427746,0.00265051,0.014384999,0.012969331,0.0779705
edpdso7,joy,joy,0.000858971,0.0006751386,0.00047772157,0.9949772,0.0011624304,0.0018485149
edpf05v,anger,anger,0.64587384,0.015932946,0.009901513,0.246494,0.067913026,0.0138846645
edpf59x,joy,joy,0.0009991312,0.0006833386,0.00042688544,0.9955712,0.0008034798,0.0015159805
edpfc49,joy,joy,0.0012364221,0.000784709,0.0005774565,0.9926725,0.0020396356,0.002689251
edpfcvh,fear,fear,0.02143578,0.05208263,0.83594894,0.008927812,0.03841056,0.043194275
edpfdwt,sadness,fear,0.045570735,0.09461314,0.5769673,0.0908739,0.099504374,0.09247057
edpffvf,sadness,sadness,0.01662721,0.011931965,0.0074079945,0.046867117,0.9077266,0.009439105
edpg57t,joy,joy,0.0025323147,0.0007924608,0.00051565596,0.99363166,0.0012032836,0.0013245957
edpgrl4,joy,joy,0.31135878,0.021381207,0.014955405,0.31884864,0.30503535,0.028420635
edphf64,anger,anger,0.5386691,0.02190529,0.004384568,0.071626924,0.0893299,0.27408424
edpi54q,anger,anger,0.9319958,0.030263886,0.0031372216,0.008443231,0.01891984,0.0072399625
edpjd0y,anger,anger,0.9583602,0.012128646,0.0015020288,0.009859226,0.012931547,0.005218423
edpjmla,surprise,surprise,0.0056152497,0.0031871055,0.004077861,0.006636822,0.0050417674,0.97544134
edpk1j0,joy,joy,0.0010597177,0.00074398326,0.00042513196,0.9947383,0.000640413,0.0023925158
edpkmzr,joy,joy,0.0021444543,0.0010346029,0.00042263212,0.99320316,0.001177614,0.0020175346
edpltjr,joy,joy,0.0010723496,0.0007324878,0.00039951387,0.99532074,0.0008249319,0.0016500824
edpmtxr,surprise,surprise,0.006438942,0.002536887,0.0028356551,0.017873967,0.0048672357,0.96544725
edpnfkz,joy,joy,0.01076103,0.0014980371,0.0010416647,0.97762215,0.0017225292,0.0073545724
edpngbz,sadness,sadness,0.009311387,0.011702131,0.019061746,0.0067851185,0.9386047,0.014534802
edpp00u,anger,anger,0.8893613,0.012207011,0.0024724877,0.018547002,0.03889812,0.03851398
edpqigh,anger,anger,0.9207416,0.007310318,0.0013856256,0.06086068,0.0069391183,0.0027627146
edpqr05,surprise,joy,0.0058947178,0.005191085,0.003349198,0.6928454,0.004495911,0.28822365
edpuk1k,joy,joy,0.1115493,0.0055652256,0.0015973998,0.8422199,0.02974865,0.009319533
edpuwr8,joy,joy,0.0011261556,0.0006740435,0.00041576265,0.99520564,0.0010411171,0.0015373336
edpwpju,anger,anger,0.7446839,0.038019408,0.022996584,0.016292287,0.025737029,0.15227075
edpwpzk,anger,anger,0.9698962,0.008624181,0.0013324943,0.010317492,0.0074379477,0.0023915814
edpyllq,surprise,surprise,0.004849638,0.0029370473,0.003369751,0.044717133,0.004447891,0.93967867
edpymfy,joy,joy,0.20302616,0.030208038,0.011888408,0.53796166,0.075355746,0.14156
edpyqcu,joy,joy,0.0013196539,0.0005736387,0.00039363862,0.9948488,0.00074353855,0.0021207223
edq0gpy,joy,joy,0.0009389248,0.0006553573,0.00045233456,0.9952011,0.00087807723,0.001874274
edq0sdi,surprise,joy,0.26034415,0.009361504,0.004144878,0.38555968,0.021261642,0.3193281
edq0z5k,joy,joy,0.0012452916,0.00070495816,0.00036062545,0.9954065,0.0006435708,0.0016390565
edq12qp,surprise,surprise,0.015626362,0.008445557,0.009023194,0.0196119,0.008734827,0.9385582
edq1y7t,joy,joy,0.005949261,0.00092924054,0.00042831592,0.9885689,0.0020759753,0.0020483201
edq3dd5,surprise,joy,0.002544121,0.0020181919,0.0020508128,0.94823337,0.0014360143,0.043717556
edq50jv,joy,joy,0.0023432388,0.000668984,0.00037173758,0.9917177,0.00096643897,0.003931841
edq5e3n,joy,joy,0.001076269,0.00064808637,0.00049034326,0.9947613,0.0007840985,0.0022399488
edq6cy6,joy,joy,0.0018174099,0.0010990655,0.0010026019,0.99239856,0.001614984,0.0020674663
edq6h7r,anger,surprise,0.25995526,0.018536009,0.017444318,0.051590778,0.0897343,0.5627394
edq6shj,fear,fear,0.018880714,0.038316242,0.8342885,0.010128657,0.051796418,0.046589468
edq7czx,joy,joy,0.0017561229,0.0008528366,0.00046879717,0.98942626,0.00082252617,0.0066735307
edq7j4u,surprise,surprise,0.0034120902,0.0027018432,0.004814683,0.00836832,0.004608176,0.97609484
edq8t3g,joy,joy,0.0015946726,0.0007920304,0.00034912446,0.9948533,0.0008138691,0.0015969378
edq9euc,sadness,sadness,0.005104236,0.008904467,0.011594488,0.013513354,0.9543202,0.006563301
edqcrar,joy,joy,0.05360494,0.0034505152,0.0040404713,0.85703605,0.045686163,0.036181845
edqdhl6,joy,joy,0.0010649667,0.0006406354,0.0004048608,0.9956546,0.0007602007,0.0014748396
edqdlsk,joy,joy,0.0013869236,0.00082183833,0.00046841163,0.9950596,0.00087964395,0.0013835654
edqdsgy,joy,joy,0.0011151478,0.0006922159,0.0004081839,0.99485177,0.0009536473,0.001979062
edqe6gz,joy,anger,0.8240623,0.034120448,0.00431112,0.107895575,0.021423051,0.008187507
edqe733,anger,anger,0.9732798,0.0057444647,0.0012304782,0.010904947,0.004242774,0.004597544
edqec4t,joy,joy,0.0013075803,0.00065365864,0.00040289157,0.9955462,0.00090833334,0.0011812886
edqec8i,joy,joy,0.03261696,0.03302972,0.1355798,0.35437602,0.3085358,0.13586162
edqffcx,sadness,sadness,0.11819203,0.08230058,0.016475994,0.018496275,0.7512505,0.013284654
edqfwbb,sadness,sadness,0.009328693,0.013356881,0.010064099,0.005915428,0.9534483,0.007886534
edqihj5,joy,joy,0.0010170537,0.00065807137,0.0006932077,0.9927906,0.00082862313,0.004012499
edqlbay,joy,joy,0.0011765301,0.00077881647,0.0004849299,0.99402,0.00067379733,0.0028659718
edqm4rl,joy,joy,0.0010960922,0.0007482752,0.0004629794,0.9951859,0.00087093277,0.001635772
edqmogu,surprise,surprise,0.072464265,0.0062782993,0.008778893,0.05401651,0.024623446,0.8338386
edqp31f,sadness,sadness,0.008782531,0.015226419,0.00817906,0.02395459,0.93549323,0.008364245
edqpdqx,joy,joy,0.005637772,0.0046096975,0.019460263,0.93964535,0.017890193,0.012756675
edqpjb5,surprise,joy,0.006882585,0.002251943,0.0023362546,0.8491276,0.009083578,0.13031806
edqpmkt,joy,joy,0.0016734594,0.0008416838,0.00046424157,0.99378103,0.0009373316,0.0023021658
edqpx9b,joy,joy,0.0011182305,0.0007972397,0.0004432342,0.99494296,0.00073420693,0.0019641388
edqq3o6,surprise,surprise,0.009931236,0.002932468,0.0032585044,0.014043574,0.0070500155,0.96278423
edqraas,sadness,sadness,0.018196285,0.0151111595,0.01377841,0.021808669,0.7388366,0.19226892
edqruhw,anger,anger,0.965556,0.01481784,0.0023871444,0.008680222,0.0050630635,0.0034957349
edqso6b,joy,joy,0.011283846,0.0037551334,0.0027957833,0.6384853,0.0059967986,0.3376831
edqtehl,joy,joy,0.015536144,0.002151247,0.0013293877,0.9725428,0.002940436,0.005499963
edqwurc,anger,anger,0.8892597,0.0138231525,0.001582883,0.051916715,0.038270734,0.0051468755
edqymza,surprise,surprise,0.0070004617,0.0027629058,0.004052859,0.005825559,0.0053991186,0.97495914
edr1vjf,joy,sadness,0.005191957,0.007235068,0.008769733,0.01945016,0.9507471,0.0086058965
edr23bq,joy,joy,0.0024184485,0.0012516683,0.00076808454,0.9910903,0.0017464677,0.0027250864
edr298t,surprise,surprise,0.0069719004,0.0037027588,0.004125311,0.01717604,0.006034313,0.9619897
edr4knm,joy,joy,0.0013014576,0.00061699934,0.0003953594,0.99518126,0.00071223767,0.0017927489
edr74yn,joy,joy,0.0011489607,0.0006666409,0.0003787956,0.9955426,0.0008533808,0.0014096856
edr7dnd,joy,joy,0.0010077953,0.000638769,0.0003817415,0.9954678,0.0011679414,0.0013359518
edr7mzv,joy,joy,0.000988682,0.00066467334,0.00046503107,0.9939513,0.0008289865,0.0031013365
edr85qe,joy,joy,0.0009741939,0.0007058296,0.00048176973,0.9953532,0.0010915855,0.001393445
edr8dyg,joy,joy,0.0016041055,0.0007325279,0.00039046173,0.99515826,0.00062758726,0.0014870454
edr8tj5,joy,joy,0.0026552882,0.0008562442,0.00050362764,0.99140537,0.0015670529,0.0030124194
edr9n1q,joy,joy,0.003598632,0.0014516873,0.0010915605,0.9383857,0.0032622854,0.05221013
edr9ngo,fear,fear,0.020856325,0.038400084,0.8171978,0.016093718,0.06766181,0.039790317
edrau51,anger,joy,0.007200283,0.00095406635,0.00073572923,0.98691595,0.0014045738,0.0027893726
edrcewm,joy,joy,0.00096734904,0.00070725806,0.00043172552,0.99532473,0.00084103434,0.0017278494
edrcnmk,sadness,joy,0.009398429,0.0024331738,0.0033944296,0.9217254,0.010032178,0.053016447
edrcvp4,joy,joy,0.0009942523,0.0007988752,0.0006714263,0.9940798,0.0007797626,0.0026758534
edrczkc,surprise,surprise,0.0128833,0.0051207435,0.0047694477,0.0067387884,0.0064717294,0.964016
edrdidm,anger,anger,0.95722777,0.01860352,0.004546567,0.0033852574,0.00530176,0.010935017
edrdn2n,joy,joy,0.0014578569,0.00063150254,0.00046487513,0.994165,0.0007397746,0.0025410436
edre8pt,joy,joy,0.0011902838,0.0007830983,0.00041845217,0.995165,0.0010830739,0.001360174
edreifi,joy,joy,0.0019160602,0.0007088095,0.00034299263,0.99449795,0.0011327752,0.0014014486
edrf0al,joy,surprise,0.0075689047,0.0050919983,0.0176134,0.43881783,0.018111557,0.5127963
edrfm6u,joy,joy,0.0048647625,0.0050382186,0.0065758373,0.70187765,0.26716065,0.014482925
edrh2ob,joy,joy,0.0011835952,0.0007420957,0.00044671775,0.9950294,0.00060157146,0.0019966445
edrhbcf,joy,joy,0.0010462428,0.0006030276,0.00036084565,0.9953986,0.0008534617,0.0017377466
edrim01,joy,joy,0.001120803,0.0007572115,0.00039865953,0.9947261,0.00077823375,0.0022189126
edrj7db,joy,joy,0.0017208649,0.00077790406,0.000515361,0.994181,0.00075079757,0.002053988
edrjaqa,joy,sadness,0.050126035,0.030555518,0.06742614,0.15701793,0.36894798,0.3259264
edrklwd,fear,fear,0.055535823,0.08163098,0.76635116,0.016508121,0.041210383,0.0387635
edrmj4f,joy,joy,0.0011136025,0.00069778645,0.00040500893,0.9955004,0.0006412577,0.00164195
edrmywj,joy,joy,0.0013562277,0.0005905019,0.00037814002,0.99511886,0.0006839491,0.001872347
edrn0zv,surprise,anger,0.9185087,0.015049118,0.0027249844,0.014777639,0.008447637,0.04049183
edrnqmf,anger,anger,0.7028774,0.017758021,0.006123807,0.01707842,0.010346518,0.24581583
edrnva4,sadness,sadness,0.009924165,0.011179645,0.006655481,0.015129917,0.95059067,0.006520164
edrognf,surprise,surprise,0.026527194,0.0044054757,0.004119558,0.006056873,0.009336003,0.94955486
edroxdq,joy,joy,0.0010036831,0.00064273673,0.00044912513,0.9947173,0.0014242464,0.0017628631
edrpd12,joy,joy,0.06673816,0.023099195,0.030167295,0.75266314,0.110622466,0.016709728
edrppj5,joy,joy,0.0009534943,0.00066423847,0.00041167738,0.99550915,0.00087562285,0.0015858543
edrqcb6,anger,anger,0.80888164,0.10867008,0.006998384,0.012610278,0.04540754,0.017432053
edrrskr,surprise,surprise,0.0084497435,0.0034148267,0.005051492,0.007493375,0.0045024953,0.9710882
edrry0k,joy,joy,0.008717022,0.0014626164,0.0010006723,0.951196,0.004537707,0.033085983
edrsr24,joy,joy,0.0016330959,0.00067538634,0.00042726132,0.9950015,0.0007383938,0.0015242697
edrsxim,anger,anger,0.93342674,0.019069444,0.0025423039,0.029765682,0.012807468,0.002388443
edrtg0a,joy,joy,0.0012201889,0.00069732347,0.00058436196,0.9942774,0.0014947737,0.0017259767
edruchh,joy,joy,0.0014869578,0.0007955909,0.0004418896,0.9946016,0.0009507535,0.001723256
edruvzw,joy,joy,0.0013625631,0.0007246587,0.00042071484,0.9953056,0.00065495283,0.0015314611
edrv5yu,surprise,surprise,0.022416579,0.004617393,0.0044146157,0.0059441444,0.005138778,0.95746857
edrv95f,disgust,disgust,0.19268091,0.64762306,0.07098314,0.017098399,0.05260512,0.019009383
edrvbk6,joy,joy,0.0017786085,0.0006884379,0.0004287123,0.99363273,0.00079338,0.002678126
edrvfsf,surprise,surprise,0.0056575458,0.0028308711,0.003936797,0.0059683262,0.0046554506,0.97695106
edrvz07,sadness,joy,0.041044258,0.018347153,0.05853145,0.44017372,0.29458675,0.14731671
edrxoaj,sadness,joy,0.017363468,0.004850359,0.0045357174,0.8315388,0.12892306,0.012788645
edrxucy,surprise,surprise,0.0067023146,0.0031344516,0.004993098,0.004352232,0.00566137,0.9751565
edrxykw,surprise,surprise,0.07499236,0.009316766,0.0095648505,0.010205421,0.023438366,0.87248236
edryagm,joy,joy,0.0018679319,0.0006601071,0.0003680664,0.995174,0.0007209734,0.0012090284
eds1dcs,sadness,anger,0.6965504,0.15649883,0.012389047,0.019387892,0.10848061,0.0066931397
eds2dig,joy,joy,0.0012732646,0.00077616225,0.00047426054,0.99428153,0.00060887606,0.0025858693
eds2u7o,joy,joy,0.0011435664,0.00064083305,0.00039747937,0.9930165,0.0008193636,0.003982223
eds2wyn,joy,joy,0.0011316399,0.00073025294,0.00041932918,0.995061,0.0011889257,0.0014688479
eds3253,joy,joy,0.0010569339,0.0007062786,0.00048620792,0.9954295,0.0006912025,0.0016299078
eds4jjg,joy,joy,0.0011274013,0.0008448671,0.0005904668,0.9885871,0.00097611814,0.007874111
eds5cvi,joy,joy,0.0015466018,0.0007420471,0.0003886768,0.99485457,0.0008649692,0.0016030953
eds7qw2,joy,joy,0.0010984591,0.00067678106,0.00040809807,0.9947759,0.00063015864,0.002410659
eds9hph,joy,joy,0.40391967,0.013379178,0.009988019,0.52578443,0.026463497,0.020465149
eds9ris,joy,joy,0.0012385024,0.0007643586,0.0003773016,0.9952094,0.0007394424,0.0016710099
edsazhn,anger,anger,0.82445306,0.030307885,0.0061950344,0.071452156,0.05133701,0.016254783
edsboyl,anger,joy,0.23455042,0.00655226,0.0020675112,0.6579288,0.0072576473,0.09164332
edsch1w,joy,joy,0.0010519926,0.00072708045,0.00041163343,0.9949686,0.000741854,0.002098941
edscmpc,joy,joy,0.0014819993,0.00085663464,0.0006536026,0.99363786,0.00097431184,0.0023955863
edsek81,anger,anger,0.95468307,0.026262911,0.0027364127,0.00547659,0.0058588744,0.004982221
edsf9y3,joy,joy,0.0015966377,0.0009120083,0.00054292224,0.99395365,0.0010856042,0.0019091807
edsg1hv,surprise,surprise,0.15929474,0.00960988,0.0038445971,0.018059729,0.020578695,0.7886123
edsgre5,joy,joy,0.0018303029,0.00083974533,0.00052923226,0.9938012,0.0015607788,0.0014388493
edsgtil,surprise,surprise,0.010834877,0.0027670863,0.0040985444,0.0070691993,0.009374336,0.9658559
edskqze,surprise,surprise,0.004621721,0.0040061283,0.00452193,0.013378126,0.005036833,0.9684352
edsm5k1,joy,joy,0.011549282,0.0024801379,0.002128075,0.7751618,0.0045499844,0.20413066
edsouvt,joy,joy,0.0054792897,0.0011453747,0.0009491139,0.98538476,0.002817713,0.004223783
edspluf,anger,anger,0.9633457,0.013111487,0.0027426623,0.009335495,0.0074775275,0.0039870925
edsrbvl,joy,joy,0.0011844654,0.00068336,0.00048947346,0.99471694,0.00083984085,0.0020859805
edstb0h,joy,sadness,0.025316061,0.015737332,0.051091444,0.31689885,0.5563856,0.03457079
edsuk5q,joy,joy,0.0018504708,0.0008063996,0.00046524027,0.99364674,0.0014667475,0.001764507
edsv92b,joy,surprise,0.031645153,0.005125564,0.0039945883,0.09950458,0.011615535,0.84811455
edswekx,joy,joy,0.0011292291,0.0008194893,0.00054257346,0.9926367,0.0006195855,0.004252458
edswoh3,joy,joy,0.0009067544,0.0006805231,0.0005004704,0.9943351,0.0010154034,0.0025617096
edsy4ss,joy,joy,0.0010335953,0.0007087725,0.0005685585,0.99308985,0.0013292667,0.0032699876
edszimp,sadness,surprise,0.04573584,0.031209536,0.12017168,0.014777847,0.25957096,0.5285341
edt0fw4,anger,joy,0.002652832,0.00061958784,0.00033053322,0.9917529,0.001979826,0.0026644263
edt16me,joy,joy,0.0009792451,0.00076322135,0.00048703921,0.9946355,0.0009470629,0.00218781
edt2a5d,sadness,sadness,0.0051522288,0.010592492,0.014135322,0.008601884,0.95471454,0.006803557
edt2mxr,joy,joy,0.013384592,0.018226452,0.13691214,0.42347574,0.35188234,0.05611876
edt4yhh,anger,anger,0.9674095,0.009583361,0.0019538852,0.008273784,0.008056265,0.0047230665
edt5c68,anger,anger,0.4232804,0.14900938,0.1501938,0.0339335,0.18946347,0.054119468
edt5i57,joy,joy,0.0012650966,0.0007859966,0.00065602746,0.993891,0.00095406786,0.0024478014
edt60bk,joy,joy,0.0011533208,0.0007238382,0.00046191667,0.99531424,0.0006987626,0.0016478763
edt6hyt,joy,joy,0.0009848049,0.00074695726,0.00051904394,0.99532485,0.001083515,0.001340823
edt82so,surprise,surprise,0.007695935,0.0032775153,0.0042309565,0.0051352573,0.005543547,0.9741168
edt8ev8,surprise,surprise,0.004358617,0.0027433108,0.004145664,0.00894903,0.0044143223,0.9753891
edt92z8,anger,anger,0.87670684,0.01501661,0.0018916479,0.092939354,0.010033034,0.003412544
edt9aoq,joy,joy,0.0015730325,0.00072822935,0.00040153507,0.99293315,0.0007257989,0.0036382037
edt9f93,joy,joy,0.0015538664,0.0010246569,0.0006683976,0.9884638,0.0008549429,0.0074342717
edt9jz1,joy,anger,0.9018329,0.018565614,0.0018680709,0.058550883,0.015257325,0.003925227
edt9n9k,joy,joy,0.0023118928,0.0008183459,0.00037923257,0.9937928,0.0008888248,0.0018089423
edtauw2,joy,joy,0.0010474719,0.00063843717,0.00042352595,0.9953702,0.0009552869,0.0015649935
edtd82h,surprise,surprise,0.0092652785,0.0031958125,0.004092594,0.0055847317,0.0053938925,0.9724678
edtd8c4,joy,surprise,0.0049738213,0.004448647,0.0052223224,0.16950743,0.0057016527,0.81014615
edtey94,joy,joy,0.0014520109,0.00093438476,0.0004866228,0.9947908,0.0008760718,0.0014601838
edtf45q,joy,joy,0.0017867743,0.00077540684,0.00042735768,0.99465334,0.00086212624,0.001495001
edtf72o,sadness,sadness,0.1514777,0.08693193,0.2397963,0.019983834,0.33341917,0.16839114
edtf8mk,sadness,sadness,0.019941146,0.026913207,0.020663144,0.0055381088,0.91727877,0.009665554
edtg8fe,anger,anger,0.80954295,0.03570296,0.02226412,0.043703314,0.045216702,0.04356998
edthwkv,anger,anger,0.92430687,0.008110073,0.0017684634,0.051636104,0.011338671,0.002839771
edti0ld,joy,joy,0.0012405418,0.0006174804,0.0005552709,0.99015373,0.0011948961,0.0062381844
edti0op,joy,joy,0.0011071671,0.0006538264,0.000471466,0.99503183,0.0007110931,0.0020245644
edtiadm,joy,joy,0.0016682682,0.000870173,0.000534632,0.9937921,0.00095972593,0.0021751234
edtidcz,joy,joy,0.0010842358,0.00069607765,0.00043688517,0.99566936,0.00077347556,0.0013400258
edtjjy3,surprise,surprise,0.0066928007,0.0032550422,0.0033108674,0.066158526,0.0054013827,0.91518134
edtjmvq,sadness,sadness,0.26713142,0.088800944,0.020516507,0.012506146,0.59725785,0.013787153
edtkkzd,joy,joy,0.0013105432,0.00062825315,0.00031876072,0.9942405,0.0008484678,0.0026534896
edtlh85,fear,sadness,0.018830402,0.045240574,0.024205461,0.01133594,0.8879804,0.012407223
edtmbvs,joy,joy,0.0012013875,0.0005811646,0.00038563347,0.99519145,0.00064813544,0.0019922715
edtmk0s,joy,surprise,0.24932766,0.0096619595,0.005745853,0.07434783,0.019735869,0.6411808
edtnhx8,joy,joy,0.0012246827,0.00073435943,0.00040916432,0.99529785,0.0005822212,0.001751709
edtnls3,joy,joy,0.0017137422,0.00075701845,0.00038476972,0.9946688,0.0006243464,0.0018514224
edtntgz,anger,joy,0.0052685575,0.0012112702,0.00048909854,0.9642291,0.0030997354,0.02570215
edtosu3,surprise,surprise,0.09333828,0.008638527,0.0046049347,0.0085456455,0.015191345,0.86968124
edtowbj,fear,fear,0.01597644,0.074104935,0.71281594,0.0075322296,0.13856927,0.05100123
edtqygn,joy,joy,0.0025208974,0.0014252522,0.0008745736,0.9880426,0.0047810525,0.0023556512
edtr2ur,joy,joy,0.001853553,0.0008580044,0.00043400144,0.99390453,0.001537279,0.0014125498
edtsmxa,surprise,anger,0.6309962,0.06929523,0.1442647,0.015724996,0.04331238,0.096406475
edtuov8,joy,joy,0.0051529175,0.0018573782,0.00277542,0.9659511,0.0102390535,0.014024105
edtvwda,joy,joy,0.0017812399,0.0006328063,0.0004216832,0.9937645,0.0013976672,0.0020020688
edtw33n,surprise,surprise,0.04296558,0.0067155375,0.0037097528,0.013846618,0.014356878,0.91840565
edtwbmr,joy,joy,0.0011704776,0.0006755041,0.00036792323,0.99548256,0.0007629809,0.0015405092
edtzrwa,joy,joy,0.0009835353,0.0007166931,0.0005193891,0.9949293,0.00082071486,0.002030428
edu25vw,anger,anger,0.96560806,0.0154112615,0.0026311765,0.009027225,0.0051736706,0.0021485179
edu3vgv,anger,anger,0.9656545,0.0057263356,0.0012430327,0.01919103,0.0046574604,0.0035276574
edu4g7b,joy,joy,0.0012331954,0.00082739466,0.00061228056,0.9933335,0.00093151705,0.0030621768
edu4y8j,joy,joy,0.025650857,0.01564625,0.045520663,0.66840535,0.062218655,0.18255821
edu4yj3,joy,joy,0.0016163028,0.001022233,0.0009820748,0.9892079,0.0030560603,0.004115427
edu5c7g,anger,anger,0.95583636,0.025937954,0.0027258391,0.006068207,0.0059888824,0.0034427042
edu5i5x,anger,anger,0.95007914,0.008523084,0.0022464683,0.01772103,0.01675406,0.0046761474
edu5jt3,joy,joy,0.32082936,0.012645638,0.007348121,0.5107765,0.023514297,0.12488609
edu78sc,fear,fear,0.019277407,0.036398962,0.8369098,0.009124919,0.03893999,0.05934896
edu9tv3,joy,anger,0.9492596,0.011494063,0.0021390608,0.02602834,0.0073742582,0.003704682
eduarmr,joy,joy,0.0013170198,0.0007941835,0.0004361283,0.995112,0.00067909097,0.0016615761
eduaun3,joy,joy,0.00096624834,0.00072350615,0.00045808332,0.9955324,0.0007302457,0.0015895148
educr3b,surprise,surprise,0.33076873,0.009809528,0.0044416594,0.022575358,0.011019778,0.621385
eduduat,anger,anger,0.9727577,0.010832189,0.0019999093,0.004157385,0.0045186123,0.0057342555
eduersu,joy,joy,0.0016370082,0.0006297866,0.00039356033,0.99498063,0.000854224,0.0015048817
edug0vo,joy,joy,0.0011540235,0.00072005205,0.00049914233,0.9951375,0.00064993795,0.0018394213
edug2s6,joy,joy,0.10085742,0.0104207685,0.019705014,0.38932353,0.17985539,0.2998378
edugqcn,joy,joy,0.0012955318,0.0006532198,0.0004020542,0.9948656,0.0011125194,0.0016710381
eduh6da,joy,joy,0.001197516,0.00067174115,0.00045100995,0.9944107,0.0011343309,0.0021346277
eduhe13,joy,joy,0.002004207,0.00070520956,0.00040461955,0.994846,0.0007869823,0.0012530766
eduhsma,joy,joy,0.0026023719,0.0012200462,0.0011614378,0.98248184,0.007755474,0.00477872
edui5jv,disgust,joy,0.0039845523,0.000962741,0.0005871268,0.99146384,0.000927115,0.0020746407
eduieux,joy,joy,0.0011603192,0.0008461103,0.0005741499,0.9937395,0.0006775405,0.0030023374
eduioiv,joy,joy,0.0013814098,0.0006791012,0.00048496184,0.9931237,0.0006976615,0.0036330675
eduiuel,joy,joy,0.062330708,0.0036959613,0.0029147372,0.8846717,0.013566271,0.032820627
eduiukq,joy,joy,0.0012218986,0.000744573,0.0006316003,0.9941497,0.0010594579,0.0021928216
eduj0ei,joy,joy,0.0011600828,0.00069035275,0.00055214076,0.99400276,0.0018703905,0.0017243503
edujai9,joy,joy,0.0016783744,0.0008109318,0.00051590416,0.992882,0.0011994074,0.0029133551
edukmpa,joy,joy,0.0010586675,0.00063674257,0.00041277293,0.9955772,0.000735046,0.0015795778
eduml8h,sadness,surprise,0.014977553,0.0060540442,0.0064456007,0.14209741,0.06405756,0.76636785
edun2us,joy,joy,0.012115174,0.0037157042,0.0050343648,0.85944325,0.0051827496,0.11450867
edunlf5,joy,joy,0.002237845,0.0008131048,0.00043542538,0.99306434,0.001304103,0.0021451742
eduqjmi,joy,joy,0.0010133462,0.00068254845,0.0005902119,0.9945898,0.0014268752,0.0016972622
edur2ks,fear,joy,0.0023320843,0.001522264,0.003114044,0.98629075,0.0021629576,0.0045778784
edurmc9,sadness,anger,0.9362279,0.02190678,0.0022475747,0.0068279007,0.02820216,0.0045876633
edurr0z,joy,joy,0.06590112,0.011898595,0.011285309,0.62068295,0.2690654,0.021166647
edus87j,joy,joy,0.02049978,0.0014358502,0.0006601535,0.9617387,0.0023142262,0.013351216
edush3w,joy,joy,0.0010276866,0.0006942927,0.00045802022,0.9926064,0.0010326499,0.004180926
edusjyi,surprise,surprise,0.0079602795,0.0036778832,0.005116926,0.09472033,0.0083312215,0.88019335
eduspn3,joy,sadness,0.11100075,0.11440653,0.065448456,0.008022185,0.45710042,0.24402161
edut0kq,joy,joy,0.011840283,0.0046392004,0.0056321826,0.796948,0.0069326665,0.17400767
edutjm3,surprise,joy,0.0010837899,0.00063752587,0.0004289702,0.9946767,0.00067806704,0.0024950295
eduuha4,joy,joy,0.0012997929,0.0008239181,0.0004901988,0.9925719,0.000985783,0.003828448
eduuwuw,anger,anger,0.86232156,0.09174184,0.0050139884,0.011710361,0.024728531,0.00448367
edux4v5,joy,joy,0.0058278968,0.0027415869,0.0023424106,0.7859364,0.0050527286,0.19809896
edux54r,anger,anger,0.83048487,0.007372642,0.0045596,0.1047389,0.014311115,0.038532816
edux59c,anger,anger,0.94758093,0.009762106,0.0026733074,0.0066421577,0.0070988466,0.02624262
eduxq58,joy,joy,0.00092680845,0.0006225627,0.00047839564,0.9940587,0.00077310274,0.0031404425
eduxx9u,anger,anger,0.7961056,0.062157873,0.022468546,0.008685152,0.014111895,0.09647097
eduyz3m,sadness,sadness,0.21694034,0.07663441,0.011936465,0.014880303,0.67117274,0.008435767
edv0f25,joy,joy,0.0013133504,0.0006677415,0.00036565514,0.99503076,0.0007938559,0.0018286621
edv18gz,joy,joy,0.05402813,0.0018872675,0.0010913576,0.93127763,0.0029890854,0.008726523
edv2ae3,anger,anger,0.9551557,0.01010811,0.0024273302,0.008817711,0.0043547843,0.019136285
edv2j3i,joy,joy,0.0010636282,0.0006303316,0.000386059,0.9948848,0.00076461554,0.0022706094
edv3lb3,anger,anger,0.9395674,0.0318556,0.003353845,0.012211186,0.009881736,0.0031301966
edv423d,anger,anger,0.73976356,0.06976756,0.074966684,0.019303711,0.048091426,0.048107006
edv4kdd,joy,joy,0.0029597646,0.0021452333,0.0017918245,0.93816733,0.002074185,0.052861646
edv5an2,joy,joy,0.3652889,0.015223127,0.004307846,0.5672137,0.020585706,0.02738064
edv5m5i,joy,joy,0.007854707,0.0055863257,0.0039262413,0.564292,0.0057451497,0.4125956
edv6mtb,anger,anger,0.9575816,0.008606373,0.0016727145,0.024107818,0.006241057,0.0017904836
edv6w6a,anger,anger,0.63099587,0.018040229,0.009204971,0.2500291,0.07888026,0.012849606
edv7pxb,sadness,sadness,0.01749982,0.009505776,0.007469837,0.01612928,0.9433826,0.0060127843
edv8jvw,joy,joy,0.0010616686,0.00082426454,0.0005075622,0.995024,0.00070453814,0.0018779829
edv8u3p,anger,anger,0.9574491,0.017694313,0.0022369914,0.01291727,0.007741903,0.0019604214
edv90zr,disgust,disgust,0.44442493,0.45042777,0.03030828,0.016661156,0.04905467,0.0091232015
edv9tyb,joy,joy,0.008076906,0.0012272168,0.0007527026,0.98521477,0.0022784472,0.002449912
edva1z2,sadness,sadness,0.009429284,0.008559578,0.009076801,0.02449432,0.9399854,0.008454581
edva8hj,joy,joy,0.0010455557,0.0007046152,0.0004126025,0.9954391,0.0006925853,0.0017056066
edvawr9,joy,joy,0.0011110987,0.00068914844,0.0003739512,0.9953496,0.0008227986,0.0016535029
edvb621,surprise,surprise,0.0036973685,0.0023280904,0.0047906158,0.007674164,0.004330873,0.9771788
edvcsq3,surprise,surprise,0.28283322,0.009205656,0.0050589433,0.028622694,0.033811495,0.640468
edvct1g,joy,joy,0.034508314,0.011120934,0.006175616,0.9004109,0.040034547,0.0077496925
edvd8vo,anger,surprise,0.26119667,0.016818125,0.022668187,0.05157772,0.04883355,0.59890574
edvdy44,fear,anger,0.9484679,0.010524732,0.0031139497,0.028935624,0.0051348433,0.0038229835
edvem63,surprise,surprise,0.016768755,0.005784944,0.003092559,0.17164367,0.02168252,0.7810275
edvfwit,joy,joy,0.004827688,0.0007617939,0.0003818207,0.98959726,0.0015991208,0.0028324125
edvfzrr,joy,joy,0.0035099648,0.00084718195,0.00041721176,0.98914355,0.00081920996,0.005262834
edvg1hx,anger,anger,0.95286816,0.009012802,0.002259893,0.006754144,0.010111645,0.018993365
edvgoy5,surprise,surprise,0.0064195096,0.0030135263,0.0037246665,0.0074664243,0.0045739617,0.9748019
edvgshl,joy,joy,0.0015631132,0.0006819504,0.0004628179,0.99361455,0.00085493946,0.0028225384
edvh4yp,surprise,surprise,0.2547421,0.008443317,0.009254992,0.0672852,0.03194451,0.6283298
edvh5n2,sadness,joy,0.38783813,0.029284894,0.007701968,0.4916126,0.025915613,0.057646863
edvhzyv,surprise,surprise,0.0064638,0.0033816716,0.004533831,0.0056179543,0.00512879,0.97487396
edvilvq,joy,joy,0.0009131464,0.0006382417,0.0004680225,0.9953435,0.0010062597,0.001630773
edvjkph,joy,joy,0.001130608,0.0007233708,0.0005418797,0.99435234,0.0006967242,0.002555072
edvka97,joy,anger,0.846123,0.014915992,0.0034853693,0.01796843,0.013711723,0.103795454
edvl862,joy,joy,0.0020992202,0.0007351895,0.00030545055,0.9939452,0.0012115815,0.0017033669
edvmi8h,joy,joy,0.034222543,0.0018625894,0.0012478584,0.88936794,0.009317171,0.06398193
edvoavi,joy,joy,0.037265815,0.0027771667,0.0022543876,0.9219286,0.008360891,0.02741311
edvr9o5,sadness,sadness,0.022599002,0.026349898,0.010349295,0.021244714,0.9049494,0.014507683
edvrezv,anger,joy,0.0016099081,0.00078362203,0.00061956653,0.9926944,0.00084058626,0.0034518966
edvrgzc,sadness,sadness,0.013093134,0.016528316,0.0070797354,0.014679315,0.94199216,0.006627306
edvvxsi,joy,joy,0.0015252917,0.00060637406,0.0003843003,0.9923105,0.0015403974,0.003633132
edvz139,joy,joy,0.0010190046,0.0006905226,0.00058836315,0.9949905,0.0013433748,0.0013682495
edw07y2,sadness,surprise,0.020172074,0.009425292,0.009299621,0.17180048,0.099949755,0.68935275
edw0cr4,joy,joy,0.0018105853,0.0009311938,0.0005544936,0.99153346,0.000835614,0.0043346267
edw0mrz,joy,joy,0.03928565,0.010047983,0.002530654,0.9214172,0.02263971,0.0040788325
edw0t42,surprise,anger,0.47516304,0.008719967,0.0072542033,0.38222212,0.008803052,0.117837615
edw0xlg,joy,joy,0.0011835664,0.0006510991,0.0003598028,0.9954466,0.00074671843,0.0016121375
edw1c98,surprise,surprise,0.0054618632,0.005366245,0.006980802,0.097524114,0.0057871244,0.8788799
edw1xpl,joy,joy,0.0010997353,0.00072138803,0.00046482595,0.9953988,0.0011638922,0.0011513202
edw36wc,joy,anger,0.36087888,0.09969774,0.08822558,0.11385173,0.098108366,0.23923774
edw3eet,surprise,anger,0.53738964,0.021132648,0.024204811,0.20616335,0.14733379,0.063775785
edw3uh9,joy,joy,0.0025705984,0.0009408204,0.0003770603,0.99287087,0.0013471072,0.0018935099
edw419k,sadness,sadness,0.009543429,0.015436709,0.008440197,0.010448696,0.9509519,0.0051790983
edw4m95,joy,joy,0.0017741433,0.0010171339,0.00054266676,0.9888575,0.0008015443,0.007006969
edw6cr9,joy,joy,0.0012094749,0.00075661286,0.00053067843,0.9952182,0.0011900739,0.0010948612
edw6nao,joy,joy,0.024527997,0.010189397,0.0245937,0.6213863,0.21578309,0.10351953
edw77ec,joy,joy,0.0060371505,0.0009602948,0.00061968545,0.98672664,0.0016004235,0.0040557557
edw7914,joy,joy,0.0009399388,0.0007713369,0.0005819428,0.99357456,0.0007994235,0.0033328363
edw7tfe,sadness,sadness,0.005116405,0.01028943,0.013327595,0.010354695,0.9540189,0.0068931007
edw8x07,joy,joy,0.0013270298,0.0007126906,0.00034165278,0.9951267,0.00069143006,0.0018004137
edw9mxm,surprise,surprise,0.0063172267,0.003149824,0.0041502304,0.008431319,0.0064919847,0.9714594
edwa0of,joy,joy,0.0016372865,0.0011925044,0.0006128922,0.99294996,0.0010021721,0.0026052182
edwad8f,joy,joy,0.2919489,0.009498556,0.0024577302,0.6706737,0.020226765,0.0051942817
edwamw7,joy,joy,0.0014009639,0.0005458874,0.00031685282,0.99531835,0.00081441505,0.0016034428
edwar4t,joy,joy,0.0024919154,0.0010650906,0.0006191335,0.980998,0.0011713378,0.013654552
edwaw82,joy,joy,0.0008749738,0.00059882883,0.0005222286,0.9940737,0.0009680164,0.0029623378
edwcfah,joy,joy,0.001502496,0.00069604354,0.00034009686,0.9945621,0.00067472755,0.0022245839
edwf9b0,anger,anger,0.96041393,0.009596293,0.0021272597,0.00759399,0.00890758,0.011360907
edwg2he,joy,joy,0.0021885964,0.00078095216,0.0003756773,0.9938286,0.00093694293,0.0018891945
edwhaem,joy,joy,0.0027861875,0.0013899406,0.0010479437,0.9583135,0.0022974354,0.034164913
edwi0jw,joy,joy,0.0012967325,0.001071575,0.0012720608,0.98596084,0.008458145,0.001940576
edwilev,anger,sadness,0.02420988,0.010425966,0.012468654,0.15528564,0.7895522,0.008057642
edwkhzy,sadness,joy,0.009744214,0.001962307,0.0011765878,0.9579382,0.025141766,0.0040369527
edwlgq2,joy,joy,0.0014479375,0.00071793416,0.0004361662,0.99508935,0.0007454186,0.00156322
edwlobm,joy,joy,0.002734002,0.0010668545,0.00083032285,0.99127275,0.0013404316,0.0027556592
edwloev,sadness,sadness,0.010880634,0.015607765,0.024915759,0.02891515,0.8939221,0.02575861
edwm0eu,joy,joy,0.0011167061,0.0007605689,0.00044980872,0.99541986,0.0006964662,0.001556567
edwmsuw,joy,joy,0.0011248562,0.00073111925,0.00039812597,0.99548113,0.0007245709,0.001540186
edwmtc2,surprise,surprise,0.0064354707,0.0026670075,0.0030158693,0.010285712,0.0044309017,0.9731651
edwnw1l,joy,joy,0.0010408126,0.00075146795,0.0005378554,0.9953094,0.0010074725,0.0013530623
edwt74b,surprise,surprise,0.0040916014,0.002732315,0.0057790233,0.0059578936,0.0045883954,0.97685087
edwtm8q,joy,joy,0.0066175363,0.0019448759,0.0012222518,0.98456776,0.0038857406,0.0017618185
edwtmlc,joy,joy,0.0013114107,0.00063508766,0.00033092863,0.9952232,0.00075516186,0.0017441966
edwto6x,anger,joy,0.011727187,0.001075231,0.0005915617,0.9811817,0.0032355257,0.0021888195
edwtu4d,anger,joy,0.0013971272,0.0007728749,0.0005821593,0.98894405,0.0021792776,0.0061244424
edwvkfi,sadness,anger,0.922043,0.045416325,0.0038714348,0.008852569,0.016003042,0.0038136044
edww55n,anger,anger,0.9664767,0.014933244,0.0040091905,0.0057957666,0.004795621,0.0039894963
edwwmej,joy,joy,0.001234525,0.0007422053,0.00042166832,0.9953827,0.00065621117,0.0015626763
edwx4xt,anger,anger,0.8849592,0.01369505,0.0021609066,0.0865606,0.0102029,0.0024214396
edwx5zg,joy,joy,0.0009277103,0.0006160785,0.0003708285,0.99518114,0.0009280213,0.0019762183
edwxmtq,joy,joy,0.00118481,0.00064680196,0.00037825218,0.9947554,0.00086015486,0.0021745125
edwyk22,sadness,joy,0.0052141263,0.006267391,0.008778903,0.63214165,0.31143838,0.036159616
edwz01i,anger,anger,0.58857745,0.013137324,0.003110415,0.26442027,0.042505503,0.08824903
edwz4ms,joy,joy,0.0011170894,0.000725322,0.00042780492,0.99559265,0.0006990051,0.0014380194
edwzk4a,joy,joy,0.0012155505,0.00079275185,0.0006011251,0.9928872,0.0009844311,0.0035188703
edwzslq,anger,anger,0.9328511,0.0092106555,0.002983411,0.02922279,0.020163484,0.005568602
edx0t80,surprise,surprise,0.053457353,0.007072711,0.0043133474,0.008533275,0.017915906,0.9087073
edx1m4z,anger,anger,0.9307424,0.009807324,0.0015955046,0.037462518,0.01797334,0.0024190212
edx2c5f,joy,joy,0.0013761789,0.00081849284,0.0007191786,0.99281913,0.0019195442,0.002347438
edx2gt9,joy,joy,0.0011769474,0.0007327729,0.0004737395,0.99386287,0.0005833273,0.0031703492
edx3b1v,surprise,surprise,0.0072718584,0.004067609,0.005862524,0.0063446173,0.006339051,0.97011435
edx5avp,surprise,surprise,0.0074390136,0.0036251505,0.003717193,0.00935084,0.0066335592,0.96923435
edx5kk1,joy,joy,0.0017450602,0.0007920364,0.00038269782,0.9937177,0.000978228,0.002384226
edx610q,joy,joy,0.0009340406,0.000747002,0.00047304368,0.99533045,0.0011355873,0.0013797967
edx6guq,anger,anger,0.9582053,0.00772457,0.0025585534,0.017209213,0.0031480002,0.011154406
edx6mdm,joy,joy,0.0013253716,0.0007283696,0.00042990324,0.99473286,0.00056473323,0.0022186812
edx6zp8,surprise,surprise,0.008927662,0.0033567802,0.004346623,0.010202829,0.011942238,0.96122384
edx7r3h,surprise,anger,0.7567168,0.02857395,0.0035041969,0.09783928,0.106393725,0.0069720456
edx8ti9,surprise,surprise,0.015444338,0.004389091,0.0028583563,0.41341218,0.008705577,0.55519044
edx93gw,sadness,anger,0.9362931,0.024929794,0.001913001,0.0105354935,0.019449154,0.006879511
edx9567,anger,anger,0.9478656,0.014913654,0.002375429,0.025600538,0.0062954254,0.0029493235
edx9el4,anger,anger,0.9046522,0.009027837,0.002598936,0.065032855,0.014508507,0.004179721
edxa535,joy,joy,0.0010589482,0.00068574224,0.00042366335,0.9952289,0.0008881818,0.001714596
edxadhp,joy,joy,0.0010932336,0.00065034453,0.00043230888,0.99488294,0.001478067,0.0014630646
edxbzrb,anger,anger,0.96545804,0.008844927,0.0012474309,0.00996822,0.0095002595,0.0049810875
edxciwr,joy,joy,0.0011219733,0.00067036314,0.00044451864,0.9949603,0.0007520184,0.0020507246
edxckc4,anger,joy,0.14369892,0.0042509884,0.0014642248,0.822805,0.020025847,0.0077550323
edxcpc3,joy,joy,0.001093388,0.0006868709,0.00048751192,0.9951828,0.0010544715,0.0014949153
edxcvjd,joy,joy,0.0009894386,0.0007402105,0.0005196467,0.9953615,0.0008818796,0.0015073791
edxd6no,surprise,joy,0.0046795704,0.0017801513,0.0021066945,0.8870032,0.0036771938,0.10075316
edxe09z,anger,anger,0.9743326,0.012447056,0.0019877474,0.004492705,0.0048502963,0.0018895351
edxei3w,joy,joy,0.0011911216,0.00079295156,0.00040678566,0.9947901,0.0006756583,0.0021434445
edxffbd,joy,joy,0.00094387156,0.00080826326,0.00059687044,0.99503785,0.0012133659,0.0013998533
edxfg53,joy,anger,0.6087523,0.03531165,0.021687258,0.046628676,0.009460091,0.27816004
edxg0ex,joy,joy,0.0024915552,0.0006518528,0.00034419482,0.9928636,0.0009819632,0.00266695
edxg0sq,disgust,sadness,0.3731071,0.07259199,0.0058783027,0.03468122,0.49742588,0.016315537
edxg5pu,anger,anger,0.65764505,0.013743057,0.007224485,0.018392172,0.022101352,0.28089392
edxh4uo,joy,joy,0.0016147515,0.00071647915,0.0003897503,0.995082,0.00085726095,0.001339784
edxj6ff,anger,anger,0.9393025,0.0065045897,0.0015260187,0.033717994,0.015674468,0.0032745006
edxl6b0,anger,joy,0.0026685328,0.0008965233,0.0005461757,0.9926468,0.0010934229,0.002148531
edxl7a7,joy,joy,0.0026437705,0.0013220276,0.0010609052,0.9886764,0.0015839442,0.0047129453
edxmsda,surprise,surprise,0.0056034443,0.0037313108,0.0037721454,0.24797674,0.0061184387,0.7327979
edxn2in,joy,joy,0.001721963,0.0009067529,0.00063330535,0.99351317,0.0009456776,0.0022791275
edxnzi8,joy,joy,0.0016120637,0.0008157279,0.00046262104,0.99452424,0.0011343366,0.0014510434
edxoxsd,sadness,sadness,0.0051441006,0.00978944,0.014515271,0.010928635,0.9522616,0.0073609636
edxp1pm,joy,joy,0.0042603705,0.0019999743,0.0032300984,0.8957188,0.009831773,0.08495891
edxqq5l,surprise,surprise,0.005213054,0.0030919493,0.004106352,0.0067964946,0.005620455,0.9751717
edxrpqh,surprise,joy,0.009532197,0.0035410381,0.0038836193,0.7470554,0.0047034905,0.23128423
edxso3y,sadness,sadness,0.006643815,0.009197482,0.009128628,0.012401969,0.95522565,0.0074024466
edxsw15,joy,joy,0.0012446872,0.0006974307,0.00043076018,0.9955006,0.0006635426,0.0014629269
edxt2cd,joy,joy,0.0048181997,0.00269916,0.001588095,0.91321653,0.002587755,0.07509028
edxuqlr,joy,joy,0.0023429894,0.0010042621,0.0004278416,0.99297637,0.00079727685,0.0024512627
edxvucb,surprise,surprise,0.0037952326,0.0023157152,0.0038355286,0.011250337,0.0045649046,0.97423834
edxwtut,joy,joy,0.002593928,0.0020577167,0.0024606164,0.9769006,0.0055503543,0.010436776
edxx0fa,joy,joy,0.0021457362,0.0008272783,0.0004168637,0.9943861,0.0010595102,0.0011645185
edxxfaz,joy,joy,0.001766308,0.00095059985,0.00053712656,0.9946116,0.00072418724,0.0014101891
edxxiui,joy,joy,0.0013720249,0.0008429768,0.0004644048,0.9953205,0.0007948315,0.0012053294
edxxkuo,joy,joy,0.0017199793,0.00070668437,0.0005116005,0.9938352,0.0010511726,0.0021752892
edxy2lx,joy,joy,0.0010945352,0.0007775256,0.0005727188,0.995145,0.0008657079,0.0015444064
edxz28x,joy,joy,0.0011770697,0.00070684595,0.00044448616,0.9949715,0.0008143789,0.0018857181
edxzy41,fear,joy,0.011930595,0.012890402,0.18552227,0.60408264,0.05620655,0.12936758
edy00w7,joy,joy,0.0012537279,0.0006135193,0.00036914813,0.9954514,0.00094686757,0.0013653409
edy0f7h,joy,joy,0.0011812511,0.00067611056,0.00055829255,0.9913197,0.0009392229,0.0053253677
edy1wwo,joy,joy,0.0017057206,0.000894365,0.0007496858,0.98050135,0.0016129359,0.014536013
edy2fxy,joy,joy,0.0036807223,0.00086554716,0.0007226863,0.9898825,0.002076102,0.0027723222
edy6yrf,surprise,surprise,0.022912161,0.005508916,0.005451999,0.00964784,0.013365771,0.9431132
edy7ig5,joy,joy,0.0017360114,0.0012439104,0.0012900308,0.97639525,0.013645754,0.005689088
edy8c5e,joy,joy,0.0011317035,0.0006634767,0.00040148039,0.99478143,0.00075312145,0.0022686766
edy9hcs,surprise,surprise,0.0066716117,0.003423227,0.005255043,0.01061432,0.008157961,0.9658778
edya38s,joy,joy,0.0010032036,0.00062969915,0.00039465114,0.9954094,0.0006913538,0.0018716741
edyaw53,anger,anger,0.9721963,0.011587677,0.002677141,0.006930366,0.0033142434,0.0032942605
edyaxej,joy,joy,0.0034466132,0.002416623,0.0026610729,0.9692311,0.00699342,0.015251178
edycbyu,joy,joy,0.001086619,0.00064609834,0.0004438535,0.9953393,0.0006844837,0.0017997578
edyccnc,sadness,sadness,0.010974479,0.008467009,0.010816542,0.35177568,0.6085135,0.009452808
edydzyl,anger,anger,0.94401073,0.020474445,0.003971563,0.0076307156,0.0076142503,0.016298238
edyee1d,joy,joy,0.0010151573,0.00071834936,0.0004400016,0.9955552,0.0010403589,0.0012310131
edygbgf,joy,joy,0.0009376154,0.00066540355,0.000463526,0.9955515,0.0009207245,0.0014611869
edygdp1,joy,joy,0.0012109405,0.00074711145,0.00040973208,0.9940409,0.0006151306,0.002976158
edygztq,joy,joy,0.0015903683,0.0011544973,0.00084221433,0.9823331,0.0008463819,0.013233444
edyh8s2,sadness,sadness,0.009754643,0.01078481,0.01653389,0.01591667,0.94030905,0.006700941
edyjrly,anger,sadness,0.29883668,0.039198913,0.010937135,0.03955956,0.37786284,0.23360491
edyjuaa,joy,joy,0.001873949,0.0010207429,0.0008503401,0.987039,0.002757043,0.0064587677
edymuiz,anger,anger,0.9339299,0.006627024,0.0023374525,0.036216702,0.0068614464,0.014027451
edyn827,joy,joy,0.0027916834,0.0009745349,0.00065046124,0.981625,0.0015586314,0.012399634
edynuli,joy,joy,0.00103698,0.00074369094,0.00049960986,0.99539304,0.0007322072,0.0015945216
edyq8np,joy,joy,0.0017581267,0.00075886305,0.0003664577,0.9941041,0.0016487454,0.001363746
edyssu3,sadness,sadness,0.08628467,0.04804722,0.01363771,0.03158257,0.56779295,0.2526549
edytdon,surprise,surprise,0.0036044677,0.0023790656,0.003988063,0.017865894,0.0052127764,0.9669497
edyu8lh,joy,joy,0.012505919,0.0013693904,0.0011380618,0.9739512,0.0027115934,0.008323824
edyukw8,surprise,surprise,0.00762097,0.0032147104,0.0033799228,0.012780401,0.0053668995,0.9676371
edyzdg2,joy,joy,0.0010524841,0.00063206675,0.00040594552,0.9953153,0.0007239989,0.0018701687
edyzla1,surprise,fear,0.023787763,0.07199388,0.703613,0.016003713,0.0530009,0.13160072
edyzodx,anger,anger,0.87102956,0.04264665,0.010963134,0.050870094,0.013606717,0.010883843
edyzva9,joy,joy,0.0012469114,0.00086533406,0.0006368369,0.9915098,0.0006538496,0.0050872834
edyzz7n,joy,joy,0.0010138489,0.0008110586,0.00049705023,0.9947482,0.0007793848,0.002150497
edz0bkc,joy,joy,0.0009766361,0.000645543,0.0003914426,0.99559814,0.00075111736,0.0016370582
edz1xpn,anger,anger,0.9588479,0.011612459,0.0015848889,0.021151366,0.00483214,0.0019712262
edz25fj,surprise,surprise,0.0063197166,0.002436016,0.004233817,0.008720224,0.005194116,0.9730961
edz2w60,surprise,surprise,0.014952603,0.0059074666,0.0061626206,0.37436202,0.013345074,0.5852703
edz3efn,anger,anger,0.8048558,0.021501802,0.004191943,0.018127581,0.022203106,0.12911974
edz4tbv,joy,joy,0.001921425,0.001182537,0.0007339984,0.97801423,0.0012594562,0.016888363
edz4ufc,joy,joy,0.001399339,0.00070578407,0.00047290337,0.99470216,0.0008104068,0.0019093344
edz51zh,surprise,surprise,0.007332569,0.0035058311,0.006156365,0.014706217,0.00665254,0.96164644
edz59cb,joy,joy,0.00086095574,0.0006542318,0.0006367441,0.9943877,0.0013563478,0.0021039557
edz6a9n,surprise,anger,0.94866914,0.009675579,0.0030821094,0.006730543,0.0064385375,0.02540396
edz9188,joy,joy,0.0014756286,0.0007350801,0.00040515247,0.99517256,0.00073423976,0.0014772878
edza5mm,anger,joy,0.0045752847,0.0009220921,0.00038037318,0.99068236,0.001810449,0.0016294244
edzbho4,joy,joy,0.0015626691,0.00066569075,0.00044206769,0.99447256,0.001127208,0.0017296972
edzbvrt,sadness,sadness,0.33313483,0.03093775,0.0238569,0.029213188,0.47965607,0.10320125
edzcqdy,joy,joy,0.0011041024,0.0006712845,0.0004212385,0.99523807,0.0010258901,0.0015393497
edzdhwe,joy,joy,0.0010352136,0.00087065634,0.00080167514,0.9937928,0.002259819,0.0012398479
edze9yg,anger,surprise,0.41720566,0.026229309,0.03361137,0.04332742,0.056829527,0.4227967
edzigqz,surprise,surprise,0.0055902367,0.0032550332,0.0056024077,0.0067711603,0.019504651,0.95927656
edzkjr0,joy,joy,0.0010268971,0.00096011383,0.001091729,0.9909871,0.004241466,0.001692573
edzktok,anger,anger,0.9665691,0.014627517,0.0025390226,0.0039745374,0.0049117724,0.007377911
edzkxv5,sadness,sadness,0.009574438,0.0150878085,0.013563911,0.0056103976,0.95103556,0.005127967
edzlxbx,surprise,surprise,0.0074606505,0.0028484743,0.0040877527,0.006723255,0.005309547,0.97357035
edzmlum,surprise,anger,0.8823971,0.026230497,0.011150354,0.01098316,0.020019164,0.049219716
edzmwzv,anger,joy,0.035221096,0.005428959,0.008771314,0.81678265,0.06767213,0.066123806
edzn1tg,anger,anger,0.74177533,0.05560303,0.008003609,0.120658405,0.067097984,0.006861736
edzpbz0,surprise,surprise,0.004460762,0.002511682,0.0040585194,0.00791797,0.004166795,0.9768843
edzqcma,anger,anger,0.8281406,0.010893751,0.005393682,0.036532193,0.06101655,0.05802319
edzrt66,joy,joy,0.0041427156,0.00080202206,0.0005076853,0.98969716,0.0025332002,0.0023171871
edzs6nr,surprise,surprise,0.004423459,0.0031152263,0.0056291153,0.012929462,0.005822063,0.9680807
edzsf1m,sadness,sadness,0.0061366963,0.007982717,0.011581983,0.014606094,0.94891375,0.010778838
edzso7r,anger,surprise,0.026536688,0.005443426,0.007893611,0.006535862,0.013671186,0.93991923
edztn08,joy,joy,0.0011796756,0.0007284535,0.0005825769,0.99454814,0.0015076103,0.0014535042
edzup6c,anger,anger,0.85935867,0.038671084,0.005877289,0.02456203,0.06618499,0.005345992
edzvhjr,joy,joy,0.0011514944,0.00075324945,0.0005535413,0.9949007,0.001144944,0.0014960282
edzy768,joy,surprise,0.015323956,0.00407523,0.003612903,0.012466678,0.007843243,0.95667785
edzyhfu,joy,joy,0.0010945012,0.00065141195,0.00038322902,0.99569654,0.0007615599,0.0014126882
edzypwe,joy,joy,0.0011012868,0.0008381082,0.0005224516,0.994779,0.0006525951,0.0021067003
edzyt2l,joy,joy,0.001026011,0.0007045644,0.00048071472,0.99539894,0.0007115284,0.0016782393
edzz630,sadness,sadness,0.08451871,0.037593614,0.014413198,0.008955264,0.84462,0.009899199
edzzetn,joy,joy,0.0013801125,0.00078591227,0.00043176004,0.99369144,0.0017244794,0.0019863644
ee00702,anger,anger,0.68460494,0.011946578,0.0044799903,0.018509476,0.01672102,0.263738
ee00a4a,joy,joy,0.00122128,0.0008025066,0.0006276723,0.99447435,0.0016727077,0.0012014569
ee017t4,joy,surprise,0.007755467,0.0024544555,0.002994745,0.024321733,0.0038532119,0.9586205
ee0202k,anger,anger,0.61195207,0.009225364,0.0022858507,0.3549166,0.014101584,0.0075185294
ee02p3b,joy,joy,0.0014515246,0.0006702845,0.00035700484,0.99487203,0.0006709807,0.0019781496
ee03adm,surprise,surprise,0.0043366505,0.0028359492,0.0045736656,0.0073691453,0.004310063,0.9765745
ee03zsf,joy,joy,0.0010571658,0.00074067863,0.0005023228,0.9940797,0.0007332194,0.002886916
ee04ieu,joy,joy,0.0016856419,0.001097778,0.00062100904,0.99391115,0.0008659185,0.0018185247
ee04l6a,joy,joy,0.0013075124,0.0005845184,0.00041768907,0.9941975,0.0007504352,0.002742376
ee04vy5,surprise,surprise,0.006059497,0.00484473,0.0061279056,0.38189858,0.010806457,0.5902627
ee05ptl,sadness,sadness,0.0065309512,0.0103300465,0.009439654,0.011612733,0.9551736,0.006912972
ee06kps,anger,anger,0.9654394,0.007849344,0.0020636823,0.011013572,0.005062679,0.008571405
ee071mo,joy,joy,0.0017034033,0.0007061063,0.0003918679,0.9944675,0.0010954947,0.0016356522
ee074yt,anger,anger,0.97507316,0.008310856,0.0015673421,0.0086057205,0.0034844142,0.0029584889
ee0763r,sadness,sadness,0.0059774276,0.011618912,0.022856265,0.011893245,0.93806154,0.009592644
ee07iw0,joy,joy,0.01006192,0.0015814963,0.00054037955,0.98286545,0.0019682706,0.002982517
ee07scc,joy,surprise,0.14574695,0.009738752,0.0039859726,0.25774863,0.023589471,0.5591903
ee0ajqa,joy,joy,0.0010834518,0.0006997896,0.0004813312,0.99412376,0.0006333692,0.002978335
ee0am1i,anger,anger,0.95974195,0.022863243,0.0025681034,0.006512032,0.0058705565,0.0024441858
ee0b6kr,joy,joy,0.0019120546,0.0007563625,0.00034352677,0.9938193,0.0008110987,0.0023576634
ee0bkij,joy,joy,0.0019393018,0.0007534288,0.00044718233,0.9943041,0.0013359588,0.0012199791
ee0bp51,joy,joy,0.002396243,0.0008051739,0.00045396847,0.9934742,0.0011160235,0.0017543378
ee0c0hh,joy,joy,0.0016178872,0.0006672947,0.00035235484,0.99476904,0.00093366514,0.0016597288
ee0csyv,anger,anger,0.51422876,0.020049809,0.004700615,0.44082457,0.013300576,0.0068956334
ee0d2ou,sadness,sadness,0.011924777,0.0098779565,0.012452332,0.011502162,0.94279593,0.0114467535
ee0d47e,joy,joy,0.0011676167,0.0007984884,0.00042335343,0.9953126,0.0006608759,0.0016370211
ee0dtal,surprise,surprise,0.26725316,0.008775383,0.0048338426,0.031885084,0.041550606,0.6457019
ee0f6pz,joy,surprise,0.006147236,0.0047204606,0.0053491304,0.02790456,0.005559407,0.9503192
ee0fmsg,joy,joy,0.0019577402,0.0005706947,0.00036127158,0.9927124,0.0007807282,0.003617282
ee0h59e,anger,anger,0.94660115,0.007261366,0.001644267,0.036505897,0.004941865,0.0030454367
ee0hddi,surprise,surprise,0.01046973,0.0033126173,0.0039899778,0.0058315303,0.0044024764,0.9719936
ee0hdss,joy,joy,0.0009885547,0.0007358242,0.0004800762,0.9955402,0.0007803662,0.0014750366
ee0hr0f,disgust,disgust,0.097897545,0.430242,0.16768904,0.008276538,0.28164366,0.014251201
ee0ih75,joy,joy,0.0010300427,0.0006460033,0.00044170744,0.99531955,0.0009268532,0.0016357296
ee0jf0v,joy,joy,0.042471386,0.0032584965,0.0028779448,0.7645022,0.016441282,0.17044869
ee0k24c,anger,joy,0.0019867858,0.00071140204,0.0004175591,0.9934342,0.0019550286,0.0014950157
ee0lolg,sadness,anger,0.92848116,0.009769442,0.0015512992,0.043209936,0.013663527,0.003324535
ee0luuz,joy,joy,0.0010435665,0.0007221552,0.000430948,0.99505377,0.00059165264,0.0021578753
ee0luv1,sadness,sadness,0.23927861,0.104011156,0.009975865,0.013428814,0.62513065,0.008174847
ee0mk7b,surprise,surprise,0.0076000765,0.0071398295,0.039894376,0.119763196,0.03894315,0.78665936
ee0n3fh,joy,joy,0.0014014976,0.0007377257,0.00038093564,0.9950872,0.0007702722,0.0016224548
ee0no3h,joy,joy,0.0014755048,0.00055497163,0.0003991907,0.99496055,0.00079771964,0.0018120563
ee0nzw1,joy,joy,0.0012874877,0.00063436246,0.0003492441,0.9954254,0.00064006075,0.001663425
ee0ocef,surprise,sadness,0.19898775,0.030952282,0.024078948,0.019323604,0.58411366,0.14254376
ee0og3x,joy,joy,0.0038717391,0.0017956336,0.0017572852,0.98118293,0.005799644,0.005592811
ee0oz7y,joy,joy,0.0012334835,0.0007759803,0.0004557222,0.9952128,0.0011557058,0.0011662873
ee0plux,anger,anger,0.9321298,0.023851123,0.002656947,0.021680253,0.009143074,0.010538794
ee0r0l7,surprise,surprise,0.0065189884,0.00487505,0.0048367316,0.01292167,0.0062721535,0.96457535
ee0rgb4,joy,joy,0.001322679,0.0007168267,0.0007221799,0.9926922,0.002686076,0.0018600485
ee0riz9,joy,joy,0.0027104688,0.0012944071,0.0005174952,0.9921858,0.0009094927,0.002382338
ee0rrbe,joy,joy,0.0012415072,0.0007287526,0.00048072697,0.9951054,0.0012981722,0.001145363
ee0sk10,joy,joy,0.0011887887,0.00074108125,0.00044192054,0.9951585,0.0008120004,0.0016576975
ee0tlcd,joy,joy,0.0012880834,0.0007488448,0.00053326145,0.994562,0.0011569033,0.0017109935
ee0tvjj,sadness,sadness,0.022055004,0.012777004,0.020364705,0.009120546,0.90992624,0.025756491
ee0u9nt,joy,joy,0.000971441,0.00067517103,0.00041397833,0.99529356,0.00070688257,0.0019390595
ee0usbg,anger,anger,0.9473062,0.009550278,0.0014994409,0.016678872,0.021268716,0.0036964347
ee0vpx0,joy,joy,0.0009722539,0.00071092724,0.00043736596,0.99555236,0.0009858906,0.0013410969
ee0waa7,joy,joy,0.001426069,0.00071816106,0.0004106125,0.99491936,0.0006274677,0.0018983261
ee0wkza,surprise,joy,0.12229277,0.007231919,0.0022322845,0.71728414,0.028683733,0.122275196
ee0wsqw,joy,surprise,0.01475581,0.0049796775,0.0048493533,0.013488283,0.027175687,0.9347512
ee0wvwg,joy,joy,0.0012058789,0.00063966314,0.00038494598,0.9954087,0.0006593479,0.0017014175
ee0wz9o,surprise,joy,0.004523864,0.003339984,0.0025084233,0.75412375,0.0049099363,0.23059405
ee0x1jv,joy,joy,0.0009622938,0.00071251026,0.00042533796,0.9951757,0.0010688448,0.0016553076
ee0yl7a,fear,fear,0.055212583,0.060678065,0.7618708,0.014168753,0.062850684,0.045219146
ee0z95h,surprise,surprise,0.009967674,0.0033966126,0.0051766206,0.0064468975,0.005471244,0.96954095
ee10n7g,joy,joy,0.0012129814,0.00071785843,0.00039577452,0.9935696,0.0007753218,0.003328346
ee10xsr,anger,sadness,0.3688309,0.09658293,0.0108002955,0.013176189,0.50001293,0.010596797
ee11968,joy,joy,0.0012384397,0.0006358441,0.0004672461,0.9937283,0.0007138748,0.003216319
ee11o9j,joy,joy,0.0027204438,0.0008934835,0.0010682716,0.9907568,0.0015292249,0.0030318224
ee11whh,joy,anger,0.31998578,0.17081918,0.04362646,0.28784272,0.16520238,0.012523502
ee11yns,disgust,sadness,0.12774546,0.2245486,0.07734439,0.022464236,0.52528584,0.022611445
ee125n0,joy,joy,0.0012374755,0.000768509,0.00036138785,0.9950003,0.00067291036,0.0019594026
ee13x0i,sadness,surprise,0.023756407,0.0038690872,0.0047104214,0.031423416,0.007881512,0.92835915
ee13zje,joy,sadness,0.16529219,0.05202882,0.073478274,0.082768224,0.59692454,0.029507864
ee1456h,anger,anger,0.97057074,0.0129219685,0.0019874612,0.007170842,0.0052874745,0.0020615512
ee14xe0,joy,joy,0.0059974366,0.0033981584,0.0024279845,0.7871643,0.0041507487,0.19686142
ee162bv,joy,anger,0.8061464,0.012529975,0.004304945,0.15543012,0.011515457,0.01007314
ee169pr,joy,joy,0.001185818,0.0007434792,0.0004536781,0.9927886,0.00084418175,0.003984287
ee16coa,joy,joy,0.007943129,0.0020064327,0.0024952558,0.96764404,0.0047801756,0.015130934
ee16qfk,surprise,surprise,0.0060352366,0.004647435,0.0039795144,0.04849161,0.0064772326,0.930369
ee16rk0,anger,anger,0.9287235,0.0068311687,0.0018184104,0.02437397,0.017343989,0.020908918
ee16zy1,anger,anger,0.9599529,0.0074020443,0.003512321,0.01350396,0.007440272,0.00818854
ee179t6,joy,joy,0.0017692082,0.0006143383,0.00032229617,0.99419326,0.00083582004,0.0022650326
ee17elt,anger,sadness,0.25241226,0.035630263,0.029853147,0.06247366,0.5804315,0.039199125
ee17is5,joy,joy,0.0013155628,0.00070287415,0.00052253524,0.99431217,0.0007913607,0.0023554675
ee17nw4,joy,joy,0.0020855833,0.0007071426,0.0003643477,0.99282223,0.0016034243,0.0024172687
ee17pgu,joy,joy,0.15163434,0.0060572643,0.0064661484,0.73958534,0.045497783,0.05075907
ee17w15,joy,joy,0.0010728006,0.0006571772,0.00048923783,0.99431205,0.0013769633,0.002091799
ee18esz,joy,joy,0.0011761102,0.0008496898,0.0006333153,0.99439275,0.0009112525,0.0020368996
ee18hoz,sadness,sadness,0.005917791,0.008809932,0.0095044775,0.010856587,0.9583079,0.006603297
ee198e1,joy,joy,0.0009500856,0.00076036894,0.0005834626,0.9948251,0.0012862284,0.0015947253
ee19jzc,sadness,anger,0.42706078,0.10526632,0.018790683,0.018175485,0.41647142,0.014235263
ee1bllh,joy,joy,0.0010913507,0.00070077763,0.000448518,0.99538064,0.0010357187,0.0013429457
ee1cbg4,joy,joy,0.0009138061,0.00061192736,0.00042137262,0.9954757,0.00085564516,0.0017215441
ee1cyxu,fear,fear,0.0554194,0.06922769,0.49880067,0.06791852,0.2557468,0.052886922
ee1ea8b,joy,joy,0.0011679181,0.00075116806,0.00041663044,0.9951024,0.0006306601,0.0019311454
ee1eauo,joy,joy,0.0011959757,0.0006570074,0.0004349102,0.9947802,0.00073482323,0.002197191
ee1eazm,sadness,sadness,0.05847384,0.23371647,0.27007312,0.008054096,0.40718326,0.02249922
ee1ed14,joy,joy,0.00117238,0.00071593816,0.0004395809,0.99539846,0.0008285104,0.0014450565
ee1emju,joy,joy,0.06855082,0.0029719023,0.0013850897,0.8882002,0.028913744,0.00997815
ee1eof2,sadness,sadness,0.017242363,0.015019346,0.025123565,0.016433487,0.9107887,0.015392523
ee1f6qp,joy,joy,0.0011847668,0.000719213,0.00041162872,0.99530506,0.00064030016,0.0017390687
ee1gueo,joy,joy,0.0009906874,0.00078030606,0.0004347473,0.9921989,0.0010131606,0.004582194
ee1jqbs,joy,joy,0.001282277,0.00071640086,0.00043818622,0.99530965,0.0007395257,0.0015139312
ee1kqrd,surprise,joy,0.019152313,0.0064333924,0.0061355554,0.9046459,0.020811118,0.04282174
ee1lvxs,joy,surprise,0.0059219464,0.00824382,0.018801192,0.016693227,0.0059532807,0.94438654
ee1mb48,joy,joy,0.0010610435,0.0007794711,0.00069443026,0.99395317,0.00078758935,0.0027241847
ee1mfdy,joy,joy,0.0017659086,0.0008447277,0.00051217055,0.98773617,0.001994529,0.007146585
ee1n1bx,anger,anger,0.7533532,0.006647085,0.00424558,0.18546207,0.010089525,0.04020255
ee1o8bi,joy,joy,0.09040215,0.005872426,0.0019315275,0.86568046,0.025095034,0.011018468
ee1ot9n,joy,joy,0.0019192996,0.0008198271,0.0012423855,0.9849421,0.003723975,0.0073524714
ee1p7q1,joy,joy,0.0025634156,0.0016692207,0.0017206939,0.94600326,0.0021276802,0.045915816
ee1pft2,joy,joy,0.001852993,0.0011328582,0.0007301473,0.99098575,0.0012015064,0.0040967027
ee1pn00,joy,joy,0.0012330429,0.00076088024,0.00042472238,0.9950598,0.0013245421,0.0011969762
ee1rfpr,joy,joy,0.0011402997,0.0006214105,0.00040071103,0.9953459,0.0007500092,0.0017417537
ee1s5s2,sadness,anger,0.83603776,0.05405077,0.004333335,0.016654532,0.08511408,0.0038095238
ee1sdbc,surprise,surprise,0.011515518,0.0033425982,0.004668564,0.0048248447,0.006941481,0.96870697
ee1t3d5,joy,joy,0.0010143188,0.00067986135,0.00041028796,0.9955329,0.001046875,0.0013157761
ee1t3gw,joy,joy,0.0043166955,0.001112175,0.00050244504,0.9888382,0.0031585034,0.0020720197
ee1t9i5,joy,joy,0.0011067592,0.00068169594,0.00038701485,0.9952341,0.00088011543,0.0017103612
ee1tadj,anger,anger,0.91977054,0.009569222,0.003883036,0.027980892,0.0099085905,0.028887589
ee1ub6z,joy,joy,0.00261299,0.00090534653,0.00050295953,0.9895029,0.002071842,0.004403956
ee1vg59,joy,joy,0.0010591594,0.0006791662,0.00040195067,0.99542254,0.00086029805,0.0015769118
ee1vnzi,surprise,surprise,0.022421712,0.01931991,0.07766544,0.3427179,0.15669085,0.38118428
ee1wky7,sadness,sadness,0.00830922,0.008930748,0.00778431,0.029894017,0.93659884,0.008482893
ee1y6nk,anger,anger,0.9023005,0.00953577,0.0029121933,0.046633046,0.034690052,0.003928611
ee1yp7h,joy,joy,0.000928413,0.0006087674,0.0004409608,0.9951859,0.0008928997,0.001943032
ee20tub,joy,joy,0.0011146499,0.00062476983,0.000393049,0.99515176,0.0008307345,0.0018849645
ee21lzo,joy,joy,0.0016166976,0.00077144447,0.00052408734,0.9944265,0.0012931355,0.0013681393
ee21s6e,surprise,joy,0.0017500663,0.0005907051,0.00038242314,0.99212754,0.0012891762,0.0038600964
ee22f41,surprise,anger,0.6951652,0.16911359,0.059488814,0.007483494,0.039329197,0.029419689
ee22ncp,joy,joy,0.0032380978,0.0010017679,0.00034976276,0.9929182,0.00097413233,0.0015179915
ee22zun,joy,joy,0.0018404194,0.0007300948,0.0005852169,0.9903458,0.0008384704,0.005660107
ee239b7,joy,joy,0.0012962084,0.00074367115,0.0005928006,0.9945623,0.0009121774,0.0018927271
ee2414z,disgust,anger,0.9679216,0.017647,0.0036419926,0.004757278,0.0036507018,0.0023813571
ee253ey,anger,anger,0.44875923,0.24648845,0.04312382,0.017852256,0.23193824,0.011837941
ee25bk6,joy,joy,0.0011640613,0.000763406,0.00051310216,0.99467975,0.0013072343,0.0015724017
ee26p7d,joy,joy,0.2103788,0.0043672337,0.0024204552,0.6967312,0.010102836,0.075999476
ee26swz,joy,joy,0.0012913852,0.0007557187,0.00050402107,0.9922758,0.00066337985,0.0045097223
ee27dqb,joy,joy,0.0012961244,0.0006195228,0.0003808699,0.9952087,0.0006540898,0.001840712
ee27mfd,joy,surprise,0.025983881,0.0038188214,0.0033575098,0.4388218,0.013803826,0.5142142
ee28ihz,joy,surprise,0.0063155056,0.003945447,0.005042912,0.14815742,0.007781266,0.8287575
ee28p90,joy,joy,0.002901085,0.0011368833,0.00067320495,0.9907494,0.002410618,0.0021287815
ee2a9xy,joy,joy,0.008623262,0.0021683306,0.0012118187,0.94356424,0.0019343314,0.042497985
ee2b4wv,joy,joy,0.0012319571,0.0007969412,0.00039673582,0.99502206,0.000679254,0.0018730727
ee2coo6,joy,joy,0.0009600082,0.00078585156,0.00057007105,0.99527717,0.0010595239,0.0013473645
ee2dou9,joy,joy,0.0011753695,0.0007227701,0.00044979455,0.9935091,0.0006692631,0.00347368
ee2dv22,anger,joy,0.032859035,0.0042494023,0.0016126197,0.81674206,0.0103787985,0.13415812
ee2ekdb,anger,anger,0.9632347,0.0075643673,0.001180285,0.017248333,0.008578297,0.0021939266
ee2en5u,joy,joy,0.0015653708,0.00071143074,0.00043124123,0.9920735,0.001001852,0.0042166514
ee2f53w,joy,joy,0.001619062,0.00076911564,0.00043979284,0.9950819,0.00085242407,0.0012377256
ee2fkxe,joy,joy,0.0026102345,0.001264163,0.0012990241,0.9863332,0.0014450734,0.007048265
ee2fzt0,anger,anger,0.9472765,0.011216213,0.002900532,0.016007105,0.019339444,0.0032602309
ee2g7c2,anger,sadness,0.12150857,0.100659885,0.12954438,0.006818597,0.59996736,0.041501235
ee2gt9x,joy,joy,0.0016325556,0.0009825315,0.00060708076,0.9941214,0.00078111223,0.001875264
ee2h2ew,sadness,sadness,0.0054619405,0.012247089,0.01347834,0.007297315,0.9553401,0.0061752223
ee2h74j,sadness,anger,0.7736941,0.097338386,0.006317444,0.014389298,0.0980462,0.010214622
ee2h8gz,joy,joy,0.0068965945,0.0017142785,0.0028845433,0.9575897,0.0108093405,0.02010564
ee2h91z,joy,joy,0.001090075,0.0006318224,0.00037602492,0.9952047,0.00070968195,0.0019877222
ee2ht7c,joy,joy,0.0010301151,0.0007455117,0.00046911265,0.9940843,0.0008474559,0.0028234888
ee2hvy8,joy,joy,0.0012568301,0.00072552235,0.0003921901,0.99394107,0.00071088277,0.0029734953
ee2iwqw,joy,joy,0.0009999779,0.00068114704,0.0005043078,0.99526054,0.0010724955,0.0014815534
ee2jas3,anger,joy,0.051871244,0.0042830105,0.0012578375,0.9306898,0.009086268,0.0028118752
ee2jh7s,joy,joy,0.0012039895,0.0006660367,0.00042814694,0.99546826,0.0008684135,0.001365092
ee2jj95,sadness,anger,0.40043458,0.015041887,0.0096368,0.16650248,0.33337653,0.07500771
ee2k62x,sadness,sadness,0.030407514,0.012314948,0.011864181,0.17946549,0.7584655,0.0074823704
ee2k7jn,joy,joy,0.0009869774,0.0006744487,0.00044546038,0.99475217,0.0007207727,0.0024201218
ee2kbgz,fear,fear,0.025133535,0.0366147,0.8391809,0.010698897,0.05180923,0.036562745
ee2kw21,fear,fear,0.014905291,0.030176986,0.7949383,0.020969452,0.069014356,0.06999563
ee2lul7,joy,joy,0.0012035676,0.00068764616,0.00041174964,0.9953269,0.0010396221,0.0013304884
ee2lv17,joy,joy,0.001122493,0.0007050062,0.00038646202,0.9954715,0.00065537,0.0016591973
ee2mthu,joy,joy,0.0012424754,0.00066211907,0.00043003977,0.9952832,0.00078662566,0.0015955388
ee2owrm,joy,joy,0.0009718452,0.0008302313,0.00083447417,0.9904851,0.0038275651,0.003050891
ee2oyk4,joy,joy,0.0011213857,0.0007828104,0.00057747465,0.99452835,0.0013941783,0.0015958028
ee2qil5,surprise,surprise,0.04529227,0.0070302812,0.0062031457,0.0146721015,0.020253506,0.9065486
ee2qwfw,joy,joy,0.002358486,0.000823344,0.00048482028,0.99373466,0.00081220147,0.0017865119
ee2qwse,sadness,sadness,0.018460188,0.012186098,0.0063644736,0.03635613,0.92103124,0.0056018294
ee2r5yl,sadness,sadness,0.0062177675,0.010358876,0.009605324,0.010739411,0.95632607,0.006752645
ee2r6ec,joy,joy,0.002748313,0.0007415157,0.00045894174,0.9924678,0.0013075997,0.0022757843
ee2rc52,joy,joy,0.0053404937,0.000977598,0.0006092108,0.9894633,0.0020329321,0.0015764714
ee2rswy,joy,joy,0.0015825025,0.0009867549,0.0009860632,0.98978513,0.001033678,0.0056258035
ee2shu6,joy,joy,0.0010698757,0.0006497276,0.0004305581,0.99523395,0.00066601776,0.001949805
ee2stiq,joy,joy,0.0010793925,0.00067151996,0.00038978172,0.9956375,0.00076292275,0.0014589624
ee2t60u,joy,joy,0.0023260408,0.0014248496,0.0010097459,0.96357673,0.001528809,0.030133849
ee2ta83,joy,joy,0.001576716,0.00085287204,0.0005065775,0.99449736,0.0011555287,0.0014109437
ee2tbtv,joy,joy,0.0021895205,0.0009277205,0.00058749516,0.9935075,0.0015907675,0.0011970103
ee2tj1b,joy,joy,0.0009961652,0.0007777563,0.00046848334,0.99517727,0.0009810579,0.0015993641
ee2tnix,joy,joy,0.019567227,0.0016499133,0.00092481915,0.97095066,0.0044821133,0.0024252997
ee2y28u,joy,joy,0.0009531431,0.00068030745,0.0004907088,0.99509794,0.000874989,0.0019028133
ee2ybxe,fear,fear,0.06152256,0.11959024,0.67480016,0.027782785,0.08722715,0.029077195
ee2yeeo,surprise,surprise,0.007661576,0.0036551524,0.0040715025,0.011334219,0.006456531,0.966821
ee2yge0,joy,joy,0.0017665509,0.00065941346,0.0004187905,0.99005604,0.000949033,0.0061502615
ee2ywgu,surprise,surprise,0.010614213,0.0035187644,0.004850852,0.004356964,0.0063064955,0.9703527
ee2z5to,joy,joy,0.007343718,0.0011718977,0.00097264844,0.97003716,0.0017134841,0.018761141
ee2zen1,joy,joy,0.0013365909,0.0012199726,0.0013941397,0.9893935,0.0030525927,0.0036032158
ee2zo2m,anger,joy,0.05191215,0.003651572,0.0032776496,0.9206161,0.0033716462,0.01717083
ee3056i,anger,anger,0.9262005,0.009568077,0.002616258,0.016559167,0.0069218865,0.038134113
ee30gbv,joy,joy,0.0020858257,0.00087139255,0.00055690034,0.98908955,0.0056209336,0.0017754347
ee30ne6,anger,joy,0.036870953,0.008795908,0.007839583,0.91588837,0.022921974,0.0076832026
ee30wlo,joy,joy,0.009120479,0.0014721456,0.00084028963,0.9829169,0.002257941,0.00339225
ee31m28,joy,joy,0.0013960643,0.0006750368,0.00035005776,0.9954521,0.0009219834,0.0012047377
ee320u1,sadness,sadness,0.04754434,0.031311885,0.013306603,0.007647809,0.8931395,0.007049935
ee32dpl,surprise,surprise,0.006080633,0.00572605,0.009576923,0.044698097,0.037747584,0.8961706
ee33bja,joy,joy,0.0011722689,0.0006988565,0.00043495733,0.9951598,0.0008823006,0.0016517875
ee33ryb,joy,sadness,0.13311136,0.046292745,0.040680934,0.018793615,0.44022426,0.320897
ee35djj,joy,joy,0.0021225675,0.0007368238,0.00036390903,0.9939095,0.00091573794,0.0019514477
ee36jp2,fear,fear,0.024000585,0.055728637,0.7357996,0.010203215,0.028324952,0.14594302
ee36r7p,sadness,sadness,0.12501812,0.030570295,0.028219646,0.018133447,0.5568462,0.24121228
ee379r3,joy,joy,0.43732834,0.01820516,0.0035674563,0.5225998,0.0128884865,0.005410739
ee37q3g,anger,anger,0.53191835,0.20415626,0.13165534,0.013377642,0.05332529,0.06556711
ee38vkq,joy,joy,0.001817173,0.0006962765,0.0003799864,0.99290246,0.00085203635,0.003352094
ee38vmo,sadness,disgust,0.19804148,0.41204134,0.24695985,0.021441197,0.100582324,0.020933848
ee38yjo,surprise,anger,0.92008024,0.016038833,0.0017639351,0.015226897,0.038236022,0.008654064
ee39888,anger,anger,0.96952236,0.011845802,0.0014169858,0.006352997,0.006946618,0.0039152615
ee39qac,surprise,surprise,0.044361886,0.017499905,0.011788489,0.015139706,0.034944963,0.87626505
ee39wol,surprise,surprise,0.0042877877,0.0033479945,0.0038495974,0.025283422,0.004618043,0.95861304
ee3a48x,joy,anger,0.83114946,0.021387996,0.0039486503,0.110950574,0.0193499,0.013213418
ee3a4yj,anger,anger,0.8566186,0.014618848,0.0031258217,0.048573844,0.035352718,0.041710183
ee3atml,joy,joy,0.0011217799,0.00068786065,0.00045732668,0.99512094,0.0012469339,0.0013651507
ee3ayju,joy,joy,0.014104285,0.0017279111,0.00082457217,0.9739896,0.0047660065,0.0045876326
ee3bi93,surprise,surprise,0.004421066,0.0022388862,0.0035519416,0.011309792,0.004641786,0.9738365
ee3c4xk,sadness,sadness,0.0051240586,0.008641001,0.012357535,0.009943256,0.9561438,0.0077904216
ee3cgx8,anger,anger,0.7448302,0.16394642,0.03622778,0.007014663,0.029615084,0.018365927
ee3dshg,anger,surprise,0.006635203,0.0021287645,0.003350539,0.024058012,0.0053510373,0.9584765
ee3ebkv,anger,anger,0.9581951,0.00976492,0.0018789186,0.01987259,0.0057599535,0.00452855
ee3ew5u,joy,joy,0.0031513066,0.0009247302,0.0004918308,0.9916741,0.0020171285,0.0017409708
ee3f6ny,joy,joy,0.0013295925,0.00077003334,0.00046847184,0.9950092,0.0007467253,0.0016760118
ee3f6wc,sadness,anger,0.47653362,0.022873832,0.00822678,0.19089623,0.16529931,0.13617034
ee3fnf6,joy,joy,0.0010910041,0.0006837002,0.0004869111,0.99496305,0.0012205327,0.0015547668
ee3fysw,anger,anger,0.5297696,0.012651446,0.010282339,0.14251547,0.03046788,0.27431333
ee3g9p7,joy,joy,0.0034533648,0.0007949544,0.00033438427,0.99172485,0.0013889893,0.002303395
ee3gbt3,anger,anger,0.95377237,0.022978451,0.0021010404,0.011856204,0.007407743,0.001884298
ee3gcs6,joy,joy,0.0013184304,0.0007519164,0.00041343592,0.99520785,0.00067059544,0.0016378389
ee3gfo0,joy,joy,0.0017088657,0.00081130135,0.00037766635,0.99491453,0.00063401967,0.0015536951
ee3gua7,joy,joy,0.000981945,0.00068856566,0.0004057488,0.9955426,0.00072854094,0.0016526307
ee3h95g,joy,joy,0.0031267412,0.0009982077,0.00084355945,0.9911267,0.001881611,0.0020231705
ee3hvbc,surprise,sadness,0.038923517,0.02360135,0.012296205,0.028469674,0.6430035,0.25370577
ee3jles,disgust,anger,0.6801081,0.13062437,0.047942948,0.048225537,0.0826737,0.010425394
ee3k1a7,joy,joy,0.0024172356,0.0008842521,0.0004805173,0.98546773,0.0014417766,0.009308512
ee3k68g,disgust,anger,0.36813784,0.24905646,0.06836108,0.046036303,0.25252393,0.015884431
ee3kyhd,anger,anger,0.48793614,0.094865195,0.083061256,0.052770942,0.18042623,0.10094029
ee3lfwl,joy,joy,0.0013857468,0.0010947945,0.0017604029,0.98497033,0.002147052,0.008641714
ee3lj7v,sadness,sadness,0.033370025,0.042293593,0.012848116,0.011191728,0.893647,0.0066496134
ee3ne2z,joy,joy,0.026482152,0.0029121493,0.0010115869,0.96028656,0.006172062,0.0031355557
ee3nrjv,anger,anger,0.7382145,0.034497894,0.0041341125,0.051181693,0.16572826,0.0062436364
ee3oe2a,joy,joy,0.0012484044,0.0007152942,0.00042591864,0.994561,0.0009032964,0.0021461044
ee3p0nk,joy,joy,0.0014814839,0.0007406211,0.0003658257,0.994728,0.00055733207,0.0021266951
ee3p61p,sadness,joy,0.0059203124,0.0018688407,0.0017631873,0.97386444,0.01254081,0.004042436
ee3pbtk,joy,anger,0.45744684,0.012022906,0.003141037,0.3757111,0.13433117,0.017346885
ee3psor,anger,surprise,0.04241201,0.0071473536,0.009243332,0.046778467,0.038194768,0.8562242
ee3psub,surprise,surprise,0.009361211,0.0029631725,0.003769213,0.006158975,0.0052117133,0.9725357
ee3qgj7,joy,sadness,0.01642733,0.01944487,0.006760189,0.035275616,0.9141086,0.007983397
ee3r1c9,joy,joy,0.00105176,0.00065918494,0.00039974254,0.9953939,0.0008452649,0.0016502013
ee3rav7,surprise,surprise,0.046734713,0.0043884064,0.0047052857,0.0055203205,0.008149702,0.93050164
ee3rd97,joy,anger,0.9696063,0.011035268,0.0013782078,0.010595266,0.005119238,0.002265777
ee3s8id,joy,joy,0.0010412022,0.00084735773,0.0009080462,0.9937056,0.0012337437,0.0022641406
ee3sny4,anger,joy,0.0019739345,0.00068948034,0.0004247793,0.9932243,0.00096575054,0.0027216824
ee3squj,anger,anger,0.963289,0.017666435,0.0019353546,0.007704254,0.0049070916,0.004497809
ee3tg8x,joy,joy,0.0016110316,0.0007634402,0.00043263918,0.99465936,0.0013244567,0.0012089623
ee3twmx,joy,joy,0.0022636577,0.000956709,0.0005513785,0.98714846,0.0012247948,0.007854981
ee3u4dn,anger,anger,0.96603394,0.0115102595,0.0032502578,0.004113572,0.00420538,0.0108865695
ee3u6hq,sadness,sadness,0.027386121,0.01729021,0.008625736,0.017010506,0.90171355,0.02797381
ee3ucvg,joy,joy,0.011293717,0.0028397709,0.0035318693,0.8839936,0.008551617,0.08978933
ee3uddd,sadness,sadness,0.005923081,0.007320899,0.008861681,0.020193785,0.94968116,0.008019325
ee3uwxj,fear,fear,0.022572277,0.03781493,0.8466363,0.010282859,0.049211513,0.033482153
ee3uztg,anger,anger,0.9693954,0.014781183,0.0016604024,0.0064973314,0.005275565,0.002390146
ee3v5ip,sadness,sadness,0.03770003,0.014470737,0.0063055693,0.3354904,0.59273946,0.013293819
ee3vsyu,joy,joy,0.0010175268,0.0008002561,0.00050560397,0.9955284,0.00088799716,0.0012602161
ee3vw3c,sadness,sadness,0.09949506,0.02649568,0.027788986,0.012239076,0.7664005,0.06758071
ee3wney,joy,joy,0.0011203436,0.0006486846,0.0003835179,0.99519545,0.0007714378,0.0018805574
ee3xcal,joy,joy,0.0011659168,0.0005739531,0.00046102618,0.994478,0.0009202383,0.002400814
ee3y1er,joy,joy,0.0041869762,0.0013140618,0.00091524643,0.9899238,0.0013231346,0.0023368439
ee3zk80,joy,joy,0.0034436672,0.0006831088,0.00044870772,0.98622465,0.0009737633,0.008226137
ee3ztc5,anger,anger,0.74224854,0.014851335,0.006684038,0.1691946,0.05749102,0.009530547
ee404st,anger,anger,0.96726996,0.009885003,0.0013024488,0.012255462,0.0069057452,0.002381427
ee408is,joy,joy,0.0034858042,0.00087623036,0.0005046343,0.99188787,0.0016447536,0.0016007104
ee413g0,joy,joy,0.0028696607,0.0010134253,0.0006066952,0.9888776,0.0019046548,0.0047280076
ee42htv,surprise,surprise,0.040570416,0.006050638,0.0069365846,0.0042280047,0.01384435,0.92836994
ee44adg,joy,joy,0.0013878036,0.00066228735,0.00036444896,0.995408,0.0008429111,0.0013345492
ee450e4,joy,joy,0.0010390474,0.00073533587,0.0004665048,0.9942972,0.0007236435,0.0027382537
ee451wb,joy,joy,0.008365864,0.0037502656,0.0025049692,0.88187,0.00303244,0.10047652
ee48pcs,joy,joy,0.0014572538,0.0007742123,0.0004274297,0.9949491,0.00086585776,0.0015261988
ee49cxn,joy,joy,0.0016151172,0.000770036,0.00038253798,0.99481624,0.0009703604,0.0014457307
ee49pt0,anger,anger,0.7630718,0.007884852,0.0031286639,0.159958,0.012347665,0.053609155
ee4a4e1,sadness,joy,0.0023267167,0.0026673356,0.0038110667,0.9302608,0.05523312,0.005700981
ee4af85,joy,joy,0.0016129795,0.00096413324,0.0004869334,0.9931452,0.0011435893,0.0026472127
ee4aflu,joy,joy,0.0010432672,0.0007029655,0.0004363326,0.9956161,0.0008140633,0.0013873249
ee4bdl0,joy,surprise,0.0046044416,0.0031954711,0.005645834,0.03004741,0.006125331,0.9503815
ee4buzn,joy,joy,0.0012571267,0.00068299245,0.0004666961,0.99406093,0.0012767981,0.0022555415
ee4cky1,sadness,sadness,0.007055391,0.00962773,0.008461171,0.014366963,0.9537682,0.0067204693
ee4d3nz,joy,joy,0.0011154086,0.00073242775,0.00042375826,0.99568486,0.0007001764,0.0013434407
ee4ed6j,anger,joy,0.0033023402,0.00092490553,0.0006467475,0.99072903,0.0019961535,0.0024007903
ee4ehtj,joy,joy,0.0012724859,0.0007813498,0.00043727588,0.9955088,0.000738354,0.0012617607
ee4g0qt,joy,joy,0.0016025507,0.00089537614,0.00058734533,0.9873209,0.0007745329,0.00881934
ee4g8ql,surprise,surprise,0.12582393,0.011496048,0.0062034717,0.009635061,0.023171343,0.82367
ee4ggkr,joy,joy,0.0011063097,0.0007552717,0.0005338582,0.99524444,0.0008036295,0.0015564746
ee4guke,joy,joy,0.0010286511,0.00065983454,0.00037804214,0.99536186,0.00080307876,0.0017686175
ee4gx11,joy,joy,0.0010205994,0.00061651034,0.000410318,0.9952878,0.00080455974,0.001860204
ee4gz7f,joy,joy,0.001272999,0.0012998044,0.002248963,0.98217,0.0017559212,0.011252304
ee4hhym,surprise,surprise,0.005896491,0.005461696,0.0050788266,0.20881537,0.0067159957,0.7680317
ee4igo1,joy,sadness,0.0057343226,0.0077342703,0.013167507,0.047793668,0.91376257,0.0118075665
ee4jb8f,surprise,surprise,0.0075211213,0.002816781,0.003634085,0.008073784,0.0066670496,0.97128725
ee4mb11,joy,joy,0.0009966501,0.0006458554,0.00044229685,0.99535024,0.001232515,0.0013323957
ee4nck2,joy,joy,0.0012132329,0.0007074299,0.00041602436,0.99535346,0.000620544,0.0016892975
ee4ndy4,surprise,surprise,0.005815818,0.003906409,0.004661335,0.009357052,0.006641002,0.9696184
ee4no0w,surprise,anger,0.5500188,0.051106587,0.016811388,0.2328644,0.14055973,0.008639058
ee4ocki,joy,joy,0.0021606123,0.0008534441,0.00035308165,0.9938964,0.0006768944,0.0020595856
ee4pxlh,joy,joy,0.004943506,0.00091407297,0.0006630556,0.98244745,0.0031729327,0.007858965
ee4q06w,joy,joy,0.0014013854,0.00064635725,0.0004803168,0.99476373,0.0012325232,0.0014756077
ee4qhql,joy,joy,0.0011634877,0.0007605014,0.0005471875,0.9947811,0.0016533467,0.0010943066
ee4qjbh,joy,joy,0.001292075,0.000654323,0.00040241092,0.9950572,0.00089348014,0.0017005118
ee4ql31,joy,joy,0.0012414451,0.0008339919,0.00065732835,0.9919544,0.0034674401,0.0018454712
ee4qmi0,joy,joy,0.00190301,0.0014273733,0.0019409083,0.9874198,0.0022611995,0.005047755
ee4qxis,joy,joy,0.0015329993,0.0008630506,0.0006318727,0.99415743,0.0017132352,0.0011013626
ee4rq2t,sadness,sadness,0.034230683,0.037423212,0.013831593,0.0063005327,0.899679,0.008534976
ee4sfjl,surprise,surprise,0.004792187,0.0044247843,0.0050703925,0.07757691,0.005428991,0.9027068
ee4ughg,surprise,surprise,0.010270831,0.003070591,0.004476535,0.0051796287,0.005047741,0.97195464
ee4uotk,anger,anger,0.9584294,0.017742772,0.0036882213,0.011052257,0.0066774073,0.0024099231
ee4uxvi,joy,joy,0.0012097688,0.00065533526,0.0004825036,0.99538165,0.00080112345,0.0014695685
ee4wmaj,joy,joy,0.00097043155,0.0006189519,0.00044076878,0.9955117,0.000978841,0.0014792163
ee4wv63,anger,joy,0.0037551897,0.0006670388,0.00031031045,0.99191964,0.0011146726,0.0022331274
ee4x9kp,disgust,anger,0.8971531,0.06967952,0.0041802456,0.008469313,0.014118458,0.006399458
ee4ydam,joy,joy,0.0011149052,0.000677903,0.00053637516,0.9942105,0.000944975,0.0025153114
ee4z390,surprise,surprise,0.00999054,0.0026438842,0.003152822,0.05643602,0.003837963,0.92393875
ee4zyn1,joy,joy,0.0015269361,0.0007106864,0.00040118085,0.9954026,0.0007692751,0.0011893571
ee4zzfr,joy,joy,0.0010097004,0.00075129647,0.00045009295,0.99405646,0.0007049329,0.0030274452
ee50l89,joy,joy,0.009565603,0.0022980755,0.0022741577,0.8636436,0.008429517,0.1137891
ee519hh,joy,joy,0.0010777486,0.0006225552,0.00044239406,0.99327916,0.00091982563,0.0036583794
ee52bva,joy,joy,0.001057967,0.0007487374,0.00048540081,0.9950982,0.00071441557,0.0018952735
ee52hgi,sadness,joy,0.010707192,0.0064344443,0.007408522,0.7504338,0.20947488,0.015541198
ee52x7x,joy,joy,0.0011413608,0.00067378895,0.00041059335,0.9944741,0.0007543895,0.0025456895
ee53786,joy,joy,0.0010574758,0.00097518606,0.0020790314,0.9861183,0.0018289092,0.007941029
ee53bo9,joy,joy,0.0020490442,0.0009148838,0.00045322895,0.9941783,0.0009032533,0.0015012546
ee53udw,joy,joy,0.0010268418,0.0006576668,0.00038148632,0.9955237,0.00072518014,0.0016851064
ee53ybt,joy,joy,0.001164887,0.00067890674,0.0004441764,0.9952701,0.000887895,0.0015539508
ee54f7w,joy,joy,0.000999267,0.0007159899,0.00041851317,0.9952845,0.0008451442,0.0017365138
ee551s4,joy,joy,0.0016776237,0.00082941266,0.000347415,0.994651,0.00074799825,0.0017465926
ee55eu7,joy,joy,0.26854137,0.015419927,0.0075777345,0.46333888,0.23130241,0.013819584
ee55l0n,anger,anger,0.6862277,0.019140474,0.0067271036,0.14952402,0.009951823,0.12842892
ee55qb6,joy,joy,0.0013373382,0.00079732796,0.0005167868,0.9949227,0.0007152033,0.0017106717
ee55zyf,joy,joy,0.0010950492,0.0007370592,0.00041136725,0.9955117,0.00064892793,0.0015958823
ee5681g,joy,joy,0.0013283956,0.0007402475,0.00055996707,0.9937782,0.0010275304,0.0025657448
ee573ot,joy,joy,0.015076586,0.001166834,0.00040659503,0.9738851,0.0021062566,0.0073586944
ee577y4,joy,joy,0.0010469056,0.0006815564,0.0005061404,0.99468887,0.000905304,0.0021712172
ee57c4i,joy,joy,0.0011321569,0.0006890052,0.0004284751,0.9955094,0.0009147674,0.0013262258
ee58n75,surprise,surprise,0.005273303,0.0031354667,0.0045554927,0.0061822077,0.0049071517,0.9759464
ee59o0u,joy,joy,0.0009933449,0.00066693226,0.00041973597,0.99536055,0.001123905,0.0014354899
ee5aa2a,joy,joy,0.0010939968,0.0006125619,0.00039782308,0.9953283,0.0007423703,0.0018249061
ee5b5e3,anger,sadness,0.21661718,0.14844263,0.011181962,0.024611996,0.5898533,0.009292929
ee5bioh,joy,joy,0.0014900354,0.00074824324,0.00050068897,0.9947278,0.0010933869,0.00143984
ee5bq8n,anger,anger,0.44203165,0.24207115,0.039318886,0.024167944,0.22354288,0.028867438
ee5bqqq,anger,anger,0.89022243,0.05635341,0.007123178,0.008699824,0.028971875,0.008629294
ee5cn0s,joy,joy,0.0075917724,0.003232373,0.0039344225,0.95662063,0.0061110198,0.022509744
ee5e8v0,surprise,anger,0.96826136,0.012206701,0.0016084727,0.0069958037,0.004127515,0.006800126
ee5euh9,joy,joy,0.0010909054,0.0007871267,0.00046426797,0.9953845,0.0008912155,0.001381938
ee5ezci,surprise,surprise,0.018667614,0.003090916,0.0037469629,0.012221401,0.005265054,0.9570081
ee5fhjg,joy,joy,0.001121781,0.0007734986,0.0005508198,0.99328905,0.0007642371,0.003500546
ee5fqe7,joy,joy,0.0009775397,0.0007918491,0.00049157627,0.9953016,0.0012001193,0.0012372885
ee5fykb,anger,sadness,0.23752122,0.061576936,0.018825535,0.15565193,0.50641185,0.020012556
ee5gov9,joy,surprise,0.043949023,0.009519279,0.0049354904,0.030303167,0.008178564,0.9031145
ee5h8kw,anger,anger,0.87836343,0.02557497,0.0024254944,0.020782143,0.06211807,0.010735973
ee5jeoy,surprise,surprise,0.048112847,0.0051134103,0.0037806348,0.0069046817,0.010362186,0.92572623
ee5jnes,surprise,surprise,0.010532006,0.0037252312,0.0032896518,0.08063446,0.015714329,0.8861044
ee5kgax,surprise,joy,0.0021131758,0.001197919,0.0010999828,0.98036385,0.0013164694,0.013908594
ee5kokt,joy,joy,0.0013469328,0.0007354176,0.00042010445,0.9914443,0.00096831995,0.0050849933
ee5l7ju,joy,joy,0.001026805,0.0006842919,0.00045028442,0.99465334,0.0008964964,0.0022887324
ee5mbfj,surprise,surprise,0.012669404,0.0028468382,0.0036427018,0.025271405,0.0097699305,0.9457997
ee5mn54,joy,surprise,0.0055489126,0.002738772,0.004561289,0.021526836,0.007880592,0.9577436
ee5mqor,joy,joy,0.0011662319,0.0006949668,0.00046171513,0.9952283,0.0010618101,0.0013870668
ee5n06i,joy,joy,0.0013729759,0.0008074385,0.0005403218,0.9951133,0.00090026116,0.0012657074
ee5nfbq,joy,joy,0.0014849475,0.0007260304,0.00050012703,0.9939681,0.0006596076,0.0026611506
ee5nv3w,surprise,surprise,0.0038239406,0.002489831,0.005034213,0.0067856703,0.004524345,0.97734207
ee5owwz,sadness,anger,0.8610003,0.05236821,0.005415578,0.019931974,0.045280296,0.016003663
ee5phdm,joy,surprise,0.012037707,0.0044717547,0.004021094,0.15132947,0.0060543995,0.8220857
ee5po12,joy,joy,0.0016321503,0.0007772961,0.00076846743,0.9915285,0.0010649565,0.0042285244
ee5quyf,joy,joy,0.045712423,0.0053275134,0.002129182,0.9298821,0.013295204,0.0036536246
ee5qw35,joy,joy,0.0069707297,0.0017229464,0.0016414761,0.92184037,0.0054083234,0.062416118
ee5r6t1,joy,joy,0.04676605,0.0017124922,0.00084303285,0.93567467,0.0060882256,0.008915531
ee5rqyi,sadness,sadness,0.013788326,0.021034809,0.007964378,0.009146318,0.9419587,0.006107322
ee5svxf,anger,anger,0.968182,0.015859757,0.0025354142,0.004686473,0.0046225865,0.0041137063
ee5tqqq,joy,joy,0.011067745,0.0011361089,0.0006548067,0.9816412,0.0021513,0.0033487931
ee5u4io,sadness,sadness,0.008537088,0.008612053,0.008868908,0.018686438,0.948313,0.0069824685
ee5u921,joy,joy,0.0034869378,0.00087449764,0.00055569364,0.98937106,0.0036292023,0.0020827076
ee5ue95,sadness,sadness,0.0070819804,0.016744193,0.015858224,0.005844598,0.9480484,0.0064226454
ee5ulcx,joy,joy,0.0011026808,0.0007253975,0.00041426573,0.9954,0.00070373475,0.0016538942
ee5ults,joy,joy,0.0114004575,0.0016351197,0.0015248463,0.9637317,0.00790382,0.013803996
ee5uujw,fear,fear,0.06892483,0.09640452,0.6209161,0.012108598,0.10108711,0.10055881
ee5v3q7,joy,joy,0.3394377,0.02090126,0.011303325,0.36820292,0.2465408,0.013614001
ee5v8v1,joy,joy,0.0011633653,0.0008724679,0.0005165185,0.99329245,0.001000901,0.0031542587
ee5vvau,joy,joy,0.0014924958,0.0006218934,0.0003124243,0.99496067,0.0009110414,0.0017013866
ee5w3lp,joy,joy,0.0018950388,0.00076221407,0.00035544025,0.99491227,0.0008380314,0.0012368982
ee5ww5r,joy,joy,0.0011483167,0.000761015,0.00041771983,0.9953784,0.0007073036,0.0015872285
ee5xsw1,anger,anger,0.9482996,0.006359394,0.0018503425,0.021584833,0.005170232,0.016735591
ee5xtsy,surprise,anger,0.5005121,0.09455598,0.038256012,0.01020793,0.028267503,0.3282004
ee5xutm,surprise,surprise,0.005861651,0.0047489177,0.006245914,0.012437159,0.0073870486,0.96331924
ee5y5l3,joy,surprise,0.027477821,0.0054956735,0.004298715,0.12569346,0.012795994,0.8242383
ee5yzds,joy,joy,0.0011330851,0.00063555624,0.00043292897,0.99550974,0.00094507367,0.0013435857
ee5zr74,joy,joy,0.0011179106,0.00066689414,0.00043648796,0.99546355,0.0007431332,0.0015719915
ee5zv1r,joy,joy,0.0011669118,0.000617715,0.00045531578,0.99412704,0.0009042268,0.0027286995
ee60jtu,joy,joy,0.0011422202,0.0007759442,0.00046466055,0.9955244,0.0006597828,0.001432998
ee61x8k,surprise,joy,0.0022830877,0.0016521811,0.0017096031,0.9399483,0.0021193759,0.052287493
ee626do,joy,joy,0.015236618,0.0023673545,0.0026955635,0.9670475,0.005004845,0.0076481625
ee62y6x,joy,joy,0.00091589504,0.0006689727,0.000428883,0.9949929,0.00083840545,0.0021549321
ee62ydl,sadness,sadness,0.0057855966,0.007689674,0.011199639,0.03031362,0.9368074,0.008204093
ee637s8,anger,anger,0.6502597,0.022248147,0.0029924351,0.30443788,0.01372521,0.0063365865
ee6386k,joy,joy,0.0011490039,0.00082706305,0.00049444416,0.99502325,0.00080694555,0.0016993278
ee63efc,sadness,anger,0.9453866,0.024278007,0.002252875,0.011541745,0.012065691,0.0044752075
ee64day,sadness,sadness,0.005116109,0.009973393,0.01185883,0.010277909,0.9557812,0.0069924975
ee64dbh,joy,joy,0.0012563826,0.0010731757,0.00070815015,0.9936714,0.001007928,0.0022828823
ee64ows,joy,joy,0.0018720988,0.0007078047,0.00031993646,0.9932213,0.00078185427,0.0030970483
ee64tf4,joy,joy,0.0010885288,0.00074596266,0.00060904137,0.99355984,0.0020455534,0.0019510116
ee67en8,joy,joy,0.0011884392,0.00072852225,0.0004151254,0.9952726,0.0007800902,0.0016151817
ee685ge,surprise,surprise,0.0039583007,0.002644885,0.0044655385,0.006994483,0.004385102,0.97755176
ee68wff,joy,joy,0.0013168539,0.00053678034,0.00033533742,0.9947419,0.0009209207,0.0021482212
ee692im,joy,joy,0.0028437865,0.00070510793,0.0005646577,0.9915554,0.002705209,0.001625897
ee69phf,anger,anger,0.9735562,0.011924232,0.0020272858,0.006336513,0.004310137,0.0018456208
ee69wkr,anger,anger,0.97356385,0.0058866274,0.0013864547,0.013193986,0.003522262,0.0024468345
ee6b1bw,joy,joy,0.014930711,0.009870828,0.009928881,0.9462435,0.0132083,0.0058177738
ee6bjs8,joy,joy,0.0012439644,0.0006837252,0.00041595186,0.9948726,0.0006287917,0.0021548609
ee6c291,disgust,anger,0.35207117,0.2963376,0.1765818,0.031714763,0.117673114,0.025621563
ee6c7t8,sadness,anger,0.5114588,0.017103368,0.024091369,0.12415534,0.11077811,0.21241294
ee6c8k2,surprise,joy,0.014272896,0.0042537577,0.005127702,0.58173037,0.0073559633,0.3872593
ee6co25,anger,anger,0.94455713,0.009546222,0.0018592834,0.025865067,0.015057137,0.0031152554
ee6dv3m,surprise,joy,0.007106613,0.0020580452,0.0016714078,0.9732914,0.0048688664,0.01100357
ee6ecmr,joy,joy,0.0046912497,0.0016983256,0.0018847901,0.92855793,0.0018313621,0.061336335
ee6eyoy,sadness,sadness,0.010795409,0.009314343,0.00879917,0.039679375,0.91833586,0.0130758
ee6f4rc,joy,joy,0.0011001816,0.0007273657,0.00044119908,0.9955114,0.00082880905,0.0013911354
ee6fojd,joy,joy,0.0013156894,0.00062676147,0.00036991187,0.9955531,0.0007820414,0.0013524137
ee6g0gu,joy,joy,0.0010593007,0.0006717742,0.0005278164,0.9944739,0.0017860677,0.0014810517
ee6gjec,joy,joy,0.0015541269,0.0012083537,0.0013931057,0.9871235,0.0031569502,0.0055638654
ee6hcv6,joy,joy,0.00093233626,0.0007104315,0.0005132416,0.99513334,0.0012840009,0.001426669
ee6hoqy,joy,joy,0.0011326437,0.00077242655,0.00067729934,0.99276453,0.0011593798,0.0034937677
ee6iekm,joy,joy,0.0015823058,0.0006334008,0.0005388892,0.98794484,0.0009185497,0.0083820205
ee6iolx,sadness,sadness,0.008942534,0.010849377,0.01681946,0.023258196,0.93380433,0.006326057
ee6jp9c,joy,joy,0.0010343831,0.0006950659,0.00038210818,0.995551,0.0007871822,0.0015503434
ee6kv7j,joy,joy,0.0052969824,0.0014338616,0.00087026344,0.96151423,0.0016358653,0.029248845
ee6kw3l,joy,joy,0.0013752712,0.0006937569,0.0004828347,0.9937557,0.0013346153,0.002357787
ee6kxgs,joy,joy,0.0010991942,0.0007227984,0.0003728026,0.99549556,0.0007802538,0.0015293718
ee6m5ue,joy,joy,0.004264075,0.0008462529,0.0007873705,0.9888747,0.0016507497,0.0035768156
ee6mtyn,joy,joy,0.0019463579,0.0009511508,0.00043281447,0.9945344,0.00085869397,0.0012767066
ee6ngi0,joy,joy,0.0016764355,0.00070803176,0.00042780788,0.9949261,0.00085116155,0.001410454
ee6nmnj,surprise,surprise,0.012445316,0.003303143,0.0037868083,0.005704767,0.0052473443,0.9695126
ee6nuu3,sadness,sadness,0.013773395,0.032846425,0.020567363,0.0374763,0.8884902,0.0068463525
ee6o8y9,anger,anger,0.8477204,0.009224168,0.0025813826,0.12576868,0.008996118,0.005709281
ee6oz9w,joy,joy,0.0011029632,0.0007029926,0.0005345202,0.994816,0.0011801582,0.0016634201
ee6pc5x,joy,joy,0.002273147,0.00074224954,0.00046235658,0.9935675,0.0009292372,0.0020255335
ee6q36p,anger,joy,0.4344896,0.008293601,0.0024468622,0.5394696,0.0099088885,0.0053914017
ee6qbjy,joy,joy,0.001529216,0.0006600167,0.00039556972,0.9944523,0.0008566589,0.002106159
ee6qy6d,joy,surprise,0.0058018635,0.0052171824,0.009461545,0.39123723,0.012561419,0.5757208
ee6rbom,joy,joy,0.0012651628,0.00070812396,0.0003729217,0.99521834,0.0008632628,0.0015721776
ee6rdzz,surprise,surprise,0.0092293285,0.00451579,0.004028472,0.339129,0.0060059186,0.6370915
ee6reay,joy,joy,0.0017973486,0.0009893492,0.000855147,0.98109645,0.0012033732,0.014058322
ee6s854,sadness,sadness,0.017392652,0.01746663,0.009316766,0.055197608,0.8952284,0.0053980323
ee6sfmc,joy,sadness,0.2319674,0.018392451,0.0067669037,0.32170704,0.3504405,0.07072563
ee6sids,sadness,sadness,0.016674627,0.011019114,0.008033524,0.09059973,0.8672244,0.0064485525
ee6t2fn,joy,joy,0.0013948993,0.0007304398,0.00069544784,0.99260265,0.0019244424,0.0026521669
ee6tfta,surprise,surprise,0.0065303505,0.0026765652,0.0027115878,0.048054352,0.004675273,0.93535197
ee6tkkl,joy,sadness,0.06595468,0.01925987,0.014265439,0.11619126,0.7672775,0.01705136
ee6u760,joy,joy,0.0015948942,0.0006985258,0.00053178734,0.99152994,0.0008466269,0.0047982866
ee6uw7u,sadness,fear,0.038568705,0.18310405,0.4585019,0.008707701,0.28386116,0.027256437
ee6uwun,joy,joy,0.28725058,0.004151225,0.0025718554,0.65334797,0.009707108,0.042971298
ee6v0jo,anger,surprise,0.13101949,0.007175395,0.008588982,0.058066946,0.01515197,0.77999717
ee6x67x,joy,joy,0.0011746499,0.00064022647,0.00045662097,0.9950656,0.00088502455,0.0017778762
ee6ypwf,joy,joy,0.0011071535,0.00069029856,0.0005495976,0.99140465,0.0011778078,0.0050704465
ee6zgw3,joy,joy,0.0011752388,0.0006799361,0.0003571845,0.9954823,0.000710499,0.0015948113
ee6zmsb,joy,joy,0.0009718223,0.0006950662,0.00063220557,0.9948671,0.0009782462,0.001855564
ee6zt6b,joy,joy,0.000982402,0.00074328185,0.0005255118,0.99512535,0.0011298135,0.0014936983
ee70evs,surprise,anger,0.7819064,0.022664484,0.004248488,0.022131499,0.029150916,0.13989818
ee71ihk,joy,joy,0.0014470719,0.0006828248,0.00044198698,0.9951349,0.00079930486,0.0014938957
ee71ile,joy,joy,0.0011329575,0.0007869773,0.00068170135,0.99377763,0.002088313,0.0015323552
ee72e55,joy,joy,0.0010376291,0.00062929053,0.000412403,0.99465215,0.0007799683,0.002488559
ee73d7q,joy,joy,0.0009427889,0.0006638851,0.00045227117,0.9953402,0.0010994503,0.0015014182
ee73r6l,joy,joy,0.001213838,0.0008030489,0.00042445044,0.99524707,0.0008150443,0.0014966417
ee73v9y,anger,anger,0.9676798,0.0068044853,0.001423165,0.013592006,0.006378496,0.0041220784
ee750rr,joy,joy,0.0013251137,0.0006929885,0.00040745977,0.9952077,0.00092733436,0.0014394566
ee75985,joy,sadness,0.032053534,0.01653223,0.0060057393,0.01812378,0.9198369,0.007447866
ee75eyj,anger,anger,0.6666816,0.019259224,0.012622133,0.19246751,0.076474525,0.032494944
ee75h2b,surprise,surprise,0.006852041,0.004128215,0.003773156,0.23271431,0.0058953604,0.7466369
ee75ixt,joy,joy,0.0012432985,0.0006067162,0.0003980995,0.99541986,0.0009134028,0.0014186673
ee75qyl,anger,surprise,0.036458425,0.004781144,0.0034651242,0.009520417,0.008294224,0.9374807
ee75uj1,anger,anger,0.96771616,0.016641364,0.0020177218,0.006209641,0.005017319,0.0023977188
ee777bm,joy,joy,0.03625378,0.0040599136,0.0045203106,0.78460073,0.015783604,0.15478165
ee7792k,surprise,surprise,0.03689092,0.005971636,0.0045744353,0.005527363,0.01193228,0.9351033
ee77v99,joy,joy,0.0014471317,0.00065541005,0.0005683738,0.989687,0.0008158053,0.006826326
ee78esm,joy,joy,0.0044097523,0.0035677804,0.0032466273,0.75080127,0.005141436,0.23283313
ee78f9q,anger,anger,0.7157796,0.0377023,0.0061379555,0.022347389,0.07523185,0.14280087
ee78swv,surprise,surprise,0.013267613,0.029981662,0.13417257,0.018937415,0.030549841,0.77309084
ee797hw,surprise,surprise,0.012597242,0.005539674,0.010274355,0.014131989,0.008864378,0.94859236
ee79l4e,sadness,anger,0.50866747,0.02950694,0.004659591,0.038435213,0.38649946,0.03223132
ee7cppv,joy,anger,0.45715582,0.05750073,0.018321203,0.11708195,0.27844238,0.07149789
ee7d19b,surprise,surprise,0.004295759,0.0046838494,0.007467021,0.013693476,0.006153986,0.9637059
ee7d669,joy,joy,0.0034636653,0.0036859978,0.0064514545,0.67927194,0.009214876,0.2979121
ee7dht3,surprise,anger,0.5999846,0.031414513,0.016113216,0.0059632263,0.026880873,0.3196435
ee7dnuy,joy,joy,0.0028174217,0.0007813702,0.00034482687,0.99355525,0.0011048096,0.0013962426
ee7dwea,anger,anger,0.9492641,0.0070081674,0.0020078467,0.03038779,0.008324981,0.003007072
ee7e2vn,joy,joy,0.0011128107,0.000702095,0.00045252588,0.9954033,0.0007727698,0.0015564958
ee7e6qh,joy,joy,0.0009880649,0.00067005784,0.00043978266,0.9953759,0.00089464505,0.0016315359
ee7efis,sadness,anger,0.81774557,0.015878752,0.00721277,0.0718418,0.07334676,0.013974315
ee7enmo,anger,anger,0.9682445,0.017011648,0.0023025207,0.0047317483,0.0054722615,0.0022374038
ee7fboh,joy,joy,0.0011290524,0.0006528618,0.00044682645,0.9954769,0.0007637966,0.0015305199
ee7g9pz,joy,joy,0.0010206756,0.0006376894,0.0004949202,0.99464804,0.00143082,0.0017678702
ee7gc2u,sadness,sadness,0.0060607614,0.009598863,0.009091392,0.010552071,0.9571048,0.007592189
ee7hqj0,joy,joy,0.0013487592,0.00066728226,0.0005005486,0.99520206,0.00082101,0.0014603195
ee7hqvo,surprise,surprise,0.058215417,0.008383699,0.010535731,0.0061897016,0.009168534,0.907507
ee7ivzg,fear,fear,0.034558542,0.061410513,0.8085435,0.012238876,0.03587345,0.047375143
ee7jm7p,joy,joy,0.004954791,0.00074625737,0.00046648423,0.9845451,0.0011709202,0.008116434
ee7kp88,joy,joy,0.0023466803,0.0015087647,0.0009153735,0.9693402,0.0018069744,0.024082053
ee7ld0e,sadness,sadness,0.043657027,0.04124596,0.034151368,0.009358838,0.8628972,0.008689562
ee7lw05,anger,joy,0.027415054,0.002915592,0.0020541933,0.81764305,0.007193406,0.14277872
ee7m91r,joy,joy,0.0019224561,0.001009068,0.0005180891,0.99394083,0.0011137814,0.0014957483
ee7o094,joy,joy,0.0013963714,0.00086154055,0.0004662226,0.9904221,0.00085328874,0.006000397
ee7om6v,surprise,joy,0.001245559,0.00076342415,0.0007959301,0.9858517,0.0016000044,0.009743508
ee7s0nr,anger,anger,0.9154053,0.018021727,0.002911769,0.031387422,0.027687576,0.0045862915
ee7s2l9,joy,anger,0.7829661,0.047527313,0.0079768635,0.059975326,0.08699178,0.014562664
ee7tplo,joy,joy,0.0011628352,0.00068550673,0.00041928652,0.99456173,0.00072552037,0.0024451343
ee7u9wl,anger,anger,0.74698156,0.12868033,0.023277994,0.007900747,0.07145901,0.021700367
ee7upsq,anger,joy,0.0037804407,0.0012857103,0.00080056395,0.98641413,0.0013057224,0.0064133005
ee7v8oj,joy,anger,0.66417044,0.023379644,0.007540333,0.25112507,0.046615534,0.0071689812
ee7vbi1,joy,joy,0.007466109,0.0015815711,0.0015066807,0.92512,0.0029601408,0.061365444
ee7w102,joy,joy,0.0011240409,0.00074349507,0.0006507029,0.9943861,0.0017967304,0.0012989935
ee7wkaw,anger,anger,0.80009556,0.012574756,0.0031792808,0.06353195,0.052709013,0.06790949
ee7wqoz,joy,joy,0.0014272954,0.0008422067,0.0004435251,0.995053,0.00087736564,0.0013566897
ee7x0ql,joy,joy,0.0013774526,0.00063816004,0.0003290221,0.9950653,0.0009167022,0.0016733625
ee7xatm,joy,joy,0.004418043,0.001488472,0.00093327585,0.98988605,0.0012765964,0.0019975316
ee7xwpj,joy,joy,0.0015297367,0.0008813817,0.000622648,0.9899275,0.0012238991,0.0058148312
ee7y7wc,joy,joy,0.0010805778,0.0006426641,0.00039111663,0.99529797,0.00078343746,0.0018042163
ee7yrmq,joy,joy,0.001308695,0.00071612425,0.00036814203,0.9952808,0.00088834204,0.0014379577
ee7zchq,fear,fear,0.021494761,0.029958028,0.83086216,0.012481582,0.039647497,0.06555592
ee7zn8o,joy,joy,0.0019936417,0.0013123743,0.0011490465,0.9908131,0.0031862136,0.0015456678
ee81gi9,anger,anger,0.94919,0.0115653975,0.0020972388,0.009596779,0.016985642,0.010564973
ee81r2j,joy,joy,0.004095346,0.0014617133,0.0019168496,0.9818076,0.0031539889,0.007564532
ee824sf,surprise,surprise,0.06938518,0.006666511,0.005772733,0.013901325,0.007154786,0.89711946
ee826u2,anger,anger,0.97737384,0.008812902,0.0019017513,0.0045200437,0.00415385,0.0032376575
ee82i41,joy,joy,0.0012226535,0.0006805319,0.0003375845,0.9937118,0.0011070373,0.0029404345
ee82uiv,joy,joy,0.0014711635,0.0007276668,0.00037616302,0.9944727,0.0012431443,0.0017091709
ee83rob,joy,joy,0.0010113255,0.00087448047,0.00096290646,0.99289703,0.00096756796,0.0032867175
ee84r5d,joy,joy,0.005073328,0.0052818023,0.008996489,0.66725117,0.30144385,0.011953432
ee85dxp,surprise,surprise,0.016823845,0.0039226343,0.0042860173,0.0048401915,0.007038771,0.9630884
ee86a8q,surprise,surprise,0.024040448,0.0048757535,0.0058936584,0.0047344095,0.0068536457,0.95360214
ee87dvk,sadness,sadness,0.0904874,0.018482976,0.014523033,0.0821997,0.77062804,0.023678957
ee88i90,surprise,surprise,0.0059982715,0.002255261,0.003508817,0.007181008,0.004840053,0.9762166
ee89gdw,surprise,surprise,0.0078817215,0.0031101366,0.0036037313,0.0066547007,0.004970278,0.9737794
ee89kuj,joy,surprise,0.006907885,0.0033492022,0.004703583,0.021874713,0.006891244,0.9562734
ee89vzw,joy,joy,0.0021997665,0.00092287106,0.0005406604,0.9912006,0.002795571,0.002340425
ee8a1uj,joy,joy,0.0048503866,0.0036481868,0.007278991,0.9044017,0.052312862,0.02750787
ee8aeqe,anger,anger,0.44039375,0.088938855,0.010991731,0.020732576,0.384768,0.05417506
ee8ao8i,joy,joy,0.0012290902,0.000549756,0.0003813896,0.9943481,0.00086391857,0.0026276924
ee8ctxm,joy,joy,0.008493208,0.006763689,0.083864704,0.7694922,0.038572125,0.09281401
ee8d9h8,joy,joy,0.0011522325,0.0006846569,0.0004401096,0.9951853,0.00074055156,0.0017972224
ee8e3t3,joy,anger,0.6095108,0.013529708,0.0056885923,0.30571738,0.049766287,0.015787328
ee8e41n,anger,anger,0.8834283,0.037422583,0.0028877049,0.015179485,0.058560167,0.0025218744
ee8ektp,joy,joy,0.0010668765,0.0007109519,0.00039751682,0.99550915,0.0008082505,0.0015072974
ee8epca,anger,anger,0.9146865,0.0071530077,0.001344602,0.059233338,0.01140805,0.006174669
ee8g5g2,sadness,joy,0.0019260533,0.0007352862,0.00038539106,0.9944833,0.0012736178,0.0011962896
ee8gra9,sadness,sadness,0.027405137,0.015340001,0.026486523,0.32148063,0.5033255,0.10596218
ee8h54x,sadness,sadness,0.011100169,0.010439877,0.009610138,0.22317125,0.7336876,0.011991058
ee8hh91,joy,joy,0.0059761605,0.0012708035,0.00067737343,0.9876873,0.0023853483,0.002003012
ee8hwzz,anger,anger,0.75889397,0.016958108,0.009356363,0.153291,0.022970678,0.038529854
ee8hxvc,joy,joy,0.001223832,0.00062422006,0.0004369967,0.99451363,0.0010514846,0.0021499004
ee8jpwz,anger,anger,0.6244637,0.008271317,0.0066068373,0.3328572,0.012920376,0.014880598
ee8l22v,surprise,joy,0.06068947,0.0025904335,0.0011573926,0.92184925,0.008278063,0.005435408
ee8liqi,joy,joy,0.0011430607,0.00070240494,0.00041307797,0.9956585,0.00078361743,0.0012993613
ee8mjqp,sadness,sadness,0.005496142,0.009217341,0.01030398,0.024343392,0.9439795,0.0066595604
ee8mzwa,sadness,sadness,0.0066545475,0.008723325,0.01580039,0.03575405,0.92447156,0.0085960515
ee8ncv9,fear,fear,0.017530506,0.038237732,0.73427737,0.02696085,0.10098805,0.082005486
ee8oif5,joy,joy,0.0012968247,0.0008000996,0.0003945935,0.99532807,0.0007811067,0.0013993739
ee8op9a,anger,anger,0.89273286,0.029078055,0.002740641,0.036206715,0.036010686,0.003231057
ee8pd9h,anger,anger,0.89757735,0.038405996,0.006997569,0.006819209,0.042243063,0.007956801
ee8pfu0,joy,joy,0.001149623,0.0009580379,0.00066908775,0.98686606,0.0013750246,0.008982176
ee8psgw,joy,anger,0.79589057,0.049994983,0.009211771,0.024375336,0.09277736,0.027749958
ee8qzt8,joy,joy,0.0026062015,0.0008051499,0.00044642822,0.99371463,0.001094952,0.0013325833
ee8r8kp,sadness,joy,0.0066030873,0.003037876,0.0017372845,0.92568,0.05856238,0.004379355
ee8rdzm,surprise,surprise,0.010233598,0.0056622974,0.013913863,0.004021041,0.009161094,0.95700806
ee8rocj,joy,joy,0.0024060523,0.00060620334,0.00031625028,0.9928678,0.0014781283,0.002325603
ee8sf20,joy,joy,0.0027830459,0.0018079686,0.0029863205,0.9486337,0.0068256943,0.03696335
ee8sgaw,sadness,surprise,0.02591442,0.013335355,0.018611645,0.007758555,0.014630073,0.91975
ee8u5gg,joy,joy,0.0010986392,0.0007538221,0.0006611459,0.9935777,0.0013052252,0.0026034925
ee8upyi,sadness,surprise,0.012495078,0.004768623,0.009897938,0.03502747,0.032765213,0.9050456
ee8vkuw,joy,joy,0.0009609593,0.0006699936,0.0005081538,0.9951309,0.0010977765,0.0016322726
ee8vuxa,surprise,surprise,0.012323445,0.0044123284,0.006108112,0.07027284,0.02224022,0.884643
ee8wf77,anger,anger,0.8987463,0.06930828,0.0051958477,0.008299189,0.013726795,0.004723604
ee8wv5f,joy,joy,0.0010309074,0.00073354726,0.000662487,0.9944455,0.00072473433,0.0024028257
ee8wzl3,joy,joy,0.0011964033,0.0007192464,0.0004979849,0.99515283,0.0008815997,0.0015518945
ee8x4ik,joy,joy,0.00231851,0.0009136636,0.00061841524,0.992804,0.0009686493,0.002376696
ee8xbkr,joy,joy,0.035579246,0.0054051396,0.011428819,0.90229636,0.027775852,0.017514482
ee8xseg,joy,joy,0.001737397,0.00082405674,0.0004363613,0.99461055,0.0011593057,0.0012323639
ee8y5rz,surprise,surprise,0.016741134,0.016793946,0.05586367,0.05082081,0.018521436,0.841259
ee8zei1,surprise,sadness,0.10495575,0.021154877,0.03961403,0.048112873,0.5458173,0.24034512
ee8zqz8,joy,joy,0.002416982,0.0006721607,0.00033510724,0.99389476,0.00082325994,0.0018577493
ee90qo7,sadness,sadness,0.009410368,0.017904248,0.009334243,0.006956796,0.9494243,0.0069700847
ee90ubq,surprise,surprise,0.007224887,0.0027409561,0.0035224257,0.0068665035,0.004131289,0.97551394
ee91aqe,joy,joy,0.016676066,0.004170999,0.007320777,0.9241436,0.0040288265,0.043659616
ee91ixu,joy,joy,0.0013392329,0.00079329143,0.00040814097,0.99480695,0.0009076978,0.0017446022
ee91zfs,fear,sadness,0.20557235,0.072670475,0.13348249,0.034069095,0.33928892,0.21491663
ee91zq8,joy,joy,0.00097159046,0.0006776251,0.00044647878,0.9953111,0.00080543844,0.001787867
ee9429f,joy,joy,0.002196572,0.0022439172,0.0062886793,0.94307536,0.0278146,0.018380933
ee94bom,joy,joy,0.0012083338,0.00087567314,0.0004932699,0.994808,0.00095608586,0.0016586545
ee94zml,anger,anger,0.9571745,0.017248852,0.0031280927,0.009724146,0.009666151,0.0030583506
ee95h38,sadness,sadness,0.015645498,0.010210065,0.010893432,0.022773558,0.8824791,0.057998333
ee96qlb,joy,joy,0.0016466823,0.000746208,0.00031857856,0.9941691,0.00084398297,0.002275455
ee970tf,surprise,surprise,0.04544938,0.0034285258,0.004030198,0.06485359,0.009482791,0.87275547
ee98a8h,sadness,sadness,0.10500539,0.086486116,0.1256952,0.014383422,0.64419097,0.024238912
ee98kx8,sadness,joy,0.0036594714,0.001292426,0.0006728379,0.9836475,0.0056550936,0.005072675
ee98y4o,joy,joy,0.0013412677,0.0008824556,0.0006144717,0.99380565,0.0016554393,0.0017007265
ee99ewo,joy,joy,0.0011639987,0.0006304206,0.0004261069,0.99554586,0.0007575115,0.0014760752
ee99nnz,anger,anger,0.73793954,0.023146259,0.0052754506,0.07208775,0.14629789,0.01525318
ee99pw8,joy,joy,0.0012868007,0.00072435586,0.00057350274,0.99430346,0.00073250546,0.002379373
ee9a8m7,disgust,anger,0.9634561,0.01356433,0.0020040309,0.0130747855,0.006230505,0.0016701897
ee9ahmd,joy,joy,0.0019768437,0.0006295819,0.0004819881,0.9907828,0.0018527044,0.004276093
ee9ay3i,joy,joy,0.0033567017,0.0010734532,0.0011327442,0.9716043,0.0065891165,0.016243627
ee9b3g2,joy,joy,0.0011848405,0.00097372517,0.000728984,0.99378526,0.0017707302,0.0015563632
ee9bqqa,joy,joy,0.0009518895,0.000638125,0.0004685539,0.9950956,0.0010597683,0.0017860614
ee9cc2m,joy,joy,0.0018376118,0.00066695834,0.00038569237,0.9936718,0.0010081212,0.0024298292
ee9di8a,joy,joy,0.0013290015,0.0007220765,0.00040505378,0.9922916,0.00076557306,0.004486672
ee9djg0,anger,anger,0.5368885,0.03135597,0.012819979,0.05819004,0.34846014,0.012285374
ee9e4sa,joy,joy,0.0010178798,0.0010252373,0.00080651656,0.9928752,0.001241055,0.0030341018
ee9ef98,sadness,sadness,0.054788023,0.022445599,0.007010112,0.013127806,0.89028263,0.012345918
ee9elib,joy,joy,0.0009584477,0.00064299355,0.0004219296,0.99503016,0.00090135686,0.0020451038
ee9f7rx,joy,joy,0.0013894371,0.00059755123,0.0003336998,0.9945464,0.0007196463,0.0024132733
ee9frq0,anger,anger,0.8399101,0.012358182,0.0025315986,0.13418956,0.006695207,0.0043154247
ee9g7sg,joy,joy,0.0012703722,0.0007188691,0.0004626563,0.9944482,0.0007593628,0.0023406334
ee9ibtm,joy,joy,0.0011284406,0.0007470069,0.00037047776,0.9951951,0.0007880194,0.0017709616
ee9igeg,joy,joy,0.0012170514,0.0006664307,0.00039536558,0.9954171,0.00089464587,0.0014092989
ee9j7vh,joy,joy,0.005699555,0.0024840848,0.0019148174,0.8630812,0.003593369,0.123226985
ee9jcre,joy,sadness,0.069228515,0.021945799,0.017380925,0.14000969,0.69225776,0.059177283
ee9m463,joy,joy,0.0027939433,0.0010099094,0.0010237233,0.96514267,0.0028997678,0.027129984
ee9npdt,joy,joy,0.0009892767,0.000664182,0.00043127063,0.9955071,0.0008168975,0.0015911865
ee9opsr,anger,joy,0.0018447324,0.0007843961,0.00050549646,0.9934603,0.0011971053,0.002207941
ee9ovup,anger,anger,0.92553806,0.013129588,0.0019126926,0.04619991,0.0077658594,0.0054538334
ee9qtgy,surprise,surprise,0.007630718,0.0048750085,0.0036316477,0.09306066,0.0067105917,0.8840914
ee9qw5n,joy,joy,0.0019583087,0.00078210485,0.0004491782,0.99366754,0.0014702269,0.0016725935
ee9r6hp,joy,joy,0.0012287345,0.0007384746,0.00045057488,0.9948959,0.00096242473,0.0017238779
ee9r8zm,surprise,sadness,0.027759815,0.02221268,0.03986139,0.11216689,0.6307692,0.16723004
ee9sbwt,joy,joy,0.0009428515,0.00067872513,0.00047870894,0.99538773,0.00076451636,0.0017475171
ee9si6b,joy,joy,0.0011329148,0.00068569847,0.00042877742,0.9948679,0.00066113245,0.0022235392
ee9tlxw,joy,joy,0.0019142737,0.00091139396,0.00045754245,0.99149066,0.0007152126,0.0045108562
ee9tqp8,fear,joy,0.011067909,0.0031355622,0.009239545,0.9035101,0.011085292,0.06196154
ee9u4ur,disgust,anger,0.8362443,0.10156236,0.0064243306,0.008269373,0.037268665,0.010230979
ee9uru6,joy,joy,0.0011000265,0.0007006269,0.00038767804,0.99518967,0.00074184977,0.0018801459
ee9uxjt,surprise,surprise,0.13372876,0.006806857,0.0065635783,0.015237981,0.015863514,0.82179934
ee9vz6s,joy,joy,0.10106134,0.00918567,0.0051466874,0.6516051,0.21289764,0.02010354
ee9wu3p,sadness,joy,0.0026483934,0.0011592947,0.00065195095,0.98380524,0.007884696,0.0038504894
ee9wvg6,joy,joy,0.0010608573,0.0006868484,0.00039247473,0.995415,0.0010098536,0.0014349853
ee9x3y1,surprise,surprise,0.010085248,0.0034494475,0.0068876897,0.0049191434,0.009035251,0.9656232
ee9x4rt,joy,joy,0.0015364118,0.0007521206,0.00048189732,0.99439263,0.0015315046,0.0013053523
ee9xsp5,joy,sadness,0.11401206,0.014215616,0.011448367,0.25564808,0.5542603,0.050415512
ee9y74i,joy,anger,0.6013389,0.009264782,0.005791472,0.06911355,0.033406153,0.28108516
ee9zczw,joy,joy,0.001623738,0.00079139427,0.0004410378,0.99442166,0.0010447162,0.001677404
eea0gwy,joy,joy,0.0009921744,0.00072883524,0.00070482225,0.9935754,0.0019432019,0.0020555567
eea0o8n,joy,joy,0.0028084647,0.0014501443,0.0010563192,0.9660749,0.0013135546,0.02729671
eea12kb,joy,joy,0.0014488037,0.00077443995,0.00042083173,0.9952598,0.0007706299,0.0013253852
eea150z,joy,surprise,0.008438774,0.0027786647,0.0031323887,0.016899493,0.009193393,0.9595573
eea1uok,joy,joy,0.0011185927,0.0006697613,0.00043353665,0.995559,0.0006949356,0.0015241002
eea20ti,surprise,surprise,0.014789491,0.004225715,0.0037814616,0.009603266,0.0062820693,0.961318
eea2kfj,joy,joy,0.0023009626,0.0009925853,0.000581623,0.9835475,0.0013266822,0.011250529
eea2snu,sadness,sadness,0.016894147,0.01546858,0.032674953,0.006311119,0.86839664,0.0602546
eea2sxy,joy,anger,0.71290183,0.14371786,0.060461964,0.020098494,0.045966994,0.016852805
eea3s1g,anger,surprise,0.025473109,0.0036717195,0.0038326662,0.0217921,0.010859231,0.9343712
eea5zbm,joy,joy,0.005440372,0.0009938794,0.00057467865,0.98909354,0.0017507038,0.00214685
eea62vt,joy,anger,0.5726511,0.03269689,0.007735609,0.08038607,0.29975486,0.0067754765
eea69xu,joy,joy,0.00117684,0.00065330334,0.00033989956,0.99521154,0.0009247921,0.001693544
eea6qit,surprise,joy,0.008796724,0.0022114431,0.002512304,0.9244459,0.0042259637,0.057807643
eea6rlg,joy,joy,0.0011102395,0.0006956073,0.000426622,0.9952618,0.0006598343,0.0018458477
eea868e,joy,joy,0.279084,0.0075687566,0.0036720156,0.6673537,0.01535795,0.026963577
eea8gqa,joy,joy,0.0012830382,0.00062261143,0.00034616355,0.9950205,0.00062689086,0.002100827
eea9ey0,joy,fear,0.13077766,0.19126832,0.30067012,0.056558244,0.23417547,0.08655022
eea9ja4,joy,joy,0.0027782165,0.0010148807,0.0005153036,0.98644954,0.0008527582,0.0083893025
eeaa5lj,joy,joy,0.00094775076,0.0006531368,0.00039554952,0.99547184,0.0010702871,0.0014614098
eeaa7rk,joy,joy,0.17406128,0.014552336,0.014192876,0.5214709,0.24243008,0.03329251
eeaabmq,joy,joy,0.0010968823,0.00065376394,0.00039230287,0.99508107,0.0009986132,0.0017774128
eeaanku,joy,joy,0.0013234866,0.0006777369,0.00037134526,0.99511397,0.0006678499,0.0018455663
eeabhw4,surprise,surprise,0.020585971,0.0053225835,0.0061572953,0.0048826486,0.012321276,0.95073026
eeabte6,surprise,surprise,0.0051324465,0.00301194,0.0052258545,0.007369837,0.0069474424,0.97231257
eeacsmc,surprise,joy,0.0058319853,0.0041534826,0.004385235,0.57899237,0.0054238364,0.40121305
eeacv2w,surprise,surprise,0.0035885482,0.0026240614,0.0051454813,0.009725436,0.0043493486,0.9745671
eeadak7,joy,joy,0.0011081977,0.00080798875,0.0006158255,0.9947103,0.0013172624,0.0014404245
eeadguz,joy,joy,0.002804417,0.0007107036,0.00037914998,0.9936318,0.0010980736,0.0013759648
eeadlfa,anger,anger,0.54614913,0.1495803,0.0268193,0.0103043765,0.22226919,0.0448777
eeadlod,surprise,surprise,0.0067586275,0.003105602,0.0040429053,0.005066549,0.005084304,0.975942
eeadrd2,joy,joy,0.06468846,0.010614913,0.0018826779,0.9112667,0.0056761806,0.0058711055
eeaejg8,joy,joy,0.0010958156,0.00066523894,0.0004174484,0.994873,0.001015187,0.0019333406
eeaf3a3,joy,joy,0.0021634337,0.0010304274,0.0005324887,0.9933576,0.0010606166,0.0018553504
eeafe7n,surprise,surprise,0.0915199,0.008086215,0.0079207895,0.0662004,0.02264968,0.80362296
eeag7tf,joy,joy,0.0034012382,0.0012654114,0.0009943198,0.9882351,0.0016061509,0.0044978736
eeah80k,joy,joy,0.0013026986,0.00074295077,0.0004278651,0.9940392,0.0017618706,0.0017255287
eeaicf0,joy,joy,0.0012446673,0.0006908408,0.00054902316,0.9949968,0.0012570448,0.00126165
eeajex2,surprise,surprise,0.17190444,0.0129457805,0.0065429383,0.009345756,0.01617682,0.7830843
eeamghf,anger,joy,0.06298136,0.0036937853,0.0016452941,0.91938406,0.0075046592,0.0047908765
eeamrpz,joy,joy,0.00096333324,0.000674145,0.00043800464,0.9954391,0.0011063451,0.0013791211
eeams2a,joy,joy,0.0016440186,0.00091919524,0.0008260998,0.993255,0.0010454115,0.0023102318
eeamz4s,disgust,anger,0.83176273,0.08631988,0.008035546,0.012939885,0.048659947,0.012282005
eeap1l7,joy,joy,0.0014067945,0.0008351608,0.0004151461,0.9952918,0.0008183959,0.0012325924
eeapa5m,surprise,joy,0.0022958466,0.0009311573,0.000833471,0.97587764,0.0012210814,0.01884083
eeaphwn,joy,joy,0.001071025,0.0006000231,0.00042325782,0.9953435,0.0010159737,0.0015461751
eeaproq,sadness,sadness,0.043838,0.026369808,0.009008513,0.009683687,0.88577926,0.025320724
eeaqm41,joy,joy,0.0011750861,0.0007228406,0.0004328628,0.995165,0.0007354437,0.0017687797
eeaqrj7,fear,sadness,0.18922126,0.05690952,0.12909846,0.09482914,0.4354583,0.094483264
eeaqwk8,joy,joy,0.0009900469,0.00065519166,0.00041895005,0.9954554,0.0008418357,0.0016385564
eear0iv,anger,anger,0.9537029,0.008185481,0.0016526286,0.016629249,0.01498905,0.004840687
eear3qq,fear,anger,0.33877242,0.10387338,0.3044834,0.013526568,0.087757334,0.15158685
eearepj,surprise,surprise,0.01086412,0.0030406027,0.0041657826,0.004709643,0.0059753517,0.97124445
eeatwen,joy,joy,0.0009875161,0.0005704066,0.0003702981,0.9950911,0.00077059446,0.00221016
eeauw3y,sadness,sadness,0.0067081917,0.014611642,0.010598047,0.010023595,0.94978493,0.008273493
eeavpal,joy,joy,0.0011787914,0.0007295675,0.00045278436,0.99522686,0.00067713985,0.0017348831
eeavw2m,joy,joy,0.0011654262,0.0007061718,0.00039594856,0.9953283,0.00078768004,0.001616505
eeavyob,joy,surprise,0.07259248,0.012977752,0.04792939,0.28050908,0.20694384,0.3790475
eeaxnjj,joy,joy,0.0024582276,0.0011564809,0.0012138117,0.9729825,0.0010568749,0.02113204
eeaxu1h,joy,joy,0.001213545,0.0006538005,0.00039726828,0.99557954,0.0008524422,0.0013033493
eeayeuu,anger,joy,0.001956218,0.0007573165,0.00047878915,0.9944666,0.0008701199,0.0014709453
eeayv2k,fear,fear,0.021014933,0.07514132,0.78278536,0.0101770405,0.05580145,0.055079907
eeaz0w3,surprise,surprise,0.34004772,0.055009235,0.02307055,0.012024759,0.034300603,0.53554714
eeazf65,surprise,anger,0.59330845,0.012339746,0.0047953096,0.044210065,0.05465567,0.29069078
eeb02sp,sadness,anger,0.92008364,0.02784179,0.0037326855,0.02814643,0.0095490515,0.01064637
eeb1hqd,surprise,joy,0.0075058304,0.0017098716,0.0010746844,0.9266158,0.00574259,0.05735132
eeb3cel,sadness,joy,0.055286348,0.019326193,0.031311657,0.566591,0.2969986,0.030486254
eeb3nzr,anger,sadness,0.18934119,0.14920728,0.020481057,0.01414138,0.6119351,0.014893972
eeb3v0t,joy,joy,0.005847864,0.0008191084,0.0003716111,0.98911476,0.0022339427,0.0016127601
eeb41sr,surprise,joy,0.0013238335,0.0007681932,0.00060275814,0.9925741,0.00085151737,0.003879517
eeb4jo5,joy,joy,0.0013938653,0.00083135976,0.00058613135,0.9918616,0.00074492587,0.004582148
eeb52e6,joy,joy,0.003079163,0.0012400716,0.0010718256,0.97561103,0.0019021141,0.017095901
eeb5j2f,joy,joy,0.0008951503,0.0007037879,0.000544214,0.9951904,0.00090777234,0.0017587609
eeb5mlz,joy,joy,0.0017628826,0.00074078125,0.0003930101,0.99299085,0.0010397313,0.0030727878
eeb5zu1,anger,anger,0.89043826,0.025025433,0.0027720064,0.018089624,0.051340405,0.0123342825
eeb6403,joy,joy,0.001276743,0.0006623074,0.0004052453,0.9944395,0.0005945274,0.0026216435
eeb6qfy,anger,sadness,0.18300083,0.085133046,0.17379303,0.010632233,0.4389744,0.10846645
eeb6z8z,anger,joy,0.044725057,0.0034223446,0.0013654596,0.9302897,0.010106387,0.010091039
eeb8ynu,joy,joy,0.0009365028,0.0006301375,0.00040428477,0.99531955,0.0011639139,0.001545585
eeb964m,joy,joy,0.0014446463,0.00088735664,0.00060104625,0.99424595,0.0010424095,0.0017786466
eeb9sij,joy,joy,0.0032188452,0.003501497,0.003183469,0.8745416,0.0028286465,0.11272598
eebacuk,sadness,sadness,0.029609913,0.051044684,0.024047157,0.005888633,0.8833384,0.006071254
eebajz7,joy,joy,0.0010735752,0.00063590094,0.00034812526,0.9953784,0.00086440926,0.0016996807
eebbtqd,joy,joy,0.00090126385,0.0007636441,0.00047468182,0.9950147,0.0008044035,0.0020412083
eebc3b8,anger,joy,0.0022761214,0.0011656048,0.0021311904,0.97765976,0.002890866,0.013876469
eebcbcp,anger,anger,0.9659255,0.018073998,0.0027206908,0.006957223,0.004426924,0.0018956821
eebcsjz,joy,joy,0.0045924736,0.000997708,0.00054477016,0.9909518,0.0012233674,0.0016898433
eebe0lz,joy,joy,0.003755853,0.0013178188,0.0020518703,0.9732953,0.013521181,0.0060580275
eebedob,joy,joy,0.0017491638,0.00077494053,0.00039516386,0.9944159,0.0007547422,0.0019100294
eebelmt,joy,joy,0.0042240024,0.0016813076,0.0010785826,0.93036723,0.009205924,0.053442903
eebeutc,joy,joy,0.0014151247,0.00079784926,0.00052044017,0.99499834,0.0010088966,0.0012593728
eebf717,fear,surprise,0.0046546957,0.0039477265,0.006911498,0.04184914,0.010450443,0.93218654
eebfl6z,joy,joy,0.0031172226,0.0008797022,0.0004927405,0.9902802,0.0008008256,0.004429301
eebgts3,joy,joy,0.0016800297,0.0006983501,0.00041761968,0.99449325,0.0012078247,0.0015029929
eebgyri,joy,joy,0.0011896124,0.0008275415,0.0007407084,0.99385804,0.001230838,0.0021531733
eebhdhi,surprise,surprise,0.010561188,0.005524728,0.005754459,0.037609644,0.0037166514,0.9368332
eebiein,joy,joy,0.017295096,0.0014929344,0.0008062792,0.96528995,0.0037608363,0.011354874
eebippy,joy,joy,0.0010878718,0.0007513252,0.00040891036,0.9951284,0.00068692275,0.0019365582
eebjrae,joy,joy,0.0015915094,0.00074150576,0.00042761283,0.9943739,0.0011094951,0.0017559342
eebjuuq,joy,joy,0.0009871335,0.00066232384,0.00044581114,0.9953166,0.00074919575,0.0018390052
eebkb15,joy,anger,0.8726459,0.013447494,0.005221646,0.026660727,0.047854196,0.034169972
eebl3z7,anger,anger,0.92088324,0.00878624,0.0021929138,0.05637244,0.0071641104,0.004601106
eeblajb,joy,joy,0.0011410732,0.00081405,0.00047958444,0.99495065,0.00097029575,0.0016443519
eebnx3h,joy,joy,0.0013611563,0.00070362334,0.00037780395,0.99528605,0.00080943457,0.00146188
eebojd5,joy,joy,0.0011700481,0.0007757587,0.00052002637,0.9930502,0.00092570134,0.0035582457
eebqhvz,joy,surprise,0.0133923115,0.0038124993,0.0028861242,0.33973518,0.010232249,0.62994164
eebrp69,surprise,surprise,0.008087623,0.0028127444,0.0040696687,0.006266951,0.005074718,0.9736882
eebsl8n,joy,joy,0.0010750067,0.0007239219,0.00038401084,0.99540126,0.0008865064,0.0015291767
eebth03,anger,anger,0.81565034,0.0864455,0.007840165,0.05205953,0.03404196,0.003962452
eebu8jv,anger,anger,0.9500768,0.018304547,0.0040798117,0.0054766703,0.0068430547,0.0152191715
eebuhth,joy,joy,0.0013802771,0.0007376271,0.00039636614,0.99492764,0.0009159136,0.0016421268
eebutwm,joy,joy,0.0016702355,0.0008154864,0.00037696687,0.99478275,0.00093509,0.0014195322
eebvvon,joy,joy,0.0016633943,0.0006538864,0.00037504046,0.99414045,0.0010453401,0.002121907
eebwhv4,anger,anger,0.8906608,0.0062657087,0.0034365123,0.0608135,0.0074678767,0.031355586
eebwict,joy,joy,0.0014697254,0.00092789455,0.000647512,0.9911054,0.00082926045,0.005020197
eebwrsp,sadness,joy,0.0021362354,0.001622853,0.001397498,0.9669649,0.02468884,0.003189761
eebxyll,anger,anger,0.96234065,0.008861249,0.0022387959,0.0075657032,0.011811529,0.007182087
eeby8eg,joy,joy,0.0009231595,0.000681253,0.0004211319,0.99419326,0.00097469735,0.00280651
eebzc9y,joy,joy,0.0012383552,0.00065310433,0.00036799462,0.99524903,0.00082749303,0.001664015
eebzgi2,sadness,joy,0.0010921393,0.00086118776,0.0006367255,0.99283123,0.003181676,0.001397072
eebztt2,joy,joy,0.0011189509,0.00074137043,0.00040240202,0.99528813,0.00097589404,0.0014732274
eec0pph,anger,surprise,0.049111817,0.0055170157,0.004560328,0.022297181,0.01924546,0.89926827
eec2xue,joy,joy,0.0012092671,0.00061047304,0.00040371317,0.9953461,0.00084871857,0.0015817117
eec2z6f,anger,joy,0.050207436,0.003184732,0.0015931238,0.9302288,0.01052012,0.0042657387
eec32q3,surprise,surprise,0.0066824057,0.00424015,0.0037871115,0.46281493,0.0054548187,0.5170206
eec3itg,anger,surprise,0.011539894,0.0033698967,0.0043208827,0.009847675,0.010089376,0.9608323
eec58ip,joy,joy,0.0016295412,0.00085235,0.00041040522,0.9947411,0.00078487047,0.0015816754
eec5mfi,joy,joy,0.0035177397,0.00093292864,0.00075039564,0.9791103,0.0017869727,0.013901571
eec5qow,joy,joy,0.1611751,0.016485486,0.02792085,0.30619287,0.28667158,0.20155416
eec5s1a,anger,anger,0.6921871,0.025061658,0.009117355,0.09282927,0.15166664,0.029138051
eec6643,joy,joy,0.0012674645,0.0006499222,0.00037564817,0.9948088,0.0010110097,0.001887124
eec6gr2,joy,joy,0.0012756865,0.00070304365,0.0005120178,0.9945614,0.0009219692,0.0020258676
eec6ia6,joy,joy,0.0017143948,0.0006863975,0.00042285078,0.9944727,0.00075517775,0.0019485365
eec6j16,joy,joy,0.0013547213,0.00070386485,0.00035400648,0.99524987,0.0007347101,0.0016028004
eec7j1g,sadness,sadness,0.0066798003,0.00812242,0.008908069,0.014306191,0.9538885,0.008095029
eec8bh4,joy,joy,0.0012001836,0.0006771167,0.00041981885,0.99522495,0.0008967182,0.0015811875
eec8c20,surprise,surprise,0.033084128,0.0129632875,0.034135554,0.0047609224,0.0165166,0.89853954
eec8o7h,surprise,joy,0.008367461,0.0055844416,0.017493626,0.73527074,0.14707574,0.086208016
eec8vqy,joy,joy,0.001073028,0.0006555365,0.00040201898,0.99464333,0.0007126318,0.0025135344
eecb135,joy,joy,0.0016002029,0.00065356324,0.00054135395,0.9900491,0.00076806545,0.0063877157
eecb56t,surprise,surprise,0.0042517567,0.0026301988,0.0038753152,0.013480605,0.004505743,0.9712564
eecb68n,anger,anger,0.8953984,0.03258074,0.0047385297,0.0057918704,0.050954662,0.0105357915
eecbfqv,anger,anger,0.90815336,0.015710648,0.0019397147,0.03300311,0.038078085,0.0031151152
eecbfxu,joy,joy,0.0017641139,0.0006293916,0.00034642185,0.99488825,0.0008113955,0.0015604541
eecc9d4,joy,joy,0.0013821239,0.00081725814,0.0005931258,0.99396163,0.00094081444,0.0023051132
eecd1qs,sadness,joy,0.0025300137,0.0011999613,0.00089798967,0.98384064,0.009259566,0.0022718282
eecdheh,joy,joy,0.0010742276,0.0007042028,0.00043229095,0.9948479,0.0013782607,0.0015630919
eecgc44,joy,joy,0.0014398535,0.0009673686,0.0004995398,0.9925524,0.00072566414,0.0038151646
eecjnbm,joy,joy,0.0009555184,0.0006514174,0.00045416327,0.9952915,0.00075507327,0.0018923488
eeckq47,surprise,surprise,0.004095492,0.0022516914,0.003356508,0.010178019,0.0059505254,0.9741678
eeclkzp,joy,joy,0.0011152605,0.00069577043,0.00040545297,0.9953809,0.0008348317,0.0015679196
eeclwef,joy,joy,0.0010041234,0.00065613404,0.00045776254,0.9952524,0.00065904827,0.0019704849
eecm9y1,anger,anger,0.94922286,0.018484475,0.0019925,0.016668279,0.006623579,0.0070082974
eecnlvl,sadness,anger,0.934149,0.026150772,0.005683589,0.011677504,0.01362277,0.008716315
eecpdb3,anger,anger,0.5379472,0.027590914,0.008968967,0.057605628,0.34748995,0.020397337
eecpk36,anger,surprise,0.045593802,0.0059413696,0.0041236817,0.007887176,0.010089137,0.9263648
eecq3gq,anger,anger,0.9711485,0.0074379337,0.0014416673,0.012520432,0.0045868508,0.0028645876
eecrq51,fear,joy,0.036020763,0.009300563,0.027102297,0.9016186,0.016349692,0.00960812
eecrwp9,joy,joy,0.0018180573,0.0008316492,0.00050436734,0.9941419,0.0010494408,0.0016546252
eecsue5,joy,joy,0.0019155513,0.0007816481,0.00039114806,0.9942082,0.0010475605,0.0016559503
eecsvwc,anger,anger,0.8556015,0.010826234,0.0045346557,0.01915166,0.008310809,0.1015752
eecsz67,joy,joy,0.002410515,0.0008284455,0.00050121866,0.9931577,0.0014891669,0.0016128982
eectxqa,joy,joy,0.0010601598,0.0006909337,0.00045497064,0.99491274,0.00093430653,0.0019469081
eecwmbq,joy,joy,0.0012424623,0.0006887894,0.00039348294,0.9951864,0.00063012925,0.0018587369
eecx7xi,sadness,sadness,0.006990049,0.016893405,0.011916664,0.0075276024,0.9507346,0.0059377095
eed1rwh,surprise,surprise,0.00824947,0.0036595128,0.0046559265,0.006581161,0.007718461,0.96913546
eed22vi,joy,joy,0.0014800464,0.00093981874,0.00047667796,0.99454826,0.0008721645,0.0016829259
eed3jcu,surprise,surprise,0.030690035,0.0051934114,0.0040669716,0.0079858145,0.007158847,0.9449048
eed4ba8,anger,anger,0.5566522,0.33083445,0.029847475,0.009878463,0.059635814,0.013151555
eed4otf,joy,joy,0.014603957,0.003056962,0.0017775097,0.9735526,0.002268548,0.0047404557
eed4su4,joy,joy,0.0012872751,0.0006648342,0.00042776883,0.99516135,0.00082466804,0.001634173
eed4tkd,joy,joy,0.0013760147,0.000781234,0.0005043574,0.99486154,0.001090233,0.0013866344
eed5iav,surprise,surprise,0.033803973,0.0045096995,0.0041569774,0.009982489,0.011826766,0.9357201
eed5k92,surprise,anger,0.88270885,0.011171001,0.010191873,0.073262855,0.010791755,0.011873705
eed63s3,surprise,joy,0.007420259,0.0029886693,0.0030454148,0.67567873,0.0059184404,0.30494848
eed6n0q,anger,anger,0.9511378,0.009768953,0.0032561698,0.015520835,0.015944267,0.0043720594
eed6pul,anger,anger,0.72954273,0.031938363,0.008532847,0.016076121,0.17266071,0.04124928
eed7a7e,joy,joy,0.001310397,0.0006071008,0.0004347657,0.99489164,0.00078406,0.0019719962
eed7dds,joy,joy,0.003598998,0.004017278,0.008684117,0.88434505,0.004357303,0.09499719
eed7qdu,surprise,sadness,0.014528309,0.0078025213,0.015038033,0.06737819,0.8282574,0.06699553
eed7xex,joy,joy,0.003329156,0.0018635128,0.0010436012,0.94973785,0.002028432,0.041997474
eed8mpu,joy,joy,0.0013104792,0.00068087265,0.00035563688,0.99385107,0.0008508283,0.0029511366
eedbjkn,anger,anger,0.9327927,0.009093737,0.0015160752,0.041821558,0.011430668,0.0033452346
eedbnbg,anger,anger,0.9618525,0.010276813,0.0019790675,0.015442085,0.0058691227,0.0045804754
eedd82j,joy,joy,0.121241376,0.010987378,0.0065711206,0.5702956,0.09221191,0.19869265
eeddf0d,sadness,sadness,0.006759814,0.012121449,0.009640883,0.008118929,0.9568507,0.006508148
eeddik6,joy,fear,0.033889145,0.05714081,0.5661522,0.044550423,0.11931108,0.17895631
eeddo1h,joy,joy,0.00621535,0.0026111363,0.0016988128,0.97758067,0.0039949715,0.00789906
eeddoai,joy,joy,0.0012232946,0.0007765996,0.00044786523,0.99431735,0.0006077018,0.002627174
eedfvcm,joy,joy,0.0012229133,0.00080680376,0.000493641,0.9948304,0.00081814756,0.0018281089
eedfw4u,joy,joy,0.0012500715,0.00071570347,0.0003707612,0.995552,0.00086174026,0.0012497128
eedgc7u,joy,joy,0.010591752,0.0031005042,0.003207559,0.7064482,0.00849404,0.26815796
eedhkjf,anger,anger,0.914981,0.05716243,0.0047486564,0.006040277,0.013410759,0.003656888
eedinl2,joy,joy,0.016920285,0.0023707638,0.0026508826,0.94114786,0.010070269,0.02683994
eediwdw,joy,joy,0.002490246,0.0014466611,0.0010102881,0.9883675,0.001568631,0.0051166355
eedj9x1,joy,joy,0.0010767216,0.00072266196,0.0005888062,0.99489635,0.0014022776,0.001313089
eedkcy7,joy,joy,0.005311227,0.0012137131,0.00086593407,0.9830101,0.0032992219,0.006299768
eedkjnl,joy,joy,0.001796256,0.0007836437,0.00033901999,0.9938074,0.0007615233,0.0025121467
eedko29,sadness,sadness,0.0050867246,0.0074970433,0.012413192,0.034360126,0.93101966,0.009623338
eedkqtk,joy,joy,0.0010234035,0.0006277868,0.00040448704,0.9942404,0.0008001221,0.002903866
eedl6e1,surprise,surprise,0.009410797,0.003045563,0.00357175,0.019168708,0.007712313,0.9570909
eedlji7,surprise,joy,0.0011597734,0.0008432524,0.00070569076,0.986027,0.0010531823,0.010211181
eedllbg,joy,joy,0.002286029,0.00072863145,0.00044372413,0.993523,0.0014897629,0.0015287882
eedmqn9,joy,anger,0.74809575,0.008412358,0.0019266806,0.20992108,0.016365,0.015279218
eednfda,joy,joy,0.0010820432,0.0010414466,0.0010120844,0.9921252,0.0009575033,0.0037817042
eednfur,joy,joy,0.0011754901,0.000773207,0.00043962413,0.9948443,0.00075735635,0.0020100258
eednnqm,joy,joy,0.009943741,0.0019736234,0.00065924117,0.9738021,0.010414241,0.003207047
eednqst,anger,anger,0.93066555,0.036863774,0.00259965,0.008300245,0.014295832,0.007275017
eedpj0n,surprise,surprise,0.023749828,0.0038285975,0.0056431415,0.4517094,0.0063898833,0.50867915
eedpjd5,joy,joy,0.0013117972,0.0007704454,0.00047391717,0.9947876,0.0012776955,0.0013786254
eedq73j,anger,sadness,0.1853012,0.110526666,0.010227624,0.024471555,0.6618863,0.007586696
eedq8t4,anger,sadness,0.117110424,0.031921126,0.0106060915,0.03575402,0.7955039,0.009104493
eedqj6f,joy,joy,0.0019304112,0.0010642183,0.0006919509,0.9892263,0.003340242,0.003746931
eedr4id,joy,joy,0.0016433822,0.0008118169,0.0005770316,0.9928,0.0018051689,0.0023625973
eedrkej,surprise,surprise,0.0055485144,0.0033714578,0.0039012982,0.014474104,0.0049054767,0.9677991
eedt8x3,joy,joy,0.0013487494,0.0007546349,0.00036378085,0.99516773,0.000806713,0.0015583425
eeduikd,joy,joy,0.0010400685,0.0006228216,0.00046444597,0.994816,0.0013714052,0.0016852476
eedujvp,joy,joy,0.0012237544,0.00074908085,0.00042500993,0.9954211,0.00093511643,0.0012458311
eedur4c,joy,joy,0.0019506064,0.0007226828,0.00036403775,0.99469167,0.0009248685,0.0013461533
eedvfgy,surprise,surprise,0.005591391,0.002622091,0.0036422985,0.017838333,0.0050340286,0.96527195
eedw5gi,sadness,sadness,0.020424608,0.012260172,0.008309907,0.06112233,0.88793296,0.009950031
eedwlca,joy,joy,0.0019564936,0.0007289036,0.0005750243,0.9922855,0.002318994,0.0021351138
eedxetj,joy,joy,0.0012604416,0.00064364105,0.00037465064,0.99528307,0.0007533658,0.0016848198
eedxig9,joy,anger,0.9058916,0.011321809,0.0044503966,0.05509011,0.0090993075,0.014146804
eedy4z1,anger,anger,0.93665636,0.016918587,0.0015850584,0.020394024,0.01740699,0.0070389854
eee0ivj,joy,joy,0.0012954136,0.0011240728,0.0006789372,0.9892492,0.0008067601,0.0068456563
eee2qwp,sadness,anger,0.95838,0.0149499085,0.0024132614,0.008556443,0.011798043,0.0039023818
eee4pu3,surprise,surprise,0.010578568,0.0027588985,0.0033080603,0.02717421,0.009887532,0.94629276
eee5ua0,joy,joy,0.0014743555,0.00075138366,0.00045283194,0.9928254,0.0010432312,0.0034527804
eee5vjo,anger,anger,0.8976229,0.012833199,0.0036402068,0.021581082,0.04155168,0.022771034
eee67bs,joy,joy,0.0014952766,0.00065677444,0.0003985307,0.9949634,0.0008454043,0.0016406699
eee6k55,joy,sadness,0.15088084,0.025239453,0.020008,0.2348006,0.53032535,0.038745712
eee8dd2,anger,anger,0.81490844,0.022925563,0.0045772116,0.024003455,0.113360494,0.020224838
eee8fxv,joy,joy,0.0014819227,0.0007380909,0.00039467806,0.99477357,0.00095528405,0.0016565324
eee8llm,joy,joy,0.0009614123,0.00065880956,0.000421975,0.99437594,0.00078945723,0.0027924995
eeeakz9,joy,joy,0.0011385662,0.00063677836,0.00045631753,0.9949588,0.0014082887,0.001401274
eeeaw8j,anger,anger,0.937553,0.016382258,0.0027000506,0.033631064,0.0071438816,0.0025897333
eeec9h5,joy,joy,0.0016931659,0.0011975685,0.0009060698,0.98478544,0.00076263124,0.010655118
eeedgpu,joy,joy,0.0011434286,0.0009528858,0.0011214191,0.98993313,0.0008668767,0.005982265
eeeell8,surprise,surprise,0.003911233,0.0042764447,0.0064016255,0.04038757,0.0052460167,0.9397772
eeeepao,joy,joy,0.0011101735,0.0007038223,0.00046709084,0.99487996,0.0006785536,0.0021603492
eeeeq67,joy,joy,0.0010200449,0.0007113089,0.0005170838,0.99524045,0.0009610046,0.0015500875
eeees1l,joy,joy,0.0012373469,0.00069615175,0.00036839998,0.9954184,0.00088115194,0.0013984796
eeefyb7,joy,joy,0.0009979528,0.000725958,0.00054150645,0.99507856,0.0013142623,0.001341771
eeeg69u,sadness,sadness,0.0674419,0.017208483,0.07391093,0.25925976,0.52259225,0.059586715
eeegutb,joy,joy,0.0010969201,0.00061393727,0.00033951248,0.9953826,0.0010443031,0.0015227377
eeeh3hi,surprise,surprise,0.004145305,0.0025646046,0.0044952235,0.0066007827,0.00514857,0.97704554
eeehi0a,joy,joy,0.0010454037,0.00069007993,0.00048910524,0.99495834,0.0011349615,0.0016820957
eeeif15,surprise,joy,0.003980454,0.0024872737,0.001988803,0.91023743,0.0048934654,0.0764126
eeej0n9,sadness,surprise,0.33861843,0.016466808,0.010183174,0.034829244,0.20853399,0.39136836
eeejjb2,joy,joy,0.0010134806,0.0006863879,0.00037496688,0.995411,0.0008357276,0.0016784901
eeejm19,anger,anger,0.72561103,0.019296784,0.003372989,0.11161968,0.0510885,0.08901106
eeejnff,joy,joy,0.0017345332,0.00070843124,0.000381157,0.99510163,0.00060872745,0.001465504
eeejs1q,joy,joy,0.002354841,0.0009116518,0.0009404611,0.9811576,0.0021009825,0.012534413
eeekdrk,surprise,surprise,0.0045872387,0.0032279796,0.004857982,0.006354599,0.0051581445,0.97581416
eeekf0w,sadness,sadness,0.023993121,0.052188154,0.036542077,0.004813785,0.8530625,0.029400386
eeekjbo,surprise,surprise,0.01271597,0.006128843,0.024237847,0.0061895777,0.024593778,0.92613405
eeeky7q,sadness,sadness,0.013762948,0.009758582,0.007928026,0.14888564,0.80357546,0.01608935
eeelp9l,anger,anger,0.9360379,0.030808967,0.010081799,0.008334827,0.007220307,0.00751626
eeelubz,surprise,surprise,0.014179067,0.003614886,0.0042896727,0.006768658,0.0077911126,0.9633566
eeelwg0,joy,joy,0.0013971424,0.0007142292,0.00049264537,0.99385804,0.00069797924,0.002840009
eeem8p8,joy,joy,0.0011104911,0.0006836871,0.00038628594,0.9952296,0.00070851453,0.0018814633
eeenvvq,joy,joy,0.0112348115,0.001813447,0.0011089334,0.9753576,0.0046661976,0.0058189402
eeeotpv,joy,anger,0.7217305,0.07899996,0.036729265,0.010710243,0.11655499,0.035275128
eeepsmj,joy,joy,0.008866553,0.0013973318,0.00072243885,0.9847607,0.0016096946,0.0026432644
eeeq1o3,joy,joy,0.005702865,0.002414646,0.00094442413,0.93386215,0.0028826587,0.054193303
eeeq6q9,joy,joy,0.001067256,0.0006964864,0.00045819537,0.99550384,0.00075096317,0.0015232803
eeeqgmz,joy,joy,0.0011217478,0.0005760386,0.00041001668,0.995203,0.0008819491,0.0018072609
eeer60n,surprise,joy,0.0038962178,0.002809424,0.0019901064,0.8435715,0.0032133253,0.14451952
eeer9ys,joy,anger,0.8843064,0.019450678,0.0036322707,0.03178649,0.04849427,0.012329874
eeeroq5,anger,anger,0.9694397,0.015238408,0.0022737738,0.0064844466,0.0045521404,0.0020115597
eeesnrb,surprise,surprise,0.13971636,0.00937397,0.004044412,0.016665027,0.016076853,0.8141234
eeesqau,joy,anger,0.81704074,0.02236899,0.008012351,0.084243566,0.048051175,0.020283198
eeesqqc,surprise,surprise,0.0067945714,0.0028192557,0.004036992,0.0053814217,0.0046912087,0.9762765
eeesz7o,anger,sadness,0.078744166,0.14347912,0.09662378,0.013242126,0.6476717,0.020239137
eeeucj5,joy,joy,0.0015519073,0.000841421,0.00041281016,0.9913229,0.0009185618,0.004952428
eeeugrh,anger,joy,0.0069172224,0.0027385838,0.0029610167,0.7742705,0.0040758154,0.20903689
eeeusj1,surprise,anger,0.85186625,0.018171446,0.004000144,0.013839157,0.015164593,0.096958406
eeeuy9k,joy,joy,0.009647846,0.0017346152,0.0013872692,0.9803124,0.0043752603,0.002542522
eeevowz,joy,joy,0.0018786261,0.0007898543,0.00055614125,0.9909087,0.00080846343,0.0050581805
eeevtxr,surprise,surprise,0.033308975,0.0037295087,0.0033050769,0.09846501,0.019934114,0.8412573
eeex3my,surprise,surprise,0.004957449,0.002822717,0.0041954583,0.0060621593,0.005329925,0.97663224
eeexfuu,anger,anger,0.8285614,0.011500293,0.0037589113,0.07518987,0.048210066,0.03277943
eeexmdr,joy,joy,0.0012279031,0.000638664,0.00048198015,0.99147296,0.00088426593,0.005294246
eeexz5x,sadness,sadness,0.010635891,0.009579159,0.007931374,0.02652121,0.932893,0.012439437
eeezcc7,anger,joy,0.0014354999,0.00056734093,0.00039464107,0.9916453,0.0015120582,0.0044451864
eeezflc,surprise,anger,0.7130613,0.023072837,0.0074193673,0.042851537,0.1718116,0.041783404
eeezk8u,joy,joy,0.0012236501,0.000662168,0.0004027133,0.99432266,0.000719472,0.002669334
eef01cp,surprise,surprise,0.006498119,0.0033938442,0.004820381,0.008773641,0.0057692323,0.9707447
eef08dy,joy,sadness,0.04404597,0.012515863,0.024726208,0.0346442,0.79150504,0.09256273
eef0tlo,fear,fear,0.03980485,0.06335319,0.8009197,0.010560844,0.035546333,0.049815092
eef1ewc,joy,anger,0.9593571,0.0105488375,0.001780793,0.013287243,0.012883658,0.0021423448
eef41si,joy,joy,0.0011791325,0.00086958864,0.0009380776,0.99189234,0.0027239644,0.0023969102
eef4frp,joy,joy,0.001481393,0.000804469,0.0005234121,0.987689,0.0008722116,0.008629421
eef4ks0,anger,anger,0.8882635,0.041551244,0.0039238003,0.034984082,0.026120808,0.0051565873
eef4tc6,joy,anger,0.88855124,0.017121408,0.0027136365,0.054894917,0.033323012,0.0033957518
eef56i6,joy,joy,0.00091276073,0.0007226445,0.0005937989,0.99461854,0.0012174745,0.0019347797
eef5let,joy,joy,0.0010318661,0.00070249574,0.00043972718,0.9954482,0.00070723315,0.0016704979
eef5xa3,sadness,joy,0.0073240665,0.0017874517,0.002730872,0.95013046,0.027174462,0.010852646
eef726j,anger,anger,0.9623273,0.004821475,0.001336804,0.020622144,0.0050646607,0.0058275936
eef7r6i,joy,joy,0.0011348696,0.00063012855,0.00034022774,0.9955987,0.00085249194,0.0014435139
eef7siy,joy,joy,0.0009861904,0.00075240684,0.0004936386,0.99519473,0.0012266742,0.0013463821
eef803m,joy,joy,0.00093689037,0.00065872906,0.0005142337,0.9952857,0.0009627306,0.0016416874
eef8iw0,joy,joy,0.0011039315,0.0006867598,0.000378785,0.99556917,0.0009765961,0.0012847144
eef8r1b,anger,anger,0.81182665,0.0124763,0.0022495042,0.11439077,0.04905004,0.010006782
eef9819,joy,joy,0.0030253613,0.0008617861,0.0003881584,0.9897114,0.0010314543,0.004981774
eef9v2n,joy,joy,0.0010556951,0.00073416415,0.0004414531,0.9955575,0.0007995081,0.0014116372
eefasnl,joy,joy,0.001577761,0.0005980934,0.00029696609,0.9945715,0.0009918431,0.0019638203
eefb57e,joy,joy,0.005224391,0.0011788674,0.0006330423,0.9684153,0.0021384808,0.022409935
eefbrn3,anger,anger,0.93462384,0.011058087,0.0020238368,0.03661662,0.00532329,0.010354191
eefbusl,sadness,anger,0.94713104,0.015982972,0.0024472284,0.008452904,0.021060416,0.0049253865
eefd54x,joy,joy,0.0011087356,0.0007223249,0.00047705232,0.9951409,0.0013129421,0.0012380908
eefe4ar,fear,fear,0.07774779,0.11981433,0.6495974,0.012034504,0.050132863,0.09067307
eefhqmi,surprise,joy,0.008381837,0.0019495835,0.0015050092,0.87050986,0.0044770557,0.11317665
eefkowz,anger,anger,0.88403594,0.02116246,0.007172504,0.0223432,0.008736923,0.0565489
eeflasc,joy,joy,0.0009985885,0.0006828912,0.00041745254,0.9949891,0.0007798037,0.0021321035
eefmxf2,joy,surprise,0.006954799,0.0028798962,0.0034208617,0.02000929,0.0043946686,0.9623404
eefnv33,joy,joy,0.0016821133,0.0008502541,0.00036133622,0.9946295,0.0007386244,0.0017380882
eefoom3,joy,anger,0.8272964,0.013971901,0.0038184759,0.074660525,0.042160906,0.038091723
eefovtz,surprise,sadness,0.036337838,0.015948124,0.011789606,0.014106012,0.9146224,0.0071960757
eefq8j5,fear,sadness,0.14351071,0.15118766,0.075419225,0.0060173515,0.5887189,0.03514612
eefrs9z,joy,surprise,0.0062401597,0.0025962533,0.0040081977,0.006553776,0.004102506,0.97649914
eefti1z,joy,joy,0.0012520151,0.000809751,0.000714878,0.98790354,0.0007186564,0.008601114
eeftq4c,joy,joy,0.0010358215,0.0006934819,0.00041660844,0.9957092,0.0008569322,0.0012879095
eefts7d,joy,joy,0.0011055417,0.00060879416,0.00034161675,0.9955923,0.00092794973,0.0014237582
eefvuvg,sadness,joy,0.0012541845,0.0007476454,0.00046388744,0.99525803,0.00070608524,0.0015702428
eefw4oh,joy,joy,0.0012035719,0.00064281694,0.0003780391,0.9953343,0.0009954557,0.0014458174
eefxhdq,anger,joy,0.084261715,0.005302859,0.002561455,0.8838196,0.017090414,0.006964045
eefyz18,fear,sadness,0.0050534895,0.013820327,0.050066132,0.012932144,0.89898646,0.019141475
eefzkfx,joy,joy,0.0010962223,0.0006945251,0.00037850215,0.99485993,0.0009481379,0.0020227819
eefzxt7,joy,joy,0.0017010866,0.00081713544,0.0004064305,0.9949338,0.000758397,0.0013832224
eeg0924,joy,joy,0.0009144636,0.00067162106,0.00043339073,0.9955011,0.00084697874,0.0016323989
eeg0hmd,joy,joy,0.0009807793,0.00069875695,0.0004516852,0.9947885,0.00082935335,0.0022508597
eeg0sgy,joy,joy,0.001052097,0.00062221894,0.0003625721,0.99523085,0.00077670004,0.0019555467
eeg14j5,fear,fear,0.15430251,0.1561336,0.50211984,0.0086463075,0.1383923,0.040405452
eeg1n4h,surprise,surprise,0.080479875,0.0066153584,0.0044150976,0.014038694,0.008061255,0.8863898
eeg26rs,anger,anger,0.9694983,0.013017,0.0019992776,0.009491166,0.003768832,0.0022254777
eeg2bai,surprise,anger,0.815758,0.072204754,0.006720485,0.012072009,0.04379039,0.04945441
eeg2ht9,sadness,sadness,0.01124198,0.014412217,0.021348538,0.02192468,0.9148953,0.016177276
eeg2mqs,anger,anger,0.9530862,0.015676554,0.0020859216,0.018442152,0.0037970487,0.0069121835
eeg3e3m,joy,joy,0.0010746222,0.00085268496,0.0005298805,0.9938678,0.00061933923,0.0030556244
eeg40z9,anger,anger,0.9562435,0.018179642,0.0024388556,0.0068769925,0.013037588,0.0032233093
eeg45da,joy,joy,0.0012841389,0.00073310436,0.00046953416,0.99527824,0.0008144125,0.0014205434
eeg4u5f,sadness,surprise,0.013342963,0.009785301,0.034589026,0.049381506,0.12342065,0.7694806
eeg4uci,surprise,surprise,0.023952125,0.0040016673,0.003865886,0.0071639963,0.007115354,0.953901
eeg5l2c,joy,joy,0.0011593798,0.00072306365,0.00038541335,0.9954684,0.0007795683,0.0014841681
eeg5tya,sadness,sadness,0.066249885,0.11068052,0.019343382,0.007632592,0.7867551,0.009338467
eeg5xml,joy,joy,0.0031066209,0.00072379597,0.00049227744,0.9924809,0.0015853681,0.0016110621
eeg738k,joy,joy,0.009865476,0.0017270648,0.00095010357,0.96293044,0.0020868576,0.022440106
eeg7d0u,joy,joy,0.008336725,0.0041664885,0.0022386552,0.7174397,0.0057848585,0.26203355
eeg8n0h,joy,surprise,0.04572904,0.015257339,0.02193585,0.2327991,0.1852496,0.499029
eeg8r37,fear,fear,0.03096761,0.033573303,0.80341053,0.01824336,0.038785126,0.07502005
eeg9le5,joy,joy,0.0018977751,0.00077111024,0.00039272723,0.99454236,0.0007810035,0.0016149968
eegaml3,joy,joy,0.0020933696,0.000842553,0.00047151174,0.9935382,0.0011953259,0.001858984
eegbili,anger,joy,0.020235863,0.0027658546,0.001903618,0.87066805,0.043152045,0.061274603
eegc1dh,joy,joy,0.0012031693,0.00073026214,0.00038994325,0.99547833,0.00084643083,0.0013518794
eegc9ek,joy,joy,0.0013921082,0.0007506073,0.00046191516,0.994313,0.000620099,0.002462298
eegdoxx,joy,joy,0.0039855093,0.0024073822,0.0017224035,0.8834897,0.0027330539,0.105661854
eege1no,joy,joy,0.0009337257,0.0007999774,0.00045977294,0.9952819,0.0010049018,0.0015196735
eegej3b,surprise,joy,0.0035713338,0.0017854831,0.0017711542,0.91794616,0.0028586192,0.07206722
eegfus2,joy,joy,0.0023786246,0.00075657945,0.00065552036,0.9896142,0.0023762563,0.0042188736
eeggqs5,sadness,sadness,0.017834961,0.009650997,0.006297743,0.0467375,0.9114457,0.008033181
eegh1ze,joy,surprise,0.012233959,0.003582513,0.00460887,0.41271827,0.015015592,0.55184084
eeghcvq,surprise,surprise,0.004333929,0.002739918,0.003381023,0.016304677,0.00424319,0.96899724
eeghtm0,anger,anger,0.86890215,0.02110095,0.0020515409,0.056560155,0.04752048,0.0038647968
eegirn6,joy,joy,0.001455857,0.0005732201,0.000378798,0.9937243,0.00076126144,0.0031064977
eegkuln,joy,joy,0.0012483122,0.00066482933,0.00049724354,0.994886,0.0011163327,0.001587281
eegllgr,anger,anger,0.8919502,0.011548595,0.0030067456,0.014552211,0.009477725,0.069464535
eegmp1r,joy,joy,0.0028517658,0.0008167714,0.00032750642,0.9920127,0.0010078733,0.0029834535
eegmyvu,disgust,sadness,0.113398515,0.043769624,0.017139232,0.012839268,0.7433485,0.06950493
eegnhq5,joy,joy,0.001417518,0.0007021109,0.0004530098,0.9949303,0.0011747854,0.0013222578
eegnsh3,joy,sadness,0.071435004,0.05865623,0.03766942,0.039006464,0.63778776,0.15544511
eegny5o,joy,joy,0.0012492319,0.0008390579,0.00046156696,0.99501145,0.0006761922,0.0017625084
eego51v,sadness,sadness,0.00800917,0.008474053,0.0081988,0.012953701,0.94824374,0.01412052
eegp47k,anger,anger,0.950878,0.012410122,0.0017455197,0.015687026,0.016022984,0.003256285
eegqqkd,joy,surprise,0.10126008,0.013212074,0.022560379,0.024416799,0.013514236,0.8250364
eegs9rd,joy,joy,0.0016474584,0.0008227365,0.00043954144,0.98976517,0.0010804884,0.00624454
eegshwj,joy,joy,0.0011170788,0.00067855226,0.00037862745,0.99549484,0.0007886808,0.0015421715
eegt1rf,joy,joy,0.00096693006,0.0007502571,0.00048288307,0.9952591,0.0012000782,0.0013406769
eegtonp,joy,joy,0.001010173,0.0007122736,0.0005227618,0.9952561,0.0008369311,0.0016616202
eeguaz3,joy,joy,0.0011648567,0.0007548401,0.0005308186,0.9949173,0.0007491477,0.0018831558
eeguowf,joy,joy,0.0011527059,0.0006936266,0.00033411235,0.99512523,0.0007758676,0.0019184977
eeguroc,joy,joy,0.0020093997,0.0008383481,0.00048903044,0.993911,0.0006626117,0.0020895987
eegus5t,joy,joy,0.000919427,0.00067229714,0.0005060957,0.9952167,0.0009791189,0.0017063284
eegv276,surprise,surprise,0.018310066,0.0045574987,0.006844798,0.003956802,0.0065469956,0.95978385
eegwepn,anger,anger,0.84874374,0.08896148,0.0071406257,0.015550829,0.03670668,0.0028965974
eegyi25,joy,joy,0.3039608,0.009374487,0.00598307,0.65576637,0.011270532,0.013644733
eeh07i1,anger,anger,0.5150717,0.040287428,0.007914629,0.0152267525,0.3397161,0.0817834
eeh2pov,joy,joy,0.009820916,0.0039192764,0.008799731,0.9186585,0.012991132,0.045810357
eeh3f3c,surprise,surprise,0.031855468,0.004576531,0.004046713,0.04445159,0.01851129,0.89655846
eeh3h9n,joy,joy,0.0088681085,0.005611518,0.0043503405,0.97168565,0.0062446184,0.003239664
eeh4lqc,anger,anger,0.9451522,0.024626452,0.0018628411,0.009647482,0.016366547,0.0023444768
eeh4qle,joy,joy,0.00113429,0.00069251255,0.0004274948,0.99529135,0.0006812276,0.0017731382
eeh5oye,joy,joy,0.0014461118,0.00074583926,0.00054857833,0.994524,0.0010380961,0.0016973312
eeh6t6x,joy,joy,0.0012363577,0.0007739666,0.0004109653,0.9953323,0.0007789795,0.0014673719
eeh9bzl,joy,joy,0.001235165,0.00077839434,0.00041392125,0.9949803,0.00078542536,0.0018068117
eehaa3j,surprise,surprise,0.0055280547,0.0037694606,0.003977315,0.01595963,0.0064956504,0.9642699
eehd0v2,anger,anger,0.92806566,0.03094781,0.0024636476,0.018383842,0.015055783,0.005083365
eehd1g7,joy,joy,0.006715922,0.002578249,0.0013764843,0.86398757,0.0035596655,0.12178218
eehd217,anger,anger,0.9701644,0.008401872,0.0011091158,0.012050326,0.0055943127,0.0026798863
eehdduj,joy,joy,0.0010106048,0.0006885695,0.00042014808,0.9955373,0.0010294735,0.0013139932
eehdlof,joy,joy,0.0012370467,0.0006271532,0.0004591566,0.99385333,0.0013704459,0.002452914
eehej6e,sadness,sadness,0.0053938334,0.008559481,0.012087001,0.023352893,0.942953,0.007653771
eehfi6a,surprise,surprise,0.0062607336,0.003264212,0.004889662,0.07085199,0.0065971413,0.90813625
eehfyfk,sadness,anger,0.7817787,0.0498399,0.010467247,0.013576488,0.09326552,0.051072154
eehhpzs,joy,joy,0.0050300383,0.003438081,0.002395153,0.85492635,0.003154148,0.13105635
eehkah8,joy,joy,0.0011417944,0.000764638,0.0005224191,0.99342114,0.0013702727,0.002779685
eehksno,surprise,surprise,0.016795408,0.0039728996,0.0035947582,0.006104644,0.00593291,0.96359944
eehl9rf,joy,joy,0.0018130426,0.00065226073,0.00041594566,0.99254405,0.0007341569,0.0038405636
eehld4o,sadness,joy,0.010356615,0.005432316,0.010583314,0.7820343,0.1823156,0.009277879
eehn7ii,joy,joy,0.0021539493,0.00061537046,0.00042647443,0.9927505,0.0009440113,0.003109653
eeho6w6,joy,joy,0.0016786061,0.00095131027,0.0006321963,0.9933422,0.0014053871,0.0019903064
eehor1w,anger,anger,0.8185679,0.07230623,0.010580439,0.035057772,0.03909654,0.024391225
eehoydp,joy,joy,0.0015251299,0.0008556668,0.000560759,0.99307764,0.0008048325,0.0031759923
eehp42r,joy,joy,0.000897568,0.00064881914,0.0004743373,0.9954364,0.00082995,0.0017129976
eehpd4m,sadness,sadness,0.00959358,0.009315135,0.008021127,0.018962268,0.9483287,0.0057792473
eehpoqu,joy,joy,0.0015439169,0.0011506596,0.0009088463,0.99222356,0.001364267,0.0028086666
eehrk8u,joy,joy,0.0023434754,0.00081685605,0.00039117545,0.99326515,0.0008757692,0.0023074918
eehrkd0,joy,joy,0.0013548638,0.00076814723,0.00039953846,0.9954913,0.00080402155,0.0011821474
eehs7qw,sadness,anger,0.9412469,0.012983194,0.002696175,0.024201015,0.008672107,0.010200592
eehsab2,joy,joy,0.0024358984,0.0008880417,0.0003888158,0.9940684,0.0009531881,0.0012657852
eehssdw,joy,sadness,0.022565374,0.016035201,0.03725646,0.14098468,0.7367854,0.04637285
eehtcr1,anger,anger,0.96127856,0.014669473,0.0022268875,0.0073184245,0.009784863,0.0047217677
eehtttu,sadness,joy,0.24023287,0.017322084,0.006802264,0.5511104,0.1706016,0.013930827
eehtxf3,anger,anger,0.9640795,0.009136343,0.0019847932,0.01640624,0.0056842347,0.002708916
eehuzwu,joy,joy,0.0014942052,0.0008635344,0.00047387776,0.9949639,0.0010421012,0.0011624192
eehvv5s,joy,joy,0.001423497,0.00066311925,0.00039135342,0.995282,0.00088361115,0.0013563596
eehvzy2,joy,joy,0.0011853337,0.0006843451,0.0004779137,0.99508977,0.0010761942,0.0014865148
eehwc7a,anger,surprise,0.13391823,0.005286643,0.0031476237,0.39080352,0.009944468,0.4568995
eehwiip,joy,joy,0.0030929146,0.00091095135,0.0005364136,0.99282396,0.0009108636,0.0017249617
eehwqcv,joy,joy,0.0037660021,0.0016237462,0.0020179441,0.9802539,0.005438503,0.0068998877
eehyw4y,surprise,sadness,0.29691264,0.06931662,0.059348907,0.031378668,0.36032352,0.18271972
eehzx9b,surprise,surprise,0.004035143,0.0027442665,0.004111358,0.018626815,0.005487156,0.9649952
eei0s2m,anger,joy,0.37181264,0.0056024976,0.0024988852,0.6023126,0.011133898,0.0066394014
eei1nic,sadness,anger,0.870163,0.020777337,0.0037580177,0.042237334,0.052976448,0.010087971
eei280a,anger,joy,0.3895119,0.009196181,0.006610758,0.5561465,0.016416855,0.022117766
eei2b57,sadness,sadness,0.13295749,0.027190987,0.014088436,0.021831783,0.7881172,0.015814103
eei2g6l,fear,disgust,0.40244526,0.42874235,0.10377413,0.008215318,0.036547355,0.020275524
eei2ty6,joy,joy,0.001421005,0.0006524034,0.00052647037,0.9930234,0.0012508883,0.0031258906
eei2xh2,surprise,surprise,0.015994044,0.0038716625,0.004160023,0.011706543,0.00984469,0.954423
eei3ii9,joy,joy,0.0014011546,0.00072404917,0.00034443144,0.99495417,0.00072148856,0.0018546676
eei47sa,anger,anger,0.65835106,0.03267691,0.019027704,0.106036216,0.13774246,0.04616569
eei4ela,joy,joy,0.0033658033,0.0012406016,0.0007133503,0.96293163,0.0019408726,0.029807694
eei5yi4,joy,anger,0.791222,0.00751864,0.0022273213,0.18042402,0.011019749,0.0075883954
eei64qt,surprise,anger,0.96889,0.009078243,0.0018323887,0.0057118866,0.0046227938,0.009864654
eei8rpb,joy,joy,0.0027361298,0.00087866536,0.0005837238,0.98691326,0.0011714817,0.007716675
eei8sfs,joy,joy,0.0010643014,0.00076999416,0.0005072832,0.9945839,0.0015392117,0.0015353296
eeibfsv,joy,joy,0.0011691283,0.0006958655,0.00041020446,0.99544525,0.00072519796,0.0015543525
eeic0e5,fear,anger,0.75077045,0.15113366,0.033535857,0.0058222883,0.042295154,0.016442595
eeicggm,sadness,sadness,0.109396175,0.021604503,0.04948231,0.11059283,0.5623086,0.14661558
eeid0zi,joy,joy,0.0011058869,0.00080084894,0.00044726333,0.9941267,0.00066042383,0.0028588746
eeid6tj,joy,joy,0.0013179401,0.00084454415,0.0004345339,0.9949426,0.0006878187,0.0017725499
eeiddfr,joy,joy,0.0011714079,0.0007290628,0.00047506488,0.9953967,0.00086872134,0.0013589683
eeidhj0,joy,joy,0.0025924444,0.0010591334,0.00076746236,0.99135476,0.002020011,0.0022061989
eeidyma,joy,joy,0.0012805123,0.00083947816,0.00043690586,0.99180335,0.0009599099,0.0046798876
eeiegak,joy,anger,0.93780106,0.009899516,0.0015343544,0.029226061,0.01723609,0.004302922
eeieuyo,surprise,surprise,0.014784795,0.011969307,0.04431254,0.07787773,0.2562227,0.5948329
eeiewym,sadness,sadness,0.06143396,0.024255265,0.019483756,0.012199454,0.8707916,0.011835911
eeig438,joy,joy,0.108143136,0.0052456083,0.0028293373,0.86310375,0.01632888,0.0043492517
eeihrhi,sadness,sadness,0.06093894,0.021479996,0.00896181,0.014922519,0.87443566,0.019261058
eeii43a,joy,joy,0.016481478,0.0038740295,0.0022888482,0.63252294,0.006528024,0.33830464
eeiid5s,joy,joy,0.0011829839,0.00069978106,0.0003542839,0.99516535,0.00085146364,0.0017461673
eeiidu7,disgust,anger,0.36846223,0.2574619,0.08728799,0.01024132,0.21769685,0.058849685
eeiig2j,joy,joy,0.0010746279,0.0006325224,0.00039468368,0.99563956,0.00076767354,0.0014909526
eeijhkm,sadness,sadness,0.008443552,0.012424173,0.029311439,0.030018482,0.90380543,0.015996905
eeile0x,sadness,sadness,0.005171977,0.008401502,0.011566067,0.016838072,0.9504792,0.007543257
eeim5c0,sadness,sadness,0.0070282174,0.008089899,0.009399184,0.03421893,0.9336528,0.007610952
eeinq1p,joy,joy,0.0013116105,0.00073471427,0.00039950598,0.9949785,0.00075366226,0.0018220702
eeip9ya,joy,joy,0.0011630501,0.0006697264,0.00048872095,0.9929253,0.0010415447,0.0037117363
eeipiga,joy,joy,0.0010656846,0.00075163384,0.00042756938,0.9955456,0.00071983505,0.0014895911
eeippeu,joy,joy,0.0009615737,0.00057606015,0.00045858853,0.99478006,0.0014843786,0.0017393081
eeipqj4,sadness,anger,0.8203339,0.024512481,0.004979265,0.08381223,0.04718305,0.019179044
eeiq1t2,anger,anger,0.90154207,0.013891076,0.0039327876,0.035120632,0.034281947,0.01123153
eeisdww,joy,joy,0.009221047,0.0033349923,0.003376936,0.6545781,0.010652051,0.3188369
eeiuscs,surprise,surprise,0.0052002403,0.002232963,0.0037397891,0.013272126,0.0056244633,0.9699304
eeiv9g2,sadness,sadness,0.12470718,0.016515879,0.008030965,0.019506449,0.80431944,0.026920073
eeiwd8o,joy,joy,0.0045065368,0.0011904258,0.00061417173,0.9899429,0.0024861041,0.0012598681
eeiwo8t,anger,anger,0.96584576,0.014907606,0.002395762,0.004688181,0.0044774353,0.0076852213
eeix509,surprise,surprise,0.020956852,0.0037875518,0.003674147,0.012769103,0.007537156,0.95127505
eeixm7z,joy,surprise,0.033929843,0.0044547906,0.0056116865,0.14266665,0.024622798,0.7887143
eeiyceq,surprise,surprise,0.008475714,0.0027353538,0.0031113771,0.010494626,0.004741681,0.97044116
eeiyd3d,joy,joy,0.00116076,0.0008162299,0.00041199243,0.9952254,0.0008362431,0.0015493886
eeiyfbf,sadness,anger,0.5165989,0.01284,0.00617708,0.025793772,0.019407725,0.41918254
eeizdpx,disgust,joy,0.046338223,0.007460282,0.008069524,0.8963971,0.02595599,0.015778877
eeizza2,joy,joy,0.0013127513,0.0006488793,0.00044634627,0.99389416,0.00061376445,0.0030841287
eej03pc,anger,joy,0.0282061,0.0022024813,0.0010854804,0.95955014,0.004950262,0.004005518
eej0p9v,joy,sadness,0.032960754,0.012648139,0.031944755,0.050974954,0.837294,0.03417746
eej1ihs,joy,joy,0.0015916663,0.0007903737,0.00039196195,0.9949945,0.0008285483,0.0014028741
eej3kcn,fear,sadness,0.005675441,0.02072835,0.08314468,0.007918267,0.8624018,0.020131461
eej6h5n,joy,joy,0.0013787327,0.00080913655,0.00059532316,0.9938328,0.0011158452,0.0022680876
eej7lcs,joy,joy,0.019555131,0.0052350597,0.0077812923,0.8861313,0.059310507,0.021986641
eej83t7,anger,joy,0.14043276,0.011400907,0.012447119,0.7590124,0.056586046,0.020120796
eejaac2,joy,joy,0.001129214,0.000597167,0.0004386624,0.9939904,0.00082361285,0.0030208372
eejbqly,joy,anger,0.85842484,0.020344334,0.0067040296,0.08748074,0.01814183,0.008904226
eejbrh8,joy,joy,0.0012433425,0.00075747486,0.0005290501,0.9920272,0.00073742395,0.0047055455
eejdbje,joy,joy,0.0010507948,0.00067054963,0.000537501,0.99521095,0.0008965687,0.0016336282
eejdqkt,surprise,joy,0.012760702,0.001698047,0.0016664468,0.8633508,0.004193928,0.116330095
eeje0qk,fear,surprise,0.18289159,0.0128707485,0.012562003,0.30809072,0.013729961,0.469855
eejeh4q,sadness,sadness,0.023567306,0.0136785535,0.021337211,0.022918178,0.8454177,0.07308106
eejf3px,joy,anger,0.85713816,0.0065262653,0.0045611323,0.085165076,0.027030442,0.019578889
eejfh66,sadness,sadness,0.029745894,0.014567336,0.006275696,0.22662215,0.7068978,0.015891153
eejfuza,surprise,joy,0.0072599314,0.0045757806,0.0034546785,0.55013514,0.0044366396,0.43013784
eejgpk4,surprise,surprise,0.026112817,0.006828314,0.0091378335,0.008535421,0.009844707,0.93954086
eejh9fg,joy,joy,0.0017264247,0.00068128394,0.00036658644,0.99509466,0.0007465409,0.0013846194
eejhfit,joy,joy,0.0015233242,0.0007391606,0.0004447261,0.994942,0.0010363094,0.0013143822
eejiay5,joy,anger,0.9373468,0.02075666,0.0033486877,0.015507561,0.012557209,0.010483135
eejj57x,anger,anger,0.8959237,0.035554,0.003462951,0.011145916,0.04808812,0.005825351
eejjhbs,surprise,surprise,0.23112306,0.0111769,0.004818654,0.013556418,0.016740736,0.7225842
eejl20y,anger,joy,0.28983712,0.025984988,0.005028221,0.38173172,0.28055876,0.016859125
eejleep,joy,joy,0.0011729803,0.0008018178,0.00043923152,0.9942374,0.00066025497,0.0026883208
eejligj,joy,joy,0.0019149526,0.0013001505,0.0018950162,0.97062814,0.018495565,0.0057661524
eejm5tn,joy,joy,0.0012322192,0.0007481018,0.0006374682,0.9942344,0.00084580784,0.0023020587
eejmdph,anger,surprise,0.035309028,0.004365545,0.0030467806,0.04486816,0.013804715,0.89860576
eejmuw1,joy,joy,0.0011771587,0.00071846007,0.00042558403,0.9953204,0.0008686465,0.001489796
eejn7ai,surprise,surprise,0.016045673,0.04506154,0.22608562,0.03973331,0.026652696,0.64642113
eejqauj,anger,anger,0.94718593,0.029793862,0.0026134674,0.011126177,0.0072480966,0.0020323873
eejtcuw,joy,joy,0.0012397909,0.0008777695,0.00054121093,0.99436295,0.00084143004,0.0021368382
eejuzkq,joy,joy,0.0012888614,0.0007691774,0.0004621415,0.9951741,0.00078624056,0.0015195176
eejv0sm,joy,joy,0.0010367954,0.0007091771,0.00043276773,0.9956274,0.0007183957,0.0014753896
eejvzru,anger,anger,0.90327924,0.014701223,0.0040806946,0.031234121,0.005810563,0.040894095
eejxnps,sadness,sadness,0.006633074,0.009606425,0.009821811,0.01867197,0.948618,0.006648701
eejyht6,sadness,anger,0.9444798,0.007283348,0.0020601465,0.021622233,0.005078137,0.019476213
eek2d41,joy,surprise,0.005628065,0.0041699973,0.0052488307,0.18699549,0.0056827674,0.79227483
eek34md,sadness,sadness,0.0069280253,0.007959343,0.014201407,0.04187177,0.9207104,0.00832913
eek5yoh,joy,joy,0.0018774641,0.0010940619,0.00047530225,0.99325484,0.0007076828,0.0025907313
eek626j,fear,anger,0.41543972,0.040787965,0.10549655,0.091856495,0.24442215,0.10199712
eek6cq6,joy,joy,0.018191172,0.003597458,0.0021876765,0.9500171,0.015597165,0.010409356
eek6tpn,anger,anger,0.96743894,0.014381307,0.0020430712,0.0076118084,0.007015904,0.0015089063
eek6vha,joy,joy,0.0011419428,0.0008553703,0.00054869376,0.99430543,0.0007920541,0.0023565022
eek96v8,joy,surprise,0.04066405,0.005248427,0.0055893995,0.3777584,0.011201398,0.55953836
eekctpw,joy,joy,0.0072843675,0.001129115,0.00094509847,0.98096275,0.0029202567,0.0067584026
eekea23,anger,anger,0.516759,0.022003356,0.0059877327,0.39022633,0.050676588,0.01434697
eeked6o,fear,fear,0.013355595,0.036322966,0.820175,0.008963923,0.05815655,0.06302597
eekef9m,joy,joy,0.0009970663,0.0006576334,0.00037130248,0.99536383,0.0007833347,0.0018267429
eekeonr,joy,joy,0.0009824112,0.0007423808,0.00051437266,0.9945083,0.001683973,0.0015685573
eekgoj1,joy,joy,0.0010995755,0.0007324756,0.00065989763,0.989528,0.00094468385,0.0070353276
eekh3r7,joy,anger,0.9651209,0.016195906,0.0019424268,0.009164871,0.0051214844,0.0024543463
eekjgl8,joy,joy,0.0011960005,0.0007312148,0.0006294301,0.99454653,0.001582717,0.0013142169
eekjjsc,joy,joy,0.0038469862,0.00087071426,0.0006139736,0.9897411,0.0011891688,0.0037380478
eekjq0y,joy,joy,0.0018347561,0.0007797178,0.00033517816,0.9946931,0.0009157417,0.0014414191
eekjrep,surprise,surprise,0.006912472,0.0031304187,0.003929984,0.007275638,0.005368153,0.97338337
eekk36g,joy,joy,0.0011656613,0.0008114262,0.00042307956,0.9948436,0.0006926894,0.0020635372
eekk826,anger,anger,0.8769073,0.066012636,0.011250056,0.0077203684,0.010947875,0.027161848
eeklrmu,sadness,joy,0.17985366,0.015614942,0.005652386,0.62148386,0.16938587,0.008009318
eekn8hb,joy,joy,0.0014033688,0.0008785396,0.0005615199,0.99421555,0.000995681,0.0019452673
eekng66,sadness,sadness,0.00552905,0.008905305,0.009354435,0.014811188,0.9539731,0.0074268472
eekpxgu,surprise,joy,0.004819532,0.0033375788,0.0023051936,0.77988315,0.003898685,0.20575592
eeks9he,surprise,surprise,0.0044283965,0.0024829032,0.004080033,0.006775424,0.004661926,0.9775713
eektluu,joy,joy,0.0011984338,0.00080108456,0.00041933576,0.994689,0.0006237386,0.0022683423
eektpzq,joy,joy,0.0016858376,0.00083163835,0.00044963945,0.9951391,0.00072232704,0.0011713884
eekugy0,joy,anger,0.9104969,0.011523174,0.0027015398,0.03079644,0.027509384,0.016972588
eekwddb,surprise,surprise,0.03961022,0.0060900515,0.0048277183,0.0066705537,0.012800423,0.9300011
eekxcm6,joy,joy,0.0010970461,0.0007874802,0.0005825273,0.99502844,0.0007707807,0.001733745
eekxre3,anger,surprise,0.14655897,0.009391139,0.0064578676,0.008767899,0.0102075115,0.81861657
eekyihh,surprise,sadness,0.0752565,0.013556633,0.011077699,0.07504903,0.78854465,0.036515504
eekyj9t,joy,joy,0.0014760641,0.0008892909,0.0005584725,0.9882929,0.0009114331,0.007871903
eekzhxx,joy,joy,0.0052199233,0.0012367724,0.00053662737,0.99019617,0.001391943,0.0014185872
eekzi88,surprise,surprise,0.007392772,0.0036474385,0.00614333,0.008816218,0.0068682814,0.967132
eel0icv,sadness,sadness,0.02050389,0.04102588,0.0128563605,0.017894715,0.89906025,0.008658861
eel1j5c,fear,fear,0.024438975,0.03422253,0.7188906,0.022107728,0.14768493,0.052655168
eel1onf,joy,joy,0.0017048469,0.00067035796,0.00039204897,0.9933153,0.0010654348,0.0028520878
eel1opd,sadness,sadness,0.0063175526,0.007623713,0.01187028,0.027991047,0.9372464,0.008951022
eel2a1m,joy,surprise,0.040753867,0.007300755,0.0107126,0.004523132,0.017271677,0.91943806
eel30l7,surprise,surprise,0.011107105,0.005222206,0.012505132,0.047169592,0.021087773,0.9029082
eel3el9,joy,joy,0.001054775,0.000794516,0.00061471807,0.9945417,0.0013841959,0.0016101459
eel3hih,joy,anger,0.45145547,0.018127332,0.043111652,0.16521476,0.18177514,0.14031571
eel3p8b,anger,anger,0.95070434,0.030186431,0.0032200874,0.0057109343,0.006827165,0.003350977
eel4k66,joy,joy,0.0024941647,0.00080776,0.00046876393,0.992159,0.0014342397,0.0026360943
eel4kl0,sadness,sadness,0.029640475,0.020072114,0.04825587,0.055141732,0.798611,0.048278738
eel4lhl,joy,anger,0.71412075,0.024644414,0.005400394,0.04372307,0.06282912,0.1492822
eel5apq,joy,joy,0.0009671736,0.00069121085,0.0004268245,0.99555343,0.0007253882,0.0016360101
eel5b51,joy,anger,0.6928975,0.007894302,0.0035712607,0.14287351,0.015960963,0.13680245
eel5w0i,joy,joy,0.066476695,0.0018747788,0.0010992914,0.9129874,0.004442456,0.013119301
eel6ffv,joy,joy,0.0014513122,0.0010997967,0.00085277215,0.99308395,0.0012643876,0.0022477151
eel7ng1,joy,joy,0.0012251704,0.00070430804,0.00043119746,0.9951674,0.001017512,0.0014544146
eel7ngf,sadness,anger,0.6767636,0.017517848,0.005312462,0.087951384,0.19660687,0.015847823
eel8uh1,anger,anger,0.54231715,0.014051037,0.005821271,0.040722705,0.032453824,0.36463398
eel958m,surprise,joy,0.030601962,0.0032324302,0.002694572,0.6919564,0.010312927,0.2612017
eel9mio,joy,joy,0.0011286489,0.00071120734,0.0003714331,0.99510866,0.0006539473,0.002026073
eelak3t,anger,sadness,0.016677473,0.044092227,0.11414183,0.066869564,0.6025968,0.1556221
eelanvo,surprise,surprise,0.0043770038,0.0031967142,0.003939253,0.016001483,0.0050965883,0.967389
eelar1k,surprise,joy,0.06834598,0.0032945361,0.0017931876,0.82747346,0.00477743,0.094315365
eelavf3,anger,anger,0.62162864,0.017165393,0.0049549397,0.20150457,0.14575896,0.00898745
eelcmzf,joy,joy,0.0014296529,0.0006399952,0.0004611944,0.99412054,0.001022219,0.002326381
eelctrs,joy,joy,0.18596843,0.023832634,0.0064823925,0.5261134,0.2382603,0.019342784
eeldik0,joy,anger,0.4894023,0.012246347,0.004094623,0.41400972,0.0708852,0.009361796
eeldjfn,joy,joy,0.0009895955,0.00075271545,0.00061407144,0.99408925,0.002136751,0.001417675
eeldzwl,joy,joy,0.0011574473,0.0008661208,0.0004639487,0.9948466,0.0008807125,0.0017852212
eeleoav,joy,joy,0.0016595636,0.0007352918,0.00035178542,0.9952873,0.00081701233,0.0011490129
eelephe,fear,sadness,0.3036858,0.14500606,0.13406399,0.019663721,0.31800413,0.079576336
eelf0kn,joy,joy,0.0020373205,0.0009291372,0.0004964239,0.99410135,0.0012383837,0.0011973951
eelf2ij,anger,anger,0.5490538,0.010389348,0.0034535876,0.08867327,0.06311743,0.2853126
eelgwd1,joy,joy,0.00092264963,0.00064233487,0.00038532872,0.9945766,0.0009267281,0.0025464105
eelhzpd,sadness,anger,0.918754,0.008098327,0.0019263438,0.030571813,0.0326908,0.007958758
eelih23,joy,joy,0.001189512,0.0006613925,0.0004621458,0.99477863,0.000648674,0.002259583
eelizd5,joy,joy,0.0011054295,0.0007259401,0.0004893439,0.99528426,0.0008155483,0.0015794632
eeljmuc,sadness,sadness,0.009957646,0.016677573,0.009083504,0.01014614,0.937661,0.016474081
eeljtyr,surprise,surprise,0.00781002,0.0051096636,0.0065309266,0.024620824,0.011956387,0.9439722
eelkryk,anger,anger,0.87115026,0.072938204,0.0066986335,0.005241122,0.0370345,0.0069373157
eellbrp,joy,joy,0.026139641,0.00189121,0.0010881734,0.9610656,0.002860413,0.00695508
eellryt,joy,joy,0.0010929231,0.00076723425,0.00045999562,0.9943006,0.00067841983,0.0027008334
eelmno5,joy,anger,0.8625076,0.01817814,0.0035622166,0.016053753,0.032990605,0.06670766
eelnnyk,anger,anger,0.7572143,0.02624747,0.011066865,0.018537063,0.07829836,0.10863594
eeloddc,joy,joy,0.0011542091,0.0006744472,0.00047214696,0.9942801,0.0007409074,0.0026782693
eelpaoa,joy,joy,0.008765135,0.0018110188,0.0011051686,0.96401924,0.0069576083,0.017341923
eelpp19,joy,joy,0.0010918089,0.00077499304,0.00041095674,0.99547195,0.0007758626,0.0014744665
eelq38h,joy,surprise,0.25403804,0.010428532,0.011173681,0.0644892,0.050354917,0.60951567
eelqjpo,anger,anger,0.9461827,0.021492112,0.0021576993,0.01548829,0.012510538,0.0021686743
eelsqcs,surprise,surprise,0.006576727,0.0027450179,0.004451732,0.0054227924,0.004955096,0.97584856
eeltdow,joy,joy,0.0010194207,0.00090370554,0.000814499,0.9923159,0.0034496232,0.001496839
eelts0x,surprise,surprise,0.009053517,0.0031485737,0.0048398445,0.0039182184,0.0058611203,0.97317874
eelvgqc,joy,joy,0.001432844,0.0008581995,0.00059208,0.9927827,0.0010229024,0.0033112532
eelwbqj,anger,anger,0.9710668,0.011683747,0.001325265,0.007911524,0.005683066,0.002329669
eelwdcx,anger,anger,0.9712214,0.008177482,0.0012980422,0.012196829,0.004884094,0.002222144
eelwk8q,anger,sadness,0.18218932,0.03294788,0.011534033,0.31813094,0.43980202,0.0153957615
eelwnog,fear,fear,0.016759645,0.026348751,0.61320215,0.09698611,0.05504697,0.19165635
eelwr0i,joy,anger,0.698345,0.017097065,0.0041907807,0.21981736,0.014341138,0.046208665
eelwuyf,anger,joy,0.0014229934,0.00083657936,0.0006006501,0.9940242,0.0012293989,0.001886159
eelyhvs,joy,joy,0.00093215844,0.00084257114,0.0008133296,0.99250424,0.002859452,0.0020482107
eelyjn7,anger,anger,0.9697729,0.006146749,0.0013291863,0.011611567,0.0048987675,0.006240748
eelz2wb,anger,sadness,0.0084454985,0.013974467,0.014541674,0.019500798,0.9370916,0.006445931
eelzddq,joy,joy,0.0020622748,0.0008598263,0.0004920095,0.9940269,0.0010144243,0.0015445836
eelzhnk,joy,joy,0.0014552888,0.0007224761,0.00041068633,0.9950565,0.0008092062,0.0015457565
eem090u,surprise,surprise,0.004888165,0.0032746834,0.005135389,0.044200826,0.006066817,0.93643415
eem0bwk,joy,joy,0.10126467,0.050148655,0.08377473,0.342589,0.33372405,0.0884989
eem0tn8,joy,surprise,0.33483192,0.012129856,0.008227938,0.1095555,0.055494066,0.47976068
eem23o3,joy,joy,0.0018201956,0.0008122675,0.0003537522,0.9943141,0.0006325457,0.0020672702
eem309e,sadness,anger,0.8930361,0.042267963,0.0036398724,0.0150864925,0.041878898,0.0040906374
eem4cot,joy,joy,0.0012233147,0.00062845007,0.0005053192,0.99381024,0.00083034555,0.0030023335
eem4xgw,joy,joy,0.0071249646,0.0013002517,0.00070279813,0.9866187,0.0019036751,0.0023496482
eem4zc2,joy,joy,0.0016038554,0.0006769308,0.00042367657,0.9948428,0.0007210065,0.0017316972
eem52g7,anger,anger,0.45111945,0.052327905,0.03537069,0.011446487,0.020959735,0.42877573
eem5lpz,joy,joy,0.0009965608,0.00063341006,0.0004325799,0.9947896,0.0012963203,0.0018514415
eem5ojk,joy,joy,0.0011001329,0.0006659662,0.00047406103,0.9951474,0.00080613245,0.0018063122
eem5z18,surprise,surprise,0.041785136,0.008470012,0.018441012,0.011871031,0.057341464,0.8620914
eem636t,joy,joy,0.00090654095,0.00071875425,0.00048560378,0.9954787,0.0008501907,0.001560229
eem6ixj,sadness,sadness,0.0064783725,0.017226085,0.059456706,0.009707977,0.8053809,0.10175001
eem75s7,sadness,anger,0.824574,0.06122093,0.0049673687,0.015181322,0.084623754,0.0094326725
eem7r6s,anger,sadness,0.11817691,0.06358896,0.010854749,0.020336444,0.78140926,0.0056337137
eem96ru,joy,joy,0.0015879921,0.000716027,0.00036362486,0.9932527,0.0012142904,0.0028653208
eemadmb,joy,joy,0.0010047485,0.0008813534,0.00085115986,0.9934422,0.0009055655,0.0029150182
eemajnt,joy,joy,0.0010266496,0.0006535679,0.00042892448,0.9955428,0.0009228877,0.0014251742
eemay2p,surprise,surprise,0.0051624035,0.0021138256,0.0035809225,0.011694236,0.004109961,0.9733386
eemb48z,joy,joy,0.0023054774,0.0010846165,0.0008854147,0.9907162,0.0011245782,0.003883674
eembhii,joy,joy,0.0011395613,0.0007604143,0.0004429115,0.9950889,0.00079852354,0.0017696735
eembphd,joy,joy,0.06204844,0.0067142183,0.010167884,0.7657604,0.060404662,0.09490441
eemcyc6,joy,joy,0.0010893843,0.0006640973,0.00037521552,0.9953578,0.00067675347,0.0018367283
eemd0lz,joy,surprise,0.0110007385,0.007977626,0.009313036,0.038732357,0.10899382,0.8239825
eemdb8a,surprise,surprise,0.12464221,0.0099142175,0.0042350166,0.012884404,0.01700428,0.8313198
eemdfhv,anger,anger,0.95208406,0.0075089913,0.0013600171,0.029521707,0.0048365085,0.0046887156
eemec80,joy,joy,0.0013676989,0.00079957035,0.00041293266,0.99270236,0.0006957393,0.004021693
eemeuys,joy,joy,0.001112222,0.00067299034,0.00040828073,0.9954086,0.00063299807,0.0017649085
eemf4da,sadness,sadness,0.010108062,0.009765619,0.0073033073,0.027483858,0.9381515,0.007187632
eemg227,joy,joy,0.00077147776,0.00062174356,0.0005381734,0.99378455,0.0017472085,0.0025368175
eemg9of,sadness,anger,0.85056955,0.024032962,0.002743319,0.046913236,0.05996241,0.015778454
eemhb9t,joy,joy,0.00089319755,0.00065093837,0.00043484068,0.99490476,0.0008294225,0.0022868726
eemhi5g,joy,joy,0.0015570151,0.0007083162,0.00037080425,0.9940831,0.0007972427,0.0024834534
eemhiji,anger,anger,0.9450599,0.015763238,0.0020418023,0.015228924,0.019215979,0.002690159
eemj6dh,joy,joy,0.0071687666,0.00091733434,0.0007190228,0.98367107,0.001234244,0.006289661
eemjtpw,joy,joy,0.0011669128,0.00064613076,0.00037154165,0.99561846,0.0007012212,0.0014958372
eeml1yk,surprise,surprise,0.015409798,0.0045300513,0.00503155,0.01037163,0.006198726,0.9584583
eeml7fj,sadness,sadness,0.08665369,0.038756765,0.007607344,0.017024098,0.840701,0.009257068
eeml9um,joy,sadness,0.19965158,0.07443812,0.06644588,0.19847214,0.43982822,0.021163983
eemljqa,joy,joy,0.0012788852,0.00068620004,0.00040944328,0.9952016,0.0010851283,0.00133875
eemmdaq,joy,joy,0.0016238907,0.00062863715,0.00033503675,0.994354,0.00066851894,0.0023898291
eemocqe,joy,joy,0.006375537,0.0012409467,0.00066817604,0.98853904,0.0013966443,0.0017795635
eemoqr6,joy,joy,0.0015351947,0.00094834494,0.0006206304,0.9938646,0.0007262062,0.0023050795
eemp2jr,anger,anger,0.9288684,0.01462001,0.003896829,0.04208521,0.008193854,0.0023356501
eempfip,anger,anger,0.93387616,0.015706016,0.001892814,0.01618346,0.028162291,0.0041793175
eempgvg,joy,joy,0.0018856742,0.00093021936,0.0004988202,0.99464005,0.0007578127,0.0012873722
eempxa7,surprise,surprise,0.0042646583,0.0025648903,0.0036637387,0.011242985,0.004786512,0.97347724
eemq31d,joy,joy,0.0010561852,0.0006553302,0.00046198643,0.9946741,0.00065515767,0.0024971855
eemqjmj,sadness,sadness,0.17137676,0.17859147,0.02217653,0.023491617,0.59416115,0.010202463
eemr899,joy,joy,0.04776208,0.0062310933,0.008375702,0.5715645,0.021854077,0.34421253
eemr9hm,anger,anger,0.93596953,0.034849867,0.0056438996,0.011804938,0.008043799,0.0036880919
eemreum,sadness,sadness,0.0067191245,0.010993437,0.008360167,0.011393463,0.95678014,0.005753755
eemrlq4,joy,joy,0.0009846975,0.0007313141,0.0004827177,0.9955727,0.0008832599,0.0013452766
eemrt0f,surprise,surprise,0.0050737215,0.002748632,0.004914694,0.005751062,0.004555076,0.9769569
eems57y,joy,surprise,0.33161455,0.0866182,0.036484543,0.011147249,0.1386895,0.39544594
eemsbb0,joy,joy,0.0011981535,0.00083996437,0.0005664157,0.9946327,0.0011312409,0.001631503
eemsxml,sadness,joy,0.0010884521,0.0009106986,0.0005086638,0.9934657,0.0014208911,0.0026056294
eemt60b,joy,joy,0.0009122153,0.00061742944,0.0004825474,0.9946701,0.00091176265,0.0024059964
eemt7ua,sadness,joy,0.0048677456,0.0031464337,0.0025578518,0.82116234,0.003983237,0.1642824
eemu96i,disgust,anger,0.5057619,0.19481224,0.027506927,0.15259248,0.08631115,0.033015274
eemvfch,joy,joy,0.001398604,0.0010260211,0.0008129633,0.99027693,0.0010921641,0.00539331
eemwag0,joy,joy,0.0012579515,0.0006071696,0.00031416427,0.9949992,0.0007721732,0.0020494466
eemwve7,surprise,surprise,0.0099408,0.0035663976,0.0038657612,0.012850779,0.012986515,0.95678973
eemx04q,joy,joy,0.004504908,0.0013457547,0.001173299,0.9866225,0.003361023,0.0029924535
eemxu66,joy,joy,0.17850782,0.0171219,0.020028118,0.4899826,0.22222315,0.07213643
een0g3s,surprise,surprise,0.0063107195,0.003424141,0.0046894876,0.061199263,0.012011523,0.91236484
een0kl9,joy,joy,0.0012250913,0.0006707648,0.00044838825,0.9951184,0.0008407922,0.0016965303
een14sg,joy,joy,0.0010228935,0.0008047763,0.0008087645,0.99330294,0.0019174041,0.0021432873
een1uts,joy,joy,0.0014189848,0.00079086336,0.00044488825,0.99460596,0.0011488907,0.0015904097
een48ez,joy,joy,0.0013227127,0.0007613621,0.00038661025,0.99341786,0.0008508354,0.0032607273
een61tu,anger,anger,0.95638394,0.018875321,0.0026054143,0.012791546,0.0074948864,0.0018488832
een66z9,joy,joy,0.13729517,0.020722277,0.014192055,0.56539,0.22218357,0.04021692
een6gcu,surprise,fear,0.117164895,0.086215794,0.5468921,0.027418826,0.082458906,0.13984944
een6tqj,anger,anger,0.95164835,0.02487249,0.0026150607,0.0065701436,0.008782342,0.0055116005
een7w2f,joy,joy,0.001220814,0.00070394826,0.00038678056,0.9951401,0.0007353944,0.0018130417
een89o8,joy,anger,0.9009914,0.013249931,0.002623361,0.0717246,0.008664393,0.0027463723
een8dwk,joy,joy,0.12949936,0.007944368,0.0046907812,0.8338646,0.0040978505,0.019902967
een8gbg,surprise,surprise,0.24211001,0.011435455,0.0068335887,0.007838616,0.02437225,0.70741004
een8yx4,joy,joy,0.0011238663,0.0006486704,0.00042048094,0.99533397,0.0006787565,0.0017943291
een9623,joy,joy,0.0012798992,0.0008702646,0.0007940393,0.9930155,0.0025952612,0.0014449221
eena3p8,joy,joy,0.0031952963,0.00083465653,0.0005580524,0.98727113,0.0013480677,0.0067927535
eena656,surprise,surprise,0.004036907,0.0029193533,0.004161951,0.011951975,0.0045291763,0.97240067
eenarch,joy,joy,0.0010938523,0.00065130676,0.00037521796,0.99514186,0.00075696834,0.0019807364
eenbnes,joy,joy,0.0011346176,0.00072106585,0.00064757594,0.99129593,0.0007013514,0.005499442
eendu1y,anger,joy,0.4595364,0.008007288,0.0026735289,0.47436935,0.03873012,0.01668333
eenew5i,joy,joy,0.0009483463,0.0007202535,0.00047798967,0.9954497,0.0010181399,0.0013856003
eeneyfz,sadness,sadness,0.02283396,0.04944142,0.15723638,0.007238126,0.65632087,0.10692928
eenhhg4,joy,joy,0.0011614175,0.000639515,0.00042952926,0.99503016,0.0006683687,0.0020710044
eenhk10,joy,joy,0.0009024798,0.00069441117,0.0004874855,0.9952518,0.0012633739,0.0014004526
eenjf5o,anger,joy,0.0016727059,0.0008042552,0.000774481,0.98832625,0.0008066287,0.0076157334
eenjgyw,anger,anger,0.8984963,0.017683437,0.0019221947,0.037117157,0.03952891,0.0052519822
eenjlbv,joy,joy,0.0012000895,0.0007574361,0.0004884116,0.99488646,0.0007800895,0.0018875503
eenjvjb,joy,joy,0.00095315353,0.0006216595,0.00046961472,0.99532855,0.00090374186,0.0017233024
eenle2f,joy,joy,0.0031732384,0.0011857338,0.0010388065,0.9676082,0.0015153154,0.02547871
eenlzpm,joy,joy,0.0010555587,0.0006120263,0.00044238096,0.99214303,0.0013110971,0.0044358154
eenmr23,anger,sadness,0.019281473,0.03707925,0.010131287,0.014975371,0.90997213,0.008560426
eenmu16,anger,anger,0.92485064,0.03168225,0.0018759675,0.019345738,0.018115718,0.0041297115
eenmx5z,joy,joy,0.0010132788,0.0007351772,0.000501435,0.9955071,0.0009293989,0.00131356
eennia4,joy,joy,0.0014607249,0.00081964984,0.00071670604,0.99238867,0.0015496411,0.00306452
eenojku,surprise,surprise,0.00806843,0.0022199177,0.002730473,0.019556304,0.0051849624,0.96223986
eenol0f,joy,joy,0.0011673787,0.00073076604,0.0004977701,0.9943808,0.00072032487,0.0025029632
eenomgg,joy,joy,0.0008972054,0.0007573099,0.0004476484,0.9953361,0.0009687255,0.0015929363
eenor4z,joy,joy,0.0010351287,0.00069529726,0.00043397787,0.99364823,0.0008150382,0.003372363
eenos5l,sadness,sadness,0.005010756,0.008239507,0.010843618,0.010806283,0.9570455,0.00805439
eenp1pd,anger,anger,0.96565473,0.013857372,0.0027242515,0.004192931,0.0051394915,0.008431173
eenpii0,joy,joy,0.004959421,0.0009045013,0.000552808,0.9763837,0.0014420797,0.01575756
eenppv8,joy,joy,0.0014304066,0.00068871694,0.00033177654,0.9949302,0.0007323475,0.0018865868
eenqp48,joy,joy,0.0009928666,0.0006331969,0.00044434026,0.99526703,0.0012248193,0.0014377512
eenr0w1,joy,joy,0.0023346453,0.0005538395,0.00044816683,0.9916094,0.0010784095,0.0039755846
eenrppf,joy,joy,0.0013985846,0.0008483928,0.00078644353,0.99085873,0.003813061,0.0022947472
eenrwnc,joy,joy,0.0011055265,0.00064739084,0.0003571897,0.99565494,0.0008926955,0.0013422684
eensidh,joy,joy,0.0014405345,0.00093448174,0.00064049946,0.9912095,0.0013133207,0.004461749
eensmw1,joy,joy,0.00171232,0.00078479503,0.000421266,0.9943743,0.0013694211,0.0013378693
eentzwo,fear,anger,0.70757544,0.05371652,0.077202894,0.07876617,0.06217651,0.020562524
eenu05t,sadness,sadness,0.014666018,0.020159192,0.010585747,0.012462856,0.9331062,0.009019935
eenu55b,joy,joy,0.0010697052,0.0008540251,0.0007321934,0.99244773,0.0026553983,0.0022409894
eenubik,surprise,surprise,0.015177552,0.0032309017,0.0032799442,0.007881372,0.0061084526,0.9643217
eenuqmk,anger,joy,0.3446799,0.0064116395,0.0021419143,0.6288776,0.011660047,0.006228979
eenuu2m,surprise,joy,0.001621554,0.00096054614,0.0007665299,0.9794581,0.002368272,0.01482504
eenvbjc,joy,joy,0.0016113368,0.0005979647,0.00034585502,0.9937721,0.00069928064,0.0029734904
eenvfxe,surprise,surprise,0.0066662994,0.0039784526,0.008449327,0.0044724187,0.006126798,0.9703068
eenvj8r,joy,joy,0.0015918668,0.0010519495,0.0008897805,0.9854789,0.0010500312,0.009937556
eenwl50,joy,joy,0.0035922364,0.0008092999,0.00041459195,0.99281174,0.0010708213,0.0013012731
eeny43w,anger,anger,0.95690554,0.027091496,0.003273172,0.004066495,0.0063159554,0.0023473706
eeny76q,surprise,surprise,0.008499242,0.007619826,0.011077366,0.0087981075,0.012924035,0.95108145
eeny9gj,joy,joy,0.0013032216,0.0007218661,0.0004764407,0.9942258,0.000889,0.0023837215
eenz3h9,surprise,surprise,0.012219637,0.00435348,0.005815627,0.0045247967,0.010946646,0.9621398
eeo0if0,joy,joy,0.00100714,0.00076148927,0.00044315562,0.9952425,0.00068161555,0.0018641915
eeo0jrp,joy,joy,0.0010082461,0.00068043143,0.0004135898,0.9955361,0.00090544065,0.0014562355
eeo0zo2,joy,joy,0.0022793147,0.0008999115,0.00055766053,0.9925984,0.00070554984,0.0029592041
eeo2054,joy,joy,0.0012199534,0.00064934586,0.0003865496,0.9955907,0.00066862174,0.0014848219
eeo26n5,joy,joy,0.0012208803,0.0008572636,0.00066435896,0.991529,0.00077902264,0.0049494673
eeo2l60,joy,joy,0.0012031762,0.00076588674,0.0004206185,0.9953107,0.00062067807,0.0016789334
eeo2nvr,fear,sadness,0.16815385,0.25515413,0.103729635,0.0049578957,0.44871283,0.019291738
eeo2s9h,joy,joy,0.0013738798,0.0009066695,0.00067619374,0.99054635,0.0007815234,0.0057154116
eeo3gca,joy,joy,0.0011194714,0.00065292895,0.0004817055,0.9952584,0.0009838945,0.0015036217
eeo3o4x,joy,joy,0.0011840839,0.0007406343,0.0004130577,0.99538666,0.0010940693,0.0011815655
eeo41xs,anger,anger,0.8579577,0.009506713,0.0029908435,0.107370466,0.015499476,0.0066747433
eeo42tb,fear,fear,0.04182705,0.049281687,0.79088134,0.020748567,0.05516852,0.04209278
eeo4djd,sadness,sadness,0.018540837,0.016421635,0.007718831,0.046333157,0.89749813,0.013487468
eeo4i7n,joy,joy,0.0010860562,0.00063004676,0.00040183507,0.99560577,0.0008403785,0.0014358587
eeo4ndj,sadness,joy,0.08745153,0.017932013,0.03346065,0.46522015,0.30819592,0.087739736
eeo4op1,surprise,surprise,0.004273977,0.0024107073,0.003790228,0.0071368376,0.0044610742,0.9779272
eeo5ktm,joy,joy,0.003352886,0.0007660547,0.0003774332,0.991836,0.001680246,0.0019872638
eeo5mnd,joy,joy,0.0011245363,0.0006684378,0.000585107,0.9946108,0.0011897037,0.0018214092
eeo6158,joy,joy,0.00095143315,0.0006206197,0.0004984221,0.9949083,0.0009585922,0.0020626846
eeo6ius,anger,anger,0.92399174,0.019456262,0.0039036907,0.010181527,0.010279835,0.03218693
eeo7498,anger,joy,0.007554524,0.00096270174,0.0005760688,0.97580475,0.0018638875,0.013238066
eeo8c5x,joy,joy,0.0026862149,0.00090109045,0.0006292683,0.9927477,0.0014147226,0.0016210078
eeo8ikj,anger,anger,0.9644243,0.013499221,0.0023352248,0.00711761,0.0057063894,0.006917304
eeo9qae,joy,joy,0.0037108734,0.00068129646,0.00040335042,0.9897512,0.0013842428,0.0040689968
eeobpj2,anger,surprise,0.0123902215,0.0030089966,0.0051618437,0.0059967013,0.0052742944,0.96816796
eeodtym,anger,sadness,0.07452872,0.042913858,0.0478773,0.061539356,0.73697656,0.036164198
eeoey8k,joy,anger,0.5350468,0.01803297,0.0069399383,0.2049758,0.1878978,0.04710674
eeog7ji,joy,joy,0.0011060156,0.0007268717,0.0005371236,0.99522144,0.001216199,0.0011923589
eeogs46,anger,anger,0.941833,0.011427278,0.0028627254,0.018326683,0.016668377,0.008881962
eeohv3v,anger,sadness,0.38200337,0.14549485,0.012635761,0.025672192,0.4231066,0.011087283
eeoi2ei,joy,joy,0.0015501811,0.00068361626,0.00031318568,0.9944752,0.0007072686,0.0022705763
eeoieth,surprise,surprise,0.00691809,0.0032071995,0.005534034,0.0042901724,0.0049725883,0.9750779
eeoipmw,joy,joy,0.0011478153,0.0006752978,0.0004024414,0.99542964,0.00078027544,0.001564437
eeoj2xn,surprise,anger,0.9246338,0.017650664,0.0042844755,0.023871988,0.023904312,0.0056548417
eeok9b7,anger,anger,0.9649371,0.0067258985,0.001141281,0.0141708655,0.00599145,0.007033385
eeokhn8,joy,joy,0.0015423561,0.00081019785,0.00043559197,0.9950742,0.0008507348,0.0012869745
eeokhqf,anger,joy,0.13521935,0.0057566324,0.0016659369,0.8406433,0.0121966805,0.0045180386
eeom089,joy,anger,0.9748136,0.008415472,0.0019754136,0.0071183285,0.0034532314,0.0042239744
eeomopr,surprise,surprise,0.17128886,0.010776846,0.008558896,0.18521968,0.12594822,0.4982075
eeon5ww,joy,joy,0.017228285,0.0021120124,0.001327576,0.9684392,0.0044499687,0.0064429813
eeoocug,joy,sadness,0.21172033,0.030716492,0.0049175736,0.16214667,0.5826474,0.007851608
eeoogwg,disgust,anger,0.5095609,0.0128778145,0.0067149163,0.21128583,0.051593356,0.20796719
eeoojli,anger,anger,0.4866653,0.11131307,0.18645746,0.018898418,0.16463831,0.03202743
eeop7db,joy,joy,0.0016619365,0.0007241344,0.00040341195,0.9947931,0.0010785054,0.001338777
eeopmxd,surprise,surprise,0.028254824,0.0043774797,0.0047377585,0.007930364,0.0076117916,0.9470878
eeopv2i,joy,joy,0.0012798994,0.0008173945,0.00039763446,0.99514115,0.001040789,0.0013231883
eeoqbcy,anger,anger,0.73680955,0.06546939,0.016651174,0.016148157,0.14001682,0.024904907
eeorjoq,joy,joy,0.0012595209,0.00064498204,0.00046382472,0.99460876,0.0010979677,0.0019248942
eeosooe,joy,joy,0.0011835642,0.000772008,0.0005722529,0.99401516,0.00093196024,0.002525109
eeosphh,anger,anger,0.96440625,0.018695427,0.0021275654,0.0054240967,0.005499369,0.0038472952
eeosyfr,joy,joy,0.0009085778,0.00071175734,0.0005009407,0.99516475,0.0010135386,0.001700454
eeou68l,joy,joy,0.0008433555,0.000698851,0.00056311925,0.9945885,0.0012410613,0.002065066
eeovi8o,joy,joy,0.0009821095,0.0005938171,0.00042593828,0.9953152,0.000937826,0.001745174
eeovxiz,joy,joy,0.0011929121,0.00080186804,0.00051477656,0.9949917,0.0009195992,0.0015791841
eeowg61,joy,joy,0.0011609229,0.0006465608,0.0005092326,0.9946596,0.0010959316,0.0019277124
eeox4xv,anger,anger,0.92926615,0.012374745,0.002669469,0.008709485,0.008000266,0.03897987
eeoy0zk,joy,joy,0.0016800411,0.0007466792,0.00051893585,0.98745453,0.0013611682,0.00823865
eep0p61,anger,sadness,0.19253199,0.26108676,0.19153044,0.020310858,0.29968777,0.03485219
eep1pxj,joy,joy,0.023733865,0.006175074,0.005628778,0.90711594,0.020161403,0.037184946
eep2581,joy,joy,0.0011515465,0.0007336342,0.0003908203,0.9950258,0.0008550236,0.0018431973
eep2csd,sadness,anger,0.92826444,0.030127399,0.0023310217,0.01784564,0.0194632,0.001968325
eep3xik,joy,joy,0.00095785357,0.00064631074,0.00045308584,0.99522215,0.0012015601,0.0015191056
eep4519,surprise,surprise,0.036748804,0.0075330045,0.011053935,0.0060906787,0.008911286,0.9296623
eep49hp,sadness,anger,0.6511314,0.020155035,0.00588265,0.15682735,0.15797758,0.008025959
eep4txk,anger,anger,0.6133187,0.008683702,0.005051704,0.28119716,0.06264212,0.029106626
eep5563,anger,anger,0.97015274,0.0144323865,0.0017361215,0.006763253,0.0045781597,0.0023372774
eep5q1v,joy,joy,0.0010886323,0.0006617895,0.0004134315,0.99540037,0.0007179606,0.0017178238
eep620c,joy,joy,0.0013094543,0.0007062895,0.00039441086,0.9949803,0.0006760824,0.0019335047
eep65rk,sadness,anger,0.840361,0.0110510625,0.003034957,0.06690241,0.035139307,0.04351128
eep6vxo,surprise,surprise,0.024567388,0.004524281,0.0042551747,0.04225709,0.019727962,0.9046681
eep7ywn,surprise,surprise,0.0045040767,0.004071584,0.0062138382,0.014761793,0.0044888756,0.9659597
eep80n0,joy,joy,0.006846382,0.0050737862,0.0038243048,0.53303486,0.0052062026,0.4460145
eep8oy7,joy,joy,0.0013846456,0.0005826335,0.00037037136,0.995344,0.0007389548,0.0015794247
eep8u1j,joy,joy,0.0010364534,0.00066137355,0.00054406316,0.99381554,0.0014308882,0.0025116762
eep96d6,joy,joy,0.00090261374,0.0006304355,0.00041884743,0.9949705,0.0007456111,0.0023319654
eep96in,joy,joy,0.001291973,0.0006499897,0.00036883625,0.99485517,0.0011411717,0.0016928213
eepamw4,joy,joy,0.0067325057,0.0010939947,0.00046175823,0.988284,0.0018655999,0.0015621198
eepazfz,surprise,sadness,0.013741739,0.012269039,0.027320398,0.014437461,0.90583026,0.026401026
eepbfcd,joy,joy,0.0011565897,0.0006777439,0.00045199587,0.9949478,0.000674829,0.0020910352
eepcbjy,anger,anger,0.9673582,0.01733021,0.0022334964,0.004856349,0.0053116055,0.0029101893
eepceqz,joy,joy,0.0013791434,0.00082857144,0.0005922908,0.9932968,0.0024173276,0.001485928
eepcznz,joy,joy,0.3788604,0.01004684,0.00414772,0.5683298,0.02906223,0.009552966
eepdcjf,surprise,surprise,0.008952237,0.0029796592,0.0046972143,0.004420541,0.0060531613,0.9728971
eepdi5g,surprise,surprise,0.0075080213,0.0037971626,0.0041442104,0.06452139,0.0056348545,0.9143943
eepedeh,sadness,anger,0.4564436,0.10300021,0.05101577,0.15899777,0.21912079,0.011421819
eepefiy,sadness,sadness,0.0091962265,0.014724358,0.017165363,0.0111746425,0.94230855,0.005430785
eepekg2,sadness,joy,0.0019925334,0.0009463724,0.00050171255,0.98876965,0.0052466523,0.002543117
eepepim,joy,joy,0.0031324709,0.0009752923,0.0008752496,0.9800448,0.00089473877,0.0140775135
eepey1y,anger,anger,0.4562371,0.1447326,0.19934678,0.043179408,0.12190106,0.034603067
eepeyqz,anger,anger,0.9441454,0.009338281,0.001978104,0.023204427,0.010464738,0.010869115
eepgd5q,joy,anger,0.48434916,0.008652613,0.003826792,0.20773044,0.022484574,0.27295646
eeph9pe,joy,joy,0.0015255829,0.0008626571,0.0006026192,0.98801464,0.0009933076,0.008001148
eepjy4j,joy,joy,0.0011391328,0.000722146,0.00042204992,0.99513173,0.0006471429,0.001937915
eepka5p,joy,joy,0.0009769269,0.000606195,0.00039796112,0.99536985,0.0010353861,0.0016137013
eepke7q,anger,sadness,0.39213642,0.050792485,0.006922439,0.013322549,0.5142839,0.02254214
eepkg1u,joy,joy,0.0017412672,0.00091857754,0.00056491274,0.9907917,0.00375781,0.0022258132
eepksyw,joy,joy,0.001000454,0.00065083033,0.00049722707,0.9948639,0.00086838676,0.0021192674
eeplk7f,joy,joy,0.0010538497,0.0007335296,0.00048603135,0.99521375,0.0008553801,0.0016573549
eeplpz3,surprise,surprise,0.012195646,0.0030035083,0.0038192116,0.005923281,0.0048559695,0.97020245
eepmbkz,sadness,sadness,0.32903212,0.04506918,0.026859617,0.013997245,0.5657397,0.0193021
eepoak4,anger,joy,0.09586527,0.007548911,0.0053866347,0.6296545,0.23315032,0.028394371
eepozjn,joy,joy,0.0058023045,0.0030850533,0.0017653367,0.86229706,0.004165205,0.12288497
eepp6hl,joy,joy,0.0011116051,0.00064965646,0.0004478384,0.9950153,0.0006579469,0.002117621
eeppbtl,sadness,joy,0.03872969,0.0044648503,0.002402088,0.93271506,0.012196738,0.009491657
eepptov,joy,joy,0.0014997092,0.0007322538,0.00036316403,0.9951037,0.0008248248,0.001476317
eepqeks,sadness,sadness,0.014988579,0.010804345,0.008618293,0.02617613,0.9331105,0.006302181
eepqeni,disgust,joy,0.0012150959,0.00069275725,0.00042797407,0.99531305,0.00084313174,0.0015079256
eepqzte,joy,joy,0.0013562866,0.0006600183,0.00037435308,0.995443,0.00070120796,0.0014651186
eeprh4z,sadness,sadness,0.007615254,0.0112656215,0.008514022,0.010223435,0.9500412,0.012340387
eeprso4,joy,joy,0.001035736,0.0007409088,0.00063457136,0.9946485,0.0013932454,0.0015471
eepsf4w,joy,joy,0.0009120039,0.00064400875,0.00043056207,0.9950054,0.0011192173,0.0018888041
eepsicu,joy,joy,0.0011074069,0.00067147997,0.00044443636,0.99477,0.00076890795,0.002237828
eept4ci,joy,joy,0.0012048688,0.00071118993,0.0003909844,0.9953596,0.0008374381,0.0014959034
eepty8y,sadness,anger,0.9607587,0.008583781,0.0022549306,0.014467861,0.005170641,0.008764098
eepuojs,joy,joy,0.001518966,0.00083147147,0.00041298105,0.99459463,0.00055549707,0.0020864543
eepuumw,joy,joy,0.0012784281,0.00083188503,0.0006102946,0.9918893,0.0006382111,0.0047519165
eepv56d,surprise,surprise,0.012815744,0.0042144735,0.005500908,0.08392439,0.014888288,0.8786562
eepvn9o,joy,joy,0.0010498511,0.00068456563,0.0004426148,0.9954585,0.00085564225,0.0015089249
eepvz3c,anger,anger,0.5303772,0.016900461,0.0042473595,0.118419014,0.04402164,0.28603423
eepw0xx,sadness,sadness,0.007825332,0.011248277,0.007899617,0.015066347,0.9493889,0.008571527
eepx74n,joy,joy,0.0012094256,0.00069747807,0.00039074707,0.99486214,0.00092484447,0.0019153786
eepxomb,surprise,joy,0.011243685,0.0108609265,0.040951606,0.7477815,0.03150343,0.15765877
eepy4z1,joy,joy,0.0012313841,0.0007451509,0.0004867377,0.9947889,0.0009066228,0.0018412916
eepybzo,joy,joy,0.0009919618,0.00066777144,0.0004404222,0.9953881,0.00089596113,0.0016158398
eepykdr,joy,surprise,0.022490988,0.002882507,0.0026408178,0.13873008,0.006392505,0.82686317
eepyqui,joy,joy,0.0011042895,0.000694219,0.00047696618,0.99454147,0.0006935497,0.002489496
eepz72p,anger,anger,0.91287935,0.051073402,0.008593694,0.0134853395,0.010217253,0.0037509876
eeq0bok,joy,joy,0.0010902182,0.00071037514,0.00044183558,0.9951361,0.00068208366,0.0019394803
eeq16cj,joy,joy,0.001150981,0.000800479,0.00051037763,0.995033,0.0006984253,0.0018066964
eeq19m8,joy,joy,0.0011577588,0.00069419167,0.0004287312,0.99542785,0.0006350332,0.0016563698
eeq1p6h,joy,joy,0.0017343888,0.00071297964,0.0004881785,0.9931739,0.0010546767,0.0028358896
eeq223t,surprise,anger,0.47727922,0.036404036,0.044411235,0.019652558,0.065341465,0.35691154
eeq28ec,joy,joy,0.0017657683,0.0010118771,0.0005407362,0.9931624,0.00093307556,0.002586088
eeq2rcw,anger,anger,0.8464458,0.01753011,0.0055862996,0.02167516,0.075433545,0.03332912
eeq3env,anger,joy,0.045410562,0.0035460657,0.0015857805,0.9175375,0.020337708,0.011582378
eeq5ijw,joy,joy,0.0012962942,0.00059888297,0.0003783824,0.9946719,0.0007138426,0.0023406309
eeq66ye,anger,anger,0.94518566,0.0129515445,0.0019014347,0.02978509,0.004570807,0.0056055137
eeq68jf,disgust,anger,0.5752794,0.2029333,0.06674312,0.005137279,0.08126427,0.068642616
eeq6wgw,joy,joy,0.0013020508,0.0007866413,0.00036251437,0.9950264,0.00073297793,0.0017893222
eeq77da,anger,anger,0.87974906,0.011646237,0.0018430748,0.08505059,0.015697334,0.0060137254
eeq7e8x,anger,joy,0.0017778936,0.00059670856,0.0003693969,0.994245,0.0010451514,0.0019659286
eeq7k9b,joy,joy,0.0011119889,0.0006917385,0.00042824916,0.995423,0.0008206086,0.0015243978
eeq7l3q,joy,sadness,0.21990319,0.06112015,0.012827429,0.027883524,0.66578937,0.01247635
eeq7v23,joy,joy,0.0014427414,0.0012581912,0.0017037018,0.98483306,0.0083149625,0.0024473073
eeq8gpn,surprise,anger,0.83955544,0.011608399,0.0040389863,0.023817167,0.04801984,0.07296018
eeq8ko1,joy,joy,0.0021457344,0.001031903,0.00064544025,0.9818142,0.0013197163,0.013043028
eeq93ve,surprise,surprise,0.048963603,0.005865525,0.0039089443,0.008344733,0.011405159,0.92151207
eeqadix,surprise,surprise,0.007125526,0.0034212868,0.0049384455,0.005886689,0.006302442,0.9723255
eeqbuco,anger,joy,0.020467736,0.0012405942,0.0008155467,0.9575783,0.005225894,0.01467185
eeqbw8p,sadness,sadness,0.010521497,0.008951672,0.023896342,0.009686842,0.90571016,0.041233435
eeqd4e1,surprise,surprise,0.006412202,0.0027572834,0.0049990076,0.005017896,0.0053462414,0.9754674
eeqe6t1,joy,joy,0.0012151969,0.0006906247,0.00041545578,0.99452186,0.0006448073,0.002512033
eeqeinm,joy,joy,0.004686599,0.0009876678,0.0007581893,0.98126584,0.0031132856,0.009188451
eeqfc01,joy,joy,0.0033499354,0.00096281664,0.0011510199,0.9831465,0.0021715055,0.009218237
eeqfoxc,joy,joy,0.001637243,0.00057822396,0.00045594556,0.9917354,0.00076634524,0.004826858
eeqgtew,anger,anger,0.47056928,0.013550546,0.010584458,0.4198886,0.06705574,0.018351369
eeqgxa2,surprise,surprise,0.0052656536,0.0033798446,0.00415502,0.011318201,0.0066151717,0.9692662
eeqigk9,anger,anger,0.96645844,0.013885482,0.002637435,0.004620899,0.0046007726,0.0077969716
eeqinhr,anger,anger,0.9594944,0.006011968,0.0016011739,0.023562176,0.0062861717,0.0030441687
eeqjn01,surprise,joy,0.011933803,0.0036799859,0.003301401,0.79587144,0.01234943,0.172864
eeqkkl9,joy,joy,0.3172117,0.021357646,0.010499155,0.5165816,0.08668567,0.04766432
eeqlnwy,sadness,anger,0.96629566,0.011739871,0.0016412251,0.009807256,0.007600678,0.002915219
eeqm6f7,joy,joy,0.0013011692,0.0007853853,0.00036472135,0.9953485,0.0007579042,0.0014423688
eeqm77h,anger,anger,0.9408986,0.008815285,0.0015736069,0.033112217,0.011794643,0.003805611
eeqmfii,joy,joy,0.001507928,0.0010411675,0.0007365272,0.98491526,0.0010286858,0.010770398
eeqn68w,anger,joy,0.0033814765,0.0011523897,0.0010117445,0.9840762,0.00371472,0.0066634645
eeqn6py,joy,joy,0.0009866806,0.0007027556,0.0004312592,0.9955206,0.00081259495,0.0015461522
eeqng0m,joy,joy,0.0010352704,0.00062951306,0.00042882675,0.99421847,0.0006449389,0.0030429233
eeqnh91,anger,anger,0.9168167,0.017413078,0.0046791174,0.015460464,0.025514651,0.020115942
eeqokox,sadness,sadness,0.0044359914,0.008950055,0.012511853,0.008636031,0.9526635,0.012802579
eeqonjr,joy,joy,0.0023420241,0.0007035678,0.0004955808,0.99307007,0.0009194365,0.0024693867
eeqqhxu,joy,joy,0.0010538958,0.0008124952,0.0005264494,0.99203265,0.0008939377,0.0046806973
eeqqlk7,anger,anger,0.53084326,0.32123774,0.027353985,0.03006486,0.06975724,0.020742988
eeqqrvv,joy,joy,0.002585626,0.0027351526,0.003292375,0.88707227,0.0022021795,0.10211244
eeqr8n9,joy,joy,0.0011941823,0.0007594392,0.00057395035,0.9949722,0.0013130389,0.0011871967
eeqrd8s,joy,joy,0.0010355322,0.0007391322,0.000440503,0.99538076,0.001045292,0.0013587741
eeqrehq,joy,anger,0.8310736,0.0065000383,0.002013218,0.107958205,0.011878416,0.04057655
eeqrsyn,anger,anger,0.73926884,0.03792777,0.0051499936,0.046879295,0.16552147,0.0052525997
eeqsb8k,sadness,sadness,0.33325455,0.041725233,0.0056000515,0.05426929,0.50315106,0.061999824
eeqstqg,joy,joy,0.0036776108,0.0008679811,0.0008336458,0.9820384,0.0021095453,0.010472853
eeqtjux,surprise,surprise,0.030213917,0.005214776,0.006307069,0.0070197037,0.013666569,0.937578
eeqtllf,joy,joy,0.0009911289,0.00062170747,0.00041094646,0.99551165,0.00075880485,0.0017057267
eeqtpnd,anger,anger,0.39570642,0.024415916,0.0691196,0.26814815,0.17928325,0.06332666
eeqtx3w,joy,joy,0.0013349231,0.0005547333,0.0003822349,0.993224,0.0010621956,0.0034418765
eeqvjpi,disgust,anger,0.46298823,0.40710306,0.06571977,0.0110767335,0.027002439,0.02610978
eeqvnsd,joy,anger,0.4392301,0.017530475,0.009619453,0.4292822,0.06844329,0.035894517
eeqwvjl,joy,anger,0.6932822,0.016014464,0.006108842,0.18489242,0.0885684,0.011133704
eeqxak2,joy,joy,0.0009872658,0.00059379585,0.000524058,0.9946425,0.0013141551,0.0019381783
eeqxd2a,joy,joy,0.0014900423,0.00067424786,0.00035911097,0.99469686,0.0007657141,0.0020139748
eeqy41p,anger,anger,0.962005,0.007779602,0.0022172965,0.019317677,0.0056100916,0.0030701743
eeqyfk0,joy,joy,0.0009601672,0.00069521426,0.00043418535,0.99538463,0.0009946127,0.0015311819
eeqyo0f,joy,joy,0.0009610921,0.00082002435,0.0008852193,0.9937452,0.001050372,0.0025380442
eeqz14h,joy,joy,0.0042295214,0.0036922658,0.0027160747,0.8436711,0.0027955337,0.14289555
eeqzpcx,joy,joy,0.018391477,0.00238351,0.0019224898,0.94815266,0.006671895,0.022477916
eeqzxzj,surprise,joy,0.014447375,0.0044963444,0.0053612473,0.65207654,0.0068198843,0.31679866
eer058b,joy,joy,0.07122351,0.009299464,0.009664232,0.7242847,0.110663526,0.07486457
eer0ftl,anger,joy,0.0498711,0.0025946833,0.00088571897,0.93593,0.0024772952,0.008241102
eer0jib,joy,joy,0.001175561,0.0008299578,0.00044725384,0.99469686,0.00059980364,0.0022505524
eer0lzc,joy,joy,0.0010565514,0.0006630961,0.00044854786,0.9956369,0.0007661523,0.0014288324
eer13lz,joy,joy,0.001479992,0.00064561475,0.00037136165,0.9949832,0.0008651273,0.0016547507
eer1jkc,anger,anger,0.5304054,0.13324086,0.06542439,0.01564741,0.16219674,0.09308512
eer1wu2,surprise,joy,0.008540333,0.0048643462,0.0031407883,0.65564305,0.0043817377,0.3234297
eer260v,joy,joy,0.0010553711,0.00081617106,0.00081551744,0.99311346,0.002351807,0.001847676
eer2k26,joy,joy,0.021176882,0.0027776456,0.002324051,0.9171653,0.0035715913,0.052984573
eer2rzp,anger,anger,0.8960044,0.008762611,0.0014473331,0.07145762,0.01791851,0.004409627
eer2zmm,anger,anger,0.9330458,0.017200554,0.005005062,0.025306638,0.015544683,0.0038973254
eer38ic,joy,joy,0.0013133637,0.00080670055,0.0004491434,0.99423134,0.001380358,0.0018191694
eer3q1h,joy,anger,0.5955313,0.021688553,0.011129888,0.019375747,0.015249245,0.33702525
eer3v3u,joy,joy,0.001133493,0.0006700559,0.000376027,0.9954503,0.0006889038,0.001681183
eer4bwz,joy,joy,0.0013184268,0.00089247344,0.0007245472,0.9871563,0.0007942654,0.0091140475
eer4rtc,joy,joy,0.0011556392,0.0007071631,0.00036034526,0.9951427,0.00074515183,0.0018890144
eer50di,fear,surprise,0.09540566,0.01485746,0.023482533,0.018507797,0.079340994,0.76840556
eer59d1,anger,anger,0.9717329,0.010966689,0.00249734,0.004333128,0.004262196,0.006207668
eer5b28,joy,anger,0.46678036,0.03828913,0.014616311,0.050838843,0.42055324,0.008922146
eer5h6p,joy,joy,0.0011691467,0.000781149,0.00053741445,0.99247956,0.0009208153,0.0041119186
eer5jmk,surprise,anger,0.8724173,0.02143275,0.004636396,0.0064113894,0.01501205,0.0800901
eer85ad,surprise,surprise,0.021958524,0.0036126564,0.0035037918,0.006072313,0.008345027,0.9565077
eer8clx,joy,joy,0.0010081654,0.0006772309,0.00048116912,0.9952866,0.0006761064,0.0018707748
eer8peo,sadness,sadness,0.29127482,0.026138538,0.020082511,0.07547876,0.56891114,0.018114256
eer9elt,joy,joy,0.0015845437,0.0011023975,0.00083848945,0.9922799,0.002748335,0.0014464322
eer9qea,joy,joy,0.003974677,0.0009099085,0.00047219003,0.9890231,0.0014634938,0.0041566477
eer9s5f,disgust,anger,0.94042397,0.035195485,0.0031160414,0.010171374,0.0089996625,0.0020934863
eer9sex,joy,joy,0.0015123984,0.0010891344,0.001419108,0.98849106,0.004814503,0.0026737496
eeraamn,sadness,sadness,0.014516693,0.037483778,0.01540863,0.0064653708,0.91226965,0.013855803
eerag06,surprise,anger,0.4037736,0.18706127,0.071578674,0.009393019,0.28450352,0.043689977
eeranj8,joy,joy,0.017340053,0.0023878296,0.0040344964,0.92372876,0.009273671,0.043235186
eeraozn,surprise,anger,0.8143994,0.018481327,0.0073573696,0.040346794,0.012421376,0.106993675
eerauwd,anger,anger,0.9701018,0.010578401,0.0026791051,0.00911152,0.005330403,0.0021987127
eerb1cy,joy,joy,0.0108778095,0.0012641684,0.00063530164,0.9787284,0.0021301657,0.0063640536
eerb4nn,joy,joy,0.0013928975,0.000726594,0.0004624057,0.99428916,0.0017230394,0.0014058431
eerbne0,joy,joy,0.0019776653,0.0007649816,0.00042199506,0.99446255,0.00090393133,0.0014687941
eercojg,joy,joy,0.001700643,0.00081679603,0.00036522953,0.99518377,0.00078061706,0.00115286
eerd8gq,sadness,sadness,0.0271199,0.012238946,0.0055692936,0.085972704,0.8623625,0.0067366604
eerdafa,joy,joy,0.0012945578,0.00073368876,0.00043690953,0.99476576,0.0005546207,0.0022145077
eerekx1,fear,anger,0.9276592,0.006497404,0.0017580698,0.03730342,0.017680937,0.009100863
eerf666,joy,joy,0.0019844477,0.00078550825,0.00042432052,0.9942742,0.0009866236,0.0015448115
eerfv88,joy,joy,0.0015317026,0.00083077326,0.0004015786,0.99503493,0.00077547843,0.0014255426
eerhagv,joy,joy,0.0012045704,0.0007659831,0.00041768182,0.9950923,0.0006148346,0.0019045508
eerj952,anger,anger,0.9587405,0.009226027,0.0014596004,0.013269626,0.015248008,0.0020562483
eerk9lf,anger,joy,0.038682267,0.005017877,0.007246867,0.8928275,0.04413785,0.012087641
eerlb2a,surprise,surprise,0.110210635,0.0069908155,0.0042293305,0.050937023,0.023959812,0.80367243
eerlkg6,joy,joy,0.0116165625,0.002315778,0.0015699962,0.85692906,0.0056144563,0.121954106
eerlv66,anger,anger,0.7768799,0.00918362,0.0051603974,0.059937064,0.00831012,0.14052892
eermhni,joy,joy,0.0012012895,0.00064736605,0.0003558246,0.9952114,0.0008024218,0.0017817105
eern7al,surprise,surprise,0.19257408,0.011274142,0.0043437136,0.027296433,0.012549423,0.75196224
eernlwq,anger,surprise,0.2662985,0.0086354045,0.0054505696,0.048698097,0.020076126,0.6508413
eero5s3,joy,anger,0.44862437,0.0127032,0.005715074,0.13446829,0.014574044,0.38391513
eerobn1,anger,anger,0.9516418,0.009704145,0.002397645,0.012133194,0.007880284,0.016242914
eerp62g,anger,anger,0.8867624,0.07156511,0.0042899796,0.0125425225,0.019813752,0.0050263256
eerpnal,joy,joy,0.029575031,0.002189324,0.0010289537,0.96183795,0.0020997464,0.0032690605
eerpr4t,joy,joy,0.0010546172,0.00069015654,0.0006623686,0.99353266,0.0007665759,0.003293644
eers3al,joy,joy,0.01745101,0.0015800482,0.0006792557,0.97307014,0.0036747383,0.0035448319
eersey4,joy,joy,0.004504922,0.0026584235,0.0025732794,0.9662861,0.013186019,0.010791225
eersflu,surprise,surprise,0.012672523,0.0032702037,0.004479235,0.0054100733,0.0053549306,0.968813
eersnxa,anger,anger,0.87114733,0.049394455,0.0072423294,0.014398311,0.05407564,0.0037419014
eersrrt,anger,anger,0.97233474,0.0068070847,0.0014755494,0.010775062,0.0040135398,0.004593974
eert5ys,anger,joy,0.0014727407,0.00070530176,0.0004956888,0.9946136,0.0008633852,0.0018492367
eertfgi,sadness,anger,0.7376754,0.10391345,0.007454717,0.01827915,0.12749803,0.0051791877
eeru3i3,joy,joy,0.0012496446,0.0006226336,0.00037152407,0.99531496,0.0009950306,0.0014461244
eervc0l,joy,joy,0.00085712597,0.00065255817,0.00051262684,0.99460936,0.0015921057,0.0017761163
eerx2g9,joy,joy,0.0013389556,0.0005522341,0.00033818695,0.993866,0.0007255354,0.003178982
eerx6td,joy,joy,0.0017923383,0.00094634877,0.00046882482,0.9938159,0.001709146,0.0012673702
eerx8x6,joy,joy,0.0013015528,0.0007322404,0.00053345005,0.9949826,0.0010836234,0.0013664991
eerys6q,surprise,surprise,0.3106546,0.012314667,0.006667056,0.01837537,0.030087352,0.621901
eerzfe2,joy,joy,0.0009658203,0.000709504,0.0004832916,0.99514776,0.0013698519,0.0013237714
eerzr08,anger,joy,0.00360739,0.0008242221,0.00044943468,0.9920305,0.0010725573,0.002015884
eerzr55,joy,joy,0.030678725,0.0035655256,0.002151518,0.93195033,0.0057144132,0.025939481
eerzs9g,anger,anger,0.35301736,0.26058993,0.18301088,0.00907594,0.09649448,0.09781139
ees0v2c,surprise,joy,0.0039648963,0.0008949543,0.00081153895,0.9808817,0.0038413578,0.009605599
ees1loa,anger,anger,0.9574383,0.009871958,0.0018073339,0.02120496,0.006734457,0.0029429896
ees3l2l,joy,joy,0.0013031134,0.0008695434,0.00054220716,0.9894236,0.0008588418,0.007002647
ees3q3j,sadness,sadness,0.008942496,0.0084484015,0.007686762,0.017513096,0.9510777,0.006331556
ees65vo,anger,anger,0.46825486,0.26420596,0.032502934,0.029611561,0.14601028,0.059414286
ees6s9p,surprise,surprise,0.007417231,0.0031123576,0.0042247865,0.039287157,0.007989488,0.93796897
ees7hn3,joy,joy,0.001430927,0.0007653545,0.00048520847,0.9950507,0.00074549485,0.001522375
ees7vn9,joy,anger,0.8850722,0.007522241,0.0013118583,0.07694817,0.021205679,0.00793979
ees7vpo,sadness,joy,0.0055085816,0.0018076254,0.0027598243,0.97582835,0.005950136,0.0081454655
ees8gjp,joy,joy,0.40176055,0.0069220597,0.0019636925,0.51957774,0.05597427,0.013801607
ees906a,joy,joy,0.0012707431,0.0006909589,0.00042998255,0.9953885,0.00070788845,0.0015118256
ees9dg2,joy,joy,0.0013001944,0.00068861,0.0004575342,0.9954411,0.0009924896,0.0011200997
ees9uev,sadness,joy,0.0030094266,0.0012884488,0.0007342733,0.96608055,0.0017578849,0.027129414
eesabaf,anger,sadness,0.04659115,0.053639587,0.12353795,0.02547581,0.73271596,0.018039474
eesabon,joy,joy,0.0025703139,0.0010666597,0.00047039182,0.99246573,0.0021573764,0.0012694809
eesbmy9,joy,joy,0.0014696427,0.0008406041,0.00050013687,0.9944518,0.00087554497,0.0018623276
eesbov7,joy,joy,0.0012043723,0.0006460018,0.00041019433,0.99543387,0.00086780026,0.0014377427
eesbzxy,joy,joy,0.0044403425,0.0012033983,0.0008509261,0.98939264,0.002142508,0.0019701645
eescm61,joy,joy,0.0010557598,0.0007384811,0.00040815352,0.99533325,0.0009107909,0.0015535115
eescux3,sadness,anger,0.8248,0.09679758,0.0054022986,0.016519051,0.04873836,0.0077426946
eesdilk,joy,joy,0.004210624,0.0020089927,0.0022852859,0.9244024,0.0048306724,0.062261946
eese41b,joy,joy,0.0013409342,0.000891599,0.0007747144,0.99129313,0.0007237054,0.004975914
eeseq5b,joy,surprise,0.037534237,0.00471014,0.008050254,0.07268617,0.019450253,0.8575689
eesfeon,joy,joy,0.001439008,0.0007495695,0.00035221755,0.99520975,0.00069549895,0.0015538656
eesg54n,joy,joy,0.000952201,0.0006369583,0.00042681507,0.99527365,0.00081033935,0.0019000971
eesgbva,sadness,sadness,0.01821939,0.01466522,0.008707535,0.066942245,0.87956625,0.011899316
eesh7my,joy,joy,0.0010337781,0.0006730541,0.00042748253,0.99559927,0.00087573304,0.0013906135
eesirne,anger,anger,0.8182743,0.04756542,0.013173987,0.010362854,0.034642663,0.07598076
eesit6h,surprise,anger,0.8541773,0.04219635,0.01280864,0.009690388,0.022390706,0.058736593
eesiyru,joy,joy,0.0011653794,0.0007388306,0.0005137067,0.9945766,0.0008009008,0.002204646
eesjpzb,surprise,surprise,0.022537963,0.0095441025,0.011340318,0.0075667575,0.03549738,0.91351336
eesjxth,joy,joy,0.0011040354,0.0007324493,0.0004838695,0.9949685,0.0013673649,0.0013437653
eesk812,joy,joy,0.0028287205,0.0006935933,0.00043595847,0.9889824,0.0011576514,0.005901725
eeskmoi,joy,joy,0.0010547987,0.00062552537,0.00036680498,0.9953223,0.00068803685,0.0019425295
eeslqg8,anger,anger,0.9327069,0.007636104,0.0024898273,0.019863684,0.016995633,0.020307843
eeslxr7,surprise,surprise,0.019175846,0.0041281953,0.0048672045,0.004437329,0.0075870426,0.9598044
eeslyec,anger,anger,0.92513674,0.029761054,0.004925482,0.008960988,0.02588709,0.0053287107
eesnjkv,joy,joy,0.0014699639,0.0006937029,0.00036074288,0.99488914,0.00079101877,0.001795319
eesno19,surprise,surprise,0.0059178136,0.0038061491,0.0063529243,0.008239859,0.0055380785,0.9701452
eesnvpa,sadness,sadness,0.00767079,0.011118921,0.008682889,0.012232627,0.954693,0.0056017204
eeso0jq,joy,joy,0.0017159207,0.0008286086,0.0006907482,0.98164636,0.001188948,0.01392942
eeso4xo,joy,joy,0.0011448112,0.0007439336,0.00043667317,0.9955232,0.0008839753,0.0012673789
eesptz5,anger,joy,0.0029971278,0.00096846925,0.0005360047,0.9930432,0.0012953051,0.0011598844
eespvyc,fear,fear,0.02401161,0.038983602,0.7419468,0.056098066,0.044790864,0.094169065
eesrpz8,joy,joy,0.001049914,0.00076179684,0.00045288383,0.99539906,0.001123035,0.0012133347
eessfbc,surprise,sadness,0.015396358,0.025982302,0.027319523,0.024820307,0.85130304,0.05517853
eessgkg,joy,joy,0.0009953335,0.0007176052,0.00051214057,0.9952278,0.0010679633,0.0014791774
eesstwu,anger,anger,0.922017,0.021507945,0.005034579,0.01516398,0.018858528,0.017417999
eesu8o8,sadness,joy,0.0018083416,0.0010602869,0.0009945163,0.9892056,0.0054989075,0.0014323329
eesunjg,anger,anger,0.9660651,0.013417078,0.0022240938,0.0054988693,0.004566951,0.008228018
eesw882,joy,joy,0.0010444263,0.000803273,0.0008086634,0.9934136,0.00082491845,0.0031050732
eeswa6m,joy,joy,0.0011007732,0.0006699706,0.0004337432,0.9954579,0.00075732893,0.0015803648
eeswlop,joy,joy,0.0018032473,0.0016366047,0.0012846536,0.9696988,0.0014021127,0.024174646
eesxjm2,joy,joy,0.0012025649,0.0006069868,0.00041519638,0.9942919,0.0010467443,0.0024366332
eesxmcy,anger,anger,0.9413156,0.007211341,0.0019575986,0.026047986,0.008215798,0.015251711
eesxpbt,surprise,surprise,0.025687985,0.006343627,0.008689695,0.013882546,0.012413628,0.9329825
eesylgj,joy,joy,0.0009385013,0.00065180945,0.00042055675,0.9955538,0.00086193456,0.001573448
eesymt9,anger,anger,0.9571312,0.015480089,0.002116734,0.013075161,0.009797621,0.0023990613
eesz52n,sadness,surprise,0.053407688,0.015253584,0.00752182,0.0373535,0.23875275,0.6477106
eeszaav,sadness,sadness,0.063577145,0.027702011,0.007596427,0.029826622,0.86487013,0.0064276066
eet0225,fear,fear,0.022165574,0.0368855,0.8139944,0.012218745,0.07086359,0.043872144
eet10ms,joy,joy,0.0010037265,0.0007186549,0.00040390695,0.9949439,0.0007733574,0.0021564276
eet131x,joy,joy,0.025279596,0.041543506,0.3386178,0.49961478,0.03793226,0.057011995
eet28az,anger,surprise,0.029094879,0.004190685,0.0048999055,0.051756352,0.009382686,0.90067554
eet3k71,joy,joy,0.0012461863,0.0010177251,0.00095672917,0.99025446,0.0008894196,0.0056354078
eet3lyj,joy,joy,0.0013529869,0.00059849006,0.0003790236,0.99534696,0.00077602424,0.0015465255
eet4fi7,sadness,sadness,0.012542166,0.011138494,0.0067364126,0.024873527,0.93880105,0.005908297
eet4ql6,surprise,surprise,0.0061830045,0.0034835117,0.0051901103,0.009190553,0.0055640033,0.97038877
eet51na,surprise,surprise,0.0063691004,0.0028427825,0.0043684486,0.005816202,0.0044940077,0.9761094
eet5rv5,joy,anger,0.93513054,0.014370119,0.0018316642,0.02197033,0.02371877,0.0029785943
eet69y1,anger,anger,0.945302,0.034784656,0.0033535715,0.0041209,0.008805959,0.0036328905
eet6iz4,surprise,surprise,0.10201961,0.03065143,0.027150992,0.15674394,0.020257657,0.6631764
eet6xiw,joy,joy,0.0011459186,0.00066016207,0.0003834873,0.995667,0.0006813667,0.0014621132
eet7bx1,sadness,sadness,0.019247605,0.01852965,0.049953587,0.0084333625,0.87796694,0.025868794
eet85d7,surprise,surprise,0.022547582,0.012526873,0.05521985,0.017667959,0.016254088,0.8757837
eet8ikg,sadness,sadness,0.008627682,0.017375117,0.02343794,0.0058786743,0.91163784,0.03304277
eet8yzy,joy,joy,0.0009889577,0.0006338736,0.00049074774,0.9951186,0.0012502883,0.0015176075
eet9pkc,surprise,anger,0.9273186,0.014898172,0.0021706314,0.017095536,0.030710129,0.0078068613
eet9ry7,surprise,surprise,0.048091486,0.012722572,0.010185841,0.0165139,0.19811621,0.71436995
eetafmj,joy,joy,0.0012315015,0.0006830523,0.0003418049,0.99504304,0.001145832,0.0015547429
eete9w8,joy,joy,0.0013310929,0.0008061084,0.00054080505,0.9925517,0.00083126884,0.0039390055
eetecqs,anger,anger,0.9536998,0.022096993,0.002132453,0.010609152,0.008237581,0.003223953
eeteyb5,joy,joy,0.0014145267,0.0006386458,0.0004136183,0.9942042,0.0008015246,0.0025274279
eetffuy,joy,joy,0.0013069442,0.0007359856,0.00035494723,0.9952554,0.0006210803,0.0017256681
eetfjjt,surprise,surprise,0.21590056,0.008442709,0.0037899998,0.060677383,0.015587233,0.6956022
eetfpbl,surprise,surprise,0.0039429427,0.002872375,0.0048414133,0.00719012,0.0046238787,0.97652924
eetgbyi,anger,anger,0.9451747,0.031093426,0.0027072232,0.006735727,0.012184928,0.0021039254
eethmw6,joy,joy,0.0016667069,0.0010380176,0.0008048488,0.99159205,0.003383338,0.0015150565
eetibyd,joy,joy,0.0010813074,0.00075076614,0.00041226918,0.9953955,0.0009814528,0.0013787071
eetij81,sadness,joy,0.011023011,0.0010865644,0.00075936824,0.9765064,0.004534812,0.0060897665
eetioh6,joy,surprise,0.11835725,0.012426041,0.013973137,0.38361534,0.0714499,0.40017834
eetiq43,anger,joy,0.14081147,0.006024388,0.0045731557,0.8052448,0.030899039,0.012447124
eetiwwn,joy,joy,0.0023571183,0.0006672685,0.00046954947,0.99272233,0.0009872074,0.0027965123
eetj3i7,sadness,sadness,0.0055782693,0.0074984254,0.011728476,0.008863002,0.9565814,0.009750386
eetjm9k,fear,anger,0.8792586,0.032194715,0.018405467,0.011239005,0.03973348,0.019168748
eetjwa4,joy,joy,0.001210754,0.0007795154,0.0005600844,0.9942714,0.00092302816,0.0022552004
eetjwdz,anger,anger,0.9606775,0.00878554,0.0016506307,0.008808466,0.013145939,0.006932013
eetjydb,joy,joy,0.0010119174,0.00074025546,0.00041868194,0.99439716,0.00066799414,0.002764043
eetl6sv,joy,joy,0.0013471171,0.00075203367,0.00038608973,0.9953564,0.0007358904,0.0014224837
eetl93o,joy,joy,0.014876728,0.0033433212,0.0022164255,0.63852936,0.010429224,0.330605
eetll9u,surprise,surprise,0.39541578,0.010231546,0.005083289,0.013089212,0.01579739,0.5603827
eetoscc,surprise,surprise,0.013135636,0.00786854,0.021047747,0.010123053,0.04819858,0.89962643
eetow0b,joy,joy,0.0016645681,0.0007444129,0.00039770096,0.99487996,0.0008916434,0.001421658
eetp0e7,joy,joy,0.0019860151,0.00069642725,0.00040533041,0.99385506,0.00096793834,0.0020892508
eetpgzj,sadness,sadness,0.0144546665,0.010676174,0.0069745183,0.05119146,0.9075938,0.00910947
eetphqv,anger,anger,0.9681618,0.008429901,0.0017482559,0.0138360765,0.005071109,0.0027528726
eetptjj,joy,joy,0.0011017323,0.00069685973,0.00042559745,0.9949883,0.00061729393,0.0021701693
eetpv7z,anger,surprise,0.062267624,0.006166931,0.008251774,0.011551545,0.020142915,0.89161927
eetqbu7,surprise,surprise,0.02085349,0.005059591,0.003721047,0.3377907,0.008876001,0.6236992
eetriyn,surprise,surprise,0.006694982,0.0025263755,0.0037684802,0.028982662,0.0049800617,0.9530474
eetrmuk,sadness,sadness,0.018412646,0.011277344,0.0063678753,0.036984712,0.9190407,0.007916696
eetrrhp,joy,joy,0.0013836187,0.0006862571,0.00042549253,0.99386495,0.0006623491,0.0029772872
eets0d7,joy,joy,0.0012294038,0.00067867455,0.00038495244,0.995295,0.0007405124,0.0016714652
eetsnku,joy,joy,0.002037033,0.0008850278,0.00057788193,0.9932006,0.0010319947,0.0022674445
eett96e,joy,joy,0.0015563744,0.0009577642,0.00051444623,0.99489623,0.00084153656,0.0012336534
eettqm3,joy,surprise,0.007153198,0.0044285683,0.0035607899,0.12690346,0.0049003987,0.85305357
eetu2qg,joy,joy,0.0013879352,0.0007934354,0.00051618204,0.9926162,0.0009905872,0.0036956915
eetwt55,joy,joy,0.0027365526,0.00080423517,0.0005695464,0.99233246,0.0020026288,0.0015545156
eetxboc,joy,joy,0.00082278013,0.0006805207,0.0005207398,0.99422294,0.00082328724,0.0029297734
eetxlxy,joy,joy,0.0036446871,0.0006475709,0.0005792793,0.9895012,0.0030712276,0.0025559904
eety9p1,joy,joy,0.001106848,0.0007621568,0.0005124929,0.99459887,0.00068499806,0.0023345964
eetyh82,joy,joy,0.0014494519,0.00079228915,0.0004952135,0.99373287,0.000893156,0.0026369267
eetz83k,sadness,sadness,0.006436357,0.014424347,0.014084264,0.0072981142,0.9504304,0.007326507
eetzyip,anger,anger,0.66162074,0.029943412,0.011711212,0.2516732,0.022948636,0.022102797
eeu0vsl,joy,joy,0.056089856,0.0028708475,0.002265565,0.91283655,0.010644456,0.015292762
eeu2te8,joy,joy,0.0011166635,0.00086884265,0.0006709562,0.99384296,0.0009020656,0.0025985846
eeu4dq8,anger,anger,0.9279429,0.010559688,0.0020073769,0.031108702,0.014679995,0.013701432
eeu4lrv,joy,joy,0.002759384,0.00084535277,0.0005234441,0.9881451,0.0030498493,0.0046767923
eeu534e,joy,joy,0.0013639271,0.0006114595,0.00029828475,0.9940195,0.00096409424,0.0027426982
eeu59wa,anger,anger,0.9681911,0.016051121,0.0026844763,0.004974153,0.0039109597,0.0041882233
eeu5s7r,surprise,surprise,0.017145012,0.0040075756,0.0040080557,0.011952254,0.0077480413,0.95513904
eeu6rax,joy,joy,0.001918945,0.00081368093,0.00036311505,0.9942913,0.0013190313,0.0012939299
eeu8jww,joy,joy,0.04782322,0.005108348,0.0017071067,0.8274486,0.01544747,0.10246524
eeu94fh,surprise,surprise,0.055786308,0.009327242,0.0065865293,0.008799602,0.056913335,0.8625869
eeu9qa0,anger,anger,0.95688367,0.0062744147,0.0018328676,0.025738496,0.0057240203,0.0035465693
eeu9urb,joy,joy,0.0009422007,0.00059572374,0.00036634246,0.9953992,0.001045972,0.0016506641
eeub7hl,anger,anger,0.6896744,0.11382895,0.02040823,0.00932898,0.1520859,0.014673648
eeub7im,joy,joy,0.0015117358,0.0008213543,0.0004293127,0.9950565,0.001032228,0.0011487547
eeubpbz,fear,fear,0.01591449,0.033511847,0.75027514,0.020870382,0.11263838,0.06678982
eeucc1h,joy,joy,0.0009592068,0.00063421135,0.00038984176,0.99537957,0.0011069891,0.0015301879
eeucruv,joy,joy,0.26495737,0.0074488386,0.0051172636,0.4498932,0.025209082,0.2473742
eeud3dn,joy,joy,0.0032227638,0.0007589572,0.0004910499,0.9921644,0.00138559,0.0019772477
eeudax5,anger,anger,0.9660831,0.014344234,0.002267156,0.010351479,0.004079661,0.0028743362
eeudgrp,surprise,surprise,0.0074574375,0.002983615,0.0070885927,0.006230586,0.0056700357,0.97056973
eeudvxm,anger,anger,0.9185248,0.008018222,0.001725462,0.042524014,0.0097067375,0.019500695
eeug3xp,joy,joy,0.002703559,0.0013667684,0.0017353649,0.98514706,0.0027371119,0.006310075
eeughzo,joy,joy,0.0015594366,0.00081109157,0.00058355305,0.99040246,0.0007309608,0.005912429
eeugv0g,anger,anger,0.9712397,0.00902588,0.0014459923,0.0107841445,0.0052575567,0.0022466634
eeuh8ox,anger,anger,0.94752485,0.019260861,0.0021035343,0.01269531,0.012424981,0.005990429
eeuhfag,joy,joy,0.002193086,0.0011776774,0.00054135604,0.9926984,0.0010062829,0.0023832952
eeuhfw1,joy,joy,0.21523689,0.013830823,0.015932795,0.49028096,0.22957323,0.035145305
eeuhhz3,joy,joy,0.0016570917,0.0007690085,0.00043409696,0.9948474,0.0010277932,0.0012646472
eeui1et,joy,joy,0.0011280974,0.0006576068,0.0005801628,0.9946585,0.00079348555,0.0021820616
eeuic1c,joy,joy,0.0010144729,0.00075904495,0.00067006465,0.9946577,0.0015859297,0.0013128229
eeuirox,surprise,surprise,0.16670422,0.009351439,0.0060514337,0.038444117,0.012609655,0.7668392
eeul28b,anger,joy,0.0019422646,0.00068857224,0.0003941149,0.9945372,0.0007622352,0.0016756218
eeum351,joy,joy,0.0035866909,0.0009417958,0.0006399977,0.9892085,0.0016512354,0.0039717294
eeum4kw,joy,joy,0.018191746,0.0028957627,0.0020851549,0.87522644,0.004747846,0.09685305
eeumfk9,joy,joy,0.0015026649,0.000963012,0.00058839255,0.99456775,0.0011227425,0.0012554128
eeumhlw,joy,joy,0.0013963714,0.0006952124,0.00035197966,0.9946096,0.0006646428,0.0022822423
eeuoxtq,joy,joy,0.0010137444,0.00063710025,0.00047671597,0.99541473,0.0007852739,0.0016724677
eeuoy8g,joy,joy,0.0010997646,0.0006786936,0.0004611889,0.9953832,0.00070669886,0.0016703403
eeuph0v,anger,anger,0.9605624,0.019162893,0.0023564424,0.006726735,0.004542514,0.0066489554
eeuq3iw,joy,joy,0.0026520926,0.000991405,0.00046158195,0.9934522,0.0008436301,0.0015991114
eeuqcmv,anger,anger,0.96565586,0.017660368,0.0025266714,0.007157871,0.0052066552,0.0017926268
eeuqtvk,joy,anger,0.88557076,0.0065595703,0.0015313984,0.082940675,0.017402004,0.0059956494
eeuqwra,surprise,surprise,0.00938747,0.003945584,0.005849706,0.011634268,0.009433666,0.9597494
eeurenv,surprise,surprise,0.01814376,0.0041918997,0.0049705706,0.0050173076,0.0064141257,0.9612624
eeurof8,surprise,surprise,0.010599462,0.0054473514,0.008483902,0.02746427,0.015328329,0.9326767
eeus3ve,joy,joy,0.001297571,0.00081026985,0.00062423653,0.99443024,0.00087424525,0.0019635046
eeusaj6,joy,joy,0.0012957618,0.0006639395,0.00042889177,0.9934042,0.0008650234,0.0033422457
eeusbnx,joy,joy,0.0017977747,0.001036857,0.00058608834,0.99336445,0.0011382062,0.0020765918
eeutdim,joy,joy,0.0011504759,0.00077012094,0.00054539175,0.99465793,0.0009864357,0.0018895929
eeuu43o,joy,joy,0.0016480404,0.00080092705,0.00063705957,0.994456,0.0008767468,0.0015812695
eeuv3cd,anger,joy,0.03329864,0.002290906,0.0015280441,0.93935025,0.005486878,0.018045334
eeuwcbk,joy,joy,0.013247793,0.005281837,0.009318578,0.9198103,0.027330125,0.025011424
eeuwf7x,joy,joy,0.0012060094,0.00081677735,0.00044506876,0.99446833,0.0008150911,0.0022486914
eeuxtnz,joy,joy,0.0013022682,0.00070740865,0.000438673,0.9955581,0.0008521377,0.0011414994
eeuxw8b,anger,anger,0.90379816,0.015947547,0.0031249593,0.05968173,0.014928485,0.0025191808
eeuy7do,joy,joy,0.0014691828,0.0010866529,0.0016768383,0.9607029,0.0036585089,0.03140597
eeuzdku,joy,joy,0.0012743747,0.0009795905,0.0005364187,0.9887326,0.001014901,0.0074620564
eeuzzl3,joy,surprise,0.013230328,0.0042654597,0.0035709538,0.07506389,0.008299359,0.89557
eev05mv,joy,anger,0.6741353,0.023506653,0.011213607,0.14342158,0.098789684,0.04893317
eev0tey,surprise,surprise,0.0060486356,0.0037174972,0.004026358,0.031192534,0.005612351,0.9494026
eev0ufb,joy,joy,0.0012661935,0.00071939075,0.00045346984,0.99079376,0.001219555,0.005547671
eev1c1v,joy,joy,0.0010154361,0.0006334898,0.00046038476,0.99445677,0.00086310005,0.0025707432
eev1n3p,joy,joy,0.0012365628,0.00076043716,0.00059528486,0.9935243,0.00202669,0.0018567203
eev2dq4,fear,fear,0.07603445,0.14997593,0.5007735,0.038422856,0.12866482,0.10612846
eev35v5,joy,joy,0.009101549,0.0029132746,0.0015811927,0.8518909,0.0031294513,0.13138367
eev3snh,joy,joy,0.0012244072,0.0010455003,0.0010415378,0.989461,0.0052942764,0.001933272
eev42ak,anger,anger,0.41317412,0.07899093,0.084404014,0.03895152,0.35804278,0.026436616
eev4p4k,joy,joy,0.2768418,0.017432855,0.0057065506,0.63948745,0.054233506,0.0062978207
eev4vdj,joy,joy,0.0012086522,0.00070743967,0.0003617465,0.99543697,0.00076398277,0.0015212031
eev671h,surprise,anger,0.9177746,0.019613223,0.0042446535,0.010068935,0.017151503,0.031146966
eev6mi6,joy,joy,0.0013450617,0.00090680557,0.00064182153,0.9946403,0.0010895451,0.0013765367
eev7ico,sadness,sadness,0.009656416,0.012281493,0.0092348335,0.014355768,0.945362,0.009109452
eev7uaa,surprise,surprise,0.0071483115,0.004473088,0.003947912,0.3203796,0.0057195737,0.6583315
eev7upq,joy,sadness,0.3388374,0.022612004,0.011236148,0.16303241,0.43849084,0.025791189
eev7z0w,joy,joy,0.0018544821,0.00083728234,0.00052943616,0.9880526,0.0010732586,0.00765288
eev89na,surprise,joy,0.0033441384,0.0007699213,0.0011146927,0.9821722,0.0049509495,0.007648026
eev8kvj,anger,joy,0.34220093,0.006976051,0.0044563813,0.60812205,0.018755697,0.019488918
eev9yr0,anger,anger,0.67280734,0.05272882,0.04596929,0.0074663633,0.014988124,0.20604008
eevb2lm,joy,joy,0.0014889899,0.0011117437,0.0008999214,0.98365134,0.0008930889,0.011954983
eevcg8b,anger,anger,0.9334104,0.010736232,0.0023294704,0.038454268,0.00990559,0.005164074
eevcgtl,joy,joy,0.008199869,0.0021649676,0.0010220528,0.945107,0.024122147,0.019384008
eevch8c,joy,joy,0.0010328318,0.00060818787,0.00045042357,0.99375737,0.00073978596,0.003411501
eevd0ih,anger,joy,0.107143134,0.004272066,0.0029822576,0.77852917,0.01793595,0.08913746
eevdm3z,joy,joy,0.0015666966,0.00073648687,0.00040832767,0.99428624,0.00065511395,0.0023471767
eevep1z,sadness,sadness,0.017324476,0.014912516,0.09492354,0.070222944,0.7627846,0.039831948
eeveplm,sadness,sadness,0.028079452,0.019665273,0.0070173293,0.012244352,0.9281573,0.004836184
eevfunt,joy,joy,0.019678587,0.0031524824,0.0019999633,0.95592934,0.011011949,0.008227697
eevgd8u,anger,anger,0.92098343,0.049352314,0.0034026084,0.009039881,0.011756931,0.005464799
eevgs0l,joy,joy,0.001262502,0.00079466647,0.00044134376,0.9943469,0.0011346595,0.0020199078
eevgsat,surprise,surprise,0.014533592,0.0036189326,0.00404728,0.019105112,0.0056969374,0.95299816
eevi7lt,joy,joy,0.0014953535,0.00063414633,0.00038809367,0.9950104,0.0006893721,0.0017826355
eevicpm,joy,joy,0.0012205334,0.00075647194,0.00040288258,0.99530905,0.00092778396,0.0013832843
eevjvyh,anger,anger,0.96844256,0.012373794,0.0017552049,0.008456264,0.006775502,0.0021965862
eevkbu9,surprise,surprise,0.0045968145,0.0026507236,0.004323122,0.0068280282,0.004838277,0.976763
eevkcjv,sadness,anger,0.86552143,0.011206519,0.0037679218,0.050537758,0.06381577,0.0051504355
eevkhqx,anger,anger,0.9602018,0.007947616,0.0018844067,0.01852647,0.0076399264,0.003799729
eevliye,joy,joy,0.0016520366,0.0010658809,0.00065871776,0.9887305,0.00088104873,0.0070118443
eevlu6o,disgust,anger,0.8294469,0.08143346,0.005180033,0.022492712,0.058605533,0.002841384
eevmfeo,joy,joy,0.0019583392,0.0014098141,0.00080180995,0.98048073,0.0011116188,0.014237687
eevo182,sadness,sadness,0.0061894185,0.012080958,0.009796427,0.01452541,0.95138305,0.006024644
eevp7bv,sadness,fear,0.018324934,0.029463982,0.7593774,0.02549787,0.076762654,0.09057309
eevpaam,surprise,surprise,0.006686063,0.0034874629,0.007255708,0.004144685,0.0058131777,0.97261286
eevq7zp,joy,joy,0.0016740964,0.00066268176,0.00034593832,0.9922776,0.0010003991,0.0040392578
eevr433,joy,joy,0.001196772,0.00071262196,0.0004488267,0.9953194,0.00082513894,0.0014971724
eevr8sl,joy,joy,0.12108848,0.049481213,0.060212802,0.5493819,0.18335989,0.03647568
eevrbpl,surprise,surprise,0.029914089,0.006568644,0.0052017584,0.007998305,0.03018482,0.9201324
eevrjsm,anger,anger,0.9455716,0.023340154,0.0021699995,0.01312015,0.01145908,0.004339041
eevrya5,fear,fear,0.01517986,0.03589628,0.6675072,0.045134265,0.19445635,0.041826144
eevsc0g,surprise,surprise,0.005047946,0.0032008337,0.0054635187,0.007947129,0.004458197,0.9738824
eevt08e,joy,joy,0.0022587078,0.0008487204,0.00038402955,0.9904688,0.0007833239,0.005256498
eevtv3g,joy,joy,0.0015978008,0.00079534255,0.00037858458,0.9949903,0.0008034913,0.0014344573
eevu8lr,surprise,surprise,0.19047523,0.021814205,0.023509383,0.12253882,0.11427456,0.5273878
eevux7x,joy,joy,0.0011840189,0.00075532007,0.00035788407,0.994989,0.0008575349,0.0018562534
eevuxzh,joy,joy,0.0773682,0.010495318,0.008132816,0.72016144,0.1683094,0.015532879
eevva29,surprise,surprise,0.007903838,0.0031753287,0.0044039357,0.004907714,0.00471279,0.9748965
eevva53,anger,joy,0.009435164,0.0009134019,0.0006782889,0.9704109,0.0024373534,0.01612494
eevvj5z,sadness,sadness,0.013016525,0.01748069,0.007124842,0.00975445,0.94142556,0.011197983
eevwees,anger,anger,0.94238734,0.032247216,0.0026123582,0.0051404214,0.013880118,0.0037324938
eevwgq3,joy,joy,0.0011100252,0.00083125633,0.0005614682,0.99125165,0.0006971198,0.00554843
eevwmcu,anger,anger,0.9400501,0.03587201,0.0033176134,0.008535529,0.0076520233,0.004572767
eevwvn8,joy,joy,0.022112858,0.012337937,0.007662399,0.85889155,0.09044922,0.008546138
eevx7g0,joy,joy,0.0018141983,0.0007359345,0.0004737582,0.9868195,0.001172786,0.008983842
eevy7jr,joy,joy,0.0016647542,0.0009143151,0.00065385574,0.99390763,0.0011931094,0.0016663782
eevyd9g,sadness,joy,0.0015874755,0.0018073297,0.0028422335,0.9655197,0.024377549,0.0038656434
eevz6il,anger,anger,0.6972372,0.024004644,0.009726097,0.010615777,0.019098088,0.23931813
eevzcvn,joy,joy,0.0015557439,0.00079547457,0.0005783716,0.9944405,0.0010671475,0.0015627192
eevzguk,joy,joy,0.0009993422,0.000670101,0.0006481561,0.99480516,0.0011045719,0.0017725821
eew0j2q,anger,joy,0.0030285986,0.0013542923,0.00058074744,0.9902226,0.0017452582,0.0030685482
eew1gle,anger,anger,0.9669728,0.008749123,0.0029864255,0.011452873,0.0049477634,0.004891044
eew1o33,joy,joy,0.0013116106,0.0010237909,0.00086514774,0.98949933,0.005462791,0.0018374028
eew1pd6,surprise,surprise,0.009516627,0.0030921316,0.0029803955,0.012345281,0.005508523,0.9665571
eew1r20,joy,joy,0.0016398514,0.0009776161,0.0010660124,0.9888967,0.0010556246,0.0063642366
eew1shl,joy,surprise,0.014025675,0.0034144968,0.003397823,0.06575671,0.009592711,0.9038126
eew20af,anger,anger,0.9496806,0.013303143,0.0026053428,0.019364646,0.012296053,0.0027502347
eew2n25,joy,joy,0.00091467105,0.0007813571,0.0005370281,0.99540555,0.0008521226,0.0015093283
eew3mm0,surprise,joy,0.033830136,0.007150672,0.010702472,0.46935704,0.019664327,0.45929533
eew4kg2,joy,joy,0.0010542276,0.0007278604,0.00042940117,0.99556065,0.0008840756,0.001343798
eew4nom,anger,anger,0.5692494,0.22626102,0.081301436,0.013302805,0.0810566,0.0288288
eew5cn2,joy,sadness,0.12525734,0.019378094,0.013946375,0.020532778,0.79815245,0.022732867
eew5o3z,joy,joy,0.0010426732,0.0006980948,0.00044008362,0.9952614,0.0009844041,0.0015733592
eew5okn,joy,joy,0.0012101791,0.00074740866,0.00036769448,0.99564004,0.00078833033,0.0012462817
eew5z9h,surprise,surprise,0.018397106,0.004196297,0.0051478134,0.08378098,0.017558202,0.8709196
eew5zae,anger,anger,0.9617754,0.016516246,0.0034310478,0.0036287557,0.0048910454,0.009757363
eew86md,joy,joy,0.0010922536,0.00074131106,0.0005627611,0.9951255,0.000988998,0.0014892797
eew8c8f,joy,sadness,0.042951394,0.02761843,0.014457388,0.018381847,0.8899844,0.0066065593
eew8x76,anger,anger,0.5774212,0.022795444,0.0062546185,0.0818877,0.28562373,0.026017329
eew9um5,sadness,joy,0.01869657,0.0045707403,0.0019787643,0.8390831,0.118616425,0.017054338
eew9vje,joy,joy,0.0016352333,0.00081122684,0.0005464779,0.9946126,0.0012868369,0.001107681
eewaqo7,joy,joy,0.022820432,0.00225538,0.0015457465,0.9612072,0.002936361,0.009234868
eewawdh,joy,joy,0.041887727,0.0020639908,0.0011933963,0.94637316,0.0047867256,0.0036950323
eewazmn,joy,joy,0.0011971717,0.0008441797,0.0004721766,0.993796,0.00067931885,0.0030111622
eewbdc5,joy,surprise,0.009642256,0.0070380173,0.030420648,0.46511018,0.015020179,0.4727687
eewc0cn,surprise,surprise,0.0052578533,0.0033988329,0.0070856577,0.007858295,0.006895609,0.96950376
eewcihm,sadness,sadness,0.031274848,0.05954441,0.019506002,0.007913968,0.87219685,0.00956389
eewcqyc,joy,joy,0.0011516892,0.0007758812,0.00038976123,0.9952769,0.00092866714,0.001477045
eewd31p,anger,anger,0.94297355,0.0065411897,0.0023722192,0.021027325,0.014149299,0.012936405
eewduql,joy,joy,0.0011893255,0.0006896107,0.00041213227,0.9955741,0.0006986955,0.001436054
eewdv5u,anger,anger,0.6624172,0.022180706,0.006373405,0.062016696,0.1646634,0.08234865
eewep3s,joy,joy,0.0016202523,0.0005207771,0.0004264643,0.99236155,0.00093000184,0.0041408436
eewffjr,joy,joy,0.0013544285,0.0006827493,0.0003838654,0.9940521,0.0005809687,0.0029458113
eewfryk,sadness,surprise,0.0050951447,0.0026141293,0.0039483695,0.0074275346,0.0074064736,0.9735083
eewgui2,anger,sadness,0.06746398,0.022167973,0.0383677,0.2903255,0.545835,0.035839792
eewh4gb,joy,joy,0.0013173026,0.00067759893,0.00036983987,0.9951036,0.0012029252,0.0013287098
eewj9aj,joy,joy,0.0010393198,0.0009408164,0.0009445216,0.993364,0.00087706663,0.0028343704
eewjtfk,anger,anger,0.9286458,0.01642661,0.0019826002,0.014225613,0.02956576,0.009153638
eewjth1,sadness,sadness,0.018915867,0.012061546,0.007356439,0.014212075,0.940549,0.006905066
eewk0mr,sadness,sadness,0.0064353687,0.008019886,0.013586943,0.024919802,0.93865985,0.00837802
eewkqif,anger,anger,0.9664432,0.0097550815,0.0014333755,0.015585006,0.004382863,0.00240038
eewm1mm,anger,anger,0.9497702,0.006537297,0.0014621981,0.031913653,0.0075005963,0.0028161122
eewn34g,surprise,surprise,0.08083687,0.006448373,0.004046501,0.012602044,0.008124717,0.8879415
eewn9w1,sadness,joy,0.009701072,0.0022622938,0.0026624792,0.9053448,0.007281875,0.07274747
eewnhep,anger,anger,0.6025983,0.034870975,0.017800892,0.019935274,0.13283284,0.19196181
eewo0ib,joy,joy,0.0011884333,0.0007164139,0.00036950398,0.994749,0.00088982674,0.0020867682
eewo42n,joy,joy,0.0011840558,0.0007521918,0.00043358924,0.9955396,0.00084566086,0.0012448678
eewqnhw,joy,joy,0.0013959422,0.0007471951,0.00048555204,0.99455667,0.00081551995,0.0019991468
eewslmi,anger,disgust,0.19076768,0.5141603,0.12626322,0.028748024,0.11505254,0.02500819
eewt7b3,joy,joy,0.0013678927,0.0008061345,0.00054462673,0.9925909,0.0008383316,0.003852157
eewt9yh,surprise,sadness,0.010085222,0.013783912,0.021909479,0.045433305,0.79674804,0.112040095
eewtsv4,joy,joy,0.0014768649,0.0006205869,0.00032976648,0.99460286,0.0005681169,0.0024017878
eewupcb,anger,surprise,0.069730744,0.005210035,0.004534864,0.039405122,0.01824617,0.8628732
eewv2x1,fear,fear,0.036926843,0.035286788,0.7359209,0.040931202,0.07531563,0.07561863
eewv5tt,sadness,sadness,0.08810535,0.05266696,0.15295947,0.027179455,0.5988737,0.08021509
eewvscr,joy,joy,0.0010416707,0.0006834711,0.0004289792,0.9955374,0.00087266613,0.0014358272
eewy6r4,anger,anger,0.8860611,0.008890939,0.002520784,0.088627234,0.010259754,0.0036402023
eewz3d0,anger,anger,0.850762,0.010665071,0.0028010213,0.093224816,0.023093848,0.019453267
eex0j7h,anger,joy,0.23799482,0.012945622,0.009486517,0.50520515,0.08108631,0.15328157
eex0sfa,joy,anger,0.7951274,0.012168551,0.005364914,0.090478666,0.05239091,0.044469643
eex19z9,joy,joy,0.0014908308,0.0008612983,0.00075810193,0.9908852,0.0014439212,0.0045607
eex1qvd,joy,joy,0.0012068286,0.0006856808,0.0005414922,0.9951767,0.0008290762,0.0015601498
eex29nf,joy,joy,0.002504554,0.0011601497,0.00081080646,0.97098464,0.0017209445,0.022818955
eex2bl3,surprise,surprise,0.017829644,0.005324515,0.0044029085,0.015654411,0.011607599,0.9451809
eex3eiu,surprise,surprise,0.014657923,0.0078774635,0.013320974,0.0039081285,0.009042828,0.9511927
eex3kwe,joy,joy,0.0014492704,0.00073125074,0.0004955814,0.99344736,0.0015071457,0.0023694616
eex5olh,anger,anger,0.9288681,0.013404585,0.0019210761,0.014005935,0.030817833,0.010982448
eex5wup,sadness,anger,0.97183764,0.0062013725,0.0013027326,0.010320772,0.0050599095,0.005277469
eex65le,surprise,surprise,0.0056998846,0.0021410894,0.003033661,0.010116834,0.004926612,0.9740819
eex7a62,joy,anger,0.84678406,0.011624076,0.0040137595,0.0624285,0.022343436,0.052806143
eexakbv,joy,joy,0.0026686592,0.00092546584,0.0004478849,0.99282175,0.0017477579,0.0013884669
eexcsyf,surprise,surprise,0.0065188855,0.0032102643,0.0065513374,0.0056812386,0.0078315865,0.9702067
eexcwzo,surprise,surprise,0.007134993,0.0033737859,0.0050837575,0.004569234,0.005906121,0.97393215
eexe2bd,anger,anger,0.9733439,0.009902053,0.0013307346,0.008195287,0.0047005527,0.0025274213
eexebil,joy,joy,0.0017952656,0.0013271238,0.00076554023,0.9918744,0.0016334843,0.0026042669
eexflfh,joy,joy,0.00091654336,0.00063306926,0.0004431138,0.99516845,0.000987051,0.0018517704
eexg6zh,joy,joy,0.0038776568,0.0013137172,0.0006530591,0.98966146,0.002450433,0.0020436603
eexgn84,joy,joy,0.00096091296,0.0007283172,0.00043251045,0.99558085,0.0007974021,0.0014999763
eexgtfb,anger,anger,0.96265453,0.008583319,0.0014629577,0.01767073,0.0065958374,0.003032692
eexguaa,surprise,joy,0.05393197,0.0033309215,0.0018539936,0.8629226,0.015305327,0.06265511
eexgzre,joy,joy,0.0031904704,0.0009833517,0.00071750954,0.9900759,0.00095604593,0.004076749
eexh2dw,surprise,surprise,0.084273525,0.009229715,0.0048296847,0.00966464,0.0145718595,0.87743056
eexilrg,joy,joy,0.0011026356,0.0006904574,0.00049221993,0.99549025,0.0009711947,0.0012532825
eexjz4t,anger,anger,0.9432908,0.008137046,0.0020110202,0.03461646,0.00873207,0.0032125209
eexk7he,joy,joy,0.001136905,0.000715578,0.00045441563,0.99501485,0.00069235323,0.001985854
eexkhqd,joy,joy,0.0011404109,0.0006581668,0.00039415812,0.99474674,0.00067473453,0.0023857178
eexkl7c,surprise,surprise,0.008037148,0.0026935649,0.0029840888,0.0080869235,0.0060486235,0.9721496
eexlrtm,anger,anger,0.8073768,0.010040619,0.0072686295,0.017023137,0.018110365,0.14018038
eexmra6,anger,joy,0.03326385,0.0030492952,0.0046591237,0.8642682,0.07594938,0.018810123
eexn9zv,surprise,joy,0.005149182,0.001239585,0.0013628369,0.95003945,0.0014663101,0.04074261
eexoqiu,joy,joy,0.0010466664,0.00066062616,0.00047617234,0.9948814,0.0009854229,0.0019497368
eexowqm,joy,joy,0.0016050203,0.0008642554,0.000452056,0.99479795,0.0011094634,0.0011711906
eexphew,joy,joy,0.0009252846,0.0006884556,0.0004631091,0.99550736,0.0008837252,0.0015320717
eexpsw7,joy,joy,0.0012912048,0.0007052634,0.00034885193,0.99520564,0.0007143561,0.0017347822
eexpxup,joy,joy,0.0014865116,0.0008046032,0.00053238566,0.99444205,0.0010460526,0.001688493
eexqh0l,joy,joy,0.0010270461,0.00067440886,0.0005978297,0.9942894,0.0016159167,0.0017953304
eexr6ld,anger,anger,0.7959049,0.014108321,0.008295555,0.14886086,0.021466985,0.011363416
eexrqlw,joy,joy,0.3666673,0.00701351,0.003221314,0.6014999,0.015728178,0.005869758
eext6e7,joy,joy,0.0015446609,0.0006286693,0.00035003162,0.99519366,0.00090641977,0.0013765048
eextz2m,anger,anger,0.9639693,0.020081509,0.00268111,0.004570756,0.0051832437,0.0035142074
eexu3d2,joy,joy,0.0012169384,0.00066991,0.0004500253,0.9952673,0.0010155806,0.0013802928
eexv31e,joy,joy,0.0010981153,0.00065509806,0.00038128768,0.9953507,0.00063407206,0.0018806304
eexwcz2,joy,joy,0.001317989,0.0007585046,0.00043045994,0.99392253,0.00061432074,0.002956142
eexwtmw,joy,joy,0.0009290319,0.00070408767,0.00048025645,0.99538404,0.0009969334,0.0015056519
eexwzir,surprise,sadness,0.04373492,0.039941594,0.22605062,0.024266995,0.4655124,0.20049354
eexx1bp,joy,joy,0.0009381444,0.00070837577,0.00040150227,0.9950977,0.0009698498,0.0018843617
eexx4hm,joy,joy,0.0014108763,0.0007116847,0.0005159516,0.9928611,0.00083496724,0.0036654428
eexxz9z,anger,anger,0.8971801,0.0076725096,0.002278808,0.042810477,0.016557613,0.03350044
eey09jl,joy,joy,0.0011302993,0.00067605596,0.0003946246,0.9956173,0.00080463267,0.0013771493
eey0rkr,joy,joy,0.0176463,0.0018841344,0.0015108075,0.96469104,0.0055406103,0.008727026
eey1sjf,joy,joy,0.00101503,0.0006748728,0.0004839545,0.99463993,0.00078430277,0.002401924
eey2egt,joy,surprise,0.036917396,0.015789954,0.016297467,0.34720376,0.01596615,0.5678253
eey2fzv,surprise,anger,0.55074465,0.02563758,0.008556036,0.06887571,0.2606169,0.08556918
eey2vl0,anger,anger,0.97290456,0.012695022,0.0022010196,0.006042267,0.0038083703,0.002348661
eey3arl,joy,joy,0.0013261585,0.0007670018,0.0005943161,0.99356574,0.0009771516,0.0027696816
eey3x3l,joy,joy,0.0010665309,0.0006226412,0.00042978488,0.9926118,0.0010871008,0.0041820374
eey42p5,sadness,anger,0.4580187,0.0355486,0.011158204,0.032889225,0.43446174,0.027923591
eey4jpi,joy,joy,0.0023179373,0.0006866564,0.00041537246,0.99303114,0.00072868756,0.002820202
eey5g07,joy,joy,0.0038884147,0.0028617666,0.0021015008,0.9211592,0.0020406826,0.06794847
eey5mir,sadness,sadness,0.008560998,0.014068504,0.009016461,0.009820855,0.95317173,0.0053615044
eey629w,surprise,surprise,0.06416676,0.009142999,0.012151877,0.012794026,0.044935502,0.8568088
eey6cm0,joy,joy,0.001144982,0.00068853743,0.0004440037,0.9944623,0.0011692931,0.0020907973
eey6eub,joy,joy,0.0013649754,0.00091984874,0.0008570418,0.9814818,0.0018284558,0.01354791
eey6meg,anger,anger,0.94824183,0.013753039,0.0025259585,0.013636494,0.016429093,0.005413492
eey6mkp,sadness,sadness,0.006313482,0.008442819,0.015546731,0.030484106,0.93070555,0.008507392
eey7ols,joy,joy,0.0016433398,0.0012276003,0.0011482292,0.97957474,0.0012832116,0.0151229575
eeybdzp,joy,joy,0.0011908168,0.00080672145,0.0004464805,0.9950316,0.0008122477,0.0017121459
eeybe8r,joy,joy,0.0015820407,0.00082305475,0.0003988597,0.9951013,0.0009922029,0.0011025922
eeycd6n,anger,anger,0.8704295,0.06179358,0.004472881,0.0080404505,0.049249448,0.0060139787
eeycf6k,joy,joy,0.019781386,0.0016907905,0.00088476087,0.96061146,0.0042472007,0.012784276
eeyd26v,joy,joy,0.0011068338,0.0007613149,0.00039576177,0.99531436,0.00085537153,0.0015663621
eeyd7wy,surprise,surprise,0.007712509,0.0027156873,0.0031183024,0.039495423,0.004534179,0.9424239
eeyg6l2,disgust,anger,0.9298432,0.033111434,0.0023528733,0.010314184,0.020644836,0.003733458
eeyhcid,joy,anger,0.6389166,0.011792979,0.0033907304,0.2713453,0.03773794,0.03681651
eeyhduy,surprise,surprise,0.034255467,0.0046091923,0.0038861216,0.0068687894,0.009200007,0.94118035
eeyivpd,joy,joy,0.0029410797,0.0007291613,0.00043139845,0.99308795,0.0011478704,0.001662601
eeyjb93,surprise,anger,0.34697226,0.008287342,0.0050555877,0.34481093,0.034569066,0.2603048
eeykk40,joy,joy,0.0012314761,0.00064101897,0.00040982917,0.99522144,0.0008928882,0.001603402
eeyksuk,joy,joy,0.018950336,0.0030764467,0.004238894,0.9463304,0.018339789,0.009064096
eeym8kb,surprise,anger,0.7849587,0.03752741,0.0058707767,0.07079975,0.09078689,0.010056448
eeymdv6,sadness,joy,0.0015971756,0.0010763927,0.0011465712,0.9836232,0.009728013,0.002828607
eeympky,joy,joy,0.009448331,0.0023288254,0.0022476525,0.8643098,0.0035372712,0.118128136
eeyn22a,joy,joy,0.0009919392,0.000626546,0.0004080546,0.99556434,0.0008864571,0.00152259
eeynd12,anger,anger,0.8019154,0.013436051,0.00597829,0.07260619,0.0957887,0.010275363
eeynj5w,joy,sadness,0.13601965,0.045627695,0.2327835,0.19365601,0.31006768,0.08184547
eeynmi1,joy,joy,0.0010346265,0.00076535175,0.00047381388,0.9952962,0.00097485277,0.0014551419
eeyoa9n,joy,joy,0.0026639788,0.003121953,0.0053446754,0.9644415,0.017463196,0.006964796
eeyoowk,joy,joy,0.0009809571,0.000808748,0.00047661646,0.9947548,0.000900464,0.002078387
eeyopvd,joy,joy,0.00324581,0.0011375244,0.0005278913,0.98814815,0.0010862825,0.005854377
eeyoq9y,joy,joy,0.002061197,0.0006786973,0.00042471147,0.99431086,0.0011930591,0.001331483
eeyouyx,joy,joy,0.0018002546,0.0009146694,0.0009117644,0.9818494,0.0010848214,0.013439149
eeyoysk,surprise,surprise,0.0037560672,0.0028642819,0.0042775595,0.00960104,0.0045648864,0.9749361
eeyps15,joy,joy,0.0029276302,0.00090871414,0.00072786165,0.97267544,0.0015896937,0.021170674
eeyq009,sadness,joy,0.0048429803,0.0009906162,0.0006362918,0.9880669,0.0027292913,0.0027338685
eeyq3lu,sadness,sadness,0.03450612,0.016342314,0.00997371,0.034832906,0.8968374,0.0075075338
eeyq51p,joy,joy,0.0016708336,0.0008665199,0.0005729037,0.99422073,0.0012459485,0.0014230827
eeyqb3j,joy,joy,0.0009946945,0.000759688,0.000562906,0.9946301,0.0011140433,0.0019386432
eeyqqk8,joy,joy,0.0014385366,0.00063981256,0.0004046735,0.99356055,0.00078268925,0.0031737678
eeyqyid,joy,joy,0.0013063529,0.0008024717,0.0004196587,0.99517304,0.0006223848,0.0016761192
eeyra7d,joy,joy,0.001422616,0.0008840247,0.00046140054,0.99438757,0.0009114598,0.0019328615
eeyrhkg,joy,joy,0.0011527137,0.00065915356,0.00037439054,0.99499243,0.00069307117,0.002128279
eeyrku1,anger,anger,0.97290605,0.009891893,0.0016419395,0.006470529,0.0057231872,0.003366367
eeyrsf5,surprise,surprise,0.015343366,0.003295908,0.0046749953,0.004659386,0.007418856,0.9646074
eeyryu0,joy,joy,0.0009101266,0.0006933443,0.0004775114,0.9954723,0.0011080396,0.0013387502
eeys46e,joy,joy,0.0011100003,0.0006704979,0.0004301296,0.9945426,0.0007908141,0.0024558913
eeyuon1,joy,joy,0.0010777091,0.0007265513,0.00044664752,0.9953336,0.0011403455,0.0012751474
eeyw926,surprise,surprise,0.015282153,0.0036419013,0.0034623097,0.014111687,0.0059956373,0.95750636
eeywiv1,joy,joy,0.0012435882,0.000645249,0.00042904768,0.9951538,0.0006328692,0.0018954716
eeywo5q,joy,joy,0.0011600062,0.0007309271,0.0004041942,0.9954194,0.0008789723,0.0014065964
eeywzad,surprise,surprise,0.0051367516,0.0028902192,0.0037428602,0.04252689,0.0042065457,0.94149673
eeyx89b,fear,surprise,0.008392591,0.003607645,0.009701034,0.0051938277,0.005968705,0.9671363
eeyygnj,joy,joy,0.0023374811,0.00074860046,0.000515162,0.99082375,0.0021088964,0.0034661365
eeyzyft,joy,joy,0.0015879732,0.00080068,0.00047881968,0.9948013,0.0011499407,0.0011812604
eez0ieh,joy,joy,0.0028022998,0.00091564504,0.0005565141,0.99291104,0.0013406764,0.0014737889
eez15uk,joy,joy,0.0012138288,0.00061105326,0.00030974118,0.99516547,0.0007027904,0.001997109
eez1bbz,joy,joy,0.0010568151,0.00063639105,0.00045449863,0.9946292,0.00095938134,0.0022636896
eez2i1x,surprise,surprise,0.005501949,0.0030005523,0.0059715235,0.0048670433,0.0055327276,0.9751262
eez329z,joy,joy,0.0010090856,0.00069564953,0.00045769778,0.9954295,0.00085224386,0.0015557377
eez3qgq,anger,anger,0.8191896,0.03391645,0.005081794,0.10394123,0.032849528,0.005021493
eez3shh,joy,joy,0.0013287376,0.0007212133,0.00040402132,0.99546283,0.0006646327,0.0014186039
eez58cb,joy,joy,0.0011043424,0.0006696799,0.000403395,0.995736,0.00078983424,0.0012966809
eez5aha,surprise,joy,0.0019755613,0.0011594497,0.0011038453,0.96020156,0.0019039495,0.033655614
eez5ixf,joy,joy,0.001112348,0.000661697,0.0005530167,0.9948921,0.00092017604,0.0018606512
eez5rv9,joy,joy,0.0013822778,0.0006275005,0.00045796894,0.9948548,0.0008637239,0.0018136814
eez6d7q,anger,anger,0.8127959,0.14139856,0.01235297,0.016637301,0.011826256,0.0049890615
eez78sa,joy,joy,0.0010350363,0.0006484589,0.0004020644,0.9951062,0.00077362993,0.0020346437
eeza80x,joy,joy,0.0009259967,0.00060252886,0.00047383344,0.993885,0.001196208,0.0029164483
eezaats,joy,joy,0.0010941366,0.0007735289,0.00066316145,0.99451894,0.0012475714,0.0017026208
eezbey1,joy,joy,0.000958514,0.00079666503,0.0009943756,0.9911164,0.0010077562,0.0051262863
eezbpwv,sadness,sadness,0.010428313,0.019437611,0.011697415,0.0052309586,0.9437068,0.009498932
eezbzcz,surprise,anger,0.88626885,0.015454656,0.0039262995,0.016885418,0.017231414,0.060233355
eezdk5s,anger,joy,0.05830782,0.0019531727,0.001070285,0.91807,0.003678384,0.016920248
eezerbr,surprise,surprise,0.017089963,0.005126032,0.0054283813,0.11437189,0.008824974,0.8491587
eezev4f,joy,joy,0.0011070572,0.0006915803,0.00045129005,0.9951892,0.0007465253,0.00181433
eezezkf,joy,joy,0.0009850254,0.00077323243,0.00047907743,0.9954384,0.0010266417,0.0012975944
eezezsb,joy,joy,0.001112559,0.0007092929,0.0005064869,0.9951857,0.00077736133,0.0017086094
eezfe7j,joy,joy,0.0014683591,0.00061455666,0.0004286591,0.9914943,0.0010392233,0.004954933
eezfq6d,fear,fear,0.03414761,0.042356547,0.7962563,0.02855322,0.05023086,0.04845549
eezgkw2,joy,joy,0.0012895649,0.0007294212,0.00037342566,0.9954757,0.0007251134,0.0014067036
eezh1ze,joy,joy,0.0013992994,0.000724885,0.0005037391,0.99444157,0.000891611,0.002038951
eezhme9,joy,joy,0.0012394321,0.0006956617,0.0003891904,0.99556905,0.0007621461,0.0013445648
eezht43,joy,joy,0.0013150305,0.00065725064,0.0004158284,0.9950906,0.00081659,0.0017046583
eezi9kz,joy,anger,0.9514693,0.012807962,0.0014837409,0.022734508,0.008073597,0.003430968
eezjmqm,joy,joy,0.0010077594,0.00079806434,0.0005682774,0.9950982,0.0012333462,0.0012943316
eezkceh,anger,anger,0.8208536,0.0148085635,0.0041108583,0.018118713,0.03624799,0.10586027
eeznhdw,joy,joy,0.00659628,0.0013173695,0.0019298677,0.95855993,0.0040309737,0.027565535
eezosy1,anger,anger,0.95540446,0.014582119,0.0016126318,0.012490079,0.011468724,0.004442033
eezqxnu,surprise,surprise,0.009264429,0.007661716,0.016524807,0.0089476425,0.055584386,0.90201694
eezr30s,joy,joy,0.0011113072,0.0007433304,0.00041081093,0.99526775,0.0006229244,0.0018440137
eezr6bf,anger,joy,0.039632365,0.0039376915,0.003130147,0.87008834,0.046876926,0.036334522
eezrnk8,joy,joy,0.001155241,0.0007710202,0.00039159926,0.99507743,0.0007451932,0.0018595323
eezs0s5,joy,sadness,0.024706895,0.025829226,0.11563524,0.03972106,0.3997314,0.3943762
eezs293,joy,joy,0.0039001321,0.0032068656,0.0024361578,0.8343205,0.0033872463,0.15274906
eezsisy,disgust,anger,0.81855416,0.13867132,0.00896419,0.0077414936,0.019100131,0.00696864
eezso4p,anger,anger,0.8669542,0.006969588,0.0021451295,0.070203476,0.0075213863,0.04620617
eeztbjr,joy,surprise,0.064373605,0.02297361,0.07963401,0.11407202,0.330859,0.38808775
eeztz9h,joy,anger,0.93740255,0.015525583,0.0016989154,0.028308941,0.01373316,0.0033308985
eezu6jv,joy,joy,0.0023030725,0.00077816483,0.000514132,0.9931229,0.0009995383,0.0022822127
eezu6ty,joy,joy,0.0038249432,0.0019838691,0.0026247157,0.8451478,0.008944208,0.1374744
eezuc6a,joy,joy,0.0010613526,0.0006289088,0.0003681207,0.9951272,0.0009422955,0.0018721652
eezvi5f,joy,joy,0.0016863621,0.0007384988,0.0005004914,0.99346983,0.00069972756,0.0029049753
eezw7id,sadness,sadness,0.01382172,0.016447237,0.012201743,0.00563886,0.94270104,0.009189464
eezxm7h,joy,joy,0.0010409717,0.0006542488,0.00038922485,0.99523515,0.0007416198,0.0019388051
eezybgx,joy,joy,0.0016672281,0.0011993502,0.0010128313,0.9728158,0.002080049,0.02122465
eezye6a,joy,joy,0.0022238202,0.00075264095,0.0006482913,0.992058,0.0022489463,0.0020684248
eezz1zn,joy,joy,0.0015145962,0.00079682266,0.00048612175,0.9934864,0.0020871367,0.0016289337
eezzt7a,anger,anger,0.96660286,0.01181821,0.001438291,0.013299976,0.0044439714,0.0023967093
ef010xk,sadness,sadness,0.006843088,0.009265813,0.01276603,0.015812635,0.94602734,0.00928511
ef01ljc,anger,anger,0.9619867,0.006620559,0.0019267789,0.019071393,0.0068225283,0.0035719273
ef025pn,surprise,surprise,0.05139634,0.004133523,0.0033560654,0.01946191,0.016415281,0.90523696
ef0283o,joy,anger,0.8979744,0.007821504,0.0019734637,0.077413715,0.01149947,0.003317346
ef02crp,anger,anger,0.82339317,0.014706424,0.0041721766,0.090094775,0.062883876,0.0047494546
ef02iwm,joy,joy,0.0009920726,0.0007062429,0.00052164856,0.9953531,0.0010218308,0.001405134
ef02l2i,joy,joy,0.0009201923,0.000697694,0.00049485755,0.99510044,0.0013047586,0.0014820244
ef03evh,joy,joy,0.01779728,0.0036019948,0.0021875964,0.77022785,0.0108003905,0.19538482
ef0483u,anger,anger,0.96190643,0.019750329,0.0020881246,0.0058730883,0.0077404203,0.002641615
ef055c8,joy,surprise,0.009498113,0.0027701359,0.004085491,0.014360747,0.00462168,0.96466386
ef07bpz,anger,anger,0.91857934,0.009833615,0.0023797215,0.043725632,0.0074049677,0.018076811
ef09ymh,surprise,surprise,0.0048503196,0.0067930035,0.013898109,0.019770792,0.011420922,0.94326687
ef0b5zr,surprise,joy,0.0060259285,0.004406064,0.0032813952,0.74406743,0.0038544063,0.23836483
ef0b7uf,joy,joy,0.0010371383,0.00078936166,0.00051413546,0.993792,0.0010809356,0.002786421
ef0b88x,joy,joy,0.0011778839,0.0007635102,0.00049456756,0.9953242,0.00070806884,0.001531757
ef0bcca,joy,joy,0.0009924979,0.0006624814,0.0004928099,0.9948344,0.0009430101,0.002074728
ef0bny0,joy,joy,0.001107132,0.0008037652,0.00068059063,0.9934267,0.0011534191,0.002828413
ef0c7ok,joy,joy,0.0015904068,0.00078940723,0.00042314935,0.99492955,0.00091413385,0.0013534181
ef0dh6q,joy,joy,0.0021361827,0.00103721,0.0007344599,0.99163634,0.0017508545,0.0027048674
ef0ea59,surprise,surprise,0.029008633,0.0041475696,0.0046856906,0.1916971,0.01022353,0.7602375
ef0gag3,joy,joy,0.00094666326,0.0007596352,0.00048594727,0.9953524,0.0010234778,0.0014318817
ef0gar6,surprise,joy,0.00518342,0.0020657505,0.0012950687,0.93282044,0.0023867302,0.056248505
ef0gdxn,joy,joy,0.001350358,0.0009905025,0.0008018117,0.99270165,0.0021673986,0.001988255
ef0gn36,joy,anger,0.5212259,0.009327148,0.0054885093,0.2273065,0.047889028,0.18876289
ef0he5j,anger,anger,0.94376045,0.02378861,0.0050080665,0.0076073543,0.00888021,0.010955358
ef0hx65,joy,joy,0.0023531069,0.0008630853,0.00035751378,0.99420124,0.0009034849,0.0013215869
ef0jf2m,anger,anger,0.95879906,0.013128108,0.0023454984,0.016748484,0.006068196,0.002910656
ef0lc7t,joy,joy,0.0023974953,0.0010091056,0.0007607284,0.9917224,0.0018194239,0.0022908081
ef0o7j9,surprise,surprise,0.010212778,0.004434511,0.0038285188,0.059743624,0.00441172,0.9173689
ef0ofn2,joy,joy,0.0015767864,0.0009297967,0.0008972353,0.98809564,0.0013701932,0.007130294
ef0pkfb,joy,joy,0.001553044,0.0007470018,0.00038884624,0.99489176,0.00091061654,0.0015087276
ef0q5g0,surprise,surprise,0.012922552,0.0045422446,0.0048138252,0.013177101,0.011602718,0.95294154
ef0qz4l,surprise,surprise,0.33785895,0.03293471,0.0093478765,0.025251959,0.07059616,0.5240104
ef0r319,joy,joy,0.004840475,0.0011902696,0.00057715847,0.9899428,0.0018435327,0.0016057234
ef0r6br,joy,joy,0.0017414347,0.0008495671,0.00044815987,0.9947201,0.0010641483,0.001176576
ef0ras9,joy,joy,0.0025363397,0.0011055238,0.00069953094,0.99153155,0.0017384378,0.0023885497
ef0smtv,disgust,anger,0.87907267,0.012911332,0.0029800322,0.06927475,0.03012529,0.005635913
ef0t8i2,anger,anger,0.9526348,0.0263789,0.003920134,0.0072425506,0.007721708,0.0021019394
ef0te62,anger,anger,0.95831615,0.01444241,0.001989691,0.006253304,0.0064989757,0.012499401
ef0ugh9,joy,joy,0.018271873,0.0016114847,0.0009644163,0.96618205,0.007924021,0.0050461176
ef0uuld,joy,joy,0.0019485095,0.0007968567,0.00040045127,0.9941175,0.00070021447,0.0020364453
ef0v6fi,fear,fear,0.055655856,0.07089798,0.7463701,0.022662684,0.045208283,0.059205078
ef0w2ii,sadness,sadness,0.029863652,0.02440277,0.024438575,0.0076783644,0.84210914,0.071507424
ef0wfys,joy,joy,0.0013734446,0.0006853922,0.0003799545,0.99479055,0.000692893,0.0020778591
ef0xcf6,joy,joy,0.0010002359,0.0006959573,0.0005194131,0.9949108,0.0015009305,0.0013727463
ef0xjkr,joy,joy,0.0014243601,0.0010458913,0.00079683855,0.9906792,0.0014092124,0.00464444
ef0ybw4,joy,joy,0.00096688716,0.0006391301,0.0005011406,0.99388415,0.0010038596,0.0030048068
ef0yetq,joy,joy,0.22222494,0.0054385057,0.0019067642,0.7374351,0.010895248,0.022099456
ef0z6q5,joy,joy,0.014845024,0.005548077,0.002705093,0.70801026,0.007853085,0.26103848
ef0z8va,anger,sadness,0.16717893,0.04646803,0.035600454,0.0109289605,0.5141616,0.22566207
ef0z8wh,anger,anger,0.96849525,0.0159284,0.0027592992,0.005747764,0.0047627357,0.0023065947
ef0zqce,joy,anger,0.89899915,0.02516571,0.0027052586,0.02082951,0.04230207,0.009998292
ef0zwnl,joy,joy,0.0013301127,0.0008736921,0.0007139898,0.99060047,0.00068876846,0.0057928553
ef10ar6,joy,joy,0.0014324905,0.001289507,0.0015540784,0.9889607,0.0027125743,0.0040505775
ef10zw8,surprise,anger,0.951581,0.00853896,0.0022562013,0.007437698,0.0049410043,0.025245238
ef123rl,surprise,anger,0.55840796,0.051108327,0.010265993,0.030670583,0.20674849,0.14279872
ef12dgc,joy,joy,0.0028024537,0.00080950954,0.0005293983,0.99088025,0.0028119378,0.0021665157
ef12e0z,joy,joy,0.0009480129,0.00066508667,0.00045199678,0.99541205,0.0012076166,0.0013152845
ef12kg3,joy,joy,0.0025249105,0.0007889495,0.000627037,0.99139035,0.0010445536,0.003624118
ef13tf0,joy,joy,0.0009805041,0.00066888134,0.00047365407,0.9935486,0.0007002621,0.003628158
ef145n0,joy,joy,0.0024662146,0.0011557074,0.0005284885,0.99356514,0.00094597344,0.0013384194
ef15hrv,anger,anger,0.9143405,0.031345345,0.005535227,0.005427662,0.01931804,0.024033248
ef15q9n,joy,joy,0.0015730796,0.0010104327,0.0008449163,0.9901894,0.004056003,0.0023261972
ef173ol,anger,anger,0.90755963,0.0071356636,0.0025140913,0.031331968,0.019484142,0.031974494
ef184ws,anger,fear,0.047421485,0.23633991,0.3534535,0.014260574,0.29977715,0.048747312
ef18ng0,fear,fear,0.028752973,0.032824863,0.8200869,0.019296102,0.055579014,0.043460134
ef18or6,joy,joy,0.0022353244,0.0020948623,0.0028925068,0.95689887,0.03182152,0.004056845
ef18p9c,sadness,sadness,0.021612843,0.03471047,0.009974964,0.009753866,0.9158594,0.008088522
ef1arco,joy,joy,0.0040867124,0.001104906,0.00046774224,0.9911935,0.0020631822,0.0010839744
ef1bsj0,joy,joy,0.030097622,0.003938783,0.0014718641,0.95426154,0.00544896,0.0047812946
ef1cif7,joy,joy,0.0009421515,0.00072029344,0.0004624653,0.99527705,0.0008714442,0.0017264966
ef1cn9z,anger,anger,0.8423111,0.0515369,0.004761573,0.012322754,0.057389744,0.031677883
ef1d12n,joy,joy,0.0008559069,0.0006772595,0.0004485996,0.9949273,0.0011036113,0.0019872687
ef1de8u,joy,joy,0.0011014108,0.00075383997,0.00040905402,0.99529713,0.0009676599,0.0014709115
ef1dqo9,joy,joy,0.0010165292,0.0007227969,0.00040188615,0.99559563,0.0006737522,0.0015894186
ef1ejfs,anger,anger,0.59459597,0.10375571,0.0083211465,0.011235632,0.26828262,0.013808957
ef1f30q,surprise,fear,0.015511313,0.028336527,0.82339406,0.007845354,0.03886973,0.08604299
ef1fkaq,joy,joy,0.003347505,0.0031566531,0.002698483,0.91516924,0.07093427,0.0046938756
ef1gvfa,joy,joy,0.0018728098,0.0006404979,0.00037618325,0.99480456,0.00082409766,0.0014818389
ef1hve3,surprise,surprise,0.016895557,0.004760713,0.0036260623,0.2696386,0.009419018,0.69566
ef1i6pb,anger,joy,0.0037770795,0.0016068654,0.0028639927,0.9214495,0.019804703,0.050497886
ef1ih8v,joy,joy,0.0015422876,0.00076826126,0.00044272633,0.99469334,0.001419584,0.0011338225
ef1j1r7,fear,surprise,0.22603314,0.02939821,0.029150236,0.032019444,0.33031872,0.35308027
ef1mw2n,sadness,sadness,0.24436097,0.027414989,0.015170903,0.028054278,0.6701135,0.014885361
ef1np3w,joy,joy,0.023073182,0.0022431712,0.0016074517,0.961491,0.0060968334,0.0054882937
ef1psah,joy,joy,0.004751961,0.0010142357,0.00075494754,0.9793484,0.0009650196,0.013165422
ef1qbhg,joy,joy,0.0013022145,0.00067375944,0.00043878544,0.9942432,0.0006590459,0.0026829515
ef1rp4q,joy,joy,0.0011052248,0.00078438275,0.00046969944,0.99509805,0.000937629,0.0016050169
ef1ssr1,joy,joy,0.0010345514,0.0007222977,0.00045671084,0.99353266,0.00072545354,0.0035283163
ef1tgeg,surprise,surprise,0.032108348,0.006267104,0.0075411373,0.004058973,0.013301279,0.9367232
ef1ugt2,joy,joy,0.0009915737,0.0006741077,0.00047428883,0.9953004,0.0007506902,0.0018088734
ef1uq8d,sadness,joy,0.046367913,0.011139798,0.0087891705,0.5688543,0.30193773,0.062911056
ef1uso1,joy,joy,0.0010092017,0.0007029119,0.00051978586,0.9942053,0.0017225958,0.0018403045
ef1w06u,surprise,surprise,0.01425605,0.0047814175,0.0045898166,0.020030987,0.009557801,0.94678384
ef1xiyl,fear,fear,0.025399242,0.044008166,0.8329945,0.010609346,0.053881824,0.03310692
ef1xvp1,surprise,surprise,0.00407662,0.0025999916,0.0044180686,0.017940145,0.010933542,0.9600317
ef1ze81,joy,joy,0.007421262,0.0022026987,0.0022873436,0.95563966,0.0028487674,0.0296002
ef1zyty,joy,joy,0.0012430297,0.00070662267,0.00046796526,0.99508506,0.00073103124,0.0017663055
ef209er,joy,joy,0.00089506013,0.0006592271,0.00049193605,0.99517596,0.0008794902,0.0018982417
ef21d4l,joy,joy,0.08140197,0.0049303384,0.0040731616,0.54360306,0.006325912,0.35966557
ef21kvg,anger,anger,0.78444517,0.014148705,0.0030667372,0.15850133,0.025453066,0.014384982
ef21s9b,anger,anger,0.95583045,0.012462587,0.0028685525,0.011897295,0.013199752,0.0037413728
ef21ym0,joy,joy,0.011115871,0.0020151665,0.00072847016,0.980774,0.0035531898,0.0018132392
ef22ija,joy,joy,0.0029383036,0.0011837442,0.0006468378,0.9919288,0.0018468411,0.0014553554
ef22xs3,joy,joy,0.0014606913,0.0006786713,0.00037775192,0.99519676,0.0007995803,0.0014866221
ef23px4,surprise,joy,0.0060651596,0.003773115,0.005376173,0.71325266,0.010670285,0.26086265
ef245tb,surprise,surprise,0.0034761846,0.0023223734,0.0039257333,0.019459434,0.0038012082,0.967015
ef245u6,anger,joy,0.0022940256,0.00089074235,0.0004601245,0.9873975,0.0010334644,0.007924177
ef24dvp,joy,joy,0.0011385792,0.0008075737,0.000543035,0.99093515,0.0008681888,0.005707454
ef2642s,joy,joy,0.0015213895,0.0006516064,0.00033786672,0.9947531,0.0007313688,0.002004616
ef268pc,joy,anger,0.66472787,0.013107137,0.003759364,0.29383945,0.018906046,0.005660102
ef26gff,joy,joy,0.0012795473,0.00059489155,0.00031728836,0.9951336,0.0007196517,0.001955071
ef27377,joy,joy,0.0012103135,0.00070938026,0.0003605756,0.9953576,0.0010378031,0.0013243516
ef27n0i,joy,joy,0.0013480216,0.00074235996,0.00043319605,0.99508613,0.00096809526,0.001422156
ef284g2,joy,joy,0.0010475048,0.000638983,0.00048718703,0.9939938,0.0013276804,0.0025049008
ef284hn,surprise,sadness,0.011858196,0.03164211,0.35445896,0.03616898,0.41042206,0.15544975
ef28b6o,joy,joy,0.0011120606,0.0006804,0.00043793544,0.99504495,0.0007353287,0.0019892908
ef28hya,joy,joy,0.001063346,0.00077022886,0.0005033352,0.9943169,0.0016700488,0.0016760976
ef2ba1p,surprise,joy,0.2115953,0.031643026,0.023137253,0.47361103,0.11383852,0.14617492
ef2bgwu,joy,joy,0.00098078,0.0007072781,0.00048017045,0.9952865,0.0012188011,0.0013265082
ef2ciud,anger,joy,0.035157576,0.009126011,0.024370031,0.4447071,0.20721461,0.2794247
ef2dmhu,surprise,surprise,0.006296564,0.00474844,0.004696797,0.075360484,0.005320362,0.9035774
ef2dscn,anger,anger,0.9533221,0.017175466,0.0028889496,0.015876878,0.00768342,0.0030531771
ef2ed3k,joy,joy,0.0013868276,0.00068798935,0.00044984746,0.99494886,0.00066917157,0.0018573161
ef2epu3,joy,anger,0.6174332,0.16241209,0.08203965,0.068445325,0.054513693,0.015156033
ef2es5y,surprise,surprise,0.073690206,0.01100064,0.005220763,0.019250771,0.014880195,0.8759574
ef2f4rk,anger,sadness,0.17619011,0.08534044,0.020756422,0.05733845,0.5880029,0.07237165
ef2ff1q,anger,anger,0.9410066,0.015813522,0.0038414584,0.025414696,0.0108911395,0.0030325146
ef2fwvf,anger,anger,0.9476451,0.020155927,0.002941529,0.016405115,0.010055242,0.002796885
ef2inmm,joy,joy,0.0010137765,0.00072215527,0.00041807737,0.9954079,0.0010034719,0.0014346145
ef2irge,joy,surprise,0.014007012,0.0035004574,0.0037018098,0.114884324,0.005574145,0.8583322
ef2k1v0,surprise,surprise,0.0050779036,0.0027174214,0.0039641038,0.008250899,0.004723842,0.97526574
ef2msto,joy,joy,0.0012335961,0.00067288894,0.00037001958,0.99535877,0.0006342722,0.0017304991
ef2mxep,joy,joy,0.0014308619,0.0008690551,0.0005836488,0.9937499,0.0018521665,0.0015143073
ef2mxfa,joy,joy,0.001358594,0.0008637776,0.0005834665,0.9943276,0.0008357991,0.0020307428
ef2o1a8,joy,joy,0.0064131897,0.0008973602,0.0007136665,0.98613286,0.0014511707,0.004391768
ef2pfnp,anger,sadness,0.09926571,0.02301895,0.031622823,0.031055152,0.767147,0.04789029
ef2q3rd,anger,anger,0.95402646,0.019666318,0.0033906966,0.012286494,0.0075624236,0.003067611
ef2qo0n,sadness,sadness,0.008065079,0.008866995,0.008147078,0.25586265,0.70779896,0.011259231
ef2qr90,surprise,joy,0.0013677313,0.0011519896,0.0009687643,0.9851747,0.0013944102,0.009942365
ef2smqt,surprise,joy,0.007061508,0.0012817824,0.0007416301,0.98095787,0.0031881407,0.0067691184
ef2u6pi,surprise,surprise,0.010713136,0.0034378795,0.005714492,0.04661098,0.009138358,0.9243852
ef2ujm3,joy,joy,0.0028068114,0.0014106933,0.0017845934,0.98750544,0.0022211457,0.004271258
ef2xyfn,anger,anger,0.9737095,0.0109264385,0.001779698,0.0070978547,0.0040927217,0.0023938154
ef2y327,joy,joy,0.0010227131,0.0007184807,0.00042870556,0.99551976,0.0011316441,0.0011787044
ef2z45y,joy,joy,0.007369224,0.0019677593,0.00080681936,0.9514901,0.0024827705,0.03588335
ef2zpuf,joy,joy,0.0012015866,0.0007536955,0.0008489723,0.99148965,0.0015423675,0.0041638482
ef304jo,joy,joy,0.0013335345,0.0007102773,0.00046415496,0.994961,0.0006836819,0.0018473191
ef30dyy,anger,anger,0.86333877,0.013763411,0.0032016851,0.08377442,0.026868498,0.009053168
ef32sdd,sadness,fear,0.049939204,0.09152812,0.650091,0.011956005,0.13723339,0.059252262
ef33371,joy,joy,0.0015082586,0.0007735779,0.0004832903,0.9948068,0.0008476902,0.001580327
ef335nm,joy,joy,0.0015025586,0.0008833911,0.0007599847,0.9921731,0.0008868229,0.003794184
ef33atv,joy,joy,0.001095461,0.00072455214,0.0004615116,0.99525696,0.0008638366,0.001597649
ef33opm,joy,joy,0.004713392,0.0009907248,0.00090709765,0.98168474,0.007880006,0.0038240277
ef33st6,surprise,surprise,0.005832788,0.0027503797,0.0030076434,0.028842561,0.004436006,0.9551306
ef34ssp,anger,anger,0.9083265,0.031502686,0.017357493,0.007289955,0.009341172,0.026182115
ef35f43,anger,anger,0.938837,0.012191417,0.0015015748,0.028767245,0.016396452,0.0023062932
ef36ylm,joy,joy,0.00093978434,0.0007153217,0.0005251461,0.9942483,0.00064687955,0.0029245343
ef3768o,joy,joy,0.0008965583,0.0006359506,0.00044397905,0.99498534,0.0009817773,0.0020564094
ef3a7ut,anger,anger,0.95036674,0.012516548,0.0020388158,0.01775263,0.00860906,0.008716141
ef3b7e6,joy,joy,0.0014287962,0.0010027817,0.0016752762,0.985649,0.005488943,0.004755254
ef3bvby,joy,anger,0.73536766,0.025390241,0.013999268,0.131458,0.070240036,0.023544798
ef3cehc,joy,joy,0.0019348952,0.001736756,0.0017599394,0.98681253,0.0051876735,0.0025682081
ef3ckb2,joy,joy,0.005824658,0.0013504451,0.0011337614,0.9853001,0.0018775258,0.004513492
ef3dwfh,joy,joy,0.0021487805,0.0008358033,0.0005669227,0.9929249,0.0012806114,0.0022429756
ef3ek34,surprise,surprise,0.0059963292,0.0029646726,0.0055115246,0.0050612246,0.004868558,0.9755976
ef3esrz,surprise,surprise,0.0053753215,0.002614896,0.0030331202,0.020472068,0.0046177544,0.96388686
ef3fw5k,joy,joy,0.011798145,0.0029021401,0.0019704592,0.9666326,0.013506512,0.0031901645
ef3gbyi,joy,joy,0.0012612873,0.00078419177,0.00048058003,0.9943256,0.0016357636,0.0015125672
ef3gke1,surprise,anger,0.94139457,0.024515577,0.0024762463,0.011608746,0.012165124,0.007839827
ef3glxa,joy,joy,0.0015397067,0.0007100305,0.00037239693,0.9934541,0.0016123529,0.0023114209
ef3j15s,joy,anger,0.6767126,0.0517165,0.0058699795,0.06477388,0.19378762,0.007139477
ef3jnxe,anger,joy,0.0012006123,0.00078465824,0.00068295177,0.99236554,0.0028685213,0.0020976844
ef3kalu,surprise,surprise,0.01179982,0.0034776938,0.0036212194,0.37418005,0.005980214,0.6009409
ef3kauv,surprise,surprise,0.022504164,0.00442607,0.0057470636,0.008041546,0.0130634215,0.9462177
ef3khri,anger,anger,0.9729283,0.01080952,0.0021869019,0.007393397,0.003908687,0.0027730884
ef3ku16,joy,joy,0.0009632907,0.0006991527,0.0004626925,0.99552804,0.0009576542,0.0013892298
ef3migq,joy,joy,0.026358502,0.0041197115,0.00232007,0.75200385,0.0047028014,0.21049511
ef3mzof,joy,joy,0.010467856,0.0015055287,0.0011089729,0.96841866,0.0027404372,0.015758513
ef3nn64,joy,joy,0.0009823822,0.00074039266,0.00042756423,0.9953324,0.0010859185,0.0014313614
ef3noiu,joy,anger,0.7787635,0.0241379,0.004276079,0.10111718,0.07558868,0.016116675
ef3p9xu,sadness,joy,0.005299223,0.003970176,0.0029906565,0.881676,0.09938643,0.0066774366
ef3ph1e,joy,joy,0.001369511,0.00073196605,0.00040159238,0.99533904,0.0005819511,0.0015759848
ef3s35d,joy,joy,0.0009454925,0.0005635696,0.00044701743,0.9941725,0.0008767966,0.002994582
ef3s8ai,anger,anger,0.7036533,0.22629587,0.018707208,0.011912389,0.03464838,0.0047828685
ef3swyx,joy,joy,0.0016745037,0.00081453717,0.00048487322,0.9948237,0.0008784111,0.0013240004
ef3tpw4,disgust,anger,0.67671394,0.16689609,0.012271259,0.023744585,0.105432324,0.014941796
ef3ueah,joy,joy,0.0015304572,0.0008706359,0.0004785081,0.99496007,0.0010017132,0.0011586116
ef3v9al,joy,joy,0.0019369355,0.0006300951,0.00030917814,0.9936114,0.0018652454,0.0016471661
ef3vol8,surprise,surprise,0.28167266,0.16577025,0.15550022,0.0059517473,0.07103313,0.32007203
ef3w0l7,joy,joy,0.0013710957,0.0007905333,0.00041129693,0.9947589,0.00058123213,0.002086966
ef3wlut,anger,surprise,0.012830926,0.0058693285,0.010393379,0.4774543,0.01057409,0.48287797
ef3xh0a,joy,joy,0.0015499364,0.00063752255,0.00038056247,0.99502677,0.0011434881,0.0012617295
ef3yciw,joy,joy,0.0023413529,0.0009064742,0.00046051876,0.99161446,0.0007134294,0.0039637177
ef3ys8w,anger,anger,0.9521666,0.027767593,0.0025338773,0.0076304264,0.007216004,0.0026854838
ef3zvz6,anger,anger,0.9474054,0.024641976,0.0023797243,0.012864325,0.00936725,0.0033413053
ef40b29,anger,anger,0.5557181,0.018095644,0.009764125,0.24637464,0.1500855,0.019962056
ef40dbx,sadness,sadness,0.036707763,0.012800183,0.00990382,0.12661812,0.7963584,0.01761166
ef41t0w,joy,joy,0.42441472,0.010780301,0.013082825,0.5102976,0.021871716,0.019552823
ef41v4r,joy,joy,0.001199501,0.0006682732,0.00035589407,0.9953165,0.00081309886,0.0016467324
ef44go8,anger,anger,0.95335156,0.010020381,0.001705855,0.022576246,0.004958045,0.007387987
ef45pxs,surprise,surprise,0.0072589354,0.0061782147,0.007644972,0.009764914,0.014594262,0.9545587
ef462vc,anger,anger,0.9142308,0.015201172,0.005883031,0.009681282,0.0125719085,0.042431805
ef464sd,surprise,surprise,0.0056133037,0.0025672915,0.003416581,0.023611907,0.004965835,0.95982504
ef464wm,joy,joy,0.0010306094,0.0007212262,0.0004940213,0.9944857,0.00063410815,0.002634347
ef46bel,joy,joy,0.0010108682,0.0007038192,0.00043815473,0.9943809,0.00065093295,0.002815411
ef46end,joy,joy,0.0013116994,0.0006640231,0.0003768572,0.9951166,0.0010225915,0.0015082506
ef4703k,sadness,sadness,0.40694758,0.030424109,0.006190473,0.061168406,0.48068264,0.014586754
ef47nlb,joy,joy,0.009793843,0.0012492734,0.00036842393,0.9836639,0.0014923532,0.00343218
ef489tq,anger,joy,0.31797728,0.012392169,0.0036818348,0.58418906,0.07189579,0.009863838
ef492t3,joy,joy,0.0034951628,0.0015552497,0.00088458107,0.98268753,0.007268165,0.004109318
ef4aesn,sadness,anger,0.56944555,0.08205494,0.11896417,0.072871506,0.12627013,0.030393707
ef4ao4f,surprise,surprise,0.008687601,0.00321965,0.0059627267,0.0107936915,0.0053537795,0.96598256
ef4awhr,joy,joy,0.0009170916,0.0006221321,0.000430896,0.9933489,0.0008495408,0.0038313374
ef4b8oj,sadness,sadness,0.02548204,0.015534876,0.077501334,0.09093776,0.6163204,0.17422357
ef4be7x,joy,joy,0.0011475112,0.00066079246,0.00040495128,0.9948249,0.0007096154,0.0022523568
ef4byo4,anger,anger,0.96603775,0.016944306,0.0020311915,0.0069785267,0.006000899,0.002007313
ef4c8qd,joy,joy,0.0014434538,0.0008203492,0.00040273933,0.99381614,0.0006756653,0.0028415702
ef4d2no,surprise,joy,0.005417342,0.0010382104,0.00056371256,0.9713074,0.0024975776,0.019175764
ef4dib4,joy,joy,0.0009491526,0.0010322945,0.0011368599,0.99014306,0.004982395,0.0017562977
ef4dp8e,joy,joy,0.00087598717,0.0007723559,0.00049085286,0.99424744,0.0019587679,0.0016545333
ef4e3zp,sadness,sadness,0.007874005,0.016142508,0.008902182,0.013241185,0.93691915,0.01692102
ef4eh5e,joy,joy,0.0020116272,0.0008438432,0.00041209694,0.9944872,0.0009872689,0.0012579309
ef4fmqc,joy,joy,0.001452132,0.0006765469,0.0005441267,0.99110425,0.0008522059,0.005370837
ef4g6zx,sadness,sadness,0.13349535,0.056538492,0.014564413,0.049092703,0.47913405,0.26717502
ef4gecy,joy,joy,0.0012171404,0.0007094332,0.00039239688,0.99337363,0.0008029864,0.0035043464
ef4hd8o,joy,joy,0.003084337,0.00074395566,0.00039075527,0.9904682,0.000931196,0.0043816096
ef4i1lz,joy,joy,0.0026407489,0.0010319056,0.0006228578,0.9772981,0.0016711787,0.016735151
ef4i6i0,joy,joy,0.0023270934,0.0007937257,0.00042958272,0.9943283,0.0009446969,0.001176596
ef4in4l,sadness,sadness,0.0397392,0.022478908,0.0198492,0.23856004,0.57210326,0.10726941
ef4ivfd,surprise,surprise,0.021278325,0.004668904,0.004421781,0.005467981,0.005610475,0.9585526
ef4ixny,surprise,joy,0.0038312073,0.0028641173,0.0024885817,0.8278427,0.0028130976,0.1601603
ef4jch9,joy,joy,0.0015816444,0.0009082732,0.00046659558,0.990426,0.001059329,0.0055582183
ef4jj65,sadness,sadness,0.0063865823,0.011415219,0.012656751,0.008386878,0.9559413,0.0052131834
ef4k1i7,joy,joy,0.001203539,0.00066525687,0.00045845174,0.99386567,0.002296991,0.0015101758
ef4lyyq,joy,joy,0.0018005369,0.0009301473,0.0003968723,0.9909808,0.0008961593,0.004995466
ef4m4kv,joy,joy,0.011128161,0.001706924,0.0010797891,0.9792698,0.004565427,0.0022498749
ef4mktw,sadness,sadness,0.0076123397,0.012271637,0.016641252,0.014003153,0.94156057,0.007911109
ef4n48q,joy,joy,0.0010475216,0.00062336196,0.00046246793,0.9951427,0.00090348866,0.0018204333
ef4n4vp,sadness,anger,0.7045073,0.048065633,0.016665773,0.053833947,0.17035864,0.006568712
ef4n7vb,joy,joy,0.004993393,0.0024158566,0.0031864822,0.91729826,0.009071034,0.06303503
ef4oweb,joy,joy,0.010352687,0.004224301,0.002110646,0.9728219,0.007536809,0.0029537631
ef4qayy,joy,joy,0.0022834889,0.0007967225,0.00040554392,0.9935222,0.00076867035,0.002223411
ef4rb72,surprise,joy,0.066910766,0.004225068,0.0029572651,0.88271207,0.031001633,0.012193124
ef4rdyh,anger,anger,0.6853644,0.206717,0.021115921,0.008946154,0.033523135,0.044333328
ef4rk55,joy,joy,0.020608898,0.0025726145,0.0020160982,0.94237316,0.0062401243,0.026189156
ef4rxxi,sadness,sadness,0.0075781606,0.0080489125,0.007486951,0.019308051,0.94470435,0.012873679
ef4sy2k,joy,joy,0.0010228822,0.0007294557,0.00042464214,0.99551153,0.0006941,0.0016174015
ef4tl6l,joy,joy,0.0023943663,0.00092887663,0.00054295047,0.9939585,0.0010311122,0.0011441772
ef4tymt,anger,anger,0.9569858,0.013556062,0.0027221418,0.005641985,0.008683519,0.0124104805
ef4tyt6,joy,joy,0.0016626705,0.00073431956,0.00040191118,0.994114,0.00064726855,0.0024398952
ef4u0a4,joy,joy,0.00133263,0.0006569511,0.0003585547,0.9956103,0.00071675325,0.0013248831
ef4u1z2,anger,anger,0.9707101,0.011185268,0.0016805548,0.009659068,0.004774094,0.0019909823
ef4ua8p,anger,anger,0.9527436,0.022161247,0.003197158,0.010315392,0.0063567255,0.0052259066
ef4uq4t,fear,fear,0.020151736,0.03623323,0.83249754,0.012017307,0.065468,0.03363222
ef4uslb,anger,anger,0.83149004,0.009021315,0.0025022875,0.12247274,0.028670937,0.005842652
ef4uwoi,joy,joy,0.0010553519,0.0006338243,0.00040849354,0.9954621,0.0010487327,0.0013915024
ef4x5ph,joy,joy,0.0011108323,0.00078271196,0.0005653304,0.99435586,0.0015554846,0.0016297678
ef4xaa7,joy,joy,0.0012285436,0.0008144673,0.00083235616,0.9842535,0.0014093611,0.011461795
ef4xkr4,surprise,surprise,0.006661651,0.0030114367,0.0033361202,0.026935482,0.0055620805,0.9544933
ef4xlch,joy,joy,0.0030092767,0.0009090861,0.0008758798,0.97399646,0.0014216728,0.019787654
ef4xz9j,anger,anger,0.8608857,0.011084287,0.0025188965,0.103881046,0.017581256,0.00404872
ef4zuis,joy,joy,0.0012265454,0.0006753947,0.00047016836,0.9944015,0.00079603714,0.0024303594
ef503fd,surprise,surprise,0.0052701114,0.003027069,0.0038274603,0.007592663,0.0043896907,0.9758931
ef52xpb,anger,anger,0.96432155,0.016381923,0.0022125922,0.0052547962,0.005171266,0.0066578933
ef53mz4,joy,joy,0.0010897645,0.0008375248,0.0006588572,0.9930367,0.0024441408,0.0019329722
ef56mkv,joy,joy,0.001458638,0.00064825965,0.00038072583,0.9950401,0.0006809897,0.0017912888
ef5713u,joy,joy,0.0022035355,0.0010152579,0.00069823884,0.9930484,0.0009215764,0.0021129735
ef57mbr,sadness,sadness,0.027769938,0.049947716,0.030446718,0.007024888,0.8537926,0.031018129
ef58vg7,anger,anger,0.7322775,0.016160851,0.0048482884,0.072349586,0.12677994,0.047583815
ef59p5c,anger,anger,0.96933424,0.014991209,0.0028107886,0.0061435704,0.0047281957,0.0019919008
ef59yap,joy,joy,0.001013558,0.00059403974,0.0003997758,0.99503964,0.00090277113,0.002050225
ef5abzn,joy,joy,0.0010295582,0.000701835,0.0004017857,0.99549246,0.000720883,0.0016534186
ef5asbh,joy,joy,0.0015577505,0.00083671353,0.00039052786,0.9948224,0.00089052704,0.0015020294
ef5atuh,joy,joy,0.0012721221,0.00075328996,0.0004840728,0.9940864,0.0009522078,0.0024519558
ef5bqzb,joy,joy,0.0059901173,0.0010027641,0.0007446962,0.9864085,0.0026497156,0.0032042565
ef5c48g,fear,fear,0.025075065,0.12453929,0.7216408,0.013256933,0.07861166,0.036876194
ef5ceh8,sadness,joy,0.0014522966,0.0006239296,0.0004396064,0.99393374,0.0008337221,0.002716652
ef5cqv9,joy,joy,0.0011369792,0.0007353723,0.00041004625,0.9953792,0.00075834047,0.0015799718
ef5dc8x,anger,joy,0.1479729,0.013825314,0.013183252,0.76628715,0.04242774,0.016303716
ef5dwc6,anger,anger,0.87609637,0.012228859,0.0037985365,0.087259695,0.014709119,0.0059073484
ef5glbc,joy,joy,0.0011787488,0.00074781914,0.00035462138,0.9945879,0.0007853294,0.0023454751
ef5h9tp,surprise,joy,0.0020374507,0.0009388948,0.00066541333,0.98374325,0.0011077306,0.011507262
ef5iofe,joy,joy,0.0009783292,0.0007237601,0.00041943262,0.99556375,0.0008215735,0.0014931625
ef5ipm1,anger,joy,0.01037795,0.002863328,0.003739489,0.9309976,0.005758205,0.046263397
ef5iuoe,joy,anger,0.96996975,0.014644026,0.002079986,0.0071137794,0.0038212263,0.002371245
ef5j0np,fear,fear,0.042362805,0.054487113,0.5830105,0.022253761,0.191271,0.10661483
ef5jvg0,joy,joy,0.0009184623,0.00063381664,0.0005936254,0.994072,0.001258033,0.002524063
ef5kcv1,joy,joy,0.003965892,0.0009679266,0.0006396912,0.99057335,0.0010603241,0.0027928683
ef5l4ap,surprise,surprise,0.004925211,0.0028253275,0.00496454,0.00512179,0.005419719,0.97674334
ef5lzkr,joy,joy,0.0023050916,0.00062714505,0.0005264432,0.9921524,0.0014918074,0.002897037
ef5ms6k,anger,anger,0.86994857,0.011965655,0.001669001,0.09870591,0.013347647,0.004363135
ef5oovf,anger,anger,0.94289184,0.016552377,0.0034410008,0.004655172,0.010213854,0.022245845
ef5pa4y,joy,joy,0.00095190003,0.0007245189,0.0004854757,0.9949414,0.0008081591,0.002088424
ef5pc2m,joy,joy,0.0023668695,0.0009560616,0.00055781496,0.98284954,0.0014943229,0.011775459
ef5q70p,joy,joy,0.002004572,0.00062533916,0.00045670796,0.99349135,0.0012709376,0.0021510727
ef5qdea,anger,anger,0.9057509,0.017024508,0.0026598314,0.050836466,0.019623052,0.004105273
ef5qexv,anger,anger,0.38416752,0.19568051,0.034344815,0.0076282085,0.32413748,0.054041486
ef5s5hk,surprise,surprise,0.0070014405,0.003967933,0.0051088566,0.0072781453,0.006019719,0.97062397
ef5s6wj,joy,joy,0.0026407503,0.0010818781,0.0004803718,0.9928905,0.0013834122,0.0015231565
ef5tfv7,joy,joy,0.0010401335,0.00071436435,0.00041274977,0.99521095,0.0007083719,0.0019135218
ef5ti4i,joy,joy,0.0013719646,0.00066490757,0.00043493364,0.99374557,0.0006157265,0.003166964
ef5unyx,anger,joy,0.14146279,0.013986229,0.01069974,0.6075628,0.19232947,0.03395898
ef5v60c,joy,joy,0.002117518,0.0011224833,0.0003918787,0.99109167,0.002979646,0.0022967956
ef5wqa4,joy,joy,0.0024539256,0.001060347,0.0006088716,0.9911164,0.0014637396,0.003296685
ef5x085,joy,joy,0.0013081951,0.00060656056,0.00044681807,0.9930224,0.0009760343,0.0036399986
ef5y0vh,surprise,surprise,0.08153742,0.006760707,0.0059071425,0.006090457,0.011480501,0.88822377
ef5y9zz,joy,joy,0.00228867,0.00077351346,0.0003851771,0.99398994,0.0007610497,0.0018016923
ef5zvg4,anger,anger,0.48758346,0.029107692,0.015546332,0.03815876,0.3932155,0.036388274
ef603fd,joy,joy,0.0010606769,0.0006915575,0.0004004413,0.9955101,0.00079931424,0.0015379271
ef60d6q,fear,fear,0.023588188,0.037846714,0.79593724,0.024810163,0.07266997,0.04514767
ef60sbj,anger,anger,0.95084,0.0091414135,0.002077383,0.021720324,0.011584154,0.004636729
ef6124l,sadness,anger,0.5959525,0.015069994,0.0062448885,0.129435,0.107627854,0.14566976
ef615f2,anger,anger,0.83503526,0.058953527,0.011582631,0.049154565,0.03788056,0.007393453
ef621wo,joy,joy,0.0012378512,0.0006031476,0.00038864333,0.99470735,0.0007127317,0.0023502724
ef629xy,anger,anger,0.9517734,0.028607933,0.0037433188,0.006194264,0.005579111,0.004102069
ef62ims,joy,joy,0.002141841,0.0005787356,0.00031544582,0.99421835,0.0011356878,0.001610027
ef647m3,sadness,sadness,0.017462634,0.009468115,0.008580025,0.21833184,0.736062,0.010095356
ef64or1,sadness,sadness,0.019294638,0.032858893,0.015512351,0.010098533,0.9137985,0.008437145
ef656po,surprise,surprise,0.003924246,0.003166742,0.0052395905,0.017266715,0.0049760635,0.96542656
ef65g7z,joy,joy,0.0011158511,0.0007148667,0.0004061095,0.9953557,0.0006861103,0.0017213947
ef66r3r,joy,joy,0.001212805,0.0008365622,0.00060936605,0.994173,0.0015912979,0.0015769409
ef67mkc,joy,joy,0.0011843919,0.00078842486,0.00046202829,0.99445504,0.0007396543,0.0023705284
ef67t9o,surprise,surprise,0.005230699,0.002580668,0.004076234,0.006277833,0.0047057085,0.9771288
ef67xn0,fear,fear,0.047961004,0.08192449,0.74943453,0.020676818,0.036267374,0.06373585
ef697gw,surprise,surprise,0.02583648,0.0036593396,0.0041017025,0.0063754953,0.0062219477,0.9538051
ef69z9d,surprise,surprise,0.01057039,0.0068511735,0.012555772,0.005199889,0.011664641,0.9531582
ef6a58o,joy,joy,0.0019882775,0.0010013805,0.0008935125,0.98927677,0.0012590394,0.005581083
ef6an0w,anger,anger,0.971771,0.012474306,0.0030042697,0.0051448513,0.00357559,0.0040299497
ef6bs84,joy,joy,0.000906604,0.0006828418,0.0004484075,0.99511504,0.001103388,0.0017436137
ef6c4f3,fear,fear,0.029301567,0.05888768,0.79359883,0.016889678,0.057990957,0.04333123
ef6e8gu,surprise,surprise,0.004401075,0.0032548937,0.0043961983,0.014863223,0.007405695,0.965679
ef6ejan,anger,anger,0.97234523,0.006196262,0.0013026805,0.01027862,0.006600666,0.003276638
ef6ezm0,joy,joy,0.056051392,0.0037172418,0.001039071,0.8801787,0.013171674,0.045841996
ef6f3jd,joy,joy,0.0010353676,0.00072715955,0.00048762624,0.9944133,0.0017360002,0.00160054
ef6fws0,anger,anger,0.28296202,0.27780077,0.06774057,0.01345509,0.27658865,0.08145288
ef6g9dl,surprise,anger,0.4756384,0.023431621,0.009406192,0.010141732,0.046824075,0.43455797
ef6goma,joy,joy,0.0044182437,0.002984114,0.0016622097,0.9068476,0.0032721846,0.08081554
ef6gvdx,joy,sadness,0.009889495,0.011108745,0.010431795,0.030998427,0.93016773,0.0074038487
ef6hf7v,joy,joy,0.001180304,0.00069143076,0.0004045291,0.9942802,0.0005865699,0.0028569011
ef6hgjx,joy,joy,0.0012001948,0.0007486021,0.00042792835,0.9954269,0.0008547261,0.0013416916
ef6hvk6,joy,joy,0.0058722435,0.0069043823,0.009704378,0.6349603,0.3334643,0.009094344
ef6ipvq,joy,joy,0.0016636088,0.0008726007,0.0005347869,0.99343747,0.001284848,0.0022065705
ef6jhmm,surprise,surprise,0.004728457,0.0027505443,0.0051128883,0.005339201,0.005093569,0.9769753
ef6jmgz,anger,anger,0.85668707,0.01326861,0.0037304692,0.03789129,0.013346705,0.07507583
ef6k6v6,joy,joy,0.0010342156,0.00069432263,0.0004262408,0.9951509,0.00067399105,0.002020282
ef6lf2z,sadness,surprise,0.024108026,0.02622925,0.18952002,0.04722927,0.052398026,0.6605154
ef6m5ty,sadness,sadness,0.005023811,0.009553928,0.01991585,0.020943506,0.9325401,0.012022786
ef6mb8l,joy,joy,0.0014868939,0.0007933716,0.00046109682,0.99520206,0.0007435554,0.0013130667
ef6nasx,surprise,surprise,0.013009675,0.003970121,0.004483339,0.004340214,0.0067983554,0.96739835
ef6obiu,surprise,surprise,0.00930112,0.002656535,0.0029520348,0.0125627015,0.0072897472,0.96523786
ef6oeue,joy,joy,0.0022267697,0.0008459352,0.00073692465,0.9792519,0.0015331281,0.015405369
ef6omhu,sadness,sadness,0.006206916,0.00840771,0.008607602,0.013782793,0.9556777,0.0073172143
ef6pa0v,anger,anger,0.9164212,0.02147666,0.0027063584,0.017651882,0.03686724,0.00487671
ef6pl5j,joy,joy,0.0010566498,0.00072005467,0.0005115176,0.99469614,0.0007097467,0.0023059696
ef6pxrj,joy,surprise,0.12652206,0.0077626137,0.013090234,0.020042917,0.010351282,0.8222309
ef6qe4j,joy,sadness,0.038460683,0.0632033,0.3556011,0.09724041,0.4099228,0.035571735
ef6rtt3,joy,joy,0.0009339574,0.0007354019,0.00065675395,0.99426407,0.0018278457,0.0015820042
ef6s31f,surprise,sadness,0.0061940607,0.010611569,0.024515662,0.040446937,0.90786034,0.010371443
ef6swev,joy,joy,0.0021576192,0.000777355,0.0003957478,0.99334526,0.0016808204,0.0016431406
ef6txos,joy,joy,0.0013130484,0.001079208,0.0014924719,0.98563296,0.0013516305,0.009130623
ef6u17c,joy,joy,0.0016224958,0.0006892129,0.00044016042,0.99433535,0.00085546623,0.0020573663
ef6xdiq,surprise,surprise,0.009442906,0.0030196654,0.004860258,0.0046397033,0.0076136165,0.97042376
ef6yb1h,surprise,surprise,0.009577157,0.0034182242,0.005784071,0.0042061536,0.004833644,0.97218084
ef6yq1b,disgust,disgust,0.18758504,0.58938044,0.07307708,0.033972397,0.103263564,0.01272147
ef6yynm,joy,joy,0.0017794057,0.00058658654,0.00030697923,0.9947737,0.00085541204,0.0016979532
ef6zbv1,surprise,surprise,0.015803209,0.0036084699,0.0034767657,0.008133477,0.0050955424,0.9638825
ef6zxuk,joy,joy,0.0016273127,0.00091277313,0.00055905123,0.9933842,0.0012529083,0.0022636892
ef712mo,joy,joy,0.032888032,0.0025362354,0.0006309439,0.9587019,0.0028859456,0.0023568887
ef71obj,anger,anger,0.9488417,0.0058861314,0.0016115262,0.031380285,0.0066459896,0.0056344485
ef71pfk,joy,joy,0.004460519,0.0014649915,0.00057365786,0.9908069,0.0013738316,0.0013201123
ef71qb5,joy,joy,0.0010398064,0.0006831884,0.00042253197,0.9939944,0.0007348235,0.0031253474
ef72ea5,joy,joy,0.0014119047,0.00064960966,0.00038849938,0.9942384,0.0007513387,0.0025601916
ef72ffo,joy,joy,0.0010909027,0.00061326334,0.00041376826,0.9948421,0.00068972196,0.0023502677
ef72y94,surprise,joy,0.06943576,0.005612663,0.003632811,0.582071,0.048687786,0.29055992
ef73999,anger,anger,0.8013675,0.018097112,0.009111292,0.077282205,0.07815634,0.015985517
ef73ku9,joy,joy,0.001567255,0.0007361621,0.0003613749,0.9933443,0.0007964166,0.0031944143
ef73u74,joy,joy,0.0009253109,0.0007347939,0.0005015456,0.99449474,0.0006592321,0.0026843585
ef751gu,anger,anger,0.95929295,0.0070844097,0.0014078367,0.01698295,0.009113786,0.006118158
ef75fc6,joy,anger,0.71067667,0.03201716,0.010487911,0.04710265,0.13767941,0.06203622
ef75xoy,joy,joy,0.0011031185,0.0007020755,0.0004128137,0.9949143,0.0006242515,0.0022434501
ef76egq,joy,surprise,0.01169877,0.004564588,0.004444413,0.10823412,0.0070731915,0.8639849
ef76jd9,anger,anger,0.9604898,0.013482842,0.0015708706,0.013602949,0.004975953,0.005877653
ef76vdw,disgust,joy,0.004668552,0.0010055254,0.002595415,0.97048587,0.0030815294,0.01816307
ef7964j,joy,joy,0.00119021,0.00066494546,0.00034404593,0.99536055,0.0009587124,0.0014814931
ef79hcp,joy,joy,0.0017183579,0.000743132,0.00034429843,0.99514353,0.0007961724,0.0012544254
ef79xfa,joy,joy,0.0023250757,0.00095236686,0.0004639284,0.9932801,0.0011627087,0.0018158092
ef79ylr,joy,joy,0.0014574289,0.0005401989,0.0004369036,0.99347323,0.0007613871,0.0033308712
ef7agj1,joy,joy,0.0018263109,0.0008003947,0.0006880065,0.9899961,0.0013347814,0.0053544077
ef7amjn,joy,joy,0.10583061,0.0079158945,0.0056821154,0.83015686,0.039602574,0.010811948
ef7bmss,joy,joy,0.0012426171,0.0006617804,0.00053424214,0.99479127,0.0007858721,0.0019842947
ef7byck,joy,joy,0.0022407353,0.000755945,0.0004253776,0.9935236,0.0014944169,0.0015598512
ef7cgjr,joy,joy,0.0013202868,0.0006909833,0.00048608286,0.9947836,0.0012147883,0.0015043197
ef7dfoc,joy,joy,0.0011664669,0.00089457526,0.00059324177,0.9937285,0.0022709193,0.0013461894
ef7djlb,joy,joy,0.0010926021,0.00074334006,0.00040286954,0.99500304,0.0007208338,0.0020372772
ef7e67u,sadness,joy,0.09458078,0.006178691,0.0060216403,0.82120013,0.03575253,0.036266208
ef7ffi6,anger,anger,0.9680945,0.015951319,0.0018704848,0.0073836586,0.003708876,0.002991028
ef7flwe,disgust,disgust,0.17442377,0.35845518,0.16345277,0.016361961,0.077300675,0.21000566
ef7g5dg,anger,surprise,0.105858885,0.024950145,0.024018537,0.019980432,0.26975602,0.55543596
ef7ghie,joy,joy,0.03255254,0.0051630517,0.0035348781,0.62563854,0.008080312,0.32503065
ef7h94p,joy,joy,0.004416518,0.0024607258,0.0010694611,0.95193034,0.0021914449,0.037931565
ef7hkvf,anger,surprise,0.043942384,0.0059594386,0.0033590372,0.13294995,0.01277861,0.80101067
ef7hpoq,joy,joy,0.004514206,0.0019044289,0.0011366286,0.9463161,0.001920139,0.044208497
ef7hr99,joy,joy,0.0011302413,0.0007295796,0.00057513866,0.99498284,0.0010175476,0.0015645851
ef7i3ew,joy,joy,0.0009252492,0.0006715672,0.00047842367,0.9955082,0.00081585615,0.0016006598
ef7j41b,joy,joy,0.0009822532,0.0006820949,0.00048201077,0.9953166,0.00093606615,0.0016010386
ef7jlf9,joy,joy,0.0014090019,0.00068359525,0.00031859026,0.99445784,0.001028293,0.0021026428
ef7k88s,anger,anger,0.9325688,0.013085315,0.0013874933,0.043094017,0.006668993,0.0031954008
ef7kcvv,anger,anger,0.56618226,0.033716567,0.01502002,0.08456363,0.25660178,0.043915678
ef7kl8s,joy,joy,0.0010720162,0.0006850802,0.00042333506,0.9953681,0.00077759277,0.0016738374
ef7l8y6,surprise,surprise,0.009497712,0.0036760962,0.0028972123,0.14681628,0.0062217466,0.8308909
ef7lman,joy,anger,0.95462936,0.013379313,0.0019919819,0.019482132,0.006295529,0.0042216913
ef7lwnw,joy,joy,0.0020960767,0.0007257023,0.0004542044,0.99253595,0.0010281282,0.0031599493
ef7m13x,anger,anger,0.45803067,0.09605098,0.075467385,0.10162844,0.2124948,0.056327745
ef7mikd,joy,joy,0.017742507,0.003471654,0.0039127762,0.93613935,0.019639725,0.019093895
ef7nbva,joy,joy,0.0011477418,0.0006874138,0.00039592822,0.9950262,0.0009293119,0.0018133244
ef7o5l3,sadness,surprise,0.0201866,0.006162597,0.0032734673,0.27312228,0.01611178,0.68114334
ef7o622,joy,joy,0.001219936,0.0007014648,0.0004688087,0.9943169,0.0012457666,0.0020471334
ef7ojsn,anger,anger,0.95575833,0.017261835,0.0042284685,0.0066250055,0.0073071904,0.008819124
ef7pww4,sadness,sadness,0.0059072436,0.0091202045,0.010468393,0.011536305,0.9558799,0.0070879892
ef7qwwd,joy,sadness,0.03125911,0.022157552,0.014015062,0.048029598,0.87798446,0.006554249
ef7r2d2,sadness,joy,0.22139448,0.017928887,0.010421721,0.39644125,0.092291325,0.26152232
ef7rbgq,anger,joy,0.10650934,0.0053019384,0.0038575106,0.7587647,0.09075986,0.034806643
ef7sdf8,sadness,anger,0.9171523,0.0084851645,0.0031060877,0.015223214,0.026510047,0.029523157
ef7sst3,surprise,surprise,0.0034366937,0.002305013,0.0047916006,0.008088545,0.0053960485,0.97598207
ef7tdmb,sadness,sadness,0.0064790784,0.010335278,0.010241809,0.011186846,0.9560612,0.0056958664
ef7tq87,joy,joy,0.0010337491,0.0007322944,0.0004801391,0.9953886,0.001023886,0.0013412983
ef7u7oy,joy,joy,0.0010299125,0.00065231766,0.00042238733,0.9954952,0.00066552457,0.0017346204
ef7uoxi,joy,joy,0.0016457225,0.0006589636,0.00051740085,0.9941385,0.0015434205,0.0014960621
ef7vh6z,joy,joy,0.00091131055,0.00070338673,0.0005451868,0.9951279,0.0012256874,0.001486496
ef7w0dl,surprise,surprise,0.008673001,0.004338143,0.0061734216,0.0077380347,0.006871995,0.9662053
ef7wwn9,surprise,surprise,0.003761278,0.0022941395,0.00381151,0.021170532,0.0042798086,0.96468276
ef7xk7p,joy,joy,0.0011008161,0.00065518223,0.00038924708,0.99512357,0.0010441513,0.0016869684
ef7xz32,joy,joy,0.0010907012,0.00067152176,0.00039916267,0.9948855,0.00067203684,0.0022810074
ef7yf27,anger,anger,0.8287575,0.094121635,0.031749994,0.020783061,0.012926336,0.011661467
ef7yg67,joy,joy,0.0012654401,0.0008887814,0.000462058,0.9944758,0.0006439751,0.0022639837
ef7yrce,joy,joy,0.0011512465,0.00070787943,0.00038411035,0.9950831,0.00097350136,0.0017001781
ef7z01j,surprise,surprise,0.04887196,0.005117408,0.0034781932,0.02442859,0.016103774,0.90200007
ef7zc5q,joy,joy,0.007062956,0.0010739962,0.00040586438,0.98804873,0.0012238098,0.0021846092
ef80m8g,joy,joy,0.0016250539,0.00064767385,0.0004104546,0.99314636,0.001043351,0.0031270008
ef81g1e,disgust,anger,0.9558237,0.023303982,0.002321252,0.009796921,0.0067462893,0.002007844
ef81r8m,sadness,sadness,0.0113492645,0.010768605,0.0068766326,0.036791164,0.9228722,0.011342263
ef81uv3,joy,joy,0.0016661631,0.0008877555,0.0006283619,0.99000543,0.0009347522,0.005877453
ef8237q,joy,joy,0.0011639682,0.0006992573,0.0004027689,0.99501204,0.00057581055,0.0021462098
ef829gg,joy,joy,0.0010970706,0.00085570506,0.00091570854,0.99281234,0.001293093,0.0030260892
ef82kp3,surprise,surprise,0.015182728,0.0046015903,0.004946484,0.043709505,0.016980397,0.9145793
ef8307s,joy,joy,0.0013520134,0.00065789686,0.00031192467,0.9951067,0.0010271446,0.0015443801
ef83mgq,joy,joy,0.0070664017,0.0035490405,0.0027072376,0.6552156,0.0056077344,0.32585397
ef84crr,surprise,joy,0.0022133447,0.00078479125,0.00061063346,0.99046636,0.0008420223,0.0050828634
ef84gpo,joy,joy,0.006675046,0.0056068716,0.0059171054,0.7301914,0.24243937,0.0091702845
ef85xv7,joy,joy,0.0011361404,0.0007294431,0.00045094715,0.9950401,0.0006584409,0.0019849502
ef86bnr,joy,joy,0.0012338848,0.00065085,0.00040353948,0.99544734,0.0007994541,0.0014648965
ef874dy,anger,anger,0.88782215,0.008769028,0.0031528375,0.04972561,0.018982183,0.03154813
ef87j6f,joy,joy,0.0014706026,0.00065251155,0.00044847466,0.9944529,0.0005954143,0.002380103
ef88ag9,joy,joy,0.0009763658,0.0006992224,0.0004853711,0.99548244,0.00085380924,0.0015028396
ef88l23,joy,joy,0.0012404757,0.00069588126,0.00037675264,0.99516124,0.00092112477,0.0016045786
ef89hr8,surprise,surprise,0.0063956524,0.0034048765,0.003918096,0.045794003,0.0055354773,0.9349519
ef8b1z0,joy,joy,0.0011591816,0.00069010403,0.00040558056,0.99425745,0.0008606718,0.002626938
ef8cf0d,joy,joy,0.044468936,0.007821763,0.006062166,0.78376305,0.110938415,0.04694565
ef8cogj,joy,joy,0.0013912895,0.0007948741,0.00069015316,0.9936126,0.0021289082,0.0013822209
ef8cq4j,anger,anger,0.9027481,0.04790967,0.0069190124,0.014792646,0.024172341,0.0034581453
ef8eqnu,sadness,sadness,0.009602053,0.0102157,0.0074638366,0.037660938,0.92433417,0.010723348
ef8eudv,joy,surprise,0.010085914,0.0042935484,0.0053851847,0.09303559,0.007579546,0.8796202
ef8eyly,joy,surprise,0.005053865,0.004127473,0.0054555014,0.2565938,0.008833237,0.7199361
ef8fpqu,surprise,surprise,0.009070428,0.0037013236,0.005708265,0.007754357,0.010198501,0.9635671
ef8h1do,disgust,disgust,0.08685291,0.5361892,0.23617733,0.012015607,0.105847836,0.02291713
ef8hcb6,sadness,sadness,0.016196143,0.041590057,0.019467374,0.008804948,0.908605,0.0053364914
ef8i7kf,joy,joy,0.0010800153,0.00073054153,0.0004663847,0.9945181,0.0008306502,0.0023743666
ef8ijup,sadness,sadness,0.0093233725,0.03936436,0.024295647,0.0044348864,0.9136798,0.008901987
ef8kha5,sadness,sadness,0.0059742406,0.009480103,0.012864874,0.08361591,0.88001984,0.008044999
ef8l8d3,anger,joy,0.027883617,0.0026885518,0.0020190931,0.93986744,0.013693371,0.013847856
ef8lg9h,joy,joy,0.0092196055,0.008209391,0.007502806,0.52537894,0.44031256,0.00937667
ef8mj6u,joy,joy,0.000992813,0.0006678468,0.00040676398,0.99515307,0.0011777658,0.001601636
ef8mk11,anger,anger,0.95875186,0.007866023,0.0025131998,0.015703207,0.010026014,0.005139697
ef8mv8u,joy,joy,0.0010842918,0.0006462296,0.0004806627,0.99501884,0.0013646579,0.0014053368
ef8nzih,joy,joy,0.002601953,0.0009333008,0.0010771119,0.98924154,0.002494365,0.0036516744
ef8pdow,joy,joy,0.0011561012,0.0007496313,0.00046962698,0.9922426,0.0012861878,0.0040959152
ef8plhl,joy,joy,0.009994191,0.0034633996,0.002526942,0.7617558,0.00438403,0.21787558
ef8pnce,joy,surprise,0.014079813,0.0041861134,0.002852454,0.33108097,0.0081871115,0.6396135
ef8pznw,joy,joy,0.0014310952,0.0007229508,0.00043036955,0.9951687,0.0009339436,0.0013130126
ef8tvlp,joy,joy,0.0013037071,0.00069594826,0.0004617848,0.9952922,0.0007241982,0.0015221551
ef8v5wh,surprise,surprise,0.005863276,0.0033830393,0.0030878515,0.04393762,0.0059927017,0.93773556
ef8x96j,joy,joy,0.014312894,0.0015682512,0.000664234,0.97948945,0.002348222,0.0016169499
ef8xde8,anger,anger,0.8147827,0.017488135,0.022589207,0.044985168,0.03853138,0.061623495
ef8xlar,sadness,sadness,0.007914235,0.006456777,0.009213652,0.032021314,0.9280242,0.01636994
ef8xzmn,anger,anger,0.8122997,0.008028874,0.002208828,0.1452029,0.010068458,0.022191172
ef8z9nr,fear,sadness,0.014371956,0.04503493,0.13183379,0.007504567,0.7508888,0.050365902
ef904sf,joy,joy,0.0012738105,0.0006803988,0.00045713238,0.9944108,0.0010466843,0.0021312514
ef906at,joy,joy,0.0010984775,0.00070024235,0.00055241585,0.9939229,0.0020956534,0.0016303613
ef90wtx,surprise,surprise,0.011397715,0.005167867,0.003765664,0.13202101,0.0056854784,0.8419623
ef91fxn,joy,surprise,0.086821616,0.019250138,0.05683838,0.018389367,0.03331933,0.7853811
ef91h14,anger,anger,0.939223,0.010587467,0.0015066534,0.02264407,0.020317558,0.005721224
ef91jtr,joy,joy,0.0064264387,0.003775621,0.0034650832,0.7052098,0.00437137,0.2767517
ef9247g,joy,surprise,0.34627077,0.01597422,0.009532993,0.1090629,0.112345114,0.40681404
ef92h73,anger,anger,0.95949095,0.012132497,0.0018339653,0.017534984,0.0068507735,0.0021567526
ef92ona,surprise,surprise,0.010216879,0.0032820608,0.00457087,0.028405063,0.014385818,0.93913925
ef92vm2,anger,anger,0.792023,0.018108958,0.00609759,0.015143995,0.01047867,0.15814777
ef934g5,anger,anger,0.37413517,0.02278272,0.029893683,0.180388,0.3600583,0.032742158
ef938yu,sadness,anger,0.5212621,0.03256737,0.005312821,0.09591087,0.33652443,0.008422349
ef941y4,surprise,surprise,0.007318815,0.0027109154,0.0037710737,0.0055334507,0.005687348,0.9749784
ef95ek1,sadness,sadness,0.42241484,0.019937156,0.0070267394,0.082291745,0.4500361,0.018293401
ef95gxb,surprise,surprise,0.3178769,0.010461387,0.0069433455,0.26129073,0.035589863,0.36783773
ef95izn,joy,joy,0.0009409263,0.00065642747,0.0004170128,0.9954431,0.000815162,0.001727371
ef95ppg,joy,joy,0.0018304432,0.0006614276,0.00041199801,0.9935963,0.0011277861,0.0023719906
ef961d1,joy,anger,0.8793945,0.014461891,0.0029031974,0.028130658,0.06975303,0.0053568026
ef9684z,joy,joy,0.0016056575,0.0008998473,0.0007298363,0.9893217,0.0012166019,0.006226356
ef98qb0,surprise,sadness,0.04469928,0.041967876,0.23747335,0.0597762,0.309201,0.3068823
ef9a1z6,joy,joy,0.0020239833,0.0018400726,0.0059159338,0.96461296,0.019467115,0.006139899
ef9aahr,joy,joy,0.007362386,0.0009968253,0.000816706,0.97234446,0.008044082,0.010435483
ef9ahid,joy,joy,0.0012520785,0.0007324262,0.0004336685,0.9954449,0.00067458017,0.0014624
ef9aoxl,disgust,joy,0.04028094,0.0055169277,0.00329097,0.8973983,0.0041303905,0.04938247
ef9arms,disgust,anger,0.44991067,0.117479905,0.022967905,0.011790731,0.3333945,0.06445623
ef9e6q1,anger,anger,0.8988903,0.011803667,0.0049899165,0.029481757,0.022499502,0.032334924
ef9ebro,anger,sadness,0.3471998,0.0732937,0.008845607,0.020417191,0.5371148,0.013128927
ef9er31,joy,joy,0.0011062283,0.0008650279,0.0007933489,0.9941064,0.0017799097,0.0013490757
ef9fcav,joy,joy,0.0011849432,0.0006181849,0.0004159518,0.9944906,0.001099476,0.0021907564
ef9i49x,surprise,surprise,0.03796485,0.0073840893,0.010047592,0.006966982,0.024813702,0.9128227
ef9jlos,joy,joy,0.0011312126,0.0007032367,0.00044565793,0.99519426,0.00082364917,0.0017020149
ef9k7r1,joy,joy,0.0907301,0.032536462,0.02665895,0.35060716,0.16355023,0.33591715
ef9ku8t,anger,anger,0.8676458,0.011269752,0.0038041382,0.021968456,0.011828239,0.08348362
ef9l3v1,surprise,surprise,0.0065261377,0.0030620827,0.0037490737,0.006312647,0.004879245,0.9754708
ef9lvyt,anger,anger,0.9563388,0.010555019,0.0017086115,0.017708436,0.0112027945,0.0024864073
ef9m1lc,joy,joy,0.031642932,0.012901339,0.024551079,0.7751408,0.05653493,0.09922883
ef9mrbo,joy,joy,0.0012653087,0.0005920301,0.0003469979,0.9951988,0.0008805888,0.0017163347
ef9of3l,anger,joy,0.005778716,0.0033032612,0.0032155057,0.9715253,0.010002235,0.0061750365
ef9ol7b,surprise,surprise,0.018849274,0.00662136,0.006857403,0.10619136,0.015080943,0.84639966
ef9otfl,joy,joy,0.053754237,0.0051848576,0.003600122,0.6800266,0.027626978,0.22980721
ef9qzcn,sadness,sadness,0.008663565,0.009120708,0.010441848,0.03691153,0.9270703,0.007792073
ef9rjqp,joy,joy,0.0026598289,0.00081738894,0.0007138292,0.9858677,0.0016789497,0.008262282
ef9rq49,surprise,anger,0.82030386,0.015171908,0.007406543,0.011048548,0.007857839,0.13821131
ef9s84u,joy,disgust,0.13793485,0.43488684,0.1424487,0.058050554,0.15290178,0.07377733
ef9spvc,joy,joy,0.009087448,0.0016560593,0.0012695225,0.97706485,0.0036749376,0.007247134
ef9tfnc,joy,joy,0.0023930757,0.0008457878,0.00054117973,0.9935393,0.00076389976,0.0019168281
ef9vx2w,anger,joy,0.4326042,0.015797041,0.010116938,0.49918836,0.03515768,0.007135774
ef9vzrk,anger,anger,0.97549766,0.009717224,0.0013970666,0.007048625,0.0045247483,0.0018146173
ef9w3om,anger,anger,0.9589087,0.017537951,0.0032975613,0.012036216,0.006259322,0.0019602587
ef9wmeh,joy,joy,0.00112364,0.00062672526,0.000381992,0.99540305,0.0006903502,0.0017742659
ef9xe72,surprise,anger,0.60439795,0.021808349,0.0046070414,0.05276749,0.053931795,0.26248744
ef9y741,anger,sadness,0.1818912,0.029041542,0.021769734,0.052847803,0.69530374,0.019145928
ef9ybl8,joy,joy,0.008248331,0.0013770502,0.0005074448,0.9839115,0.0036537885,0.0023018646
ef9yhnp,joy,joy,0.4669137,0.007271685,0.0032524928,0.47902796,0.00995118,0.03358298
ef9zo0p,joy,joy,0.0011267118,0.0006075112,0.0003495297,0.99549735,0.0008414241,0.0015775136
efa039k,surprise,surprise,0.0045435154,0.0031153418,0.0037875853,0.052215364,0.0044053313,0.9319329
efa1xx2,joy,joy,0.021109637,0.004949171,0.0013310761,0.9643479,0.0056789434,0.002583308
efa2ct9,anger,joy,0.0013880037,0.000656168,0.00045433285,0.99443996,0.0010021934,0.0020593652
efa32p3,surprise,surprise,0.006400517,0.002200712,0.003505811,0.013015369,0.0040986636,0.9707789
efa36cl,joy,joy,0.0010226766,0.0006647497,0.00038574272,0.99494606,0.0008089378,0.0021718326
efa3fns,sadness,anger,0.9034162,0.022940138,0.002020542,0.016608529,0.04562774,0.009386864
efa46lf,sadness,anger,0.9529687,0.015925644,0.0021462028,0.010180793,0.006298894,0.0124797
efa4gh9,joy,joy,0.008209252,0.0020003633,0.0011926867,0.88616014,0.0036554208,0.09878211
efa4uk8,anger,anger,0.4356737,0.09704207,0.020088412,0.031383358,0.39699402,0.018818457
efa6390,anger,anger,0.9576277,0.020583306,0.0019917765,0.00911261,0.008185451,0.0024990742
efa69r1,joy,joy,0.0018941953,0.00090382254,0.00060799165,0.99131536,0.0011623643,0.0041162204
efa9od0,joy,surprise,0.009505926,0.0037390701,0.0035295158,0.33103007,0.0088779675,0.6433175
efa9tad,joy,joy,0.00097300776,0.00062929763,0.0004065673,0.995274,0.00090379105,0.0018134232
efaa1ae,joy,joy,0.019520594,0.0050348938,0.0020979627,0.94580317,0.018540483,0.009002957
efaa36u,joy,joy,0.0014189048,0.0008602051,0.00049629674,0.99486524,0.0011487332,0.0012105845
efaa9ld,anger,sadness,0.0074583767,0.0109586725,0.00914643,0.0075821173,0.9563759,0.008478533
efaaoid,joy,joy,0.006637866,0.002446592,0.0022254009,0.89352334,0.008936353,0.08623046
efabhr7,joy,joy,0.0011269732,0.0006571289,0.00045133088,0.99323916,0.0006815201,0.0038438472
efac05a,surprise,surprise,0.05680023,0.006434248,0.005530017,0.0066135544,0.0070439875,0.91757786
efacciv,joy,joy,0.0054118917,0.002785405,0.0018520455,0.8564503,0.0036597922,0.1298405
efacted,surprise,surprise,0.04243332,0.0052713067,0.0072338223,0.008636631,0.013542969,0.922882
efacy5s,joy,joy,0.0010575575,0.0007109022,0.0005579659,0.9951899,0.0009055873,0.0015781038
efadsaf,joy,anger,0.96164143,0.007463506,0.0012499754,0.017186074,0.0060578687,0.0064011007
efadtgq,joy,joy,0.0071093775,0.0041970075,0.0037318154,0.5799368,0.0065978975,0.39842713
efafitb,anger,anger,0.94515765,0.027979253,0.0024201064,0.007317269,0.011908462,0.0052172104
efagmsa,joy,joy,0.00985916,0.0010078026,0.00046039492,0.9844907,0.0022913998,0.0018905598
efaht4q,joy,joy,0.0015657415,0.0006709426,0.0004102166,0.99515045,0.0011405491,0.0010620354
efaj94g,joy,surprise,0.003968967,0.0029981001,0.007536274,0.072591275,0.010412528,0.9024929
efajqbd,sadness,surprise,0.07045121,0.008825778,0.012888165,0.024449509,0.060995914,0.8223895
efakm1x,joy,joy,0.31740046,0.01764362,0.007519104,0.42652023,0.08387996,0.14703655
efal2f0,joy,joy,0.0011988019,0.0007966597,0.0006538816,0.98761487,0.004947025,0.0047888714
efal6xm,joy,sadness,0.0146155385,0.012439716,0.011265043,0.011514708,0.93353456,0.016630454
efalwaw,joy,joy,0.0025415227,0.001207735,0.00055501005,0.9932777,0.0012592835,0.001158658
efamq4e,joy,joy,0.0011227435,0.0007853835,0.00049462967,0.9950814,0.001236441,0.001279401
efan4ph,joy,joy,0.0030607248,0.0013271936,0.00076056056,0.98681486,0.0035736756,0.004463052
efapmhk,anger,anger,0.93048966,0.025503622,0.006223452,0.017906204,0.012555155,0.0073219636
efaq8i5,joy,joy,0.0012333883,0.00070022966,0.00041327006,0.99521047,0.000744088,0.0016985417
efaqwhx,joy,joy,0.0010801117,0.00072165247,0.0005034392,0.994926,0.00066999457,0.002098744
efar486,sadness,joy,0.0031283307,0.00071779505,0.00055957836,0.98908234,0.003046778,0.0034652092
efar4gd,anger,anger,0.9685925,0.01434226,0.0018561882,0.00846687,0.004534194,0.002207883
efarggc,anger,anger,0.91076875,0.013329334,0.0019116602,0.045334138,0.018049829,0.010606417
efarp72,anger,anger,0.9318271,0.04474822,0.004010462,0.0067804046,0.009645592,0.0029881976
efas4k4,anger,surprise,0.013711251,0.0035370414,0.00669937,0.011159071,0.0076274048,0.95726585
efasojw,joy,joy,0.0014782231,0.0006008362,0.0003619149,0.9952766,0.00085157756,0.0014308778
efat5t8,anger,anger,0.9631895,0.0081119975,0.0015974643,0.018506384,0.0059745307,0.0026201622
efau5j8,anger,anger,0.92982894,0.016624626,0.0027109452,0.019834789,0.028255422,0.0027453545
efauria,joy,anger,0.65579116,0.01201364,0.004842596,0.12266386,0.06613627,0.13855241
efautyj,joy,joy,0.001100317,0.0006938345,0.00043381142,0.9949201,0.0007334545,0.0021185402
efauvos,joy,joy,0.0033763067,0.00073445094,0.00043376084,0.9900311,0.0013309421,0.004093418
efav27a,joy,joy,0.0022988566,0.0009601374,0.0006549002,0.99342585,0.0010784697,0.0015817872
efavqq3,joy,joy,0.0012702737,0.00060449727,0.0003845529,0.9950759,0.00072589464,0.0019388952
efaxy0o,joy,joy,0.0012022279,0.00061816815,0.00054469635,0.9940924,0.0016411004,0.0019013095
efay907,joy,joy,0.0014463867,0.00080426957,0.00044947327,0.9946931,0.0010466684,0.0015601726
efaymbj,joy,joy,0.0011051778,0.0007698297,0.0005092856,0.9945397,0.0011750748,0.0019009671
efayvtz,anger,anger,0.92922765,0.016670998,0.005592251,0.014415703,0.02295702,0.011136406
efaz9mo,anger,anger,0.43107876,0.022139238,0.005311165,0.091208674,0.021857314,0.4284049
efb0qog,joy,joy,0.0025890407,0.0010960717,0.00066017604,0.9925073,0.0011803339,0.0019670918
efb25ky,joy,joy,0.33706927,0.00625685,0.0040089386,0.6266172,0.01608707,0.009960648
efb2f53,joy,joy,0.008202572,0.001092264,0.0007179125,0.98531187,0.001541575,0.003133855
efb39v8,joy,joy,0.0012268443,0.0006129171,0.00039103138,0.9944317,0.0007463449,0.0025910838
efb50zf,joy,joy,0.0018016729,0.00078312244,0.0008182591,0.9898519,0.001408362,0.005336735
efb68h1,sadness,anger,0.78011876,0.031440668,0.004606062,0.01500641,0.15346639,0.015361672
efb6bek,surprise,joy,0.0013706136,0.0009856801,0.0009611153,0.99125904,0.00075480837,0.0046687736
efb6i9m,sadness,sadness,0.01824305,0.015845982,0.009726773,0.02248119,0.9086081,0.025094837
efb6vct,surprise,surprise,0.04582701,0.0059269243,0.005279437,0.0054947087,0.010518677,0.92695326
efb71xo,surprise,surprise,0.014008827,0.002763987,0.0030917712,0.012224381,0.007899913,0.9600111
efb785b,joy,joy,0.0026826407,0.0009097162,0.00055535743,0.99201125,0.0012237752,0.002617248
efb7n6l,surprise,anger,0.6936378,0.0089420695,0.003704404,0.04793337,0.009908347,0.23587398
efb85mg,surprise,surprise,0.004445717,0.0026878782,0.0048952214,0.015010315,0.005128416,0.9678324
efb8c8z,surprise,surprise,0.0043729763,0.0027857893,0.0039390447,0.010121124,0.004783612,0.9739974
efb8xlf,joy,joy,0.0010907066,0.000708737,0.00044132356,0.99554527,0.00090721657,0.00130676
efb92j4,anger,joy,0.0053146384,0.0017731661,0.0026728571,0.9813834,0.0027005933,0.006155354
efb9igj,joy,joy,0.0018057071,0.00072570436,0.00030513853,0.99511105,0.0008116524,0.0012407616
efbagij,anger,surprise,0.33330068,0.011179629,0.006087053,0.066036716,0.07034047,0.51305544
efbb5mh,sadness,sadness,0.007974499,0.014599309,0.013487245,0.0073299366,0.95124316,0.0053659244
efbbb56,surprise,surprise,0.0060821106,0.00382017,0.0034588918,0.0668503,0.0069296225,0.9128589
efbd8aq,surprise,surprise,0.007092135,0.002704473,0.00451614,0.006874494,0.0042064977,0.9746062
efbda2i,surprise,joy,0.0055882237,0.0013144605,0.0011187505,0.9499917,0.0033131603,0.038673643
efbe8un,sadness,sadness,0.006014197,0.00877002,0.010627778,0.007352308,0.95844275,0.008792975
efbf3vx,surprise,surprise,0.0045132725,0.003013193,0.00693155,0.0069745416,0.0054853233,0.9730821
efbf4lt,anger,anger,0.971199,0.014532192,0.001835199,0.006389921,0.003808843,0.0022348997
efbffp7,surprise,surprise,0.058526848,0.005606651,0.005394842,0.006036675,0.009751903,0.9146831
efbfp6i,sadness,sadness,0.005377809,0.013941681,0.013466704,0.0065266835,0.95400935,0.006677793
efbfw7r,joy,joy,0.0011462782,0.00068867794,0.0004348332,0.9952943,0.0006632109,0.0017727198
efbgyf8,anger,anger,0.7487838,0.03753205,0.011301517,0.10397068,0.08988832,0.008523574
efbh0ex,surprise,surprise,0.054148804,0.017636236,0.12242351,0.051550485,0.10148206,0.6527589
efbh5se,joy,joy,0.002128604,0.0009937861,0.0005392088,0.9914089,0.0015526459,0.0033767922
efbigb2,joy,joy,0.0008209222,0.0007785095,0.00060659234,0.99409926,0.0019629598,0.0017317799
efbj4rj,anger,surprise,0.095266834,0.022704044,0.094118565,0.02924884,0.25885677,0.49980494
efbkceg,surprise,sadness,0.016765276,0.012099798,0.007579647,0.30292368,0.65370685,0.006924744
efbkjk6,anger,anger,0.9628572,0.017228482,0.0029291867,0.008064199,0.0066326824,0.0022883236
efbn72a,anger,anger,0.45660648,0.09107548,0.18294752,0.03982478,0.15968066,0.06986508
efboftf,anger,anger,0.95940506,0.0227801,0.002890665,0.005594447,0.0063524987,0.002977301
efbolya,joy,joy,0.0012734446,0.0007210215,0.0004920692,0.99498403,0.00078209955,0.001747285
efbq2jw,surprise,surprise,0.004956618,0.0022917506,0.0031204878,0.00957991,0.0048437957,0.9752075
efbqs2b,joy,joy,0.001086761,0.00072916877,0.0003980261,0.9953615,0.0007002688,0.0017242546
efbr0nk,joy,joy,0.0015928824,0.000719454,0.00037308322,0.9941664,0.0006995677,0.0024486629
efbr98y,sadness,anger,0.6193101,0.03619592,0.027376266,0.059883803,0.18658143,0.07065249
efbrv40,anger,joy,0.007899562,0.0016426054,0.000670421,0.9852584,0.0020906602,0.0024384167
efbs1vb,surprise,surprise,0.0071954685,0.0026890426,0.0037218106,0.0063094497,0.0044003436,0.97568375
efbs26k,sadness,sadness,0.02114233,0.02065372,0.010290891,0.0061934646,0.9350908,0.006628766
efbt7mb,anger,anger,0.95672226,0.021472078,0.0034416222,0.011265178,0.0040261727,0.0030726201
efbtfgf,sadness,sadness,0.00892989,0.009698579,0.008001145,0.050574485,0.9146331,0.008162774
efbu57u,joy,joy,0.0013468663,0.0006581732,0.00039071933,0.9952958,0.00083094387,0.0014774633
efbvqw0,joy,joy,0.0012053866,0.00061369594,0.0004123169,0.9952638,0.00077908003,0.0017257412
efbzz7y,surprise,surprise,0.005860998,0.0041469047,0.0064958236,0.005214794,0.006114121,0.9721673
efc0d37,joy,joy,0.0013120357,0.00091712375,0.00066921633,0.99424803,0.0007219494,0.002131622
efc0n90,joy,joy,0.0010544532,0.0006534956,0.00049285975,0.99531794,0.0010536172,0.0014276856
efc1hvy,anger,joy,0.037294783,0.0044255196,0.0010245712,0.9497753,0.0050510997,0.0024287465
efc1sp1,joy,joy,0.013573305,0.0017366017,0.0014149165,0.9745812,0.003788707,0.0049053854
efc330k,anger,anger,0.63068706,0.012371523,0.009470523,0.23398295,0.038433284,0.07505474
efc3kii,fear,fear,0.0995088,0.24322525,0.24581218,0.15393257,0.22958857,0.027932547
efc3rlr,joy,anger,0.94616085,0.02062582,0.0040511545,0.0138604585,0.012008425,0.0032933205
efc57ta,joy,sadness,0.012293146,0.007889602,0.011752166,0.14857194,0.7972309,0.022262234
efc7r48,surprise,joy,0.0052479603,0.0028627818,0.0018717408,0.869522,0.0031574953,0.117338076
efc8kjl,joy,joy,0.0013106326,0.000743289,0.00045215373,0.99429446,0.000630072,0.002569346
efc8mal,joy,joy,0.0012784927,0.00068667677,0.00043003235,0.99324197,0.00068252697,0.0036802439
efcajd0,anger,anger,0.96270347,0.011902219,0.0027276948,0.012924826,0.005744219,0.003997568
efcbaa0,joy,anger,0.90900457,0.016759045,0.002824644,0.050663732,0.016682178,0.0040657734
efcbtb0,joy,joy,0.0012867337,0.0005971157,0.0003639806,0.9949994,0.0006389258,0.0021139106
efcctqg,joy,joy,0.0019326073,0.0010133035,0.0006067374,0.9921232,0.0015563904,0.002767791
efcdne0,joy,joy,0.0020395133,0.00085527264,0.00042263226,0.989916,0.0017164814,0.0050500664
efcg0d7,sadness,sadness,0.0074385866,0.012536627,0.008192799,0.011018946,0.95533574,0.0054773088
efcg1wq,anger,joy,0.10179346,0.011793552,0.00618565,0.8324179,0.035763405,0.01204603
efcg81y,joy,joy,0.0011875188,0.0007831871,0.00052319636,0.9949837,0.0007133581,0.0018090145
efcghl4,joy,joy,0.0013619015,0.0008679135,0.00054813625,0.9942316,0.00071947195,0.0022710431
efch84n,anger,joy,0.04476201,0.0016611737,0.0006967622,0.94107234,0.0043186317,0.0074890456
efcjhu8,disgust,anger,0.66807693,0.26195464,0.014450858,0.013874875,0.031108161,0.010534519
efckux0,anger,joy,0.007961164,0.0018206281,0.0014103415,0.91019607,0.0035812964,0.07503058
efcmt0h,joy,joy,0.00748011,0.0011203582,0.0009833442,0.9817742,0.004926888,0.0037150325
efcni6k,anger,anger,0.97138864,0.015547538,0.002597921,0.0035946914,0.0045964397,0.0022748732
efcnzea,surprise,surprise,0.011098826,0.0061025624,0.009507442,0.006557538,0.044941515,0.92179215
efco5i9,joy,joy,0.0013449533,0.00082360534,0.00038907974,0.99286425,0.00082870404,0.0037494234
efct8mj,surprise,joy,0.011873674,0.003424845,0.005002957,0.9211887,0.02345593,0.035053868
efcvtgh,joy,joy,0.10901003,0.0077067204,0.002211439,0.8677927,0.0073887417,0.005890307
efcw08g,joy,surprise,0.006329471,0.0033928007,0.009715514,0.0105467895,0.0064203744,0.9635951
efcx38n,joy,joy,0.0026900223,0.0007433421,0.00043714332,0.9927206,0.0013164404,0.00209242
efcx9uv,anger,anger,0.8393243,0.051668245,0.003161928,0.0154620195,0.08442872,0.0059547434
efcz05s,joy,joy,0.002060924,0.00091968,0.0003981438,0.9933757,0.0012579955,0.0019875567
efd098n,joy,joy,0.0009018026,0.0006991377,0.00045697976,0.99541783,0.00095697626,0.0015673132
efd3k5r,joy,joy,0.0010735024,0.0006920389,0.0004018463,0.99554765,0.0008547858,0.0014301466
efd427s,joy,joy,0.0015781348,0.0009831849,0.0008037649,0.9909581,0.0013280701,0.004348837
efd6fvz,anger,anger,0.9733372,0.0062619736,0.0021226744,0.008546987,0.0038425585,0.0058886083
efd8s81,surprise,surprise,0.12395531,0.009658805,0.005096379,0.012488966,0.014884021,0.8339165
efd8vd8,anger,anger,0.95287883,0.010358119,0.0032882532,0.013872762,0.0038992167,0.015702723
efdartc,joy,joy,0.0016940142,0.00087551854,0.00041466553,0.9946138,0.00060783257,0.0017940958
efdat3z,anger,anger,0.9371238,0.011476625,0.0029449123,0.006961993,0.005865377,0.03562727
efdawuk,joy,anger,0.6687427,0.060412467,0.0780574,0.05348417,0.06556673,0.073736615
efdb2dv,joy,joy,0.0009844726,0.0006398069,0.00039220948,0.9953021,0.0007620776,0.001919344
efdbuxe,joy,joy,0.0030503615,0.00078207866,0.0006940717,0.9852389,0.0011306214,0.009103844
efdcogh,joy,joy,0.0027572433,0.0018559999,0.001291891,0.94659615,0.0016232217,0.045875438
efdcrr9,joy,joy,0.005508441,0.0011401575,0.0007994431,0.9770833,0.0027849763,0.012683758
efddtyh,joy,joy,0.0013017886,0.00077069784,0.0004763684,0.99513066,0.0008562325,0.0014642581
efddvr1,joy,joy,0.0010600679,0.0007640784,0.00052890665,0.9948303,0.00077979564,0.0020368788
efdegab,joy,joy,0.001385999,0.00074046134,0.0004273132,0.993608,0.0008006582,0.0030375258
efdel1c,sadness,joy,0.0012819443,0.0007597015,0.0006903895,0.9929073,0.0019061008,0.0024546008
efdeowg,sadness,sadness,0.23090263,0.16906457,0.047007017,0.019320345,0.49494717,0.038758256
efdepeu,joy,joy,0.005172258,0.0012740112,0.0011048558,0.9842079,0.0038508205,0.004390169
efdfbxk,joy,joy,0.0017932251,0.0006114378,0.00042571747,0.99292165,0.0006540115,0.003593914
efdg10x,joy,joy,0.0012845027,0.0007259309,0.00038852668,0.9952323,0.00078024686,0.001588484
efdg29z,joy,joy,0.0025890477,0.0023249655,0.0017873996,0.9586949,0.028758857,0.005844803
efdgezt,anger,anger,0.41984755,0.013418558,0.015111535,0.15902929,0.21030661,0.18228641
efdh6bn,joy,joy,0.0012063676,0.00073897454,0.00040411507,0.99539196,0.0005990736,0.0016595023
efdhd5o,anger,anger,0.9495234,0.026785811,0.0030271872,0.00959221,0.008832217,0.002239104
efdj26n,surprise,surprise,0.1192128,0.017753942,0.008569011,0.008486385,0.011695207,0.8342826
efdjtqm,surprise,surprise,0.00972,0.002657788,0.0030687656,0.00890143,0.0055065495,0.9701455
efdl37e,joy,joy,0.002108517,0.0008010958,0.00052820216,0.9932579,0.0010276234,0.0022767554
efdm6r4,anger,anger,0.9458185,0.026440024,0.0024779143,0.011176118,0.008571131,0.0055162893
efdmmbq,joy,joy,0.001176938,0.00070527266,0.00044728836,0.99489176,0.00125558,0.0015230924
efdo4fg,joy,joy,0.045334503,0.003346961,0.0015877828,0.9413634,0.0040274267,0.0043399804
efdof51,joy,joy,0.001876415,0.00066752266,0.00038309503,0.99375594,0.0005828819,0.0027340853
efdpw7t,joy,joy,0.0009529955,0.00067145796,0.00064429175,0.9939272,0.0015106818,0.0022933767
efdpzme,joy,joy,0.0013569423,0.000605594,0.00048223953,0.994191,0.0007768099,0.0025874197
efdqapu,surprise,anger,0.61960834,0.021341477,0.017166471,0.010603292,0.05174842,0.27953205
efdqmtz,joy,joy,0.0011435879,0.00062568404,0.00040396527,0.9944277,0.00064230454,0.0027568014
efdqr1z,sadness,sadness,0.014469431,0.007923937,0.0075435075,0.06348576,0.8981936,0.008383789
efdr1bj,surprise,surprise,0.12053673,0.0067110877,0.005778876,0.0162406,0.0075041726,0.8432286
efdrwwc,joy,joy,0.0061640325,0.0033723258,0.0034844272,0.617606,0.0051785167,0.36419472
efdsf7y,joy,joy,0.003359875,0.0019311276,0.0023108255,0.92194176,0.010400594,0.06005578
efdsujk,joy,joy,0.001623682,0.00069484825,0.00044456907,0.99503714,0.00075374264,0.0014459573
efdswgl,joy,joy,0.0015130917,0.00066356396,0.00039316868,0.9953465,0.00075613754,0.0013275204
efdt553,surprise,surprise,0.0049910313,0.0025107325,0.004224394,0.005462014,0.004400795,0.9784111
efdtf83,anger,anger,0.92625713,0.008409772,0.0019155152,0.05286592,0.00487072,0.005680992
efdtsj9,joy,joy,0.0012981701,0.00091931917,0.00087658287,0.99202055,0.0032267075,0.0016587173
efdvx9y,joy,joy,0.0018617286,0.00061943324,0.00030383596,0.9939248,0.0009891796,0.002300959
efdvxbg,joy,anger,0.6077005,0.02475393,0.025094701,0.11330541,0.21081223,0.018333167
efdwe1r,joy,joy,0.0055274516,0.0033306167,0.002702271,0.72998565,0.0050277053,0.25342637
efdwj7v,surprise,joy,0.013591208,0.003709364,0.0033555538,0.787777,0.006754104,0.1848127
efdy564,joy,joy,0.0010697041,0.00084685587,0.00072294567,0.9931763,0.0008467436,0.0033374547
efdy636,anger,anger,0.9265734,0.01652987,0.002751987,0.03938745,0.0126452055,0.0021120703
efdysqr,surprise,sadness,0.12115495,0.034592934,0.05686742,0.0084128,0.6369803,0.14199167
efdz0k1,surprise,surprise,0.012081128,0.003340336,0.0038261039,0.005514557,0.0049353833,0.9703025
efdzhjo,joy,joy,0.0012261177,0.000862272,0.00057586643,0.9896332,0.0008083234,0.006894263
efdzr2t,joy,joy,0.00090451044,0.00063684664,0.00039093557,0.9953886,0.0009448312,0.0017342418
efe0c87,sadness,anger,0.9139788,0.01902741,0.004670665,0.0132655185,0.042077582,0.0069800112
efe0j3m,anger,anger,0.9325868,0.009133652,0.0022703325,0.029719919,0.016183997,0.010105274
efe0ro5,joy,anger,0.37145463,0.047465477,0.106398486,0.088350505,0.2922673,0.09406365
efe1roo,anger,anger,0.933647,0.032892905,0.0030232582,0.008377738,0.017127147,0.0049319835
efe1sro,surprise,surprise,0.13983399,0.009479634,0.016604671,0.016519,0.014581526,0.8029812
efe1tiu,surprise,surprise,0.019439833,0.012551076,0.012735026,0.0055726594,0.032351386,0.91735
efe2hew,anger,anger,0.9279078,0.008810937,0.0017124487,0.05141094,0.007743605,0.0024142198
efe46eu,surprise,surprise,0.008937618,0.008173014,0.006624332,0.10753978,0.008575651,0.8601497
efe4769,fear,anger,0.59142804,0.027158238,0.013652781,0.3183367,0.033020407,0.016403845
efe4dav,surprise,joy,0.0015071399,0.0008265454,0.00041222444,0.99198884,0.0013230334,0.0039422363
efe4qp8,sadness,sadness,0.033726033,0.0459425,0.010516042,0.012993952,0.8878942,0.0089272875
efe53sz,joy,joy,0.0011194564,0.00062582263,0.00040675874,0.99408543,0.00071697804,0.0030455773
efe7o98,joy,joy,0.0015461883,0.00070090883,0.00039161934,0.9946355,0.0006773975,0.0020483527
efe7v2e,joy,joy,0.0010357901,0.0007566036,0.0005276225,0.9953798,0.0010422401,0.0012580337
efe9qom,joy,joy,0.000955769,0.0007023252,0.00047904122,0.99536884,0.0007314562,0.001762505
efe9qxb,joy,joy,0.0012519002,0.0006538587,0.00046186234,0.9946503,0.0007967214,0.002185292
efeaa2d,joy,joy,0.0013426983,0.0007743922,0.0004328767,0.9901128,0.0010048242,0.0063323807
efeb2l6,joy,joy,0.0014165842,0.0007626734,0.00045687731,0.99479526,0.0013963929,0.0011721641
efeb2of,joy,joy,0.0013476689,0.0008913799,0.0005275545,0.9938747,0.0010092414,0.0023493478
efebxrg,anger,joy,0.29540133,0.007378927,0.0028246394,0.4764337,0.016337631,0.20162378
efect26,joy,joy,0.0029758555,0.0016801683,0.0010484362,0.9745394,0.016033158,0.0037229853
efecy9p,joy,joy,0.001038982,0.0007149231,0.00041770088,0.99535936,0.0007202246,0.0017487952
efeddwq,joy,joy,0.00096287037,0.000705902,0.00043864764,0.99526453,0.0008559362,0.0017721427
efedyq1,joy,joy,0.0011728466,0.0007505803,0.00035785738,0.9953342,0.00071345124,0.0016709925
efee1jm,joy,joy,0.0012854801,0.00065167743,0.00038710822,0.99452376,0.00089394866,0.00225808
efee9py,joy,fear,0.018988853,0.030595953,0.6619695,0.055916212,0.1688038,0.06372566
efee9rg,disgust,disgust,0.20404771,0.6236805,0.07443881,0.011759564,0.0697233,0.016350163
efeece8,joy,joy,0.0013753285,0.00078165473,0.0005122923,0.9942479,0.00077346014,0.0023093247
efef6vt,joy,joy,0.001040139,0.0006440555,0.00040382624,0.9954183,0.0010097389,0.0014838954
efeffg8,joy,joy,0.0013509229,0.0007755416,0.00056691124,0.99197257,0.0007258783,0.0046081427
efefr7x,joy,joy,0.04766563,0.008126869,0.01863487,0.72763044,0.15561545,0.04232676
efeg4s3,surprise,surprise,0.012471542,0.0041495855,0.005547312,0.0047314586,0.0056136446,0.9674865
efegdat,joy,joy,0.00238689,0.001433322,0.0016471337,0.978635,0.003229497,0.012668107
efei4gm,fear,surprise,0.016155988,0.0044333083,0.0056690625,0.010546069,0.009193394,0.9540023
efei9vg,surprise,surprise,0.004266867,0.0027746,0.0036858572,0.013320849,0.0041610342,0.9717908
efeik6x,joy,joy,0.003505177,0.0036662493,0.0066083865,0.95499206,0.023804238,0.007423967
efeiqxx,surprise,anger,0.9638186,0.0059648966,0.0015043955,0.016941246,0.00784887,0.0039218855
efeiyqj,joy,joy,0.0015161224,0.00064279186,0.00038569057,0.99502075,0.00076294446,0.001671801
efekai7,joy,joy,0.00096630113,0.00067429716,0.00045571956,0.99520844,0.00075373036,0.0019415295
efel74t,joy,joy,0.110634066,0.007111666,0.0025397115,0.86852294,0.0080377385,0.0031539802
efeldx4,joy,joy,0.0016381401,0.0005827218,0.00046796206,0.9933668,0.0021214783,0.0018229518
efelhz0,joy,joy,0.001152023,0.0007259135,0.00041082109,0.99539304,0.00066011486,0.0016580882
efem0xj,fear,fear,0.0146471895,0.032437373,0.8127257,0.015218028,0.03978266,0.08518901
efem3o7,anger,anger,0.78603035,0.007825594,0.0037041027,0.16154905,0.033307996,0.0075828508
efenjrk,anger,joy,0.061337207,0.00523187,0.0025937906,0.8979367,0.029121025,0.003779389
efenu3x,anger,sadness,0.38500974,0.06411416,0.011072118,0.09466207,0.43456292,0.010578929
efeo5oz,anger,anger,0.6451704,0.010148435,0.004828436,0.24625438,0.06906548,0.024532884
efeosuk,anger,anger,0.9580892,0.007705035,0.0013619327,0.016801875,0.0067495736,0.009292488
efeov0r,joy,joy,0.0014711607,0.0007194973,0.00041839262,0.9948474,0.0012313398,0.00131214
efepiyx,joy,joy,0.0019936927,0.0012271674,0.0014838937,0.9698223,0.0014419741,0.024031023
efeplj2,surprise,surprise,0.00822943,0.0029924153,0.0042938567,0.004442964,0.0051929047,0.97484833
efeqted,anger,anger,0.95670277,0.008528832,0.0011352337,0.015789239,0.015406325,0.0024376707
efer7nd,joy,joy,0.0010795493,0.0006779291,0.00049729523,0.9950413,0.0013116851,0.0013923255
eferc2f,anger,anger,0.95864505,0.021787085,0.002601833,0.006794855,0.006750788,0.0034203879
efesrdr,joy,joy,0.004676971,0.0020111345,0.0008026878,0.98817396,0.0028455514,0.0014895914
efetf41,anger,anger,0.45558658,0.029205905,0.013070767,0.2989009,0.023304472,0.17993127
efetfie,joy,joy,0.0020109,0.0011063225,0.0018964548,0.9774793,0.006223234,0.011283888
efeuisv,surprise,surprise,0.0053409217,0.004021262,0.0040925457,0.057074025,0.004444274,0.92502695
efeuxmi,joy,joy,0.0010782116,0.00071332854,0.00043090511,0.99561775,0.0006998308,0.0014599802
efevjno,surprise,surprise,0.10672643,0.014846511,0.008216748,0.0109977145,0.01632064,0.842892
efevjuc,anger,joy,0.014337556,0.0026564137,0.0052022785,0.8566174,0.008124464,0.11306185
efexu3f,joy,joy,0.009733091,0.0018573945,0.0007530842,0.98343164,0.0024127173,0.0018119982
efexuni,joy,joy,0.0012389615,0.0008302841,0.000693591,0.99334717,0.0016618094,0.0022281602
efey6hf,joy,joy,0.0015827145,0.0007016438,0.00036604554,0.99473083,0.0007177261,0.0019010243
efeyho0,fear,fear,0.32036316,0.1767653,0.34515634,0.011966259,0.09289911,0.052849803
efeymfg,fear,fear,0.016909469,0.033018947,0.8468697,0.010324327,0.04573237,0.047145177
efezekn,joy,joy,0.0066977874,0.0008978186,0.00043907593,0.9887744,0.0016179774,0.0015728653
efezgxz,joy,joy,0.02477213,0.004038796,0.0018452427,0.83270144,0.0045827045,0.13205959
eff01nz,surprise,joy,0.006718241,0.004484867,0.004311537,0.5669971,0.0068086255,0.41067955
eff255g,joy,joy,0.0014574376,0.000678852,0.0004432294,0.99377245,0.000866033,0.0027820421
eff2mqp,joy,joy,0.001773243,0.0007588667,0.00047031362,0.994619,0.0009086409,0.0014698667
eff3fey,joy,joy,0.0017211809,0.0008555443,0.00044588017,0.9949379,0.00091786863,0.0011216189
eff3n38,surprise,surprise,0.009622815,0.003492931,0.0034674278,0.04748937,0.008708086,0.92721933
eff457w,joy,joy,0.0016867996,0.00072294945,0.00038294517,0.99369216,0.00097196497,0.0025431311
eff4bh7,joy,joy,0.0009092535,0.0006893541,0.000424655,0.9953874,0.0008058167,0.0017836681
eff4k9j,joy,joy,0.0010610992,0.0007305519,0.00040563132,0.9954384,0.0008627976,0.0015015727
eff4o3x,disgust,anger,0.9322076,0.027421618,0.0028293994,0.015182275,0.017124483,0.0052346415
eff5ks8,anger,anger,0.6836588,0.23732479,0.021980781,0.013497533,0.033379603,0.010158574
eff5prh,anger,anger,0.9159317,0.00921418,0.002270322,0.035372797,0.029883651,0.007327383
eff65tt,joy,joy,0.003428754,0.0008563522,0.00047025786,0.9866556,0.0009488881,0.007640165
eff6ov5,joy,joy,0.0011784508,0.00066511583,0.00050628884,0.99333656,0.0008977025,0.0034158907
eff6wrw,joy,joy,0.0013180671,0.0008460351,0.0009850621,0.98974085,0.0020003489,0.005109695
effa0xx,joy,joy,0.0011678673,0.0006476066,0.00039730742,0.99553335,0.0008982335,0.0013556118
effahnx,joy,joy,0.0023832016,0.0010636683,0.00092732784,0.9900237,0.0016930307,0.0039090523
effb0if,joy,joy,0.0010571196,0.0006640271,0.00043866833,0.99540603,0.00073254644,0.001701653
effbd7i,joy,joy,0.0012322963,0.00068316964,0.0003751613,0.99551207,0.0009186537,0.0012785846
effcbjz,sadness,joy,0.0037783263,0.006500576,0.0159647,0.7843701,0.17576058,0.013625623
effcrvg,joy,joy,0.0011014213,0.0007091627,0.0004218899,0.99457896,0.00081815384,0.0023703715
effg6bp,joy,joy,0.0014365147,0.000759997,0.00041424955,0.9942948,0.0009798291,0.0021145453
effghs0,joy,joy,0.0019021897,0.000793973,0.00039581986,0.9931651,0.00075358513,0.002989324
effglrt,joy,sadness,0.0075924946,0.0074681286,0.010475974,0.083610594,0.8758239,0.015028895
effgrgh,anger,anger,0.975632,0.010470018,0.0018445781,0.006366043,0.003739992,0.0019473564
effht3y,joy,joy,0.002365658,0.0007346209,0.00036760833,0.99399614,0.0010767033,0.0014593306
effi5o6,joy,anger,0.7825044,0.0074644764,0.0041409875,0.16824274,0.023288136,0.014359248
effi67a,sadness,anger,0.97019684,0.009353392,0.0017439293,0.011656871,0.0039541204,0.003094818
effidao,anger,anger,0.5029018,0.069343604,0.06245666,0.017326057,0.15638955,0.19158229
effij8h,joy,joy,0.01100667,0.0014252438,0.0009002258,0.97870654,0.0018215417,0.006139761
effj83h,surprise,surprise,0.007885549,0.0030868303,0.0036818425,0.0065567526,0.005447748,0.97334135
effl8p9,anger,anger,0.967134,0.008654034,0.001836892,0.008294217,0.004357614,0.009723174
effla1v,joy,joy,0.2159467,0.01911566,0.0049460577,0.73682344,0.015196535,0.007971634
effnbf0,anger,joy,0.024535125,0.0035860857,0.0017201758,0.7949148,0.0057621887,0.16948162
effosmh,surprise,surprise,0.012771959,0.0042902115,0.005298138,0.0047864374,0.007852441,0.9650008
effp28m,surprise,surprise,0.0114718955,0.0030405107,0.0065761274,0.008953743,0.0084432615,0.96151435
effr71n,anger,joy,0.0045529213,0.0009941094,0.00054684654,0.990123,0.0016111342,0.0021719364
effrozc,joy,joy,0.0011488555,0.0006795594,0.0004143705,0.9944125,0.0010058008,0.0023389105
effsdvt,joy,joy,0.0013780826,0.00072091864,0.00043047033,0.9950087,0.0010795655,0.0013822195
effszvh,joy,joy,0.00097032933,0.000634417,0.00041044835,0.9950164,0.0012158476,0.001752536
effum5y,joy,anger,0.7105105,0.03188375,0.015699072,0.08821096,0.015263809,0.13843197
effuxvv,joy,sadness,0.15462555,0.02346175,0.051300086,0.051482808,0.65867305,0.060456783
effw1x7,sadness,anger,0.7597998,0.018472515,0.010227075,0.046982706,0.09010743,0.07441041
effw6qi,disgust,disgust,0.13250878,0.6582007,0.09248541,0.012338416,0.08536584,0.019100891
effx8qi,joy,joy,0.2617945,0.006759968,0.002759648,0.65834475,0.028717754,0.041623354
effxdsk,joy,joy,0.0010710419,0.00067506876,0.00035902447,0.99552625,0.00077484385,0.0015938075
effxeph,joy,joy,0.0009330566,0.00075624016,0.0005081412,0.99499136,0.0012527553,0.0015585352
effxhn1,joy,joy,0.001157514,0.000794495,0.000552685,0.9947184,0.00090545905,0.0018715049
effxrcs,joy,joy,0.0034808614,0.0013680288,0.0008252996,0.98960716,0.001497307,0.0032213174
effyjkz,disgust,anger,0.90055853,0.06718947,0.008495765,0.0065140403,0.013821817,0.003420332
effyp1m,anger,joy,0.045723848,0.0029872018,0.0011546008,0.94263726,0.0047022197,0.0027948935
effzl53,joy,joy,0.0019004229,0.00071666203,0.0004766856,0.9934882,0.0018750099,0.0015430495
effznxq,anger,anger,0.5587983,0.022662146,0.0070846183,0.11821239,0.28180578,0.011436747
effzr7x,joy,joy,0.0013076059,0.00089037773,0.0009166753,0.9927806,0.0022253287,0.0018794038
efg09d0,joy,joy,0.0049966844,0.0013136104,0.0008554166,0.9859735,0.004953265,0.0019075742
efg0vgv,sadness,sadness,0.069604576,0.01879988,0.007850709,0.12861258,0.70647967,0.06865255
efg25dx,joy,joy,0.003454547,0.0013013157,0.0005330214,0.9913919,0.0018276427,0.0014915454
efg25kp,joy,joy,0.0011327711,0.0007241729,0.0004126579,0.995201,0.0012384373,0.0012910387
efg2kzt,joy,joy,0.0019731964,0.001323596,0.00084516965,0.97350174,0.0012329115,0.021123363
efg35wk,joy,anger,0.9406695,0.007006002,0.0020640267,0.041388184,0.0056889933,0.0031833774
efg41qp,joy,joy,0.024048008,0.009266569,0.00953488,0.88846976,0.02542983,0.04325094
efg4e6i,anger,anger,0.9464828,0.013149676,0.0025072529,0.0081138285,0.007772309,0.021974165
efg4hx3,surprise,surprise,0.0054258932,0.002937828,0.004838724,0.004654969,0.0047977436,0.9773448
efg5mrp,anger,anger,0.9743779,0.011903913,0.002539299,0.0046471204,0.0038032972,0.0027286438
efg65s0,anger,joy,0.39187044,0.0048161233,0.002042978,0.5846564,0.008577198,0.0080368025
efg7y64,joy,joy,0.0009938091,0.00070347794,0.00048162445,0.9950824,0.0007376071,0.002001149
efg7ysz,joy,joy,0.0011114376,0.00071947085,0.00040231092,0.9952413,0.0010879528,0.0014376132
efg9cqg,joy,joy,0.0009228596,0.00067129027,0.00043486772,0.9952689,0.0007621932,0.00193984
efg9fiq,joy,joy,0.0011855095,0.00078367,0.00058131275,0.9949008,0.0011958893,0.0013528087
efg9r1r,sadness,sadness,0.007590412,0.010401791,0.00826391,0.052221477,0.9124771,0.009045372
efg9ycl,joy,joy,0.06530869,0.009923989,0.008076537,0.8724633,0.029239234,0.014988299
efga37k,anger,anger,0.863825,0.046650562,0.004916578,0.010840601,0.067591116,0.00617614
efga6wi,joy,joy,0.0010737367,0.000765859,0.00045950245,0.9951598,0.0012543921,0.00128676
efgakei,surprise,surprise,0.0060824133,0.003631114,0.0044324794,0.1518818,0.0064223786,0.8275499
efgb529,joy,joy,0.0019008787,0.0010646862,0.00045860375,0.9918779,0.0010606615,0.0036372358
efgb7ra,joy,joy,0.009706869,0.0015608155,0.0007949363,0.9748234,0.006705293,0.006408623
efgcq8e,joy,joy,0.0013243285,0.0008284714,0.00044558497,0.9947514,0.0008136538,0.0018365294
efgd8sg,joy,joy,0.0017426168,0.0007551971,0.0003958316,0.9948672,0.0009246684,0.0013144338
efgdsgw,joy,joy,0.0017853486,0.0012166055,0.00070319686,0.98548245,0.0009099172,0.0099025415
efge60x,joy,joy,0.0016964034,0.00075499003,0.00059805525,0.9937311,0.0008333046,0.002386185
efge992,joy,joy,0.0029590805,0.0009163255,0.00046707626,0.98778594,0.0008321379,0.0070394473
efge9g2,joy,joy,0.001626102,0.00067562226,0.00036838456,0.9950663,0.0010878617,0.0011756959
efgepry,joy,joy,0.0019042717,0.00078532787,0.0003901925,0.9937236,0.0008087861,0.0023878678
efgg3yz,joy,joy,0.0012067946,0.0006701688,0.00039513008,0.9942901,0.0016215141,0.0018163108
efggbky,anger,anger,0.56275135,0.013105803,0.006507921,0.01772292,0.021616714,0.37829527
efgh4jt,joy,joy,0.0009500452,0.0009650071,0.0010414843,0.99322575,0.0015589992,0.0022587103
efghuih,joy,joy,0.0017723656,0.0006020167,0.00041577572,0.99475104,0.00082086877,0.0016379615
efgisnw,joy,joy,0.0013038073,0.00073790265,0.0004159543,0.9952803,0.0008795224,0.0013824017
efgjb67,joy,joy,0.0013532364,0.00079256616,0.00044909708,0.9944583,0.0018919236,0.0010549425
efgjn0t,fear,joy,0.0013009652,0.00063423335,0.0005003144,0.9944813,0.00081028254,0.002272904
efgjo77,joy,surprise,0.21391402,0.008630929,0.010640195,0.030329455,0.011055202,0.72543013
efgkuqx,joy,joy,0.0008582873,0.0007155762,0.0005471394,0.99506605,0.0013103212,0.0015026616
efgkxg7,anger,surprise,0.014067437,0.0036422252,0.006003271,0.018643996,0.013600679,0.9440423
efgl3hl,joy,joy,0.0025469123,0.0009660887,0.0010855886,0.9890975,0.0034915316,0.002812475
efgmon3,surprise,surprise,0.00429265,0.0023208922,0.0039016497,0.009662826,0.0042941463,0.9755279
efgmt4t,joy,anger,0.6213827,0.01944267,0.0047529656,0.069118455,0.26485008,0.020453045
efgnehd,joy,joy,0.0020836138,0.0008625092,0.00040654346,0.9936144,0.0009132973,0.0021196576
efgoecf,anger,joy,0.0013835264,0.00075460505,0.0005137224,0.99357927,0.0015024439,0.002266393
efgosat,joy,fear,0.13110785,0.07100656,0.4030389,0.17689194,0.09608084,0.12187396
efgoztz,anger,anger,0.849006,0.015318301,0.0032976738,0.08688458,0.031808697,0.013684723
efgqrun,joy,joy,0.0016608305,0.00079254265,0.00050319097,0.99329513,0.0011228031,0.0026254808
efgrne2,joy,joy,0.061003253,0.0053743995,0.0077950936,0.87202513,0.026829991,0.026972078
efgsgpu,joy,joy,0.0012874363,0.0006596896,0.00037290796,0.9943089,0.00077209505,0.0025989213
efgsl18,anger,anger,0.9606013,0.014203794,0.0042295004,0.012274799,0.005451082,0.0032395658
efgtpzv,joy,joy,0.0011385756,0.0007031858,0.00041597645,0.9950519,0.00082604605,0.0018643215
efgtq8x,joy,joy,0.0017540153,0.0010218312,0.00077808206,0.9919927,0.0018771442,0.0025762017
efgu1bo,joy,joy,0.0018431727,0.0006493093,0.00035614337,0.99311227,0.001022159,0.0030168851
efgu64p,fear,fear,0.028340295,0.08644552,0.5084314,0.0058720056,0.2972974,0.07361342
efgu75e,joy,joy,0.0061026225,0.0010814118,0.0010053467,0.9787047,0.0033910056,0.009714977
efguj2w,anger,surprise,0.10102335,0.0059873955,0.008667948,0.024264324,0.022403944,0.8376531
efgupja,joy,joy,0.0013754185,0.0006774901,0.000539368,0.9949124,0.0009864989,0.0015088654
efgv6k9,surprise,surprise,0.008775244,0.0031570788,0.003029722,0.11464319,0.0061740167,0.86422086
efgvjv6,joy,joy,0.27599004,0.013942248,0.0035582087,0.6172726,0.076129965,0.013106876
efgwhh6,surprise,surprise,0.031341314,0.0037170185,0.005774357,0.025038676,0.009897965,0.9242307
efgx0on,sadness,sadness,0.011998551,0.031810228,0.08197027,0.0054018404,0.84044486,0.028374221
efgx7aj,joy,joy,0.0018091119,0.00077868474,0.0005473681,0.988827,0.0033773996,0.0046604383
efgx9sg,joy,joy,0.04916518,0.005522743,0.0022835468,0.84625953,0.021065518,0.07570343
efgxmef,joy,joy,0.002190479,0.0011630396,0.0012304889,0.9891411,0.0014894156,0.0047855508
efgyj3o,anger,anger,0.77669466,0.058467932,0.017847322,0.024509337,0.11187651,0.010604307
efgyv3h,joy,joy,0.0009775986,0.0006560689,0.0004743939,0.9951389,0.0010484696,0.0017045093
efgz2st,sadness,sadness,0.066105366,0.029415056,0.013977889,0.05372841,0.8094389,0.027334329
efgz8x8,joy,joy,0.0012339056,0.00067621924,0.00042451665,0.99424344,0.0006517299,0.0027701505
efh09wy,joy,joy,0.0013683895,0.00082527555,0.0005977688,0.9947066,0.0007960794,0.0017059433
efh0epk,joy,joy,0.0042135795,0.0017884893,0.0010004645,0.9512869,0.0017364316,0.039974175
efh0f9i,joy,joy,0.00090568344,0.0006691226,0.00040984878,0.99541426,0.00079611194,0.0018049884
efh0s4h,surprise,surprise,0.00426712,0.004588085,0.008231438,0.23210178,0.011467878,0.7393437
efh1hit,fear,fear,0.024099577,0.028038898,0.692129,0.040208276,0.12806708,0.08745709
efh1vu7,joy,joy,0.0010537226,0.0007124049,0.0004869209,0.9950766,0.0006486344,0.0020217295
efh2jr6,joy,joy,0.0010002818,0.000763458,0.0005798803,0.9930647,0.002893561,0.0016981971
efh3wqo,joy,sadness,0.023262454,0.006700205,0.008079416,0.37279317,0.5037757,0.08538913
efh4awk,joy,joy,0.0008857736,0.00065590214,0.0005129017,0.9941391,0.0011168588,0.0026895525
efh4rzb,joy,joy,0.007839712,0.0026301353,0.002378933,0.8377654,0.0064483993,0.1429374
efh4tjg,joy,anger,0.96752006,0.010464644,0.001760104,0.011881455,0.00496368,0.0034101796
efh5101,joy,surprise,0.009241491,0.004807102,0.0040122136,0.18814254,0.0068546194,0.786942
efh53cb,sadness,joy,0.0017520894,0.0011614243,0.00076084404,0.9890422,0.004309872,0.0029735058
efh5j4f,joy,joy,0.00088192755,0.00073226116,0.000488335,0.99523664,0.0009830766,0.0016777497
efh6axv,joy,joy,0.0012111125,0.00065697666,0.00037971037,0.99557734,0.000717283,0.0014576268
efh6z5r,joy,joy,0.008036084,0.0017341368,0.0019018444,0.9637876,0.007946457,0.016593799
efh763k,sadness,anger,0.8077989,0.06118161,0.004649404,0.023601327,0.098059736,0.0047089783
efh78v1,joy,joy,0.0027547418,0.00071189913,0.00030357882,0.99298894,0.001341333,0.0018994716
efh7aqc,joy,joy,0.13185833,0.0044797044,0.0044357665,0.83650255,0.011332757,0.01139084
efh7l5u,joy,joy,0.00094480877,0.00074635004,0.00045777726,0.99539304,0.0008959246,0.0015620204
efh8237,anger,anger,0.9508571,0.016715338,0.0019409094,0.010384899,0.010080071,0.010021684
efh82rs,anger,disgust,0.1800906,0.33988854,0.30141792,0.04717258,0.104682155,0.026748227
efh8c5f,joy,joy,0.0011251285,0.0007492805,0.00042363067,0.99476635,0.0006236425,0.002311969
efh8l8l,joy,joy,0.0016520553,0.000680934,0.00035663572,0.9941847,0.0018074927,0.0013182397
efh8n1f,anger,anger,0.45560226,0.022596573,0.013230901,0.086340286,0.27990004,0.14232998
efh9fr6,joy,joy,0.0013079233,0.00075185334,0.00037705386,0.9953383,0.00086820376,0.001356662
efh9l7m,anger,anger,0.81920105,0.030500783,0.011870395,0.0153335305,0.11479667,0.008297606
efh9rw4,joy,joy,0.0011652159,0.0006666084,0.0004608991,0.994732,0.0007139576,0.0022612677
efha0zn,surprise,surprise,0.007363888,0.0028498108,0.0055141696,0.005115268,0.007307997,0.9718489
efha7bd,joy,joy,0.004344613,0.0016572982,0.0013290617,0.92696655,0.0024688607,0.063233666
efhc2in,joy,joy,0.0010260252,0.00068205246,0.00040184014,0.9954203,0.0011267026,0.0013430525
efhcbr7,joy,joy,0.0011588231,0.0007300038,0.0005067772,0.99507445,0.00086638035,0.0016635436
