example_id,true_label,pred_label,p_anger,p_disgust,p_fear,p_joy,p_sadness,p_surprise
eczb4bm,sadness,sadness,0.013742717,0.0017014025,0.0030085247,0.02398619,0.9454433,0.012117864
eczb527,surprise,anger,0.34410098,0.0031434963,0.007539367,0.19557127,0.18517542,0.26446947
eczb770,sadness,sadness,0.12804522,0.0064689256,0.0032432214,0.06855608,0.6730944,0.12059218
eczbp9a,joy,joy,0.00048393078,0.00022900008,0.00032345846,0.9978909,0.00042619975,0.0006465324
eczbpfi,joy,joy,0.0006801408,0.00016519225,0.0003456849,0.9972916,0.00080317067,0.0007141882
eczbupd,surprise,surprise,0.016246205,0.00092300016,0.0010194955,0.012584282,0.0027043035,0.9665227
eczc3pt,joy,joy,0.0008879232,0.00022234922,0.0002656975,0.99765223,0.00042810326,0.00054364477
eczdv3l,joy,joy,0.003428799,0.00033593664,0.0001944063,0.99368346,0.0007708338,0.0015866186
eczdwyd,joy,joy,0.0024741283,0.00017874177,0.00025294232,0.9943006,0.00084318384,0.0019503955
ecze0xp,sadness,surprise,0.00825422,0.0013241913,0.0016222785,0.02019901,0.0072408384,0.96135944
eczep0r,joy,joy,0.0038844834,0.00072824897,0.0010424287,0.84117925,0.003454488,0.14971107
eczf05d,joy,joy,0.0016159952,0.00027047202,0.0006943571,0.98157585,0.0017623215,0.014081023
eczf1y3,joy,joy,0.00097364234,0.00015730307,0.0002118309,0.99752575,0.00051124964,0.00062028633
eczfbhc,joy,joy,0.0014848257,0.00037588758,0.00033120156,0.9930524,0.00050825684,0.0042473394
eczgoz7,surprise,surprise,0.0014912204,0.0011994308,0.0019303266,0.0026249546,0.0023760807,0.9903779
eczgs03,joy,joy,0.15675902,0.08509025,0.0073297173,0.63387394,0.02895663,0.087990455
eczh2yd,joy,joy,0.00088890776,0.00024765386,0.00028122982,0.9976489,0.00031924606,0.00061415316
eczhjuj,joy,joy,0.00048080026,0.00017943009,0.0003371903,0.997785,0.0005188759,0.0006987598
eczhvrq,sadness,sadness,0.0059700888,0.0028276427,0.0033180017,0.016908241,0.9623145,0.008661606
eczhw6d,joy,joy,0.014828433,0.0047534276,0.0022068124,0.72026956,0.0025019916,0.25543982
eczi9m5,sadness,sadness,0.002293439,0.0019743964,0.0031277838,0.004965696,0.9837233,0.0039153285
eczj3ra,anger,anger,0.9074823,0.008918757,0.0012937918,0.0023344066,0.005414614,0.07455598
eczj48j,joy,joy,0.00087187975,0.00020242986,0.00029436324,0.99550915,0.0021802452,0.0009419257
eczje98,joy,joy,0.0005077224,0.0002272888,0.0003136714,0.99799997,0.0002923432,0.000659024
eczjkig,surprise,anger,0.4791459,0.022054264,0.005278341,0.020349678,0.071848646,0.4013232
eczk51t,joy,joy,0.0010331892,0.0002861611,0.00026769322,0.99738365,0.00040422552,0.00062510575
eczk6qs,joy,joy,0.000547871,0.00020554068,0.00026111203,0.9979419,0.00044208608,0.00060151576
eczl3ai,joy,joy,0.00061915035,0.00044819698,0.00068302907,0.9958788,0.00030308074,0.0020676407
eczlibq,joy,joy,0.00048346142,0.00022790018,0.0004013243,0.9972729,0.001054755,0.0005596005
eczll29,anger,anger,0.89237446,0.018796656,0.0017189315,0.012480015,0.06960249,0.0050273626
eczmf05,joy,surprise,0.008005623,0.0010779786,0.0037797766,0.16764744,0.008114413,0.81137484
eczmpsx,joy,joy,0.0006428029,0.00021895082,0.0002960303,0.9979621,0.00027827913,0.00060176745
eczmzx2,joy,joy,0.0018048252,0.0006455975,0.00097032456,0.9816306,0.00048408273,0.0144645255
eczni83,anger,joy,0.10908975,0.0032076556,0.0015335018,0.5038705,0.35264024,0.029658385
ecznnld,joy,joy,0.0035433546,0.0010996131,0.002108703,0.749707,0.007851251,0.23569006
eczoy48,joy,joy,0.0017925273,0.00016829075,0.0005547361,0.9926258,0.0009764525,0.003882321
eczp2oc,anger,anger,0.9306983,0.022821894,0.004674015,0.02196441,0.016152233,0.0036892013
eczprz3,joy,joy,0.0033085903,0.000265488,0.00021326152,0.994228,0.00072657666,0.0012580528
eczqqm9,joy,joy,0.00062960736,0.0003039546,0.00030870407,0.99782854,0.00035169852,0.00057745865
eczrr0o,joy,joy,0.0031722954,0.0015061384,0.0028122435,0.9178624,0.0023408858,0.07230613
eczszmw,joy,joy,0.00057905156,0.00024464514,0.00033419832,0.99786574,0.00033392658,0.0006425055
eczt3y5,joy,joy,0.00065653323,0.00029608503,0.0004134413,0.9960108,0.0007282756,0.0018948799
ecztf18,surprise,surprise,0.0028173297,0.002212993,0.005802636,0.22413214,0.0024221558,0.7626127
ecztu1z,joy,joy,0.011134095,0.00068585,0.00059670274,0.97373116,0.0011187409,0.012733452
eczu82a,surprise,joy,0.003065512,0.0009531881,0.0013519275,0.7225376,0.0036096503,0.26848212
eczwg8f,joy,joy,0.0004564155,0.00025959607,0.00044465836,0.99677724,0.00024615147,0.0018159309
eczx3gr,anger,anger,0.970438,0.0044012507,0.0006951979,0.012454767,0.00586065,0.006150246
eczx4ck,sadness,surprise,0.022501493,0.0044316975,0.014057691,0.016642435,0.31311268,0.62925404
eczxapo,joy,joy,0.0006777895,0.000246089,0.00034391411,0.9978242,0.00042097273,0.0004871331
eczxo6i,joy,joy,0.009420575,0.0016387671,0.031571694,0.8448484,0.069264695,0.0432558
eczy0ru,sadness,sadness,0.0021746403,0.0018996422,0.0032678824,0.017863004,0.9700707,0.004724096
eczyqul,joy,joy,0.0005375814,0.00017801621,0.00023708379,0.99764866,0.00040504767,0.0009936861
eczyr6d,surprise,surprise,0.023796242,0.0023792807,0.002457486,0.0036291431,0.005593705,0.9621442
eczzlwa,anger,surprise,0.061035894,0.0019780525,0.0014827368,0.021259082,0.011569076,0.90267515
eczzo59,anger,surprise,0.026517807,0.0035843747,0.0077987174,0.0067752227,0.34748638,0.60783756
eczzt0p,surprise,anger,0.8461289,0.0040250625,0.0016218117,0.0072041997,0.023321763,0.11769829
ed0097g,surprise,surprise,0.007823297,0.0007907397,0.0011194265,0.029755877,0.0015821317,0.95892864
ed00e3l,sadness,anger,0.886354,0.009027602,0.003247463,0.005693882,0.0859221,0.009754805
ed01nso,anger,anger,0.97302455,0.003296116,0.0025574868,0.00860227,0.0077482197,0.0047713206
ed0286s,joy,joy,0.0006714521,0.00023840746,0.00034781694,0.9978599,0.00044238206,0.0004400019
ed02d1x,anger,sadness,0.19473608,0.0067895693,0.077402435,0.12531467,0.47831014,0.1174471
ed03ln4,joy,joy,0.011033422,0.00048507482,0.00034027538,0.97042364,0.010666524,0.007050969
ed0450z,joy,joy,0.0039338586,0.00034593727,0.00020520683,0.99262685,0.0011304274,0.0017577019
ed04kyp,joy,joy,0.012013271,0.002769471,0.009941602,0.51973885,0.22715898,0.2283778
ed0500z,anger,anger,0.95282745,0.0044218604,0.0010055704,0.019003142,0.01024323,0.012498811
ed052gn,sadness,sadness,0.009010037,0.0021305624,0.008617422,0.018142326,0.94909954,0.013000104
ed05ple,joy,joy,0.0024460577,0.0004467906,0.0003794778,0.9876046,0.00081399444,0.008309012
ed0b2b8,sadness,sadness,0.012576637,0.0038285842,0.0010344628,0.003720532,0.9741833,0.004656415
ed0dewl,joy,joy,0.003964864,0.00024812433,0.00027816475,0.9902704,0.0019722811,0.0032661506
ed0ehag,joy,joy,0.0040034996,0.00052099215,0.00043310682,0.9780382,0.0038475613,0.013156731
ed0f4by,joy,joy,0.10143231,0.005725051,0.00076442986,0.8779663,0.002563768,0.011548158
ed0f7e2,joy,joy,0.0017844372,0.00041598137,0.00031683035,0.99616325,0.0004888579,0.00083065033
ed0ftgl,joy,joy,0.002488398,0.00041129222,0.00020680166,0.9950246,0.000704846,0.0011640119
ed0fw6m,fear,fear,0.004065329,0.008129724,0.9757908,0.0040543163,0.003133919,0.0048259557
ed0hggu,joy,joy,0.00046975643,0.00022000384,0.0003587119,0.99795544,0.00028716933,0.00070887076
ed0hj7u,surprise,joy,0.005674785,0.002019634,0.0025958547,0.57431895,0.0027289242,0.41266185
ed0ht04,joy,joy,0.0011502847,0.00025929036,0.000248389,0.9969688,0.00030111242,0.0010721894
ed0i4fk,sadness,sadness,0.015334894,0.002843866,0.0020217116,0.03251028,0.9268751,0.020414226
ed0ielp,joy,joy,0.0006733878,0.00018738516,0.00037905946,0.99727494,0.0007005075,0.00078474364
ed0j3lf,joy,joy,0.00051786995,0.00018968774,0.00031113724,0.9964804,0.00040007374,0.0021008556
ed0jr9i,sadness,joy,0.021326683,0.0031246457,0.02028579,0.56025237,0.36502472,0.02998583
ed0kuq0,joy,joy,0.0005694852,0.00026545115,0.00048072796,0.9974994,0.00031346918,0.0008714885
ed0lnju,joy,joy,0.00052410446,0.00021806343,0.00027540262,0.99794847,0.0004225525,0.00061142736
ed0m2na,anger,anger,0.91787034,0.004089717,0.0013247973,0.050334442,0.015327315,0.0110533405
ed0mb05,disgust,anger,0.6377616,0.151692,0.0027948215,0.044233285,0.15185836,0.011659881
ed0mgjg,joy,joy,0.0008612579,0.0002690942,0.00029504596,0.99740404,0.00033661773,0.000833978
ed0mlk8,joy,joy,0.0067764856,0.0007119955,0.025571045,0.9040258,0.023945866,0.038968846
ed0mpiy,joy,joy,0.004550128,0.0013122387,0.0011439951,0.903007,0.0016468841,0.08833978
ed0my29,sadness,sadness,0.0054894825,0.0017691095,0.002738231,0.005958004,0.9792054,0.0048397523
ed0nb10,joy,joy,0.00084780686,0.00041564493,0.0008464533,0.98704845,0.0015655974,0.009276124
ed0q1rw,joy,joy,0.0013972233,0.00037272717,0.00045596508,0.99660397,0.00033247226,0.0008376135
ed0q69l,joy,joy,0.0051949946,0.00074341794,0.00061970466,0.9760883,0.00073608314,0.016617522
ed0q6qg,joy,joy,0.0016500569,0.00079219905,0.0013025443,0.87771153,0.0015774199,0.116966195
ed0qtsg,joy,joy,0.00066952006,0.00014866365,0.0003128044,0.9976553,0.0004324736,0.0007812943
ed0qxkr,joy,joy,0.0016282083,0.00028898608,0.002779593,0.97367245,0.0040928978,0.017537815
ed0rtw0,anger,disgust,0.049961016,0.6041893,0.27638242,0.008876507,0.03341212,0.027178718
ed0slun,joy,joy,0.031240672,0.0016848248,0.0009952561,0.9202495,0.0032947937,0.042535003
ed0swmt,surprise,surprise,0.0127878655,0.0016568822,0.001029072,0.0018972874,0.0012716228,0.9813572
ed0t4so,joy,joy,0.0011112454,0.00019487002,0.0002825533,0.996986,0.0005316261,0.0008937755
ed0uhux,anger,sadness,0.050676577,0.01171437,0.023825236,0.3361308,0.48076165,0.09689142
ed0uv1x,surprise,anger,0.97471046,0.007589489,0.0009079514,0.0036516243,0.0018234187,0.0113170445
ed0w876,joy,joy,0.00087290833,0.00018976077,0.0003326647,0.9971884,0.000400366,0.0010158664
ed0x52u,joy,joy,0.0005877326,0.00021157697,0.00036870272,0.99633276,0.00029519433,0.0022040205
ed0xxvq,joy,surprise,0.022102507,0.0024192554,0.014712235,0.04688971,0.014047272,0.8998291
ed0y9cy,surprise,joy,0.0005718135,0.0004072157,0.0008577604,0.9815949,0.0005229873,0.016045358
ed0yb1t,joy,joy,0.18629032,0.0031219863,0.0013809289,0.759015,0.017301083,0.032890674
ed0zidk,anger,surprise,0.005098437,0.0012184312,0.0012164899,0.0015392995,0.0012848951,0.98964244
ed10yvq,joy,joy,0.0006821054,0.00022576383,0.00035937675,0.9967283,0.00085989747,0.0011446245
ed11f83,joy,joy,0.000677451,0.00028745396,0.00034616145,0.99747854,0.00021418105,0.0009961765
ed12ufc,surprise,surprise,0.097473636,0.004359359,0.0033456972,0.006755755,0.013015782,0.8750497
ed13ax3,joy,joy,0.00083409954,0.00023414759,0.00036226673,0.99762267,0.00037204736,0.0005747824
ed15gt6,anger,anger,0.82544947,0.0031148347,0.0044912086,0.033085346,0.090396166,0.043462943
ed16bmb,sadness,sadness,0.30396086,0.2355845,0.0069639473,0.010304058,0.4325597,0.010626933
ed17nq4,joy,joy,0.016989024,0.0007201646,0.000677042,0.969971,0.0013998967,0.010242942
ed17oph,joy,joy,0.0012100262,0.00026214472,0.00039051633,0.98672676,0.0007917619,0.010618817
ed197fi,joy,joy,0.0009639069,0.00049661135,0.00047895845,0.9901736,0.00033965928,0.007547368
ed19biv,sadness,sadness,0.03371,0.003108941,0.011725247,0.015658215,0.925418,0.010379686
ed19t6a,joy,joy,0.0008891791,0.00021096022,0.0007050802,0.9971083,0.00044548698,0.0006410053
ed19w3b,joy,joy,0.00071682135,0.00028517967,0.00036853398,0.997682,0.0004602797,0.00048717266
ed1aaig,joy,joy,0.0013407717,0.00026564414,0.0003295003,0.9968803,0.00039595715,0.00078783726
ed1aco5,anger,anger,0.6300676,0.0026762246,0.0014532588,0.26527345,0.023468444,0.077061065
ed1ada5,joy,joy,0.00053618837,0.00020309555,0.00028421782,0.9973693,0.0003258412,0.0012813236
ed1ahyw,sadness,sadness,0.0366617,0.0040812874,0.0017448924,0.011264954,0.8916932,0.054554004
ed1aw4c,joy,joy,0.0006279495,0.00029647202,0.0003648256,0.9976285,0.00025833512,0.00082395686
ed1b8xm,surprise,surprise,0.0024229195,0.0011365996,0.0012478958,0.0021441714,0.0010379785,0.9920106
ed1bhe9,joy,joy,0.00063430314,0.00024900978,0.00029454572,0.99776626,0.00031827675,0.00073756615
ed1cown,joy,joy,0.0006343824,0.0002184803,0.00024496677,0.99777395,0.00040841036,0.00071970245
ed1dxa6,joy,joy,0.0018886935,0.00018945544,0.00027198272,0.993359,0.0020190629,0.0022716885
ed1e5fu,joy,joy,0.0017722805,0.00042453574,0.00045493644,0.9928698,0.00034792878,0.0041305767
ed1f2ae,joy,disgust,0.19642363,0.32065853,0.017619746,0.045666628,0.21259364,0.20703779
ed1gfcr,joy,joy,0.12349129,0.0016809995,0.0020574501,0.5725369,0.036320917,0.26391253
ed1gsf7,joy,joy,0.0013234022,0.0003231226,0.00029468973,0.99706286,0.0003365472,0.00065940304
ed1hnxh,joy,joy,0.0106624095,0.0010775134,0.00075411214,0.96598047,0.0010196177,0.020505833
ed1if2q,surprise,surprise,0.04570645,0.0015514574,0.0019057336,0.031398788,0.006341447,0.91309613
ed1kfzy,anger,anger,0.9791479,0.0054707956,0.0010073311,0.008863209,0.0022860041,0.0032247126
ed1klqm,joy,joy,0.00048304105,0.00015698536,0.00035436035,0.9974954,0.0008178555,0.0006924429
ed1kvd5,joy,joy,0.020789152,0.00070673507,0.0004678173,0.9663417,0.008582988,0.0031117036
ed1lzlh,joy,joy,0.0006653109,0.00019199595,0.00025484327,0.99715304,0.00030376652,0.0014310225
ed1mazu,surprise,surprise,0.007736846,0.0014633522,0.001307362,0.0017857441,0.0034198,0.9842869
ed1mfnb,joy,joy,0.0009826415,0.00026192103,0.00027178111,0.99625576,0.0004352497,0.0017926189
ed1nh28,joy,joy,0.0012900842,0.0002197257,0.00052010384,0.9841053,0.0039315904,0.0099332025
ed1nk9w,joy,joy,0.00080442947,0.00017506735,0.00047077218,0.99513984,0.0012962426,0.00211368
ed1nwum,joy,joy,0.0005088318,0.00017811605,0.0003800155,0.9958397,0.0005802344,0.0025131702
ed1o6kr,joy,joy,0.002271347,0.0012234058,0.0018520487,0.7094593,0.0024462307,0.2827476
ed1o8as,anger,surprise,0.30438763,0.00496033,0.0017624953,0.006918479,0.012513488,0.66945755
ed1oe5m,joy,surprise,0.0032178261,0.0013682869,0.0016007274,0.08592612,0.0026195494,0.90526754
ed1oqp2,joy,joy,0.00055169733,0.00022666548,0.00032671905,0.99796236,0.00036428298,0.00056827883
ed1pbs7,joy,joy,0.00066658296,0.00021691342,0.00034411275,0.9975805,0.00045763535,0.0007341884
ed1qabw,joy,joy,0.001256834,0.00015242517,0.00023556816,0.9961514,0.0011055524,0.0010982397
ed1r3w5,joy,sadness,0.22433674,0.0044258325,0.0057505607,0.18033706,0.5112141,0.073935755
ed1rede,joy,joy,0.0014479527,0.00024450195,0.0009220541,0.9911896,0.0010509731,0.0051449877
ed1rkrc,joy,joy,0.014477561,0.00082521106,0.0007917631,0.9765121,0.0029412264,0.00445209
ed1rogi,sadness,joy,0.21007745,0.002900216,0.01547569,0.42087135,0.014238624,0.33643672
ed1uam2,sadness,sadness,0.0058693034,0.0014066722,0.0015189293,0.007577836,0.9810579,0.0025693679
ed1ug1u,disgust,disgust,0.025601361,0.9277139,0.0140754925,0.010025962,0.014963706,0.007619593
ed1uk25,joy,joy,0.0007792022,0.00018915662,0.00025232273,0.99716383,0.00029634524,0.0013190572
ed1vt17,surprise,sadness,0.014187334,0.0052901795,0.02993264,0.005549539,0.59826404,0.3467763
ed1vydj,joy,joy,0.0012852469,0.00028430362,0.0002598339,0.9968393,0.0003025721,0.0010287623
ed1yl2h,surprise,surprise,0.0017789315,0.0012767859,0.0010837775,0.0021644884,0.0011536373,0.9925424
ed1yphu,joy,joy,0.00085936335,0.0002713541,0.0006361564,0.985994,0.0006657703,0.011573355
ed1zcta,joy,joy,0.00061464135,0.0002394604,0.00031642767,0.997837,0.00029446997,0.0006979913
ed1zou9,joy,joy,0.00058910955,0.0002194862,0.00034610025,0.99782217,0.00042612347,0.0005970332
ed204us,joy,joy,0.0005014398,0.0001565921,0.00026081203,0.99778926,0.0005054534,0.0007863994
ed206y8,anger,anger,0.4223308,0.011984854,0.0029622328,0.2208504,0.015185571,0.3266861
ed2098z,anger,surprise,0.35498717,0.008137826,0.040840615,0.029928923,0.14903031,0.41707513
ed21q30,joy,joy,0.0004812194,0.00015653808,0.0005174371,0.9974252,0.0007374793,0.00068224425
ed22fxd,anger,anger,0.95478106,0.008273278,0.0010114538,0.019396948,0.007720885,0.008816355
ed23alq,joy,joy,0.00063312904,0.00023372822,0.00036291237,0.99750394,0.00029288032,0.000973518
ed23gzu,joy,joy,0.00044948235,0.00022662224,0.00036172417,0.9980233,0.00029570985,0.0006431593
ed23jo6,anger,anger,0.9829633,0.005569352,0.0009622008,0.0032327354,0.0029606232,0.0043118326
ed244kw,surprise,surprise,0.0015322182,0.0011092876,0.0018440274,0.0034983815,0.0031188927,0.98889714
ed24bw7,fear,fear,0.0051206737,0.010916761,0.7506506,0.007743218,0.0070185116,0.21855028
ed24wv0,joy,joy,0.0013229351,0.00031197595,0.0004168839,0.99641836,0.00031580243,0.0012139896
ed25izo,joy,joy,0.0017107304,0.00022610558,0.00023870921,0.9958325,0.00033197357,0.0016600436
ed261nh,anger,anger,0.96344703,0.008176794,0.0011194325,0.0075860256,0.012689437,0.006981244
ed26ill,surprise,joy,0.0012699581,0.00017538203,0.00077994226,0.9910334,0.0029681292,0.0037732616
ed27ukk,surprise,surprise,0.0014055884,0.0018027727,0.0018599571,0.0045421785,0.0011831253,0.98920643
ed28149,joy,surprise,0.0020049796,0.0025704582,0.0037072466,0.0022848048,0.0026683023,0.98676425
ed28bqh,joy,joy,0.002550633,0.00033999677,0.00020550434,0.9952679,0.00041570605,0.0012202077
ed28fsu,joy,joy,0.07793042,0.0013980397,0.001158298,0.89230627,0.022424145,0.004782762
ed296f1,joy,joy,0.00058285584,0.00022528676,0.0003046235,0.99781054,0.00039704127,0.0006796489
ed2a9g2,anger,anger,0.57956326,0.010269849,0.0064586643,0.01739816,0.19773005,0.18857999
ed2aawp,sadness,fear,0.0691321,0.094385326,0.48636281,0.010496191,0.3085883,0.031035285
ed2ard6,anger,anger,0.6371984,0.005475227,0.0019316472,0.046671096,0.04103615,0.26768744
ed2avfo,joy,joy,0.00077266694,0.00027854976,0.00030610684,0.9973212,0.00027072197,0.0010506996
ed2bdjs,joy,joy,0.000582457,0.0002154643,0.00030992378,0.99799395,0.0004173747,0.00048085643
ed2c5z3,anger,sadness,0.036008988,0.004399182,0.004246234,0.0144531345,0.9311883,0.009704217
ed2cflc,joy,joy,0.28152215,0.002155719,0.0010468477,0.70336413,0.006227482,0.005683649
ed2cg6g,sadness,fear,0.0016040083,0.0047985176,0.9734418,0.006437015,0.0068608043,0.006857926
ed2cvhn,joy,joy,0.009486251,0.0003944006,0.001740572,0.9715792,0.0033452767,0.013454397
ed2d7m6,joy,joy,0.0006290122,0.0002208725,0.00029013795,0.9978098,0.00036975427,0.0006804182
ed2enk8,sadness,sadness,0.0042917104,0.0019255704,0.002652274,0.004499021,0.9823533,0.004277989
ed2er9u,surprise,surprise,0.015198092,0.0015218244,0.0025418357,0.002778419,0.008493205,0.9694667
ed2ezq6,sadness,joy,0.005160578,0.001083275,0.003440071,0.7729508,0.19797608,0.019389091
ed2feug,surprise,surprise,0.0013031488,0.0012586842,0.0012371263,0.0026994094,0.0011348989,0.99236673
ed2fzs7,joy,joy,0.08131374,0.0046817814,0.0018244495,0.8820791,0.012104386,0.017996501
ed2i5q7,joy,joy,0.0051624114,0.00030137994,0.00048411434,0.99025995,0.0010661843,0.0027259456
ed2itjq,joy,joy,0.0004508293,0.0001833825,0.00031870275,0.99697447,0.00038432935,0.0016882705
ed2jgez,joy,joy,0.0017307963,0.0004991091,0.0008897535,0.97749066,0.0039599286,0.015429768
ed2jw1e,joy,joy,0.0030817739,0.0002745897,0.00024633884,0.99490225,0.00054850866,0.00094657
ed2lpu7,joy,joy,0.0011029496,0.00016466423,0.00025743758,0.99713457,0.0006496691,0.00069068663
ed2lqdj,anger,anger,0.55105174,0.007630929,0.002786598,0.13617733,0.07467902,0.22767435
ed2lszn,joy,joy,0.0006756618,0.0002794736,0.0005589342,0.9950723,0.00031829494,0.0030952734
ed2me0o,joy,joy,0.0020931992,0.0002846794,0.0005293438,0.979908,0.009526508,0.0076583135
ed2nta5,joy,joy,0.00080029084,0.00024818466,0.00028748083,0.9967055,0.0002834474,0.0016751274
ed2p75a,anger,anger,0.78752565,0.043044735,0.0133349765,0.035241045,0.017318575,0.10353507
ed2p8pq,joy,joy,0.00046074178,0.00016196432,0.00035844662,0.9978543,0.00033842036,0.0008260354
ed2pqq3,joy,joy,0.0005622621,0.00019072303,0.0002720082,0.99743646,0.0005875025,0.00095107127
ed2rv9z,anger,anger,0.9259631,0.019775568,0.001876559,0.012362109,0.028350564,0.011672118
ed2s7n8,anger,surprise,0.045010176,0.0015195488,0.001485031,0.42990002,0.005376813,0.51670843
ed2sb00,joy,joy,0.00058888877,0.00019393137,0.00026310203,0.99779546,0.00029991166,0.00085873663
ed2sjal,sadness,sadness,0.20289968,0.0060138484,0.0069588437,0.024829054,0.7383016,0.020996982
ed2t2rw,joy,joy,0.0004508485,0.0002160528,0.0004085101,0.9977532,0.00041010877,0.000761266
ed2u4oi,joy,joy,0.01662439,0.002829261,0.0024249393,0.90736115,0.055707086,0.015053272
ed2uvxe,joy,joy,0.0007106585,0.0002286944,0.0003038702,0.99687636,0.00048966834,0.0013907305
ed2uzwu,joy,joy,0.0017286984,0.00022407113,0.0005590267,0.9916865,0.0021071818,0.0036944759
ed2v1mt,surprise,surprise,0.013533158,0.0013962961,0.001202441,0.0026200407,0.002246163,0.9790019
ed2v6t1,sadness,joy,0.2729046,0.0033711575,0.0042224587,0.40922666,0.17066586,0.13960923
ed2w1i7,joy,joy,0.0006659727,0.00019964078,0.00040411242,0.9952625,0.00039691158,0.003070853
ed2w7d9,joy,joy,0.009034514,0.0010683413,0.00085523,0.8867067,0.0014566631,0.10087851
ed2xmwq,joy,joy,0.00050062925,0.00029649463,0.00044559708,0.99740976,0.00025050208,0.0010970607
ed2yjwn,joy,joy,0.0007396899,0.0004940527,0.0009434981,0.96376324,0.0016231074,0.03243642
ed2z82h,anger,anger,0.70899785,0.0073892158,0.00229516,0.008010099,0.0292464,0.24406126
ed2zw99,joy,joy,0.0018355756,0.00016386718,0.00021194525,0.9949622,0.00084588275,0.0019804656
ed30018,surprise,joy,0.0047372566,0.0017828988,0.0014744743,0.8921792,0.002039585,0.09778657
ed303ns,anger,anger,0.7715003,0.0059540668,0.0027964213,0.02042722,0.15179887,0.047523092
ed3047j,anger,anger,0.97562873,0.006986735,0.0009872302,0.005268958,0.005717155,0.00541125
ed30q3l,joy,joy,0.006195811,0.0004115866,0.00052922725,0.96256965,0.015886376,0.014407294
ed30v0e,joy,joy,0.00071137445,0.00019809998,0.00033560515,0.9966158,0.00039820533,0.0017409092
ed31viz,joy,joy,0.0007257769,0.00017367754,0.00025683278,0.99785054,0.0004061095,0.00058698846
ed31w3v,joy,joy,0.00065611437,0.000224457,0.00029646893,0.99719113,0.000299556,0.0013323544
ed31y70,joy,joy,0.0007253587,0.0002256826,0.0003309208,0.99781126,0.00040794758,0.0004987745
ed33k6t,joy,joy,0.0013012368,0.00021164105,0.0002951027,0.99518615,0.00045399307,0.0025518548
ed33lzc,joy,joy,0.0007911936,0.00022111033,0.0003415612,0.99588805,0.00029378216,0.0024643517
ed33s33,joy,joy,0.0005609398,0.00021405236,0.00032761804,0.99689156,0.00025950704,0.0017463616
ed35y7q,joy,anger,0.692518,0.016595002,0.02433158,0.16715313,0.09403637,0.005366
ed365n1,disgust,disgust,0.044948008,0.90861833,0.012186023,0.010687787,0.01770873,0.005851076
ed37bzj,joy,joy,0.0007793488,0.00034569905,0.0003657677,0.99742943,0.00026779767,0.0008119715
ed37ku5,sadness,joy,0.0013963854,0.000643744,0.0023875365,0.9535876,0.021600101,0.020384548
ed387mx,joy,joy,0.0006545177,0.00027651794,0.00034217842,0.99742895,0.00033196143,0.0009658994
ed39pc0,joy,joy,0.0005384847,0.00018771552,0.00024994733,0.9975108,0.00042873668,0.0010843042
ed3a0gd,joy,joy,0.0025687586,0.0015144921,0.0011007172,0.95870495,0.0015988421,0.034512304
ed3axr6,sadness,sadness,0.013057232,0.002881401,0.003156659,0.012456096,0.9504866,0.01796202
ed3b8ic,joy,joy,0.0057292297,0.0044896305,0.013987832,0.96334654,0.001409002,0.011037768
ed3behi,joy,joy,0.0035326611,0.0005768693,0.00080931734,0.97135645,0.0010354171,0.022689242
ed3ck2o,sadness,sadness,0.0069002565,0.002166695,0.0065382766,0.036630467,0.93536484,0.0123995785
ed3csso,surprise,surprise,0.007098439,0.0009647508,0.0019160451,0.0025186199,0.0039390144,0.98356307
ed3cvxm,joy,joy,0.0005118163,0.00021024457,0.0003088657,0.99800247,0.0003921463,0.00057443476
ed3d2f3,joy,joy,0.0004884034,0.00022841843,0.00038558812,0.99773216,0.00027874988,0.0008866535
ed3flyg,joy,joy,0.00095865136,0.00015673916,0.00023459314,0.9961218,0.00094094896,0.0015871209
ed3frbd,joy,sadness,0.013573366,0.003592304,0.00871242,0.01090973,0.9430395,0.020172771
ed3hcqs,joy,joy,0.0010453578,0.0003961738,0.0003294736,0.9971085,0.0002899932,0.00083055603
ed3hg8c,joy,joy,0.0004677951,0.00019043844,0.00029191026,0.9978077,0.0003872678,0.00085487525
ed3hzya,joy,joy,0.00055793964,0.00039995273,0.0004802624,0.99288636,0.0003361432,0.005339339
ed3j3oh,anger,anger,0.5392836,0.007936479,0.002905231,0.04353343,0.15664779,0.2496935
ed3k0i8,sadness,anger,0.7089337,0.012273445,0.008576753,0.006531327,0.052949023,0.2107358
ed3kma7,joy,joy,0.00058729306,0.00019405187,0.00025643175,0.9968855,0.00028895336,0.0017878466
ed3kmdl,joy,joy,0.009820933,0.00078565633,0.0011497071,0.9453694,0.01161806,0.031256158
ed3kozy,joy,joy,0.06807985,0.0021066568,0.0045003,0.81713957,0.023887498,0.08428605
ed3ksp2,anger,joy,0.020358257,0.01055922,0.0016802023,0.95636266,0.0042263307,0.006813284
ed3kymg,joy,joy,0.00044656105,0.00024965734,0.00059123966,0.99661106,0.0002485181,0.0018529035
ed3lf65,anger,surprise,0.036081072,0.0027527965,0.0045032576,0.015798155,0.023075877,0.9177888
ed3ljgc,joy,joy,0.0009358537,0.00022625897,0.000230191,0.9975521,0.00040947238,0.00064617663
ed3lkc6,sadness,sadness,0.07560838,0.020579223,0.0072578196,0.020151911,0.8675955,0.008807291
ed3n9hh,joy,joy,0.0005659269,0.0001981188,0.00036496605,0.9978346,0.000465322,0.0005709631
ed3ngub,joy,joy,0.00055789656,0.0002419179,0.0003517821,0.9972951,0.00024138232,0.0013118914
ed3nqzv,joy,joy,0.00064103137,0.00022264883,0.0003145891,0.99792516,0.00042179134,0.00047470402
ed3nz70,surprise,surprise,0.0029184367,0.0011492745,0.0018947222,0.002988292,0.0013565805,0.9896926
ed3opv4,joy,anger,0.91401225,0.018263446,0.0012818044,0.04587412,0.014135149,0.006433262
ed3p9im,joy,joy,0.0006946722,0.00022510221,0.0005003054,0.9973907,0.0003889321,0.0008003127
ed3ptc8,joy,joy,0.0006827331,0.00023919252,0.00028930625,0.9978563,0.0003491259,0.0005832847
ed3pyfz,joy,joy,0.0028080577,0.00023340892,0.0034972713,0.9845978,0.0026748793,0.006188506
ed3qj00,joy,joy,0.00051528943,0.00015599775,0.00023070896,0.9976623,0.00057399564,0.0008617192
ed3rllp,joy,joy,0.000609717,0.0001662289,0.0002454519,0.9977602,0.00041710146,0.00080127065
ed3rmp5,surprise,surprise,0.013005878,0.0029191105,0.0014247911,0.0010311673,0.0016760834,0.979943
ed3t0o9,disgust,disgust,0.33904567,0.6152313,0.012843998,0.0057521616,0.022184918,0.0049420204
ed3t4dd,joy,joy,0.0008092103,0.00019939279,0.0002952266,0.9967583,0.0002571422,0.0016807267
ed3u5xj,surprise,surprise,0.0069519538,0.0017197039,0.0020546212,0.0011247932,0.0016297023,0.9865193
ed3u6vw,anger,joy,0.06414708,0.0012895996,0.0013520367,0.8912599,0.0105908895,0.03136042
ed3u83p,joy,sadness,0.21334875,0.0054005003,0.0060576512,0.039544325,0.6838253,0.05182349
ed3u8la,joy,joy,0.0006549059,0.00030427385,0.00037563004,0.9974136,0.0002541874,0.0009973997
ed3u8tz,joy,joy,0.0011720979,0.00026937484,0.00028404506,0.9946883,0.0005726301,0.0030135931
ed3uqb6,joy,joy,0.0010944608,0.00038853157,0.00070688507,0.978294,0.00081922056,0.018696833
ed3vje8,joy,joy,0.077030875,0.0030908247,0.0010580483,0.8382229,0.009110658,0.07148671
ed3vol0,joy,joy,0.0004905116,0.0002922254,0.0005484224,0.995675,0.0018448442,0.0011489711
ed3w0ka,surprise,anger,0.5918396,0.0044726273,0.002414388,0.011283325,0.023279207,0.36671087
ed3w16s,joy,sadness,0.06527576,0.004100913,0.007896304,0.15349983,0.7269108,0.04231633
ed3w5cd,joy,joy,0.013999523,0.0006160691,0.00045257946,0.9824453,0.001078104,0.0014083966
ed3wlxw,joy,joy,0.00050390203,0.00017057307,0.0005334314,0.9961384,0.0010896124,0.0015641169
ed3wu6q,joy,joy,0.0048331283,0.0002624314,0.00027102692,0.9910403,0.0013622107,0.002230933
ed3xacm,fear,surprise,0.16412723,0.008580591,0.003101795,0.005342336,0.09201595,0.72683215
ed3xhie,joy,joy,0.0014856717,0.00017470944,0.00038884973,0.9940006,0.0009222137,0.0030278985
ed3xofi,anger,anger,0.9772075,0.003428746,0.00058140163,0.006427921,0.006667657,0.00568673
ed3yxmw,joy,joy,0.017549511,0.0016176947,0.013586463,0.8995456,0.051773265,0.015927454
ed3z9cr,sadness,sadness,0.0026044296,0.00157046,0.0013157561,0.0032292507,0.98492694,0.0063532135
ed3zin2,joy,joy,0.0015193871,0.00061225053,0.001286733,0.82751906,0.0064017037,0.16266091
ed3zuxc,surprise,surprise,0.0022620407,0.0008719542,0.0008549334,0.004894113,0.001183018,0.9899339
ed41i01,joy,joy,0.0006753903,0.00025371896,0.00027709358,0.99777585,0.0002894129,0.00072856504
ed41saf,joy,joy,0.0023000073,0.000557545,0.0005546758,0.99241465,0.0017561576,0.002416976
ed42at1,joy,joy,0.00070054893,0.00029471447,0.00034392384,0.9977392,0.00046004893,0.00046157785
ed43afz,surprise,surprise,0.002645288,0.0010293343,0.00088047277,0.0039191414,0.0016425013,0.98988324
ed43zcu,joy,joy,0.00058492983,0.0003896512,0.000565048,0.9945017,0.00032483647,0.0036338246
ed457ta,anger,anger,0.97672176,0.009359811,0.0005358313,0.0031564613,0.005442414,0.0047837393
ed46dud,anger,fear,0.03680989,0.031202909,0.9016946,0.0031719508,0.02188507,0.005235554
ed46ppj,joy,joy,0.0005988528,0.0002796211,0.0006690055,0.9973232,0.0003071412,0.0008221013
ed4825m,surprise,surprise,0.09803677,0.0046426584,0.0054066847,0.10753201,0.021806529,0.7625753
ed497m1,anger,sadness,0.020422628,0.008464554,0.0032215342,0.005184733,0.96025705,0.0024493642
ed49941,joy,surprise,0.048085324,0.0025106084,0.020340797,0.072575934,0.0865437,0.7699438
ed49opj,joy,joy,0.0007630033,0.00028196134,0.00029448073,0.9951545,0.0004523621,0.003053753
ed4agd9,joy,joy,0.0006444013,0.00023718273,0.00032991864,0.99759585,0.00027390893,0.00091870147
ed4ail4,joy,joy,0.00048170966,0.00021301562,0.00044221053,0.9976913,0.00069460296,0.0004771619
ed4bn3b,anger,joy,0.047250383,0.0008318101,0.00084921333,0.91875994,0.018845648,0.013463078
ed4bvt7,joy,joy,0.0009350474,0.00023807908,0.00032994358,0.9972488,0.00042942847,0.00081865955
ed4ci05,sadness,surprise,0.07590695,0.0043516215,0.005964781,0.012144492,0.35633162,0.5453006
ed4cjqt,joy,joy,0.0025522942,0.00050808775,0.0003919131,0.9951373,0.00050058425,0.00090988795
ed4cqc1,joy,joy,0.00041766526,0.00020525586,0.00036365332,0.9979513,0.00030349314,0.00075856654
ed4d9uw,joy,joy,0.0006158388,0.00028398813,0.0003354843,0.99780923,0.00047356484,0.0004819486
ed4dchb,joy,joy,0.0038933451,0.000537905,0.000758899,0.95162535,0.002875067,0.04030948
ed4dhnu,joy,anger,0.9162974,0.0036962628,0.0013574017,0.035839524,0.019897722,0.02291171
ed4dz7d,joy,joy,0.0008982275,0.00021211433,0.00044405082,0.99664056,0.00039803694,0.0014070192
ed4ewaz,joy,joy,0.00054597255,0.0002396347,0.00046529534,0.9948866,0.00045929392,0.003403263
ed4ezj0,joy,joy,0.0047754464,0.0006100498,0.00056723616,0.98860556,0.0008594804,0.004582199
ed4fwha,joy,joy,0.000584431,0.00018227797,0.00029859552,0.9978613,0.000273899,0.0007994508
ed4glqk,joy,joy,0.0007424701,0.0001844658,0.00040919843,0.99759847,0.00054167333,0.000523774
ed4grpn,anger,anger,0.78267676,0.006079446,0.0015232192,0.18281998,0.0063154437,0.020585109
ed4gvqm,joy,joy,0.0038837618,0.0004638072,0.0010019363,0.98276097,0.0020561926,0.009833346
ed4gxf4,joy,joy,0.0005000077,0.00019687595,0.00032794592,0.9976351,0.0003029064,0.0010370658
ed4i43g,joy,anger,0.85940963,0.038558424,0.0020420211,0.013260786,0.08105708,0.0056720437
ed4irw8,joy,joy,0.00082083786,0.00017831645,0.00020726913,0.9971027,0.00047044194,0.0012204588
ed4j9h3,surprise,surprise,0.10803108,0.0026954338,0.0015586346,0.0049303714,0.009009393,0.8737751
ed4jdkg,joy,joy,0.0005239261,0.00021565368,0.00030358927,0.99772006,0.00028425513,0.0009523739
ed4ji7m,joy,joy,0.02827519,0.0017755001,0.0003889082,0.9592846,0.0017136441,0.008562167
ed4kh5u,joy,joy,0.0007724148,0.00026545618,0.0002669347,0.9976544,0.0003347139,0.0007061042
ed4khh4,joy,joy,0.0007356719,0.00051040796,0.0011523862,0.9526619,0.0022925737,0.042647075
ed4l7uw,joy,joy,0.00051389885,0.00020242984,0.00057072897,0.99505347,0.00056216493,0.003097367
ed4li98,joy,joy,0.0004156604,0.00016629483,0.00045055102,0.9964897,0.0012049198,0.001272848
ed4m519,joy,joy,0.09174275,0.0017075732,0.0037931886,0.7906582,0.017604904,0.094493374
ed4mu0b,joy,joy,0.010508323,0.001092315,0.00047044558,0.9842844,0.001505646,0.0021388559
ed4n562,joy,anger,0.45546377,0.0033183869,0.006890877,0.2715107,0.09694706,0.16586918
ed4n9ok,joy,joy,0.0018076319,0.00019709382,0.00040425948,0.9945229,0.0006477865,0.002420239
ed4ngnx,joy,joy,0.09946799,0.0017263924,0.0027664932,0.8479282,0.013729594,0.034381285
ed4ngrr,joy,joy,0.0003747984,0.00014746998,0.00032804382,0.997675,0.00057491835,0.0008997229
ed4o6ox,surprise,surprise,0.0014010797,0.0018592009,0.001994351,0.015731256,0.0011727931,0.97784126
ed4p2ge,joy,joy,0.0011791732,0.0008898758,0.0022669144,0.8860132,0.0017575572,0.10789329
ed4pgaa,joy,joy,0.0005718372,0.00021349541,0.0003087441,0.996385,0.0003736695,0.002147175
ed4ps0g,joy,joy,0.00066149165,0.00031699272,0.00052308344,0.99395424,0.00032198094,0.0042221923
ed4q8kt,anger,anger,0.97286713,0.014671556,0.001059613,0.0032616672,0.005353878,0.0027861919
ed4qysw,joy,joy,0.0024001827,0.00035679,0.00029124363,0.9937401,0.00045356387,0.002758194
ed4rh59,joy,joy,0.0005941911,0.0003271904,0.00040635455,0.99668556,0.000264466,0.0017222199
ed4rpi7,joy,joy,0.007815319,0.000546267,0.0008574997,0.96964777,0.008465111,0.012668023
ed4rtgx,sadness,sadness,0.0021035005,0.0020944078,0.0025894188,0.008478336,0.9726457,0.012088522
ed4s6jh,joy,surprise,0.002054795,0.0016474903,0.0020627594,0.04778993,0.0014059951,0.945039
ed4tq85,joy,joy,0.0005203166,0.00021090504,0.0003792636,0.9979652,0.00036722136,0.00055718474
ed4tsd6,joy,joy,0.0007008932,0.00035224925,0.0012854238,0.9946043,0.0016741584,0.001382908
ed4u48z,anger,anger,0.96608126,0.008931532,0.0009769271,0.004163407,0.01572212,0.004124797
ed4uwpe,joy,joy,0.0006238468,0.00024220384,0.00029744345,0.99789125,0.00038520043,0.00056009943
ed4v7ll,joy,joy,0.00043718654,0.00025160974,0.0006289581,0.99528825,0.00073127146,0.0026626862
ed4vaif,surprise,sadness,0.0057439567,0.0051467265,0.0065011596,0.0051886984,0.52604836,0.45137107
ed4vdlt,sadness,sadness,0.09252564,0.0076440778,0.0062030535,0.015223645,0.75126386,0.12713972
ed4vehz,anger,anger,0.9744966,0.010130841,0.0008171928,0.0047314754,0.005331628,0.0044922167
ed4vtot,disgust,disgust,0.16852707,0.7584407,0.02318293,0.015655603,0.014261092,0.019932678
ed4vuvt,joy,joy,0.0006377173,0.00031222636,0.00032462005,0.99752825,0.00023541844,0.0009618276
ed4w08k,surprise,surprise,0.0034400492,0.0012588903,0.0011463726,0.0017075795,0.001018108,0.9914289
ed4w2oh,joy,joy,0.0074065668,0.002821306,0.04040293,0.89286757,0.028188959,0.028312728
ed4wcfc,joy,joy,0.0006770666,0.00013838628,0.0002669646,0.99703574,0.000818227,0.0010636122
ed4x1ys,joy,joy,0.00038255655,0.0001802502,0.00036531626,0.9979304,0.00056552835,0.0005759557
ed4xeax,joy,joy,0.0011574043,0.00030478465,0.00027479907,0.99726593,0.00035966732,0.0006373083
ed4y8ts,fear,fear,0.0032833768,0.010076668,0.9725912,0.002264833,0.004824065,0.0069598295
ed4ykdw,anger,anger,0.8097457,0.0043083797,0.002861507,0.027233552,0.029603727,0.126247
ed4zp0x,joy,joy,0.00040181435,0.00016412153,0.00034236346,0.99634224,0.000602758,0.0021466864
ed50buf,joy,joy,0.00073156646,0.00023263713,0.00034416578,0.99701285,0.00027938082,0.0013993897
ed50tbz,sadness,joy,0.18055803,0.0024365915,0.0039888057,0.7686326,0.024465835,0.019918106
ed50uka,joy,joy,0.0006879635,0.00016361757,0.0005865756,0.99558926,0.0015087173,0.0014638638
ed51215,sadness,sadness,0.0014861976,0.0015811267,0.002022016,0.003738296,0.9890189,0.0021534187
ed5129w,joy,joy,0.0006596302,0.00023727097,0.0003540496,0.9976548,0.00036750894,0.0007267384
ed5164a,joy,surprise,0.0041463603,0.0011479041,0.0014414066,0.0027176915,0.0010625457,0.989484
ed519h8,joy,joy,0.0008891983,0.00023733421,0.00044499215,0.99695337,0.0006445183,0.0008306625
ed51dkf,joy,joy,0.005579368,0.00027070794,0.0003316331,0.99157846,0.0010064638,0.001233355
ed51i23,surprise,surprise,0.0053609842,0.0013670567,0.0008791841,0.0012185333,0.0015339166,0.9896403
ed53dgo,joy,joy,0.00039187243,0.00022369373,0.00033973358,0.99794096,0.00043659366,0.000667091
ed53r1b,joy,joy,0.0010531676,0.00030655327,0.0002880425,0.9972785,0.00039522818,0.00067848567
ed54i5q,joy,joy,0.000467191,0.0002940761,0.0007823071,0.9967303,0.0003554536,0.0013707349
ed54is7,anger,anger,0.9099091,0.0084491065,0.0011495032,0.049891606,0.0117551265,0.018845499
ed55p4p,surprise,surprise,0.0035924246,0.0012429333,0.0008883288,0.0018744023,0.001959305,0.9904427
ed56bg7,surprise,fear,0.013305555,0.0045366487,0.6823482,0.025521645,0.04101248,0.23327546
ed57mql,joy,joy,0.0054518743,0.00058021914,0.0012911368,0.98349136,0.0018427295,0.0073427525
ed59e5q,surprise,surprise,0.004078214,0.0015687209,0.0017392499,0.02056747,0.0019234663,0.9701229
ed5apbb,sadness,sadness,0.016998114,0.0027227537,0.0025150322,0.03437064,0.9317227,0.011670695
ed5c5qg,joy,joy,0.000734607,0.00017087934,0.00067470333,0.9938877,0.0009896952,0.0035424016
ed5c6jr,anger,anger,0.979844,0.0038703955,0.0014988015,0.00249479,0.006374024,0.0059180274
ed5cchn,joy,joy,0.0005403082,0.00015321664,0.0002575435,0.99746966,0.00046063992,0.0011186007
ed5cew6,joy,joy,0.3509097,0.0022369574,0.006000842,0.38314462,0.09820001,0.15950787
ed5chhu,joy,joy,0.00037549157,0.00019412435,0.00046890348,0.997509,0.0007784304,0.00067407987
ed5fidl,sadness,anger,0.6128054,0.11523149,0.0064027356,0.010468079,0.24454838,0.0105439555
ed5gbdl,joy,joy,0.0007666564,0.00018661899,0.00028166187,0.9975992,0.00031184297,0.00085410837
ed5gjn6,sadness,anger,0.8823761,0.010170523,0.0009957883,0.03473645,0.037611283,0.03410987
ed5h3jh,joy,joy,0.00072603597,0.00015393615,0.0003217715,0.99712116,0.000709145,0.0009679561
ed5hv09,joy,joy,0.0007056274,0.00023284949,0.00031337957,0.9972836,0.0003699983,0.0010945201
ed5iwyw,joy,joy,0.0008297476,0.00019171755,0.0002293489,0.9977652,0.00037485818,0.0006090671
ed5jdri,joy,joy,0.0070347493,0.00058437174,0.00073590846,0.96228987,0.0011214502,0.028233537
ed5kemm,joy,joy,0.21930464,0.006847364,0.0011517016,0.75421494,0.014260332,0.0042210696
ed5kjbn,anger,anger,0.85801136,0.0031006462,0.0019323046,0.038511682,0.024217008,0.074227005
ed5kt98,anger,anger,0.94750214,0.0032997713,0.0007535376,0.022289561,0.009461057,0.01669396
ed5mopu,joy,joy,0.0008982611,0.00021372143,0.00033624147,0.99729437,0.0004240807,0.00083330553
ed5nedq,joy,joy,0.0010947919,0.00015949526,0.00021004163,0.99674726,0.00081960985,0.0009688628
ed5o8h3,joy,joy,0.0005728872,0.00022696279,0.0003223049,0.99785906,0.0005104944,0.0005083475
ed5ohzm,anger,anger,0.95766485,0.007840944,0.001389137,0.013636192,0.0102453595,0.009223462
ed5q6lg,joy,joy,0.00774036,0.0003131947,0.00032937163,0.98638076,0.0020782512,0.00315805
ed5qrbs,joy,joy,0.00053053506,0.0002088095,0.00026246713,0.9978703,0.00036025155,0.00076754706
ed5r5ys,surprise,surprise,0.018061602,0.002050164,0.0024530615,0.20558888,0.023015885,0.74883044
ed5rfsq,joy,joy,0.05653585,0.0039017817,0.0028117003,0.71262765,0.21131502,0.012807972
ed5rghn,joy,joy,0.0009065932,0.00020812573,0.00028560634,0.9975713,0.00035458527,0.0006738237
ed5rqvs,surprise,surprise,0.0027958227,0.0009319635,0.0026870132,0.022133797,0.011110912,0.9603404
ed5ssis,surprise,fear,0.008057173,0.0057537337,0.84649295,0.024377478,0.01960548,0.095713235
ed5sxk3,joy,surprise,0.025907313,0.0035050625,0.01866355,0.38083303,0.0063553103,0.5647357
ed5te14,joy,joy,0.0013678322,0.0004129397,0.00024350178,0.9965305,0.0003369441,0.0011083642
ed5uvsf,anger,surprise,0.28576657,0.044580173,0.0057090814,0.1898333,0.014669274,0.4594416
ed5uxoi,anger,sadness,0.036308724,0.00554163,0.011487257,0.007249718,0.81958205,0.11983061
ed5vrtj,joy,joy,0.020537889,0.00058774685,0.0008596348,0.9698573,0.00091983663,0.0072375983
ed5wdvt,joy,joy,0.0007383906,0.00023962524,0.0002566764,0.99774337,0.00036565695,0.00065636414
ed5x2y2,surprise,surprise,0.0027493876,0.004743144,0.010441278,0.18614672,0.0014783257,0.7944412
ed5x4vk,joy,disgust,0.096180454,0.6268227,0.021412453,0.10899505,0.05133024,0.0952591
ed5xoxn,sadness,sadness,0.0026592573,0.0016662144,0.00225848,0.002635814,0.9885161,0.00226409
ed5y1vl,joy,joy,0.012648484,0.00052277197,0.0009446951,0.9792955,0.0017636692,0.0048248875
ed5yi9d,joy,joy,0.00078443566,0.0001938188,0.00047961125,0.9960121,0.0006326472,0.0018973958
ed5yoh2,joy,joy,0.0044280314,0.00042936637,0.0002790203,0.9907618,0.001507918,0.0025938682
ed5zozk,anger,surprise,0.3741129,0.0047561913,0.004253081,0.027570447,0.14339928,0.44590807
ed5zz4b,joy,joy,0.00077006576,0.00023277377,0.00042404802,0.9970715,0.0002999843,0.0012015977
ed602cu,joy,joy,0.0006364105,0.00020354864,0.00028456165,0.99782,0.00044837882,0.0006071435
ed60b0e,joy,anger,0.8030576,0.0033343749,0.0011853428,0.08892852,0.026842158,0.07665203
ed60dv8,surprise,surprise,0.0033289213,0.0009326068,0.00090165774,0.0035533898,0.0013737819,0.98990965
ed615w6,sadness,sadness,0.004996145,0.0031604222,0.025720716,0.009917041,0.8997206,0.056485083
ed61od8,surprise,surprise,0.22402199,0.0059363097,0.00082756963,0.0069150515,0.007467416,0.7548317
ed61u1q,anger,anger,0.983564,0.0046489676,0.0010442516,0.0037323637,0.0038606247,0.0031498065
ed622jn,joy,joy,0.021166164,0.00044760463,0.0004560119,0.9722777,0.0026419128,0.0030106446
ed622n1,joy,joy,0.0020590818,0.0003077378,0.00026375204,0.9944349,0.0004263399,0.0025081544
ed62fhl,joy,sadness,0.0175223,0.013354318,0.032984845,0.073355846,0.81664616,0.046136625
ed63eol,joy,joy,0.003474746,0.0004396034,0.00030204133,0.99419326,0.00036754098,0.0012228686
ed63qhm,joy,joy,0.0006492788,0.0003363506,0.00061458483,0.9951623,0.00040437726,0.0028331976
ed65r76,joy,joy,0.0006107746,0.00027118612,0.00034006996,0.9977818,0.0002917182,0.000704423
ed65yap,joy,joy,0.0013199023,0.00026973372,0.0002558836,0.99717295,0.00036478302,0.0006167146
ed66hh7,joy,joy,0.0020358237,0.00037995834,0.00031857076,0.99209905,0.0032527517,0.0019138377
ed66vje,joy,surprise,0.0051458273,0.0022938584,0.033792928,0.42168534,0.018341135,0.5187409
ed67mlu,anger,anger,0.9416318,0.023086378,0.0018794419,0.0023918736,0.01632805,0.014682468
ed68a90,anger,joy,0.08628852,0.0010045599,0.0012325917,0.85655606,0.008621004,0.04629722
ed68crg,joy,joy,0.00068765855,0.0002457203,0.00038551385,0.9971781,0.0006437359,0.0008593453
ed68elf,surprise,surprise,0.0030157855,0.0006850797,0.0009536348,0.01641505,0.0032806294,0.97564983
ed68etr,joy,joy,0.004748048,0.00051856233,0.0008888126,0.9519744,0.004617894,0.037252236
ed6apxa,joy,joy,0.0006336128,0.00026996064,0.0003213714,0.9979073,0.00033833264,0.0005294705
ed6awse,joy,joy,0.0011585377,0.00025201074,0.00034099686,0.9968964,0.00042971765,0.0009223587
ed6b8kh,joy,joy,0.0007875881,0.00027678692,0.0002730949,0.9975483,0.0003026857,0.00081156887
ed6cxkt,joy,joy,0.0006913907,0.000741778,0.0010831995,0.98899966,0.00040281835,0.0080811065
ed6ew8p,surprise,surprise,0.0030709244,0.0010014554,0.0019955179,0.0021319194,0.0011334163,0.9906668
ed6f0es,joy,joy,0.0006972864,0.00029258788,0.00036134679,0.9955876,0.00029930312,0.0027618955
ed6fe30,joy,joy,0.0008184652,0.000285763,0.00029698672,0.9975988,0.00041273437,0.00058726367
ed6g72x,joy,joy,0.00050408865,0.00019727598,0.00053291797,0.9973368,0.0006969399,0.0007320115
ed6gbqw,joy,joy,0.00054026826,0.00020452811,0.00043818794,0.99689615,0.00033325647,0.0015876255
ed6hjsm,joy,joy,0.000556647,0.000252327,0.0003034434,0.99786574,0.0004237947,0.00059803686
ed6i2gp,joy,joy,0.001644448,0.00015959624,0.00020973988,0.99487406,0.0009817233,0.002130421
ed6i4d0,surprise,surprise,0.014448127,0.0010667512,0.001102973,0.00537409,0.004066232,0.97394186
ed6isd6,surprise,joy,0.1442584,0.0014135174,0.0009120694,0.7935352,0.009530467,0.050350435
ed6jncr,joy,joy,0.00077143527,0.00021269279,0.0002631196,0.99763286,0.0002661615,0.00085371296
ed6kdr0,anger,anger,0.8792927,0.0041125086,0.0011571671,0.057843607,0.023173634,0.034420334
ed6kk1f,joy,joy,0.017097052,0.0023426837,0.0006805263,0.9700797,0.0010171472,0.008782974
ed6ma3t,joy,joy,0.00039337296,0.00016672334,0.00041822248,0.9938233,0.0013924806,0.0038059442
ed6mamx,disgust,joy,0.0009524516,0.0019251539,0.0049061286,0.94959337,0.0008656863,0.041757282
ed6n0go,surprise,anger,0.5366795,0.2962051,0.015118395,0.00993453,0.11010468,0.031957783
ed6ngo5,joy,joy,0.0016421668,0.00052985834,0.0008944934,0.98532975,0.0005409309,0.011062778
ed6ns6b,joy,joy,0.001891829,0.00024321525,0.00033673958,0.992622,0.0024443823,0.0024618101
ed6nw2x,joy,joy,0.005711733,0.0009433522,0.0004349289,0.99100727,0.0006953989,0.0012073249
ed6p1oz,joy,joy,0.0017476372,0.00035632215,0.0006153287,0.97321194,0.0009550898,0.023113705
ed6pace,disgust,anger,0.7750857,0.012633019,0.0022454523,0.012911529,0.17798726,0.01913705
ed6pe46,joy,joy,0.00073411973,0.0003643696,0.000627149,0.9929889,0.0003519118,0.00493354
ed6pkzv,anger,surprise,0.17133935,0.02208039,0.003341801,0.0020504012,0.023371246,0.77781683
ed6rrld,joy,joy,0.0014133152,0.000893212,0.0014318363,0.9411545,0.00077360164,0.054333538
ed6rser,joy,joy,0.0005917578,0.00016191126,0.00034986477,0.9974094,0.0006833358,0.0008037138
ed6ry31,sadness,anger,0.73147327,0.01349746,0.0019435834,0.030236825,0.20829171,0.01455715
ed6sntb,sadness,joy,0.036957476,0.002367842,0.010482754,0.8468117,0.08320318,0.020177037
ed6ugzj,joy,joy,0.0007556552,0.00022997658,0.00036399986,0.99732554,0.0002527037,0.0010721543
ed6usah,surprise,joy,0.008477638,0.0006200337,0.0005450327,0.95510596,0.0020726582,0.03317867
ed6vcfh,joy,joy,0.0030262924,0.00062101084,0.00095750595,0.97827244,0.0014866507,0.015635999
ed6vhp6,joy,joy,0.0005739183,0.0002129477,0.00027390447,0.9974541,0.00031543715,0.0011696533
ed6wlc6,joy,joy,0.0019662408,0.00034796723,0.00037997615,0.9959565,0.00047122547,0.0008781601
ed6x4f7,surprise,surprise,0.0031121646,0.001349728,0.0009193463,0.0018209968,0.0010539939,0.99174374
ed6xmfq,anger,joy,0.015962387,0.002014078,0.0007785896,0.91034293,0.0023926278,0.06850939
ed6y2t8,surprise,surprise,0.0011525075,0.0014056003,0.0032133483,0.00927231,0.0022838146,0.98267245
ed6ybvx,joy,joy,0.0026935574,0.00045816205,0.0003637517,0.9849685,0.0008425565,0.010673525
ed6zj4u,anger,anger,0.9652456,0.008268143,0.000986446,0.0022299655,0.0023945128,0.020875258
ed70zli,joy,joy,0.00053051626,0.00018372369,0.0003489979,0.9976737,0.00078457576,0.00047843918
ed7101k,anger,anger,0.9041727,0.0037335274,0.0024236557,0.013079213,0.049401283,0.027189637
ed71ec1,anger,anger,0.9797703,0.004841614,0.0023276599,0.0030002547,0.0060297567,0.0040303306
ed71tp7,joy,joy,0.001035277,0.00023737998,0.0004429512,0.9947948,0.002316786,0.0011729184
ed71z4y,surprise,surprise,0.0027973063,0.0013068847,0.0024645245,0.0047732405,0.0016895756,0.98696834
ed71zss,joy,joy,0.0006862939,0.0001775871,0.0002732712,0.9976024,0.00027592925,0.0009845728
ed741lh,joy,joy,0.00076889066,0.00030292163,0.00031677657,0.997652,0.00041095685,0.0005485362
ed74b9g,joy,joy,0.0004861847,0.00019364357,0.00046487513,0.993836,0.00058987114,0.0044294694
ed74czc,joy,joy,0.0016084148,0.00018333977,0.00041642922,0.9911402,0.00071846787,0.0059332536
ed75vdx,joy,joy,0.0005693501,0.0001949337,0.00022904843,0.9976533,0.0004736681,0.0008796949
ed75wx8,joy,joy,0.00046301758,0.0002645052,0.000490944,0.996075,0.0002965908,0.0024098556
ed789oa,anger,sadness,0.23203081,0.0134562,0.0058579524,0.01495238,0.7163484,0.017354306
ed78wt8,sadness,sadness,0.0015569464,0.0017874354,0.009584474,0.004870344,0.9786113,0.003589518
ed79l6x,joy,joy,0.0005914669,0.00024123564,0.00031760035,0.9978911,0.00026347348,0.00069504126
ed79vgg,joy,joy,0.00064579194,0.00027519226,0.00032248252,0.99767715,0.00027075197,0.0008086264
ed7bg31,sadness,sadness,0.043733843,0.006626518,0.0046937005,0.016825303,0.9112445,0.016876057
ed7bxkx,anger,anger,0.8311309,0.006426382,0.003043472,0.07052341,0.03077347,0.058102258
ed7csjo,joy,anger,0.7293546,0.0059276405,0.0016269042,0.16896805,0.01360614,0.08051658
ed7dx87,joy,joy,0.0007030997,0.00023820806,0.00022957697,0.99739623,0.00039293355,0.0010399729
ed7e0ru,surprise,surprise,0.049981564,0.018997075,0.00870478,0.013643727,0.10160864,0.80706424
ed7f2g9,anger,anger,0.7751851,0.0058458094,0.0054820436,0.030737756,0.14113681,0.0416124
ed7fena,disgust,anger,0.55075157,0.04115195,0.080456994,0.094267145,0.2009645,0.03240785
ed7g57i,anger,anger,0.9630256,0.0032747302,0.0012859949,0.014479935,0.013754652,0.0041791094
ed7g95i,surprise,joy,0.0017891638,0.0021794233,0.0052207108,0.8775591,0.0010519887,0.112199515
ed7h6o8,joy,joy,0.00042321367,0.00023124242,0.0004539762,0.99793136,0.00039795693,0.0005622769
ed7hjbe,sadness,sadness,0.004003758,0.0029237848,0.0021803156,0.0041774837,0.9789013,0.007813341
ed7hzmm,joy,joy,0.0010886654,0.0003386199,0.00032166406,0.9967198,0.0002594712,0.0012717893
ed7jbsg,joy,joy,0.00084959815,0.00019118536,0.00031387384,0.99626404,0.00029116278,0.0020901607
ed7jbsw,joy,joy,0.0004997208,0.00023477104,0.00037055506,0.9980044,0.0002860403,0.00060456473
ed7lx77,sadness,sadness,0.0037286803,0.003625868,0.041498616,0.008495142,0.87670684,0.065944895
ed7lxtb,joy,joy,0.0013337985,0.00036538532,0.00043323662,0.9862795,0.00049203105,0.011096099
ed7lzjo,joy,joy,0.00072488276,0.00018851491,0.0002142078,0.99764204,0.00038984162,0.00084055593
ed7mx3v,sadness,sadness,0.003568692,0.0020368139,0.00523969,0.05565645,0.9241956,0.009302802
ed7nhh7,joy,joy,0.00069561607,0.0002071653,0.00030754882,0.99769396,0.00040480096,0.0006909311
ed7nnzw,sadness,sadness,0.0014800577,0.0014714047,0.004175541,0.0029485712,0.9852267,0.004697712
ed7o351,surprise,surprise,0.0022042028,0.00091036333,0.00091648026,0.0024884236,0.0011308615,0.9923497
ed7oo42,joy,joy,0.00238152,0.00027996805,0.00032032598,0.99446577,0.0007733732,0.0017791314
ed7qqdg,surprise,surprise,0.0019212217,0.0009943565,0.0017054836,0.0066746892,0.002714625,0.9859896
ed7r36s,joy,anger,0.94982034,0.004854757,0.0013519677,0.018424468,0.00927157,0.016276985
ed7rmrg,joy,joy,0.0014545077,0.00033473523,0.0004198675,0.9875436,0.00040544686,0.009841776
ed7t2oa,joy,joy,0.016050052,0.006126923,0.0017684133,0.79128665,0.0141967265,0.17057127
ed7t6le,anger,anger,0.9640155,0.01266392,0.0010434247,0.00978661,0.008852295,0.0036382447
ed7t93j,joy,joy,0.002043952,0.00044335204,0.00029903726,0.993519,0.00253978,0.001154887
ed7ue4k,joy,joy,0.02352141,0.00053984823,0.0005348235,0.96393734,0.005762169,0.0057044225
ed7uezu,joy,joy,0.0008499952,0.00023350872,0.00031370713,0.9976255,0.00042168825,0.00055551267
ed7uo1f,joy,joy,0.0006581387,0.00021379211,0.00035593507,0.9977041,0.00027651427,0.0007915366
ed7uq8z,anger,anger,0.95394045,0.017440274,0.0046272585,0.0010626047,0.0041665067,0.018762972
ed7vich,joy,joy,0.0015881278,0.00037664617,0.000837461,0.9962453,0.00037646983,0.0005759341
ed7vvvh,surprise,surprise,0.010986006,0.0016825756,0.0022166893,0.0017902274,0.0038181192,0.9795064
ed7vysr,joy,joy,0.0007249581,0.00018751922,0.00029010413,0.9976221,0.00042258474,0.0007526705
ed7wdme,anger,anger,0.67619795,0.008597811,0.0056400443,0.047445342,0.0444855,0.21763337
ed7wpku,joy,joy,0.2882318,0.0039071697,0.0009747219,0.6971666,0.005154086,0.004565629
ed7wr3y,anger,anger,0.93149674,0.009223991,0.0012128962,0.03255126,0.016190868,0.009324246
ed7wr4n,sadness,joy,0.004967711,0.0014753427,0.0016823141,0.8157511,0.008247453,0.16787611
ed7x1dv,joy,surprise,0.0024162163,0.000981991,0.0012859605,0.077388,0.002376254,0.9155516
ed7x62x,sadness,sadness,0.02074291,0.003961582,0.0045157033,0.017091583,0.9295604,0.024127755
ed7xkbl,sadness,anger,0.5678471,0.0070051313,0.0021000095,0.08227939,0.2420414,0.098726936
ed7yj4s,sadness,sadness,0.0021814408,0.0015791873,0.0023035083,0.003937904,0.98686606,0.0031319375
ed7zaa8,joy,joy,0.11159822,0.01725567,0.0033586957,0.83861154,0.008943564,0.02023225
ed80rw6,joy,joy,0.001079122,0.0003069855,0.00036863735,0.99661034,0.00021000399,0.0014248247
ed80uhh,joy,joy,0.25580546,0.004501272,0.0011200097,0.69530225,0.012022931,0.031248055
ed81e4x,surprise,surprise,0.0028957152,0.0022330373,0.023273189,0.45849234,0.013201622,0.49990413
ed83exh,joy,joy,0.0005367929,0.00025011026,0.00030421597,0.99766433,0.0003759578,0.00086853
ed83k2j,joy,joy,0.00051424763,0.00022770341,0.0004894784,0.9961857,0.00037672062,0.0022061619
ed86cjz,joy,joy,0.00092043355,0.0002367797,0.00025020013,0.9968299,0.00039387203,0.001368706
ed88atu,sadness,sadness,0.0021543847,0.0018373698,0.0015509214,0.003571956,0.98900515,0.0018802666
ed89acy,joy,joy,0.0761135,0.068239786,0.006279503,0.8131227,0.02419661,0.01204791
ed8a2zl,fear,surprise,0.0060688527,0.000715902,0.0012554374,0.009477615,0.0021307184,0.9803515
ed8aaze,joy,joy,0.0026203017,0.0002279523,0.0003634752,0.9904079,0.002408684,0.003971798
ed8ao7n,joy,joy,0.025328292,0.07837158,0.3617876,0.39821622,0.026549568,0.109746665
ed8aq1x,joy,joy,0.0008311091,0.00017529531,0.00023646199,0.996236,0.0016189229,0.0009022577
ed8bwby,joy,joy,0.00060581235,0.00017726547,0.0003381658,0.99578995,0.00085574837,0.0022330845
ed8c6e2,joy,joy,0.0016606387,0.000320176,0.0003167499,0.995481,0.0016329358,0.0005884778
ed8cbz8,surprise,surprise,0.0026898321,0.0008871738,0.0038522687,0.002598696,0.006413159,0.98355883
ed8elm4,anger,anger,0.86534905,0.00995047,0.0013523715,0.011064521,0.09995061,0.012333034
ed8enfj,joy,joy,0.0010932634,0.00026825463,0.0006106282,0.9950481,0.0014360573,0.0015435943
ed8fyzg,joy,joy,0.00044378394,0.00018253805,0.00044164588,0.997419,0.00058029505,0.0009327779
ed8i0ps,joy,joy,0.0019020755,0.00027551226,0.00021327288,0.9964244,0.0005115663,0.00067324
ed8i1ws,joy,joy,0.00066900835,0.00028003805,0.00032551348,0.99773175,0.00032890105,0.0006647742
ed8ia0o,anger,anger,0.93710166,0.009438594,0.0015619135,0.010989943,0.027204031,0.013703838
ed8jb59,joy,joy,0.0006520846,0.00024065738,0.00029422785,0.9978517,0.00035151318,0.000609827
ed8jdcf,surprise,surprise,0.005068757,0.001222168,0.0016289414,0.004314594,0.0020631936,0.98570234
ed8kg4l,anger,anger,0.561477,0.0044029793,0.0144906,0.05386071,0.041496072,0.32427266
ed8l760,joy,joy,0.00061510544,0.00029628014,0.00032981462,0.9974088,0.0002541067,0.0010959626
ed8lcbr,sadness,sadness,0.09213251,0.0063923397,0.01184868,0.054682184,0.7174662,0.11747812
ed8lt42,joy,joy,0.00079437083,0.00024841732,0.00028470458,0.9977512,0.00026141814,0.00065996737
ed8lu3b,sadness,sadness,0.0075454284,0.0027601058,0.0020413273,0.0099976035,0.9716735,0.0059820605
ed8n4fx,anger,anger,0.934635,0.010029082,0.0016725054,0.014306707,0.026368292,0.012988378
ed8nrpl,surprise,surprise,0.22889873,0.0044528996,0.002261919,0.0055795866,0.010319171,0.7484877
ed8nsbw,joy,joy,0.16801004,0.0019726602,0.0008342886,0.7378404,0.01872394,0.072618686
ed8ocd1,joy,joy,0.00064753403,0.00027168452,0.00028714852,0.99773264,0.0003069905,0.0007539088
ed8q2c5,anger,anger,0.6416313,0.002984473,0.00615818,0.18865566,0.01613644,0.1444339
ed8qydk,joy,joy,0.0006925694,0.00016297998,0.00022920383,0.9978933,0.00038375158,0.0006382254
ed8ra07,sadness,sadness,0.038085595,0.0065538627,0.0050333277,0.0044004917,0.9314802,0.014446501
ed8rfos,anger,surprise,0.25761864,0.0053867246,0.0021084922,0.007161838,0.025252087,0.70247227
ed8so7z,joy,joy,0.00044880735,0.00018183954,0.00031419925,0.9980762,0.00033556912,0.00064340606
ed8srqm,joy,joy,0.0005083412,0.00020723324,0.00033340798,0.99790215,0.0002916599,0.0007571224
ed8swrf,anger,sadness,0.19573614,0.015951252,0.0068417974,0.18948808,0.55684566,0.035137057
ed8u7ny,joy,joy,0.00064484525,0.00023919273,0.00032045768,0.9978829,0.000371895,0.0005406751
ed8u8zc,disgust,disgust,0.26659566,0.61967623,0.005837469,0.025217483,0.026475081,0.056198094
ed8vt17,joy,joy,0.00064726506,0.0002927297,0.00032410756,0.99760073,0.00031229283,0.0008228518
ed8wsri,fear,fear,0.0028327624,0.008485673,0.9703836,0.0016945318,0.005987917,0.010615441
ed8ycrc,sadness,sadness,0.018459458,0.002207311,0.021109674,0.016514499,0.9034644,0.038244653
ed8zdcy,joy,joy,0.2926186,0.0057624048,0.0036490192,0.4981543,0.05346483,0.14635077
ed8zikw,joy,fear,0.0061707464,0.0049357256,0.5574103,0.40923595,0.008275108,0.013972205
ed90bpw,joy,joy,0.00062043517,0.0001972398,0.0003051835,0.9976809,0.00046648475,0.00072970416
ed915dv,joy,joy,0.002444349,0.00039363524,0.0003131601,0.9953361,0.00055891974,0.00095380045
ed91eua,joy,joy,0.000552892,0.00020437135,0.00032634972,0.99798906,0.0003027207,0.0006246334
ed91gzi,joy,joy,0.0005543407,0.00015561258,0.00025851285,0.9969896,0.00053769344,0.0015041974
ed925o7,joy,joy,0.0061509274,0.0003882637,0.00026022654,0.98923767,0.002099108,0.0018638232
ed92tx2,surprise,joy,0.0020854918,0.00269249,0.0038729077,0.62624186,0.0012898487,0.36381745
ed95d87,surprise,surprise,0.015846394,0.0014549419,0.0008080335,0.0022481529,0.001578954,0.97806346
ed98cxb,joy,joy,0.0008684707,0.00030665708,0.00028896035,0.99731845,0.0005028138,0.000714608
ed99jur,joy,anger,0.39136615,0.005902069,0.0062096,0.15147074,0.19976744,0.24528398
ed99lqd,joy,joy,0.0009890577,0.00021701296,0.00027153926,0.9974522,0.00028001142,0.00079012755
ed99ly0,joy,joy,0.0008801874,0.00019971908,0.00025779573,0.99764794,0.00040539095,0.0006090028
ed9b7yp,joy,joy,0.0010102539,0.00025212884,0.00029180985,0.99736553,0.0002772754,0.0008030164
ed9b9ix,joy,joy,0.0014966475,0.0002933046,0.00053272344,0.9964856,0.00041529417,0.0007764279
ed9bsv5,anger,anger,0.9786315,0.007878778,0.0010773959,0.003980968,0.006097713,0.002333719
ed9cht8,sadness,sadness,0.021579115,0.004695438,0.0019257574,0.019168975,0.93615824,0.016472511
ed9e24f,joy,joy,0.0009763912,0.00028228614,0.00039018953,0.99223024,0.00039489588,0.0057260506
ed9fm3q,joy,joy,0.00076857576,0.0003594766,0.00043134435,0.9940848,0.0002745517,0.004081297
ed9h8dw,surprise,surprise,0.03278353,0.0018347233,0.0020073506,0.011572935,0.0079516,0.9438499
ed9i07r,joy,joy,0.0011919433,0.0014405387,0.008459579,0.94543546,0.0011208553,0.04235152
ed9iecn,joy,surprise,0.0028657154,0.0031782424,0.0028526667,0.08622905,0.00096295774,0.9039114
ed9iodh,sadness,sadness,0.0036732894,0.0031115948,0.0019126948,0.0042364565,0.9842344,0.0028316025
ed9ivy2,joy,joy,0.00073690445,0.00023011217,0.00028205873,0.99786025,0.0003193554,0.00057123543
ed9kl9f,anger,anger,0.7750442,0.0074739987,0.003146,0.008061856,0.1517046,0.054569405
ed9kn4h,fear,surprise,0.006429838,0.021505345,0.26044002,0.09407025,0.011483269,0.60607123
ed9leg4,sadness,sadness,0.0021149362,0.00170007,0.0025281797,0.019582048,0.96970326,0.0043714745
ed9ms37,surprise,surprise,0.002179006,0.0010676215,0.0038581928,0.07393216,0.016847916,0.90211505
ed9mubj,anger,joy,0.3738774,0.0024476706,0.0023877835,0.5697383,0.015491213,0.036057614
ed9nm15,joy,joy,0.000740493,0.0002871414,0.00028985806,0.99755484,0.00026698466,0.0008606724
ed9nyoe,joy,joy,0.0042937836,0.00031294642,0.00040726128,0.99290174,0.0008328545,0.0012513496
ed9o2yj,joy,joy,0.0008970685,0.00020906595,0.0002526523,0.99774384,0.00041545188,0.00048198938
ed9obsl,anger,joy,0.0007166566,0.00018086856,0.00058031396,0.9962464,0.0011967202,0.0010790725
ed9oc3z,surprise,surprise,0.003779487,0.0010609279,0.001194771,0.0014654493,0.0010849049,0.99141437
ed9pgsa,joy,joy,0.00059015694,0.00017135071,0.0003656006,0.9975259,0.00057833624,0.00076864765
ed9q6p8,sadness,surprise,0.06289582,0.0037821983,0.018413082,0.3295611,0.10394759,0.4814002
ed9q7ej,sadness,sadness,0.015764268,0.008994321,0.0067335255,0.004416049,0.92097807,0.04311378
ed9qblv,anger,joy,0.0018601583,0.0002258235,0.00039268468,0.99235886,0.0011141701,0.0040483065
ed9qsmb,joy,joy,0.008619287,0.00041538387,0.00037413582,0.9872732,0.00069450197,0.0026234824
ed9qyfn,joy,joy,0.0006089425,0.00024744117,0.0002982753,0.99728274,0.00031302177,0.001249522
ed9qzh2,anger,anger,0.9738351,0.004134585,0.0007446602,0.009456862,0.00832355,0.0035052195
ed9r8cx,joy,joy,0.00045957946,0.00022004898,0.00032613467,0.9977481,0.00032514433,0.00092098356
ed9r9yl,joy,joy,0.00064950716,0.00023397806,0.00034268366,0.9975441,0.00035111088,0.0008786198
ed9rqrj,joy,joy,0.0006802666,0.00025092295,0.0003388709,0.99601173,0.0004238343,0.0022943951
ed9siu8,joy,joy,0.0012608261,0.00024706963,0.0005797331,0.9901432,0.0020736621,0.0056954245
ed9t9vm,anger,anger,0.45391682,0.005986162,0.003676309,0.021135561,0.44556177,0.06972345
ed9tgz5,joy,joy,0.0016078424,0.00086401036,0.0007306123,0.988684,0.00080323074,0.0073102526
ed9tlgg,surprise,surprise,0.0036656267,0.0011822022,0.0014204038,0.0037075237,0.0016095773,0.98841476
ed9tnti,joy,joy,0.0005680996,0.00025375336,0.0003144818,0.9978788,0.00043487063,0.00055003713
ed9tvse,surprise,surprise,0.042919997,0.0019833527,0.00095379364,0.00329696,0.0025055734,0.94834036
ed9udhc,surprise,surprise,0.0027833595,0.0010942301,0.0009483754,0.0046981755,0.0012903073,0.9891856
ed9uvwi,joy,joy,0.00058373954,0.00019967128,0.00031111916,0.99788684,0.00026850315,0.0007500374
ed9vzsw,joy,joy,0.0012245508,0.0002670914,0.00032917125,0.9958287,0.00039157548,0.0019588254
ed9w3gj,joy,joy,0.00037882852,0.00017832019,0.000379591,0.99606484,0.0011061545,0.001892234
ed9wp1v,joy,joy,0.00068753556,0.00017532766,0.00023363727,0.9973744,0.00030920692,0.001219915
ed9wqeb,joy,anger,0.6647685,0.008417386,0.0037409118,0.04493591,0.25589892,0.02223835
ed9wqre,joy,joy,0.00066430395,0.00020486616,0.00030865264,0.99789536,0.0003174945,0.00060930697
ed9wuux,joy,joy,0.0045207012,0.0012222013,0.0015214437,0.8907287,0.0022249601,0.099782005
ed9x026,joy,joy,0.0011316811,0.00040041824,0.00053955236,0.9927503,0.000359653,0.0048183864
ed9x4pl,surprise,surprise,0.0032490985,0.001232538,0.0008957371,0.0012399236,0.0014485618,0.9919342
ed9y3hu,surprise,surprise,0.003119871,0.0010999267,0.0016307802,0.08368375,0.007071292,0.9033942
ed9y4x6,fear,fear,0.0940772,0.26425666,0.5896791,0.010891081,0.019719487,0.02137646
ed9y83j,joy,joy,0.0005759592,0.00021280599,0.00036085703,0.99749774,0.0002790876,0.0010736145
ed9ylmv,surprise,anger,0.71923697,0.014600226,0.0035470463,0.011672297,0.16281974,0.08812375
eda09a2,anger,anger,0.6533264,0.0040219114,0.0068422942,0.20201096,0.028049406,0.10574897
eda0ay3,joy,joy,0.00074709696,0.00019680137,0.00022287141,0.9967456,0.00082084915,0.001266682
eda0kl3,joy,joy,0.0006939766,0.000220586,0.00027478093,0.9969537,0.00033835266,0.001518631
eda0sr9,joy,joy,0.0016944917,0.00021920103,0.0002653795,0.996442,0.0008247699,0.0005540925
eda0uma,joy,joy,0.0006233426,0.00029918546,0.00040794568,0.99683845,0.00024654603,0.0015845373
eda1244,joy,joy,0.004030351,0.00032762694,0.0013443289,0.99077964,0.0006339111,0.0028840865
eda17e2,joy,joy,0.00083917874,0.00031542758,0.00032999544,0.99758935,0.00034639507,0.0005797113
eda1817,joy,joy,0.0006478461,0.00024902212,0.00036272247,0.9978052,0.00041743089,0.00051779003
eda25gz,surprise,surprise,0.004123883,0.0013002083,0.0008064974,0.005713518,0.0006507186,0.9874051
eda26ma,joy,joy,0.00041233827,0.00019642914,0.0002877409,0.9971468,0.00047952382,0.0014771698
eda29nb,joy,joy,0.00050910655,0.0002155663,0.00029902684,0.99765825,0.00027558915,0.0010424572
eda29ux,joy,joy,0.001089373,0.00023603522,0.0003195424,0.996234,0.00027787354,0.0018431823
eda2j5f,surprise,surprise,0.0025140494,0.0009967892,0.0009097711,0.0018483704,0.0013665087,0.9923645
eda3ina,joy,joy,0.0023776258,0.00041237564,0.00028305035,0.9945426,0.0005927674,0.0017915069
eda4kob,surprise,surprise,0.027002545,0.0025825233,0.0023798773,0.0029822069,0.015584199,0.94946855
eda5d0q,joy,joy,0.0007375962,0.00023637191,0.00033397964,0.99736685,0.00026935554,0.0010558915
eda6q6t,surprise,sadness,0.20589578,0.010598985,0.005425125,0.035372313,0.5999568,0.14275101
eda726z,joy,joy,0.00042912117,0.00021031343,0.0003408571,0.9974043,0.00047912056,0.0011363637
eda73bz,surprise,sadness,0.006876839,0.003102247,0.017531373,0.016097646,0.85252553,0.10386637
eda73il,anger,anger,0.97591716,0.009870999,0.00088912464,0.00329542,0.007347675,0.0026795804
eda86hg,joy,joy,0.00080722943,0.00016788418,0.00020598299,0.9975775,0.0005513842,0.0006900264
eda8zwh,surprise,surprise,0.0032275266,0.0011395585,0.001321311,0.0034838046,0.001271353,0.9895564
eda9j2s,joy,joy,0.0012018295,0.00015053256,0.0003423685,0.9961778,0.00049520633,0.0016323156
edaa2vj,joy,joy,0.01454275,0.00083157606,0.0031357533,0.8913477,0.021903591,0.06823864
edaa4o9,sadness,sadness,0.0089459205,0.0014639057,0.004672222,0.36394063,0.5970881,0.023889251
edaabl5,anger,anger,0.7692285,0.0029801305,0.0031854545,0.19342923,0.011965215,0.01921143
edabj2w,joy,joy,0.009494132,0.00061423687,0.00041492513,0.983064,0.003000388,0.0034123003
edabzrb,joy,joy,0.0005952042,0.00025991324,0.00030791262,0.99759644,0.0007742103,0.00046635763
edaczwj,joy,joy,0.018309904,0.002469875,0.0012292534,0.95031613,0.01532193,0.012352909
edadzae,joy,joy,0.00061697577,0.00023773212,0.00032357415,0.9979479,0.00027679853,0.0005970668
edaf7ls,joy,joy,0.003083005,0.0026349637,0.004590735,0.65684843,0.0036711537,0.3291717
edajj4g,joy,joy,0.12196038,0.0013208291,0.007087391,0.7687115,0.06127399,0.03964595
edaly7r,joy,anger,0.53710103,0.034560148,0.012409592,0.122887634,0.27766427,0.015377283
edam8ul,joy,joy,0.00074871426,0.00027993048,0.00032184602,0.99741876,0.00028873186,0.000942032
edap12k,disgust,surprise,0.0108361775,0.002451647,0.0009395063,0.0009675478,0.0015092466,0.983296
edaq56d,joy,joy,0.018895386,0.0020233889,0.0017557484,0.79143524,0.007777938,0.17811237
edar4o7,surprise,surprise,0.0034668765,0.000849471,0.0012952856,0.0030067847,0.0045219976,0.98685956
edasbgx,joy,joy,0.021865832,0.001370306,0.0005712562,0.9621591,0.0028283352,0.011205245
edatjcr,surprise,surprise,0.0031435555,0.001011243,0.0008402252,0.0030607537,0.0013262022,0.99061805
edauvy5,anger,anger,0.83010733,0.030974459,0.018279746,0.084487915,0.016815878,0.019334713
edav1sl,joy,joy,0.0010367472,0.00025850706,0.00028119638,0.9972792,0.0005747851,0.00056958204
edavbm5,surprise,surprise,0.0017075232,0.0010541991,0.001288516,0.0030459526,0.00092823023,0.9919756
edavqwc,joy,joy,0.0037990331,0.00032802287,0.00025340583,0.99359596,0.0012484646,0.0007750814
edawb9h,anger,joy,0.3058252,0.001966486,0.001227264,0.67238426,0.005493758,0.013103025
edawn9d,joy,joy,0.00055626855,0.00022809955,0.00034520632,0.99792933,0.00033729553,0.00060384173
edawooh,joy,joy,0.00074282225,0.0003124982,0.00035532433,0.9973652,0.00027683482,0.0009473382
edax728,joy,surprise,0.0019046192,0.002337533,0.014602451,0.23274866,0.018492013,0.7299147
edaxbw8,joy,joy,0.0041416776,0.0017014799,0.0011393137,0.9695273,0.0010465203,0.022443712
edaxrdt,joy,joy,0.00048587038,0.0002025097,0.00039422815,0.997727,0.00044954888,0.0007408752
edaxzbt,surprise,surprise,0.0022129496,0.0014743222,0.002010455,0.02464164,0.00094203453,0.9687186
edaz1g3,joy,joy,0.00053463713,0.00022270708,0.00027532064,0.997818,0.0004883998,0.0006609967
edb1irc,sadness,sadness,0.010482283,0.002521355,0.0019575714,0.09211914,0.8817591,0.0111606475
edb1zj4,joy,joy,0.0005405236,0.00021935668,0.00032466583,0.9975291,0.00043099458,0.00095543434
edb278k,joy,joy,0.00091284927,0.00025790883,0.00024648308,0.9975528,0.0002840173,0.000745994
edb31xv,joy,joy,0.0024962067,0.00028905415,0.00025176362,0.9910971,0.0037796053,0.0020862932
edb492j,fear,fear,0.0019229697,0.0044641276,0.97962415,0.0050841137,0.0054353904,0.0034693067
edb4qdv,surprise,surprise,0.013290143,0.00085298286,0.0009166456,0.009449731,0.0033807945,0.97210974
edb5h1v,joy,joy,0.0010543949,0.00017917602,0.00027544948,0.99674857,0.00044711484,0.0012952245
edb6lwj,sadness,sadness,0.0043976577,0.0014395607,0.006333732,0.023088822,0.9479055,0.016834706
edb6ncg,joy,joy,0.007357374,0.00032735057,0.0011583813,0.98734725,0.001493998,0.0023155776
edb70zl,sadness,joy,0.075802326,0.0038507015,0.0015802373,0.86222225,0.032349907,0.024194561
edb7bv6,joy,surprise,0.019012215,0.013546635,0.0028958141,0.456223,0.0041375603,0.5041848
edb8opj,joy,joy,0.00065026194,0.00025879647,0.00035879447,0.995531,0.00029741364,0.0029037213
edb8pjc,joy,joy,0.00054174126,0.00015327467,0.0003586087,0.9932673,0.0011692175,0.0045098844
edb9jrg,joy,joy,0.00059178565,0.00023354235,0.00030154394,0.99804616,0.0003291017,0.00049776374
edbbgat,joy,joy,0.0005874333,0.00024811417,0.00032412913,0.9976405,0.0003086877,0.0008912468
edbc6vs,anger,anger,0.9633283,0.0033296116,0.001087682,0.003292404,0.0084688645,0.020493217
edbcp5t,surprise,surprise,0.0041922824,0.0014637271,0.001678429,0.2777689,0.0051658177,0.70973086
edbcvkl,anger,joy,0.15156837,0.0032060673,0.000740577,0.82910407,0.01059638,0.0047845077
edbcwv1,joy,joy,0.0008567612,0.00033947758,0.0003507756,0.9973888,0.00032009254,0.00074421056
edbcwyw,surprise,surprise,0.023182288,0.002920685,0.0019641293,0.04942388,0.087106496,0.8354025
edbdz7v,joy,joy,0.0023917486,0.0018465949,0.0027009556,0.72705543,0.0018376091,0.2641677
edbe4la,fear,fear,0.005970969,0.0034197944,0.92647064,0.035638917,0.012851619,0.015648073
edbeb0s,joy,surprise,0.067357324,0.0024162175,0.0059963856,0.06153689,0.037163373,0.8255299
edbejsy,anger,anger,0.84008133,0.013694159,0.0013157923,0.015145033,0.116207965,0.013555684
edbfgx0,anger,anger,0.9775463,0.0073697777,0.0006552656,0.0024992542,0.0023187746,0.0096106725
edbger6,joy,joy,0.0011966482,0.0003272718,0.0005236611,0.98107415,0.00074939197,0.016128829
edbh6xs,joy,joy,0.00075970136,0.00034710736,0.00041212703,0.99722016,0.00025821506,0.0010026724
edbh99a,joy,joy,0.0010739808,0.000276134,0.00038430354,0.9958949,0.00035040156,0.0020202172
edbhffa,joy,joy,0.00047370404,0.00018717616,0.00037291276,0.9980045,0.00044413807,0.0005175745
edbhgih,surprise,surprise,0.4057213,0.01745077,0.0037478546,0.0035468144,0.00328446,0.56624883
edbhle6,anger,joy,0.09076186,0.0052420534,0.001983676,0.8214405,0.0036902954,0.07688156
edbi2sj,joy,joy,0.00060685916,0.00026657796,0.00034168773,0.9976913,0.00055466365,0.0005389613
edbk1sn,joy,joy,0.00066364615,0.00022113239,0.00060813705,0.99556667,0.00028201626,0.0026584025
edbk2fr,surprise,surprise,0.30825412,0.006086387,0.0016127351,0.01340481,0.035949238,0.6346926
edblci4,anger,joy,0.007407421,0.0004672359,0.00025420322,0.9899434,0.00071373524,0.0012140837
edblexb,joy,joy,0.00064406305,0.00026633358,0.00034473275,0.9976981,0.00055211183,0.0004945904
edbn3kf,joy,joy,0.0006149719,0.00023588765,0.0003553312,0.9976508,0.00031960098,0.00082342856
edbo3pj,joy,joy,0.00077156577,0.00014956479,0.00025114216,0.9975752,0.00032671972,0.0009257742
edboboe,anger,anger,0.86789787,0.0036102436,0.002631082,0.029663272,0.030352788,0.06584471
edboflk,surprise,joy,0.029207205,0.0013405561,0.0023123499,0.5210551,0.028212352,0.41787246
edbozwj,joy,joy,0.000772802,0.00019518263,0.00021830376,0.9971046,0.00083514367,0.0008740545
edbqjyw,surprise,surprise,0.007435676,0.0008230178,0.0012461282,0.008225542,0.0047155824,0.97755414
edbqtd0,joy,joy,0.0007867231,0.00019902614,0.00026202766,0.9978549,0.0003075518,0.0005897895
edbunbf,surprise,surprise,0.006700213,0.0011694632,0.0014173555,0.002622718,0.0026551778,0.9854351
edbvgm2,joy,joy,0.00066091446,0.0002319258,0.00034055256,0.9971373,0.00095557026,0.00067372527
edbwavr,joy,anger,0.982274,0.008117757,0.0008576215,0.003497342,0.0025806644,0.0026726294
edbwj89,joy,joy,0.0011046366,0.00019813619,0.00026341766,0.99609,0.00042968403,0.0019141092
edbxmi2,fear,fear,0.0019686536,0.0056119035,0.9768232,0.0018350489,0.005251998,0.008509227
edbyb5v,joy,joy,0.0026939802,0.0004115511,0.00042900842,0.9912373,0.0008427022,0.0043854318
edbyeqs,joy,joy,0.000623518,0.00019787592,0.00029537771,0.99792296,0.00027329568,0.00068694307
edbyhs3,joy,joy,0.00050880393,0.00022523705,0.00030701197,0.9970595,0.00029490778,0.0016044718
edbyvhn,joy,joy,0.0009953462,0.0006366319,0.00074804184,0.9766183,0.00079802657,0.020203738
edc0k4g,joy,joy,0.0006618056,0.00022597052,0.0004800784,0.9912375,0.00043798512,0.006956689
edc1lew,anger,anger,0.75533015,0.0040441644,0.008069046,0.030097036,0.17022392,0.032235667
edc2p93,joy,joy,0.00048129074,0.00015397815,0.00029878548,0.99771947,0.00040206805,0.00094445783
edc31f3,joy,joy,0.013070232,0.0011548494,0.000763933,0.9795517,0.003017765,0.0024415904
edc3l8g,joy,joy,0.37810576,0.005550464,0.0043322993,0.46782586,0.12923801,0.014947472
edc43fv,surprise,surprise,0.0020722232,0.0010434191,0.0012594605,0.0023342678,0.0009210997,0.99236953
edc4ord,surprise,surprise,0.002057631,0.0013748009,0.0024671294,0.0012270253,0.0018179626,0.99105537
edc4t6p,anger,anger,0.88917124,0.0069678063,0.00072449364,0.048287626,0.019000027,0.035848718
edc5jgs,sadness,joy,0.21453424,0.007911279,0.006542148,0.42030936,0.2905025,0.060200587
edc7cuz,joy,joy,0.00067599415,0.0002806844,0.00030077394,0.99769884,0.0002638094,0.000779834
edc7mxw,joy,joy,0.0018843978,0.00024089211,0.0004513756,0.9944272,0.0011044444,0.0018917336
edcaka1,joy,joy,0.020360254,0.0006795756,0.00044481354,0.95615435,0.0052883276,0.017072616
edcatuj,joy,sadness,0.46201554,0.01059101,0.009719195,0.011702647,0.4851004,0.020871285
edcb15c,joy,joy,0.0004776543,0.0002596497,0.00039933895,0.9976441,0.0002616819,0.00095762085
edcbdr7,joy,joy,0.0005560599,0.00019428332,0.00021069593,0.99763775,0.0005487753,0.00085236214
edcbftr,joy,joy,0.000480949,0.00019122046,0.00034161896,0.9979248,0.00034542423,0.0007160176
edccca7,joy,joy,0.000563835,0.00026597333,0.0003598904,0.9979158,0.00027330962,0.000621208
edcckl2,joy,joy,0.001445869,0.00028976868,0.00033408136,0.9930165,0.00063376344,0.0042800703
edccpr8,disgust,disgust,0.1410214,0.7756376,0.060893994,0.0041119223,0.011879354,0.0064556473
edccqou,anger,anger,0.98292476,0.007244049,0.0008741517,0.0031363443,0.0032829447,0.0025377427
edcf4w1,anger,anger,0.82151777,0.0034588042,0.0030409957,0.09665224,0.04446676,0.030863404
edcga60,joy,joy,0.0035477683,0.00047244827,0.0012038456,0.949826,0.0034531632,0.041496802
edcgo3h,joy,joy,0.0071633244,0.00038434492,0.00035073285,0.9774329,0.007861346,0.006807313
edch30g,surprise,surprise,0.007640091,0.0012252687,0.0027872135,0.049385425,0.015267559,0.9236945
edchgvs,anger,joy,0.27724674,0.006665037,0.0014913336,0.65947914,0.01180559,0.04331213
edci1iw,surprise,sadness,0.076506235,0.003489123,0.005075274,0.039579596,0.6073225,0.26802734
edcjfei,sadness,sadness,0.015191122,0.0023078888,0.006975484,0.013077942,0.95009905,0.012348474
edcjj76,joy,joy,0.0008547722,0.000291038,0.00041231012,0.9938305,0.0003584847,0.0042529297
edcjks9,sadness,sadness,0.0021808571,0.0015034747,0.002608385,0.012957629,0.97519094,0.0055586905
edcjp9b,joy,joy,0.14367785,0.0027580787,0.002497031,0.75149816,0.08319683,0.016372005
edck2h8,surprise,surprise,0.002730225,0.00082593603,0.0012912576,0.008665551,0.0012504256,0.98523664
edckbco,sadness,anger,0.9529828,0.0061736936,0.00084709696,0.007053354,0.025222696,0.007720349
edckc5y,sadness,sadness,0.102449134,0.012204922,0.0062225563,0.06427531,0.78397846,0.030869544
edckh6b,fear,joy,0.00874543,0.0009353642,0.008126019,0.94932836,0.02722188,0.005642927
edckxx5,joy,joy,0.0006603351,0.0002423458,0.0003285951,0.9979221,0.0002944117,0.0005522179
edclugj,joy,joy,0.012405607,0.0012547645,0.0035828357,0.94220495,0.0072672986,0.03328451
edcm44d,joy,fear,0.048743315,0.035105415,0.7030683,0.08503456,0.074204065,0.05384429
edcmflc,disgust,sadness,0.23207393,0.012025721,0.0033069784,0.013823869,0.7253576,0.01341189
edcmnk3,joy,joy,0.0008601057,0.00021541085,0.00023734907,0.9975399,0.0002793982,0.0008678723
edcnjr2,joy,joy,0.00095630885,0.000448542,0.000664971,0.9689525,0.00052478095,0.02845302
edcoull,joy,joy,0.00062812504,0.00021657402,0.00027323162,0.99790025,0.0003662041,0.00061561214
edcrpag,joy,joy,0.00054766715,0.00033917106,0.0006004261,0.9961845,0.0002774152,0.0020507877
edcsyti,joy,joy,0.00092183996,0.0004200382,0.00038615605,0.99043465,0.000676251,0.007161009
edctm6s,joy,joy,0.00046683665,0.00022204174,0.0003484247,0.9980375,0.0003775521,0.0005476093
edcttl6,joy,sadness,0.023451993,0.0047551664,0.0070570223,0.011833689,0.94763047,0.0052715666
edcvs72,anger,anger,0.9630569,0.006184106,0.0014545906,0.0023090814,0.0032563235,0.023739014
edcw904,anger,anger,0.5250972,0.0058648754,0.0076915054,0.34950274,0.027051453,0.08479234
edcwj8q,joy,joy,0.0009436363,0.00026133505,0.00028767425,0.9973266,0.00031700594,0.00086370576
edcx4cg,anger,anger,0.59284383,0.020235045,0.0020760493,0.009862175,0.30027154,0.07471128
edcxo64,joy,joy,0.0055344077,0.0021251952,0.00082321354,0.9781522,0.0015461936,0.011818813
edcxqvm,surprise,surprise,0.0046583037,0.0012469459,0.0011601667,0.039593127,0.0011997676,0.95214176
edcy1jd,anger,joy,0.31465894,0.003331599,0.004225639,0.64296484,0.007468352,0.0273506
edcye4p,sadness,sadness,0.030330883,0.007820812,0.0022372503,0.010522787,0.91959155,0.029496806
edd08eu,anger,anger,0.88579386,0.0024005082,0.0010990244,0.047303107,0.008005358,0.0553981
edd0asq,joy,joy,0.011953914,0.002683657,0.001236584,0.8494904,0.002251259,0.13238423
edd0e85,joy,joy,0.0018807116,0.00035977046,0.0005851132,0.9913084,0.00070636405,0.005159619
edd0ogf,surprise,sadness,0.0128906,0.010316498,0.08152964,0.0076121096,0.49675903,0.39089206
edd142e,joy,surprise,0.02377876,0.0011620799,0.0010791234,0.27441505,0.0047954614,0.6947695
edd1pob,joy,joy,0.0007054511,0.0001482425,0.00024251826,0.99629396,0.00064951554,0.0019601893
edd2mqr,anger,disgust,0.11690801,0.40375882,0.060956165,0.07832756,0.3161134,0.023936037
edd2r53,joy,joy,0.0005604272,0.00013331728,0.00024450748,0.9974022,0.0005852302,0.001074339
edd318e,anger,anger,0.96621567,0.008562768,0.0019940736,0.0022929015,0.015772834,0.0051618973
edd3l17,joy,joy,0.002234154,0.0012380532,0.0038527835,0.62774855,0.00506784,0.35985866
edd3rw2,anger,anger,0.9799722,0.008046307,0.000857484,0.0038747985,0.0050441474,0.0022051013
edd4n8u,joy,joy,0.00095870753,0.00026740078,0.0002789277,0.99754155,0.00033459513,0.00061890105
edd5jzy,surprise,surprise,0.003365648,0.0012484957,0.0026437736,0.0021151751,0.0018891019,0.98873794
edd6d7a,joy,sadness,0.010639841,0.0021635564,0.002282516,0.024714459,0.95290506,0.007294546
edd6h8l,anger,anger,0.8774533,0.018403022,0.0016214203,0.037532516,0.051003013,0.013986752
edd6o6j,joy,joy,0.00064100913,0.00029030215,0.00039884544,0.9977787,0.00036711773,0.0005239878
edd6rgt,surprise,surprise,0.002387208,0.00093649526,0.0008056312,0.010333807,0.0011777203,0.98435915
edd6xle,anger,anger,0.96207994,0.002707653,0.00061450945,0.01531101,0.011358516,0.007928282
edd8txs,joy,joy,0.00085169397,0.00019724379,0.00027158373,0.9977145,0.00028509542,0.0006799423
edd95vz,joy,joy,0.00089325197,0.00033531085,0.00035570524,0.9973385,0.00028926422,0.0007880313
edd9dlm,anger,anger,0.9372048,0.009517815,0.0016204066,0.02708889,0.007695522,0.016872518
edda08q,sadness,sadness,0.0018718098,0.0018055607,0.0037026436,0.0027455883,0.9869801,0.0028943075
eddaqx8,sadness,surprise,0.08274111,0.003975679,0.0022326543,0.0027523392,0.027862126,0.8804361
eddb18s,joy,joy,0.00046301933,0.00016651838,0.00032395712,0.9956676,0.001998236,0.001380694
eddbaz6,surprise,surprise,0.0012278756,0.0013305172,0.0021995953,0.017328022,0.0024893617,0.97542477
eddbp05,surprise,surprise,0.0058176173,0.0027915377,0.0018044022,0.48651564,0.0024264983,0.5006443
eddcyu6,joy,joy,0.00068466016,0.00021959924,0.00029881365,0.9976908,0.0002749552,0.000831131
edddmgg,joy,sadness,0.06327937,0.004742953,0.015520074,0.030776525,0.8384902,0.047190946
eddfzav,anger,anger,0.96402645,0.0038810787,0.0012232026,0.018431462,0.005257481,0.0071802493
eddge9f,anger,anger,0.9469916,0.003476406,0.0012100447,0.01666002,0.014880378,0.01678152
eddh9go,joy,joy,0.14079964,0.0014116614,0.0031964579,0.7710163,0.008290071,0.075285874
eddh9t6,joy,joy,0.3891527,0.005498036,0.002617733,0.41889685,0.025380846,0.15845387
eddiw9g,joy,joy,0.0012928225,0.00044974813,0.0008362634,0.9192546,0.0020884706,0.07607813
eddje9v,joy,surprise,0.0042384793,0.0037754648,0.005183541,0.04974631,0.029108629,0.90794754
eddk7uu,surprise,surprise,0.004741623,0.0008905176,0.0008576632,0.0032028123,0.0019532335,0.9883541
eddkjlj,sadness,sadness,0.005018052,0.0014488848,0.0014992298,0.012135959,0.9748556,0.0050423234
eddktov,joy,joy,0.00057043537,0.00019228927,0.00040416533,0.9968534,0.00035339527,0.001626399
eddldvz,anger,joy,0.25958496,0.005756321,0.0011555564,0.59867465,0.017884444,0.11694412
eddmeq8,anger,anger,0.98305273,0.0070162197,0.0011952185,0.0035885104,0.0026017353,0.0025456762
eddo2dd,surprise,surprise,0.08369838,0.0014360349,0.0011385502,0.075902246,0.010296244,0.82752854
eddomwt,surprise,surprise,0.012477189,0.0011760071,0.0014692261,0.002364866,0.0025595026,0.97995317
eddovr8,anger,anger,0.98478913,0.006355769,0.0013031407,0.0029496432,0.0026597597,0.0019426566
eddplp2,disgust,fear,0.03634504,0.28662005,0.63681054,0.0052884477,0.027022239,0.007913722
eddqe3l,joy,joy,0.00061022205,0.0002700177,0.00033180614,0.99780315,0.00047674394,0.0005079997
eddqrr7,joy,joy,0.0016363205,0.0001414559,0.0003788655,0.9910897,0.0010984698,0.0056552095
eddqse0,joy,joy,0.00059172284,0.00023604366,0.0003053662,0.998026,0.00034196425,0.0004990023
eddrd42,joy,joy,0.00080084463,0.00034688698,0.0005236806,0.9962806,0.00027369056,0.001774227
eddres1,surprise,surprise,0.0034546636,0.0011000911,0.0013264401,0.0015101291,0.0014897753,0.99111897
edds5zo,joy,joy,0.0006698293,0.0002261214,0.00030004827,0.99781203,0.00030907075,0.00068289624
eddwkww,joy,joy,0.0006363342,0.00032872029,0.0005542502,0.99081695,0.00038706462,0.0072767255
eddxwrf,sadness,joy,0.0046586078,0.0006688834,0.0012557183,0.9026293,0.009092516,0.081694975
eddy0y0,joy,joy,0.0016803337,0.00027554526,0.00032568295,0.99506795,0.00035140765,0.002298955
eddyedw,anger,anger,0.9694391,0.010937223,0.00074505794,0.008724789,0.0067413133,0.0034124595
ede1su9,sadness,sadness,0.0014171222,0.0017295937,0.0020506629,0.0051339553,0.98712814,0.0025404792
ede1vmi,surprise,anger,0.57868075,0.0023087624,0.0014165825,0.3516862,0.013695106,0.05221265
ede22xb,anger,anger,0.84909505,0.038285855,0.004756194,0.0037226044,0.087361306,0.01677897
ede3upa,joy,joy,0.0018912213,0.00026779567,0.00025575425,0.99588495,0.00041728863,0.0012830811
ede41cx,anger,anger,0.8227559,0.004765725,0.0018021062,0.013296149,0.041945647,0.11543451
ede55fa,joy,joy,0.00082293904,0.00046627826,0.0010309743,0.99445623,0.0009152522,0.0023083186
ede5m8c,joy,joy,0.0005606067,0.00022176452,0.0003843173,0.99632674,0.0015704134,0.0009361145
ede6ts6,sadness,anger,0.4015369,0.008906413,0.0056172577,0.10378985,0.22781074,0.2523388
ede7alp,joy,joy,0.004368359,0.0011737411,0.001683585,0.9462966,0.0023308103,0.044147
ede8u8i,surprise,surprise,0.004036088,0.00072186446,0.00092246855,0.011013021,0.0019583604,0.98134816
ede9gcp,joy,joy,0.0010453757,0.00037532375,0.00032147337,0.99711645,0.00056973606,0.00057168806
ede9itx,joy,joy,0.011157445,0.0045675244,0.012493788,0.49195257,0.0036562104,0.47617242
edea6k4,joy,anger,0.5490348,0.004000416,0.0013084956,0.31029078,0.037838817,0.097526714
edeaytu,joy,joy,0.0005111514,0.00020261758,0.0005107718,0.9960247,0.0019782707,0.00077245256
edeblme,anger,anger,0.9814191,0.005818837,0.0006818638,0.0030075128,0.005448827,0.0036239768
edecp1l,joy,joy,0.00048218525,0.00017531535,0.00035770194,0.99786276,0.00039838732,0.0007235914
ededips,sadness,sadness,0.0029906344,0.0025227726,0.0015397131,0.0023210903,0.98788923,0.0027365654
ededl9z,joy,joy,0.0037539236,0.0001925243,0.00051753776,0.99344516,0.0009932225,0.001097672
ededok1,joy,joy,0.0006653586,0.00016922985,0.0002334279,0.99745995,0.00055655546,0.0009155943
edee2ew,joy,joy,0.09669461,0.003369458,0.0040105456,0.5539585,0.28895465,0.053012256
edeelro,joy,joy,0.00071543205,0.00015887144,0.00026214513,0.99745625,0.00059406954,0.0008131797
edefxih,joy,joy,0.0007712965,0.0001892311,0.00032080288,0.9936959,0.0012521514,0.0037705419
edegim1,joy,joy,0.0005476218,0.00024015935,0.00036441904,0.99780864,0.0005300658,0.000509135
edeh53r,joy,joy,0.0076222974,0.00033300446,0.00034642688,0.9896197,0.00069725217,0.0013813587
edei6u2,anger,anger,0.8390277,0.017981535,0.002847486,0.0065223407,0.12563819,0.007982827
edej2s9,joy,joy,0.0017519561,0.00043349317,0.0007036041,0.96126306,0.00081732403,0.03503062
edemzl4,joy,joy,0.00065370876,0.00026716894,0.00038067938,0.9968515,0.0011962474,0.00065070484
edenaig,joy,joy,0.016392168,0.0009627846,0.0016449946,0.94751877,0.0041542267,0.029327074
edenjv6,anger,anger,0.9702876,0.009219489,0.00076363946,0.0043624565,0.0116149755,0.0037518279
edeoe5x,joy,joy,0.0011701928,0.00036642922,0.00029311053,0.99710435,0.00031896535,0.00074698107
edeoyk8,joy,joy,0.0005317939,0.00019115407,0.00024233421,0.99745566,0.00045951884,0.0011194948
edep5ck,sadness,sadness,0.0033400476,0.0016122496,0.005407467,0.0040989164,0.9807598,0.004781514
edep9au,joy,joy,0.0009336608,0.00020372782,0.00018763792,0.9971156,0.00046702655,0.0010923754
edepc9e,joy,joy,0.0008153328,0.0002330478,0.00024199374,0.9976324,0.00040711992,0.0006701048
edepdmb,joy,sadness,0.027212689,0.0029951178,0.004622671,0.01648727,0.9372361,0.011446082
edepzb6,joy,joy,0.0009930154,0.00024791836,0.000296664,0.9962734,0.00028146573,0.0019074961
edeq9vx,joy,joy,0.0008100477,0.00029743265,0.00039107038,0.99751914,0.00026441846,0.00071798597
edeqmkt,anger,anger,0.9822218,0.0022180085,0.0011184663,0.0045924406,0.0038000518,0.006049313
ederxeo,anger,surprise,0.4173409,0.0054945713,0.0043334416,0.010669243,0.04867871,0.5134831
edeshen,surprise,surprise,0.0011815731,0.0010781008,0.0014413593,0.0035654039,0.0010316793,0.9917019
edesoxj,anger,anger,0.66117567,0.0070441607,0.0018190448,0.14573832,0.008971131,0.17525172
edeva3y,surprise,sadness,0.28628626,0.010103489,0.001556524,0.018329337,0.6604593,0.023265054
edeyrtv,anger,anger,0.9380627,0.0058388514,0.0029552109,0.013045614,0.0280939,0.012003745
edezh5e,joy,joy,0.004001161,0.0024756915,0.27787262,0.6717778,0.025864922,0.018007835
edf0czg,surprise,surprise,0.08202985,0.008507953,0.002839383,0.15505439,0.12632501,0.62524337
edf2vqm,joy,joy,0.0030723235,0.00025811364,0.00090639375,0.99243474,0.000594083,0.002734402
edf316a,joy,joy,0.0005642214,0.00025534054,0.00040191785,0.99766773,0.0002729979,0.00083771226
edf3paa,anger,surprise,0.013651384,0.0010030075,0.0016124526,0.12119577,0.009288032,0.8532494
edf3yr9,joy,joy,0.0006174366,0.00023049883,0.0003511823,0.9979254,0.00029468854,0.0005808076
edf48c4,joy,joy,0.026225595,0.00084066443,0.0006829035,0.9553329,0.0014674071,0.01545057
edf4bmv,joy,joy,0.0015283842,0.00017798023,0.00045790325,0.9957904,0.001249036,0.0007962012
edf5kgz,joy,joy,0.01896686,0.0007582667,0.0015348796,0.9582219,0.0029370368,0.017581034
edf65ig,joy,joy,0.004902374,0.004058544,0.0058946926,0.7946752,0.0031597815,0.18730934
edf673x,joy,joy,0.0008066835,0.0002620963,0.00028736162,0.99771464,0.00039573925,0.0005334639
edf6jmm,joy,joy,0.0006709082,0.00027197992,0.00045914084,0.99758947,0.00025595803,0.00075247546
edf6ni8,sadness,anger,0.93061084,0.0072486927,0.0020538638,0.011240933,0.029405765,0.01943987
edf6roi,anger,anger,0.73868215,0.009380624,0.0017751362,0.0073465025,0.02071738,0.22209822
edf702j,fear,sadness,0.068684325,0.0075349933,0.013523195,0.035821676,0.84657234,0.027863503
edf74ta,joy,joy,0.0066254535,0.0008099233,0.00037520553,0.9845821,0.0035563852,0.0040508565
edf7r2n,joy,sadness,0.035096545,0.003074443,0.0052420576,0.16374058,0.760467,0.03237942
edf80ua,anger,anger,0.47454613,0.031127214,0.0025585308,0.22951984,0.056301057,0.2059473
edf8b72,joy,joy,0.0371422,0.001105563,0.00054097036,0.9017239,0.004811123,0.054676257
edf9249,surprise,surprise,0.017176485,0.0014696646,0.001256831,0.033806864,0.00566211,0.940628
edf93vl,joy,joy,0.010411395,0.000333971,0.00022450114,0.9793093,0.0024350784,0.0072857263
edf9gty,joy,joy,0.000857263,0.0001833048,0.0002051787,0.99737644,0.00054757437,0.0008302288
edf9nth,anger,surprise,0.087833054,0.0022395,0.0015312621,0.006099705,0.00684242,0.89545405
edfam25,anger,anger,0.7955382,0.0083082765,0.001843081,0.041215975,0.027199067,0.12589556
edfbah7,joy,joy,0.0006073437,0.00019819404,0.0003541549,0.99787486,0.0004311933,0.0005341669
edfcwf8,anger,anger,0.98418957,0.0039737686,0.0005956755,0.0052203555,0.002662932,0.0033576994
edfd1vj,joy,joy,0.0011821602,0.0006615889,0.0008377685,0.9634783,0.00060213835,0.033238035
edfdx5a,joy,joy,0.0010227377,0.00018099757,0.00028246854,0.9974848,0.00046389163,0.0005650044
edfe140,joy,joy,0.0011069515,0.0002890831,0.00032442808,0.9973111,0.00025116047,0.0007173487
edfejkl,joy,joy,0.00094616966,0.00046548902,0.00060967496,0.98614687,0.00039044768,0.011441396
edfeo76,joy,joy,0.0012235201,0.00047895094,0.0007426452,0.96614075,0.0005830487,0.030831004
edfev3b,joy,joy,0.0060800915,0.00050349976,0.000591926,0.9759923,0.0011173441,0.015714828
edff0vj,anger,sadness,0.19952342,0.025100147,0.008432626,0.1437252,0.43584013,0.18737844
edff3kj,sadness,anger,0.9102159,0.0049359044,0.0011985066,0.008256669,0.04944986,0.025943104
edffo3n,joy,joy,0.0003081663,0.00022507063,0.00090697414,0.9941257,0.0007871253,0.0036469966
edfgs9s,joy,joy,0.008166185,0.00033814227,0.00053784135,0.9652774,0.0038696227,0.021810776
edfhekv,joy,joy,0.0007082705,0.0003021509,0.00035525762,0.99771154,0.00026619114,0.0006566349
edfhken,joy,joy,0.042038243,0.0027317496,0.00084130885,0.94823205,0.0029186287,0.0032379746
edfi3jv,anger,anger,0.94815266,0.009862664,0.003125787,0.005238691,0.022432886,0.011187316
edfi86s,anger,joy,0.28415227,0.0026054601,0.0026835839,0.69330144,0.008135444,0.009121775
edfi8eu,joy,joy,0.00052510935,0.00019302372,0.00030791026,0.99772877,0.00066294573,0.0005821759
edfjbsv,joy,joy,0.0011815192,0.00019213931,0.0002980243,0.9973363,0.00044028673,0.0005516945
edfkdwl,anger,anger,0.9699093,0.0027136316,0.0015766206,0.00657385,0.007575863,0.0116506275
edfle0y,joy,joy,0.0005390226,0.00025371663,0.00043438177,0.9960885,0.0018307928,0.000853616
edfmk6s,anger,joy,0.014655704,0.0005424426,0.00029010352,0.9786482,0.003653824,0.0022098082
edfmtny,joy,joy,0.000522313,0.00018225682,0.00041773287,0.99734783,0.00031141195,0.0012184356
edfn8rc,joy,joy,0.00091787864,0.00026190619,0.00029950528,0.99641305,0.0003244703,0.0017832129
edfpq5y,disgust,sadness,0.06987174,0.10773923,0.008733543,0.013258036,0.7912788,0.009118769
edfq6q1,joy,joy,0.0018377524,0.00019988042,0.00022757871,0.99608,0.00075365126,0.0009012294
edfqcdj,joy,joy,0.0022274947,0.00034944646,0.00023978425,0.99429107,0.00042810864,0.0024640395
edfr4au,joy,joy,0.0007317856,0.00023126943,0.00032960795,0.9977977,0.00029515594,0.00061449024
edfr91t,anger,anger,0.6065778,0.0075148134,0.00801738,0.058050197,0.24570006,0.07413969
edfrf9x,joy,joy,0.19629872,0.0019797082,0.0015968011,0.68292904,0.0028867659,0.11430899
edfrt0v,joy,joy,0.0008479645,0.0001797403,0.0002522429,0.9977519,0.0003469026,0.00062126684
edfs5k1,sadness,sadness,0.0037202109,0.0026023916,0.0023372315,0.0020034479,0.9851399,0.0041968506
edft99z,anger,surprise,0.021556655,0.0035169453,0.015617254,0.008172048,0.1845507,0.7665864
edftikh,joy,joy,0.00072758604,0.00018066981,0.0002788795,0.9979134,0.00035373497,0.00054570305
edfukh4,joy,joy,0.0005720632,0.00022126283,0.00030869487,0.9975781,0.00031491366,0.0010050981
edfun1b,joy,joy,0.0005230603,0.00021296223,0.00031689394,0.99792176,0.00035971391,0.0006655898
edfuqsg,surprise,surprise,0.009744007,0.0012674474,0.005897543,0.011575638,0.025328014,0.9461873
edfvsoe,anger,joy,0.33715189,0.0044367425,0.0048658988,0.5411813,0.020382976,0.09198113
edfw8cx,joy,joy,0.00087264227,0.00019603372,0.0004155981,0.99741036,0.00041132307,0.00069410814
edfwc30,anger,anger,0.9631993,0.0052666944,0.00093849894,0.019588158,0.0042465325,0.0067607374
edfxikv,anger,anger,0.9698527,0.0047525438,0.0008820992,0.013611656,0.006276616,0.004624261
edfxp6s,anger,surprise,0.33006638,0.0032530227,0.0045389873,0.14844665,0.16527632,0.3484186
edfzcco,sadness,anger,0.57479066,0.018506559,0.0019589735,0.022669252,0.19650553,0.18556903
edg2323,anger,anger,0.6793797,0.003590145,0.003522505,0.27019948,0.010897014,0.03241121
edg24r6,joy,joy,0.0018246105,0.00021592884,0.00029156555,0.99259806,0.0006220646,0.0044477647
edg2krv,joy,surprise,0.019000353,0.0011576123,0.0017963517,0.047445096,0.010073536,0.9205271
edg3f11,anger,anger,0.46568316,0.0051057176,0.001251001,0.4495834,0.012387138,0.06598954
edg5lkg,joy,joy,0.0017122882,0.00036426066,0.00036329587,0.9896011,0.0003036024,0.0076554576
edg5m8h,joy,joy,0.0014364334,0.0002752988,0.00036641298,0.9949738,0.00069989293,0.0022481068
edg5nfy,joy,joy,0.0009645156,0.00026682887,0.00026506442,0.9973521,0.00036429625,0.0007872072
edg64zs,fear,anger,0.52453387,0.28680837,0.1338224,0.009811608,0.033355806,0.011667914
edg7nk9,surprise,surprise,0.014923441,0.007376666,0.0027092309,0.020226285,0.0023182884,0.952446
edg7om9,joy,joy,0.20432965,0.0023437585,0.0020763362,0.72618204,0.058249313,0.0068189083
edg7u9q,joy,joy,0.03155092,0.0016318634,0.014316299,0.91093975,0.022378707,0.019182505
edga3rn,joy,joy,0.0006419171,0.00015823879,0.00026410146,0.9960961,0.00049542804,0.0023442863
edgasry,sadness,sadness,0.008253889,0.0024752682,0.002053897,0.016287582,0.96194524,0.008984119
edgaypf,joy,joy,0.00054499385,0.00023410347,0.0003899688,0.9978314,0.00037753445,0.00062202004
edgbsvr,joy,joy,0.0013139121,0.0006270374,0.00062704185,0.97922677,0.0017524676,0.016452683
edgc5hm,joy,joy,0.002643351,0.00039257205,0.00021679899,0.993619,0.0007350895,0.002393051
edgcrmk,joy,joy,0.000894594,0.00029060472,0.00031815004,0.99744606,0.00028374407,0.0007668396
edgd1ae,disgust,anger,0.6001507,0.114868015,0.011354892,0.19998986,0.05741158,0.016225014
edge9aj,joy,joy,0.0008331098,0.00026579935,0.0005882547,0.9950742,0.00030532517,0.0029333658
edgfoid,joy,joy,0.018153299,0.00062426325,0.0005772047,0.9637636,0.0024170035,0.014464665
edgfpx8,joy,joy,0.091702834,0.03809484,0.0021034959,0.8196601,0.017106513,0.03133226
edgg30k,anger,anger,0.926989,0.0035786012,0.0014892194,0.0062724585,0.0054359497,0.056234803
edgg9sf,surprise,surprise,0.0051319688,0.001275724,0.0025554101,0.007071689,0.005253261,0.97871196
edggb16,joy,sadness,0.024443017,0.002487295,0.0053890888,0.30711308,0.3783406,0.28222692
edggcz5,joy,joy,0.0007526149,0.00035856725,0.000363777,0.9957117,0.00040993196,0.0024033969
edggipn,joy,joy,0.00063741393,0.00025905974,0.0002937828,0.9975793,0.0005207477,0.0007097889
edghetb,joy,joy,0.0013299325,0.0002835281,0.00040653243,0.97933125,0.007120099,0.011528672
edgi74i,sadness,sadness,0.019114632,0.0020053755,0.0068412353,0.019911038,0.76109546,0.19103228
edgids5,surprise,surprise,0.02429717,0.0031963738,0.0043680146,0.321552,0.17682804,0.46975833
edgio11,joy,joy,0.0008887359,0.00025550683,0.00036299104,0.996799,0.00043821026,0.0012555132
edgjaiz,anger,joy,0.015795385,0.0005040614,0.00029528313,0.9762902,0.0013043485,0.005810615
edgjhub,joy,joy,0.0005832026,0.00021423354,0.00034988965,0.99766207,0.00031367794,0.0008769543
edgjhy8,joy,joy,0.0013248726,0.0002679164,0.00045753617,0.9922829,0.0015851624,0.0040815957
edgjonk,sadness,surprise,0.3272458,0.007882863,0.005140767,0.026734272,0.2749658,0.35803047
edgjvyh,joy,joy,0.00074778846,0.00020878353,0.00029977877,0.99768436,0.0002973276,0.00076200615
edgkcyf,joy,joy,0.0008136167,0.0002886742,0.00036070618,0.99742126,0.00026491875,0.0008508612
edglicm,joy,joy,0.00083230255,0.00046872284,0.0012103413,0.9919566,0.00034122012,0.00519083
edglqtg,joy,joy,0.0007064539,0.00017690807,0.00033548273,0.99772793,0.0004242596,0.0006289654
edgn07c,joy,anger,0.8111513,0.11127943,0.0033935443,0.013296493,0.05511619,0.005763045
edgn2rr,joy,joy,0.0004224464,0.00018788784,0.0003275007,0.9975319,0.00034665206,0.0011835352
edgo17t,joy,joy,0.0007013826,0.00031613355,0.0005954476,0.9935183,0.0005967651,0.004271975
edgpw6i,surprise,surprise,0.0022089428,0.00093799294,0.0014214108,0.0021494215,0.0014930946,0.9917891
edgq0jm,joy,joy,0.0013791553,0.00023568803,0.0003225224,0.992963,0.0004372215,0.0046623885
edgq70j,surprise,joy,0.0009672127,0.00018609202,0.0002795339,0.9968562,0.0007138322,0.0009971025
edgw07w,sadness,sadness,0.0024177905,0.0012380119,0.0021140021,0.0063297134,0.98023623,0.007664237
edgw4p9,surprise,surprise,0.0081884,0.0012342398,0.0025250774,0.14265245,0.0064520002,0.8389478
edgwcyb,fear,fear,0.0133656645,0.006611631,0.70831454,0.018779088,0.19812782,0.05480129
edgxppc,joy,joy,0.0010406849,0.000535598,0.0013660832,0.9696019,0.025973473,0.0014822979
edgxxic,anger,anger,0.9820467,0.005610917,0.0009135938,0.0049975193,0.0026542863,0.0037769561
edgy9hp,anger,anger,0.61657536,0.004452654,0.0038281332,0.19254147,0.14301471,0.039587714
edgyr8b,joy,joy,0.0009040138,0.00023782706,0.0005875802,0.9892235,0.0006798557,0.008367207
edh1dqx,joy,joy,0.0005327454,0.00019836628,0.00030900107,0.9973285,0.0010306375,0.0006006804
edh1jlt,anger,surprise,0.029699728,0.009238702,0.1872442,0.03801643,0.016750624,0.7190502
edh1tcy,sadness,sadness,0.053949855,0.004660927,0.0054546585,0.011461163,0.7346328,0.18984063
edh1tk7,joy,joy,0.00069106923,0.0003090056,0.00033997276,0.99773204,0.00030657806,0.00062133203
edh2ahx,joy,surprise,0.0054772836,0.0021014914,0.0018237513,0.09962792,0.0025080647,0.8884615
edh2epm,anger,anger,0.8030728,0.0032898686,0.005390776,0.033404723,0.03907452,0.11576737
edh3cjc,joy,surprise,0.005758261,0.0007937815,0.0014305232,0.020784382,0.0038208833,0.9674122
edh3n02,joy,joy,0.003344532,0.0005638539,0.00050252595,0.98218244,0.01238265,0.00102401
edh3o5p,surprise,surprise,0.0071485247,0.0020503723,0.003109448,0.0032044125,0.019097574,0.96538967
edh4070,joy,anger,0.5344661,0.0886715,0.0049942303,0.04143732,0.3114804,0.01895041
edh488n,joy,joy,0.0006734123,0.00024428157,0.00031002425,0.9977169,0.00040816423,0.0006472707
edh4943,anger,anger,0.9731102,0.002497344,0.0017042656,0.005983742,0.005553868,0.011150594
edh4gcq,surprise,surprise,0.031637255,0.0016029057,0.0012999743,0.004632172,0.005151395,0.95567626
edh54jm,joy,joy,0.000564261,0.0002080027,0.00027702778,0.99799085,0.0003847322,0.0005751772
edh5c6b,joy,anger,0.9418601,0.0075895316,0.0007582141,0.0054695797,0.01217655,0.032146007
edh5fvg,joy,joy,0.0003989357,0.00018728792,0.0003162629,0.9979492,0.00038875485,0.00075950596
edh5ho0,joy,joy,0.007038693,0.00050122186,0.0010069753,0.93471456,0.04396166,0.012776922
edh5uhe,surprise,surprise,0.0037797482,0.0018405077,0.0035524454,0.0043913135,0.003118599,0.9833174
edh5xcp,joy,joy,0.0010044023,0.00014309163,0.00035645152,0.9960544,0.00097356783,0.0014681298
edh7zhb,joy,joy,0.0007020688,0.00022900218,0.0002857656,0.9974015,0.0004929691,0.00088881137
edh84wb,anger,anger,0.8689577,0.0043087364,0.0012686201,0.05274844,0.015976397,0.056740146
edh888r,disgust,anger,0.9163995,0.0078498395,0.0065966723,0.038358033,0.024352295,0.0064436486
edh8i0n,joy,joy,0.09076687,0.002600865,0.0043502734,0.62711304,0.1491735,0.12599546
edh9dyj,joy,joy,0.033848424,0.0019120378,0.0010027558,0.94755983,0.005767339,0.009909528
edhb8q9,joy,joy,0.006372668,0.00052569696,0.0011203008,0.98372114,0.0033516441,0.0049084956
edhd09y,joy,joy,0.0019288443,0.00021584578,0.00021409214,0.99639136,0.00048142904,0.00076835725
edhdi2t,joy,surprise,0.19664131,0.00795565,0.0069993944,0.18518522,0.28351772,0.3197007
edhebz2,joy,sadness,0.048738986,0.003159836,0.058074318,0.20428875,0.44897395,0.23676418
edhecot,anger,joy,0.00059356884,0.00020602945,0.0003244632,0.99779105,0.00048329137,0.00060157623
edhevjw,anger,anger,0.943365,0.0041002044,0.0009973245,0.025503486,0.014405464,0.011628551
edhf6yu,joy,joy,0.0063232193,0.0005511811,0.0003422764,0.9900967,0.0012683017,0.001418421
edhg2vn,joy,joy,0.0012311263,0.00024265834,0.0002985859,0.9969066,0.00034695418,0.0009741792
edhgdhn,fear,fear,0.022332024,0.11514765,0.53913856,0.002139895,0.026945798,0.2942961
edhgeap,sadness,sadness,0.25474447,0.008685454,0.03691178,0.024926158,0.53922427,0.13550793
edhgkjp,sadness,sadness,0.00800372,0.002240307,0.0015353365,0.0058624637,0.97805995,0.004298265
edhh5yt,joy,joy,0.0004292965,0.00015620758,0.00060797366,0.99676883,0.0010814313,0.0009562361
edhhkje,joy,joy,0.00059952197,0.00017369736,0.00023705504,0.9976827,0.00039392844,0.00091316504
edhhwqz,joy,joy,0.0011177723,0.0002537014,0.0012845766,0.9875503,0.007000323,0.0027932094
edhi0is,joy,joy,0.00063406647,0.00019981932,0.00029629326,0.9976138,0.00029520737,0.0009608868
edhihxg,joy,joy,0.0006957757,0.00015066045,0.00026398068,0.9970897,0.0010153083,0.0007847123
edhiq2o,anger,anger,0.5906407,0.06541916,0.004172313,0.013615139,0.31286922,0.01328343
edhjh37,surprise,joy,0.005373328,0.0013164141,0.0013740857,0.9270017,0.0032229407,0.061711505
edhjid0,fear,fear,0.1899911,0.013883653,0.6915616,0.046854343,0.017613279,0.040096052
edhjtlr,anger,anger,0.9819426,0.008105088,0.0009985784,0.0037756427,0.0031943952,0.0019837043
edhjuho,sadness,fear,0.00854772,0.01152527,0.55653363,0.37265655,0.022944743,0.027792085
edhky5e,anger,sadness,0.005986944,0.0039460296,0.03257287,0.009686906,0.8570378,0.090769455
edhl00b,joy,joy,0.0024053997,0.00021362201,0.00026994772,0.992963,0.002185724,0.0019623025
edhl6hb,surprise,joy,0.0015520569,0.0018121208,0.0036361732,0.733138,0.0015383236,0.25832325
edhmbq6,joy,joy,0.014968136,0.0010220396,0.0051213726,0.51534176,0.0060732206,0.45747343
edhn88y,joy,joy,0.016174557,0.0011061338,0.008914279,0.89045453,0.051477764,0.03187266
edhnt15,surprise,surprise,0.0057657557,0.0025746785,0.004254638,0.0033178206,0.027285475,0.9568017
edhovet,joy,joy,0.0007157984,0.00023422854,0.00038514077,0.9972873,0.00031934775,0.0010581594
edhqmcg,joy,joy,0.0006560702,0.00013959144,0.00022402863,0.9972965,0.00054100296,0.0011428745
edhqumw,joy,joy,0.00060406094,0.00028732445,0.00039110798,0.9978235,0.00034441717,0.00054965663
edhrhcb,surprise,surprise,0.0034391622,0.00088638085,0.0007493811,0.0029054638,0.0015049288,0.99051464
edhrir1,joy,joy,0.0013667888,0.0002745415,0.00039543948,0.99469155,0.00038155625,0.0028901906
edhtdqn,anger,anger,0.5461058,0.16298796,0.005820624,0.073259905,0.058165304,0.15366043
edhtwzd,joy,joy,0.0069347597,0.0005795593,0.00028440595,0.9903128,0.0008978342,0.0009906471
edhuw7p,surprise,surprise,0.0039497153,0.0015245295,0.0024464014,0.0016762582,0.0047334475,0.98566955
edhuw8j,joy,joy,0.0005327891,0.00022336018,0.00032181665,0.9978404,0.00035984846,0.00072174345
edhxjx5,sadness,sadness,0.008350032,0.0047980435,0.01629556,0.0039973403,0.9616916,0.004867461
edhyt2k,joy,joy,0.0007458548,0.00021762736,0.00029243936,0.9978818,0.0003242561,0.00053803716
edhztgc,anger,joy,0.0069579175,0.00058520224,0.0006822331,0.98043376,0.001207769,0.010133143
edi00wi,joy,joy,0.011387868,0.00090305693,0.00040751664,0.95789987,0.0032520872,0.026149565
edi09hy,joy,joy,0.0005993922,0.00027065616,0.00032307598,0.9979169,0.0003320646,0.00055788143
edi0iyi,anger,anger,0.98205835,0.00986257,0.0010468792,0.0024239982,0.002088876,0.002519282
edi1ohm,sadness,sadness,0.038797937,0.0025605976,0.0025001224,0.0152622955,0.9219827,0.018896349
edi3aqz,joy,surprise,0.2813442,0.006076675,0.009565432,0.022313353,0.07710816,0.60359216
edi3w9p,fear,fear,0.01827151,0.01508948,0.9470478,0.0044833906,0.008768748,0.0063389763
edi490t,joy,joy,0.00062763935,0.00024966625,0.00042062154,0.9975063,0.00038587267,0.00080998905
edi69b8,surprise,surprise,0.0023903637,0.0008371455,0.0011294574,0.0024377452,0.0010593284,0.99214596
edi7fkr,sadness,sadness,0.0036049148,0.002358585,0.0020839237,0.012040427,0.97636205,0.0035502089
edi7fz7,anger,surprise,0.015508291,0.0015372599,0.0010463237,0.025696944,0.0013427793,0.95486844
edi7mux,joy,anger,0.72669774,0.00530535,0.0011704048,0.117871866,0.021291742,0.12766287
edi7v8h,joy,joy,0.0006802313,0.00018033262,0.00027184628,0.9966439,0.000461629,0.0017620991
edi7x05,joy,joy,0.001938393,0.00023525392,0.0002554807,0.9940041,0.0023868543,0.0011799779
edi8nss,joy,joy,0.0005751307,0.00021031639,0.00029011982,0.99784935,0.00048313642,0.000591996
edi97hu,anger,surprise,0.08537631,0.00453738,0.273184,0.18633589,0.0137589425,0.4368075
edibner,surprise,anger,0.91571164,0.008499528,0.0013678196,0.0023736218,0.004620538,0.06742682
edibnvj,anger,anger,0.9246433,0.0028224816,0.0076075466,0.042802088,0.007094991,0.015029495
edicmd0,joy,joy,0.0004631837,0.00022194271,0.00033879586,0.99779224,0.0006036839,0.00058007427
edict64,joy,joy,0.0008714392,0.00022970204,0.00025452388,0.9972319,0.0008344461,0.00057801086
edidssz,joy,joy,0.0006202906,0.00046927846,0.0005160973,0.9941151,0.00029235557,0.0039868895
edieewl,joy,joy,0.00037816365,0.0001612619,0.0005992109,0.99693406,0.00060883467,0.0013184238
edieomi,joy,joy,0.00048561252,0.00018303723,0.0003082549,0.9979419,0.0005376748,0.00054344547
edieuq5,anger,anger,0.60079944,0.03972236,0.0061473846,0.016613754,0.29892337,0.037793707
edig746,joy,joy,0.0007576322,0.00031488447,0.00038911717,0.9976864,0.00026539384,0.0005866211
edigfv6,joy,joy,0.0017358639,0.00032289806,0.0004104438,0.990122,0.0006374368,0.006771278
edigzia,joy,joy,0.0016658206,0.0002494921,0.00031230593,0.99631435,0.00039463962,0.0010633328
edih0nu,sadness,surprise,0.004460058,0.0014476719,0.0024570096,0.0056982455,0.0090835225,0.9768535
edihyzp,surprise,surprise,0.013058585,0.0013054837,0.0016317612,0.2187624,0.0033961488,0.7618455
ediik76,sadness,sadness,0.057037085,0.006423379,0.0064803,0.07140693,0.8280222,0.030630145
ediiwnp,anger,anger,0.46860874,0.04610733,0.006475826,0.0638063,0.3038821,0.11111964
edij9so,anger,joy,0.02070296,0.000500618,0.0009397166,0.9486757,0.0062720166,0.022908928
edijkq3,surprise,surprise,0.02276991,0.0017305244,0.00076529244,0.0029441507,0.003842391,0.9679478
edijlx6,joy,joy,0.00041776284,0.00020900885,0.0003395795,0.9977272,0.0006518394,0.0006546547
edik18f,joy,joy,0.00065906526,0.00015075007,0.0002481266,0.9976362,0.00037762767,0.0009283242
edikcrw,surprise,joy,0.0008549427,0.00032977737,0.00046372274,0.9899127,0.00047286117,0.007965964
edil2mg,joy,joy,0.00361363,0.00018281124,0.00041531152,0.99068636,0.0023834985,0.0027184326
edil7xg,joy,joy,0.00047581305,0.00022521958,0.00028654342,0.99778134,0.0003930676,0.000838015
edimo8m,sadness,sadness,0.0019149095,0.0017254554,0.004072933,0.0028056628,0.98671365,0.0027674292
edinen3,joy,joy,0.0007848984,0.0002004599,0.00028261475,0.9977309,0.0004421762,0.0005589223
edinvf9,sadness,sadness,0.0043551656,0.0019795056,0.0025973092,0.007204434,0.9727073,0.011156377
edio3x8,joy,joy,0.0011538074,0.00017079468,0.0003075037,0.99259686,0.0013013483,0.004469609
edio7w9,joy,joy,0.0005486323,0.00014447798,0.00042495553,0.9955343,0.0011010845,0.0022465412
ediowgz,joy,joy,0.0011215062,0.00030247893,0.00069214654,0.98976785,0.0004594057,0.0076566376
edip9vz,joy,joy,0.0005875855,0.0001764096,0.00026966984,0.9979832,0.00038125808,0.0006018996
edipf69,surprise,joy,0.0069386596,0.0005607832,0.0010711938,0.9388687,0.0029231953,0.049637385
ediqg42,joy,joy,0.0005769397,0.00022113818,0.00031516337,0.9979227,0.00029953313,0.000664524
ediqm9a,surprise,surprise,0.0014666232,0.0015922261,0.0033997418,0.011471323,0.0017493988,0.9803207
ediqrme,joy,joy,0.00093313,0.00023493731,0.00047893674,0.99682343,0.00058975094,0.0009398165
edir3lp,joy,joy,0.012153628,0.001636334,0.14377871,0.7308636,0.038354162,0.07321365
edir5s2,anger,anger,0.4976053,0.0071347356,0.008300776,0.11935632,0.04078498,0.32681793
edir95s,joy,joy,0.00072182954,0.00022157069,0.00033314462,0.99746764,0.0007509896,0.0005048743
editlgc,joy,joy,0.00047016097,0.000266265,0.00044583133,0.99788374,0.00033264406,0.0006012739
editpz7,surprise,surprise,0.016528398,0.0012088978,0.0013028173,0.09360509,0.006450607,0.88090426
editybe,joy,joy,0.00065923115,0.00022570649,0.00024853085,0.9977047,0.000630719,0.0005311597
ediv55r,joy,joy,0.42320892,0.004525758,0.0022618335,0.43315962,0.06007743,0.07676645
edivvjm,anger,anger,0.9686034,0.01301643,0.0016036974,0.0013112915,0.005219963,0.010245198
edixbsb,joy,joy,0.0017084983,0.00017785803,0.00028666106,0.9950507,0.0010123947,0.0017638013
edixi8z,anger,anger,0.7137454,0.008070144,0.0031322974,0.058545314,0.11647391,0.100032896
ediya6s,joy,anger,0.50210655,0.025058445,0.0027741415,0.42801008,0.02968933,0.012361424
ediz7vh,joy,anger,0.8457068,0.030572815,0.0037822924,0.012142691,0.09622905,0.011566256
edj0qlw,surprise,surprise,0.0043747462,0.0009999507,0.0008659396,0.00208447,0.0009939827,0.990681
edj2o0u,sadness,sadness,0.0141858095,0.002875085,0.03723372,0.016938567,0.69175327,0.23701358
edj2vvu,sadness,sadness,0.002612551,0.0020755834,0.0029101188,0.0061765495,0.9827808,0.0034443156
edj2w4y,joy,joy,0.056376357,0.0012954517,0.0016053627,0.9330237,0.0015233575,0.006175738
edj3789,joy,joy,0.01491722,0.0011910762,0.00032678372,0.9804654,0.0007939687,0.0023055214
edj3pdi,joy,joy,0.0005868988,0.00016853501,0.00022723118,0.9977889,0.00046066195,0.00076783105
edj50vp,joy,joy,0.0006265784,0.00022058557,0.00035094493,0.9978155,0.00034395096,0.0006423338
edj5kvj,joy,joy,0.0018699118,0.00045100538,0.0004950675,0.99552745,0.00068061665,0.0009759779
edj5nu2,joy,joy,0.009217342,0.0017062097,0.0011164052,0.87643534,0.004650404,0.106874235
edj5ywq,surprise,surprise,0.006387646,0.00095181767,0.0009863887,0.024143526,0.0021635687,0.96536714
edj7dbp,joy,joy,0.0005664502,0.00019731582,0.00028469053,0.9978599,0.00037405008,0.00071758707
edj7ndy,joy,joy,0.10928352,0.07832509,0.0071652303,0.7785287,0.00842364,0.018273743
edj7vcj,anger,anger,0.8769411,0.0057924907,0.0022480977,0.037139244,0.016751984,0.061127074
edj892x,joy,joy,0.015939891,0.0027945822,0.002404624,0.7766402,0.0024153977,0.19980532
edj8h32,surprise,surprise,0.0041557546,0.0012898388,0.0013525345,0.0012138276,0.0010091398,0.99097896
edj8r3j,joy,joy,0.0006417646,0.0002519537,0.00033169836,0.9979272,0.00036075767,0.00048659116
edjaev4,surprise,anger,0.5890687,0.008098228,0.0069891955,0.18987924,0.07938691,0.12657773
edjaucb,sadness,sadness,0.0031906941,0.0017236363,0.0015326166,0.0056363936,0.98483247,0.003084058
edjcj7k,joy,anger,0.60352653,0.07870604,0.0056391982,0.2139602,0.06798914,0.030178893
edjdltb,joy,joy,0.0004204944,0.00017712088,0.00033230698,0.9977723,0.0005463536,0.0007514558
edjdxzo,joy,joy,0.0008309693,0.00033450412,0.00035240292,0.9975375,0.0002568869,0.0006877289
edje1cj,joy,joy,0.0007814296,0.00021535011,0.00023447191,0.99762386,0.00029851162,0.00084643415
edje3s2,joy,joy,0.00078687025,0.00017760819,0.00022150544,0.9974831,0.00036764386,0.000963362
edje8y3,surprise,surprise,0.006192365,0.00091985095,0.00091470324,0.029234761,0.001275284,0.9614629
edjefy9,joy,joy,0.0027182023,0.000484578,0.0002583558,0.9949976,0.0006043541,0.0009368328
edjex4p,joy,joy,0.0014069128,0.00034013114,0.00075943116,0.9808009,0.0014861334,0.0152064795
edjft6v,surprise,surprise,0.0022404855,0.001410832,0.0014135566,0.011577724,0.00081385457,0.98254365
edjfyek,joy,joy,0.0016383772,0.00040803885,0.00061739015,0.99534225,0.0003567804,0.0016372517
edjg0qf,surprise,anger,0.6622674,0.0034848452,0.0024196368,0.029477606,0.012689954,0.2896606
edjgtw0,joy,joy,0.00057613984,0.00019273015,0.00026280107,0.9975908,0.00032579945,0.001051848
edjh2ja,joy,fear,0.07729853,0.00815592,0.50771946,0.17875807,0.18301508,0.045052942
edji3tk,joy,joy,0.00062103785,0.00023841941,0.00033267532,0.99724686,0.0002278666,0.0013331369
edjichb,joy,joy,0.033930797,0.0017367764,0.001078295,0.91354054,0.0035183597,0.04619524
edjij1v,joy,joy,0.00047709653,0.0002364738,0.0004297775,0.9977996,0.00026692083,0.0007901107
edjijts,sadness,sadness,0.21709532,0.0063411007,0.009970028,0.012438774,0.71212155,0.042033248
edjj4p3,joy,joy,0.00058342837,0.00023588489,0.00032964646,0.9980246,0.00033994936,0.00048656788
edjkk75,joy,joy,0.002603014,0.0003090377,0.00024869677,0.9930058,0.0028274385,0.0010060441
edjktw8,disgust,anger,0.8296843,0.058509123,0.0032573713,0.010478633,0.08924971,0.008820857
edjnofw,joy,joy,0.0009434628,0.000401301,0.0008258447,0.98658216,0.0004802097,0.010767024
edjo3xa,joy,joy,0.0447641,0.0054280083,0.010442643,0.45844838,0.39773634,0.08318056
edjo4yr,sadness,joy,0.0184002,0.0020183388,0.0072775465,0.75328964,0.09249756,0.12651668
edjo50v,anger,anger,0.74175096,0.005968512,0.0015951954,0.018065484,0.010752167,0.22186773
edjo7m5,joy,joy,0.00052924483,0.00023372541,0.00034334842,0.9979068,0.0002721861,0.0007147964
edjpnmp,joy,joy,0.0007257992,0.00020943352,0.00022358492,0.9975069,0.00054059667,0.0007936797
edjqonz,anger,anger,0.79590756,0.00562587,0.0012396441,0.1775602,0.0066310987,0.013035608
edjrfgf,joy,joy,0.0009829741,0.00045822505,0.0008429343,0.9956928,0.00048046518,0.0015426098
edjroaq,sadness,joy,0.004623568,0.0012734332,0.0047011757,0.9668761,0.006676224,0.01584959
edjs1h7,joy,joy,0.0004137279,0.00017492464,0.00035154392,0.9975503,0.00075929833,0.00075020146
edjssue,joy,joy,0.00071445643,0.0002688932,0.00025488203,0.9978403,0.00037487943,0.0005465479
edjsw77,joy,joy,0.29242393,0.001556009,0.0046412535,0.6273537,0.038247515,0.035777554
edjt535,anger,anger,0.8892497,0.020319562,0.002834233,0.07243589,0.0057776184,0.009383028
edju877,joy,joy,0.28598547,0.058549993,0.004574872,0.5812274,0.042536814,0.02712546
edjuvp5,anger,anger,0.9637203,0.014635357,0.0013703256,0.0039678942,0.0120078605,0.0042982446
edjw0pb,joy,joy,0.0004405706,0.00018918596,0.00029429342,0.99746025,0.00042413225,0.0011916072
edjwu3f,anger,surprise,0.38350514,0.0037564985,0.002109728,0.067761496,0.065369114,0.47749797
edjwvt4,joy,joy,0.0006692396,0.00022175745,0.00027964893,0.9978611,0.00037236325,0.0005959122
edjxkp5,joy,joy,0.000604166,0.00022183757,0.00028929848,0.9979037,0.00048937654,0.0004916951
edjxtrl,anger,anger,0.9770089,0.004432195,0.0006885331,0.008913184,0.0046687606,0.004288471
edjyc15,surprise,sadness,0.007632403,0.002970324,0.014080981,0.0370752,0.497291,0.44095007
edjz345,joy,joy,0.000849031,0.0003347449,0.0006187019,0.98933893,0.00069446367,0.008164074
edk04l3,joy,joy,0.00056780607,0.0001611789,0.00023366629,0.99777704,0.00050325465,0.0007571066
edk08a5,joy,joy,0.0009774455,0.00021355797,0.0003118897,0.99722266,0.00050160935,0.0007729111
edk0k2j,joy,joy,0.0022486725,0.00032622681,0.000189016,0.99397594,0.001010261,0.0022498919
edk172r,joy,joy,0.00073781144,0.00023300144,0.00027955134,0.997666,0.00040251532,0.00068114133
edk21te,joy,joy,0.0007840986,0.0003512938,0.00036290355,0.9975229,0.00025849012,0.00072031264
edk3n5c,joy,joy,0.0006251902,0.00018520074,0.0002548991,0.9978709,0.0003871683,0.0006766774
edk3r39,joy,joy,0.0004964154,0.0002549882,0.00037920015,0.9976497,0.00027298176,0.0009466244
edk4dkb,sadness,sadness,0.008080563,0.0049476973,0.0026872794,0.003994477,0.9725514,0.007738559
edk4e66,fear,fear,0.0063466527,0.0098801935,0.94730985,0.0068160915,0.01020107,0.01944612
edk4u56,disgust,anger,0.73395574,0.016596407,0.0018892536,0.032204144,0.18839023,0.02696417
edk57m1,surprise,surprise,0.004414227,0.001170513,0.0007867684,0.0018810529,0.001302469,0.99044496
edk66b5,joy,anger,0.9779348,0.0038393347,0.00055911334,0.0097422935,0.0024477143,0.005476835
edk6w8j,joy,joy,0.0005361685,0.00022159507,0.00028937464,0.99782664,0.00049027073,0.000635897
edk7je9,surprise,surprise,0.0047995453,0.0017093413,0.025061956,0.060210835,0.008070389,0.9001478
edk7oo9,anger,anger,0.97688496,0.014605086,0.00080962206,0.0020019542,0.002538258,0.0031601924
edk7qw6,surprise,surprise,0.016563093,0.0011256079,0.0019017162,0.16789854,0.0037557832,0.8087553
edk9c88,joy,joy,0.0022546372,0.00027131883,0.00022428646,0.99547595,0.0005532864,0.0012205214
edka0jo,joy,joy,0.002448895,0.0002679454,0.000363321,0.99238586,0.0016841863,0.0028497481
edka4ag,joy,anger,0.89005744,0.0036896972,0.0015989047,0.0577354,0.032088224,0.014830372
edkadxo,joy,joy,0.0006953023,0.0003357701,0.00036152036,0.99704427,0.00026522076,0.0012979568
edkc1zh,joy,joy,0.002847355,0.00027906065,0.00047717182,0.9931832,0.0011550037,0.002058154
edkc35l,sadness,joy,0.007427345,0.00043710961,0.0026088378,0.93503535,0.036370616,0.018120736
edkc8qs,joy,joy,0.02108287,0.0010931296,0.00050491,0.9576554,0.0020108437,0.017652895
edkds4x,joy,joy,0.0030808873,0.00056836347,0.00034266344,0.9922225,0.00044652028,0.0033391453
edkf3u2,anger,anger,0.9644679,0.0030994802,0.0010506972,0.014979432,0.008293576,0.008108856
edkguai,fear,fear,0.010506128,0.004989431,0.9516735,0.011349991,0.013372964,0.008107981
edkhn2l,joy,joy,0.026023349,0.0006213199,0.00064201094,0.95169985,0.003806238,0.01720729
edkhox2,anger,anger,0.9671942,0.0033101737,0.00088856224,0.010854677,0.0066804555,0.011071786
edkj1kw,joy,joy,0.00089589274,0.00022949961,0.0003325604,0.99568236,0.00035594526,0.002503625
edkjya9,anger,joy,0.06019787,0.00083138165,0.0014645776,0.7820443,0.00479932,0.15066256
edkk0e0,joy,sadness,0.10233272,0.010713746,0.014838972,0.029186305,0.77521795,0.06771028
edkkdv7,surprise,anger,0.84141695,0.02393735,0.0029760024,0.007077232,0.013747575,0.11084487
edkkusw,joy,joy,0.00073551683,0.00027015552,0.00028401462,0.99782133,0.00027165114,0.0006173822
edkmfr1,surprise,surprise,0.0017570516,0.0011418718,0.0013459031,0.0026586028,0.0033395349,0.98975694
edkmi2y,joy,joy,0.000958201,0.00033107816,0.0006637435,0.99128234,0.005615536,0.001149144
edkmjda,surprise,sadness,0.11804233,0.025336351,0.0041335,0.011807773,0.8105302,0.030149804
edkmreg,surprise,surprise,0.02124638,0.002534916,0.0014795599,0.015512937,0.0030085193,0.9562177
edknap9,surprise,joy,0.005503264,0.0011218459,0.019139953,0.76963836,0.055973783,0.1486228
edknaxi,joy,joy,0.00058824295,0.00019997724,0.00028474777,0.99786633,0.00037087072,0.00068975665
edknclh,surprise,surprise,0.0023120823,0.0010095356,0.001140331,0.005761365,0.0016380976,0.9881386
edko6gj,anger,anger,0.7704195,0.0186607,0.12105284,0.0074383756,0.0324572,0.049971372
edkp1nu,joy,joy,0.0005994073,0.00026509765,0.00031500738,0.9979101,0.0003283058,0.00058200944
edkq0wf,joy,joy,0.003891606,0.00027761876,0.00022131081,0.9912936,0.001593792,0.0027220997
edkq7n4,joy,joy,0.0013942699,0.00020749721,0.00023944539,0.99412245,0.00051091966,0.0035253656
edkqqk6,surprise,anger,0.9723508,0.005736738,0.0008518503,0.0026786148,0.009740844,0.008641127
edks2by,joy,joy,0.00071431336,0.00021728413,0.00022271812,0.99767524,0.00037559174,0.0007948787
edkt6d4,joy,joy,0.0006219821,0.00022875442,0.00040168848,0.9974375,0.00036484533,0.00094523234
edktm8n,joy,joy,0.0007094352,0.00031115493,0.0003556864,0.99750876,0.00026293463,0.00085206545
edktouk,joy,joy,0.0029167868,0.00093434565,0.0032223274,0.85074806,0.016744273,0.12543425
edktsv8,surprise,surprise,0.2856866,0.03582406,0.0041098427,0.0059994757,0.07959527,0.58878475
edkw29e,joy,joy,0.0004043568,0.00020283011,0.0002860071,0.99771523,0.00036111232,0.0010304275
edkwq83,surprise,surprise,0.0019850484,0.001139575,0.0010427681,0.0027285242,0.0008220303,0.992282
edkws8k,joy,joy,0.0008500234,0.00023136116,0.00038886446,0.9972952,0.00024900193,0.0009855696
edkxscz,anger,anger,0.9546826,0.013621648,0.0016008186,0.0055880505,0.016706837,0.0077999965
edky4ot,joy,joy,0.0010877897,0.00021767862,0.00021271154,0.9969933,0.00051308406,0.0009754581
edkz8sa,joy,joy,0.0008998508,0.00015601357,0.0001883621,0.99700445,0.0006389185,0.0011123214
edkzlgx,anger,surprise,0.07346136,0.0028487085,0.006520342,0.012001749,0.007182271,0.89798564
edkzurj,surprise,surprise,0.0020132202,0.0017566562,0.0016142136,0.003255671,0.0011227604,0.99023753
edl08dh,fear,fear,0.027423788,0.08638406,0.8416364,0.0057047955,0.029486723,0.009364219
edl0oct,joy,joy,0.0006146801,0.00030312655,0.00030703275,0.997246,0.00026945496,0.0012596372
edl1o4v,anger,anger,0.97566354,0.0061285836,0.0008296154,0.001862868,0.0025811933,0.012934129
edl1pz1,joy,joy,0.0039523127,0.00051128847,0.0013094965,0.9608156,0.0029693684,0.03044193
edl1yjl,surprise,joy,0.0010659999,0.00023637072,0.00035416507,0.9939283,0.0003843749,0.004030824
edl2iih,joy,joy,0.002270642,0.00030778558,0.00067243865,0.9847632,0.00890467,0.0030812833
edl2ux9,surprise,surprise,0.0017466174,0.0010300307,0.0016632733,0.0047324807,0.001563321,0.9892643
edl34rq,joy,joy,0.0020068614,0.00034943566,0.00030666875,0.9935457,0.00041038007,0.00338098
edl37tc,joy,joy,0.0005362363,0.00018605488,0.0003292975,0.99784994,0.00035395814,0.00074450346
edl3xeg,joy,anger,0.60169667,0.010921691,0.0011028717,0.33028772,0.02056693,0.035424087
edl45g6,joy,joy,0.00071957754,0.00020340738,0.00027809443,0.99784195,0.00029562484,0.0006613497
edl48y1,joy,joy,0.0005316573,0.00024541313,0.0002988269,0.99276054,0.0006210099,0.005542501
edl50kl,joy,joy,0.0013562097,0.00028341945,0.0009871849,0.97078854,0.0047437763,0.021840898
edl5ngt,joy,anger,0.74820936,0.009430889,0.0031291854,0.20214294,0.025142327,0.011945381
edl5xei,sadness,sadness,0.06470475,0.0055306503,0.0020874813,0.012569114,0.89689845,0.018209476
edl67y4,anger,anger,0.92665744,0.058382276,0.0024980912,0.0015017928,0.007156151,0.003804329
edl6lz8,surprise,surprise,0.0019495399,0.0011089557,0.0010791495,0.012510746,0.0010159041,0.9823356
edl6r1g,surprise,surprise,0.0016683572,0.0015876169,0.0009810604,0.0040756115,0.0007658048,0.99092156
edl79um,sadness,anger,0.81646746,0.109105505,0.0025064815,0.008257758,0.0553552,0.008307676
edl7at9,anger,joy,0.0009705328,0.0001947732,0.00021148722,0.9969849,0.0005619531,0.0010763714
edl8cqf,sadness,sadness,0.0016480807,0.0026551825,0.017358134,0.0065181516,0.9635722,0.008248238
edl8o81,joy,joy,0.0007124216,0.0002620273,0.00030224372,0.997764,0.00042464674,0.00053466024
edl8owl,fear,anger,0.3506139,0.25368574,0.013676578,0.033525486,0.23105031,0.117447935
edl9q3n,anger,anger,0.8387103,0.017658617,0.021410469,0.104441114,0.0066063576,0.01117313
edla554,anger,anger,0.9828904,0.0047779065,0.00074574916,0.0019714665,0.0049933787,0.004621057
edla59q,surprise,surprise,0.0021265822,0.0018758959,0.0023304685,0.28252974,0.002688798,0.7084485
edla8k6,joy,joy,0.0017360094,0.00032240816,0.0004147081,0.99319553,0.0030660057,0.0012653169
edlc6eh,joy,joy,0.00065547065,0.00025585465,0.00030535707,0.9978429,0.00043756195,0.00050280243
edlcaem,joy,joy,0.00095213455,0.00024464022,0.00027605105,0.99748695,0.00027742554,0.00076273945
edlcj3g,surprise,surprise,0.028905602,0.006534859,0.0052656904,0.003277835,0.1979008,0.7581152
edlcowh,joy,joy,0.0036149202,0.0014709509,0.001019446,0.93081754,0.01087686,0.05220018
edlcxc9,joy,joy,0.0011542565,0.00021318016,0.00022089042,0.99672854,0.0009749146,0.00070831366
edlf6xj,joy,joy,0.00055135106,0.00024639055,0.00038414288,0.9978235,0.00029036365,0.00070423476
edlfpdf,anger,surprise,0.052436497,0.014371654,0.0016599003,0.0033701877,0.0062115304,0.92195016
edlgecg,joy,joy,0.00049278885,0.00021249839,0.0004501651,0.99709094,0.0006377472,0.0011157516
edlgmc1,joy,joy,0.0006124532,0.0002594288,0.0002857677,0.9976,0.00033630873,0.00090599956
edlhvxm,surprise,surprise,0.008140229,0.0011005434,0.0011465945,0.0022280193,0.0017425352,0.985642
edli9ux,anger,sadness,0.0022468101,0.0027131988,0.0050946763,0.0031719797,0.9824358,0.0043374826
edlik7b,joy,joy,0.0005663316,0.00029956826,0.0006060874,0.99652654,0.00030659424,0.0016949216
edliny8,joy,joy,0.0014453204,0.000813448,0.0010601544,0.92517054,0.0010963167,0.07041426
edlj0xh,surprise,surprise,0.08279223,0.0021698226,0.007641178,0.13558699,0.018581562,0.75322825
edljth1,joy,anger,0.81727684,0.02006364,0.0020439608,0.04902343,0.082586266,0.029005889
edlk47e,sadness,surprise,0.016397664,0.002252145,0.0010551384,0.0021638302,0.015267905,0.96286327
edlkfkz,anger,anger,0.9821302,0.003370954,0.00090495415,0.0050336733,0.00467573,0.0038844629
edll2zq,joy,joy,0.00062352786,0.00016562277,0.00025944738,0.9975362,0.0004004581,0.0010147511
edlli2q,surprise,surprise,0.0024470384,0.0010012224,0.0014467561,0.0124882655,0.00097061007,0.981646
edlljm5,joy,joy,0.0009664688,0.00029474113,0.00025321267,0.9972568,0.0005213718,0.0007074563
edlm73e,joy,joy,0.0016142615,0.00024208253,0.00024791484,0.9955858,0.0006649022,0.0016449301
edlo9o5,joy,joy,0.003493844,0.0008437764,0.0012914975,0.9057055,0.0022564193,0.086408965
edlols7,joy,joy,0.0006632896,0.00024114449,0.00031633943,0.9977329,0.00022478982,0.00082152465
edlothl,joy,surprise,0.003909195,0.00087247894,0.0024147397,0.3875398,0.009748055,0.5955157
edlp4q7,joy,joy,0.00047382704,0.000174423,0.00031394672,0.99671775,0.00033886023,0.0019811701
edlpzp9,sadness,sadness,0.053910464,0.0052177752,0.0013896476,0.021640701,0.9025917,0.015249751
edlq2id,joy,joy,0.00054774625,0.0002056678,0.0003485471,0.9978375,0.0003291895,0.0007314387
edlq3hn,anger,anger,0.94663477,0.004540286,0.003477092,0.019515188,0.011614173,0.014218486
edlr51h,joy,joy,0.00068720774,0.00030279977,0.00038420403,0.997498,0.00026201239,0.0008657338
edlriuk,joy,joy,0.0020236606,0.00042088598,0.00031768472,0.98796123,0.00063121784,0.008645203
edlrppk,anger,anger,0.97631776,0.0070731165,0.0010083872,0.00577734,0.0032772934,0.0065460666
edlrxsq,joy,joy,0.007887722,0.0005795546,0.0012128094,0.8668199,0.016095253,0.10740475
edls28f,joy,joy,0.0007521491,0.00021798252,0.00023904149,0.9975858,0.00038091696,0.00082412944
edls2qd,joy,joy,0.00055456057,0.0002010791,0.00026550342,0.9979213,0.00032572035,0.0007318595
edls8pb,joy,joy,0.0013121027,0.00037488027,0.00056449114,0.9807974,0.0004979062,0.016453203
edlsu0i,joy,joy,0.0018661654,0.00026372902,0.000242664,0.99596524,0.00051696115,0.0011451923
edltg6x,joy,joy,0.0005080972,0.00020140164,0.00035002411,0.9975963,0.00036652014,0.0009776294
edltzyk,joy,joy,0.0016514834,0.00042064156,0.00057984906,0.9925291,0.0002817713,0.00453709
edlve90,anger,anger,0.95140195,0.00662488,0.0011722324,0.017141476,0.0142044965,0.0094550485
edlvki4,joy,joy,0.0005720485,0.00019499067,0.0003854736,0.9977203,0.0005051951,0.0006220169
edlvn5z,surprise,anger,0.6491573,0.012857816,0.014871465,0.009584206,0.033278797,0.28025037
edlweh5,joy,joy,0.00061373273,0.00022853148,0.00044405874,0.9976217,0.0004820086,0.0006098848
edlwitj,joy,joy,0.0006420112,0.00025594505,0.00035226328,0.99747413,0.0003206363,0.00095503015
edlwv5f,anger,anger,0.9858905,0.0037719733,0.0008830931,0.0035418815,0.003688598,0.0022239357
edlypwi,anger,anger,0.32064912,0.016058132,0.06613817,0.010853462,0.2674663,0.31883484
edlyzs5,joy,joy,0.00050130114,0.00016727192,0.00036988186,0.9973454,0.00034501875,0.001271183
edlz3bu,joy,surprise,0.20424575,0.005416173,0.0029530395,0.32910022,0.030054534,0.42823032
edlzcg2,joy,joy,0.0061950255,0.00030898934,0.0004142363,0.98995334,0.0006790505,0.0024494533
edlzzww,sadness,sadness,0.0044030515,0.001956049,0.003700076,0.0035978393,0.9623443,0.023998633
edm0114,joy,joy,0.00027079115,0.0002184834,0.0005303608,0.99663264,0.0006919581,0.0016557899
edm0qmw,joy,joy,0.0007008653,0.00021795569,0.00027331038,0.9978796,0.00039499544,0.00053319783
edm15k5,sadness,sadness,0.013190737,0.005773421,0.001980364,0.003348312,0.946048,0.029659102
edm1qfk,sadness,sadness,0.00804804,0.0031922676,0.0043763067,0.0067408057,0.97251725,0.005125204
edm1s8k,surprise,surprise,0.0017898082,0.0012828779,0.0014257734,0.002414868,0.0012187932,0.99186796
edm29kz,joy,joy,0.0010477918,0.00017472636,0.00023476462,0.99663997,0.0011016179,0.00080111367
edm2plp,joy,joy,0.0005610834,0.00022103518,0.0003308036,0.9979079,0.00035282905,0.00062638125
edm3gzx,anger,anger,0.81698,0.009651674,0.0034194312,0.0065393997,0.06007457,0.103334956
edm4a1l,joy,joy,0.0016052087,0.0014139422,0.0029625967,0.6681523,0.0024893892,0.32337654
edm4z3o,joy,joy,0.0005833699,0.0002865663,0.0003406793,0.99781054,0.00047868915,0.0005001588
edm5fae,joy,joy,0.00075034396,0.00013914499,0.00033955788,0.9966671,0.0010386484,0.0010652376
edm6d8n,anger,joy,0.015085527,0.0012196476,0.0004366832,0.978865,0.0020827625,0.0023103869
edm6ig4,surprise,surprise,0.0054044374,0.0025013958,0.008876417,0.06704886,0.0030381586,0.91313076
edm6jpw,joy,joy,0.01503066,0.00047463004,0.0005054485,0.9782256,0.0020185804,0.0037451966
edm6kh0,joy,joy,0.00051691296,0.00017656272,0.00029699854,0.9978288,0.00029203141,0.000888617
edm6vbw,anger,anger,0.8609267,0.030744186,0.0012264806,0.015177807,0.08203459,0.009890309
edm75up,joy,joy,0.0019081915,0.00022620808,0.00019924279,0.99651295,0.00043056393,0.000722887
edm7cr5,joy,joy,0.00059482886,0.00029608165,0.0003376958,0.99726737,0.0002600375,0.0012440408
edm7tb4,anger,anger,0.68007106,0.0057721175,0.0032009801,0.014092548,0.052383386,0.24447986
edm8pxk,joy,joy,0.000729337,0.0002931249,0.00040246194,0.9971418,0.00022038535,0.0012129
edm8tn8,surprise,surprise,0.056721825,0.0025779635,0.0011354896,0.0029015008,0.0025408533,0.9341223
edm9xl5,surprise,surprise,0.0030037896,0.0011554754,0.00105242,0.0028249158,0.00197674,0.9899866
edma4fz,anger,anger,0.982294,0.0031793274,0.0010115879,0.0043560835,0.006331074,0.0028279466
edmacjb,joy,sadness,0.10333786,0.0068723853,0.007540378,0.020084139,0.8151523,0.04701294
edmamu9,joy,joy,0.0017428227,0.00037044252,0.0002827521,0.9954028,0.0003624069,0.0018387944
edmamza,anger,anger,0.5219091,0.008377474,0.0023013449,0.06583578,0.39213222,0.00944403
edmbgh2,joy,joy,0.00057294325,0.0002225203,0.00026040254,0.99785334,0.00033251278,0.0007582741
edmc9km,anger,surprise,0.15777215,0.03817223,0.0027752148,0.010318459,0.031803276,0.75915873
edmccpd,sadness,sadness,0.0113919005,0.0023127424,0.0017108218,0.021926029,0.95384216,0.008816219
edmeidh,joy,joy,0.0015682493,0.0003887166,0.00028973585,0.99607736,0.00032617844,0.0013497286
edmew3d,joy,anger,0.56962734,0.0063800164,0.002429944,0.36463147,0.022700386,0.03423081
edmg01b,joy,joy,0.00069850014,0.00017597867,0.00026205997,0.99718446,0.00069868,0.0009803487
edmgb6r,surprise,joy,0.027248507,0.0023453217,0.0033239431,0.7719192,0.00597273,0.18919033
edmgbnh,joy,joy,0.00050120807,0.0002628696,0.00039664668,0.9972487,0.00027480535,0.0013157777
edmgcyp,disgust,disgust,0.100322306,0.64459544,0.016668586,0.2068685,0.016996698,0.014548434
edmhgdo,anger,disgust,0.3550367,0.49240485,0.012022452,0.01648402,0.0995534,0.024498612
edmiq2s,anger,sadness,0.12318,0.1959504,0.0069973283,0.014269241,0.65162534,0.0079777
edmiy44,sadness,anger,0.38945287,0.0066907634,0.005302775,0.16542344,0.29883516,0.134295
edmjehl,joy,joy,0.0020001866,0.00046589028,0.00039404997,0.9957711,0.00046923006,0.00089946826
edmk7he,surprise,surprise,0.005625626,0.001131381,0.0013037686,0.002749627,0.0011257773,0.9880639
edmkbfn,joy,joy,0.0006052654,0.00022575288,0.00032899866,0.9977337,0.00030138114,0.00080486655
edmkc66,joy,joy,0.014713129,0.0010045627,0.002878263,0.90210795,0.0060588405,0.07323723
edmkp9k,surprise,joy,0.06271606,0.0019301012,0.0020067072,0.58858985,0.009509777,0.33524752
edmlyqy,joy,joy,0.0034784419,0.0007469572,0.0019947342,0.9332528,0.006737463,0.0537896
edmnklw,joy,joy,0.002535234,0.0009915931,0.0008954612,0.93633676,0.0006845458,0.058556493
edmnrao,joy,joy,0.001650514,0.00028496658,0.0003517485,0.9908049,0.00068885274,0.006219098
edmnw5a,anger,anger,0.9511578,0.008222483,0.0011263507,0.014481075,0.012069307,0.012942859
edmon0x,joy,joy,0.000658192,0.00023562768,0.00026977801,0.9978162,0.00037035465,0.00064981845
edmplco,joy,joy,0.19833429,0.004028401,0.0018110854,0.42851081,0.07212517,0.29519024
edmpngs,joy,joy,0.00044964708,0.00017131605,0.00041620727,0.99749726,0.00076036993,0.0007052104
edmq2rl,joy,joy,0.0021303287,0.00048384987,0.0009349738,0.9588368,0.00058313337,0.037030976
edmqfvh,joy,joy,0.0004815621,0.00015293637,0.00041192523,0.9972282,0.001008951,0.00071641133
edmr64x,joy,anger,0.6215466,0.01087432,0.0038650786,0.28293166,0.04470893,0.03607346
edmt3pn,joy,joy,0.0005569364,0.0001486906,0.0003641904,0.99630994,0.00081360387,0.0018065668
edmu1b6,sadness,sadness,0.030298818,0.008424964,0.0024286963,0.044678222,0.89802456,0.016144753
edmu7gq,anger,anger,0.75528115,0.015225142,0.009487851,0.013021948,0.1539459,0.053037997
edmv9t0,joy,joy,0.0005869751,0.00020574965,0.00037721256,0.9978976,0.00028756188,0.0006448625
edmvddt,joy,joy,0.0024222445,0.00048457689,0.0016958384,0.99295115,0.00048435558,0.0019618168
edmw1w2,joy,joy,0.0050346325,0.0004223562,0.00041821503,0.97770965,0.0009572064,0.0154579915
edmwxfr,joy,joy,0.00053660694,0.00024614326,0.00043794035,0.9975465,0.0003193363,0.0009134541
edmx5mv,anger,anger,0.9763722,0.0116336215,0.0006141442,0.0029587965,0.0038371845,0.0045841355
edmxbk2,anger,anger,0.8400265,0.005092528,0.0017257894,0.08089681,0.04767298,0.024585415
edmxz84,surprise,surprise,0.0020655552,0.0011446805,0.0014636018,0.0022004375,0.0015366665,0.991589
edmybig,joy,joy,0.0077237976,0.0006732721,0.00032026664,0.9896923,0.0006056789,0.000984749
edmzazs,joy,joy,0.30517247,0.0023082243,0.0113733355,0.55090475,0.023880677,0.106360495
edmzsh6,joy,joy,0.00045253543,0.00028570255,0.0012881806,0.99117893,0.0017579355,0.005036769
edn14pz,joy,joy,0.00065409776,0.00022391613,0.0004883048,0.99702954,0.00033977436,0.0012643873
edn2f47,anger,anger,0.91711193,0.056420527,0.0026292827,0.0049143606,0.008252488,0.010671465
edn5edr,joy,joy,0.0009169922,0.00033933547,0.00053696125,0.99588037,0.0009965743,0.0013297341
edn5gap,joy,joy,0.00073859445,0.00030523867,0.00032872896,0.9976215,0.00046994124,0.0005360631
edn5zbu,joy,joy,0.00094603293,0.0002452565,0.00026209903,0.9957973,0.0002892911,0.002460071
edn6dcs,joy,joy,0.008968624,0.000389343,0.00038007967,0.9807649,0.0040522525,0.0054448266
edn6f3e,joy,joy,0.00058141636,0.00023158165,0.00027956758,0.9977992,0.0002929522,0.00081531866
edn78m5,anger,surprise,0.100788504,0.002407114,0.0023326734,0.065484226,0.062054485,0.76693296
edn7zd5,surprise,joy,0.00090994145,0.00038094103,0.0006428331,0.99425703,0.00041377736,0.003395525
edn9jl8,joy,joy,0.0015304871,0.00035144147,0.0012634,0.977367,0.0007400105,0.018747665
edncehy,joy,joy,0.011362054,0.0006244748,0.00061600923,0.91930145,0.0034072706,0.06468873
edncftb,anger,anger,0.97949344,0.003573631,0.0009338234,0.004614927,0.0050399373,0.006344327
ednculf,joy,joy,0.0005789352,0.00013575176,0.00024830605,0.99765056,0.00054179766,0.0008447105
edne5tc,joy,joy,0.31680235,0.003170493,0.0027808454,0.59352887,0.046750907,0.036966484
edneqjv,joy,anger,0.7654774,0.036572345,0.002439839,0.05212673,0.12856801,0.014815778
ednh2yj,joy,anger,0.6376723,0.0049587567,0.0016449721,0.25226256,0.01803135,0.085430026
ednh4ey,joy,joy,0.10985061,0.0027264112,0.0028828431,0.47364032,0.15238424,0.25851563
ednhajg,joy,joy,0.0007826718,0.00019590843,0.0001880902,0.99751556,0.0004733767,0.00084446697
ednhjzq,surprise,surprise,0.0013378661,0.001055682,0.0012283016,0.008376429,0.0015360222,0.98646563
ednhpsd,joy,joy,0.00041932488,0.00019035996,0.00041742527,0.99773324,0.00041123774,0.00082837185
ednif10,surprise,surprise,0.0033808139,0.0008469774,0.0012528622,0.017936997,0.0016573321,0.97492504
ednijfa,surprise,surprise,0.02121678,0.0014171115,0.0008736063,0.0042306506,0.0026908726,0.969571
ednj62s,joy,joy,0.0006219595,0.00018612876,0.00025635722,0.9974963,0.00038355376,0.0010556927
ednjiea,joy,anger,0.5366524,0.0056388997,0.015223391,0.19195452,0.08557927,0.16495152
ednjjfw,joy,joy,0.0010199017,0.00034446298,0.00043124406,0.99725264,0.0003090993,0.0006425567
ednkvdp,joy,joy,0.0006383391,0.0001696849,0.00035914365,0.9968796,0.00029305895,0.0016601678
ednlfic,joy,joy,0.00058467366,0.00015476346,0.00022694343,0.9971738,0.00053980626,0.0013199236
ednlqvx,surprise,surprise,0.017850263,0.0010034506,0.0014820807,0.00446608,0.004710061,0.9704881
ednn3ts,surprise,surprise,0.14901645,0.0072762584,0.0010791105,0.00417146,0.0116855055,0.8267711
ednn9dr,surprise,surprise,0.30177864,0.0059304293,0.0049481057,0.0902522,0.1450087,0.45208198
ednn9so,joy,sadness,0.0715471,0.0037516083,0.005288724,0.09805595,0.73115295,0.09020361
ednnjnp,joy,joy,0.005515712,0.000874665,0.0009045115,0.99026793,0.0008497573,0.001587455
ednohed,joy,joy,0.009563731,0.0015895454,0.0038792314,0.50710076,0.08056702,0.39729977
ednoilw,joy,joy,0.000479149,0.0003680192,0.0005483836,0.9932957,0.0003111199,0.0049976325
ednojxz,anger,anger,0.93871415,0.027047042,0.0010919989,0.009753908,0.01849176,0.004901164
ednol2l,joy,joy,0.00063167105,0.00024488635,0.00031416034,0.99776804,0.00030907066,0.0007322075
ednp0my,joy,joy,0.019127136,0.0008821447,0.0018381941,0.8839613,0.020212397,0.07397878
ednq21c,surprise,surprise,0.0029902004,0.0012005817,0.0018242863,0.011446192,0.0074974517,0.97504133
ednqkqj,joy,joy,0.00074053736,0.00015901079,0.00025365665,0.9974337,0.0003180854,0.001094953
ednrh00,joy,joy,0.0077133584,0.0036326814,0.0031986579,0.8673785,0.0017340555,0.11634273
ednsi6q,surprise,surprise,0.002334867,0.002123486,0.0016539004,0.015403188,0.0011321835,0.97735244
ednsqej,joy,joy,0.0034989358,0.00032961057,0.00027801853,0.9837563,0.00079179596,0.011345367
ednt363,joy,sadness,0.025335036,0.0034988492,0.002978539,0.0074517326,0.95190483,0.008831005
ednu062,joy,joy,0.00064188667,0.00026326478,0.00027873713,0.9969104,0.00034218273,0.0015635117
ednvw5g,anger,joy,0.12421065,0.0015888438,0.00084099907,0.85746866,0.0077335546,0.008157308
ednw0qo,anger,anger,0.94363874,0.006028288,0.0013337188,0.005808372,0.036158513,0.0070324014
ednw2t6,sadness,sadness,0.0020182147,0.0017493573,0.0021203004,0.0041681114,0.987895,0.0020491253
ednx4v9,joy,joy,0.0006921113,0.0003475577,0.00078688323,0.9854336,0.0007406614,0.011999212
ednxobs,joy,joy,0.0005485935,0.0002548714,0.0002874582,0.99768543,0.00028821614,0.00093542685
ednz6pb,surprise,surprise,0.0021756815,0.0011042933,0.002415806,0.0038898156,0.002359657,0.9880548
ednzlou,surprise,surprise,0.020280058,0.020958291,0.009645932,0.0406671,0.011805844,0.8966428
ednzwea,joy,joy,0.00093769626,0.0002331463,0.00023558296,0.9974089,0.00046222532,0.000722472
edo0tpt,sadness,surprise,0.08773635,0.059614893,0.10110064,0.0609278,0.26336718,0.42725316
edo184t,joy,joy,0.0005073285,0.00023106644,0.00049432484,0.99749917,0.0007768468,0.0004912441
edo1li3,joy,joy,0.0027833786,0.0003523636,0.0005054353,0.98320794,0.0040009506,0.009149999
edo1ya2,anger,surprise,0.00906899,0.00086561136,0.00092985336,0.005389175,0.0056739575,0.9780724
edo2b6u,anger,anger,0.8539372,0.059332106,0.005616144,0.03945542,0.012864939,0.028794145
edo2y4f,joy,joy,0.002619227,0.0023235402,0.0012240927,0.89633316,0.0015392134,0.09596077
edo3i5r,joy,joy,0.0057290304,0.0006198282,0.0023180896,0.8563746,0.0060225497,0.12893587
edo4e5r,joy,joy,0.0009841388,0.000160609,0.00041679628,0.9949262,0.00043838768,0.003073895
edo59k2,joy,joy,0.00042158127,0.00017705961,0.0003807972,0.9977335,0.00029744406,0.0009896457
edo6nyh,joy,joy,0.045960926,0.00076335605,0.00093097886,0.91843414,0.0047925115,0.029118102
edo7ddj,joy,joy,0.0014251616,0.00016832966,0.00041490898,0.9940084,0.0007239362,0.0032592355
edo7k0b,anger,anger,0.6736508,0.011011325,0.0033749163,0.021918556,0.17247765,0.11756676
edo7vyv,joy,joy,0.00046961478,0.00019733618,0.00043195838,0.9976393,0.00027998543,0.0009817799
edo7yjc,joy,joy,0.0006488218,0.00034312412,0.00043646622,0.9968394,0.00027432528,0.0014579556
edo8v3z,surprise,surprise,0.0019775457,0.001116286,0.0013621715,0.017986884,0.0012850397,0.97627205
edo9zd1,sadness,sadness,0.002022434,0.0019980392,0.0026364878,0.0026544153,0.98784465,0.002843975
edoaiod,joy,joy,0.000671023,0.00019770718,0.0002771869,0.99774444,0.00034864925,0.00076110533
edoazn7,joy,joy,0.0006283926,0.0001561117,0.0003477183,0.9971731,0.0007809208,0.0009136962
edob826,joy,joy,0.0029585774,0.00031582094,0.00046960573,0.9827995,0.00307396,0.01038252
edobeh3,joy,joy,0.0009272032,0.000220168,0.00023504854,0.99747604,0.00040143917,0.0007400901
edoc3v5,joy,joy,0.0007929227,0.00027214378,0.0005065168,0.9946755,0.0014145772,0.0023382534
edocn0z,surprise,surprise,0.00216048,0.0013129481,0.0014885797,0.01287341,0.002065827,0.98009884
edocqjn,anger,anger,0.9721629,0.0070272293,0.0010613967,0.0027471893,0.010020369,0.0069808234
edocsgz,joy,joy,0.19898747,0.0034846116,0.0014986907,0.57475567,0.012170309,0.20910324
edod4zu,joy,joy,0.00048590926,0.00022848335,0.00040066722,0.99780923,0.00033486274,0.00074078084
edode10,sadness,sadness,0.008500489,0.002624928,0.0024290718,0.021879405,0.95643336,0.008132737
edodrlz,joy,surprise,0.007879116,0.0014453126,0.0010022762,0.17415088,0.003152483,0.81237
edodzwe,joy,joy,0.00042912466,0.0002018536,0.00037760177,0.997673,0.00040166092,0.00091679563
edoeeqd,surprise,joy,0.00084365706,0.00020143342,0.0005866143,0.99466985,0.0016070987,0.0020913447
edoewx5,anger,anger,0.9554454,0.0029574079,0.0008866176,0.017675871,0.0067613344,0.0162734
edofwn5,surprise,surprise,0.040365994,0.0016345304,0.0013670101,0.008395319,0.0035272858,0.9447099
edog036,anger,surprise,0.017249243,0.0020063862,0.004133735,0.3299183,0.0028391986,0.64385307
edoglhv,fear,fear,0.001982906,0.0054443036,0.91875,0.008253032,0.01375655,0.051813263
edogmr4,joy,joy,0.0048247646,0.00026292616,0.00032108597,0.9862694,0.006026661,0.0022951108
edoh4m2,sadness,sadness,0.0020616264,0.0014531446,0.0040077046,0.019748658,0.96586597,0.0068629184
edoh9rv,joy,joy,0.005830062,0.00053527625,0.00023448444,0.98923945,0.0016225388,0.0025382566
edoha39,anger,anger,0.616326,0.0067699524,0.0019139514,0.33205998,0.016215038,0.026715104
edoi7jg,joy,joy,0.0012834221,0.00049907085,0.0016349063,0.9718107,0.022855734,0.0019161828
edojj9a,surprise,surprise,0.02676885,0.0022253208,0.0013458363,0.39255503,0.008157743,0.56894726
edojun4,joy,joy,0.04639159,0.0013814524,0.00049265043,0.94370353,0.004824795,0.0032059946
edok3d7,joy,joy,0.073879614,0.0019690401,0.0008258874,0.887999,0.020081231,0.01524526
edokdl9,sadness,sadness,0.04682156,0.0041256235,0.003929089,0.04410412,0.8893111,0.011708489
edomg6o,anger,anger,0.9740897,0.007467012,0.00054430286,0.004086588,0.0077504963,0.006062052
edonzs0,joy,joy,0.0009488811,0.0003109953,0.00029354918,0.997269,0.00035792097,0.0008197449
edoou7c,joy,joy,0.28667125,0.0029812006,0.004253428,0.35933337,0.003935879,0.34282488
edopab9,joy,joy,0.003723159,0.0006053063,0.00074735266,0.9923171,0.00070072775,0.0019064255
edos8ct,surprise,surprise,0.066762924,0.0018498269,0.0022535236,0.0046739513,0.0053452807,0.9191146
edotrhv,sadness,surprise,0.015517803,0.0012011288,0.0048303236,0.07858074,0.056160513,0.8437094
edou1mx,anger,joy,0.006221254,0.0003289347,0.00031462,0.9772982,0.0018784855,0.013958522
edou4r6,joy,joy,0.0010364541,0.001085239,0.029137587,0.95313925,0.011153022,0.0044483873
edou5u6,joy,joy,0.026616175,0.0023216053,0.0004946138,0.95180094,0.0019419894,0.016824655
edoxcyw,surprise,surprise,0.011117234,0.0010424653,0.0010050123,0.011503764,0.001565832,0.97376585
edoy5ok,anger,anger,0.98244137,0.005409968,0.000978326,0.0024647827,0.006367073,0.0023386423
edoyo8y,surprise,surprise,0.019633824,0.002223119,0.0010017555,0.0015695636,0.002082216,0.9734895
edoz5vh,joy,joy,0.00068688544,0.00020780157,0.00025643897,0.9978734,0.0003739904,0.0006014311
edozijl,surprise,joy,0.0040802252,0.001554334,0.018125957,0.7883617,0.0049594003,0.18291831
edozzab,anger,joy,0.01674997,0.00072086253,0.00041669226,0.9662002,0.0015079007,0.014404367
edp09u3,sadness,sadness,0.0019236897,0.0013706635,0.0026869797,0.0049506505,0.9854032,0.003664914
edp0jqn,joy,joy,0.0005238096,0.00021349061,0.00028470694,0.997905,0.00044855793,0.0006244816
edp1yxi,joy,joy,0.0006401878,0.00025816108,0.00032521773,0.99769837,0.00044231868,0.0006357155
edp2o6z,surprise,surprise,0.0065640593,0.0009915077,0.000883757,0.009326536,0.0023660164,0.9798681
edp41y7,surprise,surprise,0.0020979785,0.0012241461,0.001971289,0.0015595112,0.0019455286,0.9912015
edp4rfw,anger,anger,0.8899396,0.03888056,0.0017930042,0.047677822,0.013045646,0.008663384
edp5w86,anger,anger,0.80074894,0.0063056415,0.0022431926,0.053067524,0.06043821,0.077196464
edp64gg,anger,anger,0.7792372,0.008245016,0.00293222,0.012760758,0.16867071,0.028154064
edp6c59,sadness,anger,0.5367199,0.011482901,0.0058213132,0.0120533835,0.40964004,0.024282401
edp6v95,anger,anger,0.91736346,0.01734406,0.0012087569,0.0039726365,0.016668959,0.043442145
edp6zfs,joy,joy,0.0007337156,0.00020832417,0.00023950882,0.9977143,0.00043469344,0.0006694131
edpabap,joy,joy,0.0005795658,0.00030150477,0.00039017948,0.99707174,0.00023245638,0.0014246411
edpah6v,joy,joy,0.00092868647,0.0003102558,0.00027664442,0.9973658,0.00046399087,0.00065469876
edpbwaa,anger,joy,0.0069939853,0.0012611595,0.0013332631,0.9498702,0.0011494493,0.03939183
edpcb2j,joy,joy,0.0034508356,0.00051700004,0.0002842078,0.9931931,0.00035238417,0.0022025043
edpcjyf,fear,sadness,0.049250063,0.0051268796,0.32766557,0.13652834,0.41192356,0.06950563
edpdgqb,joy,joy,0.018542744,0.000399696,0.0013539012,0.9582939,0.0050486145,0.016361153
edpdjnp,joy,surprise,0.38781956,0.003437,0.0021957795,0.019442271,0.033488937,0.5536164
edpf2v6,joy,joy,0.0034280827,0.00066605903,0.0010552306,0.9817245,0.0010400595,0.012086086
edpffvf,sadness,sadness,0.0032473353,0.0015418488,0.0020278858,0.008423285,0.9782486,0.0065110796
edphebd,joy,joy,0.00068140123,0.00018763678,0.00054146774,0.99712855,0.00062032824,0.0008407028
edpi4ic,joy,joy,0.00069741963,0.0003140382,0.0009856365,0.9863132,0.00047602697,0.011213643
edpidse,joy,joy,0.000687451,0.0002634946,0.00029242007,0.9979006,0.00030643694,0.0005496137
edpj4qf,joy,joy,0.001144537,0.00022383903,0.00029178665,0.9962453,0.00041217438,0.0016822794
edpjatm,sadness,sadness,0.003065408,0.0017320175,0.00219652,0.0059579853,0.97876495,0.008283077
edpje7g,joy,joy,0.0007049764,0.00020223181,0.00024271842,0.9977089,0.00034321158,0.0007979159
edpjmla,surprise,surprise,0.001919904,0.0013498116,0.0010112211,0.0033365684,0.001147428,0.991235
edplovg,joy,joy,0.00046128425,0.00024857817,0.00041082205,0.99798787,0.00039425696,0.00049722317
edpmkcz,joy,joy,0.00046756282,0.00026753792,0.00044305887,0.99616265,0.00029516392,0.0023640546
edpmyp3,joy,joy,0.0004784897,0.0002040028,0.00054704334,0.9924816,0.004295328,0.0019935681
edpn0m5,disgust,anger,0.87651265,0.005918023,0.0027039754,0.089211084,0.015271248,0.010383107
edpn76v,joy,joy,0.0005559898,0.00023978569,0.00027598426,0.9971059,0.0002926822,0.0015296773
edpnzul,joy,surprise,0.014202838,0.0019877637,0.013199697,0.38797605,0.024844613,0.55778897
edpohzc,sadness,sadness,0.0033285266,0.0018468736,0.0018068069,0.007816154,0.9796178,0.005583826
edpout1,surprise,surprise,0.00788611,0.0011090022,0.0023704853,0.074558705,0.0022392282,0.91183645
edpp00u,anger,surprise,0.21298312,0.009728504,0.0013975257,0.023308663,0.039247047,0.7133352
edpp1ko,joy,joy,0.0005937402,0.00013466735,0.00032080626,0.9963225,0.00083224307,0.0017960547
edppi7d,joy,joy,0.0010443203,0.00020754404,0.0002100572,0.99693054,0.0005577128,0.0010498223
edpptcm,joy,joy,0.0018520443,0.00030718723,0.0002586041,0.9961808,0.00047833135,0.00092309044
edppxp5,joy,joy,0.00060654635,0.00026596486,0.00035231962,0.9978611,0.00039817186,0.0005158897
edpq90q,joy,joy,0.0008758226,0.0002216869,0.00028499818,0.9962915,0.00030691418,0.0020190405
edpqgh8,surprise,surprise,0.0032998708,0.000986963,0.00089594716,0.003933196,0.0015286413,0.9893554
edpqk36,joy,joy,0.007923369,0.0003646933,0.002869866,0.9396698,0.011253938,0.03791842
edpr5ck,joy,joy,0.011250546,0.0023003046,0.0027046266,0.61335844,0.0030591066,0.36732703
edpruc8,anger,anger,0.9392087,0.012789632,0.0010020996,0.033229023,0.009343763,0.004426869
edpt47k,sadness,sadness,0.0079496,0.0027159587,0.0019221874,0.025549147,0.9552001,0.0066629425
edpuwr8,joy,joy,0.0006885121,0.00019522016,0.0002458174,0.99756646,0.00036122897,0.0009427787
edpv00z,joy,joy,0.004275731,0.0005700507,0.00096779905,0.97222286,0.0065617342,0.015401829
edpvd21,sadness,sadness,0.026346508,0.006424541,0.00583999,0.010116123,0.800033,0.15123993
edpvvj6,surprise,surprise,0.0013971775,0.0013980077,0.0013985446,0.004318357,0.00091254857,0.9905753
edpx13x,sadness,sadness,0.043923773,0.0070550195,0.022231046,0.0061606555,0.9134974,0.007132126
edpxjdm,joy,joy,0.0036380286,0.000424802,0.00026259874,0.9930956,0.0012673704,0.0013115695
edpy5v2,joy,joy,0.00058147043,0.00022497975,0.0004901375,0.99684525,0.0004971847,0.0013609965
edpymfy,joy,joy,0.037675083,0.0023461238,0.001217672,0.8538877,0.0072991448,0.097574316
edpyn20,joy,joy,0.0005846606,0.00025299418,0.00039456072,0.99258,0.00039130508,0.005796421
edpzlr8,joy,joy,0.00063393713,0.00016351839,0.00037110975,0.99756527,0.0007647945,0.00050134206
edq0bqs,anger,anger,0.929202,0.029951002,0.0017403067,0.017738685,0.009597307,0.0117707215
edq0hht,joy,joy,0.0006076908,0.000271752,0.00054060377,0.99615955,0.00027052095,0.002149845
edq2wc6,joy,surprise,0.0047914274,0.005553069,0.0028939727,0.25387958,0.002610876,0.7302711
edq2whg,joy,joy,0.0007956691,0.0002362931,0.00033846713,0.9970504,0.00025486905,0.0013242896
edq4pxi,surprise,surprise,0.1297348,0.0026129954,0.0016987801,0.011343669,0.0091665955,0.84544307
edq5zue,surprise,surprise,0.0019210683,0.0013451804,0.0036537661,0.0031255702,0.005175999,0.98477846
edq6cy6,joy,joy,0.0007651494,0.00027426085,0.0006232087,0.99628794,0.000568832,0.001480628
edq7ckz,joy,anger,0.6595838,0.22298183,0.010902476,0.018567711,0.070131205,0.017832939
edq7po0,joy,joy,0.08644425,0.0010625663,0.0011150768,0.8716999,0.019721905,0.019956263
edq7t4i,joy,joy,0.001311876,0.00024190193,0.00035827994,0.99423224,0.0004855828,0.0033700888
edq7zx4,fear,fear,0.0025889347,0.0061577037,0.9750377,0.0016552922,0.009575576,0.0049847257
edq8wfk,anger,anger,0.78407514,0.053019475,0.0015572278,0.020447189,0.10979989,0.031101177
edq8xqv,surprise,anger,0.67082244,0.0051270653,0.0027624913,0.0116618825,0.0558656,0.25376046
edq92b2,sadness,joy,0.10339242,0.004687265,0.011264829,0.4435015,0.37557393,0.06158004
edq9j92,anger,anger,0.8931122,0.003793814,0.001167281,0.07345255,0.0027594278,0.025714675
edq9p8u,joy,joy,0.0036884735,0.0010022912,0.0012589496,0.9283157,0.0033340224,0.06240056
edq9v2y,joy,anger,0.5774888,0.006629787,0.0017770145,0.023557477,0.054016728,0.3365302
edqafg8,joy,joy,0.0025185626,0.0003546102,0.00030866888,0.99555814,0.0004448426,0.00081507984
edqb0e4,joy,joy,0.020643616,0.0012849887,0.010215006,0.60236156,0.0555886,0.3099063
edqb2x4,fear,fear,0.0022977628,0.006257793,0.97218186,0.004285864,0.0052204253,0.009756323
edqc8g7,surprise,surprise,0.0027262587,0.001908986,0.0044263555,0.2811521,0.0029640612,0.7068222
edqcsac,joy,joy,0.0007177363,0.00016621438,0.00022030201,0.99767107,0.0005540373,0.00067055115
edqdcgt,joy,joy,0.00092209707,0.0002286736,0.00043590897,0.99111146,0.0008085455,0.006493309
edqdsgy,joy,joy,0.0009327412,0.0002033375,0.00019334313,0.9967974,0.00050833577,0.0013648077
edqffcx,sadness,sadness,0.0047770296,0.002989219,0.002720533,0.007221087,0.9757118,0.0065802843
edqg12x,joy,joy,0.0008546299,0.00024587754,0.00040507168,0.9971475,0.00028160418,0.0010653897
edqg9pm,disgust,anger,0.52817816,0.19228733,0.21081676,0.010441122,0.033661965,0.024614599
edqgbit,joy,joy,0.0006327994,0.00019024544,0.00025890212,0.99772555,0.00036455202,0.0008279631
edqgzc3,joy,joy,0.00068787753,0.00019521244,0.00029059092,0.9976279,0.00027645973,0.0009219561
edqjkm3,joy,joy,0.0007173512,0.00015903791,0.00026754427,0.99789596,0.00045473487,0.0005052961
edqmafp,joy,joy,0.00048113233,0.00020117786,0.0003224245,0.9979506,0.00046519656,0.00057948945
edqpmhy,joy,joy,0.00057529774,0.00021092854,0.0003716797,0.99787366,0.000341547,0.0006268349
edqpx9b,joy,joy,0.0006974326,0.00026328993,0.00034063766,0.99723476,0.00026539285,0.0011984746
edqqrx8,joy,joy,0.000701262,0.00022606108,0.00024916237,0.99771523,0.00047600098,0.00063231296
edqsyo9,joy,joy,0.0007191422,0.0001935104,0.00024273121,0.9978005,0.000405775,0.0006383143
edqu0zj,joy,joy,0.0010044862,0.0001901742,0.00020704394,0.9971675,0.00073361007,0.00069719646
edqv0nr,joy,joy,0.0012055392,0.00020478098,0.000259543,0.99737203,0.00028845164,0.0006696476
edqw4pw,sadness,sadness,0.011691376,0.002535898,0.0032552725,0.011305306,0.95244944,0.018762628
edqwf6e,sadness,sadness,0.0029997823,0.001468358,0.002378674,0.0039858394,0.9838938,0.0052735
edqxcj1,joy,joy,0.00058241724,0.00015547272,0.0004827741,0.9956358,0.0017957516,0.0013477324
edqxzpp,joy,joy,0.0010398382,0.0003288978,0.0003908366,0.9923943,0.005093206,0.0007528614
edqy7bh,joy,joy,0.010208539,0.00042379185,0.0012358496,0.9754146,0.009472737,0.0032445777
edqzvxf,joy,joy,0.0027963524,0.0004592731,0.0006881539,0.99341464,0.00065474794,0.0019867856
edr22x1,anger,sadness,0.045308653,0.0049343808,0.032173276,0.01178311,0.6536145,0.25218603
edr298t,surprise,surprise,0.0035589815,0.0009468197,0.0010323579,0.0073062475,0.0016681708,0.98548746
edr3heq,joy,joy,0.00051037426,0.00020454492,0.00035946627,0.99798346,0.00041051142,0.0005316604
edr3q2l,joy,joy,0.0013521186,0.00038630233,0.00028880127,0.9933549,0.0038229532,0.0007949677
edr3rqh,fear,fear,0.11015512,0.042371135,0.5975939,0.13683589,0.07441348,0.038630437
edr3vai,joy,joy,0.0014895294,0.00085105625,0.0008601198,0.99494153,0.0005369306,0.0013208031
edr3vbs,anger,surprise,0.08794879,0.0056223026,0.0020700977,0.14650372,0.021927267,0.73592776
edr42df,joy,fear,0.002503078,0.0042881505,0.88786095,0.03913831,0.05447058,0.011738936
edr4bba,surprise,surprise,0.009063096,0.0011054339,0.0026050552,0.004056897,0.007895838,0.97527367
edr4pmo,joy,joy,0.0012287558,0.0003240984,0.0002663884,0.99711883,0.00040140317,0.00066061545
edr4u7k,joy,joy,0.00064121926,0.00023079204,0.0002784571,0.9979207,0.00035066553,0.000578125
edr6f82,joy,joy,0.0005740598,0.00019526486,0.00031149658,0.9979443,0.00031083275,0.00066396
edr6hjf,surprise,surprise,0.002831737,0.0009333776,0.001202934,0.00817234,0.0021132915,0.98474634
edr6xko,joy,joy,0.0008833118,0.00028265017,0.00037888988,0.9971035,0.00025949243,0.0010921586
edr7rnf,joy,joy,0.0007611002,0.00034430233,0.0003313889,0.9962501,0.00033797073,0.001975086
edr7v2a,surprise,surprise,0.0021075567,0.0013396593,0.002320833,0.001371378,0.0019123707,0.99094814
edr95m4,joy,joy,0.00059664913,0.00032013276,0.0004386428,0.9964426,0.00023214714,0.0019697677
edr986c,anger,anger,0.9694877,0.0047300453,0.0011624215,0.006633402,0.008445625,0.009540758
edr9bqe,joy,joy,0.0004947169,0.00014722695,0.00027053448,0.99743193,0.00063960254,0.001016011
edr9gz1,joy,joy,0.00061881647,0.00019874681,0.000390102,0.9950766,0.00056184654,0.003153861
edr9ngo,fear,fear,0.0014647263,0.005843627,0.98125505,0.0024732146,0.005384752,0.003578713
edr9vzk,joy,joy,0.00086741894,0.00023555594,0.00025022388,0.9976712,0.0003731416,0.0006024958
edraces,joy,joy,0.00068500516,0.00025396803,0.0003021288,0.99776804,0.00037587932,0.00061502657
edrattd,joy,joy,0.0008021541,0.00021600066,0.00023651781,0.99569327,0.00035851207,0.0026935798
edrbjfh,disgust,disgust,0.1025867,0.8575594,0.008433234,0.008211317,0.01620648,0.0070028678
edrcewm,joy,joy,0.0007132262,0.0002719863,0.0003308708,0.9974606,0.0002756176,0.0009476864
edrcmsi,surprise,surprise,0.0065249396,0.00091611117,0.0013072088,0.005163284,0.0019562633,0.9841322
edrctuk,joy,joy,0.0007228738,0.0002778416,0.0003118987,0.9977576,0.0003286578,0.00060117984
edrdzse,joy,joy,0.27826172,0.0049112095,0.0014040852,0.6578202,0.017610662,0.039992105
edreqtm,joy,anger,0.81864685,0.005976581,0.0043928255,0.12421489,0.012005978,0.03476291
edreygw,joy,surprise,0.335203,0.0036265268,0.0013869064,0.1297033,0.033373512,0.49670675
edrfm6u,joy,sadness,0.0033616684,0.0019387176,0.0025217023,0.445272,0.5361598,0.010746091
edrh0cs,joy,joy,0.0015324681,0.00019937026,0.00066590105,0.9954867,0.0010238062,0.0010917366
edrhnkp,sadness,sadness,0.0014412184,0.0016874196,0.0027787052,0.0025084566,0.98684883,0.0047353767
edrhw2y,anger,anger,0.9458294,0.013046384,0.0014646212,0.006292643,0.02661653,0.0067504635
edri9gv,joy,joy,0.0011887735,0.00031861672,0.00029293593,0.99697244,0.00028463572,0.0009425899
edri9jg,joy,joy,0.001998168,0.00033871256,0.00031626175,0.9954657,0.00043104583,0.001450118
edrj83l,joy,joy,0.0043023387,0.00043556967,0.0002510607,0.9920959,0.0009262725,0.0019888538
edrja75,joy,joy,0.00041462845,0.00021565793,0.00042195377,0.99703205,0.00036086797,0.0015547716
edrk3kv,surprise,sadness,0.0060721505,0.0020601656,0.004168312,0.015717348,0.8856224,0.08635968
edrl99e,joy,anger,0.7474968,0.03797832,0.0025938319,0.04786759,0.12884237,0.03522111
edrlsop,joy,joy,0.00069579884,0.00023806599,0.000341485,0.9971027,0.00026867547,0.0013532954
edrmj4f,joy,joy,0.0005615985,0.00029994626,0.00035931202,0.99790394,0.00028988044,0.00058537547
edrmvy0,surprise,surprise,0.003984877,0.0011460002,0.0008734913,0.008058367,0.0010171272,0.98492014
edrni6g,anger,anger,0.9756655,0.010187787,0.0009161325,0.0040201074,0.0064084814,0.0028020237
edrnuax,joy,joy,0.00060996116,0.00021011074,0.00036380786,0.9975963,0.00024721373,0.000972561
edrnva4,sadness,sadness,0.023335002,0.0049870987,0.003833931,0.030900422,0.9236866,0.013256941
edrosmh,joy,joy,0.005669407,0.00025973187,0.00021098118,0.9904204,0.0016268301,0.0018126926
edroxdq,joy,joy,0.0006023659,0.0001811406,0.00023426788,0.9978058,0.0006027885,0.000573758
edrrpw8,joy,joy,0.0007112376,0.00086373114,0.019651731,0.9700703,0.0026670522,0.006036017
edrruee,disgust,anger,0.95567465,0.017319668,0.0011318333,0.0015984486,0.015542419,0.008733078
edrsavm,joy,joy,0.00058020884,0.00023361896,0.00032308887,0.99790335,0.00026953308,0.0006902696
edrsh1s,surprise,surprise,0.045217734,0.004410868,0.004228868,0.00302429,0.03173975,0.91137856
edrspwi,joy,joy,0.00540542,0.0004165181,0.0014236742,0.944616,0.0031057387,0.04503261
edrsxim,anger,anger,0.94224876,0.0056167627,0.00060537766,0.029419353,0.012621265,0.009488476
edrt252,surprise,surprise,0.001945607,0.0007763576,0.0011569129,0.008909311,0.0012694623,0.9859424
edrtk9a,anger,joy,0.16544959,0.001467947,0.0020665086,0.79247683,0.015774673,0.022764383
edrtqvh,sadness,surprise,0.008152035,0.0023527192,0.01900724,0.009620145,0.06456379,0.89630413
edrv9ho,joy,joy,0.0019977284,0.00024081604,0.00029494005,0.99554574,0.00040012127,0.0015205883
edrvz07,sadness,sadness,0.069126576,0.004359724,0.045488972,0.23893996,0.36110774,0.28097698
edrw5oj,anger,anger,0.8058583,0.036816668,0.0018458763,0.0077511272,0.05134932,0.09637866
edrwj9z,joy,joy,0.0009023677,0.00043537843,0.00047331167,0.992757,0.000426499,0.005005422
edrwv86,joy,joy,0.0006319515,0.00017452026,0.00026404927,0.997993,0.00035285985,0.00058361964
edry16j,sadness,anger,0.73996335,0.03126264,0.003132631,0.0064349277,0.17498064,0.04422583
edryqzy,surprise,surprise,0.011423947,0.0019453609,0.0017977465,0.47513992,0.0036846367,0.5060084
edryt26,joy,joy,0.0025298628,0.000451259,0.0006685499,0.97206503,0.0013087215,0.02297662
edrz015,sadness,sadness,0.003686896,0.0019543532,0.0019784656,0.0041199885,0.9846868,0.0035734228
edrz9eh,surprise,surprise,0.008713418,0.0010864125,0.0011105057,0.015879832,0.0014844252,0.9717253
eds0hr5,surprise,surprise,0.0016501598,0.0025398734,0.0031590909,0.10830097,0.0018553768,0.8824945
eds1dcs,sadness,anger,0.4958829,0.1284242,0.0067255674,0.013323927,0.32872128,0.026922092
eds3bcc,surprise,surprise,0.0016535579,0.0014690221,0.001270165,0.0072272806,0.00075758557,0.98762244
eds3wxg,joy,joy,0.0018790218,0.0002062281,0.00023065283,0.9936959,0.00270925,0.0012789271
eds47vb,sadness,sadness,0.008279426,0.0015527209,0.0033856358,0.030562859,0.9343941,0.02182524
eds50m7,anger,joy,0.08840835,0.0015957489,0.0028352116,0.69201684,0.04710692,0.16803692
eds66tg,sadness,sadness,0.010412216,0.004229802,0.002317423,0.018645264,0.9587158,0.0056795445
eds67fv,joy,surprise,0.015223896,0.006000255,0.006078919,0.28082854,0.17989065,0.5119778
eds6tu1,joy,joy,0.000697801,0.00018814097,0.00021631569,0.9972691,0.0003592869,0.0012693674
eds7ex0,joy,joy,0.0007124204,0.0003233764,0.0004143032,0.996546,0.00043750735,0.0015664222
eds9aaa,joy,joy,0.0013232734,0.00031045396,0.00025077318,0.9939867,0.00043288997,0.0036958847
eds9dw6,sadness,anger,0.9117029,0.017678034,0.0008830448,0.0064869616,0.020596547,0.04265254
eds9k7h,anger,anger,0.9533432,0.0024274096,0.0013724247,0.022563238,0.01566212,0.004631633
eds9m15,joy,joy,0.07922031,0.0065776855,0.0022897546,0.8870629,0.020791762,0.004057619
eds9xsf,sadness,surprise,0.057179883,0.00537464,0.0125498995,0.027744567,0.20762238,0.68952876
edscggi,joy,joy,0.006528759,0.00078434777,0.00079859357,0.983854,0.0015538775,0.006480401
edsdvqa,surprise,surprise,0.038715526,0.0017401824,0.0018272364,0.0057352735,0.0027660143,0.94921577
edsfu94,surprise,joy,0.0067192586,0.00089636346,0.0011052495,0.9250082,0.006087522,0.060183436
edshplx,joy,joy,0.00057332305,0.0002993952,0.00064096047,0.99117345,0.00545799,0.001854799
edshtiy,joy,joy,0.001967151,0.00027995114,0.00028594787,0.9945591,0.00051297434,0.00239484
edsi6yc,surprise,surprise,0.009187091,0.001035885,0.0010990299,0.04619986,0.003790104,0.93868804
edsi9v1,joy,joy,0.0019558836,0.00084747165,0.0008541213,0.9926916,0.00029817104,0.0033527694
edsjw97,joy,joy,0.00057559065,0.00020120334,0.00035722027,0.99797136,0.00039374543,0.0005008221
edsm5k1,joy,joy,0.04097651,0.0015417549,0.0018045366,0.54933476,0.0058892877,0.40045312
edsm5lz,joy,joy,0.014396957,0.0012033754,0.0031659156,0.53678066,0.004377958,0.44007513
edsmp9z,anger,anger,0.61500096,0.005363432,0.011938704,0.09755444,0.14382322,0.12631921
edsnppm,anger,anger,0.9137505,0.00352965,0.0016824845,0.057995513,0.008992037,0.014049763
edsqx2s,surprise,sadness,0.109106176,0.0063050566,0.030406931,0.028922401,0.71704596,0.108213514
edsrjo3,joy,joy,0.0010755485,0.0009409266,0.006175749,0.8516164,0.0020741143,0.13811725
edstbuq,anger,anger,0.7457101,0.18492447,0.01661263,0.004740279,0.02942321,0.018589353
edstk1a,joy,joy,0.00095946516,0.00033625323,0.00028919647,0.9970668,0.00034019593,0.0010080005
edstpg9,joy,joy,0.0005174692,0.0002430838,0.00038043692,0.9979662,0.00037978136,0.00051312597
edsu71o,sadness,sadness,0.0029444946,0.0017694342,0.0028633126,0.010611807,0.9757036,0.006107422
edsug6k,joy,joy,0.00070667756,0.00014669464,0.00027597733,0.9971608,0.00088014186,0.00082969666
edsv92b,joy,surprise,0.035804402,0.0038386965,0.003497175,0.19919926,0.012836275,0.74482423
edsvehr,joy,joy,0.00047341755,0.00030285216,0.00085876544,0.99682033,0.0005052123,0.0010394884
edsvkcy,anger,anger,0.94051725,0.015380017,0.005739523,0.0051667015,0.029553477,0.003642931
edsy9ne,joy,anger,0.7523977,0.011259509,0.0017749254,0.10817785,0.058523454,0.067866534
edszd1h,sadness,surprise,0.10041881,0.005763767,0.014746498,0.21256739,0.2125939,0.45390955
edt00u0,surprise,surprise,0.0048436355,0.0009203561,0.0018787361,0.0048390557,0.0023883355,0.98512983
edt0o70,anger,anger,0.70675474,0.0054352777,0.0030603297,0.017235275,0.23729254,0.03022173
edt16me,joy,joy,0.00056688307,0.00022679757,0.00034681582,0.99667823,0.00045474854,0.0017265321
edt1jwx,joy,anger,0.633697,0.032093655,0.007974733,0.04260645,0.11687772,0.16675052
edt1lh5,joy,joy,0.0007504579,0.00029215895,0.00031025358,0.9972083,0.00030330278,0.0011354921
edt1t1f,joy,joy,0.0005998602,0.0002413005,0.00031797762,0.9979272,0.00030163024,0.0006119629
edt2lfv,joy,joy,0.0005384124,0.0002394244,0.0003118888,0.9978725,0.00028732244,0.00075056293
edt2ngm,joy,joy,0.0008664878,0.0001701427,0.00052928604,0.99513286,0.0004573335,0.002843865
edt50jp,surprise,surprise,0.0033298288,0.003045522,0.003141899,0.42921323,0.002684454,0.5585851
edt6749,surprise,surprise,0.03264155,0.0029193806,0.0008927503,0.0014612897,0.0024742503,0.9596108
edt6gpu,joy,joy,0.0012090022,0.0008653848,0.002795142,0.8783373,0.0023397913,0.11445336
edt70sd,joy,joy,0.00427127,0.000372696,0.00025992756,0.9916431,0.0011129403,0.0023401447
edt8d01,surprise,surprise,0.0018607103,0.0015519767,0.0010699894,0.0021308544,0.0012068026,0.99217963
edt8ev8,surprise,surprise,0.0013554723,0.0012958256,0.0014874426,0.0024229118,0.00097156386,0.99246675
edt8evv,joy,joy,0.0017722823,0.000565389,0.0016661067,0.9688204,0.0033740143,0.02380177
edt8o4j,joy,joy,0.001525726,0.00029082302,0.0004353225,0.9837577,0.00080325274,0.013187202
edt8ypp,joy,joy,0.000469507,0.00023429644,0.0004213587,0.9979037,0.00035968324,0.0006114685
edt9f93,joy,joy,0.0009935135,0.0002775803,0.00035938807,0.9956791,0.00027335892,0.0024171753
edtao5v,anger,anger,0.97329426,0.003226866,0.00074755616,0.014885182,0.0036823421,0.0041638534
edtd1zc,joy,joy,0.0007772506,0.00027399417,0.00029407901,0.99650264,0.00025514208,0.0018968809
edtd82h,surprise,surprise,0.0060345605,0.001301206,0.0015383338,0.0019072127,0.0018175647,0.98740107
edtd8c4,joy,surprise,0.002315095,0.0019413253,0.0034479664,0.11254989,0.002615916,0.8771298
edtdcoe,joy,joy,0.000815264,0.0001450454,0.00034577964,0.9958269,0.0016920686,0.0011749322
edtdwxq,joy,joy,0.00077294925,0.0002465189,0.00027269442,0.9976732,0.000336366,0.00069824356
edtegwp,joy,anger,0.7061493,0.04454198,0.0020572606,0.109219976,0.1063935,0.031637948
edtfb89,joy,joy,0.00033270387,0.00025846687,0.0006138802,0.9958593,0.0007039131,0.0022316733
edtg8fe,anger,sadness,0.21890768,0.011386388,0.09689057,0.108538225,0.5138558,0.050421376
edtgpm5,surprise,joy,0.03453842,0.0032001087,0.0010376587,0.9274183,0.010079205,0.02372635
edtgy31,joy,joy,0.008527271,0.0006829488,0.00047256518,0.94955736,0.0017545372,0.03900526
edthbcg,sadness,anger,0.80391955,0.018672211,0.0019033258,0.002732556,0.013646939,0.1591253
edtjmvq,sadness,sadness,0.020668227,0.0037659348,0.011609144,0.004995655,0.9470789,0.011882186
edtjpix,joy,joy,0.034742396,0.0029252896,0.0006254861,0.93908006,0.001818723,0.02080807
edtkad3,joy,joy,0.007278415,0.0019358981,0.0005517115,0.98662424,0.0023769275,0.0012327312
edtlh85,fear,sadness,0.007963979,0.013407059,0.05499306,0.004717908,0.9145821,0.0043359734
edtmbvs,joy,joy,0.00053177023,0.00014654857,0.00030258522,0.9966781,0.0003751525,0.001965861
edtnkfj,anger,surprise,0.02166563,0.0013012774,0.0013794377,0.023591192,0.0043995,0.94766295
edtp10x,surprise,surprise,0.003191221,0.0012947973,0.0023328164,0.0012872461,0.0021939133,0.98969984
edtq4w8,sadness,joy,0.014744038,0.0029713984,0.0026915444,0.5409508,0.43119678,0.0074454895
edtrjsu,joy,joy,0.00058279076,0.0002042659,0.00036261266,0.99794227,0.00028943273,0.0006186167
edtrjvf,joy,joy,0.010274254,0.0007403539,0.0013923752,0.797609,0.026996924,0.16298717
edtrli2,anger,anger,0.964058,0.018184943,0.0015375697,0.00580136,0.004559546,0.0058586323
edtrnhy,joy,joy,0.00063738774,0.00015235152,0.00023651526,0.9969253,0.0006719645,0.0013763861
edtrq0k,anger,anger,0.81377417,0.009726059,0.006112253,0.059610646,0.013161993,0.09761491
edtsa1y,joy,joy,0.0008556347,0.0002808882,0.00028818287,0.997519,0.00038809248,0.0006681577
edtsyok,joy,sadness,0.27652454,0.18316157,0.008062834,0.06309413,0.4434356,0.025721371
edttf7b,joy,joy,0.00046889877,0.00020325449,0.000467025,0.99768066,0.0006533877,0.00052681204
edttxtt,anger,joy,0.0056312717,0.00047058155,0.0027179616,0.95665866,0.0032688358,0.03125269
edtu1s9,joy,joy,0.0018677608,0.00020883355,0.0006189313,0.99323493,0.0014631422,0.002606469
edtu6d0,joy,joy,0.0023393617,0.00026170627,0.00026078394,0.99468637,0.0009097065,0.0015420652
edturs5,joy,joy,0.00051269366,0.00023605092,0.00041415426,0.9945668,0.00033014157,0.0039402125
edtvbdl,joy,anger,0.9387003,0.006674765,0.0008027376,0.010461124,0.034399264,0.008961729
edtw33n,surprise,surprise,0.04079296,0.0024022432,0.0010282142,0.0029454464,0.0064800167,0.94635105
edtwr7i,joy,joy,0.0004332773,0.00024183524,0.0005037458,0.99560505,0.00042146476,0.0027945929
edtx20q,joy,joy,0.0006804991,0.00021325471,0.00025310184,0.99782,0.00038015872,0.0006528967
edtxbul,joy,joy,0.0009116497,0.00016506528,0.0002197103,0.996854,0.0007249024,0.0011246455
edtzlqk,anger,sadness,0.18982843,0.008026845,0.01624516,0.23531406,0.48736703,0.063218445
edtzvy1,joy,joy,0.0005593829,0.0002625199,0.00036888896,0.9977939,0.00024510323,0.00077018247
edu0iab,joy,joy,0.00087145885,0.00023480666,0.00027489848,0.99727863,0.00070612406,0.0006341092
edu2bx5,sadness,anger,0.71695024,0.004234385,0.0024236573,0.13687503,0.09538455,0.044132106
edu2qxd,joy,joy,0.00107817,0.00023463753,0.0008898416,0.9883279,0.007750989,0.0017184124
edu2u6w,sadness,sadness,0.040868603,0.004321877,0.0034123745,0.017437454,0.8746324,0.05932734
edu2v9i,joy,joy,0.0004013881,0.00037424034,0.00096910907,0.9864976,0.00049460295,0.011263072
edu2xyz,anger,joy,0.18750861,0.0051229405,0.0015492943,0.6585098,0.013896721,0.13341263
edu4ki3,joy,joy,0.00050391484,0.00020797524,0.00031053956,0.99785244,0.00025792062,0.00086720305
edu504s,surprise,surprise,0.00450363,0.0011673988,0.0009134275,0.0020245956,0.0015409157,0.98985004
edu6qjj,joy,joy,0.0013129326,0.0001692867,0.00020154298,0.99673826,0.0007670902,0.00081083516
edu77h4,sadness,sadness,0.004161048,0.0019520415,0.0033804378,0.23237953,0.7493703,0.008756715
edu8tz5,joy,joy,0.005250415,0.00095444603,0.0022360424,0.7114917,0.0024303095,0.27763715
edu9ed6,sadness,anger,0.47503963,0.010715017,0.19876057,0.084614545,0.17717707,0.053693146
edua72u,joy,joy,0.035289522,0.0026722918,0.010431863,0.6982608,0.13097139,0.12237419
eduag3k,joy,sadness,0.0028990668,0.0015878943,0.0017640392,0.013726846,0.97375387,0.006268213
edub220,fear,fear,0.002530198,0.0057240203,0.9716081,0.0030572219,0.014434387,0.0026459903
edub9tx,sadness,sadness,0.003337953,0.0024885354,0.0069902437,0.00621984,0.97413516,0.0068283896
edubn6w,anger,anger,0.9534518,0.003407206,0.0014313257,0.004445604,0.016128842,0.02113522
edubzwy,anger,anger,0.98092276,0.005066863,0.0014112125,0.005145884,0.0034323186,0.00402101
educr3b,surprise,surprise,0.15920667,0.0021454103,0.001621868,0.038017605,0.004692313,0.7943162
educxt4,joy,joy,0.012351883,0.00081203674,0.002616852,0.73267233,0.004532351,0.24701461
edudi7f,sadness,sadness,0.05025542,0.008684491,0.0043520583,0.020785248,0.61828035,0.29764235
eduebue,joy,joy,0.00082358194,0.00018058157,0.00030537567,0.9923936,0.0013429921,0.0049538137
eduezj9,anger,sadness,0.041253533,0.002864502,0.0072629172,0.22596179,0.68232244,0.040334806
edufg1x,joy,joy,0.0012859068,0.00023163413,0.00020995805,0.9951199,0.002145104,0.0010076083
edug0vo,joy,joy,0.0005466267,0.00020040885,0.000339699,0.99792224,0.00033082665,0.0006602889
eduieux,joy,joy,0.00072214083,0.00042112722,0.00040042962,0.99720275,0.00026388047,0.0009896382
eduimxm,anger,anger,0.94804734,0.0027269647,0.0012163362,0.022417914,0.009369575,0.016221851
eduioiv,joy,joy,0.00062466157,0.00028038208,0.00038481277,0.99634004,0.00025290798,0.0021172212
eduiukq,joy,joy,0.0004725801,0.0001757613,0.0004016343,0.99685836,0.00050502206,0.0015866654
eduoihe,joy,joy,0.0007828383,0.0002446456,0.0007772057,0.99246275,0.0015745922,0.004157994
eduowjs,sadness,sadness,0.0014257291,0.0013565684,0.0030962871,0.010145197,0.9787896,0.0051866258
edup6zj,joy,joy,0.00067328813,0.0002621184,0.0003220937,0.99749446,0.00029251073,0.00095550367
edupa9i,joy,joy,0.009414053,0.0009963729,0.0009843649,0.85169905,0.0030060108,0.13390015
eduppyb,joy,joy,0.0011346058,0.00026527556,0.00044097935,0.9940392,0.00031233413,0.003807686
edupzhr,anger,anger,0.66110206,0.0060820547,0.0019727787,0.005007954,0.021306932,0.30452827
eduq5ma,anger,anger,0.9733902,0.006134992,0.0009575807,0.001932641,0.0041084117,0.013476167
edur7xa,joy,joy,0.0008169334,0.00027470023,0.0005852095,0.97351396,0.0011620083,0.023647198
edus87j,joy,joy,0.0020979107,0.00027687126,0.0005004597,0.99356306,0.00057610264,0.0029856076
edusuax,disgust,disgust,0.17666766,0.54194754,0.01830669,0.0066134767,0.23665307,0.019811489
edusxnn,surprise,surprise,0.001948457,0.0013118663,0.0010750575,0.0029003185,0.00083597074,0.99192834
edutcwh,joy,joy,0.00060093007,0.00021677007,0.00046592267,0.996161,0.00053703063,0.002018393
edutjm3,surprise,joy,0.00050578086,0.00034623907,0.0012169138,0.9840279,0.0006488208,0.013254216
edutu9k,surprise,surprise,0.0032067148,0.0020710458,0.0042477413,0.00508421,0.007987258,0.9774031
eduu687,joy,joy,0.0007274587,0.00013764079,0.00022447642,0.9963211,0.000748948,0.0018403503
eduuhyy,surprise,surprise,0.0028029284,0.0010378176,0.00077271153,0.0019076596,0.00095269975,0.9925263
eduux4x,surprise,surprise,0.08446883,0.003047525,0.0016254522,0.013125187,0.015098455,0.88263464
eduvi7k,anger,surprise,0.02795646,0.002588518,0.005910134,0.30349436,0.020594163,0.6394564
eduvr08,joy,joy,0.00045403896,0.00020625186,0.0006761926,0.9968251,0.00082082144,0.0010175685
eduwluz,joy,joy,0.0004891725,0.00022466006,0.0005377463,0.9969555,0.00031789867,0.0014750109
eduwt9v,joy,joy,0.0009444809,0.00023579517,0.00025748144,0.99738616,0.00028079428,0.00089522806
edux5we,anger,joy,0.042719845,0.0020393985,0.023709612,0.50867313,0.3004979,0.12236013
eduxpaa,anger,anger,0.82625276,0.0037190241,0.008136594,0.04029572,0.074613966,0.046981942
eduxq58,joy,joy,0.00051647326,0.00017980947,0.00038191985,0.99383694,0.00048338145,0.0046014455
eduy2li,joy,joy,0.00071315933,0.00022235769,0.00028942997,0.99756646,0.00028803418,0.00092052657
eduycv3,surprise,surprise,0.008719202,0.001523216,0.0028468608,0.03507162,0.0019126255,0.9499265
eduyt4b,joy,sadness,0.1366008,0.0035985294,0.0070037628,0.23425555,0.51199615,0.10654523
eduz3yj,joy,joy,0.0019552785,0.00026787454,0.00021338722,0.996014,0.0005314108,0.0010180111
eduza9g,joy,anger,0.78787595,0.0021808925,0.0016507785,0.14263955,0.030788817,0.034864042
edv0aa2,joy,joy,0.04393939,0.0048925737,0.0011485692,0.92158157,0.010920921,0.01751697
edv0wb8,joy,joy,0.0007770361,0.00025574153,0.00025958088,0.99737215,0.00028253172,0.001052895
edv16j8,joy,joy,0.00088487775,0.0002550973,0.00078398024,0.9943456,0.000586167,0.0031442132
edv18r4,joy,joy,0.0007149049,0.00017149765,0.0003999267,0.9973137,0.0003907099,0.0010093155
edv1buq,joy,joy,0.00045963362,0.00020044873,0.00039948156,0.9966047,0.00036411127,0.0019716884
edv1o04,joy,joy,0.0022717537,0.001034053,0.0017725487,0.94465274,0.0016495944,0.04861932
edv1tfy,sadness,sadness,0.0020305796,0.0017110214,0.0060051447,0.0020837341,0.9836474,0.004522092
edv2jz0,joy,joy,0.0024549488,0.00022004089,0.00023260152,0.9933536,0.00065287674,0.003085903
edv36dw,anger,anger,0.9291382,0.0034727533,0.0028671564,0.008597238,0.029954301,0.025970263
edv41oq,joy,joy,0.0021935864,0.0003387853,0.00021927382,0.99310946,0.0007837752,0.003355176
edv4lx2,joy,joy,0.0005398296,0.0002005516,0.00032222006,0.9978048,0.00027334777,0.0008592858
edv4wxz,joy,joy,0.00057575083,0.00020683942,0.00027424307,0.99779797,0.00031780094,0.0008273798
edv5an2,joy,joy,0.007168633,0.0004367801,0.000548948,0.98264056,0.0011105533,0.00809454
edv67uw,joy,joy,0.0009559045,0.00017404604,0.000271004,0.99512357,0.0013003555,0.002175094
edv6fo2,anger,anger,0.81894773,0.022110324,0.004226245,0.044543233,0.09046677,0.01970572
edv6kpo,joy,joy,0.00038283662,0.00016885961,0.0004111583,0.9974298,0.0004519021,0.0011555032
edv6tie,joy,joy,0.002169306,0.0007065386,0.0011631004,0.9453969,0.00069465203,0.049869396
edv7c5c,surprise,joy,0.0016513655,0.0014640924,0.0022063053,0.8581937,0.0015177741,0.13496685
edv7lmf,joy,joy,0.0020214613,0.0002653428,0.0006308244,0.98855,0.0036206914,0.0049116593
edv85qt,joy,joy,0.0028990128,0.00039367296,0.0006589479,0.98993367,0.0014350209,0.0046796645
edv8awt,anger,sadness,0.038283642,0.006741747,0.0072046574,0.0043639485,0.9408751,0.0025309583
edv8uin,joy,joy,0.0012810176,0.0003524047,0.00035773002,0.9960984,0.00022737881,0.0016830205
edv9mqm,joy,joy,0.00037897876,0.00017457895,0.0003826075,0.99754816,0.00043121702,0.0010843416
edva009,surprise,joy,0.0020968127,0.0016360257,0.0037101272,0.89966244,0.0018397103,0.09105491
edva4pa,joy,joy,0.00078830053,0.00032910006,0.00041167374,0.9967619,0.0002588512,0.0014501486
edvadcs,joy,joy,0.0006808728,0.00046504682,0.0006717936,0.9931681,0.00027745042,0.0047367234
edvav98,fear,joy,0.0054758545,0.00086175126,0.0018484693,0.9308628,0.0038118444,0.057139292
edvch3f,joy,joy,0.0009532289,0.00024506278,0.0002986414,0.9975132,0.00035365057,0.0006362106
edve9ul,joy,joy,0.0005680478,0.00020867518,0.00032346207,0.9978563,0.00026403856,0.0007794466
edveb2k,anger,joy,0.023195222,0.0019165751,0.003607454,0.55784005,0.37973613,0.033704616
edvfikm,joy,joy,0.0006275013,0.00017329022,0.00046026308,0.9957211,0.0019492761,0.0010684875
edvfw7v,surprise,surprise,0.0018121487,0.0011178094,0.002322574,0.006081422,0.00133109,0.98733497
edvgmxn,surprise,surprise,0.40463552,0.004368284,0.014806307,0.054892972,0.02531789,0.495979
edvgoy5,surprise,surprise,0.0027449569,0.0011090443,0.0009727249,0.0016319792,0.0009942054,0.9925471
edvia6w,anger,surprise,0.33709297,0.012407679,0.0020072719,0.0044884603,0.030417629,0.61358595
edvii37,surprise,surprise,0.004237041,0.001332343,0.0015314764,0.0015405746,0.0012107986,0.99014777
edvjecd,joy,joy,0.0005736519,0.00022414733,0.00030458404,0.99789727,0.00038710982,0.0006132352
edvjm4u,joy,joy,0.0006668842,0.00029948435,0.00052997284,0.9962351,0.00033823648,0.0019303109
edvlt4b,joy,joy,0.004447703,0.001268007,0.00088419486,0.97167295,0.0010437758,0.020683415
edvm3k4,surprise,surprise,0.0025341844,0.0008362505,0.0015789901,0.007908541,0.0022612228,0.9848808
edvmi8h,joy,anger,0.4315371,0.003882643,0.0042524743,0.3811439,0.062815614,0.11636834
edvnz26,surprise,surprise,0.15309536,0.0038215232,0.001948763,0.012091759,0.05811682,0.77092576
edvo2j9,joy,joy,0.0005016602,0.00018237212,0.00032901546,0.99746406,0.00032045148,0.0012024412
edvok5j,joy,joy,0.0005342589,0.00028979944,0.00041476157,0.9977145,0.00046178896,0.00058480573
edvpyhy,anger,anger,0.91910714,0.007387139,0.003976037,0.0064600776,0.045824327,0.017245375
edvqwss,anger,anger,0.9283857,0.004446207,0.00076311844,0.018533941,0.022804055,0.025067113
edvrv7m,joy,joy,0.0005782714,0.0002090531,0.00027000022,0.9980326,0.00031369302,0.00059635215
edvsicp,joy,joy,0.006979539,0.0026455931,0.0009730816,0.9833815,0.0012476958,0.0047726203
edvsznx,sadness,anger,0.93928176,0.0062346286,0.0015695557,0.032775626,0.017199984,0.0029383812
edvujn0,surprise,surprise,0.017033443,0.0011585234,0.0035040637,0.104400694,0.008576067,0.86532724
edvwvkr,joy,joy,0.0021728796,0.0023139196,0.0073184865,0.7846699,0.0033283238,0.20019661
edvymh1,joy,joy,0.0043069324,0.000408471,0.00081207516,0.96724194,0.023608396,0.0036222574
edvyogb,joy,surprise,0.0050001885,0.0032231056,0.0023694606,0.108985685,0.0011307045,0.8792909
edvyuv9,joy,surprise,0.15832183,0.0021365273,0.0039008236,0.38272467,0.012684097,0.44023207
edvz139,joy,joy,0.00054103846,0.00020607542,0.00035695973,0.99775773,0.0006786065,0.0004596295
edvzcll,joy,joy,0.0012672625,0.00020468354,0.000876939,0.9947076,0.000604309,0.0023392332
edw0xlg,joy,joy,0.00074459554,0.00016099155,0.00023252773,0.9977012,0.00036765993,0.00079299323
edw2gad,joy,joy,0.000652372,0.00029312453,0.00040078672,0.99518555,0.0002640982,0.0032041848
edw2r5i,joy,joy,0.00040302982,0.00021042628,0.00040606165,0.99739623,0.0007583196,0.00082595117
edw36wc,joy,joy,0.027582675,0.013106819,0.002998503,0.8831062,0.0077120885,0.06549377
edw3a6u,anger,surprise,0.18464687,0.0040161368,0.001555614,0.0074218553,0.005985753,0.7963738
edw3eet,surprise,surprise,0.097625814,0.0031536787,0.0023169804,0.022909075,0.025889501,0.8481049
edw4l47,sadness,sadness,0.002833977,0.0025257964,0.002930875,0.004766476,0.980336,0.0066068415
edw4w7l,surprise,surprise,0.003759717,0.001428159,0.0016464037,0.0017337056,0.0021216385,0.98931026
edw593p,joy,joy,0.00077864656,0.00036561766,0.0004870269,0.99023646,0.00041992593,0.007712403
edw5hse,surprise,surprise,0.0053140973,0.003223295,0.01918703,0.0064166607,0.013453015,0.95240587
edw5p89,anger,anger,0.9620326,0.009777052,0.0013798121,0.0121781705,0.010632154,0.0040001026
edw6fuj,joy,joy,0.0006999609,0.00024902003,0.00032284122,0.9977882,0.00036432472,0.0005756305
edw6iq7,joy,joy,0.0018235723,0.00033171006,0.00021729383,0.9958281,0.00092193857,0.0008773556
edw6jvo,anger,anger,0.49202922,0.0020023775,0.0025825629,0.46040514,0.025517663,0.017463008
edw7tfe,sadness,sadness,0.00348931,0.0021259964,0.0021786455,0.004290154,0.98358303,0.0043328465
edw9bax,joy,joy,0.0011298275,0.0004511197,0.0009911289,0.99236226,0.004033289,0.0010323402
edw9jvd,joy,joy,0.008225544,0.0005366356,0.0003056532,0.98898053,0.0009045395,0.0010470949
edw9mxm,surprise,surprise,0.00386904,0.0007516516,0.0015510122,0.004207093,0.0030075412,0.9866137
edwbf3w,joy,joy,0.0007319161,0.00026882123,0.0005710435,0.9951198,0.00045582998,0.002852612
edwbgad,anger,anger,0.90297663,0.03223384,0.0025703644,0.019866832,0.023860874,0.018491428
edwby1b,joy,joy,0.0007459041,0.00021567842,0.00030179703,0.9977717,0.00047134835,0.0004936377
edwcz64,surprise,joy,0.002383372,0.0009777753,0.0010082078,0.8894977,0.0015117602,0.10462125
edwd6lw,joy,joy,0.0005630796,0.00018724157,0.0002893496,0.99508923,0.00080445025,0.003066624
edwd8xg,anger,surprise,0.3309844,0.008466566,0.0019709514,0.0071487087,0.02146878,0.62996054
edwdij4,anger,anger,0.9379291,0.018559001,0.002076641,0.0041354904,0.02391866,0.013381048
edweh8f,anger,anger,0.9764057,0.008564681,0.0012100709,0.0060987016,0.004792622,0.0029282602
edweo67,anger,anger,0.57584643,0.060675737,0.015349197,0.1880581,0.100311294,0.059759192
edweqdg,joy,joy,0.0006614452,0.0002393472,0.00046854714,0.99720263,0.0007269561,0.0007010331
edwevzu,sadness,sadness,0.005794009,0.003630338,0.0052661086,0.016713863,0.95249885,0.016096748
edwganm,joy,joy,0.09832324,0.0026749019,0.00076073833,0.887145,0.0032437865,0.007852363
edwgubd,joy,surprise,0.023038832,0.0011449782,0.0016699419,0.03684648,0.0023191723,0.9349805
edwh0b8,joy,joy,0.15491344,0.009809365,0.003441821,0.43761122,0.0043466594,0.38987753
edwh8wz,joy,joy,0.0008807071,0.00029021068,0.0003371602,0.9970611,0.00033732614,0.0010935535
edwhaem,joy,joy,0.0005852834,0.00035298904,0.0006397374,0.99269426,0.0008053724,0.0049222643
edwhebf,joy,joy,0.00061050674,0.00019124971,0.00061398203,0.99739325,0.00056358706,0.00062731275
edwi38y,surprise,surprise,0.0032110473,0.0015085016,0.003647096,0.0029467896,0.014305279,0.9743814
edwiska,joy,joy,0.0054541696,0.0003993416,0.0006846061,0.97888744,0.0112027405,0.0033716487
edwivg3,joy,joy,0.003886947,0.0006534586,0.0015393081,0.8211578,0.0075982786,0.16516425
edwjgey,joy,joy,0.0005071671,0.0001636843,0.0003106757,0.9979234,0.00046461882,0.00063048233
edwkk3o,joy,joy,0.00068383233,0.00014816724,0.0005506592,0.99597234,0.0009883078,0.0016566816
edwkkww,sadness,sadness,0.004229558,0.0015857697,0.0068608094,0.005151259,0.97527814,0.006894451
edwkvm5,sadness,sadness,0.0061057615,0.0019634543,0.0019105654,0.004121305,0.97638124,0.00951759
edwlobm,joy,joy,0.0028459493,0.0006883829,0.00065086334,0.98952174,0.00076229096,0.005530861
edwm0eu,joy,joy,0.00060282944,0.00024802552,0.0003324603,0.997891,0.00025389277,0.00067176635
edwnpw4,surprise,surprise,0.003371443,0.0010578467,0.0010677461,0.0015878616,0.0033602305,0.98955476
edwpyu0,surprise,joy,0.03051807,0.0023563332,0.0024849118,0.8471162,0.0042661675,0.11325829
edwr9lk,anger,anger,0.80110896,0.006475765,0.000722265,0.1761602,0.0046760053,0.010856766
edws4jx,joy,joy,0.00067218667,0.0003671287,0.00040191435,0.99566025,0.00028112088,0.0026174216
edwt74b,surprise,surprise,0.0023043023,0.0010333989,0.0022016156,0.0022496248,0.0017064991,0.99050456
edwtcvo,joy,surprise,0.0035864569,0.001650479,0.0022273308,0.07345425,0.0017913593,0.9172901
edwtm8q,joy,joy,0.04042128,0.00064988626,0.000843523,0.9419891,0.005117136,0.01097904
edwtmlc,joy,joy,0.00073612295,0.00028755353,0.00035342004,0.9975147,0.00031570913,0.0007925423
edwugs8,joy,joy,0.0005032311,0.00017659587,0.0003465709,0.9979201,0.0003120691,0.0007414349
edwui9i,joy,joy,0.024424126,0.0015686671,0.005839814,0.94607025,0.002279266,0.019817906
edwulr5,joy,joy,0.0005082377,0.0002575174,0.00048129988,0.99643385,0.00032300837,0.0019960525
edwvj8a,joy,joy,0.00095739786,0.00024835946,0.0005353023,0.9937436,0.0004038664,0.0041114194
edwvy2c,joy,joy,0.0005328524,0.00019075582,0.00040514782,0.996599,0.00074944174,0.0015227566
edwwczg,joy,joy,0.00067415327,0.00022655487,0.00024021587,0.9958377,0.00047291795,0.0025485079
edwwt14,joy,joy,0.00044091267,0.00021681434,0.00034316053,0.99609655,0.00038779379,0.0025148035
edwwu0i,anger,anger,0.92006654,0.021928107,0.0018841656,0.04474046,0.006835974,0.004544734
edwxogj,joy,joy,0.0006270835,0.00020467046,0.00028783336,0.9976489,0.00026335378,0.0009682661
edwxutk,surprise,surprise,0.014282145,0.0019132693,0.0013341228,0.023540325,0.007221198,0.95170903
edwxz16,joy,surprise,0.30283928,0.00363138,0.0029597827,0.32902953,0.025211275,0.3363287
edx0hvk,joy,joy,0.0006664007,0.00018652187,0.00023052793,0.9977325,0.0003020498,0.0008818652
edx167z,joy,joy,0.0007789021,0.00020073813,0.00026145956,0.9976762,0.000316613,0.00076610304
edx1l7z,anger,anger,0.5131196,0.010888053,0.00620211,0.018636271,0.17049342,0.28066054
edx1m4z,anger,anger,0.8477003,0.0068359515,0.001231516,0.06662431,0.035573732,0.04203421
edx28qm,anger,joy,0.0035506815,0.00018492455,0.00022211016,0.9923658,0.0010468469,0.0026296466
edx2c5f,joy,joy,0.00074340584,0.00015118135,0.00027088253,0.99573284,0.001140995,0.001960746
edx2onn,joy,joy,0.0003806986,0.00018071468,0.0006542272,0.9963266,0.0012292337,0.001228452
edx3vuu,sadness,fear,0.06239939,0.014558397,0.6162785,0.025268776,0.2688232,0.012671708
edx4qxl,anger,anger,0.9546234,0.0038702514,0.001292482,0.019911563,0.008942167,0.011360151
edx5ljb,anger,fear,0.05093732,0.00770854,0.8760462,0.021284949,0.026024854,0.017998146
edx610q,joy,joy,0.0005960486,0.0001840717,0.00029438175,0.9977435,0.00058439124,0.00059759134
edx6l0q,joy,joy,0.0006833758,0.00018720212,0.00019777595,0.997592,0.00051317434,0.0008264831
edx9130,anger,anger,0.9320891,0.023601232,0.00088994857,0.010807062,0.026356779,0.006255894
edx9as5,joy,joy,0.0006519302,0.0002010433,0.00035256025,0.99679536,0.0002740331,0.001724983
edx9evc,joy,fear,0.12139031,0.0072385264,0.6688946,0.13699189,0.03127589,0.034208775
edxaf6n,surprise,surprise,0.0022611648,0.0009962542,0.0038960928,0.017856954,0.019107563,0.95588195
edxb017,sadness,sadness,0.012863864,0.0025505114,0.00931153,0.03346857,0.91671073,0.025094794
edxbhxi,joy,joy,0.0007026407,0.00021885206,0.00029508746,0.9974759,0.00047160537,0.000835891
edxc38n,joy,surprise,0.041314207,0.003398596,0.0020926583,0.15637109,0.016749293,0.7800742
edxcfte,sadness,sadness,0.04337952,0.009966471,0.0021788215,0.005550937,0.92986596,0.009058256
edxcfwb,anger,sadness,0.15341143,0.030403111,0.0040371446,0.03679581,0.762834,0.012518472
edxciwr,joy,joy,0.0006105394,0.0002644498,0.0005624756,0.99729866,0.00035984654,0.0009041522
edxdl9p,joy,joy,0.0059049125,0.00035386218,0.0005311888,0.96628976,0.018692363,0.0082277935
edxerwb,sadness,joy,0.0106759155,0.001342753,0.0014593026,0.7748861,0.045749463,0.16588649
edxettj,joy,joy,0.0011722234,0.00015689657,0.0002193758,0.99602556,0.00085468206,0.0015712635
edxfq90,anger,anger,0.44589373,0.0077175815,0.014879214,0.07258796,0.3878464,0.07107512
edxg0ex,joy,joy,0.008434688,0.0004017854,0.00048005028,0.9834267,0.0028301585,0.004426585
edxg0sq,disgust,anger,0.68671983,0.02684576,0.0016194882,0.044695042,0.21729118,0.02282871
edxg5pu,anger,surprise,0.3722829,0.0040221843,0.0021311918,0.019727876,0.01294743,0.5888884
edxgc1a,anger,anger,0.8208262,0.009246993,0.008496575,0.010882609,0.10255467,0.047992982
edxgh62,sadness,sadness,0.011080275,0.0020017182,0.01161009,0.042066067,0.9218205,0.01142142
edxh4uo,joy,joy,0.0011857045,0.00029475376,0.0002523946,0.9965417,0.00037467267,0.0013508382
edxi109,joy,joy,0.00051542616,0.00021383267,0.00034727703,0.99805605,0.00033583993,0.00053153664
edxibpc,surprise,surprise,0.0015894654,0.0007807362,0.0010390813,0.0052429996,0.0014971633,0.98985064
edxiew8,joy,joy,0.0030592303,0.0003558304,0.00043807516,0.99156606,0.00038607125,0.0041947905
edxif37,surprise,surprise,0.0016369892,0.0014944703,0.0018654799,0.0040196623,0.001158173,0.9898253
edxk0cx,joy,joy,0.0020167297,0.0005495856,0.0006813526,0.9874154,0.00058515836,0.008751816
edxl6b0,anger,joy,0.00084641913,0.0002545229,0.00035036658,0.9974126,0.00031478907,0.0008212766
edxl7a7,joy,joy,0.0019019371,0.00044536646,0.00053111627,0.9701919,0.0008144423,0.02611525
edxo30p,joy,joy,0.00040115652,0.00017832869,0.00033993996,0.9978884,0.00045868708,0.0007334928
edxoel6,disgust,fear,0.15026969,0.16509384,0.6231053,0.002791942,0.051134072,0.007605214
edxoipc,sadness,surprise,0.003722409,0.0011186732,0.0025985958,0.006385724,0.0029762406,0.98319834
edxops3,joy,joy,0.0004490575,0.00024178879,0.00039925144,0.9976882,0.00045968642,0.00076198584
edxoxsd,sadness,sadness,0.0022854588,0.0020273714,0.0038071768,0.004971126,0.9823232,0.0045856233
edxp1b0,surprise,surprise,0.0035441837,0.0011808786,0.0013416639,0.019749893,0.0014020366,0.97278136
edxp1pm,joy,sadness,0.041728918,0.0031480994,0.011078368,0.28965,0.4576884,0.19670627
edxpqe5,anger,surprise,0.061359115,0.00289464,0.003668528,0.08561168,0.014305141,0.832161
edxq2hg,joy,joy,0.079689905,0.0008078947,0.0013978812,0.8745607,0.014275769,0.029267827
edxqdx2,anger,sadness,0.0053812237,0.002122982,0.011791454,0.0065789465,0.9196353,0.05449002
edxrgjo,anger,anger,0.9705437,0.010313054,0.0010376424,0.0033702147,0.00809301,0.0066422983
edxrpqh,surprise,joy,0.004851437,0.0020064407,0.0026995789,0.4974395,0.0031943114,0.48980868
edxru2a,joy,joy,0.0009623866,0.0004164752,0.0009414621,0.99634093,0.0003393264,0.0009994213
edxsah4,surprise,surprise,0.004443284,0.003955062,0.022705045,0.0039252457,0.007011685,0.95795983
edxt2cd,joy,joy,0.0011463916,0.00044309194,0.00054434873,0.9800938,0.0005025735,0.017269723
edxu79l,joy,joy,0.001328374,0.00015569474,0.00026858598,0.9933761,0.0018250823,0.0030461727
edxurt1,joy,joy,0.0004579262,0.00018611157,0.0002951538,0.9979494,0.00031756196,0.00079378183
edxw86b,joy,joy,0.0018314421,0.00027533778,0.0022681665,0.9922735,0.0012432415,0.0021082403
edxxiui,joy,joy,0.00066314853,0.0002785688,0.0003545074,0.9976386,0.00026212604,0.00080303027
edxxorc,joy,joy,0.00077772175,0.00017779101,0.00045998336,0.99643123,0.0012283612,0.0009249075
edxy2lx,joy,joy,0.0005523111,0.00022496992,0.00037892134,0.99790025,0.0003987153,0.00054486305
edxyv64,joy,anger,0.46633482,0.17186299,0.20328753,0.10842183,0.016678147,0.03341468
edxz06q,joy,joy,0.001431902,0.00025216275,0.0002609893,0.99623317,0.0004985072,0.0013233693
edxz28x,joy,joy,0.00083148817,0.00025216985,0.00025215733,0.9967526,0.00042362825,0.0014880234
edxz5nc,joy,joy,0.004743941,0.0007475712,0.0029189652,0.9158364,0.061832935,0.013920279
edxzrwk,joy,surprise,0.02597258,0.0066526476,0.005877002,0.40655026,0.0030021728,0.5519454
edy00w7,joy,joy,0.00091553526,0.00020974522,0.00039071307,0.9950009,0.00042589311,0.0030572107
edy0432,joy,joy,0.0006414511,0.00019435391,0.00029501686,0.997787,0.00034659886,0.000735568
edy0f7h,joy,joy,0.0003749109,0.00015318538,0.00051820464,0.9963839,0.00061690307,0.0019529208
edy0mwh,joy,joy,0.0011108713,0.0001914178,0.00028210992,0.99341875,0.0028794238,0.0021173982
edy0ygl,anger,anger,0.43714264,0.0379252,0.009451195,0.013237553,0.23976299,0.26248044
edy12qk,surprise,surprise,0.0034907144,0.0014846277,0.001800468,0.0017337899,0.008381447,0.98310894
edy17ec,sadness,sadness,0.0020291773,0.0018272238,0.0025801687,0.0022130632,0.98855597,0.0027943505
edy1rlg,sadness,sadness,0.0020238583,0.0016227463,0.0022741216,0.00226884,0.988283,0.003527402
edy238r,joy,surprise,0.004329478,0.002370342,0.0020949098,0.48893064,0.0016099174,0.5006647
edy2hla,joy,joy,0.0005354639,0.00022940844,0.00030511213,0.997755,0.00024976686,0.00092531036
edy3ye6,joy,joy,0.00078902626,0.00025296595,0.00022933065,0.99727005,0.00030574168,0.0011528907
edy42de,joy,joy,0.001045543,0.00033251615,0.00028224537,0.997152,0.00030397627,0.0008837133
edy43mo,surprise,surprise,0.04906734,0.002387493,0.0014728508,0.0033636012,0.0051808115,0.9385279
edy5pfy,surprise,surprise,0.004604737,0.0012928554,0.0014202714,0.0019892424,0.0015206728,0.98917216
edy7ig5,joy,joy,0.0006969762,0.0001611516,0.00040738928,0.99583817,0.0016729143,0.0012233788
edy89eu,joy,joy,0.0006742973,0.00021079367,0.00021966657,0.99711096,0.0003771928,0.001407135
edy8fx8,anger,surprise,0.044930615,0.002222847,0.002320416,0.0027076616,0.006338751,0.94147974
edy9mpa,surprise,surprise,0.0018025981,0.0010042964,0.0012587585,0.0077554374,0.0015813593,0.9865976
edy9r0a,joy,joy,0.0005553527,0.00026549268,0.0004908024,0.99658847,0.00036055953,0.0017392624
edy9rtw,anger,anger,0.9786769,0.0039295997,0.0008879553,0.011048681,0.0024924579,0.0029643541
edydbrd,surprise,surprise,0.0012091792,0.0012594516,0.0018909647,0.0056930287,0.0013617646,0.98858565
edyeci4,joy,joy,0.0010312154,0.00024133387,0.00023560517,0.99731076,0.000278608,0.0009025383
edyf3sz,joy,joy,0.0006967892,0.00021297531,0.00026034127,0.99775285,0.0004769095,0.00060009037
edyfb1e,joy,surprise,0.025093708,0.0010178228,0.0011159865,0.04532856,0.0043909512,0.923053
edyfgxf,anger,anger,0.976478,0.0106015485,0.0008654032,0.0047570383,0.0038582624,0.0034397566
edygc8n,joy,joy,0.0007396453,0.000174459,0.00021988708,0.99761415,0.0004667826,0.000785097
edyh1vv,joy,joy,0.00085364934,0.00022964162,0.0002549546,0.9975725,0.0003538668,0.0007354193
edyh31u,sadness,sadness,0.004120973,0.0034993296,0.0038585798,0.0020528645,0.98143,0.005038189
edyh8nf,joy,joy,0.00062559056,0.00020757096,0.00031368656,0.9976828,0.0006439138,0.00052639935
edyhkt0,joy,joy,0.006219825,0.0006247978,0.00057354954,0.9407379,0.0026980673,0.04914584
edyhvzr,joy,joy,0.12315956,0.0027883584,0.00059117854,0.80713993,0.011603953,0.054716963
edyjwba,joy,anger,0.9174021,0.0030887658,0.0031524058,0.036822677,0.020962851,0.01857124
edylmcp,joy,anger,0.8035251,0.0098413145,0.0011700327,0.14249581,0.031112919,0.011854907
edyltyu,joy,joy,0.0006631851,0.0002082542,0.00031087603,0.99752945,0.00036558675,0.0009226636
edylujn,joy,joy,0.0386938,0.0021968854,0.0027630073,0.82442784,0.08673812,0.045180306
edylvqw,joy,joy,0.00079251383,0.00025763444,0.0003013816,0.99744034,0.0003024971,0.00090565934
edyo0i0,joy,joy,0.11403383,0.0019413494,0.0018259331,0.86236626,0.0035798787,0.016252788
edyp9kw,joy,joy,0.00065128534,0.00022454027,0.0003063601,0.99759525,0.00024023604,0.0009822933
edypsys,joy,joy,0.000480407,0.00021730908,0.0003154774,0.99788684,0.00025444388,0.00084557716
edypzin,sadness,fear,0.008892801,0.0041473056,0.6523782,0.2992291,0.009118833,0.026233714
edyq6jv,anger,surprise,0.294522,0.00590869,0.0032530248,0.014964807,0.031094806,0.6502567
edyqkjq,joy,joy,0.042072862,0.036310144,0.0041090627,0.87238353,0.0075439047,0.037580553
edyr0h4,surprise,surprise,0.0089086825,0.0019208569,0.0008754475,0.012635524,0.002056897,0.97360265
edyr65q,joy,joy,0.36709636,0.0030493487,0.0010188092,0.5817401,0.010413839,0.036681622
edyrazk,fear,fear,0.04696253,0.013707231,0.82174474,0.062079765,0.011864261,0.04364145
edysgf1,joy,joy,0.004810478,0.00033946958,0.0010090398,0.96549046,0.010894306,0.017456267
edyt1be,anger,anger,0.8344991,0.024172952,0.0014959769,0.0061901193,0.12746689,0.0061749984
edytles,anger,anger,0.96012473,0.01955196,0.002088507,0.0046114037,0.010933089,0.0026903467
edyu8lh,joy,joy,0.013281885,0.00080954283,0.0012327256,0.9679212,0.0021185784,0.014636047
edyuf6t,joy,joy,0.00067541504,0.00026333946,0.0003557684,0.99780196,0.0002715648,0.0006319881
edyw8ml,joy,anger,0.84750766,0.0030223627,0.00092262507,0.11361555,0.012405911,0.022525935
edywvj0,surprise,surprise,0.017247278,0.0016584907,0.005123761,0.007817401,0.005460372,0.96269274
edywxbz,joy,joy,0.0005208685,0.00017405603,0.00023487785,0.9972404,0.0010055727,0.00082418125
edyxeyd,joy,joy,0.0006106384,0.00020819798,0.0003051793,0.99794513,0.0002840867,0.00064676855
edyxvva,surprise,surprise,0.13082014,0.0029044584,0.0015988123,0.017797317,0.027465278,0.81941396
edyxz6s,surprise,surprise,0.0028671555,0.002007716,0.00258156,0.0010705132,0.004868657,0.9866043
edyyavm,joy,surprise,0.005326778,0.002749137,0.0034210565,0.25676063,0.00250174,0.7292406
edyz9mf,joy,joy,0.000522145,0.00022542386,0.00040705613,0.99784946,0.0004101793,0.0005857492
edyzgiu,joy,joy,0.0013478064,0.0002068624,0.00019166198,0.99668187,0.0006283497,0.00094337977
edyzheb,anger,joy,0.025519649,0.0011996746,0.00087579177,0.90578693,0.0030874505,0.06353046
edyzla1,surprise,joy,0.00863482,0.009517171,0.09749766,0.83543104,0.0030852724,0.045834072
edyzva9,joy,joy,0.0006652635,0.00031371554,0.00040121193,0.99576735,0.0002762875,0.0025761263
edyzwev,joy,joy,0.005202784,0.0012316699,0.001266153,0.9574078,0.0015967619,0.03329486
edz039y,disgust,disgust,0.039415754,0.9157278,0.009885403,0.010599202,0.016959924,0.00741185
edz0acx,joy,surprise,0.0023544973,0.0011946209,0.0033704073,0.056042816,0.0027372423,0.9343004
edz12gy,joy,joy,0.0020596297,0.0002847833,0.00056643516,0.98646843,0.00411474,0.006505974
edz1wjs,surprise,surprise,0.0029333786,0.0010548679,0.0010236256,0.002108723,0.001067597,0.9918119
edz2aql,anger,anger,0.98208284,0.004622291,0.00070051843,0.0025084498,0.0052467235,0.0048391307
edz2b6d,sadness,sadness,0.0044952706,0.0016401615,0.0019736935,0.012252692,0.97382915,0.0058091125
edz372z,sadness,sadness,0.006850841,0.0016745055,0.002138418,0.007662929,0.9725274,0.009145947
edz3jp6,joy,joy,0.017752104,0.00072398176,0.00055939873,0.95248955,0.0064478638,0.022026984
edz4tbv,joy,joy,0.0011035049,0.00021635702,0.0002582953,0.9925235,0.0004290918,0.005469293
edz4ufc,joy,joy,0.0008683218,0.000266273,0.0003543729,0.9971185,0.00041280207,0.0009798446
edz501j,surprise,surprise,0.0023007211,0.0015488003,0.002187981,0.008044225,0.001678874,0.98423946
edz52lz,anger,sadness,0.26070762,0.007888946,0.008823983,0.13051766,0.5032019,0.08885989
edz59cb,joy,joy,0.0004123862,0.00017231634,0.000419268,0.99729925,0.00059319736,0.0011035347
edz5u0d,anger,anger,0.89715815,0.0324158,0.0024386737,0.016776724,0.021066943,0.030143773
edz67wm,anger,anger,0.3244216,0.0067664613,0.009510175,0.2740474,0.19074142,0.1945129
edz6cfd,joy,surprise,0.012176397,0.0011854571,0.00085929804,0.023903796,0.0021176564,0.9597575
edz7072,sadness,sadness,0.0072999964,0.0021637965,0.0029389388,0.022477029,0.9049216,0.06019862
edz70xl,joy,joy,0.0008915404,0.0002532056,0.0002741055,0.99727076,0.00026519073,0.0010451227
edz7ahe,joy,joy,0.0006434444,0.00018471233,0.00034476226,0.9975114,0.00062279333,0.0006929197
edz7kad,joy,joy,0.0010445986,0.00016457088,0.00025162645,0.996804,0.0006570467,0.0010781274
edz7nsf,joy,joy,0.00073731894,0.00030026186,0.00033165576,0.99758875,0.00030886132,0.0007332155
edz7tt2,surprise,surprise,0.0057815504,0.0013394288,0.00083459343,0.0070505645,0.001053128,0.98394066
edz87wc,joy,joy,0.0032093811,0.0003317679,0.00024915708,0.99280965,0.0022947362,0.0011053358
edz8i7b,surprise,surprise,0.006354143,0.0019435807,0.009127141,0.019905217,0.09050441,0.8721655
edz9es0,joy,joy,0.00048618918,0.0002385683,0.00037968086,0.99757844,0.00033282943,0.0009842408
edzabio,surprise,surprise,0.05795971,0.0021690424,0.0012413557,0.20500697,0.010743873,0.722879
edzacs2,anger,anger,0.8019657,0.009547021,0.001868406,0.015437855,0.030099107,0.14108188
edzaz8b,joy,joy,0.00080291484,0.00026481613,0.00027188522,0.9942812,0.0004538901,0.003925423
edzc8n3,joy,joy,0.003155368,0.00035646663,0.00033315882,0.9838104,0.0017997253,0.01054491
edzd6xv,joy,anger,0.9268279,0.009087233,0.0011136151,0.0040521417,0.018573878,0.040345285
edze4r2,joy,joy,0.003197952,0.00048615912,0.00029381478,0.9911623,0.0012076341,0.003652153
edze5e7,joy,joy,0.001084451,0.000205956,0.00024454453,0.99644655,0.00058130216,0.0014372363
edzeyr1,sadness,sadness,0.023115827,0.0024891496,0.012132315,0.024659036,0.91770375,0.019899884
edzfb4z,joy,joy,0.00061378663,0.00014084006,0.0002380797,0.9974074,0.00067539525,0.00092451705
edzg6oo,joy,joy,0.00044668198,0.00019979922,0.00037355933,0.9960039,0.00036493698,0.0026110336
edzh5rz,surprise,surprise,0.0017169898,0.0013617437,0.0021290053,0.014549526,0.0014404424,0.9788023
edzhvdj,joy,joy,0.0005695788,0.00018285382,0.00024318775,0.9978808,0.00032570993,0.00079777755
edzihwd,sadness,sadness,0.0049544135,0.0033710303,0.014515653,0.03807036,0.9121056,0.026982933
edziqjn,joy,joy,0.0011276108,0.0001906486,0.00026297843,0.9970842,0.0003365164,0.0009980929
edzj5fx,joy,joy,0.00067755784,0.00031528622,0.00039854716,0.9976749,0.00025538207,0.0006783603
edzj808,surprise,surprise,0.0027551018,0.0011754646,0.0014388544,0.002000987,0.0017142213,0.99091536
edzjc3j,surprise,surprise,0.0013388373,0.0011840222,0.0012179757,0.0044123456,0.0015940389,0.99025273
edzjzj3,sadness,sadness,0.0029544027,0.0025488238,0.03734397,0.020570947,0.92996025,0.0066215633
edzk8qa,joy,joy,0.00050761126,0.00020573878,0.00040077,0.9963025,0.00030293656,0.0022804784
edzkfht,joy,joy,0.0028003736,0.00027665857,0.00027826606,0.9948896,0.00053275964,0.0012222894
edzkwqe,joy,joy,0.00074243045,0.0002702275,0.00031421948,0.9978102,0.00027198403,0.0005910163
edzlaqy,anger,joy,0.30348894,0.0019947055,0.0016012426,0.6578111,0.020058753,0.015045295
edzlxbx,surprise,surprise,0.0032557102,0.0011820872,0.0011278926,0.0016202042,0.0009076871,0.9919064
edzm47g,joy,joy,0.00034676952,0.00016445691,0.00040907256,0.99749124,0.0005179367,0.0010705963
edzn5rp,joy,joy,0.00039971,0.00018351684,0.00040677734,0.99771535,0.0005568169,0.00073783845
edzna3j,joy,joy,0.0007637583,0.00047349892,0.0008290518,0.97666013,0.00089389435,0.02037972
edznxiw,joy,joy,0.0027184365,0.0002245624,0.00053478347,0.9867004,0.0031534084,0.0066684424
edzorzo,anger,anger,0.9559946,0.0044714957,0.00096010824,0.014013727,0.011086352,0.013473645
edzqofj,joy,joy,0.00047921852,0.00030126382,0.00050913106,0.99699533,0.00030393954,0.0014111329
edzrglx,sadness,anger,0.62726414,0.055613413,0.0073857885,0.0043068575,0.29581895,0.009610741
edzsjqa,joy,joy,0.0006256611,0.0002863618,0.0023484547,0.9945268,0.000957804,0.0012549045
edzsofe,joy,joy,0.0020337831,0.0003959677,0.0002762536,0.99546766,0.0007524862,0.0010738354
edzsozm,joy,joy,0.0037336505,0.00045458484,0.0007480006,0.9869631,0.00097234565,0.007128254
edzstm7,joy,joy,0.0018007542,0.00024205707,0.00026949958,0.97919184,0.0027497308,0.01574621
edzsyk7,joy,joy,0.0014856646,0.00018551662,0.0002426116,0.9966736,0.00039706682,0.0010155245
edzvhjr,joy,joy,0.0004967256,0.0001908323,0.00036660564,0.9977386,0.00040311605,0.0008040572
edzvs3e,joy,joy,0.0007099469,0.00021318941,0.0002885658,0.9967661,0.0010380168,0.000984156
edzw5b3,surprise,anger,0.41661406,0.005525567,0.005327373,0.065204374,0.122036606,0.38529202
edzwa17,anger,anger,0.8497759,0.0045792004,0.0012947967,0.07954912,0.03828522,0.02651569
edzzi27,surprise,surprise,0.063694425,0.002137447,0.0009777551,0.0051159975,0.0035037433,0.92457074
edzzt4w,anger,anger,0.7284284,0.0056567877,0.0034849432,0.0736614,0.087945566,0.10082289
ee017t4,joy,surprise,0.0057005053,0.0008347181,0.00087388366,0.038630486,0.0011725877,0.9527877
ee02dxp,joy,joy,0.00050009607,0.00023099947,0.00030736596,0.9977266,0.0003580572,0.000876904
ee032ql,joy,joy,0.22987196,0.0035561107,0.0028806005,0.63444847,0.020648455,0.108594395
ee04fjn,joy,joy,0.00067219976,0.00021050854,0.0003675957,0.9973713,0.00027853882,0.0010997922
ee04wl5,surprise,surprise,0.003740684,0.0009603436,0.0010131416,0.00304332,0.0015687356,0.98967373
ee056pm,anger,anger,0.97198707,0.0046044216,0.0011841914,0.0024369643,0.003659514,0.01612785
ee05cjy,joy,joy,0.23991904,0.15047964,0.014240231,0.5410454,0.0239363,0.030379355
ee05f2l,anger,anger,0.8963936,0.00291191,0.0018881876,0.08284088,0.0059303874,0.010035006
ee06cp6,joy,joy,0.0005820534,0.0001742576,0.00042451566,0.9964928,0.0005687366,0.0017576885
ee06kps,anger,anger,0.89270043,0.0028487418,0.00078128034,0.03837177,0.011706744,0.053590946
ee076ex,joy,joy,0.0006781982,0.00024713395,0.00036288353,0.9978662,0.00041464838,0.00043094374
ee07ll5,anger,anger,0.93684345,0.0039012742,0.0008010412,0.008852798,0.030738179,0.018863246
ee08yr5,joy,joy,0.00070792064,0.00023749088,0.00035725546,0.99773514,0.00036678047,0.00059542723
ee09sq4,joy,joy,0.0007378991,0.00025311395,0.00026039686,0.99784017,0.00025936562,0.00064901623
ee09sr9,joy,joy,0.002183695,0.0005529058,0.0003135056,0.98664075,0.001439999,0.008869141
ee0ad1i,joy,surprise,0.02525405,0.0026201315,0.008933847,0.18237643,0.01531446,0.7655011
ee0av82,surprise,surprise,0.0077239345,0.0014763554,0.0014265609,0.0013059148,0.0019668243,0.9861005
ee0bkij,joy,joy,0.001732768,0.00023265688,0.00032878947,0.9947837,0.00056161365,0.0023604692
ee0de0g,joy,joy,0.0006071945,0.00021371107,0.0002586464,0.997264,0.0003696144,0.0012868114
ee0e1o9,anger,anger,0.75874984,0.006788691,0.0018937575,0.13491817,0.012183932,0.085465685
ee0ei56,joy,joy,0.00061632204,0.00019969983,0.00042963636,0.9965563,0.00039604914,0.0018020185
ee0euqi,anger,anger,0.42497498,0.066819124,0.030283725,0.04880258,0.3841768,0.044942882
ee0evmb,joy,joy,0.0009736796,0.00020016091,0.00021217455,0.99739885,0.00035520046,0.0008599381
ee0g06d,joy,joy,0.004706123,0.00040536578,0.0006091323,0.9767248,0.0028683662,0.014686167
ee0gkxs,anger,anger,0.8476021,0.05888916,0.006994125,0.016347056,0.026447887,0.04371969
ee0hr0f,disgust,disgust,0.15581375,0.7759548,0.02231893,0.003007405,0.03754785,0.005357328
ee0il6v,joy,joy,0.000705182,0.00019212218,0.00029917774,0.99752706,0.00075313234,0.00052335305
ee0jkis,sadness,sadness,0.0036259715,0.0023809941,0.006502321,0.015389694,0.94078773,0.031313337
ee0jtys,joy,disgust,0.24314445,0.5512823,0.013975764,0.03370671,0.07775392,0.08013695
ee0kufh,sadness,joy,0.035603408,0.0022020387,0.010581057,0.8012444,0.095721126,0.05464799
ee0kv21,joy,joy,0.0010071256,0.00018928619,0.00028429885,0.9955894,0.0021049918,0.0008249582
ee0lolg,sadness,anger,0.8906474,0.008030475,0.0011589933,0.04604756,0.033696633,0.020419022
ee0luv1,sadness,sadness,0.04249933,0.014849378,0.0025535673,0.008577346,0.9252361,0.0062842737
ee0mbr2,surprise,surprise,0.004479295,0.00068023044,0.0019367151,0.008451585,0.005129099,0.979323
ee0mcna,joy,joy,0.0005917096,0.00022723958,0.0004319724,0.99651057,0.00025156367,0.001986946
ee0mhqx,surprise,surprise,0.011470237,0.0023335146,0.0014127952,0.0015263312,0.0050943107,0.9781627
ee0mmso,joy,joy,0.0012600409,0.00029906386,0.00028010897,0.9969779,0.00032942733,0.0008534303
ee0plux,anger,anger,0.9818001,0.007352203,0.0006788373,0.0033641232,0.003635953,0.0031688267
ee0rg2p,surprise,surprise,0.027448246,0.0027065694,0.00088896655,0.0033384142,0.002504827,0.96311295
ee0rrbe,joy,joy,0.0006768113,0.00023472162,0.00037283104,0.99760973,0.0006700973,0.00043576915
ee0s0t4,anger,anger,0.97188526,0.005593554,0.0010387735,0.00841541,0.0065482305,0.006518768
ee0sbm3,anger,fear,0.27166718,0.10851442,0.5244044,0.04715512,0.03329403,0.014964913
ee0t7sw,joy,joy,0.00060282846,0.00025154513,0.00033976996,0.9978713,0.00026624138,0.0006683778
ee0ts9b,joy,joy,0.0033966596,0.00039088467,0.0010092683,0.9853656,0.005926388,0.00391114
ee0u6zp,surprise,surprise,0.29609972,0.004726583,0.0034993796,0.007284492,0.04671833,0.6416714
ee0vhar,joy,joy,0.00041774334,0.00019350993,0.00048546944,0.99431956,0.0018252084,0.002758566
ee0vo4y,surprise,surprise,0.001889887,0.0011374571,0.0015649225,0.0036599431,0.0014809376,0.99026686
ee0wnfi,fear,fear,0.029219912,0.024009425,0.87771773,0.0016735551,0.034008794,0.033370607
ee0wsqw,joy,surprise,0.06917633,0.006808969,0.006138651,0.058606833,0.12560786,0.7336613
ee0wvwg,joy,joy,0.00068975304,0.00018737615,0.00028516896,0.9979395,0.00036991521,0.00052818167
ee0x781,anger,anger,0.95043904,0.007700971,0.00093458407,0.010011913,0.019711684,0.011201744
ee0xg4v,sadness,joy,0.02666091,0.00089371955,0.0012778102,0.900907,0.01580972,0.054450817
ee0xmh0,joy,joy,0.0011875449,0.00023754759,0.0002588385,0.9965534,0.00066195865,0.0011006712
ee0xvmh,joy,joy,0.00038108026,0.00020623974,0.00037275915,0.9977508,0.0003897155,0.00089938554
ee0yfal,joy,joy,0.011631499,0.0034219425,0.002242572,0.55723983,0.002771495,0.4226927
ee0z95h,surprise,surprise,0.0066508176,0.0012352724,0.0011849836,0.0028416615,0.0018313652,0.9862558
ee0znnb,anger,anger,0.98379934,0.00417952,0.00091528887,0.0049157254,0.0038299959,0.0023602447
ee0zq3g,joy,joy,0.0070655406,0.00044423755,0.00090048456,0.9772603,0.001960165,0.012369295
ee10mx3,anger,fear,0.13352804,0.06453158,0.44933182,0.24057323,0.033247974,0.078787446
ee10n7g,joy,joy,0.00064549054,0.0002838654,0.00031371755,0.99494594,0.00035754126,0.0034534724
ee10x6t,anger,anger,0.9311083,0.012665837,0.0009883072,0.002120638,0.019329522,0.033787403
ee110l1,joy,joy,0.0011989931,0.00023576892,0.00035548274,0.99563026,0.00051538926,0.0020641538
ee11gwl,joy,joy,0.0007382024,0.00024217145,0.00068861694,0.993648,0.00047087227,0.004212051
ee11o9j,joy,joy,0.0020218997,0.00059612683,0.008847049,0.98393965,0.0016850231,0.0029103095
ee11r5k,surprise,surprise,0.012574498,0.002829853,0.0030497438,0.23158628,0.04606406,0.70389545
ee125n0,joy,joy,0.0005605557,0.00021384902,0.00026966614,0.9978411,0.00028168992,0.00083304464
ee12et5,joy,joy,0.0005324068,0.00029635982,0.0003336798,0.9977143,0.00025832775,0.0008648973
ee13mf1,joy,joy,0.008112736,0.0014248294,0.0036656635,0.7424427,0.045363992,0.19899006
ee143ci,joy,joy,0.0013005795,0.00016396161,0.00016646423,0.99601233,0.0007305821,0.0016260392
ee1456h,anger,anger,0.9802926,0.003980776,0.001966942,0.0032467565,0.0059322068,0.0045806547
ee147f5,joy,joy,0.0007620104,0.0001618064,0.00028907842,0.9977526,0.00032115736,0.00071337784
ee162wi,sadness,sadness,0.003988013,0.0023135461,0.0013157803,0.0044221305,0.98372513,0.0042354623
ee169pr,joy,joy,0.0009930887,0.00046541935,0.0013819133,0.9654871,0.002162145,0.029510254
ee17nw4,joy,joy,0.0013069441,0.0003109565,0.0003371061,0.98996806,0.0008787932,0.0071981326
ee17pgu,joy,joy,0.14469968,0.0029083723,0.009250117,0.3943663,0.074409485,0.37436607
ee17w15,joy,joy,0.00056120846,0.0002547727,0.00041466558,0.99055964,0.0019171839,0.006292475
ee18wsb,anger,anger,0.7517901,0.037180196,0.0025448732,0.020849736,0.03689388,0.1507413
ee1afqm,surprise,surprise,0.0018940369,0.0011807311,0.0011862282,0.0030251746,0.00080429495,0.99190956
ee1b17j,joy,joy,0.001018909,0.0002146277,0.00021875401,0.9971079,0.00077952445,0.0006603128
ee1cbg4,joy,joy,0.0004921752,0.00017707016,0.00026826595,0.99791664,0.00046296962,0.0006828428
ee1dd5r,joy,joy,0.00056360837,0.00028171347,0.00039106165,0.99764293,0.00027668543,0.00084396737
ee1eazm,sadness,sadness,0.078026555,0.015078782,0.025639001,0.0027400295,0.86165226,0.016863398
ee1eifh,joy,joy,0.00066490873,0.00040711684,0.00059954484,0.99418855,0.0002956679,0.0038442388
ee1f8fc,joy,joy,0.00058716506,0.0002557986,0.00034501622,0.99794024,0.00030648123,0.00056531286
ee1h5v1,surprise,surprise,0.00384401,0.0010950032,0.0010900162,0.0015427589,0.0018193586,0.9906088
ee1igfa,sadness,disgust,0.32263222,0.47640285,0.013532997,0.008915583,0.17033765,0.008178625
ee1ik99,joy,joy,0.0017768785,0.00021568988,0.00020318187,0.99560803,0.00050380855,0.0016923907
ee1il39,anger,anger,0.97626114,0.005296427,0.00061940314,0.004689149,0.008860188,0.004273723
ee1iqu2,joy,joy,0.0011276015,0.00025566362,0.00036747998,0.9965816,0.0005800316,0.001087596
ee1ixga,anger,anger,0.85112697,0.022069696,0.0014519541,0.0043413765,0.030884694,0.09012528
ee1jq22,joy,joy,0.0014161265,0.00020395234,0.0003796901,0.9890589,0.0011317969,0.007809578
ee1jqbs,joy,joy,0.0007303604,0.00023329232,0.0002702439,0.9977252,0.00026312363,0.00077784766
ee1k6eb,surprise,sadness,0.008625655,0.00297268,0.0044284905,0.004540263,0.9207955,0.05863747
ee1kqrd,surprise,joy,0.021231094,0.0053799604,0.0047646677,0.80981123,0.0116963545,0.14711669
ee1lj8m,joy,joy,0.0013050961,0.00024027545,0.0002186277,0.9969152,0.0005432613,0.000777536
ee1lm0k,anger,anger,0.9838896,0.0043969834,0.0012540439,0.0057058623,0.0024276637,0.0023258675
ee1lm4b,surprise,joy,0.005098853,0.0011406868,0.0030137792,0.80812716,0.0061004674,0.17651913
ee1m741,anger,anger,0.9761114,0.0029804497,0.0018695281,0.0057344115,0.0076784315,0.005625657
ee1nxk7,anger,anger,0.89575905,0.011487412,0.002453832,0.0052663274,0.07996735,0.005065947
ee1o6vs,sadness,sadness,0.0017333077,0.0030618475,0.0065099043,0.0015745213,0.98512197,0.0019984306
ee1o78u,joy,joy,0.02376602,0.011915744,0.011515872,0.7292126,0.01601129,0.2075785
ee1o8bi,joy,joy,0.0897804,0.0019661365,0.0010308973,0.85606295,0.022947917,0.0282117
ee1oa6g,surprise,surprise,0.0013286187,0.0012953108,0.0016905449,0.006117799,0.001305419,0.98826236
ee1ogcw,sadness,anger,0.64891267,0.02137942,0.14793536,0.07641143,0.031036457,0.07432462
ee1op2u,joy,anger,0.8948495,0.03700129,0.014233123,0.017783906,0.023340397,0.012791878
ee1oxl5,joy,joy,0.0005304073,0.00020160753,0.00027355543,0.99708027,0.0010829652,0.00083120016
ee1rkwi,surprise,surprise,0.29165614,0.008960169,0.008701131,0.019780599,0.21365939,0.45724258
ee1sok7,joy,joy,0.00049404264,0.00021653845,0.00038298895,0.99778396,0.0005938013,0.0005286634
ee1t3d5,joy,joy,0.0007159036,0.0002518975,0.0002690146,0.9977939,0.00035054062,0.0006187368
ee1tlj4,joy,joy,0.0009835585,0.00025908262,0.00030126938,0.9973571,0.00030057345,0.0007983678
ee1vtaq,fear,fear,0.01880457,0.009779166,0.951089,0.004272994,0.0070176935,0.009036625
ee1wui0,joy,joy,0.07539339,0.0011998364,0.0008935896,0.8925319,0.0028515009,0.027129775
ee1wx6s,joy,joy,0.0007556242,0.00041861797,0.00053639984,0.99697506,0.00026537664,0.0010489787
ee1xr0e,joy,joy,0.001169848,0.00024877957,0.00026367608,0.996646,0.00036493986,0.0013068457
ee1zeyc,joy,joy,0.073087096,0.0012001797,0.002174725,0.88957757,0.0034660837,0.030494425
ee20sis,joy,joy,0.0015123552,0.0002807125,0.00048258738,0.9939095,0.00054426584,0.0032706338
ee20z2p,anger,surprise,0.16543917,0.010228702,0.0037150874,0.07069089,0.03694457,0.7129816
ee21tnl,surprise,surprise,0.0063560344,0.0014533964,0.00069095177,0.00186218,0.0010375225,0.9885999
ee220c3,sadness,joy,0.2979019,0.0043703034,0.0025623858,0.61436796,0.049511872,0.031285606
ee22mg4,joy,joy,0.0016559983,0.00021458002,0.00034521703,0.9945874,0.0004291635,0.0027676518
ee239b7,joy,joy,0.0009832686,0.00025203114,0.0003461711,0.99683064,0.0003080394,0.0012798557
ee23jji,joy,joy,0.0005605826,0.00016490548,0.00026803353,0.9975332,0.00045688017,0.0010163486
ee23q3k,joy,joy,0.0013762359,0.00019163961,0.00040485445,0.9850662,0.0006392351,0.012321891
ee24atb,surprise,surprise,0.0093627805,0.0009770007,0.0009258763,0.004212697,0.002655372,0.9818663
ee257ss,joy,joy,0.017793892,0.0010239496,0.0004589368,0.97685426,0.00073781447,0.003131144
ee263ui,joy,joy,0.0021545056,0.00023246325,0.00024416135,0.992605,0.0013149239,0.0034489634
ee26bzs,anger,anger,0.9249785,0.012422221,0.001660788,0.0040301555,0.0482819,0.008626451
ee27gps,anger,anger,0.9307992,0.0030535609,0.0015383157,0.022167845,0.037753087,0.004687971
ee27kmr,surprise,surprise,0.025050104,0.001876757,0.0019291496,0.06609109,0.0062710736,0.8987818
ee28cvi,anger,anger,0.9237308,0.008276992,0.002585401,0.005022428,0.04714968,0.013234614
ee28q1x,joy,joy,0.0023871958,0.00078608043,0.000981202,0.9582656,0.0006661,0.036913805
ee28rzf,joy,joy,0.0005814017,0.00019168455,0.0003252592,0.9940994,0.00041064806,0.004391657
ee29mif,anger,anger,0.6324867,0.0051931757,0.0014165954,0.2434297,0.029417165,0.08805662
ee29q8z,anger,anger,0.9850155,0.004623341,0.0010457867,0.0029445689,0.004401873,0.0019690017
ee2a3l1,joy,joy,0.00047249475,0.00031155924,0.00042321126,0.99739325,0.0008385124,0.0005609245
ee2a9xy,joy,joy,0.005386561,0.0007792864,0.0013192577,0.9811435,0.0011542159,0.01021718
ee2aybx,surprise,surprise,0.006048478,0.0010830418,0.00075656036,0.0025203389,0.0012371179,0.98835456
ee2b3p8,surprise,surprise,0.0016408904,0.0016448981,0.0021356319,0.013353875,0.002140908,0.97908396
ee2cout,anger,anger,0.97370535,0.013036844,0.0011689307,0.0054115793,0.0034589213,0.0032183398
ee2dv22,anger,surprise,0.3251034,0.0151217375,0.0044043283,0.14472842,0.04247977,0.46816236
ee2ek9o,joy,joy,0.000671271,0.00014288981,0.00038111216,0.9971808,0.00042633255,0.0011976358
ee2en4n,sadness,sadness,0.0038094756,0.0031338225,0.030606294,0.011923303,0.86999345,0.08053366
ee2eofl,joy,joy,0.014286017,0.0008430578,0.0011351889,0.9731929,0.008669151,0.0018737692
ee2fl5b,anger,anger,0.7297807,0.0048271473,0.0008285069,0.12198799,0.006968731,0.135607
ee2fwv7,joy,joy,0.000522871,0.00017455372,0.00029490696,0.99699116,0.0003074509,0.0017089887
ee2fzt0,anger,anger,0.72497416,0.006111859,0.003877588,0.04121256,0.090033494,0.13379031
ee2gs4d,joy,joy,0.11297901,0.001716111,0.00063806603,0.87095976,0.0054800455,0.008227072
ee2h91z,joy,joy,0.0007069064,0.00017740332,0.00022183008,0.9975484,0.00037515457,0.00097026495
ee2hvy8,joy,joy,0.0006311816,0.00035003154,0.0005503361,0.9966356,0.0002827728,0.0015501131
ee2k7jn,joy,joy,0.00041837763,0.00027642184,0.000589083,0.99451053,0.0003294483,0.0038760658
ee2kw21,fear,fear,0.0015364824,0.004123531,0.9684557,0.004707152,0.008464629,0.012712541
ee2lx71,joy,joy,0.0011950464,0.0002034444,0.00022656829,0.9972805,0.00035841783,0.0007360238
ee2lz7x,anger,anger,0.97355384,0.007924702,0.0011910616,0.0031707953,0.011782248,0.0023773108
ee2ml2v,joy,joy,0.0009233387,0.0002575542,0.00032599474,0.9975007,0.0002711374,0.0007212067
ee2mx6p,surprise,surprise,0.0075283805,0.0012811685,0.0008543731,0.001963828,0.0014947648,0.9868775
ee2n1yl,anger,anger,0.9833866,0.0054742685,0.0013319907,0.0037329786,0.0032752862,0.0027990171
ee2nf8r,surprise,anger,0.59975225,0.0048399554,0.0041943425,0.013126611,0.06377644,0.31431043
ee2nj0o,surprise,surprise,0.0019300765,0.0012468465,0.0012571017,0.0021448426,0.0008279888,0.9925931
ee2nk3z,surprise,surprise,0.0057055764,0.001398119,0.0026370657,0.0037249068,0.005262879,0.98127145
ee2q15f,sadness,sadness,0.055749934,0.009940017,0.0024049245,0.22489998,0.69449973,0.012505442
ee2q21n,joy,joy,0.0009672334,0.00025549697,0.00060598843,0.9949372,0.00034047538,0.0028936584
ee2q7nv,sadness,anger,0.59569865,0.009230106,0.027731935,0.063450456,0.27420428,0.02968457
ee2r6ec,joy,joy,0.029042384,0.0046534846,0.0015168589,0.8970194,0.005281722,0.062486086
ee2rc1p,joy,joy,0.0005918889,0.0002575409,0.00063907367,0.9970516,0.000814545,0.0006452833
ee2rrgs,anger,anger,0.98738384,0.003468816,0.0006097604,0.0036228215,0.002197301,0.002717421
ee2rymz,joy,surprise,0.004522921,0.00097117474,0.0018737781,0.047875073,0.0023541923,0.9424029
ee2s4v5,joy,joy,0.001217477,0.00018111608,0.00021580182,0.99668926,0.00046964228,0.0012267537
ee2tkpj,fear,anger,0.4911675,0.019249666,0.37968293,0.056655694,0.021499949,0.031744335
ee2tvlj,anger,anger,0.97848505,0.0075689806,0.0010986498,0.0015613876,0.0042932346,0.00699266
ee2uele,joy,joy,0.0018342682,0.00019285719,0.00030153486,0.9951857,0.0010788445,0.0014067934
ee2uzwc,fear,fear,0.0139751565,0.004441501,0.6198411,0.048945215,0.2707811,0.04201589
ee2wwvc,surprise,surprise,0.018648554,0.0011395804,0.002218834,0.020633416,0.0053919572,0.9519676
ee2ybjb,surprise,surprise,0.0031899994,0.00093175174,0.0021056656,0.17498006,0.0051992116,0.8135933
ee2yeeo,surprise,surprise,0.003703239,0.000959609,0.00078416226,0.005457641,0.0016034024,0.98749185
ee2yfar,sadness,sadness,0.027513523,0.0050820885,0.0021961827,0.0068189977,0.9540329,0.0043562157
ee2yq0u,anger,anger,0.46926686,0.22615874,0.011248223,0.09571676,0.09994477,0.09766462
ee2yx5j,surprise,surprise,0.005686732,0.001137826,0.0017777802,0.004797888,0.003059425,0.98354024
ee2zo2m,anger,joy,0.23557164,0.002080571,0.0021861882,0.581011,0.006097336,0.17305328
ee309wi,joy,joy,0.008186617,0.00081020425,0.00075195945,0.9717339,0.009848945,0.00866837
ee30teq,surprise,surprise,0.0015672931,0.0008807994,0.0011445262,0.004119697,0.0014047448,0.9908828
ee30tu1,joy,joy,0.0006375248,0.00025508032,0.00032956057,0.9940415,0.00046129432,0.004274981
ee31iqr,joy,joy,0.0011810659,0.0003746403,0.00029986163,0.9956605,0.00034956736,0.0021343704
ee31ntf,anger,surprise,0.31252074,0.004608517,0.003590548,0.10402475,0.042664472,0.5325909
ee32fic,joy,joy,0.0006735931,0.00018917769,0.00033440656,0.99756795,0.0006730524,0.00056183257
ee331lx,joy,joy,0.007507717,0.009965192,0.0028763965,0.95547086,0.0037205801,0.020459244
ee336jk,joy,joy,0.00059927796,0.00028631574,0.0007338503,0.9893393,0.0007649192,0.008276407
ee33kkm,sadness,sadness,0.0072785886,0.02581119,0.0040468955,0.0039035405,0.9564966,0.002463212
ee33plg,joy,joy,0.0030120742,0.00036281062,0.0009851324,0.976345,0.0015787936,0.017716201
ee35djj,joy,joy,0.0016216703,0.00023654148,0.00022294778,0.996265,0.00044482254,0.001209003
ee35siv,joy,joy,0.003950306,0.0004917138,0.00027576185,0.992739,0.00088922295,0.0016539937
ee36437,disgust,anger,0.5754663,0.104592115,0.014334553,0.024248505,0.15715416,0.12420437
ee36h4i,joy,joy,0.00073752605,0.00017108089,0.0003401214,0.99615085,0.00052698585,0.0020734349
ee36o56,joy,joy,0.0007875112,0.00019250614,0.00034330366,0.99706906,0.00031102312,0.0012965836
ee36r7p,sadness,sadness,0.24728793,0.009309471,0.012034081,0.010703998,0.3744318,0.34623274
ee3742w,joy,joy,0.00056676427,0.00021018072,0.00028971353,0.99796295,0.00037577696,0.00059457734
ee37lgh,surprise,surprise,0.0027822994,0.0012932078,0.00092015864,0.0023812617,0.0008484065,0.9917747
ee37yrx,joy,anger,0.9302054,0.0021798725,0.0039286343,0.018357746,0.01920017,0.026128286
ee38mjm,joy,joy,0.0006113144,0.00018636124,0.00025685105,0.9979196,0.00040748168,0.0006183605
ee38zkj,joy,joy,0.0009000434,0.00017412665,0.00026777,0.9954496,0.0009802077,0.002228315
ee39okc,joy,joy,0.0006454322,0.0002018927,0.0002921719,0.99768543,0.00031168674,0.0008634457
ee39rbf,anger,anger,0.9817307,0.006234026,0.0012578585,0.003996959,0.0026308578,0.0041495436
ee39rj7,joy,joy,0.0009182162,0.00039091698,0.00033500433,0.99581784,0.0004068754,0.0021311927
ee39zwe,joy,joy,0.002382982,0.00020335049,0.0005241531,0.9927105,0.0012178848,0.0029612307
ee3ao7p,joy,joy,0.0005465807,0.00021180045,0.0002945728,0.9977361,0.0003425045,0.00086840696
ee3asgu,joy,joy,0.00043878212,0.00029716452,0.00051322265,0.9955646,0.00030835517,0.002877947
ee3c26r,joy,joy,0.0052234815,0.0007054454,0.00029900778,0.98901796,0.0037845992,0.0009695533
ee3d2r9,disgust,anger,0.8595059,0.016272217,0.0017091904,0.006898891,0.109295085,0.006318878
ee3dzzd,sadness,sadness,0.039742935,0.00780563,0.0043164166,0.012164173,0.92045933,0.015511486
ee3e8cq,joy,joy,0.0007134158,0.00027956767,0.00034356728,0.99780136,0.00034588302,0.000516147
ee3f45t,joy,surprise,0.15640357,0.0070419125,0.008890969,0.060780883,0.046777967,0.7201047
ee3f5km,joy,joy,0.0009468342,0.00044423825,0.0005871754,0.9968303,0.00029605406,0.0008952993
ee3g0yo,surprise,surprise,0.0023744986,0.001394115,0.0017762876,0.004659309,0.0011941046,0.9886016
ee3g3a1,joy,joy,0.002515371,0.0007677838,0.00045356282,0.98693764,0.0008061109,0.008519557
ee3h95g,joy,joy,0.0020221937,0.00021858224,0.00054127985,0.99535155,0.00058715546,0.0012792181
ee3hrd0,joy,joy,0.00041730082,0.000143661,0.00030798634,0.9968405,0.00068013166,0.0016104168
ee3jr79,joy,joy,0.0013356529,0.00036762224,0.00091389846,0.97719395,0.01803638,0.0021525756
ee3kb9y,surprise,surprise,0.00204184,0.0015296964,0.0010967078,0.004943938,0.0012970002,0.98909086
ee3l4gc,joy,joy,0.00049107056,0.00030162555,0.0005056541,0.99720865,0.00024781175,0.0012451997
ee3lfi1,joy,joy,0.0014246635,0.00022056625,0.00040429414,0.9962942,0.00048147666,0.0011748598
ee3ljnz,joy,joy,0.0015599065,0.00036514658,0.00032799167,0.9962178,0.000932106,0.00059707055
ee3lw5u,joy,joy,0.0036539105,0.0009395767,0.0025264777,0.9813967,0.0018862879,0.009596995
ee3okex,joy,surprise,0.012070941,0.0031250794,0.005086271,0.061051592,0.0013936544,0.91727245
ee3ouf9,joy,joy,0.0015805177,0.0003458701,0.0067110243,0.9857919,0.0023640576,0.0032066728
ee3p1f9,joy,joy,0.00057015195,0.00024934585,0.0004527255,0.99785775,0.00032780366,0.00054218573
ee3p1vy,joy,anger,0.61623085,0.0040504616,0.0042732675,0.12857698,0.08956292,0.15730555
ee3pje0,surprise,surprise,0.0036606654,0.0011517213,0.0014993311,0.0014843175,0.0030377125,0.9891662
ee3q8iv,joy,sadness,0.05213531,0.0023027458,0.0031814459,0.37118006,0.5147216,0.056478877
ee3qgj7,joy,sadness,0.01641515,0.002597336,0.0016334269,0.40771863,0.5621289,0.009506519
ee3r176,anger,joy,0.010244835,0.008806477,0.32986918,0.45241946,0.17588839,0.022771643
ee3r1c9,joy,joy,0.00069388875,0.00026879428,0.00029686242,0.997792,0.00047227312,0.0004761543
ee3rlc5,sadness,anger,0.80694187,0.020572053,0.0010114664,0.01729375,0.1450412,0.009139616
ee3t8jf,sadness,fear,0.10816486,0.022766495,0.66900575,0.08222368,0.01171321,0.106125996
ee3ueqf,joy,joy,0.00059657654,0.0002526369,0.0003818769,0.99794847,0.00032287798,0.0004975375
ee3vf5i,joy,joy,0.0072495667,0.00073922833,0.0005127054,0.9637017,0.001705556,0.026091224
ee3vppd,joy,joy,0.004319243,0.0012929487,0.0031799665,0.86091995,0.0057577053,0.12453014
ee3vw3c,sadness,sadness,0.0074615735,0.0021822369,0.0077636014,0.003951044,0.95905364,0.019587915
ee3w9xi,surprise,surprise,0.008148513,0.0011204456,0.0012114668,0.0030306058,0.0020658108,0.9844231
ee3wic3,anger,anger,0.947981,0.0031241511,0.00090887904,0.0070842626,0.017836716,0.023064857
ee3xlfx,sadness,sadness,0.0027686048,0.0014843728,0.004037218,0.004304075,0.97952545,0.007880204
ee3z3uh,sadness,surprise,0.20623906,0.0034837017,0.01069251,0.10162174,0.14659116,0.53137183
ee3z9t9,anger,anger,0.98228145,0.009754448,0.0010997667,0.00204282,0.0022275473,0.0025940118
ee3zg32,anger,sadness,0.35012883,0.013041456,0.024342675,0.009448848,0.44367808,0.15936013
ee3zj97,joy,joy,0.0005611698,0.00018015986,0.00039536224,0.99713635,0.0003631459,0.0013637675
ee3ztc5,anger,anger,0.8035426,0.004697079,0.0019107938,0.055090483,0.039786477,0.09497257
ee40ffi,joy,disgust,0.33494964,0.3748783,0.039644554,0.04163005,0.07038626,0.1385111
ee413ir,joy,joy,0.0032605873,0.0005902358,0.00085767056,0.9660276,0.0006856641,0.02857828
ee41dgv,joy,joy,0.0005266225,0.00025955998,0.00038306115,0.9968144,0.00034182347,0.0016745551
ee43mw0,surprise,surprise,0.0030762646,0.0013432944,0.0012005072,0.0024613845,0.001022801,0.9908957
ee44ber,joy,sadness,0.18902372,0.008378413,0.026558967,0.12001674,0.6023903,0.05363189
ee45816,anger,anger,0.9401063,0.0032262912,0.0011889753,0.019787889,0.025726348,0.009964282
ee462jl,sadness,anger,0.72008955,0.014748628,0.00969941,0.0072451187,0.20174019,0.046477098
ee46khd,joy,joy,0.058023673,0.004570711,0.0049228678,0.9128267,0.0039146864,0.015741313
ee48sp2,sadness,sadness,0.0045149745,0.0032786503,0.001525941,0.004336486,0.9841525,0.002191377
ee49pt0,anger,joy,0.29829592,0.003982279,0.0009050729,0.65915984,0.0069704326,0.030686444
ee4bf2x,joy,joy,0.07649654,0.002614621,0.0018385389,0.89368814,0.0025374438,0.022824772
ee4br7u,joy,joy,0.00073174416,0.0003035093,0.00044186082,0.99759513,0.00046108844,0.00046659147
ee4c75v,joy,joy,0.0008087098,0.0001689715,0.00030923903,0.9974113,0.0004300337,0.0008717315
ee4cwb4,joy,joy,0.00068536703,0.0001911118,0.00026631812,0.99554366,0.00040423987,0.002909374
ee4de4w,anger,anger,0.9447896,0.014461098,0.0011781246,0.0021915736,0.024718614,0.012661088
ee4g3fl,joy,joy,0.0010218067,0.0002525365,0.00023879368,0.99738926,0.00058762124,0.000509906
ee4g8ql,surprise,surprise,0.08616755,0.0037507585,0.002830411,0.006736894,0.010181934,0.8903325
ee4h3c5,sadness,sadness,0.035414454,0.002537328,0.0044001066,0.04665417,0.87590814,0.035085768
ee4hhqi,joy,joy,0.00060161226,0.00023867897,0.00031091334,0.99777275,0.00027864985,0.0007973021
ee4hk5b,joy,joy,0.00054513506,0.00016202606,0.0002415213,0.997656,0.0004260891,0.0009692389
ee4iari,joy,anger,0.9609579,0.0056246207,0.00076959113,0.019631106,0.003640087,0.009376639
ee4j8wg,joy,joy,0.00086618453,0.00068323023,0.00089005986,0.9693206,0.0007638401,0.027476046
ee4kg3l,sadness,sadness,0.014283379,0.0019911453,0.0018458124,0.0067217466,0.9605809,0.014576953
ee4kgd4,joy,joy,0.0010574308,0.00016042624,0.00027307015,0.99604934,0.00047736487,0.0019823385
ee4m0kf,anger,joy,0.33503553,0.009823759,0.001765696,0.5722088,0.07080845,0.010357723
ee4mb11,joy,joy,0.00052085903,0.0002039874,0.00039133712,0.9973774,0.00088718644,0.0006192082
ee4n9mj,joy,joy,0.0006299183,0.00020786481,0.00028596027,0.9979163,0.00031807367,0.00064181414
ee4nm5w,joy,joy,0.00084389286,0.00025902834,0.00037082026,0.99228466,0.00078353134,0.005458076
ee4pc8m,joy,joy,0.0006721306,0.00024828853,0.0003454527,0.99696016,0.00027429988,0.0014997283
ee4q5yq,surprise,surprise,0.0019309805,0.0012607154,0.0023704628,0.0042647496,0.00091867323,0.98925436
ee4qhql,joy,joy,0.0007399468,0.00020324769,0.0003066006,0.99769586,0.00053246453,0.00052185485
ee4qmhs,sadness,surprise,0.20113772,0.0063625304,0.008194148,0.012758598,0.18342696,0.58812004
ee4qxis,joy,joy,0.0011820351,0.00026021167,0.00028997666,0.99729794,0.00052593433,0.0004439597
ee4re4o,fear,joy,0.26112717,0.076923326,0.030028993,0.6166521,0.008056861,0.0072116
ee4t39c,joy,joy,0.00053757214,0.0001995767,0.00027309483,0.99784696,0.0003477098,0.0007950914
ee4tm4o,joy,anger,0.87732804,0.0063999463,0.00075556606,0.018792612,0.071455605,0.025268257
ee4tv7z,anger,disgust,0.3214292,0.55241627,0.014123761,0.023054263,0.072759874,0.016216636
ee4uub3,surprise,surprise,0.14623338,0.0052811797,0.0014880762,0.004976765,0.0350793,0.8069413
ee4voyf,joy,joy,0.0005998906,0.00027546362,0.0003511195,0.99780697,0.000297289,0.0006691973
ee4wpkd,joy,joy,0.005918755,0.00047055612,0.0017509552,0.8670421,0.0055981455,0.11921954
ee4y6cf,joy,joy,0.0006882692,0.00022554462,0.0002485699,0.997672,0.00033894033,0.0008266591
ee4ypiw,joy,joy,0.00077552645,0.00030570387,0.00031435478,0.99759465,0.0002634279,0.00074623636
ee4yqqc,anger,anger,0.92265606,0.003229608,0.0019767499,0.006013851,0.013488031,0.052635644
ee4zz77,disgust,joy,0.018782374,0.0012660522,0.0021785442,0.7453318,0.21496661,0.017474676
ee50584,joy,joy,0.00068537105,0.00028915098,0.0003860403,0.9940553,0.00031196204,0.004272175
ee50fyt,joy,surprise,0.0036646037,0.0010981159,0.0030662685,0.020205239,0.0067491755,0.9652165
ee50y8v,sadness,sadness,0.31438056,0.00978707,0.0052905693,0.0076098368,0.6491736,0.01375829
ee51njm,joy,joy,0.0015626868,0.0004992204,0.00029873932,0.9955713,0.00042048795,0.0016476316
ee528j2,joy,joy,0.0013921644,0.00018278426,0.0001906916,0.9957163,0.0008116215,0.0017063711
ee52bva,joy,joy,0.0006069235,0.00032622876,0.00039745736,0.9975925,0.00029961858,0.00077724445
ee52hgi,sadness,sadness,0.012979943,0.0016375106,0.002770256,0.40508568,0.5543237,0.023202911
ee52x7x,joy,joy,0.0008335766,0.00019604058,0.0002095856,0.99741566,0.0004933138,0.0008518016
ee548bv,sadness,sadness,0.0042762854,0.0017579924,0.0032623296,0.010506332,0.9726773,0.007519805
ee54ac5,surprise,surprise,0.004603436,0.0011703649,0.0013953571,0.0023310406,0.0019465692,0.9885533
ee54mzw,joy,joy,0.010750053,0.00043016495,0.00052601495,0.979708,0.0012103461,0.007375432
ee55fem,joy,joy,0.0012905374,0.00014303971,0.00024850186,0.9955183,0.00053877546,0.0022608666
ee568an,surprise,surprise,0.0021847815,0.0011135114,0.0026920033,0.0030502356,0.005630554,0.985329
ee56fry,joy,joy,0.00071624445,0.00021367015,0.0003931799,0.993652,0.0035999103,0.0014249835
ee57qq1,joy,joy,0.0007074153,0.00028785024,0.0002783482,0.9977635,0.00031460566,0.00064820435
ee57y3h,joy,joy,0.0006874139,0.00025409512,0.00048035698,0.99708,0.00036907248,0.0011289538
ee58k8a,joy,joy,0.0072634025,0.0011832799,0.0019999973,0.5150356,0.015754756,0.45876288
ee58n75,surprise,surprise,0.002228877,0.0016526574,0.001178435,0.0021192713,0.0006804202,0.99214035
ee58umw,joy,joy,0.0036939015,0.0004417361,0.0007249831,0.9921955,0.0014002997,0.0015435185
ee59x77,surprise,surprise,0.002995,0.01077046,0.32565075,0.051196806,0.013907503,0.5954795
ee5a1h5,sadness,sadness,0.01131497,0.003208257,0.0020642143,0.02512375,0.94991904,0.0083697215
ee5ckoa,sadness,anger,0.53015095,0.008021019,0.0073947874,0.1564158,0.05551251,0.24250486
ee5cn0s,joy,joy,0.0034866796,0.00079835515,0.0022233445,0.978692,0.0017190959,0.013080531
ee5dgvi,joy,surprise,0.10955195,0.0051204273,0.0037895322,0.0072389524,0.03808142,0.83621776
ee5dpad,joy,joy,0.00105705,0.00052783795,0.00043197695,0.9957164,0.0004633789,0.0018034203
ee5dxo3,anger,sadness,0.008782206,0.0022544463,0.0019001347,0.23058294,0.74233127,0.014149086
ee5dy6r,joy,joy,0.0013189602,0.00030591278,0.0002994848,0.99694365,0.00044148404,0.000690451
ee5e2vj,anger,anger,0.7322265,0.014513081,0.00232696,0.029988661,0.20183611,0.01910863
ee5ed42,anger,surprise,0.013519761,0.0013740953,0.00067099486,0.0034831397,0.0040058587,0.9769462
ee5euh9,joy,joy,0.0006936398,0.00032686323,0.00033778168,0.99765754,0.00041460362,0.00056947605
ee5evql,joy,joy,0.0005036122,0.00022774542,0.00035567718,0.9978369,0.00027892514,0.00079714466
ee5ezci,surprise,surprise,0.010353831,0.0013579236,0.00086436013,0.004770394,0.0012083055,0.98144513
ee5fs8h,anger,anger,0.47979185,0.4537351,0.012782478,0.011978718,0.03104525,0.010666551
ee5gov9,joy,anger,0.44821656,0.02452386,0.0017201267,0.007280197,0.07920454,0.4390548
ee5hu9o,joy,joy,0.0004888888,0.00020844697,0.000368827,0.99746597,0.00087166997,0.0005961906
ee5ijot,disgust,disgust,0.065681025,0.8571201,0.05395192,0.004787213,0.01439148,0.0040682754
ee5is72,anger,anger,0.95010775,0.015334597,0.0025232527,0.0021944793,0.025954947,0.0038849753
ee5ivi8,joy,joy,0.00090712105,0.00020395454,0.0005719403,0.9886113,0.0046888795,0.0050168536
ee5jby6,surprise,surprise,0.0019899237,0.0014670384,0.0010054519,0.002180818,0.000922424,0.9924345
ee5jeoy,surprise,surprise,0.009664122,0.0014261535,0.0007171895,0.0016459209,0.0009942141,0.9855524
ee5jnes,surprise,surprise,0.025377227,0.0018423854,0.0011123515,0.030324621,0.028486788,0.9128567
ee5klf7,joy,joy,0.0007958494,0.00034068618,0.00029671146,0.99754614,0.00027329463,0.00074728887
ee5laol,joy,surprise,0.0036415367,0.0012309009,0.002676521,0.16450611,0.005425031,0.8225198
ee5mgg8,joy,joy,0.0040078685,0.00039347168,0.00016793952,0.99285525,0.0008917844,0.001683656
ee5mm39,surprise,surprise,0.005197531,0.0012481243,0.0007903109,0.002401766,0.0011011913,0.98926103
ee5mzxi,surprise,surprise,0.019720709,0.0017230464,0.0021220197,0.014553868,0.005134262,0.95674616
ee5nfbq,joy,joy,0.0007156392,0.00031296327,0.0005106783,0.995784,0.0002480704,0.0024286974
ee5nfzi,surprise,surprise,0.07599988,0.0045597623,0.0011677716,0.002729388,0.0039006697,0.9116425
ee5nn7b,joy,joy,0.026116667,0.0006752634,0.0005631677,0.9658124,0.0025676112,0.0042648744
ee5nyme,sadness,joy,0.048992693,0.0011360712,0.0010632885,0.8661872,0.00496139,0.07765938
ee5o989,joy,joy,0.0007721281,0.00027779595,0.0002919217,0.9974986,0.00036519283,0.00079436705
ee5plk4,joy,surprise,0.11557352,0.0027916883,0.0010774286,0.0064928406,0.0038228075,0.8702417
ee5q1wn,joy,joy,0.0008606232,0.0001560735,0.00023053588,0.9971591,0.0003422934,0.0012513787
ee5q4q6,joy,joy,0.460249,0.0037915614,0.0028529773,0.4732359,0.025873087,0.033997532
ee5qfde,surprise,joy,0.025649711,0.0012500854,0.0024627056,0.8049144,0.0051910677,0.16053204
ee5qmwi,joy,joy,0.00070544635,0.00023886708,0.00022784968,0.9976398,0.0003821403,0.000805874
ee5qs3r,anger,joy,0.07801074,0.0057532466,0.15745997,0.7030275,0.030105015,0.025643498
ee5rnpw,anger,joy,0.41798335,0.0052727424,0.0023286873,0.5185378,0.020836575,0.035040826
ee5rqyi,sadness,sadness,0.021774197,0.008332828,0.001270263,0.005628365,0.9552556,0.007738706
ee5shpk,joy,joy,0.0007634561,0.00018190067,0.00030326165,0.99752194,0.00036887708,0.00086048606
ee5sndq,joy,joy,0.0006652843,0.00026449846,0.00036169792,0.9970323,0.00026865394,0.0014075555
ee5spsi,anger,anger,0.44905847,0.0051472066,0.006264401,0.016353756,0.086121954,0.43705422
ee5t2eo,sadness,joy,0.028131751,0.002601828,0.0013877739,0.93490136,0.026010808,0.006966525
ee5tb1i,joy,joy,0.00052982225,0.0002551573,0.00029310255,0.9971306,0.00028481826,0.0015065981
ee5ttfb,joy,joy,0.0013332495,0.00023714408,0.00025248164,0.9965243,0.00037144497,0.0012814619
ee5u53c,joy,joy,0.0008489372,0.00018894492,0.00024012021,0.9973539,0.0006485509,0.0007195289
ee5v7gg,joy,sadness,0.43206206,0.005772991,0.0033097274,0.025515072,0.46686837,0.0664717
ee5vq64,joy,joy,0.009038728,0.00082677725,0.00068947097,0.92523867,0.060531784,0.0036745216
ee5w6jd,anger,anger,0.9718838,0.0034287798,0.0007670089,0.0033849399,0.007862602,0.012672967
ee5wt9v,joy,joy,0.001326456,0.0002721197,0.0004381306,0.9910189,0.00055454473,0.0063898326
ee5xax9,fear,anger,0.5565616,0.0062994133,0.009099826,0.028735159,0.37689736,0.022406684
ee5xfyq,surprise,surprise,0.0011552809,0.0016403089,0.002751173,0.003946515,0.0011775629,0.98932916
ee5xpex,joy,joy,0.0014077664,0.00023009795,0.0003210892,0.99502397,0.00040127177,0.0026158434
ee5xtsy,surprise,anger,0.90144175,0.040113732,0.0042749424,0.0018754229,0.028406434,0.023887618
ee5xvub,joy,joy,0.00070105994,0.00027888647,0.0007351678,0.99297225,0.0019358059,0.003376783
ee5xznk,joy,joy,0.003036099,0.000988542,0.0006393134,0.97990215,0.0016479505,0.013786071
ee5y25d,anger,anger,0.9739439,0.0073368237,0.0008657245,0.0024870099,0.0022795484,0.013086887
ee5y25t,joy,joy,0.0005336325,0.0003193018,0.0005720141,0.9963672,0.00024552588,0.0019622871
ee5y46d,joy,joy,0.0019524652,0.00041380012,0.00027225603,0.99572647,0.0005843135,0.0010506992
ee5yla0,joy,joy,0.002177267,0.0004957313,0.00060196506,0.96512,0.0011596327,0.030445332
ee5zlrj,sadness,sadness,0.21948086,0.033141043,0.020522611,0.095523685,0.59065306,0.040678766
ee5zr74,joy,joy,0.0005950372,0.00019566671,0.0003109711,0.9980363,0.00031712808,0.0005447965
ee61x8k,surprise,joy,0.0028400293,0.0013304743,0.0026766537,0.5994754,0.0029986878,0.3906787
ee626do,joy,joy,0.088980325,0.0018234068,0.001295724,0.85206485,0.009271272,0.046564415
ee626ox,sadness,anger,0.6753392,0.019136325,0.026247723,0.0051644575,0.2495444,0.024567833
ee62fve,joy,joy,0.0009478607,0.00021569832,0.00060656655,0.99617517,0.00039053903,0.0016641963
ee62u6d,joy,joy,0.00043923472,0.000185016,0.00047392602,0.9957658,0.00063732127,0.002498674
ee631oa,surprise,anger,0.9326465,0.0094810715,0.002942506,0.0033241564,0.026717898,0.02488784
ee6386k,joy,joy,0.0007098375,0.00022840069,0.00029913243,0.9977422,0.0002908302,0.00072970614
ee638uw,surprise,surprise,0.15101092,0.0023008022,0.0026090334,0.075147286,0.030368606,0.73856336
ee64brf,joy,joy,0.00040198345,0.00031450592,0.00055210956,0.99622935,0.00028519548,0.0022168662
ee64et6,fear,sadness,0.01760302,0.05220341,0.14180872,0.00254203,0.777116,0.008726816
ee64ggs,joy,joy,0.00075833296,0.00024232181,0.00029382945,0.9977957,0.00031206713,0.00059778563
ee64yxt,sadness,surprise,0.071593724,0.00235772,0.0022705013,0.151522,0.025267262,0.7469888
ee65vbi,sadness,sadness,0.0022472637,0.0014962082,0.003933444,0.026561068,0.95952547,0.0062365737
ee67ej2,joy,joy,0.0007025741,0.00018609766,0.00031120173,0.99388015,0.0005397784,0.0043802746
ee67x4u,surprise,surprise,0.0027489716,0.0010442126,0.0011886831,0.0013911899,0.0013155426,0.9923114
ee67yw9,joy,joy,0.0005462003,0.00023838753,0.0003434786,0.9977869,0.00026077335,0.0008243148
ee68gqt,sadness,sadness,0.01846913,0.008415135,0.0016301072,0.005079467,0.96074396,0.005662176
ee69aun,surprise,surprise,0.0015343447,0.0014029723,0.0042511593,0.0026426034,0.01818833,0.97198063
ee69phf,anger,anger,0.983959,0.0052720215,0.001414926,0.0028192026,0.0027605447,0.0037741992
ee69qhz,anger,anger,0.8406477,0.010529503,0.0026299793,0.074554965,0.03549028,0.036147572
ee6aac6,surprise,joy,0.014528481,0.0008895432,0.0012779424,0.93349713,0.037005343,0.012801553
ee6ag9m,joy,joy,0.0023570794,0.00040119595,0.0008360382,0.9800212,0.0013804897,0.015004078
ee6ao7s,joy,joy,0.0016287823,0.0002371509,0.00038118399,0.9878627,0.007899054,0.0019911735
ee6asfi,joy,joy,0.0014306763,0.00024085562,0.0002431112,0.9932909,0.0013435334,0.003450881
ee6atyh,surprise,surprise,0.0021914355,0.0008479608,0.0008251098,0.007458829,0.0012224932,0.9874542
ee6b1bw,joy,joy,0.016124345,0.0076833144,0.0014521088,0.96784693,0.0026323097,0.004260988
ee6bdtn,joy,joy,0.0024819656,0.0012969736,0.0009867782,0.9588023,0.00090588036,0.035526164
ee6bork,anger,anger,0.88308334,0.0063132006,0.0014569242,0.034431797,0.032996114,0.041718557
ee6by84,anger,anger,0.89050925,0.004194716,0.0010524783,0.010240378,0.0123974,0.08160581
ee6csut,joy,joy,0.0005870896,0.00019265043,0.0003465483,0.9978098,0.0002822915,0.0007817001
ee6czjj,anger,anger,0.9046277,0.0030908063,0.0044407765,0.052018344,0.020543471,0.015278926
ee6dd26,joy,joy,0.0015905206,0.00036103747,0.0005735241,0.99223423,0.000520013,0.004720626
ee6dgmm,joy,joy,0.0005181144,0.00018701964,0.00027389935,0.99763703,0.0004045901,0.0009792935
ee6dzfy,joy,joy,0.0005946351,0.00022152247,0.0003417926,0.9977329,0.00041519525,0.00069391524
ee6emyi,anger,anger,0.9611358,0.0063201515,0.0049574026,0.010935228,0.009421764,0.0072297133
ee6eoes,joy,surprise,0.016207403,0.0011546842,0.0023155776,0.45315903,0.030489821,0.49667352
ee6eyoy,sadness,joy,0.0047853463,0.0014007635,0.0020799288,0.6450996,0.14515181,0.20148255
ee6f3ip,surprise,surprise,0.0027161483,0.0007944321,0.0016897162,0.011688968,0.0071219667,0.9759888
ee6femf,surprise,joy,0.0015612608,0.0013640162,0.0055609597,0.64585274,0.008576811,0.33708414
ee6hjvw,surprise,surprise,0.039598323,0.002985275,0.0098436605,0.024947558,0.18115492,0.74147016
ee6hl39,joy,joy,0.030521108,0.00073714415,0.0013373261,0.9337578,0.012966829,0.020679832
ee6hy4i,joy,joy,0.0005568456,0.00018293837,0.00031411037,0.9977882,0.00039255954,0.0007653306
ee6i67r,joy,joy,0.0014593715,0.0006129459,0.013282644,0.97181183,0.00097661,0.011856559
ee6id60,joy,joy,0.00063470256,0.00023359279,0.00033718717,0.9976888,0.0002436714,0.0008621275
ee6j071,joy,joy,0.003785846,0.00038238827,0.000225758,0.99347234,0.0009112033,0.0012224679
ee6j2zd,surprise,joy,0.0024982502,0.0002819868,0.0003359824,0.994381,0.00081398716,0.0016888104
ee6me9w,surprise,surprise,0.049028095,0.0035080242,0.0011467363,0.0034510675,0.0024602881,0.94040585
ee6mtd9,anger,joy,0.10828405,0.0042034406,0.010784405,0.6545035,0.016096916,0.20612764
ee6n7kk,joy,joy,0.001872354,0.00025656656,0.00024427552,0.99661463,0.00046440304,0.0005477926
ee6nn11,anger,anger,0.979159,0.003837551,0.00086034933,0.0035669773,0.006192531,0.0063836304
ee6nuu3,sadness,sadness,0.02065472,0.056493267,0.01774457,0.08032305,0.8175475,0.007236803
ee6o7zt,joy,joy,0.048579205,0.001856823,0.0014262876,0.9172952,0.0077649523,0.023077503
ee6ovi9,anger,anger,0.9354782,0.03126371,0.0014843234,0.0048698895,0.021638554,0.005265368
ee6p38r,surprise,surprise,0.0035197772,0.0011507478,0.0021488038,0.0015278452,0.0022297555,0.9894231
ee6peah,sadness,sadness,0.0017112945,0.0017313438,0.0076077697,0.0049737315,0.98177713,0.0021987671
ee6pfli,joy,joy,0.0027702446,0.00035658648,0.0007430022,0.99143434,0.00048350426,0.00421228
ee6pmyi,anger,anger,0.90641165,0.012156017,0.004517613,0.0121798,0.039250508,0.025484502
ee6pufo,fear,fear,0.019603102,0.009120451,0.90913475,0.007392365,0.010472792,0.044276517
ee6pv52,surprise,surprise,0.0030405396,0.0011631617,0.0014437923,0.0019165913,0.0010115656,0.99142426
ee6qh7m,joy,joy,0.0006653387,0.00022900073,0.00032817796,0.9966828,0.0002457475,0.001848909
ee6qsl2,anger,anger,0.9674095,0.00432096,0.00064401794,0.0045549474,0.0129639385,0.010106738
ee6rbom,joy,joy,0.0009793391,0.00021204483,0.00020543348,0.997177,0.00057343877,0.0008526419
ee6rdzz,surprise,joy,0.018739108,0.005760162,0.0021058246,0.5094194,0.005244365,0.4587312
ee6rl0u,anger,anger,0.92628855,0.03845758,0.0014572417,0.003958705,0.00685014,0.022987807
ee6t4p2,joy,joy,0.00080755696,0.00023531847,0.00021752986,0.9971199,0.00048655283,0.0011332328
ee6u7gt,joy,joy,0.031889506,0.0018547603,0.0020947752,0.7676076,0.17756458,0.018988749
ee6u7pw,joy,joy,0.00076679833,0.00016888589,0.00029776533,0.9975955,0.0005171848,0.0006538511
ee6uw7u,sadness,sadness,0.028840391,0.046639934,0.066176444,0.0024572972,0.8457879,0.010098067
ee6wc1x,sadness,sadness,0.0025537778,0.0020316958,0.0021834227,0.0072458824,0.98145765,0.0045275493
ee6zqu7,anger,anger,0.8671398,0.016839594,0.005906033,0.029805586,0.05781322,0.02249581
ee6zt36,joy,anger,0.8036089,0.01057589,0.0025757244,0.10878959,0.06432737,0.010122558
ee715j6,surprise,surprise,0.007043214,0.0026029046,0.0025184923,0.007868273,0.061328836,0.91863817
ee71ile,joy,joy,0.0009608443,0.0002156963,0.00049914065,0.9956767,0.0014625089,0.0011850893
ee71q31,joy,joy,0.0017274083,0.00060759415,0.00065197644,0.9713324,0.0017596785,0.023920994
ee72tj4,sadness,joy,0.060178682,0.0022604608,0.0060648657,0.5900883,0.10648451,0.23492314
ee73r6l,joy,joy,0.00070796814,0.00027184418,0.00030024507,0.997393,0.0003028898,0.0010240027
ee74f2a,sadness,anger,0.7499092,0.00547681,0.0019547276,0.025695413,0.18796408,0.028999774
ee75dvh,joy,joy,0.0005417607,0.00013958673,0.00033124717,0.9976082,0.00054724346,0.00083201827
ee75ixt,joy,joy,0.0007434011,0.00017731133,0.00029936346,0.9973878,0.0002883943,0.0011036375
ee75yfv,joy,joy,0.00055161037,0.00020157231,0.00039922626,0.9978916,0.0003149907,0.00064103084
ee765d4,joy,surprise,0.06272457,0.009334923,0.011281726,0.30322266,0.16227676,0.45115942
ee766vv,surprise,surprise,0.0013037001,0.0015529334,0.0015713571,0.004342367,0.0008648372,0.99036473
ee76jo5,anger,surprise,0.021271132,0.09695852,0.019645026,0.29844245,0.018839765,0.54484314
ee76ni1,sadness,sadness,0.013195485,0.0023962231,0.017122922,0.37734336,0.571426,0.01851601
ee76qpj,sadness,fear,0.013427689,0.012298829,0.5151779,0.0088378405,0.13448058,0.31577712
ee77awx,joy,surprise,0.037931904,0.0016570614,0.016319945,0.3025067,0.028791633,0.61279273
ee78o0c,anger,anger,0.93784344,0.025787318,0.0019228207,0.016283099,0.014503711,0.0036596481
ee7901k,surprise,surprise,0.0013391521,0.001332441,0.0014668431,0.0034038385,0.0009878451,0.9914699
ee797hw,surprise,surprise,0.052372433,0.0024778303,0.01393993,0.01872554,0.008315724,0.90416855
ee79qmm,joy,joy,0.0016809447,0.00023198039,0.0003697457,0.99615234,0.0006446192,0.00092035544
ee7b5e3,joy,joy,0.18321782,0.0036080314,0.00079242396,0.61930066,0.023530517,0.16955052
ee7biqd,joy,joy,0.0028487607,0.0007861991,0.0015352927,0.9340412,0.0577026,0.0030859506
ee7bkwq,joy,joy,0.09547027,0.00931411,0.008687236,0.81782824,0.0062264395,0.062473647
ee7c0cd,joy,joy,0.003117822,0.00022086888,0.0003127484,0.9939442,0.0008844994,0.0015197848
ee7cppv,joy,sadness,0.105589226,0.017125977,0.007045744,0.01027055,0.8313452,0.028623309
ee7cwup,anger,anger,0.93227816,0.02594725,0.0016078491,0.022466037,0.010157182,0.0075435345
ee7d19b,surprise,surprise,0.0017065881,0.0018708941,0.0020730696,0.0026287304,0.0018228291,0.98989797
ee7dnuy,joy,joy,0.0046928846,0.00034718806,0.0003021092,0.9918669,0.00074403745,0.0020469304
ee7e449,surprise,surprise,0.0035046423,0.0016076438,0.00095073,0.0011606028,0.0010871292,0.9916892
ee7fdou,surprise,surprise,0.0017065959,0.0015555264,0.0018689508,0.070393495,0.0017126414,0.92276275
ee7g9qi,anger,joy,0.17478828,0.0031875642,0.0017433211,0.563268,0.0113842115,0.2456286
ee7hqj0,joy,joy,0.0007588562,0.00019422307,0.00026004598,0.99764806,0.0002891918,0.0008495938
ee7ihol,joy,joy,0.0062143123,0.00088033115,0.00040971246,0.9887744,0.00069093204,0.0030302682
ee7j09b,joy,joy,0.0010207961,0.0002888176,0.0003857543,0.9945259,0.0008818521,0.0028968707
ee7j0l8,surprise,joy,0.0027448921,0.0011290073,0.0035289847,0.52188104,0.0053449906,0.46537113
ee7jm7p,joy,joy,0.010394369,0.0003849454,0.0005398949,0.98153734,0.0013198502,0.0058235247
ee7loib,joy,joy,0.0006139974,0.00020334817,0.00026888438,0.996842,0.00030822775,0.0017636027
ee7lojx,joy,joy,0.000696854,0.00033536673,0.0005190318,0.99698013,0.0005893915,0.00087920064
ee7lvwt,sadness,sadness,0.018708093,0.0043478473,0.015051354,0.03533857,0.8389924,0.08756168
ee7nxkr,joy,joy,0.0037000696,0.0012506142,0.0018660738,0.9273462,0.0013462967,0.06449071
ee7nxvs,joy,anger,0.88370323,0.034578778,0.0014649072,0.0056064557,0.061516177,0.013130423
ee7pnho,joy,joy,0.003352988,0.00026984108,0.00045298785,0.9853763,0.0013646447,0.009183272
ee7qee7,joy,joy,0.0013166254,0.00028378528,0.00020005005,0.99494594,0.0005556472,0.0026979444
ee7qzgi,joy,joy,0.0033971248,0.00042155807,0.00038379405,0.9807402,0.0029857303,0.012071648
ee7sn8z,surprise,surprise,0.0052600875,0.0011774348,0.0009101662,0.0016583714,0.0011783027,0.9898156
ee7u9wl,anger,anger,0.9183998,0.020464977,0.006225693,0.005552653,0.03150081,0.017856058
ee7urwh,joy,joy,0.32557583,0.0048917267,0.003414866,0.3662625,0.15494066,0.14491439
ee7v8oj,joy,anger,0.668576,0.0058516343,0.0013746961,0.26426262,0.02455902,0.03537607
ee7vo0b,surprise,joy,0.031125296,0.0035252394,0.0045978623,0.58714813,0.1687594,0.20484406
ee7vojz,anger,anger,0.6556611,0.005341499,0.0015249891,0.0767712,0.009766714,0.2509345
ee7vp5c,joy,joy,0.00061064673,0.0002216873,0.0003113673,0.9978746,0.00041013915,0.0005715433
ee7vt3h,anger,anger,0.6206677,0.004765743,0.007827253,0.33417052,0.0055861077,0.026982676
ee7y8dh,surprise,surprise,0.15869267,0.19946045,0.01574902,0.00970142,0.11114704,0.5052493
ee7yldq,anger,surprise,0.102107055,0.0022707346,0.0031420388,0.19127202,0.16827358,0.5329346
ee7zzva,joy,joy,0.0005267891,0.00036918826,0.0006766064,0.99601114,0.00035396722,0.002062334
ee81csg,anger,anger,0.42473656,0.090355195,0.10422691,0.17141756,0.16148049,0.047783207
ee81qqo,sadness,joy,0.004198751,0.00079892256,0.0016382386,0.87757164,0.111782886,0.00400962
ee840w4,joy,surprise,0.11797075,0.00498559,0.0041965824,0.006301694,0.022841439,0.8437039
ee84mpq,anger,surprise,0.023873325,0.0018573616,0.0031096148,0.28818285,0.0035425946,0.67943424
ee86226,anger,anger,0.7485508,0.0040301047,0.0019655197,0.112277046,0.027645672,0.105530895
ee86hvo,joy,joy,0.0008436761,0.00026775108,0.00029075085,0.9974214,0.0002711003,0.00090538216
ee87c56,joy,joy,0.00043622951,0.00020529564,0.000513612,0.99753284,0.0005200815,0.0007918994
ee87hk8,joy,joy,0.00048089225,0.00019792446,0.000629083,0.99685967,0.00067161693,0.0011608739
ee87p8g,anger,joy,0.009762539,0.001677426,0.0011073103,0.9762097,0.0072242133,0.004018778
ee881dy,joy,joy,0.025497777,0.0006575656,0.0022059018,0.9292687,0.00363677,0.038733248
ee89hub,joy,joy,0.0006773459,0.00016999933,0.0003173662,0.9966544,0.00080418837,0.00137673
ee89oz8,anger,anger,0.9412724,0.02034683,0.0021217756,0.0022860377,0.027920412,0.006052613
ee89tz1,surprise,surprise,0.34759384,0.009143115,0.0041700215,0.033879686,0.14469594,0.4605175
ee8a1uj,joy,joy,0.0018479547,0.0004996608,0.0015263171,0.9665882,0.0062233745,0.02331452
ee8bc4r,joy,joy,0.0007190916,0.00022974913,0.00028494062,0.99753237,0.0003169731,0.0009167753
ee8be44,joy,joy,0.00053648814,0.00024192315,0.00031214583,0.9970656,0.0002513267,0.0015925367
ee8bz2n,joy,joy,0.00076772494,0.00021951325,0.000222279,0.9976472,0.00038605786,0.0007572582
ee8cx0t,joy,joy,0.0005346934,0.00020445022,0.00022502332,0.9977859,0.00044855362,0.00080138416
ee8d53d,anger,anger,0.8224843,0.003177286,0.0020501865,0.08787834,0.018496687,0.06591322
ee8e41n,anger,anger,0.5628254,0.014028549,0.0032330023,0.025856627,0.363288,0.030768424
ee8eq5h,surprise,joy,0.0331631,0.0018796006,0.0024337308,0.5442507,0.002606273,0.41566652
ee8f682,joy,joy,0.0013481311,0.00028119967,0.000351388,0.9958643,0.00044302669,0.0017118744
ee8gmy3,joy,sadness,0.23862973,0.009408569,0.012030395,0.10163379,0.39147836,0.24681912
ee8go3n,joy,anger,0.7585646,0.0059564784,0.0099119395,0.14617045,0.053565543,0.025831057
ee8h54x,sadness,sadness,0.0025419109,0.0017873605,0.0021980412,0.01806122,0.96763366,0.0077778245
ee8hqqr,joy,joy,0.00045798832,0.0001735237,0.00030073157,0.99636877,0.0005972289,0.0021017224
ee8hwzz,anger,anger,0.78536946,0.0045654923,0.0017115814,0.1547537,0.008539637,0.04506002
ee8kp0t,anger,anger,0.78115064,0.010428162,0.005979929,0.031423185,0.08373311,0.087284915
ee8liqi,joy,joy,0.00091433275,0.00023908762,0.00027266153,0.9977755,0.0003092752,0.00048904854
ee8mfqx,anger,anger,0.6183328,0.0035127888,0.0038243872,0.117852196,0.035705954,0.22077177
ee8mxe3,joy,joy,0.001226973,0.00023804484,0.00027811553,0.9966748,0.00043037173,0.0011517401
ee8nhz8,joy,joy,0.14047462,0.0038969084,0.0011590607,0.8409487,0.0061683627,0.0073523154
ee8p971,joy,joy,0.03222077,0.0014143776,0.000543535,0.92620057,0.0031353496,0.036485367
ee8p9i5,joy,joy,0.0026614955,0.0012711708,0.0017066838,0.88763577,0.001631219,0.105093665
ee8pp9d,joy,joy,0.010354705,0.0005477134,0.00045506508,0.9775285,0.0019992602,0.009114766
ee8pz9o,joy,joy,0.0034130563,0.00032168638,0.00035189875,0.99325705,0.00051353476,0.0021427728
ee8qmyo,joy,joy,0.00057484297,0.00023826885,0.00034860137,0.9979086,0.0003285806,0.00060106843
ee8r8kp,sadness,joy,0.014360107,0.0015371487,0.0012073806,0.71427333,0.2602215,0.008400547
ee8rjgr,anger,sadness,0.0416025,0.004622833,0.0032309373,0.019194921,0.9152149,0.01613387
ee8rktb,anger,anger,0.96616936,0.0066516376,0.000803667,0.0038152887,0.0056729764,0.016887028
ee8rl9f,joy,joy,0.0005699489,0.00023375952,0.0003226515,0.99784875,0.00032570816,0.0006991561
ee8sb37,surprise,surprise,0.002330024,0.0015425559,0.0020637473,0.0021239074,0.0016436802,0.99029607
ee8sqxz,joy,joy,0.0018741672,0.00095782866,0.0014276751,0.8107746,0.0017266336,0.18323903
ee8u5o3,surprise,surprise,0.012501905,0.0010387226,0.00094765547,0.008051009,0.0039088447,0.9735518
ee8uyjg,anger,surprise,0.04051792,0.0030726006,0.006783457,0.0042796745,0.009760366,0.9355861
ee8vkuw,joy,joy,0.00057820143,0.00017069538,0.000368412,0.99731284,0.00082498544,0.0007448294
ee8vlco,joy,sadness,0.22898729,0.012681679,0.021552512,0.049041923,0.5402512,0.14748539
ee8vtav,joy,joy,0.019253664,0.0010723828,0.0004476521,0.9458905,0.005805695,0.02753021
ee8w41w,surprise,surprise,0.008131531,0.0018380546,0.0014899464,0.0030011884,0.0022205133,0.9833188
ee8wol0,surprise,surprise,0.0016572314,0.001080703,0.0010179868,0.0047557876,0.0008951149,0.99059314
ee8x5dn,joy,joy,0.027914755,0.0016716893,0.0012810247,0.8838338,0.005969381,0.079329394
ee8y2lh,joy,joy,0.00040605356,0.00019835836,0.00035397676,0.9965491,0.00068343896,0.0018089394
ee8z31v,joy,joy,0.00078146765,0.00034032084,0.0014941727,0.98070323,0.0028448487,0.013835897
ee8z9ge,joy,joy,0.0004322201,0.00020450083,0.00034690523,0.9977094,0.00033002702,0.000976846
ee8zbr7,anger,anger,0.67928374,0.0042344197,0.00210708,0.19452192,0.057960246,0.061892603
ee8zjh7,joy,joy,0.00053315796,0.00022937871,0.00038888998,0.99785113,0.00030450287,0.0006930391
ee90gsc,joy,joy,0.0006462246,0.00031681065,0.00042524535,0.9964908,0.00023351976,0.0018874055
ee90qyi,joy,joy,0.0065670973,0.00025700132,0.0003287172,0.98999816,0.0008315106,0.0020175641
ee911lv,surprise,surprise,0.063464776,0.0028959173,0.0077735605,0.046152916,0.069799304,0.8099135
ee913vk,fear,fear,0.0016256308,0.005384833,0.9801672,0.0022307562,0.006249787,0.0043417565
ee91vv5,joy,joy,0.0009338147,0.00027936738,0.0005180233,0.99519217,0.00042845006,0.0026482313
ee91wv3,anger,anger,0.50443393,0.16041942,0.105287604,0.0055924025,0.21077947,0.01348712
ee92g5p,joy,joy,0.0006570284,0.00025104854,0.00023100828,0.9974668,0.00032449298,0.0010696322
ee9429f,joy,joy,0.003319741,0.0025807181,0.032935236,0.8609456,0.060025867,0.040192794
ee94m1i,surprise,surprise,0.0026022603,0.0010755479,0.0014296471,0.0015520182,0.001605403,0.9917351
ee94qf2,anger,anger,0.4886157,0.005491852,0.002089045,0.0387408,0.025403967,0.43965864
ee95kj0,joy,joy,0.0018833299,0.0002576829,0.00027975533,0.9963386,0.0005508389,0.00068974844
ee95nci,joy,joy,0.00934303,0.0006264908,0.0002516214,0.98767895,0.0010806682,0.0010192513
ee9651g,anger,anger,0.8636008,0.005414338,0.0010403219,0.06561406,0.027372938,0.036957517
ee96t99,joy,joy,0.00055994926,0.00027138647,0.0005351842,0.99464417,0.00034079052,0.0036486236
ee98dke,joy,joy,0.00045330924,0.00017430971,0.00036857364,0.99770576,0.00036796293,0.0009301613
ee99dvo,anger,joy,0.12738599,0.0032068726,0.0040288977,0.6537383,0.023629373,0.1880105
ee99qrp,joy,joy,0.003205,0.0011648934,0.00085204083,0.9735454,0.0019149696,0.019317722
ee99t4t,joy,joy,0.0005868433,0.00017217969,0.00028303885,0.9974125,0.0003273928,0.0012179724
ee99usi,sadness,sadness,0.15436435,0.009464215,0.0062910933,0.044796772,0.71448565,0.07059795
ee9a8li,joy,joy,0.00055629655,0.00016903327,0.00031587828,0.99789584,0.00034734322,0.0007154829
ee9c01w,surprise,surprise,0.00257382,0.0008774139,0.0015548411,0.0055663586,0.0029385763,0.986489
ee9d2bj,joy,joy,0.00050712266,0.00017984622,0.00034443566,0.9967428,0.0004480616,0.0017777598
ee9dd79,surprise,surprise,0.0023046422,0.0016463381,0.0025427334,0.10072986,0.0016906617,0.89108574
ee9epfm,joy,joy,0.0009329386,0.00020917787,0.0003794076,0.9963225,0.0016740502,0.00048195804
ee9fkxa,joy,joy,0.00048545527,0.00030768817,0.0004326702,0.9974171,0.00023540611,0.0011216053
ee9fxut,anger,surprise,0.18073153,0.0042862124,0.0038265549,0.09661538,0.20701206,0.50752825
ee9gbyp,anger,joy,0.0135694435,0.001629123,0.00088048226,0.97510386,0.0014091666,0.007407905
ee9ho16,surprise,surprise,0.0037981307,0.0015148836,0.0008414644,0.0016626314,0.00080234965,0.99138063
ee9hqqz,anger,anger,0.76008934,0.012654553,0.0032704163,0.014423905,0.19035392,0.01920792
ee9i3wf,joy,joy,0.0021847219,0.00024831112,0.0002531289,0.99588555,0.0003770959,0.0010512164
ee9jmht,anger,fear,0.051637217,0.014809857,0.83101207,0.019059658,0.073294304,0.010186871
ee9kxka,joy,joy,0.00063895434,0.00022364166,0.00025032685,0.9975165,0.0005960693,0.000774564
ee9kym3,joy,joy,0.00063675235,0.00021802478,0.0002468738,0.9977982,0.0004892532,0.0006109166
ee9lyi8,joy,joy,0.0009839055,0.00020648963,0.00030789556,0.9974432,0.0004916918,0.00056684524
ee9mcx1,joy,joy,0.00056027214,0.00020386172,0.00030543792,0.99781203,0.0003004755,0.0008178528
ee9mweo,joy,joy,0.00086738553,0.00022231035,0.00033890325,0.9970811,0.00035024525,0.0011401094
ee9n43j,joy,joy,0.0010227461,0.0002952303,0.00026285887,0.9972717,0.0003869081,0.0007605826
ee9nkq5,sadness,sadness,0.006555678,0.0021421406,0.0032032854,0.009278021,0.95428914,0.024531778
ee9no6c,disgust,surprise,0.041793488,0.055770997,0.007000863,0.004743955,0.02143433,0.8692564
ee9nvvg,joy,joy,0.0011098369,0.0006526204,0.008683121,0.98639655,0.0020700588,0.0010878316
ee9paqb,anger,anger,0.6319083,0.0056403903,0.0021967231,0.2323627,0.03387588,0.094015986
ee9pddh,joy,anger,0.66305214,0.060728688,0.0040864535,0.14405032,0.10862079,0.019461542
ee9ptog,joy,surprise,0.004314308,0.0052478765,0.021540537,0.276256,0.0054528266,0.68718845
ee9q7zr,anger,anger,0.9734788,0.008528699,0.0018164694,0.005301922,0.0072202496,0.003653769
ee9qgro,joy,joy,0.00046398604,0.00018939946,0.0005053787,0.9972365,0.00083154085,0.0007731398
ee9qw5n,joy,joy,0.0014509227,0.00015477718,0.0002670522,0.9957644,0.0011399881,0.0012228736
ee9slnf,joy,joy,0.003579442,0.00041611088,0.00030859248,0.99238116,0.0007022194,0.002612573
ee9uzrq,surprise,surprise,0.25878352,0.0071985046,0.0012155919,0.0057315757,0.01424441,0.7128264
ee9vqt3,surprise,surprise,0.0045650927,0.0011706481,0.0011579503,0.003387092,0.0024673024,0.9872519
ee9w16m,joy,joy,0.0015312252,0.0003062361,0.0007348492,0.9950663,0.0009825489,0.0013788111
ee9wkpl,anger,anger,0.97548246,0.0027731222,0.0013959215,0.0065955175,0.008859265,0.0048936866
ee9x46k,joy,joy,0.209221,0.0033866728,0.006186859,0.7269235,0.013674998,0.040606976
ee9xcuc,surprise,joy,0.024599563,0.00088865083,0.0060468293,0.8026772,0.020515002,0.14527269
ee9xgzw,joy,joy,0.0006356625,0.00019287739,0.00028199973,0.99795216,0.00030040793,0.0006368989
ee9xsp5,joy,surprise,0.14034738,0.0058870832,0.0066283965,0.060735177,0.3901994,0.39620262
ee9xuh9,joy,joy,0.0016493086,0.00023711749,0.00072980864,0.98655903,0.0069219833,0.00390272
ee9ygcn,surprise,surprise,0.23811021,0.007634142,0.0028247524,0.017812377,0.009135816,0.72448266
ee9z3sr,joy,joy,0.00054015266,0.00020853049,0.0003195472,0.99794644,0.0004445843,0.000540693
ee9za7p,anger,anger,0.97833246,0.002955645,0.0011252996,0.0037224751,0.0055856914,0.00827835
ee9zl8n,surprise,joy,0.17909187,0.055549406,0.004939528,0.6832925,0.03224395,0.044882733
eea2brh,joy,joy,0.0005620945,0.00023867632,0.00041155357,0.99721766,0.0002852123,0.0012847063
eea2jdl,anger,anger,0.96418774,0.0048219943,0.0010125692,0.004673641,0.013666283,0.011637735
eea2kfj,joy,joy,0.0040796204,0.001343503,0.0011103733,0.8892382,0.0028930837,0.10133515
eea2sxy,joy,anger,0.67083156,0.077163726,0.021043489,0.030742543,0.16944677,0.03077194
eea3t8m,joy,joy,0.00048641927,0.00025621118,0.0004082223,0.99785346,0.0002917706,0.0007038541
eea67op,surprise,surprise,0.002596841,0.0014084822,0.0014107131,0.010649002,0.0012685029,0.9826665
eea69xu,joy,joy,0.0008766684,0.00016647058,0.00021935863,0.99739623,0.00054758735,0.000793654
eea6o52,joy,joy,0.037854683,0.0007110151,0.0005746954,0.9522603,0.0038255118,0.0047736815
eeaa4kh,joy,surprise,0.0033872472,0.0013069705,0.0015459316,0.010087702,0.005579391,0.9780928
eeaae3c,sadness,anger,0.84691805,0.004119212,0.0029188492,0.032894626,0.072002724,0.04114655
eeaanku,joy,joy,0.00090058206,0.00038235844,0.00043824737,0.99581355,0.0003351809,0.0021300497
eeabsgl,joy,joy,0.0013958542,0.00023135092,0.0002989401,0.9960496,0.0011184888,0.0009057858
eeabte6,surprise,surprise,0.002723149,0.000829945,0.0017341103,0.010260966,0.0035696204,0.9808821
eeackn1,joy,joy,0.00059077836,0.00019059257,0.00018859879,0.9970042,0.00063168793,0.0013942197
eeae0v5,surprise,surprise,0.043024454,0.0029598207,0.0019002833,0.003569958,0.02905739,0.91948813
eeag7tf,joy,joy,0.005997832,0.0006282677,0.0010152833,0.98273486,0.0009805661,0.008643181
eeah494,joy,joy,0.0005045929,0.0001840666,0.0003001862,0.99792236,0.00031770178,0.00077107095
eeaht3e,joy,joy,0.0154835265,0.0009094507,0.002884966,0.9081512,0.020748343,0.051822476
eeaico8,sadness,surprise,0.05578461,0.0046169846,0.0033461466,0.016766913,0.109738134,0.80974716
eeaj0q5,joy,joy,0.004149293,0.00037336795,0.000363411,0.9919882,0.00067228125,0.0024535123
eeaj2m2,joy,joy,0.0013783425,0.00024880192,0.0002660667,0.99695045,0.00036271513,0.00079372723
eeajc5n,anger,joy,0.16400139,0.0048691644,0.09399308,0.5941179,0.01052078,0.13249774
eeajhog,surprise,joy,0.007685143,0.00074689183,0.0019046821,0.8887634,0.005749509,0.09515028
eeajkb5,joy,joy,0.0006229466,0.00024386832,0.000368914,0.9975804,0.0002871334,0.0008966445
eealh2s,joy,joy,0.00058142684,0.00025062656,0.00039510528,0.9976236,0.00031706193,0.00083224656
eealhhy,surprise,surprise,0.15057623,0.0072369487,0.0022741545,0.010183553,0.028829591,0.8008995
eealr4f,surprise,surprise,0.042002805,0.0022527385,0.001509954,0.008904915,0.032197464,0.91313213
eeam27i,joy,joy,0.0006823114,0.00016654508,0.00026511285,0.9974611,0.00030072464,0.0011241997
eeaom48,sadness,sadness,0.043139245,0.0052811014,0.0022920475,0.03651047,0.90526205,0.0075150556
eeaothh,joy,joy,0.024544027,0.00037649652,0.0003840046,0.96431243,0.0043467456,0.006036286
eeaph3u,surprise,surprise,0.0034042487,0.0011622224,0.0013320751,0.0015073358,0.0017368739,0.9908573
eeaphwn,joy,joy,0.00064015744,0.00022171647,0.00027012077,0.99780995,0.00043734678,0.00062064145
eeapijn,anger,anger,0.59797657,0.004159488,0.0023400912,0.30042213,0.020857994,0.07424365
eeapnl5,sadness,sadness,0.006934058,0.0021099423,0.002009692,0.012653868,0.96762764,0.008664763
eeaqlth,anger,anger,0.7982333,0.0057622865,0.0034747391,0.16430604,0.009878994,0.018344607
eeaqm41,joy,joy,0.0007747606,0.0002294615,0.00025783357,0.99732924,0.00027482494,0.0011338432
eearbor,joy,joy,0.0025120664,0.00031613462,0.00043587564,0.9815123,0.0021024267,0.01312114
eearkgr,joy,joy,0.0006534331,0.00015615481,0.00022605798,0.9976578,0.00050985237,0.0007966984
eeaspoo,joy,joy,0.0009903049,0.00018781252,0.0002041538,0.9973355,0.0005088094,0.0007734555
eeatg47,joy,joy,0.0006269298,0.00020350568,0.0002685284,0.997384,0.00036810446,0.0011489035
eeathxb,joy,joy,0.0006061316,0.00021931434,0.00039775803,0.9977695,0.00030101967,0.00070633343
eeauff2,anger,anger,0.97323734,0.012552089,0.0010854073,0.0048643793,0.0057314616,0.0025293736
eeausvm,joy,joy,0.0030234866,0.0002895439,0.0006105692,0.99358034,0.0006098839,0.0018861612
eeavlvv,joy,joy,0.0009461466,0.00018649273,0.00022203276,0.9973207,0.0004950997,0.0008295635
eeavpal,joy,joy,0.00056450395,0.00022420993,0.0003924401,0.9978629,0.00026458956,0.00069139455
eeavyn9,joy,joy,0.0005681762,0.00030445785,0.0004247531,0.9972736,0.0002822087,0.0011467929
eeawl2t,sadness,sadness,0.031362016,0.002760177,0.0042964113,0.019308036,0.9193411,0.022932317
eeawofv,joy,joy,0.00054044696,0.00025618265,0.000410757,0.9974541,0.00024071182,0.0010977405
eeawzps,surprise,joy,0.06404331,0.0025912162,0.00061443035,0.9272134,0.0023665722,0.0031710255
eeaxu1h,joy,joy,0.00058403757,0.00019127532,0.00029011234,0.9979569,0.00049124926,0.00048650356
eeaxzf8,joy,joy,0.0015424178,0.0012510414,0.0013127209,0.834246,0.0018300592,0.15981776
eeay7pk,joy,joy,0.0005509298,0.00025357967,0.00037527733,0.99671555,0.0002927052,0.0018119229
eeayt4j,joy,joy,0.0009234259,0.00020475818,0.00021340758,0.99730957,0.000395932,0.00095297757
eeazyw0,anger,fear,0.24570175,0.047089186,0.6632012,0.010062594,0.021527495,0.012417832
eeb1bcd,joy,joy,0.0004963233,0.00018948343,0.00041865857,0.9960908,0.0005083884,0.0022962892
eeb263o,joy,joy,0.0005577229,0.00019762653,0.00040243613,0.99770373,0.00034236768,0.0007960465
eeb319r,joy,joy,0.0034179313,0.00046277014,0.0002773118,0.99410063,0.0005612564,0.0011800559
eeb3512,joy,joy,0.0028827183,0.00050568685,0.0009305236,0.9742857,0.0024122107,0.018983135
eeb43em,joy,joy,0.0012399628,0.0005239481,0.00054465485,0.9866834,0.0004867819,0.010521196
eeb4j5e,surprise,surprise,0.009397113,0.0010418614,0.0016367411,0.0077830395,0.0022721712,0.9778691
eeb4nc1,joy,joy,0.0028117339,0.00040820285,0.00035378512,0.993454,0.0015144512,0.0014578691
eeb4vy2,joy,joy,0.00052610785,0.00021903637,0.0003265239,0.99790287,0.00043061754,0.00059483113
eeb4zdg,anger,anger,0.82337993,0.0031379466,0.0041534505,0.11944498,0.026046904,0.023836855
eeb5zu1,anger,sadness,0.1383833,0.014192937,0.0027918047,0.006812473,0.8185336,0.019285912
eeb60pw,surprise,joy,0.06638791,0.004534183,0.00339224,0.5461649,0.029768502,0.3497523
eeb658n,surprise,anger,0.7939677,0.0041429754,0.0023133846,0.024225734,0.062104937,0.11324529
eeb7ptw,joy,joy,0.0075339056,0.0006513573,0.0011594514,0.8776359,0.010319502,0.102699965
eeb8kev,joy,joy,0.0006575935,0.00017798832,0.00028436974,0.9966204,0.00032159733,0.0019380676
eeb9vgz,joy,joy,0.00062731205,0.00024209921,0.0003727966,0.99601716,0.0003681324,0.002372429
eebatsv,fear,fear,0.0023362099,0.00738208,0.9772191,0.0024291466,0.0036302465,0.007003251
eebba2y,joy,joy,0.006601014,0.0011071337,0.00035603336,0.9888208,0.00081007235,0.0023049398
eebcc3v,joy,surprise,0.007294498,0.0022735514,0.005548432,0.33772188,0.01572704,0.6314346
eebciyt,joy,joy,0.012629103,0.00079191197,0.00067244563,0.9522022,0.003423961,0.03028029
eebcsjz,joy,joy,0.0632338,0.005136111,0.0009345322,0.92342585,0.004305762,0.0029639557
eebdydi,joy,joy,0.00084595877,0.00024965426,0.00021959792,0.9974031,0.00035814583,0.0009235878
eebee19,surprise,anger,0.36797866,0.0035527989,0.010745406,0.34054974,0.052170213,0.22500321
eebf27r,surprise,surprise,0.1756199,0.0042620455,0.0025528204,0.011984318,0.014874989,0.7907059
eebgjvn,surprise,surprise,0.0044523473,0.0012062605,0.0010347802,0.002436467,0.0035427504,0.9873274
eebgrbg,joy,joy,0.0007695466,0.00021645222,0.00026451627,0.9974637,0.00026130743,0.0010244654
eebhe0m,joy,joy,0.00071952585,0.00028664985,0.00030849417,0.997718,0.00036535625,0.00060209894
eebhhkr,surprise,surprise,0.060161356,0.004365421,0.0054645003,0.16816337,0.27804208,0.48380318
eebhk1l,joy,joy,0.0017292453,0.00025095153,0.0014229153,0.9912107,0.0006499523,0.0047363006
eebim53,anger,anger,0.9685102,0.0053763622,0.0015032148,0.0023647535,0.010274005,0.01197144
eebjuuq,joy,joy,0.0005286085,0.00020820566,0.00036241554,0.99722654,0.00045134686,0.001222904
eebk4zh,joy,joy,0.0006328273,0.00019098952,0.00033749838,0.9975925,0.00057925365,0.00066694326
eeblajb,joy,joy,0.000899919,0.0002539767,0.00024008474,0.997589,0.0003616209,0.0006554641
eeblgsz,joy,joy,0.001082237,0.00028001703,0.00049972977,0.9771968,0.0010817416,0.01985951
eeblxhe,joy,joy,0.00073796103,0.00017357705,0.00049360073,0.9963929,0.0009563765,0.0012455593
eebme6s,anger,anger,0.98434573,0.0038779217,0.0012904468,0.0050584944,0.0032518697,0.002175623
eebnf4u,surprise,surprise,0.001808024,0.0009469742,0.0013961259,0.0049970704,0.0016398067,0.98921204
eeboiyt,surprise,joy,0.0011074409,0.00042661888,0.0005109453,0.99131495,0.00035919703,0.0062808357
eebpcwt,surprise,surprise,0.0016208078,0.0010113915,0.0011488415,0.004195675,0.0008599881,0.99116325
eebpo9g,sadness,sadness,0.0024150803,0.001555393,0.0024466803,0.01856481,0.97039366,0.0046243994
eebqebz,joy,joy,0.0008711805,0.00032082334,0.00036536815,0.99651045,0.0002530808,0.0016791186
eebti1e,sadness,sadness,0.00790144,0.0037603748,0.026835116,0.029258903,0.84293413,0.08931002
eebtq8m,surprise,surprise,0.004170687,0.0011023559,0.0017626568,0.10793675,0.003935242,0.88109237
eebtrgx,joy,joy,0.0010855782,0.00020351273,0.0010197061,0.9918514,0.0010738132,0.004766022
eebtsbi,joy,joy,0.0005164665,0.00025145712,0.00033664535,0.99791974,0.00039752122,0.0005781613
eebtw1u,joy,sadness,0.025528926,0.002821178,0.0031428125,0.22214307,0.73895526,0.007408844
eebu7wh,surprise,anger,0.92733586,0.0085129505,0.011589847,0.007093428,0.032188464,0.013279405
eebvpzo,anger,joy,0.06495605,0.0024996984,0.00072188623,0.9237078,0.0031992001,0.004915394
eebwc9l,joy,joy,0.0007449818,0.00020798968,0.0002808438,0.997719,0.0003077766,0.000739302
eebwp4z,anger,anger,0.74092895,0.0065986654,0.001640871,0.04402482,0.19397956,0.012827108
eebwquw,joy,anger,0.7367001,0.04413164,0.0026653025,0.19551675,0.015237966,0.0057482175
eebxklz,joy,joy,0.005925574,0.001578713,0.0015911475,0.9704221,0.0012413122,0.019241152
eebxspf,surprise,sadness,0.006437104,0.0021959443,0.004197838,0.0119075375,0.92344105,0.051820584
eebxv46,joy,joy,0.0009770615,0.00017768648,0.0005315541,0.9971398,0.00046567162,0.0007082114
eeby48k,sadness,sadness,0.0049268473,0.0027164777,0.0021791894,0.005446979,0.9815237,0.0032068598
eebzc9y,joy,joy,0.0010204508,0.00016632337,0.0001937605,0.99679273,0.00069601217,0.0011306936
eebzvi7,joy,joy,0.0008755225,0.00031474297,0.00032656628,0.9974101,0.00037942786,0.00069365825
eec0vsk,sadness,surprise,0.40194124,0.014724643,0.008081175,0.034259956,0.12011104,0.42088193
eec1mx2,sadness,sadness,0.009959821,0.011640418,0.0015863687,0.0034301577,0.95172596,0.021657223
eec1z73,disgust,fear,0.00942658,0.008604398,0.7092055,0.024669196,0.24004635,0.00804802
eec3itg,anger,surprise,0.017929439,0.00157107,0.0023163375,0.0057022995,0.010046165,0.9624348
eec49g9,joy,joy,0.0006313519,0.00020237519,0.00030030383,0.99780995,0.00036453924,0.00069152925
eec4bca,anger,anger,0.9779042,0.006326566,0.0010889481,0.001806373,0.003203108,0.009670778
eec6a2r,sadness,sadness,0.01849432,0.004146548,0.0011644848,0.007267739,0.9622734,0.006653583
eec75cy,joy,joy,0.0030337723,0.0007330731,0.0014298676,0.9473359,0.0052978722,0.04216949
eec7780,joy,joy,0.00135556,0.00029829048,0.00039383885,0.99564964,0.0009685567,0.0013341553
eec8de7,joy,joy,0.07226404,0.0012039808,0.0038019274,0.8438308,0.0042171185,0.07468216
eec9tfo,joy,joy,0.34696776,0.0025982927,0.0061803586,0.6093444,0.008161386,0.02674776
eecb135,joy,joy,0.00080776523,0.0003514408,0.0005119819,0.9889677,0.00049080414,0.008870334
eecegk1,joy,joy,0.0027005705,0.00045565004,0.000349652,0.99191624,0.0006503529,0.0039274753
eeceiy8,anger,anger,0.8177073,0.10322849,0.011618993,0.0069409297,0.039276816,0.021227406
eechsax,joy,joy,0.00096717884,0.00023738813,0.00032142084,0.9974443,0.00040307554,0.00062669156
eechx7k,anger,sadness,0.05668798,0.0069605242,0.009220914,0.016070753,0.8905627,0.020497147
eecki21,joy,joy,0.0005057324,0.00021059276,0.0003290553,0.9967565,0.00032398803,0.0018741721
eeckq47,surprise,surprise,0.0019206535,0.0008700467,0.000981626,0.003061719,0.0019780889,0.99118793
eeclq34,joy,joy,0.00213576,0.0005635036,0.0013898863,0.90837824,0.0066440273,0.080888584
eeclx2e,joy,joy,0.00067460735,0.00026553747,0.00026961413,0.99734515,0.00027576316,0.0011694022
eecny47,joy,surprise,0.005057763,0.0020021158,0.008572593,0.36925954,0.04428425,0.5708237
eecoca2,anger,anger,0.7896074,0.15031348,0.006142191,0.014960382,0.02706848,0.011908119
eecp1lg,surprise,surprise,0.0051564774,0.001527197,0.0019077895,0.016352547,0.0030960927,0.97195995
eecqt7n,joy,surprise,0.044301786,0.002056838,0.00475069,0.32615688,0.08634103,0.53639275
eecqvpr,surprise,surprise,0.005124963,0.0011196671,0.0007047738,0.0219512,0.0031767506,0.9679225
eecrzhf,joy,joy,0.00074517564,0.00024686416,0.00029311876,0.9977441,0.00036780845,0.00060299534
eecuz47,sadness,surprise,0.18749635,0.005139269,0.0063667884,0.028926978,0.21976025,0.5523104
eecuzmf,sadness,sadness,0.0021841815,0.0019499895,0.0055476236,0.0032432224,0.9839135,0.0031614474
eecwbwc,joy,joy,0.001104134,0.0002892732,0.00035616144,0.9935767,0.00037140897,0.004302306
eecxvy7,sadness,sadness,0.010080289,0.0022544092,0.002334169,0.014370933,0.9511162,0.019843986
eeczxp0,joy,joy,0.12289776,0.0021130082,0.0016342456,0.792801,0.05092197,0.029631963
eed0ko7,anger,anger,0.7386346,0.0060600843,0.0032494683,0.10955215,0.05282806,0.08967559
eed0oa6,joy,joy,0.05713707,0.0021733285,0.0022458788,0.7552973,0.16708311,0.016063327
eed1tb2,joy,joy,0.00077045074,0.00021318033,0.00032339734,0.99751866,0.00063141383,0.0005428177
eed21hs,surprise,surprise,0.0021497547,0.0011893389,0.0011630781,0.0037458218,0.0010089722,0.990743
eed2dnq,joy,joy,0.00046457833,0.00021357714,0.0005455782,0.99682057,0.00035807252,0.0015975859
eed34xr,joy,joy,0.0007551871,0.00021248341,0.00043837875,0.991193,0.0009780801,0.0064228196
eed4q41,surprise,surprise,0.0017286835,0.0017707542,0.0014186901,0.010755901,0.000837119,0.98348886
eed6kum,anger,sadness,0.20030093,0.0050743716,0.018448617,0.05640259,0.5013537,0.2184198
eed6wlf,anger,anger,0.7104506,0.006611123,0.0016053963,0.19786388,0.023596609,0.059872348
eed7yil,joy,joy,0.051513944,0.0010468952,0.0008528224,0.9184895,0.009422663,0.018674083
eed98dl,anger,surprise,0.19424556,0.003895097,0.0044249655,0.034280673,0.031049259,0.7321045
eed9qdm,joy,joy,0.00036086692,0.0002049429,0.0004529569,0.9976497,0.00044692433,0.0008845491
eeda892,surprise,surprise,0.009295027,0.0014524186,0.0012951138,0.0029812923,0.0011782529,0.98379797
eedalgu,joy,joy,0.0012429288,0.00023729165,0.00030078806,0.9959735,0.0003034746,0.0019420013
eedc9x3,fear,joy,0.0070274724,0.011873887,0.053458493,0.8921636,0.0034175457,0.03205901
eedcavj,surprise,surprise,0.0023006962,0.0013457368,0.0009899149,0.01047696,0.0008840825,0.98400265
eedclue,disgust,disgust,0.038625818,0.91107905,0.010776488,0.013255488,0.019118706,0.0071443887
eeddf0d,sadness,sadness,0.0019930836,0.0018045147,0.0024134328,0.001968136,0.9898671,0.001953769
eeddi3d,fear,fear,0.002893336,0.010411877,0.9691004,0.005165084,0.0031639533,0.009265317
eeddpmt,fear,fear,0.0022796132,0.0048637777,0.9717074,0.00843426,0.0041947598,0.008520283
eedegp1,anger,anger,0.92454237,0.025898794,0.0024154575,0.0075031156,0.031004379,0.008635794
eedf1f1,joy,joy,0.00069100637,0.00024767066,0.00037690683,0.9978098,0.0003839754,0.00049068243
eedg8nz,joy,joy,0.0013064035,0.00033698775,0.0005675903,0.9872196,0.0011074991,0.009462018
eedgc7u,joy,joy,0.01062754,0.0012567183,0.0022782679,0.8475641,0.0044506993,0.13382262
eedgxtu,joy,joy,0.013014867,0.00091570313,0.00035744286,0.9820436,0.0014986628,0.002169592
eedhkjf,anger,anger,0.9523053,0.02830027,0.0017914987,0.0018264835,0.0123295775,0.0034468672
eedj8it,joy,joy,0.0018304569,0.00029404892,0.00027108387,0.9945551,0.00032274082,0.0027264806
eedjls2,joy,joy,0.00079681317,0.00021669359,0.0002991601,0.9975852,0.0003252277,0.00077689375
eedjq9k,anger,anger,0.9835239,0.0043682912,0.0009633999,0.00450456,0.003945515,0.0026943556
eedjzv6,joy,sadness,0.014285796,0.003550113,0.0041591073,0.014945779,0.9229438,0.040115464
eedkjwi,anger,sadness,0.022597793,0.060172506,0.29106614,0.018601727,0.59143203,0.01612984
eedl0ig,anger,anger,0.93723315,0.004116003,0.001954269,0.038004875,0.013725428,0.004966367
eedlycq,sadness,surprise,0.08169712,0.005863375,0.0068020034,0.2577515,0.17379934,0.47408673
eedm0d0,anger,anger,0.5874503,0.004574064,0.0058421823,0.06979109,0.16963434,0.16270792
eedmqra,fear,fear,0.002961106,0.005791109,0.9745272,0.002706949,0.0055647907,0.008448879
eedmyod,joy,joy,0.00066814764,0.00021850961,0.00032306722,0.9978126,0.00027068524,0.0007068682
eedpshm,joy,joy,0.001284713,0.00032673098,0.00062835065,0.9836579,0.00052396674,0.013578278
eedq294,joy,joy,0.0009720131,0.00041968105,0.0005196486,0.985796,0.00039621137,0.011896452
eedqo1q,joy,joy,0.0009816614,0.0002834278,0.00031525016,0.997595,0.0003216142,0.00050300185
eedrfyd,joy,joy,0.01781597,0.0009995664,0.0014723822,0.8749221,0.07737255,0.027417347
eedrs7n,joy,joy,0.016213574,0.0019889788,0.001832508,0.8603659,0.0036599142,0.11593916
eeds40y,sadness,sadness,0.0019973756,0.0018715898,0.0020018856,0.0030509874,0.98893017,0.002147921
eedummw,joy,joy,0.00038270475,0.00018405012,0.0003493704,0.9966338,0.00045582897,0.0019942315
eedur4c,joy,joy,0.0032044812,0.00036169135,0.00028103776,0.9898726,0.0007079534,0.0055723065
eedwbky,joy,joy,0.00055574597,0.0002072798,0.00047893065,0.99708647,0.0011805588,0.0004910139
eedwkv0,sadness,joy,0.0027523427,0.00089680665,0.002408502,0.8945257,0.096441835,0.0029748315
eedwlca,joy,joy,0.0028371057,0.00032543804,0.00068030827,0.9715874,0.0029334459,0.021636343
eedzu32,anger,anger,0.9008598,0.015779212,0.0011396033,0.008334737,0.06877575,0.005110873
eee001l,joy,joy,0.00091278704,0.00019639397,0.00024141188,0.9972184,0.000791338,0.0006396742
eee0a09,surprise,surprise,0.0022906766,0.0011464908,0.006009308,0.10154483,0.005171837,0.88383687
eee0qb5,sadness,sadness,0.0067604305,0.002616886,0.0033186018,0.0069851377,0.96768445,0.012634495
eee27w1,joy,joy,0.0007963522,0.00025745746,0.00037299993,0.9976672,0.00029901238,0.00060709193
eee2bou,joy,joy,0.0006680987,0.00022544214,0.00023690886,0.9978399,0.00036701493,0.00066258415
eee4pu3,surprise,surprise,0.036857426,0.0019734846,0.0022069525,0.27871257,0.03740851,0.6428411
eee4q1a,sadness,sadness,0.01250184,0.0059303786,0.012555899,0.056460157,0.8945464,0.018005295
eee54od,surprise,surprise,0.0013628971,0.0014031434,0.0017195542,0.0021107413,0.0009178344,0.99248576
eee55te,joy,joy,0.0032721052,0.0002611905,0.0010098262,0.9766085,0.0031781155,0.015670348
eee5j9g,joy,joy,0.00045668765,0.00022073675,0.0004000811,0.9979395,0.0003925642,0.0005903724
eee6ufi,surprise,anger,0.93053776,0.016200105,0.0012480817,0.014954581,0.0094424775,0.027617032
eee7t3j,joy,joy,0.0021684384,0.00040942652,0.0004147172,0.97109896,0.0010465167,0.024862027
eee7y95,joy,joy,0.0011051187,0.00024116256,0.0004954206,0.99460983,0.0012329626,0.002315483
eee8ir7,joy,joy,0.00073484855,0.0001942127,0.00030082403,0.9976699,0.00038778546,0.00071242877
eee8m3p,disgust,disgust,0.0500524,0.90692294,0.018732242,0.0062373164,0.013437309,0.0046179104
eee8x2v,anger,anger,0.9647163,0.011469534,0.0018460634,0.002075566,0.01580469,0.0040879073
eee9b0g,joy,joy,0.00071162527,0.00021431649,0.00036327966,0.99736327,0.00035577395,0.0009916951
eeea235,joy,joy,0.0006297354,0.00024551371,0.00030425825,0.9978173,0.00027128967,0.0007319186
eeea95l,sadness,anger,0.80204946,0.061873015,0.003382404,0.028571108,0.09431531,0.009808689
eeeb9b2,surprise,sadness,0.0063735335,0.0028069583,0.003857231,0.0022529284,0.9759024,0.0088069625
eeebmhi,anger,surprise,0.26627594,0.003128503,0.004244089,0.013158877,0.013816081,0.69937646
eeec0i4,anger,anger,0.9855156,0.004188229,0.0008820268,0.0032781991,0.0036840374,0.00245194
eeec9h5,joy,joy,0.0016014118,0.00069348013,0.00070305495,0.9815481,0.00037603258,0.015078064
eeeccep,sadness,joy,0.0029075325,0.00020675102,0.00024923813,0.993091,0.001490106,0.0020554091
eeecutl,anger,anger,0.9764607,0.010346788,0.0016589243,0.0016324256,0.003757643,0.0061434577
eeed7k5,surprise,surprise,0.013052502,0.0016267004,0.0015862299,0.0029403565,0.0021211975,0.97867304
eeedbeb,joy,joy,0.00070183614,0.00018862172,0.00032025692,0.9966312,0.000446011,0.00171202
eeees1l,joy,joy,0.00087458274,0.00027259154,0.00026442384,0.997547,0.00050504133,0.0005364263
eeeg0is,joy,joy,0.007432159,0.00053098757,0.004736305,0.9809389,0.0039686123,0.002392995
eeeg69u,sadness,surprise,0.18891615,0.005045279,0.093941286,0.1749462,0.2634367,0.27371436
eeegg5k,joy,joy,0.0009400708,0.0003045125,0.0003079466,0.99725384,0.00028842903,0.0009052335
eeegppm,surprise,anger,0.345874,0.006347818,0.0035928334,0.2751908,0.07723467,0.29175994
eeehy7b,anger,joy,0.03416736,0.0011307416,0.004173138,0.7833557,0.08657456,0.09059846
eeeif15,surprise,surprise,0.0056998157,0.0024321417,0.004491929,0.18191907,0.014228356,0.79122865
eeelwg0,joy,joy,0.00063850457,0.00021322237,0.0004046385,0.9962721,0.00028256484,0.0021890586
eeem48t,joy,anger,0.4505263,0.010004003,0.0034602988,0.032068,0.39728492,0.10665651
eeen2hp,joy,joy,0.00057513313,0.00026987251,0.00037305465,0.9979553,0.00033177034,0.00049484556
eeenm81,joy,joy,0.00048424982,0.0002807185,0.0004966815,0.9975764,0.00029711233,0.00086487556
eeeokzd,surprise,surprise,0.034907848,0.0015623281,0.002431964,0.017272485,0.0048733996,0.93895197
eeepopj,anger,anger,0.9524235,0.020771101,0.0009838883,0.004395001,0.018127868,0.003298641
eeepz1x,joy,joy,0.0004403662,0.00019663025,0.00040175507,0.9977442,0.00067153206,0.0005455106
eeeqatj,joy,joy,0.37315136,0.0024962812,0.002568395,0.40851435,0.13779083,0.07547877
eeeqvdn,joy,joy,0.00069821643,0.0002680096,0.0003369652,0.99761355,0.0005064821,0.0005768576
eeer10a,joy,joy,0.00060150056,0.00019090042,0.00025050945,0.99725455,0.00028627415,0.0014163089
eeer9ys,joy,anger,0.63209915,0.0056359684,0.0019327009,0.16267672,0.023124857,0.17453063
eeersug,sadness,joy,0.009045751,0.00087316456,0.002044065,0.7785623,0.18317413,0.026300529
eeerudt,joy,joy,0.00082114944,0.00031438455,0.0003603306,0.9965062,0.00028578748,0.0017122657
eeesars,joy,joy,0.38706324,0.0022107158,0.0011572804,0.54076225,0.011017308,0.057789218
eeesuie,surprise,surprise,0.011783859,0.0014353022,0.001780422,0.017735075,0.0049713487,0.962294
eeetl27,joy,joy,0.00060094334,0.0001951275,0.00029857655,0.9978084,0.0003908433,0.00070613675
eeeusj1,surprise,surprise,0.35518444,0.013198751,0.0036126021,0.0032728107,0.024266079,0.6004653
eeewcfa,disgust,disgust,0.3139824,0.5668808,0.02415076,0.028310554,0.05262574,0.014049782
eeewh5f,sadness,sadness,0.0022762665,0.0014330545,0.0025646833,0.0072223893,0.98428404,0.0022194448
eeexo6j,joy,joy,0.0012210595,0.00050219055,0.000270394,0.99404883,0.0020606944,0.0018968515
eeeydlf,surprise,joy,0.00597724,0.0010416353,0.0019268875,0.5870556,0.007493258,0.39650536
eeeyrof,joy,surprise,0.011045763,0.0010648338,0.0023162684,0.0087458175,0.0121469395,0.9646804
eeezcc7,anger,joy,0.0052104257,0.00042711085,0.0018644229,0.9412144,0.0078032655,0.0434804
eef0879,joy,anger,0.64418983,0.008970837,0.0021490478,0.084763944,0.18239503,0.07753123
eef0tlo,fear,fear,0.0047542416,0.011837336,0.91350067,0.0025560614,0.006910484,0.060441215
eef2htq,sadness,sadness,0.19319293,0.010862334,0.02968962,0.00617299,0.7245988,0.035483338
eef2ttu,joy,joy,0.0005679956,0.00021083954,0.00029769345,0.9977551,0.00048126295,0.0006872279
eef44er,joy,joy,0.0009487545,0.0003356793,0.0005208929,0.9762148,0.0011647553,0.020815141
eef48yd,fear,fear,0.0023146311,0.0039243754,0.9501869,0.012671332,0.02165346,0.009249377
eef4frp,joy,joy,0.00041276196,0.0002609292,0.00058009516,0.9965957,0.00034320843,0.0018073262
eef56i6,joy,joy,0.0004573822,0.0001647523,0.00057591137,0.9961904,0.0009280717,0.0016833751
eef5dlh,joy,joy,0.000898224,0.00023466603,0.00020327875,0.99747914,0.0003924939,0.00079217285
eef5u9p,joy,joy,0.0034204011,0.00037249428,0.0006421995,0.9896769,0.0008155254,0.0050724437
eef7d73,joy,joy,0.0009691039,0.00031445533,0.00042203921,0.99599034,0.00025493387,0.00204917
eef7siy,joy,joy,0.0006466559,0.00023538295,0.00032027747,0.9977404,0.00047754572,0.0005796934
eef89q4,anger,anger,0.96215135,0.01845272,0.0013328441,0.0053221737,0.008511114,0.004229771
eef8b00,surprise,surprise,0.0023488195,0.0011757142,0.0009732175,0.0019482226,0.00092755305,0.9926265
eef9819,joy,joy,0.012453659,0.0014562823,0.0006228018,0.96542645,0.0011729656,0.018867819
eef9wd2,joy,joy,0.009490916,0.0021502075,0.0027899249,0.61115426,0.36313844,0.011276316
eefaj6f,joy,joy,0.00043200862,0.00019007166,0.00031088013,0.99801934,0.0005040369,0.00054360763
eefbq4h,joy,joy,0.0006815734,0.00024415602,0.00031739892,0.9977738,0.00040006544,0.00058292976
eefbttd,joy,joy,0.00068904215,0.00024340514,0.000293407,0.99774843,0.00041009588,0.00061562506
eefd54x,joy,joy,0.00072976795,0.00024304971,0.00029841534,0.99776435,0.0004888071,0.0004756042
eefds81,joy,surprise,0.0057105045,0.00086524023,0.0015708567,0.41337013,0.0081398,0.57034343
eefe4ze,joy,joy,0.0033178586,0.0007722198,0.0011687682,0.9055072,0.0017246812,0.08750927
eefedmx,joy,joy,0.0007350699,0.00020390577,0.0002557154,0.9978867,0.00030887022,0.0006097606
eefev2w,surprise,surprise,0.0012759697,0.0013707529,0.0023348033,0.004072383,0.0014197999,0.9895264
eefg325,fear,fear,0.0014714967,0.005961191,0.9803222,0.002091919,0.004977947,0.005175202
eefgsta,joy,joy,0.0005149371,0.00014465614,0.00027863446,0.99762064,0.00072906463,0.0007120937
eefiopr,surprise,surprise,0.0041299528,0.002177848,0.005751638,0.004571236,0.010378944,0.97299033
eefjgko,joy,joy,0.002686533,0.0003059445,0.00037626986,0.9896889,0.00076180487,0.0061805844
eefjh2w,anger,anger,0.3307709,0.020168046,0.0023394693,0.22205786,0.14592841,0.27873534
eefkzci,joy,joy,0.010705703,0.001381376,0.00096424035,0.5772508,0.0035428877,0.406155
eeflebd,surprise,surprise,0.002428288,0.0011281868,0.0016493544,0.0024510673,0.0012192305,0.9911239
eefmv5g,joy,joy,0.002871912,0.0006742065,0.0006713078,0.99024665,0.00046850645,0.005067454
eefol3s,joy,joy,0.00061263965,0.00029001295,0.00049704924,0.9976178,0.00039564553,0.0005867934
eefoxs7,joy,joy,0.00049781846,0.00027704414,0.00045420937,0.9967505,0.0002893505,0.0017312065
eefpto5,joy,joy,0.0006503401,0.00032025014,0.00046751375,0.9967803,0.00040911598,0.0013724472
eefr0rq,joy,joy,0.45294246,0.040358685,0.0029370696,0.47774708,0.01387145,0.012143186
eefr1k0,surprise,surprise,0.0016646537,0.0013083884,0.0019808165,0.0050939424,0.0011149178,0.98883736
eefrsft,joy,anger,0.4718621,0.004949012,0.0027267695,0.11661922,0.012565424,0.3912774
eeft7nc,joy,joy,0.0005687565,0.000169562,0.00026910697,0.9967296,0.00097896,0.001283947
eefthh7,sadness,sadness,0.01566337,0.0046860445,0.01160212,0.26313433,0.6662773,0.03863681
eeftq0a,joy,joy,0.0010765943,0.0002780841,0.00035507916,0.99667513,0.00036407658,0.0012509853
eeftq4c,joy,joy,0.00060815417,0.00021671268,0.00029916049,0.9979956,0.00035186255,0.00052853476
eefw6wy,surprise,joy,0.0005869938,0.00022028964,0.00049381563,0.9953694,0.0014083935,0.0019211146
eefy8i9,joy,joy,0.0004523899,0.00022352816,0.00028553227,0.99727935,0.0002795232,0.0014797576
eefyfj2,anger,anger,0.97549033,0.005871463,0.0023526528,0.0045686574,0.0053791422,0.0063378126
eeg14mm,surprise,surprise,0.0026208377,0.0012527492,0.0013565719,0.001806276,0.001071757,0.99189174
eeg151e,anger,anger,0.7630631,0.08451043,0.114957176,0.0023549127,0.022332272,0.01278215
eeg251g,joy,disgust,0.05285068,0.898875,0.023213927,0.0065558488,0.013057155,0.0054474305
eeg2a1h,anger,anger,0.5046204,0.006491892,0.0019322603,0.44104826,0.030126268,0.015780935
eeg2bai,surprise,anger,0.8025086,0.07692963,0.0039366316,0.003054464,0.049867596,0.063703075
eeg2ht9,sadness,sadness,0.008172345,0.0033526027,0.028370162,0.02551779,0.90535223,0.029234862
eeg4ru0,surprise,surprise,0.0038126812,0.0014476413,0.0011212428,0.006459796,0.00096865435,0.9861899
eeg52n0,joy,joy,0.0004210259,0.00019080073,0.00038404827,0.99772376,0.00047427297,0.0008061637
eeg5phq,joy,joy,0.00074871123,0.00025172875,0.0002692588,0.99760973,0.000603431,0.0005171441
eeg6zvp,joy,joy,0.0007556231,0.00045259602,0.00029912347,0.9968515,0.00034680797,0.0012943286
eeg7b89,joy,joy,0.00068821345,0.00031422946,0.0007000376,0.98934424,0.0009250981,0.008028152
eeg7h5d,surprise,surprise,0.28410608,0.006080716,0.0012182314,0.004204546,0.0040549394,0.7003355
eeg8ezh,joy,joy,0.019398408,0.0017257003,0.0029727097,0.6638306,0.017367797,0.29470477
eeg8f1b,surprise,surprise,0.002543874,0.0013419811,0.0018292625,0.0020672795,0.0016512068,0.9905663
eeg8wtf,joy,joy,0.0007303631,0.00031925895,0.00033107062,0.99766904,0.0004320496,0.0005180844
eeg92jh,surprise,surprise,0.0053311507,0.005660694,0.0019454778,0.0021862925,0.0018905492,0.9829859
eegb8ab,joy,joy,0.0004802454,0.00028541285,0.00047954582,0.9973252,0.00022987607,0.001199767
eegbeoy,joy,joy,0.013547887,0.0012577525,0.0036767086,0.72680694,0.0030408718,0.25166982
eegd2kq,anger,anger,0.97025067,0.0029810546,0.0006225046,0.0070973546,0.003688487,0.015359928
eegdaz7,surprise,surprise,0.0024409445,0.0009398913,0.0012635792,0.0031046984,0.0026599234,0.98959106
eegdgoo,surprise,surprise,0.0022332836,0.0009140653,0.0008866131,0.004295198,0.0013684396,0.99030226
eege3fw,anger,surprise,0.010171939,0.0012564176,0.0009765837,0.017894525,0.0016673673,0.9680331
eege8tk,joy,joy,0.0005416172,0.00028616784,0.00039916227,0.9974395,0.000250151,0.001083314
eegfaxf,surprise,surprise,0.0049706167,0.0011900857,0.000828324,0.0025490695,0.00075748883,0.98970443
eeggqs5,sadness,sadness,0.19717166,0.0058325725,0.0030603628,0.023140717,0.7404977,0.030297045
eeggtyp,anger,anger,0.6380412,0.0026555362,0.0027626825,0.33775616,0.010037552,0.008746867
eegh1ze,joy,surprise,0.012153767,0.0021284348,0.0026178798,0.47963738,0.0084960405,0.49496657
eegigu8,joy,joy,0.00058029953,0.0002025819,0.0003302314,0.9973871,0.00032926063,0.0011705933
eegij2q,joy,joy,0.00057440577,0.00015936614,0.0002661129,0.9971168,0.0011263107,0.0007569278
eegixpk,joy,joy,0.0005169228,0.00021182281,0.00036959627,0.9968676,0.00024779412,0.0017862695
eegjy2e,sadness,sadness,0.05074975,0.0027179017,0.01520324,0.029286144,0.7779211,0.124121875
eegk5xm,sadness,surprise,0.054134015,0.0026968673,0.022293368,0.03600734,0.08218889,0.80267954
eegkwp2,joy,joy,0.0016454798,0.00037486694,0.0003300511,0.9862104,0.0006512291,0.01078797
eeglcvl,joy,joy,0.0006811127,0.00021716233,0.00034727997,0.99705803,0.0003078832,0.0013884519
eeglh8d,joy,joy,0.072976366,0.009783627,0.007668701,0.58088964,0.15009134,0.1785903
eeglks7,joy,joy,0.0006521686,0.00016958875,0.0003107252,0.99787605,0.000306144,0.00068530155
eeglmin,joy,joy,0.0023011877,0.00032252003,0.00020811646,0.9954608,0.0006113798,0.0010958766
eeglsgh,surprise,anger,0.9408256,0.0066404757,0.003136215,0.004450605,0.011137363,0.033809815
eegly1s,joy,joy,0.0013708799,0.00034763693,0.00052554527,0.97622013,0.0013940572,0.020141736
eegnouh,joy,joy,0.0036315604,0.00085980026,0.000761052,0.91431135,0.001604918,0.07883132
eegowgp,joy,surprise,0.051599223,0.0012683767,0.013185248,0.4101039,0.037151612,0.48669168
eegq15p,sadness,anger,0.5689714,0.009251075,0.014612318,0.1321504,0.16166948,0.11334532
eegqb4m,sadness,anger,0.7826962,0.012323596,0.0027363014,0.023103502,0.17206591,0.0070744967
eegt1rf,joy,joy,0.0006436767,0.0002623645,0.0003282695,0.99777216,0.0004154647,0.00057810155
eegt2pg,joy,joy,0.0005928755,0.0002104649,0.00027771064,0.99791235,0.0004221328,0.0005844799
eegvp8x,fear,fear,0.0026464865,0.0043853265,0.9602497,0.004584412,0.008845412,0.019288559
eegwzjr,anger,anger,0.94741076,0.015676858,0.0015504318,0.002785842,0.026902156,0.0056739193
eegwzy1,fear,fear,0.0029142073,0.005174221,0.9749014,0.0029404534,0.0075651454,0.0065046586
eegxyij,surprise,surprise,0.0023059538,0.001357708,0.0033013471,0.12389937,0.023742456,0.8453932
eegyax8,joy,joy,0.0015987934,0.00026048685,0.00025982142,0.9965385,0.0003304303,0.0010119512
eegyfes,joy,joy,0.0008149748,0.0007706157,0.0024850399,0.985571,0.001232234,0.009126039
eegzxos,joy,joy,0.0008933055,0.00024290448,0.00043955495,0.994785,0.00032231616,0.0033169682
eeh086a,joy,joy,0.0007932111,0.00027395118,0.00030895654,0.9971523,0.0002716757,0.0011998056
eeh1ksv,surprise,surprise,0.0029461412,0.0011129203,0.002974574,0.016416995,0.0141174,0.9624321
eeh3h9n,joy,joy,0.0039889095,0.0016999906,0.004437726,0.9861101,0.0010257082,0.002737587
eeh4lqc,anger,anger,0.90017146,0.029133085,0.0013664974,0.008359463,0.04972641,0.011243139
eeh6t6x,joy,joy,0.0008086676,0.00027544852,0.00031165086,0.997618,0.00036028703,0.00062592415
eeh70ak,surprise,surprise,0.12545538,0.0027378474,0.0013782498,0.0044588083,0.0048357663,0.86113393
eeh8kt7,anger,anger,0.75838345,0.03781733,0.009040808,0.17285694,0.0070952713,0.014806209
eeh9bzl,joy,joy,0.0006875376,0.00025825284,0.00030958315,0.997618,0.00038347163,0.0007431194
eehaa3j,surprise,surprise,0.0017112758,0.0012100567,0.0009156392,0.0042674094,0.0011300539,0.9907657
eehaifd,joy,joy,0.01233923,0.00061869936,0.00033495197,0.9841807,0.0011251825,0.0014012613
eehb4an,joy,sadness,0.0032800979,0.0020010022,0.0027163636,0.005787216,0.97493035,0.011284999
eehc02v,joy,joy,0.08499162,0.0040316056,0.0007596377,0.90098345,0.004779828,0.004453896
eehc9df,anger,anger,0.98015183,0.008668038,0.0006884812,0.003893708,0.0042677564,0.0023301935
eehdjys,joy,joy,0.00048741823,0.0002686189,0.00067014643,0.99592626,0.0004279405,0.0022195887
eehfcu2,joy,anger,0.60547507,0.002808058,0.002518763,0.25344202,0.036487233,0.09926879
eehfi6a,surprise,surprise,0.010521296,0.0032745046,0.004774592,0.036536567,0.0077434485,0.9371495
eehfpfx,joy,joy,0.0006277559,0.00018648584,0.00048320906,0.99143195,0.0005862871,0.0066842404
eehh6l0,joy,joy,0.0064147464,0.0006868642,0.0012148857,0.9115103,0.013738674,0.066434525
eehhhlq,anger,anger,0.5212201,0.00667008,0.0015113051,0.32989496,0.10532961,0.03537395
eehi89m,anger,anger,0.9823753,0.008056037,0.00077009667,0.0035295559,0.0023775024,0.0028914078
eehiwo8,sadness,sadness,0.0032071336,0.0018397191,0.0012069482,0.0060013956,0.9839347,0.003810071
eehj2sm,anger,joy,0.062474634,0.0010100814,0.00048271057,0.93076015,0.0035073045,0.0017651407
eehjdo3,joy,joy,0.00053423457,0.00016116393,0.00033725981,0.9973304,0.000737494,0.00089941564
eehk3jx,anger,anger,0.92442954,0.005851822,0.0018056736,0.013705134,0.029656922,0.02455089
eehkf17,sadness,sadness,0.03266357,0.0063664997,0.002515953,0.004325291,0.92102975,0.033098962
eehksno,surprise,surprise,0.00419686,0.001548794,0.0007833651,0.0012458048,0.0010693447,0.99115586
eehm4uv,anger,anger,0.9803467,0.0031377927,0.0015343319,0.0048924885,0.0047858017,0.005302861
eehmyk3,anger,anger,0.68187666,0.0467548,0.07702805,0.014911894,0.14813097,0.031297673
eehn7ii,joy,joy,0.005863042,0.00043231138,0.00053801405,0.96673256,0.0012319692,0.025202153
eehoy3v,joy,joy,0.00073743623,0.0001826457,0.00025154994,0.9978683,0.00039237435,0.0005676777
eehp0pa,joy,joy,0.00092101586,0.00020414745,0.0003169034,0.99667704,0.00087308785,0.0010078496
eehp16n,surprise,surprise,0.0014105069,0.0011869562,0.0031801027,0.0033005944,0.012429573,0.9784922
eehp42r,joy,joy,0.00045060104,0.0002041777,0.0003536889,0.9979538,0.00044119128,0.00059655675
eehq7r5,anger,disgust,0.07458694,0.8603781,0.03809785,0.003061312,0.019449024,0.004426708
eehsab2,joy,joy,0.005632936,0.0004259063,0.00032994457,0.9909095,0.00065863604,0.002043025
eehsrhh,joy,joy,0.00053033396,0.00020075489,0.00031641303,0.9976681,0.00078119745,0.0005031906
eeht3vf,anger,anger,0.97715193,0.006683489,0.001287139,0.0042776465,0.003926689,0.006673031
eeht8hz,joy,joy,0.00061638234,0.00027258293,0.00034151296,0.9977884,0.00023651266,0.0007444906
eehtgt8,anger,anger,0.78140765,0.0068603586,0.0029059197,0.0053035296,0.019425618,0.18409692
eehuu18,joy,joy,0.0005932807,0.0001802471,0.00028357445,0.99783903,0.00031067518,0.00079329795
eehuykx,joy,joy,0.0005976114,0.00020745251,0.00025974383,0.99785453,0.0005659388,0.00051470817
eehvkz8,joy,joy,0.00048113038,0.00015564173,0.00029127297,0.9975568,0.0006058672,0.0009092985
eehvx0u,joy,joy,0.0006157557,0.00015280403,0.0002709192,0.99757856,0.00045167457,0.0009303581
eehwaz5,sadness,surprise,0.19660318,0.008373974,0.003882062,0.03483012,0.006861699,0.749449
eehx72v,joy,joy,0.0007195869,0.0002530862,0.00039960048,0.99603844,0.0002630917,0.0023260647
eehxe6g,joy,joy,0.0013814382,0.00032341338,0.00023988931,0.997065,0.00042767523,0.0005625608
eehz3ye,surprise,surprise,0.0099997865,0.0023382204,0.0058996435,0.017981017,0.0114685735,0.95231265
eei023b,joy,joy,0.0015986194,0.00019950655,0.00026620328,0.99503076,0.00060490385,0.002299992
eei1nic,sadness,anger,0.8273897,0.009650498,0.0024219472,0.05004239,0.07180216,0.038693327
eei1vfj,joy,joy,0.0035738077,0.0006729134,0.00094738713,0.98887163,0.0009373101,0.004996883
eei29d0,joy,joy,0.0010703848,0.0001726862,0.00027444607,0.9972965,0.00038584176,0.00080015353
eei2g6l,fear,anger,0.4566285,0.20226254,0.2329074,0.0023092579,0.07520115,0.030691106
eei307g,surprise,surprise,0.019612705,0.0029544788,0.014778842,0.0040259887,0.06226345,0.89636457
eei3vfu,disgust,disgust,0.030457301,0.905221,0.016417632,0.023605954,0.013292683,0.011005544
eei3vrb,anger,anger,0.94353867,0.007836113,0.0008564222,0.009487318,0.0305573,0.00772417
eei42wu,anger,anger,0.9626584,0.020068163,0.0012987871,0.001936751,0.009050305,0.0049875774
eei4ela,joy,surprise,0.062215645,0.0030278275,0.0020321484,0.11453444,0.006954515,0.8112355
eei4wly,joy,joy,0.0012896465,0.0002027184,0.00038417825,0.9925869,0.0038450833,0.001691485
eei64qt,surprise,anger,0.6608589,0.0052591874,0.003109589,0.006891504,0.018788101,0.30509266
eei7ati,joy,anger,0.9791515,0.0035097513,0.0025420915,0.005885468,0.0037528481,0.0051584393
eei7jjd,joy,joy,0.009089945,0.011063299,0.1779795,0.74031717,0.054660883,0.0068891845
eei937o,joy,joy,0.0036328204,0.00059809146,0.0014013908,0.93589205,0.0065603387,0.051915266
eeia0zq,joy,joy,0.0018055456,0.00022797729,0.00071288174,0.994672,0.0006285117,0.0019531208
eeia11h,anger,anger,0.9606995,0.0064948406,0.0018835638,0.010583262,0.0070401626,0.013298668
eeiav5d,joy,joy,0.044635125,0.00087831105,0.0005320415,0.9485502,0.0027500566,0.0026543105
eeibzrz,joy,joy,0.0004772863,0.00018593586,0.0003539855,0.9975217,0.00043540128,0.0010256615
eeidhj0,joy,joy,0.0022072187,0.00028848337,0.0004819733,0.9938459,0.0011639864,0.0020124726
eeie20s,joy,joy,0.00072906056,0.0003911182,0.0003251799,0.9953917,0.00044385844,0.002719086
eeiey15,joy,joy,0.0060289716,0.0006137083,0.0010061202,0.8598465,0.0020903097,0.13041435
eeif5qi,joy,joy,0.00045947352,0.00019996142,0.00036572642,0.99801385,0.00040511365,0.0005559261
eeigczo,sadness,joy,0.056932535,0.0025603673,0.0036977937,0.51569414,0.20977435,0.21134083
eeigkbc,joy,joy,0.0005568757,0.00017635724,0.00034523077,0.99778026,0.00052868464,0.00061265967
eeih26j,joy,joy,0.002769884,0.00051738,0.00027226828,0.9896856,0.0010799884,0.005674864
eeij9uk,joy,joy,0.1088471,0.0018427874,0.0009275612,0.864093,0.0020597775,0.022229744
eeijy15,joy,joy,0.3542651,0.006786018,0.0031858126,0.5582825,0.020625371,0.056855153
eeiph3y,surprise,joy,0.06353892,0.008988883,0.005444071,0.5139502,0.0059878617,0.40209
eeipngy,joy,joy,0.00059217063,0.00020838414,0.00034720096,0.9971757,0.0003493949,0.0013270903
eeism9o,joy,joy,0.00057475735,0.00026507067,0.001057782,0.9837884,0.001980696,0.012333335
eeit37g,joy,joy,0.0012440436,0.00034737424,0.00028074137,0.9968702,0.00030788803,0.00094969955
eeiu4ae,anger,anger,0.7937446,0.07422368,0.005738896,0.074467525,0.010546812,0.04127847
eeiv2s4,anger,anger,0.5125614,0.0023178183,0.0012419373,0.42855132,0.00766166,0.047665894
eeivot7,surprise,surprise,0.0020984411,0.001232782,0.001059944,0.013139139,0.0012765056,0.98119307
eeiw2s5,joy,joy,0.00049688405,0.00020064032,0.00036214138,0.99731845,0.0005821213,0.0010397361
eeix3n9,joy,joy,0.00044656332,0.00017714544,0.00025863593,0.997863,0.00039670878,0.0008579757
eeix5fx,joy,anger,0.56746596,0.0075546578,0.0024064346,0.26430085,0.02966406,0.12860806
eeiy3ar,surprise,surprise,0.00227082,0.0012845057,0.0017163091,0.029100575,0.0011253915,0.9645024
eeiyx66,joy,surprise,0.008049214,0.0014356326,0.0011505435,0.033187374,0.0014362714,0.95474094
eeizz89,joy,joy,0.01000049,0.00089527114,0.0021959501,0.7737629,0.0072034094,0.20594193
eeizza2,joy,joy,0.0008688569,0.00019770951,0.00030310758,0.99536693,0.00032523784,0.0029381518
eej1ihs,joy,joy,0.00090741424,0.00021324205,0.0002903479,0.99764,0.00043811716,0.0005109399
eej2fl7,joy,joy,0.0009255501,0.0002959586,0.00045956674,0.9845978,0.00048476446,0.013236329
eej2hgv,surprise,joy,0.034796715,0.00067036814,0.00095354836,0.94826156,0.0037485838,0.011569168
eej6h5n,joy,joy,0.00067785603,0.00046046253,0.0005791705,0.9953616,0.0004717423,0.0024491681
eej7h6s,surprise,sadness,0.011504135,0.003947854,0.025302835,0.06261585,0.53961754,0.35701185
eej83t7,anger,joy,0.19810663,0.002397399,0.009516621,0.6694487,0.054893877,0.065636806
eej9o9i,joy,joy,0.000742993,0.0002556173,0.00028060126,0.9973947,0.000265748,0.0010603984
eejcgvu,joy,joy,0.00062555977,0.00023993742,0.00026359185,0.9972155,0.00037351367,0.0012817872
eejdqkt,surprise,joy,0.010953883,0.0014579284,0.0014674278,0.49255705,0.0031606716,0.49040312
eejdrwa,joy,joy,0.012752793,0.0008225852,0.00038259657,0.9773446,0.0011371367,0.0075602885
eeje0qk,fear,joy,0.042972837,0.0017320736,0.008870631,0.8959213,0.0077158115,0.042787362
eejearc,joy,joy,0.0006123022,0.00018610913,0.0002538031,0.99701357,0.00053369056,0.0014004655
eejfg4x,joy,surprise,0.014136424,0.002265231,0.0072728847,0.09693172,0.0053865793,0.8740072
eejgpk4,surprise,surprise,0.0051425407,0.0007881586,0.0012582642,0.0068609985,0.0027705282,0.98317945
eejgsmw,joy,joy,0.0007190027,0.00022677323,0.0003097395,0.9976059,0.00030320184,0.0008353696
eejhfit,joy,joy,0.0019450183,0.00029609815,0.00026942103,0.9962108,0.0005757235,0.00070284994
eejj25r,anger,anger,0.4924035,0.0043624197,0.00208299,0.41264245,0.015820678,0.072687864
eejjhbs,surprise,anger,0.47879702,0.0060690404,0.0030623754,0.006488371,0.028189415,0.47739387
eejkfse,surprise,surprise,0.15604982,0.01725593,0.012509867,0.028630929,0.14247185,0.64308167
eejligj,joy,joy,0.0025980559,0.0004929124,0.0012408043,0.9425055,0.039225675,0.013937167
eejlsyq,joy,joy,0.0043560937,0.0008223415,0.0007791692,0.90876025,0.0014815655,0.08380052
eejm5tn,joy,joy,0.00044832024,0.00021351397,0.0003935735,0.9969363,0.00036463037,0.0016436182
eejmajm,joy,joy,0.0005086695,0.0003991043,0.0009445172,0.9873411,0.00090222777,0.009904333
eejmdph,anger,surprise,0.040013693,0.0023993794,0.0015932196,0.037244324,0.0062753265,0.912474
eejnarc,anger,joy,0.024414465,0.0027057878,0.0043270253,0.8415866,0.0022887003,0.12467735
eejnctr,joy,joy,0.0006821882,0.00028322078,0.00034457527,0.99750924,0.00023601754,0.00094477454
eejqkb0,joy,joy,0.002405583,0.0006214736,0.0005618027,0.9707864,0.0031215355,0.022503112
eejqrhs,joy,anger,0.8384514,0.00451543,0.006170295,0.03174738,0.04214945,0.07696612
eejr1d0,joy,joy,0.056914255,0.0068404544,0.003180691,0.72163594,0.014617244,0.19681138
eejtcuw,joy,joy,0.0007203984,0.00016600099,0.00039586538,0.99747133,0.00034171602,0.00090480817
eeju6ax,joy,joy,0.0006800308,0.0002629985,0.0002894532,0.99768066,0.0003337911,0.0007530949
eejwst3,joy,joy,0.000730096,0.0002465221,0.0003727865,0.99757284,0.00023915787,0.0008386593
eejx2i4,anger,anger,0.7303474,0.013718891,0.0013020241,0.06788523,0.0202704,0.16647604
eejzyyw,joy,joy,0.0005806202,0.00018684434,0.00033311683,0.9978707,0.00031171608,0.0007169692
eek04xw,anger,anger,0.9731856,0.012558834,0.0013912927,0.0025279094,0.0073713837,0.0029650084
eek24b0,anger,joy,0.061158244,0.0025165563,0.0014676864,0.865323,0.0036080487,0.06592647
eek2bir,anger,anger,0.74196285,0.005086414,0.0026634883,0.076023914,0.01279413,0.16146925
eek2pfr,joy,joy,0.0023548896,0.00022908329,0.0002564491,0.9936744,0.0006426305,0.0028425297
eek492h,surprise,surprise,0.4042032,0.006554532,0.0016859142,0.0077003897,0.01801412,0.5618418
eek4k6u,joy,joy,0.00048846495,0.00026674365,0.0005104436,0.9954982,0.00028836972,0.0029478453
eek6c0h,joy,joy,0.01521447,0.00066773774,0.000444566,0.9749442,0.0055573056,0.0031718097
eek6vha,joy,joy,0.00057837355,0.00024959826,0.00035834545,0.9961681,0.0002954122,0.0023501685
eek7jkp,anger,anger,0.8145514,0.0071135242,0.0041484674,0.007241195,0.03634426,0.13060112
eek8h9s,sadness,sadness,0.012265695,0.002939197,0.03643181,0.054597963,0.7716234,0.1221419
eekblpq,joy,anger,0.7693008,0.0047016237,0.0064783758,0.19186272,0.01158027,0.016076159
eekblsa,joy,joy,0.00057909725,0.00024118744,0.00034140862,0.99779934,0.00028815118,0.00075088267
eekbxad,joy,joy,0.0024610083,0.00022151969,0.0003194578,0.99294865,0.0015561308,0.0024933186
eekby4q,sadness,anger,0.9155325,0.006115068,0.0011665338,0.011409481,0.046884313,0.01889205
eekc4om,anger,surprise,0.1629305,0.0033283825,0.002935352,0.015532791,0.021994326,0.7932787
eekcqvv,surprise,surprise,0.008041404,0.001087369,0.00085187086,0.001640124,0.0020554606,0.9863238
eekdzcs,joy,joy,0.0040401863,0.00026215386,0.0012743035,0.9855215,0.0017465428,0.007155377
eekea23,anger,anger,0.92322946,0.013595615,0.0016961698,0.032313548,0.009601633,0.019563481
eekeonr,joy,joy,0.00052008074,0.00023488958,0.0003391185,0.9975889,0.0006976354,0.0006194669
eeketov,joy,joy,0.007253634,0.0010941954,0.030097816,0.9488153,0.0045714993,0.008167537
eekexv3,joy,joy,0.0005573836,0.00019932851,0.00034253026,0.9980166,0.00034453033,0.0005396152
eekhzwr,joy,joy,0.0006593032,0.0002136667,0.00031912603,0.99773896,0.0002695221,0.00079941493
eekj31c,joy,joy,0.026296759,0.0022767107,0.00047679164,0.9655115,0.0024251586,0.0030131128
eekjw1l,surprise,surprise,0.006200708,0.00113295,0.0011177252,0.0026450462,0.0022478013,0.98665583
eekm8q1,joy,joy,0.0008929852,0.0003690097,0.0012798317,0.974287,0.001165529,0.02200567
eekmkda,anger,joy,0.121925734,0.004554365,0.0008367015,0.8478138,0.016087424,0.008781963
eekomtv,joy,surprise,0.014880019,0.0011518588,0.0019495895,0.32159576,0.009823802,0.65059894
eekop7y,anger,anger,0.96301943,0.004658507,0.0013579979,0.0029838923,0.00986262,0.018117482
eekpscc,surprise,joy,0.3486802,0.004455589,0.005728594,0.43485337,0.041945018,0.16433719
eekrrun,joy,joy,0.00081153295,0.00020518785,0.00031881232,0.99764925,0.00036768723,0.0006475083
eeksfkj,surprise,surprise,0.001489352,0.001307957,0.0022574214,0.052730743,0.0018178842,0.9403967
eekskbt,surprise,sadness,0.046923783,0.003534695,0.0027271996,0.098633744,0.6908095,0.15737104
eeku7wy,joy,joy,0.00069320743,0.0002446388,0.00027052383,0.9968792,0.00038733846,0.0015251166
eekugy0,joy,anger,0.91476256,0.006088892,0.0010874164,0.023769032,0.013205812,0.041086182
eekuvjn,sadness,sadness,0.0067668036,0.007145418,0.0033511526,0.0028566108,0.9703344,0.009545635
eekwtvp,anger,anger,0.9792795,0.0030159845,0.00046521757,0.006961006,0.0061109806,0.0041674064
eekxcm6,joy,joy,0.00038845628,0.000226256,0.00045145853,0.9973411,0.00028216373,0.0013105962
eekxozz,sadness,sadness,0.008714352,0.0030921614,0.0032121916,0.010472274,0.96176755,0.012741519
eeky3lo,joy,joy,0.000665644,0.0001672615,0.000347243,0.99734783,0.0008562131,0.0006157437
eekz5pu,surprise,joy,0.0023679251,0.001976553,0.0016062183,0.8068698,0.0014928905,0.18568662
eel0byc,joy,joy,0.08967572,0.008701891,0.0013480388,0.85283786,0.04222047,0.0052160528
eel21jm,joy,joy,0.01462978,0.0014041984,0.0021133702,0.7144716,0.17331962,0.09406144
eel281u,anger,anger,0.9761245,0.005895486,0.0008481699,0.0061946944,0.0029493542,0.007987779
eel2a1m,joy,surprise,0.009016357,0.0010311699,0.0017749434,0.003481372,0.004821715,0.97987443
eel3izz,joy,joy,0.0007385338,0.0003297539,0.00030431015,0.99770653,0.00033821474,0.00058257143
eel4k66,joy,joy,0.003694352,0.0003238715,0.00043367944,0.9873022,0.001530391,0.006715505
eel4lvv,joy,joy,0.029564084,0.015145267,0.004088222,0.9000679,0.0064795953,0.04465489
eel5b51,joy,joy,0.016075237,0.0005668932,0.00073224783,0.96059006,0.0016594672,0.02037606
eel5zy8,anger,anger,0.8949605,0.004655271,0.0025311958,0.05166634,0.01969736,0.02648934
eel6g5c,joy,joy,0.00055256695,0.00015759435,0.0003701972,0.995884,0.0005058203,0.0025297927
eel7mk7,joy,joy,0.0025627345,0.00039805353,0.00062524143,0.9857432,0.0032664568,0.0074042436
eel7ngf,sadness,sadness,0.23737076,0.0078014256,0.0068067927,0.025747553,0.603305,0.11896845
eel88tg,joy,joy,0.07803762,0.014171245,0.0014455646,0.88715595,0.0066149263,0.012574684
eel8dtm,joy,joy,0.0006465365,0.0004167372,0.00061367,0.9936783,0.00037619134,0.0042687138
eel9csq,fear,fear,0.0020419003,0.005043453,0.981037,0.003053372,0.0052249464,0.0035992817
eel9gxm,joy,joy,0.0008155967,0.0004478708,0.00061222806,0.99443406,0.00044380946,0.0032464433
eelb72t,joy,joy,0.0040136385,0.0006877008,0.00063828303,0.94052446,0.0154425185,0.038693406
eelb8r7,joy,joy,0.009564778,0.00055822066,0.00034594646,0.9849052,0.0009799816,0.003645825
eelbdoj,anger,anger,0.96912384,0.0025868264,0.0012927505,0.0090685515,0.0076740617,0.010253867
eelbvc2,joy,joy,0.00050538796,0.00019213783,0.00038450453,0.99764436,0.0004031324,0.00087044016
eelcmzf,joy,joy,0.00066988776,0.00017453155,0.00042665593,0.99738294,0.00053823576,0.0008076872
eelctrs,joy,sadness,0.36090937,0.02922663,0.003064026,0.11290649,0.430398,0.063495554
eelcxnf,joy,joy,0.2984267,0.022854613,0.003226243,0.56683654,0.099117376,0.00953854
eeld3zj,disgust,disgust,0.06626329,0.8933379,0.010955518,0.0076353285,0.016885132,0.0049228817
eeldrd9,joy,surprise,0.006093816,0.0010594823,0.003093441,0.4186593,0.0077248537,0.56336904
eeldve3,surprise,surprise,0.021078538,0.0027429976,0.005599486,0.039292093,0.07063231,0.86065465
eele2de,surprise,surprise,0.003744736,0.0028392093,0.03508399,0.0102052,0.044388816,0.90373796
eeleu41,joy,anger,0.67521316,0.0052786507,0.0029729854,0.23680343,0.047902916,0.031828858
eelexo7,anger,joy,0.00080497446,0.00019484265,0.00023617031,0.99745363,0.00039683847,0.000913552
eelf1ah,joy,joy,0.002364694,0.00062624516,0.00049467955,0.99044436,0.0011714933,0.004898517
eelf3mi,joy,joy,0.0026045244,0.00050242577,0.00036337663,0.98770046,0.0005987159,0.008230412
eelgm7t,joy,joy,0.00055602466,0.0003399896,0.0008053592,0.9957296,0.00032890224,0.0022400317
eelgtvh,surprise,joy,0.0013239904,0.00023506895,0.00029701195,0.9958204,0.00034037067,0.0019832028
eelhx5x,joy,joy,0.0019510336,0.0002883478,0.0002003202,0.99497163,0.000829226,0.0017594848
eelj51u,joy,joy,0.0051628654,0.0004145143,0.00034502,0.9864282,0.0019375506,0.0057118507
eeljf6m,joy,joy,0.00079422543,0.0004579815,0.0007464805,0.98462206,0.00058737054,0.012791881
eelllqz,joy,joy,0.00053217873,0.00024881965,0.00039792576,0.9979061,0.00034597242,0.00056903803
eellryt,joy,joy,0.00048374097,0.00021275735,0.0003003099,0.9976579,0.00026671452,0.0010786395
eelluat,sadness,anger,0.88171774,0.048100896,0.018295664,0.0079463795,0.03749874,0.0064405035
eellxjb,joy,joy,0.0009158896,0.0006456268,0.00091907626,0.98545015,0.0005585383,0.01151064
eelmul2,surprise,surprise,0.035768796,0.0023788281,0.0017651258,0.0045433543,0.0031631724,0.95238066
eelnahr,joy,joy,0.0006845119,0.0002566632,0.00029732307,0.9975655,0.00027320354,0.00092277443
eelns8h,surprise,joy,0.007869831,0.0010712891,0.0022428215,0.6011053,0.006636654,0.38107413
eeloddc,joy,joy,0.00044024186,0.00017833036,0.0003520098,0.99705017,0.00033453447,0.0016447296
eelouwo,surprise,surprise,0.0018140099,0.0011202985,0.0022755512,0.005468291,0.0022199932,0.9871018
eelphu9,anger,fear,0.18534805,0.013162836,0.29975733,0.19509074,0.10544955,0.20119153
eelr0wx,joy,joy,0.0006929907,0.00017361529,0.0002379496,0.9977393,0.00038265527,0.00077346584
eelruvs,joy,joy,0.00090944977,0.00022973679,0.0004633154,0.99629515,0.00058373244,0.0015186985
eelry07,anger,anger,0.98059386,0.006466493,0.0011534045,0.003759812,0.003561323,0.004465079
eeltukz,joy,joy,0.00040734725,0.0002047019,0.00036191609,0.9976404,0.000369483,0.0010162177
eelu2iu,joy,joy,0.00061786495,0.00024133429,0.00035875643,0.99770063,0.00031274583,0.0007687023
eelui9l,joy,joy,0.00044648655,0.00015245145,0.00028069038,0.9974241,0.00051993603,0.0011762618
eeluxjp,joy,joy,0.0007855765,0.00025000988,0.00027481632,0.9975654,0.00030136417,0.0008228447
eelvv0j,joy,joy,0.0010080652,0.00015853065,0.0002873676,0.9952427,0.0013184062,0.001984933
eelwwxn,joy,sadness,0.09870201,0.0051017017,0.011652297,0.3661182,0.46995947,0.048466373
eely0le,joy,joy,0.00068720675,0.00019577601,0.00031450167,0.9970391,0.00047440693,0.0012890818
eelyhvs,joy,joy,0.00056729565,0.00023978374,0.0006763356,0.9922362,0.004179889,0.0021004085
eelyjn7,anger,anger,0.96970516,0.003445403,0.000707116,0.004851023,0.003249791,0.018041484
eelyoln,joy,surprise,0.0015777607,0.0011368222,0.0018786344,0.021242484,0.0014300781,0.9727341
eelyw7k,joy,joy,0.00077927904,0.0002038183,0.00040506205,0.9974986,0.00045979966,0.00065335934
eelz2wb,anger,sadness,0.026035422,0.008535127,0.0060377065,0.03024358,0.9253288,0.0038193972
eelzgo8,surprise,joy,0.009338962,0.00074718246,0.00075401244,0.90090203,0.0023963735,0.085861355
eelzhnk,joy,joy,0.0023300487,0.00048224468,0.0004727312,0.99238235,0.00038381421,0.0039488473
eelzr6g,anger,joy,0.13587804,0.002485297,0.0007459671,0.84891397,0.0032766021,0.008700073
eem08pm,joy,joy,0.0008084924,0.00025093096,0.00027942215,0.99761117,0.00033008106,0.0007199719
eem13ye,joy,joy,0.00050129334,0.00024900466,0.00033758188,0.99709785,0.00027785258,0.0015364971
eem178y,joy,joy,0.004075602,0.0004283277,0.00056593446,0.98755103,0.0005665155,0.0068126167
eem23o3,joy,joy,0.0010015134,0.0002223329,0.0003047896,0.99735165,0.00030174418,0.00081797875
eem2jb0,joy,joy,0.2352366,0.0021047078,0.0011977176,0.61910915,0.009657541,0.1326943
eem32qe,joy,joy,0.00077752577,0.00016958293,0.0003234364,0.9973252,0.0003834772,0.001020739
eem3f55,joy,joy,0.058941316,0.0067711533,0.018605776,0.38568252,0.29238713,0.23761208
eem5qs7,joy,anger,0.5036808,0.006881015,0.0034823462,0.15406732,0.17268486,0.15920368
eem5t2j,joy,joy,0.0005356034,0.00020810888,0.00031211867,0.99745053,0.00027208394,0.0012215489
eem5z18,surprise,surprise,0.0048109805,0.0010377881,0.0016464273,0.0029501773,0.0038263625,0.9857282
eem636t,joy,joy,0.00046102473,0.00020055471,0.00029398946,0.9980107,0.00035524316,0.00067847956
eem9i88,joy,joy,0.00060083234,0.00017966802,0.00031232057,0.99784255,0.00038892374,0.00067577144
eema1m3,joy,joy,0.016666008,0.0009704759,0.00034573697,0.97567046,0.0011855871,0.0051617003
eemajnt,joy,joy,0.00069311244,0.00030580838,0.00033716677,0.99774075,0.00037918912,0.0005440237
eemar0a,joy,joy,0.00056223746,0.00022179539,0.00035176708,0.99796414,0.00039756467,0.00050246005
eembphd,joy,joy,0.051583745,0.0013502019,0.0023102912,0.8010917,0.029337266,0.11432686
eemdutd,joy,joy,0.00054242107,0.00014172372,0.00027624797,0.9973441,0.00067972514,0.0010157853
eemeehg,anger,anger,0.81641096,0.0030513417,0.004213027,0.08555809,0.038242202,0.05252437
eemg9of,sadness,anger,0.68376046,0.008725835,0.0015462878,0.056828707,0.20166852,0.04747026
eemgpsb,joy,joy,0.00047863877,0.00023599045,0.0003782412,0.9973853,0.0002776601,0.0012442147
eemhb9t,joy,joy,0.00037570353,0.00018083844,0.000326434,0.99737513,0.00036737017,0.0013746124
eemhqta,surprise,surprise,0.100858904,0.0031231372,0.002789032,0.025379421,0.06814522,0.79970425
eemi1oe,surprise,surprise,0.061736677,0.034414224,0.2266834,0.0023768016,0.021884898,0.65290403
eemis7x,joy,joy,0.0014233867,0.00035386323,0.00035731032,0.9954774,0.00036368793,0.002024351
eemjofj,anger,anger,0.9674063,0.0061347373,0.005972569,0.009665546,0.004522952,0.00629786
eemjogz,surprise,surprise,0.0029668382,0.0010555646,0.0015793497,0.0022827056,0.001774029,0.99034154
eemk6hl,joy,joy,0.0004812061,0.00023974586,0.0003626848,0.9976526,0.00026040003,0.001003385
eemkx7a,anger,anger,0.64816284,0.011121764,0.0016934384,0.0059773833,0.021034455,0.31201008
eeml7fj,sadness,sadness,0.0075850803,0.0023425347,0.0017078839,0.0026080678,0.9828531,0.0029033346
eemm0du,joy,joy,0.001268085,0.0002852825,0.00032093658,0.99575436,0.00042976456,0.0019415405
eemmm7m,joy,joy,0.00093337963,0.00022595847,0.00018976886,0.9960096,0.0005082488,0.0021330114
eemn50s,joy,joy,0.0006250361,0.00030767528,0.00045334754,0.9900384,0.0004380084,0.008137607
eemn971,joy,joy,0.076063104,0.0020949754,0.002081922,0.4815217,0.066106565,0.37213176
eemojm9,joy,joy,0.022385802,0.00045449642,0.000632402,0.9595075,0.0035424163,0.0134773925
eemoqr6,joy,joy,0.00066981267,0.0006787981,0.0011880494,0.9865681,0.00041108235,0.01048426
eemos0n,anger,surprise,0.054745186,0.0031306646,0.001964579,0.35326707,0.008682477,0.57821
eempcjl,joy,joy,0.0042602913,0.00032788195,0.00028677,0.98354936,0.0052417656,0.006333896
eempk8q,joy,joy,0.01831991,0.0006607281,0.00132594,0.9399625,0.0036711455,0.036059804
eemqa1r,surprise,surprise,0.025494507,0.002077309,0.0011128804,0.0019752798,0.0047050402,0.9646349
eemqi6x,anger,surprise,0.025941225,0.0011098618,0.0013655401,0.027899874,0.004432274,0.93925124
eemqmc9,joy,surprise,0.0075452775,0.0015407448,0.0026045858,0.16250183,0.002871645,0.82293594
eemqter,joy,joy,0.35484898,0.0027765373,0.004738481,0.4527985,0.124124415,0.060713045
eemr58q,surprise,anger,0.9315669,0.011276223,0.0013257259,0.02276895,0.009507411,0.023554772
eemr9hm,anger,anger,0.9672414,0.014210485,0.0025785083,0.007611197,0.005834633,0.002523723
eemrxwj,joy,joy,0.0017022286,0.00042729586,0.0011139814,0.98919487,0.0011171758,0.0064444053
eemsuk1,joy,joy,0.024290735,0.0007121886,0.006034047,0.9327048,0.0031715163,0.03308664
eemtr6t,joy,joy,0.000728479,0.00037113912,0.0005544635,0.99636626,0.000326566,0.0016530663
eemtzas,surprise,surprise,0.0037947975,0.0008211127,0.0017552624,0.09105712,0.003119935,0.89945185
eemulki,sadness,sadness,0.0023046916,0.0018281258,0.0024283836,0.0030915008,0.9872643,0.0030828377
eemuo16,joy,joy,0.0009121689,0.00023679112,0.00035141862,0.99757427,0.00039383,0.0005315841
eemuodd,joy,joy,0.001098273,0.00034699045,0.0002385308,0.99713635,0.0003953334,0.00078450254
eemv4v9,joy,joy,0.01568803,0.008002873,0.08628721,0.80193865,0.007794991,0.08028822
eemvj90,joy,joy,0.00066386134,0.00019615264,0.0002975823,0.9952495,0.0007386786,0.0028541472
eemvt63,surprise,surprise,0.0015458205,0.001500912,0.0010728735,0.0024860462,0.0009160732,0.99247813
eemwcl9,joy,joy,0.0007901207,0.00052391295,0.000527473,0.99492884,0.00031303853,0.0029166671
eemwlis,joy,joy,0.00077507773,0.00018810263,0.00025111905,0.9978459,0.0002868436,0.0006530264
eemwve7,surprise,surprise,0.0019614368,0.0013405029,0.0023649677,0.0031490678,0.008273605,0.98291045
eemwxn5,surprise,fear,0.010636382,0.0038375822,0.9215166,0.02690982,0.011020015,0.026079623
een1g5f,joy,joy,0.0010350924,0.00026740562,0.00022214267,0.9973482,0.0003879942,0.00073912024
een1ok9,sadness,sadness,0.0076289047,0.0028593596,0.0024468573,0.010739008,0.9708356,0.005490324
een1tr9,surprise,surprise,0.0031960527,0.0006096804,0.0013815155,0.0082986,0.0038322564,0.9826818
een3wps,joy,joy,0.0005993774,0.00020991164,0.0004017139,0.9936464,0.0039027515,0.0012399466
een477e,sadness,sadness,0.001541503,0.0018171271,0.0028518124,0.00507414,0.9833242,0.005391359
een4t2p,anger,joy,0.20041624,0.028419795,0.04442579,0.6666276,0.04201135,0.018099278
een51zw,joy,joy,0.00173204,0.0002548364,0.00021721158,0.9956173,0.0013865975,0.0007920927
een58wp,joy,joy,0.005957481,0.0011415234,0.00078894675,0.98645115,0.003784269,0.0018766142
een5rbr,joy,joy,0.003379323,0.00042886045,0.00023311203,0.99126863,0.0006379949,0.004052114
een5rq8,surprise,surprise,0.0055543995,0.00078232796,0.0007988962,0.006311944,0.0018503888,0.98470193
een6tqj,anger,anger,0.97713405,0.008313432,0.0013303813,0.0022374683,0.0064602294,0.0045244675
een9ayy,joy,joy,0.007512621,0.00041126623,0.0002971275,0.9878918,0.002309341,0.0015779202
een9dez,joy,joy,0.029247522,0.0014210717,0.009437183,0.88450944,0.00664422,0.06874063
een9jy5,surprise,joy,0.04945014,0.012515467,0.0020175555,0.6546351,0.015452894,0.26592892
een9vzv,joy,joy,0.00065573736,0.00015346722,0.0002497594,0.9979202,0.00040769376,0.0006131165
een9xip,joy,joy,0.00049907825,0.00019645119,0.00037780445,0.99796,0.00028435144,0.0006823455
eena01j,surprise,joy,0.0007321687,0.0003565244,0.0008067667,0.98786664,0.0021013436,0.008136589
eena18z,surprise,surprise,0.016056718,0.0030156039,0.007782594,0.007273152,0.10922627,0.85664564
eenbh7x,joy,joy,0.0012777061,0.00017520129,0.0005436844,0.9958632,0.0007735495,0.0013666303
eene4a3,joy,joy,0.0012900749,0.00025095936,0.00032526176,0.996887,0.0004357547,0.000810812
eene58m,joy,joy,0.0010246634,0.00015991194,0.00029237295,0.9956155,0.001165328,0.0017423234
eeneljn,joy,joy,0.0045184656,0.0004942565,0.00028017137,0.99195296,0.0005109061,0.002243255
eeneq2b,surprise,surprise,0.0048515885,0.00092868326,0.00075988827,0.0035822648,0.0011125728,0.988765
eener0e,joy,joy,0.21553686,0.0037950824,0.0024941436,0.69102913,0.032100048,0.055044748
eenes6m,joy,joy,0.0034628317,0.0024688574,0.027414216,0.8961856,0.06464926,0.005819329
eeneyfz,sadness,sadness,0.010007029,0.004949487,0.07821765,0.010098036,0.82487243,0.071855314
eenfgny,sadness,sadness,0.009259661,0.0037540416,0.0022376624,0.022905655,0.9570921,0.0047509256
eengjod,joy,anger,0.44418383,0.10803394,0.015350579,0.2923656,0.086395055,0.053671
eenh7t2,surprise,joy,0.0017142562,0.00042550827,0.0010666283,0.95447826,0.0012136045,0.0411018
eenhyje,surprise,surprise,0.0018085331,0.0010870722,0.0011955139,0.0033873653,0.0011215679,0.9914
eenix7i,joy,sadness,0.03457307,0.0053696786,0.0046063396,0.053262584,0.793952,0.10823639
eeniywp,joy,joy,0.0005832161,0.00017199699,0.0004122707,0.99761105,0.0005885629,0.0006328689
eenjgyw,anger,anger,0.7709307,0.0084666135,0.0013971684,0.05804023,0.1372618,0.023903463
eenji2u,joy,joy,0.00087252376,0.0002901968,0.00041687393,0.99611807,0.00027084112,0.0020315808
eenjlbv,joy,joy,0.0010276056,0.00021140194,0.000283825,0.99609166,0.0002754665,0.0021100165
eenjpoj,joy,joy,0.001774026,0.00053914357,0.00046597494,0.9882831,0.0008149347,0.008122908
eenjrez,joy,joy,0.013246508,0.00064724457,0.0002750922,0.9780096,0.005831546,0.0019901388
eenknk9,surprise,surprise,0.0013223885,0.0011657061,0.0036181894,0.071129635,0.0032204574,0.91954356
eenlf95,joy,anger,0.84406286,0.010976816,0.0015955697,0.04525122,0.090503976,0.007609625
eenmetd,joy,joy,0.13044117,0.0015612742,0.0035813423,0.6472647,0.021315828,0.19583559
eenmr23,anger,sadness,0.0673512,0.030433742,0.0018085488,0.012730739,0.8815055,0.0061703133
eenmu16,anger,anger,0.78357065,0.0154796615,0.0016807071,0.03936669,0.14543566,0.014466641
eenmvm9,surprise,surprise,0.0018954695,0.0009721454,0.0012454666,0.0034523294,0.0010897962,0.9913448
eennhc3,joy,joy,0.0011405046,0.00019867584,0.00022815281,0.99712616,0.00031357133,0.0009929943
eennjfg,sadness,sadness,0.015500809,0.006927262,0.001346055,0.0029180234,0.96790993,0.0053979857
eenoif4,joy,joy,0.0017166613,0.0009659136,0.0019897504,0.979658,0.00054520747,0.01512443
eenojku,surprise,surprise,0.0062523317,0.0010184359,0.0007739242,0.004690414,0.0021893657,0.9850756
eenowrx,joy,joy,0.0008699468,0.0002906341,0.0003384329,0.9961504,0.00038796605,0.0019626196
eenpp7e,anger,sadness,0.12608993,0.018492067,0.007853673,0.00424536,0.8272878,0.016031267
eenppj1,joy,joy,0.00053558144,0.0001730771,0.00033358368,0.9979006,0.00029274484,0.0007644101
eenq5nr,joy,joy,0.004978886,0.00046363266,0.0007544929,0.98029906,0.0021998894,0.011303975
eenqrvn,joy,joy,0.0029154636,0.00035206464,0.00019751872,0.9938432,0.0005694887,0.002122342
eenqsp1,joy,joy,0.0037487738,0.0003275703,0.000436674,0.97992307,0.0012041602,0.014359751
eenra7b,joy,joy,0.00047048408,0.00018056337,0.00026095076,0.9978126,0.00042308567,0.000852221
eentwe9,anger,anger,0.92790115,0.027026625,0.0043080314,0.0032544648,0.034348395,0.0031613028
eenuvsl,joy,joy,0.0007334033,0.00027076196,0.0002780977,0.9974865,0.00026518077,0.0009660763
eenvzo0,surprise,surprise,0.01345524,0.0012963485,0.0011789483,0.0040770182,0.004430961,0.97556156
eenwezk,anger,anger,0.98501784,0.0051206984,0.0014429667,0.0028609908,0.0026057183,0.002951682
eenwv5n,sadness,sadness,0.007936746,0.0024114556,0.0019964299,0.01485047,0.95347506,0.019329818
eenxbrd,joy,surprise,0.43664792,0.0068487045,0.0023449229,0.024758348,0.024785725,0.50461435
eeny0en,joy,joy,0.0009861093,0.0002659544,0.00025383913,0.9971846,0.0004247342,0.0008847482
eeny1cd,joy,joy,0.0004913608,0.00019411302,0.0002511293,0.9972149,0.0004339179,0.0014144843
eenyj9t,joy,joy,0.032879286,0.0013610031,0.004219417,0.6452258,0.074931346,0.24138315
eenylaz,surprise,surprise,0.0019548144,0.0011753219,0.0017963629,0.023328986,0.0017066284,0.9700379
eenz94y,joy,joy,0.049374726,0.0009189253,0.00071275566,0.9333691,0.008488467,0.007136127
eenzsxm,surprise,surprise,0.00871988,0.0014603024,0.0015148263,0.0043626186,0.0028837598,0.98105866
eeo0if0,joy,joy,0.0005246929,0.0002060828,0.00031743027,0.9978638,0.00029270892,0.0007952978
eeo0tgr,joy,joy,0.00052796374,0.0001774584,0.00023393588,0.9977629,0.0004274604,0.0008703568
eeo0zdr,joy,joy,0.019691141,0.0010807269,0.0002954119,0.97601753,0.0011044106,0.0018107635
eeo41xs,anger,anger,0.95046324,0.007053233,0.0013226579,0.022828037,0.0076924143,0.010640329
eeo42tb,fear,fear,0.004041069,0.005692498,0.97431016,0.0064345784,0.0031912324,0.006330405
eeo49t5,joy,joy,0.0036512981,0.0005229435,0.0032892001,0.9881506,0.0010830403,0.0033029777
eeo4i7n,joy,joy,0.00091242127,0.00023983156,0.00022890868,0.9975668,0.0004724422,0.00057965674
eeo5x0u,joy,joy,0.009015223,0.0012491356,0.00089496135,0.85919696,0.0035840592,0.12605958
eeo6tyz,joy,joy,0.00046059123,0.0002850028,0.0004406147,0.99604815,0.00033986862,0.002425751
eeo7dh1,joy,joy,0.001219976,0.00017287831,0.00026247755,0.9969103,0.0007830336,0.00065134384
eeo7rbo,sadness,sadness,0.0038212754,0.002781704,0.002289121,0.0026472535,0.98360264,0.004857915
eeo7zuy,joy,joy,0.0013053954,0.00023073502,0.000320789,0.99702257,0.00038656767,0.00073388865
eeo8c5x,joy,joy,0.0026804365,0.00066628057,0.0019421657,0.99306303,0.0006607804,0.0009873111
eeo8ikj,anger,anger,0.9657618,0.006032265,0.0011370846,0.0038283444,0.007246626,0.015993854
eeo8l32,joy,joy,0.0006923677,0.00022498886,0.00034460906,0.9976265,0.00027303945,0.000838564
eeo8uwq,joy,joy,0.00092260336,0.00018307824,0.00031414945,0.99641645,0.0005262157,0.0016374628
eeob3yo,joy,anger,0.87873983,0.0069141146,0.0008284647,0.04319874,0.04593994,0.024378855
eeobf49,anger,joy,0.0042410046,0.0002855676,0.00018076444,0.9905737,0.0012648177,0.0034542398
eeobpj2,anger,surprise,0.0073421416,0.00074621214,0.0010879165,0.0057648453,0.0013270617,0.98373187
eeobxp8,disgust,anger,0.96793735,0.011322849,0.0031890522,0.0024091704,0.011985876,0.00315569
eeoc2v4,anger,anger,0.9522571,0.0035797954,0.0007908677,0.032918885,0.0071084383,0.0033448844
eeocrjq,sadness,surprise,0.020502718,0.0038295242,0.0221528,0.008161167,0.44348583,0.501868
eeocxaj,sadness,anger,0.49676123,0.0048665656,0.008671413,0.07587204,0.23459809,0.1792307
eeodd4c,anger,joy,0.3087121,0.004829876,0.0012996069,0.39102527,0.04903032,0.24510287
eeoe6z5,surprise,surprise,0.0029503675,0.00087328925,0.0010344909,0.0042756256,0.0017380445,0.9891282
eeoecpu,surprise,surprise,0.004972611,0.0016986562,0.0016076411,0.23453449,0.0017482738,0.7554383
eeoehoj,joy,joy,0.0007713235,0.00022311693,0.0004741683,0.9971065,0.00033794975,0.0010870263
eeog8pf,joy,sadness,0.09177215,0.005336116,0.038339168,0.20390494,0.5344622,0.12618548
eeoh84w,anger,anger,0.83499026,0.007548737,0.0034633009,0.008170725,0.06985775,0.07596909
eeoi9p4,joy,joy,0.0006055584,0.00023474955,0.00028508774,0.99778086,0.00027282556,0.00082084053
eeoij1d,fear,fear,0.003057492,0.004919456,0.803673,0.15950483,0.015208067,0.013637127
eeojgad,anger,anger,0.9757436,0.0051750354,0.001221659,0.0024577715,0.008252147,0.0071497364
eeojpfv,joy,joy,0.0018619836,0.00037323008,0.00028480456,0.99483716,0.00038938172,0.002253457
eeok2p5,sadness,sadness,0.0030856377,0.0018673406,0.0063207326,0.08857235,0.79156655,0.108587414
eeok732,fear,fear,0.007951614,0.006480299,0.93441916,0.01546013,0.008884913,0.026803944
eeol28d,sadness,anger,0.9349323,0.008944874,0.009225756,0.015539333,0.010057903,0.021299873
eeol5ag,surprise,surprise,0.0051629096,0.0012005691,0.0020420414,0.0025362526,0.0012321463,0.98782605
eeold3z,joy,joy,0.00092102523,0.00018308863,0.00023635472,0.99701667,0.000314581,0.0013282029
eeomfax,joy,joy,0.000577503,0.00024935213,0.00028995977,0.9979163,0.0004586627,0.00050819566
eeonsm4,anger,surprise,0.011861041,0.0017262707,0.01897535,0.0041385833,0.0051592714,0.95813936
eeonvnk,surprise,surprise,0.0059963753,0.0012612144,0.0020686626,0.0019240825,0.0049918755,0.9837577
eeop7db,joy,joy,0.004356016,0.00028624132,0.00036808552,0.99189705,0.0013855083,0.001707139
eeopdsk,anger,joy,0.0644545,0.007433536,0.0022773133,0.69366527,0.010221367,0.22194806
eeopf48,disgust,anger,0.9663922,0.0063409097,0.0013885802,0.01003716,0.0070725717,0.008768633
eeopkkz,surprise,surprise,0.002996562,0.001192588,0.0011133575,0.001980179,0.0013942687,0.991323
eeoqitr,surprise,surprise,0.0019296339,0.0009340755,0.0010232162,0.0023708602,0.0016707364,0.99207157
eeoqw91,anger,anger,0.61293447,0.0076686908,0.0026079887,0.01730877,0.047435198,0.31204492
eeosphh,anger,anger,0.9845627,0.0051567033,0.0009779601,0.0032257591,0.0028116554,0.0032652186
eeot2ku,joy,joy,0.0006460219,0.00014898376,0.00030395927,0.9976974,0.00045355308,0.00075006665
eeot4ly,joy,joy,0.00051400525,0.00017444648,0.00020862665,0.99744546,0.00044701545,0.0012103842
eeotqy6,joy,joy,0.0005697286,0.00026214405,0.00040143888,0.9974197,0.00021947846,0.0011274213
eeouc7z,surprise,surprise,0.017019225,0.000985365,0.0012246552,0.016488977,0.017263168,0.9470187
eeoulo9,surprise,surprise,0.06355083,0.008688108,0.0023903828,0.035211913,0.0126996795,0.8774591
eeowi6x,joy,joy,0.0015640362,0.0008035386,0.0030920613,0.99013317,0.0012659025,0.0031413862
eeowjbw,surprise,anger,0.9436788,0.0046601617,0.0011803715,0.013430881,0.024507744,0.012542009
eeox4xv,anger,anger,0.9262771,0.009848438,0.001079447,0.0051751016,0.018795041,0.038824823
eeox9tg,joy,joy,0.0009611709,0.00020253345,0.000515327,0.99399734,0.0015279369,0.0027957293
eeoxeg7,anger,anger,0.9618953,0.012038918,0.00061732077,0.006117479,0.010432823,0.008898046
eeoy0zk,joy,joy,0.00089567166,0.0001643242,0.00026895697,0.9964677,0.0010016807,0.0012016548
eeozrn0,joy,joy,0.00040529086,0.00015749918,0.00046961216,0.99567384,0.0017855533,0.0015082671
eeozu1s,surprise,surprise,0.0028086635,0.000751738,0.0011073664,0.007535644,0.0020589705,0.9857377
eep0186,joy,joy,0.0005199292,0.00020273008,0.0003231095,0.9980319,0.00044460944,0.0004777049
eep0bw6,surprise,surprise,0.0016147596,0.0011644122,0.0011206958,0.008037101,0.0011416046,0.9869214
eep0klz,joy,joy,0.0033776886,0.00021952034,0.00022989349,0.9933361,0.00058825663,0.002248628
eep38ig,joy,joy,0.0008752207,0.0003440421,0.0003340188,0.9959942,0.000323026,0.0021294449
eep4519,surprise,surprise,0.016439464,0.0018791222,0.001405475,0.0016877959,0.0018631701,0.9767249
eep55gx,joy,anger,0.6902543,0.0055778595,0.002186006,0.05093919,0.020335868,0.23070689
eep5hyt,anger,anger,0.9540726,0.028920857,0.0014153892,0.0013635447,0.007825626,0.006401996
eep5u4h,anger,surprise,0.14394566,0.0036974282,0.047570482,0.120036185,0.29393336,0.3908169
eep70hm,joy,joy,0.0007081347,0.00024080653,0.0003194126,0.9978028,0.00031441497,0.0006143908
eep740e,anger,anger,0.97976375,0.010793962,0.0012921669,0.0025199528,0.0017830882,0.0038470982
eep759o,sadness,sadness,0.0013121322,0.0014156534,0.0019133451,0.006508168,0.98521245,0.003638324
eep7dfq,sadness,sadness,0.0024267836,0.0027470896,0.003411324,0.015880328,0.97269475,0.0028396458
eep7dtn,sadness,sadness,0.1572199,0.00807288,0.009506795,0.006791748,0.7415132,0.07689551
eep7swf,joy,joy,0.00080436066,0.00022869054,0.0002431507,0.9974928,0.0003064069,0.0009246346
eep7ywn,surprise,surprise,0.0019841038,0.0012762378,0.0013960232,0.003030492,0.0009516697,0.99136156
eep8au0,joy,sadness,0.22496821,0.005416522,0.0040173572,0.034798212,0.7041839,0.026615802
eep8o5y,anger,joy,0.121156916,0.011096225,0.0032165342,0.56924325,0.008506001,0.28678098
eep9bqw,fear,fear,0.04120566,0.008005468,0.4316202,0.10762852,0.029176168,0.382364
eepaty4,anger,disgust,0.11633397,0.7983138,0.02980262,0.009642845,0.033154868,0.012751896
eepb8lb,anger,anger,0.9703715,0.0025723565,0.0008610392,0.011602816,0.0095732,0.005019139
eepdkxb,joy,joy,0.0006061057,0.00021457586,0.0003028909,0.99745196,0.00034370783,0.0010808369
eepdukl,sadness,sadness,0.004624352,0.0042795907,0.013687079,0.018444154,0.7560562,0.20290872
eepdzpp,joy,joy,0.07075954,0.0010971464,0.0012372728,0.8816905,0.03344087,0.01177466
eepeofh,joy,joy,0.00058509846,0.00019417326,0.00024687243,0.9966505,0.0004026375,0.0019207257
eepeuzv,anger,anger,0.85616416,0.022010341,0.0020781644,0.017442357,0.04115397,0.061151017
eepfp6t,surprise,surprise,0.002291211,0.0010101649,0.0010713893,0.003771598,0.0024200843,0.98943555
eepg1vf,joy,joy,0.00052031834,0.00019493133,0.00036773022,0.9970981,0.00033938562,0.0014795895
eepgkck,joy,joy,0.0006881623,0.00022668394,0.00023941956,0.9976069,0.00027177777,0.0009670755
eephfi0,joy,joy,0.0014986339,0.00026441237,0.00026263334,0.996646,0.0003948122,0.0009335322
eepi6ql,joy,joy,0.017266503,0.0010782512,0.0017070696,0.8180435,0.0079681575,0.1539366
eepj5fa,surprise,joy,0.0036646514,0.0011402059,0.0015477332,0.51895154,0.0029818572,0.47171402
eepjh9a,joy,joy,0.00068971934,0.0002071788,0.0002874353,0.9969772,0.0005617872,0.0012766997
eepjxrd,anger,anger,0.8164496,0.009734589,0.0020975359,0.12956902,0.015390596,0.026758667
eepmbkz,sadness,sadness,0.079200104,0.0077818073,0.007806433,0.0073354375,0.8035846,0.0942917
eepmyc4,sadness,sadness,0.0012347533,0.0017915947,0.005639092,0.003993353,0.98503137,0.0023098872
eepnjv3,joy,joy,0.21256845,0.0026366578,0.006095364,0.73043233,0.013283513,0.03498366
eepnyzx,joy,joy,0.008684412,0.00033047862,0.00045358096,0.98109025,0.0038416598,0.005599594
eepoh3l,joy,joy,0.007961342,0.0007084629,0.0010305214,0.892295,0.002354639,0.09565002
eepoq40,joy,joy,0.00090520247,0.00020207817,0.00029061176,0.9976937,0.0004007884,0.0005076002
eepp6hl,joy,joy,0.0005804498,0.00019892764,0.00030746672,0.997422,0.00026962254,0.0012216119
eepqi33,joy,joy,0.0007983092,0.0003099537,0.00043983074,0.99633276,0.00028453342,0.0018345716
eepr2mj,joy,joy,0.0019164167,0.0010589132,0.0017007479,0.91906893,0.0009679259,0.07528703
eeprh4z,sadness,sadness,0.0044582733,0.0018409304,0.002967662,0.00755632,0.97525656,0.007920258
eeprzgk,joy,joy,0.0010394445,0.00020843899,0.00027312385,0.9971623,0.00048817496,0.000828523
eepsicu,joy,joy,0.0008538508,0.00029864104,0.0007873157,0.995784,0.00058644754,0.0016897124
eeptjay,anger,fear,0.30208677,0.01375776,0.52886975,0.04687134,0.037379373,0.071035
eeptlmm,joy,joy,0.0010479243,0.00015228389,0.00021511505,0.9971244,0.00047981978,0.0009805538
eepu0ke,joy,joy,0.0013168333,0.0001840185,0.00031102455,0.9950304,0.00061408215,0.0025436324
eepu4z4,joy,joy,0.00076251646,0.00027178135,0.0003021929,0.9977894,0.00025906492,0.0006151204
eepuicw,surprise,surprise,0.010075933,0.0044104904,0.0012974426,0.0029654196,0.0027488507,0.9785018
eepuojs,joy,joy,0.0012713852,0.00034002395,0.00029700212,0.9970571,0.00021890794,0.0008156607
eepvlky,anger,anger,0.6953895,0.013945574,0.0013854849,0.018972212,0.25661936,0.013687893
eepvzn9,joy,joy,0.113016464,0.0119747445,0.0024823712,0.8136635,0.050075464,0.008787407
eepw0xx,sadness,sadness,0.0025538534,0.0017486573,0.001774207,0.003074665,0.9832274,0.007621228
eepwnbf,anger,anger,0.8253448,0.0029692722,0.002548828,0.05318422,0.0551886,0.060764287
eepwr81,joy,joy,0.0005385491,0.00023391777,0.00027611526,0.99796355,0.0003233019,0.0006646085
eepykdr,joy,surprise,0.014283821,0.0010779112,0.0014032674,0.22792992,0.0038810023,0.75142413
eepz52y,joy,joy,0.0008603477,0.00023528269,0.0011967068,0.9846956,0.0020243186,0.010987802
eepzhzp,anger,sadness,0.069964476,0.005186848,0.09391093,0.09919684,0.60682344,0.12491754
eepzxxq,anger,anger,0.63782936,0.004070717,0.00394503,0.10180498,0.033187095,0.21916288
eeq09b4,joy,joy,0.0026724348,0.00044445007,0.0015855299,0.96405315,0.0026360494,0.028608365
eeq0fdr,anger,anger,0.93510324,0.0042432495,0.0009311635,0.006245366,0.013311235,0.04016581
eeq0unj,surprise,surprise,0.0034740767,0.00066458667,0.0010537927,0.0033010417,0.0023001917,0.9892063
eeq0w9l,sadness,sadness,0.004652376,0.0031686684,0.002406715,0.0026460097,0.98141587,0.005710341
eeq1dhz,joy,joy,0.0014281507,0.00026210293,0.000281428,0.9942303,0.0005685769,0.0032295974
eeq223t,surprise,anger,0.8245526,0.015362355,0.0019364369,0.01755614,0.02808303,0.11250957
eeq2jws,anger,joy,0.004664501,0.0004365857,0.0019318891,0.93965286,0.04264217,0.010671947
eeq31s6,joy,anger,0.5133485,0.01310842,0.003646124,0.14976087,0.016038364,0.30409774
eeq3env,anger,joy,0.14028473,0.0025793721,0.0024039939,0.75160253,0.039804537,0.06332476
eeq3zkj,anger,anger,0.976315,0.005636146,0.000887193,0.0062389863,0.0056559416,0.005266739
eeq46f8,joy,joy,0.0027027018,0.00046441596,0.00043307818,0.989947,0.00070213986,0.005750632
eeq4ixf,joy,surprise,0.14645414,0.015303319,0.005217018,0.24731067,0.13884468,0.4468702
eeq558l,joy,anger,0.89389247,0.005514564,0.0012686357,0.06246124,0.007739034,0.029124042
eeq6j1g,joy,joy,0.0011215267,0.00021743227,0.00039040847,0.9922834,0.003168621,0.0028185297
eeq6u4m,anger,anger,0.9841771,0.0038634068,0.0010668546,0.0032320276,0.0037858752,0.0038747145
eeq7qd2,joy,joy,0.0007859378,0.0001610243,0.0003339761,0.9969188,0.000509381,0.0012908187
eeq7r51,anger,anger,0.9457578,0.010079653,0.000765104,0.015998125,0.010438905,0.016960409
eeq7rro,anger,anger,0.873552,0.0049996227,0.0028738964,0.045158822,0.0064530526,0.06696255
eeq8fof,joy,joy,0.0005959271,0.00024225838,0.00032361812,0.997936,0.00031187802,0.00059039955
eeq8hn7,joy,joy,0.00069593807,0.00016143889,0.00044248247,0.9969704,0.00040491557,0.0013247232
eeq8ko1,joy,joy,0.0017248477,0.000278523,0.000574204,0.9888045,0.0009518285,0.0076661054
eeq9848,joy,joy,0.00065805914,0.00032740567,0.00039064194,0.99768376,0.00042695313,0.00051321276
eeq9zem,surprise,surprise,0.0026848936,0.0011045573,0.0013028271,0.0051268637,0.001741344,0.98803943
eeqadl3,joy,joy,0.000945282,0.00022381729,0.00033622514,0.99686325,0.00033886667,0.0012926882
eeqarxf,joy,joy,0.028499527,0.0009055148,0.00035630658,0.96717894,0.001433899,0.0016257808
eeqb7uk,joy,joy,0.00068868435,0.00030689538,0.00033789332,0.997357,0.00024226496,0.0010672953
eeqbc5g,joy,joy,0.13299416,0.0029411053,0.0025737365,0.8146972,0.010340076,0.036453646
eeqcsfc,anger,anger,0.52772963,0.01063613,0.005823057,0.10240438,0.23625173,0.117155075
eeqd2xd,surprise,surprise,0.0044716815,0.001243371,0.0014246145,0.0025442694,0.0018815299,0.98843443
eeqe6v6,joy,joy,0.0005042717,0.00016415902,0.00032588965,0.99752444,0.0007857931,0.00069552276
eeqe7c2,joy,joy,0.00068877975,0.00039050783,0.0007203032,0.99032915,0.00067242066,0.007198836
eeqeja9,surprise,surprise,0.028574405,0.0019223301,0.0010588652,0.0040258276,0.0017352427,0.9626833
eeqfr5q,joy,joy,0.0012214878,0.00015481512,0.00022416217,0.99598193,0.00087313115,0.0015444034
eeqfrr3,joy,joy,0.0016991321,0.00025073052,0.00037924174,0.9928277,0.0011552417,0.0036879508
eeqg3gx,joy,joy,0.008503337,0.0017953106,0.00446338,0.7489141,0.1877429,0.048580937
eeqgqho,anger,anger,0.97964394,0.0075619044,0.001116943,0.0020433026,0.006520721,0.0031132011
eeqgtew,anger,joy,0.062106233,0.0019721687,0.005485636,0.66449517,0.039427966,0.22651277
eeqh3tr,sadness,sadness,0.21226403,0.0154860085,0.010297702,0.03536954,0.67796034,0.048622373
eeqhf09,sadness,sadness,0.0027435154,0.0015884937,0.0024865938,0.0028439409,0.9814339,0.008903486
eeqhnyd,joy,joy,0.00059414835,0.00033783307,0.00047494212,0.9974583,0.00031524902,0.00081958267
eeqhq7z,joy,joy,0.0007783398,0.00030166647,0.0005077185,0.9827743,0.0007507035,0.014887197
eeqi15j,joy,joy,0.0062493766,0.0005542341,0.0003043551,0.9903323,0.00059399114,0.0019656715
eeqiaw0,surprise,surprise,0.0051978924,0.0009917248,0.0008226625,0.0025255228,0.0021305638,0.9883316
eeqiawh,sadness,sadness,0.30913585,0.006867938,0.011533815,0.037661575,0.602337,0.032463755
eeqinmh,joy,joy,0.0029893941,0.00041302192,0.001392971,0.9528312,0.008842188,0.033531252
eeqjnb6,anger,sadness,0.43867335,0.009690309,0.007843376,0.037966512,0.48152027,0.02430622
eeqjyaq,anger,anger,0.9760968,0.004100837,0.0016368259,0.0034304694,0.009331375,0.005403759
eeqlhs7,sadness,anger,0.9218363,0.004022577,0.0022420154,0.021138446,0.025247965,0.025512643
eeqlnlv,anger,anger,0.95617867,0.0036445505,0.0010505479,0.014789952,0.016718473,0.0076177507
eeqlooc,joy,joy,0.43649533,0.0053366767,0.0015278538,0.47685847,0.03256099,0.047220707
eeqm77h,anger,anger,0.9494358,0.004595425,0.001434016,0.023629934,0.012903783,0.008000966
eeqmaon,anger,anger,0.8495934,0.005614837,0.0053678923,0.03415386,0.060337014,0.04493303
eeqmor1,surprise,anger,0.6729442,0.009523166,0.0013649673,0.0044970247,0.008641079,0.30302957
eeqoq65,joy,joy,0.0006159432,0.00020582962,0.00062301516,0.99663603,0.0009471333,0.0009719784
eeqos65,joy,joy,0.0007686414,0.00015757928,0.00022648048,0.9967894,0.00080982124,0.0012480655
eeqpbm0,anger,anger,0.97605366,0.0092424955,0.0011220479,0.0017317618,0.008041691,0.0038083268
eeqpc3o,surprise,surprise,0.010061991,0.0013101414,0.0008573422,0.0020094707,0.0017586059,0.9840024
eeqpjoo,joy,joy,0.0009688644,0.00018041338,0.00027272955,0.9969657,0.0003236993,0.0012885666
eeqqhxu,joy,joy,0.0014389183,0.00062592456,0.00058890326,0.9834765,0.000887289,0.012982409
eeqqoq5,joy,joy,0.0010150266,0.00019587022,0.0002468374,0.9975017,0.0003881772,0.0006524974
eeqra7i,joy,joy,0.0007913881,0.0009331227,0.0035316427,0.94692963,0.0009520252,0.04686224
eeqrd8s,joy,joy,0.0007095126,0.0002962807,0.00032739967,0.9976761,0.00047935874,0.0005114396
eeqrehq,joy,anger,0.76379365,0.00395126,0.002561188,0.050653167,0.02115985,0.15788087
eeqstmt,surprise,surprise,0.0066865915,0.0010592277,0.00078433304,0.0019481067,0.002226478,0.9872953
eeqt1ot,joy,joy,0.00081493,0.0001953612,0.00030085543,0.9968867,0.0005084139,0.0012938447
eeqt7fs,joy,joy,0.055214968,0.002718275,0.00046565174,0.92689455,0.0061215833,0.008585029
eeqtb4u,joy,joy,0.00067393953,0.00028550357,0.00036214432,0.99759954,0.00021905461,0.00085980655
eeqth5b,anger,anger,0.5262078,0.008564883,0.0020062278,0.248939,0.05593507,0.15834697
eeqtllf,joy,joy,0.00042433914,0.0001598136,0.0002995614,0.99775416,0.000337089,0.0010250696
eequf89,sadness,sadness,0.345113,0.029364519,0.072441846,0.021369893,0.46282205,0.06888868
eequhjm,joy,joy,0.039130922,0.0007048253,0.00083078624,0.95335406,0.002105146,0.0038742814
eeqv7bt,anger,sadness,0.007967756,0.0023010743,0.0076393327,0.0020915945,0.97278994,0.007210233
eeqvjpj,surprise,surprise,0.023501137,0.0021816925,0.0022781186,0.26647195,0.009171766,0.6963954
eeqwgzn,sadness,anger,0.74857527,0.08131442,0.005083524,0.0050130687,0.13590418,0.024109567
eeqwml1,joy,sadness,0.012933859,0.0020152773,0.0095057385,0.21803509,0.7291626,0.028347429
eeqwyhs,joy,sadness,0.20216341,0.0067768833,0.091641694,0.09863862,0.46965703,0.13112232
eeqxy36,sadness,sadness,0.17117068,0.024800569,0.009499314,0.014088348,0.72350144,0.0569397
eeqy66m,joy,joy,0.0007199239,0.00015927649,0.00028966472,0.9977188,0.0004151355,0.0006972174
eeqzh5y,joy,joy,0.0006005214,0.00020996128,0.00028973108,0.99783796,0.00052834325,0.00053351634
eer01eq,joy,joy,0.0005213813,0.00017753364,0.00037193295,0.9977083,0.0002898441,0.0009309114
eer058b,joy,surprise,0.053426974,0.003041149,0.0016026616,0.2616035,0.0379672,0.6423584
eer0nm8,sadness,sadness,0.006912294,0.0022654524,0.0030047165,0.0689045,0.91184705,0.007066062
eer1e52,surprise,surprise,0.005907881,0.0013319324,0.0010767339,0.0018065119,0.0018843379,0.98799264
eer1y2c,surprise,anger,0.9787451,0.003810294,0.0010234242,0.0049872887,0.0062836464,0.005150202
eer29pt,joy,joy,0.00051593396,0.00018525186,0.00033790982,0.9971246,0.00025564028,0.0015806485
eer3euv,joy,joy,0.004399428,0.0010136602,0.00038870296,0.9919373,0.0013621621,0.0008988045
eer3ivh,anger,anger,0.73424923,0.016579993,0.001685592,0.022125281,0.20761186,0.01774806
eer4ums,surprise,surprise,0.0047701388,0.0013386973,0.0010893671,0.0011903519,0.0009881172,0.9906233
eer4vq0,surprise,surprise,0.0021581433,0.0015559347,0.0022874796,0.11212271,0.002638298,0.8792374
eer5vv4,anger,anger,0.822445,0.107157156,0.006131683,0.024438482,0.022880731,0.016947037
eer6i44,joy,joy,0.003027196,0.00033470764,0.00023272964,0.9950075,0.00052260055,0.00087529054
eer7as8,sadness,sadness,0.0025840828,0.0019756989,0.0045043933,0.005308528,0.9806927,0.0049346243
eer7dmu,sadness,sadness,0.087225445,0.0031422027,0.004508107,0.08281381,0.53348106,0.2888293
eer7jus,anger,anger,0.90794146,0.0059460434,0.0012732301,0.010076785,0.008356215,0.0664063
eer85ad,surprise,surprise,0.010627868,0.0013479622,0.0009470605,0.0019180372,0.002630302,0.9825287
eer8neb,sadness,anger,0.87953913,0.05278781,0.0026738814,0.022687225,0.03198042,0.010331624
eer8v9y,joy,joy,0.0005491776,0.0003349752,0.0005483953,0.99497235,0.00026086115,0.0033342228
eer9sex,joy,joy,0.0014803455,0.00021721136,0.00054932595,0.9947431,0.0014958711,0.0015141369
eera5at,joy,joy,0.0006442519,0.0002712297,0.00034496724,0.9979317,0.00031285945,0.00049496174
eera73a,surprise,joy,0.0013297736,0.00021601313,0.00033181813,0.9948585,0.00065916136,0.0026047474
eerak2o,anger,anger,0.91214794,0.003403439,0.0013322379,0.0062114107,0.006525747,0.07037918
eerb4w8,joy,joy,0.00077641144,0.00027529098,0.0003154235,0.9976411,0.00031837553,0.0006733878
eerbmr5,joy,joy,0.0038643074,0.00059564324,0.0009755835,0.9741281,0.00402797,0.016408363
eerces3,surprise,surprise,0.0064077945,0.001312041,0.00325582,0.004972874,0.0030532614,0.9809982
eercjpf,joy,surprise,0.04843223,0.0036213014,0.0014145818,0.40035713,0.004682727,0.54149204
eercs51,anger,anger,0.7166209,0.14546949,0.022170935,0.008537893,0.10286726,0.0043334626
eerdfja,joy,joy,0.00060392043,0.0002640065,0.00035574756,0.997912,0.00038863157,0.00047572496
eerdoku,joy,joy,0.0009419206,0.0002721008,0.00024999704,0.9971975,0.00036168643,0.000976844
eerdz04,joy,joy,0.000649291,0.00029520164,0.000319836,0.9976744,0.00024990158,0.000811346
eerfv88,joy,joy,0.0010675055,0.0002494597,0.00027896735,0.99745494,0.00034548886,0.0006036375
eerhx1d,joy,joy,0.00044572598,0.0001836382,0.0003322326,0.99732924,0.00036190363,0.0013472922
eeri62q,anger,anger,0.81193507,0.011730877,0.0044489778,0.02693552,0.09458074,0.050368827
eerilho,joy,joy,0.0005863068,0.00019537764,0.00022814203,0.9967064,0.00042694042,0.0018567982
eerjjyv,joy,joy,0.004159157,0.00028557974,0.00032080588,0.99295115,0.0012721863,0.0010111197
eerk3up,sadness,sadness,0.0028384698,0.001912744,0.0036688892,0.0031999368,0.9849969,0.003383022
eerk9lf,anger,sadness,0.2700222,0.014771388,0.005241254,0.032782868,0.6597861,0.01739621
eerkcnv,anger,surprise,0.17779993,0.0026705868,0.0027003498,0.037033785,0.01731421,0.7624812
eerkfop,joy,joy,0.00079413713,0.00023079498,0.0003007563,0.997509,0.00026095568,0.00090434076
eerla6a,joy,joy,0.0018757635,0.00039099058,0.0004109772,0.99435824,0.00076119194,0.0022028612
eerlg4d,sadness,sadness,0.006305213,0.0021859168,0.0026285832,0.35859156,0.6235129,0.0067758244
eerlw8u,joy,joy,0.03495005,0.00089412445,0.0020254308,0.9261525,0.024265116,0.011712701
eermek9,joy,joy,0.0005402324,0.00022173945,0.00028926652,0.99793243,0.00046637835,0.00055003073
eermhsx,sadness,sadness,0.005682481,0.003719563,0.009409906,0.0063784956,0.97113085,0.0036786676
eermnt8,joy,joy,0.0005536411,0.00018118558,0.0005294923,0.9975682,0.0006161978,0.0005512423
eernzb8,anger,anger,0.9552834,0.00919442,0.002105194,0.0030961116,0.018947007,0.011373882
eerplwl,joy,joy,0.0016117104,0.00020030951,0.00042691393,0.9949803,0.0006054584,0.0021752976
eerpnal,joy,joy,0.08630733,0.0031251947,0.00078733376,0.89341426,0.0043115923,0.01205428
eerqa76,joy,joy,0.0023334725,0.00023630218,0.00022482255,0.99484235,0.00056694134,0.0017961927
eerqci7,joy,joy,0.007607379,0.00083201844,0.00048530794,0.9852683,0.0016293799,0.0041775377
eerqm6j,joy,joy,0.0032944453,0.00034252446,0.00026815533,0.99133027,0.0025995933,0.0021649948
eerqyzv,sadness,sadness,0.010049677,0.001916952,0.0058392687,0.03821631,0.76614195,0.17783591
eerrsai,anger,joy,0.035954792,0.0024678651,0.0019370302,0.952903,0.0029702147,0.0037671137
eers0t0,sadness,surprise,0.02110558,0.003479554,0.0049867793,0.006506325,0.4545754,0.50934637
eers3al,joy,joy,0.009895271,0.00058601046,0.00036354305,0.984099,0.0013406611,0.0037155335
eersey4,joy,joy,0.01087598,0.0011615918,0.0049052048,0.8197792,0.055713944,0.107564084
eersfea,surprise,surprise,0.005178925,0.00094823126,0.0014654475,0.008307668,0.0023185299,0.98178124
eertwle,anger,anger,0.93300784,0.008038892,0.0021727728,0.0019711494,0.019085884,0.03572354
eerty2l,joy,joy,0.00065356516,0.00016559011,0.00024318523,0.99748695,0.0005206722,0.0009300877
eeru9om,sadness,fear,0.0034899183,0.015068649,0.94335747,0.0016957558,0.032094084,0.0042942264
eervs0l,surprise,surprise,0.08089973,0.0025373818,0.0011726179,0.007611837,0.007900804,0.8998777
eervv5z,joy,joy,0.07392332,0.0023234775,0.0021651366,0.664683,0.02289515,0.23400997
eerwcdt,joy,joy,0.00064826093,0.00017637968,0.0002597977,0.99775594,0.00038881044,0.000770913
eerwdmi,joy,joy,0.00045319655,0.00020786164,0.00045230536,0.99779546,0.00040662865,0.000684638
eerwvim,surprise,surprise,0.01463466,0.0014705642,0.0011293087,0.033001788,0.0024494634,0.94731414
eerz7qt,surprise,surprise,0.009946091,0.0012738782,0.0010516979,0.004547119,0.0037096192,0.9794717
eerzccz,joy,joy,0.00070077716,0.00019823563,0.00030085715,0.9945298,0.0009847722,0.00328554
eerzr08,anger,joy,0.080483004,0.0019007743,0.0005349279,0.90971655,0.0033567015,0.004008058
ees08j1,joy,joy,0.000808977,0.00024069172,0.00039036482,0.9914995,0.0008252301,0.0062352587
ees09ei,joy,joy,0.0005891406,0.00022304655,0.00031800047,0.99764293,0.00031217025,0.0009147437
ees0mfr,surprise,joy,0.002457941,0.0006625803,0.0012842942,0.93203413,0.0013822475,0.062178817
ees17bb,anger,anger,0.90349466,0.033744358,0.0017009545,0.0035760326,0.012469997,0.04501403
ees2pfi,joy,joy,0.0005192913,0.00021644321,0.00030967826,0.9979978,0.00042261087,0.0005341726
ees2qze,sadness,sadness,0.0076853135,0.0026075137,0.0016517317,0.0029419404,0.98000365,0.0051097795
ees34ye,joy,joy,0.00073759654,0.00025518928,0.0002807757,0.9977188,0.00026908747,0.0007385541
ees3js2,joy,joy,0.0011163432,0.0003252889,0.0008774771,0.97597754,0.019644493,0.0020589128
ees3l2l,joy,joy,0.0008516271,0.00048669535,0.0005754352,0.98511475,0.0004919187,0.01247947
ees450j,surprise,surprise,0.0045409617,0.0012291328,0.0012389147,0.0025104755,0.0025096135,0.9879709
ees4blo,sadness,sadness,0.035699997,0.016840775,0.015209368,0.0021834609,0.9000796,0.029986793
ees57i9,joy,joy,0.0047098435,0.0002962511,0.00025551303,0.9916794,0.0016536486,0.0014053358
ees7s75,anger,anger,0.9693996,0.016440822,0.0011432621,0.002785461,0.006803958,0.0034269437
ees9jfz,joy,anger,0.57452035,0.004683646,0.0062838537,0.030145705,0.09811792,0.2862485
eesa4fl,joy,joy,0.000656616,0.00018838377,0.00027436326,0.99765563,0.00046746156,0.00075748714
eesabaf,anger,sadness,0.08569715,0.0058849477,0.033998974,0.13311155,0.7297797,0.011527685
eesb4ga,joy,joy,0.0039760326,0.00033443127,0.0004284682,0.9892859,0.0026813687,0.0032938963
eesbi5a,joy,joy,0.00073939614,0.00025311907,0.00030818154,0.9977471,0.00028135517,0.0006708642
eesbir0,sadness,surprise,0.0074468297,0.0024227786,0.0048548384,0.007950786,0.26815107,0.7091737
eesc3l6,joy,joy,0.0007484124,0.00023413384,0.00021677125,0.997544,0.00054516504,0.0007114546
eesc9nn,joy,joy,0.00062523125,0.00026395198,0.0003904443,0.9973979,0.00021377584,0.0011087372
eescmsm,joy,joy,0.0005142599,0.00017684682,0.0003030221,0.9978829,0.00054481335,0.0005781808
eesdu31,anger,anger,0.862257,0.0035149464,0.0009500846,0.091512986,0.02968806,0.012076926
eesdwu4,surprise,surprise,0.034436364,0.001929875,0.0040729623,0.00711894,0.03344649,0.9189954
eeseq5b,joy,surprise,0.12479389,0.0047315685,0.013254506,0.052841373,0.0197294,0.78464925
eesetmz,joy,joy,0.0012608225,0.00063322065,0.017053919,0.9754201,0.0025570218,0.0030749368
eesevn1,joy,joy,0.0005802458,0.00026165054,0.00033910281,0.9977253,0.00037613593,0.00071752415
eesg6hw,joy,joy,0.00048339032,0.00028089038,0.00042328847,0.9975286,0.00027151007,0.0010123115
eesgbva,sadness,sadness,0.0042202496,0.0023070266,0.0021286276,0.014592077,0.96387786,0.012874172
eeshbvv,sadness,sadness,0.0022145011,0.005685631,0.09329219,0.003162657,0.89068145,0.0049634413
eeshqur,disgust,surprise,0.01881664,0.0035989624,0.0014092034,0.003911985,0.0032832178,0.9689799
eeshts5,joy,joy,0.00091470155,0.00022219491,0.00021007338,0.9974686,0.0003915648,0.0007928813
eesiyw1,surprise,surprise,0.004832092,0.004025428,0.0761903,0.008728544,0.004262019,0.90196157
eesje43,joy,joy,0.0043038502,0.00033743476,0.0004044993,0.9781358,0.0035011922,0.013317173
eesjy25,anger,anger,0.8871062,0.0041710073,0.0020888387,0.014321407,0.03243781,0.059874784
eesla4l,joy,joy,0.0008065228,0.00024214498,0.00054575264,0.9954874,0.0004375293,0.0024805956
eeslgjt,joy,joy,0.0005723318,0.00026349994,0.00034887003,0.9979341,0.00027302364,0.00060814363
eesmjoo,joy,joy,0.013143239,0.0037342447,0.001030058,0.9757971,0.0010973472,0.0051978896
eesmn4b,joy,joy,0.020617405,0.0012891738,0.001893476,0.8281461,0.10930752,0.038746335
eesnlsb,sadness,sadness,0.0015457046,0.0015274036,0.0019480524,0.0040210844,0.9835873,0.007370368
eesnue8,anger,joy,0.15103719,0.0017323492,0.0026830342,0.8148462,0.007543408,0.02215775
eesozua,joy,joy,0.0049642753,0.0015497752,0.0017076045,0.61039335,0.0014543693,0.37993062
eesp6na,anger,sadness,0.122023225,0.008672829,0.003072601,0.014260204,0.8336161,0.018355131
eespkoo,sadness,sadness,0.0072425003,0.0019924778,0.0026985505,0.005265108,0.970455,0.0123463785
eesrvl4,joy,joy,0.0016694333,0.00019023634,0.00037467066,0.99162513,0.0006409306,0.005499613
eesryti,joy,joy,0.00059844356,0.00026426508,0.00039775876,0.99770606,0.00024367167,0.0007896898
eesstwu,anger,anger,0.91173357,0.0050391783,0.0078000394,0.025214344,0.025746884,0.02446594
eessv5q,anger,anger,0.94723326,0.016959956,0.0012367612,0.011919076,0.015799873,0.006851001
eessxb9,joy,joy,0.0008569196,0.00018326791,0.00033207313,0.9941912,0.00041456922,0.00402194
eessxu5,joy,joy,0.060756262,0.0017203741,0.0009995456,0.8866447,0.007573282,0.042305853
eest3y8,joy,joy,0.0005534811,0.00026508377,0.00033741418,0.9977094,0.000347801,0.00078675954
eestqyd,joy,joy,0.0011201852,0.00016639916,0.00038975745,0.9920421,0.0032766857,0.0030048897
eesu9b3,joy,joy,0.0007105097,0.0002980237,0.00029586043,0.99771,0.00045894503,0.0005267097
eesunjg,anger,anger,0.9840009,0.0063615236,0.00073589646,0.0025897282,0.0017800112,0.00453174
eesuuep,joy,joy,0.00047933147,0.00022043612,0.00031454355,0.9977939,0.00035439356,0.00083735655
eesv6eg,joy,joy,0.0008435942,0.0002895522,0.00029495833,0.9976509,0.0003465179,0.00057444576
eesvfqs,joy,joy,0.0027238047,0.00027349492,0.0006428949,0.9880385,0.00068547623,0.0076357517
eesw0i1,joy,joy,0.0010206051,0.0002619625,0.00023258933,0.9966558,0.0002892496,0.0015397816
eeswfs6,joy,joy,0.00070193247,0.00015999847,0.00033713406,0.9967481,0.0012577313,0.00079513964
eeswzdr,joy,surprise,0.04987406,0.0028847957,0.014128826,0.28012562,0.19209874,0.46088797
eesx34n,joy,joy,0.00046139673,0.00021114748,0.000390367,0.99794954,0.0002953253,0.0006923239
eesx7n3,joy,joy,0.0005044496,0.00019243328,0.00076551025,0.99538946,0.00062785635,0.0025202765
eesxrv9,joy,anger,0.7297399,0.004113959,0.005049804,0.21469124,0.026681727,0.019723319
eesxxeu,sadness,joy,0.040700182,0.0016158662,0.0006059643,0.8612621,0.0106380265,0.08517792
eesxzml,joy,joy,0.0013335865,0.00034842637,0.00081030646,0.96337885,0.0026179035,0.031510897
eeszaav,sadness,sadness,0.083657466,0.0056389202,0.003969118,0.011712708,0.88993317,0.0050886828
eet0225,fear,fear,0.0016962228,0.004758842,0.9746062,0.003693602,0.009779602,0.0054656197
eet08tq,joy,joy,0.0013993983,0.00025546856,0.0002947239,0.99298954,0.003997697,0.0010631533
eet0wg9,joy,joy,0.00088048313,0.00022516839,0.00026779703,0.9972882,0.00039199198,0.0009463152
eet11b4,joy,joy,0.0005758484,0.00026279938,0.00032039237,0.9979613,0.00034319938,0.0005365713
eet131x,joy,joy,0.002586283,0.0031954504,0.087257445,0.8999964,0.0021254027,0.0048390366
eet2iwi,anger,anger,0.89224154,0.0033297352,0.0013948336,0.06428803,0.023331145,0.015414661
eet2ofl,joy,joy,0.0006280146,0.00019048221,0.00024503647,0.9975925,0.00048340933,0.0008605117
eet2tg1,sadness,sadness,0.002322444,0.0015238717,0.0017170123,0.006033277,0.98392177,0.0044816043
eet315d,sadness,joy,0.07253608,0.0020563225,0.0025040878,0.63692945,0.23173435,0.054239746
eet3k71,joy,joy,0.00051816367,0.00055410946,0.0014333659,0.99169064,0.0007632584,0.005040422
eet478g,anger,anger,0.7646524,0.0040408024,0.001971393,0.14403501,0.045271177,0.04002929
eet4wlq,joy,sadness,0.027659565,0.0042936867,0.003972178,0.04099692,0.9067233,0.016354308
eet69y1,anger,anger,0.97369766,0.012631987,0.0011161406,0.0020728866,0.007925707,0.002555528
eet6iru,sadness,sadness,0.051397048,0.0031145967,0.018347954,0.029246401,0.89195,0.005943977
eet8ntq,joy,joy,0.006381759,0.0003249079,0.00044926148,0.98845357,0.0014787954,0.0029116739
eet8ph5,joy,joy,0.000621336,0.00019730195,0.00026097262,0.9978163,0.00033802525,0.0007660075
eet8yzy,joy,joy,0.00043049818,0.00017285859,0.00039975418,0.9978028,0.00051119196,0.00068287225
eet90x5,joy,joy,0.00069059397,0.00038729503,0.00072424515,0.98714983,0.00044044282,0.010607568
eetauds,joy,joy,0.019852785,0.00081140944,0.0019193708,0.9288304,0.021655466,0.026930599
eetavc6,anger,joy,0.04548495,0.0013335665,0.005200642,0.73580414,0.18254039,0.029636305
eetbawj,joy,joy,0.0006466559,0.00020222939,0.00022050746,0.9963744,0.00045697307,0.0020992295
eetchrv,joy,joy,0.00060268096,0.00018980853,0.00034304036,0.99664825,0.00035711363,0.0018590182
eetcyi5,surprise,joy,0.0043639145,0.00045285467,0.0013707656,0.94664323,0.0013282585,0.045840897
eetdjlx,surprise,surprise,0.027631965,0.0021294444,0.0024878588,0.14722092,0.005357986,0.81517184
eetdt8v,joy,joy,0.0022093982,0.00029231413,0.00030248673,0.994991,0.00043439196,0.0017702988
eete3m3,anger,joy,0.027008928,0.00090807915,0.001005488,0.9573874,0.0031419748,0.010548112
eetedlb,joy,joy,0.000523852,0.0002281127,0.00028936175,0.99751484,0.0002887302,0.0011550948
eeteyb5,joy,joy,0.0014804244,0.0007688618,0.0007122738,0.96662617,0.00064501533,0.029767338
eetf29l,joy,joy,0.00087714655,0.00016058829,0.00019661771,0.9970451,0.00044430327,0.0012762711
eetfn7z,surprise,surprise,0.1516239,0.0041068667,0.0013976949,0.0041034273,0.0060489206,0.83271915
eetgbzz,joy,joy,0.00046241534,0.00016093478,0.00028212467,0.99769956,0.0004595021,0.00093546015
eetibyd,joy,joy,0.0007768236,0.0002696058,0.00028739515,0.9976835,0.0004326001,0.00055007637
eetjt5h,anger,anger,0.95522565,0.009916972,0.00096210244,0.01246624,0.010916465,0.010512673
eetkdhh,joy,joy,0.0005998347,0.0002581009,0.00042716114,0.9978405,0.00024383467,0.0006304646
eetkjzt,surprise,surprise,0.003871858,0.0012537213,0.0034421685,0.010908597,0.002215977,0.9783077
eetkm7i,joy,joy,0.06203419,0.0021657592,0.000741327,0.9189808,0.0050048046,0.011073105
eetlwh1,joy,joy,0.00051799184,0.00016646492,0.00030854015,0.9978409,0.00043190952,0.0007341846
eetmfnm,joy,anger,0.81278574,0.005417982,0.0011181288,0.16677213,0.005426923,0.008479156
eetmzts,joy,joy,0.00082999555,0.00031270497,0.00033477924,0.99749607,0.00035137785,0.0006750351
eetn5g9,anger,disgust,0.33499053,0.5725879,0.008528191,0.01001815,0.053655706,0.020219525
eetnacw,joy,joy,0.00067949406,0.00027905108,0.0003897937,0.9978325,0.000286442,0.0005327503
eetnlr7,joy,anger,0.7113411,0.0059339222,0.004214733,0.08119071,0.16402982,0.033289686
eetnoud,joy,anger,0.668594,0.010961568,0.0044401335,0.023376042,0.26503384,0.027594423
eetoho2,joy,joy,0.0010375959,0.00024793367,0.00027755604,0.9973236,0.00039021793,0.00072318286
eetpc77,joy,joy,0.00067384815,0.00023903478,0.00028410353,0.9978205,0.00034721626,0.0006353466
eetpj6g,sadness,surprise,0.0863187,0.003072202,0.002318007,0.16412823,0.02869538,0.71546745
eetprkz,surprise,anger,0.5652705,0.004016993,0.004211495,0.079739645,0.019647349,0.3271141
eetptjj,joy,joy,0.0008195064,0.00023190511,0.0002637704,0.997053,0.00023550318,0.0013962873
eetpv7z,anger,surprise,0.0076562273,0.0012118497,0.0016073504,0.0049739885,0.0021894576,0.9823612
eetq9g0,anger,anger,0.9516272,0.005620172,0.0029595443,0.008562958,0.022204682,0.009025421
eetr457,sadness,sadness,0.29544884,0.0054774047,0.0031704477,0.028103167,0.56039006,0.10741007
eetr7rl,joy,joy,0.007939828,0.00075471203,0.00037267528,0.9886833,0.0012288431,0.0010206429
eetrfd1,surprise,surprise,0.002098958,0.00101459,0.0013865685,0.0030463738,0.0015160443,0.9909374
eetrtw2,joy,joy,0.00078550575,0.00016960752,0.00032268924,0.99645907,0.0011179678,0.0011450981
eetsck3,disgust,disgust,0.4176381,0.43802014,0.008802158,0.026494237,0.058891427,0.05015396
eetsqhw,joy,joy,0.00080273324,0.00019314309,0.00024388534,0.9975787,0.0006800958,0.00050145114
eetvhxo,surprise,surprise,0.001524202,0.0013517312,0.0013996644,0.0035895607,0.0012747834,0.99086
eetw1zd,joy,surprise,0.28744844,0.0022315765,0.0029924412,0.11904023,0.0055618784,0.5827254
eetwzx3,joy,surprise,0.046629306,0.002178719,0.012008948,0.19146578,0.016696714,0.7310205
eetxftd,anger,anger,0.42832696,0.010990976,0.005022658,0.014861303,0.42523235,0.11556571
eetxljv,joy,surprise,0.026173566,0.007475503,0.0041878,0.2285334,0.016887331,0.7167424
eetxuty,anger,anger,0.55617684,0.015954887,0.014419272,0.032625683,0.35749733,0.023325935
eetxvzu,joy,joy,0.0004486784,0.00027467732,0.00065308413,0.9929577,0.00033153745,0.0053342176
eety4l4,joy,joy,0.15727867,0.0976523,0.008598932,0.70141655,0.023890972,0.011162526
eety4rr,sadness,sadness,0.0011474828,0.0024123783,0.0047924477,0.001417851,0.9845733,0.005656507
eetyxnj,joy,joy,0.0006505045,0.00023100532,0.00026406557,0.997554,0.0003212212,0.0009792298
eeu144c,anger,anger,0.97159284,0.0032360228,0.00077361095,0.009811144,0.0069981,0.0075883036
eeu19sp,joy,joy,0.0020960611,0.00030654125,0.00021808934,0.9947848,0.0015403831,0.0010541446
eeu1whd,joy,joy,0.0007138715,0.00023292632,0.00044505903,0.9976488,0.00031353647,0.00064589793
eeu1wrx,anger,anger,0.81754327,0.037773814,0.0025583897,0.006653937,0.11271769,0.022752952
eeu1zcq,joy,joy,0.0013379313,0.0002690022,0.00022427883,0.99708205,0.0004345046,0.00065218064
eeu37g2,joy,joy,0.0038318525,0.00033444012,0.0017611347,0.9796524,0.0020962735,0.01232384
eeu38cr,joy,joy,0.00078802695,0.00039795824,0.00045328878,0.9967577,0.00026946407,0.0013335056
eeu3zv0,anger,anger,0.96016717,0.009057622,0.000948328,0.0122432625,0.010855141,0.0067284633
eeu4lrv,joy,joy,0.02216833,0.0009644912,0.0023534917,0.8484064,0.054910447,0.07119678
eeu4qki,surprise,surprise,0.010538701,0.0018217337,0.0119999545,0.0066759866,0.005852671,0.963111
eeu59wa,anger,anger,0.98257154,0.004666809,0.00097030017,0.0033688925,0.0032602937,0.005162193
eeu5mfp,joy,joy,0.008059685,0.00054679095,0.004606097,0.97615016,0.003799791,0.006837475
eeu890m,joy,joy,0.0073138652,0.0004332865,0.00035691343,0.98976517,0.0005950649,0.0015357387
eeu8adm,joy,joy,0.00065771706,0.0002636176,0.00030269744,0.99774784,0.00032654262,0.0007016341
eeu8ekt,fear,fear,0.0072003244,0.006243026,0.9239212,0.0074454276,0.005571934,0.049618077
eeu8rva,joy,joy,0.0029142906,0.0016724084,0.0032458412,0.85394853,0.00155059,0.13666828
eeua07h,sadness,surprise,0.002431392,0.0014959956,0.0010651093,0.009503919,0.0018950251,0.98360866
eeuaw08,joy,joy,0.0007173243,0.0002245099,0.00043185908,0.9969297,0.00056170445,0.0011348885
eeub0vz,joy,joy,0.0008711866,0.00025118532,0.0003940282,0.9960068,0.0005392046,0.0019376131
eeubetl,joy,joy,0.00059251464,0.00020886582,0.00032274672,0.9978263,0.0002897139,0.00075980835
eeucc1h,joy,joy,0.0005034098,0.00015985566,0.0002660913,0.99771404,0.0007733657,0.0005833202
eeucruv,joy,joy,0.35538054,0.0036884642,0.0045012087,0.5472162,0.018054144,0.07115947
eeudls0,joy,joy,0.000503153,0.0001686124,0.0003654564,0.9962574,0.00047214076,0.0022333022
eeudwdt,anger,joy,0.00053603767,0.0002879429,0.00033313557,0.9977507,0.00030815028,0.00078405853
eeuf169,anger,anger,0.97212136,0.0038520312,0.0019180385,0.0047901967,0.00852301,0.008795309
eeufexz,sadness,sadness,0.0052642073,0.0050558182,0.0010866186,0.0027820219,0.98253757,0.0032737695
eeufnhh,joy,joy,0.010028341,0.0007222771,0.0005865433,0.982346,0.0013584625,0.0049583963
eeug6do,surprise,surprise,0.008492613,0.0013214431,0.0009298987,0.0019815185,0.0024236627,0.9848509
eeuhyfj,fear,fear,0.029120665,0.030603912,0.9097985,0.00469573,0.010361,0.015420268
eeui8j8,joy,joy,0.0010422438,0.00014025647,0.00018758171,0.9967114,0.000648321,0.0012701967
eeuj1d0,sadness,sadness,0.018514834,0.0025227058,0.0064594727,0.08319153,0.85930717,0.030004237
eeuj8ya,anger,sadness,0.35636723,0.24475548,0.0114212325,0.013650347,0.3567995,0.017006123
eeujcuj,joy,joy,0.0007312097,0.00015239834,0.00032709967,0.9946168,0.001420989,0.0027515648
eeujvpp,joy,joy,0.00037731428,0.00020032303,0.00029597103,0.9977937,0.00052890053,0.00080382254
eeujzsd,joy,joy,0.0006340618,0.0002647487,0.000325639,0.9978119,0.0004874636,0.0004761393
eeukrfp,joy,joy,0.00084300234,0.00024721157,0.00024666454,0.99725765,0.00039763763,0.001007817
eeukvst,sadness,sadness,0.1345104,0.0072815637,0.0035665305,0.17814131,0.41280138,0.26369885
eeula4j,joy,joy,0.000506296,0.0002499458,0.00037217338,0.99778455,0.00025497208,0.0008321466
eeun4uc,sadness,sadness,0.41542163,0.009642979,0.0053418344,0.036881376,0.4621011,0.07061109
eeuo6d4,joy,joy,0.0007868938,0.0002886586,0.00040906892,0.9971505,0.00030277454,0.0010621639
eeuokvt,joy,surprise,0.003405407,0.0020502682,0.002232208,0.22052065,0.0021782136,0.7696132
eeuomcd,joy,anger,0.6856087,0.035493515,0.0016672767,0.020952726,0.12506455,0.13121317
eeuoxtq,joy,joy,0.00042576628,0.00018372276,0.0003846489,0.99780375,0.00029649722,0.0009055794
eeupcmv,joy,joy,0.0034581588,0.00029463656,0.00049171096,0.9859541,0.0052256766,0.004575649
eeuph0v,anger,anger,0.9753389,0.0065229223,0.0008576027,0.0035536832,0.0026694224,0.011057504
eeuqwra,surprise,surprise,0.0043595675,0.0014373696,0.002437479,0.0052327034,0.007892207,0.9786406
eeurenv,surprise,surprise,0.005167784,0.0010848179,0.0008760108,0.0032891424,0.0008674245,0.9887149
eeusbnx,joy,joy,0.002017836,0.00026414375,0.00026097207,0.99473757,0.00050783646,0.0022116676
eeusqjd,anger,joy,0.0037317006,0.0006429581,0.000283314,0.99093294,0.0006908007,0.0037183133
eeut8hu,joy,joy,0.0070094513,0.00048769798,0.0002544677,0.98966646,0.0015009918,0.0010809748
eeutdim,joy,joy,0.000617082,0.00021304838,0.0003286291,0.997917,0.00032164037,0.00060256314
eeutvf8,anger,joy,0.008973164,0.00043576106,0.00045321143,0.98329645,0.0025923438,0.0042491225
eeutyxy,joy,joy,0.0042632,0.0007171593,0.0003174379,0.9924298,0.0010231235,0.0012493819
eeuubtk,joy,joy,0.00097480504,0.00020471585,0.0004211537,0.996802,0.00043322067,0.0011642425
eeuuxha,joy,joy,0.016136918,0.0011327129,0.00050425436,0.97514796,0.004179479,0.0028986859
eeuuyib,joy,joy,0.0007241303,0.00016846629,0.00040431583,0.99718314,0.0003008158,0.0012191868
eeuw9cv,joy,joy,0.0004035681,0.00019625656,0.0003419467,0.9973896,0.00039158252,0.0012770391
eeuwcao,disgust,disgust,0.1233447,0.8318568,0.015373246,0.0067394148,0.015007405,0.007678332
eeuyojj,sadness,anger,0.8585941,0.008007657,0.00401166,0.019127337,0.09499841,0.015260795
eev00h5,joy,joy,0.0012889304,0.00027088012,0.00022117195,0.9963983,0.00032492843,0.0014957496
eev0off,joy,joy,0.0007983134,0.00023011869,0.00033358185,0.9966987,0.0002978548,0.0016415184
eev17yb,joy,joy,0.0007541845,0.0001984117,0.00025594336,0.99754745,0.00025487118,0.0009890838
eev1n3p,joy,joy,0.0011355825,0.00028695102,0.00025181638,0.99492174,0.0017677024,0.0016361839
eev2ieh,joy,joy,0.00054276787,0.00020946503,0.0003018754,0.99782336,0.0003278683,0.00079471624
eev2o7o,surprise,surprise,0.018382313,0.0017838822,0.0011296938,0.0032959785,0.0027869095,0.9726212
eev2wmo,anger,anger,0.5737553,0.27263072,0.012856728,0.058881957,0.028101802,0.053773485
eev34oy,anger,anger,0.6280644,0.0068496116,0.002545601,0.2572073,0.014449588,0.09088347
eev3snh,joy,joy,0.01987651,0.001295608,0.0008586879,0.92647475,0.047059063,0.0044353167
eev3y9m,surprise,sadness,0.008647117,0.008452323,0.056889076,0.003258825,0.9040211,0.01873159
eev4kp3,anger,anger,0.8471625,0.0146464305,0.0026515874,0.101846784,0.020018358,0.013674301
eev5frt,joy,joy,0.00061705575,0.00026568383,0.0003308599,0.9976618,0.00025820357,0.00086636166
eev5mx9,anger,sadness,0.1997632,0.021213176,0.0070551317,0.01357862,0.73348856,0.024901273
eev6mi6,joy,joy,0.0005448059,0.0002118343,0.00043406358,0.9978033,0.00048674957,0.00051923835
eev71kx,joy,anger,0.9583521,0.0073243305,0.0009771857,0.0072234487,0.020630106,0.005492871
eev7upq,joy,surprise,0.05261796,0.0021175726,0.0069987443,0.22734103,0.083695896,0.6272288
eev7z0w,joy,joy,0.0056796153,0.0005302846,0.00060641376,0.9686155,0.0020825951,0.022485573
eev9g28,joy,surprise,0.024748605,0.0032713148,0.010509835,0.17973506,0.05512039,0.7266147
eev9uwr,joy,joy,0.0005071939,0.00030401914,0.0004311376,0.99736303,0.00023928573,0.0011553327
eeva9qx,joy,joy,0.0004497643,0.00023193705,0.00036805635,0.9967673,0.00036079122,0.0018222249
eevcg8b,anger,anger,0.88884133,0.0056012715,0.0022585453,0.04725108,0.034723062,0.021324828
eevdmwo,joy,surprise,0.1361736,0.003442178,0.004076625,0.31388077,0.053674955,0.48875183
eeveji1,joy,anger,0.57446706,0.050440874,0.017954668,0.29782054,0.029622314,0.029694581
eevekjz,anger,anger,0.9488529,0.0022893972,0.0011610015,0.026534015,0.0052767387,0.01588594
eeveplm,sadness,sadness,0.30457863,0.013679112,0.002389496,0.017515153,0.64819455,0.013642952
eeveqjo,surprise,joy,0.0045855325,0.0006786819,0.0023820465,0.7870555,0.017617341,0.18768096
eevew50,sadness,sadness,0.041052297,0.015504139,0.013018569,0.03204196,0.86063576,0.037747305
eevf3dt,anger,anger,0.85896707,0.0034453901,0.00075269665,0.08361322,0.02864686,0.024574796
eevf85w,joy,surprise,0.00790666,0.002237294,0.0024291957,0.049984418,0.00664755,0.93079484
eevga0w,joy,surprise,0.0056924215,0.0020718349,0.0075183013,0.45211062,0.0056644515,0.52694243
eevhwlj,sadness,sadness,0.0020742684,0.0019477494,0.003317277,0.0053953207,0.98423314,0.0030322871
eevi3dz,joy,joy,0.0008004848,0.00024590408,0.00026033653,0.99719703,0.0009361061,0.0005600114
eevihvw,joy,joy,0.0018585516,0.0024861312,0.0066277264,0.646536,0.0030646615,0.33942696
eevir70,joy,joy,0.00084028766,0.000249978,0.00025577797,0.9976247,0.00035190408,0.0006773939
eevlqzr,joy,joy,0.00041010705,0.00019837524,0.00034706792,0.9977095,0.00037104383,0.0009639071
eevm13t,sadness,anger,0.462319,0.0056796023,0.0073447297,0.32016203,0.17047808,0.0340166
eevmy2i,joy,surprise,0.008620388,0.0009646056,0.0024643405,0.0046047685,0.006354275,0.9769917
eevn76c,joy,joy,0.00047940415,0.00018981092,0.00031851436,0.998038,0.0003870221,0.00058726565
eevo1ga,joy,joy,0.12841478,0.0009647124,0.0010851074,0.85436964,0.006129703,0.009036015
eevoeky,joy,joy,0.0012523768,0.00013868147,0.00021681136,0.99605054,0.0006248119,0.0017168054
eevq32j,joy,joy,0.0006903711,0.00021103205,0.00032444161,0.995889,0.0003531258,0.0025321166
eevq4j1,surprise,surprise,0.00521974,0.0016317327,0.001440745,0.16685435,0.002049931,0.82280344
eevrno2,joy,joy,0.00076613826,0.00024789834,0.00029768798,0.99578625,0.00032112474,0.002580833
eevt2yy,joy,joy,0.0006825586,0.00028029934,0.00030957087,0.99656665,0.00026370012,0.0018972198
eevt50a,joy,joy,0.001359914,0.00018532755,0.00037163077,0.99237967,0.00073016493,0.0049732868
eevtt18,surprise,surprise,0.012930907,0.001507363,0.0009089924,0.002774131,0.0016672357,0.9802114
eevupfw,joy,joy,0.0004645898,0.0001861922,0.00030042464,0.9973169,0.0004255559,0.0013063119
eevuxzh,joy,joy,0.38214335,0.0029416054,0.0053259754,0.44623178,0.08233702,0.08102018
eevx8m2,joy,joy,0.0022926698,0.00023190888,0.00094078557,0.9860087,0.0027122817,0.007813658
eevz8a0,surprise,surprise,0.003951713,0.0011923157,0.0012871443,0.001612162,0.00096669036,0.9909899
eevzcvn,joy,joy,0.00091522967,0.00037789985,0.0004161416,0.9970565,0.0004752958,0.0007589496
eew1fwh,surprise,surprise,0.014108439,0.0010044571,0.0011934289,0.03520428,0.01365055,0.93483895
eew20af,anger,anger,0.90349793,0.0041778316,0.00245532,0.05647767,0.018598383,0.0147928735
eew2gpr,joy,surprise,0.0028553803,0.0009930637,0.0036296153,0.31646538,0.012623912,0.6634326
eew2qkm,joy,surprise,0.07367654,0.0015441616,0.003425604,0.109892845,0.011244958,0.8002159
eew3ozo,joy,joy,0.0005969048,0.00026644554,0.0003637224,0.99785775,0.00029423388,0.00062091154
eew5zae,anger,anger,0.9775915,0.008510221,0.0009997427,0.0016950351,0.0028869614,0.008316511
eew61mt,joy,joy,0.0006287978,0.00023375174,0.00025990218,0.9978555,0.00029642665,0.0007256068
eew69gh,surprise,surprise,0.08740726,0.09769712,0.04413559,0.1908565,0.14187264,0.4380309
eew6gal,joy,joy,0.0030074029,0.000409967,0.00036878017,0.9877445,0.0031392009,0.0053301337
eew78g0,sadness,joy,0.0007509268,0.00020453695,0.00065588224,0.9949227,0.0021985704,0.0012674342
eew86md,joy,joy,0.00054830086,0.00019628218,0.0003269993,0.9978909,0.0003168225,0.0007207739
eew8c8f,joy,sadness,0.05683554,0.0052154763,0.0069351457,0.0691999,0.82676595,0.035047967
eewae73,surprise,surprise,0.008943283,0.0014083022,0.0007315239,0.0022171808,0.0011688527,0.98553085
eewajpg,anger,anger,0.95235234,0.013202326,0.0007288771,0.00537611,0.024363877,0.003976501
eewazmn,joy,joy,0.00068226154,0.00028856183,0.00034585674,0.99680007,0.0002373577,0.0016458434
eewblx3,sadness,sadness,0.010554073,0.010403487,0.057451278,0.022006413,0.54829454,0.35129026
eewcrmx,disgust,anger,0.42402685,0.23655567,0.0060047386,0.17413351,0.10081126,0.058467943
eewd3xx,surprise,surprise,0.0016974683,0.00097201834,0.0018661835,0.0044096545,0.0013463886,0.9897082
eewd80e,joy,joy,0.0004940338,0.0002278986,0.0004728807,0.99344146,0.00039732043,0.004966345
eewd9gh,joy,joy,0.0005196133,0.0002199185,0.0003143492,0.9971384,0.00033066707,0.0014769855
eewelsj,joy,joy,0.0016302064,0.00027932905,0.00022930354,0.99615896,0.00062296336,0.0010791718
eeweozy,joy,joy,0.0015945598,0.00024430593,0.00035250126,0.99294657,0.0004126606,0.004449523
eewesjo,joy,joy,0.0004999255,0.00021734566,0.00029156715,0.997542,0.0007370527,0.00071208854
eewfeon,sadness,sadness,0.0474454,0.0067058234,0.010405569,0.027276741,0.68204373,0.22612269
eewgfox,sadness,sadness,0.0032938502,0.0019862026,0.001663023,0.0033605201,0.9818553,0.0078412155
eewgr71,joy,joy,0.0034675512,0.00089368183,0.0009555302,0.9771863,0.0019037407,0.015593271
eewgui2,anger,sadness,0.098782614,0.0034346883,0.03218322,0.19632874,0.6094582,0.059812617
eewj8x7,joy,joy,0.00060857245,0.0002820401,0.00034315127,0.9976325,0.00029189742,0.0008418427
eewk2dv,joy,joy,0.0005319657,0.00025929572,0.0003377383,0.9967706,0.00025476934,0.0018456521
eewk7ys,joy,joy,0.0007756849,0.00034738515,0.00035667996,0.9962219,0.00024596578,0.0020523635
eewk8z1,anger,anger,0.7711138,0.005336471,0.008361058,0.101904765,0.025269601,0.088014305
eewk9e0,joy,joy,0.000883007,0.0003179222,0.00029087948,0.9975031,0.0003617971,0.0006433261
eewkdpq,joy,joy,0.0020771825,0.0010673729,0.0011199133,0.9405633,0.00065974647,0.054512385
eewl3mr,joy,joy,0.0008540491,0.00034171008,0.0003614994,0.9948756,0.00034411516,0.0032230539
eewld6b,joy,joy,0.0255616,0.0011235453,0.00043987046,0.9564546,0.0037878559,0.012632529
eewm6sp,joy,joy,0.00050268456,0.00025123073,0.0003842219,0.9976291,0.0002752205,0.0009575425
eewmh67,surprise,surprise,0.0049185855,0.0021176606,0.003015507,0.01913079,0.0021024707,0.968715
eewn9w1,sadness,sadness,0.12494046,0.0061088437,0.024179742,0.022145463,0.5167626,0.30586284
eewp0z3,joy,joy,0.0035191637,0.00043120736,0.00033364302,0.99338806,0.000958701,0.0013693146
eewppx3,surprise,surprise,0.041709244,0.0015885583,0.0016491651,0.10223632,0.015576285,0.8372404
eewq4su,joy,joy,0.018261027,0.0010299919,0.00060205,0.9736231,0.0018751975,0.0046087266
eews90w,joy,joy,0.010202689,0.0021491034,0.00219548,0.6915184,0.0039888797,0.28994542
eewslhl,joy,joy,0.0011400533,0.00022098633,0.0002763689,0.99636286,0.00022846722,0.0017712871
eewszvh,joy,joy,0.0012223748,0.00018035586,0.00020392625,0.9969025,0.00059268234,0.000898079
eewt66a,joy,joy,0.06588694,0.0011356313,0.0038372471,0.83926606,0.014407788,0.0754664
eewu81q,joy,joy,0.007317183,0.00052804005,0.0004729463,0.96168387,0.003678509,0.026319386
eewvlcy,joy,joy,0.00077894534,0.00017937351,0.000633879,0.99007714,0.0032396112,0.005090986
eewx2q3,joy,joy,0.00067907403,0.00022762491,0.0003394305,0.99692756,0.0002931477,0.0015331575
eewx6on,sadness,sadness,0.0028494534,0.0017780185,0.0019376089,0.003702164,0.98467445,0.005058263
eewxuei,joy,joy,0.0011413603,0.00029823396,0.00023267034,0.99645257,0.00068821415,0.0011869196
eex001x,joy,joy,0.0037409125,0.0008823912,0.00085289945,0.963646,0.0012279872,0.0296498
eex0jkk,joy,joy,0.004602108,0.0005152276,0.00029368585,0.9920907,0.0006502741,0.0018479803
eex0kod,joy,joy,0.02071927,0.0004463736,0.0017032872,0.95921594,0.004442578,0.013472602
eex0sfa,joy,anger,0.7608186,0.009481525,0.0020276299,0.10369907,0.09612252,0.027850641
eex192q,joy,joy,0.027636014,0.002048706,0.009930925,0.44001362,0.28782773,0.23254299
eex1qvd,joy,joy,0.0004522443,0.00019603949,0.00046399425,0.99746144,0.00031982872,0.0011065098
eex21gy,joy,joy,0.018333195,0.0003533624,0.0003478107,0.97530454,0.002682764,0.002978293
eex2uey,joy,joy,0.0013299644,0.00038841876,0.00032880274,0.99680686,0.00044207857,0.0007038159
eex7622,fear,fear,0.0019024472,0.0064531383,0.98011214,0.0035549493,0.0036571356,0.0043203286
eex9hae,sadness,sadness,0.024822157,0.00895287,0.0021213319,0.0054344824,0.9546218,0.004047384
eexarof,anger,anger,0.97797376,0.012567794,0.0015535406,0.0021392275,0.0031387173,0.0026269243
eexb4bm,disgust,anger,0.8337775,0.04780803,0.006600445,0.02070565,0.03083206,0.060276296
eexbanq,fear,fear,0.0019133697,0.004882281,0.9536722,0.026403146,0.009179172,0.0039498704
eexbn8q,anger,surprise,0.0044944924,0.0009191815,0.0008711438,0.0035156598,0.0015535535,0.98864603
eexbv2s,joy,joy,0.0009129777,0.00016391995,0.0002509048,0.99633765,0.001137519,0.001197025
eexbxzu,joy,joy,0.0007743565,0.00019138465,0.00034333003,0.9967121,0.00036805333,0.0016108053
eexcwzo,surprise,surprise,0.0016493096,0.0012165069,0.0010870972,0.0022015176,0.0009353702,0.9929101
eexcxg1,anger,anger,0.47200096,0.011796463,0.011494944,0.003700936,0.4012127,0.099794
eexcza2,joy,joy,0.0022455852,0.00016388451,0.00026786613,0.99466234,0.0009510482,0.0017093834
eexddyv,surprise,joy,0.0053027263,0.00075471046,0.0005441863,0.92701244,0.0012246539,0.06516125
eexf4wc,joy,joy,0.00037991023,0.00020373931,0.00033905607,0.9978294,0.00039549725,0.0008524795
eexgtfb,anger,anger,0.9650998,0.0058325427,0.0009146112,0.009952184,0.0118146455,0.0063862572
eexgy7y,joy,joy,0.00064489397,0.00017381553,0.00024394547,0.9975715,0.00036652904,0.0009992849
eexhbyk,surprise,surprise,0.039346762,0.0030163408,0.010732804,0.017109714,0.052710764,0.8770836
eexi9i3,joy,joy,0.0005968531,0.00021567286,0.00031064538,0.9978631,0.00038420706,0.0006294917
eexiu04,joy,joy,0.008232348,0.0038121352,0.0061458796,0.6572836,0.008656126,0.3158699
eexjjfg,surprise,surprise,0.018795043,0.001480897,0.0012063433,0.00431435,0.0029392452,0.9712641
eexjyl5,anger,anger,0.5911791,0.006218829,0.006440313,0.012783767,0.22080933,0.16256869
eexjz4t,anger,anger,0.95157945,0.0046587684,0.0010329223,0.028107518,0.0041393386,0.010481914
eexk6e4,surprise,surprise,0.0042771013,0.0009958415,0.0015913866,0.0036688333,0.006550246,0.98291653
eexkhrm,joy,surprise,0.00407441,0.001041466,0.0020105685,0.16374369,0.0022985558,0.82683134
eexlqyk,disgust,anger,0.9300507,0.029355993,0.0020342378,0.009719858,0.008276334,0.020562787
eexlyva,anger,anger,0.97871715,0.0078768935,0.00155571,0.0015391677,0.0029293254,0.007381818
eexm1mn,surprise,surprise,0.04333138,0.002055406,0.0010258274,0.003244719,0.0033073935,0.9470354
eexm5kc,sadness,sadness,0.005176742,0.0025270483,0.0015956349,0.0031016762,0.98271227,0.0048865485
eexma61,joy,sadness,0.017283052,0.003903473,0.009749655,0.039276537,0.8574175,0.07236973
eexmb7f,joy,joy,0.0016314023,0.00019066558,0.00041222473,0.9961105,0.00047198267,0.0011832714
eexn2nw,joy,joy,0.014106507,0.0015119149,0.0010020899,0.8799184,0.0024500731,0.101010986
eexnqad,anger,anger,0.9173161,0.0120357415,0.0013898051,0.010195979,0.037234206,0.021828176
eexpxup,joy,joy,0.0012286892,0.00018566007,0.0002745069,0.99641454,0.0004622291,0.0014342363
eexr751,joy,joy,0.009317322,0.0006386448,0.00027403486,0.9866196,0.00069439074,0.0024559805
eexs97s,sadness,sadness,0.002490705,0.0020306346,0.0017139945,0.0024459397,0.9880662,0.0032525046
eext6e7,joy,joy,0.0030436858,0.00022923034,0.00020721919,0.9945682,0.0007239992,0.0012276921
eextuzb,joy,joy,0.0005182873,0.00019305537,0.0002751044,0.9971988,0.00039170295,0.0014230865
eexwzir,surprise,surprise,0.06487374,0.00355124,0.048367858,0.05192607,0.26919496,0.5620861
eexy2yd,joy,joy,0.0008125536,0.00020459198,0.0003896413,0.9966227,0.00040764175,0.0015628855
eey0ta7,anger,anger,0.78492624,0.086350694,0.0028910623,0.0040805563,0.10446587,0.017285632
eey1f41,joy,joy,0.0027839488,0.0002038778,0.00072420615,0.98946244,0.0035015831,0.0033239347
eey1xcn,joy,joy,0.0020321435,0.00025133105,0.00031263893,0.9955264,0.00052843674,0.0013490476
eey36m0,anger,anger,0.96852523,0.004619533,0.0010998743,0.0027588727,0.0061245197,0.016871968
eey3i5d,joy,joy,0.0010959938,0.0002483415,0.00074240065,0.99531245,0.00047305747,0.0021277945
eey3wm1,anger,anger,0.9391212,0.0026992783,0.0007283323,0.036651064,0.011083252,0.009716895
eey440s,sadness,anger,0.49728274,0.08173507,0.004682672,0.032905813,0.36993408,0.013459653
eey496u,joy,joy,0.00047428635,0.00017031057,0.00034911852,0.9972934,0.0003483986,0.001364532
eey4jpi,joy,joy,0.0010136495,0.000291987,0.0003447555,0.99706155,0.00032531624,0.00096272083
eey577y,joy,joy,0.0076678433,0.004428531,0.0061572585,0.65101063,0.00294586,0.3277898
eey579w,sadness,surprise,0.015322087,0.0013206034,0.001561142,0.0030356243,0.009288877,0.9694716
eey5gc2,joy,joy,0.0014868939,0.00019115723,0.00023681993,0.9953017,0.00041130948,0.0023721382
eey6053,joy,joy,0.0018984564,0.00021616997,0.0001901135,0.99611557,0.00071939215,0.00086020597
eey6cm0,joy,joy,0.00071927375,0.00017584788,0.00025416596,0.99537575,0.0010028855,0.0024720263
eey6obk,sadness,sadness,0.0035678707,0.0025310272,0.0038377692,0.006216623,0.97829753,0.005549131
eey9qv3,joy,joy,0.005306071,0.0006475146,0.00033548422,0.9916971,0.0005463311,0.0014675304
eeyc8jv,joy,joy,0.014623091,0.00087538996,0.0004714887,0.9629048,0.016595881,0.0045293677
eeycf6k,joy,joy,0.15484773,0.0019277931,0.0037688892,0.77454305,0.024066688,0.04084594
eeycihv,joy,anger,0.79546314,0.005039355,0.012775461,0.092199706,0.08501315,0.009509245
eeyda6m,joy,joy,0.00065164035,0.00031064195,0.00035888224,0.9976199,0.0003031379,0.00075575494
eeye9u5,sadness,anger,0.7292858,0.0050122454,0.008368674,0.109699324,0.12980887,0.017825074
eeyeavn,joy,surprise,0.056841545,0.0027346525,0.0026999975,0.2187461,0.0059025898,0.71307516
eeygrid,joy,joy,0.0006426652,0.00024989014,0.0003157013,0.9975375,0.00023139708,0.0010228385
eeygxt5,joy,joy,0.00094097736,0.00022133213,0.00025127546,0.99708766,0.0003127144,0.0011860728
eeyh41r,anger,joy,0.31491184,0.0035321796,0.004342532,0.4156899,0.10478908,0.15673448
eeyhcid,joy,anger,0.48854348,0.0056256643,0.0026632007,0.049107205,0.1115173,0.3425432
eeyhws2,anger,anger,0.9133995,0.0066366163,0.004186959,0.008376222,0.059758782,0.007641916
eeyibw0,joy,joy,0.0006772679,0.00033533474,0.0004283015,0.99526167,0.0002604326,0.0030370618
eeyj4bw,joy,joy,0.0027014313,0.00030421058,0.00282777,0.98971003,0.0012343893,0.0032221547
eeyj6tp,joy,joy,0.0008339362,0.00022221444,0.0003386054,0.9969105,0.00031760885,0.0013771659
eeyjfwu,surprise,surprise,0.0032011608,0.0010006343,0.0010638174,0.0060180137,0.0012994874,0.98741686
eeym93s,joy,joy,0.00068984705,0.00022090203,0.00046143102,0.9913025,0.000477872,0.006847505
eeymdv6,sadness,joy,0.007422204,0.001029825,0.002682835,0.75739014,0.20975854,0.021716433
eeymgef,anger,joy,0.16624565,0.0016239941,0.012595547,0.66014993,0.04120642,0.11817844
eeympky,joy,joy,0.0016532866,0.00050396,0.0007364054,0.9685154,0.0010181641,0.027572894
eeyn5fl,anger,anger,0.9526544,0.0025641103,0.00058747194,0.026993405,0.008409928,0.008790642
eeyngdh,disgust,anger,0.9020665,0.03416261,0.0026185308,0.037692264,0.009925759,0.013534288
eeynqjj,sadness,sadness,0.0026573944,0.0025197633,0.0034757336,0.005846034,0.98262966,0.0028713671
eeynzmp,joy,joy,0.0006789061,0.00023329332,0.00027957582,0.9977962,0.00039486866,0.00061713293
eeyoowk,joy,joy,0.00051293557,0.00022254647,0.00033695356,0.99708885,0.00032222443,0.0015165247
eeyp2zi,joy,joy,0.00058921904,0.0002710175,0.0005824294,0.996151,0.00047332415,0.0019330696
eeypghm,joy,joy,0.027574092,0.0015226669,0.00087678386,0.9599994,0.0028723166,0.007154802
eeypu32,joy,joy,0.00051948155,0.00019817398,0.00031422838,0.9977604,0.00029840565,0.0009093514
eeyq3lu,sadness,sadness,0.056031603,0.0026232894,0.005410542,0.26297337,0.631135,0.041826203
eeyqdl6,anger,anger,0.39452735,0.013595557,0.004826229,0.13464674,0.22870784,0.22369632
eeyqj4c,joy,joy,0.0031872457,0.00056440535,0.0010920517,0.991058,0.0010864802,0.0030117398
eeyqmlm,surprise,surprise,0.003039348,0.0012271154,0.0015260269,0.008276566,0.0012019769,0.984729
eeyr61o,joy,joy,0.0005268143,0.0002502831,0.00030006288,0.9977189,0.00025199362,0.0009519859
eeyrhkg,joy,joy,0.0005408127,0.00020785788,0.00028053793,0.9974654,0.00031570828,0.0011896397
eeyrq4a,joy,joy,0.00054906256,0.00019855786,0.00028212904,0.9976465,0.00032975702,0.0009938882
eeyrwtq,joy,joy,0.0005314519,0.00018468752,0.00026527676,0.99794835,0.0005139867,0.00055625156
eeystw3,joy,joy,0.00312148,0.00036757914,0.00040653828,0.98523027,0.0016681323,0.009206066
eeysvgp,joy,joy,0.0015522715,0.000394087,0.00031193762,0.9960603,0.00026885627,0.0014125273
eeytigc,joy,joy,0.0012993155,0.0002221181,0.00020292203,0.9966455,0.00088521035,0.00074485585
eeyuikk,joy,joy,0.0007885975,0.00028825414,0.00066469295,0.9782825,0.0019970487,0.017978968
eeyw0m9,joy,joy,0.0044123167,0.0010257644,0.0011337934,0.9731355,0.00859249,0.011700155
eeyx0k2,joy,joy,0.0007115548,0.00038664872,0.00043250603,0.9925654,0.00034408196,0.0055597806
eeyyi2z,surprise,anger,0.428286,0.007967408,0.010007063,0.24921091,0.021736937,0.28279176
eeyyzgx,joy,joy,0.0028914406,0.0002894038,0.00034497687,0.9927511,0.00051702186,0.0032060412
eeyza0p,anger,sadness,0.056438647,0.005291954,0.0030930005,0.014194645,0.89650315,0.024478612
eeyzvik,joy,joy,0.00088224094,0.00023516554,0.00028369922,0.9977451,0.00031538148,0.0005384138
eeyzweg,sadness,sadness,0.017437369,0.0030829357,0.0033801058,0.006370995,0.95993465,0.009793947
eez0mmw,joy,joy,0.013161876,0.0005666969,0.0006938626,0.9546815,0.0058768867,0.025019161
eez14bu,joy,joy,0.0014277454,0.00033138777,0.0031927947,0.98179984,0.006712619,0.00653552
eez15uk,joy,joy,0.0006845514,0.00018020834,0.00023924712,0.9977691,0.00034661166,0.0007802363
eez1yz1,joy,joy,0.0010609161,0.00053650566,0.0013220172,0.99575496,0.00031227584,0.0010133503
eez2i1x,surprise,surprise,0.0022758632,0.0012676414,0.0015870397,0.0015504473,0.0012478915,0.9920711
eez2x7i,joy,joy,0.00039232543,0.00018153897,0.000347162,0.9977254,0.00031419337,0.0010393165
eez3fpl,anger,anger,0.8130265,0.005450385,0.0012641437,0.014732232,0.012905111,0.15262163
eez4m03,joy,joy,0.0015657863,0.00024011114,0.00025368726,0.99508744,0.0003324308,0.0025204585
eez58cb,joy,joy,0.00056182354,0.00019350358,0.00029870155,0.99806994,0.00038269558,0.0004933075
eez5rv9,joy,joy,0.0006023986,0.00015820004,0.0002635497,0.997331,0.00038850424,0.0012563516
eez5v5p,surprise,surprise,0.015900241,0.0018540081,0.0011262932,0.0017726586,0.0014624607,0.97788435
eez7p8r,joy,joy,0.0010430163,0.0003532288,0.00039430894,0.99675447,0.0003270592,0.0011278879
eez8e8r,joy,joy,0.0011668707,0.00023991514,0.00026598512,0.9958305,0.0007158398,0.0017809132
eez8k7d,joy,joy,0.00072669034,0.00027893743,0.00031370722,0.9977476,0.00034518904,0.0005878741
eez8nxs,joy,joy,0.00236812,0.0003247381,0.00028485176,0.9956684,0.00055334455,0.0008004469
eez9o8v,sadness,sadness,0.0050170757,0.001849364,0.0018192638,0.008781367,0.97653973,0.0059932363
eez9qla,anger,joy,0.038302787,0.0021070933,0.0010213653,0.7665922,0.00896883,0.18300772
eezb2uh,sadness,joy,0.019872984,0.00065438816,0.0014894011,0.9366033,0.0060900124,0.03528996
eezboct,joy,joy,0.0023190673,0.0007082766,0.00072985975,0.9558115,0.0011367956,0.039294437
eezcel6,joy,joy,0.00052874535,0.00021328138,0.00044909652,0.9962513,0.00060361816,0.0019539741
eezci58,joy,joy,0.015403777,0.00074958877,0.00043373893,0.9603525,0.017606692,0.0054536243
eezdk5s,anger,anger,0.54920024,0.002877308,0.00396258,0.23228633,0.018457761,0.19321579
eezdxbs,joy,joy,0.00059432554,0.00028494926,0.0003115515,0.9974037,0.00031043807,0.0010949923
eezdydc,joy,joy,0.0027974087,0.00026589626,0.00044706409,0.99028987,0.0029684312,0.0032312914
eezeel0,surprise,surprise,0.002769527,0.0013243689,0.0011978473,0.002431867,0.0008781328,0.9913982
eezezsb,joy,joy,0.000536823,0.00020641969,0.00037319397,0.99783593,0.0002668509,0.00078077696
eezg0ig,sadness,sadness,0.0029059001,0.0018662369,0.00339693,0.0082345065,0.94146186,0.04213456
eezgysw,joy,sadness,0.01359409,0.0020379645,0.002945611,0.028196264,0.9182822,0.03494394
eezgzhu,joy,joy,0.0017860538,0.00025887636,0.00023149428,0.9961272,0.00042529966,0.0011711394
eezh3s6,joy,joy,0.0011108161,0.00034149323,0.00029660066,0.997285,0.00040294876,0.0005631418
eezi4ba,joy,joy,0.00055573625,0.0002473871,0.0003631299,0.9979609,0.0002877562,0.00058502186
eezjbs8,anger,anger,0.9236283,0.00837095,0.0012912825,0.003937256,0.027751172,0.035021003
eezjol3,anger,anger,0.97847193,0.0055471356,0.0023624604,0.0040489035,0.0042535663,0.0053159744
eezjoyn,joy,joy,0.0008324729,0.00020700606,0.0002485018,0.99747676,0.00078045385,0.00045482483
eezk8uu,joy,joy,0.0006275972,0.00017311328,0.00026486572,0.9971891,0.00037016583,0.0013750602
eezkqmm,surprise,surprise,0.0027249951,0.0010322306,0.0019299075,0.016177922,0.001420038,0.9767149
eezksmq,joy,surprise,0.05635498,0.0019962213,0.0015773418,0.056835137,0.017952248,0.86528397
eezkv3q,joy,joy,0.00058772316,0.00023627657,0.00029478574,0.9977197,0.00024592932,0.0009155425
eezn0j8,surprise,surprise,0.0026547888,0.0046654446,0.005621025,0.27088994,0.0026446432,0.71352416
eezn32t,anger,anger,0.85434896,0.029067922,0.0020777218,0.010327897,0.08913415,0.015043297
eeznly8,joy,joy,0.00058332575,0.0002076709,0.00030422708,0.99802893,0.00037430687,0.0005015081
eeznrgr,joy,surprise,0.12629966,0.0029048333,0.002133501,0.0219056,0.026409978,0.8203464
eezof7b,anger,anger,0.88065064,0.0067675156,0.0006421566,0.0743237,0.009739871,0.027876025
eezojir,anger,anger,0.9539461,0.0036055506,0.004894886,0.031250376,0.0020265342,0.004276419
eezoypj,joy,joy,0.0010874356,0.00033079702,0.0003639694,0.9965404,0.00035530434,0.0013221789
eezp9tg,joy,joy,0.07261598,0.00076893676,0.0018987666,0.88453454,0.0036348596,0.03654695
eezq59k,sadness,sadness,0.0013203635,0.0015837095,0.004118853,0.002762747,0.9879211,0.002293229
eezqhw8,surprise,surprise,0.015803399,0.0017807018,0.0014809563,0.0015238646,0.0018297401,0.9775814
eezr6bf,anger,anger,0.70154196,0.003921488,0.0026594738,0.091842175,0.09573701,0.10429791
eezrbd3,joy,joy,0.0009096583,0.00024625644,0.00032229832,0.9975781,0.00045988432,0.00048374129
eezsaqx,joy,joy,0.001100384,0.00031162673,0.000249401,0.99604934,0.00036566958,0.0019236346
eezu5ys,joy,joy,0.00051142054,0.00025786273,0.00040784714,0.99778926,0.0003036219,0.00072994316
eezumyg,joy,joy,0.0007348155,0.00020763773,0.00024395366,0.99770206,0.00050220115,0.0006093536
eezuofe,anger,anger,0.98004407,0.00733503,0.0016212149,0.0040591317,0.0030791669,0.0038612955
eezuxwn,anger,anger,0.9344808,0.0029138818,0.0034761766,0.014651059,0.03202321,0.0124548245
eezvncy,joy,joy,0.0009679626,0.00026147522,0.00030838145,0.9969311,0.00032599256,0.0012050121
eezvy6k,joy,joy,0.005772913,0.0009820997,0.0015582808,0.49883702,0.0035826394,0.48926705
eezw613,anger,anger,0.8826753,0.0074851904,0.0040176758,0.026638553,0.02736036,0.051823027
eezw8vq,joy,joy,0.0008298857,0.0002955195,0.00033300446,0.996223,0.00027929663,0.0020392586
eezwarw,joy,joy,0.01377239,0.0011438343,0.00080819137,0.9058845,0.001896637,0.076494455
eezwk3v,surprise,surprise,0.0026727223,0.0007864956,0.00090321666,0.006172775,0.0018207377,0.987644
eezwoq9,anger,anger,0.6343554,0.012787232,0.0018564941,0.003246605,0.014998178,0.33275613
eezx2qo,joy,joy,0.00069969107,0.00018801914,0.00025643987,0.9975695,0.00031412244,0.00097213563
eezyo7k,joy,joy,0.00052102184,0.0002477002,0.00035801128,0.99761295,0.000246008,0.0010143387
eezysgj,joy,joy,0.0007644246,0.00017746746,0.00045780963,0.99646926,0.0004894723,0.001641506
eezyw91,anger,anger,0.42059276,0.010161704,0.0053772777,0.07609128,0.371654,0.116123006
eezz1zn,joy,joy,0.0016551116,0.00019926231,0.0003663791,0.99451137,0.0016106752,0.0016571428
ef00szf,joy,joy,0.00046829035,0.00015741382,0.00030969625,0.9975343,0.0004934054,0.0010368516
ef014pu,joy,joy,0.005186745,0.00036947554,0.00044051377,0.97907686,0.0020115643,0.012914905
ef02qvs,joy,joy,0.0019918797,0.0018964978,0.0021564115,0.7313834,0.002265709,0.26030612
ef02r5k,joy,joy,0.0005823542,0.00027908772,0.00039159076,0.99791867,0.0003524485,0.00047589623
ef03wg6,joy,joy,0.00092001597,0.00023274362,0.00026217676,0.99717146,0.00026632423,0.0011473
ef0483u,anger,anger,0.96810687,0.017476792,0.001558436,0.0019445556,0.0064757722,0.004437607
ef049g3,joy,joy,0.00034856447,0.0001736108,0.000366368,0.9966864,0.0011036105,0.0013214019
ef057nf,joy,joy,0.0036319937,0.0006997891,0.00037870088,0.9923308,0.00056652946,0.002392248
ef077fx,surprise,surprise,0.0015319969,0.0012211693,0.0014336545,0.007419201,0.0013649968,0.98702884
ef07aip,joy,joy,0.00059701264,0.00019801647,0.00024627664,0.9977331,0.00051865546,0.00070690614
ef07gty,joy,joy,0.0010753274,0.0003478916,0.000557308,0.9949256,0.0004304775,0.0026633728
ef08jsr,joy,joy,0.0011114404,0.00036822556,0.00027252306,0.99720323,0.00045541395,0.00058919605
ef08ojl,surprise,surprise,0.011307099,0.0018946178,0.0020024953,0.47720897,0.017769417,0.4898174
ef09nw6,joy,joy,0.0008573941,0.00021880516,0.00026240948,0.9976968,0.000278349,0.00068617665
ef09ymh,surprise,surprise,0.0027373524,0.0015951257,0.0053783436,0.004903945,0.0047783935,0.98060673
ef0a47q,anger,anger,0.340041,0.011251138,0.0075427294,0.2919458,0.15640314,0.1928161
ef0abcc,sadness,sadness,0.0016380115,0.0012888499,0.0023623079,0.0027677766,0.9880453,0.0038978588
ef0b7uf,joy,joy,0.0013000866,0.00035823914,0.0005542845,0.98972464,0.0008614915,0.0072012544
ef0c1q6,joy,joy,0.00068554445,0.00029866875,0.00036475807,0.9967829,0.0002578047,0.0016102301
ef0cl2h,joy,joy,0.00048312265,0.00018399095,0.00034696175,0.9977168,0.00027663785,0.0009924792
ef0eu0n,joy,surprise,0.0023318797,0.0012545068,0.0020037221,0.0043692943,0.0011960871,0.98884445
ef0evbq,surprise,surprise,0.0020230308,0.0012395189,0.0016160663,0.0015193676,0.0012244128,0.99237764
ef0gag3,joy,joy,0.0005829074,0.0002595106,0.00032990726,0.99775934,0.00040775075,0.0006604699
ef0hlvi,joy,joy,0.0013795719,0.0007993039,0.00096638734,0.9938632,0.0022182101,0.0007733289
ef0hr5d,joy,joy,0.0030595153,0.00033843933,0.00037998162,0.97742903,0.0012622246,0.017530771
ef0iuej,joy,joy,0.003065711,0.00074115105,0.0005680015,0.9929276,0.00066286104,0.0020347026
ef0j03e,anger,fear,0.018881725,0.045318294,0.90550643,0.0028960814,0.017038923,0.01035852
ef0js35,sadness,anger,0.96422863,0.0043525067,0.0014461118,0.00723268,0.013484819,0.0092553
ef0jtsf,surprise,anger,0.46276808,0.05457266,0.0065174834,0.022484459,0.066394664,0.38726267
ef0kyoo,joy,joy,0.0017724549,0.0002513596,0.00020245872,0.9951251,0.0007548196,0.001893807
ef0lc7t,joy,joy,0.0013739754,0.00023225218,0.0006149289,0.99417615,0.0013648852,0.002237798
ef0m6zi,anger,anger,0.97392017,0.003051653,0.0027550277,0.0063916054,0.008033719,0.005847883
ef0o7j9,surprise,surprise,0.009424805,0.002050551,0.0014394101,0.019930039,0.0009352517,0.9662199
ef0r7t3,anger,sadness,0.029247236,0.011565525,0.016738748,0.013588016,0.8670187,0.061841797
ef0sowh,anger,joy,0.178388,0.0024753197,0.001694136,0.660964,0.013025946,0.1434526
ef0tm2e,joy,anger,0.36887985,0.0044863205,0.003099058,0.34019315,0.024137562,0.2592041
ef0uk1o,joy,joy,0.0004001475,0.0001801161,0.0005040475,0.9940878,0.00094860495,0.0038792188
ef0uux1,joy,joy,0.009167973,0.0005914774,0.0003787602,0.9857614,0.0019898918,0.0021104924
ef0vpau,surprise,surprise,0.005204781,0.00086219865,0.0017926081,0.021994926,0.0023359135,0.9678095
ef0wg5x,joy,joy,0.00035401748,0.00016679456,0.0005051407,0.99764425,0.000598896,0.0007308616
ef0wqlz,surprise,surprise,0.0016622456,0.0012449133,0.0012270466,0.0028818925,0.00091751444,0.9920664
ef0wu4x,surprise,surprise,0.035111062,0.0013521882,0.0013218113,0.009856489,0.0026960536,0.9496624
ef0xb1c,surprise,surprise,0.01073077,0.0017915148,0.0009500655,0.0028830045,0.0023952539,0.9812494
ef0z6q5,joy,surprise,0.02806464,0.005939293,0.0017791169,0.35703602,0.00526629,0.60191464
ef0z91i,anger,anger,0.9617509,0.006085163,0.0010152173,0.00328041,0.016167983,0.011700261
ef0znpe,joy,joy,0.0012888566,0.00053149316,0.0009884975,0.98977065,0.00057105976,0.0068494733
ef0zs2h,disgust,disgust,0.047092643,0.911186,0.009555109,0.008461419,0.016919242,0.0067856195
ef1034r,anger,anger,0.9764845,0.0055899946,0.00078441517,0.005192293,0.007601899,0.00434691
ef10f3j,joy,joy,0.00046710664,0.00017742247,0.0002973535,0.997973,0.00054858683,0.00053651904
ef10won,fear,fear,0.006718225,0.0050131674,0.9484848,0.013642238,0.00799922,0.01814246
ef11fni,surprise,sadness,0.053263478,0.0026233534,0.025481585,0.3885068,0.44884506,0.08127976
ef12vos,joy,joy,0.0011527517,0.00035823707,0.0007250173,0.990615,0.00054627575,0.0066026794
ef133ft,surprise,surprise,0.1257419,0.005145337,0.0041913516,0.03917139,0.0700011,0.7557489
ef13v3s,anger,anger,0.525187,0.002162152,0.0031272604,0.41174224,0.03249237,0.025288925
ef145n0,joy,joy,0.006548308,0.0011753632,0.0004648674,0.9898571,0.00056799053,0.0013864551
ef15hrv,anger,anger,0.75701433,0.023593329,0.0029917688,0.022915544,0.032274786,0.16121027
ef16rr9,joy,surprise,0.0038151653,0.0022155184,0.0042663673,0.17138875,0.0019270532,0.81638724
ef17iya,joy,joy,0.0005204795,0.00023005449,0.00039264798,0.99766904,0.00024813382,0.0009396621
ef1b5sp,joy,joy,0.0011170772,0.0002030993,0.0005070382,0.9935003,0.00069708086,0.003975354
ef1cmxp,joy,joy,0.00092100387,0.00025501862,0.0003403197,0.993911,0.00045297272,0.0041195736
ef1cuan,surprise,surprise,0.001509397,0.0016662327,0.0016506303,0.002842279,0.0008130089,0.99151844
ef1f86n,joy,joy,0.00077362556,0.0002986567,0.0003375862,0.99475044,0.0002942273,0.003545451
ef1gdya,sadness,sadness,0.011906678,0.0031990982,0.0022799324,0.019330343,0.95446426,0.008819665
ef1gptk,joy,joy,0.01558449,0.0009677616,0.0013300425,0.899001,0.013955219,0.069161445
ef1gvfa,joy,joy,0.0029677558,0.00017235106,0.00021282029,0.9949568,0.0006734175,0.0010167604
ef1h372,joy,joy,0.0005561092,0.00027389615,0.0003640949,0.9979061,0.00036705466,0.00053282053
ef1hore,disgust,anger,0.85492206,0.07724029,0.0024806345,0.010348321,0.051210493,0.0037983109
ef1jh4d,joy,joy,0.00057870516,0.00020617462,0.00026966332,0.9977164,0.000445189,0.0007838757
ef1k0ws,joy,joy,0.013699784,0.0011681939,0.018830774,0.88719714,0.008293853,0.07081023
ef1kfis,joy,joy,0.0004887552,0.00016730698,0.0002944124,0.9975828,0.00071278086,0.0007539294
ef1kxxx,surprise,surprise,0.008229463,0.0015227008,0.0018314304,0.0014706453,0.0020618709,0.9848839
ef1lw6h,sadness,sadness,0.1764484,0.0075942473,0.005218218,0.013505622,0.7723748,0.024858678
ef1mkdb,sadness,sadness,0.0066747353,0.0034235378,0.01151141,0.0053193304,0.85843587,0.114635184
ef1phtw,joy,joy,0.00072308176,0.00017645578,0.00026020245,0.9972102,0.0009564233,0.0006736598
ef1pw0u,joy,joy,0.0037800914,0.0004623942,0.010682905,0.9768981,0.0025324768,0.00564409
ef1qbhg,joy,joy,0.0007216057,0.00019834563,0.00042749825,0.99541664,0.00028447842,0.0029515012
ef1qrb1,surprise,joy,0.0021904367,0.000284606,0.0012498362,0.99144053,0.00053705386,0.004297568
ef1r7bj,surprise,surprise,0.022021402,0.0013814451,0.0008974296,0.006180264,0.0033827594,0.96613663
ef1rjyg,sadness,sadness,0.0059444425,0.0018509884,0.0029527175,0.01855228,0.93527067,0.0354289
ef1s50b,joy,joy,0.00050178607,0.00021499144,0.00026484075,0.9979494,0.00041631554,0.0006526713
ef1sdeo,joy,joy,0.00090882956,0.0003147761,0.00034033085,0.9974722,0.00036878025,0.0005949513
ef1u0th,joy,joy,0.00075342343,0.00015100195,0.0003596576,0.9964652,0.0006077885,0.0016628997
ef1ui9s,sadness,fear,0.010622077,0.011986878,0.5178661,0.0033000046,0.44432572,0.011899151
ef1wcez,joy,joy,0.0009912759,0.00021080358,0.00031536515,0.9975916,0.0003095788,0.00058129756
ef209er,joy,joy,0.00058692717,0.0002603195,0.00030959584,0.9975751,0.00041532738,0.00085273304
ef20hnt,joy,joy,0.00065284077,0.00022890307,0.00040390808,0.997801,0.00031832367,0.0005950671
ef20jim,joy,joy,0.0009404477,0.00020867221,0.00031024034,0.9966438,0.0011900102,0.00070686877
ef2153j,joy,surprise,0.069146775,0.0029602416,0.002926576,0.34284538,0.028783858,0.5533372
ef21qdr,joy,joy,0.00047093272,0.0003014675,0.00051420036,0.99283534,0.00041114356,0.0054669385
ef21tmj,joy,joy,0.00080161914,0.0002886283,0.00033907747,0.99766695,0.00033896626,0.00056477386
ef23y94,joy,joy,0.0010409144,0.00018558005,0.00027723773,0.9973928,0.00039290218,0.00071054
ef24kzu,joy,surprise,0.08754809,0.0028265826,0.001289387,0.007835432,0.0061112875,0.89438915
ef25a1l,joy,joy,0.010260474,0.0004173125,0.0009443363,0.95823973,0.013312669,0.016825419
ef25gch,joy,joy,0.0009004799,0.00019761715,0.0002024413,0.997428,0.00051917427,0.0007522626
ef2611y,joy,joy,0.0008757642,0.00025872065,0.00044918148,0.99544334,0.00025383054,0.0027191658
ef26ez7,joy,joy,0.0008338157,0.00019694817,0.0002898904,0.9960205,0.00028342122,0.0023754353
ef26hww,joy,joy,0.035112187,0.0017538914,0.0005633685,0.9366751,0.002751659,0.023143774
ef27fji,anger,anger,0.9732218,0.006039532,0.0017199916,0.004957167,0.008305795,0.0057557914
ef27sno,sadness,sadness,0.0028009475,0.0024081403,0.0068293395,0.0068860766,0.97443783,0.0066378107
ef282hb,joy,joy,0.0027905079,0.000861433,0.002861321,0.8616837,0.12636189,0.005441061
ef284g2,joy,joy,0.00071000936,0.00015294502,0.00022220731,0.99544877,0.0008962217,0.0025699218
ef28b6o,joy,joy,0.0005550155,0.00026897088,0.0003385056,0.99702305,0.00027120044,0.0015432308
ef28hya,joy,joy,0.00059202244,0.00016374589,0.00028512478,0.99703157,0.000892565,0.0010348922
ef2akh5,anger,anger,0.42187393,0.006644263,0.012084355,0.38833123,0.086921945,0.084144264
ef2bgwu,joy,joy,0.000496904,0.0002168092,0.00045216622,0.99752074,0.0008289058,0.00048443364
ef2bola,anger,anger,0.4745927,0.0044803875,0.0019483671,0.43921027,0.03937413,0.04039423
ef2d219,joy,joy,0.0003273444,0.00020188715,0.0004577254,0.997207,0.00040748692,0.001398548
ef2dt6i,surprise,surprise,0.0022489943,0.0008924012,0.0016982962,0.004707439,0.0027517597,0.9877011
ef2es5y,surprise,surprise,0.010543265,0.0023077184,0.002199382,0.0062172823,0.0041008224,0.97463155
ef2ez6g,surprise,surprise,0.002052411,0.0013350002,0.001102569,0.0018069642,0.0008144047,0.99288875
ef2f6zz,joy,joy,0.0006034047,0.00022939689,0.00032651043,0.9977875,0.0002474123,0.0008057536
ef2fmj1,joy,joy,0.0032507149,0.00041377437,0.00079985725,0.99072874,0.0026889618,0.002118075
ef2g8aw,joy,joy,0.010144872,0.00062405266,0.00075752335,0.9783724,0.0017343105,0.008366758
ef2hixl,joy,surprise,0.011504028,0.0014168418,0.0011068638,0.003007187,0.0021467104,0.9808184
ef2hthv,anger,anger,0.78354496,0.011717651,0.0034239194,0.0065178913,0.18354467,0.01125092
ef2jnw9,joy,joy,0.0006484635,0.00018891864,0.00049448916,0.9892,0.0017227029,0.0077454345
ef2k992,joy,surprise,0.0033349113,0.0017753781,0.0016932918,0.41247892,0.0026300268,0.5780875
ef2km4b,surprise,surprise,0.0019108292,0.0013909317,0.0015953049,0.015823523,0.0010099841,0.97826946
ef2kmb5,joy,joy,0.17655475,0.0015558664,0.002051415,0.7888899,0.01788713,0.01306099
ef2m7th,joy,joy,0.014946015,0.00038795304,0.0002894088,0.9792063,0.00109635,0.004073926
ef2q8cx,joy,joy,0.31345227,0.0076661315,0.0015404393,0.52377784,0.00412812,0.14943525
ef2qo4t,anger,anger,0.8401373,0.08797689,0.0032480715,0.009692878,0.049399994,0.009544948
ef2qz7p,joy,joy,0.000639289,0.0002000306,0.00043760092,0.99744177,0.00066586473,0.00061540946
ef2rlzm,joy,joy,0.0008830585,0.00027694774,0.00048527194,0.99057955,0.00070975575,0.0070654047
ef2rut6,anger,anger,0.97124755,0.0034374835,0.00085047336,0.01448775,0.0076474505,0.002329274
ef2t1j9,surprise,surprise,0.009026611,0.002426849,0.0043581333,0.0045794486,0.0020308346,0.97757816
ef2u519,surprise,surprise,0.0020595214,0.0014178234,0.0011491678,0.0029893029,0.0015266279,0.99085766
ef2xue2,fear,fear,0.031040475,0.039664075,0.8946525,0.00320636,0.016763495,0.014673118
ef2ymse,sadness,fear,0.017387494,0.004144517,0.90834904,0.025951771,0.026691116,0.017476104
ef2zp4b,joy,joy,0.0010466571,0.00030805796,0.00029621378,0.99542385,0.0002734012,0.0026518267
ef306xt,anger,anger,0.71000355,0.0066322526,0.002835639,0.17352001,0.045235924,0.061772607
ef30joe,joy,joy,0.004610416,0.0005609859,0.00043838375,0.98296654,0.000852166,0.010571449
ef30mud,anger,anger,0.5976987,0.31524357,0.0057139182,0.009355658,0.058429793,0.013558376
ef32h9o,joy,joy,0.0015581,0.0003045182,0.00062336365,0.9902518,0.0015981845,0.0056640618
ef33opm,joy,anger,0.5647948,0.0026311502,0.0027203264,0.26076993,0.11705087,0.05203282
ef33w8v,joy,joy,0.0007659585,0.00019971743,0.00036020964,0.99772245,0.00045591884,0.00049576134
ef354sl,joy,sadness,0.029897459,0.0076110642,0.017970443,0.010134734,0.92007065,0.014315586
ef35idz,anger,surprise,0.2215234,0.007427502,0.007870342,0.0076245633,0.0073575447,0.7481967
ef35thg,joy,surprise,0.0038047235,0.0016316968,0.008390025,0.02360408,0.0064509995,0.9561185
ef36cfx,joy,joy,0.0014347725,0.00017457084,0.00026460888,0.9945116,0.00052618486,0.0030883267
ef378zm,sadness,surprise,0.2892678,0.0050732503,0.004616966,0.14603862,0.2226979,0.33230555
ef37b0y,joy,joy,0.0005097076,0.00022369664,0.00028055225,0.99795204,0.0003669865,0.000667007
ef37id3,anger,anger,0.8689286,0.012672025,0.001600045,0.010232961,0.09099357,0.01557277
ef39ydq,anger,anger,0.9642396,0.004195178,0.00064739346,0.0064109988,0.004377347,0.020129455
ef3b7e6,joy,joy,0.0057675606,0.001458009,0.0065753073,0.6723057,0.3048398,0.009053654
ef3b8ym,joy,joy,0.05860187,0.0015093706,0.0004917244,0.932843,0.003795672,0.0027582517
ef3d3hj,anger,sadness,0.39647108,0.03950835,0.00223068,0.014325013,0.52948827,0.017976645
ef3dc1f,joy,joy,0.00055495574,0.00030506082,0.00042981879,0.9974511,0.00033360007,0.0009253497
ef3dqsy,joy,joy,0.0013681789,0.0002411789,0.00044609042,0.99515545,0.0005839342,0.002205155
ef3g90a,joy,joy,0.001545039,0.0003626174,0.00037989728,0.9958171,0.00043963827,0.0014556558
ef3gjzp,anger,anger,0.8574035,0.017218454,0.0014926475,0.004658864,0.008341109,0.110885374
ef3hm3f,joy,joy,0.000653346,0.00027992044,0.0003633657,0.9977769,0.0002350903,0.0006913422
ef3iiv6,joy,joy,0.068817265,0.002859935,0.0030853015,0.53591424,0.05532029,0.33400288
ef3j8lc,joy,joy,0.00069431314,0.00025520995,0.00037145798,0.9975666,0.000713763,0.0003986926
ef3khri,anger,anger,0.9778938,0.009599285,0.0019952485,0.0023400313,0.0046525807,0.003518969
ef3l7ed,joy,joy,0.0008345683,0.00019725718,0.00022034105,0.99765944,0.00042053187,0.0006678033
ef3mpxt,joy,sadness,0.1813342,0.012511772,0.007268567,0.044310287,0.5007072,0.25386798
ef3nqpa,anger,joy,0.0066810865,0.0004887264,0.0004610336,0.97874445,0.0087623615,0.0048623555
ef3pbty,joy,sadness,0.029729357,0.002227179,0.004038911,0.020393224,0.9164298,0.027181571
ef3rtt6,joy,joy,0.0005619122,0.00018892836,0.00027097526,0.9975909,0.00039986675,0.0009874086
ef3sbhn,joy,joy,0.00048979925,0.00021885391,0.0003602075,0.9973169,0.00024437165,0.0013698657
ef3sg99,joy,joy,0.0004931675,0.00019792853,0.00036756397,0.9980426,0.00037762753,0.0005212156
ef3u2v9,sadness,sadness,0.0018076764,0.0017334291,0.0016131839,0.0027692183,0.9894728,0.0026037828
ef3uof8,anger,anger,0.85620224,0.10166397,0.020220565,0.0074286577,0.010669275,0.0038153285
ef3wzqr,joy,joy,0.0006585982,0.00026871162,0.00025436885,0.99777335,0.00028514434,0.0007598148
ef3xkza,anger,joy,0.10312566,0.0013286705,0.0012688229,0.8622674,0.0061592534,0.025850246
ef3yb26,anger,joy,0.02868761,0.0016385975,0.0007151672,0.91138005,0.003460386,0.054118175
ef3zrfo,surprise,anger,0.6284688,0.031576436,0.0038505446,0.015468081,0.018496417,0.3021398
ef43ifs,sadness,sadness,0.028306562,0.003124468,0.018365828,0.0062336987,0.8661599,0.077809505
ef43ust,joy,joy,0.0006856841,0.00019585674,0.0002727221,0.9977412,0.00038058718,0.000723885
ef44go8,anger,anger,0.9741047,0.0069233966,0.0006105568,0.0104390625,0.0028539123,0.0050683287
ef45keg,anger,anger,0.39927796,0.009039641,0.02131455,0.03580554,0.3279291,0.20663321
ef464wm,joy,joy,0.0005938781,0.00033824923,0.00047136407,0.99538666,0.00027917692,0.0029306707
ef46end,joy,joy,0.0024460524,0.0002450561,0.00021816327,0.9941052,0.0013278332,0.001657682
ef46usj,sadness,sadness,0.0079444125,0.0025045546,0.0011525638,0.036142886,0.94661546,0.005640084
ef4723o,joy,joy,0.00052334514,0.00017144864,0.00052307494,0.99696404,0.0005042673,0.0013137949
ef4756f,joy,joy,0.0004600129,0.00019352161,0.00031741583,0.99788505,0.0002955192,0.00084847
ef47apj,anger,anger,0.8581568,0.0038892585,0.0049501364,0.016755885,0.023611626,0.0926363
ef47exg,joy,joy,0.00065907947,0.00020749004,0.00027947454,0.9977315,0.0003813728,0.0007409937
ef47otl,surprise,surprise,0.15640701,0.0074293287,0.008425407,0.0030123491,0.030405436,0.7943204
ef47w00,joy,anger,0.8364502,0.00344499,0.0016256226,0.12528792,0.006373833,0.0268174
ef49beq,joy,joy,0.0004402553,0.00020370823,0.00028991126,0.9978911,0.00039959955,0.0007754629
ef4aesn,sadness,anger,0.63543147,0.03489247,0.046933558,0.058108997,0.20775543,0.016878052
ef4ah8s,anger,anger,0.97094506,0.004714261,0.0009280036,0.007399812,0.008687457,0.007325423
ef4axy0,joy,joy,0.0010626402,0.0005208273,0.000728494,0.98309004,0.0019474205,0.012650513
ef4bsbj,joy,joy,0.0007140176,0.00028002306,0.00039647406,0.9959919,0.0020199006,0.00059771904
ef4d9tk,joy,joy,0.00058521,0.00023612376,0.00027316384,0.9965725,0.00032007557,0.0020128924
ef4dm6l,anger,joy,0.06382073,0.0010734187,0.00059148687,0.9198594,0.004485998,0.010168945
ef4eqnj,joy,joy,0.00084544934,0.00021897249,0.0002901526,0.99765366,0.00040129587,0.0005904642
ef4h6p5,joy,joy,0.0025947753,0.00066251704,0.0012427318,0.9522093,0.005346361,0.037944358
ef4jbaj,joy,joy,0.003302401,0.0004261368,0.0015499061,0.94896823,0.020945035,0.024808254
ef4jch9,joy,joy,0.00067001564,0.00017286194,0.00026229233,0.9954555,0.0004908348,0.0029484343
ef4ji6h,surprise,surprise,0.0018312492,0.0015251624,0.0009841601,0.0019782276,0.0008764926,0.9928047
ef4jshg,joy,joy,0.0007091243,0.0002653696,0.00043520879,0.9935819,0.0003257829,0.0046826294
ef4k4m2,fear,joy,0.08342792,0.0029004575,0.018973304,0.703287,0.09914768,0.092263654
ef4k6on,joy,joy,0.0036288002,0.00023820969,0.00023201463,0.99190325,0.001334207,0.0026634778
ef4kgxw,joy,joy,0.0005299296,0.00016653663,0.00031228986,0.99739057,0.0009655251,0.000635167
ef4ktv1,surprise,surprise,0.0044131405,0.00096713356,0.0007342658,0.0062987637,0.0016724224,0.98591423
ef4lyyq,joy,joy,0.0013984774,0.00018567593,0.00022534061,0.9959031,0.00047384063,0.0018136195
ef4mktw,sadness,sadness,0.005019089,0.0020106507,0.0021533507,0.0029857238,0.9806968,0.0071344078
ef4n0st,joy,joy,0.0047666957,0.00029855614,0.0006830034,0.98720956,0.00276559,0.004276571
ef4n85u,joy,joy,0.0018350305,0.0004928714,0.0024720614,0.9264959,0.0020289004,0.06667517
ef4nkye,disgust,disgust,0.048031915,0.6073089,0.107150525,0.002952626,0.2206345,0.013921459
ef4oob8,joy,joy,0.017713822,0.0049130693,0.0030641216,0.8417617,0.0057164263,0.12683088
ef4p8vx,joy,joy,0.0048534484,0.00091016426,0.00076661864,0.9725582,0.0014479422,0.01946367
ef4pl3m,surprise,surprise,0.0019739885,0.0014224102,0.0012639341,0.0045842323,0.0012144573,0.989541
ef4pyn8,fear,fear,0.003070676,0.006053544,0.9764752,0.002488975,0.0064064665,0.005505201
ef4r44w,joy,joy,0.0009780938,0.00022212631,0.0004693064,0.99551964,0.0011757801,0.0016349985
ef4r56x,joy,joy,0.00037287257,0.0001924534,0.0003557303,0.9969195,0.00065420894,0.0015052545
ef4rb72,surprise,surprise,0.065641,0.001974649,0.029301908,0.35933372,0.111318424,0.4324303
ef4rggn,fear,fear,0.019589791,0.005308326,0.91792196,0.015678825,0.011002627,0.030498464
ef4sd3g,joy,surprise,0.0019517988,0.0017821891,0.002318011,0.079798214,0.0016146159,0.91253525
ef4sg7c,anger,anger,0.8929358,0.006920994,0.007679473,0.03170931,0.045466527,0.015287901
ef4spux,sadness,sadness,0.032773573,0.007983448,0.011224707,0.046219617,0.8096366,0.09216205
ef4sy8c,anger,anger,0.5906338,0.003337216,0.0048109037,0.11418587,0.09411638,0.19291583
ef4tbhc,joy,joy,0.0004509575,0.00024886834,0.0004163716,0.99753714,0.000242672,0.0011040565
ef4tlin,joy,joy,0.00065566046,0.00032283575,0.00038023712,0.9971662,0.00027282708,0.0012021863
ef4tqi4,joy,joy,0.21229726,0.005109422,0.0065070395,0.36469892,0.14368366,0.26770368
ef4trch,joy,sadness,0.008658825,0.00181465,0.0022905811,0.40987858,0.5657774,0.011579912
ef4ulyl,joy,joy,0.00039222965,0.0002955573,0.0006024377,0.99678576,0.00062863214,0.0012954514
ef4uq4t,fear,fear,0.0014328146,0.005555986,0.97723836,0.0027480188,0.007682503,0.00534235
ef4vane,surprise,surprise,0.0038188936,0.0010952343,0.0012925097,0.003488239,0.0017355304,0.98856956
ef4ws0w,surprise,joy,0.0075821527,0.002120188,0.035706397,0.7154984,0.22618243,0.012910538
ef4xpv8,anger,anger,0.9669513,0.0055873306,0.0013392034,0.0033637222,0.0046202955,0.018138122
ef4xtwd,joy,joy,0.02878011,0.002107139,0.002770061,0.4772271,0.014544877,0.4745707
ef4yac2,joy,joy,0.0007234851,0.0007301392,0.0015640309,0.98613936,0.00089775684,0.009945165
ef4ydqe,joy,joy,0.0019052592,0.00060687325,0.00061357324,0.98955184,0.0007811477,0.006541243
ef4yir7,joy,joy,0.0005156583,0.00015863424,0.00030106938,0.9934371,0.0007194852,0.0048680026
ef50zaj,joy,surprise,0.0022361975,0.0008228159,0.0012265851,0.012537139,0.002051918,0.98112535
ef51agj,anger,anger,0.9280063,0.0041087056,0.0007802342,0.012271255,0.042147662,0.012685793
ef51yc8,surprise,surprise,0.08519055,0.004230549,0.00092665385,0.0034473215,0.0029075586,0.9032973
ef535zc,joy,joy,0.00070588273,0.00013811876,0.00023781719,0.9967924,0.00048612407,0.0016396786
ef54tnr,joy,joy,0.0026704897,0.00063769857,0.0010718439,0.9441524,0.0019578782,0.049509704
ef56vi1,disgust,anger,0.5505691,0.30424863,0.004671519,0.01094871,0.102102004,0.027459983
ef56vpe,joy,anger,0.47062626,0.0042671203,0.0017558334,0.2800294,0.028822629,0.2144987
ef56wu2,joy,joy,0.00057246414,0.00021914311,0.00027791856,0.9976544,0.00028000033,0.0009961127
ef57a6m,sadness,sadness,0.010865342,0.003537116,0.003511917,0.008150288,0.96817636,0.00575909
ef57uwb,joy,joy,0.00045977702,0.00019356965,0.00031971265,0.9974952,0.00029994207,0.0012318355
ef5819c,anger,anger,0.9600394,0.02844951,0.0012240547,0.0029436836,0.003746202,0.0035971717
ef59p5c,anger,anger,0.97935075,0.005262272,0.00089263933,0.0071782894,0.002991563,0.0043245167
ef5abzn,joy,joy,0.00067392853,0.0002482995,0.00030698522,0.9978849,0.0003017222,0.000584191
ef5ahtp,joy,joy,0.00038462188,0.00018780977,0.00037196212,0.99783176,0.00036056602,0.00086318486
ef5ao5h,joy,joy,0.00561813,0.00032384583,0.00037807075,0.9903037,0.00089120184,0.0024851135
ef5bbzn,joy,joy,0.0007809542,0.0003004333,0.0003814608,0.9975387,0.00029320744,0.0007052041
ef5bqzb,joy,joy,0.012027875,0.00081862265,0.002214897,0.96859187,0.003264522,0.013082214
ef5c9sy,surprise,anger,0.24171692,0.20898551,0.014496615,0.24123736,0.120954834,0.17260887
ef5cpop,joy,joy,0.0007795803,0.00032509613,0.00033502706,0.99733293,0.00025330394,0.0009740652
ef5dd2h,joy,joy,0.00056290964,0.00013892993,0.00030641124,0.99654454,0.0006642169,0.0017829441
ef5ey4w,joy,joy,0.03538142,0.0011448256,0.002412382,0.83734924,0.034464385,0.089247845
ef5fgdr,anger,joy,0.004167677,0.0004223288,0.00041227788,0.99049896,0.00091660046,0.003582117
ef5g5jk,joy,joy,0.014270012,0.002310835,0.001926742,0.8691998,0.0029578165,0.10933483
ef5gv6o,joy,joy,0.00075938227,0.00022606767,0.0010356954,0.9935284,0.0034742276,0.0009761408
ef5is4i,surprise,surprise,0.07318439,0.001927921,0.001073606,0.018054716,0.005421342,0.90033793
ef5jahi,joy,joy,0.0072268923,0.0004568922,0.000254064,0.98974305,0.00084890245,0.0014701624
ef5kdg9,sadness,sadness,0.015096946,0.0029701476,0.002659613,0.027895827,0.94175,0.00962752
ef5kfio,joy,surprise,0.0050717643,0.0014272318,0.0072419387,0.13110061,0.035849787,0.81930864
ef5kgpl,joy,joy,0.00038138957,0.00026073083,0.00041152578,0.99689364,0.00028197368,0.0017706739
ef5lozm,surprise,surprise,0.010821971,0.0015385925,0.0026583262,0.00431738,0.012370616,0.96829313
ef5n3c6,surprise,surprise,0.0017410306,0.0012274683,0.00087303563,0.0103665525,0.0013151322,0.98447686
ef5ncrw,joy,joy,0.0005409041,0.00022022631,0.00027246732,0.9978848,0.00049959513,0.00058199576
ef5nqvj,sadness,sadness,0.029835878,0.0029132515,0.008306683,0.2704008,0.37843287,0.3101105
ef5pc2m,joy,joy,0.0028862655,0.00030341165,0.0004965774,0.98401755,0.0013635736,0.010932574
ef5pprf,joy,joy,0.0012250101,0.00042744295,0.00031609822,0.99689037,0.00029900364,0.0008420725
ef5pt97,joy,joy,0.007200362,0.0019667218,0.0014311555,0.9502662,0.002757588,0.036377937
ef5qdea,anger,anger,0.58854854,0.0059154434,0.0030858389,0.3605297,0.01683355,0.02508695
ef5qh5m,anger,anger,0.95932466,0.0027740095,0.001174053,0.011292605,0.003794531,0.021640223
ef5qsl0,joy,joy,0.00043722382,0.00014849089,0.00032113362,0.9977539,0.00045407843,0.00088516006
ef5sg6s,joy,joy,0.12895586,0.0028228622,0.0008808964,0.8356251,0.02489599,0.006819292
ef5sgbb,joy,joy,0.002309169,0.00034247432,0.00029860047,0.9957247,0.00035006145,0.00097493525
ef5trpf,joy,joy,0.00046697407,0.00017014258,0.0002870999,0.99798334,0.00038049338,0.000711864
ef5uh6q,joy,joy,0.0044674426,0.000833668,0.0026391514,0.9551281,0.0026008273,0.03433089
ef5v60c,joy,joy,0.0047992207,0.00062357634,0.0003822758,0.9815025,0.008800124,0.0038923465
ef5vr19,anger,anger,0.931065,0.0063548847,0.0026975824,0.03349479,0.017332444,0.00905533
ef5wqst,joy,joy,0.22321522,0.0038794666,0.0021885494,0.74682146,0.0063279904,0.017567337
ef5wsqt,disgust,disgust,0.19139016,0.7221757,0.01693838,0.009852805,0.036844123,0.02279882
ef5x10d,joy,joy,0.00064043695,0.00027807892,0.00029978997,0.99733067,0.00023081951,0.0012201343
ef5y4b0,surprise,joy,0.0042925766,0.001133889,0.0030447727,0.63709617,0.0032777325,0.3511549
ef5yfhb,anger,anger,0.80482346,0.010299165,0.0018496326,0.008952504,0.16074064,0.013334557
ef5yidy,joy,joy,0.00038709684,0.00020042904,0.0004107089,0.9975042,0.00032971692,0.0011678861
ef5zp0s,joy,joy,0.0005981077,0.0001616003,0.00037352776,0.99763227,0.00047615642,0.00075826695
ef5zqnw,sadness,sadness,0.007950631,0.0026778625,0.0033051989,0.010499434,0.9603367,0.015230262
ef60240,joy,joy,0.00094908266,0.0003122945,0.00042509995,0.997352,0.0004735104,0.00048795133
ef603ev,joy,anger,0.8616126,0.006660141,0.0030934718,0.022796847,0.047290232,0.0585466
ef615f2,anger,anger,0.8843594,0.039276496,0.0047184904,0.014251795,0.048960704,0.008433074
ef61e7r,anger,anger,0.8540884,0.020234717,0.0044718757,0.0046278946,0.11022725,0.006349858
ef633o6,anger,disgust,0.27007383,0.6708005,0.012888953,0.013648851,0.02356696,0.009020911
ef63d3k,joy,joy,0.00197426,0.00018502273,0.00021633989,0.99599576,0.0007858342,0.0008427269
ef63mmb,joy,joy,0.0011702419,0.0003160809,0.00033908652,0.9955189,0.0005446816,0.0021109008
ef6588e,joy,joy,0.0012456505,0.00026077556,0.00042671466,0.9862853,0.00068979076,0.0110917855
ef67mkc,joy,joy,0.000534461,0.0002811376,0.00048676616,0.9975224,0.0002774354,0.00089772174
ef67qc2,joy,anger,0.6439943,0.0043970277,0.0034048292,0.23914067,0.025509056,0.08355412
ef67t9o,surprise,surprise,0.001764845,0.0011501898,0.0011535656,0.0027542457,0.0009463387,0.99223083
ef67xn0,fear,fear,0.0036401367,0.009650863,0.9477883,0.0026854575,0.0058432817,0.030391945
ef69j0j,sadness,sadness,0.015490286,0.0023328473,0.003424926,0.008978249,0.9561108,0.013662904
ef6a1z4,joy,joy,0.000609215,0.00027310164,0.0003058637,0.99764436,0.00035449764,0.00081295194
ef6aads,anger,anger,0.97826266,0.0029719984,0.00065045286,0.006607553,0.006680205,0.004827092
ef6aj01,joy,fear,0.0059492383,0.005919204,0.68507785,0.2183593,0.013457356,0.0712371
ef6b7eg,surprise,surprise,0.14015925,0.003863578,0.0028617072,0.008687552,0.014655455,0.8297725
ef6c4xq,joy,joy,0.0012909772,0.00024097087,0.00045370433,0.9891312,0.00076984626,0.008113369
ef6cgeq,surprise,surprise,0.12301946,0.002904658,0.0011518555,0.011099351,0.0057710567,0.8560537
ef6d68c,surprise,surprise,0.006851244,0.0012738487,0.0019455204,0.002512069,0.0056466036,0.9817708
ef6dc0p,sadness,sadness,0.00322827,0.0013831948,0.0029085462,0.0070286985,0.9791662,0.006284984
ef6drtm,anger,anger,0.7244164,0.0040594162,0.00186819,0.2413055,0.017932685,0.010417955
ef6g4jt,joy,joy,0.0005369386,0.00017718939,0.00030108925,0.9977271,0.00043882555,0.00081897055
ef6gmbb,anger,anger,0.85079056,0.008315192,0.0014486747,0.007982912,0.12203486,0.0094277
ef6gvdx,joy,joy,0.0074451542,0.0010729086,0.0017240392,0.89166343,0.09413702,0.00395744
ef6gvq3,joy,joy,0.0042003305,0.00042703233,0.004208611,0.9596506,0.021963947,0.00954946
ef6gwce,surprise,joy,0.043272834,0.00095668633,0.0007264037,0.8939245,0.005845929,0.05527372
ef6hf7v,joy,joy,0.0007490064,0.000240567,0.0002545374,0.99651474,0.00027136062,0.0019698725
ef6hppu,joy,joy,0.00072493486,0.00026798467,0.0002937213,0.99766433,0.0002734107,0.00077564124
ef6huv2,joy,joy,0.0019467006,0.0010559577,0.0008591806,0.95997226,0.000580534,0.03558531
ef6i5u5,joy,joy,0.012392732,0.00064274314,0.0018446405,0.92924666,0.05056307,0.005310199
ef6ixct,anger,joy,0.3063099,0.004449979,0.006253389,0.553961,0.026271459,0.10275434
ef6j1m9,anger,anger,0.7641366,0.0077512036,0.0015420967,0.009241774,0.028038884,0.1892894
ef6jjm1,joy,joy,0.0041833664,0.0003923786,0.00042475306,0.99131304,0.0021399518,0.0015464742
ef6jo1b,anger,anger,0.9814371,0.0060860757,0.0008151726,0.0060003395,0.0021044952,0.003556708
ef6k298,joy,joy,0.0005600823,0.00019513357,0.00027292693,0.99788123,0.00047333894,0.0006171944
ef6lf2z,sadness,surprise,0.02000984,0.0069113025,0.1686952,0.045662835,0.022446128,0.7362747
ef6ln2q,surprise,surprise,0.23340371,0.005329085,0.0053110607,0.033866506,0.28572974,0.43635985
ef6ltfx,joy,joy,0.0022987965,0.00024073839,0.00058697345,0.99285567,0.0011761903,0.0028416142
ef6mb8l,joy,joy,0.0021698535,0.0005826027,0.0004264838,0.995751,0.00038044594,0.0006895277
ef6melg,anger,fear,0.08146517,0.09796569,0.6920278,0.0050343354,0.070076905,0.05343007
ef6miou,joy,joy,0.001039235,0.00037107,0.005801968,0.98883563,0.001908211,0.0020438826
ef6okhz,surprise,joy,0.07812106,0.0027119573,0.0019781522,0.60401076,0.011479993,0.30169803
ef6oyfy,joy,joy,0.00046060584,0.00019477516,0.00031831322,0.99771595,0.0006071259,0.00070315297
ef6p64v,joy,joy,0.0009521101,0.0003152381,0.00036406313,0.99080443,0.0004523435,0.007111884
ef6p6dd,joy,joy,0.0012377998,0.00022872344,0.00025229857,0.99719393,0.0003385052,0.00074860686
ef6pa0v,anger,anger,0.7974703,0.0075869095,0.0037041625,0.025760924,0.1553565,0.010121236
ef6pxrj,joy,anger,0.55152696,0.0049952366,0.005791739,0.073773175,0.009377966,0.3545349
ef6py0w,joy,joy,0.00051786756,0.00025032516,0.00036260296,0.9979417,0.00033649756,0.00059098913
ef6q4f1,joy,joy,0.0013035346,0.00023382834,0.00029142734,0.9962501,0.00054453657,0.0013766323
ef6qe4j,joy,joy,0.0120925475,0.008321278,0.28009808,0.66667265,0.023820486,0.008995001
ef6rtt3,joy,joy,0.00051019987,0.0002600057,0.0004105197,0.99756014,0.00066459406,0.00059451826
ef6sb0d,joy,joy,0.00058080634,0.00021156072,0.00023542315,0.99769294,0.00055030506,0.0007290024
ef6tx23,anger,anger,0.5593756,0.0069717,0.0031405475,0.27223444,0.1307873,0.0274904
ef6us7h,joy,joy,0.2036114,0.003827039,0.0050967173,0.35533163,0.34999695,0.08213621
ef6uvzn,joy,joy,0.0063206367,0.005606111,0.015184368,0.5324074,0.006868633,0.43361288
ef6xvgp,surprise,surprise,0.008615666,0.0009887278,0.00093736197,0.00508262,0.001418086,0.98295754
ef6yynm,joy,joy,0.0013576712,0.00014351262,0.00021571427,0.99590486,0.00081961637,0.0015587094
ef6z5fj,joy,joy,0.058124892,0.0042113564,0.0039975615,0.75152415,0.013744457,0.16839755
ef6z8w2,joy,joy,0.0013440542,0.00024833888,0.000563836,0.99051255,0.004743988,0.0025873359
ef6zbv1,surprise,surprise,0.0032625904,0.0010145565,0.0009456048,0.0024057692,0.001316541,0.99105495
ef70tck,joy,joy,0.0010659107,0.0003353912,0.00055450544,0.9956196,0.00045689545,0.0019677663
ef70zlt,joy,surprise,0.0028507914,0.00082173565,0.0032606092,0.0058201444,0.0036283985,0.9836183
ef729hv,joy,joy,0.0005422158,0.00018870377,0.00026429017,0.9978732,0.00029067873,0.0008409765
ef72ffo,joy,joy,0.0005107822,0.00026746216,0.00039382768,0.99700576,0.000292681,0.0015294857
ef72r1h,anger,anger,0.95591116,0.0041204365,0.00637963,0.020995643,0.008983916,0.0036091604
ef72tjs,surprise,sadness,0.0043643946,0.002587027,0.004385082,0.034137435,0.756404,0.19812205
ef72y94,surprise,surprise,0.21578509,0.0042216755,0.0023433978,0.14180344,0.033405066,0.6024413
ef73999,anger,anger,0.4884394,0.006624303,0.0030448684,0.32613674,0.12469706,0.051057592
ef74fn4,joy,joy,0.00042313786,0.0002380759,0.00042073883,0.9975666,0.0004725633,0.0008788771
ef75dys,joy,joy,0.006003228,0.0006138971,0.0006193764,0.9836903,0.001176189,0.007896981
ef766at,surprise,surprise,0.017827125,0.001317933,0.0009423038,0.020659821,0.001846507,0.9574064
ef76d0o,anger,anger,0.97769994,0.005671786,0.00061324635,0.0071267765,0.0048890263,0.0039990903
ef76vdw,disgust,joy,0.007808972,0.0005095723,0.005470913,0.9446938,0.004489217,0.037027538
ef77j68,joy,joy,0.0006196161,0.00017968837,0.0003478615,0.99615484,0.0006513151,0.0020466335
ef79ep9,joy,joy,0.002423789,0.00016202021,0.00026409063,0.9944882,0.00070994813,0.0019519647
ef7aags,joy,joy,0.0009342599,0.00024331272,0.00023496342,0.9975237,0.00032147192,0.00074220105
ef7acw9,anger,anger,0.9561293,0.0064438013,0.0018837126,0.016590612,0.011591954,0.0073606074
ef7bb5o,anger,anger,0.4875814,0.005318504,0.0053041615,0.011034094,0.015682658,0.47507912
ef7d33o,joy,anger,0.87239677,0.003096824,0.0008856394,0.08990009,0.022857685,0.010862989
ef7dfoc,joy,joy,0.003970959,0.00057678734,0.0006530972,0.9885777,0.005258986,0.00096240104
ef7e94x,joy,joy,0.0007749248,0.0002444682,0.00030081085,0.99770606,0.00040326826,0.0005704724
ef7esig,joy,joy,0.00093596114,0.0011725344,0.0018185067,0.94513863,0.0007813353,0.050153106
ef7euwm,joy,joy,0.003302743,0.00071921985,0.0018282075,0.9855333,0.002615982,0.006000496
ef7ez24,joy,joy,0.0005470326,0.00022269454,0.00034681152,0.9978284,0.00038085468,0.00067422795
ef7ff3c,anger,anger,0.9704663,0.013889407,0.001513294,0.0028005324,0.0084499065,0.0028805083
ef7gkfi,joy,joy,0.0007303554,0.00036313012,0.0003001463,0.99497235,0.0006931848,0.0029408913
ef7h3mh,anger,anger,0.79260683,0.17703429,0.0028697473,0.008221161,0.013118191,0.006149811
ef7hpoq,joy,joy,0.002666388,0.001155052,0.002231863,0.85737234,0.0024008055,0.13417351
ef7i1bf,surprise,joy,0.0012363899,0.000488261,0.004275684,0.95905286,0.005847794,0.029098993
ef7jlf9,joy,joy,0.010182125,0.0010465056,0.0003004734,0.9749214,0.0014689411,0.012080461
ef7kkdd,joy,joy,0.005295556,0.00027822747,0.00040749312,0.99050224,0.00096315745,0.0025533866
ef7m13x,anger,disgust,0.32748175,0.35353875,0.015308222,0.100522324,0.14822501,0.054923937
ef7mc9y,surprise,surprise,0.0017630296,0.0011507695,0.0009696395,0.0055143614,0.0009217457,0.98968047
ef7mjqw,fear,surprise,0.009641461,0.007288995,0.048947334,0.02129779,0.0024451122,0.9103793
ef7nlz7,joy,joy,0.0017572102,0.00036234135,0.0006049011,0.98680997,0.009115978,0.0013496764
ef7o622,joy,joy,0.000793295,0.00016601152,0.00027833774,0.9957658,0.00082224584,0.002174218
ef7odlj,joy,joy,0.0027113594,0.0002427571,0.0011383435,0.99009484,0.0017539936,0.0040588407
ef7qmi7,joy,joy,0.00056727865,0.00023600065,0.00033034393,0.9971468,0.00024632306,0.0014732699
ef7r8is,fear,fear,0.0031637517,0.009391775,0.97260094,0.0018718306,0.0056333505,0.0073383604
ef7s0cx,joy,joy,0.00081836566,0.00028882627,0.0003198995,0.99750525,0.000265205,0.00080245023
ef7sg6m,anger,anger,0.9097321,0.006144505,0.0013672328,0.010038443,0.03907632,0.0336414
ef7tzb9,joy,joy,0.00065133226,0.00018323534,0.0004894829,0.9975434,0.0006547538,0.0004778334
ef7tzx8,anger,anger,0.98254114,0.005566904,0.00059696287,0.0038366972,0.0023107615,0.0051474622
ef7uazr,fear,sadness,0.082074545,0.024414394,0.03192889,0.0021749553,0.85331875,0.0060885265
ef7uoxi,joy,joy,0.047526192,0.0006362349,0.001103178,0.93080395,0.008814725,0.011115669
ef7vem8,joy,joy,0.0004402569,0.00018045581,0.00035375365,0.9972107,0.0005725901,0.0012423104
ef7wpji,joy,joy,0.006849752,0.0005691455,0.00089241384,0.94761837,0.036759734,0.007310625
ef7xk7p,joy,joy,0.0009102568,0.00020639246,0.00022224743,0.99681985,0.0005880143,0.00125323
ef7xmmt,joy,joy,0.0011913766,0.00034321006,0.0002676431,0.9969554,0.00056205335,0.00068032555
ef7y1sl,joy,joy,0.083034724,0.0007108923,0.000660899,0.90196073,0.003476103,0.010156658
ef7yg67,joy,joy,0.0007579469,0.000365657,0.00045959683,0.9968585,0.000225859,0.0013325327
ef7zp7c,joy,joy,0.006006227,0.00040835718,0.00022260596,0.9797733,0.0056879865,0.007901616
ef7zxej,joy,joy,0.00089823426,0.00032950388,0.00035587078,0.99707067,0.00028691915,0.001058783
ef80ln0,joy,joy,0.00066339085,0.00015070179,0.00031393347,0.99583876,0.00036613148,0.0026671167
ef80u3k,surprise,surprise,0.0017791138,0.0013156062,0.0010187685,0.0035334849,0.0007523521,0.99160063
ef813p3,joy,joy,0.0014888754,0.0018524539,0.0018657201,0.90985584,0.0011287752,0.083808415
ef817z2,fear,anger,0.8136865,0.045723684,0.002931448,0.008265336,0.12341404,0.0059790188
ef81g1e,disgust,anger,0.9659732,0.020792527,0.00080393726,0.002328003,0.0067347265,0.0033677004
ef81xz3,anger,anger,0.9725218,0.0041141245,0.0008475163,0.0053251535,0.0076979836,0.009493525
ef828xj,anger,surprise,0.10494737,0.0035641424,0.0019368568,0.062105533,0.0196631,0.80778295
ef82pu9,anger,sadness,0.3924285,0.018607311,0.011809204,0.010005599,0.5320676,0.035081778
ef82y1o,joy,joy,0.0007977994,0.0003189223,0.00039245377,0.9973387,0.0003091245,0.0008429873
ef848ee,disgust,anger,0.362612,0.35283384,0.02210836,0.010840027,0.24070466,0.010901134
ef84vfu,anger,anger,0.54697233,0.42292926,0.009392157,0.0047333594,0.010206958,0.005766035
ef84xzd,joy,joy,0.011209304,0.0006188181,0.000914813,0.97175163,0.006092937,0.009412501
ef853o6,anger,anger,0.8506541,0.012846582,0.0016797051,0.009583088,0.094650395,0.030586159
ef85ai3,anger,anger,0.98261064,0.004372511,0.0005743059,0.004983462,0.0040476443,0.003411408
ef85rcf,joy,joy,0.0004081726,0.00015989321,0.00028975296,0.9974443,0.00037727354,0.0013205642
ef85xv7,joy,joy,0.0005661555,0.00031440202,0.00037761283,0.9973126,0.00025093582,0.0011782651
ef87j6f,joy,joy,0.0012509394,0.00038752443,0.00029177265,0.9964713,0.00029136697,0.001307061
ef88ua7,sadness,sadness,0.0043594954,0.001740149,0.0024293663,0.011654009,0.9747979,0.0050190142
ef89oxm,joy,joy,0.0017055878,0.00046544164,0.00037197958,0.99508035,0.0003956991,0.0019808796
ef8aaba,joy,joy,0.0007176022,0.0002797172,0.00033020307,0.9976802,0.00056169095,0.0004306013
ef8b1z0,joy,joy,0.0007596828,0.00021086627,0.00026343536,0.9956867,0.000397525,0.0026816952
ef8bczo,joy,joy,0.0005484315,0.00017557792,0.0002482415,0.997511,0.00081997586,0.0006968027
ef8cogj,joy,joy,0.0007681227,0.0002830059,0.0024247349,0.99405366,0.0015683299,0.0009021359
ef8f6gt,joy,joy,0.0035804997,0.0003918001,0.0014298729,0.96335506,0.016727194,0.014515574
ef8fpph,surprise,surprise,0.0025848185,0.001040499,0.0013956949,0.0018073756,0.0015246402,0.9916469
ef8h1do,disgust,disgust,0.05558875,0.8908202,0.030379206,0.0042483537,0.013005219,0.0059581795
ef8i36b,surprise,surprise,0.008809068,0.0019570554,0.0027458202,0.1807431,0.004235066,0.8015098
ef8i6fy,surprise,surprise,0.0021282462,0.0008955322,0.00096047996,0.007289876,0.0031907503,0.98553514
ef8ifuk,joy,joy,0.005269582,0.0015729215,0.00391657,0.98449326,0.0018551742,0.0028924951
ef8iivp,joy,joy,0.0015042069,0.00036896483,0.00028624473,0.99674976,0.0002457945,0.0008450386
ef8j99j,joy,joy,0.00057327456,0.00017481,0.0003114109,0.99702877,0.00041284462,0.0014989178
ef8jcw2,joy,joy,0.02582144,0.0012236569,0.049624696,0.88485634,0.013899134,0.024574744
ef8jddo,joy,fear,0.015129882,0.004991971,0.66646856,0.043258335,0.19207932,0.07807191
ef8jfd9,sadness,sadness,0.0056291153,0.0018129032,0.003158381,0.06095692,0.9174691,0.01097359
ef8jyd4,surprise,surprise,0.013177249,0.0020574916,0.0011467215,0.0012335352,0.0020529637,0.980332
ef8kha5,sadness,sadness,0.0030663353,0.0016794193,0.0026740716,0.01925354,0.96932685,0.003999709
ef8l4et,surprise,sadness,0.004607293,0.005076974,0.0076676216,0.004761491,0.9638163,0.014070304
ef8lcxt,surprise,sadness,0.0055025793,0.002521162,0.0038280236,0.008836088,0.8936055,0.08570664
ef8le2a,joy,joy,0.00056014967,0.0002615193,0.00038050217,0.9974674,0.0002784865,0.0010519081
ef8mj6u,joy,joy,0.0007270812,0.00024261963,0.00026474716,0.99762243,0.00051499665,0.0006281397
ef8mk11,anger,anger,0.8393244,0.0022511762,0.0033652938,0.10975596,0.013493257,0.03180993
ef8n0p0,joy,joy,0.0005876023,0.000258457,0.000328327,0.99777955,0.0003988431,0.0006472088
ef8n2k1,fear,anger,0.49597478,0.0067405584,0.004352177,0.07412779,0.20335473,0.21545003
ef8nrvz,joy,joy,0.001696552,0.0014521568,0.0006220311,0.9780937,0.0007962936,0.017339248
ef8obtk,anger,anger,0.7997578,0.14455557,0.01125703,0.022333955,0.01035865,0.011737048
ef8ox47,surprise,surprise,0.012053326,0.0026986802,0.000768365,0.001676125,0.00096817536,0.98183537
ef8pznw,joy,joy,0.00093718286,0.00028030804,0.00032650697,0.99672216,0.0003070196,0.001426885
ef8qk33,surprise,surprise,0.036491647,0.0026611248,0.003032447,0.004371928,0.008291829,0.945151
ef8qyrt,joy,anger,0.69385594,0.11528129,0.0060408474,0.1286179,0.038528137,0.01767586
ef8r5uf,joy,joy,0.0033519603,0.00025061693,0.00047990694,0.98470104,0.0029418562,0.008274615
ef8sxbq,surprise,surprise,0.0012065535,0.0014903893,0.002145998,0.013857719,0.0011061215,0.9801932
ef8tnkb,anger,anger,0.9107823,0.009736325,0.00097629847,0.034491368,0.019764826,0.024248868
ef8to90,disgust,anger,0.91886216,0.053116985,0.0041189496,0.0058014197,0.011804191,0.006296226
ef8tuap,joy,joy,0.0009194425,0.00045271605,0.00050374825,0.996816,0.0003052803,0.0010028861
ef8tx1o,joy,joy,0.0020175504,0.00023900498,0.00030064263,0.99626887,0.0005061217,0.0006677453
ef8ty60,anger,anger,0.7491184,0.02328758,0.0025991416,0.11577704,0.095439285,0.013778585
ef8umju,joy,joy,0.46581566,0.00503544,0.0013749489,0.50739896,0.011675224,0.008699783
ef8vqrw,joy,joy,0.00046201085,0.00016387152,0.00035573082,0.9963797,0.00041478634,0.0022239455
ef8wa9n,anger,anger,0.9751475,0.011722982,0.0009875435,0.003582314,0.007257767,0.0013018753
ef8ydss,joy,joy,0.0009869213,0.00020911782,0.00029749254,0.9974394,0.00025990803,0.00080714806
ef8yp5h,surprise,surprise,0.003132046,0.0010779472,0.0014605804,0.002634069,0.0029080925,0.98878723
ef8ytvd,joy,joy,0.005798103,0.0005816337,0.000752802,0.9537706,0.0010766928,0.03802018
ef8zi31,joy,joy,0.00047472818,0.00015535351,0.00027275973,0.99743456,0.0005608266,0.0011018545
ef90fsm,surprise,surprise,0.024634516,0.0014634515,0.0018831318,0.0074355816,0.0077089793,0.9568743
ef90j1p,joy,joy,0.0008426337,0.00022779474,0.00023710229,0.9976513,0.00035943932,0.0006818326
ef912dn,joy,joy,0.00079285627,0.00045656264,0.00060678815,0.99189925,0.00036131922,0.005883209
ef913ay,joy,joy,0.00077575835,0.00024070246,0.0002840036,0.99775785,0.00039247642,0.00054920185
ef914kh,joy,joy,0.057573024,0.0010220654,0.001125963,0.92043906,0.00272365,0.017116237
ef91f77,joy,joy,0.0018872091,0.00025206426,0.00021896884,0.99635625,0.00059127307,0.000694237
ef91fxn,joy,surprise,0.12711272,0.0067248545,0.0033671826,0.08919442,0.018370964,0.7552299
ef91jtr,joy,surprise,0.002459687,0.0013600669,0.0020922797,0.03354849,0.0015458106,0.9589937
ef92xbv,joy,joy,0.046864614,0.00095539476,0.00091758976,0.9453152,0.0011260103,0.0048212404
ef932d7,fear,fear,0.004215734,0.005466641,0.9690458,0.0063173478,0.0043085255,0.010645875
ef936y5,joy,joy,0.00048742542,0.00016296559,0.0003135719,0.99561137,0.00041408028,0.0030105237
ef94f03,sadness,sadness,0.009179844,0.002393178,0.004769842,0.008641048,0.95636237,0.018653728
ef95cgb,joy,joy,0.0022205384,0.0002843006,0.00024341114,0.9946009,0.0004768535,0.0021740068
ef95ek1,sadness,sadness,0.23398879,0.00850126,0.0028368828,0.034994323,0.6506392,0.069039516
ef95mkj,joy,joy,0.0007065031,0.00015680955,0.00041944842,0.9945042,0.0012353596,0.0029776073
ef95ppg,joy,joy,0.001206033,0.00023518856,0.0004703092,0.9951126,0.0004883814,0.0024875063
ef97j55,joy,joy,0.0009312189,0.00023754788,0.00036649813,0.9973552,0.00034781263,0.0007617846
ef97jpm,joy,joy,0.0006988961,0.00022973107,0.00028694895,0.997866,0.00034967225,0.0005687737
ef97miw,joy,joy,0.065383695,0.0012411124,0.0013897803,0.8543743,0.030011429,0.04759972
ef99qxi,joy,joy,0.0015963286,0.00045350115,0.0006312142,0.9859277,0.00044684042,0.0109443255
ef9a1z6,joy,joy,0.0010871724,0.00036305134,0.005286909,0.9824385,0.008572467,0.0022518723
ef9ahid,joy,joy,0.00071162387,0.00025012292,0.0002972737,0.99785656,0.00026788603,0.0006165735
ef9b0mm,surprise,surprise,0.0019931302,0.0012067078,0.0022121225,0.0034807285,0.0021588064,0.98894846
ef9b27j,joy,joy,0.0006240653,0.00021143623,0.00036866128,0.99757177,0.00031227808,0.00091173564
ef9bjjx,joy,joy,0.00089963904,0.00026476497,0.00029978034,0.9975526,0.0002356533,0.0007475995
ef9c708,surprise,joy,0.0005614882,0.00026100324,0.00064047694,0.9825116,0.0007553042,0.015270222
ef9c9n9,joy,joy,0.0023541271,0.0005255814,0.000559956,0.9898442,0.00058440835,0.0061316565
ef9cmtq,surprise,surprise,0.06675201,0.0016296426,0.0014774622,0.010643635,0.00739994,0.9120973
ef9ef9q,joy,joy,0.00050358893,0.0002331735,0.00047984722,0.996639,0.00028552886,0.0018588493
ef9ej9j,joy,joy,0.0010458784,0.00022408628,0.00027181391,0.9969806,0.00041046418,0.0010670951
ef9euo9,joy,joy,0.0014053927,0.0001599854,0.00027122867,0.99695194,0.0005242819,0.00068713125
ef9evqj,joy,joy,0.0031164978,0.0004344125,0.00025756384,0.9942404,0.0005368757,0.0014142928
ef9fcav,joy,joy,0.0011754801,0.00019749548,0.00024698733,0.99564916,0.0007209837,0.0020098598
ef9hjdl,joy,joy,0.0010566087,0.00024325782,0.00026148427,0.9949521,0.00084823894,0.002638311
ef9ibsj,joy,joy,0.0008196738,0.00062911573,0.0007717289,0.9854344,0.00034604553,0.011998948
ef9il22,anger,anger,0.9061062,0.0058166343,0.0064608194,0.018046755,0.039358865,0.024210768
ef9iypc,joy,joy,0.0013088903,0.0003029398,0.0005002477,0.99670756,0.0005572578,0.00062312436
ef9j4at,anger,anger,0.9318518,0.0033414632,0.0017603758,0.010989887,0.031117875,0.020938605
ef9jlos,joy,joy,0.0006902576,0.00024444464,0.0002728408,0.99770904,0.0004007409,0.0006826949
ef9k0op,sadness,sadness,0.0026387707,0.001987474,0.0028719779,0.0070468932,0.9811267,0.0043282504
ef9ku8t,anger,anger,0.6615604,0.004605744,0.0023686406,0.026253566,0.080567025,0.2246447
ef9lmu1,surprise,surprise,0.045051545,0.0022406005,0.0022763503,0.005432385,0.007851881,0.9371473
ef9obtb,anger,anger,0.9164421,0.03032427,0.0036682263,0.0148394685,0.022950264,0.011775674
ef9ouxa,joy,joy,0.00051817426,0.00018726391,0.00033403398,0.9979468,0.0004582043,0.00055559917
ef9pbwe,joy,joy,0.00069370045,0.00025159228,0.0002992018,0.9962857,0.0002769321,0.0021928928
ef9po5k,joy,joy,0.00064957485,0.00014547753,0.0002789861,0.9976895,0.0006460842,0.00059032324
ef9pqgb,anger,anger,0.6400791,0.004089721,0.002159662,0.19513384,0.012292268,0.14624543
ef9prja,sadness,sadness,0.01181538,0.008248476,0.0028475758,0.016924025,0.68685544,0.27330905
ef9qhh1,surprise,surprise,0.0102977175,0.0011882661,0.0013655205,0.013154444,0.0023728441,0.9716213
ef9qwac,joy,joy,0.0007780002,0.00027402156,0.00037001804,0.9912855,0.00038220463,0.006910247
ef9slgu,joy,joy,0.0008909713,0.00016057637,0.00033709765,0.99562955,0.00072338874,0.0022584284
ef9udce,joy,joy,0.0007191526,0.00021760572,0.0003586087,0.9977902,0.0004119071,0.0005025318
ef9uu7l,fear,sadness,0.008353498,0.0018235506,0.043692507,0.022865754,0.8855165,0.037748028
ef9w1ng,joy,joy,0.00084794004,0.00018856765,0.00037830436,0.9956558,0.0011741776,0.0017552181
ef9wlwj,anger,anger,0.8862497,0.0040301443,0.0017855393,0.03620096,0.025742417,0.04599122
ef9wn9s,joy,joy,0.00083489635,0.0006087721,0.0006435592,0.99591655,0.00026338486,0.0017327399
ef9wz7w,joy,joy,0.00083574426,0.00025433762,0.00027197148,0.99723697,0.0004440865,0.0009568417
ef9xw88,joy,joy,0.0009140244,0.00023330338,0.00028102976,0.992265,0.0005942216,0.0057123834
ef9zrsi,anger,anger,0.9815825,0.006832311,0.00078508956,0.004115845,0.004380695,0.0023036073
efa0if4,joy,anger,0.8427567,0.00576476,0.023590656,0.03007694,0.022500295,0.07531062
efa1090,joy,joy,0.0005340965,0.0001852681,0.000256677,0.9980008,0.0004212312,0.00060197763
efa1xx2,joy,joy,0.01640432,0.0032015436,0.00047763815,0.9719349,0.0044059716,0.0035755434
efa35gf,joy,joy,0.00976834,0.0031622872,0.0010725859,0.9553074,0.0018929206,0.028796414
efa3fns,sadness,anger,0.75890136,0.015022611,0.0017259424,0.017037211,0.15807715,0.049235675
efa46lf,sadness,anger,0.96591747,0.007359509,0.0009020774,0.007206482,0.0055382396,0.013076256
efa4gh9,joy,joy,0.011955631,0.00081753783,0.0006994185,0.9362419,0.0028489532,0.047436524
efa5p23,sadness,sadness,0.12912676,0.0047494294,0.007349398,0.039050475,0.751866,0.06785794
efa5zr8,sadness,sadness,0.0037629115,0.0024548674,0.0024138102,0.003188277,0.98373544,0.004444767
efa6bxw,joy,anger,0.74033,0.0049631353,0.0033677637,0.14838491,0.03259137,0.07036282
efa77zc,joy,joy,0.0032689143,0.0003428162,0.00046656452,0.98319066,0.0020775206,0.0106534725
efa80q4,anger,anger,0.8368583,0.004494369,0.0046516694,0.0331782,0.10524784,0.015569629
efa8sb0,joy,joy,0.0007939491,0.00021668072,0.00039669886,0.99377716,0.00045452436,0.0043609855
efabctf,joy,joy,0.0010675947,0.00024727752,0.00038607095,0.996111,0.00036137417,0.0018267721
efac7b0,anger,surprise,0.089608744,0.0027135264,0.0011559707,0.06908809,0.0070343195,0.8303993
efacjmn,joy,joy,0.0014604134,0.00032135437,0.00043909153,0.9825828,0.0005787916,0.0146175455
efacm5a,joy,joy,0.0042058523,0.00082424213,0.001037595,0.8851721,0.0017313389,0.10702879
efacndm,joy,joy,0.00076283,0.0002472003,0.00031762678,0.9975546,0.00059426634,0.00052355544
efagn72,joy,joy,0.00065696536,0.0002511674,0.00032620458,0.9978315,0.00030518736,0.00062893715
efai3u9,anger,joy,0.012183837,0.0007899882,0.00714431,0.9605862,0.011790068,0.0075056423
efaj65w,joy,joy,0.0011216521,0.00057500787,0.0022736255,0.9892793,0.0004315702,0.0063187587
efaj94g,joy,joy,0.002283722,0.0017686611,0.015530494,0.6517826,0.008978457,0.319656
efajo6t,joy,joy,0.0010573001,0.00023975236,0.00026572382,0.9973648,0.00029710907,0.00077521254
efajqbd,sadness,surprise,0.07326586,0.002412853,0.023788545,0.093097284,0.12461765,0.6828178
efajwtk,joy,joy,0.004101393,0.0002786913,0.00026661778,0.9899532,0.0024214287,0.0029786797
efak0nc,joy,joy,0.000581397,0.00016493522,0.0004151011,0.9931451,0.0006255524,0.005067878
efak617,surprise,surprise,0.005607604,0.0017987022,0.0012095243,0.00094787194,0.0014953533,0.988941
efakbxz,joy,joy,0.34098712,0.0068415515,0.0017673584,0.59547806,0.027543195,0.027382674
efaksed,joy,joy,0.0005346398,0.00017743984,0.00027204238,0.9976682,0.00036801328,0.0009796511
efakvfj,joy,joy,0.0088515505,0.00058819976,0.0003968694,0.9882273,0.00090235623,0.0010338039
efam1r7,joy,joy,0.0005253855,0.0001883739,0.0002781446,0.99783367,0.00044005032,0.000734284
efankih,joy,joy,0.001050997,0.0005339607,0.0006976003,0.9880697,0.00046656016,0.009181189
efanses,joy,joy,0.00042947632,0.00016794726,0.00032100364,0.99794084,0.00047565182,0.0006650876
efaol2v,joy,anger,0.5358656,0.0040678144,0.010251364,0.05728938,0.37580964,0.01671625
efapzhm,joy,joy,0.0006294429,0.00015011492,0.0002901065,0.9965643,0.0013936099,0.00097237516
efaqsyg,sadness,sadness,0.008451926,0.0017650625,0.0015906746,0.020931814,0.94217265,0.02508788
efaqtic,surprise,surprise,0.0012376131,0.0013719316,0.0017602701,0.0029868137,0.000996824,0.9916466
efar4gd,anger,anger,0.98290944,0.005883735,0.0007596798,0.0032726969,0.003993635,0.0031808354
efarqj4,anger,surprise,0.04824963,0.002699342,0.0034840785,0.0168061,0.011619362,0.9171415
efasttc,joy,joy,0.0017108317,0.00027051597,0.0005144489,0.9897976,0.00059611787,0.00711047
efat2gn,surprise,surprise,0.02789407,0.0057843607,0.010542511,0.07002262,0.03351341,0.85224307
efauatc,joy,joy,0.00051691587,0.00018088195,0.0003237934,0.9975847,0.00026868438,0.0011250394
efav43v,joy,joy,0.00057921413,0.0002469623,0.00028504644,0.9956982,0.0015121776,0.0016784397
efavbk8,joy,joy,0.00047155537,0.00018041139,0.00028449117,0.99767464,0.0003306629,0.0010582807
efaw878,surprise,anger,0.92276853,0.0036768732,0.0013193319,0.009555241,0.042329565,0.020350432
efax2v1,joy,joy,0.0004935618,0.00021271492,0.0003083894,0.99800795,0.00047483193,0.0005025049
efayjpy,joy,joy,0.00051044126,0.00021936854,0.00051496207,0.99749833,0.00053617085,0.0007207752
efayzg9,joy,anger,0.7864933,0.011697757,0.0055541373,0.057546403,0.06401145,0.07469687
efb111e,anger,sadness,0.012247372,0.0028861533,0.00221132,0.016609853,0.95866704,0.007378187
efb1m0u,joy,anger,0.7079249,0.006025984,0.0024710007,0.029652327,0.16739734,0.08652845
efb2fyr,joy,joy,0.0008085613,0.00015594681,0.000325446,0.99764854,0.0003779402,0.00068353454
efb2h20,joy,joy,0.00083801296,0.0002884158,0.0003069146,0.9952178,0.0003621649,0.0029867068
efb2i0r,joy,joy,0.007472597,0.0027529448,0.2413175,0.6610629,0.06549894,0.021895165
efb2qpp,joy,joy,0.00060626253,0.00020219306,0.0005971947,0.9961593,0.00030935992,0.0021257468
efb39v8,joy,joy,0.0020820093,0.0002485706,0.0003259273,0.98894185,0.0008611053,0.007540575
efb3qwa,joy,surprise,0.05001793,0.0037817145,0.0044252123,0.054196343,0.010609303,0.8769695
efb41oo,surprise,surprise,0.14796859,0.0066669234,0.00142585,0.0028321522,0.003806199,0.8373004
efb59al,surprise,surprise,0.0077261343,0.0046239444,0.001333313,0.0011152228,0.0047768136,0.9804246
efb68h1,sadness,anger,0.6302196,0.009053235,0.008851833,0.076321825,0.17209925,0.103454344
efb6i9m,sadness,sadness,0.0014412206,0.0017124084,0.0025290106,0.007099174,0.9767288,0.010489463
efb6vct,surprise,surprise,0.0028796406,0.0012507986,0.0009780026,0.0020437213,0.0015442385,0.99130356
efb71xo,surprise,surprise,0.006296268,0.0009484654,0.000633787,0.0039970865,0.0015794896,0.9865449
efb7b3e,surprise,surprise,0.0026813413,0.0010251739,0.0009579253,0.0033178164,0.00097430905,0.99104345
efb7e1k,fear,surprise,0.0032440296,0.0062078107,0.041638058,0.43330866,0.0039039236,0.5116975
efb7fga,anger,anger,0.96753144,0.005218788,0.0006041964,0.0076536937,0.011123455,0.007868413
efbaely,joy,joy,0.00077807525,0.00022332327,0.00030076774,0.9976726,0.00025221898,0.0007729606
efbbg35,joy,joy,0.00076879875,0.0003571026,0.0003894981,0.99745136,0.00029369164,0.0007395228
efbbztw,anger,anger,0.9610999,0.0056294953,0.0011049871,0.002557492,0.0072360714,0.022372166
efbcltz,joy,joy,0.0006110922,0.0002949537,0.00033726817,0.9974498,0.00024068807,0.0010661525
efbcxjd,joy,joy,0.0005341074,0.00024290496,0.00032769836,0.9978484,0.0005748867,0.00047200284
efbd1u5,joy,joy,0.001882763,0.0003368016,0.0004647313,0.9914773,0.001967267,0.0038710786
efbe1tj,surprise,surprise,0.08804597,0.006202794,0.003573501,0.014685177,0.01932178,0.86817074
efbfta1,joy,joy,0.0009740658,0.00018933139,0.0002706866,0.9969189,0.00080633344,0.0008407169
efbfta3,surprise,surprise,0.006442472,0.001249397,0.0017076109,0.08027882,0.0077636116,0.9025581
efbgijz,joy,sadness,0.003387116,0.0032282209,0.07697484,0.0153064355,0.8708944,0.030209094
efbgyf8,anger,anger,0.7199164,0.012336978,0.003147578,0.15798214,0.0981823,0.008434522
efbhgik,joy,joy,0.00075242657,0.00015864703,0.0002699748,0.9972631,0.00086775026,0.0006881055
efbhxqu,joy,joy,0.000533319,0.0001908717,0.00030951854,0.9973356,0.0005972878,0.0010334139
efbi27w,joy,joy,0.0006493234,0.0001755152,0.00025823558,0.9976732,0.0004323576,0.0008113841
efbi85i,sadness,sadness,0.0031916797,0.0015462677,0.007987377,0.015917726,0.96624005,0.0051169423
efbikcv,joy,joy,0.00068957964,0.00022412343,0.0002663215,0.9977881,0.00041515383,0.000616724
efbj27r,surprise,joy,0.00064103294,0.00020034781,0.00027903536,0.9971142,0.0003805189,0.0013848088
efbja4x,joy,joy,0.03767454,0.0022359923,0.0007030014,0.94129467,0.0044805114,0.013611303
efbl2cs,joy,anger,0.5013005,0.26182044,0.014377287,0.0450402,0.120525084,0.05693642
efblj5m,joy,joy,0.0005505183,0.00018895601,0.00031920752,0.99640274,0.000875305,0.0016633504
efbllmy,sadness,sadness,0.0014610719,0.0015974104,0.0026044685,0.0030835336,0.9890064,0.0022469808
efbnez9,joy,joy,0.0017096038,0.00021934035,0.00032132925,0.9898464,0.0010668418,0.0068363775
efbo6ha,joy,joy,0.0019832945,0.00021262073,0.0002467168,0.9942912,0.00063297764,0.0026332438
efboftf,anger,anger,0.9682514,0.008313363,0.0015472235,0.004745896,0.013608968,0.0035330344
efbp8wn,joy,joy,0.008052756,0.0010679071,0.0014142201,0.6898524,0.004925103,0.29468754
efbpz11,joy,joy,0.00055659405,0.0002293142,0.00029601264,0.99772173,0.00024479703,0.00095151126
efbr0nk,joy,joy,0.0012004533,0.00022985393,0.00025019556,0.99622154,0.0002997229,0.0017982069
efbrmz1,surprise,surprise,0.07859753,0.005451799,0.0014309899,0.0020395555,0.007674011,0.9048061
efbs9rn,joy,joy,0.0023060655,0.0002835796,0.00022310637,0.9955029,0.00072938926,0.0009550708
efbs9wp,joy,joy,0.018543854,0.0018880813,0.005320091,0.6459159,0.030209588,0.29812247
efbtjvn,joy,joy,0.0006200179,0.00021596135,0.00038370068,0.9978446,0.00030041795,0.0006352213
efbu57u,joy,joy,0.00073508034,0.00015873139,0.0002334095,0.99740416,0.00038828584,0.0010803754
efbumcm,anger,anger,0.4307737,0.20257248,0.01248467,0.059738785,0.24357456,0.050855808
efbv8kt,joy,joy,0.00055700354,0.00019589545,0.00029193988,0.99785656,0.0002644951,0.0008341757
efbzrdd,joy,joy,0.04208886,0.0008423276,0.00042880405,0.94898975,0.0047470056,0.0029032074
efbzz7y,surprise,surprise,0.0024579582,0.0013821736,0.001294941,0.0012374243,0.0015810122,0.9920466
efc0d37,joy,joy,0.0008628076,0.00023225472,0.00042181704,0.9971307,0.0002589198,0.0010936313
efc1sp1,joy,joy,0.01836101,0.0008300233,0.0005815051,0.975172,0.001827527,0.0032278507
efc2ddy,joy,sadness,0.01968682,0.0018860212,0.0032633394,0.24600571,0.6952125,0.033945695
efc2l8l,sadness,sadness,0.0036113076,0.0018576483,0.0019833432,0.014993293,0.969906,0.007648428
efc2t5t,anger,anger,0.96101546,0.003900367,0.0028044116,0.013450147,0.012182065,0.0066475947
efc3gem,joy,joy,0.00044940293,0.00021238781,0.0003065214,0.99720806,0.00030189272,0.0015217921
efc47mw,surprise,joy,0.0068549644,0.00069573283,0.001118079,0.7952671,0.005027434,0.19103664
efc5kyn,joy,joy,0.009298228,0.0013348585,0.0004698095,0.98435646,0.0012850376,0.0032555975
efc6sl8,disgust,joy,0.0034794032,0.003019535,0.0010435882,0.9864944,0.00064679317,0.005316313
efc7r48,surprise,joy,0.0035081278,0.0038832487,0.0029807426,0.67897767,0.002658831,0.3079914
efc7vlp,anger,joy,0.4246377,0.009072134,0.0014274552,0.54487187,0.004923749,0.015067109
efc9def,joy,anger,0.5097864,0.030025104,0.008639987,0.040304497,0.3336072,0.07763677
efcav84,joy,joy,0.0005952315,0.00023845662,0.00030376716,0.99789524,0.00028038782,0.0006868749
efcb23d,joy,joy,0.000600677,0.00018163472,0.0003441909,0.99743325,0.000548012,0.00089235726
efcb55a,anger,joy,0.38604254,0.03166916,0.0036190618,0.50225747,0.029691562,0.046720162
efcbaa0,joy,anger,0.8173934,0.016354144,0.0024505695,0.13689725,0.019003471,0.007901073
efcbhr2,joy,joy,0.0036313434,0.00027647353,0.0002673957,0.99171466,0.0006640099,0.0034461278
efch6sd,anger,sadness,0.04904422,0.0030470581,0.00550875,0.33507493,0.45271868,0.15460634
efchkqo,anger,surprise,0.01062467,0.0013799183,0.0011402232,0.0051363,0.0029171347,0.9788017
efcj4cf,anger,anger,0.97465557,0.016094865,0.0010144672,0.002617391,0.003415708,0.0022020084
efcjcec,fear,fear,0.0018356452,0.0048470115,0.9667624,0.0047965446,0.011697397,0.010061043
efck3n8,anger,surprise,0.018436316,0.001568888,0.0012854008,0.010487074,0.0014750256,0.96674734
efckneq,joy,joy,0.0008869959,0.00022535113,0.00022679716,0.9975694,0.00047140877,0.0006200435
efckxje,surprise,surprise,0.032683656,0.004059898,0.0050054654,0.05213632,0.07544248,0.8306722
efclj91,surprise,surprise,0.0019869118,0.0017158921,0.0014933898,0.02168669,0.0013450214,0.971772
efcoki9,surprise,surprise,0.056733433,0.0027361528,0.0020451848,0.0028427038,0.002543233,0.9330993
efcolbx,joy,joy,0.0037474574,0.000745154,0.00034668544,0.98630154,0.0011715295,0.0076877065
efcrc7m,joy,joy,0.000773676,0.0003138219,0.0003476956,0.9975299,0.0003691378,0.00066584354
efcutfp,sadness,sadness,0.020554818,0.004244502,0.003951449,0.029400453,0.79893935,0.14290947
efcv6jl,joy,joy,0.00045633217,0.00016686923,0.00030266296,0.9979243,0.00044854783,0.0007011739
efcvb4u,joy,joy,0.041760795,0.00082672964,0.001295492,0.896614,0.011908496,0.047594387
efcvgco,joy,joy,0.0015300815,0.0003604017,0.0003208686,0.99676704,0.00042803618,0.0005935449
efcxevg,joy,joy,0.0009904174,0.00024134995,0.00092468836,0.9895616,0.0069999183,0.0012818872
efcxjkz,joy,joy,0.0005317195,0.00016480763,0.00031344834,0.99798393,0.00045916057,0.0005468399
efd0ic3,sadness,joy,0.0020782938,0.00030032118,0.00031974813,0.9924229,0.0006177421,0.004261093
efd2sp3,anger,anger,0.9572813,0.0070942827,0.00079542375,0.017700236,0.010388761,0.0067400597
efd3k5r,joy,joy,0.0007115076,0.0002704703,0.0003128693,0.99781847,0.00037045812,0.00051621767
efd4m4w,anger,anger,0.83456254,0.057464696,0.001992387,0.01339914,0.08323092,0.009350313
efd4omm,joy,joy,0.0085807545,0.00035906534,0.00041279913,0.98497415,0.0011643589,0.00450889
efd4rom,surprise,surprise,0.00671435,0.0014994849,0.0016826227,0.16979897,0.0038178128,0.8164868
efd4x1y,surprise,surprise,0.004431847,0.0011053729,0.00078846,0.0016790701,0.0012053398,0.9907899
efd5le8,joy,surprise,0.01296609,0.0009766669,0.0023079475,0.06374745,0.0031278208,0.91687405
efd6fgi,disgust,disgust,0.32289475,0.44643402,0.040144708,0.09027797,0.03335647,0.066892006
efd6fvz,anger,anger,0.97661364,0.0022524425,0.0011217039,0.007203617,0.004749994,0.008058619
efd6neq,joy,joy,0.0007472911,0.00026160045,0.0003631259,0.9973659,0.00022321565,0.0010389085
efd8fxc,joy,joy,0.004279403,0.00038841105,0.00030605443,0.9927192,0.0011142037,0.0011927561
efd8hvi,joy,joy,0.00048004504,0.00021746571,0.00036269112,0.9968516,0.0014041346,0.0006840664
efd8wkk,joy,joy,0.00066620123,0.00022726526,0.00033181885,0.99778444,0.0003981185,0.00059217936
efd9f5r,anger,anger,0.9648797,0.016463218,0.0011705107,0.0067053693,0.0067653954,0.004015875
efdat3z,anger,anger,0.61671454,0.0061895764,0.0016067291,0.0062031746,0.0152600035,0.35402602
efdcbd4,sadness,joy,0.04836518,0.0022273457,0.0008948898,0.83562875,0.092140466,0.020743366
efdcg93,joy,joy,0.00061974936,0.00023065017,0.00031148604,0.99777156,0.00027148586,0.00079497404
efdcimc,joy,joy,0.00050748774,0.00016906651,0.00028474568,0.99756587,0.0007282137,0.0007446068
efdcn2c,surprise,surprise,0.0047996733,0.00090167753,0.00092661113,0.0024360516,0.0015681223,0.9893679
efdd3qk,joy,joy,0.0006440992,0.0002650311,0.00036890016,0.9975834,0.00030480523,0.0008338444
efddbgs,joy,joy,0.00051885686,0.00019382239,0.00023261215,0.99788445,0.000416658,0.00075354945
efdehiv,surprise,anger,0.47057948,0.006464328,0.014363268,0.10021413,0.10514553,0.30323336
efdemo5,joy,joy,0.0006409617,0.0002358055,0.0003832913,0.9962302,0.00024847404,0.0022612796
efdepeu,joy,joy,0.0006386103,0.0001657634,0.0003176676,0.9968154,0.0010841778,0.000978478
efdeyu9,joy,joy,0.00077724777,0.00027173522,0.00029175964,0.99241054,0.00046783578,0.0057808366
efdf4r6,joy,joy,0.015627807,0.0027590662,0.056392755,0.81494755,0.054008562,0.05626429
efdfhc7,anger,fear,0.02583897,0.007507691,0.8557776,0.0066897455,0.073373616,0.03081227
efdgezt,anger,surprise,0.025859034,0.001064505,0.0013021689,0.01343207,0.00811279,0.9502295
efdhkjj,anger,disgust,0.25734374,0.49806932,0.013152898,0.03187096,0.1300115,0.069551595
efdkazj,surprise,surprise,0.0038164929,0.0018966738,0.010452693,0.021360464,0.015475212,0.9469985
efdl3cp,joy,joy,0.0009182824,0.00027046673,0.00027457956,0.9974618,0.0002841569,0.0007906085
efdl5i2,joy,joy,0.000469931,0.00019490594,0.00030639448,0.99804497,0.0004216051,0.0005621273
efdlg83,surprise,surprise,0.02547174,0.002227585,0.0016220685,0.0015565138,0.0021300358,0.9669921
efdlram,disgust,anger,0.68356115,0.25795326,0.007299981,0.0122837825,0.028231455,0.010670325
efdltey,sadness,sadness,0.0021449896,0.0015672634,0.003098335,0.008960226,0.97995925,0.004270003
efdm00c,joy,joy,0.0003914527,0.00022501822,0.00040103315,0.9971316,0.00035963397,0.001491277
efdnp89,joy,joy,0.000727575,0.00020070508,0.0003255613,0.9973084,0.0003436529,0.0010941006
efdobeg,joy,joy,0.00072556274,0.00026260692,0.00031585613,0.99731404,0.00028559993,0.0010963113
efdocj4,joy,joy,0.0006197992,0.00022781685,0.00026597027,0.9969464,0.00029194492,0.0016479928
efdonrz,joy,joy,0.0002939685,0.0002044811,0.0007076913,0.9961139,0.0012023977,0.0014775302
efdpagx,surprise,surprise,0.0024349121,0.0007886001,0.0007732418,0.0066074627,0.0017650013,0.9876308
efdq07j,joy,joy,0.00039491273,0.00020527239,0.00039662304,0.9977329,0.0006578593,0.00061238906
efdqjsb,fear,fear,0.0012298791,0.005870377,0.9754345,0.0057363072,0.0069212774,0.0048075817
efdsi98,joy,joy,0.0008222135,0.00026139512,0.00032199343,0.9976585,0.00025771314,0.0006782126
efdsquv,joy,surprise,0.03521567,0.0018218047,0.0030494141,0.42484018,0.0077958424,0.5272771
efdt42q,joy,joy,0.00086311466,0.0005127035,0.0015410685,0.9154712,0.002455292,0.0791567
efdtf83,anger,anger,0.97167724,0.002690685,0.0008671456,0.01360763,0.0053393953,0.0058179074
efdtff8,surprise,surprise,0.017501527,0.0019526619,0.0005842244,0.0031604266,0.0017026159,0.97509855
efdtluv,anger,anger,0.8199523,0.006910906,0.0024246988,0.13163495,0.02582317,0.013253938
efdtnah,joy,joy,0.00083676167,0.00029528525,0.0002575477,0.9975516,0.0003411037,0.0007176517
efdtorq,sadness,sadness,0.034072895,0.0036091863,0.0024582602,0.30577472,0.6454154,0.008669506
efdtq3o,joy,joy,0.0005537689,0.00020317081,0.00026714196,0.99766564,0.00028804413,0.0010222526
efdtqu9,surprise,joy,0.0023225774,0.0011556041,0.0018185815,0.91398996,0.0013789277,0.07933441
efdw6m8,joy,surprise,0.0060305484,0.002279172,0.0027861528,0.26062912,0.0023630327,0.725912
efdw8ue,sadness,sadness,0.0013059105,0.002675168,0.013329819,0.0075730993,0.9712365,0.0038794903
efdwqzc,joy,joy,0.0007084943,0.00020761797,0.00021244786,0.9971078,0.0008448607,0.00091871934
efdxxjo,sadness,sadness,0.002046303,0.0017929454,0.0023279968,0.006058958,0.9845255,0.0032482771
efdy00j,joy,joy,0.0009255366,0.00026250607,0.00029777907,0.9971802,0.00033320682,0.0010007188
efdyrf5,joy,joy,0.010323892,0.0015811959,0.002258225,0.97516215,0.0017689035,0.008905673
efe08t3,joy,joy,0.00065903337,0.00028869975,0.00035848832,0.99776065,0.00032656707,0.00060663023
efe0tc0,anger,anger,0.8980848,0.03302895,0.002485689,0.01339301,0.04164137,0.011366143
efe156e,joy,joy,0.23977628,0.0051154974,0.0030319425,0.6270533,0.014814053,0.11020898
efe17o5,surprise,surprise,0.002605328,0.00102098,0.00091521186,0.0027089356,0.000813919,0.9919356
efe1roo,anger,anger,0.9576853,0.006765081,0.001722329,0.009807079,0.010214636,0.013805583
efe2rt9,joy,joy,0.0006436826,0.0001847624,0.0002911001,0.9979159,0.00035159916,0.0006129978
efe2uhi,joy,joy,0.0010777678,0.00014193218,0.0002664095,0.996636,0.00070130656,0.0011766596
efe3oj5,joy,joy,0.0019447389,0.00024783806,0.0005426803,0.98929405,0.002623076,0.005347555
efe3rqr,surprise,surprise,0.004167006,0.0011771198,0.0009365317,0.0022137144,0.0025785223,0.9889271
efe3uf0,joy,fear,0.0075053736,0.005216439,0.63708335,0.052695382,0.1942877,0.10321173
efe4tng,joy,joy,0.03126056,0.00066720194,0.00057439,0.9220493,0.0029241543,0.04252441
efe5dyh,sadness,joy,0.028106794,0.00076404656,0.0013760775,0.8474976,0.013343108,0.10891247
efe691k,joy,anger,0.63108987,0.020556057,0.005154623,0.18370281,0.080526,0.078970596
efe6g1t,joy,joy,0.0005800093,0.00022906244,0.00038523827,0.99760866,0.00023977987,0.00095715723
efe7rjy,joy,joy,0.0005276897,0.00027280804,0.0005708987,0.9966916,0.0005881848,0.00134882
efe7v2z,joy,joy,0.00045783893,0.00021531987,0.00038389972,0.99775213,0.0004563833,0.0007343717
efe8arw,anger,surprise,0.057878114,0.002443867,0.0029905627,0.33632898,0.012348143,0.5880103
efe8irl,sadness,sadness,0.001968218,0.0018744465,0.0033297506,0.0064929216,0.9807835,0.0055512465
efe9gy5,joy,joy,0.028853424,0.004077044,0.0015626677,0.8440053,0.005645393,0.1158562
efeaa2d,joy,joy,0.00084860704,0.00027892398,0.00042384127,0.9892567,0.00073891704,0.008452986
efeaelf,anger,anger,0.94638747,0.034511536,0.0014444693,0.0042991396,0.009896361,0.0034609141
efearm4,sadness,sadness,0.10592693,0.00367767,0.015161496,0.068283156,0.6312563,0.17569447
efeaux3,sadness,sadness,0.045685384,0.0046877996,0.042023327,0.058894355,0.7083928,0.1403163
efeb9kx,sadness,sadness,0.00660435,0.0026068252,0.002849365,0.0145925535,0.96140033,0.011946485
efebcgj,joy,joy,0.00051386654,0.00022706958,0.00032869418,0.997787,0.0005558896,0.0005874627
efebdnp,anger,anger,0.9338112,0.004155044,0.00471374,0.011616653,0.022714142,0.022989225
efec4g1,anger,anger,0.7180526,0.006216177,0.0022411447,0.08472682,0.15272166,0.03604157
efec8t6,joy,joy,0.0019395225,0.00050517713,0.001408392,0.986735,0.00070296007,0.008708981
efecu14,anger,anger,0.98106295,0.0052989223,0.0010033501,0.0022312645,0.005316907,0.0050866567
efecvmc,anger,anger,0.9817321,0.0072318967,0.0012218807,0.0020491055,0.0034759345,0.004288988
efedhu3,joy,joy,0.00067957735,0.00026473688,0.00038983146,0.9977483,0.0003269538,0.00059054646
efee1jm,joy,joy,0.0015401172,0.00026944026,0.00045175324,0.9941777,0.0015878559,0.0019730707
efee1yw,joy,joy,0.0013854917,0.0002583826,0.00025311162,0.9967867,0.00040939593,0.0009069105
efeece8,joy,joy,0.00039594204,0.00027912922,0.0005696484,0.9952916,0.00039646725,0.0030672476
efeeruj,joy,joy,0.00075659144,0.00020206424,0.00028174013,0.9974624,0.00033342763,0.0009637938
efef74s,anger,anger,0.79370224,0.014991015,0.0026294487,0.118481666,0.059378266,0.010817269
efef7l5,joy,joy,0.0006316069,0.0002628929,0.00029790064,0.9977186,0.00026632732,0.00082276855
efef7rp,surprise,sadness,0.24385202,0.009636463,0.004817326,0.016827764,0.6625043,0.062362123
efefln5,joy,joy,0.00066857145,0.00020210174,0.0002534218,0.99633443,0.00046057027,0.0020808964
efegp1q,joy,joy,0.0006355738,0.00019840119,0.000268071,0.99778,0.0003440219,0.0007739246
efegrrd,anger,anger,0.97814083,0.008770958,0.0013415853,0.001970698,0.0040888386,0.005687034
efehhwv,surprise,surprise,0.0028382854,0.0014611481,0.0016855414,0.0011082059,0.0010627919,0.991844
efehmwp,surprise,surprise,0.01709894,0.0013243618,0.0014321521,0.0022381933,0.0027916862,0.97511476
efeht6w,surprise,surprise,0.0024307054,0.0020835504,0.0028876765,0.18009295,0.0023434032,0.8101617
efei4pq,sadness,sadness,0.0056972466,0.0022026123,0.005777952,0.0061674933,0.9678007,0.012353899
efei9hk,joy,joy,0.0005866166,0.00031090653,0.00038576953,0.99684745,0.0002467423,0.0016225218
efeis4u,joy,joy,0.00049308094,0.0002589803,0.0004592044,0.99526286,0.00039532396,0.0031306182
efeiux1,sadness,sadness,0.00450688,0.0025798394,0.0016888032,0.009378827,0.97856605,0.0032795586
efeivql,joy,joy,0.001091085,0.00025156126,0.0003156676,0.99534816,0.00041095814,0.002582639
efejcp4,joy,joy,0.006621971,0.0017649969,0.0015849388,0.90087533,0.0014149253,0.08773782
efejs5t,joy,joy,0.00075400213,0.00023125268,0.00026894946,0.9978643,0.00029157737,0.0005898394
efekwli,joy,joy,0.00054581667,0.00022048329,0.0003489429,0.99745363,0.00034006155,0.0010911056
efel74t,joy,joy,0.03545976,0.0011203156,0.00046867767,0.9570266,0.0013955403,0.0045291185
efelb9c,joy,joy,0.00077629904,0.0003021214,0.0005315869,0.99670225,0.00043688633,0.0012508506
efell3t,joy,joy,0.0043381904,0.0012256727,0.0015218492,0.85056317,0.0022825538,0.14006852
efem13i,disgust,anger,0.9009806,0.04912003,0.0090739345,0.0052737286,0.014365103,0.021186614
efemepb,surprise,surprise,0.17669196,0.004768333,0.0024861088,0.0046599293,0.016248044,0.79514563
efemt0g,joy,joy,0.0027298282,0.0010985455,0.0009194062,0.8504083,0.0011689451,0.14367492
efenjrk,anger,sadness,0.36358893,0.0059964717,0.0023577078,0.23439203,0.37451458,0.019150298
efeo5ip,joy,joy,0.0009299882,0.00017850086,0.0002327666,0.9974982,0.00036433607,0.00079622574
efeo5oz,anger,joy,0.21916357,0.0034341482,0.008697145,0.49803722,0.13267772,0.1379902
efeos2g,surprise,surprise,0.0017004063,0.00089921034,0.0014728615,0.0041324086,0.0011338068,0.9906613
efep4mj,joy,joy,0.015242757,0.0063834554,0.016407434,0.41289043,0.35769498,0.19138092
efepf3i,anger,anger,0.9482096,0.0028271803,0.0021453223,0.00911912,0.010816038,0.026882837
efeqraj,joy,joy,0.0007005633,0.00022802751,0.00034287455,0.9975266,0.00025226772,0.0009496998
efeqted,anger,anger,0.871901,0.003176479,0.001774783,0.012870883,0.06725055,0.04302638
efer7nd,joy,joy,0.0005567961,0.00016654684,0.00029575816,0.99767524,0.0006896068,0.0006160676
eferito,anger,anger,0.9365179,0.010673696,0.0013935756,0.0034820917,0.023909919,0.024022764
efesrdr,joy,joy,0.008853441,0.00181154,0.00064525084,0.98551625,0.0012249604,0.0019484537
efet3er,joy,joy,0.00069158565,0.00028084472,0.00042778318,0.99768424,0.00036487347,0.0005505913
efetf41,anger,anger,0.9023163,0.019088635,0.0016437259,0.03486451,0.01974811,0.022338806
efetluw,joy,joy,0.0005984647,0.000253953,0.00041047722,0.992219,0.0003668076,0.0061513805
efetlxf,joy,joy,0.011658223,0.000729097,0.0036752215,0.9416165,0.002110305,0.040210664
efeu6yu,joy,joy,0.0009822682,0.0008245616,0.0012764623,0.96386915,0.00064829644,0.032399323
efeu8du,joy,anger,0.9618635,0.0028150533,0.0011682645,0.012254061,0.01255973,0.009339376
efeul02,joy,joy,0.0004228919,0.00016945708,0.00033106213,0.997632,0.0004896433,0.0009549381
efevd6y,surprise,anger,0.894269,0.011220749,0.0022440802,0.022961427,0.03723991,0.03206483
efevoju,joy,joy,0.00062243734,0.00018608446,0.00045663695,0.996029,0.00034921317,0.002356664
efevttv,sadness,sadness,0.14833444,0.010321206,0.009586559,0.01806988,0.7825165,0.031171432
efew5jw,anger,surprise,0.0567072,0.051410284,0.2141072,0.002908477,0.14477235,0.5300945
efew73j,anger,anger,0.88750464,0.0039720894,0.0008236779,0.04184235,0.04075348,0.025103815
efewufo,joy,joy,0.000486914,0.0002016066,0.0004110488,0.99768734,0.00038123393,0.00083186093
efex7fk,joy,joy,0.0011225184,0.00025063258,0.00024134913,0.9972197,0.0004909812,0.0006747847
efex9mm,anger,sadness,0.004591129,0.003974657,0.0208528,0.0036990242,0.96066254,0.0062199063
efeykw0,surprise,surprise,0.0039907997,0.0012377048,0.0009191259,0.0017012542,0.0014045195,0.9907466
efeys3q,joy,joy,0.00062289543,0.00039411755,0.0006375116,0.99248123,0.00028785405,0.005576407
efeytwl,joy,sadness,0.00915078,0.0012701117,0.008091886,0.30607602,0.61329883,0.062112313
efeyzta,joy,joy,0.00066009274,0.00018676686,0.00045495044,0.99708694,0.00062680437,0.0009844681
efez5o2,joy,anger,0.43328673,0.0072396183,0.008749201,0.285145,0.088432156,0.17714727
efezgxz,joy,joy,0.014271802,0.0033767105,0.0033139135,0.7988806,0.0031438794,0.17701311
eff0d58,joy,joy,0.0006648457,0.00020629368,0.0002629812,0.9976216,0.0003404534,0.0009039087
eff0n0r,joy,joy,0.024872622,0.0010164364,0.00046410484,0.9589762,0.0016211886,0.0130495215
eff188e,surprise,surprise,0.0020293486,0.0010539237,0.0011970572,0.0033388846,0.0010095576,0.9913713
eff1eao,sadness,sadness,0.0025918793,0.0023278159,0.0017157593,0.00274929,0.9886723,0.0019429355
eff1ked,surprise,surprise,0.0016959552,0.0011920007,0.0028982458,0.004776015,0.0026847858,0.9867531
eff2hwu,joy,joy,0.0007702579,0.00025282172,0.0003656053,0.99756765,0.00027611523,0.0007675806
eff2mqp,joy,joy,0.0047648335,0.0006757149,0.00048823198,0.99248827,0.00045299277,0.0011300081
eff2v7d,anger,anger,0.701327,0.018420653,0.0067911735,0.010846547,0.23375823,0.028856361
eff3d6q,joy,joy,0.0010021024,0.00019668989,0.00027578534,0.99652594,0.0011277217,0.00087171554
eff3fey,joy,joy,0.00092462957,0.00026955295,0.00030455462,0.9973832,0.0003966822,0.00072134804
eff3lfj,joy,joy,0.010667328,0.000551351,0.0006516865,0.97999644,0.0021568877,0.005976381
eff457w,joy,joy,0.0047261254,0.0002425182,0.0003193264,0.989512,0.0015631542,0.0036367483
eff4668,sadness,sadness,0.0018893962,0.001863243,0.0019767357,0.0022466802,0.98887885,0.0031449527
eff4qbn,joy,joy,0.00055487757,0.0002490152,0.00032600245,0.996716,0.00036086884,0.0017932531
eff5msb,joy,joy,0.0031079457,0.00021254625,0.00021401928,0.99414486,0.0007014913,0.0016191301
eff6flv,fear,fear,0.0031402097,0.0045280815,0.9761805,0.0058648856,0.0045540826,0.0057322495
eff6wrw,joy,joy,0.0005102235,0.00024812037,0.0005633786,0.99343467,0.00091573567,0.004327915
eff78x6,joy,joy,0.00073841773,0.0001969622,0.000299506,0.9974394,0.00041166865,0.0009141281
eff7b7v,surprise,surprise,0.0019163975,0.0011680681,0.0010682625,0.0032753255,0.0007874989,0.99178445
eff8izq,joy,joy,0.00088156876,0.00015496725,0.00020308884,0.9968894,0.0003606266,0.0015103419
eff8j3o,joy,joy,0.001406392,0.00025081955,0.00023521564,0.99559265,0.0007879148,0.001726909
eff9c04,surprise,anger,0.86136836,0.0039388486,0.0008355752,0.07701514,0.007540379,0.049301837
effa5bv,joy,joy,0.001232486,0.00031961562,0.00043290143,0.99370825,0.00052183453,0.003784848
effc1dj,anger,anger,0.638052,0.005258212,0.0035658325,0.067308255,0.20561935,0.08019637
effcdq5,joy,joy,0.00058627845,0.00017131385,0.00044823147,0.9976634,0.0005398957,0.0005909717
effcqjx,sadness,sadness,0.006645868,0.0028474734,0.003388825,0.0024721294,0.9816207,0.0030249255
effd4cy,surprise,surprise,0.12799561,0.0031410994,0.00081567635,0.0064323363,0.0056765974,0.85593873
effde47,anger,anger,0.9735039,0.0030956701,0.000990748,0.0074498826,0.009387714,0.00557218
effdfzp,joy,joy,0.0007128392,0.00024740846,0.0003834191,0.9974571,0.00038975262,0.00080960355
effeetw,joy,joy,0.0011105085,0.00027295356,0.00042823615,0.99633825,0.0012510623,0.0005990113
effff2z,joy,joy,0.00062091707,0.00020961756,0.00024983837,0.9978855,0.00033520197,0.0006988282
effglrt,joy,joy,0.006206841,0.0008591935,0.005008987,0.83827734,0.1309108,0.018736873
effi67a,sadness,anger,0.9726589,0.0039681843,0.0008494023,0.0057751257,0.011852128,0.004896217
effipif,joy,joy,0.0005856341,0.00024254627,0.00035523245,0.9976566,0.0002567202,0.00090327935
effk8b2,joy,joy,0.0005672048,0.0003013189,0.0003825249,0.9966444,0.00023764132,0.0018669723
efflnhg,joy,joy,0.00055351603,0.00019678609,0.0002879533,0.9978866,0.00027286645,0.0008021746
effo5li,surprise,anger,0.7791235,0.0045421906,0.0088132555,0.025037965,0.03763847,0.14484462
effowl8,joy,joy,0.17651603,0.0028714435,0.00095025817,0.7578125,0.019226626,0.042623114
effp6o1,joy,joy,0.00046413206,0.00020826499,0.0002930315,0.9976649,0.00027369783,0.0010959029
effq5ll,anger,anger,0.45039734,0.015089158,0.011665109,0.012821329,0.32259566,0.18743138
effqek4,surprise,surprise,0.0018475633,0.0015044777,0.0010581717,0.0046171313,0.000746957,0.99022573
effqias,joy,joy,0.00919425,0.007718626,0.0030924494,0.9406777,0.01203782,0.0272792
effrs7q,joy,joy,0.00080348935,0.0003493963,0.00053670525,0.9843407,0.0004013198,0.013568391
effs7vv,joy,joy,0.0011771562,0.00023514942,0.00022451406,0.9965508,0.00036793711,0.001444461
effsdnc,joy,joy,0.0012140686,0.00026056706,0.00026249676,0.99697757,0.00029314985,0.0009922689
efftdad,joy,joy,0.00070039654,0.00023180267,0.00031513048,0.99763966,0.00035428556,0.0007587872
effts66,joy,joy,0.0022009686,0.0005920559,0.0015991342,0.9485827,0.0027654036,0.04425973
effuhnm,joy,joy,0.0046627936,0.00045765538,0.0004139199,0.9903072,0.00071081694,0.003447565
effvwtk,joy,joy,0.003676851,0.002156328,0.004987013,0.54194885,0.0844599,0.3627711
effw5yl,joy,joy,0.0007052277,0.0002376766,0.00032671686,0.9965167,0.001488415,0.0007252458
effwo4p,anger,anger,0.8293383,0.0050083613,0.0020344888,0.014739299,0.025928752,0.12295081
effx8qi,joy,joy,0.042500123,0.0019045753,0.0010419742,0.90217084,0.0048678764,0.04751466
effxcg7,surprise,surprise,0.0027912103,0.0009836592,0.0009798994,0.002597368,0.0010825738,0.9915652
effxdsk,joy,joy,0.0007802902,0.00024186996,0.000258923,0.99771,0.00033791206,0.000671004
effzdwk,anger,anger,0.9008236,0.07294702,0.0033701628,0.0017910607,0.014090707,0.006977488
effzvgt,joy,joy,0.0006898183,0.0001788252,0.00022562547,0.9978955,0.0004455858,0.00056469213
efg0sxd,anger,joy,0.028836692,0.00053205015,0.00053209026,0.960411,0.0027846587,0.00690347
efg0tq1,joy,joy,0.0004347292,0.00028502976,0.0005844163,0.9972318,0.0006228117,0.00084121333
efg0zbt,joy,joy,0.013510179,0.0003219392,0.00028753997,0.97979856,0.0020062358,0.004075482
efg10g8,surprise,surprise,0.0021716387,0.0012268297,0.0011755778,0.0025823168,0.0007004261,0.99214315
efg19hf,sadness,joy,0.046491962,0.0013159788,0.0019468837,0.91930825,0.009912039,0.021024795
efg1y24,joy,joy,0.0025561294,0.00027987748,0.00043959162,0.9944037,0.0008090792,0.00151157
efg35wk,joy,anger,0.9181449,0.0030488388,0.0020885612,0.05963075,0.009769622,0.0073173256
efg3clo,joy,joy,0.00062257965,0.00028871564,0.00039569195,0.997809,0.00038270792,0.0005013567
efg4e6i,anger,anger,0.9577897,0.007576447,0.0016980207,0.0029260495,0.015975794,0.014033845
efg5gms,joy,joy,0.00053196424,0.00029287094,0.0004372033,0.9977956,0.00027494502,0.0006675569
efg629m,joy,joy,0.00051148504,0.00014370354,0.00027652414,0.9970395,0.00095209415,0.0010766609
efg64kv,joy,joy,0.0029730836,0.00026541954,0.00032389883,0.9942608,0.0006066169,0.0015701333
efg6fdv,surprise,surprise,0.006679812,0.0013058116,0.0010746404,0.0024809046,0.0021001708,0.9863587
efg6nx3,surprise,surprise,0.0026412017,0.0012411596,0.0013203849,0.0012793595,0.0015769381,0.991941
efg7s19,anger,anger,0.9724151,0.008964982,0.00084312353,0.005039007,0.0068885437,0.0058492236
efg81qg,joy,joy,0.026529597,0.00089252845,0.000645302,0.968491,0.0007952557,0.00264635
efg9rxi,surprise,surprise,0.0013021736,0.0011347361,0.0014181354,0.0034557763,0.0011090242,0.9915801
efg9x6t,joy,surprise,0.11309634,0.008014804,0.001480747,0.18205017,0.010074925,0.685283
efga6wi,joy,joy,0.0007360871,0.00026186666,0.00027239977,0.99771357,0.0005187294,0.00049735873
efgaatk,disgust,disgust,0.028252501,0.9215664,0.011876429,0.007707744,0.022361405,0.008235475
efgag1e,joy,joy,0.0005526029,0.00018301311,0.00031095347,0.99778086,0.0005941172,0.00057846884
efgakei,surprise,surprise,0.0018285165,0.0012280529,0.0022894698,0.015553991,0.0013978161,0.97770214
efgaw9f,anger,anger,0.95040995,0.021760926,0.0010851951,0.007002532,0.009470798,0.01027061
efgcbgt,joy,joy,0.0018856633,0.00052428135,0.00035503285,0.9934081,0.0006628353,0.0031641047
efgcmz0,sadness,anger,0.38212854,0.008492393,0.0129772145,0.12074857,0.3435348,0.13211843
efgcr7t,joy,anger,0.33241674,0.020520814,0.2641788,0.33129412,0.015968991,0.035620563
efgd8sg,joy,joy,0.0013562983,0.00024448702,0.00027829577,0.9966009,0.0003032843,0.0012167417
efgdova,joy,joy,0.00072699814,0.00015861519,0.00028805138,0.9972683,0.00041167275,0.0011464166
efgdvsw,joy,joy,0.0005420098,0.00020779904,0.00036989956,0.9979259,0.00033488372,0.00061942503
efge9g2,joy,joy,0.0021797332,0.0002520723,0.00022962871,0.9944542,0.0016621104,0.0012222719
efgef28,surprise,surprise,0.0019087172,0.0011943319,0.0012179839,0.002040426,0.0011588349,0.9924797
efgeiaz,surprise,surprise,0.009522719,0.0009113567,0.0029958352,0.011499536,0.004055518,0.971015
efgejmo,anger,anger,0.84144354,0.006825664,0.0025190336,0.002998806,0.00901591,0.13719706
efgf10r,joy,joy,0.23718861,0.0030177252,0.0027464451,0.6256209,0.029649857,0.101776466
efgfbtt,joy,joy,0.009215793,0.00094993867,0.0011251495,0.78694355,0.0044888193,0.1972768
efggdvl,joy,joy,0.0006134677,0.0002984601,0.00040845672,0.994803,0.00029321565,0.003583313
efghg8i,sadness,sadness,0.09244579,0.01010969,0.013296055,0.046614382,0.7925004,0.045033593
efghgcv,joy,joy,0.00080950285,0.00015245717,0.0002735875,0.9977526,0.00045905152,0.00055273017
efghiqr,surprise,surprise,0.002116188,0.0009568937,0.00094249606,0.0031492189,0.0011051014,0.99173003
efghj3t,surprise,surprise,0.0026554093,0.0011381229,0.00090677134,0.00531488,0.001173043,0.98881185
efghk7t,joy,joy,0.00046350993,0.00024040067,0.00043490517,0.9973586,0.00037808862,0.0011244719
efghrl3,joy,joy,0.0013074534,0.00029772357,0.00035353628,0.99504143,0.00040993877,0.0025898688
efghuih,joy,joy,0.0012530385,0.00019862209,0.000618222,0.9966557,0.0005412765,0.0007330776
efgj9q4,joy,joy,0.019103285,0.0010533105,0.0012030584,0.9099345,0.0015275915,0.06717825
efgjczx,joy,joy,0.0006636458,0.0002165462,0.0002576806,0.99776936,0.00049919373,0.0005935559
efgjn0t,fear,joy,0.001194101,0.00031558043,0.0023256296,0.9921376,0.0010572047,0.002969934
efgjo77,joy,surprise,0.024346348,0.0013877534,0.003309573,0.0067677,0.0029467915,0.9612418
efgk9m7,joy,joy,0.002187117,0.00033429207,0.00035060043,0.9958066,0.00027302263,0.0010484608
efgkqob,joy,joy,0.009802942,0.0008454259,0.000335356,0.98488116,0.00057665026,0.0035584986
efgli60,joy,surprise,0.0045946906,0.0019883174,0.0020780442,0.46089658,0.002141701,0.5283007
efglnt5,surprise,surprise,0.024730815,0.002862001,0.0013028365,0.0021815463,0.0042989296,0.9646238
efglozv,joy,joy,0.056605745,0.0025126336,0.0016103606,0.8453957,0.0063127074,0.0875629
efglqwj,surprise,surprise,0.22943148,0.006570251,0.001823977,0.0040733553,0.015376372,0.74272454
efgm4lz,anger,anger,0.87391585,0.002433624,0.00077229255,0.09570214,0.009673439,0.017502734
efgmt4t,joy,joy,0.19139595,0.0050985664,0.0038138859,0.43246183,0.19026442,0.1769654
efgnc9w,anger,anger,0.3463249,0.004058613,0.0024131865,0.3025073,0.14714976,0.19754623
efgolr1,anger,anger,0.9530169,0.0069620744,0.0007149279,0.016772367,0.015033112,0.0075005842
efgoumc,surprise,surprise,0.0047950973,0.0010476498,0.001083399,0.0046947096,0.0012916763,0.9870875
efgpp1c,sadness,sadness,0.002520556,0.0014655705,0.002207557,0.0025338514,0.98615277,0.0051196804
efgq1q9,joy,joy,0.0011889044,0.00031296973,0.00033782472,0.99529475,0.0003293121,0.0025362785
efgq9g7,joy,anger,0.97624266,0.0030354494,0.0004813765,0.0064567616,0.009779357,0.0040044095
efgqj2o,joy,joy,0.00038417266,0.00031975488,0.0009915208,0.99612087,0.0004138973,0.001769724
efgssq6,anger,joy,0.015010973,0.0007446446,0.00076639856,0.93401724,0.0014183925,0.048042353
efgtq8x,joy,joy,0.0029602852,0.0007839828,0.00033430732,0.9914575,0.0017115147,0.0027524324
efgu1bo,joy,joy,0.0017774712,0.00024944954,0.00044767174,0.9939959,0.001035476,0.0024940257
efgu3j3,anger,surprise,0.06564096,0.0019801117,0.0013018738,0.0063750916,0.0048776357,0.9198243
efgupiy,joy,joy,0.0010059406,0.0002717199,0.00066128664,0.99051267,0.0005688607,0.0069796056
efgv1ji,joy,joy,0.0015035747,0.00031690302,0.0003431357,0.99375254,0.0008919471,0.003191926
efgvohz,anger,anger,0.97623605,0.0053234226,0.0008008605,0.007891695,0.006782514,0.002965371
efgvu5l,anger,surprise,0.0030571257,0.0020347484,0.0021704258,0.008700523,0.003381136,0.98065615
efgwr66,joy,joy,0.0005479866,0.00019818512,0.00030657015,0.9971897,0.00036681775,0.0013907313
efgwx4f,surprise,joy,0.0030396227,0.00070224574,0.0008235273,0.98048294,0.0007469695,0.014204782
efgxgvj,surprise,surprise,0.007819521,0.0029631394,0.003019946,0.018114807,0.0026863976,0.96539617
efgy53f,joy,joy,0.00045459936,0.00016066495,0.00031140936,0.9977875,0.00045592902,0.00082996645
efgy9gg,anger,anger,0.898748,0.00814482,0.0012951778,0.02373941,0.062167387,0.005905245
efgyfeh,surprise,surprise,0.02185168,0.0014584236,0.003970591,0.32170027,0.0066931495,0.64432585
efgysee,joy,joy,0.0011254458,0.00055830355,0.0015519987,0.9612775,0.0039765867,0.031510163
efgzbih,anger,surprise,0.09693125,0.0051595406,0.0030322932,0.011487076,0.018190516,0.86519927
efgzkwo,joy,joy,0.0010485253,0.00025412734,0.00029249457,0.997311,0.00034037727,0.0007534422
efh04ul,joy,joy,0.00063765794,0.00017743366,0.00025541164,0.9975858,0.00031152816,0.0010322541
efh06dw,joy,joy,0.00077629223,0.00024724982,0.00031005451,0.9977648,0.00031088357,0.00059070747
efh124g,surprise,joy,0.0034161804,0.00041857213,0.0006836109,0.9630264,0.0020131182,0.030442048
efh3qeu,joy,surprise,0.0037579506,0.002381536,0.007593666,0.39911535,0.008271285,0.5788803
efh45iw,joy,joy,0.0006108867,0.00018265696,0.00030331445,0.9979279,0.00038914883,0.000586085
efh4fc0,joy,joy,0.0027517858,0.00028009625,0.0004638151,0.9918412,0.0013020327,0.003361144
efh4n6t,joy,joy,0.0008055418,0.00032931755,0.002555348,0.98992014,0.00266624,0.0037234735
efh4tjg,joy,anger,0.95764554,0.0072845384,0.0010814915,0.025749022,0.0037472546,0.0044921883
efh5hik,joy,joy,0.00059629336,0.00020701354,0.00026202376,0.9977849,0.0003295855,0.0008201924
efh5jz9,anger,anger,0.7831171,0.0040979427,0.001240141,0.17516266,0.018777413,0.017604766
efh5vkf,surprise,surprise,0.02089849,0.0015863571,0.0010047901,0.0026612394,0.0041819904,0.96966714
efh5yzs,joy,joy,0.0005390335,0.0002565692,0.0003306614,0.9978243,0.00030958132,0.0007399019
efh62li,joy,joy,0.0018469787,0.0002720918,0.00030802592,0.9946116,0.000826745,0.0021345278
efh6aw6,joy,joy,0.02034718,0.00040941054,0.0005868992,0.9554898,0.010335392,0.0128313005
efh6axv,joy,joy,0.0007394804,0.0002458618,0.00025855226,0.99767715,0.00030642643,0.00077260885
efh78ik,surprise,surprise,0.060628157,0.004453383,0.011373402,0.015376146,0.10451238,0.8036565
efh78v1,joy,joy,0.10082566,0.0017433685,0.0006444603,0.84213436,0.04146856,0.013183547
efh7aqc,joy,anger,0.65150917,0.0031719,0.005909458,0.30722663,0.0112479795,0.02093489
efh82rs,anger,disgust,0.093785256,0.79280543,0.024938162,0.050366417,0.01964475,0.01845993
efh8l8l,joy,joy,0.018503128,0.0006397948,0.00042316984,0.9545994,0.017049031,0.008785446
efh95ub,joy,joy,0.0005587088,0.00016230305,0.00028752952,0.99767417,0.0005080002,0.00080926786
efh99ru,joy,joy,0.05614282,0.0011219122,0.0005072446,0.93395156,0.0036230658,0.00465338
efh9he8,anger,anger,0.55847794,0.0030894792,0.0010951827,0.41666573,0.011149006,0.009522743
efh9rw4,joy,joy,0.00066587137,0.00023506374,0.00027247777,0.99759007,0.00030505503,0.0009314465
efha0zn,surprise,surprise,0.0020947908,0.0011206648,0.0011753907,0.0016328584,0.0016153777,0.9923609
efhb9pf,joy,joy,0.0016661005,0.000202199,0.00021771791,0.99628925,0.00047173322,0.0011530564
efhbpau,joy,joy,0.0023689684,0.000288823,0.00024644122,0.994755,0.00088123174,0.0014594233
efhc1so,joy,joy,0.0078330925,0.0008266454,0.0012107193,0.95102316,0.0016989888,0.03740743
efhc2lx,anger,anger,0.9823095,0.0069101714,0.0013606648,0.0027837714,0.0036628207,0.0029730978
efhcreo,joy,joy,0.0008744966,0.0003857917,0.0003217856,0.9972133,0.00027994835,0.00092465145
