example_id,true_label,pred_label,p_anger,p_disgust,p_fear,p_joy,p_sadness,p_surprise
eczb4bm,sadness,sadness,0.035394568,0.0032658095,0.0030142595,0.11604438,0.82978714,0.012493831
eczb527,surprise,anger,0.6620467,0.0039383764,0.0018139377,0.23745286,0.03877485,0.055973347
eczb770,sadness,sadness,0.095019065,0.014859184,0.010734872,0.025211183,0.7905847,0.06359096
eczbp9a,joy,joy,0.0011730575,0.00032855832,0.00027179898,0.9966787,0.0006627001,0.0008852453
eczbpfi,joy,joy,0.0023140244,0.0004163377,0.0003164314,0.9947542,0.001098077,0.0011009101
eczbupd,surprise,surprise,0.031887252,0.0014768009,0.0016219562,0.04063293,0.0069201286,0.91746086
eczc3pt,joy,joy,0.0011741387,0.00032663214,0.00032906365,0.99662507,0.00062308664,0.000922058
eczdv3l,joy,joy,0.0035163814,0.00033522776,0.00022283115,0.99356115,0.001033545,0.0013308688
eczdwyd,joy,joy,0.0034804265,0.0004185651,0.00023235039,0.99314356,0.00089177035,0.0018334141
ecze0xp,sadness,surprise,0.02903363,0.0025518297,0.00300147,0.1304372,0.019978309,0.8149976
eczep0r,joy,joy,0.012753195,0.0016792727,0.0012634475,0.7706668,0.005662881,0.20797439
eczf05d,joy,joy,0.0022483242,0.0003067033,0.00067521905,0.9899565,0.001307925,0.0055053914
eczf1y3,joy,joy,0.0020048828,0.00027262155,0.00023743756,0.9953341,0.0010370674,0.0011139608
eczfbhc,joy,joy,0.0021613422,0.0003581311,0.00030221062,0.9939691,0.00054396305,0.002665296
eczgoz7,surprise,surprise,0.0033040643,0.0014117475,0.003228551,0.004120776,0.005021371,0.98291355
eczgs03,joy,joy,0.21346538,0.05866335,0.020495517,0.60952485,0.03149717,0.0663537
eczh2yd,joy,joy,0.0015693386,0.0003026477,0.0002696285,0.9963905,0.0006682572,0.0007996722
eczhjuj,joy,joy,0.0012275155,0.00022753318,0.0003119319,0.9964658,0.00070569967,0.0010615884
eczhvrq,sadness,sadness,0.0046525174,0.0028519768,0.0038778076,0.009129408,0.975973,0.0035152822
eczhw6d,joy,surprise,0.11016202,0.003422845,0.0019727652,0.2832099,0.00937999,0.5918525
eczi9m5,sadness,sadness,0.0040442487,0.0028245607,0.0043118866,0.012631019,0.9723708,0.0038175085
eczj3ra,anger,anger,0.9580167,0.007856414,0.0013336532,0.0045621893,0.004466876,0.023764174
eczj48j,joy,joy,0.0015881406,0.00025909176,0.00023276717,0.99555534,0.0008805906,0.0014840161
eczje98,joy,joy,0.00095399783,0.00033001462,0.0002895644,0.99701667,0.0005158471,0.0008939884
eczjkig,surprise,anger,0.55180234,0.013881999,0.004613388,0.024891146,0.064630985,0.3401801
eczk51t,joy,joy,0.0016425734,0.00046122653,0.0003156291,0.9961249,0.00057655707,0.0008790993
eczk6qs,joy,joy,0.0011377942,0.00031605578,0.00027587442,0.9965436,0.0009409179,0.00078582263
eczl3ai,joy,joy,0.001236522,0.0004551245,0.0006243667,0.9947724,0.00043816236,0.0024735227
eczlibq,joy,joy,0.0012371708,0.00033467048,0.00028760213,0.9953056,0.0018332319,0.0010017166
eczll29,anger,anger,0.9584294,0.014543034,0.0007862579,0.0067410814,0.014708044,0.004792286
eczmf05,joy,joy,0.013421458,0.0012830616,0.0019855057,0.6239053,0.011418378,0.3479863
eczmpsx,joy,joy,0.0012957952,0.0003847015,0.00027450317,0.99677086,0.0004420607,0.0008320174
eczmzx2,joy,joy,0.0035646479,0.0004745259,0.0003880249,0.99082947,0.00048168364,0.004261667
eczni83,anger,sadness,0.047664773,0.004032616,0.0031269616,0.36457747,0.5689656,0.011632496
ecznnld,joy,joy,0.006875731,0.0012588016,0.0009035798,0.9275787,0.0055593634,0.057823867
eczoy48,joy,joy,0.004930056,0.00040961444,0.0007404096,0.98856,0.002709557,0.0026503606
eczp2oc,anger,anger,0.96879065,0.011627743,0.0012654572,0.011237851,0.004626313,0.0024519905
eczprz3,joy,joy,0.0036312062,0.00038765787,0.00020459545,0.99369556,0.00075893215,0.001322088
eczqqm9,joy,joy,0.001047688,0.0004070828,0.00029812017,0.99692756,0.0005055855,0.00081406516
eczrr0o,joy,joy,0.0013488053,0.00051546213,0.0008507515,0.9876258,0.0008021835,0.00885704
eczszmw,joy,joy,0.0010022611,0.00033773348,0.00029764188,0.9969964,0.00046919868,0.00089681416
eczt3y5,joy,joy,0.0012858983,0.00028667034,0.0002810777,0.9952329,0.0008067396,0.002106715
ecztf18,surprise,joy,0.0045045344,0.0016953937,0.002372944,0.7768304,0.0035851994,0.21101165
ecztu1z,joy,joy,0.052769598,0.002838645,0.0025620416,0.9036751,0.00968815,0.02846648
eczu82a,surprise,joy,0.0031962353,0.0007178162,0.0006094455,0.95994073,0.001887959,0.033647813
eczwg8f,joy,joy,0.0009306119,0.00033100098,0.00032703395,0.9966576,0.00037034063,0.0013834864
eczx3gr,anger,anger,0.95369154,0.0063223722,0.0014145521,0.018284831,0.010379592,0.009907204
eczx4ck,sadness,sadness,0.042887017,0.013730826,0.006827608,0.04135054,0.7586076,0.13659643
eczxapo,joy,joy,0.0011470179,0.00032232498,0.00030827944,0.99660313,0.0008560504,0.00076314766
eczxo6i,joy,joy,0.0045228465,0.0008262801,0.00282802,0.9634433,0.008745803,0.019633783
eczy0ru,sadness,sadness,0.004103271,0.0026930775,0.0049558324,0.014104664,0.9701606,0.0039825863
eczyqul,joy,joy,0.0009224759,0.00030560998,0.00029158505,0.9967892,0.00052398734,0.0011671324
eczyr6d,surprise,surprise,0.012717355,0.0022203003,0.0039518373,0.0043778033,0.0066982936,0.97003436
eczzlwa,anger,surprise,0.11853151,0.0051465756,0.0025398275,0.06601585,0.024625666,0.7831405
eczzo59,anger,surprise,0.044286363,0.0048499447,0.0066515855,0.01650669,0.11499734,0.812708
eczzt0p,surprise,anger,0.5971521,0.008406747,0.002771167,0.036300313,0.027666822,0.32770285
ed0097g,surprise,surprise,0.018193135,0.0014439278,0.0021946358,0.11313382,0.0063637057,0.8586708
ed00e3l,sadness,anger,0.9571371,0.00861895,0.00088965317,0.012924827,0.013899897,0.0065296916
ed01nso,anger,anger,0.96597636,0.0038139848,0.001362595,0.021045784,0.0035931966,0.0042080474
ed0286s,joy,joy,0.001410006,0.00032291815,0.0002567224,0.9965593,0.0006742324,0.00077680236
ed02d1x,anger,sadness,0.14423724,0.013066933,0.061113976,0.06686584,0.6652541,0.049461935
ed03ln4,joy,sadness,0.18746936,0.016768113,0.0027912827,0.36805865,0.39613074,0.028781869
ed0450z,joy,joy,0.014699457,0.0010316329,0.00064072036,0.97636116,0.0046084174,0.0026587022
ed04kyp,joy,joy,0.030929204,0.0027186587,0.0041362937,0.48618886,0.063997574,0.41202945
ed0500z,anger,anger,0.9539975,0.0042973673,0.00080938963,0.025783304,0.005476432,0.009636007
ed052gn,sadness,sadness,0.01439173,0.0045732614,0.010972525,0.021357253,0.9392815,0.009423716
ed05ple,joy,joy,0.005263463,0.00063688186,0.00045108827,0.9667226,0.0016095134,0.025316348
ed0b2b8,sadness,sadness,0.010136818,0.004847237,0.0024621265,0.0060403417,0.9711978,0.0053157615
ed0dewl,joy,joy,0.004186455,0.00030372018,0.00024821376,0.99262273,0.0011271399,0.0015116445
ed0ehag,joy,joy,0.0029846241,0.0004007242,0.00037367674,0.99067104,0.0024230944,0.0031467879
ed0f4by,joy,joy,0.019498928,0.001532052,0.00050446915,0.9735641,0.0011129726,0.0037874214
ed0f7e2,joy,joy,0.002428855,0.00050575694,0.00038373884,0.9946403,0.0008581169,0.001183328
ed0ftgl,joy,joy,0.0018093855,0.00043685152,0.00029790713,0.9957337,0.0006896019,0.0010325577
ed0fw6m,fear,fear,0.019455263,0.026582437,0.9017004,0.012963468,0.017336003,0.021962402
ed0hggu,joy,joy,0.00088106573,0.00031385777,0.0003215769,0.9970752,0.00044672468,0.00096161355
ed0hj7u,surprise,joy,0.009535733,0.001703707,0.0016538142,0.6821376,0.0056452774,0.29932383
ed0ht04,joy,joy,0.0020517053,0.00043155567,0.00041107446,0.99523973,0.0005062317,0.0013596907
ed0i4fk,sadness,sadness,0.01240174,0.0026570817,0.0021834516,0.018443111,0.9562923,0.0080224555
ed0ielp,joy,joy,0.0015077693,0.00032684297,0.00034719863,0.99566525,0.0009218383,0.0012310997
ed0j3lf,joy,joy,0.0011905314,0.00025708193,0.000251662,0.9960116,0.00061150955,0.001677566
ed0jr9i,sadness,joy,0.06608388,0.004329035,0.02225659,0.5600665,0.31596637,0.03129755
ed0kuq0,joy,joy,0.0012230299,0.00031849067,0.00037348532,0.9964365,0.0005176635,0.0011309757
ed0lnju,joy,joy,0.0010134089,0.00029332557,0.0002705762,0.99692756,0.0005844019,0.00091082626
ed0m2na,anger,anger,0.6130238,0.008053774,0.0024393657,0.32719213,0.023544557,0.02574644
ed0mb05,disgust,anger,0.9128774,0.059165098,0.0015858044,0.012916287,0.009034982,0.0044205477
ed0mgjg,joy,joy,0.0013623706,0.00032706425,0.0003060018,0.99647707,0.0007506776,0.00077684416
ed0mlk8,joy,joy,0.023895118,0.004786288,0.1417521,0.7197023,0.05999567,0.049868524
ed0mpiy,joy,joy,0.008848723,0.0011802455,0.0012393214,0.87901217,0.0025621874,0.10715741
ed0my29,sadness,sadness,0.020465754,0.0035395212,0.0033771463,0.01932784,0.94408256,0.009207197
ed0nb10,joy,joy,0.0025958233,0.00082165323,0.0012533477,0.98388827,0.0037097025,0.0077311345
ed0q1rw,joy,joy,0.0024443804,0.000570745,0.00048670458,0.99477625,0.00052526314,0.0011967116
ed0q69l,joy,joy,0.026521299,0.0015958842,0.0010834717,0.9599339,0.002268673,0.008596794
ed0q6qg,joy,joy,0.009765972,0.0020687638,0.0014762147,0.72970164,0.00534823,0.25163922
ed0qtsg,joy,joy,0.0015915929,0.0002745367,0.00027690214,0.99602205,0.0007242694,0.0011106321
ed0qxkr,joy,joy,0.016036497,0.0011417787,0.0022628778,0.8031873,0.008627225,0.1687443
ed0rtw0,anger,disgust,0.046757955,0.53946996,0.27148104,0.011300814,0.10201573,0.028974501
ed0slun,joy,joy,0.013971879,0.0006919901,0.00044310387,0.9687176,0.0018202583,0.014355142
ed0swmt,surprise,surprise,0.0058449204,0.0015568233,0.002027953,0.0036760974,0.0031180982,0.98377615
ed0t4so,joy,joy,0.0028613368,0.00039601087,0.00043511714,0.99366623,0.0011774733,0.001463857
ed0uhux,anger,sadness,0.10742768,0.030038545,0.06436474,0.21938059,0.53029025,0.048498195
ed0uv1x,surprise,anger,0.9697817,0.01146806,0.0012338235,0.0048892978,0.002639401,0.009987669
ed0w876,joy,joy,0.0019345467,0.00041700414,0.00023395987,0.99552405,0.00069130544,0.0011991031
ed0x52u,joy,joy,0.0012295715,0.00033293405,0.00024189819,0.9960162,0.00046197866,0.0017174078
ed0xxvq,joy,surprise,0.08122416,0.009701506,0.038389377,0.1452694,0.066658415,0.65875715
ed0y9cy,surprise,joy,0.003128022,0.0010800648,0.0011954231,0.9325751,0.0018383844,0.060183045
ed0yb1t,joy,joy,0.34590125,0.0062516616,0.0034391882,0.59883547,0.014298441,0.031273995
ed0zidk,anger,surprise,0.036833875,0.0034954215,0.0027674893,0.0034376169,0.0076216217,0.9458439
ed10yvq,joy,joy,0.0013744247,0.0003377489,0.0003096565,0.9949608,0.00196518,0.0010522765
ed11f83,joy,joy,0.0011657476,0.00045581622,0.00042560633,0.99652845,0.00038222186,0.0010422509
ed12ufc,surprise,surprise,0.077247664,0.0049440307,0.0030899646,0.020858277,0.0125888055,0.8812713
ed13ax3,joy,joy,0.0015135424,0.00029786807,0.00025131516,0.9962955,0.000495519,0.0011462277
ed15gt6,anger,anger,0.8639775,0.0037933886,0.002881459,0.029566599,0.04796231,0.051818777
ed16bmb,sadness,disgust,0.17847249,0.5764731,0.028726662,0.011476331,0.19506621,0.009785151
ed17nq4,joy,joy,0.033909973,0.001093148,0.0008457498,0.9504022,0.0024776636,0.011271321
ed17oph,joy,joy,0.0029323862,0.00048821018,0.00034795806,0.9840843,0.00094189105,0.01120521
ed197fi,joy,joy,0.0025320693,0.00067474216,0.00058037695,0.9765746,0.0009107334,0.018727543
ed19biv,sadness,sadness,0.31162876,0.0123651335,0.0071482863,0.03768141,0.61680526,0.014371094
ed19t6a,joy,joy,0.0033555538,0.00047254804,0.0009244791,0.99267924,0.0009857382,0.0015824754
ed19w3b,joy,joy,0.0011942952,0.00038604287,0.0002976017,0.9966119,0.0007796102,0.0007305236
ed1aaig,joy,joy,0.0022029753,0.00046255058,0.000350005,0.9952394,0.0006192557,0.0011258348
ed1aco5,anger,anger,0.7969376,0.0066302083,0.0037040613,0.14957665,0.019430831,0.023720726
ed1ada5,joy,joy,0.001045431,0.0003181983,0.00027814478,0.99655896,0.00077323994,0.0010259916
ed1ahyw,sadness,surprise,0.15923938,0.010994964,0.002675959,0.08739066,0.25579998,0.483899
ed1aw4c,joy,joy,0.0011841387,0.0004226473,0.00035365473,0.9965497,0.000446643,0.0010431532
ed1b8xm,surprise,surprise,0.004500528,0.0012905763,0.002011614,0.004929214,0.0032188832,0.9840492
ed1bhe9,joy,joy,0.0011579503,0.0003306454,0.0002658554,0.99668795,0.00072949775,0.0008281217
ed1cown,joy,joy,0.001255136,0.00032156432,0.00028425216,0.9965875,0.000530695,0.0010208242
ed1dxa6,joy,joy,0.0041320026,0.00038117665,0.00043557593,0.98640245,0.0056351107,0.0030137196
ed1e5fu,joy,joy,0.002810821,0.0005122321,0.0004380004,0.9937723,0.000644098,0.0018225292
ed1f2ae,joy,disgust,0.13459975,0.48268002,0.118427284,0.029240584,0.18065038,0.054401945
ed1gfcr,joy,joy,0.24713284,0.0068981694,0.005829889,0.34478024,0.22872943,0.16662948
ed1gsf7,joy,joy,0.0020513742,0.00041136044,0.00027810308,0.9957255,0.00056438753,0.0009692052
ed1hnxh,joy,joy,0.029981645,0.0019445957,0.0027835527,0.9432727,0.0038104479,0.01820709
ed1if2q,surprise,surprise,0.049882296,0.0027701699,0.0025017129,0.19479518,0.016803095,0.7332475
ed1kfzy,anger,anger,0.9538871,0.007638694,0.0011565818,0.028218362,0.0043378063,0.0047615296
ed1klqm,joy,joy,0.0013031744,0.00033268126,0.00026919134,0.9963995,0.0006855275,0.0010099217
ed1kvd5,joy,joy,0.0043815575,0.0005396657,0.00029751883,0.9913953,0.0018137711,0.0015721847
ed1lzlh,joy,joy,0.0017818884,0.00036673585,0.00022630222,0.995475,0.0006992132,0.0014508482
ed1mazu,surprise,surprise,0.010143091,0.0035497951,0.0037138616,0.006246335,0.011457606,0.96488935
ed1mfnb,joy,joy,0.0027346476,0.0006522387,0.0005387108,0.9933761,0.00100979,0.0016886168
ed1nh28,joy,joy,0.0011945151,0.00030132465,0.00030528128,0.9960989,0.00061948615,0.00148053
ed1nk9w,joy,joy,0.0030178553,0.0002869625,0.00048544016,0.9890723,0.0042278483,0.0029095507
ed1nwum,joy,joy,0.002006728,0.0002552501,0.00024297951,0.9944727,0.0008715346,0.0021508792
ed1o6kr,joy,joy,0.0034018871,0.00077083183,0.0012450197,0.9405452,0.0030819178,0.050955143
ed1o8as,anger,surprise,0.40698949,0.006326063,0.0030056464,0.015371297,0.019071575,0.54923594
ed1oe5m,joy,surprise,0.011785201,0.0027316744,0.0026934254,0.2161032,0.010045073,0.7566415
ed1oqp2,joy,joy,0.0010712044,0.0003190783,0.00027635734,0.99687445,0.00062774273,0.00083114905
ed1pbs7,joy,joy,0.0018249293,0.0004130506,0.0003823177,0.9956434,0.0006517518,0.0010845871
ed1qabw,joy,joy,0.0031066504,0.00035998668,0.00028469466,0.99413574,0.0011172232,0.0009956376
ed1r3w5,joy,joy,0.17478484,0.005940121,0.0041782996,0.45458746,0.3242032,0.03630612
ed1rede,joy,joy,0.012680371,0.00081012206,0.0011436826,0.9620571,0.0033391828,0.01996954
ed1rkrc,joy,joy,0.0151981115,0.0013350672,0.0013076593,0.97386116,0.0041057975,0.004192305
ed1rogi,sadness,joy,0.20773062,0.004353885,0.012659646,0.57313925,0.028590877,0.17352566
ed1uam2,sadness,sadness,0.019777553,0.0054753018,0.00261518,0.028240604,0.9394303,0.004461089
ed1ug1u,disgust,disgust,0.029671863,0.87730384,0.05586882,0.0066044475,0.021696929,0.008854161
ed1uk25,joy,joy,0.0012893736,0.0003216451,0.00021067944,0.996431,0.0005433196,0.0012040585
ed1vt17,surprise,sadness,0.010965982,0.0045821457,0.034527756,0.0074135214,0.9011167,0.041393876
ed1vydj,joy,joy,0.0023902478,0.0005374246,0.00034332363,0.99510264,0.00048349256,0.0011427479
ed1yl2h,surprise,surprise,0.0037084618,0.0016187101,0.0023220286,0.0074403975,0.004950235,0.97996014
ed1yphu,joy,joy,0.0026441945,0.000467618,0.000528995,0.9737519,0.0014853232,0.021121915
ed1zcta,joy,joy,0.0009812802,0.0003195725,0.00034256445,0.9966605,0.00044780716,0.0012483498
ed1zou9,joy,joy,0.0010868341,0.00028621915,0.0002952892,0.9966702,0.0007508112,0.00091066194
ed204us,joy,joy,0.0010554547,0.00028968923,0.00026225558,0.9967,0.0006402142,0.0010522902
ed206y8,anger,surprise,0.35234028,0.006499556,0.0028675445,0.2007264,0.02613425,0.4114319
ed2098z,anger,anger,0.42438874,0.040212516,0.14575642,0.02233527,0.22347666,0.14383028
ed21q30,joy,joy,0.0010572623,0.00024487404,0.00034986768,0.99618995,0.00084449805,0.0013135988
ed22fxd,anger,anger,0.9655894,0.0076641,0.001218767,0.0085456325,0.0057575605,0.01122459
ed23alq,joy,joy,0.0018724586,0.00054770435,0.00048659582,0.9951018,0.0007340126,0.0012574041
ed23gzu,joy,joy,0.0009894695,0.00031723638,0.00030803573,0.9970023,0.00044016744,0.00094280066
ed23jo6,anger,anger,0.978609,0.006979574,0.001095583,0.007832878,0.0025271846,0.0029558532
ed244kw,surprise,surprise,0.0056003565,0.001847139,0.0017000283,0.015533613,0.008692789,0.96662605
ed24bw7,fear,fear,0.010740825,0.017742408,0.82573986,0.010035715,0.027946496,0.107794605
ed24wv0,joy,joy,0.0020710195,0.0003153394,0.00036909332,0.9950246,0.0005690494,0.001650794
ed25izo,joy,joy,0.0028869128,0.00047252077,0.00030546854,0.99426335,0.0005618807,0.0015098747
ed261nh,anger,anger,0.96195,0.019204037,0.001610595,0.0047908043,0.0072998106,0.0051447554
ed26ill,surprise,joy,0.0026083456,0.00031320722,0.00056152174,0.98555785,0.0028564767,0.008102654
ed27ukk,surprise,surprise,0.0030717072,0.0017742421,0.0024789218,0.005683721,0.0033398555,0.9836516
ed28149,joy,surprise,0.008118479,0.0030970725,0.0037147417,0.01455026,0.006489164,0.9640303
ed28bqh,joy,joy,0.0021017613,0.00047685625,0.00028469646,0.9954,0.00052391924,0.0012127978
ed28fsu,joy,joy,0.25242716,0.008152371,0.0033113218,0.5918825,0.12900378,0.015222807
ed296f1,joy,joy,0.0009976241,0.00029494212,0.0003282945,0.9968591,0.00064588856,0.0008741305
ed2a9g2,anger,anger,0.5651035,0.008575203,0.0052532465,0.11671471,0.11802508,0.18632828
ed2aawp,sadness,fear,0.0390498,0.07510222,0.47056785,0.025146345,0.34442982,0.045703918
ed2ard6,anger,anger,0.5772781,0.009780465,0.004512018,0.051058635,0.061167527,0.29620323
ed2avfo,joy,joy,0.0011037361,0.00031504498,0.00026269953,0.99678314,0.000650097,0.00088528445
ed2bdjs,joy,joy,0.0010946239,0.00031285654,0.0003099994,0.99676776,0.0007795648,0.0007351596
ed2c5z3,anger,sadness,0.015603311,0.0074770786,0.004846802,0.009322612,0.9594582,0.0032919468
ed2cflc,joy,joy,0.2027572,0.0020544822,0.0014003686,0.7730776,0.011978971,0.008731401
ed2cg6g,sadness,fear,0.0147095155,0.012281192,0.8857304,0.026575308,0.026126685,0.034576885
ed2cvhn,joy,joy,0.008608837,0.00040471953,0.00086544984,0.9787435,0.0023324774,0.009045045
ed2d7m6,joy,joy,0.0011523247,0.00036298344,0.0002632499,0.9967638,0.00059477467,0.00086278387
ed2enk8,sadness,sadness,0.0049364655,0.003365245,0.0048156134,0.0047342093,0.9778495,0.004299072
ed2er9u,surprise,surprise,0.08245548,0.0044088596,0.0031719941,0.008243175,0.020159207,0.88156134
ed2ezq6,sadness,joy,0.008941352,0.0020752135,0.006680523,0.5596311,0.41349265,0.009179195
ed2feug,surprise,surprise,0.0032902525,0.0016413598,0.001940554,0.011838502,0.0035425539,0.9777468
ed2fzs7,joy,joy,0.09538536,0.0018105878,0.0013888947,0.83047086,0.01483878,0.056105558
ed2i5q7,joy,joy,0.024834655,0.0013536852,0.00082327204,0.9651272,0.0038520906,0.004008972
ed2itjq,joy,joy,0.0010052127,0.00025199674,0.0002776724,0.9959031,0.0005899652,0.001972076
ed2jgez,joy,joy,0.0044975644,0.0006872164,0.0008731275,0.97404927,0.011920753,0.007971949
ed2jw1e,joy,joy,0.005451995,0.0005137951,0.0002883464,0.9915332,0.0008384056,0.0013742188
ed2lpu7,joy,joy,0.004445229,0.00033979988,0.00026998663,0.9918738,0.0016063582,0.001464791
ed2lqdj,anger,surprise,0.19733274,0.005255506,0.0045303022,0.14716867,0.045872234,0.5998405
ed2lszn,joy,joy,0.00148232,0.00030821952,0.0003734838,0.9953241,0.0003692602,0.0021426794
ed2me0o,joy,joy,0.0057020993,0.0006645894,0.0008830587,0.9755729,0.010358316,0.006818993
ed2nta5,joy,joy,0.0013909966,0.00036241076,0.00034574076,0.9956119,0.0004477494,0.0018411621
ed2p75a,anger,anger,0.7898646,0.022372538,0.017176863,0.031023405,0.018306516,0.12125603
ed2p8pq,joy,joy,0.0012241735,0.00037556575,0.00028544108,0.9965749,0.0004616065,0.0010783771
ed2pqq3,joy,joy,0.0010708075,0.00030481175,0.00030259605,0.9965084,0.00076208357,0.0010511974
ed2rv9z,anger,anger,0.9492859,0.027586611,0.0017216523,0.007415497,0.009619217,0.004371075
ed2s7n8,anger,surprise,0.02888664,0.0019344564,0.0017159481,0.19887894,0.007320649,0.7612634
ed2sb00,joy,joy,0.001062603,0.00034402718,0.00034299426,0.9967976,0.0004468975,0.0010058872
ed2sjal,sadness,anger,0.79384947,0.009195001,0.0016225623,0.040536985,0.13403754,0.020758376
ed2t2rw,joy,joy,0.0011501816,0.00025844027,0.0003186756,0.99655294,0.0005848049,0.0011349461
ed2u4oi,joy,joy,0.051782608,0.00911186,0.0048481715,0.8653951,0.057242453,0.011619843
ed2uvxe,joy,joy,0.0039900835,0.00042985685,0.0005605917,0.99046344,0.0012803754,0.0032757812
ed2uzwu,joy,joy,0.0032063962,0.000539391,0.00083570974,0.9887828,0.003842406,0.0027932792
ed2v1mt,surprise,surprise,0.009658534,0.0019449375,0.002143604,0.0038221236,0.0045363023,0.97789454
ed2v6t1,sadness,joy,0.106349394,0.0031986588,0.0057581905,0.6421955,0.1878517,0.054646518
ed2w1i7,joy,joy,0.0022035057,0.00040161284,0.00035770892,0.9920997,0.00063310046,0.0043043643
ed2w7d9,joy,joy,0.0066289967,0.00085967896,0.00040701256,0.96480733,0.0015876981,0.025709296
ed2xmwq,joy,joy,0.0010706275,0.00037313622,0.00040432235,0.9963922,0.0004354692,0.00132427
ed2yjwn,joy,joy,0.0018831077,0.00046744823,0.0004677432,0.9827381,0.0013749778,0.013068635
ed2z82h,anger,anger,0.6554507,0.008042464,0.0025125165,0.02729505,0.03941806,0.26728123
ed2zw99,joy,joy,0.0019804798,0.00031660794,0.0002300904,0.99532336,0.000974732,0.001174766
ed30018,surprise,joy,0.0044584624,0.00090580096,0.0011051159,0.96550614,0.0016107414,0.026413675
ed303ns,anger,anger,0.7532027,0.0085702455,0.001701476,0.03206146,0.16428022,0.040183935
ed3047j,anger,anger,0.96920156,0.0071306396,0.0008336013,0.0075700893,0.008882843,0.0063812626
ed30q3l,joy,joy,0.0024081788,0.00047693058,0.00030999442,0.9925079,0.002383449,0.0019135239
ed30v0e,joy,joy,0.0018099406,0.00039146407,0.0002971612,0.9949896,0.00075163826,0.0017601913
ed31viz,joy,joy,0.0015551209,0.00030271552,0.00025129982,0.9965283,0.00048370296,0.0008788487
ed31w3v,joy,joy,0.001601795,0.0004983119,0.0002981777,0.9954431,0.00059664866,0.0015619893
ed31y70,joy,joy,0.0015201325,0.00033587852,0.00025893716,0.99629825,0.0006585559,0.0009282318
ed33k6t,joy,joy,0.0015980649,0.00027922346,0.0002765938,0.9955232,0.0005476696,0.0017753409
ed33lzc,joy,joy,0.0013068026,0.0003450242,0.0003322503,0.9957202,0.0004454994,0.0018502199
ed33s33,joy,joy,0.001146607,0.0003331009,0.00031587118,0.9961002,0.0004319123,0.0016722465
ed35y7q,joy,anger,0.732122,0.03674675,0.023985863,0.10489037,0.093145184,0.009109845
ed365n1,disgust,disgust,0.111711465,0.8241206,0.023078687,0.012946529,0.020037917,0.008104872
ed37bzj,joy,joy,0.0010574239,0.0003659559,0.00032277516,0.9969392,0.00042755395,0.0008871345
ed37ku5,sadness,joy,0.0010082648,0.00044398863,0.00047129992,0.9928135,0.0017526037,0.003510282
ed387mx,joy,joy,0.001713087,0.00034648934,0.00036691586,0.99583435,0.000411395,0.0013276663
ed39pc0,joy,joy,0.0009559775,0.0003292045,0.00024935024,0.9966608,0.0005966919,0.0012079964
ed3a0gd,joy,joy,0.004459305,0.00062377827,0.00066907634,0.97114235,0.0015691806,0.02153633
ed3axr6,sadness,sadness,0.008613399,0.003479723,0.0029103176,0.009530754,0.9705455,0.0049204365
ed3b8ic,joy,joy,0.008594512,0.0034331004,0.005560053,0.9733052,0.0023026566,0.0068043917
ed3behi,joy,joy,0.005104356,0.00066765555,0.00079300656,0.9852468,0.0013129283,0.0068752193
ed3ck2o,sadness,sadness,0.006444217,0.0021934318,0.0058901575,0.041249994,0.9375361,0.0066861357
ed3csso,surprise,surprise,0.018074201,0.0022692282,0.0028609042,0.0064012166,0.011126289,0.9592683
ed3cvxm,joy,joy,0.0012146836,0.00039803603,0.00033502447,0.99654514,0.00065754476,0.0008495769
ed3d2f3,joy,joy,0.0012132352,0.00030020843,0.00027082724,0.996412,0.00040986168,0.0013938779
ed3flyg,joy,joy,0.0014482604,0.00032250342,0.00031877472,0.995514,0.00097438385,0.0014221745
ed3frbd,joy,sadness,0.0153613025,0.0035153248,0.005940215,0.023846649,0.9398378,0.011498596
ed3hcqs,joy,joy,0.0013958422,0.00033657122,0.0002738205,0.9962149,0.00044390923,0.0013349784
ed3hg8c,joy,joy,0.0009949616,0.0002654468,0.00030351948,0.99647623,0.0009632303,0.0009965132
ed3hzya,joy,joy,0.0009497405,0.00030333406,0.00026993913,0.9963225,0.00047634073,0.0016781705
ed3j3oh,anger,anger,0.72070765,0.011483341,0.0035490051,0.07176957,0.085438535,0.10705191
ed3k0i8,sadness,anger,0.92433506,0.011126176,0.010899007,0.018698858,0.013254239,0.021686584
ed3kma7,joy,joy,0.0013788458,0.00031070708,0.00024768306,0.9948968,0.00049684435,0.0026690206
ed3kmdl,joy,joy,0.00596838,0.0005465167,0.0009050488,0.9764531,0.0059642373,0.010162747
ed3kozy,joy,joy,0.09520506,0.0027508696,0.003068498,0.72633946,0.03501274,0.13762332
ed3ksp2,anger,anger,0.6055548,0.12317846,0.007980268,0.22465155,0.024973426,0.013661467
ed3kymg,joy,joy,0.0009693272,0.0003218027,0.0004218143,0.9961771,0.00036192572,0.0017481142
ed3lf65,anger,surprise,0.03974121,0.0039051923,0.009831078,0.06756632,0.02049649,0.8584597
ed3ljgc,joy,joy,0.0011990503,0.00035389682,0.0002451779,0.996747,0.0005950154,0.0008598828
ed3lkc6,sadness,sadness,0.03007313,0.027614335,0.009135976,0.011389866,0.91765726,0.004129473
ed3n9hh,joy,joy,0.00093198667,0.0002945903,0.00034349496,0.99675876,0.00088435604,0.00078685477
ed3ngub,joy,joy,0.0010979212,0.00034710122,0.00036402149,0.9966607,0.00043664107,0.0010936289
ed3nqzv,joy,joy,0.0015541345,0.00035870163,0.00024406033,0.9960681,0.0007556487,0.0010192526
ed3nz70,surprise,surprise,0.0038167736,0.001564574,0.0024964213,0.0037464357,0.003921559,0.9844542
ed3opv4,joy,anger,0.8960846,0.012419902,0.0011104116,0.06597398,0.013056518,0.011354615
ed3p9im,joy,joy,0.0017920762,0.00045250196,0.00045392718,0.9954726,0.00080341176,0.0010254325
ed3ptc8,joy,joy,0.0011169865,0.00029634027,0.00025290824,0.99684,0.00050243404,0.0009913469
ed3pyfz,joy,joy,0.0039923834,0.00056092156,0.0010074481,0.99111384,0.0013613389,0.0019641053
ed3qj00,joy,joy,0.0013153036,0.00029097722,0.0002576691,0.99603456,0.0010203103,0.0010811439
ed3rllp,joy,joy,0.0010366378,0.00024218793,0.00024547105,0.9966112,0.00055441493,0.0013101174
ed3rmp5,surprise,surprise,0.016453752,0.0039383397,0.0054417024,0.0026210889,0.0061335657,0.9654116
ed3t0o9,disgust,anger,0.5312205,0.4240752,0.009016505,0.005041524,0.022967149,0.0076791407
ed3t4dd,joy,joy,0.001645154,0.00038194782,0.00029940915,0.9958215,0.000370677,0.0014813229
ed3u5xj,surprise,surprise,0.007132243,0.002034777,0.003430593,0.0026804577,0.0037742879,0.98094773
ed3u6vw,anger,anger,0.6210783,0.0064737964,0.0019817997,0.30002367,0.021750987,0.048691392
ed3u83p,joy,anger,0.43645453,0.018306091,0.0023635754,0.12592614,0.38661268,0.030336944
ed3u8la,joy,joy,0.0009403275,0.0003824167,0.00037124247,0.9969422,0.00043464795,0.00092912733
ed3u8tz,joy,joy,0.0033602184,0.00040983668,0.00029181666,0.98992634,0.0017035701,0.0043082186
ed3uqb6,joy,joy,0.0023937928,0.00040940667,0.00035082738,0.9873974,0.001145336,0.008303229
ed3vje8,joy,joy,0.074647576,0.0022881674,0.0024987692,0.6655008,0.010470515,0.24459416
ed3vol0,joy,joy,0.0013376389,0.00040155716,0.0005253579,0.99347985,0.0025283918,0.0017272531
ed3w0ka,surprise,anger,0.8176314,0.0061567677,0.0019611253,0.02311603,0.014977152,0.13615759
ed3w16s,joy,sadness,0.09769546,0.0052033183,0.007091727,0.1381695,0.72310024,0.028739832
ed3w5cd,joy,joy,0.032199718,0.0017410753,0.001130534,0.95904285,0.0023218645,0.0035639063
ed3wlxw,joy,joy,0.0020662425,0.00033814847,0.00045267568,0.9911794,0.0030489578,0.0029146469
ed3wu6q,joy,joy,0.0023451403,0.00026626102,0.00022377273,0.9947248,0.0009974249,0.0014426141
ed3xacm,fear,surprise,0.20589845,0.009346825,0.0054253964,0.013535141,0.12615119,0.63964295
ed3xhie,joy,joy,0.003479547,0.00029294463,0.0004348426,0.99202853,0.0014606899,0.0023034764
ed3xofi,anger,anger,0.9755765,0.0067321355,0.0007670291,0.0076564457,0.0048416466,0.0044262605
ed3yxmw,joy,sadness,0.047337644,0.0060629547,0.024667315,0.42087504,0.45959365,0.041463498
ed3z9cr,sadness,sadness,0.00596322,0.004020698,0.0026299194,0.008572995,0.97280914,0.006004124
ed3zin2,joy,joy,0.0028277603,0.00039373242,0.00046520217,0.9749737,0.0035290702,0.01781063
ed3zuxc,surprise,surprise,0.0039326535,0.0010407976,0.0014220685,0.006771969,0.0037235513,0.98310906
ed41i01,joy,joy,0.00097468396,0.00033874126,0.00027698337,0.99700135,0.0005129302,0.0008953048
ed41saf,joy,joy,0.0034523257,0.0005750933,0.00046719477,0.99040633,0.002520453,0.0025785365
ed42at1,joy,joy,0.0011811767,0.00036335023,0.00028180462,0.99669313,0.0007651942,0.00071536994
ed43afz,surprise,surprise,0.004593995,0.0017824662,0.0020169336,0.0101097,0.0033374089,0.97815955
ed43zcu,joy,joy,0.001551195,0.00040982233,0.00044892423,0.9949562,0.0006245649,0.0020093052
ed457ta,anger,anger,0.96581775,0.011536319,0.0007570801,0.010642862,0.004813258,0.006432607
ed46dud,anger,fear,0.063700706,0.06322706,0.78415114,0.017886156,0.047997724,0.023037165
ed46ppj,joy,joy,0.0013188957,0.00043924488,0.00051902374,0.99623483,0.00052182365,0.00096617243
ed4825m,surprise,surprise,0.043094367,0.0030093875,0.0041962364,0.042324614,0.015937457,0.8914379
ed497m1,anger,sadness,0.019728811,0.019087173,0.010299049,0.007928092,0.93950754,0.0034494188
ed49941,joy,surprise,0.07559027,0.0026854395,0.007022541,0.38650545,0.10951725,0.418679
ed49opj,joy,joy,0.0017482935,0.0004850763,0.00029058746,0.99462456,0.00069921074,0.0021522685
ed4agd9,joy,joy,0.0012306265,0.00032002042,0.00028213655,0.99656796,0.00042375686,0.0011753783
ed4ail4,joy,joy,0.001092032,0.00029565505,0.00031116273,0.99658954,0.00095799356,0.00075357384
ed4bn3b,anger,joy,0.28809872,0.0042334977,0.0016725144,0.6004912,0.059270553,0.046233483
ed4bvt7,joy,joy,0.0020829244,0.00038364387,0.00031269892,0.995593,0.00059556676,0.0010321233
ed4ci05,sadness,surprise,0.054713532,0.0041847914,0.0074335863,0.017805377,0.16895944,0.74690324
ed4cjqt,joy,joy,0.011085992,0.0011494416,0.0011318974,0.9828157,0.0016812999,0.002135754
ed4cqc1,joy,joy,0.0010300932,0.00033328816,0.00028918826,0.99651283,0.00043448206,0.0014001352
ed4d9uw,joy,joy,0.00097482436,0.00034408172,0.00035114496,0.9967623,0.00085781637,0.0007098738
ed4dchb,joy,joy,0.007905705,0.0008679279,0.0014819726,0.94089174,0.0039566183,0.044896014
ed4dhnu,joy,anger,0.9427989,0.003353587,0.0009460146,0.0332118,0.011226068,0.00846364
ed4dz7d,joy,joy,0.0017801825,0.0003735389,0.0004049212,0.9945457,0.0007411629,0.0021544998
ed4ewaz,joy,joy,0.0012707646,0.00028456261,0.00023216664,0.9947535,0.00077079743,0.0026882212
ed4ezj0,joy,joy,0.0074514737,0.0004213955,0.0003201761,0.987887,0.0010823427,0.0028376111
ed4fwha,joy,joy,0.0011568092,0.00031905712,0.00025511938,0.996527,0.0004529357,0.0012890532
ed4glqk,joy,joy,0.0018235473,0.00027358267,0.0003211701,0.9955433,0.0007928663,0.0012455144
ed4grpn,anger,anger,0.8689318,0.008454168,0.0014022683,0.10072388,0.0054667895,0.01502114
ed4gvqm,joy,joy,0.0044549466,0.00033057795,0.0004594486,0.9887432,0.0016008773,0.00441102
ed4gxf4,joy,joy,0.0014064291,0.00027557337,0.00027540838,0.99610955,0.00044707587,0.001485979
ed4i43g,joy,anger,0.89527094,0.03061712,0.0025467156,0.015816681,0.0521373,0.0036112687
ed4irw8,joy,joy,0.0021336598,0.0003514092,0.00027528932,0.99529344,0.00073582534,0.0012103234
ed4j9h3,surprise,anger,0.4676798,0.0040233014,0.006617879,0.062939644,0.018021747,0.4407176
ed4jdkg,joy,joy,0.0010790394,0.00034231582,0.0003070232,0.99682033,0.0004426682,0.0010086641
ed4ji7m,joy,joy,0.0636428,0.0039374195,0.0010133387,0.91787595,0.004989729,0.00854072
ed4kh5u,joy,joy,0.0015944106,0.00045055398,0.00031224443,0.9960193,0.00045456388,0.0011688671
ed4khh4,joy,joy,0.0023568869,0.0005145924,0.0006755515,0.97482204,0.0029892186,0.018641662
ed4l7uw,joy,joy,0.0018425334,0.0004930426,0.00086498674,0.99247193,0.0010939529,0.0032335524
ed4li98,joy,joy,0.0009323043,0.00030156635,0.00033187453,0.9954852,0.0012984446,0.0016507312
ed4m519,joy,anger,0.47994328,0.0032470932,0.0035330558,0.3810846,0.07453954,0.0576525
ed4mu0b,joy,joy,0.017210424,0.001817341,0.0011225442,0.97335625,0.0031966385,0.0032968293
ed4n562,joy,anger,0.42408186,0.004064009,0.0040125423,0.34074304,0.073480695,0.15361784
ed4n9ok,joy,joy,0.0045062853,0.00039555065,0.0002782497,0.99039537,0.0012846789,0.0031398998
ed4ngnx,joy,joy,0.010833053,0.0007141723,0.0004003235,0.981891,0.002318193,0.0038433217
ed4ngrr,joy,joy,0.0010926134,0.00028292733,0.00024650287,0.9964729,0.0006803547,0.0012246257
ed4o6ox,surprise,surprise,0.0024644337,0.0011868007,0.0024579815,0.017416246,0.0031741231,0.97330034
ed4p2ge,joy,joy,0.0027826286,0.00067989266,0.0010053137,0.93787175,0.0018303043,0.05583018
ed4pgaa,joy,joy,0.0010514959,0.00029832838,0.0002971795,0.9964715,0.0006725111,0.0012090016
ed4ps0g,joy,joy,0.0017050104,0.00035940122,0.0002861988,0.9941835,0.00047909218,0.0029867943
ed4q8kt,anger,anger,0.9701222,0.016653365,0.0012854009,0.0062715802,0.0036310207,0.002036384
ed4qysw,joy,joy,0.0043513924,0.001058381,0.00045697502,0.9909638,0.0008833695,0.0022860977
ed4rh59,joy,joy,0.0010144599,0.00033600844,0.00028958006,0.9959881,0.0006165648,0.0017553144
ed4rpi7,joy,joy,0.013570394,0.00075439806,0.0013812579,0.96684307,0.011135981,0.0063148225
ed4rtgx,sadness,sadness,0.003164479,0.0030052743,0.00447909,0.010382713,0.97119987,0.007768469
ed4s6jh,joy,surprise,0.0039194003,0.0016371119,0.003141945,0.1364935,0.0038789907,0.850929
ed4tq85,joy,joy,0.0011477113,0.0003384284,0.0002929907,0.9967044,0.0005946864,0.00092170713
ed4tsd6,joy,joy,0.0027773355,0.0007733779,0.0021295892,0.9859205,0.003788524,0.0046106908
ed4u48z,anger,anger,0.965046,0.012777723,0.000983802,0.008196226,0.008064591,0.004931643
ed4uwpe,joy,joy,0.0009964103,0.0003263858,0.0003023669,0.9968989,0.00068445184,0.00079151645
ed4v7ll,joy,joy,0.0010209436,0.00033498538,0.00042455585,0.9958484,0.00060151116,0.0017695632
ed4vaif,surprise,surprise,0.014323057,0.0035344276,0.0021096168,0.012553014,0.031652283,0.9358276
ed4vdlt,sadness,sadness,0.14632216,0.021042883,0.011690793,0.02778865,0.73181856,0.061336916
ed4vehz,anger,anger,0.97109115,0.008843205,0.00069769024,0.010492502,0.00420551,0.004669824
ed4vtot,disgust,disgust,0.21363015,0.66553473,0.07295644,0.009721817,0.024937069,0.013219779
ed4vuvt,joy,joy,0.0011560386,0.00043532057,0.00034506546,0.9966137,0.00047573942,0.00097420556
ed4w08k,surprise,surprise,0.004588961,0.0012910602,0.001928656,0.0046563554,0.003907708,0.9836272
ed4w2oh,joy,fear,0.11816064,0.030566985,0.26170018,0.24867378,0.25989008,0.081008345
ed4wcfc,joy,joy,0.0013253684,0.00023480218,0.00025033255,0.9960562,0.00069041754,0.0014428115
ed4x1ys,joy,joy,0.00087742193,0.0003139341,0.00032950816,0.99688125,0.0007639232,0.0008340215
ed4xeax,joy,joy,0.0018886094,0.0004635384,0.0002951141,0.99577135,0.00062275515,0.0009587104
ed4y8ts,fear,fear,0.015702453,0.02450995,0.91015744,0.010914673,0.016313449,0.022401977
ed4ykdw,anger,anger,0.9369179,0.0034213732,0.0012558808,0.033501454,0.008783204,0.016120223
ed4zp0x,joy,joy,0.0015886715,0.0004592339,0.00033629412,0.99194443,0.0011376365,0.004533747
ed50buf,joy,joy,0.0022097887,0.0004531601,0.00032104301,0.99478877,0.00046180267,0.0017653462
ed50tbz,sadness,anger,0.7936684,0.015038093,0.0028405744,0.121238425,0.040364917,0.026849696
ed50uka,joy,joy,0.0018696488,0.00032919346,0.00054562395,0.9918978,0.0032571822,0.0021005154
ed51215,sadness,sadness,0.004053234,0.0035047657,0.004145567,0.00823163,0.976266,0.003798668
ed5129w,joy,joy,0.001252057,0.00035389722,0.00038215867,0.9964545,0.00054312235,0.0010143068
ed5164a,joy,surprise,0.0068153436,0.0013892452,0.0019500876,0.007704692,0.0034061822,0.9787345
ed519h8,joy,joy,0.0023850363,0.0004439974,0.0005141599,0.9942064,0.001260036,0.0011903264
ed51dkf,joy,joy,0.0081212055,0.00079195364,0.00045445337,0.98714453,0.0012240128,0.0022639283
ed51i23,surprise,surprise,0.0067628897,0.0015166455,0.0020528324,0.0032899117,0.004416271,0.9819614
ed53dgo,joy,joy,0.0010170867,0.00032509497,0.00025076466,0.99658775,0.0006152902,0.0012040016
ed53r1b,joy,joy,0.0014499859,0.0004018467,0.00031364916,0.9963374,0.0006257278,0.00087134825
ed54i5q,joy,joy,0.0017048653,0.00051317323,0.00079843955,0.9942766,0.00064907846,0.0020579118
ed54is7,anger,anger,0.95993227,0.013676855,0.0012406445,0.010460857,0.0079144165,0.0067749517
ed55p4p,surprise,surprise,0.0054571712,0.0013770272,0.0018698282,0.0036633331,0.0049276142,0.98270506
ed56bg7,surprise,fear,0.041637417,0.00801429,0.3103412,0.12291804,0.21855812,0.2985309
ed57mql,joy,joy,0.0068962006,0.0014004878,0.0020560245,0.9823048,0.003303489,0.004038994
ed59e5q,surprise,surprise,0.007991357,0.0021706987,0.0021598877,0.049315415,0.0050503677,0.9333123
ed5apbb,sadness,sadness,0.03434647,0.003958242,0.0024554746,0.09269231,0.85687,0.009677507
ed5c5qg,joy,joy,0.0025589168,0.00033363505,0.0006270443,0.98609227,0.0020833001,0.00830487
ed5c6jr,anger,anger,0.9719053,0.0053225323,0.0013001597,0.011955511,0.0034063375,0.006110154
ed5cchn,joy,joy,0.0013593223,0.00027004557,0.0002017901,0.9959799,0.00070604804,0.0014829085
ed5cew6,joy,joy,0.2850463,0.0028585875,0.0050397813,0.58974034,0.093273014,0.024041945
ed5chhu,joy,joy,0.00092988665,0.0002797023,0.00031558576,0.99651366,0.0010815903,0.0008796328
ed5fidl,sadness,disgust,0.2781243,0.3477981,0.01580426,0.0049487874,0.3427409,0.0105837
ed5gbdl,joy,joy,0.0015314344,0.00039981163,0.00035006087,0.9961248,0.0005444048,0.0010495053
ed5gjn6,sadness,anger,0.92616254,0.005718462,0.0009309998,0.024759158,0.016304549,0.026124287
ed5h3jh,joy,joy,0.001786548,0.0003081748,0.00030984543,0.9955622,0.0006443138,0.0013890024
ed5hv09,joy,joy,0.0015934802,0.00031318745,0.00031263087,0.9958075,0.00065995404,0.0013132648
ed5iwyw,joy,joy,0.0014374373,0.00030475954,0.00024110418,0.9966001,0.00047933543,0.0009373425
ed5jdri,joy,joy,0.011479903,0.0006685735,0.00038367507,0.9776193,0.0016164319,0.00823214
ed5kemm,joy,anger,0.8020352,0.017985458,0.0017329511,0.13044345,0.040954903,0.0068480615
ed5kjbn,anger,anger,0.8995274,0.0040728124,0.0028172936,0.027828112,0.017072087,0.048682287
ed5kt98,anger,anger,0.9658084,0.0046753488,0.00096913165,0.016659567,0.005276832,0.0066108145
ed5mopu,joy,joy,0.001986983,0.00032063678,0.00032740043,0.99516004,0.0007273019,0.001477604
ed5nedq,joy,joy,0.0023806083,0.00030178463,0.00024169424,0.99482346,0.0010738765,0.0011785941
ed5o8h3,joy,joy,0.0011541874,0.00033242832,0.00026350716,0.99672973,0.0007561745,0.00076391967
ed5ohzm,anger,anger,0.975417,0.006531643,0.0009082081,0.007955194,0.0047632395,0.004424632
ed5q6lg,joy,joy,0.010066106,0.0005288589,0.00033618946,0.9824363,0.0032546308,0.0033778606
ed5qrbs,joy,joy,0.0010796508,0.00034728117,0.00025373115,0.9968184,0.0006153865,0.0008854344
ed5r5ys,surprise,surprise,0.1959428,0.01168987,0.0046287943,0.2868341,0.07105965,0.42984486
ed5rfsq,joy,joy,0.096243024,0.008824313,0.0032967615,0.4910924,0.3910441,0.009499406
ed5rghn,joy,joy,0.0019173565,0.00033825397,0.00024288261,0.99573946,0.00066097715,0.0011010818
ed5rqvs,surprise,surprise,0.0074391062,0.0013831307,0.0026693577,0.068880774,0.019032903,0.9005948
ed5ssis,surprise,fear,0.030617343,0.015083182,0.7520838,0.06783333,0.051940173,0.082442194
ed5sxk3,joy,surprise,0.026589058,0.0034008506,0.00808778,0.28120786,0.010007298,0.67070717
ed5te14,joy,joy,0.0038767993,0.00086636504,0.00043805118,0.9927995,0.00067708944,0.0013422018
ed5uvsf,anger,anger,0.58801746,0.036550574,0.010857506,0.15426102,0.029027285,0.18128616
ed5uxoi,anger,sadness,0.038648408,0.006692392,0.020820303,0.016026538,0.86205316,0.055759206
ed5vrtj,joy,joy,0.021753144,0.0011664134,0.0011653611,0.96854454,0.0018691212,0.0055014277
ed5wdvt,joy,joy,0.0011191376,0.00033665975,0.00025244374,0.9968299,0.0005066724,0.00095515675
ed5x2y2,surprise,surprise,0.0046493406,0.003185058,0.0046240008,0.10237791,0.004058186,0.8811055
ed5x4vk,joy,disgust,0.22203176,0.45579287,0.052051764,0.07346756,0.09058399,0.10607206
ed5xoxn,sadness,sadness,0.010036092,0.0032971574,0.0031564222,0.011419475,0.9673734,0.0047175
ed5y1vl,joy,joy,0.04639321,0.0017608379,0.001679391,0.93947953,0.005080008,0.005607107
ed5yi9d,joy,joy,0.001969673,0.00032340092,0.0006362714,0.99139917,0.0011759623,0.004495493
ed5yoh2,joy,joy,0.009995042,0.0009597615,0.0004638369,0.9832327,0.002550845,0.0027978108
ed5zozk,anger,anger,0.635817,0.0071954457,0.0014973124,0.058238175,0.112693764,0.18455826
ed5zz4b,joy,joy,0.0023568422,0.00029685601,0.00027407575,0.99280244,0.0005704448,0.0036992452
ed602cu,joy,joy,0.0019385994,0.00039767497,0.0002525717,0.9957575,0.00059546984,0.0010581502
ed60b0e,joy,anger,0.9389272,0.003887167,0.0006929899,0.024659265,0.015589345,0.016244104
ed60dv8,surprise,surprise,0.00359924,0.0013594981,0.0020028977,0.007636446,0.0040774946,0.9813245
ed615w6,sadness,sadness,0.006940378,0.0046376004,0.028101182,0.02966174,0.8900631,0.040595986
ed61od8,surprise,surprise,0.099238284,0.0044671455,0.0027183017,0.0102460915,0.013010522,0.8703196
ed61u1q,anger,anger,0.9737802,0.0075408705,0.0010811053,0.010735309,0.0034082835,0.0034541844
ed622jn,joy,joy,0.24553142,0.0047156517,0.0024362444,0.7131867,0.02456323,0.009566757
ed622n1,joy,joy,0.0026671265,0.0004648469,0.00032209043,0.99430275,0.00044532178,0.0017978474
ed62fhl,joy,joy,0.040052745,0.02990648,0.034656532,0.53705496,0.3176103,0.040718995
ed63eol,joy,joy,0.0024038444,0.0004308633,0.0003779391,0.9945322,0.0004677724,0.0017873005
ed63qhm,joy,joy,0.0015250716,0.0004246938,0.00042145455,0.9954841,0.00068420736,0.0014605375
ed65r76,joy,joy,0.001064438,0.0003407933,0.00029657898,0.99695337,0.00045365765,0.0008912248
ed65yap,joy,joy,0.002633395,0.00044777765,0.000314352,0.99478686,0.0005610801,0.0012566209
ed66hh7,joy,joy,0.00252437,0.0006993033,0.0004850598,0.9906178,0.0040955488,0.0015779653
ed66vje,joy,surprise,0.026708128,0.0033001734,0.019109253,0.28067443,0.050359968,0.619848
ed67mlu,anger,anger,0.90857464,0.043011386,0.005676228,0.006135456,0.01796443,0.018637931
ed68a90,anger,joy,0.044055726,0.001166304,0.0004497965,0.94430685,0.0031495523,0.0068718153
ed68crg,joy,joy,0.0023333458,0.00046939793,0.00034719484,0.9943089,0.0013072618,0.0012338826
ed68elf,surprise,surprise,0.0061371,0.0011452843,0.0014004408,0.056714885,0.009179093,0.92542315
ed68etr,joy,joy,0.008415768,0.0006144861,0.000834479,0.96688753,0.006810141,0.016437627
ed6apxa,joy,joy,0.0011756885,0.00033708158,0.00031408735,0.9967422,0.00050148123,0.00092951284
ed6awse,joy,joy,0.0019412644,0.000401802,0.00042935362,0.9952766,0.0006755183,0.0012754722
ed6b8kh,joy,joy,0.001141378,0.00036001485,0.00033982127,0.9967693,0.0005831782,0.0008063431
ed6cxkt,joy,joy,0.001237581,0.00040863338,0.00039289834,0.9940262,0.00041159155,0.0035231423
ed6ew8p,surprise,surprise,0.0030918648,0.0010882217,0.0023454656,0.0050031543,0.0030009837,0.9854704
ed6f0es,joy,joy,0.0016658591,0.00037139692,0.00035508006,0.9942497,0.0004390583,0.0029189573
ed6fe30,joy,joy,0.0012982349,0.0004038145,0.00031514722,0.99669695,0.00051665975,0.00076919555
ed6g72x,joy,joy,0.001539593,0.00035186386,0.00036016034,0.9954485,0.0011254947,0.0011742999
ed6gbqw,joy,joy,0.0015982793,0.00027240408,0.0003257015,0.99520916,0.0006289486,0.0019654157
ed6hjsm,joy,joy,0.0010680596,0.00032809103,0.00031974984,0.9965224,0.0009825006,0.00077919645
ed6i2gp,joy,joy,0.0019377805,0.0002879902,0.00022494762,0.99506074,0.0009791943,0.0015093768
ed6i4d0,surprise,surprise,0.046828978,0.0020172521,0.0017497349,0.016230455,0.011873413,0.92130023
ed6isd6,surprise,joy,0.05420241,0.0009719857,0.00084412395,0.92753154,0.0068941666,0.0095557505
ed6jncr,joy,joy,0.0013720623,0.0003268461,0.00024878254,0.9963102,0.00043641863,0.0013057993
ed6kdr0,anger,anger,0.8942477,0.004641889,0.001161239,0.05438639,0.018518133,0.02704463
ed6kk1f,joy,joy,0.004518865,0.0008078012,0.00039030393,0.9913235,0.00052270695,0.0024367804
ed6ma3t,joy,joy,0.0012196999,0.0003536291,0.0004181817,0.9910253,0.0018117883,0.0051714396
ed6mamx,disgust,anger,0.776035,0.1596283,0.019435367,0.008151952,0.0097388225,0.027010443
ed6n0go,surprise,disgust,0.3170812,0.5613752,0.016299207,0.0046016145,0.075800665,0.02484215
ed6ngo5,joy,joy,0.0030602035,0.00046556428,0.00058628427,0.9830872,0.0007099096,0.01209084
ed6ns6b,joy,joy,0.007881133,0.0009296607,0.0009530921,0.9753327,0.012000933,0.0029025937
ed6nw2x,joy,joy,0.0044835266,0.0011847396,0.0009075302,0.99091667,0.0010933919,0.0014141886
ed6p1oz,joy,joy,0.004048321,0.0004075728,0.0005635038,0.98781174,0.0008983283,0.0062705628
ed6pace,disgust,anger,0.859083,0.028835678,0.0013289194,0.008511989,0.09007817,0.01216222
ed6pe46,joy,joy,0.0014357828,0.00029822576,0.00037120524,0.99403137,0.00045414793,0.0034092148
ed6pkzv,anger,anger,0.6007867,0.106554866,0.00550352,0.006354089,0.04910822,0.23169263
ed6rrld,joy,joy,0.0019460784,0.0006084802,0.0005795448,0.97914016,0.0008167329,0.016909033
ed6rser,joy,joy,0.0014733385,0.00024630237,0.00022452256,0.99622464,0.00055473816,0.0012764047
ed6ry31,sadness,anger,0.8727374,0.017240457,0.0014506453,0.013925391,0.0891713,0.0054748477
ed6sntb,sadness,joy,0.05676756,0.0024479306,0.0045736283,0.7813457,0.13811134,0.016753826
ed6ugzj,joy,joy,0.0019188081,0.000404662,0.00029920222,0.99553585,0.0003866828,0.0014547763
ed6usah,surprise,joy,0.0074554393,0.0008123256,0.00041195995,0.967252,0.0017911893,0.022277085
ed6vcfh,joy,joy,0.0055983914,0.0006457594,0.0006244373,0.9841928,0.0021919634,0.00674666
ed6vhp6,joy,joy,0.0014115303,0.00038488884,0.00021931404,0.9961308,0.0005892861,0.0012641955
ed6wlc6,joy,joy,0.0028648926,0.00043891103,0.000617178,0.9936418,0.0011883813,0.00124888
ed6x4f7,surprise,surprise,0.005536466,0.0015935192,0.0021914484,0.004192816,0.0032027848,0.9832829
ed6xmfq,anger,joy,0.006579597,0.00062754063,0.00059647154,0.97890717,0.0013273665,0.011961859
ed6y2t8,surprise,surprise,0.0023439021,0.0013246133,0.0031436742,0.0087784445,0.003982185,0.98042727
ed6ybvx,joy,joy,0.002423114,0.0003667892,0.00024838065,0.99405104,0.0004909591,0.0024197472
ed6zj4u,anger,anger,0.9569464,0.010881366,0.0022360631,0.003578218,0.0042329794,0.022125123
ed70zli,joy,joy,0.0012636799,0.00027093003,0.00027877156,0.99631965,0.00088305015,0.0009838949
ed7101k,anger,anger,0.94570524,0.0033867795,0.0011151481,0.023877265,0.01726881,0.008646688
ed71ec1,anger,anger,0.97112274,0.006827354,0.0020123215,0.010027793,0.00587161,0.0041381298
ed71tp7,joy,joy,0.0042824442,0.00068855676,0.0005839415,0.98935074,0.0029163323,0.0021779814
ed71z4y,surprise,surprise,0.004587822,0.0014006385,0.002515497,0.0033674554,0.0034604021,0.9846682
ed71zss,joy,joy,0.0013053224,0.0002755701,0.00023046185,0.9965976,0.00046611042,0.0011250275
ed741lh,joy,joy,0.0011887576,0.00035639384,0.00026456747,0.99683124,0.0006206397,0.00073840114
ed74b9g,joy,joy,0.0016862852,0.00038887595,0.0002722514,0.99258935,0.000937049,0.0041261786
ed74czc,joy,joy,0.0050771604,0.0002835823,0.00032047048,0.9839827,0.0013662477,0.008969805
ed75vdx,joy,joy,0.002030774,0.00041739512,0.00028881538,0.99519664,0.0006879855,0.0013784573
ed75wx8,joy,joy,0.00095176697,0.00038131993,0.00033781675,0.99624455,0.00040017595,0.001684365
ed789oa,anger,anger,0.7323179,0.041704684,0.0021277852,0.009225364,0.20637797,0.008246252
ed78wt8,sadness,sadness,0.004164033,0.003623657,0.009347522,0.0075638425,0.97098976,0.004311203
ed79l6x,joy,joy,0.001300789,0.00030809265,0.00027087962,0.9967919,0.00039643512,0.00093192165
ed79vgg,joy,joy,0.0010123308,0.00035504627,0.00030807077,0.9970073,0.00045334935,0.00086386414
ed7bg31,sadness,sadness,0.025816053,0.005664818,0.0049943356,0.012439226,0.9436588,0.007426689
ed7bxkx,anger,anger,0.93161863,0.005434998,0.001564771,0.0321633,0.014428923,0.014789375
ed7csjo,joy,anger,0.75238526,0.010048324,0.002937374,0.17972681,0.023158293,0.03174396
ed7dx87,joy,joy,0.0013743439,0.00035419688,0.00029772328,0.99644107,0.0005430591,0.0009896691
ed7e0ru,surprise,surprise,0.12089001,0.031447086,0.041867945,0.11431259,0.06096476,0.6305176
ed7f2g9,anger,anger,0.9009866,0.00897138,0.0019541408,0.023896882,0.056444936,0.0077460594
ed7fena,disgust,anger,0.79714745,0.030115834,0.013625514,0.025298284,0.11844293,0.0153700635
ed7g57i,anger,anger,0.970038,0.005066687,0.0008364602,0.011913592,0.007962579,0.004182832
ed7g95i,surprise,joy,0.0032791323,0.0010371779,0.0016486499,0.9439124,0.00102582,0.049096838
ed7h6o8,joy,joy,0.0010187763,0.00029795163,0.00030767682,0.99689436,0.00060610526,0.0008750565
ed7hjbe,sadness,sadness,0.0034414392,0.003632093,0.0037733538,0.0054298583,0.97734374,0.0063795242
ed7hzmm,joy,joy,0.0015584846,0.0004028572,0.00026790865,0.9960334,0.0004289167,0.0013084941
ed7jbsg,joy,joy,0.0013511872,0.00032052677,0.00039436485,0.995955,0.00042517442,0.0015537891
ed7jbsw,joy,joy,0.000916651,0.00032359286,0.00031387573,0.9970771,0.0004350265,0.00093373156
ed7lx77,sadness,sadness,0.004279364,0.005257893,0.019644678,0.007886599,0.9444317,0.018499793
ed7lxtb,joy,joy,0.002576727,0.0003480362,0.0002449273,0.9937476,0.0006624383,0.0024202557
ed7lzjo,joy,joy,0.0019176978,0.00034739246,0.00025370467,0.99565697,0.0007514097,0.0010728879
ed7mx3v,sadness,sadness,0.010450643,0.0035867803,0.016805436,0.11321679,0.84809226,0.007848105
ed7nhh7,joy,joy,0.001428982,0.00028041776,0.00031125086,0.99626833,0.00057085324,0.0011402408
ed7nnzw,sadness,sadness,0.004842796,0.0027013032,0.0032456657,0.011692924,0.96979314,0.0077240714
ed7o351,surprise,surprise,0.0042876005,0.0012115008,0.0018881777,0.0069651003,0.0032499346,0.98239774
ed7oo42,joy,joy,0.010795581,0.000999638,0.0009463765,0.97926897,0.0028658388,0.005123665
ed7qqdg,surprise,surprise,0.00397916,0.001303549,0.0027869768,0.016684761,0.0080103995,0.96723527
ed7r36s,joy,anger,0.96983194,0.0039118864,0.0011217468,0.013966884,0.0055681663,0.0055992827
ed7rmrg,joy,joy,0.0058751334,0.00091938575,0.00051940716,0.9584132,0.0017262568,0.032546647
ed7t2oa,joy,joy,0.07215291,0.007997346,0.0016072015,0.6459319,0.0533342,0.21897642
ed7t6le,anger,joy,0.052200634,0.004019496,0.0013782117,0.92998654,0.004043393,0.008371638
ed7t93j,joy,joy,0.0019044337,0.0004003582,0.0003379877,0.9924178,0.003650222,0.0012892159
ed7ue4k,joy,joy,0.02735691,0.0016339713,0.0015938865,0.9555731,0.0068965815,0.0069456724
ed7uezu,joy,joy,0.001724987,0.0003437124,0.00030253382,0.9960936,0.0006746471,0.00086055417
ed7uo1f,joy,joy,0.0012422825,0.00040171144,0.00031482425,0.9964886,0.00041134658,0.0011412513
ed7uq8z,anger,anger,0.92224896,0.04561918,0.013341712,0.006428635,0.0030023158,0.009359136
ed7vich,joy,joy,0.002475324,0.0005839623,0.00039653687,0.9947977,0.000519231,0.0012272988
ed7vvvh,surprise,surprise,0.00891274,0.0018208979,0.002592577,0.0027173162,0.006093768,0.9778626
ed7vysr,joy,joy,0.0014830179,0.00028971978,0.00022273023,0.99615884,0.000658595,0.0011870272
ed7wdme,anger,anger,0.7505343,0.0059409863,0.0039687646,0.055605777,0.035096012,0.14885412
ed7wpku,joy,joy,0.39519852,0.004965607,0.0013365144,0.58539784,0.006526485,0.0065750103
ed7wr3y,anger,anger,0.97562444,0.0063301786,0.0008778124,0.008928255,0.005168719,0.0030705063
ed7wr4n,sadness,joy,0.0048409556,0.00086672424,0.0006943286,0.9666892,0.0024567854,0.024451949
ed7x1dv,joy,surprise,0.0071361926,0.001530305,0.0017412073,0.24667186,0.005634522,0.737286
ed7x62x,sadness,sadness,0.010730646,0.0033722417,0.0027283214,0.010027582,0.96784145,0.0052997586
ed7xkbl,sadness,sadness,0.23622027,0.0074611953,0.0043062926,0.06948951,0.6363199,0.04620288
ed7yj4s,sadness,sadness,0.007465557,0.0053504426,0.0078136595,0.006951501,0.9685837,0.0038351046
ed7zaa8,joy,joy,0.014011428,0.0016197694,0.0016635468,0.9751116,0.0025000437,0.005093595
ed80rw6,joy,joy,0.0017361671,0.0005210153,0.0006012426,0.9952538,0.00043148047,0.0014563432
ed80uhh,joy,joy,0.018095033,0.0007479126,0.0004128312,0.9711236,0.0021404657,0.0074802493
ed81e4x,surprise,sadness,0.03282403,0.0099040875,0.038733896,0.22978912,0.3547238,0.33402508
ed83exh,joy,joy,0.0013126634,0.00034588462,0.00028911085,0.99628407,0.000597784,0.0011704898
ed83k2j,joy,joy,0.0011907248,0.00026420143,0.00025143765,0.9962375,0.0005317324,0.0015243195
ed86cjz,joy,joy,0.0035807248,0.00043019681,0.00036139987,0.9914444,0.0009795834,0.003203692
ed88atu,sadness,sadness,0.0048975362,0.0037023476,0.0035270872,0.0076461346,0.976498,0.003728933
ed89acy,joy,joy,0.079181954,0.038397897,0.008008237,0.7021508,0.16169363,0.010567482
ed8a2zl,fear,surprise,0.0079174405,0.00096993503,0.0022305571,0.023788774,0.0049512303,0.960142
ed8aaze,joy,joy,0.0054534497,0.00046566423,0.0006330494,0.9856938,0.004646519,0.0031075636
ed8ao7n,joy,fear,0.04844548,0.13054079,0.7139364,0.039117407,0.023846276,0.044113666
ed8aq1x,joy,joy,0.0026340073,0.00040208502,0.00031861005,0.9920936,0.0030888151,0.0014628881
ed8bwby,joy,joy,0.0016900528,0.0002844892,0.00034096374,0.99153465,0.0016675435,0.004482326
ed8c6e2,joy,joy,0.0021511351,0.00042982018,0.00042442084,0.9933316,0.0027739902,0.0008890806
ed8cbz8,surprise,surprise,0.0050026993,0.0017154919,0.004785004,0.008793409,0.010870851,0.9688326
ed8elm4,anger,anger,0.8365826,0.012152753,0.0025247647,0.02756238,0.10451246,0.016665041
ed8enfj,joy,joy,0.0026962187,0.00039683777,0.00049352046,0.9920501,0.0022292982,0.0021340821
ed8fyzg,joy,joy,0.0012779312,0.0003205944,0.00038970093,0.9963123,0.000596005,0.0011034404
ed8i0ps,joy,joy,0.0047638435,0.00053185807,0.00031415603,0.99249685,0.00064123323,0.0012521084
ed8i1ws,joy,joy,0.0011651812,0.00039558168,0.00030448879,0.996831,0.00052880263,0.00077490887
ed8ia0o,anger,anger,0.9601175,0.014327247,0.0008940129,0.0056730863,0.013362036,0.0056260745
ed8jb59,joy,joy,0.0010420333,0.0003664969,0.00031710224,0.996942,0.00058745436,0.00074488594
ed8jdcf,surprise,surprise,0.0040199533,0.0011336881,0.0023092818,0.008003657,0.0045209127,0.9800125
ed8kg4l,anger,anger,0.6798314,0.0061485595,0.016100245,0.08750753,0.046922546,0.1634897
ed8l760,joy,joy,0.0013622815,0.0003885002,0.00029271762,0.996314,0.00051436585,0.0011281531
ed8lcbr,sadness,sadness,0.03128306,0.0041144043,0.0043482375,0.018887056,0.9277137,0.0136535615
ed8lt42,joy,joy,0.0014147928,0.00036071643,0.0003151618,0.9963515,0.00039118447,0.0011666166
ed8lu3b,sadness,sadness,0.006090476,0.0034039055,0.0030490404,0.007626288,0.9769821,0.002848141
ed8n4fx,anger,anger,0.93608856,0.013289049,0.002179937,0.018034881,0.012113898,0.01829361
ed8nrpl,surprise,surprise,0.13141884,0.0035463406,0.0028318118,0.1090302,0.010277929,0.7428948
ed8nsbw,joy,anger,0.44833213,0.0037390073,0.0023833367,0.42892283,0.06370281,0.052919816
ed8ocd1,joy,joy,0.0012375704,0.00036498246,0.00029203735,0.9967296,0.00044634164,0.00092939124
ed8q2c5,anger,anger,0.8833703,0.0032907454,0.0018719014,0.07676574,0.009850278,0.024850935
ed8qydk,joy,joy,0.0014490245,0.00032740275,0.000229427,0.9964045,0.0005687697,0.0010208709
ed8ra07,sadness,sadness,0.028423237,0.0072667156,0.0049160477,0.0048412695,0.94313526,0.011417548
ed8rfos,anger,anger,0.56558216,0.009286283,0.0022923744,0.030173967,0.02453742,0.36812782
ed8so7z,joy,joy,0.0010000701,0.0003155476,0.00029050515,0.9970319,0.00043837074,0.0009235312
ed8srqm,joy,joy,0.00086165965,0.0003194054,0.00036759654,0.99689674,0.00042358023,0.0011310182
ed8swrf,anger,anger,0.4503952,0.03102688,0.0057420703,0.16232659,0.31190294,0.03860632
ed8u7ny,joy,joy,0.0013204202,0.00033893264,0.0002467248,0.9964803,0.0007592698,0.00085440546
ed8u8zc,disgust,anger,0.6086163,0.25133264,0.005947059,0.016258337,0.023083003,0.09476264
ed8vt17,joy,joy,0.0019939027,0.0004151326,0.0003623171,0.99540764,0.0006743832,0.0011465466
ed8wsri,fear,fear,0.014534784,0.020757575,0.91269726,0.009179929,0.017827425,0.025003092
ed8ycrc,sadness,sadness,0.029044256,0.0035650863,0.0138292005,0.052322447,0.8742296,0.027009478
ed8zdcy,joy,joy,0.1430201,0.0025408885,0.0016867804,0.7084655,0.029859865,0.11442686
ed8zikw,joy,joy,0.020189002,0.008282593,0.32271296,0.5925228,0.02470252,0.031590216
ed90bpw,joy,joy,0.0015250031,0.00028960194,0.00024678535,0.9962058,0.0007869634,0.00094585575
ed915dv,joy,joy,0.0020979168,0.00036296403,0.00031711409,0.99507844,0.0008466325,0.0012969415
ed91eua,joy,joy,0.001238133,0.0003725508,0.00031593078,0.99656194,0.0004735574,0.001037823
ed91gzi,joy,joy,0.0012862327,0.0002885677,0.00021322603,0.99556726,0.0007490454,0.0018955884
ed925o7,joy,joy,0.0042209993,0.0006354194,0.00037682394,0.98989326,0.002947542,0.0019260332
ed92tx2,surprise,surprise,0.005561162,0.002707319,0.003384972,0.3914847,0.004024758,0.59283715
ed95d87,surprise,surprise,0.0099326195,0.0012135123,0.0017714892,0.004872775,0.0037514907,0.9784581
ed98cxb,joy,joy,0.0013484885,0.00032001367,0.00028844425,0.99597967,0.00048622827,0.0015771857
ed99jur,joy,anger,0.5610762,0.008162777,0.0037160846,0.22705267,0.15594439,0.04404783
ed99lqd,joy,joy,0.0018132774,0.0003036518,0.00024398173,0.9958994,0.00043570463,0.0013039154
ed99ly0,joy,joy,0.0011366874,0.00030017644,0.00024236184,0.99666035,0.0006454531,0.00101492
ed9b7yp,joy,joy,0.002023095,0.00045517966,0.00032278363,0.99573106,0.0005119653,0.00095590623
ed9b9ix,joy,joy,0.004430174,0.00090911106,0.0008876358,0.9913613,0.001001938,0.0014097854
ed9bsv5,anger,anger,0.96262753,0.0104120895,0.001188675,0.01868575,0.004510583,0.0025754345
ed9cht8,sadness,sadness,0.024616694,0.005646435,0.0019266695,0.01648893,0.943669,0.0076521467
ed9e24f,joy,joy,0.0013820056,0.0003333196,0.00034200167,0.9950872,0.0004302143,0.002425331
ed9fm3q,joy,joy,0.0011679638,0.00035736064,0.00031158226,0.9950224,0.0004658866,0.0026748325
ed9h8dw,surprise,surprise,0.13188215,0.0049616876,0.0033370398,0.028176948,0.032072373,0.7995698
ed9i07r,joy,joy,0.0019345226,0.00097587594,0.0020267968,0.9668123,0.001027283,0.027223162
ed9iecn,joy,surprise,0.006621804,0.0027280096,0.0024612772,0.070255324,0.003539159,0.9143943
ed9iodh,sadness,sadness,0.014105124,0.0063071875,0.0026154572,0.017141664,0.9551088,0.0047217146
ed9ivy2,joy,joy,0.0013382613,0.00037320948,0.0002971592,0.99660873,0.0003978341,0.000984861
ed9kl9f,anger,anger,0.7940667,0.009878682,0.0024775118,0.017113948,0.14433283,0.032130305
ed9kn4h,fear,fear,0.031411815,0.05627961,0.66167253,0.04382313,0.04291839,0.16389452
ed9leg4,sadness,sadness,0.0037099253,0.0026286608,0.0045215953,0.011158744,0.9744476,0.003533406
ed9ms37,surprise,surprise,0.007652299,0.0015651742,0.002505123,0.37702963,0.01498973,0.5962581
ed9mubj,anger,joy,0.15665679,0.0017550249,0.0012733762,0.8192892,0.01070906,0.0103165265
ed9nm15,joy,joy,0.0017898146,0.0004909326,0.00029616183,0.9955323,0.0004952291,0.0013955444
ed9nyoe,joy,joy,0.010565221,0.0010053096,0.0006396282,0.9823631,0.0028318889,0.0025947373
ed9o2yj,joy,joy,0.0014145701,0.000358977,0.00026637438,0.9966156,0.0005187581,0.00082573097
ed9obsl,anger,joy,0.0023695964,0.00035729064,0.00044560738,0.9945885,0.0009517075,0.001287284
ed9oc3z,surprise,surprise,0.0038110886,0.0011691101,0.002164329,0.0050226892,0.0034396267,0.9843932
ed9pgsa,joy,joy,0.0013428509,0.00031121576,0.00029730675,0.9962537,0.0006529001,0.0011419703
ed9q6p8,sadness,surprise,0.08527897,0.0057128146,0.018427161,0.29739767,0.19584976,0.3973336
ed9q7ej,sadness,sadness,0.021379648,0.036206182,0.007972944,0.011460952,0.8766618,0.046318505
ed9qblv,anger,joy,0.006611706,0.0006505071,0.00056576484,0.9882174,0.0018129695,0.0021417167
ed9qsmb,joy,joy,0.033920266,0.00083589443,0.0007907567,0.9549748,0.0024358483,0.0070425156
ed9qyfn,joy,joy,0.0017243333,0.00030977093,0.00022858511,0.99563146,0.0005003642,0.001605531
ed9qzh2,anger,anger,0.96906304,0.0057241307,0.0007510474,0.014303328,0.00564744,0.0045110374
ed9r8cx,joy,joy,0.0009289428,0.00031674607,0.00029194882,0.9965946,0.00049826497,0.00136939
ed9r9yl,joy,joy,0.0018910135,0.0004827744,0.00043102153,0.9950944,0.0008645963,0.0012362265
ed9rqrj,joy,joy,0.0027940634,0.00039148727,0.00032825046,0.9932799,0.0008339889,0.0023723515
ed9siu8,joy,joy,0.0029594318,0.00031245875,0.00032128397,0.9899421,0.0020799995,0.004384742
ed9t9vm,anger,anger,0.84775114,0.019419486,0.0025772136,0.009230447,0.09120213,0.029819533
ed9tgz5,joy,joy,0.00193529,0.00031986387,0.00033561344,0.99488986,0.0004793167,0.0020400928
ed9tlgg,surprise,surprise,0.004623915,0.0012850022,0.0018219602,0.0050073983,0.0038256634,0.98343605
ed9tnti,joy,joy,0.000958594,0.00034819538,0.00032965658,0.99678636,0.0008529913,0.00072418916
ed9tvse,surprise,surprise,0.06442237,0.0028021,0.0027671128,0.0075683002,0.00781819,0.91462195
ed9udhc,surprise,surprise,0.003596692,0.0015442907,0.002062821,0.0084760515,0.004451181,0.97986895
ed9uvwi,joy,joy,0.0012029032,0.0003983865,0.00026441255,0.99632263,0.0004154431,0.0013962775
ed9vzsw,joy,joy,0.0025390135,0.0007450061,0.00048553845,0.9935689,0.00072988746,0.001931706
ed9w3gj,joy,joy,0.0013863837,0.00031417215,0.00047371446,0.99454606,0.001771622,0.0015081285
ed9wp1v,joy,joy,0.0011257256,0.00028481538,0.0002574867,0.9964179,0.00046055327,0.0014535802
ed9wqeb,joy,anger,0.4230961,0.012064783,0.017603653,0.18333115,0.31727922,0.0466251
ed9wqre,joy,joy,0.0018694072,0.0004609189,0.00041913264,0.99525166,0.0005677536,0.0014311027
ed9wuux,joy,joy,0.0034881828,0.00055962283,0.00071720965,0.97831213,0.0012938541,0.015628882
ed9x026,joy,joy,0.0015742392,0.0004956403,0.0004113519,0.9948132,0.00048451428,0.002221076
ed9x4pl,surprise,surprise,0.0057701976,0.0017608324,0.0019377121,0.0038406162,0.0047298856,0.9819609
ed9y3hu,surprise,surprise,0.006102532,0.0014067703,0.0016416232,0.029075151,0.012077029,0.9496969
ed9y4x6,fear,fear,0.060406808,0.12387082,0.7005691,0.02998602,0.032671712,0.052495588
ed9y83j,joy,joy,0.0012565132,0.00030770057,0.0003203506,0.99621385,0.00040170492,0.0014997809
ed9ylmv,surprise,anger,0.54174316,0.04824517,0.008477558,0.006476382,0.32189602,0.073161714
eda09a2,anger,anger,0.8796674,0.0040309094,0.0025045904,0.07329977,0.020953152,0.019544115
eda0ay3,joy,joy,0.0023176505,0.00033738805,0.0002575189,0.99373335,0.0018086592,0.0015454193
eda0kl3,joy,joy,0.0012695763,0.00030478285,0.00022625185,0.9960681,0.00058831996,0.0015429221
eda0sr9,joy,joy,0.0033138858,0.0004536637,0.00038557113,0.9933802,0.0015767996,0.00088990666
eda0uma,joy,joy,0.0008825655,0.00039949236,0.0004972413,0.9965789,0.00042245595,0.0012194542
eda1244,joy,joy,0.010445105,0.00069501606,0.001227972,0.98116094,0.0016255237,0.0048454446
eda17e2,joy,joy,0.0012923535,0.00039463924,0.0003005775,0.99672014,0.0005204049,0.0007718939
eda1817,joy,joy,0.0013990047,0.00032051568,0.0002307408,0.99662256,0.00056814787,0.00085899234
eda25gz,surprise,surprise,0.0062281853,0.0010920673,0.0017125331,0.009674964,0.0030650473,0.97822714
eda26ma,joy,joy,0.0011547891,0.00028704622,0.00034120042,0.99560875,0.0013866267,0.0012215618
eda29nb,joy,joy,0.0011165207,0.0003394575,0.0003163876,0.9960651,0.00043099123,0.0017315651
eda29ux,joy,joy,0.00276421,0.0004075942,0.00030714585,0.9943553,0.00047961067,0.0016861203
eda2j5f,surprise,surprise,0.003808973,0.0012522098,0.001876442,0.004662605,0.0034283418,0.98497134
eda3ina,joy,joy,0.007242848,0.00091018854,0.00067856815,0.9870524,0.0020162393,0.0020997026
eda4kob,surprise,surprise,0.09823249,0.007504638,0.002790556,0.011877786,0.05045542,0.8291392
eda5d0q,joy,joy,0.0016627758,0.00039418731,0.00023508364,0.9960033,0.0005445284,0.0011600964
eda6q6t,surprise,sadness,0.30544007,0.008496924,0.0051609343,0.07463911,0.56400144,0.042261526
eda726z,joy,joy,0.001343133,0.00039310104,0.0002542757,0.9954762,0.0009481635,0.0015851478
eda73bz,surprise,sadness,0.013290303,0.0035563249,0.0297412,0.03697933,0.80312264,0.11331011
eda73il,anger,anger,0.9585002,0.0178592,0.0009336719,0.0075180107,0.0115593765,0.0036295934
eda86hg,joy,joy,0.001778562,0.00028866663,0.00020262081,0.9958449,0.00092255615,0.00096274714
eda8zwh,surprise,surprise,0.003450359,0.0014890049,0.002035438,0.004594169,0.0034113026,0.9850197
eda9j2s,joy,joy,0.0039018719,0.00028719695,0.00042501948,0.9888359,0.0013725981,0.0051774466
edaa2vj,joy,joy,0.021508548,0.001293626,0.0021325909,0.8706747,0.08317866,0.021211797
edaa4o9,sadness,joy,0.0033165903,0.00046225634,0.00094763906,0.9641337,0.023101028,0.0080387695
edaabl5,anger,anger,0.81485087,0.0034424667,0.0017849865,0.15840456,0.013407491,0.00810963
edabj2w,joy,joy,0.0051890807,0.00045723215,0.0002649514,0.99054235,0.0011112248,0.0024352374
edabzrb,joy,joy,0.0010227287,0.00033146227,0.00027853658,0.99641454,0.0011781795,0.00077446795
edaczwj,joy,joy,0.010344292,0.0012189344,0.00031551466,0.97508395,0.002822045,0.010215225
edadzae,joy,joy,0.0029504183,0.0008794418,0.00037294737,0.99358785,0.00081415626,0.0013952097
edaf7ls,joy,joy,0.008603711,0.0026522316,0.0026863515,0.5094738,0.0075777452,0.46900615
edajj4g,joy,joy,0.120052606,0.0031683885,0.0065017967,0.7814297,0.059415698,0.029431788
edaly7r,joy,anger,0.73534054,0.030426746,0.009904916,0.11954277,0.09495351,0.009831552
edam8ul,joy,joy,0.0017525927,0.0003359836,0.00029889625,0.9954762,0.00038446442,0.0017518491
edap12k,disgust,surprise,0.024155442,0.0029682068,0.001985984,0.0039892048,0.0060404716,0.9608607
edaq56d,joy,joy,0.017292907,0.002086183,0.0011173137,0.84702355,0.009601362,0.12287872
edar4o7,surprise,surprise,0.011313605,0.0015301914,0.0015798162,0.015465134,0.012917536,0.9571937
edasbgx,joy,joy,0.008141956,0.0008233863,0.0005556795,0.9852417,0.0018070525,0.003430153
edatjcr,surprise,surprise,0.00446257,0.0013961274,0.0018070744,0.010215396,0.0049747066,0.97714406
edauvy5,anger,anger,0.7369214,0.046164956,0.017355379,0.13186657,0.045404136,0.02228751
edav1sl,joy,joy,0.0036476948,0.0007299109,0.0003784372,0.9931035,0.0011158853,0.001024641
edavbm5,surprise,surprise,0.0029437717,0.0012321069,0.0019710015,0.0066857464,0.0029737619,0.9841935
edavqwc,joy,joy,0.0022421533,0.00040802552,0.0002456444,0.9956577,0.0005598895,0.0008866708
edawb9h,anger,anger,0.819505,0.003685422,0.0012178682,0.1591007,0.005237584,0.011253422
edawn9d,joy,joy,0.0009874866,0.00033494591,0.0002779075,0.99699724,0.0005286883,0.00087378325
edawooh,joy,joy,0.0017836083,0.00050304853,0.00036799817,0.9958534,0.0005556834,0.00093629374
edax728,joy,surprise,0.006551334,0.0029243971,0.006514446,0.2885946,0.048677646,0.6467376
edaxbw8,joy,joy,0.01026913,0.0020627799,0.0012808886,0.97565246,0.0023389321,0.008395871
edaxrdt,joy,joy,0.001086267,0.0003486456,0.00032297318,0.9964897,0.0006561893,0.0010961669
edaxzbt,surprise,joy,0.007357601,0.003081488,0.0026263308,0.6394337,0.0049329624,0.34256795
edaz1g3,joy,joy,0.0010603403,0.00031083863,0.00030601778,0.995996,0.0014135666,0.0009133364
edb1irc,sadness,sadness,0.012382618,0.0033983795,0.0030782865,0.07217162,0.9021292,0.006839906
edb1zj4,joy,joy,0.0012446027,0.0003283192,0.00042463237,0.99576914,0.0013427738,0.0008905176
edb278k,joy,joy,0.0015692026,0.00034965243,0.0003045523,0.9961132,0.0005655387,0.001097865
edb31xv,joy,joy,0.006815028,0.001213374,0.0008909042,0.9756032,0.013088928,0.002388569
edb492j,fear,fear,0.01396428,0.015399172,0.9067698,0.018914843,0.024295645,0.02065625
edb4qdv,surprise,surprise,0.11839472,0.0032499533,0.0024134174,0.03790303,0.015862938,0.822176
edb5h1v,joy,joy,0.0022780725,0.0003098588,0.00025595198,0.9952956,0.00061597215,0.0012445282
edb6lwj,sadness,sadness,0.011861893,0.0025217403,0.00622364,0.016762149,0.9413531,0.021277571
edb6ncg,joy,joy,0.16349894,0.0023830254,0.0035969487,0.80548435,0.013931397,0.011105353
edb70zl,sadness,joy,0.19599496,0.004164978,0.0026566805,0.72167534,0.03978551,0.035722587
edb7bv6,joy,joy,0.067797914,0.0071305074,0.002764315,0.79811335,0.016418625,0.10777534
edb8opj,joy,joy,0.0015885945,0.00036653067,0.0003486384,0.9909197,0.0006943263,0.0060822726
edb8pjc,joy,joy,0.0010201167,0.0002495903,0.00027849598,0.9957392,0.0011517254,0.0015608128
edb9jrg,joy,joy,0.0010647656,0.00030185323,0.00028302535,0.99697685,0.0004935644,0.0008799556
edbbgat,joy,joy,0.0015649132,0.00042620915,0.0002889635,0.99621505,0.00050591823,0.0009988316
edbc6vs,anger,anger,0.9707053,0.0045710336,0.0008656349,0.009274171,0.005045059,0.00953878
edbcp5t,surprise,surprise,0.0086910995,0.00157246,0.0019702066,0.1896177,0.009162174,0.78898627
edbcvkl,anger,joy,0.016352104,0.0009711334,0.0004165573,0.97394377,0.0058819195,0.0024345273
edbcwv1,joy,joy,0.0014721398,0.00036336115,0.00030169022,0.9962836,0.00046558847,0.0011135851
edbcwyw,surprise,surprise,0.032392643,0.0022334917,0.0020769471,0.048861977,0.045876134,0.8685588
edbdz7v,joy,joy,0.0040967343,0.0011179424,0.0011087205,0.91552407,0.0021547647,0.07599782
edbe4la,fear,fear,0.02436915,0.015458693,0.84499615,0.050548486,0.038768392,0.025859123
edbeb0s,joy,surprise,0.045676485,0.0027475213,0.003191265,0.044479635,0.018588882,0.8853162
edbejsy,anger,anger,0.60097575,0.02552536,0.0019083594,0.024496844,0.32606408,0.021029655
edbfgx0,anger,anger,0.9728141,0.009395441,0.00088870263,0.004644368,0.0030382427,0.009219228
edbger6,joy,joy,0.0051466413,0.00094754744,0.00090764987,0.9440285,0.0021762322,0.046793494
edbh6xs,joy,joy,0.0015944986,0.0005097833,0.00045647204,0.9952525,0.0005580414,0.0016287757
edbh99a,joy,joy,0.0023871283,0.00046084842,0.00041739494,0.99432486,0.00064591225,0.0017637238
edbhffa,joy,joy,0.0009620227,0.00029364065,0.0002535576,0.99684745,0.0007135407,0.0009296989
edbhgih,surprise,surprise,0.44377458,0.015241809,0.00959711,0.007865802,0.006759772,0.51676095
edbhle6,anger,joy,0.037356276,0.0014029085,0.0012868388,0.9253296,0.0016372725,0.032987133
edbi2sj,joy,joy,0.0014482073,0.00037031894,0.0003385351,0.996111,0.00096436776,0.00076759356
edbk1sn,joy,joy,0.0013170918,0.0003274012,0.00027513842,0.9946189,0.00054454815,0.0029168352
edbk2fr,surprise,surprise,0.28058398,0.008831602,0.0019741866,0.024190996,0.076174125,0.60824513
edblci4,anger,joy,0.0037261506,0.00045409956,0.00029404834,0.99362695,0.0005137752,0.0013849123
edblexb,joy,joy,0.0012528286,0.00034256338,0.00026924827,0.9964915,0.0007060016,0.0009378752
edbn3kf,joy,joy,0.0013640522,0.00033112773,0.00026645765,0.9963217,0.00042102806,0.0012956797
edbo3pj,joy,joy,0.0017556349,0.00030134473,0.00025672492,0.9959895,0.00055083074,0.0011459544
edboboe,anger,anger,0.954266,0.0046529253,0.0011046726,0.019525733,0.008067553,0.012383036
edboflk,surprise,surprise,0.048275568,0.0020573982,0.002542368,0.37003672,0.04356716,0.53352076
edbozwj,joy,joy,0.001075856,0.000320358,0.00025484257,0.9966388,0.0006913822,0.0010186774
edbqjyw,surprise,surprise,0.027292004,0.0013127847,0.0028829847,0.07536133,0.02417571,0.86897516
edbqtd0,joy,joy,0.0011974904,0.00028381232,0.00025382466,0.99680066,0.0004837955,0.0009804337
edbunbf,surprise,surprise,0.006770741,0.0015347935,0.001743963,0.0063706795,0.0047023613,0.9788775
edbvgm2,joy,joy,0.0015028463,0.00044755678,0.0003309882,0.9951024,0.0016802766,0.00093583926
edbwavr,joy,anger,0.969413,0.009922519,0.0014779936,0.01029016,0.0049815965,0.00391468
edbwj89,joy,joy,0.0018555712,0.0003766966,0.0003439646,0.9951367,0.0009208206,0.0013662976
edbxmi2,fear,fear,0.01435174,0.014787935,0.91015774,0.011891696,0.02155913,0.027251767
edbyb5v,joy,joy,0.006004782,0.0004762548,0.00035354486,0.9857281,0.0013708776,0.0060664983
edbyeqs,joy,joy,0.0011790583,0.00034100076,0.0002640171,0.9968346,0.0004195039,0.0009618327
edbyhs3,joy,joy,0.0014564453,0.00045324198,0.00030403683,0.99609596,0.00053788227,0.001152471
edbyvhn,joy,joy,0.0017588539,0.00031465176,0.00039592574,0.9918622,0.0007406333,0.0049277283
edc0k4g,joy,joy,0.0010673389,0.00032186255,0.00030586042,0.99500257,0.0004920253,0.0028103956
edc1lew,anger,anger,0.58098745,0.012252978,0.010371335,0.062871814,0.3113313,0.02218514
edc2p93,joy,joy,0.0010837907,0.0002653547,0.00031955546,0.99669856,0.0005262899,0.0011063867
edc31f3,joy,joy,0.016777482,0.0018096919,0.0017732834,0.96841174,0.0061809705,0.0050468734
edc3l8g,joy,joy,0.13779135,0.0037928743,0.001746401,0.78071606,0.0576636,0.018289676
edc43fv,surprise,surprise,0.0031140405,0.0013886733,0.0021174485,0.007828361,0.0031495688,0.9824019
edc4ord,surprise,surprise,0.0034238568,0.0018987771,0.0029818732,0.004100156,0.0051745265,0.98242086
edc4t6p,anger,anger,0.8933648,0.008565275,0.000965795,0.06906783,0.010243791,0.017792478
edc5jgs,sadness,joy,0.37182334,0.017069452,0.006481373,0.46445227,0.0889419,0.051231656
edc7cuz,joy,joy,0.0012057617,0.0003992917,0.00030493786,0.9966403,0.0004400861,0.0010094962
edc7mxw,joy,joy,0.003152469,0.0002820794,0.0003045852,0.9925613,0.0007982949,0.0029013169
edcaka1,joy,joy,0.047957197,0.003996512,0.001540435,0.9249135,0.011030216,0.010562128
edcatuj,joy,anger,0.5619698,0.03176964,0.010703251,0.008201368,0.36963326,0.017722683
edcb15c,joy,joy,0.0009613592,0.00034310663,0.0003905917,0.99669254,0.00044224353,0.0011700989
edcbdr7,joy,joy,0.0015766222,0.00042167195,0.0002974675,0.9948133,0.0014487794,0.0014420933
edcbftr,joy,joy,0.0011794762,0.0003740112,0.00034259638,0.99658173,0.00056310167,0.0009590405
edccca7,joy,joy,0.0012211009,0.00040312184,0.00028136699,0.9965699,0.0003913633,0.0011331982
edcckl2,joy,joy,0.004077813,0.00043650524,0.0007121571,0.98711836,0.0017619217,0.005893245
edccpr8,disgust,disgust,0.08589717,0.7534603,0.13298093,0.0056228447,0.01671072,0.005327976
edccqou,anger,anger,0.9762333,0.010622855,0.0010464382,0.0067679184,0.0029384554,0.002390994
edcf4w1,anger,anger,0.62569433,0.0038856708,0.0031081322,0.3059695,0.041743845,0.019598454
edcga60,joy,joy,0.005813461,0.0005525569,0.0006612638,0.96268857,0.0025346212,0.027749613
edcgo3h,joy,joy,0.01259886,0.0009037102,0.00091417186,0.9646086,0.016838174,0.004136451
edch30g,surprise,surprise,0.011646563,0.0017425145,0.0048843254,0.11242804,0.02502792,0.8442707
edchgvs,anger,joy,0.086488724,0.0050270045,0.0026058636,0.8533305,0.018292816,0.034255065
edci1iw,surprise,sadness,0.054946166,0.0056302366,0.011126053,0.023116274,0.8495317,0.055649616
edcjfei,sadness,sadness,0.0143082915,0.002818065,0.0047489335,0.015877564,0.955684,0.006563279
edcjj76,joy,joy,0.0020590154,0.00037824543,0.00036344473,0.9941164,0.0007129185,0.0023699054
edcjks9,sadness,sadness,0.0045155464,0.0024563528,0.0047607627,0.015990898,0.96799904,0.0042775255
edcjp9b,joy,joy,0.32359552,0.013174563,0.0018765348,0.3535816,0.2831582,0.02461354
edck2h8,surprise,surprise,0.005726001,0.0011826769,0.0016725285,0.023425959,0.0032257389,0.96476704
edckbco,sadness,anger,0.95903355,0.00693124,0.0008553831,0.00771234,0.017243262,0.008224174
edckc5y,sadness,sadness,0.05296338,0.009753186,0.0024640535,0.05529127,0.8687417,0.0107864225
edckh6b,fear,joy,0.0067890803,0.0008570162,0.0028359306,0.970628,0.014557824,0.004332118
edckxx5,joy,joy,0.0013156078,0.0003292547,0.00030313333,0.99674535,0.00043925628,0.00086743955
edclugj,joy,joy,0.011765242,0.00041107746,0.00053328124,0.97707236,0.004968034,0.0052499576
edcm44d,joy,fear,0.22910157,0.07746009,0.32730666,0.07237138,0.22165944,0.07210083
edcmflc,disgust,anger,0.84222394,0.011817024,0.0017398417,0.022835787,0.10406772,0.017315615
edcmnk3,joy,joy,0.0019776865,0.000380777,0.00026323638,0.9950808,0.0004434307,0.0018540379
edcnjr2,joy,joy,0.0017591479,0.0005295969,0.0004051175,0.9880761,0.0005625476,0.008667478
edcoull,joy,joy,0.001037493,0.00033029393,0.00030860063,0.9967924,0.0006759157,0.0008553303
edcrpag,joy,joy,0.0011215539,0.0004455149,0.00056663906,0.9952625,0.00042838108,0.0021753688
edcsyti,joy,joy,0.0018833386,0.00036410996,0.0002641629,0.99484104,0.00064066675,0.0020067086
edctm6s,joy,joy,0.0009292232,0.00029627167,0.00032349717,0.9969477,0.00061571435,0.00088755257
edcttl6,joy,sadness,0.060550015,0.01673883,0.013995508,0.025246901,0.87545115,0.008017557
edcvs72,anger,anger,0.9528694,0.011974638,0.004636332,0.004552547,0.0052666226,0.020700369
edcw904,anger,anger,0.6989806,0.0062379804,0.010203065,0.19070959,0.050429765,0.04343891
edcwj8q,joy,joy,0.0025389758,0.0005813369,0.00042657647,0.99462765,0.0006020054,0.0012235136
edcx4cg,anger,anger,0.7684127,0.061412692,0.004042668,0.014750745,0.11769329,0.033687916
edcxo64,joy,joy,0.008931436,0.003089624,0.0020419385,0.9759044,0.0026025157,0.0074300333
edcxqvm,surprise,surprise,0.007255105,0.0017797502,0.001739612,0.105763406,0.0037689833,0.87969315
edcy1jd,anger,joy,0.38050097,0.006090717,0.0075229583,0.5620919,0.010320823,0.033472672
edcye4p,sadness,sadness,0.012753382,0.007046099,0.0030123163,0.006338025,0.96364945,0.007200697
edd08eu,anger,anger,0.95589614,0.003495719,0.0013423676,0.017887687,0.0042336686,0.017144492
edd0asq,joy,joy,0.02821823,0.0025813284,0.001674954,0.7608916,0.0055441493,0.20108968
edd0e85,joy,joy,0.0057917936,0.00069722795,0.00095958484,0.9854198,0.0014647739,0.005666788
edd0ogf,surprise,sadness,0.045692936,0.02221991,0.2964258,0.032573324,0.45536458,0.14772348
edd142e,joy,joy,0.050336476,0.0015130144,0.0013782309,0.6302517,0.009069692,0.3074509
edd1pob,joy,joy,0.0017419612,0.000301853,0.00033978958,0.99320203,0.0022945192,0.0021198858
edd2mqr,anger,sadness,0.08519456,0.16370797,0.0561898,0.027377449,0.6318541,0.03567612
edd2r53,joy,joy,0.0010574455,0.00025279942,0.00025283,0.9965403,0.0008100748,0.0010865559
edd318e,anger,anger,0.9719437,0.010247699,0.0015916337,0.0049675507,0.008386697,0.0028626858
edd3l17,joy,joy,0.007047387,0.0014911509,0.0018793014,0.79770094,0.006863819,0.1850174
edd3rw2,anger,anger,0.97029287,0.01343561,0.00083154486,0.008607774,0.0047419826,0.0020901628
edd4n8u,joy,joy,0.0012329521,0.000324096,0.00029050588,0.9967968,0.00049940345,0.0008562698
edd5jzy,surprise,surprise,0.004077161,0.0013761417,0.002808898,0.0053815884,0.003874141,0.98248196
edd6d7a,joy,sadness,0.011617653,0.003777043,0.003440933,0.09621855,0.8789538,0.0059919753
edd6h8l,anger,anger,0.94515765,0.01006593,0.0008226859,0.015642887,0.014788116,0.013522641
edd6o6j,joy,joy,0.0013431775,0.00036716316,0.00026816133,0.9965603,0.0005328414,0.0009283232
edd6rgt,surprise,surprise,0.007932015,0.0011815866,0.0013462337,0.037670437,0.0044777286,0.94739205
edd6xle,anger,anger,0.9722199,0.003907497,0.00085112924,0.011298509,0.0064444905,0.005278399
edd8txs,joy,joy,0.0012784788,0.0003123731,0.0002700504,0.9964336,0.0004761516,0.0012293837
edd95vz,joy,joy,0.0013654635,0.00035483637,0.00027676384,0.99658185,0.00046025933,0.00096084725
edd9dlm,anger,anger,0.97614086,0.008855433,0.00092439866,0.0061668493,0.0035925645,0.00431987
edda08q,sadness,sadness,0.0052230875,0.003840445,0.007886525,0.007011879,0.9706783,0.0053597176
eddaqx8,sadness,surprise,0.2566864,0.008917479,0.0077272076,0.00785823,0.10183205,0.61697865
eddb18s,joy,joy,0.0011965617,0.00029534128,0.0002853053,0.99364245,0.002415546,0.0021647469
eddbaz6,surprise,surprise,0.00288111,0.0011193656,0.0021546027,0.0075830733,0.004328785,0.98193306
eddbp05,surprise,surprise,0.008090588,0.0020851041,0.0017257428,0.11734784,0.0054079057,0.8653429
eddcyu6,joy,joy,0.0013211027,0.0003056062,0.00031739334,0.99663323,0.00045237134,0.000970222
edddmgg,joy,sadness,0.036904484,0.004719506,0.013923154,0.03433966,0.8960953,0.014017823
eddfzav,anger,anger,0.9668764,0.0043616164,0.0012814406,0.01598779,0.004799014,0.006693752
eddge9f,anger,anger,0.96422046,0.0053521893,0.00095904485,0.014750315,0.008053109,0.0066648494
eddh9go,joy,joy,0.09675149,0.0015291033,0.0024488748,0.8677322,0.0058260784,0.025712213
eddh9t6,joy,anger,0.47241005,0.0039516194,0.0025920318,0.3824672,0.02125612,0.11732304
eddiw9g,joy,joy,0.0027508663,0.0004624148,0.00053686224,0.96754116,0.0016379105,0.027070884
eddje9v,joy,surprise,0.030999307,0.008094871,0.0031761993,0.049155403,0.022694815,0.88587946
eddk7uu,surprise,surprise,0.0058593173,0.0016108261,0.0015739616,0.012256506,0.0067919022,0.97190744
eddkjlj,sadness,sadness,0.022526113,0.0033267136,0.0027740702,0.07512467,0.88586986,0.010378472
eddktov,joy,joy,0.0012391525,0.00026847745,0.0003161109,0.99638677,0.0005247317,0.0012646795
eddldvz,anger,joy,0.162411,0.0042478815,0.0010542971,0.7669433,0.014835156,0.05050834
eddmeq8,anger,anger,0.9657517,0.008756247,0.0016143916,0.016898103,0.0038485334,0.00313095
eddo2dd,surprise,surprise,0.32172439,0.003977577,0.001956864,0.053882133,0.05127851,0.5671805
eddomwt,surprise,surprise,0.011185029,0.0013811435,0.0018363387,0.006063554,0.0051476867,0.9743862
eddovr8,anger,anger,0.97015387,0.0068614674,0.0018333271,0.01415624,0.004187814,0.0028073255
eddplp2,disgust,fear,0.061278243,0.37001207,0.5134831,0.016201261,0.02285362,0.016171707
eddqe3l,joy,joy,0.0009401438,0.00034279728,0.00033083194,0.99689096,0.0007743503,0.0007209824
eddqrr7,joy,joy,0.0028611654,0.00034693495,0.00032878932,0.9871755,0.0013962883,0.00789126
eddqse0,joy,joy,0.0011201497,0.00036311665,0.00030771614,0.99692106,0.0004933124,0.0007946562
eddrd42,joy,joy,0.0011393344,0.00038804402,0.00048161575,0.99605185,0.0004100311,0.0015291267
eddres1,surprise,surprise,0.0056094346,0.001381304,0.0023157983,0.003036276,0.0041723405,0.9834848
edds5zo,joy,joy,0.0013228604,0.00033456352,0.0002711575,0.9967359,0.0004993655,0.00083614036
eddwkww,joy,joy,0.0015273684,0.000321147,0.00025213175,0.994557,0.0005035074,0.0028387979
eddxwrf,sadness,joy,0.011915266,0.0009862791,0.0009862382,0.9433899,0.012167006,0.03055528
eddy0y0,joy,joy,0.002421812,0.00043425316,0.00031614274,0.9944706,0.00059149315,0.0017657107
eddyedw,anger,anger,0.96439993,0.016841806,0.0013344475,0.0072296057,0.0066469098,0.0035473027
ede1su9,sadness,sadness,0.0034126362,0.003807514,0.0041663507,0.0129823275,0.9711448,0.0044863415
ede1vmi,surprise,anger,0.901432,0.003526399,0.00091695,0.06356202,0.015228328,0.015334342
ede22xb,anger,anger,0.66507685,0.06636204,0.016981414,0.032293126,0.1910993,0.028187215
ede3upa,joy,joy,0.005912635,0.00057645584,0.00044707378,0.9903015,0.0008556065,0.0019068499
ede41cx,anger,anger,0.9175775,0.0047173933,0.003010545,0.017867552,0.02147346,0.035353605
ede55fa,joy,joy,0.002558394,0.0012768721,0.000800816,0.9918646,0.0017005235,0.0017987842
ede5m8c,joy,joy,0.0018394387,0.0005832957,0.00037726367,0.9912685,0.0036627108,0.0022686832
ede6ts6,sadness,joy,0.12280826,0.0065469164,0.003266736,0.76090413,0.043402325,0.063071705
ede7alp,joy,joy,0.0030595518,0.0005548429,0.0007381009,0.9882107,0.002075613,0.005361243
ede8u8i,surprise,surprise,0.004081595,0.0010056517,0.0015021157,0.012655074,0.0043452396,0.9764104
ede9gcp,joy,joy,0.0015127081,0.00042577126,0.00034133822,0.99616003,0.00075708516,0.0008030714
ede9itx,joy,surprise,0.022234505,0.003204627,0.006192918,0.22468854,0.0070954533,0.736584
edea6k4,joy,joy,0.190974,0.0028748778,0.0020578513,0.64467794,0.058168758,0.101246566
edeaytu,joy,joy,0.0012807659,0.00047037838,0.00031522813,0.99456066,0.002140191,0.0012327917
edeblme,anger,anger,0.9778651,0.005911769,0.0007112593,0.008830935,0.003501136,0.003179808
edecp1l,joy,joy,0.0010767946,0.00031227383,0.0003217351,0.99678886,0.0005505145,0.00094993
ededips,sadness,sadness,0.0065348013,0.0032337338,0.0037530556,0.0062375227,0.9760213,0.0042196354
ededl9z,joy,joy,0.012133297,0.00058073434,0.0006928729,0.9821244,0.0021430638,0.0023255728
ededok1,joy,joy,0.0014688448,0.000310729,0.00024894712,0.9958127,0.0011315382,0.0010272511
edee2ew,joy,joy,0.021147458,0.0015331955,0.0010622729,0.93367845,0.025933404,0.016645214
edeelro,joy,joy,0.002586058,0.0004573621,0.0003021278,0.9942086,0.0015173204,0.00092857704
edefxih,joy,joy,0.0015795715,0.00021805747,0.00026113054,0.99386,0.0014505701,0.0026305662
edegim1,joy,joy,0.0011329819,0.00030526338,0.00028250832,0.9966068,0.0008771432,0.0007953299
edeh53r,joy,joy,0.0047974507,0.0004163268,0.00029754898,0.9919932,0.0007995453,0.0016959539
edei6u2,anger,anger,0.8595133,0.062186055,0.0035746598,0.00603452,0.06391221,0.004779231
edej2s9,joy,surprise,0.00844293,0.001430835,0.0030916415,0.46679068,0.005461228,0.51478267
edemzl4,joy,joy,0.0019022579,0.0004197016,0.00036947287,0.99311686,0.0030596657,0.0011319857
edenaig,joy,joy,0.04805143,0.0031061035,0.0030585518,0.8868252,0.03017924,0.028779412
edenjv6,anger,anger,0.9680447,0.014256413,0.00072560884,0.0066469726,0.0068238857,0.0035024663
edeoe5x,joy,joy,0.0017575589,0.0004318437,0.00032015893,0.9959881,0.00046440487,0.0010379325
edeoyk8,joy,joy,0.0009931707,0.00030751474,0.00026125554,0.99654883,0.000868807,0.0010203631
edep5ck,sadness,sadness,0.00585856,0.0033441817,0.007819381,0.0065639135,0.9717193,0.0046947123
edep9au,joy,joy,0.0014778778,0.00032951092,0.00022580229,0.9959298,0.00069419964,0.0013427811
edepc9e,joy,joy,0.0017105757,0.00036962776,0.00022813809,0.996101,0.0005813248,0.0010093937
edepdmb,joy,sadness,0.033758953,0.005508952,0.0055001224,0.01535225,0.934937,0.004942768
edepzb6,joy,joy,0.0019678914,0.00031687014,0.0002806243,0.99389595,0.000421644,0.003117042
edeq9vx,joy,joy,0.0012088595,0.00040669105,0.00034290858,0.9967744,0.0004348905,0.00083232153
edeqmkt,anger,anger,0.9695314,0.003144796,0.001271275,0.01873005,0.0030625018,0.004260072
ederxeo,anger,surprise,0.4269701,0.008568563,0.0038376336,0.019706244,0.032758817,0.5081586
edeshen,surprise,surprise,0.003033319,0.0012992256,0.0021899638,0.005666551,0.0034471406,0.98436373
edesoxj,anger,anger,0.79716945,0.004422021,0.001531634,0.08586541,0.013395586,0.097615905
edeva3y,surprise,anger,0.6688049,0.022217296,0.0018236288,0.013690323,0.26651525,0.02694866
edeyrtv,anger,anger,0.9638173,0.0035857623,0.0009963472,0.016234508,0.006512784,0.008853282
edezh5e,joy,joy,0.002706211,0.00080846413,0.010064248,0.9729825,0.008513661,0.004924813
edf0czg,surprise,surprise,0.18352672,0.008863449,0.0034236189,0.19796243,0.21988818,0.3863356
edf2vqm,joy,joy,0.002790715,0.00045773762,0.0009065301,0.9918819,0.0006957064,0.003267473
edf316a,joy,joy,0.0010975214,0.00031837146,0.00030197875,0.9967733,0.00044623797,0.0010626591
edf3paa,anger,surprise,0.037842344,0.0025031155,0.0018449302,0.19472682,0.019703519,0.7433793
edf3yr9,joy,joy,0.0013433546,0.0003486231,0.00031386796,0.9966673,0.00046465042,0.00086222944
edf48c4,joy,joy,0.029148355,0.0026669581,0.0022388499,0.94657445,0.0044898153,0.014881519
edf4bmv,joy,joy,0.0034690069,0.00036944135,0.00036869178,0.9928844,0.0018306018,0.0010779112
edf5kgz,joy,joy,0.007669886,0.0004419898,0.00033379276,0.98713857,0.00080786215,0.003607837
edf65ig,joy,surprise,0.020801583,0.0063425545,0.008593977,0.36549318,0.0104706865,0.588298
edf673x,joy,joy,0.0012715299,0.00037646925,0.00027864717,0.99654406,0.0006868773,0.00084239314
edf6jmm,joy,joy,0.0012889606,0.0003262106,0.00042039645,0.99634945,0.0003802189,0.001234754
edf6ni8,sadness,anger,0.9658255,0.013726991,0.00095403846,0.007278023,0.0090386355,0.0031768912
edf6roi,anger,anger,0.87424314,0.013555808,0.0021989276,0.0052123396,0.027600262,0.077189565
edf702j,fear,sadness,0.14352219,0.036804207,0.0062757256,0.052839585,0.72778314,0.03277516
edf74ta,joy,joy,0.009763286,0.0024445592,0.0005872008,0.98018783,0.0037122867,0.0033048545
edf7r2n,joy,sadness,0.030113617,0.003341512,0.0039947783,0.101156704,0.8419341,0.019459244
edf80ua,anger,joy,0.18565124,0.018504055,0.0020441178,0.51711184,0.045728624,0.23096015
edf8b72,joy,joy,0.039506163,0.0010849575,0.0007014666,0.94305104,0.0049401456,0.010716207
edf9249,surprise,surprise,0.056965433,0.002305395,0.0015238922,0.029981473,0.01689362,0.8923302
edf93vl,joy,joy,0.006278035,0.0005772464,0.0002989687,0.9863239,0.0035003382,0.0030215362
edf9gty,joy,joy,0.0026224768,0.00045700814,0.00024484162,0.99399686,0.0014314782,0.001247321
edf9nth,anger,surprise,0.013265339,0.0014210339,0.0014430601,0.011169689,0.0065876096,0.96611315
edfam25,anger,anger,0.83057356,0.006397391,0.001954888,0.08039962,0.03046918,0.0502053
edfbah7,joy,joy,0.0012235667,0.00031639292,0.00030330473,0.996766,0.0005292915,0.00086152065
edfcwf8,anger,anger,0.9779611,0.0052100327,0.00092694594,0.010116753,0.0027734116,0.003011772
edfd1vj,joy,joy,0.0032269987,0.0008481176,0.0008103368,0.94084436,0.0014620572,0.052808054
edfdx5a,joy,joy,0.0018973297,0.00036681717,0.00032408416,0.9957997,0.0007213243,0.0008906354
edfe140,joy,joy,0.0022421174,0.00052775326,0.00030847845,0.99541473,0.00047220007,0.0010346249
edfejkl,joy,joy,0.0010864213,0.0004025055,0.0004188146,0.99529207,0.00042031068,0.0023799432
edfeo76,joy,joy,0.0027011412,0.00053570594,0.00046036736,0.9789979,0.00079458364,0.016510375
edfev3b,joy,joy,0.014702067,0.00089437194,0.0004230629,0.95995545,0.0016735541,0.02235154
edff0vj,anger,sadness,0.27238834,0.011900052,0.0070078913,0.21954362,0.41322696,0.0759331
edff3kj,sadness,anger,0.9756526,0.0062769987,0.00077737775,0.0057632625,0.0055685663,0.005961198
edffo3n,joy,joy,0.0011837387,0.0002437783,0.00032747726,0.99468476,0.0008210309,0.0027392479
edfgs9s,joy,joy,0.01559846,0.00076851825,0.00054625375,0.93439555,0.006447498,0.042243805
edfhekv,joy,joy,0.0011235342,0.00035088367,0.00028167677,0.99694806,0.00044596242,0.0008499423
edfhken,joy,joy,0.028217634,0.0013809465,0.0009131952,0.9610946,0.0042834305,0.0041101566
edfi3jv,anger,anger,0.960808,0.010761349,0.0016788867,0.0103459405,0.0075207045,0.008885072
edfi86s,anger,joy,0.07677877,0.0019821795,0.0013704007,0.90703815,0.0066139316,0.0062165447
edfi8eu,joy,joy,0.0009859662,0.0002745335,0.00032695974,0.99621,0.0012721953,0.00093034527
edfjbsv,joy,joy,0.0020800037,0.0003461006,0.00030146894,0.9956896,0.0007027603,0.00088010944
edfkdwl,anger,anger,0.9720675,0.0033346408,0.0010320073,0.012084044,0.0049464786,0.0065353513
edfle0y,joy,joy,0.0013648538,0.0004906382,0.0005736265,0.99225193,0.0041763713,0.0011425852
edfmk6s,anger,joy,0.026413407,0.0012267182,0.0009348503,0.95014095,0.017938813,0.0033452536
edfmtny,joy,joy,0.0012436706,0.00040293598,0.00034428757,0.9955207,0.00047724505,0.0020111275
edfn8rc,joy,joy,0.00217138,0.00036608175,0.0002723457,0.9945528,0.0006914333,0.0019460061
edfpq5y,disgust,sadness,0.008087205,0.013955346,0.005355856,0.0029002866,0.96598077,0.0037205755
edfq6q1,joy,joy,0.0030182546,0.00032838513,0.00021464974,0.9942305,0.0010980129,0.0011102406
edfqcdj,joy,joy,0.0036324193,0.0007443123,0.00035885224,0.99238515,0.00097162434,0.0019076611
edfr4au,joy,joy,0.001474668,0.0003436058,0.00031164807,0.9964796,0.00053671794,0.00085375283
edfr91t,anger,anger,0.8979121,0.009907022,0.0022397784,0.017759938,0.054430418,0.017750772
edfrf9x,joy,anger,0.7462522,0.0040239743,0.0031641847,0.20472242,0.0075268024,0.03431034
edfrt0v,joy,joy,0.001358915,0.00029771854,0.00024072669,0.9966133,0.0005340765,0.00095516694
edfs5k1,sadness,sadness,0.0043242583,0.004219594,0.0039145555,0.0053968653,0.97779614,0.004348606
edft99z,anger,surprise,0.06362672,0.011043056,0.04598528,0.01812498,0.3689669,0.49225315
edftikh,joy,joy,0.0018097152,0.00042676931,0.00032951628,0.99600863,0.0005153504,0.0009100974
edfukh4,joy,joy,0.0013779631,0.00033531076,0.00030921606,0.9964056,0.0004696806,0.0011023467
edfun1b,joy,joy,0.0013271645,0.00033941807,0.00022866299,0.9961597,0.00048180297,0.0014631841
edfuqsg,surprise,surprise,0.014789031,0.0014767565,0.0025516918,0.03460779,0.011932733,0.9346421
edfvsoe,anger,joy,0.2757633,0.0045784833,0.0016647386,0.51582885,0.013229778,0.18893486
edfw8cx,joy,joy,0.0024284974,0.00032902326,0.0002859419,0.995084,0.00080801063,0.0010646081
edfwc30,anger,anger,0.9740414,0.0052032666,0.0009938594,0.0131122405,0.003050447,0.0035988663
edfxikv,anger,anger,0.90831864,0.005253882,0.0011830524,0.072596885,0.0054767043,0.007170831
edfxp6s,anger,anger,0.35203475,0.0056159203,0.01303217,0.13983797,0.29259703,0.19688219
edfzcco,sadness,anger,0.4970115,0.022170706,0.002523834,0.034219146,0.10980691,0.33426777
edg2323,anger,anger,0.5168205,0.004531276,0.0026091142,0.4484164,0.012930631,0.014692152
edg24r6,joy,joy,0.005318138,0.00058310165,0.00031351097,0.9898196,0.0014182783,0.0025474678
edg2krv,joy,surprise,0.037060052,0.0023005304,0.0019736078,0.24437672,0.017748084,0.696541
edg3f11,anger,anger,0.91050154,0.007619029,0.00073813414,0.036144372,0.013853811,0.03114304
edg5lkg,joy,joy,0.0016911397,0.00043958816,0.00034441683,0.9930355,0.00040905055,0.0040802024
edg5m8h,joy,joy,0.0033002384,0.0006100608,0.0005079463,0.99251306,0.001039105,0.0020295556
edg5nfy,joy,joy,0.0013578451,0.0003506218,0.000286329,0.99658406,0.00049221294,0.0009288449
edg64zs,fear,fear,0.21250488,0.19169667,0.5060193,0.01835187,0.038193326,0.033233926
edg7nk9,surprise,surprise,0.013551351,0.0020815874,0.0022602412,0.010844188,0.0063191177,0.9649436
edg7om9,joy,joy,0.02126346,0.0014611176,0.0009036158,0.9477786,0.02630087,0.0022923076
edg7u9q,joy,joy,0.049821414,0.002727395,0.011353633,0.80010647,0.105306774,0.030684387
edga3rn,joy,joy,0.0017627109,0.00029075064,0.00019733698,0.9943587,0.0008221053,0.0025683225
edgasry,sadness,sadness,0.0072777,0.0024223118,0.0027997866,0.018518064,0.9631764,0.00580567
edgaypf,joy,joy,0.0010585998,0.00029550426,0.00028184606,0.9968245,0.00055694825,0.0009826976
edgbsvr,joy,joy,0.004235791,0.0004886442,0.0004247461,0.9828267,0.0014600747,0.010563908
edgc5hm,joy,joy,0.002490964,0.000475668,0.00029254204,0.99441826,0.00087587076,0.001446803
edgcrmk,joy,joy,0.0012321022,0.0003642412,0.00029039537,0.99680054,0.00045861548,0.0008541484
edgd1ae,disgust,anger,0.6590773,0.20526719,0.008130358,0.0746031,0.040528398,0.012393625
edge9aj,joy,joy,0.0030107638,0.00035269788,0.00032395916,0.9928578,0.000514009,0.002940767
edgfoid,joy,joy,0.0036991634,0.00039323702,0.00027261005,0.9927119,0.000943292,0.0019798288
edgfpx8,joy,joy,0.014671625,0.002160628,0.0010576618,0.975694,0.0031732335,0.0032428743
edgg30k,anger,anger,0.86097515,0.005040734,0.0018020103,0.012445135,0.011437841,0.10829911
edgg9sf,surprise,surprise,0.02713013,0.0026247113,0.0028669361,0.011604073,0.05258815,0.90318596
edggb16,joy,joy,0.020170594,0.0018167861,0.003219377,0.8267449,0.11853357,0.029514743
edggcz5,joy,joy,0.0018321585,0.00040914954,0.0002715044,0.9951959,0.0005887987,0.0017024609
edggipn,joy,joy,0.0010333956,0.00034627656,0.00030227067,0.99670607,0.0007135038,0.00089852425
edghetb,joy,joy,0.0022889401,0.0005237455,0.0002767322,0.98812217,0.0029874493,0.005800984
edgi74i,sadness,sadness,0.012266448,0.002587961,0.0055171833,0.011618265,0.9219229,0.04608719
edgids5,surprise,joy,0.026409084,0.0027081394,0.0043371157,0.6787238,0.11295028,0.17487162
edgio11,joy,joy,0.0038786917,0.00038105182,0.0004271002,0.9908914,0.001143541,0.0032781358
edgjaiz,anger,joy,0.0065286807,0.00068374525,0.0005059326,0.9883978,0.00087936287,0.0030044694
edgjhub,joy,joy,0.0012000093,0.000419154,0.00033922863,0.99651814,0.00047948782,0.0010439864
edgjhy8,joy,joy,0.0017213882,0.00035806003,0.00041387588,0.99278754,0.0013002056,0.0034189536
edgjonk,sadness,anger,0.44704318,0.0091908295,0.004859091,0.0602992,0.13655639,0.34205142
edgjvyh,joy,joy,0.0014733486,0.0003137404,0.00032426746,0.9961939,0.00059484004,0.0010999731
edgkcyf,joy,joy,0.0018533773,0.0003370278,0.00027835357,0.9959346,0.0004129345,0.0011837578
edglicm,joy,joy,0.0014313186,0.0003832044,0.000463094,0.9938624,0.00045006047,0.0034099992
edglqtg,joy,joy,0.0014201233,0.00031842757,0.00032391842,0.99649185,0.00055944495,0.0008861815
edgn07c,joy,anger,0.8782254,0.095274635,0.0021981352,0.007287764,0.012547809,0.004466221
edgn2rr,joy,joy,0.0010327613,0.0002766353,0.00029009054,0.99656844,0.0004543517,0.0013776475
edgo17t,joy,joy,0.0028108961,0.0003483497,0.0009917401,0.97528094,0.0021911564,0.018376924
edgpw6i,surprise,surprise,0.0030018764,0.0010952746,0.0023205245,0.009804181,0.0047487617,0.9790293
edgq0jm,joy,joy,0.0017872548,0.00038535937,0.0003550254,0.99509686,0.0005257359,0.0018497814
edgq70j,surprise,joy,0.002784882,0.00046885118,0.00063789694,0.9922301,0.0017302539,0.0021480387
edgw07w,sadness,sadness,0.0045872107,0.0027010178,0.0029989888,0.012941469,0.97108895,0.0056824475
edgw4p9,surprise,joy,0.010398899,0.0010596871,0.0014279927,0.7767109,0.007341583,0.2030609
edgwcyb,fear,fear,0.035019405,0.018218178,0.6745392,0.032335993,0.18241578,0.057471473
edgxppc,joy,sadness,0.0076686214,0.0040678,0.0068329475,0.37383074,0.60110843,0.006491522
edgxxic,anger,anger,0.95989686,0.007570936,0.0009181276,0.022553416,0.0046967375,0.0043638893
edgy9hp,anger,anger,0.6517874,0.0056304117,0.002308768,0.25812775,0.07125503,0.010890698
edgyr8b,joy,joy,0.0017543421,0.0002562625,0.00034945537,0.9942163,0.0007286304,0.0026950086
edh1dqx,joy,joy,0.0012517403,0.00034606823,0.00032618426,0.99600863,0.0012649539,0.00080244185
edh1jlt,anger,fear,0.12499134,0.13217004,0.46859947,0.031700946,0.06259868,0.17993948
edh1tcy,sadness,sadness,0.16645181,0.007281076,0.004459685,0.04110661,0.52904826,0.25165254
edh1tk7,joy,joy,0.0011222248,0.00039161503,0.00032055794,0.9969137,0.00050192163,0.0007500259
edh2ahx,joy,surprise,0.013058415,0.0019544004,0.0014615625,0.08732518,0.009880938,0.8863194
edh2epm,anger,anger,0.6199314,0.0035255013,0.005413089,0.19768788,0.020658866,0.15278326
edh3cjc,joy,surprise,0.0123474095,0.0015697819,0.0016854494,0.0763285,0.007062776,0.90100604
edh3n02,joy,joy,0.00823842,0.0017768837,0.0018430733,0.91193825,0.07347794,0.0027253889
edh3o5p,surprise,surprise,0.011902248,0.0034149247,0.0025183498,0.010951623,0.0110239955,0.9601889
edh4070,joy,anger,0.592501,0.20157123,0.0050077373,0.01859944,0.1724101,0.009910486
edh488n,joy,joy,0.0012220788,0.00034539946,0.00024656023,0.9965765,0.00057682785,0.0010326265
edh4943,anger,anger,0.9179485,0.0051606963,0.0032000293,0.040039554,0.01904125,0.014610011
edh4gcq,surprise,surprise,0.009458292,0.0014808287,0.0015340257,0.007825732,0.005360448,0.9743406
edh54jm,joy,joy,0.0010582452,0.00034681003,0.00026201422,0.9969505,0.00051702955,0.0008654555
edh5c6b,joy,anger,0.9644038,0.0077533564,0.0010397736,0.005881047,0.004253258,0.016668782
edh5fvg,joy,joy,0.0009266978,0.00031073394,0.00033740434,0.9969471,0.00043622497,0.0010418463
edh5ho0,joy,joy,0.006797062,0.0011432153,0.0022848994,0.9455497,0.036260873,0.007964202
edh5uhe,surprise,surprise,0.012646734,0.0024000555,0.0041536684,0.012573886,0.0109197255,0.95730597
edh5xcp,joy,joy,0.003927155,0.00052323856,0.00065711606,0.98975056,0.002528729,0.002613178
edh7zhb,joy,joy,0.001838546,0.0003530163,0.0002852117,0.99521184,0.0011020041,0.0012093518
edh84wb,anger,anger,0.9591529,0.004750857,0.0007296425,0.019389024,0.008021018,0.007956587
edh888r,disgust,anger,0.9211689,0.021461481,0.0031387433,0.022317344,0.0128201675,0.019093303
edh8i0n,joy,anger,0.57554525,0.0089489715,0.0032460785,0.15903439,0.1947408,0.05848452
edh9dyj,joy,joy,0.041073542,0.0011797608,0.0006999344,0.9500127,0.0029044414,0.0041296724
edhb8q9,joy,joy,0.012882135,0.00066926697,0.00085542165,0.97680205,0.0061732484,0.0026178635
edhd09y,joy,joy,0.0064704265,0.00040083978,0.00021629006,0.98966473,0.0010391814,0.0022085835
edhdi2t,joy,sadness,0.16890302,0.006432146,0.008707063,0.2996127,0.3071511,0.20919396
edhebz2,joy,sadness,0.03984944,0.005031731,0.055620376,0.12531601,0.6970747,0.07710771
edhecot,anger,joy,0.0014144917,0.0003535551,0.00022135794,0.99601775,0.0006384238,0.0013544069
edhevjw,anger,anger,0.94235545,0.0035850266,0.0007769481,0.031924088,0.008681732,0.012676746
edhf6yu,joy,joy,0.005410904,0.0009552695,0.0005166278,0.9897143,0.0017068053,0.0016960136
edhg2vn,joy,joy,0.0020518743,0.00047933002,0.0003324322,0.994991,0.00046045773,0.0016848805
edhgdhn,fear,fear,0.033978146,0.087211974,0.6293744,0.011700798,0.030691324,0.20704342
edhgeap,sadness,anger,0.46329826,0.040656958,0.06450268,0.08119915,0.26816392,0.08217903
edhgkjp,sadness,sadness,0.0073237983,0.0026736646,0.0029278211,0.010443122,0.9727078,0.0039238534
edhh5yt,joy,joy,0.001185809,0.00025987244,0.00032324504,0.9964737,0.000662675,0.0010946711
edhhkje,joy,joy,0.0010355022,0.0002750248,0.0002575007,0.9967667,0.0005923598,0.0010729125
edhhwqz,joy,joy,0.0025601566,0.00066977594,0.0019090371,0.9743585,0.017207175,0.003295324
edhi0is,joy,joy,0.0012651194,0.00032224765,0.000300172,0.9966008,0.00043066902,0.0010811242
edhihxg,joy,joy,0.0018508976,0.00036451357,0.00033144772,0.99533,0.0011520577,0.0009711355
edhiq2o,anger,anger,0.5304676,0.05548281,0.0033028824,0.013141415,0.38951653,0.008088839
edhjh37,surprise,joy,0.010215462,0.0011157235,0.0011561275,0.8423285,0.0063776653,0.13880657
edhjid0,fear,fear,0.13669483,0.032390382,0.68748426,0.071140744,0.030703992,0.0415858
edhjtlr,anger,anger,0.9765178,0.010930115,0.0011244436,0.0062218187,0.0032462887,0.00195953
edhjuho,sadness,fear,0.022567475,0.030576695,0.7736887,0.08838518,0.051366135,0.033415906
edhky5e,anger,sadness,0.029011348,0.009385871,0.10149403,0.03727373,0.75150293,0.0713321
edhl00b,joy,joy,0.005592887,0.0005008354,0.0003143742,0.9855143,0.0046794424,0.0033981875
edhl6hb,surprise,joy,0.0051596723,0.0017814396,0.0023979985,0.6255801,0.0045817937,0.360499
edhmbq6,joy,joy,0.02286889,0.0011275192,0.0026069828,0.8193694,0.015401214,0.13862602
edhn88y,joy,joy,0.043976758,0.0018653077,0.008268417,0.88324773,0.048898198,0.013743599
edhnt15,surprise,surprise,0.006374674,0.0030348925,0.003966117,0.011248246,0.019833025,0.95554304
edhovet,joy,joy,0.0031442267,0.00082588533,0.000510063,0.99317,0.0006762426,0.0016735675
edhqmcg,joy,joy,0.0013931958,0.00030040098,0.00028757006,0.9959078,0.0008044458,0.0013066096
edhqumw,joy,joy,0.0011693246,0.00039153613,0.00033832993,0.9965617,0.0004980138,0.0010410314
edhrhcb,surprise,surprise,0.0047670156,0.0010281014,0.0014217417,0.009036678,0.0044011255,0.9793453
edhrir1,joy,joy,0.002207934,0.0005412787,0.0003864692,0.99427503,0.0005303027,0.002059007
edhtdqn,anger,anger,0.5745831,0.10663414,0.02159273,0.10460329,0.051224004,0.14136276
edhtwzd,joy,joy,0.003510953,0.0005475583,0.00025202,0.9939028,0.00083015685,0.00095659605
edhuw7p,surprise,surprise,0.009173183,0.0022320477,0.002894947,0.0091640325,0.007960755,0.968575
edhuw8j,joy,joy,0.0009161436,0.00030630623,0.00029872396,0.996912,0.0005782797,0.0009885244
edhxjx5,sadness,sadness,0.035007242,0.010053207,0.0109953005,0.013965471,0.91734,0.012638861
edhyt2k,joy,joy,0.0013799435,0.00033168966,0.00024701603,0.9966342,0.00058075576,0.0008264641
edhztgc,anger,joy,0.01595067,0.0010083172,0.0008842193,0.9744769,0.0019313429,0.0057485662
edi00wi,joy,joy,0.016453397,0.0012720063,0.00056760677,0.9336854,0.0026355076,0.045386072
edi09hy,joy,joy,0.0010194823,0.000363353,0.00032601255,0.9969446,0.000470804,0.00087572966
edi0iyi,anger,anger,0.97832435,0.009330443,0.0011818735,0.005397206,0.0030462448,0.002719849
edi1ohm,sadness,sadness,0.057769462,0.0053294203,0.002030069,0.024409777,0.8929043,0.017556993
edi3aqz,joy,surprise,0.12887926,0.0061728354,0.010256666,0.036556624,0.07604058,0.742094
edi3w9p,fear,fear,0.023365252,0.029043619,0.88615197,0.016892212,0.017726192,0.026820738
edi490t,joy,joy,0.0013325493,0.00035047618,0.00045800448,0.9961882,0.00053314044,0.0011375848
edi69b8,surprise,surprise,0.003585012,0.0010273436,0.0019824675,0.00496695,0.0032895238,0.98514867
edi7fkr,sadness,sadness,0.0054647485,0.0030446295,0.0034791674,0.010030824,0.9746508,0.003329883
edi7fz7,anger,surprise,0.02664571,0.004352602,0.0021341993,0.26037067,0.0074271085,0.69906974
edi7mux,joy,anger,0.72023773,0.012546429,0.001296175,0.13962656,0.030479874,0.0958132
edi7v8h,joy,joy,0.001747596,0.00032363937,0.00022330998,0.99569327,0.00066753104,0.0013445865
edi7x05,joy,joy,0.00553743,0.00063422945,0.00042088414,0.98574626,0.005522842,0.0021383383
edi8nss,joy,joy,0.0010974252,0.00034504558,0.0002740954,0.996811,0.000614572,0.00085783127
edi97hu,anger,joy,0.27482873,0.00823811,0.059868746,0.5254082,0.0150165055,0.11663968
edibner,surprise,anger,0.93210983,0.012894883,0.0035255724,0.0037569124,0.0049999533,0.04271281
edibnvj,anger,anger,0.80503184,0.007449233,0.008103938,0.1465143,0.019221416,0.013679316
edicmd0,joy,joy,0.0010099462,0.0003362262,0.0002656028,0.9964971,0.001016998,0.00087415485
edict64,joy,joy,0.0016282226,0.0003716809,0.00027799836,0.995756,0.0010160024,0.0009500876
edidssz,joy,joy,0.0012767784,0.0004808353,0.00041917225,0.99577963,0.00037344726,0.0016701587
edieewl,joy,joy,0.00089516334,0.0002717546,0.0004176466,0.9961511,0.0011750127,0.0010893872
edieomi,joy,joy,0.0009582762,0.00028699185,0.00027659076,0.9969963,0.00062943087,0.0008524833
edieuq5,anger,anger,0.6287382,0.033338975,0.008117588,0.018767184,0.21960981,0.09142812
edig746,joy,joy,0.0016634619,0.00044226917,0.0002852094,0.99612975,0.0004705139,0.0010088844
edigfv6,joy,joy,0.0030926943,0.000643152,0.00044515877,0.9907184,0.0010313288,0.004069246
edigzia,joy,joy,0.006615843,0.001331663,0.00082702894,0.9871718,0.0015392554,0.0025143991
edih0nu,sadness,surprise,0.007813908,0.0018045013,0.0018590073,0.016937815,0.0128935445,0.9586912
edihyzp,surprise,joy,0.008904105,0.00052965217,0.00039912414,0.9732834,0.0019348899,0.014948862
ediik76,sadness,sadness,0.020092683,0.0053502335,0.0025582574,0.044308513,0.91660213,0.011088137
ediiwnp,anger,sadness,0.19313896,0.035912395,0.035104424,0.15143728,0.5053654,0.07904161
edij9so,anger,joy,0.04862423,0.0011344941,0.0009835613,0.92118925,0.00951422,0.018554175
edijkq3,surprise,surprise,0.13099189,0.0051594344,0.0024838808,0.009574073,0.017456787,0.83433396
edijlx6,joy,joy,0.0010966666,0.00036776983,0.00037654655,0.9953229,0.0019170407,0.0009191661
edik18f,joy,joy,0.0012599861,0.00028805042,0.00024596657,0.9960588,0.00056009257,0.0015870583
edikcrw,surprise,joy,0.0030489024,0.0004268552,0.0005235993,0.97865695,0.0013452029,0.015998578
edil2mg,joy,joy,0.0043863663,0.00038544863,0.00041311528,0.9896366,0.0030712977,0.0021072547
edil7xg,joy,joy,0.00093836884,0.00031088703,0.0002908653,0.99667466,0.000768524,0.0010167569
edimo8m,sadness,sadness,0.004620341,0.0031043834,0.004948767,0.006257468,0.97713715,0.003931853
edinen3,joy,joy,0.0013275401,0.0003179855,0.00026202638,0.9966156,0.0005669545,0.00090982555
edinvf9,sadness,sadness,0.0047749146,0.0023697726,0.003428226,0.008027502,0.9756505,0.0057490245
edio3x8,joy,joy,0.0026916317,0.00032931197,0.00026261952,0.9902272,0.0023751494,0.0041141454
edio7w9,joy,joy,0.0012866596,0.00025581097,0.0004344448,0.99147123,0.0024269198,0.0041250084
ediowgz,joy,joy,0.0029169603,0.00033039387,0.00044874274,0.99192303,0.0006340317,0.0037468856
edip9vz,joy,joy,0.0016753974,0.00032588956,0.00023283926,0.99618655,0.00052930304,0.0010500164
edipf69,surprise,joy,0.04664485,0.0027175446,0.002442549,0.80623,0.008300621,0.1336644
ediqg42,joy,joy,0.001023157,0.0003328559,0.00030082843,0.996974,0.000527548,0.00084161444
ediqm9a,surprise,surprise,0.0055815526,0.0016655708,0.0022779305,0.059732582,0.0057450035,0.9249974
ediqrme,joy,joy,0.00227018,0.00044380748,0.00028444498,0.994699,0.00068600324,0.0016166419
edir3lp,joy,joy,0.007989611,0.0010112029,0.0036391316,0.9199591,0.05702424,0.010376644
edir5s2,anger,anger,0.73821265,0.006476964,0.0026574347,0.057181463,0.05236169,0.14310975
edir95s,joy,joy,0.0020064844,0.00048460264,0.0003564237,0.9946156,0.0015240186,0.0010129272
editlgc,joy,joy,0.0009967111,0.00037588,0.0003642004,0.9968971,0.0005471406,0.0008189084
editpz7,surprise,surprise,0.02025201,0.0015874957,0.0014639975,0.07203508,0.0070669805,0.89759445
editybe,joy,joy,0.0011038791,0.0003230655,0.00026256323,0.9966709,0.00077230524,0.0008672734
ediv55r,joy,anger,0.44459078,0.008293134,0.005668662,0.35481936,0.11702451,0.069603585
edivvjm,anger,anger,0.954523,0.020597404,0.0018047278,0.0032125611,0.005049359,0.014812929
edixbsb,joy,joy,0.0026397363,0.000391033,0.00037387453,0.9939831,0.0011050792,0.0015072274
edixi8z,anger,anger,0.34674096,0.006419408,0.0026380133,0.34404045,0.062431972,0.23772916
ediya6s,joy,joy,0.16791672,0.005726887,0.0027502677,0.7451006,0.049926274,0.028579295
ediz7vh,joy,anger,0.95138514,0.014253992,0.0009438179,0.015209993,0.009256282,0.008950742
edj0qlw,surprise,surprise,0.0049679843,0.0013373481,0.0021750177,0.0034678958,0.003149941,0.98490185
edj2o0u,sadness,sadness,0.03492059,0.0047975685,0.004438219,0.03229202,0.89874583,0.024805691
edj2vvu,sadness,sadness,0.0037992024,0.003259965,0.0039888253,0.008285779,0.97673357,0.003932673
edj2w4y,joy,anger,0.85238826,0.0046481336,0.0021557978,0.121500134,0.0074789408,0.011828756
edj3789,joy,joy,0.0026203475,0.0006020868,0.00038048552,0.99449027,0.0006230653,0.0012837286
edj3pdi,joy,joy,0.0012609524,0.00024745808,0.00022208587,0.9965675,0.000709639,0.0009923283
edj50vp,joy,joy,0.0021800208,0.00055303477,0.00026312438,0.99492973,0.0005612137,0.0015128021
edj5kvj,joy,joy,0.0018941228,0.0004753369,0.00039020972,0.9953219,0.0010649991,0.0008534725
edj5nu2,joy,joy,0.08823998,0.0032826657,0.0029126108,0.73392075,0.03308592,0.1385581
edj5ywq,surprise,surprise,0.02306165,0.0023171687,0.0019797594,0.2011241,0.008447329,0.7630699
edj7dbp,joy,joy,0.0015960858,0.00028394753,0.00027615787,0.995754,0.0006182924,0.0014715033
edj7ndy,joy,joy,0.022543047,0.0031504023,0.0018287682,0.9665985,0.002316909,0.0035623151
edj7vcj,anger,anger,0.94423866,0.006733008,0.0016810743,0.014250829,0.012599169,0.020497218
edj892x,joy,joy,0.025849534,0.0014943259,0.0009097786,0.8885546,0.0036175037,0.07957431
edj8h32,surprise,surprise,0.007215552,0.0015957393,0.0025787684,0.0031008972,0.0034477569,0.98206127
edj8r3j,joy,joy,0.0011959418,0.00039254857,0.000259485,0.9966282,0.00048862386,0.0010352171
edjaev4,surprise,anger,0.767336,0.0117781395,0.012253625,0.057160165,0.02091745,0.1305546
edjaucb,sadness,sadness,0.008181982,0.004030229,0.0028207211,0.019970272,0.96050555,0.004491119
edjcj7k,joy,anger,0.8242959,0.047378995,0.0027376835,0.072327666,0.030093145,0.023166552
edjdltb,joy,joy,0.0011493849,0.00031816657,0.0003300234,0.99621826,0.00076427625,0.001219835
edjdxzo,joy,joy,0.0011185795,0.00041191425,0.00033672855,0.9968669,0.00041309878,0.00085274875
edje1cj,joy,joy,0.0016326804,0.00028971653,0.00022464723,0.99617815,0.0006065108,0.0010682982
edje3s2,joy,joy,0.001824062,0.00032016597,0.0002634739,0.9959967,0.0006612321,0.00093436154
edje8y3,surprise,surprise,0.011866337,0.0010716176,0.0017160819,0.046701573,0.005015867,0.93362856
edjefy9,joy,joy,0.0024462729,0.00048435188,0.00026547431,0.99489295,0.0006193514,0.0012915699
edjex4p,joy,joy,0.003370618,0.00031076974,0.00049049774,0.9797718,0.0023225413,0.013733785
edjft6v,surprise,surprise,0.003459962,0.0012322054,0.0017463801,0.015242372,0.0027686995,0.97555035
edjfyek,joy,joy,0.0037435703,0.0005935709,0.00057130476,0.99203837,0.00069831737,0.0023548428
edjg0qf,surprise,anger,0.60475737,0.005334128,0.006038926,0.072598554,0.023825174,0.28744578
edjgtw0,joy,joy,0.0010886627,0.00034480088,0.00025439207,0.9963952,0.00056258193,0.0013544111
edjh2ja,joy,joy,0.04099737,0.0046229213,0.019135615,0.81408715,0.08581528,0.035341714
edji3tk,joy,joy,0.0014432292,0.00043521877,0.00045374088,0.99571854,0.00037364324,0.0015756118
edjichb,joy,joy,0.024959907,0.0013975764,0.0010110744,0.9574952,0.003218814,0.0119173555
edjij1v,joy,joy,0.0010340872,0.00034923886,0.00039647816,0.9967451,0.00042149497,0.0010535273
edjijts,sadness,sadness,0.15708457,0.0068298625,0.011157997,0.017844386,0.7775914,0.029491687
edjj4p3,joy,joy,0.0010324279,0.00035600268,0.00027616214,0.9969723,0.0004947005,0.00086832256
edjkk75,joy,joy,0.0026290354,0.00044729395,0.00033527246,0.99356246,0.0019649612,0.0010608943
edjktw8,disgust,anger,0.74614245,0.16882142,0.0040131197,0.007710708,0.0659069,0.007405428
edjnofw,joy,joy,0.0021691904,0.0004498413,0.00031529178,0.9923766,0.0005432014,0.004145855
edjo3xa,joy,joy,0.018039081,0.005710385,0.0021757137,0.9082501,0.05322494,0.012599766
edjo4yr,sadness,joy,0.017219285,0.0031464773,0.0039450545,0.9338028,0.012333029,0.029553438
edjo50v,anger,anger,0.88518536,0.00675917,0.002098365,0.012903886,0.007984557,0.085068606
edjo7m5,joy,joy,0.0009661452,0.00030910573,0.0003574545,0.9968141,0.00046341328,0.0010898509
edjpnmp,joy,joy,0.00133598,0.0003215226,0.0002918785,0.9962614,0.0005520328,0.0012371399
edjqonz,anger,anger,0.6042261,0.0051399563,0.0012658638,0.37071207,0.007831386,0.010824626
edjrfgf,joy,joy,0.0015373279,0.00030753377,0.00041656801,0.9954991,0.00064706575,0.0015924094
edjroaq,sadness,joy,0.0062498003,0.0010571546,0.002328458,0.9780828,0.003652666,0.008629113
edjs1h7,joy,joy,0.0009174728,0.00028364346,0.0002955186,0.99637383,0.00087328436,0.001256223
edjssue,joy,joy,0.0016449632,0.00039343841,0.00027373573,0.9963006,0.00059384515,0.0007934596
edjsw77,joy,anger,0.8840583,0.0037056946,0.003518565,0.0778414,0.013050354,0.017825661
edjt535,anger,anger,0.9223231,0.012907196,0.0024291563,0.050381437,0.0045620305,0.0073971315
edju877,joy,anger,0.5249905,0.05609343,0.003890335,0.35491568,0.04101107,0.019098988
edjuvp5,anger,anger,0.9564055,0.025207192,0.0010972407,0.008412649,0.005458391,0.0034190197
edjw0pb,joy,joy,0.0010441903,0.00026845603,0.0002449907,0.99645555,0.0005487958,0.0014380404
edjwu3f,anger,surprise,0.14376451,0.0037745086,0.002106758,0.3650872,0.049876343,0.43539065
edjwvt4,joy,joy,0.001614349,0.000370788,0.00022608413,0.99624336,0.000653076,0.0008924158
edjxkp5,joy,joy,0.0012478017,0.00032802208,0.00023431327,0.9965107,0.0008266321,0.0008524936
edjxtrl,anger,anger,0.91234726,0.00931494,0.0016080996,0.06431671,0.0054104785,0.007002464
edjyc15,surprise,sadness,0.012682654,0.0027944474,0.008343423,0.05726739,0.8707895,0.048122574
edjz345,joy,joy,0.0012594276,0.00033428654,0.0003194063,0.9948225,0.00063589803,0.0026285136
edk04l3,joy,joy,0.0012907134,0.0002994402,0.00024713133,0.99626863,0.00094263395,0.0009513286
edk08a5,joy,joy,0.002115835,0.0003829549,0.0003258342,0.9953962,0.00083585037,0.0009433015
edk0k2j,joy,joy,0.002265876,0.00042479846,0.0002674856,0.99394953,0.0012460161,0.0018462219
edk172r,joy,joy,0.0011445914,0.00036739552,0.0002936693,0.9968002,0.0006234604,0.00077074574
edk21te,joy,joy,0.0018123656,0.00047651803,0.00041790406,0.9955947,0.0005231394,0.0011754129
edk3n5c,joy,joy,0.0020148782,0.00034501075,0.00027276386,0.9953477,0.00078837323,0.0012313622
edk3r39,joy,joy,0.0012027618,0.00036820254,0.00035339725,0.9964426,0.00046822085,0.0011648273
edk4dkb,sadness,sadness,0.009665213,0.0068871,0.0038273658,0.0056647393,0.96914446,0.0048112134
edk4e66,fear,fear,0.01741478,0.02191355,0.8736257,0.019997923,0.014988594,0.052059542
edk4u56,disgust,anger,0.6443056,0.023950431,0.0017203788,0.019188836,0.29283652,0.017998168
edk57m1,surprise,surprise,0.0040723393,0.0012776168,0.0017330202,0.004862373,0.0036886923,0.98436594
edk66b5,joy,anger,0.9732517,0.00497452,0.00077211054,0.013243678,0.002844205,0.004913797
edk6w8j,joy,joy,0.000980198,0.00030956074,0.00029321646,0.9968924,0.0007168704,0.00080779317
edk7je9,surprise,surprise,0.022621978,0.0049930024,0.15070112,0.2157742,0.050431814,0.555478
edk7oo9,anger,anger,0.9700243,0.01839908,0.0012256252,0.004075059,0.003550215,0.0027256538
edk7qw6,surprise,surprise,0.02075684,0.0015070902,0.0019827543,0.082065724,0.008233547,0.885454
edk9c88,joy,joy,0.0044610286,0.0006718818,0.00042724027,0.991856,0.0011456583,0.0014382369
edka0jo,joy,joy,0.0078844,0.0004939617,0.00027669393,0.9860719,0.002829008,0.002444031
edka4ag,joy,anger,0.75521415,0.005796726,0.001313119,0.17926055,0.03731096,0.02110437
edkadxo,joy,joy,0.0011474899,0.000353502,0.00028503308,0.99675936,0.00043130462,0.0010233389
edkc1zh,joy,joy,0.035143033,0.0011546981,0.0010711168,0.95202667,0.0045404644,0.006063928
edkc35l,sadness,joy,0.014605267,0.0014247579,0.005006988,0.86530703,0.09923466,0.014421383
edkc8qs,joy,joy,0.0051921424,0.00038543882,0.00051123695,0.9793267,0.0008267526,0.013757703
edkds4x,joy,joy,0.00211845,0.00040865844,0.0003092132,0.9951733,0.00042132157,0.0015690479
edkf3u2,anger,anger,0.9675226,0.004228434,0.00081606815,0.017264148,0.0049129156,0.0052558286
edkguai,fear,fear,0.06464035,0.028264258,0.7718246,0.04385531,0.054390915,0.037024602
edkhn2l,joy,joy,0.01818731,0.00075783336,0.00088041386,0.9684544,0.0042260443,0.0074939732
edkhox2,anger,anger,0.9745681,0.0047677984,0.0009494821,0.010203822,0.004441259,0.0050695306
edkj1kw,joy,joy,0.0035782994,0.00046292727,0.00039297662,0.9922247,0.0008381614,0.0025029045
edkjya9,anger,anger,0.47883168,0.0028863228,0.0026226216,0.43627587,0.013727192,0.06565637
edkk0e0,joy,sadness,0.26960185,0.024642345,0.019333316,0.025088478,0.6321379,0.029196056
edkkdv7,surprise,anger,0.843729,0.025046598,0.0027252883,0.00799652,0.012885063,0.10761752
edkkusw,joy,joy,0.0012671712,0.00036300978,0.00029298602,0.9968671,0.00045080506,0.00075896754
edkmfr1,surprise,surprise,0.0033128813,0.001550025,0.0023105815,0.010645112,0.008742547,0.9734389
edkmi2y,joy,joy,0.0033826297,0.0010100193,0.0016518488,0.9633138,0.027731448,0.0029102487
edkmjda,surprise,sadness,0.080582716,0.03003236,0.0086000515,0.009373552,0.8577335,0.013677814
edkmreg,surprise,surprise,0.026675278,0.002169854,0.0020612178,0.36963785,0.0061394298,0.5933163
edknap9,surprise,joy,0.014574492,0.0017774601,0.009538757,0.76822835,0.05283521,0.15304567
edknaxi,joy,joy,0.0013189276,0.00033545523,0.0002652026,0.9966234,0.00064086163,0.0008161262
edknclh,surprise,surprise,0.0029629108,0.0013392356,0.0018214463,0.011726348,0.0041063665,0.9780437
edko6gj,anger,anger,0.7320981,0.037030157,0.085783735,0.030641744,0.05441706,0.060029145
edkp1nu,joy,joy,0.0012435911,0.0003602211,0.00026655284,0.99672335,0.0005326913,0.0008735557
edkq0wf,joy,joy,0.004995118,0.0005484858,0.00034671338,0.99084514,0.001667477,0.0015970602
edkq7n4,joy,joy,0.0017517946,0.00029234163,0.0003139447,0.99425644,0.00052291894,0.002862519
edkqqk6,surprise,anger,0.93135333,0.010724311,0.0012055761,0.010707428,0.011875982,0.034133323
edks2by,joy,joy,0.0018190863,0.00037945333,0.00023631156,0.9958787,0.00067076343,0.0010156911
edkt6d4,joy,joy,0.001250702,0.00034753632,0.00030850223,0.9965011,0.0004609688,0.0011311575
edktm8n,joy,joy,0.00092966104,0.0003809522,0.00033999165,0.99693286,0.00044817227,0.0009684344
edktouk,joy,joy,0.0041470258,0.0007104711,0.00079115113,0.95348895,0.005702079,0.03516035
edktsv8,surprise,anger,0.65302944,0.07607176,0.0060025384,0.006899365,0.12968127,0.1283156
edkw29e,joy,joy,0.00085264974,0.0003117416,0.00027494915,0.9968053,0.0007332831,0.0010221477
edkwq83,surprise,surprise,0.0031613396,0.0014352673,0.0020526196,0.005139079,0.0030180085,0.98519355
edkws8k,joy,joy,0.0016162156,0.00045740203,0.0004516926,0.9957877,0.00042603648,0.0012610253
edkxscz,anger,anger,0.9419699,0.0218478,0.002836154,0.010464006,0.009195916,0.013686294
edky4ot,joy,joy,0.0015217421,0.00033610943,0.00021829318,0.99620086,0.0007160371,0.0010068704
edkz8sa,joy,joy,0.0016071576,0.0003313688,0.00024056081,0.99538344,0.0011299062,0.0013075636
edkzlgx,anger,surprise,0.12123975,0.014655878,0.20460448,0.045774817,0.041697796,0.57202727
edkzurj,surprise,surprise,0.0047560805,0.0022270847,0.0024106572,0.004921921,0.0043042246,0.98138005
edl08dh,fear,fear,0.0541278,0.17282477,0.6795471,0.027957814,0.039843757,0.025698813
edl0oct,joy,joy,0.0009798154,0.00031373266,0.00029460006,0.99672997,0.00040594133,0.0012759535
edl1o4v,anger,anger,0.96280575,0.009553755,0.0020764032,0.0034925526,0.004109295,0.017962212
edl1pz1,joy,joy,0.0075731194,0.00095678755,0.0006163271,0.955918,0.0027160023,0.032219708
edl1yjl,surprise,joy,0.0019134487,0.000432722,0.00035644573,0.99466765,0.00058523833,0.0020444747
edl2iih,joy,joy,0.00212548,0.0003412527,0.00032692705,0.99387383,0.0015888397,0.0017437489
edl2ux9,surprise,surprise,0.0036823424,0.0015361549,0.002308638,0.008171395,0.004919114,0.9793824
edl34rq,joy,joy,0.0031501164,0.00042282953,0.00036948215,0.99305,0.00069317,0.0023143566
edl37tc,joy,joy,0.0016665051,0.00029274894,0.0003128514,0.9957319,0.00066471787,0.001331337
edl3xeg,joy,joy,0.1321864,0.013284511,0.0025380906,0.8292252,0.010338028,0.012427843
edl45g6,joy,joy,0.0016283026,0.00034146282,0.0002523729,0.9962842,0.00045708247,0.0010366159
edl48y1,joy,joy,0.0015980193,0.00037177338,0.0003412572,0.98859495,0.0011366927,0.007957215
edl50kl,joy,joy,0.0015687144,0.00028677788,0.00057597284,0.9912254,0.0026643928,0.0036786066
edl5ngt,joy,anger,0.7662885,0.008028968,0.0027608296,0.18899594,0.01993179,0.013993938
edl5xei,sadness,sadness,0.09370323,0.007533688,0.003830559,0.022300033,0.8589682,0.013664208
edl67y4,anger,anger,0.90647924,0.078803346,0.0026555073,0.0035252902,0.0056486763,0.002887916
edl6lz8,surprise,surprise,0.0049944646,0.0012865516,0.0017451904,0.022380274,0.0036379953,0.96595556
edl6r1g,surprise,surprise,0.0032886204,0.0015064027,0.0021910549,0.007685758,0.0026590894,0.9826691
edl79um,sadness,anger,0.91272736,0.053605225,0.0014431049,0.006169729,0.022693453,0.0033611401
edl7at9,anger,joy,0.0014933379,0.00034425705,0.00025559307,0.99618596,0.0007559299,0.0009648636
edl8cqf,sadness,sadness,0.004613568,0.0034142833,0.0069217514,0.013091331,0.9658698,0.006089265
edl8o81,joy,joy,0.0010585906,0.00033060185,0.00028703007,0.9969484,0.00060784695,0.00076752494
edl8owl,fear,fear,0.1358785,0.13744466,0.38822424,0.055520836,0.16840051,0.11453127
edl9q3n,anger,anger,0.9075225,0.062495522,0.0066081835,0.012039523,0.008811928,0.0025223999
edla554,anger,anger,0.9780182,0.008567865,0.0009776154,0.003965738,0.0041819243,0.0042886315
edla59q,surprise,joy,0.0063048517,0.0016043369,0.0023852368,0.63381183,0.004421621,0.3514721
edla8k6,joy,joy,0.0071390662,0.0016771391,0.0011035104,0.97129637,0.015291286,0.0034926839
edlc6eh,joy,joy,0.0010183526,0.00034988348,0.00026288256,0.99689084,0.00062990084,0.0008480738
edlcaem,joy,joy,0.001769215,0.00035463975,0.0002709453,0.9960348,0.00053169136,0.0010387262
edlcj3g,surprise,sadness,0.035320748,0.010788978,0.022502199,0.0059969067,0.6232931,0.30209807
edlcowh,joy,joy,0.005651337,0.0014239112,0.0008597895,0.9800315,0.006376876,0.005656591
edlcxc9,joy,joy,0.0018304883,0.00042428906,0.00035102965,0.99492234,0.0014129286,0.0010589791
edlf6xj,joy,joy,0.0011048092,0.0003421339,0.0003066077,0.9968641,0.0004292247,0.000953218
edlfpdf,anger,surprise,0.013615726,0.0030697386,0.0020046532,0.005472917,0.0055777747,0.97025925
edlgecg,joy,joy,0.0012370914,0.00032950772,0.0002809498,0.995924,0.001041582,0.0011867874
edlgmc1,joy,joy,0.0012029086,0.00035816673,0.00030139857,0.9966959,0.00053663045,0.00090507785
edlhvxm,surprise,surprise,0.005048523,0.0011494238,0.0019639798,0.0070255324,0.0036836532,0.9811288
edli9ux,anger,sadness,0.008943869,0.0041487617,0.0046104365,0.006919184,0.96724695,0.008130759
edlik7b,joy,joy,0.0020842485,0.00049277354,0.00046188248,0.99475336,0.00052553363,0.0016822016
edliny8,joy,joy,0.0064956606,0.0012446996,0.000984269,0.8792607,0.0028379932,0.10917666
edlj0xh,surprise,joy,0.28857195,0.0030305334,0.004277046,0.3647691,0.051359054,0.2879924
edljth1,joy,anger,0.7663911,0.091353625,0.0039975154,0.025369106,0.094220944,0.018667767
edlk47e,sadness,surprise,0.020144846,0.003069171,0.0018849702,0.0038710507,0.014751323,0.95627874
edlkfkz,anger,anger,0.9789337,0.0064562806,0.0010139908,0.007818126,0.0029778897,0.0028000097
edll2zq,joy,joy,0.0016883477,0.00029572097,0.00028801645,0.9957287,0.0006445928,0.0013546338
edlli2q,surprise,surprise,0.0039944644,0.0014229947,0.002147827,0.036096048,0.00353703,0.9528017
edlljm5,joy,joy,0.0013796858,0.00038919854,0.00029655732,0.9963768,0.0007791799,0.00077858043
edlm73e,joy,joy,0.0026847364,0.00026601687,0.00024448844,0.9933067,0.0008942868,0.0026037965
edlo9o5,joy,joy,0.011529499,0.0014364513,0.00082580396,0.88090414,0.0056485464,0.09965553
edlols7,joy,joy,0.0012365333,0.0004458713,0.000360823,0.9965642,0.00038692335,0.0010056664
edlothl,joy,joy,0.01131895,0.0014687091,0.002045768,0.553432,0.015045617,0.41668892
edlp4q7,joy,joy,0.0013760943,0.00031806057,0.00026510787,0.99533194,0.0005094901,0.0021992535
edlpzp9,sadness,sadness,0.06583077,0.0095730545,0.002342685,0.02506734,0.8882833,0.008902893
edlq2id,joy,joy,0.0012796968,0.0003282989,0.00038380892,0.9963505,0.000480797,0.0011767985
edlq3hn,anger,anger,0.95065445,0.004716309,0.001600409,0.03127869,0.00528677,0.0064633177
edlr51h,joy,joy,0.0014204846,0.00042384912,0.00034658707,0.9964128,0.0004009606,0.0009953219
edlriuk,joy,joy,0.0039370735,0.0006144141,0.00039326347,0.99138016,0.0007325258,0.002942549
edlrppk,anger,anger,0.9736475,0.009235463,0.0012679038,0.006513287,0.004821378,0.0045145233
edlrxsq,joy,joy,0.025656186,0.0010862822,0.0011873525,0.92946374,0.019339392,0.023267105
edls28f,joy,joy,0.0012957545,0.00032324225,0.00024018528,0.996545,0.0006330934,0.00096270535
edls2qd,joy,joy,0.001413251,0.00028562406,0.00021042151,0.9965312,0.00060640613,0.0009531387
edls8pb,joy,joy,0.002460604,0.0003408563,0.00040049123,0.9886769,0.0005899972,0.007531265
edlsu0i,joy,joy,0.0020114093,0.0004350225,0.00025681124,0.9955419,0.0005529786,0.0012019383
edltg6x,joy,joy,0.001713338,0.00040654748,0.00030695222,0.9958364,0.0005406624,0.0011960622
edltzyk,joy,joy,0.003896503,0.0005031571,0.0004955861,0.98803884,0.0005664813,0.006499401
edlve90,anger,anger,0.94198835,0.007482529,0.00080060225,0.02258113,0.016914437,0.010232804
edlvki4,joy,joy,0.0012925158,0.00030185358,0.00034494727,0.9962604,0.0007914098,0.0010089377
edlvn5z,surprise,surprise,0.19992359,0.024364946,0.022317471,0.035001755,0.034456603,0.6839356
edlweh5,joy,joy,0.001001553,0.0003073067,0.00030721823,0.99640286,0.0008400012,0.0011410698
edlwitj,joy,joy,0.0021415714,0.00029252373,0.0002720569,0.9949261,0.00065822207,0.001709541
edlwv5f,anger,anger,0.9797182,0.006319708,0.0009362673,0.00749365,0.0030067274,0.002525417
edlypwi,anger,sadness,0.11177473,0.029537039,0.10872064,0.017774392,0.4885758,0.24361739
edlyzs5,joy,joy,0.001541693,0.00030422813,0.0003503046,0.9955124,0.0007003156,0.001591051
edlz3bu,joy,joy,0.18506446,0.0028104477,0.0036709807,0.51023525,0.03678044,0.26143846
edlzcg2,joy,joy,0.0065763905,0.00046974205,0.00050665176,0.98861116,0.0009469145,0.0028891945
edlzzww,sadness,sadness,0.006655916,0.002581302,0.004441179,0.009094145,0.9595088,0.017718794
edm0114,joy,joy,0.0008514595,0.0003340261,0.0005051042,0.99579936,0.0010600552,0.0014498739
edm0qmw,joy,joy,0.001469101,0.00036960482,0.00029219931,0.99629754,0.00059711665,0.00097443676
edm15k5,sadness,sadness,0.0081009185,0.006249952,0.0027307533,0.0036855256,0.9673858,0.011847042
edm1qfk,sadness,sadness,0.0077384817,0.0038059114,0.010650323,0.023357246,0.948258,0.0061900825
edm1s8k,surprise,surprise,0.0035708998,0.0013119874,0.002178126,0.0052764392,0.0041211494,0.9835413
edm29kz,joy,joy,0.002433268,0.0004292981,0.00030315784,0.9949832,0.00080024963,0.001050842
edm2plp,joy,joy,0.0010594063,0.00032707237,0.00028913873,0.99686015,0.0004203194,0.0010438906
edm3gzx,anger,anger,0.7035649,0.0145083275,0.0025203086,0.047819007,0.1289536,0.10263384
edm4a1l,joy,joy,0.004439775,0.0011570876,0.0010625565,0.9049021,0.0035021235,0.08493641
edm4z3o,joy,joy,0.0010906085,0.0003379126,0.00033657643,0.9966113,0.00091085525,0.0007126438
edm5fae,joy,joy,0.0016664959,0.00024064048,0.00023642195,0.99490154,0.00099612,0.0019587027
edm6d8n,anger,joy,0.020310195,0.001253194,0.00045649073,0.9733436,0.0024010332,0.0022354897
edm6ig4,surprise,surprise,0.016645446,0.005038303,0.020603994,0.15087281,0.012389705,0.7944496
edm6jpw,joy,joy,0.0406367,0.0015067396,0.0009403916,0.9483075,0.003869395,0.004739198
edm6kh0,joy,joy,0.0011248988,0.0002803897,0.00024813163,0.9966446,0.0005180343,0.0011839125
edm6vbw,anger,anger,0.932165,0.021084517,0.00074507477,0.013274827,0.025971375,0.0067592133
edm75up,joy,joy,0.002590594,0.0004135354,0.00023271762,0.99528164,0.0005412767,0.00094025256
edm7cr5,joy,joy,0.0012098673,0.000336677,0.00024660892,0.9964121,0.00048583967,0.0013088735
edm7tb4,anger,anger,0.870296,0.0051565566,0.0019803746,0.015450171,0.028728109,0.078388944
edm8pxk,joy,joy,0.0011079703,0.00042064174,0.00040231366,0.9962817,0.00038554287,0.0014018418
edm8tn8,surprise,anger,0.7392194,0.008524501,0.0030300866,0.010024824,0.009979225,0.22922191
edm9xl5,surprise,surprise,0.004411696,0.0016458576,0.0018846757,0.006259094,0.004483083,0.9813157
edma4fz,anger,anger,0.97719157,0.0071256724,0.00083044,0.008995423,0.0031934436,0.002663378
edmacjb,joy,sadness,0.11814559,0.01031763,0.010733136,0.03706339,0.80127275,0.022467535
edmamu9,joy,joy,0.009287178,0.0010114904,0.0007584511,0.983248,0.0013668959,0.0043279976
edmamza,anger,anger,0.62909865,0.02751143,0.0019125044,0.04592814,0.28864264,0.0069065993
edmbgh2,joy,joy,0.0011682784,0.00034817183,0.0002811455,0.9962974,0.0004956792,0.001409374
edmc9km,anger,surprise,0.080596626,0.01175439,0.0022115814,0.016235845,0.024235299,0.86496633
edmccpd,sadness,sadness,0.015371224,0.002380156,0.0032079308,0.03460252,0.9377505,0.006687636
edmeidh,joy,joy,0.0025732275,0.00041845866,0.00026223174,0.995031,0.00045483297,0.0012602096
edmew3d,joy,joy,0.2058421,0.007622341,0.0025315806,0.73549056,0.0076542827,0.04085921
edmg01b,joy,joy,0.0014106204,0.00030412964,0.00022551864,0.99573696,0.00073114433,0.0015916178
edmgb6r,surprise,joy,0.063727334,0.0021814443,0.0039543975,0.73264825,0.015914032,0.1815745
edmgbnh,joy,joy,0.0012843669,0.0003912595,0.00029772866,0.9950014,0.00058547047,0.0024398176
edmgcyp,disgust,disgust,0.09323971,0.7856372,0.05406123,0.033536255,0.022652334,0.010873296
edmhgdo,anger,anger,0.5704469,0.34625992,0.007887467,0.0097564915,0.04636521,0.019283887
edmiq2s,anger,sadness,0.09340604,0.14205162,0.007868364,0.012128245,0.7375984,0.0069473344
edmiy44,sadness,joy,0.18648721,0.0065789185,0.0035164775,0.3977201,0.33515266,0.070544615
edmjehl,joy,joy,0.011956023,0.0014341754,0.00073973485,0.9828067,0.0011095811,0.0019537718
edmk7he,surprise,surprise,0.004825754,0.0013095337,0.0018319888,0.006179434,0.0030977686,0.9827556
edmkbfn,joy,joy,0.0013087726,0.0004065235,0.00029399275,0.9964497,0.00045316905,0.0010877945
edmkc66,joy,joy,0.12878472,0.0041714883,0.0033661947,0.800455,0.016702263,0.04652045
edmkp9k,surprise,joy,0.050515145,0.0017387575,0.0015348154,0.78702587,0.010808826,0.1483766
edmlyqy,joy,joy,0.004257635,0.00046005007,0.0010070608,0.9813976,0.0036903187,0.009187278
edmnklw,joy,joy,0.001960965,0.00035809723,0.00031615462,0.99269706,0.00061572855,0.0040520425
edmnrao,joy,joy,0.0022134671,0.0003429792,0.00030471548,0.99227685,0.0005498404,0.0043121013
edmnw5a,anger,anger,0.94060004,0.013316909,0.0026978187,0.021359826,0.009387543,0.012637949
edmon0x,joy,joy,0.0011695214,0.00032525748,0.00027672146,0.9967152,0.0006330472,0.00088030496
edmplco,joy,joy,0.15701573,0.005122929,0.003709988,0.7160976,0.08802795,0.03002584
edmpngs,joy,joy,0.0012947764,0.00026880458,0.00026188252,0.9962374,0.0008875142,0.0010495384
edmq2rl,joy,joy,0.0055725514,0.0006020137,0.000587693,0.9654789,0.00086614117,0.026892737
edmqfvh,joy,joy,0.0013863293,0.0003546446,0.00026437154,0.9960342,0.0010464038,0.0009140224
edmr64x,joy,joy,0.04003539,0.0011856919,0.00093515584,0.9415817,0.0029524383,0.013309656
edmt3pn,joy,joy,0.0012094396,0.00024414316,0.0002635832,0.9955095,0.0009763588,0.0017968743
edmu1b6,sadness,sadness,0.025644071,0.010896968,0.0031147338,0.13101007,0.8136447,0.01568941
edmu7gq,anger,anger,0.87212604,0.017079135,0.002575488,0.015352111,0.07471359,0.018153548
edmv9t0,joy,joy,0.0012652787,0.0003257472,0.00032117538,0.9967158,0.00047590613,0.00089614454
edmvddt,joy,joy,0.014002614,0.0014422098,0.002760933,0.9739454,0.0018019296,0.00604694
edmw1w2,joy,joy,0.0058114612,0.00045502282,0.0005301518,0.984962,0.0010748733,0.0071664886
edmwxfr,joy,joy,0.0010067582,0.00031394744,0.00037643238,0.9965719,0.00041661167,0.0013143575
edmx5mv,anger,anger,0.969572,0.014284265,0.0007551326,0.007208656,0.0040751323,0.004104804
edmxbk2,anger,anger,0.9442895,0.0052072383,0.0011400601,0.025206316,0.012801934,0.011354953
edmxz84,surprise,surprise,0.0030594722,0.0017862216,0.002426793,0.004583922,0.0041706585,0.9839729
edmybig,joy,joy,0.0037797615,0.0005513208,0.00032872806,0.99368876,0.0006004279,0.0010510795
edmzazs,joy,joy,0.30275595,0.002224811,0.0038759767,0.55120295,0.030698601,0.109241724
edmzsh6,joy,joy,0.0014172776,0.00036884274,0.00056873023,0.99328184,0.0017626021,0.002600751
edn14pz,joy,joy,0.0016453823,0.0004498304,0.00041972875,0.9952585,0.00073080976,0.0014956887
edn2f47,anger,anger,0.95895004,0.022972353,0.0022064461,0.008232387,0.00284417,0.0047946908
edn5edr,joy,joy,0.001816657,0.00038208847,0.00025526038,0.9951532,0.0012804497,0.0011123715
edn5gap,joy,joy,0.001198225,0.0003585308,0.0003501359,0.996651,0.0007302719,0.00071180606
edn5zbu,joy,joy,0.0013620283,0.0002985869,0.0002694505,0.995278,0.00047760355,0.002314416
edn6dcs,joy,joy,0.020913567,0.0019098691,0.0010754152,0.958174,0.012693378,0.0052338224
edn6f3e,joy,joy,0.0010905872,0.00033702177,0.0002763515,0.99685705,0.0004502046,0.0009888418
edn78m5,anger,anger,0.3459734,0.00513457,0.008303611,0.13378964,0.19498236,0.31181642
edn7zd5,surprise,joy,0.0020862941,0.00040115145,0.00060931384,0.99199295,0.00096715125,0.0039431914
edn9jl8,joy,joy,0.0039513404,0.0004084794,0.0010029516,0.9770643,0.0012867216,0.01628626
edncehy,joy,joy,0.013058652,0.00068631006,0.00040311815,0.9658589,0.0029150185,0.017078044
edncftb,anger,anger,0.9745069,0.0037952566,0.0010686916,0.011004579,0.0036184986,0.0060061305
ednculf,joy,joy,0.0016406132,0.00027805768,0.0002257299,0.99570835,0.00075105013,0.0013961806
edne5tc,joy,anger,0.47499037,0.008584063,0.0027915386,0.35509345,0.13232192,0.026218664
edneqjv,joy,joy,0.1666583,0.017685879,0.0035528084,0.6379352,0.15723458,0.01693324
ednh2yj,joy,anger,0.74740285,0.004311225,0.0013468796,0.17246887,0.015365273,0.059104893
ednh4ey,joy,joy,0.014333195,0.0016373682,0.0015835424,0.93828326,0.035674743,0.00848789
ednhajg,joy,joy,0.001533473,0.00032200426,0.00026913366,0.9962136,0.00069537765,0.0009663758
ednhjzq,surprise,surprise,0.0032171113,0.0013906392,0.0019483024,0.022015156,0.005253255,0.9661755
ednhpsd,joy,joy,0.0012967797,0.00038849315,0.00029526325,0.99637526,0.00057205965,0.0010721292
ednif10,surprise,surprise,0.005478817,0.0012309371,0.0020432277,0.016324025,0.004982957,0.96993995
ednijfa,surprise,surprise,0.059737206,0.0021524702,0.0014613217,0.013593928,0.009789835,0.9132652
ednj62s,joy,joy,0.0010432767,0.00026820318,0.00024577157,0.99673295,0.00052761624,0.0011822805
ednjiea,joy,anger,0.8900122,0.0055374163,0.0029320153,0.032992356,0.045803394,0.022722574
ednjjfw,joy,joy,0.0021872835,0.0003809264,0.00029466595,0.9955514,0.0004984013,0.0010872766
ednkvdp,joy,joy,0.0015497267,0.00029258226,0.00028639616,0.99531305,0.0005110269,0.002047264
ednlfic,joy,joy,0.0011845179,0.00028675506,0.00030538894,0.9958118,0.0006248051,0.0017867777
ednlqvx,surprise,surprise,0.08220229,0.0025446978,0.0020719205,0.011449862,0.01967439,0.8820569
ednn3ts,surprise,surprise,0.14961559,0.0052103647,0.002067415,0.017318834,0.01281499,0.81297284
ednn9dr,surprise,surprise,0.08299539,0.005832264,0.004452747,0.042582076,0.13122474,0.73291284
ednn9so,joy,sadness,0.08429698,0.0041394406,0.0037601504,0.3034536,0.5463463,0.05800353
ednnjnp,joy,joy,0.039082512,0.0042881905,0.0017057658,0.9457956,0.0048094667,0.004318507
ednohed,joy,joy,0.033606816,0.0033171542,0.004752873,0.5554041,0.148093,0.254826
ednoilw,joy,joy,0.00090169004,0.00036296181,0.00033130808,0.9962902,0.0003710798,0.0017427893
ednojxz,anger,anger,0.9340391,0.033472903,0.0010622424,0.0121605,0.014979218,0.004286074
ednol2l,joy,joy,0.0010943785,0.000327566,0.00026892882,0.9969574,0.00052917463,0.0008225181
ednp0my,joy,joy,0.013283661,0.0007218803,0.0010517659,0.9395393,0.012480452,0.03292287
ednq21c,surprise,surprise,0.007030014,0.0015114563,0.0019301192,0.015044076,0.010024937,0.9644595
ednqkqj,joy,joy,0.0014670742,0.00028897796,0.000290687,0.9961511,0.00075481634,0.0010474052
ednrh00,joy,joy,0.0025878833,0.00059487607,0.00078955985,0.9782963,0.00088053755,0.016850859
ednsi6q,surprise,surprise,0.0049602264,0.0020678425,0.0023524198,0.023615515,0.0038677063,0.9631363
ednsqej,joy,joy,0.0060592378,0.0007504829,0.00027299338,0.9879589,0.0012468995,0.0037115314
ednt363,joy,sadness,0.016559249,0.006094445,0.0025968999,0.008725897,0.9612609,0.0047625587
ednu062,joy,joy,0.0011253709,0.00031593334,0.0002529215,0.9965681,0.00055720314,0.0011804919
ednvw5g,anger,joy,0.040753014,0.0014972788,0.0006807143,0.94192004,0.008317771,0.006831169
ednw0qo,anger,anger,0.9446086,0.007430528,0.00080100517,0.018188564,0.01956722,0.0094040595
ednw2t6,sadness,sadness,0.010594282,0.0033011837,0.0031603805,0.06112277,0.9143845,0.007436992
ednx4v9,joy,joy,0.0017992491,0.00045776286,0.0014070014,0.9867049,0.002022494,0.0076085315
ednxobs,joy,joy,0.0016700097,0.00045179148,0.00034596736,0.9959914,0.00057746394,0.00096335495
ednz6pb,surprise,surprise,0.0052187117,0.001253647,0.0024740028,0.004888133,0.0053342734,0.9808312
ednzlou,surprise,surprise,0.016459636,0.008909926,0.0074725403,0.05529274,0.01102165,0.9008435
ednzwea,joy,joy,0.0016680177,0.00035780366,0.0002532833,0.9959021,0.0009708356,0.0008479391
edo0tpt,sadness,surprise,0.22172059,0.051380195,0.11572315,0.074257955,0.24965675,0.28726134
edo184t,joy,joy,0.0010377623,0.00032633843,0.00038582098,0.99625045,0.0012540637,0.00074566517
edo1li3,joy,joy,0.0028341948,0.00028281388,0.00036330527,0.9917217,0.0009979915,0.0038000226
edo1ya2,anger,surprise,0.016630687,0.0021298002,0.0013461553,0.015072787,0.016390692,0.94842976
edo2b6u,anger,anger,0.9252978,0.0194691,0.0024782578,0.02521135,0.006294803,0.021248674
edo2y4f,joy,joy,0.0043398095,0.0013062366,0.0006079036,0.9660066,0.0018242213,0.025915213
edo3i5r,joy,joy,0.019939387,0.0010390378,0.0022203692,0.9249307,0.01576312,0.03610745
edo4e5r,joy,joy,0.0027184063,0.00037763236,0.00027130553,0.99210346,0.00075644406,0.00377278
edo59k2,joy,joy,0.0010082958,0.00033052173,0.00028092324,0.99660695,0.00044579347,0.0013274975
edo6nyh,joy,joy,0.060267042,0.0014557743,0.0011291895,0.9243997,0.005033781,0.007714582
edo7ddj,joy,joy,0.0014875422,0.00026638983,0.00031296333,0.9953389,0.0008418592,0.0017522508
edo7k0b,anger,anger,0.6132418,0.012720141,0.0061415946,0.017934045,0.15974295,0.19021943
edo7vyv,joy,joy,0.0013193955,0.00038362958,0.00037841007,0.9961966,0.00044509178,0.0012768466
edo7yjc,joy,joy,0.0014338698,0.00044495083,0.00031210494,0.9963229,0.0005855167,0.0009007231
edo8v3z,surprise,surprise,0.0028660223,0.0009394117,0.0020863716,0.015001611,0.003386903,0.97571975
edo9zd1,sadness,sadness,0.0052276063,0.003818496,0.003618951,0.008198532,0.9750634,0.0040730154
edoaiod,joy,joy,0.0016602136,0.00038394288,0.00024565926,0.99607974,0.00067545153,0.0009549528
edoazn7,joy,joy,0.0013716574,0.00023266938,0.0002977218,0.9957408,0.0011982807,0.0011589235
edob826,joy,joy,0.0027782815,0.0002941727,0.00030985015,0.99408495,0.0009587503,0.0015739092
edobeh3,joy,joy,0.0012879783,0.00034116113,0.00023936167,0.99671054,0.0005991083,0.0008218001
edoc3v5,joy,joy,0.0039168624,0.00047645168,0.00056463014,0.9885739,0.0021226085,0.0043454543
edocn0z,surprise,surprise,0.0059131254,0.00219768,0.0018045525,0.032239098,0.0054206857,0.9524249
edocqjn,anger,anger,0.9668688,0.008302783,0.0008058104,0.009708909,0.0073523372,0.006961365
edocsgz,joy,anger,0.6870793,0.0034744074,0.0018645509,0.24640703,0.009125016,0.05204971
edod4zu,joy,joy,0.0015842255,0.00033200457,0.0002672241,0.9959758,0.00050357403,0.0013372359
edode10,sadness,sadness,0.00910211,0.0031461795,0.0026449033,0.032510895,0.9466245,0.005971407
edodrlz,joy,joy,0.0077432706,0.0016037911,0.0018453716,0.5024662,0.0056365845,0.48070478
edodzwe,joy,joy,0.0010895618,0.00029106913,0.00025179583,0.9965174,0.0005215522,0.001328551
edoeeqd,surprise,joy,0.0027325712,0.0005127968,0.00024984323,0.9913788,0.0019140322,0.0032119153
edoewx5,anger,anger,0.97504425,0.003344197,0.00091486535,0.013146325,0.0035712346,0.0039791213
edofwn5,surprise,surprise,0.020636944,0.0015582468,0.0015548571,0.0074311052,0.005969709,0.9628491
edog036,anger,joy,0.016112488,0.0012699795,0.0021116515,0.84921366,0.003028819,0.12826334
edoglhv,fear,fear,0.019331234,0.011099811,0.79472196,0.05970533,0.037977897,0.07716371
edogmr4,joy,joy,0.0064121624,0.0007403179,0.00048040977,0.98201895,0.0076917703,0.002656461
edoh4m2,sadness,sadness,0.0045112944,0.0022979304,0.0070726275,0.019365745,0.96129364,0.0054588728
edoh9rv,joy,joy,0.04405076,0.0021090186,0.00096455927,0.93963504,0.0067478935,0.0064926543
edoha39,anger,anger,0.85482943,0.014197671,0.0017436739,0.09940654,0.014731533,0.015091146
edoi7jg,joy,joy,0.0024660057,0.00094340957,0.0027276601,0.9498451,0.04091434,0.0031035137
edojj9a,surprise,joy,0.028965896,0.0026455156,0.0020065517,0.68693054,0.013660824,0.2657907
edojun4,joy,joy,0.036614593,0.0012066487,0.00083754736,0.9497804,0.007969929,0.003590852
edok3d7,joy,joy,0.013209311,0.0010308344,0.000661676,0.9696876,0.011434176,0.0039763856
edokdl9,sadness,sadness,0.057178393,0.0077951024,0.0029365518,0.028397039,0.89615697,0.00753593
edomg6o,anger,anger,0.973735,0.010229891,0.0008414369,0.0056812107,0.00548237,0.0040300977
edonzs0,joy,joy,0.0027624664,0.00044784232,0.00026323576,0.9942979,0.00069790997,0.0015307029
edoou7c,joy,anger,0.6127455,0.0037311667,0.0034066031,0.3519326,0.0060886596,0.0220955
edopab9,joy,joy,0.005105839,0.0008529585,0.0008436912,0.9899296,0.0012726205,0.001995253
edos8ct,surprise,surprise,0.37524974,0.008151963,0.004440406,0.009964941,0.009302841,0.5928901
edotrhv,sadness,surprise,0.01629213,0.001601227,0.002521451,0.033848036,0.042339712,0.90339756
edou1mx,anger,joy,0.005151677,0.00034436278,0.0003603024,0.98793226,0.0016867449,0.0045246235
edou4r6,joy,joy,0.0028870252,0.0014779568,0.019211493,0.9345933,0.03382245,0.008007631
edou5u6,joy,joy,0.035503563,0.003242139,0.0007400841,0.94684654,0.002305499,0.0113620935
edoxcyw,surprise,surprise,0.016116783,0.0015585521,0.0016377824,0.0102395825,0.003994824,0.96645254
edoy5ok,anger,anger,0.9777594,0.007328106,0.0008612718,0.005662527,0.005720089,0.0026685332
edoyo8y,surprise,surprise,0.043585055,0.003542679,0.0029172604,0.003896434,0.0073523256,0.9387062
edoz5vh,joy,joy,0.0011059799,0.00032428713,0.000252551,0.9969215,0.00049154874,0.0009040413
edozijl,surprise,joy,0.009234288,0.0011277583,0.00717744,0.91170496,0.010071443,0.060684152
edozzab,anger,joy,0.006059432,0.0004288873,0.00030986455,0.9855607,0.000877495,0.0067636278
edp09u3,sadness,sadness,0.0061549386,0.0030094055,0.0040898006,0.014581632,0.9666954,0.005468787
edp0jqn,joy,joy,0.0010221716,0.00032292007,0.0003020522,0.99621457,0.0013153551,0.0008228283
edp1yxi,joy,joy,0.0009530729,0.00031570275,0.00033711828,0.99683833,0.0007034406,0.0008523536
edp2o6z,surprise,surprise,0.010753244,0.0019247704,0.0016162016,0.009083466,0.0056459177,0.9709764
edp41y7,surprise,surprise,0.0052956087,0.0014236629,0.0020227586,0.00480145,0.0054271575,0.98102945
edp4rfw,anger,anger,0.93003595,0.034731314,0.0033404522,0.016046679,0.011974901,0.003870625
edp5w86,anger,anger,0.8058652,0.00659006,0.00234889,0.060835436,0.08116032,0.043199986
edp64gg,anger,anger,0.8496088,0.011788087,0.0017709248,0.011627736,0.10773452,0.017470028
edp6c59,sadness,anger,0.9432026,0.008232845,0.0012338491,0.009122415,0.02361422,0.014593992
edp6v95,anger,anger,0.78575146,0.013063794,0.002500796,0.019960882,0.017927796,0.16079533
edp6zfs,joy,joy,0.0014393067,0.0003298326,0.00030667352,0.9962578,0.0005893039,0.0010771528
edpabap,joy,joy,0.00092744257,0.0003359835,0.0003126515,0.9969945,0.00046997884,0.0009595095
edpah6v,joy,joy,0.0014602164,0.0003548456,0.00039267924,0.9961312,0.0006059755,0.0010549972
edpbwaa,anger,joy,0.008460322,0.00068215234,0.00055297726,0.9668679,0.0013655121,0.022071132
edpcb2j,joy,joy,0.030596787,0.0014449371,0.0005984524,0.9600073,0.0010930923,0.006259439
edpcjyf,fear,sadness,0.035351604,0.013153235,0.40075284,0.10321337,0.40761712,0.039911866
edpdgqb,joy,joy,0.4322396,0.00468747,0.003061666,0.48877206,0.047599286,0.023639947
edpdjnp,joy,anger,0.790856,0.005285853,0.0019933938,0.024236234,0.03245692,0.14517163
edpf2v6,joy,joy,0.004341299,0.0005753089,0.000465374,0.9822244,0.0009905947,0.011403031
edpffvf,sadness,sadness,0.020070113,0.003448556,0.0026046734,0.05828817,0.90557957,0.010008944
edphebd,joy,joy,0.0017219172,0.00025465415,0.00037207513,0.9953597,0.0009973046,0.0012943089
edpi4ic,joy,joy,0.0015682012,0.00041454638,0.00055675715,0.9926813,0.0006151554,0.0041639996
edpidse,joy,joy,0.0014438801,0.00039440356,0.0002717173,0.9965605,0.00049948104,0.00082997535
edpj4qf,joy,joy,0.0021258467,0.00037208732,0.00045131973,0.99442166,0.0008532334,0.001775825
edpjatm,sadness,sadness,0.008446578,0.003458778,0.0028082964,0.010574885,0.9675465,0.007164875
edpje7g,joy,joy,0.0016865635,0.00038259968,0.00025253373,0.9961378,0.00059376826,0.00094665843
edpjmla,surprise,surprise,0.0039141267,0.0019863911,0.0019115037,0.006961205,0.004367777,0.9808591
edplovg,joy,joy,0.0009157597,0.00030239674,0.00031558686,0.99703133,0.00061978196,0.000815051
edpmkcz,joy,joy,0.0009968663,0.00038656092,0.0003188302,0.9962334,0.00042469503,0.0016395899
edpmyp3,joy,joy,0.0011341288,0.00039536878,0.0005007772,0.9918086,0.0042461483,0.0019149743
edpn0m5,disgust,anger,0.8646996,0.013366291,0.00495116,0.07631045,0.026050957,0.01462163
edpn76v,joy,joy,0.0018448869,0.0004583888,0.00035182876,0.99553525,0.0005086122,0.001301043
edpnzul,joy,joy,0.033060037,0.0060306,0.048420496,0.5353754,0.13931349,0.23779996
edpohzc,sadness,sadness,0.004507122,0.0024579682,0.0033567233,0.011024116,0.97432005,0.004334056
edpout1,surprise,surprise,0.029895797,0.0023149245,0.003587996,0.40890735,0.008228515,0.54706544
edpp00u,anger,anger,0.619094,0.00931781,0.0018027558,0.036531415,0.047760908,0.28549314
edpp1ko,joy,joy,0.0017172596,0.00024189924,0.00025122592,0.9946906,0.001200338,0.0018986862
edppi7d,joy,joy,0.0015605952,0.0003267715,0.00020970535,0.9961009,0.0007169789,0.0010850886
edpptcm,joy,joy,0.0021704652,0.0004233804,0.00035067,0.9952232,0.00081467273,0.0010176235
edppxp5,joy,joy,0.0012297159,0.00033398336,0.00026209804,0.99675035,0.0006764605,0.0007473646
edpq90q,joy,joy,0.0025708727,0.00029448734,0.00025649634,0.99283147,0.0006521833,0.003394509
edpqgh8,surprise,surprise,0.0033036144,0.0014960301,0.001931091,0.0076695867,0.0042718546,0.98132795
edpqk36,joy,joy,0.0065733944,0.00035811134,0.0012200882,0.97493786,0.008265377,0.008645266
edpr5ck,joy,joy,0.005609971,0.00077327614,0.0010015072,0.94638085,0.0016328065,0.04460169
edpruc8,anger,anger,0.8488102,0.0099831605,0.0013885786,0.12345477,0.009224516,0.0071387812
edpt47k,sadness,sadness,0.010514746,0.00290361,0.003512417,0.04761534,0.9299717,0.005482188
edpuwr8,joy,joy,0.0012171613,0.00028275582,0.00028416392,0.99665546,0.0006648417,0.0008956593
edpv00z,joy,joy,0.007929918,0.00081603794,0.001468231,0.9727376,0.009609213,0.007439008
edpvd21,sadness,sadness,0.016103072,0.0074015646,0.012578107,0.011029399,0.9172939,0.035593957
edpvvj6,surprise,surprise,0.0025506834,0.0015183642,0.0026811713,0.006044539,0.00306817,0.98413706
edpx13x,sadness,sadness,0.106930606,0.044189908,0.020061076,0.006824015,0.8148209,0.0071735224
edpxjdm,joy,joy,0.015318556,0.0013448125,0.00058825465,0.9761771,0.0040333215,0.0025380026
edpy5v2,joy,joy,0.001923209,0.00042916322,0.00057345605,0.993803,0.00092355337,0.0023475622
edpymfy,joy,joy,0.049590617,0.0067150267,0.0034145736,0.897016,0.014282169,0.028981652
edpyn20,joy,joy,0.0017816564,0.00042011458,0.00027923868,0.99383014,0.0006495785,0.0030393684
edpzlr8,joy,joy,0.0015605317,0.0003047707,0.0003765633,0.9953324,0.0017033059,0.00072239083
edq0bqs,anger,anger,0.9582208,0.018569414,0.001205536,0.010784837,0.004585748,0.0066337115
edq0hht,joy,joy,0.0012074101,0.0004535595,0.0005584549,0.99592257,0.0003903767,0.001467584
edq2wc6,joy,joy,0.010734498,0.0031434014,0.0028016716,0.68626916,0.00415061,0.29290068
edq2whg,joy,joy,0.0013067501,0.00036397492,0.0003561302,0.99648714,0.0003909585,0.0010950142
edq4pxi,surprise,surprise,0.16129263,0.0033875462,0.0024154123,0.09483098,0.025106605,0.7129668
edq5zue,surprise,surprise,0.0041127875,0.0013309454,0.002895713,0.005401972,0.007459134,0.97879934
edq6cy6,joy,joy,0.0027903034,0.0005059701,0.0006022616,0.9934778,0.0010982841,0.0015253924
edq7ckz,joy,anger,0.54005516,0.333349,0.0141279865,0.04501593,0.02740619,0.04004578
edq7po0,joy,joy,0.16905198,0.0023144553,0.0019468575,0.77116996,0.033668563,0.021848168
edq7t4i,joy,joy,0.0015814294,0.00033827138,0.00033425007,0.99520785,0.00055807095,0.001980149
edq7zx4,fear,fear,0.014402179,0.018604562,0.90903866,0.014196565,0.019173307,0.024584712
edq8wfk,anger,anger,0.8536246,0.08022002,0.0020474722,0.009001887,0.044961978,0.010144092
edq8xqv,surprise,anger,0.79819536,0.007098017,0.0037338345,0.01645713,0.0791814,0.0953342
edq92b2,sadness,sadness,0.066150635,0.0040788795,0.008053823,0.38011855,0.4953732,0.046225
edq9j92,anger,joy,0.41424817,0.0032342363,0.0022507473,0.54748714,0.0050874767,0.027692242
edq9p8u,joy,joy,0.00488341,0.00052229676,0.00085926824,0.9713956,0.0025656524,0.01977369
edq9v2y,joy,anger,0.57879287,0.0075445166,0.0045117848,0.14024009,0.09418366,0.1747271
edqafg8,joy,joy,0.004269695,0.00062673696,0.00043146123,0.99280727,0.00065582385,0.0012090335
edqb0e4,joy,joy,0.015865153,0.00081968645,0.0017659125,0.95363873,0.01264314,0.015267287
edqb2x4,fear,fear,0.012630056,0.016378015,0.91073966,0.014302001,0.02250549,0.023444755
edqc8g7,surprise,surprise,0.0048964205,0.0011994974,0.0031460326,0.13304554,0.0041869683,0.8535256
edqcsac,joy,joy,0.0017168999,0.0003764974,0.00020497694,0.9956281,0.0006288969,0.0014446825
edqdcgt,joy,joy,0.0013297083,0.0002977956,0.0003180802,0.9939751,0.0006762495,0.0034030727
edqdsgy,joy,joy,0.0014686767,0.0003308748,0.00026685503,0.9959776,0.00077174633,0.0011842056
edqffcx,sadness,sadness,0.017427653,0.006276819,0.002176426,0.008674699,0.95606565,0.009378772
edqg12x,joy,joy,0.001560054,0.00031370745,0.00037228788,0.99596775,0.00044230142,0.0013438539
edqg9pm,disgust,fear,0.16153586,0.10769117,0.6291262,0.030653076,0.034449227,0.036544528
edqgbit,joy,joy,0.0012375981,0.00028656222,0.00029613162,0.99667215,0.0005931569,0.0009143949
edqgzc3,joy,joy,0.0028076812,0.00057856814,0.0003858057,0.9944616,0.00053698797,0.0012293507
edqjkm3,joy,joy,0.0017275026,0.00030654957,0.0002605722,0.99632627,0.000491806,0.0008873099
edqmafp,joy,joy,0.00094343553,0.0003387703,0.00030659192,0.9964049,0.0010907642,0.000915595
edqpmhy,joy,joy,0.001089182,0.00033317113,0.0003336487,0.9967302,0.000585696,0.00092815043
edqpx9b,joy,joy,0.0010761886,0.00037170452,0.00038899228,0.9966558,0.0004859826,0.0010214002
edqqrx8,joy,joy,0.0014977311,0.00036870103,0.00024250694,0.9960907,0.0007323987,0.0010679325
edqsyo9,joy,joy,0.0010898409,0.0003105038,0.00026558165,0.9969081,0.0005101801,0.00091581506
edqu0zj,joy,joy,0.0014919847,0.00035137258,0.00024203944,0.9962947,0.0007470414,0.0008729082
edqv0nr,joy,joy,0.0019895427,0.00039890755,0.00026372695,0.9959233,0.000473982,0.00095061434
edqw4pw,sadness,sadness,0.038902655,0.005712804,0.0051594693,0.08771166,0.83818203,0.024331333
edqwf6e,sadness,sadness,0.005574145,0.0027532165,0.00403279,0.009585145,0.973369,0.004685671
edqxcj1,joy,joy,0.0012147382,0.00027908647,0.0003087565,0.9950794,0.0009604048,0.0021576942
edqxzpp,joy,joy,0.001694856,0.000436005,0.0003611583,0.9944991,0.002223776,0.0007850497
edqy7bh,joy,joy,0.0028293093,0.00034210604,0.0005752258,0.9911481,0.0032933354,0.0018118866
edqzvxf,joy,joy,0.008356817,0.0012103886,0.0019218462,0.98160684,0.0018561531,0.005047879
edr22x1,anger,sadness,0.011824726,0.0033926533,0.01425243,0.012121916,0.88989985,0.06850844
edr298t,surprise,surprise,0.0055756452,0.0015046757,0.0016567921,0.013572654,0.0053443518,0.9723459
edr3heq,joy,joy,0.0010390641,0.0002958789,0.00031020533,0.9969619,0.00058559247,0.0008073774
edr3q2l,joy,joy,0.0020731715,0.00056753866,0.00027829045,0.9940929,0.0019650196,0.0010231658
edr3rqh,fear,joy,0.19486777,0.022395814,0.17299674,0.2803154,0.27872315,0.050701026
edr3vai,joy,joy,0.0031227525,0.0012294517,0.00080049224,0.99267757,0.0007646036,0.0014051067
edr3vbs,anger,surprise,0.36155295,0.021644585,0.00380454,0.046641666,0.10050595,0.46585023
edr42df,joy,fear,0.01868617,0.013341119,0.7655474,0.08549739,0.08913409,0.02779383
edr4bba,surprise,surprise,0.0137148965,0.0017064639,0.0022908517,0.010206587,0.011044281,0.9610369
edr4pmo,joy,joy,0.001674811,0.00044020062,0.00027135987,0.9961442,0.0005402295,0.0009292118
edr4u7k,joy,joy,0.0011105211,0.00032197693,0.0002898775,0.9969607,0.00057134154,0.00074552133
edr6f82,joy,joy,0.0010523499,0.000358644,0.00030797377,0.99692243,0.0005232748,0.0008351942
edr6hjf,surprise,surprise,0.009415558,0.0018544337,0.0013208676,0.016611487,0.008815409,0.9619823
edr6xko,joy,joy,0.0020399496,0.0005004703,0.00053055544,0.9947219,0.000542094,0.0016650967
edr7rnf,joy,joy,0.0027983286,0.00036676272,0.00025277043,0.9919755,0.00068942946,0.003917194
edr7v2a,surprise,surprise,0.0037361332,0.0018002221,0.0035032583,0.004182705,0.005420522,0.9813571
edr95m4,joy,joy,0.000917324,0.000401869,0.00038823424,0.99642795,0.00038284363,0.001481765
edr986c,anger,anger,0.9747356,0.011280796,0.0009100697,0.0047752825,0.0051870956,0.003111113
edr9bqe,joy,joy,0.0010666006,0.0002938285,0.00031323792,0.9963301,0.0007596022,0.0012366349
edr9gz1,joy,joy,0.001903489,0.00035914694,0.00043990117,0.99381787,0.0012225112,0.0022570456
edr9ngo,fear,fear,0.012903447,0.016465023,0.9120294,0.015497248,0.024334412,0.018770559
edr9vzk,joy,joy,0.0016949357,0.00032588682,0.00025795904,0.99563867,0.00066395843,0.0014186576
edraces,joy,joy,0.0011315601,0.00033793805,0.00036362823,0.99659425,0.00069239485,0.0008802482
edrattd,joy,joy,0.0011459286,0.0003508599,0.00025600122,0.9959781,0.0004529844,0.0018161155
edrbjfh,disgust,disgust,0.15171501,0.8009698,0.015823575,0.0067493357,0.016331865,0.0084104575
edrcewm,joy,joy,0.0009871862,0.00032411792,0.000391654,0.9967691,0.00048497797,0.0010429167
edrcmsi,surprise,surprise,0.0044963486,0.0009957051,0.0018196923,0.005300417,0.0042867484,0.9831012
edrctuk,joy,joy,0.001175313,0.00036560424,0.00025541478,0.99668425,0.00058136706,0.0009380553
edrdzse,joy,joy,0.36408675,0.008478648,0.00515199,0.5486368,0.034569584,0.03907625
edreqtm,joy,anger,0.77876884,0.010488069,0.012333297,0.1454499,0.021634746,0.031325154
edreygw,joy,joy,0.14231996,0.0039752354,0.0017655904,0.4150624,0.037211202,0.39966562
edrfm6u,joy,joy,0.005978925,0.0020093906,0.002476295,0.78067017,0.20047356,0.0083916625
edrh0cs,joy,joy,0.0042379256,0.00055698643,0.00075524015,0.9908093,0.0011675726,0.0024730035
edrhnkp,sadness,sadness,0.0029317185,0.0036072119,0.0043082396,0.0054823263,0.9793224,0.0043482096
edrhw2y,anger,anger,0.9332037,0.035259653,0.00208209,0.00654204,0.018333713,0.004578766
edri9gv,joy,joy,0.0018876443,0.00055148406,0.00048293037,0.99533516,0.00048187774,0.00126092
edri9jg,joy,joy,0.0020327978,0.00038029923,0.0003181177,0.99528766,0.0005342065,0.0014468774
edrj83l,joy,joy,0.0032909324,0.0006507709,0.00035587026,0.9932213,0.0011300461,0.0013510312
edrja75,joy,joy,0.00094910426,0.00027522587,0.00026726225,0.9964772,0.0005489093,0.001482318
edrk3kv,surprise,sadness,0.008430436,0.0022568065,0.0032280893,0.01493933,0.9454016,0.02574374
edrl99e,joy,anger,0.76648504,0.058005083,0.0020647133,0.01924842,0.14349803,0.010698647
edrlsop,joy,joy,0.0010309722,0.0003200413,0.00029796554,0.9969771,0.00047552522,0.00089841895
edrmj4f,joy,joy,0.0011232082,0.0003775111,0.0002954439,0.99682236,0.00042053944,0.00096094626
edrmvy0,surprise,surprise,0.0045973165,0.0016987927,0.0017896505,0.019522116,0.0034646082,0.9689275
edrni6g,anger,anger,0.96426266,0.020305322,0.0021231042,0.0060908147,0.0044519557,0.0027660436
edrnuax,joy,joy,0.0012011793,0.00039182807,0.0003700683,0.99657273,0.0003695747,0.0010946483
edrnva4,sadness,sadness,0.015032445,0.0039729085,0.0021313822,0.021760326,0.95143527,0.0056676446
edrosmh,joy,joy,0.004674258,0.0006337176,0.0003027289,0.99108374,0.0018331378,0.0014724984
edroxdq,joy,joy,0.001377624,0.00029014453,0.00028292483,0.9955265,0.0013944838,0.0011282427
edrrpw8,joy,joy,0.0010314342,0.00037387293,0.0014740463,0.9924832,0.0017525662,0.0028847945
edrruee,disgust,anger,0.96079993,0.02122771,0.0012281841,0.005188067,0.0059876004,0.0055685057
edrsavm,joy,joy,0.0012028748,0.00034372346,0.00029744318,0.9966454,0.00045895358,0.0010515982
edrsh1s,surprise,surprise,0.075567156,0.010719734,0.009908723,0.0064971955,0.033310987,0.86399615
edrspwi,joy,joy,0.007674956,0.00077504327,0.0014538534,0.9764924,0.0035541537,0.010049471
edrsxim,anger,anger,0.95359206,0.0101525895,0.00090797944,0.023530195,0.008413205,0.003404053
edrt252,surprise,surprise,0.0033240882,0.0010443908,0.0015166987,0.014114663,0.0036007115,0.9763995
edrtk9a,anger,joy,0.19090919,0.0027897013,0.00268263,0.762997,0.030117178,0.01050433
edrtqvh,sadness,surprise,0.0312994,0.0031269093,0.007706709,0.028148077,0.05378347,0.8759354
edrv9ho,joy,joy,0.0057517784,0.00054856855,0.00026837838,0.99043053,0.0008948788,0.0021058943
edrvz07,sadness,sadness,0.04991395,0.015444029,0.09848315,0.15013576,0.5503991,0.13562404
edrw5oj,anger,anger,0.9289641,0.018686647,0.0012325678,0.014105958,0.016694551,0.020316184
edrwj9z,joy,joy,0.0023539604,0.0005108804,0.00046127156,0.99376786,0.00066886697,0.002237219
edrwv86,joy,joy,0.0015667962,0.00033059157,0.00019779099,0.99615425,0.0005207857,0.0012298017
edry16j,sadness,sadness,0.3728252,0.087666176,0.004684173,0.0047810944,0.4973577,0.03268563
edryqzy,surprise,joy,0.016341569,0.001881059,0.0009723217,0.8132746,0.004214642,0.16331586
edryt26,joy,joy,0.00913873,0.0009828692,0.00092685706,0.92872536,0.002499149,0.057726916
edrz015,sadness,sadness,0.008299875,0.004899346,0.0030546961,0.008076902,0.9721006,0.0035685878
edrz9eh,surprise,surprise,0.006428198,0.0011708405,0.001653945,0.0071824603,0.0039303876,0.9796342
eds0hr5,surprise,surprise,0.0062249987,0.002046226,0.0026787582,0.24819565,0.004705604,0.73614883
eds1dcs,sadness,anger,0.70870596,0.2095147,0.00462302,0.010238798,0.05782497,0.009092599
eds3bcc,surprise,surprise,0.0031452696,0.0012751261,0.002032029,0.010971203,0.0026600151,0.97991633
eds3wxg,joy,joy,0.0025867033,0.00034841555,0.00019089956,0.9930269,0.0016642906,0.0021827486
eds47vb,sadness,sadness,0.0102847675,0.0025715842,0.005214291,0.027374653,0.9462898,0.008264902
eds50m7,anger,joy,0.044260528,0.0019189727,0.0027412856,0.8918263,0.040818788,0.018434154
eds66tg,sadness,sadness,0.009739957,0.0077118617,0.0028882795,0.013428695,0.95994854,0.006282568
eds67fv,joy,surprise,0.035863638,0.008070458,0.012388577,0.3283943,0.15228975,0.4629933
eds6tu1,joy,joy,0.0012693695,0.00033440816,0.0002766648,0.996305,0.0006127958,0.0012016952
eds7ex0,joy,joy,0.00175577,0.00048618924,0.00028195287,0.9953307,0.0007871727,0.0013583067
eds9aaa,joy,joy,0.0020913156,0.00032910646,0.0003380529,0.98842454,0.00094259164,0.007874379
eds9dw6,sadness,anger,0.93380475,0.017827122,0.0009930971,0.008135341,0.015995905,0.023243833
eds9k7h,anger,anger,0.9388787,0.0039411127,0.0012847332,0.03966723,0.009979106,0.0062491437
eds9m15,joy,joy,0.22317377,0.019554492,0.005986532,0.7022132,0.038599465,0.010472564
eds9xsf,sadness,surprise,0.06717289,0.0065281317,0.012696298,0.08788932,0.28097293,0.5447404
edscggi,joy,joy,0.0044979597,0.0003611404,0.00048177366,0.98765343,0.0014584897,0.0055471514
edsdvqa,surprise,surprise,0.0437082,0.0023689573,0.0029667667,0.013682333,0.0057848566,0.9314888
edsfu94,surprise,joy,0.0054604346,0.0004589133,0.00047279743,0.97926396,0.0037070485,0.010636851
edshplx,joy,joy,0.0016813974,0.0004635846,0.00044272924,0.99182117,0.00381281,0.0017783914
edshtiy,joy,joy,0.00378889,0.00064319785,0.00031302552,0.99217016,0.0008372993,0.00224751
edsi6yc,surprise,surprise,0.016180195,0.0018866371,0.0013092515,0.097982936,0.0074522323,0.87518877
edsi9v1,joy,joy,0.008593392,0.0026679898,0.0011986076,0.98216254,0.0008252067,0.004552325
edsjw97,joy,joy,0.0014520519,0.0003371977,0.00023320733,0.9963569,0.00062001735,0.0010005359
edsm5k1,joy,joy,0.12461165,0.002222964,0.0021066498,0.6620103,0.0075578713,0.2014906
edsm5lz,joy,joy,0.010725168,0.0011289878,0.0055615893,0.80186045,0.005299648,0.17542414
edsmp9z,anger,anger,0.6155168,0.007327582,0.008285772,0.1027429,0.22230498,0.043822013
edsnppm,anger,anger,0.91871524,0.004389129,0.0013076225,0.05616484,0.008527131,0.010895924
edsqx2s,surprise,sadness,0.13550489,0.012897638,0.016207028,0.02237493,0.7959672,0.017048344
edsrjo3,joy,joy,0.0037699766,0.0012550892,0.0028351184,0.84667605,0.0035215844,0.14194217
edstbuq,anger,anger,0.84121513,0.13176213,0.0057317815,0.0052680965,0.006316979,0.009705994
edstk1a,joy,joy,0.0017295077,0.00050423236,0.00037034068,0.9955711,0.00068858534,0.0011362991
edstpg9,joy,joy,0.0009574157,0.00030451728,0.0003053828,0.99701476,0.0004788268,0.0009390364
edsu71o,sadness,sadness,0.0054061017,0.0025510425,0.0048725284,0.019204535,0.96353877,0.004427008
edsug6k,joy,joy,0.0013922135,0.00028350277,0.00024144928,0.99590814,0.0011498904,0.0010248157
edsv92b,joy,joy,0.040763617,0.002740033,0.002592784,0.5299286,0.009538607,0.41443634
edsvehr,joy,joy,0.0013117072,0.00035416716,0.00057305006,0.99531144,0.0008992369,0.0015503686
edsvkcy,anger,anger,0.8665128,0.081214465,0.009832632,0.006539917,0.028159272,0.0077408114
edsy9ne,joy,anger,0.86429626,0.023462962,0.001217527,0.034626275,0.061670493,0.014726442
edszd1h,sadness,surprise,0.09600684,0.018648762,0.025005184,0.32774556,0.1694849,0.36310875
edt00u0,surprise,surprise,0.006602003,0.0012442159,0.0019413499,0.011803509,0.004338861,0.97407
edt0o70,anger,sadness,0.3160114,0.0064019724,0.0033969798,0.03832942,0.6042889,0.031571306
edt16me,joy,joy,0.0009879768,0.00029720314,0.00027640312,0.996451,0.0007096101,0.001277819
edt1jwx,joy,anger,0.4165133,0.076911405,0.024581634,0.033079147,0.24812476,0.20078978
edt1lh5,joy,joy,0.0013029998,0.00039900624,0.00032631727,0.9962352,0.0005286017,0.0012079268
edt1t1f,joy,joy,0.0014786536,0.00042023294,0.0003247313,0.99646074,0.00039531707,0.00092032255
edt2lfv,joy,joy,0.001478618,0.00044186134,0.00030556877,0.9961474,0.00052519963,0.0011014085
edt2ngm,joy,joy,0.0021936568,0.00045844476,0.0004933288,0.9936359,0.0006331728,0.0025854546
edt50jp,surprise,joy,0.009660243,0.0019970774,0.002472983,0.5062622,0.006460363,0.47314718
edt6749,surprise,surprise,0.03618311,0.0030769936,0.002060662,0.004671821,0.0066591026,0.9473484
edt6gpu,joy,joy,0.007767581,0.0022223273,0.002766736,0.60998017,0.006581936,0.3706813
edt70sd,joy,joy,0.0042395485,0.0006027483,0.0003884611,0.9911301,0.0015508207,0.0020882739
edt8d01,surprise,surprise,0.0045444234,0.0018975112,0.0019614692,0.0053496016,0.003871338,0.9823757
edt8ev8,surprise,surprise,0.002940947,0.0014614108,0.0023552852,0.0062413434,0.0030145764,0.9839864
edt8evv,joy,joy,0.005625193,0.000895831,0.0025194432,0.9616893,0.0115022985,0.017767977
edt8o4j,joy,joy,0.0021920062,0.00038241627,0.00030711267,0.9941493,0.00054904417,0.002420157
edt8ypp,joy,joy,0.0011332529,0.00039857894,0.0002630305,0.9962807,0.00057746144,0.0013469069
edt9f93,joy,joy,0.0020451187,0.00046278432,0.00034008696,0.995063,0.00048352545,0.0016055107
edtao5v,anger,anger,0.973969,0.0048474786,0.00081172783,0.0139388135,0.0030377114,0.0033953043
edtd1zc,joy,joy,0.0014850912,0.00034496078,0.00022905684,0.99613166,0.0003870659,0.001422169
edtd82h,surprise,surprise,0.0073402114,0.0015835431,0.0018922767,0.005025303,0.004322036,0.97983664
edtd8c4,joy,surprise,0.0058234516,0.0023178863,0.0029602684,0.3660544,0.005109283,0.61773473
edtdcoe,joy,joy,0.0015142645,0.00025339768,0.00029713806,0.9946978,0.0016290057,0.0016083276
edtdwxq,joy,joy,0.0011554355,0.00035143542,0.0002651193,0.99685776,0.00050508295,0.000865153
edtegwp,joy,anger,0.89340496,0.034476116,0.0011944606,0.026052488,0.03575726,0.009114785
edtfb89,joy,joy,0.0009301361,0.00031189132,0.0003275886,0.99640936,0.0006526873,0.0013684299
edtg8fe,anger,anger,0.72927076,0.026719838,0.016728137,0.036796857,0.17247899,0.01800549
edtgpm5,surprise,joy,0.17913415,0.008191951,0.0047918847,0.6974363,0.06279064,0.047655117
edtgy31,joy,joy,0.0035376798,0.00046460945,0.0003901109,0.9908091,0.00087252585,0.003925885
edthbcg,sadness,anger,0.6432042,0.013817761,0.0037224025,0.0069928565,0.01002358,0.3222392
edtjmvq,sadness,sadness,0.038391978,0.0056375167,0.009720702,0.019094706,0.914898,0.012257133
edtjpix,joy,joy,0.019000927,0.0015103697,0.00067266665,0.97173274,0.0012588851,0.005824533
edtkad3,joy,joy,0.04626014,0.011922122,0.0042647775,0.91148233,0.02146896,0.004601664
edtlh85,fear,sadness,0.0356432,0.026722128,0.01006158,0.013142694,0.8998836,0.014546727
edtmbvs,joy,joy,0.0013786172,0.00026814715,0.00025841175,0.99608,0.00048486365,0.0015300027
edtnkfj,anger,surprise,0.019495234,0.0013122801,0.002071408,0.065576345,0.008685834,0.90285885
edtp10x,surprise,surprise,0.004617929,0.0024476566,0.00534561,0.002863648,0.007596079,0.97712904
edtq4w8,sadness,sadness,0.00958125,0.0045835394,0.0047562784,0.38819075,0.58388096,0.0090072015
edtrjsu,joy,joy,0.0012095764,0.00040118798,0.00035740025,0.99652016,0.00045895542,0.0010527372
edtrjvf,joy,joy,0.010682268,0.0006754901,0.000793807,0.9221698,0.009104775,0.056573834
edtrli2,anger,anger,0.932358,0.015392742,0.0016265133,0.025273392,0.004507581,0.020841708
edtrnhy,joy,joy,0.0010316627,0.00031129204,0.00026667537,0.99623674,0.0009862032,0.0011674276
edtrq0k,anger,anger,0.9017001,0.011357454,0.0032627012,0.052029423,0.0052781086,0.026372226
edtsa1y,joy,joy,0.0013257343,0.00033933358,0.0002552017,0.996516,0.0006708411,0.0008929019
edtsyok,joy,disgust,0.2876067,0.3549382,0.010417857,0.01703038,0.3139878,0.016019007
edttf7b,joy,joy,0.001053736,0.00032566226,0.0003320005,0.99655837,0.0009040805,0.0008260462
edttxtt,anger,joy,0.009858468,0.0008805052,0.001073145,0.96615577,0.0034499646,0.018582216
edtu1s9,joy,joy,0.0058063944,0.00046431716,0.00049451384,0.98929286,0.0017093332,0.002232546
edtu6d0,joy,joy,0.0033518446,0.00042251401,0.0003317926,0.99256825,0.0018442733,0.001481271
edturs5,joy,joy,0.00091467105,0.00030186592,0.00035502925,0.9943591,0.00056106644,0.0035082074
edtvbdl,joy,anger,0.9126649,0.0076001966,0.0011584556,0.029235287,0.029202377,0.020138687
edtw33n,surprise,surprise,0.0242734,0.002356586,0.0015731668,0.010190218,0.015540086,0.9460666
edtwr7i,joy,joy,0.0011381245,0.00032103012,0.00035662405,0.99523073,0.0008755341,0.0020779036
edtx20q,joy,joy,0.0012633072,0.0003553585,0.0002371308,0.9964191,0.00062240625,0.0011027085
edtxbul,joy,joy,0.0014379974,0.00027590597,0.00024404154,0.99581486,0.0009563373,0.0012709001
edtzlqk,anger,sadness,0.30249205,0.026520636,0.01809186,0.21934274,0.40898132,0.024571346
edtzvy1,joy,joy,0.0009635118,0.00036140755,0.00031702965,0.99701416,0.0004242394,0.00091964717
edu0iab,joy,joy,0.0037277397,0.00081619836,0.00044917097,0.9912703,0.0026446958,0.001091876
edu2bx5,sadness,anger,0.69786453,0.0071116183,0.0024345473,0.11839113,0.15193239,0.022265794
edu2qxd,joy,joy,0.007370596,0.000682792,0.0015168815,0.96400195,0.009352837,0.01707493
edu2u6w,sadness,sadness,0.04709314,0.0049759503,0.003453408,0.019321622,0.8871141,0.038041715
edu2v9i,joy,joy,0.0021249186,0.0008177169,0.0009866826,0.9646387,0.0015180564,0.029913992
edu2xyz,anger,joy,0.40259808,0.010211612,0.0015461593,0.53498673,0.014535053,0.036122367
edu4ki3,joy,joy,0.0009820617,0.00031067122,0.00029669088,0.9966659,0.00042015937,0.0013245448
edu504s,surprise,surprise,0.00807428,0.0017652257,0.0016627932,0.009147391,0.00659156,0.9727588
edu6qjj,joy,joy,0.0040660063,0.00046947363,0.00036643908,0.9915577,0.0023137287,0.0012265893
edu77h4,sadness,sadness,0.0065614325,0.0027110511,0.00704146,0.17509544,0.8019445,0.0066460734
edu8tz5,joy,joy,0.019737849,0.0014629986,0.003832828,0.60220987,0.007880324,0.3648762
edu9ed6,sadness,anger,0.6454272,0.018387808,0.034411367,0.0470836,0.20998724,0.044702742
edua72u,joy,joy,0.021000767,0.0017925403,0.008000423,0.6736778,0.26275772,0.03277073
eduag3k,joy,sadness,0.0075743846,0.00239763,0.004480349,0.09117501,0.88359594,0.010776711
edub220,fear,fear,0.018213423,0.019862413,0.84996915,0.030970827,0.058842152,0.022142055
edub9tx,sadness,sadness,0.0046836548,0.0025237738,0.006250101,0.009345569,0.972369,0.004827958
edubn6w,anger,anger,0.96570766,0.004610845,0.0006824432,0.011738709,0.007654523,0.009605772
edubzwy,anger,anger,0.97557425,0.0057165963,0.0010737147,0.010898657,0.0036623306,0.0030745354
educr3b,surprise,anger,0.6581834,0.0046064695,0.001864539,0.09817307,0.010590386,0.22658212
educxt4,joy,joy,0.03617631,0.0017737364,0.0045643095,0.69040656,0.010047142,0.25703195
edudi7f,sadness,joy,0.08571548,0.008022756,0.006368567,0.3831918,0.19406739,0.32263395
eduebue,joy,joy,0.0028201973,0.0004974894,0.00027356506,0.9889492,0.0018186123,0.0056410804
eduezj9,anger,sadness,0.03678155,0.0032085876,0.005451769,0.32351774,0.60822946,0.02281091
edufg1x,joy,joy,0.003239692,0.0004947847,0.00021864084,0.9907414,0.002969388,0.002336118
edug0vo,joy,joy,0.0013914107,0.00039651533,0.0003251428,0.99652344,0.00045787645,0.0009056012
eduieux,joy,joy,0.0012262532,0.00042695465,0.00036761237,0.99608827,0.00039340483,0.0014975553
eduimxm,anger,anger,0.9242199,0.0035518566,0.0012856357,0.051790897,0.00879347,0.010358208
eduioiv,joy,joy,0.0018668631,0.0003691969,0.00041772102,0.9931297,0.00044538,0.0037711577
eduiukq,joy,joy,0.0017548571,0.00035316794,0.00052094064,0.99500054,0.00091413455,0.0014562866
eduoihe,joy,joy,0.0021103558,0.00027119828,0.0005489071,0.9913094,0.0031542224,0.0026059044
eduowjs,sadness,sadness,0.0036829147,0.0022822814,0.0047296262,0.014192743,0.970753,0.0043594656
edup6zj,joy,joy,0.0011938668,0.00040988676,0.0002632421,0.9962753,0.0005693748,0.0012883805
edupa9i,joy,joy,0.0027449164,0.0004027519,0.0005100655,0.9912593,0.0006916199,0.0043914537
eduppyb,joy,joy,0.0015544164,0.0004586771,0.00065145135,0.99473214,0.0005236461,0.0020796345
edupzhr,anger,anger,0.4923051,0.007065112,0.0021719476,0.018633239,0.022186521,0.45763806
eduq5ma,anger,anger,0.9741212,0.007987812,0.0011826811,0.0044624317,0.0032568646,0.008988941
edur7xa,joy,joy,0.0040133023,0.0008751962,0.0006441738,0.95696515,0.0025613643,0.0349409
edus87j,joy,joy,0.0069336337,0.0003923638,0.00043664037,0.98441654,0.001055056,0.0067656916
edusuax,disgust,disgust,0.120781824,0.5299593,0.03819052,0.0053963386,0.28134277,0.024329219
edusxnn,surprise,surprise,0.0035986425,0.0015187733,0.0021101749,0.004804094,0.0032181772,0.98475003
edutcwh,joy,joy,0.0017687127,0.0002748487,0.00034575688,0.9932012,0.0008269689,0.0035825775
edutjm3,surprise,joy,0.0011432187,0.0002876474,0.00032143295,0.9944528,0.0006098137,0.0031850496
edutu9k,surprise,surprise,0.008605685,0.0024062993,0.004512091,0.028182121,0.01657192,0.9397219
eduu687,joy,joy,0.0020625005,0.000287349,0.00024536622,0.9941888,0.0009545426,0.0022614342
eduuhyy,surprise,surprise,0.0042475364,0.0011800182,0.0015809789,0.0051774983,0.0033403696,0.9844736
eduux4x,surprise,surprise,0.057772957,0.0028466666,0.0015684172,0.02400144,0.018755024,0.8950556
eduvi7k,anger,joy,0.017774478,0.0022057134,0.001946577,0.71891916,0.008265828,0.2508883
eduvr08,joy,joy,0.0012937387,0.00030828436,0.00035387842,0.9954195,0.00076706114,0.0018574992
eduwluz,joy,joy,0.0010558304,0.00035663717,0.00035515477,0.99607396,0.00056156097,0.0015968416
eduwt9v,joy,joy,0.0022237825,0.00039985598,0.00023732474,0.99534696,0.00048575926,0.0013062288
edux5we,anger,joy,0.014583484,0.0014702806,0.011829848,0.85740644,0.0858729,0.0288371
eduxpaa,anger,anger,0.8954848,0.0057862406,0.0030217208,0.05208801,0.03303643,0.010582841
eduxq58,joy,joy,0.0010453861,0.00024062046,0.000296964,0.99552864,0.00074962084,0.0021387413
eduy2li,joy,joy,0.0017972876,0.0003718936,0.00024563618,0.9958533,0.00055076357,0.0011811949
eduycv3,surprise,surprise,0.008738317,0.0017318534,0.0021761185,0.019015262,0.0038821762,0.9644564
eduyt4b,joy,sadness,0.24593171,0.0063411933,0.0058374736,0.15675157,0.55829066,0.026847403
eduz3yj,joy,joy,0.0030188896,0.00044757564,0.0002877742,0.99387735,0.0012061481,0.0011623797
eduza9g,joy,anger,0.8199268,0.005641296,0.0022425845,0.11056423,0.0451292,0.016495911
edv0aa2,joy,joy,0.1820503,0.011049973,0.003929998,0.6099117,0.114134155,0.07892389
edv0wb8,joy,joy,0.0014670714,0.00035619672,0.00021984924,0.9963368,0.00048161575,0.0011384292
edv16j8,joy,joy,0.0017917455,0.00044472015,0.0004100728,0.99354446,0.00073690095,0.0030721503
edv18r4,joy,joy,0.0016869162,0.0002723916,0.00033224572,0.99578154,0.00084611314,0.0010808482
edv1buq,joy,joy,0.0009760461,0.00033608414,0.00035991066,0.9959915,0.00056983,0.0017666917
edv1o04,joy,joy,0.0011072328,0.0003474321,0.00042737278,0.9916945,0.0007411747,0.005682185
edv1tfy,sadness,sadness,0.005057339,0.0025223207,0.007009675,0.008094023,0.9706388,0.006677849
edv2jz0,joy,joy,0.004613291,0.00033539446,0.00025626435,0.99046737,0.0015273797,0.002800258
edv36dw,anger,anger,0.9568253,0.004057483,0.0018135617,0.011429048,0.0090641985,0.016810406
edv41oq,joy,joy,0.0021174753,0.000409747,0.00030538396,0.99510443,0.0006065821,0.0014564038
edv4lx2,joy,joy,0.0012739657,0.00036863136,0.00032236296,0.9964051,0.00041289718,0.0012170592
edv4wxz,joy,joy,0.0013373353,0.0003385915,0.00024708614,0.9965653,0.00061839,0.00089341786
edv5an2,joy,joy,0.01164471,0.00067544327,0.00052159326,0.9805741,0.0015433951,0.0050407364
edv67uw,joy,joy,0.0016925628,0.00031250739,0.00025898308,0.99491113,0.0011608859,0.0016639219
edv6fo2,anger,anger,0.8155781,0.016880676,0.0038916382,0.05131842,0.09445045,0.017880723
edv6kpo,joy,joy,0.00084907794,0.00031577877,0.00034775157,0.99648994,0.00054348336,0.0014540182
edv6tie,joy,joy,0.007859888,0.00139637,0.0014791795,0.8122913,0.003320491,0.17365275
edv7c5c,surprise,joy,0.0054047313,0.0007778108,0.00070397527,0.952173,0.002046649,0.03889388
edv7lmf,joy,joy,0.0027733978,0.00031616818,0.00039371772,0.9913292,0.0017159492,0.0034716225
edv85qt,joy,joy,0.0031251842,0.00039228157,0.00028521923,0.9912465,0.0010740128,0.003876775
edv8awt,anger,sadness,0.06935418,0.035443105,0.006708973,0.0067983833,0.87471974,0.00697561
edv8uin,joy,joy,0.0013221377,0.0004251708,0.0003320093,0.99646133,0.0003925401,0.0010668586
edv9mqm,joy,joy,0.0010311332,0.0002788053,0.00024309993,0.9966323,0.00069274654,0.0011219
edva009,surprise,joy,0.0031331202,0.0009518228,0.0016591687,0.94362754,0.002364933,0.0482634
edva4pa,joy,joy,0.0014610994,0.00034226576,0.00027785223,0.9961243,0.00043483905,0.0013595681
edvadcs,joy,joy,0.0013630725,0.00044953907,0.00048099388,0.9945598,0.0003647632,0.0027818216
edvav98,fear,sadness,0.101854265,0.007466652,0.021303846,0.33977133,0.44022256,0.0893813
edvch3f,joy,joy,0.0014503094,0.00032525594,0.00029770154,0.9964405,0.00052840466,0.0009578183
edve9ul,joy,joy,0.0011505483,0.00039932076,0.00038726788,0.99670804,0.00042951127,0.00092522096
edveb2k,anger,sadness,0.082196176,0.012707325,0.003933367,0.04938236,0.84469604,0.0070846635
edvfikm,joy,joy,0.0012029549,0.00028252567,0.00044665963,0.9944246,0.0024290255,0.0012141995
edvfw7v,surprise,surprise,0.0030149561,0.0013089355,0.005028203,0.014003864,0.0035726917,0.9730714
edvgmxn,surprise,anger,0.32307658,0.015232368,0.08298658,0.23526633,0.050321978,0.2931162
edvgoy5,surprise,surprise,0.004350817,0.0015993378,0.0019531967,0.0043449886,0.003257014,0.9844946
edvia6w,anger,surprise,0.3322339,0.013314097,0.0028015987,0.015563328,0.0264531,0.6096339
edvii37,surprise,surprise,0.0058519584,0.001630517,0.0030828936,0.003505118,0.0037245336,0.98220485
edvjecd,joy,joy,0.0012003577,0.0003592871,0.0002558073,0.9966569,0.0005896035,0.0009379737
edvjm4u,joy,joy,0.0017194318,0.00031538194,0.00025335804,0.9952709,0.0005096896,0.0019313424
edvlt4b,joy,joy,0.010677181,0.00093426474,0.00049600494,0.963911,0.0015524246,0.02242906
edvm3k4,surprise,surprise,0.0033029702,0.0009773137,0.0022524656,0.013266443,0.0050947247,0.975106
edvmi8h,joy,anger,0.52782124,0.004569703,0.0028124244,0.19849154,0.09489899,0.17140605
edvnz26,surprise,anger,0.92271036,0.009596778,0.00094551506,0.0073360866,0.040762685,0.018648501
edvo2j9,joy,joy,0.0013193527,0.00035105515,0.0002547748,0.99630344,0.00045460468,0.0013167727
edvok5j,joy,joy,0.000986143,0.0003495654,0.0003964396,0.996815,0.0006099742,0.00084289507
edvpyhy,anger,anger,0.96023595,0.007314961,0.0008982617,0.007311627,0.01712034,0.007118881
edvqwss,anger,anger,0.9613582,0.004648523,0.0007092597,0.014046009,0.00731339,0.011924558
edvrv7m,joy,joy,0.0011148978,0.0003098513,0.00024989,0.9967315,0.0006146033,0.0009792653
edvsicp,joy,joy,0.0047765044,0.0008257838,0.00053920347,0.9894198,0.00093338493,0.0035052276
edvsznx,sadness,anger,0.96319956,0.007161739,0.0011040614,0.016673414,0.007593659,0.0042675757
edvujn0,surprise,surprise,0.016677504,0.0017013478,0.0068711443,0.42620358,0.01345254,0.53509384
edvwvkr,joy,joy,0.002125985,0.00078437495,0.0012634482,0.9806409,0.0024080593,0.012777264
edvymh1,joy,joy,0.005394038,0.0006361978,0.0012578244,0.9665532,0.021982793,0.00417591
edvyogb,joy,surprise,0.012445003,0.003612919,0.0025345008,0.13728537,0.0047246963,0.8393975
edvyuv9,joy,surprise,0.07171159,0.0017212752,0.0030973589,0.3066915,0.013331541,0.6034467
edvz139,joy,joy,0.001358739,0.00028875915,0.0003009756,0.99642736,0.0008102372,0.00081396516
edvzcll,joy,joy,0.0051384075,0.00038565317,0.0008077099,0.9875957,0.0015079923,0.0045646075
edw0xlg,joy,joy,0.0015545267,0.00031956038,0.00022506491,0.9961932,0.00048542983,0.0012222049
edw2gad,joy,joy,0.0011374486,0.00037771906,0.00033137694,0.9951924,0.00037862122,0.0025825365
edw2r5i,joy,joy,0.0011182922,0.00029633008,0.0002927169,0.9957957,0.0006692639,0.0018277185
edw36wc,joy,joy,0.030111566,0.007835862,0.004217671,0.93009514,0.008078256,0.019661441
edw3a6u,anger,anger,0.6224932,0.013918794,0.003012004,0.014569211,0.011536383,0.3344704
edw3eet,surprise,anger,0.44064027,0.004972397,0.006132819,0.11788273,0.067816295,0.36255553
edw4l47,sadness,sadness,0.0044360417,0.004338897,0.0030737647,0.0070527117,0.9768246,0.0042740935
edw4w7l,surprise,surprise,0.003973203,0.0018577593,0.0026394492,0.0039394703,0.0049511394,0.98263896
edw593p,joy,joy,0.001952551,0.0005294203,0.0006195771,0.9775553,0.0009184831,0.018424613
edw5hse,surprise,surprise,0.0068042744,0.004263943,0.010170417,0.026534537,0.012634556,0.93959236
edw5p89,anger,anger,0.97461647,0.0074013504,0.00079351227,0.008416033,0.0051844288,0.0035880834
edw6fuj,joy,joy,0.0014610252,0.00030683348,0.00027348305,0.99630415,0.00044922173,0.0012053583
edw6iq7,joy,joy,0.001891636,0.00042955086,0.0002450369,0.99526536,0.0011135414,0.0010549899
edw6jvo,anger,anger,0.5409188,0.0040523303,0.0029826812,0.42409807,0.015586661,0.0123613905
edw7tfe,sadness,sadness,0.0059658685,0.0036160797,0.003273934,0.009435487,0.97393155,0.003777052
edw9bax,joy,joy,0.005464447,0.0016020074,0.0025358065,0.96730405,0.019072944,0.004020661
edw9jvd,joy,joy,0.02280298,0.0014048778,0.00081097527,0.97072655,0.0022577557,0.0019969214
edw9mxm,surprise,surprise,0.0075101457,0.0011544625,0.0020708046,0.0140029555,0.009540347,0.96572125
edwbf3w,joy,joy,0.0014380491,0.00045458443,0.0005650084,0.99429816,0.0009387807,0.0023054515
edwbgad,anger,anger,0.95039165,0.025680117,0.0011220638,0.008658367,0.009272614,0.0048752693
edwby1b,joy,joy,0.0013321625,0.00027012848,0.00027886042,0.99658316,0.00069918454,0.0008365423
edwcz64,surprise,joy,0.0033560402,0.00056437036,0.00037735293,0.98824257,0.0006235416,0.0068362025
edwd6lw,joy,joy,0.001784141,0.0002753499,0.00026936267,0.9950001,0.0009402313,0.0017309053
edwd8xg,anger,anger,0.8983014,0.011878489,0.0011181582,0.016813397,0.009903749,0.061984777
edwdij4,anger,anger,0.95381725,0.01772243,0.001591259,0.0051313345,0.0067431573,0.014994464
edweh8f,anger,anger,0.97010136,0.013952689,0.0016981417,0.0075086183,0.0034555325,0.0032837312
edweo67,anger,anger,0.53467137,0.0915435,0.02070603,0.04378246,0.24743809,0.061858527
edweqdg,joy,joy,0.0016007785,0.0003346388,0.0004132204,0.9955361,0.0010428209,0.0010725305
edwevzu,sadness,sadness,0.011127485,0.0057953335,0.0057058553,0.026517786,0.94027996,0.010573616
edwganm,joy,joy,0.22685102,0.0044461996,0.0018278211,0.7434907,0.011492693,0.01189159
edwgubd,joy,surprise,0.02849099,0.0013447307,0.00237287,0.07736318,0.0059173713,0.88451093
edwh0b8,joy,surprise,0.04586162,0.0034924909,0.0020361682,0.42550355,0.005116757,0.5179894
edwh8wz,joy,joy,0.0029196485,0.00073359185,0.00043332932,0.9933936,0.0008268445,0.0016930221
edwhaem,joy,joy,0.0022239748,0.00047505123,0.0005405083,0.9850085,0.0009753299,0.010776677
edwhebf,joy,joy,0.0014808171,0.00026605642,0.00036661272,0.99547344,0.00075037434,0.0016627037
edwi38y,surprise,surprise,0.007036228,0.0017404471,0.002750227,0.010658247,0.021617103,0.9561976
edwiska,joy,joy,0.050344475,0.0025364705,0.0023208158,0.8750837,0.059863824,0.009850815
edwivg3,joy,joy,0.0045060394,0.00036356275,0.00045029545,0.9740432,0.0035311098,0.01710577
edwjgey,joy,joy,0.0010606545,0.00027277763,0.00028828596,0.9968695,0.0006372038,0.0008716099
edwkk3o,joy,joy,0.0015497168,0.00030031876,0.00042099346,0.994541,0.0015622522,0.0016257304
edwkkww,sadness,sadness,0.011880103,0.005000649,0.010002418,0.0073410273,0.95952135,0.0062543736
edwkvm5,sadness,sadness,0.0069273207,0.002935368,0.003700823,0.007903802,0.973434,0.0050988114
edwlobm,joy,joy,0.006585596,0.0011279694,0.00078225095,0.9870574,0.0010776984,0.00336908
edwm0eu,joy,joy,0.0011286361,0.00038973757,0.00036432262,0.99685705,0.00045104712,0.00080918206
edwnpw4,surprise,surprise,0.0038612667,0.001301329,0.0020064884,0.0031039333,0.0061724493,0.98355454
edwpyu0,surprise,joy,0.032546163,0.0019722772,0.0016831711,0.93742245,0.006148801,0.020227205
edwr9lk,anger,anger,0.9270307,0.007368151,0.0008117928,0.049536616,0.006008849,0.009243981
edws4jx,joy,joy,0.0014454206,0.00042177734,0.00030067257,0.99555135,0.00040177593,0.0018790613
edwt74b,surprise,surprise,0.0024510901,0.0012055177,0.0028756154,0.0050317575,0.0034422453,0.9849937
edwtcvo,joy,surprise,0.007522184,0.0017093084,0.0022219436,0.24415514,0.0069314493,0.73745996
edwtm8q,joy,joy,0.055009555,0.0021485474,0.0028278523,0.918106,0.014298995,0.007609105
edwtmlc,joy,joy,0.001457739,0.00033983213,0.00024939343,0.99632406,0.0004939827,0.0011350701
edwugs8,joy,joy,0.0010557005,0.00030247704,0.00033351264,0.9965879,0.00053359225,0.0011867917
edwui9i,joy,joy,0.019559892,0.0012873027,0.002081253,0.9628671,0.0029200865,0.011284417
edwulr5,joy,joy,0.0011226942,0.0003090476,0.0003137058,0.9961087,0.00053854566,0.0016072715
edwvj8a,joy,joy,0.004235502,0.0004067311,0.000533652,0.990931,0.00070868665,0.0031845116
edwvy2c,joy,joy,0.0014895133,0.00034174812,0.00034612624,0.9949033,0.0013958802,0.0015233295
edwwczg,joy,joy,0.0012602882,0.0003270482,0.00023214622,0.9963152,0.00068944145,0.0011758609
edwwt14,joy,joy,0.0012926318,0.00034946937,0.00036624025,0.99219185,0.0007516676,0.0050481497
edwwu0i,anger,anger,0.89911896,0.06477823,0.0017613322,0.022998342,0.0076951897,0.0036479628
edwxogj,joy,joy,0.0010349951,0.00034751807,0.0003638748,0.99639785,0.00045083548,0.0014047924
edwxutk,surprise,surprise,0.04819681,0.005477515,0.009793259,0.08876057,0.03452714,0.8132447
edwxz16,joy,joy,0.06380134,0.0025216953,0.0022304568,0.8289623,0.019834647,0.08264947
edx0hvk,joy,joy,0.001271977,0.00031066584,0.00024772267,0.9967,0.00045559,0.001014021
edx167z,joy,joy,0.0014399848,0.00030753823,0.00025305536,0.9965822,0.00050138833,0.00091583614
edx1l7z,anger,anger,0.563873,0.012947843,0.008769867,0.021293629,0.23909347,0.15402228
edx1m4z,anger,anger,0.92819893,0.006251672,0.00086638157,0.042686198,0.012695036,0.00930171
edx28qm,anger,joy,0.0041589215,0.00036881102,0.00030320822,0.99175304,0.0012120107,0.0022040352
edx2c5f,joy,joy,0.0021422317,0.00038573355,0.0003534841,0.99373335,0.0015010799,0.0018841716
edx2onn,joy,joy,0.002740277,0.00038104798,0.00041923876,0.9883195,0.0014358702,0.0067040753
edx3vuu,sadness,sadness,0.26926774,0.041724212,0.18879479,0.05452119,0.38126853,0.06442353
edx4qxl,anger,anger,0.96797806,0.0053325146,0.0009475606,0.013012785,0.0047985334,0.007930507
edx5ljb,anger,fear,0.28001735,0.030771622,0.4667918,0.13906263,0.03773686,0.045619767
edx610q,joy,joy,0.001152197,0.00028893846,0.00026863406,0.9961564,0.00105581,0.0010780015
edx6l0q,joy,joy,0.0016778847,0.00036531818,0.00022804676,0.99570036,0.00086733454,0.0011611029
edx9130,anger,anger,0.94349504,0.027627245,0.0009103118,0.009702514,0.013899495,0.0043653883
edx9as5,joy,joy,0.0015729315,0.00028802457,0.00023780882,0.9950477,0.00045184983,0.002401832
edx9evc,joy,fear,0.1753231,0.02737837,0.50817955,0.17942645,0.054019608,0.05567292
edxaf6n,surprise,surprise,0.006153639,0.0015644119,0.0043677636,0.036016587,0.04633677,0.9055608
edxb017,sadness,sadness,0.018292781,0.0021297068,0.0065977606,0.31644636,0.624866,0.031667355
edxbhxi,joy,joy,0.0019420431,0.0003723893,0.0003695472,0.9950133,0.00069719466,0.0016054772
edxc38n,joy,surprise,0.17877534,0.0046899794,0.0026161275,0.19107111,0.03689202,0.58595544
edxcfte,sadness,sadness,0.07501222,0.0334101,0.006865003,0.008770802,0.8651817,0.010760097
edxcfwb,anger,sadness,0.13034004,0.02574576,0.004887096,0.044412814,0.7741722,0.020442093
edxciwr,joy,joy,0.0011663265,0.00031289464,0.00044892982,0.9963683,0.00044202336,0.0012614803
edxdl9p,joy,joy,0.0058344817,0.00078193215,0.00067984045,0.9776949,0.011266128,0.0037426814
edxerwb,sadness,joy,0.003224078,0.00069004664,0.0007322731,0.9725239,0.011621563,0.01120815
edxettj,joy,joy,0.002198943,0.0002832085,0.00021993477,0.9945661,0.0010198078,0.001712042
edxfq90,anger,sadness,0.34542993,0.009250073,0.007212718,0.15429518,0.4068346,0.0769775
edxg0ex,joy,joy,0.012380552,0.0010649962,0.0011088222,0.97428745,0.004990299,0.0061679087
edxg0sq,disgust,anger,0.6984048,0.0358745,0.0013621915,0.025744572,0.22604649,0.01256748
edxg5pu,anger,surprise,0.23195703,0.0050860164,0.0026721067,0.10084199,0.03691831,0.62252456
edxgc1a,anger,anger,0.9251244,0.012433912,0.0068541747,0.012402752,0.026060676,0.017124059
edxgh62,sadness,sadness,0.0067454674,0.0035443548,0.00455033,0.006399195,0.9737737,0.0049869115
edxh4uo,joy,joy,0.004581691,0.000678299,0.0002758726,0.99185693,0.0007965698,0.0018106519
edxi109,joy,joy,0.0011231586,0.00032513338,0.00026793478,0.99683005,0.00060546445,0.00084825425
edxibpc,surprise,surprise,0.0035617836,0.0009336569,0.0015737073,0.008730579,0.004545984,0.9806543
edxiew8,joy,joy,0.019953331,0.0006973824,0.00058122486,0.9571052,0.0015204592,0.020142356
edxif37,surprise,surprise,0.002903831,0.0013714222,0.0029347197,0.004799043,0.0038545732,0.98413646
edxk0cx,joy,joy,0.0024001126,0.00046538954,0.000726407,0.9932587,0.0006834022,0.002465957
edxl6b0,anger,joy,0.0027953736,0.00041240943,0.0002787855,0.9944529,0.0004961204,0.0015643947
edxl7a7,joy,joy,0.00255851,0.0007178174,0.0005306748,0.98762286,0.0007514392,0.007818679
edxo30p,joy,joy,0.0010035939,0.0002965973,0.00026923048,0.996669,0.0007155348,0.0010460916
edxoel6,disgust,disgust,0.063743345,0.5392467,0.35857856,0.004500811,0.02582025,0.0081103435
edxoipc,sadness,surprise,0.005527935,0.0025532285,0.0044703395,0.009619161,0.0067366255,0.97109276
edxops3,joy,joy,0.0015664065,0.00047036042,0.00032595245,0.99572706,0.00074385677,0.0011664103
edxoxsd,sadness,sadness,0.0049328203,0.0041872626,0.004291735,0.008434402,0.97472954,0.003424299
edxp1b0,surprise,surprise,0.0068022814,0.0018119593,0.0021418866,0.18689074,0.00462091,0.7977322
edxp1pm,joy,joy,0.028156092,0.0017303729,0.0042470396,0.6691821,0.08527972,0.21140464
edxpqe5,anger,surprise,0.040486705,0.0034039868,0.0057292352,0.11478275,0.014671722,0.82092553
edxq2hg,joy,joy,0.013378049,0.00063179503,0.000442977,0.9741509,0.0048810327,0.006515288
edxqdx2,anger,sadness,0.01303342,0.0027961368,0.013148558,0.021652315,0.906735,0.042634595
edxrgjo,anger,anger,0.964895,0.01569042,0.0010913054,0.005985726,0.0075397375,0.004797815
edxrpqh,surprise,joy,0.011805035,0.0016402989,0.0020175378,0.72492164,0.0050905817,0.2545249
edxru2a,joy,joy,0.0015181509,0.00056517846,0.0005729761,0.9960337,0.0004017236,0.00090818596
edxsah4,surprise,surprise,0.010935196,0.01463612,0.046175305,0.008856596,0.04368784,0.8757089
edxt2cd,joy,joy,0.0074565676,0.0013917125,0.0011564508,0.8666218,0.0024769576,0.120896555
edxu79l,joy,joy,0.0026329134,0.0003445691,0.00026970444,0.99362755,0.0014147656,0.0017105389
edxurt1,joy,joy,0.0009530341,0.00028732023,0.00028609773,0.9968566,0.00045271145,0.0011642652
edxw86b,joy,joy,0.013785595,0.0007650357,0.002566913,0.9736249,0.0039565815,0.005300983
edxxiui,joy,joy,0.0014476402,0.00045634402,0.00031447568,0.99643767,0.00043067266,0.0009132692
edxxorc,joy,joy,0.0020636339,0.00038658243,0.00056245,0.9943145,0.0015264777,0.0011463774
edxy2lx,joy,joy,0.001431268,0.00046303126,0.00043625053,0.9960295,0.0005746487,0.0010653539
edxyv64,joy,anger,0.3886049,0.08299794,0.15865715,0.041032623,0.25871396,0.06999349
edxz06q,joy,joy,0.003296977,0.0004243748,0.0003110441,0.99290425,0.00096796453,0.0020954951
edxz28x,joy,joy,0.0022501505,0.0004649965,0.00024418492,0.99410677,0.00054261374,0.0023912054
edxz5nc,joy,joy,0.002914035,0.00062256254,0.0016248416,0.98138213,0.010132054,0.0033244987
edxzrwk,joy,joy,0.004995194,0.0005275614,0.00048106938,0.97840244,0.0011805077,0.014413191
edy00w7,joy,joy,0.0015488492,0.00027919264,0.0003060675,0.9957333,0.0006841359,0.0014485277
edy0432,joy,joy,0.0017273249,0.00039825257,0.00028644656,0.9958652,0.0006365603,0.0010861745
edy0f7h,joy,joy,0.0011029177,0.0002833104,0.0003084284,0.9956291,0.0006785123,0.0019977572
edy0mwh,joy,joy,0.0025814811,0.00043382501,0.00026332648,0.9892625,0.003930354,0.003528488
edy0ygl,anger,anger,0.80823547,0.057042446,0.008996411,0.018765677,0.04069137,0.0662687
edy12qk,surprise,surprise,0.0063322564,0.0013820832,0.0017868683,0.004525859,0.007392071,0.97858083
edy17ec,sadness,sadness,0.005320438,0.0031124342,0.005287786,0.008879463,0.9733262,0.00407362
edy1rlg,sadness,sadness,0.0039231707,0.0027485194,0.0045921705,0.0045841,0.9776583,0.006493834
edy238r,joy,joy,0.001647748,0.0004557927,0.00057419704,0.9849978,0.00070083066,0.011623617
edy2hla,joy,joy,0.0009816018,0.00034940362,0.00029352863,0.99666387,0.000429377,0.0012822693
edy3ye6,joy,joy,0.0021807693,0.0005282112,0.00034871764,0.99512947,0.0006226639,0.0011901635
edy42de,joy,joy,0.0013372415,0.00039951943,0.00029906604,0.9965243,0.00050167367,0.0009382299
edy43mo,surprise,surprise,0.04399018,0.0027363151,0.00200877,0.0049045114,0.0080748405,0.93828535
edy5pfy,surprise,surprise,0.0055622547,0.0016704749,0.002081443,0.0051901867,0.0037732502,0.9817224
edy7ig5,joy,joy,0.008299163,0.0006515848,0.0010553843,0.96065485,0.022727413,0.0066116676
edy89eu,joy,joy,0.0012181803,0.00027197262,0.00024820844,0.99585646,0.00073953735,0.0016656371
edy8fx8,anger,surprise,0.08573411,0.0048596812,0.0059386846,0.0060223816,0.014798155,0.882647
edy9mpa,surprise,surprise,0.0055764304,0.0014901678,0.0018394317,0.042013858,0.005618128,0.94346195
edy9r0a,joy,joy,0.001112451,0.0003995862,0.00042362465,0.99588937,0.00069875276,0.0014763162
edy9rtw,anger,anger,0.9711159,0.005894968,0.0015920299,0.014884501,0.0038542782,0.002658306
edydbrd,surprise,surprise,0.0029450336,0.001454706,0.0027152873,0.011541439,0.00391686,0.9774265
edyeci4,joy,joy,0.0013891928,0.0003226649,0.00025774646,0.99660254,0.0003996333,0.0010282424
edyf3sz,joy,joy,0.0015874971,0.00031093412,0.00028222965,0.9962364,0.0007144103,0.0008685711
edyfb1e,joy,surprise,0.09801552,0.0026010266,0.0019269537,0.14963199,0.013143033,0.7346815
edyfgxf,anger,anger,0.9693689,0.009651049,0.0011894756,0.012342085,0.003776195,0.0036723698
edygc8n,joy,joy,0.0013600759,0.000353523,0.00023659946,0.9962574,0.0006358577,0.001156563
edyh1vv,joy,joy,0.0013687756,0.00035890812,0.00025104464,0.9966478,0.0005662128,0.00080733356
edyh31u,sadness,sadness,0.004727367,0.0046854764,0.0046070428,0.0049250755,0.9767547,0.0043002847
edyh8nf,joy,joy,0.0012375299,0.00028599615,0.0002588594,0.99595165,0.0013081571,0.00095782336
edyhkt0,joy,joy,0.00370518,0.00038438005,0.00029132326,0.9849556,0.0017908197,0.008872648
edyhvzr,joy,joy,0.033660848,0.001109931,0.00055934465,0.9505409,0.0066510625,0.0074779484
edyjwba,joy,anger,0.82070565,0.003793256,0.0034216829,0.13180016,0.024956677,0.015322505
edylmcp,joy,anger,0.9010983,0.012292668,0.00078913715,0.06550837,0.01323605,0.007075439
edyltyu,joy,joy,0.001459532,0.0003454562,0.00025618795,0.99622464,0.0005278098,0.0011863749
edylujn,joy,joy,0.008895912,0.00078452076,0.00082577794,0.9648331,0.018777784,0.0058828564
edylvqw,joy,joy,0.0014821074,0.0002821586,0.0002260446,0.99612135,0.0004321574,0.0014561387
edyo0i0,joy,joy,0.12963326,0.0052630403,0.002192212,0.84389335,0.0063894796,0.012628653
edyp9kw,joy,joy,0.0012708218,0.00040911397,0.00036412705,0.9964194,0.00044109285,0.0010954334
edypsys,joy,joy,0.0010334719,0.00033669238,0.00029775687,0.996813,0.00039671545,0.001122417
edypzin,sadness,fear,0.032924652,0.015340053,0.57387614,0.30867693,0.030901233,0.03828099
edyq6jv,anger,surprise,0.2835507,0.0071768286,0.0036096897,0.012896455,0.028786378,0.6639799
edyqkjq,joy,joy,0.005292746,0.0010160609,0.0004511986,0.98774546,0.0009162487,0.0045782933
edyr0h4,surprise,surprise,0.007531947,0.0013324824,0.0013677638,0.033242803,0.0037212595,0.95280373
edyr65q,joy,joy,0.1357862,0.0018150854,0.0011142337,0.83762306,0.005789415,0.017871993
edyrazk,fear,fear,0.15166454,0.028645763,0.5238218,0.1715793,0.026818134,0.097470455
edysgf1,joy,joy,0.02212915,0.0018816935,0.0025797572,0.90885264,0.04069861,0.023858167
edyt1be,anger,anger,0.91507155,0.042405047,0.0013615988,0.0056520863,0.03171108,0.0037986108
edytles,anger,anger,0.96295816,0.019530304,0.0013550242,0.007360534,0.005791173,0.0030047363
edyu8lh,joy,joy,0.016816199,0.0006507083,0.00074877846,0.9638822,0.0020107168,0.015891358
edyuf6t,joy,joy,0.00158733,0.00044823496,0.00039123406,0.9960645,0.0005791518,0.0009296178
edyw8ml,joy,joy,0.44960344,0.003792997,0.0011011389,0.4740691,0.01966025,0.05177313
edywvj0,surprise,surprise,0.009080617,0.0023384069,0.009226726,0.015423121,0.0065512545,0.95737994
edywxbz,joy,joy,0.0012275644,0.00035798768,0.0003187683,0.99438184,0.002496785,0.0012170501
edyxeyd,joy,joy,0.0014076835,0.00040696267,0.00028946632,0.996409,0.00040387188,0.0010830625
edyxvva,surprise,surprise,0.1489317,0.005035293,0.001661638,0.03034791,0.022908451,0.7911149
edyxz6s,surprise,surprise,0.0047343047,0.00232072,0.0036526716,0.00293158,0.0077618556,0.97859883
edyyavm,joy,joy,0.006332897,0.00097187475,0.00086731574,0.9237324,0.0026137682,0.0654817
edyz9mf,joy,joy,0.0011791124,0.00036644322,0.00040295962,0.996461,0.00075296045,0.0008375775
edyzgiu,joy,joy,0.0019084195,0.00030060412,0.00020948079,0.99534935,0.0010658124,0.0011662692
edyzheb,anger,joy,0.0062865675,0.00039757421,0.000435599,0.97951573,0.0014628622,0.0119016385
edyzla1,surprise,fear,0.022251027,0.032693993,0.8067771,0.055706494,0.020995555,0.061575834
edyzva9,joy,joy,0.0012910025,0.0004144012,0.0004326827,0.99535817,0.00039288658,0.0021108477
edyzwev,joy,joy,0.010804796,0.002995666,0.0041666366,0.9495765,0.0063290754,0.026127327
edz039y,disgust,disgust,0.069574475,0.86891294,0.02826139,0.009421553,0.01665778,0.007171831
edz0acx,joy,surprise,0.012186434,0.0019865804,0.0030264985,0.19980253,0.008916049,0.7740819
edz12gy,joy,joy,0.0068748607,0.00083887007,0.00054969103,0.98319626,0.00266269,0.0058775907
edz1wjs,surprise,surprise,0.00325815,0.0012521022,0.0021085537,0.0044052,0.003215404,0.9857606
edz2aql,anger,anger,0.97628343,0.0052564424,0.0009252596,0.010877361,0.002617005,0.0040405644
edz2b6d,sadness,sadness,0.0052701486,0.0022920072,0.0035085457,0.011268773,0.97328365,0.004376828
edz372z,sadness,sadness,0.007540582,0.0030604901,0.0028662148,0.010423445,0.97230554,0.0038036907
edz3jp6,joy,joy,0.1254774,0.0026193107,0.0024233097,0.68640184,0.022959169,0.16011894
edz4tbv,joy,joy,0.0014065846,0.0003104483,0.00033070284,0.99328727,0.0005512229,0.0041138288
edz4ufc,joy,joy,0.0017373911,0.00032897887,0.00029567,0.99584097,0.0005148395,0.0012821065
edz501j,surprise,surprise,0.0036159758,0.0015876455,0.0022373497,0.0073542777,0.0044093863,0.9807953
edz52lz,anger,joy,0.31752947,0.006911651,0.0055019003,0.49761543,0.121462755,0.050978817
edz59cb,joy,joy,0.00083226606,0.0002592103,0.0003294925,0.99652773,0.00085009856,0.0012012017
edz5u0d,anger,anger,0.94792914,0.018499602,0.003467101,0.011885545,0.0056789136,0.0125396205
edz67wm,anger,joy,0.18215232,0.0040422226,0.0036795065,0.54016995,0.19507192,0.07488407
edz6cfd,joy,surprise,0.008354275,0.0016892359,0.0015705063,0.01980915,0.0046742004,0.9639027
edz7072,sadness,sadness,0.008858276,0.0023310476,0.002655275,0.021926174,0.95197344,0.012255803
edz70xl,joy,joy,0.001955705,0.00042980787,0.0002681174,0.99547195,0.00046036954,0.0014141169
edz7ahe,joy,joy,0.0017897631,0.00037206485,0.0003595675,0.9936119,0.0023008499,0.0015658743
edz7kad,joy,joy,0.0015476131,0.00027476173,0.00030704727,0.9954952,0.0010844055,0.0012909806
edz7nsf,joy,joy,0.0015164292,0.0003834243,0.00031497632,0.9964395,0.0004686711,0.00087704445
edz7tt2,surprise,surprise,0.0042927447,0.001265342,0.0018543798,0.008273712,0.002707776,0.9816062
edz87wc,joy,joy,0.0023865788,0.0004303348,0.00028514143,0.9935994,0.0021157672,0.0011827928
edz8i7b,surprise,sadness,0.006943115,0.003748449,0.024588395,0.07910163,0.6790511,0.20656736
edz9es0,joy,joy,0.0012021131,0.00035607145,0.00026388228,0.996393,0.00046243006,0.001322472
edzabio,surprise,surprise,0.055298276,0.003008661,0.0016985154,0.10728825,0.019059805,0.81364655
edzacs2,anger,anger,0.96401525,0.005257863,0.0010759361,0.007607457,0.0072172936,0.014826214
edzaz8b,joy,joy,0.002463451,0.00041334803,0.00036879434,0.99346316,0.0007387915,0.0025525498
edzc8n3,joy,joy,0.0044108815,0.0005444318,0.0005806156,0.98957914,0.0018662711,0.003018679
edzd6xv,joy,anger,0.9565957,0.00825444,0.0008075646,0.0070081404,0.008924483,0.018409582
edze4r2,joy,joy,0.0034710264,0.0006997408,0.00055994553,0.9918616,0.0012494618,0.0021582125
edze5e7,joy,joy,0.0024021175,0.00042443202,0.00026525254,0.9942477,0.0011957021,0.001464875
edzeyr1,sadness,sadness,0.042330902,0.0035800426,0.008209356,0.036570057,0.89358264,0.015727015
edzfb4z,joy,joy,0.0011193381,0.00021526508,0.00025472906,0.99588615,0.0010997443,0.0014246736
edzg6oo,joy,joy,0.0011894616,0.00038742705,0.00034015844,0.99439263,0.0005840288,0.003106172
edzh5rz,surprise,surprise,0.0027943633,0.0013524506,0.00302446,0.011835194,0.004047246,0.9769462
edzhvdj,joy,joy,0.0012264113,0.00029029374,0.00028010164,0.9967037,0.0005763076,0.0009232148
edzihwd,sadness,sadness,0.012453179,0.004803855,0.017262543,0.1573541,0.769242,0.03888429
edziqjn,joy,joy,0.0021560916,0.00028313126,0.0002437627,0.99553204,0.0006424405,0.0011425646
edzj5fx,joy,joy,0.0013261666,0.0004048313,0.0003532576,0.9962864,0.0003472481,0.0012821327
edzj808,surprise,surprise,0.0032086265,0.0014136126,0.0025400608,0.004064458,0.0039799623,0.9847933
edzjc3j,surprise,surprise,0.004013394,0.0014483198,0.0018746207,0.010346233,0.0040509766,0.9782664
edzjzj3,sadness,sadness,0.00687069,0.0047075446,0.015715577,0.019576443,0.9476368,0.0054929676
edzk8qa,joy,joy,0.0011226356,0.00037218016,0.0003912114,0.9960044,0.0003710871,0.0017385101
edzkfht,joy,joy,0.0089161815,0.0004919075,0.00030331165,0.9862596,0.0010032675,0.0030257942
edzkwqe,joy,joy,0.0014100486,0.00042815667,0.00028280783,0.99658513,0.0003994377,0.0008943944
edzlaqy,anger,joy,0.12455489,0.0023450297,0.0014867669,0.8506588,0.011902459,0.0090519935
edzlxbx,surprise,surprise,0.004309062,0.0014380481,0.0027809446,0.0033612452,0.0034815355,0.98462915
edzm47g,joy,joy,0.0010880381,0.00027169593,0.00025829038,0.99625236,0.00065841625,0.001471291
edzn5rp,joy,joy,0.0010886157,0.0003329603,0.00027381856,0.9958658,0.00082621136,0.0016126134
edzna3j,joy,joy,0.0021596986,0.0005111751,0.0015199777,0.98361224,0.0031036106,0.00909333
edznxiw,joy,joy,0.013543534,0.0006200489,0.0006762954,0.9668265,0.012569757,0.0057639666
edzorzo,anger,anger,0.8983002,0.0043254583,0.00094574096,0.05793225,0.009580122,0.028916301
edzqofj,joy,joy,0.0009960231,0.0003468729,0.00047931107,0.9962345,0.00045901598,0.001484237
edzrglx,sadness,anger,0.4445782,0.4158842,0.029594146,0.0047171717,0.09340754,0.011818717
edzsjqa,joy,joy,0.0018796817,0.0003394796,0.00081884995,0.99398094,0.0013317047,0.0016492534
edzsofe,joy,joy,0.0033901667,0.00059257046,0.00039030644,0.99311686,0.0009718286,0.0015382692
edzsozm,joy,joy,0.004406557,0.00034131814,0.00030253158,0.9897334,0.0007896533,0.0044265767
edzstm7,joy,joy,0.0023330771,0.000287682,0.00023719046,0.9910058,0.0021933927,0.0039428994
edzsyk7,joy,joy,0.00447324,0.0005020229,0.0002928581,0.9923579,0.0008001059,0.001573887
edzvhjr,joy,joy,0.0012013032,0.00031436674,0.00031638728,0.99647444,0.00067966577,0.0010138471
edzvs3e,joy,joy,0.0019247613,0.00048970414,0.00044949737,0.99170214,0.0042505357,0.0011834031
edzw5b3,surprise,anger,0.5576253,0.011186723,0.0038171806,0.17728746,0.08051484,0.16956843
edzwa17,anger,anger,0.8875425,0.0056854743,0.0020619053,0.090082124,0.00827312,0.0063549075
edzzi27,surprise,surprise,0.34259677,0.005526673,0.002139377,0.021968313,0.012812754,0.6149562
edzzt4w,anger,anger,0.52429545,0.007200302,0.004323485,0.19679874,0.20046957,0.06691239
ee017t4,joy,surprise,0.006802063,0.0014064857,0.0018382191,0.062396057,0.0037672818,0.92378986
ee02dxp,joy,joy,0.0012151316,0.00031796913,0.00025959781,0.99660325,0.0006435714,0.00096050143
ee032ql,joy,joy,0.036049943,0.0009324008,0.0007560973,0.9430765,0.0035879272,0.015597111
ee04fjn,joy,joy,0.0019390837,0.00041885345,0.00030492456,0.9949995,0.0005326643,0.0018050743
ee04wl5,surprise,surprise,0.004279729,0.0010323555,0.002134556,0.007233168,0.0048578545,0.9804623
ee056pm,anger,anger,0.9772627,0.0075298743,0.0014268497,0.0045263534,0.0028369657,0.006417274
ee05cjy,joy,joy,0.09498948,0.004494765,0.0021184962,0.8764384,0.012562268,0.009396639
ee05f2l,anger,anger,0.91069394,0.004045201,0.0019470046,0.07149803,0.0045912187,0.007224633
ee06cp6,joy,joy,0.0022771296,0.00042328297,0.00047801746,0.9940812,0.0009522533,0.0017880991
ee06kps,anger,anger,0.9085119,0.0054812273,0.001513974,0.04418958,0.014310492,0.025992809
ee076ex,joy,joy,0.0013464384,0.00028221242,0.00026401272,0.99635893,0.0008878113,0.0008604699
ee07ll5,anger,anger,0.9236571,0.0042061377,0.00094516284,0.04049137,0.011593844,0.019106282
ee08yr5,joy,joy,0.0015112672,0.0002848593,0.00037395608,0.99609274,0.00049630407,0.0012408621
ee09sq4,joy,joy,0.001530645,0.00036954563,0.00024196733,0.99647766,0.0003977002,0.0009825676
ee09sr9,joy,joy,0.0037084508,0.0007972646,0.0005647083,0.989407,0.0018971807,0.003625344
ee0ad1i,joy,joy,0.017768523,0.0013615985,0.0014093325,0.8800378,0.0062223272,0.09320047
ee0av82,surprise,surprise,0.006255196,0.0016307053,0.0022072764,0.0036944307,0.0037770711,0.9824354
ee0bkij,joy,joy,0.0021840306,0.0002982349,0.00024745488,0.9953483,0.0006864461,0.0012356401
ee0de0g,joy,joy,0.0012449385,0.0003244036,0.00026859043,0.99601537,0.0008830865,0.0012635723
ee0e1o9,anger,anger,0.8132192,0.00494652,0.0024927626,0.068980195,0.026407853,0.08395342
ee0ei56,joy,joy,0.0020384581,0.00058363745,0.00085329317,0.99266833,0.0010644556,0.0027918185
ee0euqi,anger,anger,0.6789518,0.111554526,0.051006198,0.019855801,0.115086555,0.02354516
ee0evmb,joy,joy,0.0017995611,0.0003763628,0.00028753708,0.99592555,0.00054575776,0.0010652671
ee0g06d,joy,joy,0.0037893222,0.0005241295,0.0010105702,0.9863874,0.0033228213,0.004965783
ee0gkxs,anger,anger,0.93068063,0.014434148,0.0016445146,0.030584717,0.0050642923,0.017591566
ee0hr0f,disgust,disgust,0.0844906,0.77199906,0.060204227,0.002692485,0.07007478,0.010538872
ee0il6v,joy,joy,0.0016030255,0.00030645367,0.0003186565,0.9955083,0.0015047209,0.00075882877
ee0jkis,sadness,sadness,0.008252202,0.002828103,0.007304066,0.041702505,0.9240393,0.01587381
ee0jtys,joy,disgust,0.24931437,0.29482785,0.17694008,0.05241799,0.14457965,0.081920095
ee0kufh,sadness,joy,0.028605776,0.0021443386,0.008425765,0.7215673,0.21261252,0.026644297
ee0kv21,joy,joy,0.0017473716,0.00040187247,0.00020802731,0.9957653,0.00083418784,0.0010432127
ee0lolg,sadness,anger,0.92058825,0.0068165837,0.0011965542,0.043074142,0.021019265,0.0073052323
ee0luv1,sadness,sadness,0.05223992,0.034041088,0.003558012,0.006984982,0.89836025,0.004815691
ee0mbr2,surprise,surprise,0.012443415,0.0014131434,0.0019523466,0.024011733,0.013377281,0.9468022
ee0mcna,joy,joy,0.0011993962,0.00032551348,0.00035674375,0.99602914,0.0003280096,0.0017612608
ee0mhqx,surprise,surprise,0.0074793273,0.0020605063,0.0017568503,0.0060406853,0.0061481334,0.97651446
ee0mmso,joy,joy,0.003039797,0.0007723302,0.00043760767,0.9935912,0.00079743273,0.0013616404
ee0plux,anger,anger,0.96083957,0.0067262636,0.0006841686,0.016872017,0.0081373155,0.0067407056
ee0rg2p,surprise,surprise,0.03968985,0.0031352732,0.0016247436,0.008047556,0.005887957,0.94161457
ee0rrbe,joy,joy,0.0014953765,0.00033240474,0.00030307795,0.99557614,0.0015073234,0.0007857511
ee0s0t4,anger,anger,0.9734364,0.006094666,0.00068307976,0.011928783,0.004631497,0.0032255834
ee0sbm3,anger,joy,0.050166212,0.018744223,0.1586318,0.7005788,0.032359704,0.03951927
ee0t7sw,joy,joy,0.0011624622,0.0003482549,0.00029131304,0.99680847,0.00040411786,0.0009853812
ee0ts9b,joy,joy,0.0066775107,0.00050580787,0.0009362075,0.97183675,0.008497145,0.0115466155
ee0u6zp,surprise,surprise,0.43127763,0.005756762,0.0032823414,0.02031444,0.03676909,0.5025998
ee0vhar,joy,joy,0.0012637932,0.00034713073,0.00050952507,0.9883541,0.004478936,0.005046502
ee0vo4y,surprise,surprise,0.0024389692,0.0014272417,0.0027523397,0.0053774766,0.0035400211,0.9844639
ee0wnfi,fear,fear,0.019237647,0.030230394,0.86779803,0.007756996,0.03697303,0.038003914
ee0wsqw,joy,surprise,0.026588274,0.0023062965,0.0031694164,0.019397048,0.050362486,0.8981765
ee0wvwg,joy,joy,0.0013930824,0.0003124177,0.00029315133,0.9965996,0.00051577884,0.0008859418
ee0x781,anger,anger,0.90362173,0.023881055,0.0011257428,0.009373419,0.044812474,0.017185543
ee0xg4v,sadness,joy,0.043497775,0.0017879888,0.0010177563,0.9096503,0.02535001,0.018696126
ee0xmh0,joy,joy,0.0024778515,0.00069607515,0.00062006694,0.99254483,0.0013266044,0.0023345933
ee0xvmh,joy,joy,0.0008136939,0.00033384247,0.00030444283,0.9967899,0.00070696196,0.0010511435
ee0yfal,joy,joy,0.029595934,0.0015583971,0.0014699866,0.8454193,0.009771578,0.11218475
ee0z95h,surprise,surprise,0.0138626695,0.0023281518,0.0024719373,0.010654355,0.005210605,0.9654723
ee0znnb,anger,anger,0.97670525,0.005663806,0.0008519011,0.009527668,0.0044003953,0.002850877
ee0zq3g,joy,joy,0.007169985,0.0005474529,0.0006500717,0.9829829,0.0013294976,0.007320055
ee10mx3,anger,anger,0.5200954,0.12489737,0.089906156,0.10408567,0.11079438,0.050221074
ee10n7g,joy,joy,0.0023198468,0.00047634428,0.0003214122,0.9932627,0.00053432625,0.0030854235
ee10x6t,anger,anger,0.9432731,0.020126479,0.0012758207,0.00342922,0.010936818,0.02095855
ee110l1,joy,joy,0.0027445434,0.0005001179,0.00049559056,0.99301153,0.0013182937,0.001929862
ee11gwl,joy,joy,0.0022334475,0.00028986984,0.00069663144,0.9911857,0.0009044066,0.0046898634
ee11o9j,joy,joy,0.0054574413,0.00083600444,0.005424055,0.9797891,0.0032855773,0.0052079367
ee11r5k,surprise,joy,0.015782733,0.0022839343,0.005262097,0.59557015,0.072724655,0.30837637
ee125n0,joy,joy,0.0010550967,0.00031645191,0.00024855588,0.99681014,0.0004973773,0.0010723639
ee12et5,joy,joy,0.0010222923,0.00031953657,0.00035810587,0.99681926,0.00039680555,0.0010839844
ee13mf1,joy,joy,0.008129817,0.0009699862,0.0011196524,0.91120523,0.010070969,0.068504415
ee143ci,joy,joy,0.0018043687,0.00031326577,0.0002125478,0.99585813,0.00066699245,0.0011446618
ee1456h,anger,anger,0.9796509,0.007795682,0.0010667538,0.004838165,0.004082934,0.002565545
ee147f5,joy,joy,0.0022978236,0.0004773117,0.00029308762,0.9952709,0.00055200566,0.0011088223
ee162wi,sadness,sadness,0.0051845,0.0041434644,0.0027519825,0.0077158744,0.97653484,0.0036693732
ee169pr,joy,joy,0.0010570217,0.0003464743,0.00033776465,0.99507976,0.00072799326,0.002450979
ee17nw4,joy,joy,0.0028752103,0.00055895076,0.0002939276,0.9899413,0.001420814,0.004909806
ee17pgu,joy,joy,0.22199994,0.0035522627,0.004910135,0.49408042,0.055361547,0.22009562
ee17w15,joy,joy,0.0017865237,0.00035935972,0.00032315258,0.9891238,0.0016865983,0.006720482
ee18wsb,anger,anger,0.78781146,0.092949525,0.0028200117,0.014407944,0.047827516,0.054183543
ee1afqm,surprise,surprise,0.0028497016,0.001287278,0.0022769594,0.0047902055,0.0029438995,0.985852
ee1b17j,joy,joy,0.0023162004,0.00039195307,0.00029500647,0.99434364,0.0017412762,0.00091188244
ee1cbg4,joy,joy,0.0010450653,0.00027008646,0.00024934713,0.9968376,0.00058197917,0.0010159625
ee1dd5r,joy,joy,0.0012012619,0.00038181702,0.00035139377,0.99657995,0.00041403694,0.0010716501
ee1eazm,sadness,sadness,0.060927276,0.08683102,0.11935478,0.005895093,0.7103323,0.016659617
ee1eifh,joy,joy,0.0013709757,0.0004953616,0.00030263708,0.9949143,0.00045276858,0.0024638742
ee1f8fc,joy,joy,0.0010979273,0.00036481224,0.00027697635,0.9969001,0.00048056972,0.0008796281
ee1h5v1,surprise,surprise,0.011541351,0.001684749,0.0018434225,0.0032857421,0.007092308,0.9745523
ee1igfa,sadness,anger,0.50949425,0.41483358,0.0077046677,0.0065795425,0.049047954,0.012339932
ee1ik99,joy,joy,0.0018603866,0.00045949753,0.00023500674,0.9950433,0.0008767444,0.0015250803
ee1il39,anger,anger,0.96959174,0.00765473,0.0006685016,0.008880989,0.0069382098,0.0062658642
ee1iqu2,joy,joy,0.002616686,0.0005455211,0.00033077598,0.9939913,0.0006684788,0.0018472039
ee1ixga,anger,anger,0.93484104,0.03180304,0.0016041545,0.0039109974,0.014364751,0.013475994
ee1jq22,joy,joy,0.0029501524,0.0003283547,0.00032002153,0.99263024,0.00088631816,0.002884863
ee1jqbs,joy,joy,0.0014463465,0.00038973632,0.0002576269,0.9964889,0.00039874492,0.0010185951
ee1k6eb,surprise,sadness,0.012089752,0.0079082865,0.015784048,0.012312139,0.889527,0.062378857
ee1kqrd,surprise,joy,0.044741157,0.0032581673,0.0043107076,0.79282045,0.017264357,0.13760519
ee1lj8m,joy,joy,0.0019545795,0.00038881818,0.00023683535,0.99561524,0.00091349974,0.00089099666
ee1lm0k,anger,anger,0.9738322,0.005454213,0.0013813036,0.014155181,0.002097067,0.003079985
ee1lm4b,surprise,joy,0.008069185,0.00092305493,0.0009938754,0.9303164,0.004041316,0.05565622
ee1m741,anger,anger,0.9724698,0.0034339076,0.0010794677,0.014452136,0.0032991413,0.005265483
ee1nxk7,anger,anger,0.9017374,0.040666945,0.002305416,0.0041803536,0.041011333,0.0100984555
ee1o6vs,sadness,sadness,0.005547919,0.011610282,0.01683668,0.0028260204,0.95954937,0.0036297704
ee1o78u,joy,joy,0.05824781,0.008181824,0.028280832,0.5985665,0.02937456,0.27734855
ee1o8bi,joy,joy,0.20898676,0.0055807214,0.0018626627,0.7315482,0.033728275,0.018293444
ee1oa6g,surprise,surprise,0.0034502877,0.0015225933,0.0020912131,0.012702618,0.004063508,0.9761697
ee1ogcw,sadness,anger,0.5549965,0.0501373,0.24835679,0.045147274,0.040496495,0.060865663
ee1op2u,joy,anger,0.7291993,0.13891353,0.034504745,0.0370467,0.047273036,0.013062713
ee1oxl5,joy,joy,0.0014241477,0.0003293359,0.0002907779,0.99473274,0.0021259459,0.0010970935
ee1rkwi,surprise,surprise,0.27499756,0.0065427735,0.007315957,0.10170939,0.1289392,0.48049507
ee1sok7,joy,joy,0.00096257887,0.00030454758,0.00034371528,0.9967468,0.00087035267,0.00077194767
ee1t3d5,joy,joy,0.0010997277,0.00032921584,0.0002712038,0.9968359,0.0006982965,0.00076565344
ee1tlj4,joy,joy,0.0018868909,0.000366413,0.0003221063,0.9959109,0.00052344555,0.0009902596
ee1vtaq,fear,fear,0.037449222,0.028160391,0.8661531,0.021554293,0.023932552,0.022750461
ee1wui0,joy,joy,0.02736271,0.0008475315,0.0005593353,0.96017253,0.0014733917,0.009584535
ee1wx6s,joy,joy,0.0022601788,0.00057420105,0.0006513799,0.99450535,0.00065558084,0.0013532876
ee1xr0e,joy,joy,0.003139926,0.00047877152,0.00031231227,0.9937383,0.0009064274,0.0014242295
ee1zeyc,joy,joy,0.27115446,0.003137008,0.0042002215,0.68981814,0.006942088,0.02474811
ee20sis,joy,joy,0.004868742,0.0005369158,0.00056042505,0.99052036,0.0009684293,0.0025451053
ee20z2p,anger,sadness,0.076003954,0.014433432,0.01058565,0.02271871,0.4784616,0.39779666
ee21tnl,surprise,surprise,0.0043101916,0.0011586268,0.0016916381,0.0053355317,0.0032110866,0.9842929
ee220c3,sadness,anger,0.7197998,0.0051956596,0.0027802328,0.23419297,0.022834877,0.015196431
ee22mg4,joy,joy,0.0038239898,0.0005012679,0.00046773595,0.9915276,0.0007690316,0.0029104785
ee239b7,joy,joy,0.0020391084,0.00044713536,0.0005022146,0.99497694,0.0006699695,0.0013646297
ee23jji,joy,joy,0.0016873693,0.0003426216,0.00031526719,0.99547535,0.00084943615,0.001329906
ee23q3k,joy,joy,0.0012361737,0.00023274003,0.00031687887,0.99438405,0.00049824425,0.0033318494
ee24atb,surprise,surprise,0.04913143,0.0025923033,0.0017580283,0.0133265285,0.0132139325,0.91997784
ee257ss,joy,joy,0.007367759,0.00064404524,0.00045374912,0.98752195,0.0006137016,0.0033986978
ee263ui,joy,joy,0.0035615906,0.00042839922,0.0003835814,0.99194735,0.0016226857,0.002056332
ee26bzs,anger,anger,0.8881329,0.0195209,0.0012162861,0.018608617,0.06059809,0.011923254
ee27gps,anger,anger,0.61500186,0.008500894,0.010677329,0.19931695,0.15312521,0.0133777745
ee27kmr,surprise,surprise,0.018831778,0.0015311908,0.001271185,0.03218199,0.008996219,0.9371876
ee28cvi,anger,anger,0.92300093,0.01822372,0.004048483,0.0053661163,0.034214407,0.0151464315
ee28q1x,joy,joy,0.002408987,0.0005115083,0.0005561401,0.98802185,0.00048332431,0.00801827
ee28rzf,joy,joy,0.0010358978,0.00031472478,0.00030756497,0.99521095,0.000470318,0.0026605767
ee29mif,anger,anger,0.733555,0.014643929,0.002732561,0.17045417,0.03730701,0.041307345
ee29q8z,anger,anger,0.9797268,0.0074064676,0.001095884,0.0061631897,0.0034615167,0.0021461358
ee2a3l1,joy,joy,0.0010292033,0.0003512833,0.0003526676,0.9963141,0.0009880102,0.00096471666
ee2a9xy,joy,joy,0.0070767812,0.0007760965,0.0011777016,0.97494364,0.0018516949,0.014174061
ee2aybx,surprise,surprise,0.006311955,0.0013360879,0.0021076682,0.0033111286,0.00369053,0.98324263
ee2b3p8,surprise,surprise,0.003077003,0.0021943224,0.0027419573,0.015075468,0.00496125,0.9719499
ee2cout,anger,anger,0.97551155,0.011325719,0.0011199508,0.0053517427,0.0030553073,0.003635735
ee2dv22,anger,surprise,0.34305775,0.011791083,0.0023342527,0.095269985,0.055744864,0.49180213
ee2ek9o,joy,joy,0.0018376524,0.00041097603,0.0006238104,0.99499524,0.0006659787,0.0014663008
ee2en4n,sadness,sadness,0.007010241,0.005078938,0.028405698,0.013115929,0.8714026,0.07498666
ee2eofl,joy,joy,0.021448914,0.0017536257,0.001211787,0.95848054,0.014518367,0.002586772
ee2fl5b,anger,anger,0.9037593,0.004097966,0.0009997947,0.06170145,0.006186224,0.02325522
ee2fwv7,joy,joy,0.0011538735,0.0003099547,0.00024315937,0.99611855,0.00046314555,0.0017112984
ee2fzt0,anger,anger,0.8472767,0.005928297,0.0031867858,0.04602244,0.08263485,0.014951001
ee2gs4d,joy,anger,0.57451886,0.004830723,0.0021788897,0.35702705,0.030374993,0.031069519
ee2h91z,joy,joy,0.0012319481,0.00028322876,0.00023539456,0.9964896,0.0005655631,0.0011942363
ee2hvy8,joy,joy,0.0013593273,0.00034793536,0.0003223245,0.99595463,0.00040896036,0.0016068205
ee2k7jn,joy,joy,0.00094579015,0.00031218427,0.000348741,0.99624926,0.0004277363,0.0017162155
ee2kw21,fear,fear,0.012453277,0.010593915,0.7538665,0.11961571,0.042013213,0.06145736
ee2lx71,joy,joy,0.002446508,0.00034056476,0.00021629102,0.99467933,0.00048714285,0.0018302106
ee2lz7x,anger,anger,0.97205377,0.01322971,0.000839516,0.0060058613,0.0054024104,0.0024686786
ee2ml2v,joy,joy,0.0015724971,0.00039345675,0.00027319012,0.996176,0.00036236463,0.0012224775
ee2mx6p,surprise,surprise,0.008524593,0.001652812,0.0015763596,0.0047540735,0.0042642457,0.97922796
ee2n1yl,anger,anger,0.97531646,0.0059529645,0.0012030652,0.012314472,0.0020169353,0.003196224
ee2nf8r,surprise,surprise,0.19130631,0.003164308,0.0041386588,0.03914214,0.018022815,0.7442258
ee2nj0o,surprise,surprise,0.00336537,0.0014848076,0.0030108907,0.0035402386,0.0033571795,0.9852415
ee2nk3z,surprise,surprise,0.0073848707,0.0015547557,0.0019820665,0.011288265,0.007126327,0.9706637
ee2q15f,sadness,joy,0.07571328,0.009544481,0.0031028104,0.70894885,0.1899508,0.012739811
ee2q21n,joy,joy,0.0015537472,0.0004252692,0.00052276184,0.9951875,0.00053669134,0.0017740491
ee2q7nv,sadness,anger,0.6425425,0.0215281,0.014424828,0.030438097,0.27444166,0.016624859
ee2r6ec,joy,joy,0.03810196,0.0013885951,0.0011338075,0.9405755,0.0034672709,0.015332896
ee2rc1p,joy,joy,0.0016735228,0.00047207117,0.0006726475,0.9938911,0.0020314849,0.0012591982
ee2rrgs,anger,anger,0.97260386,0.003953672,0.0009435487,0.016647749,0.002787532,0.003063621
ee2rymz,joy,surprise,0.008296156,0.0012703872,0.0026799457,0.11147419,0.0071790433,0.8691002
ee2s4v5,joy,joy,0.002364584,0.00032808873,0.00023930022,0.9950701,0.0007003713,0.0012975901
ee2tkpj,fear,anger,0.86164707,0.024790702,0.04495011,0.03115925,0.020988278,0.016464641
ee2tvlj,anger,anger,0.97474796,0.010993904,0.0014919133,0.0034775003,0.0032831656,0.0060055256
ee2uele,joy,joy,0.005288729,0.0004762431,0.00032455873,0.9890132,0.0026751526,0.0022221291
ee2uzwc,fear,fear,0.03199197,0.01664761,0.79396087,0.052822776,0.07938554,0.025191208
ee2wwvc,surprise,surprise,0.07322873,0.0020639293,0.0017893448,0.31003782,0.014979644,0.59790057
ee2ybjb,surprise,joy,0.010959553,0.0013760743,0.0026005518,0.49774206,0.0135406265,0.47378114
ee2yeeo,surprise,surprise,0.0052279253,0.0014153803,0.0017339261,0.010879651,0.0056096353,0.9751336
ee2yfar,sadness,sadness,0.024427982,0.0041184938,0.0036590209,0.019753085,0.94265354,0.005387882
ee2yq0u,anger,anger,0.4650272,0.3180572,0.0459494,0.02885559,0.05640995,0.08570066
ee2yx5j,surprise,surprise,0.014195873,0.0023601837,0.0017837839,0.010875238,0.007544705,0.96324015
ee2zo2m,anger,anger,0.55849355,0.007268977,0.0031180987,0.38876292,0.009262038,0.0330944
ee309wi,joy,joy,0.026598675,0.0013826016,0.0010080001,0.92907923,0.025529573,0.016401919
ee30teq,surprise,surprise,0.0036197589,0.0011199863,0.0017822293,0.011429707,0.004274202,0.977774
ee30tu1,joy,joy,0.0017948325,0.00033999785,0.000292459,0.9911417,0.0006964222,0.005734622
ee31iqr,joy,joy,0.0021583738,0.00060679205,0.0005259773,0.9946949,0.00077464356,0.0012393878
ee31ntf,anger,surprise,0.07062336,0.0023768605,0.0018313751,0.3057238,0.02866887,0.5907758
ee32fic,joy,joy,0.0012128399,0.00030893116,0.0002554582,0.9965837,0.00055660214,0.0010825311
ee331lx,joy,joy,0.005714081,0.0008861049,0.00061706157,0.9841241,0.0015851815,0.0070734285
ee336jk,joy,joy,0.0011853896,0.0002566387,0.00064522494,0.9908959,0.0015104171,0.0055064396
ee33kkm,sadness,sadness,0.009948523,0.02508155,0.008643575,0.010078083,0.9427763,0.0034718425
ee33plg,joy,joy,0.0026021607,0.0002771558,0.00038036794,0.9882012,0.0011541524,0.0073849973
ee35djj,joy,joy,0.004617111,0.00057013973,0.00028552752,0.9915319,0.0008054407,0.0021898712
ee35siv,joy,joy,0.0048497003,0.00050124293,0.0003528508,0.9917331,0.0011439344,0.0014191559
ee36437,disgust,anger,0.5730144,0.23802097,0.020081973,0.022240894,0.12768881,0.018952956
ee36h4i,joy,joy,0.0017481731,0.00030543696,0.00036581268,0.9946367,0.00080974546,0.0021341776
ee36o56,joy,joy,0.0023711026,0.00037113758,0.0004439077,0.9946471,0.0004897643,0.0016768854
ee36r7p,sadness,surprise,0.39694363,0.009873865,0.0054970277,0.031278968,0.11560667,0.44079974
ee3742w,joy,joy,0.0009879413,0.00033375664,0.00028389218,0.99696416,0.00056231645,0.0008678853
ee37lgh,surprise,surprise,0.0036101902,0.0013324561,0.0021465502,0.003809951,0.002965046,0.9861357
ee37yrx,joy,anger,0.92510754,0.0034421657,0.0022830376,0.016524294,0.013799306,0.0388436
ee38mjm,joy,joy,0.001303656,0.0003192861,0.00026667153,0.9966804,0.00053616555,0.00089394726
ee38zkj,joy,joy,0.0016581073,0.00034311836,0.00028957214,0.99028474,0.001070943,0.0063535986
ee39okc,joy,joy,0.0011564948,0.0002761703,0.0002752865,0.99674416,0.00050975266,0.0010381603
ee39rbf,anger,anger,0.97344524,0.0055098403,0.001023735,0.012399784,0.0030817091,0.0045397854
ee39rj7,joy,joy,0.0021573969,0.00042203258,0.0003447757,0.99485165,0.0006834532,0.0015407673
ee39zwe,joy,joy,0.005308466,0.00032445687,0.00032829554,0.98726594,0.0024333196,0.0043394975
ee3ao7p,joy,joy,0.0012005956,0.00031484733,0.0002759039,0.9966948,0.0005637862,0.0009500043
ee3asgu,joy,joy,0.0009864881,0.00035677923,0.00042844485,0.99408543,0.0004712869,0.0036715488
ee3c26r,joy,joy,0.0035735099,0.00059397094,0.00032134762,0.99222624,0.0021692982,0.0011156925
ee3d2r9,disgust,anger,0.902994,0.049579106,0.0014469578,0.008501331,0.03315969,0.0043189717
ee3dzzd,sadness,sadness,0.012634538,0.0064556357,0.002875439,0.0067476383,0.9665786,0.0047081024
ee3e8cq,joy,joy,0.0012080238,0.00034727584,0.00030255422,0.9967765,0.00056927354,0.00079643424
ee3f45t,joy,surprise,0.15365127,0.0049498943,0.0046584755,0.055085648,0.033993695,0.747661
ee3f5km,joy,joy,0.0016680579,0.00038424242,0.00034816022,0.99577457,0.0005392974,0.0012857015
ee3g0yo,surprise,surprise,0.0023456984,0.0012276885,0.0022181023,0.0055655874,0.0034610617,0.98518187
ee3g3a1,joy,joy,0.0026435838,0.0005305216,0.00039982452,0.99277544,0.00069037743,0.0029603036
ee3h95g,joy,joy,0.008897874,0.00065867504,0.0012685026,0.9842907,0.0021666593,0.0027175387
ee3hrd0,joy,joy,0.0012772271,0.00034895062,0.00034505792,0.9927354,0.0012583745,0.004034927
ee3jr79,joy,joy,0.0013278405,0.0003433738,0.00040095684,0.99393725,0.002487832,0.0015027195
ee3kb9y,surprise,surprise,0.0030314317,0.0013848232,0.002637496,0.005822097,0.0039909314,0.98313326
ee3l4gc,joy,joy,0.0008640296,0.00036147892,0.00037452354,0.9966677,0.0004008754,0.0013313809
ee3lfi1,joy,joy,0.003211869,0.00031728498,0.00039796624,0.9931624,0.0009968098,0.0019137032
ee3ljnz,joy,joy,0.001996039,0.0004602857,0.00034608023,0.99509513,0.0012568946,0.0008454876
ee3lw5u,joy,joy,0.0069215605,0.0013529205,0.003967354,0.9769692,0.0032727642,0.0075163003
ee3okex,joy,surprise,0.01429202,0.0017102258,0.003852986,0.01583763,0.0045034112,0.95980376
ee3ouf9,joy,joy,0.0038080309,0.00045736434,0.0025395374,0.98666567,0.0032964596,0.0032329268
ee3p1f9,joy,joy,0.0010567176,0.00036951472,0.0002946472,0.9968144,0.0004967449,0.00096789276
ee3p1vy,joy,anger,0.57913125,0.006630252,0.010251468,0.064230435,0.15373993,0.18601671
ee3pje0,surprise,surprise,0.0040530046,0.0012360028,0.0018477117,0.004160245,0.0054502245,0.9832529
ee3q8iv,joy,joy,0.13612364,0.003654048,0.0017807739,0.63809407,0.19360577,0.026741676
ee3qgj7,joy,sadness,0.024567954,0.008834746,0.0026431365,0.079879224,0.87244976,0.011625138
ee3r176,anger,fear,0.046521,0.034725357,0.49020618,0.16790226,0.22633564,0.034309547
ee3r1c9,joy,joy,0.0010720517,0.00033117537,0.00027315624,0.9968432,0.00063875725,0.0008416542
ee3rlc5,sadness,anger,0.9296344,0.033337142,0.00094055256,0.015496174,0.016968021,0.003623708
ee3t8jf,sadness,fear,0.091025606,0.022638591,0.5739815,0.11699812,0.053054675,0.14230148
ee3ueqf,joy,joy,0.0010098876,0.00033959083,0.0002907698,0.9969881,0.00048925757,0.00088243873
ee3vf5i,joy,joy,0.006410244,0.00041973885,0.00036898165,0.9876271,0.0009873911,0.004186637
ee3vppd,joy,joy,0.023965247,0.0030609686,0.00973631,0.8265641,0.021943532,0.11472984
ee3vw3c,sadness,sadness,0.07649368,0.011975905,0.0037065782,0.004528797,0.8928838,0.010411348
ee3w9xi,surprise,surprise,0.009463117,0.0016042676,0.0023898913,0.0034765452,0.004634821,0.9784314
ee3wic3,anger,anger,0.9666986,0.0033298912,0.0010206267,0.013458553,0.005580229,0.009912086
ee3xlfx,sadness,sadness,0.0047512827,0.002810656,0.004744796,0.004829931,0.97731006,0.005553295
ee3z3uh,sadness,surprise,0.23226537,0.004442095,0.0052806195,0.13360566,0.10292826,0.52147806
ee3z9t9,anger,anger,0.97890306,0.009735043,0.0013107879,0.0049351077,0.0024773309,0.00263868
ee3zg32,anger,anger,0.56947803,0.022680096,0.025942076,0.010111721,0.31605843,0.055729628
ee3zj97,joy,joy,0.0014610707,0.0002748633,0.0002894507,0.9962042,0.0005464326,0.0012239731
ee3ztc5,anger,anger,0.9061526,0.005902813,0.0015921014,0.050442647,0.015953038,0.019956665
ee40ffi,joy,disgust,0.14040169,0.3753495,0.27459747,0.028047733,0.071236275,0.11036733
ee413ir,joy,joy,0.010818814,0.0008245584,0.0012245328,0.9395211,0.0023348173,0.04527614
ee41dgv,joy,joy,0.0013568976,0.00030695717,0.0004333317,0.9952762,0.0006209425,0.0020057168
ee43mw0,surprise,surprise,0.0043194788,0.0013479969,0.0020543132,0.004260884,0.0037433647,0.98427397
ee44ber,joy,sadness,0.21595581,0.012836059,0.026247676,0.24447824,0.44453108,0.05595116
ee45816,anger,anger,0.952229,0.0059593427,0.0008678188,0.014964344,0.017574755,0.008404753
ee462jl,sadness,anger,0.91631526,0.028855119,0.0050037797,0.0049686604,0.034855675,0.010001486
ee46khd,joy,joy,0.027817827,0.0016602029,0.0016376734,0.9615104,0.0023258345,0.005048107
ee48sp2,sadness,sadness,0.013784583,0.0070151514,0.002469735,0.011383637,0.9609448,0.004402052
ee49pt0,anger,anger,0.529395,0.0047083586,0.0017795131,0.32263556,0.011232088,0.13024947
ee4bf2x,joy,joy,0.47272578,0.00536905,0.003880681,0.4897171,0.005747757,0.022559648
ee4br7u,joy,joy,0.0012160501,0.00034066156,0.00031082125,0.99682117,0.0006127757,0.0006984557
ee4c75v,joy,joy,0.0035679382,0.00030964485,0.00027925937,0.99326795,0.0010589797,0.001516201
ee4cwb4,joy,joy,0.0019941872,0.00034116913,0.00020636944,0.9952213,0.00061667914,0.0016203284
ee4de4w,anger,anger,0.95867723,0.020124339,0.0013026561,0.004528373,0.008761322,0.0066060997
ee4g3fl,joy,joy,0.002253994,0.00040391792,0.00028870595,0.9953566,0.0008888979,0.00080779236
ee4g8ql,surprise,surprise,0.14535323,0.006611219,0.0027080597,0.014146325,0.022508807,0.8086724
ee4h3c5,sadness,sadness,0.01247234,0.0022241503,0.004863299,0.052198414,0.9119295,0.016312342
ee4hhqi,joy,joy,0.0012431019,0.0003632223,0.00025843232,0.9963911,0.00049563224,0.0012484445
ee4hk5b,joy,joy,0.0012811001,0.0002583881,0.00023513539,0.99632984,0.0007668019,0.0011287716
ee4iari,joy,anger,0.7412188,0.008441195,0.0011597233,0.2332766,0.007235825,0.008667857
ee4j8wg,joy,joy,0.0018683795,0.0006449214,0.0004605662,0.98769766,0.0006385128,0.008689932
ee4kg3l,sadness,sadness,0.013275739,0.0029219522,0.0035975226,0.010496987,0.9532192,0.016488671
ee4kgd4,joy,joy,0.0017974599,0.00026767454,0.00028773156,0.9947968,0.00093527714,0.0019150226
ee4m0kf,anger,anger,0.46009865,0.020340584,0.004618124,0.16184019,0.34118015,0.01192226
ee4mb11,joy,joy,0.0012142175,0.00029041216,0.00031274118,0.9958103,0.0015075346,0.00086490967
ee4n9mj,joy,joy,0.0011773051,0.0002885446,0.00026214446,0.9968869,0.00044753164,0.00093754387
ee4nm5w,joy,joy,0.002567689,0.00034676798,0.00033185913,0.9909814,0.00087931403,0.004893002
ee4pc8m,joy,joy,0.0013641942,0.00035096804,0.00029554882,0.9961926,0.0004155543,0.001381254
ee4q5yq,surprise,surprise,0.0032288542,0.001846505,0.00294795,0.009100946,0.0032194392,0.97965634
ee4qhql,joy,joy,0.0012076244,0.0002752959,0.00027939636,0.9963981,0.0010317204,0.0008078779
ee4qmhs,sadness,surprise,0.058780257,0.0063614547,0.008241675,0.02174976,0.074213855,0.83065295
ee4qxis,joy,joy,0.0018053501,0.00035911566,0.00029879008,0.9958403,0.0010334703,0.0006630437
ee4re4o,fear,fear,0.2525716,0.17622773,0.31642357,0.20876601,0.026836047,0.019175053
ee4t39c,joy,joy,0.0020773518,0.0004252846,0.0003083541,0.99525636,0.000762333,0.0011701838
ee4tm4o,joy,anger,0.96397215,0.008179647,0.0006126424,0.014520876,0.006949189,0.005765477
ee4tv7z,anger,disgust,0.37134653,0.4036715,0.13115667,0.01941519,0.04588188,0.028528241
ee4uub3,surprise,surprise,0.109599695,0.005200614,0.0022289746,0.007007031,0.028898038,0.8470656
ee4voyf,joy,joy,0.0018596267,0.0004975036,0.00048255795,0.99548954,0.0005551957,0.0011156371
ee4wpkd,joy,joy,0.0028993012,0.0004377956,0.0006642844,0.97471285,0.001981978,0.019303825
ee4y6cf,joy,joy,0.0012200563,0.00030828727,0.00024236682,0.9966827,0.0005464809,0.0010000889
ee4ypiw,joy,joy,0.0011417556,0.00035494336,0.00027828873,0.9965054,0.0003892541,0.0013303855
ee4yqqc,anger,anger,0.8830783,0.005651687,0.0021022449,0.016118601,0.017718988,0.07533012
ee4zz77,disgust,joy,0.052220065,0.0021244353,0.0020359734,0.77148676,0.16200452,0.010128273
ee50584,joy,joy,0.0014874608,0.00034204335,0.00048693395,0.9898789,0.00057186757,0.0072327764
ee50fyt,joy,surprise,0.010744536,0.0014116431,0.0028597473,0.0666664,0.01034129,0.90797645
ee50y8v,sadness,sadness,0.10786689,0.015014295,0.015225006,0.010375619,0.8387205,0.012797732
ee51njm,joy,joy,0.0023090164,0.0007098119,0.00041141477,0.9939295,0.0006324289,0.0020077974
ee528j2,joy,joy,0.0022286505,0.00034152975,0.00022764287,0.99381834,0.0012370237,0.0021469134
ee52bva,joy,joy,0.00096970604,0.0003888281,0.0003940096,0.9968977,0.00047533706,0.0008744404
ee52hgi,sadness,joy,0.009119539,0.0016001784,0.0031186556,0.8196763,0.15355091,0.012934459
ee52x7x,joy,joy,0.0016343509,0.0003496803,0.00026915278,0.99575436,0.0006368127,0.0013556515
ee548bv,sadness,sadness,0.006122557,0.0026548977,0.0052121673,0.014459794,0.9669575,0.0045930585
ee54ac5,surprise,surprise,0.0068007493,0.0016536533,0.0018301874,0.0042080223,0.004441947,0.98106533
ee54mzw,joy,joy,0.004367965,0.0004004407,0.00047356213,0.98945475,0.0007914244,0.004511945
ee55fem,joy,joy,0.003730851,0.00025594438,0.00024645877,0.9926167,0.001197012,0.0019530074
ee568an,surprise,surprise,0.0035626993,0.0013110914,0.0020289063,0.012072531,0.006268037,0.97475684
ee56fry,joy,joy,0.0039586714,0.0007814137,0.00085222203,0.9679905,0.023151502,0.0032657236
ee57qq1,joy,joy,0.0014429106,0.00037122378,0.0003311772,0.99645716,0.0005087083,0.000888707
ee57y3h,joy,joy,0.0011677031,0.00032489566,0.0003580727,0.9964224,0.00045972996,0.00126732
ee58k8a,joy,surprise,0.007887799,0.0015628561,0.0018749455,0.19033094,0.009812898,0.78853065
ee58n75,surprise,surprise,0.0038067296,0.0017903142,0.0024196308,0.004041679,0.0030614403,0.9848801
ee58umw,joy,joy,0.009464579,0.0017500316,0.0008009532,0.9809924,0.0026772558,0.0043147528
ee59x77,surprise,fear,0.011492356,0.019801479,0.70654696,0.054373655,0.051879734,0.15590581
ee5a1h5,sadness,sadness,0.011262128,0.0033231012,0.002651767,0.017478244,0.9613696,0.0039151893
ee5ckoa,sadness,sadness,0.19576342,0.011736999,0.023808269,0.1687853,0.42806187,0.17184417
ee5cn0s,joy,joy,0.012587106,0.0013030063,0.0015444438,0.9347388,0.0044940216,0.045332566
ee5dgvi,joy,surprise,0.047189243,0.003892584,0.0027556196,0.010099739,0.019590182,0.91647273
ee5dpad,joy,joy,0.0031475548,0.0005254384,0.00047152038,0.99315757,0.0009161121,0.0017817824
ee5dxo3,anger,sadness,0.011320031,0.004706581,0.0049128197,0.11520749,0.85592973,0.007923396
ee5dy6r,joy,joy,0.002729543,0.000519009,0.0003665945,0.99410915,0.0011158271,0.0011599027
ee5e2vj,anger,anger,0.6618892,0.014112069,0.0028553675,0.03283398,0.27388164,0.014427733
ee5ed42,anger,surprise,0.0223886,0.0022426809,0.0012700158,0.0070385057,0.009395698,0.95766455
ee5euh9,joy,joy,0.001392376,0.0004756681,0.00037546462,0.9959085,0.0006870287,0.0011609426
ee5evql,joy,joy,0.0011280641,0.00036983477,0.00040409458,0.9965396,0.00043146822,0.0011269475
ee5ezci,surprise,surprise,0.01129394,0.0014659456,0.0019598075,0.006366855,0.0037175238,0.97519594
ee5fs8h,anger,anger,0.5453444,0.38214588,0.018262472,0.0072439783,0.032690264,0.014313014
ee5gov9,joy,anger,0.74455154,0.037179533,0.002340822,0.026683116,0.04028158,0.14896347
ee5hu9o,joy,joy,0.001045417,0.00028997686,0.00029700753,0.9962255,0.0011558704,0.0009861818
ee5ijot,disgust,disgust,0.055119205,0.7530376,0.16394201,0.005756324,0.014860813,0.0072840457
ee5is72,anger,anger,0.9407823,0.030818924,0.0015011135,0.003471094,0.019615082,0.0038114693
ee5ivi8,joy,joy,0.002163715,0.00022103627,0.00042575595,0.99133086,0.0019684408,0.0038901642
ee5jby6,surprise,surprise,0.003569274,0.0016987618,0.0020456603,0.005013434,0.0036488348,0.9840239
ee5jeoy,surprise,surprise,0.06566493,0.002655109,0.0017351601,0.007829808,0.008163887,0.9139511
ee5jnes,surprise,surprise,0.04667967,0.0034103682,0.0016843574,0.11636865,0.034227695,0.7976292
ee5klf7,joy,joy,0.0018778911,0.0005163272,0.00033871058,0.9957372,0.00051003695,0.0010198336
ee5laol,joy,joy,0.00854723,0.0010950594,0.0019702688,0.7412098,0.01250057,0.23467709
ee5mgg8,joy,joy,0.0048803305,0.00065492146,0.00022616543,0.9905212,0.0011749684,0.0025423989
ee5mm39,surprise,surprise,0.009581072,0.0018583491,0.0018187949,0.0037117053,0.0036232057,0.97940683
ee5mzxi,surprise,surprise,0.048145983,0.0030429985,0.0020870208,0.03915015,0.01709373,0.89048016
ee5nfbq,joy,joy,0.001559123,0.00032890512,0.0003770168,0.9954574,0.0003935976,0.001884013
ee5nfzi,surprise,surprise,0.062943526,0.004669411,0.0023923053,0.007869664,0.0065148287,0.91561025
ee5nn7b,joy,joy,0.028129913,0.0010727328,0.000723927,0.96153617,0.0034694436,0.0050678384
ee5nyme,sadness,joy,0.10350869,0.0019313795,0.00109795,0.85566646,0.0057473984,0.032048162
ee5o989,joy,joy,0.0026065512,0.00040210993,0.0002900781,0.995069,0.00063444057,0.0009977419
ee5plk4,joy,surprise,0.09024741,0.004123816,0.0020229006,0.012983875,0.007612011,0.88300997
ee5q1wn,joy,joy,0.002250498,0.00028252526,0.00023974525,0.9952619,0.00069752586,0.0012677886
ee5q4q6,joy,anger,0.68210053,0.0063967723,0.0029084308,0.27859583,0.016237937,0.013760581
ee5qfde,surprise,joy,0.12140813,0.0025488536,0.0013012157,0.7863716,0.0066948473,0.08167532
ee5qmwi,joy,joy,0.0013889438,0.00033127653,0.00022962922,0.99657357,0.00050070207,0.00097588333
ee5qs3r,anger,joy,0.26198065,0.01460177,0.081659466,0.5676207,0.033724166,0.040413264
ee5rnpw,anger,anger,0.51897985,0.0060294243,0.0014215872,0.4007414,0.035732716,0.037094984
ee5rqyi,sadness,sadness,0.011659317,0.0069438443,0.0022118015,0.0069431188,0.96563584,0.0066061197
ee5shpk,joy,joy,0.0018482405,0.00030219613,0.0002973454,0.99573165,0.0005362476,0.0012843962
ee5sndq,joy,joy,0.001358305,0.00048615315,0.0002724831,0.99579215,0.00043326724,0.0016575465
ee5spsi,anger,anger,0.7462739,0.0070859776,0.0023167592,0.08657037,0.047069833,0.11068317
ee5t2eo,sadness,joy,0.02842856,0.0060627256,0.0019958836,0.887822,0.06922948,0.006461377
ee5tb1i,joy,joy,0.0011156705,0.00032847922,0.0003047137,0.9964311,0.0004470458,0.0013730194
ee5ttfb,joy,joy,0.004456677,0.0005063541,0.00026682424,0.992423,0.00082425383,0.0015229388
ee5u53c,joy,joy,0.0018168589,0.00033263763,0.00023523516,0.995756,0.0008422316,0.0010169635
ee5v7gg,joy,sadness,0.10298204,0.007372762,0.0055833356,0.040005885,0.8048481,0.03920792
ee5vq64,joy,joy,0.013615552,0.002938845,0.0030560934,0.6796103,0.2926775,0.008101661
ee5w6jd,anger,anger,0.97073126,0.0040728105,0.0009779544,0.008637263,0.0048636715,0.010716989
ee5wt9v,joy,joy,0.002227669,0.00042205106,0.00029123065,0.9939365,0.0007151617,0.00240741
ee5xax9,fear,anger,0.78461444,0.008247416,0.005124891,0.1198648,0.0570449,0.025103627
ee5xfyq,surprise,surprise,0.0025342733,0.001663437,0.0026610803,0.005869149,0.0032157123,0.98405635
ee5xpex,joy,joy,0.0048924494,0.00031338682,0.00029474858,0.99048024,0.00075060886,0.0032684957
ee5xtsy,surprise,anger,0.67475164,0.069967456,0.011254029,0.01381013,0.029033728,0.20118305
ee5xvub,joy,joy,0.0025927138,0.0005760602,0.0011429851,0.98437506,0.0077424506,0.003570769
ee5xznk,joy,joy,0.004669004,0.0008540374,0.00059967185,0.9893266,0.0016538281,0.002896833
ee5y25d,anger,anger,0.9719782,0.010145215,0.0019352855,0.0031601135,0.00355,0.009231252
ee5y25t,joy,joy,0.0008713384,0.00043268254,0.0005442996,0.9961845,0.00043645722,0.00153068
ee5y46d,joy,joy,0.0043344395,0.00085103174,0.0006103516,0.99127793,0.0016610796,0.0012651514
ee5yla0,joy,joy,0.003811364,0.00048912305,0.00035778934,0.977778,0.001344952,0.01621874
ee5zlrj,sadness,anger,0.438778,0.019887103,0.015654081,0.28338438,0.16974275,0.07255364
ee5zr74,joy,joy,0.0013384857,0.0003259818,0.0003429065,0.99648935,0.00047435387,0.0010289188
ee61x8k,surprise,joy,0.0074449913,0.0018913624,0.0023438213,0.5943677,0.0059515215,0.38800064
ee626do,joy,joy,0.013492716,0.0008923156,0.00077121507,0.97453636,0.002129264,0.008178215
ee626ox,sadness,anger,0.7527854,0.025984727,0.008692729,0.028957738,0.14523119,0.038348276
ee62fve,joy,joy,0.0018718793,0.0003765003,0.0006338821,0.9942624,0.00078169897,0.0020736558
ee62u6d,joy,joy,0.0013626924,0.00039730102,0.00031015548,0.9943066,0.0006087042,0.003014503
ee631oa,surprise,anger,0.47749075,0.035520233,0.011894148,0.08224454,0.030089786,0.3627605
ee6386k,joy,joy,0.0012459898,0.00034188814,0.0002741298,0.9964702,0.00044235683,0.0012254383
ee638uw,surprise,surprise,0.10230721,0.0033311222,0.0020734223,0.2729618,0.017300103,0.6020263
ee64brf,joy,joy,0.00092873623,0.0003664168,0.0003582192,0.99609596,0.00040669515,0.0018439501
ee64et6,fear,sadness,0.021049852,0.02754541,0.0319679,0.022674223,0.8118309,0.084931724
ee64ggs,joy,joy,0.0015545506,0.00037436272,0.0002987045,0.9963158,0.0004724869,0.0009841088
ee64yxt,sadness,surprise,0.01841517,0.0020178652,0.0016852242,0.062700175,0.010013532,0.90516806
ee65vbi,sadness,sadness,0.004567275,0.0025267643,0.004770884,0.019553622,0.9645224,0.0040591084
ee67ej2,joy,joy,0.0018667865,0.00025292052,0.00030899906,0.99216133,0.0011547043,0.0042552566
ee67x4u,surprise,surprise,0.004603281,0.0013339313,0.0022571401,0.002864584,0.0039457115,0.9849954
ee67yw9,joy,joy,0.00088621274,0.00036406514,0.00032698843,0.99679923,0.000457468,0.0011660028
ee68gqt,sadness,sadness,0.010553462,0.011632769,0.0031402125,0.0050307177,0.9649549,0.0046878895
ee69aun,surprise,surprise,0.0034271434,0.0015953314,0.0038472628,0.0047230436,0.016474985,0.9699323
ee69phf,anger,anger,0.9796342,0.0066610007,0.001308979,0.006933945,0.0026770497,0.0027846724
ee69qhz,anger,anger,0.9410649,0.0072449395,0.00090775714,0.027485609,0.0107559,0.012540826
ee6aac6,surprise,joy,0.0138834845,0.0011501638,0.0014352576,0.9562067,0.019396238,0.007928097
ee6ag9m,joy,joy,0.0038282285,0.00056848297,0.00081099337,0.98106956,0.0026786618,0.011044124
ee6ao7s,joy,joy,0.0030684078,0.00049884076,0.00043835593,0.9842427,0.009938958,0.0018127179
ee6asfi,joy,joy,0.0054662526,0.00047435748,0.0003481942,0.9891481,0.00199552,0.0025675553
ee6atyh,surprise,surprise,0.004493017,0.0012648789,0.001490931,0.015493417,0.003787162,0.97347057
ee6b1bw,joy,joy,0.009382125,0.0054556485,0.006446976,0.96980244,0.004023205,0.004889589
ee6bdtn,joy,joy,0.002846284,0.0003833302,0.0004874803,0.98962724,0.00069134834,0.0059643206
ee6bork,anger,anger,0.9335157,0.005694368,0.0012316939,0.01718384,0.019006027,0.023368293
ee6by84,anger,anger,0.6770262,0.007836553,0.002767957,0.028010065,0.02966288,0.25469634
ee6csut,joy,joy,0.001618538,0.0003141281,0.0003376234,0.9960961,0.0005037223,0.0011298958
ee6czjj,anger,anger,0.9362219,0.0038903605,0.0016173153,0.040262446,0.008393227,0.009614759
ee6dd26,joy,joy,0.0034675102,0.0005030563,0.000728756,0.9918793,0.0007949273,0.0026264791
ee6dgmm,joy,joy,0.0015140058,0.00027868495,0.00021281574,0.9957404,0.0009806039,0.0012734237
ee6dzfy,joy,joy,0.0015745546,0.0004901375,0.00024031801,0.99547666,0.0008456944,0.0013726759
ee6emyi,anger,anger,0.96749127,0.008217216,0.003351976,0.011188155,0.004832981,0.0049184943
ee6eoes,joy,surprise,0.10157034,0.0053384956,0.004338736,0.19054309,0.08756086,0.6106486
ee6eyoy,sadness,joy,0.016643139,0.0025449933,0.0022844144,0.76556367,0.19704412,0.015919628
ee6f3ip,surprise,surprise,0.005283526,0.0011278015,0.0015195337,0.010311714,0.0054946076,0.97626275
ee6femf,surprise,joy,0.0073982356,0.0011978691,0.0015379249,0.7495616,0.010645395,0.22965898
ee6hjvw,surprise,surprise,0.029534973,0.0035320492,0.009474438,0.074577175,0.30884218,0.57403916
ee6hl39,joy,joy,0.05527022,0.0018932673,0.0035152743,0.90547234,0.021243455,0.012605441
ee6hy4i,joy,joy,0.0010871085,0.0003061867,0.0002872802,0.9964451,0.0005622084,0.0013121301
ee6i67r,joy,joy,0.0015531651,0.000304156,0.0005629259,0.99104077,0.00061304535,0.005925878
ee6id60,joy,joy,0.001145468,0.00032607606,0.0002980156,0.99681276,0.00040258994,0.0010150869
ee6j071,joy,joy,0.0030724164,0.00066270155,0.0002918772,0.9936912,0.0009418887,0.0013399015
ee6j2zd,surprise,joy,0.004898362,0.00044543514,0.00037796987,0.9904116,0.0014454909,0.0024210545
ee6me9w,surprise,surprise,0.05108348,0.0034781115,0.002318291,0.00613195,0.0049300604,0.93205816
ee6mtd9,anger,surprise,0.28935504,0.007192032,0.012898596,0.21226832,0.0647536,0.41353244
ee6n7kk,joy,joy,0.0023014136,0.0004102903,0.00021329473,0.99550533,0.00048981846,0.0010797938
ee6nn11,anger,anger,0.876207,0.025078038,0.0035113283,0.017770892,0.06839302,0.009039652
ee6nuu3,sadness,joy,0.020365078,0.016958067,0.011819856,0.72573143,0.21835859,0.0067669735
ee6o7zt,joy,joy,0.005133326,0.0004644622,0.00041789204,0.9887261,0.0015034798,0.0037547816
ee6ovi9,anger,anger,0.95124,0.014981841,0.0011193758,0.014793218,0.012809552,0.0050560725
ee6p38r,surprise,surprise,0.013928614,0.0019533362,0.0023945456,0.004377503,0.0062749875,0.97107106
ee6peah,sadness,sadness,0.007564293,0.0036571487,0.0096476525,0.0136988005,0.95886505,0.0065671164
ee6pfli,joy,joy,0.0030889662,0.000588139,0.0012307018,0.9896455,0.0010411624,0.004405628
ee6pmyi,anger,anger,0.93989545,0.013357677,0.0031476517,0.009140127,0.016767379,0.017691702
ee6pufo,fear,fear,0.054908894,0.030403642,0.71022296,0.062022466,0.018729016,0.12371305
ee6pv52,surprise,surprise,0.003450436,0.0011160872,0.0018984539,0.006125538,0.002990427,0.98441905
ee6qh7m,joy,joy,0.0012206713,0.00036570322,0.00031888913,0.9964289,0.00041435394,0.0012515795
ee6qsl2,anger,anger,0.9665032,0.0056299013,0.0007241853,0.008709585,0.008149906,0.010283296
ee6rbom,joy,joy,0.0018713869,0.0004227316,0.00026114297,0.9956512,0.0008971416,0.00089637015
ee6rdzz,surprise,joy,0.032054804,0.0030645502,0.001502707,0.70676965,0.0045989016,0.25200936
ee6rl0u,anger,anger,0.94840693,0.029943213,0.0016851708,0.005213199,0.0034416388,0.011309899
ee6t4p2,joy,joy,0.00526797,0.00077277556,0.00035687195,0.99092495,0.0011346046,0.0015428092
ee6u7gt,joy,joy,0.05109923,0.003317126,0.0029302288,0.79034066,0.12952222,0.022790525
ee6u7pw,joy,joy,0.0016549457,0.00032367252,0.00024730267,0.99607545,0.0007558248,0.0009428741
ee6uw7u,sadness,sadness,0.0645961,0.26817453,0.13866921,0.004584646,0.50416994,0.019805623
ee6wc1x,sadness,sadness,0.006006024,0.0030128465,0.0034815285,0.03356725,0.94722646,0.0067059663
ee6zqu7,anger,anger,0.95043623,0.012749755,0.0015941093,0.0076254555,0.019460281,0.008134121
ee6zt36,joy,joy,0.26081508,0.009680971,0.007495253,0.66618466,0.028208772,0.027615244
ee715j6,surprise,sadness,0.07771371,0.018775098,0.0040879883,0.06357913,0.5995917,0.23625237
ee71ile,joy,joy,0.0028684295,0.0005509,0.00068955397,0.992305,0.0017764369,0.0018096853
ee71q31,joy,joy,0.0072301733,0.0011059818,0.0009197909,0.89948153,0.003639389,0.087623134
ee72tj4,sadness,joy,0.10204093,0.0032825372,0.0035386176,0.57307684,0.25360098,0.064460106
ee73r6l,joy,joy,0.0012176591,0.000404438,0.00033405522,0.99673563,0.0005088155,0.0007993624
ee74f2a,sadness,anger,0.94167095,0.006828252,0.0016734406,0.008189849,0.029992046,0.011645468
ee75dvh,joy,joy,0.0016027662,0.0004035834,0.000299757,0.99536633,0.00077157246,0.001556018
ee75ixt,joy,joy,0.0023595132,0.00030952945,0.00025100404,0.99492824,0.0006336811,0.0015180445
ee75yfv,joy,joy,0.0011558568,0.00040595807,0.00032900754,0.996418,0.0005077667,0.0011835047
ee765d4,joy,joy,0.019520203,0.0026511482,0.009432865,0.79655606,0.08773735,0.08410238
ee766vv,surprise,surprise,0.003127052,0.0016486966,0.002516368,0.0064973254,0.00296225,0.98324835
ee76jo5,anger,disgust,0.14980507,0.54086804,0.045144144,0.084430516,0.075205095,0.1045471
ee76ni1,sadness,sadness,0.013480875,0.003145006,0.010263405,0.16569225,0.7970281,0.010390354
ee76qpj,sadness,fear,0.027405756,0.022893215,0.38626662,0.044914786,0.21430887,0.30421078
ee77awx,joy,joy,0.037802864,0.0023545616,0.013023695,0.6748526,0.034600656,0.23736565
ee78o0c,anger,anger,0.9730161,0.007820533,0.0010677062,0.01246136,0.003322563,0.0023117228
ee7901k,surprise,surprise,0.0025264358,0.001446339,0.002572011,0.0074633094,0.003363209,0.9826287
ee797hw,surprise,surprise,0.123807095,0.0077102184,0.008334074,0.035352524,0.012811256,0.81198484
ee79qmm,joy,joy,0.002757499,0.00043578618,0.0005625534,0.9940502,0.00075931964,0.001434609
ee7b5e3,joy,joy,0.062062446,0.0020407862,0.0008495065,0.7539383,0.017808456,0.16330054
ee7biqd,joy,joy,0.008315718,0.0020017785,0.0037492567,0.84329647,0.1377935,0.0048433044
ee7bkwq,joy,joy,0.082240194,0.007282927,0.004676164,0.88246423,0.0076879,0.015648542
ee7c0cd,joy,joy,0.008212158,0.0005036288,0.00040413794,0.9858322,0.001571923,0.0034759918
ee7cppv,joy,anger,0.41063008,0.03288137,0.0074630855,0.25844935,0.2527313,0.037844844
ee7cwup,anger,anger,0.9478667,0.021226231,0.0013248867,0.019561702,0.0079128975,0.002107567
ee7d19b,surprise,surprise,0.0029137065,0.0020283253,0.0030593094,0.009342236,0.0040302416,0.97862625
ee7dnuy,joy,joy,0.020700239,0.0008590881,0.0005640405,0.97087336,0.003498275,0.0035050022
ee7e449,surprise,surprise,0.0050073867,0.0015845107,0.001995303,0.0035153215,0.0037413018,0.9841562
ee7fdou,surprise,surprise,0.0061843563,0.0018846154,0.0020346423,0.14396992,0.0048043323,0.84112215
ee7g9qi,anger,anger,0.59543604,0.0059476746,0.003536082,0.2088668,0.03277758,0.15343587
ee7hqj0,joy,joy,0.0016976306,0.0003197805,0.00028621915,0.9962606,0.00048429947,0.0009514171
ee7ihol,joy,joy,0.024630465,0.0018368765,0.00073898595,0.9668723,0.00221134,0.0037100157
ee7j09b,joy,joy,0.0027467792,0.00030858064,0.0002825609,0.99168265,0.0014485583,0.003530949
ee7j0l8,surprise,joy,0.003519339,0.00054065936,0.00080548064,0.9530159,0.0031045415,0.03901416
ee7jm7p,joy,joy,0.031322062,0.0012578798,0.0018656951,0.950385,0.005786711,0.009382629
ee7loib,joy,joy,0.0009926148,0.0003261331,0.0002925368,0.99652123,0.0004529475,0.0014145327
ee7lojx,joy,joy,0.001404025,0.000428594,0.00034296233,0.9958674,0.00091944303,0.0010377145
ee7lvwt,sadness,sadness,0.006511299,0.0024601358,0.0045090793,0.011544855,0.9675059,0.0074688336
ee7nxkr,joy,joy,0.0043407916,0.00071179785,0.0011598722,0.9815548,0.0011688733,0.011063896
ee7nxvs,joy,anger,0.8557124,0.092047684,0.0025100142,0.0031019938,0.035664305,0.010963501
ee7pnho,joy,joy,0.006033494,0.00034948371,0.00047547463,0.9856542,0.002223957,0.0052634585
ee7qee7,joy,joy,0.0024901372,0.00044802573,0.00021290203,0.9938678,0.00074675085,0.0022343916
ee7qzgi,joy,joy,0.004811155,0.00053673825,0.00051077857,0.985889,0.0029650151,0.005287279
ee7sn8z,surprise,surprise,0.0052373274,0.0014805634,0.001899153,0.0042172377,0.004035727,0.98313004
ee7u9wl,anger,anger,0.91044044,0.043217346,0.008262282,0.0069338256,0.015405262,0.015740868
ee7urwh,joy,joy,0.17834069,0.0025696263,0.0020706973,0.7101221,0.043039527,0.06385733
ee7v8oj,joy,anger,0.6191469,0.00917686,0.001547296,0.3217837,0.025436817,0.022908406
ee7vo0b,surprise,joy,0.034949943,0.004989009,0.010674609,0.57417995,0.28695372,0.08825274
ee7vojz,anger,anger,0.841494,0.005532229,0.0019346888,0.09998941,0.0064972737,0.044552453
ee7vp5c,joy,joy,0.0012719844,0.00029151005,0.00023432539,0.9966022,0.000645281,0.0009548047
ee7vt3h,anger,anger,0.8817712,0.0074365404,0.0056580575,0.08226104,0.00784492,0.015028142
ee7y8dh,surprise,surprise,0.08027648,0.09101328,0.08967899,0.014360665,0.06123222,0.6634383
ee7yldq,anger,joy,0.08272898,0.0032879696,0.0034719636,0.40308413,0.3261144,0.18131256
ee7zzva,joy,joy,0.0013750105,0.0003900841,0.00032042796,0.9954704,0.00049975474,0.0019443671
ee81csg,anger,anger,0.37470582,0.09522125,0.13625968,0.10421261,0.21098031,0.07862026
ee81qqo,sadness,joy,0.0028232282,0.0005070643,0.00044565392,0.98700106,0.0076549016,0.0015680431
ee840w4,joy,surprise,0.42493802,0.011801354,0.0037459629,0.020823184,0.04252968,0.49616176
ee84mpq,anger,joy,0.009191545,0.0015163049,0.0014309114,0.8888584,0.002858172,0.09614468
ee86226,anger,anger,0.9085892,0.005466667,0.0008468582,0.049152497,0.01828994,0.017654847
ee86hvo,joy,joy,0.0011478384,0.00038048252,0.00030404833,0.99681395,0.00047544081,0.0008782777
ee87c56,joy,joy,0.0012296583,0.00038679683,0.0005503786,0.99579054,0.00088320766,0.00115951
ee87hk8,joy,joy,0.0012471743,0.00024857628,0.00031560237,0.9952592,0.000933363,0.0019960718
ee87p8g,anger,joy,0.006497797,0.0014693846,0.0011027618,0.98186827,0.006405033,0.0026567818
ee881dy,joy,joy,0.06458834,0.0010178928,0.002100784,0.8712609,0.0065441104,0.05448795
ee89hub,joy,joy,0.0014626664,0.00032659055,0.00036473508,0.99547523,0.0011023887,0.0012683251
ee89oz8,anger,anger,0.90320146,0.05737135,0.0017461831,0.009057732,0.025157992,0.0034653654
ee89tz1,surprise,anger,0.6653417,0.009166981,0.003019397,0.034373213,0.140003,0.14809573
ee8a1uj,joy,joy,0.0019936727,0.00037927576,0.0004742198,0.9930864,0.001321178,0.0027452386
ee8bc4r,joy,joy,0.0010565921,0.0002692364,0.00031296225,0.9968231,0.0005605197,0.000977601
ee8be44,joy,joy,0.0014344684,0.0003376963,0.00025024265,0.9951024,0.0004343795,0.0024407532
ee8bz2n,joy,joy,0.0013481486,0.000307344,0.0002685131,0.99651045,0.00060489244,0.00096063456
ee8cx0t,joy,joy,0.0010362279,0.00027956726,0.0002998106,0.9963013,0.0011100995,0.00097293564
ee8d53d,anger,joy,0.1556936,0.0026777296,0.001807927,0.8064215,0.008945881,0.024453245
ee8e41n,anger,anger,0.61152965,0.034604155,0.0018386524,0.026542053,0.31539702,0.0100884065
ee8eq5h,surprise,joy,0.028022563,0.0011230465,0.0012233822,0.87029415,0.0030815979,0.09625523
ee8f682,joy,joy,0.0015735711,0.0003533458,0.00028241405,0.9958449,0.00059705286,0.0013487523
ee8gmy3,joy,sadness,0.14891718,0.007006766,0.014406446,0.20152195,0.4796265,0.14852111
ee8go3n,joy,anger,0.8896551,0.01734627,0.0038193387,0.043114617,0.037540633,0.008523946
ee8h54x,sadness,sadness,0.007758316,0.0024701797,0.0031985953,0.050528523,0.9295665,0.0064778016
ee8hqqr,joy,joy,0.0011191664,0.00025145448,0.00023067479,0.9964791,0.0006904887,0.0012291486
ee8hwzz,anger,joy,0.2066685,0.0042568906,0.0024981902,0.75124717,0.010704159,0.024625093
ee8kp0t,anger,anger,0.82645804,0.028729532,0.020397412,0.026977299,0.059609957,0.037827753
ee8liqi,joy,joy,0.0015121532,0.00035726844,0.00023066324,0.99651563,0.00051609706,0.00086823065
ee8mfqx,anger,anger,0.91783863,0.00496304,0.001220658,0.01913824,0.016556932,0.04028258
ee8mxe3,joy,joy,0.0025954093,0.00037967315,0.0002785036,0.99424064,0.0006354585,0.001870417
ee8nhz8,joy,joy,0.4611651,0.0052196546,0.002181394,0.49255618,0.018420726,0.020457016
ee8p971,joy,joy,0.043383483,0.0008603707,0.00065300084,0.92887133,0.0038128963,0.02241897
ee8p9i5,joy,joy,0.0058185235,0.0007883916,0.0008655213,0.9195243,0.0033735847,0.06962965
ee8pp9d,joy,joy,0.0065154796,0.00077073317,0.000555313,0.987122,0.0015794213,0.0034570484
ee8pz9o,joy,joy,0.0049750204,0.0004784246,0.00058389193,0.9910121,0.0008560588,0.002094532
ee8qmyo,joy,joy,0.0047848863,0.0011392799,0.00079538696,0.9894839,0.0017230223,0.0020734705
ee8r8kp,sadness,joy,0.029310718,0.004138842,0.002347775,0.7525917,0.20286642,0.008744544
ee8rjgr,anger,sadness,0.026760587,0.0066693816,0.0026550174,0.015855,0.9426887,0.0053712525
ee8rktb,anger,anger,0.97413087,0.0059832153,0.0012952933,0.007454186,0.0030481329,0.008088326
ee8rl9f,joy,joy,0.001103595,0.00032557762,0.00031497618,0.99683833,0.00057273416,0.0008448338
ee8sb37,surprise,surprise,0.0049437652,0.0018497672,0.003036993,0.0045467764,0.0046983124,0.98092437
ee8sqxz,joy,joy,0.002110447,0.00032026335,0.00043124304,0.992265,0.00083817146,0.004034952
ee8u5o3,surprise,surprise,0.021099338,0.0019987982,0.0013898195,0.012190162,0.0073591527,0.9559627
ee8uyjg,anger,surprise,0.24507147,0.009617627,0.030814467,0.020526012,0.038344104,0.6556263
ee8vkuw,joy,joy,0.0010354026,0.00025911408,0.00033219953,0.9964162,0.0009453088,0.0010117147
ee8vlco,joy,sadness,0.15730512,0.018524116,0.009578353,0.018498996,0.7636619,0.03243151
ee8vtav,joy,joy,0.017379101,0.0010393164,0.00043926688,0.96657115,0.0046317363,0.009939506
ee8w41w,surprise,surprise,0.0134212915,0.0031341154,0.003066528,0.00951762,0.0058213845,0.9650391
ee8wol0,surprise,surprise,0.0031655484,0.0010894816,0.0017199384,0.010849301,0.0029206567,0.98025507
ee8x5dn,joy,joy,0.0056058136,0.0006148388,0.0007168468,0.97610384,0.001610016,0.015348692
ee8y2lh,joy,joy,0.0010272227,0.00032855864,0.0002564544,0.9955056,0.0012599686,0.0016221955
ee8z31v,joy,joy,0.0106638195,0.0015110917,0.003503829,0.73155504,0.015342485,0.23742375
ee8z9ge,joy,joy,0.0009918286,0.00029289527,0.00028817263,0.99677414,0.00054884853,0.0011041642
ee8zbr7,anger,anger,0.67243785,0.0045204447,0.0011075629,0.25378588,0.04077268,0.027375551
ee8zjh7,joy,joy,0.0015879471,0.0004143638,0.00022912105,0.9961904,0.00047846054,0.0010996027
ee90gsc,joy,joy,0.00093743845,0.00040989363,0.00036502737,0.9966493,0.0004029107,0.0012353907
ee90qyi,joy,joy,0.0326758,0.0011510698,0.0007820029,0.95717794,0.0034998541,0.004713333
ee911lv,surprise,joy,0.053288247,0.0019374184,0.00289788,0.46761858,0.021132903,0.45312494
ee913vk,fear,fear,0.01233465,0.016296448,0.92019063,0.011070641,0.020808982,0.01929859
ee91vv5,joy,joy,0.0018769604,0.00029248293,0.00036352215,0.9955598,0.00059394573,0.0013132676
ee91wv3,anger,disgust,0.16723108,0.48700887,0.27374524,0.010161794,0.041071806,0.020781178
ee92g5p,joy,joy,0.0013557359,0.0003660803,0.00024097109,0.9961981,0.00049397757,0.0013451137
ee9429f,joy,joy,0.0059393533,0.0018409737,0.012263531,0.8577714,0.10125134,0.020933455
ee94m1i,surprise,surprise,0.004728017,0.001347549,0.0021702682,0.004411967,0.0047867703,0.9825554
ee94qf2,anger,anger,0.45416808,0.005354639,0.0027545793,0.068253145,0.022849105,0.44662046
ee95kj0,joy,joy,0.0019616892,0.0003582326,0.00030718322,0.9956957,0.00062569854,0.0010515498
ee95nci,joy,joy,0.010223972,0.0010422808,0.00031306228,0.9854834,0.0010288351,0.0019084562
ee9651g,anger,anger,0.947626,0.005565758,0.0009998549,0.022259286,0.013427959,0.010121172
ee96t99,joy,joy,0.0023517776,0.0006127874,0.0005994605,0.98060673,0.0009833763,0.014845863
ee98dke,joy,joy,0.0011640117,0.00036346828,0.00029586643,0.9962974,0.0004908032,0.0013885285
ee99dvo,anger,joy,0.08215942,0.0017273338,0.001660546,0.8579451,0.017460557,0.039047066
ee99qrp,joy,joy,0.0019748437,0.00038104443,0.00040150914,0.99132866,0.00085908634,0.0050548906
ee99t4t,joy,joy,0.0015426427,0.00033589627,0.00034935915,0.9957296,0.0008452751,0.00119728
ee99usi,sadness,sadness,0.09165105,0.012833754,0.004047261,0.025671273,0.8450942,0.020702465
ee9a8li,joy,joy,0.0010625493,0.0002619553,0.00029655074,0.9965905,0.0005650852,0.0012233787
ee9c01w,surprise,surprise,0.007445507,0.0015336126,0.001883566,0.012415446,0.0071501853,0.96957165
ee9d2bj,joy,joy,0.0010903196,0.00028710414,0.00028967703,0.9964148,0.00071666506,0.0012014586
ee9dd79,surprise,surprise,0.005841226,0.0017301849,0.0026425682,0.27154705,0.005860586,0.71237844
ee9epfm,joy,joy,0.0022638044,0.00029414,0.00027200778,0.9942134,0.0019005373,0.0010561002
ee9fkxa,joy,joy,0.0009212214,0.0003595067,0.00036820522,0.9966409,0.00035958143,0.0013505457
ee9fxut,anger,surprise,0.17791934,0.0043983934,0.00508189,0.28252283,0.1954558,0.3346217
ee9gbyp,anger,joy,0.012508836,0.0015514068,0.0010789358,0.97794604,0.002479557,0.0044351965
ee9ho16,surprise,surprise,0.0063294866,0.0015660274,0.002083535,0.0036179386,0.0033184877,0.9830845
ee9hqqz,anger,anger,0.8618834,0.012835156,0.0014811212,0.017585117,0.08416979,0.022045387
ee9i3wf,joy,joy,0.0017754269,0.00032596462,0.00024959559,0.9959675,0.00047134078,0.0012100941
ee9jmht,anger,anger,0.6042501,0.087369226,0.17901012,0.035168562,0.06238707,0.03181484
ee9kxka,joy,joy,0.001349162,0.00035346256,0.0002816725,0.9947988,0.002008442,0.0012085047
ee9kym3,joy,joy,0.0011749885,0.00034501334,0.00027230443,0.99653435,0.00092244946,0.0007509025
ee9lyi8,joy,joy,0.0017072017,0.00028950872,0.0003497006,0.9955765,0.0012156528,0.00086149236
ee9mcx1,joy,joy,0.0012082134,0.00029412666,0.00027318008,0.9965509,0.0004596983,0.0012139132
ee9mweo,joy,joy,0.0017961635,0.00036157816,0.0002873556,0.99544215,0.0006065973,0.0015060989
ee9n43j,joy,joy,0.0014626912,0.00038998647,0.00022894463,0.9964701,0.0005725551,0.0008757445
ee9nkq5,sadness,sadness,0.023007866,0.0031832594,0.003996252,0.19885053,0.7373514,0.03361074
ee9no6c,disgust,surprise,0.011452661,0.008912723,0.008182905,0.0054402966,0.006964748,0.9590467
ee9nvvg,joy,joy,0.0015361152,0.00037886325,0.00079725677,0.9938443,0.002280859,0.0011625887
ee9paqb,anger,anger,0.787096,0.007315253,0.002572366,0.11049374,0.02016108,0.07236155
ee9pddh,joy,anger,0.42775616,0.02285957,0.004512534,0.4150215,0.114499785,0.015350461
ee9ptog,joy,joy,0.0049463264,0.0014949373,0.009616553,0.90491784,0.0056087375,0.07341566
ee9q7zr,anger,anger,0.9157185,0.015128871,0.0024283011,0.04730907,0.005666762,0.013748502
ee9qgro,joy,joy,0.0013378165,0.00028684607,0.00033215914,0.99496484,0.0013269202,0.0017514693
ee9qw5n,joy,joy,0.0072195274,0.00062912755,0.00045905865,0.98717135,0.0025036626,0.002017248
ee9slnf,joy,joy,0.004995275,0.000687387,0.00032371495,0.99091786,0.0007953596,0.0022804358
ee9uzrq,surprise,anger,0.50195456,0.010777965,0.0023660301,0.019592155,0.025242671,0.4400666
ee9vqt3,surprise,surprise,0.009553527,0.0020805155,0.002133775,0.009075392,0.007122905,0.9700338
ee9w16m,joy,joy,0.007623981,0.0012752408,0.0013697754,0.98448294,0.002929723,0.0023183022
ee9wkpl,anger,anger,0.97229093,0.006495429,0.0014052783,0.0063183755,0.0073939986,0.006096077
ee9x46k,joy,joy,0.38075748,0.0053452067,0.0048479126,0.54104406,0.019360095,0.048645265
ee9xcuc,surprise,joy,0.022804713,0.0014253273,0.0049575367,0.88768417,0.030364722,0.052763645
ee9xgzw,joy,joy,0.0015416163,0.0003163268,0.0002440117,0.9963742,0.00046218373,0.0010615551
ee9xsp5,joy,sadness,0.16672653,0.008175181,0.008028684,0.0771488,0.6373985,0.10252235
ee9xuh9,joy,joy,0.0043796618,0.0009801518,0.001680409,0.9830146,0.0040362407,0.0059090517
ee9ygcn,surprise,anger,0.63392735,0.01897619,0.004022898,0.03329949,0.011231665,0.29854238
ee9z3sr,joy,joy,0.0011153311,0.00030348837,0.0003193649,0.9964463,0.0009948913,0.0008205651
ee9za7p,anger,anger,0.97408324,0.0040000663,0.0014524852,0.008807211,0.004982967,0.006674035
ee9zl8n,surprise,joy,0.17246543,0.014455102,0.004646286,0.7573918,0.03012929,0.020912021
eea2brh,joy,joy,0.0010426771,0.00033183725,0.0004213805,0.99652064,0.00053685263,0.0011466753
eea2jdl,anger,anger,0.91463214,0.015199969,0.0013806969,0.013552871,0.026750473,0.028483832
eea2kfj,joy,joy,0.007943719,0.0010238793,0.0005456108,0.9551636,0.0030426113,0.032280557
eea2sxy,joy,anger,0.772024,0.13640974,0.019905651,0.0156177785,0.030856121,0.025186762
eea3t8m,joy,joy,0.0008735517,0.00032728587,0.00032986698,0.9970306,0.00043287952,0.0010058384
eea67op,surprise,surprise,0.012724946,0.0017314492,0.0018407886,0.035893057,0.0061959233,0.94161373
eea69xu,joy,joy,0.0019445292,0.0003804294,0.00023143785,0.9955396,0.00086912786,0.0010347666
eea6o52,joy,joy,0.029221093,0.0010990987,0.0006118579,0.9617485,0.0037358792,0.00358349
eeaa4kh,joy,surprise,0.006857747,0.0018180201,0.0020980653,0.029917054,0.008490838,0.95081824
eeaae3c,sadness,anger,0.8959184,0.004873375,0.0014661216,0.030765787,0.03197867,0.0349976
eeaanku,joy,joy,0.0015876242,0.00039756196,0.00027421355,0.996136,0.0005105681,0.0010940648
eeabsgl,joy,joy,0.006691122,0.0013469199,0.0011183462,0.9843443,0.0037190327,0.0027802621
eeabte6,surprise,surprise,0.0050649373,0.001556186,0.0022199813,0.01241508,0.0061682854,0.97257555
eeackn1,joy,joy,0.0014651084,0.0003960031,0.00029821126,0.99538714,0.0010861409,0.0013673858
eeae0v5,surprise,surprise,0.019097056,0.0035813418,0.002191042,0.0040913704,0.015448881,0.95559025
eeag7tf,joy,joy,0.021827748,0.00216973,0.0036488236,0.9531102,0.004408837,0.014834691
eeah494,joy,joy,0.0011885293,0.00030435142,0.00026893083,0.9962559,0.00044498348,0.0015373467
eeaht3e,joy,joy,0.0067797713,0.0005580982,0.0010840989,0.97624105,0.005570371,0.00976661
eeaico8,sadness,surprise,0.08907244,0.0039221,0.0033119365,0.043749493,0.10211823,0.7578258
eeaj0q5,joy,joy,0.0074971975,0.00061824435,0.0003420292,0.9880747,0.0007630223,0.002704767
eeaj2m2,joy,joy,0.0022419947,0.00043036463,0.00033398918,0.99534756,0.0006512197,0.0009948829
eeajc5n,anger,joy,0.22406976,0.00696079,0.047571044,0.6446716,0.011905045,0.06482173
eeajhog,surprise,joy,0.053082444,0.002162071,0.005087347,0.5551631,0.057354894,0.32715017
eeajkb5,joy,joy,0.0013764579,0.0002976992,0.00031086642,0.99625313,0.00044527138,0.001316536
eealh2s,joy,joy,0.002335876,0.00066634204,0.00052734395,0.9940055,0.00066581095,0.0017991922
eealhhy,surprise,anger,0.7065479,0.017081354,0.003996731,0.013073086,0.036352213,0.22294867
eealr4f,surprise,surprise,0.18917835,0.0047450964,0.00365194,0.044521622,0.18591323,0.5719898
eeam27i,joy,joy,0.0017011105,0.000316472,0.0002294903,0.9960238,0.00044462792,0.0012845855
eeaom48,sadness,sadness,0.017465983,0.004115276,0.0024009917,0.01860708,0.9535256,0.0038851341
eeaothh,joy,joy,0.0029157188,0.0003008113,0.0001809698,0.9931859,0.0010215838,0.0023949568
eeaph3u,surprise,surprise,0.004573976,0.0014724162,0.002163226,0.003503093,0.0052688834,0.9830184
eeaphwn,joy,joy,0.001223849,0.00029109503,0.0002917838,0.99673635,0.0006533197,0.0008035748
eeapijn,anger,anger,0.49331185,0.0030284356,0.002508676,0.41463614,0.018950066,0.06756481
eeapnl5,sadness,sadness,0.0075593013,0.0027761275,0.0025114254,0.013686436,0.9692012,0.0042655063
eeaqlth,anger,anger,0.9371393,0.00476728,0.0019407248,0.038109157,0.009846184,0.008197406
eeaqm41,joy,joy,0.0013529862,0.00038086102,0.00036423848,0.9963821,0.0004642296,0.0010555806
eearbor,joy,joy,0.00378536,0.0005024186,0.0002368368,0.9879054,0.0015357898,0.0060341223
eearkgr,joy,joy,0.0011900445,0.00029767147,0.0002421871,0.99658406,0.0008329329,0.00085304474
eeaspoo,joy,joy,0.0013132605,0.00030641598,0.00028907813,0.99661034,0.0006098827,0.00087090686
eeatg47,joy,joy,0.0012520014,0.00030324043,0.000278622,0.9960217,0.00088950497,0.0012549378
eeathxb,joy,joy,0.0012299281,0.00030531504,0.00027705188,0.99645233,0.0005152649,0.0012201433
eeauff2,anger,anger,0.9623115,0.021018764,0.0015530172,0.0064055575,0.0059522246,0.002758969
eeausvm,joy,joy,0.01094276,0.0010510916,0.0010453524,0.9816382,0.0017111937,0.003611295
eeavlvv,joy,joy,0.0016411415,0.00035649765,0.00023322209,0.99600476,0.00073873764,0.0010256656
eeavpal,joy,joy,0.0013626633,0.00045769656,0.0004564353,0.9961552,0.00045181453,0.0011162596
eeavyn9,joy,joy,0.0009470456,0.00036636414,0.0004107817,0.99685174,0.0004359327,0.000988104
eeawl2t,sadness,joy,0.07208004,0.003412997,0.004453392,0.6860286,0.20938526,0.024639746
eeawofv,joy,joy,0.0010775097,0.0003993947,0.00044356036,0.9964887,0.00039346388,0.0011973759
eeawzps,surprise,joy,0.05575698,0.0021788196,0.001113841,0.9322102,0.0031646139,0.005575574
eeaxu1h,joy,joy,0.0013069817,0.00030763334,0.00023202898,0.9965653,0.00072092045,0.00086720096
eeaxzf8,joy,joy,0.0044074855,0.0012734024,0.0008118846,0.9253728,0.0024544876,0.06568001
eeay7pk,joy,joy,0.0011444789,0.00032742685,0.0002876376,0.9954692,0.0004899843,0.0022812237
eeayt4j,joy,joy,0.0019944052,0.00036007882,0.00025423768,0.9953785,0.0008357904,0.0011770123
eeazyw0,anger,fear,0.3843312,0.14075948,0.41071105,0.020279255,0.02167354,0.022245495
eeb1bcd,joy,joy,0.0012245621,0.000331175,0.00046689803,0.99506986,0.0008037632,0.0021037532
eeb263o,joy,joy,0.0013728705,0.00041165954,0.0005260656,0.9960096,0.0005831512,0.0010966654
eeb319r,joy,joy,0.0031186466,0.0004258558,0.00037854695,0.9938478,0.0006468765,0.0015823497
eeb3512,joy,joy,0.0025251852,0.00027237379,0.0002699564,0.99118865,0.001878227,0.0038655035
eeb43em,joy,joy,0.003184901,0.00045860847,0.00035959258,0.98603016,0.0008829251,0.009083795
eeb4j5e,surprise,surprise,0.0076326546,0.0016363438,0.0019775587,0.018223606,0.0034983167,0.96703154
eeb4nc1,joy,joy,0.0035648858,0.00052760134,0.00039751182,0.9913583,0.0014687313,0.0026830127
eeb4vy2,joy,joy,0.0011313271,0.00035230452,0.00032572742,0.99653256,0.00092992256,0.0007281823
eeb4zdg,anger,anger,0.89042836,0.00492872,0.0032991315,0.044901155,0.04194133,0.014501207
eeb5zu1,anger,sadness,0.24251541,0.018936237,0.005981253,0.019244604,0.6641082,0.04921422
eeb60pw,surprise,joy,0.080634646,0.0051635485,0.004800966,0.7074386,0.050780494,0.15118177
eeb658n,surprise,anger,0.63869476,0.0065880036,0.0028323857,0.09338016,0.072261505,0.1862431
eeb7ptw,joy,joy,0.015082019,0.0008522946,0.0013759169,0.9092253,0.009139371,0.0643251
eeb8kev,joy,joy,0.0018067819,0.00028289936,0.00023190423,0.995063,0.00042978986,0.0021856015
eeb9vgz,joy,joy,0.0012953252,0.00030955442,0.00025453587,0.9956246,0.00041094839,0.0021050454
eebatsv,fear,fear,0.01374616,0.019328473,0.91874754,0.009563914,0.018284388,0.020329501
eebba2y,joy,joy,0.004769492,0.00095836405,0.0006290348,0.99035335,0.001239842,0.0020498973
eebcc3v,joy,surprise,0.029273544,0.0026145792,0.0038115804,0.42625296,0.011806369,0.52624094
eebciyt,joy,joy,0.011006516,0.0016717032,0.0015465985,0.97456926,0.005169677,0.0060362727
eebcsjz,joy,joy,0.0048095845,0.00059061986,0.0004251563,0.9919362,0.00078930066,0.0014491056
eebdydi,joy,joy,0.0016169599,0.00036985026,0.0002027692,0.9961218,0.00050761405,0.0011809873
eebee19,surprise,anger,0.59421235,0.008275755,0.015097515,0.25099036,0.06250234,0.06892175
eebf27r,surprise,surprise,0.0500494,0.0027773785,0.002678514,0.022135887,0.012453646,0.9099052
eebgjvn,surprise,surprise,0.009438372,0.0029182748,0.0017169983,0.008304005,0.0083010085,0.96932125
eebgrbg,joy,joy,0.0016451549,0.00041307983,0.000263191,0.9958482,0.00056657335,0.0012637958
eebhe0m,joy,joy,0.0011927315,0.0003616127,0.00030773698,0.9968183,0.0005214493,0.00079818995
eebhhkr,surprise,sadness,0.11209779,0.007495197,0.0077747516,0.061447773,0.6244979,0.18668656
eebhk1l,joy,joy,0.007087456,0.0005066817,0.0012105785,0.985195,0.0018122019,0.0041881264
eebim53,anger,anger,0.9668109,0.006114338,0.0017456341,0.0057863723,0.0052781096,0.014264738
eebjuuq,joy,joy,0.0010821654,0.00027899473,0.00026732785,0.99652404,0.0005566482,0.0012907975
eebk4zh,joy,joy,0.0020492251,0.0003625686,0.00025116486,0.9947497,0.0014085332,0.0011787674
eeblajb,joy,joy,0.0012600089,0.00038798663,0.000286869,0.99656856,0.00045606765,0.0010404427
eeblgsz,joy,joy,0.0021810813,0.0003759912,0.00052632956,0.98308116,0.0016286181,0.012206835
eeblxhe,joy,joy,0.0020409976,0.00044656632,0.0007313214,0.9928671,0.0020063075,0.0019077068
eebme6s,anger,anger,0.97727764,0.005058562,0.0012214241,0.010163587,0.003055688,0.0032231004
eebnf4u,surprise,surprise,0.0035224375,0.0014280825,0.002216319,0.012617101,0.0048528602,0.97536325
eeboiyt,surprise,joy,0.0013604759,0.00043003148,0.00042893685,0.9932173,0.0004717813,0.004091416
eebpcwt,surprise,surprise,0.0027208684,0.0011332202,0.0021432068,0.009021594,0.0030944522,0.9818865
eebpo9g,sadness,sadness,0.005789927,0.0027890978,0.004160272,0.026408404,0.9557076,0.00514472
eebqebz,joy,joy,0.0014757247,0.00051600114,0.00040434627,0.9955374,0.00044612781,0.0016204064
eebti1e,sadness,sadness,0.0053008115,0.0023347216,0.013743131,0.028347256,0.9271612,0.023112854
eebtq8m,surprise,surprise,0.008043577,0.0013342283,0.0019593304,0.032374386,0.007948032,0.9483404
eebtrgx,joy,joy,0.0028240196,0.00030380755,0.0003682963,0.9918983,0.00074232236,0.0038631647
eebtsbi,joy,joy,0.0011524648,0.00038963553,0.00030565917,0.9968033,0.00047156317,0.0008774608
eebtw1u,joy,sadness,0.048565187,0.005823304,0.0037469289,0.14602871,0.7868411,0.008994855
eebu7wh,surprise,anger,0.952904,0.014009273,0.0053309915,0.009094855,0.008194037,0.010466884
eebvpzo,anger,joy,0.21690182,0.0035001286,0.0011785304,0.7619429,0.0074381065,0.009038454
eebwc9l,joy,joy,0.0021982084,0.00034237222,0.00020317727,0.9955123,0.0004613457,0.0012825057
eebwp4z,anger,anger,0.8303077,0.008887744,0.0016191287,0.037263,0.08946126,0.03246116
eebwquw,joy,joy,0.27508134,0.008219326,0.0014799945,0.70112133,0.008474847,0.0056230985
eebxklz,joy,joy,0.007266668,0.00080383156,0.0007099514,0.98533964,0.0009771752,0.004902812
eebxspf,surprise,sadness,0.008981043,0.0023836847,0.0034510312,0.00985354,0.9514973,0.023833381
eebxv46,joy,joy,0.0035596732,0.00034344714,0.0003738991,0.9934808,0.0007843221,0.0014579641
eeby48k,sadness,sadness,0.0091860285,0.006009624,0.0034517606,0.008869011,0.96729785,0.005185844
eebzc9y,joy,joy,0.0016444266,0.00029801036,0.0002324746,0.9958982,0.0008948905,0.0010320009
eebzvi7,joy,joy,0.0011458005,0.00039595575,0.00030992483,0.99679023,0.0005468183,0.0008112592
eec0vsk,sadness,anger,0.6018559,0.050003927,0.015881166,0.027744321,0.035533845,0.2689809
eec1mx2,sadness,surprise,0.05222563,0.017270999,0.004509824,0.028103644,0.11529602,0.78259397
eec1z73,disgust,fear,0.09091707,0.030523917,0.6872222,0.04384724,0.11224496,0.035244677
eec3itg,anger,surprise,0.01706151,0.0018790362,0.0015877852,0.011796324,0.00841369,0.95926166
eec49g9,joy,joy,0.0014003132,0.00030104775,0.0003003612,0.99647313,0.0006291799,0.000895979
eec4bca,anger,anger,0.9651756,0.013713151,0.0015306538,0.005000975,0.0029398964,0.01163972
eec6a2r,sadness,sadness,0.018029837,0.00578323,0.001929465,0.011091356,0.9577948,0.0053713326
eec75cy,joy,joy,0.0024182766,0.0003753084,0.00029903825,0.993763,0.0008592583,0.0022850411
eec7780,joy,joy,0.0032328991,0.00036800728,0.00036054262,0.99294585,0.0011821315,0.0019106101
eec8de7,joy,joy,0.35483748,0.005520872,0.003965838,0.58240837,0.009966378,0.043301035
eec9tfo,joy,anger,0.6053451,0.0038231954,0.0038288129,0.3511801,0.010988711,0.02483412
eecb135,joy,joy,0.0016875806,0.000283484,0.00030763214,0.99369437,0.0005241285,0.0035027259
eecegk1,joy,joy,0.006518151,0.00058998226,0.00039710008,0.98496926,0.0013980243,0.006127495
eeceiy8,anger,anger,0.72214186,0.21167922,0.0186598,0.0059556826,0.0262768,0.015286532
eechsax,joy,joy,0.0032124778,0.0005960425,0.00027545376,0.9939022,0.0008299517,0.0011839271
eechx7k,anger,sadness,0.28180903,0.03615403,0.010602149,0.052241948,0.606752,0.01244087
eecki21,joy,joy,0.0011473378,0.00035975006,0.00031078793,0.995917,0.00042806877,0.0018370426
eeckq47,surprise,surprise,0.003358863,0.00095135794,0.0016536246,0.00469784,0.0057836296,0.98355466
eeclq34,joy,joy,0.009220384,0.0013023264,0.0023880918,0.64689374,0.009569751,0.3306257
eeclx2e,joy,joy,0.0011994824,0.00033436617,0.00027738707,0.9961861,0.0004349888,0.0015676795
eecny47,joy,joy,0.0026843152,0.0005924803,0.0005785199,0.9695711,0.0020588879,0.024514666
eecoca2,anger,anger,0.8810717,0.09472964,0.0035384295,0.007544932,0.0074633844,0.0056518926
eecp1lg,surprise,surprise,0.015314716,0.00224374,0.0019157715,0.035160802,0.016835997,0.9285289
eecqt7n,joy,joy,0.031784847,0.0024247044,0.002410495,0.68109155,0.1567386,0.12554985
eecqvpr,surprise,surprise,0.017890915,0.002219291,0.0016271457,0.15951854,0.011005022,0.8077391
eecrzhf,joy,joy,0.0012615403,0.00032882957,0.00027794123,0.996795,0.00055501895,0.0007817072
eecuz47,sadness,surprise,0.33570874,0.008203628,0.0028407527,0.08025438,0.14289579,0.43009666
eecuzmf,sadness,sadness,0.00485149,0.0038099068,0.0055832453,0.005034214,0.97673607,0.003985047
eecwbwc,joy,joy,0.0022599578,0.00051494903,0.00029092623,0.99416345,0.0004902258,0.0022805617
eecxvy7,sadness,sadness,0.019754885,0.0033185997,0.0033597553,0.07171705,0.88575953,0.016090097
eeczxp0,joy,joy,0.21128984,0.0038492498,0.0024015028,0.5811546,0.18717034,0.014134479
eed0ko7,anger,anger,0.8996757,0.006271537,0.0015059757,0.040649466,0.033625703,0.018271606
eed0oa6,joy,sadness,0.1435003,0.008527744,0.003580914,0.2867246,0.5269004,0.03076597
eed1tb2,joy,joy,0.0016577727,0.00041101544,0.0003448235,0.9950836,0.001301429,0.0012013825
eed21hs,surprise,surprise,0.0032681914,0.0011966391,0.0017828044,0.0056032105,0.0035458999,0.9846032
eed2dnq,joy,joy,0.0010189881,0.00033449987,0.0003580483,0.9956649,0.00046758575,0.0021559782
eed34xr,joy,joy,0.0028969003,0.00046285935,0.00039907245,0.9843465,0.0016232115,0.010271417
eed4q41,surprise,surprise,0.0033558612,0.0014882869,0.0019477045,0.0077544968,0.0031429953,0.98231065
eed6kum,anger,sadness,0.15557465,0.0069263685,0.011424928,0.043707147,0.7250881,0.057278834
eed6wlf,anger,anger,0.9596104,0.010319375,0.0007543598,0.015193322,0.00669212,0.0074305166
eed7yil,joy,joy,0.010848033,0.00082805427,0.00073941756,0.9814215,0.0034731154,0.0026898102
eed98dl,anger,surprise,0.38457537,0.0068395063,0.003618445,0.048981313,0.05073359,0.5052518
eed9qdm,joy,joy,0.0007983841,0.00031567653,0.0003794453,0.9968297,0.00061094615,0.0010659073
eeda892,surprise,surprise,0.00747421,0.0016942923,0.002145992,0.006264803,0.0045191343,0.97790146
eedalgu,joy,joy,0.0024880194,0.00043922078,0.0003078579,0.9947025,0.000495092,0.0015672559
eedc9x3,fear,joy,0.013964814,0.011236882,0.038065385,0.8984157,0.005786198,0.03253106
eedcavj,surprise,surprise,0.0046699457,0.0011812028,0.0017216553,0.028497852,0.0029328165,0.96099645
eedclue,disgust,disgust,0.038801868,0.8858824,0.0370658,0.008401198,0.022210281,0.007638458
eeddf0d,sadness,sadness,0.005916644,0.0040204697,0.0035039412,0.0052979025,0.97778374,0.0034773266
eeddi3d,fear,fear,0.017295707,0.029318351,0.88942593,0.018689103,0.01636362,0.028907226
eeddpmt,fear,fear,0.012403492,0.012450602,0.86213404,0.044865135,0.023990462,0.044156246
eedegp1,anger,anger,0.45406458,0.40522176,0.032261726,0.005477511,0.09455477,0.008419685
eedf1f1,joy,joy,0.0013444385,0.00032942073,0.0003059942,0.9965616,0.00062714604,0.00083134155
eedg8nz,joy,joy,0.001994372,0.00042258925,0.00055601576,0.9908504,0.0011464194,0.0050302856
eedgc7u,joy,joy,0.0042207404,0.0005743812,0.0010570675,0.9562396,0.0016232136,0.036285017
eedgxtu,joy,joy,0.0062465905,0.00076378346,0.00038749506,0.98986816,0.0012825332,0.0014514044
eedhkjf,anger,anger,0.90017,0.07033551,0.0020241968,0.005499499,0.018515185,0.0034556256
eedj8it,joy,joy,0.005477206,0.0004852073,0.00039771933,0.9906922,0.0008578662,0.002089812
eedjls2,joy,joy,0.0015062809,0.00033188672,0.00029032107,0.9962159,0.0006747965,0.0009809103
eedjq9k,anger,anger,0.95765233,0.007029631,0.0012149872,0.026684845,0.003546043,0.0038721845
eedjzv6,joy,sadness,0.029032353,0.024886405,0.0151625555,0.012526161,0.8927414,0.025651142
eedkjwi,anger,sadness,0.059599936,0.23858804,0.13123195,0.0089716595,0.5454634,0.016145008
eedl0ig,anger,anger,0.7438382,0.004081086,0.0015637202,0.22171819,0.022247754,0.00655105
eedlycq,sadness,sadness,0.10287113,0.007344522,0.0075415466,0.19640571,0.52038956,0.16544755
eedm0d0,anger,anger,0.86243856,0.0049204114,0.0013668097,0.02983228,0.051275566,0.050166324
eedmqra,fear,fear,0.016242135,0.020235932,0.8997133,0.018140698,0.018664362,0.027003588
eedmyod,joy,joy,0.0014776697,0.00035690513,0.0003094187,0.99635714,0.00042439412,0.0010745013
eedpshm,joy,joy,0.0015012352,0.000378996,0.00032573097,0.9925995,0.0005517731,0.0046427525
eedq294,joy,joy,0.0016649794,0.00043592518,0.00044757582,0.9881918,0.00065372593,0.008605954
eedqo1q,joy,joy,0.0013181927,0.00037884578,0.00028255826,0.9966899,0.00043702923,0.00089339126
eedrfyd,joy,joy,0.02023879,0.0017712505,0.0016993799,0.9104119,0.05352066,0.012358037
eedrs7n,joy,joy,0.014586141,0.00088009104,0.00090843055,0.9708282,0.001939997,0.0108572375
eeds40y,sadness,sadness,0.007340105,0.0030388627,0.0032274604,0.0517237,0.92404467,0.010625191
eedummw,joy,joy,0.0009620492,0.000311279,0.00025899944,0.99599445,0.0007443948,0.0017287562
eedur4c,joy,joy,0.0039794655,0.0004019609,0.00020096281,0.99185115,0.00069210574,0.0028742712
eedwbky,joy,joy,0.0012807632,0.0003119346,0.0003355046,0.99517906,0.0020221595,0.00087063987
eedwkv0,sadness,joy,0.009130818,0.0035077357,0.006527316,0.5513049,0.4240038,0.0055254516
eedwlca,joy,joy,0.0049943663,0.0005950307,0.0007125152,0.9833024,0.003472338,0.006923432
eedzu32,anger,anger,0.96473485,0.013025884,0.0006962418,0.008098803,0.009506801,0.0039374204
eee001l,joy,joy,0.0015221328,0.00033388307,0.00030466315,0.9949393,0.001915434,0.0009845569
eee0a09,surprise,surprise,0.005319251,0.0014447961,0.0036140028,0.3152675,0.008153556,0.66620094
eee0qb5,sadness,sadness,0.013663399,0.0043596006,0.0021982745,0.009996705,0.96387255,0.005909372
eee27w1,joy,joy,0.0016158449,0.000385877,0.00028588113,0.9961903,0.0005179597,0.0010041553
eee2bou,joy,joy,0.0016498507,0.000385843,0.00020935788,0.99610966,0.00070159195,0.0009437107
eee4pu3,surprise,surprise,0.03839745,0.0020687417,0.0026160276,0.14335482,0.039015625,0.77454734
eee4q1a,sadness,sadness,0.0054821144,0.0039352286,0.005933048,0.030739004,0.9482386,0.0056718844
eee54od,surprise,surprise,0.0026513995,0.0014852756,0.0025185808,0.0055604824,0.0032065173,0.9845777
eee55te,joy,joy,0.0029669842,0.0002816286,0.00040659643,0.98797053,0.0018692693,0.0065049813
eee5j9g,joy,joy,0.001010983,0.00030034842,0.00026907734,0.99687374,0.00057929935,0.0009665602
eee6ufi,surprise,anger,0.92221755,0.016464334,0.0021483924,0.020452695,0.011088352,0.027628688
eee7t3j,joy,joy,0.0035717713,0.00046602925,0.0002557891,0.98989385,0.00094241323,0.004870144
eee7y95,joy,joy,0.0027505683,0.00041465988,0.00043906822,0.99052244,0.002499308,0.0033739482
eee8ir7,joy,joy,0.002345454,0.00036773176,0.00033524388,0.9945755,0.0010290298,0.0013470541
eee8m3p,disgust,disgust,0.07414545,0.8270235,0.076862104,0.005094053,0.011424619,0.005450194
eee8x2v,anger,anger,0.9605764,0.021660684,0.0011454384,0.0050583156,0.008557806,0.0030014205
eee9b0g,joy,joy,0.0017584276,0.0002510508,0.00031034538,0.99525994,0.0005325253,0.0018877466
eeea235,joy,joy,0.0010895303,0.00037682237,0.00029248634,0.9968901,0.0004446269,0.0009064119
eeea95l,sadness,anger,0.875577,0.07908276,0.0019305624,0.009803622,0.028150264,0.0054558734
eeeb9b2,surprise,sadness,0.0075183357,0.0038745722,0.008969299,0.008928236,0.96579385,0.0049157636
eeebmhi,anger,surprise,0.10794132,0.0035353042,0.0033824355,0.024780637,0.01621616,0.8441441
eeec0i4,anger,anger,0.97743714,0.005534216,0.0008677271,0.007351824,0.0036504604,0.0051586316
eeec9h5,joy,joy,0.0014787867,0.0004908587,0.0005032432,0.9944508,0.00037213866,0.002704191
eeeccep,sadness,joy,0.009921367,0.0010922302,0.00050564023,0.9814865,0.0045263893,0.0024679282
eeecutl,anger,anger,0.96927285,0.012530589,0.0033388638,0.0038140751,0.003443422,0.007600255
eeed7k5,surprise,surprise,0.007564301,0.0018048029,0.0027062867,0.004098558,0.0047375318,0.9790885
eeedbeb,joy,joy,0.0028022588,0.0003926296,0.00039086284,0.98667973,0.0017604134,0.007974191
eeees1l,joy,joy,0.001672135,0.0003413176,0.00026433388,0.9961583,0.0007231178,0.00084084086
eeeg0is,joy,joy,0.04459295,0.0020812866,0.0051016137,0.9286429,0.012491681,0.0070895185
eeeg69u,sadness,sadness,0.06638477,0.0056773606,0.069222026,0.32780895,0.45086884,0.08003814
eeegg5k,joy,joy,0.0016088696,0.0003938918,0.00033961132,0.9955367,0.0005268825,0.0015940986
eeegppm,surprise,anger,0.5163202,0.0059195417,0.002527279,0.26738453,0.13079579,0.07705267
eeehy7b,anger,joy,0.003955385,0.0005257596,0.0006551167,0.9907611,0.0012300143,0.0028725408
eeeif15,surprise,joy,0.010219659,0.0022161237,0.0030093945,0.9096529,0.014871181,0.060030762
eeelwg0,joy,joy,0.0017861807,0.0005038851,0.0005422813,0.99488914,0.0004993224,0.0017792238
eeem48t,joy,sadness,0.33079296,0.007839907,0.005458316,0.0811478,0.4861317,0.08862929
eeen2hp,joy,joy,0.0012635011,0.00038750705,0.00031891884,0.9966538,0.00041744518,0.00095886196
eeenm81,joy,joy,0.00092690095,0.0003239027,0.0004386436,0.9966869,0.00046351054,0.0011602234
eeeokzd,surprise,surprise,0.01871711,0.0013019795,0.0017656627,0.025928944,0.007228947,0.9450574
eeepopj,anger,anger,0.9171953,0.029458402,0.0010571219,0.010640088,0.03789793,0.0037511212
eeepz1x,joy,joy,0.0009980184,0.0003095554,0.00033064818,0.99632865,0.0012241126,0.0008090155
eeeqatj,joy,anger,0.5196948,0.0075977873,0.0021476063,0.31079125,0.13618042,0.023588194
eeeqvdn,joy,joy,0.001297951,0.00029650272,0.0003081256,0.99658775,0.0007087714,0.00080084713
eeer10a,joy,joy,0.0011302668,0.0002999704,0.00028434335,0.99657464,0.00044446264,0.0012663216
eeer9ys,joy,anger,0.7345131,0.0066183917,0.0027749154,0.14391223,0.049975973,0.062205385
eeersug,sadness,joy,0.010879439,0.0016009188,0.003639028,0.645999,0.31964675,0.018234825
eeerudt,joy,joy,0.001546205,0.000391677,0.000384163,0.99579096,0.00042865612,0.0014582819
eeesars,joy,joy,0.4239364,0.0036355986,0.0017544606,0.49214712,0.021759614,0.056766827
eeesuie,surprise,surprise,0.025059145,0.0022998354,0.0018497679,0.034397315,0.015040064,0.9213539
eeetl27,joy,joy,0.001492602,0.00032437796,0.00034171407,0.99624544,0.00048734067,0.0011084261
eeeusj1,surprise,anger,0.8541197,0.011290266,0.0022235045,0.011397378,0.010108111,0.11086104
eeewcfa,disgust,disgust,0.14363228,0.73570037,0.06772111,0.0049330727,0.03891585,0.009097301
eeewh5f,sadness,sadness,0.0066736126,0.003164158,0.0035211076,0.015132648,0.96729827,0.004210105
eeexo6j,joy,joy,0.0017438771,0.00043549557,0.00023188979,0.99454194,0.00078687235,0.0022599646
eeeydlf,surprise,joy,0.014662232,0.0014786149,0.0017641308,0.5975866,0.010408386,0.37410012
eeeyrof,joy,surprise,0.027568417,0.0019323874,0.0025743023,0.03507157,0.039111715,0.8937416
eeezcc7,anger,joy,0.010806276,0.00056179054,0.0008640722,0.95078415,0.010727357,0.026256386
eef0879,joy,anger,0.39003786,0.006344532,0.004311731,0.3328799,0.17129493,0.0951311
eef0tlo,fear,fear,0.014109564,0.022601394,0.8995628,0.009394493,0.014181954,0.04014984
eef2htq,sadness,anger,0.47177586,0.04754005,0.019388396,0.010035929,0.4188463,0.032413393
eef2ttu,joy,joy,0.0012322306,0.00033655053,0.00036376913,0.9960729,0.0011925814,0.0008018935
eef44er,joy,joy,0.0022488534,0.00045716605,0.0004213859,0.98385555,0.0017931835,0.011223865
eef48yd,fear,fear,0.01482919,0.012305797,0.850788,0.059034765,0.036924336,0.026117895
eef4frp,joy,joy,0.0013242261,0.00032552498,0.00029728614,0.9941955,0.0005177482,0.003339798
eef56i6,joy,joy,0.0012165086,0.0002490821,0.00033275769,0.99540025,0.0012011707,0.0016002031
eef5dlh,joy,joy,0.0017208454,0.00043628248,0.00024839066,0.9960108,0.00072834577,0.000855338
eef5u9p,joy,joy,0.02720197,0.001338934,0.0007789967,0.95843416,0.006150649,0.006095275
eef7d73,joy,joy,0.0017128469,0.00042793129,0.00040418137,0.99548835,0.00037600036,0.0015907182
eef7siy,joy,joy,0.0012500227,0.00032353142,0.00030850573,0.9964972,0.00088795007,0.00073279435
eef89q4,anger,anger,0.97433245,0.0072325384,0.0008368803,0.010295733,0.003515951,0.0037864218
eef8b00,surprise,surprise,0.0039480706,0.001624381,0.001908011,0.0058559314,0.003846291,0.9828173
eef9819,joy,joy,0.013648918,0.0009393655,0.00054775935,0.9734945,0.0026923001,0.008677232
eef9wd2,joy,sadness,0.011813709,0.003747424,0.004240451,0.24273272,0.7269513,0.010514373
eefaj6f,joy,joy,0.0008817045,0.00028930276,0.0002967684,0.9967249,0.0009878936,0.00081934646
eefbq4h,joy,joy,0.00142107,0.0003747332,0.00028632936,0.9963297,0.0007164132,0.00087176455
eefbttd,joy,joy,0.0012497656,0.0003163183,0.00027663808,0.99659735,0.0006805075,0.0008794555
eefd54x,joy,joy,0.0013649514,0.0003321053,0.00026076243,0.99646133,0.00078979746,0.0007910163
eefds81,joy,surprise,0.01229849,0.0019317034,0.001617495,0.12184526,0.009675924,0.85263115
eefe4ze,joy,joy,0.0028036577,0.00039842783,0.0004094668,0.9849582,0.0009678362,0.01046242
eefedmx,joy,joy,0.001496183,0.00039420466,0.00024299172,0.9964965,0.0004632422,0.0009068804
eefev2w,surprise,surprise,0.002930627,0.0017365634,0.0031349075,0.0052717943,0.0033698818,0.9835563
eefg325,fear,fear,0.010968709,0.013835368,0.919151,0.011867855,0.01643098,0.027745992
eefgsta,joy,joy,0.0014162657,0.0002548306,0.00021910694,0.99597245,0.00077586644,0.0013613848
eefiopr,surprise,surprise,0.005435866,0.0016999049,0.0027886934,0.014696446,0.0060178447,0.96936125
eefjgko,joy,joy,0.0054290066,0.00058305456,0.00049638434,0.97513914,0.0014368276,0.016915668
eefjh2w,anger,sadness,0.26328674,0.025740664,0.0031261216,0.27817902,0.27826384,0.15140364
eefkzci,joy,joy,0.003109779,0.00046352524,0.0003354819,0.9837928,0.00086136087,0.011437015
eeflebd,surprise,surprise,0.0031617724,0.0012948068,0.0024564543,0.004672485,0.0031048153,0.98530966
eefmv5g,joy,joy,0.003813679,0.0007990434,0.000706184,0.9903206,0.0007752472,0.003585233
eefol3s,joy,joy,0.001036752,0.00033319852,0.00035019958,0.996798,0.0004319536,0.0010499242
eefoxs7,joy,joy,0.0011143927,0.00033030173,0.00024274366,0.9966305,0.0004912773,0.0011907624
eefpto5,joy,joy,0.0014627489,0.0004349824,0.00033957843,0.9938897,0.0005395188,0.0033334324
eefr0rq,joy,joy,0.4403047,0.026064783,0.004955488,0.4982967,0.017863352,0.0125149535
eefr1k0,surprise,surprise,0.0021699355,0.0014142741,0.00308714,0.007496694,0.003205058,0.98262674
eefrsft,joy,anger,0.74301326,0.004271218,0.0020335081,0.15501605,0.009867806,0.085798234
eeft7nc,joy,joy,0.0010155392,0.0002670874,0.00023872952,0.99577856,0.0011339253,0.001566088
eefthh7,sadness,sadness,0.03237045,0.005204732,0.010619045,0.19800746,0.7270704,0.026727892
eeftq0a,joy,joy,0.0030389924,0.000518293,0.00052147475,0.9925323,0.0006862335,0.0027026483
eeftq4c,joy,joy,0.0010426844,0.00027980696,0.00028020027,0.9969368,0.00063446583,0.0008260802
eefw6wy,surprise,joy,0.0012961101,0.00025666005,0.00022751118,0.995415,0.0013470441,0.0014576241
eefy8i9,joy,joy,0.00096675154,0.00029267534,0.00026496346,0.9966348,0.00041446622,0.0014263476
eefyfj2,anger,anger,0.97437245,0.009319622,0.0011271592,0.008112587,0.0034180211,0.0036501575
eeg14mm,surprise,surprise,0.0039601447,0.001570237,0.0027226908,0.0031496356,0.0036904076,0.9849068
eeg151e,anger,disgust,0.30679533,0.4437594,0.2117635,0.0076590264,0.018087633,0.011935191
eeg251g,joy,disgust,0.06880337,0.8519231,0.049195733,0.006655652,0.016367117,0.0070550493
eeg2a1h,anger,joy,0.15638201,0.0047377218,0.0012797108,0.80104494,0.028103374,0.008452288
eeg2bai,surprise,anger,0.46930635,0.106798045,0.008836382,0.010086919,0.18939622,0.21557608
eeg2ht9,sadness,sadness,0.01111205,0.0025199358,0.011751122,0.22597459,0.7084287,0.040213645
eeg4ru0,surprise,surprise,0.0042407,0.0015043342,0.0020078584,0.0096971905,0.0033499957,0.97919995
eeg52n0,joy,joy,0.0012206534,0.00030073008,0.00023244446,0.99611294,0.00072014116,0.0014130526
eeg5phq,joy,joy,0.0011006361,0.00032350817,0.00027532346,0.9968514,0.00067398284,0.00077517115
eeg6zvp,joy,joy,0.0019853092,0.00048821417,0.0002978522,0.9953365,0.00049048016,0.0014017316
eeg7b89,joy,sadness,0.114335895,0.039022442,0.007317031,0.12965764,0.6086055,0.101061456
eeg7h5d,surprise,anger,0.63361853,0.009088668,0.0045312606,0.021379832,0.0075320015,0.3238497
eeg8ezh,joy,joy,0.035431683,0.0030655994,0.0062812427,0.616024,0.096208364,0.24298905
eeg8f1b,surprise,surprise,0.0037737682,0.0017299558,0.0026502241,0.0035319964,0.0050221724,0.9832918
eeg8wtf,joy,joy,0.0012036265,0.00037415203,0.0002709661,0.9966594,0.0007433043,0.00074857456
eeg92jh,surprise,surprise,0.010795615,0.004706031,0.0033189072,0.0031507206,0.005735232,0.9722935
eegb8ab,joy,joy,0.00091938314,0.00036821418,0.00035920154,0.99685717,0.00039517067,0.0011008331
eegbeoy,joy,joy,0.017947385,0.0009783226,0.0018882405,0.8536879,0.007340716,0.11815743
eegd2kq,anger,anger,0.976118,0.0043143425,0.00084711495,0.010167382,0.0035246338,0.0050284644
eegdaz7,surprise,surprise,0.009574871,0.0013724318,0.0015577279,0.021542793,0.009795899,0.9561562
eegdgoo,surprise,surprise,0.0037788798,0.0013053538,0.0017632346,0.012660023,0.0036897054,0.9768028
eege3fw,anger,surprise,0.012283593,0.0011934945,0.0015940348,0.021373281,0.0063689495,0.9571866
eege8tk,joy,joy,0.0010443296,0.00034775896,0.00039552109,0.9966665,0.0004275204,0.0011183327
eegfaxf,surprise,surprise,0.0065050735,0.0015553763,0.0017412098,0.0045881947,0.0029610605,0.9826491
eeggqs5,sadness,sadness,0.097738445,0.0070785936,0.00232294,0.06267503,0.8174223,0.012762725
eeggtyp,anger,anger,0.82035,0.004203309,0.0022904838,0.15374498,0.011298438,0.008112694
eegh1ze,joy,joy,0.030695595,0.0018760181,0.0030952576,0.7996627,0.011536323,0.15313414
eegigu8,joy,joy,0.0011100763,0.00032864252,0.00030171682,0.99630487,0.0004026324,0.0015520087
eegij2q,joy,joy,0.0017029598,0.0003940043,0.00031191678,0.9937063,0.0026115486,0.0012733432
eegixpk,joy,joy,0.0011079353,0.00037382767,0.00032611738,0.9953695,0.00042273154,0.0023999088
eegjy2e,sadness,sadness,0.06981689,0.0054094354,0.010151876,0.02551644,0.83345866,0.055646658
eegk5xm,sadness,sadness,0.14279956,0.012406982,0.10868666,0.14812803,0.3593084,0.22867033
eegkwp2,joy,joy,0.0026170413,0.0004221761,0.00028474396,0.9911334,0.0007870668,0.004755632
eeglcvl,joy,joy,0.0017047693,0.0004301554,0.00033272404,0.9955902,0.000539772,0.0014024888
eeglh8d,joy,joy,0.1636073,0.005498708,0.002591003,0.7066227,0.038648512,0.08303178
eeglks7,joy,joy,0.0015432662,0.00034756702,0.00031414774,0.9963863,0.00046007975,0.00094870955
eeglmin,joy,joy,0.0028779309,0.00039918648,0.00025111323,0.9938387,0.0009339518,0.0016990848
eeglsgh,surprise,anger,0.9572448,0.011773273,0.0018022385,0.009702835,0.008180115,0.0112966355
eegly1s,joy,joy,0.00367776,0.0004646292,0.00048518245,0.97373563,0.00202384,0.019612925
eegnouh,joy,joy,0.0037278975,0.00036064978,0.00031771613,0.9855096,0.00077350944,0.009310679
eegowgp,joy,sadness,0.13531542,0.004646852,0.06015986,0.28507745,0.2920073,0.22279306
eegq15p,sadness,joy,0.16760114,0.010599139,0.01114001,0.5964806,0.14774504,0.06643406
eegqb4m,sadness,anger,0.9372537,0.014342073,0.0011292123,0.011016072,0.03218998,0.0040688743
eegt1rf,joy,joy,0.0010196989,0.00033683525,0.00030449932,0.9969302,0.00065640075,0.0007523067
eegt2pg,joy,joy,0.0011111182,0.00030938807,0.00025154944,0.99673367,0.00062530127,0.0009689544
eegvp8x,fear,fear,0.015033618,0.014044259,0.8772064,0.01789348,0.03883735,0.036984902
eegwzjr,anger,anger,0.9618237,0.018759293,0.0010830573,0.0050418046,0.009766217,0.003525878
eegwzy1,fear,fear,0.020665975,0.015108496,0.8944285,0.013186979,0.026823012,0.029786993
eegxyij,surprise,surprise,0.016004786,0.0034330238,0.004414522,0.11282343,0.15511109,0.70821315
eegyax8,joy,joy,0.002713452,0.00058746745,0.00026330573,0.99421036,0.00049484,0.0017306384
eegyfes,joy,joy,0.0027119354,0.0011739068,0.0038339032,0.96757966,0.0030602594,0.02164028
eegzxos,joy,joy,0.0010663639,0.0003066186,0.00041689337,0.9958068,0.00045877887,0.0019444872
eeh086a,joy,joy,0.0019569886,0.00042143694,0.0002586565,0.99542916,0.0004599838,0.001473743
eeh1ksv,surprise,surprise,0.018106686,0.0020900648,0.0024541523,0.024715556,0.035354964,0.9172786
eeh3h9n,joy,joy,0.016218664,0.008097378,0.010087335,0.9559896,0.004722958,0.0048840023
eeh4lqc,anger,anger,0.9389126,0.027287565,0.0009530285,0.0046639703,0.02343732,0.004745565
eeh6t6x,joy,joy,0.0013938905,0.00041700187,0.00031528628,0.9965739,0.00052484084,0.0007750414
eeh70ak,surprise,surprise,0.09968722,0.0028231211,0.002220274,0.01231289,0.008010022,0.8749464
eeh8kt7,anger,anger,0.9235481,0.01716696,0.0036250558,0.039860055,0.007055016,0.00874482
eeh9bzl,joy,joy,0.0015477906,0.0003666563,0.0002821906,0.9959162,0.0006269871,0.0012602016
eehaa3j,surprise,surprise,0.0034282499,0.0014666765,0.0019041083,0.009353907,0.005224048,0.97862303
eehaifd,joy,joy,0.017989116,0.0012649707,0.0007759097,0.9747438,0.0029242982,0.0023020203
eehb4an,joy,sadness,0.004558781,0.0023057987,0.0034710495,0.009207912,0.97643024,0.004026175
eehc02v,joy,joy,0.1815196,0.004475522,0.0008598424,0.7994525,0.007510028,0.006182475
eehc9df,anger,anger,0.9770278,0.009258229,0.00081715774,0.007503239,0.003228981,0.002164568
eehdjys,joy,joy,0.0013871551,0.0003639084,0.000565909,0.9948447,0.0007106929,0.00212768
eehfcu2,joy,joy,0.30248225,0.0027423415,0.0023258706,0.4968046,0.021890223,0.17375477
eehfi6a,surprise,surprise,0.015517128,0.002888844,0.0053620567,0.07498589,0.008576361,0.8926698
eehfpfx,joy,joy,0.0011553318,0.00023074397,0.00037768437,0.9946812,0.0006993129,0.0028557268
eehh6l0,joy,joy,0.011249033,0.0012076222,0.0016591216,0.9091831,0.023083564,0.053617563
eehhhlq,anger,joy,0.27720276,0.008652864,0.0018652829,0.6174033,0.06988677,0.024989063
eehi89m,anger,anger,0.9749116,0.010132527,0.0008844875,0.008541745,0.0030276342,0.0025020218
eehiwo8,sadness,sadness,0.005344815,0.0035356139,0.0029322817,0.007856913,0.97722787,0.0031025566
eehj2sm,anger,joy,0.354926,0.0035659142,0.0010237807,0.62136286,0.013853806,0.00526761
eehjdo3,joy,joy,0.00110024,0.00027080104,0.00031549082,0.99647236,0.0008626381,0.0009785066
eehk3jx,anger,anger,0.8492666,0.010082905,0.007548082,0.016669642,0.08230922,0.03412359
eehkf17,sadness,sadness,0.015927844,0.0035717732,0.0025468706,0.012815067,0.9451842,0.019954283
eehksno,surprise,surprise,0.0063219876,0.0018081369,0.0021183458,0.0026552216,0.003650282,0.98344594
eehm4uv,anger,anger,0.96987826,0.004985252,0.0018701927,0.016292762,0.0036837324,0.0032897284
eehmyk3,anger,anger,0.71873504,0.05497096,0.029898707,0.016991235,0.11976279,0.05964122
eehn7ii,joy,joy,0.033831496,0.0013308,0.0016500447,0.9425134,0.0048920643,0.01578221
eehoy3v,joy,joy,0.0014720203,0.00033356482,0.0002537567,0.9965233,0.00060215045,0.0008151226
eehp0pa,joy,joy,0.0030391368,0.00066333177,0.0004941873,0.9928237,0.0015250832,0.0014544342
eehp16n,surprise,surprise,0.0058493842,0.0015944804,0.0056567797,0.022194259,0.068973675,0.8957315
eehp42r,joy,joy,0.0010085495,0.00027830072,0.00030621694,0.9969047,0.00063808524,0.00086407067
eehq7r5,anger,disgust,0.10269773,0.8055779,0.06312425,0.0041657337,0.01637145,0.008063011
eehsab2,joy,joy,0.0068492917,0.00078413315,0.00052332337,0.98823816,0.0012388598,0.0023662767
eehsrhh,joy,joy,0.0011147093,0.0002960074,0.00031087795,0.99600804,0.0014298402,0.00084052084
eeht3vf,anger,anger,0.97056365,0.0070586912,0.0007938328,0.0063652177,0.00842271,0.006795807
eeht8hz,joy,joy,0.0013275637,0.0003880777,0.00034920016,0.99661714,0.0004033005,0.0009148045
eehtgt8,anger,anger,0.9033253,0.009781859,0.0026092394,0.0063904887,0.009982169,0.06791091
eehuu18,joy,joy,0.0016568956,0.00039875793,0.00028878008,0.99599695,0.0005086215,0.0011499868
eehuykx,joy,joy,0.001175085,0.00032759804,0.00027132788,0.99658066,0.0009549675,0.0006904413
eehvkz8,joy,joy,0.0015694591,0.00046642596,0.00027811129,0.9955546,0.0008904077,0.0012410216
eehvx0u,joy,joy,0.0013307111,0.00027239745,0.00033096512,0.996201,0.00078421226,0.0010807704
eehwaz5,sadness,surprise,0.13034208,0.0062308838,0.0034449298,0.031501923,0.016687684,0.81179255
eehx72v,joy,joy,0.0012346655,0.0003827568,0.00027073442,0.9958967,0.00041573087,0.0017994145
eehxe6g,joy,joy,0.4394795,0.017247418,0.0012235937,0.51572245,0.019138146,0.007188892
eehz3ye,surprise,surprise,0.021784358,0.0029769305,0.002707404,0.017669229,0.015443562,0.9394185
eei023b,joy,joy,0.001560226,0.00036649054,0.00039057145,0.9953695,0.00059714395,0.0017160798
eei1nic,sadness,anger,0.75854135,0.014683582,0.0049526473,0.07381211,0.10178677,0.046223555
eei1vfj,joy,joy,0.0032279703,0.0006039189,0.0004364577,0.99164575,0.0008435397,0.003242428
eei29d0,joy,joy,0.001991369,0.00037198592,0.00038893445,0.9956119,0.0007430176,0.00089279184
eei2g6l,fear,disgust,0.24636263,0.45799524,0.24434738,0.007934978,0.01610088,0.02725887
eei307g,surprise,sadness,0.042404238,0.008830472,0.048496973,0.013212005,0.4484189,0.43863732
eei3vfu,disgust,disgust,0.07703832,0.6673568,0.12016284,0.094575755,0.026995754,0.013870485
eei3vrb,anger,anger,0.9623922,0.012001695,0.00060575467,0.00982748,0.01061084,0.0045621037
eei42wu,anger,anger,0.96905667,0.016325211,0.00095987663,0.00523922,0.0052996236,0.0031194256
eei4ela,joy,joy,0.038181067,0.0030485871,0.001589611,0.49637538,0.012568939,0.44823632
eei4wly,joy,joy,0.0019287146,0.0002840045,0.00027630813,0.99455667,0.0015841308,0.0013701438
eei64qt,surprise,anger,0.9158805,0.0072555994,0.0016378651,0.009055456,0.0104691535,0.055701457
eei7ati,joy,anger,0.9502746,0.007915184,0.0038530186,0.019017676,0.009218888,0.00972065
eei7jjd,joy,fear,0.09134665,0.052365586,0.43531013,0.2657199,0.12627251,0.028985243
eei937o,joy,joy,0.0028372556,0.0006463811,0.0016924813,0.9753435,0.008982398,0.010498038
eeia0zq,joy,joy,0.005459937,0.0005146138,0.0005796728,0.9895219,0.00092658045,0.0029972387
eeia11h,anger,anger,0.97425145,0.005694351,0.001359981,0.0100899665,0.0043266085,0.004277699
eeiav5d,joy,joy,0.017544514,0.00094868534,0.0009840806,0.97467434,0.003644213,0.0022040962
eeibzrz,joy,joy,0.0016696405,0.00035152657,0.0004376655,0.99529123,0.0008255468,0.0014243848
eeidhj0,joy,joy,0.0041240253,0.00082271884,0.00068595615,0.9911782,0.0015668999,0.0016221699
eeie20s,joy,joy,0.0022638296,0.0005099831,0.00031856378,0.99403775,0.0005687753,0.0023012129
eeiey15,joy,joy,0.0077512474,0.00059757003,0.000513693,0.95054674,0.002655654,0.037935104
eeif5qi,joy,joy,0.0011650283,0.00032048827,0.00025233548,0.99683005,0.0005278347,0.0009043158
eeigczo,sadness,joy,0.0410117,0.0019253076,0.002566132,0.85447234,0.07983737,0.02018715
eeigkbc,joy,joy,0.0012714979,0.00027593944,0.00029341516,0.996463,0.0007296027,0.00096663565
eeih26j,joy,joy,0.0144525645,0.00081363856,0.00039409674,0.9623601,0.0037058224,0.018273707
eeij9uk,joy,joy,0.045349162,0.0014290932,0.0014811116,0.9365182,0.0031282732,0.012094172
eeijy15,joy,anger,0.5674469,0.0054441914,0.0031061927,0.38145086,0.020529557,0.022022346
eeiph3y,surprise,joy,0.06702501,0.0030837192,0.0017953858,0.6888262,0.0064242533,0.23284549
eeipngy,joy,joy,0.0014269967,0.00034740596,0.00029879995,0.995501,0.0006495661,0.0017762919
eeism9o,joy,joy,0.002178591,0.00047962682,0.000599645,0.976585,0.0020907554,0.018066492
eeit37g,joy,joy,0.001846109,0.00043086364,0.0002778369,0.9960218,0.00041380976,0.001009673
eeiu4ae,anger,anger,0.7554682,0.08403232,0.013151684,0.08734351,0.0104352385,0.04956908
eeiv2s4,anger,joy,0.2895122,0.0021446736,0.001285886,0.65761214,0.0072917817,0.042153332
eeivot7,surprise,surprise,0.0044811587,0.001769735,0.0019950499,0.05565289,0.00381671,0.93228436
eeiw2s5,joy,joy,0.0012350294,0.00033051698,0.00030776355,0.99591905,0.0010446372,0.001163041
eeix3n9,joy,joy,0.001002911,0.00029867928,0.0002954096,0.9969434,0.0006156431,0.0008438816
eeix5fx,joy,anger,0.75731415,0.011500984,0.0024526718,0.16666837,0.0266964,0.035367455
eeiy3ar,surprise,surprise,0.0035605207,0.0014618592,0.0020683154,0.03461956,0.0031153467,0.9551744
eeiyx66,joy,surprise,0.016947063,0.0019536116,0.0016123485,0.025169473,0.0046503176,0.9496672
eeizz89,joy,joy,0.006950314,0.00052822405,0.000407218,0.965775,0.003168861,0.023170335
eeizza2,joy,joy,0.0013993799,0.00030389856,0.00028627255,0.9950676,0.00042165467,0.0025212292
eej1ihs,joy,joy,0.0023274499,0.00039650674,0.0002763927,0.9951989,0.0008893598,0.0009114638
eej2fl7,joy,joy,0.0024158123,0.00053256325,0.00048436914,0.9737429,0.0011954019,0.02162893
eej2hgv,surprise,joy,0.16280323,0.0016897402,0.0013185752,0.80985916,0.008583783,0.01574553
eej6h5n,joy,joy,0.0019010016,0.0005099011,0.0004443053,0.99480295,0.0008900634,0.0014518023
eej7h6s,surprise,sadness,0.0122804735,0.0045319134,0.027803468,0.14109932,0.54627734,0.26800746
eej83t7,anger,joy,0.10311848,0.003252298,0.008485696,0.82707393,0.02071222,0.037357397
eej9o9i,joy,joy,0.002264385,0.0005671713,0.00041996848,0.99484974,0.0007501299,0.0011485894
eejcgvu,joy,joy,0.0013314767,0.00034285945,0.0002840837,0.99620205,0.00055794936,0.0012816665
eejdqkt,surprise,joy,0.013561364,0.0016909547,0.0012522826,0.7263194,0.005570259,0.25160578
eejdrwa,joy,joy,0.006322857,0.0007585587,0.00050747785,0.98783815,0.0014349292,0.0031379855
eeje0qk,fear,joy,0.15243128,0.0067202155,0.025992319,0.73188037,0.025754904,0.05722087
eejearc,joy,joy,0.0019085975,0.00029729298,0.00025492528,0.9947437,0.0009458376,0.0018496937
eejfg4x,joy,surprise,0.034101475,0.0052666725,0.012865644,0.29714713,0.013110028,0.63750905
eejgpk4,surprise,surprise,0.024358261,0.0029549922,0.005666618,0.01866597,0.055527404,0.89282674
eejgsmw,joy,joy,0.0014463698,0.00044675267,0.00034917536,0.9961558,0.0005625524,0.0010394098
eejhfit,joy,joy,0.0023090844,0.00048623566,0.00044335937,0.99503845,0.0007436412,0.0009791779
eejj25r,anger,anger,0.5791823,0.004322657,0.0018955924,0.3703743,0.01638498,0.027840205
eejjhbs,surprise,surprise,0.11458989,0.0041317046,0.0023351146,0.008861988,0.014427567,0.8556537
eejkfse,surprise,surprise,0.26625413,0.033820808,0.03777757,0.05124091,0.1470994,0.4638072
eejligj,joy,sadness,0.010883658,0.0020935324,0.006165211,0.46761936,0.49754193,0.01569629
eejlsyq,joy,joy,0.0059458986,0.00085342664,0.0005433351,0.9591213,0.0015693475,0.031966824
eejm5tn,joy,joy,0.0012292962,0.0003299098,0.00029739877,0.9962572,0.00053958275,0.0013466394
eejmajm,joy,joy,0.0015146293,0.00031643602,0.0005801861,0.99465865,0.00080894446,0.0021211633
eejmdph,anger,surprise,0.11599236,0.0038486838,0.0025662663,0.0659334,0.03698396,0.7746753
eejnarc,anger,anger,0.8532468,0.010632584,0.0030732588,0.09224181,0.0046227057,0.036182866
eejnctr,joy,joy,0.0011921066,0.0003947485,0.000318994,0.9967527,0.00041662346,0.00092480105
eejqkb0,joy,joy,0.010932016,0.0015946284,0.0013022627,0.839083,0.017112497,0.12997565
eejqrhs,joy,anger,0.9244348,0.010862042,0.004169433,0.011513677,0.032636914,0.016383108
eejr1d0,joy,joy,0.092455424,0.0071920077,0.004871663,0.75015557,0.027258476,0.118066885
eejtcuw,joy,joy,0.0014003462,0.00032998834,0.00029780166,0.9961987,0.0005088505,0.0012643685
eeju6ax,joy,joy,0.0011410012,0.00031534233,0.000281126,0.9969022,0.00052674,0.0008336566
eejwst3,joy,joy,0.0013868482,0.0003935546,0.00036232235,0.9959829,0.0004587084,0.0014156931
eejx2i4,anger,anger,0.8972182,0.009255233,0.00090471527,0.029354487,0.015539767,0.047727585
eejzyyw,joy,joy,0.0012689146,0.00027255912,0.0002471509,0.9964994,0.0005078697,0.0012040216
eek04xw,anger,anger,0.95193464,0.021123575,0.0026053844,0.0072722603,0.013324915,0.0037392734
eek24b0,anger,joy,0.15841308,0.0029165824,0.0034327956,0.7733977,0.013297751,0.04854206
eek2bir,anger,anger,0.7431393,0.004422966,0.0031871074,0.102015436,0.016841639,0.1303935
eek2pfr,joy,joy,0.006471169,0.0005086712,0.00040380156,0.98835117,0.000865017,0.0034001588
eek492h,surprise,surprise,0.28954706,0.0073816613,0.0024612225,0.011036342,0.021206666,0.6683671
eek4k6u,joy,joy,0.0009860875,0.0003336834,0.00045345983,0.9946213,0.0005183912,0.0030871711
eek6c0h,joy,joy,0.0070758862,0.00059327966,0.00056381366,0.984868,0.0029799787,0.0039190752
eek6vha,joy,joy,0.001284267,0.000435949,0.000522197,0.995858,0.0005837098,0.0013158608
eek7jkp,anger,anger,0.929563,0.012732651,0.0024626853,0.0075461627,0.017885996,0.029809467
eek8h9s,sadness,sadness,0.013108063,0.0028210871,0.01703486,0.11093507,0.75530815,0.10079271
eekblpq,joy,anger,0.5845567,0.0036623208,0.0029957283,0.38999796,0.00846638,0.010320936
eekblsa,joy,joy,0.0010096967,0.00034982388,0.0003551412,0.99698573,0.00049494853,0.00080463523
eekbxad,joy,joy,0.0050287014,0.00040301052,0.00031951358,0.9900912,0.002096236,0.002061329
eekby4q,sadness,anger,0.9155749,0.02959047,0.0009757436,0.0098848045,0.031808674,0.012165424
eekc4om,anger,surprise,0.13900943,0.003248294,0.003405592,0.09914519,0.02273015,0.7324613
eekcqvv,surprise,surprise,0.010276264,0.001599365,0.0016662412,0.004075742,0.0055762664,0.97680604
eekdzcs,joy,joy,0.010450084,0.0004484264,0.0009987862,0.9656267,0.00633709,0.01613892
eekea23,anger,anger,0.7451372,0.008589467,0.0019364555,0.20460233,0.011900674,0.027833926
eekeonr,joy,joy,0.0016202041,0.00040416062,0.00028953116,0.9946402,0.0018058099,0.0012402299
eeketov,joy,joy,0.077244654,0.010484411,0.069876574,0.79394233,0.021412915,0.027039113
eekexv3,joy,joy,0.0011691618,0.00036816366,0.00035214564,0.9965341,0.00047690063,0.0010995237
eekhzwr,joy,joy,0.0016405822,0.00036763542,0.000280082,0.99618053,0.0005194956,0.001011688
eekj31c,joy,joy,0.01417855,0.001634239,0.0008765397,0.9781189,0.0023577306,0.0028340295
eekjw1l,surprise,surprise,0.0051435744,0.0016047095,0.0017463627,0.0042246864,0.0048995027,0.98238105
eekm8q1,joy,joy,0.0015372803,0.00032901697,0.00040873513,0.9905523,0.0009900824,0.006182612
eekmkda,anger,joy,0.10332845,0.004264998,0.0009515008,0.8791904,0.006225267,0.006039392
eekomtv,joy,joy,0.008133292,0.0005302579,0.0005301906,0.9668648,0.005056582,0.018884817
eekop7y,anger,anger,0.9329356,0.007386965,0.0014760946,0.01213867,0.008577659,0.03748508
eekpscc,surprise,joy,0.2967744,0.0043914644,0.009485528,0.58143175,0.024124533,0.08379227
eekrrun,joy,joy,0.0020859188,0.00046170215,0.00028361782,0.9956721,0.000622477,0.0008741324
eeksfkj,surprise,surprise,0.003728909,0.0014602784,0.0020520533,0.022393497,0.0041620038,0.96620333
eekskbt,surprise,sadness,0.02933082,0.0030427442,0.0034266193,0.3032012,0.6187428,0.042255778
eeku7wy,joy,joy,0.0023138067,0.00035444836,0.00031176617,0.99488455,0.0007983692,0.001336988
eekugy0,joy,anger,0.6616604,0.009772697,0.002033129,0.24723421,0.036372077,0.042927478
eekuvjn,sadness,sadness,0.0048376066,0.0069781286,0.004811138,0.0046028052,0.97354454,0.0052257264
eekwtvp,anger,anger,0.9722482,0.0058211517,0.00072964525,0.010802453,0.006197458,0.0042011514
eekxcm6,joy,joy,0.0010054931,0.0003877616,0.00040200073,0.9966371,0.00042868115,0.0011389389
eekxozz,sadness,sadness,0.006368219,0.0030863346,0.0031759317,0.0076802233,0.97564065,0.0040486236
eeky3lo,joy,joy,0.0017296792,0.0003064389,0.00028103712,0.9944395,0.0019319423,0.0013114432
eekz5pu,surprise,surprise,0.008262479,0.0015857258,0.0019787122,0.14014113,0.004139133,0.84389275
eel0byc,joy,joy,0.088072,0.008378784,0.0018424926,0.8490157,0.04687184,0.0058191055
eel21jm,joy,sadness,0.021197785,0.002792869,0.003728498,0.39292052,0.5477708,0.031589508
eel281u,anger,anger,0.97378516,0.008881927,0.0013420144,0.008389031,0.0032378114,0.0043640104
eel2a1m,joy,surprise,0.009017823,0.0014459117,0.0029834034,0.0041156285,0.00674823,0.975689
eel3izz,joy,joy,0.0024077941,0.0005398663,0.00031881972,0.9950583,0.0005962622,0.001078993
eel4k66,joy,joy,0.0037672177,0.00043815625,0.00042624256,0.99138075,0.0013021086,0.0026854493
eel4lvv,joy,joy,0.01451029,0.001448619,0.00057087606,0.9691376,0.0014777893,0.012854846
eel5b51,joy,joy,0.0074255033,0.00061101874,0.0005920565,0.97865343,0.0010039206,0.011714176
eel5zy8,anger,anger,0.9181596,0.0059879767,0.001996774,0.040735517,0.02027476,0.012845365
eel6g5c,joy,joy,0.0014197348,0.00024960833,0.00026342788,0.99480706,0.000553425,0.0027067277
eel7mk7,joy,joy,0.0039418363,0.00054185727,0.00075112254,0.98148006,0.011078789,0.0022064038
eel7ngf,sadness,sadness,0.4547084,0.009477618,0.0065582944,0.025961284,0.4756471,0.027647385
eel88tg,joy,joy,0.102815315,0.010909551,0.0020996367,0.8677045,0.008224899,0.00824616
eel8dtm,joy,joy,0.0015820491,0.00034300686,0.0004107348,0.99538606,0.0005188788,0.0017592476
eel9csq,fear,fear,0.015083593,0.0137713235,0.9004816,0.018573556,0.027159616,0.024930274
eel9gxm,joy,joy,0.0015840216,0.00045018454,0.00052827847,0.99470156,0.0007147137,0.0020211923
eelb72t,joy,joy,0.017894933,0.0029064033,0.002258164,0.9021216,0.055652685,0.019166185
eelb8r7,joy,joy,0.0056687286,0.0008806268,0.00058448064,0.9889683,0.0010196363,0.0028782194
eelbdoj,anger,anger,0.96955687,0.004789163,0.0009927049,0.012149288,0.0069856574,0.0055263285
eelbvc2,joy,joy,0.0012261493,0.00032144817,0.00030560853,0.99628925,0.00069804146,0.0011594442
eelcmzf,joy,joy,0.002585622,0.0003292112,0.00049173547,0.9934462,0.0011800401,0.0019672464
eelctrs,joy,anger,0.44175014,0.061971206,0.003951546,0.11220181,0.35076657,0.02935872
eelcxnf,joy,anger,0.44820583,0.046432413,0.007321006,0.27972016,0.20864494,0.00967568
eeld3zj,disgust,disgust,0.14490502,0.8109538,0.019129982,0.005795023,0.013176731,0.006039568
eeldrd9,joy,surprise,0.020171208,0.0016586228,0.0023431536,0.42073563,0.012099241,0.5429922
eeldve3,surprise,surprise,0.09186406,0.005987158,0.0046981485,0.059815496,0.22910266,0.60853237
eele2de,surprise,sadness,0.008918919,0.005088098,0.038733955,0.032532554,0.7999093,0.114817165
eeleu41,joy,anger,0.7635196,0.005573959,0.0020357578,0.18742102,0.025315637,0.01613407
eelexo7,anger,joy,0.0017881435,0.0003615544,0.00032596706,0.9959778,0.00056091294,0.000985709
eelf1ah,joy,joy,0.0025771721,0.0004977723,0.00047746467,0.9934042,0.0012843644,0.0017589661
eelf3mi,joy,joy,0.0030703717,0.00055502844,0.00044693187,0.9923805,0.0005915325,0.0029556353
eelgm7t,joy,joy,0.001212063,0.00042265592,0.00066850445,0.99519485,0.0005883866,0.0019135711
eelgtvh,surprise,joy,0.0037169568,0.0005771321,0.0004645352,0.99306434,0.00065350195,0.0015235351
eelhx5x,joy,joy,0.0038457585,0.0005247413,0.00026955138,0.99213505,0.001096658,0.0021282455
eelj51u,joy,joy,0.01546841,0.001294825,0.0011670938,0.9661923,0.0072752615,0.00860217
eeljf6m,joy,joy,0.0016914703,0.00045276215,0.00046658807,0.99253416,0.00069763773,0.0041573336
eelllqz,joy,joy,0.0010034262,0.00030221255,0.0002542447,0.9968555,0.00050676905,0.0010778166
eellryt,joy,joy,0.0009251741,0.00034993092,0.0003070779,0.9965397,0.0004274,0.0014506889
eelluat,sadness,anger,0.92693007,0.046202913,0.0063384087,0.0075735464,0.008860562,0.004094447
eellxjb,joy,joy,0.0015735123,0.00046231473,0.00045742327,0.9941643,0.0004919501,0.0028505349
eelmul2,surprise,surprise,0.053922616,0.0026502465,0.0023632564,0.010824008,0.00923401,0.92100585
eelnahr,joy,joy,0.001101843,0.00032506604,0.00026855097,0.9968545,0.0005541524,0.0008959206
eelns8h,surprise,joy,0.0052790605,0.0004898652,0.00059913227,0.97246313,0.0014935898,0.019675191
eeloddc,joy,joy,0.001249486,0.00026241204,0.00027842922,0.99528605,0.00075353973,0.0021701457
eelouwo,surprise,surprise,0.0031049624,0.0013340372,0.00299461,0.011847732,0.005520428,0.9751982
eelphu9,anger,fear,0.12976025,0.032723837,0.57180303,0.112351,0.053314436,0.1000474
eelr0wx,joy,joy,0.0013860903,0.00026554332,0.00021697312,0.9965076,0.0004938695,0.0011299057
eelruvs,joy,joy,0.0016670786,0.00041407743,0.00027634186,0.9957658,0.000509052,0.0013676635
eelry07,anger,anger,0.9749287,0.0076831765,0.00084996194,0.009208238,0.004073146,0.003256867
eeltukz,joy,joy,0.0011108641,0.00030997893,0.00028018476,0.9966259,0.0005998286,0.0010733468
eelu2iu,joy,joy,0.0011804187,0.00034470827,0.00030018215,0.996797,0.00048064056,0.0008970625
eelui9l,joy,joy,0.0012326168,0.00035790808,0.00031354185,0.9959842,0.00057780324,0.0015338913
eeluxjp,joy,joy,0.0012332384,0.0003342143,0.00024559727,0.99665797,0.0005229263,0.0010061223
eelvv0j,joy,joy,0.0015514726,0.000284015,0.00026991588,0.9953126,0.0012479259,0.0013340171
eelwwxn,joy,joy,0.023368707,0.003300032,0.0041853497,0.9103126,0.04546745,0.013365941
eely0le,joy,joy,0.0014335944,0.00026207487,0.00027390427,0.9956201,0.0007193145,0.001691072
eelyhvs,joy,joy,0.0020750926,0.00046586644,0.00076629536,0.9878697,0.006981315,0.0018417134
eelyjn7,anger,anger,0.9773915,0.004175173,0.00086134847,0.009452469,0.0033021285,0.0048173945
eelyoln,joy,surprise,0.0029889296,0.0010439021,0.0022423824,0.023958914,0.0046238406,0.965142
eelyw7k,joy,joy,0.0014336712,0.0002846042,0.00034385436,0.996345,0.00072072947,0.0008720731
eelz2wb,anger,sadness,0.02121728,0.010263054,0.0043216674,0.011723241,0.94860137,0.0038734057
eelzgo8,surprise,joy,0.012360616,0.001212159,0.0009284976,0.88934284,0.002953269,0.09320269
eelzhnk,joy,joy,0.0025438995,0.00037136168,0.00034127696,0.9944588,0.000552451,0.0017321799
eelzr6g,anger,joy,0.010141736,0.0011349943,0.00046536868,0.9839335,0.001279329,0.0030450348
eem08pm,joy,joy,0.0011449119,0.0003676162,0.00029003463,0.9968221,0.00050056697,0.0008747932
eem13ye,joy,joy,0.0010278618,0.00031441575,0.00036030138,0.9961243,0.00039544166,0.0017776813
eem178y,joy,joy,0.0070775957,0.0008861341,0.0009514459,0.9841298,0.001218316,0.0057367603
eem23o3,joy,joy,0.0022612456,0.00039932792,0.00024897853,0.99530977,0.00046722224,0.0013135219
eem2jb0,joy,anger,0.5911473,0.004663782,0.0014715218,0.3278457,0.014075354,0.06079638
eem32qe,joy,joy,0.0015307517,0.00039034893,0.00031365355,0.9958603,0.0006269115,0.0012781392
eem3f55,joy,joy,0.056830347,0.008601501,0.01633127,0.6234988,0.10594073,0.18879738
eem5qs7,joy,joy,0.22857325,0.0027803946,0.0017146888,0.609482,0.045660194,0.11178951
eem5t2j,joy,joy,0.0012768094,0.00044399497,0.00035664652,0.9961998,0.000405821,0.001316964
eem5z18,surprise,surprise,0.015277988,0.0014276468,0.0024530075,0.008548996,0.010442591,0.96184975
eem636t,joy,joy,0.00089705945,0.0003139568,0.00028653073,0.996999,0.00054705224,0.0009564013
eem9i88,joy,joy,0.0012029315,0.0003572993,0.00034729723,0.99668056,0.00055974704,0.0008520773
eema1m3,joy,joy,0.00991341,0.0009963174,0.00040660094,0.98527825,0.0010592121,0.0023461806
eemajnt,joy,joy,0.0011212521,0.00032185848,0.0002760236,0.9968876,0.00062641856,0.00076687784
eemar0a,joy,joy,0.001044726,0.00031953407,0.00029556974,0.9969369,0.00062850775,0.00077482895
eembphd,joy,joy,0.03162764,0.0008091201,0.0012995102,0.9427097,0.00749713,0.016056959
eemdutd,joy,joy,0.0013504325,0.00024884302,0.0002424331,0.9958929,0.0011049826,0.0011603211
eemeehg,anger,anger,0.8675664,0.0036972733,0.0019320267,0.07547052,0.028179275,0.023154471
eemg9of,sadness,anger,0.41743788,0.016722562,0.0034954627,0.15454671,0.33127835,0.076519094
eemgpsb,joy,joy,0.00088562956,0.00035349382,0.00041288734,0.996732,0.0004913161,0.0011247458
eemhb9t,joy,joy,0.0008880833,0.00025830508,0.00027757528,0.9965389,0.00069278374,0.0013444014
eemhqta,surprise,surprise,0.1389822,0.0047678803,0.002477537,0.04686533,0.07879332,0.7281137
eemi1oe,surprise,fear,0.16614844,0.21076103,0.4345615,0.008923274,0.017681649,0.16192408
eemis7x,joy,joy,0.002549991,0.00041263393,0.00026544035,0.9946622,0.0005281613,0.0015815204
eemjofj,anger,anger,0.94336945,0.010444378,0.007915525,0.025411295,0.006403426,0.006456041
eemjogz,surprise,surprise,0.004633239,0.0012076496,0.0018917238,0.00478222,0.005374124,0.98211104
eemk6hl,joy,joy,0.00090820144,0.00033592066,0.00032358797,0.996811,0.00039681623,0.0012245191
eemkx7a,anger,surprise,0.38650748,0.009058551,0.0026871192,0.013821911,0.023211751,0.56471324
eeml7fj,sadness,sadness,0.021898925,0.0046285107,0.0028927187,0.007679996,0.95688957,0.006010297
eemm0du,joy,joy,0.0023893828,0.0003783092,0.00029388507,0.99447507,0.000715578,0.0017477373
eemmm7m,joy,joy,0.0011666004,0.00029400905,0.00023845276,0.99621236,0.0008248138,0.0012637131
eemn50s,joy,joy,0.0014706568,0.00042844456,0.00029233252,0.99229217,0.0007654071,0.0047510527
eemn971,joy,joy,0.077265054,0.0028991867,0.0014890445,0.7852973,0.033331696,0.09971773
eemojm9,joy,joy,0.06262091,0.00097463524,0.0016811831,0.84107924,0.01037659,0.08326747
eemoqr6,joy,joy,0.001322022,0.0005461236,0.000446368,0.99495125,0.00037820113,0.002356023
eemos0n,anger,surprise,0.06895743,0.0019316958,0.0039766524,0.31235573,0.013312283,0.59946626
eempcjl,joy,joy,0.005359115,0.0009166171,0.00072550465,0.97883373,0.009405536,0.0047594593
eempk8q,joy,joy,0.02002667,0.0009941376,0.0010045831,0.9630608,0.0047439304,0.010169893
eemqa1r,surprise,surprise,0.041031457,0.0027025654,0.0022124648,0.0055747647,0.008658516,0.93982023
eemqi6x,anger,surprise,0.05222939,0.0019860761,0.0034357808,0.20331302,0.015585397,0.72345036
eemqmc9,joy,surprise,0.010834881,0.002926647,0.003338887,0.45185784,0.006357876,0.5246839
eemqter,joy,anger,0.6529504,0.006295036,0.0036577457,0.17654833,0.12621537,0.03433308
eemr58q,surprise,anger,0.8859986,0.015788306,0.0011563085,0.052647967,0.019862013,0.024546798
eemr9hm,anger,anger,0.91543025,0.048349146,0.009050136,0.012462406,0.009846049,0.0048619728
eemrxwj,joy,joy,0.009329329,0.00097386516,0.0020995806,0.97299224,0.0021467004,0.012458155
eemsuk1,joy,joy,0.01880948,0.0007597974,0.0020560734,0.96299213,0.0029928333,0.012389674
eemtr6t,joy,joy,0.001350649,0.00037484468,0.00032427235,0.99624497,0.0006064419,0.0010987509
eemtzas,surprise,surprise,0.016014393,0.001197659,0.0027621943,0.106405534,0.010193137,0.86342704
eemulki,sadness,sadness,0.003615766,0.0032335229,0.005184077,0.0055145603,0.9786144,0.0038376115
eemuo16,joy,joy,0.0017107852,0.0002763964,0.0002767324,0.99616075,0.00071607897,0.0008592398
eemuodd,joy,joy,0.0024507132,0.0005314375,0.00035019862,0.9947725,0.0007201388,0.0011750187
eemv4v9,joy,fear,0.07666737,0.16221954,0.542079,0.0640675,0.039758675,0.115208
eemvj90,joy,joy,0.003316598,0.0006999953,0.0007365489,0.98641485,0.003432646,0.005399427
eemvt63,surprise,surprise,0.0033982487,0.0017270384,0.0020763106,0.0058068996,0.0038148623,0.9831767
eemwcl9,joy,joy,0.0016135814,0.0004360286,0.00025020755,0.9947759,0.0005140586,0.00241018
eemwlis,joy,joy,0.0014043078,0.00036521442,0.00026747843,0.996648,0.00039506782,0.0009200006
eemwve7,surprise,surprise,0.00474464,0.0016931909,0.0021201028,0.0077054403,0.01101998,0.9727166
eemwxn5,surprise,fear,0.02724289,0.012646845,0.8312581,0.04594769,0.032060158,0.05084436
een1g5f,joy,joy,0.002164549,0.00041509906,0.00026515208,0.9954353,0.0006116992,0.0011081692
een1ok9,sadness,sadness,0.009327054,0.0028285722,0.0027601118,0.033027384,0.946531,0.005525891
een1tr9,surprise,surprise,0.009877851,0.0011573979,0.0021373944,0.023925371,0.014938355,0.94796354
een3wps,joy,joy,0.0011666231,0.00029356882,0.00026661847,0.9955805,0.0016795422,0.0010130723
een477e,sadness,sadness,0.0037215068,0.00204844,0.004076806,0.017072784,0.9668149,0.0062655127
een4t2p,anger,joy,0.2639032,0.051920608,0.025125349,0.5779602,0.05517911,0.02591154
een51zw,joy,joy,0.0028713488,0.00048641986,0.00033774824,0.9908757,0.0042856555,0.0011431425
een58wp,joy,joy,0.06624631,0.010674802,0.006056665,0.85750973,0.04963242,0.009880005
een5rbr,joy,joy,0.006346679,0.00065882545,0.0005762413,0.9868962,0.00092545705,0.0045966115
een5rq8,surprise,surprise,0.009840813,0.0010477019,0.0014144632,0.011442979,0.003990523,0.97226363
een6tqj,anger,anger,0.9741926,0.010924516,0.0012141165,0.004799188,0.003861955,0.005007533
een9ayy,joy,joy,0.005184628,0.0007401269,0.00040414755,0.98989165,0.0021581838,0.00162129
een9dez,joy,joy,0.043148823,0.002265764,0.0055263336,0.85209155,0.0077796904,0.08918787
een9jy5,surprise,joy,0.059145525,0.015273756,0.008026165,0.74181914,0.021273464,0.15446192
een9vzv,joy,joy,0.0016623276,0.0003879272,0.0002033965,0.9955426,0.0005976269,0.0016061389
een9xip,joy,joy,0.0010105422,0.00037532015,0.00034840158,0.9968136,0.00040748448,0.0010447312
eena01j,surprise,joy,0.0025172818,0.0003842159,0.00039520336,0.9887504,0.0015611604,0.0063916952
eena18z,surprise,surprise,0.13394767,0.011101223,0.013983283,0.01274433,0.13241743,0.6958061
eenbh7x,joy,joy,0.0037885893,0.0003610485,0.00042189276,0.9920365,0.0011152218,0.0022767691
eene4a3,joy,joy,0.002738453,0.00047298084,0.0005126323,0.99416524,0.0009038411,0.0012068236
eene58m,joy,joy,0.0029368997,0.00029939882,0.00029816388,0.99231464,0.0012383213,0.0029126594
eeneljn,joy,joy,0.0027001363,0.00030109333,0.00019921105,0.9942707,0.0005546284,0.0019742048
eeneq2b,surprise,surprise,0.005739133,0.0010931225,0.0014321511,0.01358859,0.0033764099,0.97477055
eener0e,joy,joy,0.037490796,0.0023779778,0.0013425444,0.8909594,0.009194076,0.05863527
eenes6m,joy,sadness,0.017985502,0.009577801,0.079614736,0.20633218,0.66922396,0.017265867
eeneyfz,sadness,sadness,0.00991294,0.005322544,0.019870121,0.017087061,0.90305275,0.044754572
eenfgny,sadness,sadness,0.025347736,0.010302899,0.016343616,0.013586572,0.9285517,0.005867622
eengjod,joy,anger,0.7290273,0.028243583,0.004760331,0.1595763,0.0454998,0.03289268
eenh7t2,surprise,joy,0.006673594,0.0007971357,0.0008834396,0.9237268,0.0033724394,0.0645466
eenhyje,surprise,surprise,0.0031457117,0.0011933458,0.0022147985,0.005638472,0.0031992146,0.9846085
eenix7i,joy,sadness,0.07240347,0.014154223,0.0026390562,0.018251041,0.8771012,0.0154509805
eeniywp,joy,joy,0.0026176756,0.00036853598,0.00037547603,0.993932,0.0010749821,0.0016313669
eenjgyw,anger,anger,0.87207067,0.009411772,0.0011136791,0.032794837,0.056957807,0.02765121
eenji2u,joy,joy,0.0019523709,0.00033790976,0.0002529114,0.9950669,0.0004535473,0.0019364688
eenjlbv,joy,joy,0.002045305,0.00043794967,0.0003738774,0.99503076,0.0005392737,0.0015728432
eenjpoj,joy,joy,0.0071456833,0.00056581694,0.0006523519,0.9841488,0.0020721145,0.0054152114
eenjrez,joy,joy,0.019456558,0.0016064203,0.000699972,0.9584538,0.016511636,0.0032716496
eenknk9,surprise,surprise,0.006356614,0.0016547386,0.0018122726,0.066618845,0.0070606787,0.9164968
eenlf95,joy,anger,0.8895538,0.007732919,0.0011440438,0.044995308,0.04814056,0.008433426
eenmetd,joy,joy,0.07172539,0.0010297572,0.0017126171,0.8722015,0.007267094,0.046063635
eenmr23,anger,sadness,0.015734313,0.011216359,0.0023828,0.012919113,0.95139545,0.006351849
eenmu16,anger,anger,0.85538536,0.020147622,0.0010899737,0.028910477,0.087084725,0.007381833
eenmvm9,surprise,surprise,0.0032364954,0.0010972981,0.0020109133,0.0055335676,0.003329199,0.9847925
eennhc3,joy,joy,0.0014202452,0.0002927185,0.00030712818,0.9964301,0.00039217254,0.0011576711
eennjfg,sadness,sadness,0.008500416,0.008517591,0.0032270972,0.0040248106,0.9718336,0.0038965407
eenoif4,joy,joy,0.0053643933,0.00061793445,0.0010154948,0.98195446,0.0007374821,0.010310298
eenojku,surprise,surprise,0.01026325,0.0010575356,0.0014521653,0.011630276,0.004907194,0.9706896
eenowrx,joy,joy,0.0014684948,0.0003176965,0.00037594934,0.9957801,0.00059919665,0.0014585259
eenpp7e,anger,sadness,0.18533938,0.068655774,0.008956503,0.007548313,0.7181262,0.011373816
eenppj1,joy,joy,0.0012444919,0.00026678407,0.00029233986,0.99647164,0.0003985179,0.0013262873
eenq5nr,joy,joy,0.026073717,0.0014740096,0.0022895767,0.9558982,0.0049848724,0.00927965
eenqrvn,joy,joy,0.0024891787,0.0006524823,0.00027086365,0.994041,0.000658572,0.0018878997
eenqsp1,joy,joy,0.10223066,0.003377912,0.0017091094,0.56353194,0.047704626,0.28144577
eenra7b,joy,joy,0.0011999368,0.00030477004,0.00026306816,0.9961526,0.0009074488,0.0011721896
eentwe9,anger,anger,0.8069002,0.137077,0.00415011,0.0057882234,0.04038157,0.005702897
eenuvsl,joy,joy,0.0027627018,0.00047393463,0.0003962108,0.99455714,0.0006079162,0.0012021569
eenvzo0,surprise,surprise,0.008668298,0.0016211022,0.0015617146,0.008828784,0.005728726,0.9735913
eenwezk,anger,anger,0.9809607,0.0063556675,0.0012075363,0.0063592624,0.0026260393,0.0024908206
eenwv5n,sadness,sadness,0.012349048,0.002911232,0.002813835,0.061773594,0.9045956,0.015556665
eenxbrd,joy,anger,0.52601576,0.011306295,0.0026579427,0.02967658,0.034896705,0.3954468
eeny0en,joy,joy,0.0017815897,0.00040913885,0.00026224696,0.9958008,0.00061850046,0.0011277914
eeny1cd,joy,joy,0.0010886897,0.0002994618,0.0002335888,0.9966275,0.0006118638,0.0011387857
eenyj9t,joy,joy,0.010924351,0.000641388,0.0008018762,0.9500356,0.007728505,0.029868335
eenylaz,surprise,surprise,0.003452474,0.0019120169,0.0035132195,0.05692539,0.0052085854,0.9289883
eenz94y,joy,joy,0.041474223,0.0017561053,0.0014138189,0.9442666,0.006181703,0.0049075535
eenzsxm,surprise,surprise,0.016271977,0.0020777597,0.0016511995,0.009524242,0.006932127,0.96354276
eeo0if0,joy,joy,0.001002615,0.0003411198,0.00028264764,0.9969291,0.0004666752,0.0009778377
eeo0tgr,joy,joy,0.001169267,0.00027405022,0.00021423624,0.99646413,0.0007902935,0.001087942
eeo0zdr,joy,joy,0.007498499,0.0007653773,0.00029070882,0.9888947,0.0007628566,0.0017877646
eeo41xs,anger,anger,0.8071709,0.0066266446,0.0018395422,0.15471736,0.0093499655,0.020295516
eeo42tb,fear,fear,0.025314178,0.02378824,0.88121796,0.023406306,0.02387872,0.022394558
eeo49t5,joy,joy,0.015218161,0.0014920981,0.003748404,0.9718097,0.002484595,0.0052470714
eeo4i7n,joy,joy,0.0015979187,0.00035943603,0.00026914958,0.9962346,0.00064797845,0.000891021
eeo5x0u,joy,joy,0.01891859,0.00095146,0.0006121563,0.9558523,0.004668526,0.01899688
eeo6tyz,joy,joy,0.0011515167,0.00034786394,0.00028382958,0.99552083,0.000419235,0.0022767538
eeo7dh1,joy,joy,0.002464844,0.00024972053,0.00024632542,0.9940041,0.0015691165,0.0014660155
eeo7rbo,sadness,sadness,0.006155294,0.0025433847,0.0035012052,0.029097699,0.9504275,0.008274941
eeo7zuy,joy,joy,0.0017063457,0.00032220985,0.00029776103,0.9959812,0.00064788805,0.001044574
eeo8c5x,joy,joy,0.0048183957,0.0009086111,0.0010287423,0.9907396,0.0011179503,0.001386637
eeo8ikj,anger,anger,0.953355,0.0071005602,0.0012260078,0.011925101,0.0072570937,0.019136218
eeo8l32,joy,joy,0.0016225992,0.00037633328,0.00029797186,0.99613047,0.00055253034,0.0010202009
eeo8uwq,joy,joy,0.0015732904,0.0002808391,0.00025106667,0.99601966,0.0008168275,0.0010583395
eeob3yo,joy,anger,0.8051135,0.008600896,0.0012308581,0.10050268,0.045918204,0.038633812
eeobf49,anger,joy,0.006906933,0.0008777015,0.0005306067,0.986285,0.0026349647,0.0027648201
eeobpj2,anger,surprise,0.008930665,0.0010681285,0.0028519277,0.014538508,0.0032572628,0.9693535
eeobxp8,disgust,anger,0.94209784,0.038458582,0.0029352892,0.0031402106,0.008930783,0.0044373097
eeoc2v4,anger,anger,0.95614654,0.0035006518,0.0008461158,0.028727254,0.0055110417,0.005268466
eeocrjq,sadness,sadness,0.02686225,0.0066010593,0.020607593,0.009211015,0.85777664,0.07894146
eeocxaj,sadness,anger,0.6156466,0.010807716,0.005034116,0.08071778,0.20866583,0.07912799
eeodd4c,anger,anger,0.60554224,0.013176294,0.0018396185,0.14418942,0.12721422,0.10803826
eeoe6z5,surprise,surprise,0.0044909287,0.00140327,0.0018257307,0.008360846,0.0042539476,0.9796652
eeoecpu,surprise,surprise,0.0062707677,0.0020729078,0.0022166502,0.13882877,0.0042993203,0.84631157
eeoehoj,joy,joy,0.0018326547,0.00045394036,0.0003030773,0.9954022,0.00062632025,0.0013816932
eeog8pf,joy,sadness,0.10793616,0.005610995,0.013340342,0.18075141,0.6472629,0.045098215
eeoh84w,anger,anger,0.9488841,0.014898906,0.0016727577,0.004291941,0.015372501,0.014879687
eeoi9p4,joy,joy,0.0010320595,0.00034459296,0.00029715334,0.99697125,0.00042837605,0.00092648616
eeoij1d,fear,joy,0.013178038,0.008416542,0.40771523,0.49325916,0.048116308,0.029314658
eeojgad,anger,anger,0.9767254,0.008608391,0.00091562374,0.004956187,0.0043453523,0.0044490425
eeojpfv,joy,joy,0.004250224,0.0008475,0.00061078335,0.99069136,0.00097289775,0.0026272296
eeok2p5,sadness,sadness,0.0065198117,0.0021028372,0.007579826,0.12969325,0.83134097,0.022763299
eeok732,fear,fear,0.021256309,0.019471288,0.87278455,0.030741053,0.018276958,0.037469767
eeol28d,sadness,anger,0.8509849,0.048792437,0.0446606,0.01673866,0.017862104,0.020961383
eeol5ag,surprise,surprise,0.0042343535,0.0015037125,0.0054384745,0.004457501,0.0030836058,0.98128235
eeold3z,joy,joy,0.0021179833,0.00040144965,0.00027115227,0.99523205,0.0006334398,0.0013438688
eeomfax,joy,joy,0.001063803,0.00034399243,0.00032197006,0.99671125,0.00091612333,0.00064285344
eeonsm4,anger,surprise,0.022581575,0.009233766,0.16280325,0.03515677,0.020801593,0.749423
eeonvnk,surprise,surprise,0.0069669504,0.0016022222,0.0023650296,0.004561203,0.00732731,0.9771773
eeop7db,joy,joy,0.0051397416,0.0006295575,0.00057221495,0.9888681,0.0029930312,0.0017972664
eeopdsk,anger,surprise,0.18677509,0.007145059,0.002974921,0.23851159,0.0201512,0.5444421
eeopf48,disgust,anger,0.97616154,0.0068789823,0.0011220002,0.0073284796,0.0038070611,0.004701925
eeopkkz,surprise,surprise,0.004740984,0.0019496253,0.0019059422,0.007932691,0.0038002038,0.97967064
eeoqitr,surprise,surprise,0.0034697116,0.0012338174,0.0020102544,0.0038859278,0.00497936,0.9844209
eeoqw91,anger,surprise,0.1948189,0.0073004593,0.0029026305,0.033721108,0.033801094,0.72745574
eeosphh,anger,anger,0.97775316,0.00874891,0.0009138775,0.006566603,0.0029119817,0.0031054267
eeot2ku,joy,joy,0.0018431247,0.00028922394,0.0002802982,0.9952016,0.00084595603,0.0015398063
eeot4ly,joy,joy,0.0010055079,0.00026142376,0.00026533453,0.99640614,0.0008420067,0.0012195632
eeotqy6,joy,joy,0.0011653247,0.00036005743,0.0004030916,0.99641246,0.00034051423,0.001318534
eeouc7z,surprise,surprise,0.11552384,0.003125904,0.0024086218,0.0288493,0.06458479,0.78550756
eeoulo9,surprise,surprise,0.13326311,0.009709908,0.0075592315,0.22012547,0.019385982,0.6099563
eeowi6x,joy,joy,0.004315691,0.00058139965,0.0007708107,0.9899978,0.00110531,0.0032289557
eeowjbw,surprise,anger,0.962002,0.005031032,0.0011328771,0.011951522,0.012944472,0.006938145
eeox4xv,anger,anger,0.9645757,0.010603868,0.00086903834,0.004669326,0.008053783,0.011228349
eeox9tg,joy,joy,0.0020155862,0.00051237806,0.0007625741,0.99295783,0.001686608,0.0020649997
eeoxeg7,anger,anger,0.9448086,0.008795241,0.0007732706,0.028426493,0.0073729665,0.009823345
eeoy0zk,joy,joy,0.0029136844,0.0002712189,0.00023820033,0.9916107,0.0011892844,0.0037769885
eeozrn0,joy,joy,0.0011827238,0.00029833298,0.00052641635,0.99474454,0.0019673235,0.001280759
eeozu1s,surprise,surprise,0.006649704,0.0011071453,0.0015058013,0.029987134,0.005175593,0.9555747
eep0186,joy,joy,0.0011146442,0.00028922412,0.00028542793,0.9966763,0.0008292726,0.00080520904
eep0bw6,surprise,surprise,0.0028274974,0.0010735946,0.001601554,0.009039173,0.0031505658,0.98230755
eep0klz,joy,joy,0.003020301,0.00040436082,0.00025093294,0.99369276,0.00058165577,0.002049928
eep38ig,joy,joy,0.001692296,0.0003756234,0.00026311033,0.9947343,0.000473805,0.0024608732
eep4519,surprise,surprise,0.011222827,0.0022750308,0.0034646778,0.0037851457,0.004935151,0.9743172
eep55gx,joy,anger,0.73308617,0.0056209373,0.0020745054,0.049047887,0.030958552,0.179212
eep5hyt,anger,anger,0.9463442,0.03293354,0.0016423195,0.0026467738,0.007136177,0.009296967
eep5u4h,anger,sadness,0.17661898,0.010476968,0.03449352,0.118179224,0.46117747,0.19905385
eep70hm,joy,joy,0.0015991502,0.000396728,0.00030547092,0.9963404,0.00046058005,0.0008976115
eep740e,anger,anger,0.9753057,0.010554408,0.0012737784,0.0074438415,0.002395102,0.0030272123
eep759o,sadness,sadness,0.0038635833,0.0024705222,0.004490084,0.01825643,0.9667949,0.004124448
eep7dfq,sadness,sadness,0.005410699,0.0041594766,0.005077944,0.018116262,0.9621131,0.0051224926
eep7dtn,sadness,anger,0.6026531,0.016422987,0.008640843,0.010587043,0.27611157,0.085584454
eep7swf,joy,joy,0.0012715652,0.0002919308,0.00028531405,0.9964097,0.00039152082,0.0013499698
eep7ywn,surprise,surprise,0.0035722572,0.0022851059,0.0026408867,0.011067356,0.0043599987,0.9760744
eep8au0,joy,anger,0.8571408,0.0064597353,0.0012897669,0.03135106,0.08733417,0.016424485
eep8o5y,anger,anger,0.74208844,0.011722792,0.003178345,0.10285834,0.015076556,0.12507552
eep9bqw,fear,fear,0.028742839,0.017086022,0.72044647,0.040467743,0.052521992,0.14073493
eepaty4,anger,disgust,0.08957352,0.82528406,0.048370868,0.0072445897,0.018760435,0.010766525
eepb8lb,anger,anger,0.9630066,0.0057555097,0.0009777395,0.016101224,0.009049163,0.0051097283
eepdkxb,joy,joy,0.001700262,0.00035392123,0.00027315746,0.9953334,0.00044361476,0.0018956789
eepdukl,sadness,sadness,0.008423726,0.006942314,0.0047179763,0.04682933,0.8984417,0.034645014
eepdzpp,joy,joy,0.16382049,0.0030819208,0.0034753408,0.6769378,0.13236143,0.020322975
eepeofh,joy,joy,0.0011810762,0.00030728432,0.0002547083,0.9962961,0.0004675412,0.0014932246
eepeuzv,anger,anger,0.90434057,0.024516199,0.0025512632,0.021658007,0.03012785,0.016806161
eepfp6t,surprise,surprise,0.0057842736,0.0013495347,0.0015281313,0.0068123685,0.0061648535,0.9783609
eepg1vf,joy,joy,0.0012050975,0.00025397236,0.000269604,0.99575657,0.0004983851,0.002016327
eepgkck,joy,joy,0.0014972273,0.00032154314,0.00022750301,0.99643636,0.0004655939,0.0010518152
eephfi0,joy,joy,0.0018022415,0.00041019844,0.00037292845,0.9958806,0.00050700956,0.0010269558
eepi6ql,joy,joy,0.008005309,0.000803477,0.0010257281,0.9659732,0.0020286678,0.022163566
eepj5fa,surprise,joy,0.01485473,0.0020143613,0.0015325996,0.5435266,0.008179736,0.429892
eepjh9a,joy,joy,0.001532755,0.00027896548,0.00028882804,0.99556476,0.001168009,0.0011667042
eepjxrd,anger,anger,0.9262413,0.011625337,0.0017332947,0.027692549,0.0155353965,0.017172161
eepmbkz,sadness,sadness,0.06029967,0.011280926,0.034940634,0.012682096,0.76199365,0.1188031
eepmyc4,sadness,sadness,0.003631845,0.003573602,0.006664965,0.0051406114,0.97727466,0.0037143123
eepnjv3,joy,joy,0.16279157,0.005710969,0.007757964,0.7719639,0.018443992,0.03333171
eepnyzx,joy,joy,0.014505267,0.00043738997,0.00046108192,0.976097,0.002127722,0.006371562
eepoh3l,joy,surprise,0.03159999,0.001656487,0.0019946985,0.44946086,0.012133055,0.5031549
eepoq40,joy,joy,0.0017863248,0.0002652648,0.00024318817,0.99583375,0.00055574614,0.0013157033
eepp6hl,joy,joy,0.0015795686,0.00046510098,0.00049648015,0.9952324,0.0005171812,0.0017091997
eepqi33,joy,joy,0.0014658535,0.00043911865,0.0005100819,0.99459165,0.0005304627,0.002462704
eepr2mj,joy,joy,0.0036571715,0.0007971704,0.0009854607,0.94993305,0.0013845921,0.043242525
eeprh4z,sadness,sadness,0.005137188,0.0026650336,0.0033189629,0.015797604,0.96535814,0.007723037
eeprzgk,joy,joy,0.002172554,0.00035986118,0.000269256,0.99503773,0.00081731746,0.0013432996
eepsicu,joy,joy,0.0016471345,0.00037189756,0.00041409032,0.9947462,0.0010238905,0.0017967719
eeptjay,anger,anger,0.8858633,0.024884392,0.02642889,0.03290991,0.015505449,0.014408011
eeptlmm,joy,joy,0.003289475,0.00041263644,0.00022432409,0.9936567,0.0006560908,0.0017607216
eepu0ke,joy,joy,0.002812131,0.00029010267,0.00026283987,0.9926292,0.00064336875,0.003362379
eepu4z4,joy,joy,0.0014670094,0.00041378563,0.0003003564,0.9965628,0.00041534036,0.00084071874
eepuicw,surprise,surprise,0.006787246,0.0025995192,0.002509586,0.0054010297,0.00562811,0.97707456
eepuojs,joy,joy,0.0018881817,0.00054500083,0.00030881405,0.9957243,0.00039610328,0.0011375909
eepvlky,anger,anger,0.9352813,0.012528977,0.0008143897,0.009442642,0.03669323,0.005239537
eepvzn9,joy,joy,0.06432691,0.010100515,0.004877115,0.73742735,0.17334193,0.009926142
eepw0xx,sadness,sadness,0.005563194,0.0024941247,0.002877832,0.016228558,0.96746093,0.0053753024
eepwnbf,anger,anger,0.54994607,0.003249661,0.0020336404,0.2970365,0.08876887,0.058965288
eepwr81,joy,joy,0.0017061178,0.00049178075,0.00026526966,0.9958045,0.0005320789,0.0012003307
eepykdr,joy,joy,0.018649643,0.0013266148,0.0011991161,0.77777237,0.0055143298,0.19553791
eepz52y,joy,joy,0.0030482456,0.00048047624,0.0011140883,0.9853991,0.002856252,0.007101805
eepzhzp,anger,anger,0.62087566,0.013269783,0.0028167155,0.0324268,0.2851582,0.045452897
eepzxxq,anger,anger,0.43045995,0.003275127,0.0032861147,0.411184,0.044375405,0.107419364
eeq09b4,joy,joy,0.025783615,0.0009897063,0.0022732946,0.91422206,0.008071421,0.04865991
eeq0fdr,anger,anger,0.93251705,0.004988879,0.00174944,0.009269783,0.010047521,0.041427437
eeq0unj,surprise,surprise,0.02526053,0.0013822136,0.0017252897,0.039950296,0.010213847,0.9214678
eeq0w9l,sadness,sadness,0.0047713597,0.004466,0.0040581436,0.004939257,0.9776625,0.0041026566
eeq1dhz,joy,joy,0.0037166395,0.00044373778,0.00028925002,0.9917828,0.0011531997,0.0026144315
eeq223t,surprise,anger,0.93448246,0.008230762,0.002658291,0.019649012,0.008202228,0.02677725
eeq2jws,anger,joy,0.006722346,0.00046713237,0.0010528136,0.97411,0.0084144,0.009233362
eeq31s6,joy,anger,0.44159436,0.004975293,0.003756913,0.33972806,0.021640478,0.18830493
eeq3env,anger,joy,0.02519103,0.0011199103,0.0011415062,0.9370046,0.012281646,0.023261169
eeq3zkj,anger,anger,0.97472,0.008539147,0.0009850727,0.008707192,0.002756758,0.004291769
eeq46f8,joy,joy,0.01647334,0.0007761307,0.00062675716,0.9716532,0.0021164857,0.008354096
eeq4ixf,joy,joy,0.06923291,0.0075882627,0.010788282,0.46828064,0.35144094,0.09266897
eeq558l,joy,anger,0.8341193,0.004085554,0.0010420491,0.1428241,0.007382241,0.01054669
eeq6j1g,joy,joy,0.0045047803,0.00084602885,0.0005073739,0.98504895,0.0068405624,0.0022522635
eeq6u4m,anger,anger,0.9771179,0.005624475,0.00095616706,0.010300082,0.0029141693,0.003087263
eeq7qd2,joy,joy,0.0019279493,0.00026741304,0.00023840279,0.99583733,0.00056844734,0.0011605087
eeq7r51,anger,anger,0.94847393,0.005525136,0.0007584792,0.030749977,0.0045171767,0.009975323
eeq7rro,anger,anger,0.9634601,0.0037216742,0.0017985278,0.019004216,0.0033182043,0.008697274
eeq8fof,joy,joy,0.0011157001,0.00033771386,0.0002972177,0.996727,0.0005569086,0.0009654682
eeq8hn7,joy,joy,0.0019232729,0.00029793786,0.00041222016,0.9949307,0.0008457604,0.0015901697
eeq8ko1,joy,joy,0.0035649105,0.00040207797,0.00041961548,0.9877366,0.0009974925,0.006879325
eeq9848,joy,joy,0.0009913449,0.00036173378,0.00032754388,0.99697864,0.0005669893,0.0007737157
eeq9zem,surprise,surprise,0.0036046172,0.0013079445,0.0020349226,0.005780313,0.004414189,0.98285806
eeqadl3,joy,joy,0.003126667,0.00047078787,0.00038486364,0.9931711,0.0007496873,0.0020969873
eeqarxf,joy,joy,0.0091327,0.0009165451,0.00032713581,0.9868934,0.001274534,0.0014556602
eeqb7uk,joy,joy,0.0012531201,0.0003329907,0.00026407986,0.99630153,0.00040424356,0.0014439992
eeqbc5g,joy,joy,0.30760938,0.009227485,0.0047927205,0.651007,0.01188577,0.015477636
eeqcsfc,anger,anger,0.6811588,0.009637282,0.0033359167,0.063071385,0.20777,0.035026677
eeqd2xd,surprise,surprise,0.017447947,0.002064665,0.0019838475,0.0046612998,0.00602432,0.9678179
eeqe6v6,joy,joy,0.0010751714,0.00026122594,0.00029639364,0.9959637,0.0012198025,0.0011837336
eeqe7c2,joy,joy,0.001307125,0.00030970524,0.00030642768,0.9959966,0.0006035545,0.0014766722
eeqeja9,surprise,surprise,0.02301431,0.0020323766,0.0019946606,0.0078290375,0.0037188795,0.96141076
eeqfr5q,joy,joy,0.0012925337,0.00025745278,0.00025572957,0.9962276,0.00087106903,0.0010955703
eeqfrr3,joy,joy,0.0026602785,0.00065750343,0.0003965395,0.9923269,0.0017570384,0.0022016487
eeqg3gx,joy,joy,0.020801613,0.0057136077,0.0052385284,0.7659563,0.17674175,0.02554822
eeqgqho,anger,anger,0.9709367,0.015129044,0.0012381473,0.004022865,0.005575238,0.0030980897
eeqgtew,anger,joy,0.13665216,0.0037436548,0.0052162283,0.7347977,0.05192758,0.06766267
eeqh3tr,sadness,sadness,0.25732842,0.025069686,0.0029997015,0.022964852,0.6709143,0.02072306
eeqhf09,sadness,sadness,0.005168723,0.003196181,0.0043192003,0.0058653876,0.9758192,0.005631333
eeqhnyd,joy,joy,0.0015966723,0.00031193363,0.0003116996,0.99618345,0.0005828415,0.0010134176
eeqhq7z,joy,joy,0.0015642374,0.00031353222,0.0002937043,0.99338573,0.0004656096,0.0039772466
eeqi15j,joy,joy,0.004370815,0.0005460696,0.00030632428,0.9927269,0.0007315686,0.0013183509
eeqiaw0,surprise,surprise,0.0103890225,0.0013150469,0.0012582574,0.012383283,0.008430101,0.96622425
eeqiawh,sadness,anger,0.8660712,0.01975624,0.011821509,0.017247543,0.07015354,0.0149499895
eeqinmh,joy,joy,0.005016879,0.0005052735,0.0007871179,0.9736342,0.007044499,0.01301205
eeqjnb6,anger,anger,0.72045416,0.012014956,0.004531036,0.025753185,0.22988743,0.007359309
eeqjyaq,anger,anger,0.97146356,0.004379426,0.0009386174,0.015078296,0.004336224,0.0038039573
eeqlhs7,sadness,anger,0.9422152,0.004639508,0.0015460802,0.021225581,0.013597387,0.016776253
eeqlnlv,anger,anger,0.96240777,0.004031798,0.0014126545,0.015771521,0.007824834,0.008551428
eeqlooc,joy,joy,0.11470523,0.0029529603,0.001289524,0.85499245,0.011841156,0.014218576
eeqm77h,anger,anger,0.97252107,0.0060210796,0.00080810534,0.009696183,0.007585708,0.0033678056
eeqmaon,anger,anger,0.9290251,0.016062848,0.0050009764,0.017580293,0.021787427,0.010543329
eeqmor1,surprise,anger,0.8652167,0.014260366,0.0022962806,0.0054861964,0.007379338,0.1053611
eeqoq65,joy,joy,0.0025128215,0.0004429917,0.0006229357,0.99176764,0.0029155551,0.0017380484
eeqos65,joy,joy,0.001380584,0.00025374125,0.0002626496,0.99502015,0.0014204534,0.0016624259
eeqpbm0,anger,anger,0.9665903,0.014541317,0.0008894754,0.007281237,0.007244882,0.0034528265
eeqpc3o,surprise,surprise,0.008905218,0.0011787786,0.0014270997,0.005721924,0.004387955,0.978379
eeqpjoo,joy,joy,0.0022394138,0.000375048,0.0003665089,0.99425054,0.00058587285,0.0021826187
eeqqhxu,joy,joy,0.0014539588,0.00030795764,0.000277795,0.99514824,0.0009545922,0.0018574686
eeqqoq5,joy,joy,0.0013393904,0.00031357675,0.0002307427,0.9963258,0.0005231206,0.001267347
eeqra7i,joy,joy,0.0027374164,0.0009925949,0.00074427336,0.96658486,0.0014454662,0.027495435
eeqrd8s,joy,joy,0.0011340197,0.0003521858,0.00031622732,0.99678504,0.0006886286,0.00072388334
eeqrehq,joy,anger,0.7803756,0.0036304404,0.0020616264,0.08963557,0.023546938,0.10074978
eeqstmt,surprise,surprise,0.0058303815,0.0011223856,0.0015394652,0.005588179,0.0047220574,0.98119754
eeqt1ot,joy,joy,0.0016829761,0.0003624075,0.00031109166,0.99476874,0.0012908509,0.0015839504
eeqt7fs,joy,joy,0.047935985,0.0052583814,0.0011298937,0.93298864,0.007359152,0.005327974
eeqtb4u,joy,joy,0.0011534586,0.00043534668,0.00036020394,0.9966882,0.00036948483,0.0009934237
eeqth5b,anger,anger,0.8398339,0.015650518,0.0026585353,0.06819117,0.04656195,0.027103836
eeqtllf,joy,joy,0.0009833296,0.00027755203,0.0002451835,0.99688977,0.0005085999,0.0010955904
eequf89,sadness,anger,0.6836109,0.07310426,0.031971518,0.020595606,0.15788586,0.032831863
eequhjm,joy,joy,0.16921031,0.0023669,0.001388208,0.809031,0.012151494,0.005852011
eeqv7bt,anger,sadness,0.010085044,0.0104105035,0.004439009,0.002605694,0.9652878,0.007171942
eeqvjpj,surprise,joy,0.014371094,0.0022298456,0.0039245174,0.839188,0.012539234,0.12774737
eeqwgzn,sadness,anger,0.6985458,0.10664327,0.0041703815,0.0063924515,0.15519875,0.029049322
eeqwml1,joy,sadness,0.021059476,0.003802644,0.0050921747,0.27379137,0.663884,0.032370437
eeqwyhs,joy,sadness,0.29214483,0.010779469,0.022040226,0.0735743,0.56358916,0.03787207
eeqxy36,sadness,anger,0.31926483,0.044251177,0.015978202,0.14736605,0.2142987,0.2588411
eeqy66m,joy,joy,0.0018819917,0.00028655567,0.0002519839,0.99504447,0.00061612047,0.0019189011
eeqzh5y,joy,joy,0.0011431042,0.0003174354,0.0002531552,0.9966959,0.00081181317,0.00077862444
eer01eq,joy,joy,0.001613839,0.00032543347,0.0002830113,0.9959447,0.00049203885,0.0013409615
eer058b,joy,joy,0.22119068,0.008847253,0.0042962106,0.30507842,0.26127172,0.19931574
eer0nm8,sadness,sadness,0.00735871,0.002321338,0.0035140407,0.04520192,0.9345193,0.0070846286
eer1e52,surprise,surprise,0.004172006,0.0014223522,0.0021666265,0.0038685985,0.00297046,0.9854
eer1y2c,surprise,anger,0.95999,0.007657909,0.0013196646,0.015680315,0.008991126,0.0063609052
eer29pt,joy,joy,0.0012096748,0.00031851963,0.00034602656,0.9964359,0.00036956588,0.0013203928
eer3euv,joy,joy,0.0038838983,0.0010166031,0.0005023832,0.9919996,0.0014789266,0.0011184523
eer3ivh,anger,anger,0.92869914,0.01515504,0.000809772,0.024392376,0.026464704,0.004478962
eer4ums,surprise,surprise,0.007507987,0.0017460705,0.002146487,0.00302471,0.003966682,0.981608
eer4vq0,surprise,surprise,0.008185974,0.00170329,0.002516049,0.3492659,0.009442075,0.6288867
eer5vv4,anger,anger,0.9134309,0.050568428,0.004923067,0.01215474,0.008886002,0.010036745
eer6i44,joy,joy,0.00272147,0.00039328274,0.00034407177,0.9947635,0.0007150609,0.0010625381
eer7as8,sadness,sadness,0.00479051,0.0029002673,0.0036474282,0.0066912198,0.9771838,0.0047867717
eer7dmu,sadness,anger,0.33439437,0.0067994297,0.0024947384,0.32228443,0.23639391,0.09763315
eer7jus,anger,anger,0.9380252,0.011233899,0.0020074192,0.010149761,0.008121437,0.030462345
eer85ad,surprise,surprise,0.00939622,0.0014651703,0.0018213387,0.0030286002,0.005424743,0.978864
eer8neb,sadness,anger,0.92329764,0.058141083,0.0016281566,0.005625849,0.0073171314,0.0039900434
eer8v9y,joy,joy,0.0009912237,0.00035039915,0.00035205044,0.9962224,0.00041074384,0.0016731744
eer9sex,joy,joy,0.00709097,0.0011665635,0.0017982216,0.9764979,0.009887489,0.0035589407
eera5at,joy,joy,0.0011433434,0.0003903219,0.00032463155,0.9969177,0.000453303,0.0007706096
eera73a,surprise,joy,0.0042202654,0.00044423706,0.00050064945,0.9908999,0.0012476267,0.0026872843
eerak2o,anger,anger,0.9725042,0.005425139,0.0010416429,0.008359088,0.0031109937,0.009558936
eerb4w8,joy,joy,0.0013154749,0.00031423682,0.00029491595,0.99649966,0.00045411178,0.0011215657
eerbmr5,joy,joy,0.0027256915,0.0007759672,0.00052902213,0.9920316,0.0015475354,0.0023902373
eerces3,surprise,surprise,0.0076646237,0.0027716681,0.0063929297,0.00655555,0.011451419,0.96516377
eercjpf,joy,surprise,0.043276772,0.0023593064,0.0014212132,0.024634434,0.0066887727,0.92161953
eercs51,anger,anger,0.5082186,0.23390019,0.047227364,0.012293338,0.19149108,0.0068694167
eerdfja,joy,joy,0.0010792038,0.00039922586,0.0002786315,0.99685574,0.00056776055,0.0008194197
eerdoku,joy,joy,0.0021639194,0.0006232488,0.00035484158,0.99491936,0.00063760177,0.001301035
eerdz04,joy,joy,0.0019868866,0.00036939242,0.00023895188,0.99566287,0.000497032,0.0012448041
eerfv88,joy,joy,0.0022116706,0.00047870888,0.00026012855,0.9954412,0.00056650006,0.0010417951
eerhx1d,joy,joy,0.0010978985,0.00034214713,0.0002574833,0.99628216,0.0005917179,0.0014286265
eeri62q,anger,anger,0.9445536,0.016349794,0.0010384547,0.010769419,0.021294672,0.005993916
eerilho,joy,joy,0.0012934156,0.00031486654,0.00020933509,0.9961056,0.00059500267,0.001481704
eerjjyv,joy,joy,0.0028308418,0.00032344385,0.00033494402,0.9939527,0.0010277617,0.0015302578
eerk3up,sadness,sadness,0.006445855,0.00488878,0.0044158422,0.008100464,0.97309226,0.0030568542
eerk9lf,anger,anger,0.527505,0.024935713,0.0053449217,0.055521227,0.37602443,0.010668762
eerkcnv,anger,surprise,0.061173458,0.003124187,0.0024138521,0.060398214,0.008852999,0.8640373
eerkfop,joy,joy,0.0017889474,0.0003230668,0.00029005238,0.996102,0.00045521438,0.0010407716
eerla6a,joy,joy,0.006022519,0.0006406686,0.00052674924,0.9881811,0.0015885385,0.003040474
eerlg4d,sadness,sadness,0.0077145,0.0026266708,0.005174654,0.22959411,0.7475271,0.007362936
eerlw8u,joy,joy,0.4251329,0.005265542,0.002086116,0.49529365,0.059411827,0.0128099555
eermek9,joy,joy,0.0010514626,0.00033373164,0.00024145405,0.99688196,0.00058705464,0.00090436154
eermhsx,sadness,sadness,0.01081938,0.015025462,0.016915321,0.005178838,0.9464357,0.0056252573
eermnt8,joy,joy,0.0013830907,0.0002790734,0.00029430914,0.9962985,0.00063657225,0.0011084392
eernzb8,anger,anger,0.95201683,0.017402109,0.0024510256,0.0046992917,0.017066842,0.00636384
eerplwl,joy,joy,0.002958172,0.00039245197,0.00037497826,0.99229443,0.00091970543,0.003060253
eerpnal,joy,joy,0.4750561,0.0067910794,0.0015967654,0.4936551,0.007993499,0.014907494
eerqa76,joy,joy,0.004001167,0.00035768573,0.00030236828,0.9927167,0.0008259891,0.0017961613
eerqci7,joy,joy,0.013091736,0.00067327847,0.0008211144,0.9700079,0.0018282651,0.013577718
eerqm6j,joy,joy,0.0090172775,0.00076364016,0.00045452442,0.9806106,0.0062879487,0.002866036
eerqyzv,sadness,sadness,0.021239784,0.0034020424,0.012144062,0.094536796,0.59069496,0.2779823
eerrsai,anger,anger,0.49864796,0.010123862,0.00516679,0.45632914,0.019219926,0.010512385
eers0t0,sadness,surprise,0.06103439,0.0050285785,0.0035004076,0.018993946,0.26376587,0.6476768
eers3al,joy,joy,0.04861252,0.0013230089,0.0007931554,0.9373034,0.0053777243,0.0065901726
eersey4,joy,joy,0.01951915,0.003997197,0.0035653124,0.92395276,0.028945748,0.020019762
eersfea,surprise,surprise,0.00571411,0.001476466,0.001723484,0.015011886,0.004682704,0.9713913
eertwle,anger,anger,0.9637213,0.0104862815,0.0017393308,0.0029245785,0.008504234,0.012624328
eerty2l,joy,joy,0.0015400122,0.00030371392,0.00027219442,0.9960634,0.0007563251,0.0010643303
eeru9om,sadness,fear,0.01820968,0.03709462,0.85649467,0.008630344,0.047644723,0.0319259
eervs0l,surprise,anger,0.5013325,0.0076037054,0.0024203917,0.021069616,0.021835318,0.44573838
eervv5z,joy,joy,0.037584636,0.001913473,0.0010767946,0.87473655,0.010855657,0.07383293
eerwcdt,joy,joy,0.0015300555,0.00035771457,0.00026368487,0.99624497,0.0006188602,0.000984656
eerwdmi,joy,joy,0.0010844446,0.00028773668,0.00033199083,0.99659026,0.0006348535,0.0010708076
eerwvim,surprise,surprise,0.026454223,0.0023726572,0.002363966,0.04182916,0.006502271,0.9204776
eerz7qt,surprise,surprise,0.010991284,0.0018674145,0.0014672972,0.015488654,0.0059493557,0.9642361
eerzccz,joy,joy,0.0023472102,0.00030135803,0.00024552274,0.99409276,0.0012312531,0.0017818375
eerzr08,anger,joy,0.10699076,0.0029937916,0.0010063979,0.8786703,0.005850075,0.004488731
ees08j1,joy,joy,0.0022399642,0.00030642372,0.00034142233,0.9918188,0.00078012806,0.004513287
ees09ei,joy,joy,0.0015235355,0.0003609849,0.00034041976,0.99591655,0.00047691606,0.0013816715
ees0mfr,surprise,joy,0.011988604,0.0017559465,0.0029373304,0.64499736,0.0053191707,0.3330016
ees17bb,anger,anger,0.7905673,0.016152633,0.0021066368,0.014260205,0.013349535,0.16356382
ees2pfi,joy,joy,0.0011799614,0.0002999228,0.00028735367,0.99680245,0.00070946955,0.0007208166
ees2qze,sadness,sadness,0.013527187,0.0040160115,0.0026882591,0.005520352,0.96891856,0.0053297607
ees34ye,joy,joy,0.0011907438,0.00035360875,0.00028035406,0.996825,0.00040993732,0.00094030116
ees3js2,joy,joy,0.0026150444,0.0005155617,0.0009551743,0.96971804,0.023576224,0.0026199582
ees3l2l,joy,joy,0.0015373176,0.00038541717,0.00038171516,0.9933942,0.0006453239,0.0036561417
ees450j,surprise,surprise,0.0044879117,0.0014366112,0.0020059606,0.0072240243,0.004559858,0.98028564
ees4blo,sadness,sadness,0.027400838,0.052273963,0.17267874,0.0032640735,0.71524006,0.029142369
ees57i9,joy,joy,0.0036510152,0.0004994121,0.00039737474,0.9925005,0.0014016216,0.0015501654
ees7s75,anger,anger,0.95362717,0.03227239,0.0011768622,0.0044425563,0.0054083206,0.0030727687
ees9jfz,joy,anger,0.89934134,0.0045707524,0.0018277431,0.020593168,0.029346345,0.04432068
eesa4fl,joy,joy,0.0022948727,0.00042111025,0.00030375156,0.9947466,0.0009163489,0.0013173608
eesabaf,anger,sadness,0.19641443,0.018079534,0.03728446,0.0901175,0.63854045,0.019563602
eesb4ga,joy,joy,0.008897787,0.0009841502,0.0012079278,0.9769051,0.007171056,0.0048339954
eesbi5a,joy,joy,0.0013229018,0.00030953632,0.0002727949,0.9966949,0.00044270267,0.0009571993
eesbir0,sadness,sadness,0.013118887,0.0031823993,0.0039723087,0.017051427,0.8689876,0.09368728
eesc3l6,joy,joy,0.0013600381,0.00033241347,0.0002495907,0.9962624,0.0007472584,0.0010483302
eesc9nn,joy,joy,0.0012287357,0.00046793322,0.00048462691,0.9961767,0.0004030543,0.0012389285
eescmsm,joy,joy,0.0011344409,0.0002862311,0.0002526819,0.9965436,0.0008455434,0.0009375495
eesdu31,anger,anger,0.93090105,0.0031676115,0.0008718682,0.038769476,0.017361555,0.008928369
eesdwu4,surprise,surprise,0.028883738,0.0017864504,0.0022145128,0.016073454,0.023435399,0.92760646
eeseq5b,joy,surprise,0.18079619,0.0036905212,0.0063836584,0.29501742,0.018044675,0.49606746
eesetmz,joy,joy,0.0033197422,0.00034699606,0.0010578398,0.99122906,0.0013731443,0.0026732152
eesevn1,joy,joy,0.001149116,0.00033059574,0.00028976516,0.996754,0.0004921115,0.0009844106
eesg6hw,joy,joy,0.0015107604,0.00040642507,0.0003914438,0.996075,0.00041540834,0.0012009973
eesgbva,sadness,sadness,0.009893595,0.0027399305,0.002702488,0.03207031,0.9456624,0.00693132
eeshbvv,sadness,sadness,0.008954418,0.018412367,0.06667729,0.0063374517,0.8926925,0.0069260593
eeshqur,disgust,surprise,0.31529468,0.16752145,0.027654463,0.00812515,0.043553058,0.43785125
eeshts5,joy,joy,0.0012510857,0.00030568257,0.00023897091,0.99666566,0.0005582931,0.0009803597
eesiyw1,surprise,surprise,0.0059231794,0.0026284242,0.026194444,0.019488886,0.0044972203,0.9412677
eesje43,joy,joy,0.021561116,0.0013100718,0.0013221978,0.95514905,0.0086952625,0.011962289
eesjy25,anger,anger,0.898477,0.00489603,0.0014983907,0.030938586,0.024442825,0.039747134
eesla4l,joy,joy,0.0030277162,0.0003159246,0.00035674346,0.9920941,0.0009963461,0.0032091103
eeslgjt,joy,joy,0.0011681153,0.00038651118,0.00032556895,0.9967642,0.0004599302,0.00089574594
eesmjoo,joy,joy,0.0142583,0.002190102,0.001525375,0.9779164,0.0017722365,0.0023376073
eesmn4b,joy,joy,0.10162838,0.0033933765,0.010076417,0.64563525,0.20072314,0.03854342
eesnlsb,sadness,sadness,0.0038003433,0.0032266565,0.0032098163,0.011872823,0.9693592,0.008531102
eesnue8,anger,joy,0.13132757,0.0025881086,0.002491382,0.8385441,0.010536342,0.014512556
eesozua,joy,joy,0.012096309,0.001992984,0.0020730298,0.5565946,0.003738469,0.42350462
eesp6na,anger,sadness,0.057758037,0.007272964,0.0022307725,0.049245235,0.87230396,0.011189021
eespkoo,sadness,sadness,0.007367651,0.0030511355,0.0038223038,0.009126125,0.97118425,0.005448598
eesrvl4,joy,joy,0.0028563263,0.00028990704,0.0003696785,0.9910227,0.0008009868,0.0046602995
eesryti,joy,joy,0.0014166563,0.0005714597,0.00035344894,0.99616927,0.0004006677,0.0010884823
eesstwu,anger,anger,0.96661884,0.010510067,0.0015525706,0.008482934,0.007081838,0.0057537286
eessv5q,anger,anger,0.9433439,0.035139654,0.001062436,0.0064412504,0.011080677,0.0029321162
eessxb9,joy,joy,0.0021217223,0.0003852366,0.0002701021,0.9939838,0.0004947144,0.0027444048
eessxu5,joy,joy,0.059378088,0.0019124456,0.0010850125,0.86250484,0.0064764954,0.06864314
eest3y8,joy,joy,0.001096717,0.0003350517,0.00029293183,0.99676067,0.0005065816,0.0010081254
eestqyd,joy,joy,0.0028392847,0.00032673654,0.00026979338,0.99176884,0.0025940407,0.0022013825
eesu9b3,joy,joy,0.0012911952,0.00037275878,0.00027027057,0.9965939,0.00066235114,0.0008096075
eesunjg,anger,anger,0.9802214,0.007903326,0.0010262785,0.004380202,0.0026579911,0.003810768
eesuuep,joy,joy,0.0009997843,0.00032323858,0.00031345824,0.9969633,0.00058463635,0.0008155727
eesv6eg,joy,joy,0.0013502407,0.00036837513,0.00024177137,0.9965978,0.0005435334,0.0008982622
eesvfqs,joy,joy,0.008997644,0.00050725165,0.00033884213,0.9809825,0.0011136875,0.00806002
eesw0i1,joy,joy,0.0020215218,0.00044162938,0.0003094443,0.9950493,0.00050825026,0.0016697672
eeswfs6,joy,joy,0.0017057229,0.00030028308,0.00024921063,0.9943973,0.0011210069,0.0022265774
eeswzdr,joy,joy,0.054065727,0.0016373424,0.0024326167,0.77337897,0.110476285,0.058009133
eesx34n,joy,joy,0.0009903397,0.00037022476,0.00034574658,0.996852,0.00049065973,0.00095108565
eesx7n3,joy,joy,0.001109954,0.00023143554,0.00036316947,0.99542135,0.00082628214,0.0020477497
eesxrv9,joy,joy,0.3066553,0.0037888647,0.002647767,0.6140605,0.043939933,0.028907632
eesxxeu,sadness,anger,0.716978,0.03687608,0.0018941743,0.15192047,0.0660937,0.026237616
eesxzml,joy,joy,0.0035866306,0.0005443412,0.00042118484,0.9700722,0.003093531,0.02228219
eeszaav,sadness,sadness,0.13060309,0.009293015,0.0031932904,0.017044242,0.83340704,0.006459365
eet0225,fear,fear,0.012812511,0.013819517,0.90795195,0.016585862,0.025234997,0.023595149
eet08tq,joy,joy,0.0035286872,0.00072574435,0.00044201867,0.9867568,0.0069243847,0.0016224331
eet0wg9,joy,joy,0.0011988246,0.00039633713,0.00026473717,0.99649614,0.00058872515,0.0010553505
eet11b4,joy,joy,0.0009666662,0.00033501865,0.0002702167,0.99702543,0.0005197111,0.0008830523
eet131x,joy,joy,0.014003251,0.012271249,0.11899503,0.83248395,0.008738038,0.013508495
eet2iwi,anger,anger,0.77024597,0.0045937113,0.0013729134,0.1684088,0.03901869,0.016359966
eet2ofl,joy,joy,0.0014646463,0.00030333953,0.00024614122,0.9959462,0.0009100195,0.0011296887
eet2tg1,sadness,sadness,0.004228961,0.002848682,0.0032348824,0.008963557,0.97682387,0.0039000602
eet315d,sadness,joy,0.024762161,0.0011358829,0.0008193205,0.9180301,0.03532457,0.01992798
eet3k71,joy,joy,0.0012114068,0.00054491346,0.0007312549,0.9955776,0.0005678063,0.0013670326
eet478g,anger,joy,0.044203956,0.001359549,0.0011725103,0.9417164,0.006277357,0.005270249
eet4wlq,joy,sadness,0.03169941,0.0064280233,0.0058957464,0.044215575,0.8979916,0.013769649
eet69y1,anger,anger,0.9724051,0.015219564,0.0011650539,0.004974186,0.0038864738,0.0023496512
eet6iru,sadness,sadness,0.10431272,0.008859068,0.009813949,0.03237925,0.8344367,0.010198223
eet8ntq,joy,joy,0.021386812,0.0009694436,0.0007775492,0.9699865,0.002003246,0.004876405
eet8ph5,joy,joy,0.0014092725,0.00031311525,0.000229132,0.9954774,0.00058738876,0.0019837846
eet8yzy,joy,joy,0.001045469,0.0002597922,0.00028743214,0.99670583,0.000635415,0.0010660687
eet90x5,joy,joy,0.0018206445,0.00036070307,0.00037381536,0.9898465,0.0007016804,0.0068965815
eetauds,joy,anger,0.4929333,0.0062282667,0.0014973435,0.40786552,0.07176355,0.019711988
eetavc6,anger,sadness,0.015671203,0.0023946713,0.009530069,0.24057855,0.7171525,0.014673
eetbawj,joy,joy,0.0014574585,0.00039654682,0.00029369383,0.9921375,0.00094813044,0.004766624
eetchrv,joy,joy,0.0013229838,0.00033837708,0.0003911238,0.9959253,0.00062303257,0.0013991168
eetcyi5,surprise,joy,0.039303456,0.0014918217,0.002357261,0.7006764,0.007504353,0.2486667
eetdjlx,surprise,surprise,0.051608168,0.0027092032,0.0018800377,0.27372932,0.011049901,0.65902334
eetdt8v,joy,joy,0.010161984,0.00072792225,0.00035751663,0.98411316,0.0015975361,0.0030419037
eete3m3,anger,joy,0.07685707,0.0023364301,0.0011776105,0.904979,0.006299758,0.008350163
eetedlb,joy,joy,0.0010544627,0.0002916268,0.00034328792,0.99637884,0.00044672893,0.001485017
eeteyb5,joy,joy,0.0022148453,0.00045844147,0.0003542899,0.98767823,0.0006718014,0.008622396
eetf29l,joy,joy,0.0018160404,0.0003802944,0.00028600366,0.99575645,0.0006647676,0.0010964227
eetfn7z,surprise,anger,0.7571238,0.013971205,0.0032945608,0.006455185,0.016443618,0.20271163
eetgbzz,joy,joy,0.0012607741,0.00025037094,0.00027505186,0.9964998,0.00080229336,0.0009117236
eetibyd,joy,joy,0.0013473687,0.00037455684,0.0003038151,0.99656147,0.0006783328,0.00073446764
eetjt5h,anger,anger,0.92849684,0.005334032,0.0009532565,0.037334077,0.015334727,0.012547116
eetkdhh,joy,joy,0.0011346037,0.0004658501,0.00046523035,0.99664056,0.00040270507,0.00089111336
eetkjzt,surprise,surprise,0.009456419,0.0031046479,0.003383063,0.07964295,0.0077513526,0.8966616
eetkm7i,joy,joy,0.04636389,0.0035154982,0.0018023613,0.9273449,0.013282195,0.007691241
eetlwh1,joy,joy,0.0011760321,0.00027010764,0.00024840876,0.9967667,0.0006259315,0.0009127464
eetmfnm,joy,anger,0.8874158,0.0058180387,0.0011989549,0.094218,0.004496531,0.0068525667
eetmzts,joy,joy,0.0013360019,0.00038173195,0.00032668302,0.99645823,0.000556214,0.0009410917
eetn5g9,anger,anger,0.708505,0.2343559,0.0032997436,0.012713126,0.025137577,0.015988622
eetnacw,joy,joy,0.0015353065,0.00048757743,0.0003944689,0.9960163,0.00050179055,0.0010644649
eetnlr7,joy,anger,0.8632435,0.007995229,0.001071675,0.05500592,0.05891913,0.013764518
eetnoud,joy,anger,0.7928532,0.056378033,0.0038779902,0.027581822,0.11154141,0.0077675683
eetoho2,joy,joy,0.0022255713,0.00040936196,0.00027284812,0.9951226,0.0010231879,0.0009464926
eetpc77,joy,joy,0.001236018,0.0003089952,0.00027322385,0.99672097,0.0005544649,0.0009062818
eetpj6g,sadness,surprise,0.18815106,0.0067276773,0.0026803506,0.071635805,0.08496657,0.64583856
eetprkz,surprise,surprise,0.34813938,0.005969379,0.0046572825,0.24961661,0.019795831,0.37182155
eetptjj,joy,joy,0.0013484916,0.0004013325,0.00030712623,0.99598205,0.0003920201,0.0015690147
eetpv7z,anger,surprise,0.019118704,0.0016495555,0.0028639499,0.010593059,0.008522427,0.9572523
eetq9g0,anger,anger,0.95020753,0.004766581,0.0015708469,0.027528921,0.010221998,0.005704081
eetr457,sadness,sadness,0.12056715,0.010055447,0.007820395,0.09826637,0.6368817,0.12640895
eetr7rl,joy,joy,0.13554858,0.008852304,0.0022700722,0.834697,0.012754298,0.00587776
eetrfd1,surprise,surprise,0.0036157225,0.0013103231,0.0022562314,0.0075696553,0.0048352256,0.9804129
eetrtw2,joy,joy,0.0042754924,0.00058081734,0.00033572168,0.9903295,0.0023595497,0.002118882
eetsck3,disgust,disgust,0.37379098,0.46735182,0.027926581,0.02120065,0.07902469,0.030705273
eetsqhw,joy,joy,0.0012863078,0.00030134,0.00027514956,0.9964593,0.00094559,0.00073231413
eetvhxo,surprise,surprise,0.0026140225,0.0012128983,0.0021647369,0.005512514,0.0033944824,0.98510134
eetw1zd,joy,surprise,0.18996693,0.0025483335,0.0045365808,0.3000653,0.013002413,0.48988044
eetwzx3,joy,surprise,0.03918897,0.003033098,0.0039886055,0.15917882,0.009899535,0.7847109
eetxftd,anger,anger,0.6529129,0.014273663,0.0032541342,0.02743629,0.25053987,0.051583108
eetxljv,joy,joy,0.024699086,0.0038238468,0.0038427634,0.87600136,0.015892565,0.07574041
eetxuty,anger,anger,0.65831596,0.12721528,0.0047742557,0.04956481,0.11616491,0.04396479
eetxvzu,joy,joy,0.0010711338,0.00036317686,0.00042255197,0.99375904,0.0005028573,0.0038812861
eety4l4,joy,joy,0.07467787,0.045316137,0.0112147415,0.79776734,0.05775671,0.013267216
eety4rr,sadness,sadness,0.006930855,0.004397127,0.004873483,0.021433825,0.9381647,0.024200039
eetyxnj,joy,joy,0.0016783145,0.0003521147,0.00020303481,0.99518436,0.00071974983,0.0018624123
eeu144c,anger,anger,0.9707037,0.0037901918,0.0009384214,0.011819345,0.006447896,0.0063004084
eeu19sp,joy,joy,0.002715137,0.00043597937,0.00023041386,0.99435294,0.0011674732,0.0010981289
eeu1whd,joy,joy,0.0019300171,0.00035198472,0.00035992792,0.99564517,0.0005143474,0.0011985686
eeu1wrx,anger,anger,0.80698806,0.12727092,0.0034650047,0.0066914456,0.044400547,0.011183988
eeu1zcq,joy,joy,0.0018916527,0.0004298944,0.00029472815,0.9958538,0.0006941487,0.0008358973
eeu37g2,joy,joy,0.012022338,0.00044209807,0.0007104031,0.97892785,0.0017305819,0.0061667142
eeu38cr,joy,joy,0.0025032451,0.00064018875,0.0004675155,0.9942187,0.0005101311,0.0016601289
eeu3zv0,anger,anger,0.8411969,0.014536797,0.0014552462,0.06827103,0.04803044,0.026509557
eeu4lrv,joy,joy,0.018385872,0.0014134622,0.002726238,0.8782106,0.07225303,0.027010826
eeu4qki,surprise,surprise,0.011896972,0.001788032,0.0046982476,0.018193603,0.018558977,0.94486415
eeu59wa,anger,anger,0.97969085,0.007937971,0.0009740689,0.005242114,0.0030845162,0.0030705542
eeu5mfp,joy,joy,0.024926959,0.0023587462,0.017523035,0.9333396,0.011932808,0.009918927
eeu890m,joy,joy,0.011761389,0.0008947648,0.00049022306,0.98335475,0.001278015,0.0022208348
eeu8adm,joy,joy,0.0010099264,0.00034738795,0.00027277286,0.99698323,0.0005387849,0.0008479078
eeu8ekt,fear,fear,0.017258596,0.0158942,0.86763346,0.021352448,0.01536884,0.06249258
eeu8rva,joy,joy,0.010655997,0.0012816784,0.002257849,0.7099176,0.004847172,0.27103963
eeua07h,sadness,surprise,0.008990682,0.0019346348,0.0015442012,0.019348439,0.006778182,0.96140397
eeuaw08,joy,joy,0.0029672266,0.00065956224,0.0007317875,0.9924975,0.0011534354,0.0019904154
eeub0vz,joy,joy,0.0037857448,0.00072987727,0.0008622155,0.98952115,0.0020863935,0.0030146844
eeubetl,joy,joy,0.0011891027,0.0002642552,0.0003011188,0.996561,0.0004817372,0.0012027464
eeucc1h,joy,joy,0.0013994516,0.00027718724,0.00024019825,0.99590707,0.0012611465,0.00091492553
eeucruv,joy,anger,0.6723399,0.0052537,0.0040154755,0.2559763,0.01774761,0.044667006
eeudls0,joy,joy,0.0014434607,0.00035574732,0.00032157733,0.9917904,0.0008032709,0.0052854614
eeudwdt,anger,joy,0.0013696497,0.0004497897,0.0003444808,0.99647754,0.0005521978,0.0008062317
eeuf169,anger,anger,0.970602,0.004994194,0.0017657928,0.015149213,0.002979304,0.004509532
eeufexz,sadness,sadness,0.016408935,0.017807975,0.0025295336,0.005981604,0.95023984,0.0070321937
eeufnhh,joy,joy,0.05355333,0.0020020115,0.0018946516,0.9313501,0.005700862,0.005499026
eeug6do,surprise,surprise,0.011338281,0.0017343722,0.0020639102,0.004556684,0.0041214526,0.97618526
eeuhyfj,fear,fear,0.06579359,0.14284106,0.7171009,0.015633158,0.025857707,0.03277356
eeui8j8,joy,joy,0.0017399068,0.00030192028,0.00020453102,0.9954633,0.0007633428,0.0015269854
eeuj1d0,sadness,sadness,0.016703492,0.0027655598,0.0034934457,0.15180331,0.80990064,0.015333468
eeuj8ya,anger,anger,0.5227426,0.1274278,0.0067099463,0.0065685147,0.3201903,0.01636074
eeujcuj,joy,joy,0.0013314876,0.00028211484,0.0002998538,0.99568874,0.0007833674,0.0016143791
eeujvpp,joy,joy,0.0009794785,0.00031105638,0.00032698346,0.9959896,0.0013443467,0.0010485626
eeujzsd,joy,joy,0.0010558391,0.0003201272,0.0002914986,0.9969537,0.0006426717,0.0007362332
eeukrfp,joy,joy,0.0015258397,0.00032033006,0.00020204386,0.9957575,0.00066638057,0.0015279177
eeukvst,sadness,sadness,0.16704962,0.008502384,0.008788417,0.27013525,0.40160555,0.14391878
eeula4j,joy,joy,0.0009968588,0.00032572905,0.0003126713,0.9969169,0.00043652597,0.0010113821
eeun4uc,sadness,sadness,0.26245502,0.014798751,0.0042464323,0.007918395,0.69807386,0.012507602
eeuo6d4,joy,joy,0.0024851544,0.0004883654,0.00025975175,0.9946156,0.0007796314,0.0013714533
eeuokvt,joy,joy,0.010798963,0.0017037535,0.0017261959,0.6302534,0.0057205097,0.34979722
eeuomcd,joy,anger,0.63377666,0.01788328,0.0019336635,0.02260684,0.061062112,0.26273742
eeuoxtq,joy,joy,0.0009946399,0.0003053742,0.00032715508,0.99667585,0.00041812295,0.0012788335
eeupcmv,joy,joy,0.010389714,0.0015743476,0.00077179726,0.97594655,0.005292067,0.006025599
eeuph0v,anger,anger,0.97430485,0.010579478,0.0008424418,0.0056393947,0.0027675326,0.005866305
eeuqwra,surprise,surprise,0.013245026,0.002455775,0.0025609976,0.010194432,0.013289322,0.9582544
eeurenv,surprise,surprise,0.008058896,0.0014654571,0.001803045,0.0066384645,0.0036860108,0.9783481
eeusbnx,joy,joy,0.0027132754,0.0005464393,0.000369824,0.9937815,0.0007506598,0.0018382757
eeusqjd,anger,joy,0.02420707,0.0024070847,0.00080818956,0.9622611,0.0032475893,0.0070690685
eeut8hu,joy,joy,0.004943046,0.00057332974,0.00033996653,0.9915183,0.0014052449,0.0012200967
eeutdim,joy,joy,0.0013151136,0.00037768032,0.00031150965,0.9964474,0.0005744297,0.0009738265
eeutvf8,anger,joy,0.006053634,0.00046528876,0.00035942692,0.9824744,0.0015306736,0.009116504
eeutyxy,joy,joy,0.007940697,0.0016423139,0.0011340323,0.98366076,0.0034159643,0.0022061635
eeuubtk,joy,joy,0.0022677642,0.00041676135,0.0006272875,0.99414957,0.00079609733,0.0017425102
eeuuxha,joy,joy,0.016975496,0.0017583498,0.0012505938,0.9698333,0.005766856,0.004415336
eeuuyib,joy,joy,0.0017578937,0.00027078204,0.00032702263,0.9948814,0.0005535403,0.002209397
eeuw9cv,joy,joy,0.0011843143,0.00034467858,0.0003068894,0.9949244,0.00059606234,0.0026435002
eeuwcao,disgust,disgust,0.1629139,0.7846685,0.022685373,0.005863429,0.017728534,0.00614019
eeuyojj,sadness,anger,0.83849,0.023116913,0.0024402402,0.017796174,0.10620207,0.011954631
eev00h5,joy,joy,0.0025398443,0.00062534015,0.00026805693,0.9941555,0.00060434645,0.0018068841
eev0off,joy,joy,0.001754497,0.0004282286,0.00039151683,0.9950682,0.00053064554,0.0018269258
eev17yb,joy,joy,0.0022310165,0.00045252722,0.0002928637,0.99516135,0.0006141831,0.001248081
eev1n3p,joy,joy,0.0023082697,0.00051012245,0.00030676124,0.9940899,0.0015975512,0.001187296
eev2ieh,joy,joy,0.0014677244,0.00025184042,0.00029586145,0.99589586,0.0005924702,0.0014962547
eev2o7o,surprise,surprise,0.01699128,0.0017068919,0.0016124313,0.006329511,0.0056150737,0.9677449
eev2wmo,anger,anger,0.4232498,0.06582763,0.014958259,0.18734512,0.052797556,0.25582165
eev34oy,anger,anger,0.8109526,0.005861481,0.0020177485,0.11534777,0.011181592,0.05463878
eev3snh,joy,joy,0.0064935796,0.00130545,0.0010012205,0.9700925,0.018523378,0.002583846
eev3y9m,surprise,sadness,0.08404104,0.12182364,0.1846118,0.0076667476,0.55416524,0.047691505
eev4kp3,anger,anger,0.9118845,0.008074739,0.0015939587,0.061058354,0.010714874,0.006673595
eev5frt,joy,joy,0.0012407519,0.00035314145,0.00030653647,0.9966191,0.00039669164,0.001083744
eev5mx9,anger,sadness,0.11183998,0.021712543,0.012217063,0.028554799,0.80127996,0.024395552
eev6mi6,joy,joy,0.0015784042,0.00043750933,0.0004516618,0.99574393,0.00081334094,0.0009752146
eev71kx,joy,anger,0.97126085,0.01065265,0.0006821162,0.0077149663,0.006075546,0.0036139735
eev7upq,joy,joy,0.044007525,0.0020128367,0.002571312,0.88455695,0.03646628,0.030385133
eev7z0w,joy,joy,0.004907828,0.0005342334,0.0004807613,0.977476,0.0019328514,0.014668293
eev9g28,joy,surprise,0.014277232,0.001540879,0.0026485692,0.11109062,0.01510995,0.8553328
eev9uwr,joy,joy,0.0009891647,0.0003668174,0.00039384436,0.99665916,0.00041900147,0.001172065
eeva9qx,joy,joy,0.001596796,0.0004036104,0.00035009926,0.9906599,0.0010478082,0.0059417887
eevcg8b,anger,anger,0.9322535,0.005748839,0.0014992867,0.032522608,0.010283208,0.017692592
eevdmwo,joy,joy,0.08051583,0.00247342,0.0046658083,0.48642978,0.086880706,0.33903447
eeveji1,joy,anger,0.4219952,0.124968685,0.16136435,0.19985798,0.055075813,0.036737952
eevekjz,anger,anger,0.9282547,0.0029446704,0.0011284669,0.056365207,0.0044579175,0.0068490324
eeveplm,sadness,sadness,0.15109576,0.018398043,0.0027570948,0.014503101,0.80702513,0.0062208306
eeveqjo,surprise,joy,0.03440594,0.0016208468,0.0012270965,0.81082547,0.01010908,0.14181162
eevew50,sadness,sadness,0.037439212,0.019907117,0.07442407,0.035307225,0.8151179,0.017804459
eevf3dt,anger,anger,0.9334905,0.004616624,0.0008667078,0.031206468,0.015447925,0.014371837
eevf85w,joy,surprise,0.026559139,0.0027875244,0.0022020305,0.06315986,0.013670573,0.8916209
eevga0w,joy,surprise,0.019545946,0.0027228547,0.002663608,0.2218974,0.010430346,0.74273986
eevhwlj,sadness,sadness,0.0060860924,0.002881248,0.0053657177,0.0133121,0.9678283,0.0045265695
eevi3dz,joy,joy,0.0017909636,0.00037657635,0.00025331206,0.9957625,0.0008902616,0.00092642155
eevihvw,joy,joy,0.0065238313,0.0013563114,0.0013485567,0.89004874,0.0023048576,0.09841776
eevir70,joy,joy,0.0013951426,0.00035101097,0.00026988678,0.9965178,0.00051531615,0.0009508435
eevlqzr,joy,joy,0.0011485508,0.00029689874,0.00028057795,0.99587953,0.0005608493,0.0018336007
eevm13t,sadness,anger,0.9258301,0.01057198,0.001882099,0.018020442,0.036451466,0.0072439373
eevmy2i,joy,surprise,0.0139557095,0.0015060606,0.002169797,0.0073816087,0.0087624835,0.9662243
eevn76c,joy,joy,0.0009960795,0.0002648498,0.00034484736,0.9967367,0.0007736615,0.000883743
eevo1ga,joy,joy,0.47506097,0.003371139,0.0016937337,0.4810466,0.012088702,0.026738852
eevoeky,joy,joy,0.00374014,0.0005124857,0.00021292077,0.9899905,0.0011921519,0.004351791
eevq32j,joy,joy,0.0015898868,0.00028418703,0.00028899344,0.9955167,0.00038752944,0.0019326421
eevq4j1,surprise,joy,0.035979707,0.0015570405,0.0017860974,0.69322944,0.00492115,0.2625265
eevrno2,joy,joy,0.0017330748,0.00033918835,0.00025852688,0.99515617,0.0005166653,0.0019964874
eevt2yy,joy,joy,0.0015277556,0.00038560302,0.00023543234,0.9956957,0.0004322682,0.0017232527
eevt50a,joy,joy,0.0027658576,0.00031634263,0.00043085968,0.9901484,0.0011619852,0.005176521
eevtt18,surprise,surprise,0.01709815,0.0017771379,0.001562483,0.004876938,0.005094619,0.9695907
eevupfw,joy,joy,0.0012555937,0.00032361253,0.00027943848,0.99605334,0.00076699123,0.0013209922
eevuxzh,joy,joy,0.20489348,0.004758593,0.008991309,0.70046526,0.046957366,0.033933993
eevx8m2,joy,joy,0.004532537,0.00034702322,0.0004200071,0.98473215,0.0015721468,0.008396118
eevz8a0,surprise,surprise,0.004756686,0.0012351207,0.002693637,0.004158725,0.0032061578,0.9839497
eevzcvn,joy,joy,0.0013075626,0.0003473839,0.0003536872,0.9962108,0.00049453037,0.0012860065
eew1fwh,surprise,surprise,0.023260852,0.0018759555,0.0043837097,0.14211716,0.08104953,0.7473128
eew20af,anger,anger,0.96504354,0.006267802,0.0015818172,0.015408304,0.0075437245,0.0041547325
eew2gpr,joy,surprise,0.0085413,0.0013528258,0.0031632923,0.4352893,0.020609854,0.5310434
eew2qkm,joy,joy,0.032656655,0.0014841554,0.001758011,0.61848426,0.007770807,0.33784604
eew3ozo,joy,joy,0.0011116175,0.000367848,0.0003077955,0.99667525,0.00051044516,0.0010270004
eew5zae,anger,anger,0.9705391,0.01070448,0.0019331932,0.0037269674,0.002981517,0.010114748
eew61mt,joy,joy,0.0011654817,0.00035771975,0.000235279,0.99657816,0.0004756188,0.0011878076
eew69gh,surprise,sadness,0.22851837,0.16680531,0.06112147,0.12250162,0.25652263,0.16453063
eew6gal,joy,joy,0.004342802,0.00038695917,0.0003029643,0.989801,0.0015262722,0.0036400363
eew78g0,sadness,joy,0.0021270684,0.0003553822,0.0004174031,0.9913135,0.003952634,0.0018340506
eew86md,joy,joy,0.0012437671,0.0003870637,0.0003511985,0.99658966,0.00044913666,0.0009792091
eew8c8f,joy,sadness,0.06587573,0.005045342,0.004227077,0.039933473,0.8708085,0.01410995
eewae73,surprise,surprise,0.010226409,0.0013211423,0.0016686141,0.0055646678,0.0034460719,0.97777313
eewajpg,anger,anger,0.96327,0.012264176,0.00069375645,0.012228381,0.007043214,0.0045003355
eewazmn,joy,joy,0.00110069,0.00034518164,0.0003051035,0.9965913,0.00036889722,0.0012888309
eewblx3,sadness,sadness,0.030725416,0.008934277,0.03416952,0.07075312,0.53893465,0.31648308
eewcrmx,disgust,anger,0.88796014,0.078193486,0.0016737186,0.014139054,0.012587654,0.0054459963
eewd3xx,surprise,surprise,0.0029542188,0.0011582974,0.0024503353,0.005993535,0.00377627,0.9836674
eewd80e,joy,joy,0.0010346653,0.00030063977,0.0003635695,0.99497,0.00048978714,0.0028413746
eewd9gh,joy,joy,0.0012794521,0.0003273244,0.000327267,0.995961,0.00045614396,0.001648727
eewelsj,joy,joy,0.0017318435,0.00032033166,0.0002882645,0.99557745,0.00070492324,0.0013772241
eeweozy,joy,joy,0.003874116,0.0005884945,0.0003420337,0.9908516,0.0007386572,0.0036050964
eewesjo,joy,joy,0.0013481432,0.00032931694,0.00024490152,0.996088,0.00087635213,0.0011132932
eewfeon,sadness,sadness,0.18168068,0.018366622,0.016322961,0.026715478,0.6641063,0.09280794
eewgfox,sadness,sadness,0.004810767,0.0035512953,0.0026502542,0.007340907,0.97628456,0.005362247
eewgr71,joy,joy,0.008134683,0.0005393876,0.0005854383,0.9759325,0.0021540276,0.012653948
eewgui2,anger,sadness,0.09354779,0.011366461,0.0143072205,0.02804141,0.8329735,0.019763587
eewj8x7,joy,joy,0.0012737,0.0003102263,0.00028792198,0.9965912,0.0005447033,0.0009922642
eewk2dv,joy,joy,0.0013067264,0.0003777089,0.00025834044,0.9957908,0.00045266037,0.0018138431
eewk7ys,joy,joy,0.0011115267,0.00037485862,0.00029861095,0.99602365,0.00038446172,0.0018069022
eewk8z1,anger,anger,0.8531615,0.006839,0.0060206163,0.06569465,0.039255776,0.029028373
eewk9e0,joy,joy,0.0014005932,0.00043993388,0.00028593277,0.9964928,0.00057418563,0.000806507
eewkdpq,joy,joy,0.0013340892,0.000434608,0.0003711117,0.9929893,0.00048561097,0.0043851575
eewl3mr,joy,joy,0.0013738025,0.00032650377,0.0002479503,0.9956246,0.00043995547,0.0019872405
eewld6b,joy,joy,0.005631651,0.0005421753,0.00037740398,0.98769313,0.0014426826,0.0043129036
eewm6sp,joy,joy,0.0010091237,0.00030863466,0.00027824164,0.9967616,0.00051630987,0.0011261859
eewmh67,surprise,surprise,0.009159322,0.0013822404,0.0020641626,0.035532285,0.0048209606,0.9470411
eewn9w1,sadness,sadness,0.27995667,0.020918824,0.028566571,0.065087594,0.41921002,0.18626028
eewp0z3,joy,joy,0.004852829,0.0007523022,0.0005665089,0.9902368,0.001978848,0.0016127006
eewppx3,surprise,surprise,0.07810841,0.0037569953,0.002374339,0.11626277,0.014610688,0.7848867
eewq4su,joy,joy,0.14624535,0.00661443,0.0027831793,0.82581955,0.007625013,0.010912498
eews90w,joy,joy,0.009824466,0.0009488613,0.0013861128,0.90002537,0.0024389408,0.08537631
eewslhl,joy,joy,0.0019956038,0.0005847806,0.0003687922,0.99494743,0.00046412318,0.0016391977
eewszvh,joy,joy,0.0036738787,0.00047202993,0.0002610251,0.9930496,0.0009913117,0.0015521048
eewt66a,joy,joy,0.06689415,0.0016904742,0.0031234848,0.90037864,0.012067532,0.015845817
eewu81q,joy,joy,0.014402795,0.0011353962,0.0010788721,0.9594586,0.015942546,0.007981725
eewvlcy,joy,joy,0.0014471706,0.00029265598,0.00044044963,0.9925426,0.0015920744,0.0036850641
eewx2q3,joy,joy,0.0015002027,0.00031134707,0.00033532293,0.99616003,0.0003997417,0.0012933819
eewx6on,sadness,sadness,0.004632221,0.0025864583,0.0033624123,0.014866535,0.9692886,0.0052638124
eewxuei,joy,joy,0.0022524197,0.0004712988,0.00023458521,0.994836,0.0008155424,0.0013901326
eex001x,joy,joy,0.0018175425,0.00033922715,0.00042869733,0.99413824,0.00085899426,0.00241728
eex0jkk,joy,joy,0.013941397,0.001749848,0.0008355039,0.9775803,0.0029263054,0.0029666135
eex0kod,joy,joy,0.08359167,0.0014863737,0.0016339356,0.8957171,0.005906483,0.01166449
eex0sfa,joy,anger,0.52720183,0.0051709875,0.002356893,0.2976154,0.07079093,0.096863896
eex192q,joy,joy,0.026464649,0.0021918125,0.010420496,0.7505566,0.15630871,0.054057766
eex1qvd,joy,joy,0.001049908,0.00031854238,0.00032890076,0.99679786,0.00042216954,0.0010827172
eex21gy,joy,joy,0.020418663,0.0007473002,0.00048701616,0.97155815,0.004272339,0.0025164466
eex2uey,joy,joy,0.002153045,0.00052148104,0.0003450275,0.9952195,0.0008081703,0.0009527052
eex7622,fear,fear,0.011973096,0.016159542,0.9172946,0.01678623,0.017527273,0.020259205
eex9hae,sadness,sadness,0.093260214,0.054654393,0.0052980776,0.007555576,0.8319314,0.007300331
eexarof,anger,anger,0.96904457,0.015030749,0.0010986798,0.00960247,0.0026598691,0.0025636873
eexb4bm,disgust,anger,0.78037137,0.041116893,0.004769832,0.04933345,0.05235902,0.0720495
eexbanq,fear,fear,0.020073373,0.015566673,0.75796664,0.13509816,0.047433335,0.023861786
eexbn8q,anger,surprise,0.013384264,0.0012811708,0.0015335047,0.009971504,0.0041610585,0.9696685
eexbv2s,joy,joy,0.003894444,0.00042662185,0.00034437902,0.99140596,0.0022706387,0.0016579151
eexbxzu,joy,joy,0.0022595276,0.00029480702,0.00026526826,0.9947978,0.0005955317,0.0017870825
eexcwzo,surprise,surprise,0.0037799813,0.0016070345,0.0021933562,0.0038316157,0.0034730188,0.985115
eexcxg1,anger,sadness,0.34045458,0.01904447,0.022338314,0.0058510974,0.5178997,0.09441181
eexcza2,joy,joy,0.0026849657,0.00029850498,0.000259312,0.9947306,0.0010663015,0.00096031395
eexddyv,surprise,joy,0.00825492,0.00095082796,0.0011692669,0.8554605,0.00346881,0.13069573
eexf4wc,joy,joy,0.0008610364,0.00033221676,0.00028733502,0.99703634,0.0005335658,0.0009495241
eexgtfb,anger,anger,0.9680406,0.004633487,0.001049852,0.018877922,0.0033504313,0.004047731
eexgy7y,joy,joy,0.0011037047,0.00025682175,0.00027398145,0.9966427,0.00046269354,0.0012601849
eexhbyk,surprise,surprise,0.20185567,0.0077248346,0.013360193,0.07413059,0.11605352,0.58687526
eexi9i3,joy,joy,0.0011532106,0.00034461045,0.00026513523,0.99673516,0.0007087958,0.0007930498
eexiu04,joy,surprise,0.012724348,0.0028517526,0.004079996,0.21991663,0.0068544773,0.75357276
eexjjfg,surprise,surprise,0.0191228,0.0018481899,0.0016382334,0.0071882945,0.0059073446,0.96429515
eexjyl5,anger,anger,0.4210126,0.006809329,0.01054472,0.04683063,0.22834392,0.28645876
eexjz4t,anger,anger,0.9523958,0.0046041654,0.001425051,0.033287104,0.0036882197,0.0045996294
eexk6e4,surprise,surprise,0.0074416297,0.001476037,0.0018053815,0.0066059595,0.013383347,0.96928763
eexkhrm,joy,surprise,0.0061082183,0.0016283954,0.0023405314,0.14008823,0.0048649763,0.8449697
eexlqyk,disgust,anger,0.88153946,0.021033263,0.0036663287,0.049637422,0.0069387294,0.037184764
eexlyva,anger,anger,0.9719077,0.011063138,0.0024952774,0.0040415153,0.0028887838,0.0076035867
eexm1mn,surprise,surprise,0.13714054,0.0043496196,0.0022270859,0.01374309,0.014149166,0.82839054
eexm5kc,sadness,sadness,0.0057645515,0.0039164666,0.0028628954,0.0067361533,0.9756758,0.005044184
eexma61,joy,sadness,0.04274343,0.0044523505,0.006873458,0.089173675,0.5675275,0.28922963
eexmb7f,joy,joy,0.006520989,0.00039432535,0.00043319986,0.9892218,0.0009803594,0.0024493388
eexn2nw,joy,surprise,0.018918782,0.0013813558,0.0017973792,0.10262879,0.011665544,0.8636081
eexnqad,anger,anger,0.9524702,0.018458847,0.0011666886,0.005034655,0.015438104,0.0074314363
eexpxup,joy,joy,0.0024770452,0.00041927036,0.0002814695,0.99433327,0.00060836907,0.0018806942
eexr751,joy,joy,0.003355543,0.00043459187,0.00028502723,0.9937273,0.0005066141,0.0016907981
eexs97s,sadness,sadness,0.004900527,0.0042830436,0.0031544322,0.00547212,0.97849154,0.0036983618
eext6e7,joy,joy,0.004479939,0.00049772684,0.00030134898,0.99235994,0.00086814,0.0014929378
eextuzb,joy,joy,0.0011163108,0.00030830372,0.0002615287,0.9961002,0.0007224949,0.0014911942
eexwzir,surprise,sadness,0.14351283,0.022920126,0.2150148,0.058260635,0.38823017,0.17206143
eexy2yd,joy,joy,0.0027490398,0.0003890334,0.00038887112,0.9940837,0.0008253548,0.0015640666
eey0ta7,anger,anger,0.81266713,0.13011336,0.0052679763,0.00564742,0.026088275,0.020215813
eey1f41,joy,joy,0.013641183,0.00069279876,0.0012550948,0.96979743,0.010227177,0.0043864134
eey1xcn,joy,joy,0.0024517758,0.00026219312,0.00023124123,0.99419206,0.0009905787,0.0018721771
eey36m0,anger,anger,0.97127503,0.006997993,0.0013766416,0.0051629944,0.0047716843,0.01041557
eey3i5d,joy,joy,0.0062535517,0.0006583979,0.001529968,0.9870048,0.0021890975,0.002364123
eey3wm1,anger,anger,0.93169934,0.0032654654,0.0009010326,0.041481327,0.015223773,0.007429174
eey440s,sadness,anger,0.75492483,0.13431472,0.0030328264,0.008767694,0.09369672,0.005263238
eey496u,joy,joy,0.0014445534,0.00032620624,0.00030878402,0.9961527,0.0005416055,0.0012261098
eey4jpi,joy,joy,0.0030911476,0.00035657032,0.00023363966,0.99303496,0.00070557714,0.0025782124
eey577y,joy,surprise,0.012107163,0.002147057,0.0062498474,0.11917906,0.009796458,0.8505205
eey579w,sadness,surprise,0.043422792,0.0037617567,0.004003218,0.00883335,0.060454354,0.8795246
eey5gc2,joy,joy,0.0057102316,0.00032833504,0.00031799747,0.9881995,0.0008229111,0.004621051
eey6053,joy,joy,0.0023408001,0.00051366107,0.0003057695,0.99469733,0.0011674889,0.00097491784
eey6cm0,joy,joy,0.0013165212,0.00032089042,0.00026208704,0.9956872,0.0007893668,0.0016239333
eey6obk,sadness,sadness,0.006648419,0.0040470115,0.004431759,0.00990876,0.9700674,0.0048967535
eey9qv3,joy,joy,0.002831511,0.0005197211,0.00042308233,0.99421895,0.000652982,0.0013537374
eeyc8jv,joy,joy,0.0024904937,0.00047572496,0.00026717669,0.9934221,0.00190273,0.0014418154
eeycf6k,joy,joy,0.04950186,0.0013486817,0.001404958,0.9236541,0.012720553,0.011369843
eeycihv,joy,anger,0.87767136,0.008737745,0.0024027883,0.07345621,0.031052079,0.006679789
eeyda6m,joy,joy,0.0011697626,0.0003527107,0.00030616127,0.9967795,0.0005011149,0.00089080504
eeye9u5,sadness,anger,0.8938528,0.0068014283,0.0017413009,0.041678756,0.047948807,0.0079769455
eeyeavn,joy,surprise,0.036785983,0.0018220174,0.0021071336,0.09080526,0.010254632,0.858225
eeygrid,joy,joy,0.0010568458,0.00034087524,0.0003056928,0.9968778,0.00037797878,0.001040815
eeygxt5,joy,joy,0.0019451327,0.00037604495,0.00026326484,0.99560696,0.00055693946,0.001251661
eeyh41r,anger,joy,0.16354407,0.002598531,0.0021045813,0.76125073,0.033804283,0.036697824
eeyhcid,joy,surprise,0.3395019,0.005688692,0.0017932669,0.26795667,0.037649687,0.3474098
eeyhws2,anger,anger,0.9564485,0.004986852,0.0012836129,0.015781363,0.014868609,0.0066311294
eeyibw0,joy,joy,0.0012233171,0.00045595513,0.0008205995,0.98933744,0.0005455335,0.007617119
eeyj4bw,joy,joy,0.004114331,0.0005691053,0.0029622167,0.9842308,0.0022979497,0.0058255764
eeyj6tp,joy,joy,0.0019493164,0.00035831617,0.00036099015,0.99519616,0.00070450717,0.0014307827
eeyjfwu,surprise,surprise,0.004805666,0.0010215195,0.0019225992,0.019620696,0.0043805544,0.96824896
eeym93s,joy,joy,0.0028806997,0.0005816105,0.00035671852,0.9887553,0.00092477625,0.00650087
eeymdv6,sadness,joy,0.009573048,0.0013651953,0.0020548217,0.83594775,0.14227614,0.008783052
eeymgef,anger,joy,0.09463237,0.0020949221,0.0065560946,0.85687065,0.01893087,0.020915136
eeympky,joy,joy,0.015347906,0.0013140782,0.0011137741,0.90129554,0.0025122508,0.07841645
eeyn5fl,anger,anger,0.9625238,0.0042009107,0.0009401359,0.021792106,0.0059650834,0.004577965
eeyngdh,disgust,anger,0.9529331,0.016270293,0.0013493447,0.01891513,0.0063695177,0.0041626585
eeynqjj,sadness,sadness,0.008838354,0.008511309,0.006460749,0.0110200215,0.9601091,0.0050604236
eeynzmp,joy,joy,0.001204393,0.00031999545,0.00026291754,0.9967288,0.00063803466,0.00084590947
eeyoowk,joy,joy,0.001360066,0.0004277524,0.0002794496,0.995846,0.0006315597,0.001455117
eeyp2zi,joy,joy,0.0021715255,0.00031815434,0.00030631875,0.99331516,0.00094764936,0.0029411144
eeypghm,joy,joy,0.028209748,0.0019069666,0.0020216578,0.95396453,0.0038893623,0.010007693
eeypu32,joy,joy,0.0010246655,0.00028227066,0.00029371414,0.996825,0.00058836845,0.000986024
eeyq3lu,sadness,joy,0.108702146,0.006835592,0.004805925,0.44222394,0.41525018,0.022182237
eeyqdl6,anger,anger,0.66858953,0.0092498865,0.001665024,0.12722988,0.14490774,0.048357867
eeyqj4c,joy,joy,0.0066299103,0.0005850766,0.00073670974,0.98741865,0.0013502558,0.0032794655
eeyqmlm,surprise,surprise,0.00475714,0.001306195,0.0018854692,0.013037236,0.004183408,0.97483057
eeyr61o,joy,joy,0.0009923462,0.00033910555,0.00028461713,0.99693775,0.0003864047,0.001059799
eeyrhkg,joy,joy,0.0013432278,0.0003020829,0.00024582454,0.99609536,0.00065340573,0.0013600563
eeyrq4a,joy,joy,0.001012714,0.00028906396,0.00025577378,0.9967782,0.0005080851,0.0011562095
eeyrwtq,joy,joy,0.0009606536,0.0002918713,0.00028556894,0.99681866,0.00082970154,0.00081348384
eeystw3,joy,joy,0.005283944,0.0010182966,0.0008131714,0.9858014,0.0019334453,0.0051497505
eeysvgp,joy,joy,0.001512395,0.00048758546,0.0004102282,0.9961134,0.00041737102,0.0010589712
eeytigc,joy,joy,0.0042501152,0.00050431694,0.0003588067,0.99194264,0.0017407266,0.0012034398
eeyuikk,joy,joy,0.0011685679,0.0002882828,0.00041840345,0.9921524,0.0012141014,0.0047582113
eeyw0m9,joy,joy,0.002734964,0.00037324653,0.0004886548,0.98878664,0.0026312803,0.0049852114
eeyx0k2,joy,joy,0.0020287659,0.0003751426,0.00038994546,0.99393904,0.00048148943,0.0027855523
eeyyi2z,surprise,anger,0.6691135,0.00919843,0.0027330776,0.16851778,0.030012164,0.12042513
eeyyzgx,joy,joy,0.004075572,0.00057851546,0.0005368914,0.9906233,0.00090237666,0.0032833526
eeyza0p,anger,sadness,0.111886844,0.0066677565,0.0026137559,0.037053432,0.8264081,0.015370154
eeyzvik,joy,joy,0.0015911377,0.00041100173,0.00034035975,0.99630713,0.0004344052,0.00091601175
eeyzweg,sadness,sadness,0.012940706,0.0043509738,0.004831986,0.009732859,0.9611628,0.006980724
eez0mmw,joy,joy,0.012668114,0.0010043184,0.0010979513,0.9673295,0.007296829,0.01060322
eez14bu,joy,joy,0.0024008548,0.00054580544,0.0010051151,0.98970175,0.0036561422,0.0026903483
eez15uk,joy,joy,0.0015136617,0.00026851616,0.0002538304,0.9961817,0.00062697934,0.0011553413
eez1yz1,joy,joy,0.0015242932,0.0005432864,0.0005757241,0.995774,0.00044652136,0.0011361752
eez2i1x,surprise,surprise,0.0037327248,0.0015414314,0.0028355694,0.0031151476,0.0037519953,0.98502314
eez2x7i,joy,joy,0.0010418976,0.0002791542,0.00030008794,0.99646616,0.0005043664,0.0014083725
eez3fpl,anger,anger,0.753676,0.008217207,0.0017757752,0.025679333,0.013928512,0.19672321
eez4m03,joy,joy,0.0023016084,0.0004651009,0.00030394242,0.99464107,0.0004308817,0.0018573587
eez58cb,joy,joy,0.0012150935,0.00030448489,0.00025432586,0.9968772,0.0005587867,0.0007901523
eez5rv9,joy,joy,0.0014376545,0.000270427,0.00025201906,0.9961434,0.00047988995,0.001416608
eez5v5p,surprise,surprise,0.033142712,0.0022550276,0.0026713663,0.0047049397,0.0060519967,0.9511739
eez7p8r,joy,joy,0.0034629996,0.00063420093,0.00048534074,0.9922517,0.0007999238,0.002365821
eez8e8r,joy,joy,0.0025725865,0.0003666738,0.0003023705,0.99410796,0.0012838955,0.0013664879
eez8k7d,joy,joy,0.001306873,0.00034730948,0.00033520008,0.9966659,0.00044114495,0.0009035239
eez8nxs,joy,joy,0.0022221217,0.00034938418,0.00030711168,0.9953927,0.0007186353,0.0010100458
eez9o8v,sadness,sadness,0.0101340385,0.0030091824,0.0026594363,0.024879089,0.9533431,0.005975101
eez9qla,anger,joy,0.36339486,0.005061922,0.002415994,0.428902,0.053408623,0.14681655
eezb2uh,sadness,joy,0.051498633,0.0012810853,0.0010218335,0.92390096,0.008336964,0.01396051
eezboct,joy,joy,0.007543909,0.0012099782,0.0014452797,0.9022285,0.0035821453,0.0839902
eezcel6,joy,joy,0.001785297,0.00028351636,0.00026927475,0.99563676,0.000601301,0.0014238496
eezci58,joy,joy,0.006982262,0.0010367701,0.00087307824,0.9674941,0.02106782,0.0025459325
eezdk5s,anger,anger,0.8386296,0.0040207906,0.0013690761,0.13203426,0.0064185695,0.017527679
eezdxbs,joy,joy,0.0010179883,0.00031449957,0.00030189508,0.9966426,0.00054210937,0.0011809851
eezdydc,joy,joy,0.009261098,0.0005095066,0.00041320603,0.97628206,0.009927259,0.0036068358
eezeel0,surprise,surprise,0.003749216,0.0012718954,0.001743465,0.0057114083,0.0032338914,0.9842902
eezezsb,joy,joy,0.0011043306,0.00034059287,0.00034167268,0.9967386,0.00044457882,0.0010302514
eezg0ig,sadness,sadness,0.0043159807,0.0021418973,0.0032676687,0.009260443,0.9721934,0.008820526
eezgysw,joy,sadness,0.013499143,0.0027310436,0.0026192702,0.022714015,0.94472724,0.013709331
eezgzhu,joy,joy,0.003341592,0.00037936418,0.00022539221,0.9932673,0.0005335855,0.0022527757
eezh3s6,joy,joy,0.0015724787,0.00040403797,0.00028410097,0.99643755,0.0005801073,0.0007217763
eezi4ba,joy,joy,0.0009996044,0.0004190092,0.0003263379,0.99685895,0.00041782446,0.0009783021
eezjbs8,anger,anger,0.9600219,0.013610293,0.0017365381,0.0053778444,0.007623045,0.01163031
eezjol3,anger,anger,0.9728885,0.008693762,0.0023004594,0.0073419623,0.003972638,0.0048026564
eezjoyn,joy,joy,0.0018413055,0.0003187107,0.00027517925,0.99518114,0.0015903601,0.00079320016
eezk8uu,joy,joy,0.0016244749,0.00030139857,0.00031629644,0.9950281,0.0008044687,0.0019252824
eezkqmm,surprise,surprise,0.004779988,0.0011853719,0.0026238037,0.00873074,0.004109094,0.978571
eezksmq,joy,surprise,0.2883417,0.008759691,0.005989323,0.17045754,0.10583009,0.4206216
eezkv3q,joy,joy,0.0010938807,0.00033102758,0.00025819874,0.9967367,0.0004529802,0.0011270812
eezn0j8,surprise,joy,0.0072682966,0.0029665157,0.0022803652,0.7358221,0.0041682245,0.24749455
eezn32t,anger,anger,0.91337913,0.021523988,0.0009964415,0.015081589,0.038174782,0.010844121
eeznly8,joy,joy,0.0011787469,0.0003715032,0.00027349716,0.9966169,0.0006374829,0.0009219533
eeznrgr,joy,surprise,0.126248,0.0047822543,0.002034633,0.12619112,0.052168306,0.6885757
eezof7b,anger,anger,0.9117783,0.0057439194,0.00087203755,0.06343122,0.006983642,0.01119096
eezojir,anger,anger,0.9315435,0.010371174,0.010034376,0.032927655,0.0074886284,0.007634588
eezoypj,joy,joy,0.0019482763,0.00037034124,0.00037117605,0.9954007,0.00049796875,0.0014116241
eezp9tg,joy,anger,0.5774295,0.0032703702,0.0036955024,0.3645195,0.013660431,0.03742476
eezq59k,sadness,sadness,0.003368514,0.003029232,0.0053777,0.006612158,0.97738147,0.0042310343
eezqhw8,surprise,surprise,0.01340582,0.0021756897,0.0034021914,0.0030252126,0.0048086806,0.9731823
eezr6bf,anger,anger,0.65218246,0.0057027703,0.001710721,0.13851199,0.08023909,0.121652976
eezrbd3,joy,joy,0.0016451319,0.000358694,0.0002731219,0.99605453,0.0006465479,0.0010219669
eezsaqx,joy,joy,0.0025186078,0.00033791797,0.00027018928,0.99334925,0.0005634502,0.002960553
eezu5ys,joy,joy,0.0011462609,0.00035074257,0.00032149578,0.9967211,0.00054040755,0.0009200334
eezumyg,joy,joy,0.0014228297,0.00033719704,0.00024240454,0.9963721,0.0007785927,0.00084683625
eezuofe,anger,anger,0.97624767,0.007584835,0.0012101238,0.0077504963,0.0033489806,0.003857939
eezuxwn,anger,anger,0.950089,0.003619176,0.0017800156,0.022511853,0.013471921,0.00852814
eezvncy,joy,joy,0.0017273196,0.0003479026,0.00030012405,0.9956656,0.00051877147,0.0014403325
eezvy6k,joy,surprise,0.012919521,0.0019735072,0.0017499843,0.35611677,0.0051493747,0.6220909
eezw613,anger,anger,0.7515895,0.010727286,0.0063065197,0.111168034,0.02582841,0.09438027
eezw8vq,joy,joy,0.0034685077,0.0005821978,0.00038013843,0.9923113,0.0006906522,0.002567287
eezwarw,joy,joy,0.017855743,0.0009807814,0.0011936091,0.8781516,0.0043064095,0.097511835
eezwk3v,surprise,surprise,0.010380046,0.0013046714,0.0013113127,0.011469438,0.005859519,0.9696749
eezwoq9,anger,surprise,0.16930214,0.0068838,0.0028822124,0.008869572,0.010296182,0.80176616
eezx2qo,joy,joy,0.0013455057,0.000285797,0.0002924849,0.99644524,0.00056187133,0.0010691086
eezyo7k,joy,joy,0.00096104294,0.00034739976,0.0002966258,0.996953,0.00046853017,0.00097337854
eezysgj,joy,joy,0.0018665732,0.00032358844,0.00043859205,0.99409544,0.0012046752,0.0020711012
eezyw91,anger,anger,0.6060021,0.0146686835,0.0031956213,0.04597972,0.29986876,0.030285064
eezz1zn,joy,joy,0.0027753003,0.0003567422,0.00034028,0.9936373,0.0014708749,0.0014195788
ef00szf,joy,joy,0.0011663461,0.00025144411,0.00034112032,0.9954501,0.0015541534,0.0012368996
ef014pu,joy,joy,0.0074538477,0.00090362463,0.0011064559,0.97603476,0.004815376,0.009685966
ef02qvs,joy,joy,0.003933026,0.0009089813,0.0012125983,0.8897291,0.0028800224,0.101336315
ef02r5k,joy,joy,0.0010368025,0.00029788166,0.00029390544,0.9969988,0.0005487267,0.0008239316
ef03wg6,joy,joy,0.0020041652,0.00047673268,0.00034872768,0.99487865,0.00048596057,0.0018056832
ef0483u,anger,anger,0.952733,0.032014735,0.0014268353,0.0046897237,0.0048788064,0.004256901
ef049g3,joy,joy,0.001251294,0.00035685266,0.00030601426,0.9950694,0.0016676516,0.0013487871
ef057nf,joy,joy,0.003612319,0.00049039297,0.00026297465,0.9936261,0.00051447324,0.0014938016
ef077fx,surprise,surprise,0.004817645,0.00149178,0.0017439129,0.02839874,0.0048675747,0.95868033
ef07aip,joy,joy,0.0011583705,0.00030368922,0.00023248939,0.9961933,0.000675023,0.0014371707
ef07gty,joy,joy,0.0015646801,0.00034405058,0.00038420362,0.99574333,0.0006222998,0.0013413427
ef08jsr,joy,joy,0.0018048234,0.0003346622,0.00025603184,0.9961371,0.00054763746,0.00091977103
ef08ojl,surprise,surprise,0.08743578,0.004905508,0.0024894332,0.30759797,0.082743056,0.5148283
ef09nw6,joy,joy,0.0023086953,0.00045286003,0.00030439225,0.9953725,0.00056104397,0.0010005356
ef09ymh,surprise,surprise,0.0035692675,0.0022843888,0.0047740676,0.012615858,0.009355036,0.96740127
ef0a47q,anger,anger,0.8474921,0.023103392,0.0038993093,0.019468296,0.04273493,0.063302
ef0abcc,sadness,sadness,0.003863803,0.0030088832,0.0042459313,0.005917013,0.9784777,0.0044866614
ef0b7uf,joy,joy,0.0019268183,0.0006302695,0.00043758636,0.9931753,0.0014569252,0.0023730283
ef0c1q6,joy,joy,0.001581803,0.00041089245,0.0002760012,0.99555355,0.00044966326,0.0017280537
ef0cl2h,joy,joy,0.0013648507,0.00040677298,0.00035456452,0.99597967,0.00041051785,0.0014836466
ef0eu0n,joy,surprise,0.0045051277,0.0013786899,0.0021105956,0.009363711,0.004031892,0.97861004
ef0evbq,surprise,surprise,0.0035723783,0.0015200211,0.0029117835,0.002992989,0.0034357014,0.9855671
ef0gag3,joy,joy,0.0009786517,0.00035909293,0.0003421025,0.9968657,0.00069150806,0.00076295383
ef0hlvi,joy,joy,0.0030784954,0.00091736834,0.0007345858,0.99111134,0.002828113,0.0013300191
ef0hr5d,joy,joy,0.0029895995,0.00030792752,0.00020763611,0.9918608,0.0008114907,0.0038225744
ef0iuej,joy,joy,0.009646007,0.0009976216,0.00038421794,0.9860075,0.0013881542,0.0015764207
ef0j03e,anger,fear,0.03306224,0.06499392,0.8132971,0.01719438,0.035324488,0.036127813
ef0js35,sadness,anger,0.9359222,0.0069537535,0.0015840826,0.025859673,0.025165878,0.004514381
ef0jtsf,surprise,anger,0.6863515,0.06962269,0.0042264704,0.020798488,0.09835366,0.12064727
ef0kyoo,joy,joy,0.0023330646,0.00044365227,0.00038673033,0.9932996,0.0014229404,0.0021139795
ef0lc7t,joy,joy,0.0022134061,0.00034669277,0.00026817358,0.99368757,0.00090418995,0.0025799645
ef0m6zi,anger,anger,0.9497797,0.0067869923,0.0046974476,0.027252415,0.006058331,0.0054250592
ef0o7j9,surprise,surprise,0.010067485,0.0020036055,0.0017232711,0.028659193,0.0032572257,0.95428914
ef0r7t3,anger,sadness,0.08918028,0.022654537,0.024182964,0.014453662,0.8011741,0.048354376
ef0sowh,anger,joy,0.22978249,0.0027034893,0.0014110018,0.6005792,0.02678454,0.1387393
ef0tm2e,joy,anger,0.640987,0.009494735,0.0038084066,0.16171125,0.015496404,0.16850221
ef0uk1o,joy,joy,0.00087623775,0.0002600465,0.0003454591,0.9957253,0.001038604,0.00175435
ef0uux1,joy,joy,0.009979151,0.00058833405,0.00046539967,0.9843609,0.002429883,0.002176475
ef0vpau,surprise,surprise,0.004491567,0.001171005,0.0020369003,0.03163457,0.004051384,0.9566146
ef0wg5x,joy,joy,0.0009085933,0.00027558175,0.0003383083,0.9968459,0.00071734446,0.00091435504
ef0wqlz,surprise,surprise,0.0027365983,0.0014832525,0.0023519266,0.004990564,0.0031434312,0.9852942
ef0wu4x,surprise,surprise,0.039061144,0.0016122145,0.0021007836,0.08610552,0.0067712506,0.86434907
ef0xb1c,surprise,surprise,0.03783273,0.0045343977,0.0026227932,0.01043175,0.009441565,0.9351367
ef0z6q5,joy,joy,0.12801626,0.013442031,0.0060416907,0.59292936,0.035413142,0.22415754
ef0z91i,anger,anger,0.9784052,0.006258338,0.0010133507,0.004914834,0.005598392,0.003809975
ef0znpe,joy,joy,0.0019619106,0.0006067792,0.00073299464,0.9932719,0.0008877893,0.002538717
ef0zs2h,disgust,disgust,0.09765876,0.85325515,0.018845635,0.0076562874,0.014594259,0.00799003
ef1034r,anger,anger,0.96119213,0.00984977,0.00072812854,0.01814442,0.004827359,0.005258118
ef10f3j,joy,joy,0.0009981502,0.00030463093,0.00025981772,0.9967211,0.00087740144,0.0008388283
ef10won,fear,fear,0.019317804,0.014224325,0.8777317,0.030627292,0.024967052,0.0331318
ef11fni,surprise,joy,0.05854524,0.0027593158,0.013881841,0.48925793,0.40068424,0.03487147
ef12vos,joy,joy,0.0025935888,0.0005038003,0.00077202753,0.9927671,0.0008571729,0.0025063383
ef133ft,surprise,surprise,0.08569808,0.0044710133,0.004107799,0.027763478,0.062699206,0.81526047
ef13v3s,anger,joy,0.3245879,0.0022804798,0.00268585,0.62210244,0.029594261,0.018749032
ef145n0,joy,joy,0.0050841523,0.00096579356,0.00044012515,0.9914137,0.00055986724,0.0015363261
ef15hrv,anger,anger,0.7825749,0.020161951,0.0033145454,0.014288144,0.028472658,0.15118788
ef16rr9,joy,surprise,0.009225464,0.0024049657,0.002965235,0.23575859,0.004686489,0.74495935
ef17iya,joy,joy,0.0011384386,0.00031438004,0.00028828118,0.99685115,0.00039281897,0.0010149347
ef1b5sp,joy,joy,0.0019287429,0.00034727322,0.00055422465,0.99198145,0.0009407888,0.0042475183
ef1cmxp,joy,joy,0.0020971068,0.00042441933,0.0004203605,0.9903037,0.0008708707,0.0058835708
ef1cuan,surprise,surprise,0.0027272378,0.0015049184,0.0025312614,0.0069422047,0.0030405524,0.9832539
ef1f86n,joy,joy,0.0016327439,0.0003148257,0.0003754061,0.99252033,0.00041037195,0.0047463295
ef1gdya,sadness,sadness,0.015082549,0.002820213,0.0030624208,0.062591545,0.9090192,0.0074240398
ef1gptk,joy,joy,0.008126751,0.00058961473,0.0004713161,0.9799657,0.005741866,0.0051048715
ef1gvfa,joy,joy,0.004493692,0.00035112698,0.000211032,0.99283147,0.00088246,0.0012301877
ef1h372,joy,joy,0.0010074952,0.00033205704,0.00028184353,0.9968622,0.00073149946,0.0007849509
ef1hore,disgust,anger,0.89302146,0.05758923,0.001560388,0.016670793,0.028424254,0.002733783
ef1jh4d,joy,joy,0.0012923753,0.00029689688,0.0002525076,0.99623233,0.00060488825,0.0013209756
ef1k0ws,joy,joy,0.020678377,0.0033634203,0.033680752,0.8619681,0.027185336,0.05312403
ef1kfis,joy,joy,0.0016564613,0.0004240019,0.00028069227,0.9952284,0.001259655,0.0011508333
ef1kxxx,surprise,surprise,0.009517049,0.0018306101,0.0024468214,0.0032172834,0.0034676548,0.97952056
ef1lw6h,sadness,sadness,0.35349306,0.016605753,0.004299001,0.010526489,0.59759736,0.017478267
ef1mkdb,sadness,sadness,0.012855001,0.0039100596,0.007959765,0.017663915,0.84810084,0.10951047
ef1phtw,joy,joy,0.0021862192,0.00035523524,0.0003365148,0.99270976,0.0031341151,0.0012780625
ef1pw0u,joy,joy,0.0046097296,0.0005476398,0.003308395,0.9841675,0.002431987,0.0049347053
ef1qbhg,joy,joy,0.0012750136,0.00031911535,0.000275997,0.9958794,0.00037881575,0.0018715472
ef1qrb1,surprise,joy,0.013792389,0.0007195795,0.0014553813,0.9757825,0.0014212262,0.006828984
ef1r7bj,surprise,surprise,0.02007432,0.0020171865,0.0019129937,0.006826772,0.007973385,0.9611953
ef1rjyg,sadness,sadness,0.007691284,0.0025980214,0.0026096853,0.03505032,0.94166195,0.010388801
ef1s50b,joy,joy,0.0009460488,0.00031178223,0.0003089214,0.9968545,0.00078861095,0.00079015386
ef1sdeo,joy,joy,0.0014907606,0.0003714622,0.00028602884,0.9964541,0.00059544103,0.0008021943
ef1u0th,joy,joy,0.0017851596,0.00020029528,0.0002409044,0.99499303,0.00088865025,0.0018920682
ef1ui9s,sadness,sadness,0.022822734,0.027467681,0.3068506,0.011398813,0.5871144,0.04434583
ef1wcez,joy,joy,0.0014278924,0.00031303667,0.0002711738,0.996467,0.0004582008,0.0010626912
ef209er,joy,joy,0.0010635632,0.00034479614,0.00032750543,0.99662197,0.0006423403,0.000999839
ef20hnt,joy,joy,0.0010777147,0.00032445032,0.00026408886,0.9967385,0.00064804073,0.0009471719
ef20jim,joy,joy,0.0018361319,0.00038837077,0.00030102237,0.9947277,0.0012640693,0.0014827456
ef2153j,joy,surprise,0.059528388,0.0022024987,0.0037606212,0.3544678,0.039413415,0.54062724
ef21qdr,joy,joy,0.0013175367,0.00032377525,0.00043394646,0.99398285,0.0006865588,0.0032552455
ef21tmj,joy,joy,0.0016705302,0.00047304542,0.00031984007,0.9962876,0.00047370885,0.0007753359
ef23y94,joy,joy,0.0026541715,0.00058641215,0.00037555548,0.9946155,0.0005199292,0.0012484466
ef24kzu,joy,surprise,0.2418525,0.0049283174,0.002527665,0.02494564,0.013723863,0.71202207
ef25a1l,joy,joy,0.028008139,0.0008282684,0.0005948781,0.94584334,0.0076483437,0.017077077
ef25gch,joy,joy,0.001581319,0.00031365195,0.0002182526,0.99625313,0.00064063456,0.0009930165
ef2611y,joy,joy,0.0020625354,0.00044250424,0.00045704484,0.98942673,0.0005518573,0.0070594493
ef26ez7,joy,joy,0.0018721067,0.00037657114,0.00031175025,0.9924429,0.0006472771,0.004349361
ef26hww,joy,joy,0.008280407,0.00057987217,0.0005348772,0.9865957,0.0008495141,0.0031595924
ef27fji,anger,anger,0.96836096,0.004942563,0.0010644968,0.014149752,0.0069289207,0.0045533674
ef27sno,sadness,sadness,0.009534403,0.0049761194,0.008554118,0.016627263,0.949073,0.011235037
ef282hb,joy,joy,0.0061032083,0.0012292718,0.0025309813,0.8957598,0.08871558,0.0056611462
ef284g2,joy,joy,0.0015625872,0.00029800393,0.00030524813,0.99522734,0.0011857012,0.0014211204
ef28b6o,joy,joy,0.0011065847,0.00034606043,0.00029608305,0.99639565,0.0004324753,0.0014231055
ef28hya,joy,joy,0.0016466591,0.00039708105,0.0003215553,0.9944301,0.001478032,0.0017265811
ef2akh5,anger,joy,0.45319292,0.005663689,0.005449073,0.47858417,0.026132824,0.030977342
ef2bgwu,joy,joy,0.0013589308,0.0003127643,0.00041155046,0.99547654,0.0016081405,0.0008320619
ef2bola,anger,anger,0.83306825,0.00893808,0.0010474443,0.095507026,0.042475224,0.01896398
ef2d219,joy,joy,0.0009031632,0.0003340433,0.0002938656,0.995883,0.00060053327,0.0019854233
ef2dt6i,surprise,surprise,0.0039221235,0.0012110242,0.0020482913,0.007809794,0.0054545905,0.9795542
ef2es5y,surprise,surprise,0.029578133,0.006125623,0.0026130108,0.016093196,0.0118434,0.93374676
ef2ez6g,surprise,surprise,0.0033899585,0.0014310667,0.0021511884,0.0035195574,0.0032689236,0.9862394
ef2f6zz,joy,joy,0.0010716524,0.0003499121,0.0003357702,0.9966876,0.0004508773,0.0011042134
ef2fmj1,joy,joy,0.0040514637,0.0007055384,0.0007381741,0.98226017,0.00907289,0.0031718528
ef2g8aw,joy,joy,0.040403437,0.0018395294,0.0018573494,0.94493484,0.004903926,0.006060966
ef2hixl,joy,surprise,0.00806621,0.0010673852,0.0017759029,0.007775474,0.0050061196,0.976309
ef2hthv,anger,anger,0.8092225,0.017739577,0.002083707,0.013199817,0.1454952,0.012259135
ef2jnw9,joy,joy,0.0015251014,0.00025335513,0.00048373046,0.9873684,0.0011456957,0.009223626
ef2k992,joy,surprise,0.008208361,0.0016878246,0.0022015334,0.2059219,0.004225239,0.77775514
ef2km4b,surprise,surprise,0.0039022833,0.0012906053,0.0019480226,0.028086998,0.0037748464,0.9609972
ef2kmb5,joy,joy,0.3300341,0.0072861947,0.0027939898,0.63234985,0.011530391,0.016005373
ef2m7th,joy,joy,0.017471928,0.0007001432,0.00035977678,0.972297,0.0016249464,0.007546213
ef2q8cx,joy,joy,0.053027306,0.0024748063,0.0014239101,0.9168638,0.002059703,0.024150465
ef2qo4t,anger,anger,0.841714,0.07021126,0.0021771467,0.008437281,0.06389456,0.013565595
ef2qz7p,joy,joy,0.0014508864,0.00031448514,0.00038206446,0.9952473,0.0014373828,0.0011678792
ef2rlzm,joy,joy,0.0021451183,0.00032830783,0.00035173178,0.98998904,0.0005507011,0.0066351383
ef2rut6,anger,anger,0.968096,0.0048720096,0.000739038,0.017841479,0.0051021106,0.003349374
ef2t1j9,surprise,surprise,0.018114135,0.0062311124,0.005466574,0.03073964,0.0058081825,0.93364024
ef2u519,surprise,surprise,0.0034803113,0.0014179433,0.0020626583,0.007019261,0.003575505,0.98244435
ef2xue2,fear,fear,0.055495635,0.059650205,0.7674591,0.015450569,0.044788882,0.057155635
ef2ymse,sadness,fear,0.036355093,0.018937502,0.84575224,0.03960438,0.032254256,0.02709648
ef2zp4b,joy,joy,0.0011362256,0.00036956507,0.0003166543,0.9963857,0.0004224409,0.0013694824
ef306xt,anger,anger,0.91968805,0.0076187975,0.0015820854,0.041686226,0.016813265,0.012611615
ef30joe,joy,joy,0.016891917,0.00074464845,0.00053297717,0.9576556,0.0014162258,0.022758627
ef30mud,anger,anger,0.71975094,0.24585667,0.007287978,0.00814721,0.011822401,0.007134813
ef32h9o,joy,joy,0.004347018,0.00039786208,0.0003937809,0.9816844,0.0017201768,0.01145674
ef33opm,joy,anger,0.6104591,0.004675751,0.0028700554,0.22813006,0.13027662,0.023588382
ef33w8v,joy,joy,0.0017527773,0.00033860208,0.0002548146,0.99593854,0.0007097296,0.0010054258
ef354sl,joy,sadness,0.1885084,0.017433042,0.0067874207,0.015739229,0.7536758,0.01785602
ef35idz,anger,anger,0.5272463,0.016452776,0.010610753,0.019901311,0.012255196,0.4135337
ef35thg,joy,surprise,0.010822545,0.0027617905,0.00914521,0.21716833,0.020041635,0.7400605
ef36cfx,joy,joy,0.0021946016,0.00045204992,0.00031695073,0.9947983,0.00069139304,0.0015467068
ef378zm,sadness,anger,0.48813945,0.009207394,0.0041684303,0.07219005,0.3383165,0.08797819
ef37b0y,joy,joy,0.0009738301,0.00032700112,0.00031081346,0.9967648,0.0008648281,0.0007587149
ef37id3,anger,anger,0.60624003,0.024666997,0.0025093453,0.011805824,0.3389735,0.01580429
ef39ydq,anger,anger,0.974306,0.00428533,0.0009049938,0.011188795,0.003986021,0.005328883
ef3b7e6,joy,joy,0.010194705,0.0024848671,0.005928834,0.68829155,0.2814223,0.011677775
ef3b8ym,joy,joy,0.063499205,0.0019810922,0.0008500313,0.92281955,0.0063499473,0.004500149
ef3d3hj,anger,anger,0.78271824,0.09407513,0.0015586716,0.017333966,0.08877961,0.015534355
ef3dc1f,joy,joy,0.0011531581,0.00032768864,0.00027772164,0.9967583,0.00050144154,0.0009817532
ef3dqsy,joy,joy,0.0039427066,0.0003471917,0.00047791336,0.99122286,0.0012751468,0.0027341968
ef3g90a,joy,joy,0.0038751364,0.0006042211,0.0005768474,0.99235475,0.0008820644,0.0017069498
ef3gjzp,anger,anger,0.95592433,0.018002251,0.0014347926,0.0081365835,0.003595717,0.012906222
ef3hm3f,joy,joy,0.001268065,0.00044520482,0.0003892762,0.9965062,0.00037255682,0.001018722
ef3iiv6,joy,joy,0.021050086,0.000987935,0.00097330543,0.9324479,0.014976678,0.029564101
ef3j8lc,joy,joy,0.0013040317,0.00032120856,0.00029090734,0.99629694,0.001119551,0.00066739705
ef3khri,anger,anger,0.9789113,0.0077532316,0.0013115542,0.0042885803,0.0033905134,0.0043449258
ef3l7ed,joy,joy,0.0016329418,0.00033538957,0.0002588296,0.9961522,0.0007210417,0.0008995345
ef3mpxt,joy,sadness,0.33550903,0.016189173,0.006749073,0.04442705,0.50171477,0.09541088
ef3nqpa,anger,joy,0.007173833,0.00082333473,0.00049653504,0.9857218,0.002809426,0.0029751132
ef3pbty,joy,sadness,0.09997691,0.005088298,0.0035629477,0.0688528,0.7992111,0.023308005
ef3rtt6,joy,joy,0.0011751256,0.0003727884,0.0002509754,0.99621886,0.0006979901,0.0012842257
ef3sbhn,joy,joy,0.0010317784,0.00034292342,0.0004005285,0.99663025,0.00041298772,0.0011815213
ef3sg99,joy,joy,0.0010346201,0.00035233455,0.00029486656,0.99683654,0.0006505334,0.0008310758
ef3u2v9,sadness,sadness,0.0042914087,0.0036221521,0.0035230527,0.0056103584,0.9794382,0.0035148258
ef3uof8,anger,anger,0.39766833,0.2896056,0.23725207,0.026059609,0.032017138,0.017397271
ef3wzqr,joy,joy,0.0013155678,0.00036771817,0.00023076209,0.9965815,0.0004775789,0.0010268645
ef3xkza,anger,joy,0.03870425,0.0017708566,0.0017861275,0.9330874,0.0042977706,0.020353492
ef3yb26,anger,joy,0.0151166,0.00069120066,0.00070756057,0.96345544,0.0018501156,0.018179163
ef3zrfo,surprise,anger,0.8124782,0.024946522,0.0055295136,0.017397719,0.019149112,0.12049901
ef43ifs,sadness,sadness,0.013652094,0.004585725,0.009969718,0.0038024639,0.95717007,0.010819927
ef43ust,joy,joy,0.0015727754,0.00034288553,0.0002457763,0.9961514,0.0005415051,0.0011456052
ef44go8,anger,anger,0.9407301,0.008522744,0.0008179092,0.037790578,0.004040943,0.00809771
ef45keg,anger,anger,0.6622801,0.014436262,0.0052097254,0.055730898,0.18962422,0.07271881
ef464wm,joy,joy,0.0012210327,0.0002894878,0.0002659663,0.9959518,0.00067403953,0.0015976905
ef46end,joy,joy,0.0041584,0.00041708347,0.0002473923,0.9917937,0.0017756012,0.0016078247
ef46usj,sadness,sadness,0.010023941,0.003460894,0.002911626,0.04327897,0.9342383,0.006086235
ef4723o,joy,joy,0.0013841123,0.00030156667,0.00040840034,0.9955858,0.0006426547,0.001677468
ef4756f,joy,joy,0.001144771,0.00034691187,0.00025635763,0.9968426,0.0004531569,0.00095619424
ef47apj,anger,anger,0.95475465,0.005598458,0.0036831524,0.015109335,0.008922035,0.011932424
ef47exg,joy,joy,0.0015916475,0.00029969384,0.00021567987,0.9960652,0.0008037075,0.0010240852
ef47otl,surprise,anger,0.5898973,0.022617662,0.009748549,0.009212237,0.026142813,0.3423815
ef47w00,joy,anger,0.8759834,0.0034190374,0.0014966892,0.09906725,0.005479239,0.014554382
ef49beq,joy,joy,0.0010560603,0.00028755507,0.00029990126,0.99658835,0.0009198078,0.0008483183
ef4aesn,sadness,anger,0.7710473,0.028196137,0.021665676,0.06789602,0.07381999,0.037374925
ef4ah8s,anger,anger,0.9722239,0.005023678,0.00081245083,0.012728052,0.0040021744,0.0052098087
ef4axy0,joy,joy,0.0012540414,0.0002860804,0.00033374276,0.9952129,0.0007057318,0.0022074499
ef4bsbj,joy,joy,0.0017398003,0.00045597943,0.00037321306,0.9936354,0.0029220656,0.00087356224
ef4d9tk,joy,joy,0.001073353,0.0003147546,0.00027821164,0.996443,0.00054960937,0.0013411571
ef4dm6l,anger,joy,0.03468996,0.0012299547,0.001006977,0.9518056,0.005090253,0.0061773653
ef4eqnj,joy,joy,0.002835086,0.0004199953,0.00036100287,0.9944001,0.0009881116,0.0009957987
ef4h6p5,joy,joy,0.0043625697,0.00055673684,0.0007706274,0.9474998,0.0031087976,0.043701425
ef4jbaj,joy,joy,0.0025075597,0.00031105732,0.0004556839,0.98897713,0.0047771544,0.0029713814
ef4jch9,joy,joy,0.0030722462,0.000688118,0.00043714923,0.9839109,0.0014410214,0.010450629
ef4ji6h,surprise,surprise,0.0035743325,0.0014497122,0.0020235803,0.0044850605,0.0031598653,0.9853076
ef4jshg,joy,joy,0.0015777934,0.00040317938,0.0003752979,0.99471045,0.00048435843,0.00244883
ef4k4m2,fear,joy,0.030992247,0.004258582,0.019193936,0.8519065,0.060745914,0.032902937
ef4k6on,joy,joy,0.0034398246,0.00034154227,0.00027469732,0.9923872,0.0014647668,0.0020920583
ef4kgxw,joy,joy,0.001105052,0.0003116617,0.00028533372,0.9959369,0.0013834415,0.0009777147
ef4ktv1,surprise,surprise,0.011718616,0.0016274886,0.0014988617,0.018952046,0.0059374063,0.9602655
ef4lyyq,joy,joy,0.0022615783,0.00035603874,0.00021927214,0.9948697,0.00055659795,0.0017368135
ef4mktw,sadness,sadness,0.006784973,0.004410322,0.0051825736,0.0064935377,0.9731227,0.0040059933
ef4n0st,joy,joy,0.010571223,0.00062165846,0.0008493358,0.9797537,0.0051922267,0.0030118402
ef4n85u,joy,joy,0.008070016,0.0009727147,0.003049885,0.9233015,0.0072654774,0.057340465
ef4nkye,disgust,disgust,0.03107628,0.54065245,0.12033267,0.0034636948,0.29058856,0.013886329
ef4oob8,joy,joy,0.014754911,0.0012241674,0.001511142,0.7704476,0.006010188,0.20605204
ef4p8vx,joy,joy,0.008797872,0.00094230653,0.00035907174,0.97806865,0.0015305551,0.010301471
ef4pl3m,surprise,surprise,0.0026460434,0.0012776005,0.0025434208,0.008321168,0.0041774595,0.98103446
ef4pyn8,fear,fear,0.016796468,0.02042933,0.9107104,0.014530221,0.0172796,0.02025397
ef4r44w,joy,joy,0.003022272,0.0008936073,0.0015842612,0.9877527,0.0028337126,0.003913478
ef4r56x,joy,joy,0.001205893,0.0002919093,0.00031189583,0.9953524,0.0013212868,0.0015166133
ef4rb72,surprise,joy,0.1175444,0.002810511,0.011769612,0.59498405,0.12358211,0.1493093
ef4rggn,fear,fear,0.0518895,0.019907216,0.77128685,0.05612593,0.025536565,0.07525401
ef4sd3g,joy,surprise,0.0051658386,0.0019471617,0.002373887,0.057969004,0.004311713,0.9282323
ef4sg7c,anger,anger,0.9189694,0.014857115,0.0028951918,0.01586544,0.037663154,0.009749697
ef4spux,sadness,sadness,0.12130914,0.01594106,0.017570784,0.051951326,0.697853,0.095374644
ef4sy8c,anger,anger,0.8509829,0.0036651944,0.0032916446,0.083343014,0.029171545,0.029545704
ef4tbhc,joy,joy,0.001074782,0.0003128401,0.0002806913,0.9964474,0.00038922776,0.0014950517
ef4tlin,joy,joy,0.0018299037,0.0006072842,0.0002870697,0.99533516,0.0005786497,0.0013619104
ef4tqi4,joy,joy,0.1541662,0.0076658535,0.00769506,0.4717997,0.22452366,0.13414945
ef4trch,joy,joy,0.015116964,0.0028245167,0.0031776135,0.50191087,0.46814433,0.00882574
ef4ulyl,joy,joy,0.0010852179,0.0003214838,0.0003079826,0.9963503,0.0008129795,0.0011219282
ef4uq4t,fear,fear,0.013207631,0.016022392,0.91524994,0.012535325,0.024684494,0.018300127
ef4vane,surprise,surprise,0.0038354716,0.0012028269,0.0019182679,0.005945204,0.0037988066,0.98329943
ef4ws0w,surprise,sadness,0.013586915,0.0027576247,0.010549785,0.42481858,0.51413,0.03415703
ef4xpv8,anger,anger,0.8065742,0.013212938,0.0028744726,0.04880165,0.019317739,0.109219074
ef4xtwd,joy,joy,0.01490546,0.0010727353,0.0013012831,0.9326999,0.016122127,0.03389837
ef4yac2,joy,joy,0.0018152144,0.00033917115,0.00059479126,0.9921823,0.000823821,0.0042446745
ef4ydqe,joy,joy,0.0030038932,0.00036270756,0.00042360672,0.9908444,0.00067779596,0.004687482
ef4yir7,joy,joy,0.0028604942,0.00055167737,0.0004554452,0.9790861,0.0018888176,0.015157449
ef50zaj,joy,surprise,0.0057909694,0.0015586584,0.002180088,0.047800113,0.007513332,0.9351568
ef51agj,anger,anger,0.96164167,0.005711797,0.00071045494,0.015574791,0.012656343,0.0037050552
ef51yc8,surprise,anger,0.61880714,0.011348006,0.0031991003,0.010358153,0.0077710645,0.34851658
ef535zc,joy,joy,0.0036645099,0.00039943392,0.00028078075,0.98735493,0.0013755535,0.0069247773
ef54tnr,joy,joy,0.0035884997,0.00050914224,0.0004524662,0.97958666,0.0019912329,0.0138719985
ef56vi1,disgust,anger,0.8874323,0.07835601,0.002001566,0.011620813,0.010637879,0.009951536
ef56vpe,joy,anger,0.73752964,0.00496791,0.0015106023,0.14361396,0.016710648,0.0956673
ef56wu2,joy,joy,0.0017048203,0.00055458944,0.00033407117,0.99551034,0.00051456614,0.0013815816
ef57a6m,sadness,sadness,0.022820823,0.009146164,0.0055958102,0.011240826,0.9429653,0.008231079
ef57uwb,joy,joy,0.00096599304,0.00029143784,0.00032750866,0.9967212,0.0005078207,0.0011860587
ef5819c,anger,anger,0.9677462,0.018141206,0.0011503784,0.0066969604,0.0032517163,0.0030135384
ef59p5c,anger,anger,0.97636944,0.006132394,0.0010784407,0.010466926,0.0030040955,0.002948605
ef5abzn,joy,joy,0.0011209449,0.000327086,0.00029962216,0.9969273,0.00047120708,0.0008539032
ef5ahtp,joy,joy,0.0010251474,0.00039335413,0.0002849975,0.99671006,0.0006447446,0.00094161596
ef5ao5h,joy,joy,0.024053207,0.0008620483,0.0008117778,0.96753335,0.002617839,0.004121722
ef5bbzn,joy,joy,0.0013265728,0.0003431733,0.00037285124,0.9965318,0.00050893024,0.0009168074
ef5bqzb,joy,joy,0.013601429,0.0006046327,0.00094138447,0.9766383,0.0022469405,0.005967326
ef5c9sy,surprise,anger,0.31982374,0.071800485,0.02022553,0.26581204,0.23640572,0.08593249
ef5cpop,joy,joy,0.0012795306,0.00037387817,0.0003468598,0.9964144,0.0004929155,0.0010923936
ef5dd2h,joy,joy,0.0013126632,0.0002628424,0.00026444677,0.9961361,0.0005783647,0.0014454362
ef5ey4w,joy,joy,0.03980562,0.0010652147,0.0014899826,0.90358835,0.022557002,0.031493824
ef5fgdr,anger,joy,0.0108153885,0.0005212712,0.00042356984,0.98145837,0.0015114555,0.0052698916
ef5g5jk,joy,joy,0.012591452,0.0012048428,0.0008300529,0.95576555,0.0013886618,0.02821937
ef5gv6o,joy,joy,0.0021313808,0.00040378363,0.0006085139,0.9910822,0.0042290743,0.0015450905
ef5is4i,surprise,surprise,0.05368234,0.0020574513,0.0017076645,0.022665184,0.01226359,0.9076238
ef5jahi,joy,joy,0.003425992,0.00040000462,0.00031847568,0.99375135,0.00083646586,0.0012677278
ef5kdg9,sadness,sadness,0.035725202,0.0055963267,0.002781735,0.2097192,0.73297274,0.013204776
ef5kfio,joy,sadness,0.07768102,0.010772669,0.04718425,0.18889388,0.46041608,0.21505217
ef5kgpl,joy,joy,0.00083376234,0.00033997427,0.00030793776,0.9965017,0.00048429053,0.0015323148
ef5lozm,surprise,surprise,0.006503454,0.00142806,0.0031299405,0.010489117,0.015053754,0.96339566
ef5n3c6,surprise,surprise,0.0063957903,0.0016685228,0.0016985869,0.13664173,0.006641823,0.8469535
ef5ncrw,joy,joy,0.0010932697,0.00030469964,0.0002672595,0.99686325,0.00063515786,0.000836317
ef5nqvj,sadness,joy,0.027718313,0.0023583786,0.0037947008,0.51550895,0.3999039,0.05071577
ef5pc2m,joy,joy,0.0060004247,0.0006993614,0.00055760285,0.94797426,0.0033870456,0.04138132
ef5pprf,joy,joy,0.0019258615,0.00052195654,0.00035385447,0.9956644,0.00036435778,0.0011695605
ef5pt97,joy,joy,0.0037338065,0.0005241131,0.0004553688,0.986032,0.0012892232,0.007965496
ef5qdea,anger,joy,0.3563179,0.0047006086,0.0017805683,0.6076245,0.014250243,0.015326206
ef5qh5m,anger,anger,0.96943307,0.0039887233,0.0018067305,0.014929735,0.003275333,0.0065663275
ef5qsl0,joy,joy,0.0008976385,0.00031216728,0.00035847633,0.99663216,0.00066712964,0.0011323781
ef5sg6s,joy,joy,0.2627693,0.0068993215,0.001594776,0.6665923,0.049949575,0.012194727
ef5sgbb,joy,joy,0.0054536643,0.0008483368,0.00049829687,0.9904522,0.0011768928,0.0015706165
ef5trpf,joy,joy,0.0010401226,0.0002651664,0.0002692171,0.99690175,0.00046558597,0.0010582912
ef5uh6q,joy,joy,0.0045648236,0.0005141859,0.00058467337,0.97765493,0.0017236766,0.014957756
ef5v60c,joy,joy,0.0022980473,0.00053144735,0.00033614237,0.99189585,0.0029189284,0.0020195558
ef5vr19,anger,anger,0.9441299,0.015594649,0.0022287192,0.00921419,0.025412219,0.0034203606
ef5wqst,joy,joy,0.15204908,0.0048843357,0.0014909032,0.8238357,0.0048592035,0.0128807835
ef5wsqt,disgust,disgust,0.21234836,0.6012696,0.087383635,0.010508572,0.04408688,0.044403005
ef5x10d,joy,joy,0.0014581119,0.00053244596,0.00037383987,0.9961086,0.00038642422,0.0011405458
ef5y4b0,surprise,joy,0.010952362,0.0016202562,0.0013979204,0.8016034,0.004588643,0.17983744
ef5yfhb,anger,anger,0.90384585,0.009748654,0.0010922531,0.011984556,0.062547095,0.010781544
ef5yidy,joy,joy,0.0010725256,0.00032299914,0.0002935286,0.9967437,0.00048002804,0.0010871124
ef5zp0s,joy,joy,0.0015840475,0.00035810072,0.00025042603,0.99616975,0.0005955763,0.0010420809
ef5zqnw,sadness,sadness,0.0062655164,0.0029406522,0.0027441566,0.008393776,0.97584856,0.0038073652
ef60240,joy,joy,0.0024807933,0.00052042253,0.00037077698,0.99495894,0.00088885543,0.0007802892
ef603ev,joy,anger,0.92534596,0.00599274,0.00096170104,0.027952641,0.022720287,0.017026706
ef615f2,anger,anger,0.71436304,0.101887114,0.019176856,0.054019753,0.09236053,0.018192733
ef61e7r,anger,anger,0.91323245,0.04649591,0.0016912945,0.01216036,0.018823572,0.0075963945
ef633o6,anger,disgust,0.36206427,0.5873975,0.017008467,0.010144934,0.016507737,0.006877085
ef63d3k,joy,joy,0.0046116696,0.00048164555,0.0003343863,0.9919755,0.0014713145,0.0011255299
ef63mmb,joy,joy,0.0031971359,0.0006017742,0.0004900471,0.9923071,0.0012354815,0.0021685266
ef6588e,joy,joy,0.0019693763,0.0002982562,0.0003377826,0.99514884,0.0007223513,0.0015234002
ef67mkc,joy,joy,0.0010636847,0.0003580089,0.00032930347,0.9963741,0.0004696483,0.0014052734
ef67qc2,joy,anger,0.9053828,0.0043287994,0.0023270808,0.036339562,0.016712863,0.034908846
ef67t9o,surprise,surprise,0.0030067149,0.0012965259,0.0021150361,0.005279284,0.0031453324,0.98515713
ef67xn0,fear,fear,0.018392863,0.02502159,0.8690599,0.021950718,0.013731659,0.05184321
ef69j0j,sadness,sadness,0.0281893,0.0048336596,0.0027076427,0.014573717,0.9347526,0.014943079
ef6a1z4,joy,joy,0.0011654687,0.00036361776,0.00028523852,0.9967694,0.00047547603,0.0009408794
ef6aads,anger,anger,0.97167754,0.004199192,0.0007511586,0.011354672,0.006614231,0.005403181
ef6aj01,joy,fear,0.015366921,0.011556063,0.5112739,0.32813647,0.04224118,0.09142542
ef6b7eg,surprise,surprise,0.26636198,0.007550791,0.003672697,0.018368352,0.024645029,0.67940116
ef6c4xq,joy,joy,0.001961824,0.00032178406,0.00027902692,0.99484056,0.00070409925,0.0018926725
ef6cgeq,surprise,surprise,0.18197848,0.005408072,0.00216789,0.01582899,0.013567396,0.7810492
ef6d68c,surprise,surprise,0.012824301,0.0016210786,0.0019384228,0.007120169,0.0076935748,0.9688025
ef6dc0p,sadness,sadness,0.0049224356,0.0020066123,0.0033532737,0.0115548745,0.9710745,0.007088375
ef6drtm,anger,anger,0.7528559,0.0034315952,0.0018265703,0.21367419,0.015813228,0.01239851
ef6g4jt,joy,joy,0.0013690051,0.00029501133,0.00031839643,0.99621093,0.0006571425,0.0011495907
ef6gmbb,anger,anger,0.93190295,0.005972431,0.0008654567,0.022495884,0.033233423,0.005529847
ef6gvdx,joy,sadness,0.016718153,0.0050287955,0.005861879,0.31373054,0.65299827,0.005662356
ef6gvq3,joy,joy,0.006506824,0.0006594008,0.0018618129,0.9755351,0.010399238,0.005037568
ef6gwce,surprise,joy,0.12784593,0.0033540663,0.0020890243,0.62260014,0.030548116,0.21356274
ef6hf7v,joy,joy,0.0016172596,0.00053894514,0.00040918245,0.9952172,0.0005306802,0.0016867081
ef6hppu,joy,joy,0.0011851875,0.00037999544,0.00026666312,0.9967801,0.00052414404,0.0008640256
ef6huv2,joy,joy,0.0012364866,0.00050754816,0.00036881067,0.99475384,0.00048557442,0.0026476975
ef6i5u5,joy,joy,0.03896013,0.0032107795,0.0026791082,0.822612,0.123409934,0.009128116
ef6ixct,anger,joy,0.3280809,0.005096013,0.006315721,0.5525831,0.036584184,0.07134016
ef6j1m9,anger,anger,0.46700945,0.0080673685,0.002561425,0.031355433,0.03300095,0.45800537
ef6jjm1,joy,joy,0.006974973,0.0005563718,0.00041066128,0.98733705,0.002674223,0.002046643
ef6jo1b,anger,anger,0.97992694,0.006259187,0.0008982441,0.006871708,0.0031032066,0.0029406513
ef6k298,joy,joy,0.0012448342,0.0003317864,0.00023441981,0.99628145,0.00086376397,0.0010437594
ef6lf2z,sadness,surprise,0.025939321,0.024492646,0.31915143,0.023410924,0.06751851,0.5394871
ef6ln2q,surprise,sadness,0.32031646,0.009046578,0.0048212926,0.026783044,0.34860307,0.29042953
ef6ltfx,joy,joy,0.010445476,0.00063009904,0.0011119478,0.97938675,0.002487774,0.005938006
ef6mb8l,joy,joy,0.0030431163,0.0008154678,0.00050254125,0.9940625,0.00056449504,0.0010119951
ef6melg,anger,fear,0.059625823,0.15737152,0.680784,0.01080603,0.03988157,0.05153109
ef6miou,joy,joy,0.0025331427,0.00035033826,0.0007748009,0.99320894,0.001451331,0.0016813729
ef6okhz,surprise,joy,0.028216366,0.0009751394,0.0012690482,0.92955816,0.0058935713,0.034087732
ef6oyfy,joy,joy,0.001046486,0.00030275396,0.00029161305,0.9956612,0.0012218354,0.0014760569
ef6p64v,joy,joy,0.0012699281,0.00034381213,0.00030367612,0.9944437,0.0004297918,0.0032089849
ef6p6dd,joy,joy,0.0015565364,0.0003455595,0.0002910827,0.9965154,0.0005222191,0.00076914794
ef6pa0v,anger,anger,0.9369567,0.007997967,0.0011017954,0.017255064,0.031300813,0.005387745
ef6pxrj,joy,anger,0.42174786,0.007573907,0.028295066,0.25209218,0.02898025,0.26131073
ef6py0w,joy,joy,0.0011890128,0.00037980394,0.00038524892,0.9964796,0.00057282683,0.0009934871
ef6q4f1,joy,joy,0.0023772658,0.0005006895,0.00049876224,0.9934337,0.0011699036,0.0020196605
ef6qe4j,joy,fear,0.0396184,0.04410075,0.7642083,0.05363547,0.06963158,0.028805377
ef6rtt3,joy,joy,0.0015503647,0.00038647515,0.00035779877,0.99501747,0.0012745035,0.0014133425
ef6sb0d,joy,joy,0.0012279494,0.0003142909,0.0003085678,0.9961675,0.000979052,0.0010027221
ef6tx23,anger,anger,0.4715677,0.005431128,0.0029467707,0.39779943,0.089407496,0.032847546
ef6us7h,joy,joy,0.20384447,0.0051621147,0.0029591983,0.70441264,0.056546126,0.027075471
ef6uvzn,joy,surprise,0.0077084787,0.002202171,0.0051394585,0.25450426,0.007048563,0.7233971
ef6xvgp,surprise,surprise,0.021852951,0.0019750309,0.0018313511,0.005972481,0.0038166922,0.9645515
ef6yynm,joy,joy,0.0038996283,0.00035387927,0.0002294577,0.99275124,0.0011995845,0.0015661825
ef6z5fj,joy,joy,0.040455017,0.0014476858,0.0015850137,0.8094165,0.0119318655,0.13516384
ef6z8w2,joy,joy,0.0033131219,0.0005730646,0.0007359033,0.9846709,0.0074649146,0.0032421115
ef6zbv1,surprise,surprise,0.006106417,0.0018002888,0.0017581407,0.007803333,0.004274251,0.9782575
ef70tck,joy,joy,0.004862488,0.000549562,0.0004966714,0.99119055,0.0009289394,0.0019717948
ef70zlt,joy,surprise,0.0047127903,0.0012738395,0.0025495393,0.020565344,0.005589246,0.96530926
ef729hv,joy,joy,0.0016043712,0.0003166314,0.00025545814,0.9955794,0.00045422948,0.0017899156
ef72ffo,joy,joy,0.0012093141,0.00031805882,0.00024327183,0.99660873,0.00045468975,0.001165956
ef72r1h,anger,anger,0.96648616,0.006740851,0.0028063785,0.013942055,0.0054352847,0.004589204
ef72tjs,surprise,sadness,0.008545499,0.0024446854,0.0026084306,0.06887061,0.89357245,0.0239583
ef72y94,surprise,joy,0.086332865,0.0025355464,0.0017383796,0.7462684,0.034307893,0.12881698
ef73999,anger,anger,0.7862414,0.008497337,0.003800322,0.10702682,0.06617255,0.028261514
ef74fn4,joy,joy,0.001192589,0.00040586886,0.00027459284,0.9961202,0.0007115447,0.00129522
ef75dys,joy,joy,0.046698578,0.0024555428,0.0027740558,0.9252904,0.009122756,0.013658665
ef766at,surprise,surprise,0.018377975,0.0017240406,0.0018791837,0.08398009,0.004259501,0.88977915
ef76d0o,anger,anger,0.97734493,0.008324772,0.0008138701,0.007763519,0.0034605481,0.002292491
ef76vdw,disgust,joy,0.058537025,0.0015984938,0.007274409,0.8871177,0.015351836,0.030120565
ef77j68,joy,joy,0.0014824525,0.00026851773,0.0002988789,0.9947673,0.0013121564,0.0018706281
ef79ep9,joy,joy,0.0051677953,0.00033707754,0.00023680534,0.98931175,0.0011669247,0.0037795168
ef7aags,joy,joy,0.0013269439,0.00037747525,0.0003109172,0.9963875,0.000689554,0.0009075745
ef7acw9,anger,anger,0.93822694,0.005631592,0.0018234573,0.037845816,0.006953803,0.009518483
ef7bb5o,anger,anger,0.9075613,0.01012858,0.0055364603,0.021016749,0.007299828,0.04845708
ef7d33o,joy,anger,0.9595534,0.0042998088,0.0006773803,0.019477151,0.008207934,0.0077843363
ef7dfoc,joy,joy,0.009129998,0.002285805,0.0012146399,0.9626501,0.021932444,0.0027869698
ef7e94x,joy,joy,0.0012166515,0.0003060415,0.00028599915,0.99648845,0.0005394998,0.0011633742
ef7esig,joy,joy,0.0010476405,0.00039070108,0.0004909777,0.99105835,0.00051402627,0.006498406
ef7euwm,joy,joy,0.0040638754,0.0003305185,0.0010183192,0.98809785,0.0018749809,0.0046144766
ef7ez24,joy,joy,0.0011480674,0.00030920815,0.00022236643,0.996651,0.00063092686,0.0010385128
ef7ff3c,anger,anger,0.9675913,0.017646665,0.0011751072,0.0062737926,0.0046861684,0.0026269767
ef7gkfi,joy,joy,0.0012695857,0.00035180475,0.0002799175,0.9943942,0.000819619,0.0028848003
ef7h3mh,anger,anger,0.87217367,0.10616442,0.0020759862,0.006687244,0.007385376,0.005513332
ef7hpoq,joy,joy,0.0031849528,0.00060624833,0.00041260087,0.9840725,0.00089065154,0.01083308
ef7i1bf,surprise,joy,0.011272083,0.001833652,0.0030721014,0.82095003,0.017442197,0.14542983
ef7jlf9,joy,joy,0.007187097,0.0009423446,0.00029900522,0.9809779,0.0028468913,0.007746797
ef7kkdd,joy,joy,0.009925153,0.0006074987,0.0012982088,0.9810878,0.0023197157,0.004761529
ef7m13x,anger,anger,0.5971191,0.12665933,0.025205819,0.1539536,0.054131825,0.04293034
ef7mc9y,surprise,surprise,0.0029315378,0.0012204384,0.0019137671,0.011689807,0.0030347365,0.9792098
ef7mjqw,fear,surprise,0.043244533,0.010399354,0.026440414,0.086210154,0.008733585,0.8249719
ef7nlz7,joy,joy,0.00412265,0.00097162183,0.0010687759,0.96874577,0.022894548,0.0021966947
ef7o622,joy,joy,0.0013677825,0.00022527124,0.0002535086,0.99531364,0.0006827616,0.0021570222
ef7odlj,joy,joy,0.0045433124,0.00036130188,0.00071762723,0.9892425,0.0014674687,0.0036678214
ef7qmi7,joy,joy,0.0011462969,0.0003543878,0.00030062263,0.99625397,0.00037831967,0.0015663719
ef7r8is,fear,fear,0.014437773,0.023294868,0.91847897,0.00928906,0.015353239,0.01914607
ef7s0cx,joy,joy,0.001492508,0.00040387435,0.0002975178,0.99647826,0.00045921482,0.0008686433
ef7sg6m,anger,anger,0.7746062,0.008301653,0.0036054493,0.018388594,0.033272296,0.1618258
ef7tzb9,joy,joy,0.0013860591,0.00031132382,0.00033213937,0.99611413,0.0009853158,0.0008710766
ef7tzx8,anger,anger,0.980353,0.006280074,0.0011520135,0.0065981965,0.0023144283,0.0033022903
ef7uazr,fear,sadness,0.007828429,0.005982073,0.011204894,0.0036620426,0.9661282,0.005194394
ef7uoxi,joy,joy,0.02843381,0.00086905056,0.0020306802,0.9476624,0.012420542,0.00858349
ef7vem8,joy,joy,0.0015158328,0.00034795943,0.00035254707,0.9949066,0.0017091813,0.0011678464
ef7wpji,joy,joy,0.0054512178,0.0006972443,0.0005632435,0.97668755,0.013456652,0.00314412
ef7xk7p,joy,joy,0.00254671,0.00048289984,0.00030358994,0.9938751,0.0011537826,0.0016378707
ef7xmmt,joy,joy,0.002491913,0.0005087605,0.00037614745,0.9944893,0.0011532614,0.0009805765
ef7y1sl,joy,joy,0.03051136,0.00094148587,0.00090544444,0.9566456,0.0067014876,0.0042946027
ef7yg67,joy,joy,0.001231268,0.00044390964,0.00029471755,0.9965238,0.00040611447,0.0011001559
ef7zp7c,joy,joy,0.00744853,0.0006928146,0.00033557182,0.9807207,0.007427448,0.0033750038
ef7zxej,joy,joy,0.0022306286,0.00048216377,0.00036255378,0.99512607,0.000587888,0.0012107228
ef80ln0,joy,joy,0.0010939685,0.00026303122,0.00036087827,0.9951696,0.0005439484,0.0025686182
ef80u3k,surprise,surprise,0.002871976,0.0013037585,0.0023078043,0.006991056,0.0025539754,0.9839714
ef813p3,joy,joy,0.0021781472,0.00064014236,0.00043194575,0.9879462,0.0008190787,0.007984503
ef817z2,fear,anger,0.95830697,0.021809304,0.0013574271,0.007008322,0.008848212,0.0026698604
ef81g1e,disgust,anger,0.96274865,0.020283563,0.000836383,0.007014325,0.006144002,0.0029730038
ef81xz3,anger,anger,0.9722812,0.009794056,0.001174634,0.00672586,0.004144079,0.0058802287
ef828xj,anger,anger,0.45374113,0.006335909,0.0022432485,0.09579407,0.023711804,0.41817382
ef82pu9,anger,sadness,0.25118208,0.033899747,0.014495036,0.01217487,0.6611356,0.027112646
ef82y1o,joy,joy,0.0019567304,0.0006021403,0.0004015308,0.9954887,0.000490467,0.0010604393
ef848ee,disgust,anger,0.531188,0.31304884,0.011526848,0.012810009,0.11371783,0.017708452
ef84vfu,anger,anger,0.67266494,0.29736698,0.008683307,0.0061627026,0.007307061,0.007815032
ef84xzd,joy,joy,0.024164913,0.0011482608,0.0010978674,0.9512234,0.015118879,0.0072466875
ef853o6,anger,anger,0.9287809,0.016478114,0.0012076715,0.0069135567,0.027683206,0.018936489
ef85ai3,anger,anger,0.9710425,0.005508031,0.00066429586,0.009665684,0.008595865,0.004523532
ef85rcf,joy,joy,0.0009815571,0.00023654666,0.00027965626,0.9947877,0.00074857916,0.0029659106
ef85xv7,joy,joy,0.0012418106,0.00034321303,0.00032248613,0.99658716,0.0003823879,0.001122963
ef87j6f,joy,joy,0.0015854572,0.00034787424,0.00030927965,0.99611264,0.00043821617,0.0012065147
ef88ua7,sadness,sadness,0.006725356,0.0028942768,0.003051376,0.017805744,0.96575636,0.0037669223
ef89oxm,joy,joy,0.005160593,0.0010396091,0.0006446873,0.98930335,0.001293125,0.0025585287
ef8aaba,joy,joy,0.0011827567,0.0003404647,0.00027151578,0.99663,0.00085460517,0.000720637
ef8b1z0,joy,joy,0.0018511148,0.00033780056,0.0002998087,0.9949427,0.00061261654,0.0019559737
ef8bczo,joy,joy,0.0010348972,0.00032332452,0.00025869271,0.99633116,0.0010417216,0.0010102674
ef8cogj,joy,joy,0.0020114481,0.00040543807,0.0012385694,0.9929011,0.0019622792,0.0014811489
ef8f6gt,joy,joy,0.012234318,0.00089063565,0.0020277775,0.96020025,0.017377736,0.007269327
ef8fpph,surprise,surprise,0.004215473,0.001454402,0.0023583972,0.004966297,0.0035888834,0.98341656
ef8h1do,disgust,disgust,0.027587036,0.6917946,0.2499513,0.0037710408,0.019216245,0.0076798317
ef8i36b,surprise,surprise,0.019650381,0.0020285,0.0027274075,0.30949312,0.008794402,0.65730613
ef8i6fy,surprise,surprise,0.00450749,0.0014156156,0.0015558227,0.029294442,0.008625052,0.9546016
ef8ifuk,joy,joy,0.027173763,0.0047922125,0.003584679,0.9501132,0.0056093545,0.008726797
ef8iivp,joy,joy,0.002966602,0.0008501561,0.0004718808,0.99393845,0.00057919737,0.0011937674
ef8j99j,joy,joy,0.0020109026,0.000268326,0.00032946357,0.9945662,0.00064218725,0.002182909
ef8jcw2,joy,joy,0.028194264,0.0019455019,0.01800079,0.92690426,0.01146025,0.013494894
ef8jddo,joy,fear,0.047310326,0.01443257,0.5302936,0.10826205,0.24517928,0.054522205
ef8jfd9,sadness,sadness,0.007397135,0.0026254782,0.0041265967,0.062866524,0.9171308,0.005853504
ef8jyd4,surprise,surprise,0.012600269,0.0018354914,0.0021915934,0.003612541,0.0048407046,0.9749194
ef8kha5,sadness,sadness,0.008819213,0.003353379,0.0044798595,0.19851099,0.77870977,0.0061268494
ef8l4et,surprise,sadness,0.021783179,0.013860122,0.02817989,0.028793644,0.6942521,0.21313109
ef8lcxt,surprise,sadness,0.0123727545,0.0030312962,0.002945671,0.022072654,0.92464703,0.034930572
ef8le2a,joy,joy,0.0012554548,0.00035846926,0.00026139052,0.9965579,0.00042259012,0.0011442112
ef8mj6u,joy,joy,0.0013190667,0.00036816736,0.00024016699,0.99611557,0.00079600187,0.0011610489
ef8mk11,anger,anger,0.96463966,0.003884783,0.0015105252,0.014354835,0.008340144,0.0072699846
ef8n0p0,joy,joy,0.0009647354,0.0003233669,0.00032751085,0.99695885,0.00063689606,0.0007887101
ef8n2k1,fear,anger,0.41400316,0.011695895,0.0022876607,0.37046072,0.08316341,0.118389264
ef8nrvz,joy,joy,0.0044885054,0.0009792901,0.00042784572,0.9794836,0.0012130778,0.013407739
ef8obtk,anger,disgust,0.44985276,0.47030857,0.01786153,0.0151670035,0.04136614,0.005444053
ef8ox47,surprise,surprise,0.049887545,0.0037551771,0.0023620347,0.0042560985,0.0060678646,0.9336712
ef8pznw,joy,joy,0.0022476593,0.00052205846,0.0004726032,0.9948868,0.00064668607,0.0012242504
ef8qk33,surprise,surprise,0.019103488,0.0020427469,0.0019474337,0.0071441387,0.006644004,0.96311826
ef8qyrt,joy,anger,0.91087,0.052903194,0.0026052473,0.013583577,0.01578306,0.0042549637
ef8r5uf,joy,joy,0.0042390237,0.00040644614,0.00045219317,0.9886057,0.0019756733,0.0043209027
ef8sxbq,surprise,surprise,0.0030931826,0.0015568397,0.0022640438,0.015117739,0.0038319628,0.9741363
ef8tnkb,anger,anger,0.96940964,0.00694691,0.00074217946,0.01067868,0.00703258,0.005190093
ef8to90,disgust,anger,0.5015819,0.4558032,0.012737383,0.0075608506,0.011460794,0.010855859
ef8tuap,joy,joy,0.0013606977,0.00037728032,0.0003389185,0.9963355,0.0006645055,0.00092303706
ef8tx1o,joy,joy,0.005972092,0.00052154553,0.00032639294,0.9911209,0.0010784314,0.0009807848
ef8ty60,anger,anger,0.8376462,0.020081004,0.0020686584,0.038692582,0.09508663,0.006424891
ef8umju,joy,joy,0.08979908,0.0043254634,0.0017822955,0.8869983,0.008744729,0.008350129
ef8vqrw,joy,joy,0.0015321705,0.00037971628,0.00040342912,0.9901682,0.0006489227,0.006867481
ef8wa9n,anger,anger,0.9717131,0.009721885,0.00075160456,0.009605311,0.005928265,0.0022798418
ef8ydss,joy,joy,0.0020138167,0.00037481004,0.00029573217,0.99540365,0.00038602718,0.0015258604
ef8yp5h,surprise,surprise,0.0036715465,0.0014490497,0.0021603007,0.004641037,0.0049841446,0.983094
ef8ytvd,joy,joy,0.020661639,0.0009581688,0.0010209304,0.94861126,0.0015258426,0.027222238
ef8zi31,joy,joy,0.0011249742,0.00025778604,0.00022265334,0.99621767,0.0008910721,0.001285826
ef90fsm,surprise,surprise,0.05966938,0.0024791188,0.0022931478,0.034387447,0.024311092,0.8768598
ef90j1p,joy,joy,0.0012760367,0.00030764088,0.00025016678,0.9966781,0.0005925085,0.00089552463
ef912dn,joy,joy,0.0014890545,0.00031520924,0.00031837597,0.99370944,0.00047296582,0.0036949823
ef913ay,joy,joy,0.0015430374,0.00038377437,0.00026849407,0.99617577,0.0006826205,0.00094623276
ef914kh,joy,joy,0.025009211,0.0011313587,0.0013644643,0.96164346,0.0021245084,0.008727064
ef91f77,joy,joy,0.0032107814,0.00043898166,0.00024380755,0.99337536,0.0012165966,0.0015144709
ef91fxn,joy,surprise,0.061628744,0.005909402,0.005973534,0.047525305,0.01500204,0.8639609
ef91jtr,joy,surprise,0.01085182,0.0023381838,0.0028694891,0.1856726,0.007358752,0.7909092
ef92xbv,joy,joy,0.030734144,0.0016204708,0.0011389618,0.9604182,0.00163327,0.0044548567
ef932d7,fear,fear,0.025964037,0.025222499,0.8655938,0.018892331,0.025571957,0.038755376
ef936y5,joy,joy,0.0012372866,0.00031469643,0.00030054155,0.99584085,0.0004601986,0.0018463247
ef94f03,sadness,sadness,0.008114132,0.0024631135,0.0038614848,0.009583575,0.96943104,0.0065466086
ef95cgb,joy,joy,0.002525548,0.00039522964,0.00034362916,0.99482006,0.00081158604,0.0011039912
ef95ek1,sadness,sadness,0.22270203,0.0067317784,0.0029165396,0.10703518,0.638679,0.021935433
ef95mkj,joy,joy,0.0018797602,0.00028501116,0.00036416372,0.9943368,0.0014192273,0.001715019
ef95ppg,joy,joy,0.0031329521,0.00041813607,0.00051853835,0.9917326,0.0015371362,0.002660628
ef97j55,joy,joy,0.0024317,0.0005697449,0.0003821974,0.995118,0.00058251835,0.00091578654
ef97jpm,joy,joy,0.0013708977,0.00037806493,0.00023549804,0.99625957,0.00077798043,0.0009779218
ef97miw,joy,joy,0.03154784,0.0014030134,0.0014099829,0.91257566,0.045459982,0.007603517
ef99qxi,joy,joy,0.0028473218,0.00054244074,0.0005947042,0.98627245,0.0009898223,0.008753306
ef9a1z6,joy,joy,0.0022280794,0.00057442044,0.004038823,0.9846065,0.0055209273,0.003031266
ef9ahid,joy,joy,0.0015943199,0.00038339454,0.00028842257,0.9964378,0.00040578944,0.00089028483
ef9b0mm,surprise,surprise,0.0031474894,0.0013345369,0.0020885484,0.007960533,0.003812523,0.9816564
ef9b27j,joy,joy,0.0011478341,0.0002993519,0.00035159697,0.9963492,0.000436147,0.001415806
ef9bjjx,joy,joy,0.0015462387,0.00038979587,0.00027841973,0.9964401,0.00036887257,0.00097659
ef9c708,surprise,joy,0.003628603,0.0008770795,0.00075991027,0.95815045,0.0017646694,0.034819357
ef9c9n9,joy,joy,0.0052076513,0.0008680884,0.00067643065,0.9887123,0.0012863051,0.003249212
ef9cmtq,surprise,surprise,0.10734821,0.0026734183,0.0017229096,0.018871218,0.012629666,0.85675454
ef9ef9q,joy,joy,0.000959365,0.00037689402,0.00038213035,0.99652785,0.0005353049,0.001218435
ef9ej9j,joy,joy,0.0024916858,0.0004889043,0.00029356586,0.9945779,0.0007272307,0.0014207491
ef9euo9,joy,joy,0.0030944627,0.00037027057,0.00029091115,0.99371946,0.0012272195,0.0012976814
ef9evqj,joy,joy,0.0045978935,0.00069559296,0.00040725776,0.9918147,0.0006544738,0.0018301588
ef9fcav,joy,joy,0.0047022616,0.0004983775,0.0006310259,0.98791516,0.0021834779,0.004069649
ef9hjdl,joy,joy,0.003215402,0.0005328728,0.0004018756,0.9919155,0.0014456991,0.0024886634
ef9ibsj,joy,joy,0.001025848,0.00044140825,0.0004519339,0.9917352,0.00049420574,0.0058514527
ef9il22,anger,anger,0.9197435,0.009881952,0.0060710968,0.024221333,0.03177065,0.00831146
ef9iypc,joy,joy,0.0019183962,0.00037146243,0.0003485363,0.9958087,0.0007576652,0.0007951982
ef9j4at,anger,anger,0.5318113,0.005348233,0.0019211507,0.10263777,0.030735083,0.32754645
ef9jlos,joy,joy,0.0016375931,0.00036395036,0.00025385575,0.99621177,0.00069107546,0.00084183604
ef9k0op,sadness,sadness,0.0046039177,0.0029057555,0.0039970186,0.010693491,0.9743051,0.0034947034
ef9ku8t,anger,anger,0.46710324,0.006506762,0.00270695,0.16029023,0.04603697,0.31735587
ef9lmu1,surprise,surprise,0.1661035,0.0062685767,0.0028261072,0.012673396,0.014545925,0.79758245
ef9obtb,anger,anger,0.9295047,0.03401534,0.0027377547,0.012999648,0.01573893,0.0050035533
ef9ouxa,joy,joy,0.0010571299,0.0003046608,0.00028789163,0.99656785,0.00093137106,0.00085104257
ef9pbwe,joy,joy,0.0018787079,0.00041191623,0.00028602008,0.99340725,0.0004710368,0.0035450864
ef9po5k,joy,joy,0.001525363,0.00023339856,0.0002473538,0.995587,0.0011914053,0.0012155393
ef9pqgb,anger,anger,0.78641087,0.0046786815,0.0021641143,0.14749601,0.012993127,0.046257142
ef9prja,sadness,surprise,0.025756534,0.015122693,0.015042689,0.021974789,0.16410229,0.758001
ef9qhh1,surprise,surprise,0.012752072,0.0022830444,0.003088849,0.037655335,0.0045612063,0.9396595
ef9qwac,joy,joy,0.0015534752,0.00038198958,0.00030080025,0.99187356,0.00066711055,0.0052230963
ef9slgu,joy,joy,0.0020105192,0.00027561584,0.00029274845,0.9950648,0.0011124589,0.0012438736
ef9udce,joy,joy,0.0013971074,0.00030700665,0.00031286987,0.99629897,0.0008743149,0.00080971647
ef9uu7l,fear,sadness,0.013978786,0.0035358837,0.044420946,0.21910383,0.6914156,0.027544925
ef9w1ng,joy,joy,0.0012221448,0.00026542068,0.00028704372,0.99519,0.0012057491,0.0018296081
ef9wlwj,anger,anger,0.94581103,0.0041007963,0.0016645589,0.01770015,0.017469829,0.013253644
ef9wn9s,joy,joy,0.0020484994,0.00084721466,0.00058660493,0.99388796,0.0005249227,0.0021048624
ef9wz7w,joy,joy,0.0034675624,0.00068874285,0.00034402113,0.99308115,0.001248036,0.0011705328
ef9xw88,joy,joy,0.0018343693,0.00028085086,0.0002552379,0.9945616,0.0005428229,0.0025251447
ef9zrsi,anger,anger,0.97342795,0.011297973,0.0009340261,0.007860323,0.0030714439,0.0034083033
efa0if4,joy,anger,0.9285797,0.005015851,0.008854412,0.02739721,0.009294648,0.020858228
efa1090,joy,joy,0.0013105787,0.0002966801,0.0002081799,0.99620026,0.0005468989,0.00143743
efa1xx2,joy,joy,0.040925525,0.0046231584,0.0010990581,0.94703406,0.0032671299,0.0030511708
efa35gf,joy,joy,0.008788742,0.0007943114,0.00054606464,0.98553,0.00080075045,0.0035399839
efa3fns,sadness,anger,0.88609225,0.021428157,0.0010626167,0.009335631,0.062173128,0.01990817
efa46lf,sadness,anger,0.9566116,0.007720693,0.0010740308,0.020950943,0.0057505723,0.007892321
efa4gh9,joy,joy,0.01183742,0.00071871805,0.0005514385,0.9707925,0.0024235463,0.0136764245
efa5p23,sadness,sadness,0.32968867,0.01943129,0.009945139,0.028123038,0.57241267,0.040399242
efa5zr8,sadness,sadness,0.005004112,0.0031014709,0.0037135608,0.0066395104,0.9754332,0.006108169
efa6bxw,joy,anger,0.6910816,0.0065646097,0.0026312298,0.19966671,0.054373924,0.04568199
efa77zc,joy,joy,0.0035670688,0.0004366619,0.0003567433,0.9920832,0.0010386694,0.0025176369
efa80q4,anger,anger,0.76305056,0.014757817,0.0064970385,0.057642516,0.13542068,0.022631383
efa8sb0,joy,joy,0.0022358946,0.00048755316,0.0004964633,0.9907568,0.0006573489,0.0053659165
efabctf,joy,joy,0.0032407416,0.00063928746,0.0006547833,0.9923751,0.00079718546,0.0022929194
efac7b0,anger,surprise,0.1211331,0.0036655667,0.002103517,0.09728433,0.024682967,0.7511306
efacjmn,joy,joy,0.002980472,0.0005698818,0.00034344647,0.98459005,0.001260507,0.010255608
efacm5a,joy,joy,0.012299497,0.00086837617,0.00075617124,0.91665643,0.004931114,0.06448837
efacndm,joy,joy,0.0014044985,0.00031888788,0.00024848018,0.9961618,0.0010038177,0.00086242106
efagn72,joy,joy,0.0012581483,0.0003460205,0.0003010915,0.99674255,0.00047525376,0.0008769832
efai3u9,anger,joy,0.025335478,0.0017674742,0.004612219,0.9117092,0.04914618,0.0074294605
efaj65w,joy,joy,0.0023676052,0.00068352424,0.0017233116,0.9900304,0.0007135108,0.004481702
efaj94g,joy,joy,0.0048414036,0.0008846422,0.006267097,0.7992054,0.012816502,0.175985
efajo6t,joy,joy,0.001915642,0.00039541855,0.00026379584,0.9958462,0.0005111821,0.0010676789
efajqbd,sadness,surprise,0.052206807,0.002121415,0.007815552,0.049784344,0.034195974,0.85387594
efajwtk,joy,joy,0.009317167,0.0008337928,0.0003192108,0.97970486,0.0023920208,0.007432935
efak0nc,joy,joy,0.002668265,0.0004874981,0.00042198782,0.9836728,0.0012009906,0.011548471
efak617,surprise,surprise,0.0045611584,0.0014890643,0.0020294387,0.004135736,0.003269752,0.9845147
efakbxz,joy,anger,0.56473523,0.0097613605,0.002102018,0.34818774,0.030923843,0.044289865
efaksed,joy,joy,0.00095577876,0.00025763497,0.00028086314,0.9968053,0.00047618657,0.0012242966
efakvfj,joy,joy,0.022603884,0.0010508946,0.00093128736,0.969815,0.003128409,0.0024704505
efam1r7,joy,joy,0.0012529334,0.00033522164,0.0002720858,0.99667764,0.0006182704,0.00084386376
efankih,joy,joy,0.0018341697,0.0003841953,0.000489917,0.9946161,0.00056093803,0.0021146983
efanses,joy,joy,0.0013410465,0.00033914048,0.00021396646,0.99639064,0.0006829775,0.0010321626
efaol2v,joy,sadness,0.2914925,0.010268853,0.008790307,0.07321441,0.6061169,0.010117103
efapzhm,joy,joy,0.0012519165,0.00023865345,0.00027973833,0.995522,0.0014734111,0.0012342145
efaqsyg,sadness,sadness,0.012054964,0.002319339,0.0032127432,0.026303185,0.9421019,0.014007916
efaqtic,surprise,surprise,0.0026412602,0.001498861,0.0023251139,0.005611295,0.003382424,0.98454106
efar4gd,anger,anger,0.9794496,0.0059979646,0.00088815275,0.008008788,0.0028446608,0.002810801
efarqj4,anger,surprise,0.048883826,0.0043418733,0.0069040963,0.011982617,0.021740533,0.906147
efasttc,joy,joy,0.0031453196,0.00032329795,0.0003719167,0.9925506,0.0009810464,0.002627752
efat2gn,surprise,surprise,0.05178316,0.0054733614,0.0056698313,0.12531117,0.040168274,0.7715943
efauatc,joy,joy,0.0011283905,0.00031489675,0.0002833191,0.99651283,0.00037487375,0.0013858028
efav43v,joy,joy,0.0015593972,0.0004250201,0.0005945047,0.9911069,0.004677839,0.0016363607
efavbk8,joy,joy,0.0011594886,0.00033442458,0.00024691314,0.9955883,0.0005203896,0.0021504706
efaw878,surprise,anger,0.9104101,0.0053108837,0.0013599362,0.014928445,0.038177457,0.029813064
efax2v1,joy,joy,0.0010481775,0.0003229142,0.00024560277,0.9967468,0.000748324,0.00088821695
efayjpy,joy,joy,0.0012273592,0.00028600587,0.00034579015,0.9958591,0.0009835471,0.0012982592
efayzg9,joy,anger,0.908557,0.015127627,0.00106615,0.026532613,0.038706914,0.010009589
efb111e,anger,sadness,0.013678815,0.0037724196,0.002432013,0.017391782,0.95887667,0.0038483138
efb1m0u,joy,anger,0.9541374,0.0064184023,0.0014983548,0.014769408,0.016439738,0.006736822
efb2fyr,joy,joy,0.0013442155,0.00027163597,0.00025172465,0.9966634,0.00046594566,0.0010030468
efb2h20,joy,joy,0.0016526604,0.00039846267,0.00034966358,0.9957004,0.00058811094,0.0013106833
efb2i0r,joy,joy,0.0061833453,0.0015792134,0.024278572,0.9408316,0.018262187,0.008865131
efb2qpp,joy,joy,0.0019220614,0.00031922144,0.00047544966,0.9950454,0.0004378425,0.0017999866
efb39v8,joy,joy,0.001982332,0.00030628164,0.00029994256,0.9947684,0.0005946565,0.002048433
efb3qwa,joy,surprise,0.043525465,0.002663782,0.00205372,0.06682843,0.017647719,0.8672809
efb41oo,surprise,surprise,0.019276248,0.0021126082,0.0021210962,0.004523991,0.004032485,0.9679336
efb59al,surprise,surprise,0.014333114,0.004989205,0.002428035,0.003958204,0.011278981,0.96301246
efb68h1,sadness,anger,0.76530993,0.008530779,0.002195823,0.026778243,0.15496215,0.042223033
efb6i9m,sadness,sadness,0.0054882164,0.002332067,0.0046972223,0.037522368,0.93659306,0.013367028
efb6vct,surprise,surprise,0.0061704963,0.001743452,0.00182646,0.0035287049,0.004458547,0.9822724
efb71xo,surprise,surprise,0.009488528,0.0011250263,0.0013352853,0.017756402,0.005278321,0.9650164
efb7b3e,surprise,surprise,0.004147772,0.0011970084,0.0017699691,0.010459902,0.0029193591,0.979506
efb7e1k,fear,joy,0.004802147,0.0033988813,0.00919294,0.79858905,0.003794414,0.18022253
efb7fga,anger,anger,0.94478744,0.006874635,0.0008155026,0.01920195,0.013776005,0.014544438
efbaely,joy,joy,0.0014816872,0.00037952536,0.000253126,0.99585694,0.00043177532,0.0015969885
efbbg35,joy,joy,0.0018886012,0.00042090027,0.0003642784,0.9958103,0.00048791445,0.0010280532
efbbztw,anger,anger,0.9741474,0.0063522775,0.00094718096,0.004904437,0.0034047791,0.010244081
efbcltz,joy,joy,0.001013874,0.00039505697,0.0003238506,0.9967899,0.00054862176,0.0009286253
efbcxjd,joy,joy,0.0009630897,0.0003488725,0.00031857126,0.9968321,0.0008318722,0.00070555654
efbd1u5,joy,joy,0.0032345108,0.00033618454,0.0002858686,0.986864,0.003028825,0.0062506413
efbe1tj,surprise,surprise,0.35897171,0.03480183,0.008195834,0.07362653,0.020919489,0.5034846
efbfta1,joy,joy,0.0038445944,0.0004932639,0.00043358526,0.9892006,0.003888294,0.0021396452
efbfta3,surprise,surprise,0.014165518,0.0020752228,0.0028327212,0.30008522,0.010955281,0.66988605
efbgijz,joy,sadness,0.005894278,0.003929528,0.040625088,0.029385118,0.90002894,0.020137036
efbgyf8,anger,anger,0.8438071,0.01735269,0.0063484553,0.10522391,0.0157142,0.011553638
efbhgik,joy,joy,0.0017657325,0.0003054796,0.0002630984,0.99559456,0.0010881984,0.0009829758
efbhxqu,joy,joy,0.0017084908,0.00036897065,0.0002286523,0.9956268,0.00077144033,0.0012955869
efbi27w,joy,joy,0.0013537499,0.00024651655,0.00025187488,0.9963343,0.0007396114,0.0010738553
efbi85i,sadness,sadness,0.02085068,0.0045935595,0.005115353,0.059450254,0.9030664,0.006923637
efbikcv,joy,joy,0.0011581894,0.00039741574,0.00029306088,0.9965648,0.00065352285,0.0009330289
efbj27r,surprise,joy,0.0014671236,0.00029891878,0.00036789523,0.9955075,0.0006441891,0.0017143884
efbja4x,joy,joy,0.022655832,0.0017156781,0.0014688652,0.9626245,0.0046803965,0.0068547125
efbl2cs,joy,anger,0.59082305,0.2284635,0.007495329,0.01090181,0.1289773,0.03333903
efblj5m,joy,joy,0.001745008,0.00037415652,0.0003662781,0.99331564,0.0020576029,0.0021413353
efbllmy,sadness,sadness,0.0043465937,0.0030328361,0.0036987166,0.008673334,0.97581667,0.004431887
efbnez9,joy,joy,0.006330762,0.0004774976,0.00042425515,0.9879419,0.0016977466,0.0031278247
efbo6ha,joy,joy,0.003811516,0.00031617496,0.00023257564,0.99277896,0.0010650145,0.0017957096
efboftf,anger,anger,0.9658571,0.015101826,0.0013634055,0.008294831,0.005542739,0.0038402528
efbp8wn,joy,joy,0.016771257,0.0019647235,0.0016879289,0.55273855,0.011310867,0.4155267
efbpz11,joy,joy,0.0010823922,0.00034412686,0.00031950886,0.99663407,0.0004179595,0.001201923
efbr0nk,joy,joy,0.0035398863,0.00054660265,0.00036984947,0.99335116,0.0005987075,0.0015938128
efbrmz1,surprise,surprise,0.033495024,0.004393384,0.0018108077,0.006487996,0.007660812,0.946152
efbs9rn,joy,joy,0.0023109387,0.0004478094,0.0002915027,0.9949096,0.0009769031,0.0010632714
efbs9wp,joy,joy,0.016357346,0.0031438135,0.010287955,0.7774797,0.08903598,0.103695154
efbtjvn,joy,joy,0.0014348823,0.0005314272,0.00041350783,0.9960718,0.0004971347,0.0010512325
efbu57u,joy,joy,0.0020747103,0.00035410834,0.0003137645,0.9955315,0.00067026366,0.0010556811
efbumcm,anger,anger,0.5822649,0.08634492,0.0075223083,0.05421345,0.20351964,0.06613477
efbv8kt,joy,joy,0.001148504,0.00031555106,0.00027678363,0.99687177,0.00039533022,0.0009921688
efbzrdd,joy,joy,0.062044553,0.0016874782,0.00093992916,0.9211205,0.009797705,0.0044098585
efbzz7y,surprise,surprise,0.0041522603,0.0015847075,0.0023389086,0.0037135137,0.004612912,0.9835977
efc0d37,joy,joy,0.0014794455,0.00043577346,0.00042724906,0.99600923,0.00044353597,0.0012047166
efc1sp1,joy,joy,0.020263107,0.0010540154,0.0006120685,0.97300637,0.0016426984,0.0034217665
efc2ddy,joy,sadness,0.037435602,0.0031928064,0.004497399,0.3490154,0.54339135,0.062467404
efc2l8l,sadness,sadness,0.004269327,0.0024770617,0.0039471677,0.010946943,0.97410244,0.0042569223
efc2t5t,anger,anger,0.963081,0.0040009455,0.0014222538,0.021534689,0.004360046,0.0056010927
efc3gem,joy,joy,0.0010961216,0.00033355414,0.00030129508,0.99541336,0.00046661892,0.002389049
efc47mw,surprise,joy,0.011966548,0.00068138546,0.00053233694,0.950675,0.0023286552,0.03381604
efc5kyn,joy,joy,0.028358487,0.0026407111,0.0011227883,0.9575504,0.005188869,0.0051387222
efc6sl8,disgust,joy,0.01123852,0.003321758,0.0013676807,0.97775716,0.001790841,0.0045239306
efc7r48,surprise,joy,0.008978194,0.002239594,0.0021226103,0.69771963,0.0044969483,0.284443
efc7vlp,anger,joy,0.42449483,0.008541936,0.0016716156,0.55143994,0.0033183738,0.010533387
efc9def,joy,anger,0.45520443,0.041383423,0.007085816,0.032493666,0.4387692,0.025063472
efcav84,joy,joy,0.001173718,0.00036065967,0.00033207153,0.9967098,0.0004245777,0.0009990375
efcb23d,joy,joy,0.0017306956,0.0003292454,0.0002764677,0.9952449,0.0012313983,0.0011872655
efcb55a,anger,joy,0.16356473,0.007947062,0.0033923923,0.78210944,0.02059035,0.022395952
efcbaa0,joy,anger,0.84809184,0.009685766,0.0013187982,0.11853511,0.010851532,0.011516978
efcbhr2,joy,joy,0.0032261948,0.00041239426,0.00028739503,0.9929645,0.0005888135,0.0025206716
efch6sd,anger,sadness,0.057115305,0.0032979664,0.0057434104,0.41588292,0.47055894,0.047401514
efchkqo,anger,surprise,0.008943403,0.0026271362,0.0021957904,0.0055301148,0.0063116094,0.974392
efcj4cf,anger,anger,0.9746504,0.011943511,0.0010537959,0.0076636705,0.0024125231,0.0022761698
efcjcec,fear,fear,0.014170106,0.013893866,0.8896713,0.02557303,0.03305667,0.023634942
efck3n8,anger,surprise,0.050188296,0.0024710342,0.0019357617,0.01409801,0.0055201384,0.9257868
efckneq,joy,joy,0.0011938185,0.00031862373,0.00025707364,0.9965828,0.00085834676,0.00078934093
efckxje,surprise,surprise,0.034959346,0.00481579,0.005871361,0.065322496,0.0549294,0.83410156
efclj91,surprise,surprise,0.0039305086,0.0013767718,0.002199492,0.018010497,0.0038204785,0.9706623
efcoki9,surprise,surprise,0.18077181,0.0077605196,0.005814323,0.007831227,0.009509939,0.7883122
efcolbx,joy,joy,0.004194002,0.0007053281,0.0004719445,0.9755204,0.0013671636,0.017741276
efcrc7m,joy,joy,0.0015204488,0.0004355561,0.00028530517,0.99619627,0.0006955714,0.0008668877
efcutfp,sadness,sadness,0.034322735,0.004708862,0.006878845,0.25014615,0.5586214,0.14532197
efcv6jl,joy,joy,0.0010392105,0.0002697159,0.00029484532,0.99662316,0.00094220124,0.000830867
efcvb4u,joy,joy,0.06544966,0.0010617306,0.0010540057,0.85919476,0.020228853,0.053010937
efcvgco,joy,joy,0.0027746102,0.00065775495,0.0003649334,0.9941157,0.0009923808,0.0010946317
efcxevg,joy,joy,0.0048255683,0.00073818595,0.0014703537,0.948525,0.041298717,0.0031421827
efcxjkz,joy,joy,0.0010827938,0.00029648058,0.00031107487,0.9968052,0.0006400415,0.0008644669
efd0ic3,sadness,joy,0.0059734555,0.0006052241,0.00046360283,0.97156286,0.0025765637,0.018818222
efd2sp3,anger,anger,0.8427581,0.0054518594,0.0012373532,0.13207002,0.011048979,0.007433676
efd3k5r,joy,joy,0.0012689186,0.0003264509,0.00027293974,0.9966223,0.00069038745,0.00081895484
efd4m4w,anger,anger,0.8434127,0.09055893,0.0018103155,0.0074940487,0.050135132,0.006588879
efd4omm,joy,joy,0.013371337,0.0005878887,0.00088360003,0.977768,0.0026222495,0.0047669015
efd4rom,surprise,joy,0.014881439,0.002217901,0.0021335336,0.51134634,0.022906795,0.44651398
efd4x1y,surprise,surprise,0.007691291,0.0014281638,0.0020229747,0.0029187435,0.0034611193,0.9824777
efd5le8,joy,surprise,0.023892151,0.0016376759,0.0023657386,0.12015001,0.00990845,0.842046
efd6fgi,disgust,fear,0.10576689,0.14575747,0.46450987,0.054638892,0.040559843,0.18876702
efd6fvz,anger,anger,0.96993893,0.003627348,0.0016821881,0.014645402,0.0034100947,0.006695984
efd6neq,joy,joy,0.0012863659,0.00040704894,0.00038467953,0.99615365,0.00036041133,0.0014078107
efd8fxc,joy,joy,0.0020758335,0.00034819756,0.00037566162,0.99512756,0.000857317,0.0012154675
efd8hvi,joy,joy,0.0011246983,0.00038362137,0.00036676446,0.99450654,0.00255506,0.0010633222
efd8wkk,joy,joy,0.0013458041,0.00036710154,0.0002924816,0.9963911,0.0006708254,0.00093271775
efd9f5r,anger,anger,0.9627111,0.019063365,0.0012941905,0.0067497683,0.0074165715,0.002765136
efdat3z,anger,anger,0.7842393,0.008190229,0.0018832999,0.0123770945,0.015454469,0.17785555
efdcbd4,sadness,joy,0.010916229,0.0011638231,0.00061594544,0.959534,0.022313885,0.0054561156
efdcg93,joy,joy,0.0014951016,0.0005178983,0.00034306417,0.9961273,0.0004942934,0.0010223312
efdcimc,joy,joy,0.001189217,0.00031420295,0.00035409036,0.99488163,0.0021962007,0.001064622
efdcn2c,surprise,surprise,0.0062762145,0.0011239613,0.0016516261,0.0071207867,0.0034334322,0.980394
efdd3qk,joy,joy,0.0010392244,0.0003664794,0.00038229403,0.99681914,0.00057666266,0.0008162523
efddbgs,joy,joy,0.0011314686,0.00028270725,0.00025566132,0.99641776,0.00093926117,0.000973157
efdehiv,surprise,sadness,0.232153,0.0127237635,0.034380686,0.10285947,0.31309578,0.30478728
efdemo5,joy,joy,0.0012949788,0.0003462028,0.00037346157,0.99458635,0.00037741542,0.0030216253
efdepeu,joy,joy,0.0029412475,0.0003917101,0.00031337643,0.9926214,0.0017540962,0.0019781
efdeyu9,joy,joy,0.0019557867,0.00041691068,0.00029650345,0.9926472,0.00062574726,0.0040578037
efdf4r6,joy,joy,0.016765825,0.0019130183,0.01554184,0.8648955,0.065503515,0.035380222
efdfhc7,anger,fear,0.024522956,0.019104254,0.8614307,0.02220116,0.04802677,0.024714109
efdgezt,anger,anger,0.63547635,0.0043989704,0.001968794,0.08007735,0.03519355,0.24288495
efdhkjj,anger,disgust,0.21080115,0.52507263,0.059261058,0.028565992,0.08243904,0.09386013
efdkazj,surprise,surprise,0.008752064,0.0028175123,0.0055206004,0.47031847,0.013436687,0.49915463
efdl3cp,joy,joy,0.0013307205,0.0003375195,0.00029767153,0.99635243,0.0005154592,0.0011662167
efdl5i2,joy,joy,0.000983755,0.0003096135,0.00025987942,0.9970005,0.0005281791,0.00091801444
efdlg83,surprise,surprise,0.016208498,0.0020635587,0.0028226678,0.0030639975,0.004054817,0.97178644
efdlram,disgust,anger,0.66865635,0.26812762,0.008093535,0.008917654,0.033797238,0.012407662
efdltey,sadness,sadness,0.005846928,0.0036547221,0.0035517006,0.033781946,0.9464782,0.006686453
efdm00c,joy,joy,0.0008878202,0.00030741628,0.00032540524,0.99639124,0.0007814595,0.0013066201
efdnp89,joy,joy,0.001658772,0.0003099353,0.00027403966,0.99579203,0.0005672545,0.0013979336
efdobeg,joy,joy,0.0016678399,0.00042313876,0.00048893614,0.9948861,0.00057203876,0.0019618624
efdocj4,joy,joy,0.0014962142,0.00045631564,0.000287905,0.9960175,0.0004615455,0.0012805464
efdonrz,joy,joy,0.0009338677,0.00033416372,0.0004428424,0.99527293,0.0017908838,0.0012252962
efdpagx,surprise,surprise,0.005261043,0.0011421536,0.0014178202,0.022490868,0.004680407,0.9650078
efdq07j,joy,joy,0.0010563565,0.00029987367,0.00030932837,0.9960055,0.001363009,0.0009659592
efdqjsb,fear,fear,0.0125604225,0.017039407,0.8865733,0.023953637,0.041876234,0.017997036
efdsi98,joy,joy,0.001570939,0.00039859407,0.00028926122,0.99636036,0.00044002788,0.0009408073
efdsquv,joy,joy,0.015496504,0.00070429005,0.0007726123,0.9311581,0.0053398423,0.04652862
efdt42q,joy,joy,0.0041207178,0.0008234058,0.0010241838,0.9246802,0.003712365,0.06563918
efdtf83,anger,anger,0.97073865,0.004646222,0.0010755749,0.0164747,0.0032150187,0.0038498184
efdtff8,surprise,surprise,0.015245696,0.0021736806,0.0015292346,0.017217249,0.004312127,0.95952207
efdtluv,anger,anger,0.97576016,0.0073506557,0.0008968718,0.008586624,0.00433776,0.0030679507
efdtnah,joy,joy,0.002370092,0.00057200354,0.00038744428,0.994769,0.0007407198,0.0011607605
efdtorq,sadness,joy,0.04270144,0.0047158226,0.0026798036,0.6547852,0.28943998,0.0056777503
efdtq3o,joy,joy,0.0010107988,0.0003385873,0.00029233893,0.9967174,0.00047547912,0.0011653912
efdtqu9,surprise,joy,0.017653387,0.002804246,0.0025779633,0.63535845,0.004953665,0.3366522
efdw6m8,joy,surprise,0.009051713,0.0021740939,0.0023623602,0.41822946,0.004611451,0.56357086
efdw8ue,sadness,sadness,0.0028837582,0.0035820885,0.0057752933,0.006797496,0.9773629,0.0035984947
efdwqzc,joy,joy,0.0018046541,0.0004709392,0.00031518316,0.9938159,0.0023081931,0.0012851374
efdxxjo,sadness,sadness,0.0042358222,0.0032793402,0.0035901866,0.008179802,0.9767999,0.0039148624
efdy00j,joy,joy,0.0026802039,0.00029721836,0.0003006235,0.99423426,0.00058650307,0.0019011927
efdyrf5,joy,joy,0.026118271,0.0031736393,0.0032174205,0.95720524,0.0037527403,0.0065327073
efe08t3,joy,joy,0.0010334604,0.00035833055,0.00029035364,0.996953,0.0004905768,0.00087427004
efe0tc0,anger,anger,0.9596708,0.00759845,0.0015274825,0.015548422,0.0066139586,0.009040947
efe156e,joy,joy,0.098529845,0.0016018769,0.0011128883,0.8390786,0.0084497025,0.05122706
efe17o5,surprise,surprise,0.005473079,0.0012272369,0.0017693442,0.004924689,0.0029251492,0.98368037
efe1roo,anger,anger,0.9461713,0.011807329,0.0011351006,0.009575609,0.02420695,0.007103722
efe2rt9,joy,joy,0.0014801233,0.0003016511,0.00031746243,0.99622667,0.00047380594,0.0012002737
efe2uhi,joy,joy,0.0030855292,0.0003863497,0.00028180008,0.99343264,0.0006170593,0.0021966547
efe3oj5,joy,joy,0.002580939,0.0003378023,0.00033076308,0.99027854,0.0018475369,0.0046244417
efe3rqr,surprise,surprise,0.040621344,0.0033738473,0.0017615545,0.012565191,0.013972704,0.92770547
efe3uf0,joy,fear,0.01660229,0.010639239,0.693255,0.13810399,0.093234755,0.048164673
efe4tng,joy,joy,0.047997843,0.0020414973,0.0011311913,0.9175181,0.013888854,0.01742247
efe5dyh,sadness,joy,0.038579512,0.0012211999,0.0017764276,0.9269738,0.009854799,0.021594208
efe691k,joy,anger,0.6196338,0.04010538,0.0064986004,0.10495108,0.20043594,0.028375154
efe6g1t,joy,joy,0.0012900851,0.00039758647,0.00029587935,0.99647385,0.00041202878,0.0011304914
efe7rjy,joy,joy,0.0016763873,0.0005586492,0.00090186135,0.9938923,0.0013534186,0.0016173292
efe7v2z,joy,joy,0.0010647321,0.00031456767,0.00026003725,0.99647635,0.0007594819,0.0011248398
efe8arw,anger,joy,0.09267067,0.00627952,0.018761165,0.6011713,0.049561825,0.23155555
efe8irl,sadness,sadness,0.009737913,0.0063061193,0.006110637,0.013819118,0.95931923,0.0047069266
efe9gy5,joy,joy,0.021799546,0.0010335344,0.00084101467,0.938673,0.0028342763,0.03481867
efeaa2d,joy,joy,0.0015797479,0.00036042443,0.00030355278,0.99210304,0.0007122697,0.0049409703
efeaelf,anger,anger,0.93434423,0.050635614,0.0015625518,0.004140816,0.0063136294,0.003003098
efearm4,sadness,sadness,0.081244044,0.012175777,0.022630222,0.055342898,0.78499866,0.04360831
efeaux3,sadness,sadness,0.07978207,0.01133796,0.068148494,0.039751954,0.7447912,0.056188285
efeb9kx,sadness,sadness,0.0079121655,0.0020642371,0.0033450385,0.032064013,0.9465736,0.008041004
efebcgj,joy,joy,0.0010540689,0.0003485206,0.0003533316,0.9958476,0.0015139574,0.00088255346
efebdnp,anger,anger,0.90882415,0.0031356227,0.0025110424,0.043761343,0.011781198,0.029986573
efec4g1,anger,joy,0.2452494,0.006852871,0.0018473667,0.67983943,0.055017456,0.011193466
efec8t6,joy,joy,0.0057806866,0.00086358667,0.0009404634,0.98099995,0.001716643,0.009698728
efecu14,anger,anger,0.97943556,0.007262571,0.0011275056,0.0047503156,0.0035716498,0.0038523842
efecvmc,anger,anger,0.9763737,0.009267989,0.0010271694,0.0076707117,0.0027254296,0.0029349844
efedhu3,joy,joy,0.0013760639,0.00037148804,0.00028779407,0.9965238,0.0005830941,0.0008576463
efee1jm,joy,joy,0.002425672,0.00037047855,0.0002078007,0.99378175,0.0011558573,0.002058435
efee1yw,joy,joy,0.0024566643,0.00036565433,0.00021453651,0.9942293,0.00084579625,0.0018880232
efeece8,joy,joy,0.0012722079,0.00031703204,0.00029477567,0.9953962,0.00059860107,0.0021211547
efeeruj,joy,joy,0.0017700524,0.00038523905,0.00029682103,0.99590486,0.0005768754,0.001066159
efef74s,anger,anger,0.81060946,0.007674355,0.0015373944,0.15051551,0.023043534,0.0066197976
efef7l5,joy,joy,0.0009316179,0.00035061318,0.00030052883,0.9970235,0.0006142465,0.0007794805
efef7rp,surprise,sadness,0.25156957,0.014940669,0.0032874825,0.015167334,0.6856121,0.029422903
efefln5,joy,joy,0.0017092949,0.00036575794,0.00019786127,0.99486357,0.0005937953,0.0022696808
efegp1q,joy,joy,0.0025893582,0.00050216826,0.00042731644,0.9944265,0.0010827186,0.0009718853
efegrrd,anger,anger,0.97695804,0.009804824,0.0010374433,0.004941018,0.0031412484,0.004117513
efehhwv,surprise,surprise,0.0058096442,0.002022373,0.0027374697,0.0023878831,0.00394984,0.98309267
efehmwp,surprise,surprise,0.015187285,0.0018344223,0.0021175635,0.00408281,0.005978393,0.97079957
efeht6w,surprise,joy,0.005732714,0.0017480474,0.0024477886,0.7145888,0.0038371831,0.27164546
efei4pq,sadness,sadness,0.0052398485,0.002730374,0.0047848863,0.008515936,0.9719511,0.00677771
efei9hk,joy,joy,0.0009849997,0.0003261986,0.00035477564,0.9963812,0.00041992878,0.0015328844
efeis4u,joy,joy,0.0016298709,0.0004139787,0.0005287027,0.9940428,0.0004779074,0.0029067798
efeiux1,sadness,sadness,0.006268278,0.0029476846,0.0035967336,0.013219587,0.97075564,0.003212091
efeivql,joy,joy,0.0030676094,0.0004297846,0.00030623772,0.99306375,0.0010578006,0.002074845
efejcp4,joy,joy,0.008128318,0.00091023115,0.0010293069,0.9590185,0.0021431558,0.028770413
efejs5t,joy,joy,0.00137581,0.00037102101,0.0002308776,0.99648917,0.0005946941,0.0009384461
efekwli,joy,joy,0.0011489518,0.0003442133,0.00034559364,0.99635494,0.0006613766,0.0011450276
efel74t,joy,joy,0.018634768,0.0011088644,0.0007282479,0.9753323,0.0012048675,0.0029909404
efelb9c,joy,joy,0.0032125146,0.0007311276,0.0007339937,0.99262905,0.0012222726,0.0014710166
efell3t,joy,joy,0.0071396297,0.0009143564,0.00075906183,0.9390445,0.0025200702,0.049622416
efem13i,disgust,anger,0.8382229,0.103540026,0.008751049,0.004940308,0.033738993,0.010806676
efemepb,surprise,anger,0.59568304,0.009529438,0.0043734317,0.011396159,0.023892555,0.3551254
efemt0g,joy,joy,0.0036969597,0.00062874233,0.0007545089,0.9513681,0.0018744047,0.04167734
efenjrk,anger,anger,0.38298312,0.007247929,0.0029436701,0.30941844,0.27190796,0.025498835
efeo5ip,joy,joy,0.0018255408,0.00032770497,0.00028790825,0.9958198,0.0005589645,0.0011800557
efeo5oz,anger,joy,0.34669325,0.007095461,0.008788474,0.43571833,0.14640573,0.055298682
efeos2g,surprise,surprise,0.0031125618,0.0013310497,0.0023147906,0.010918751,0.0031461238,0.9791767
efep4mj,joy,joy,0.011534702,0.0034428556,0.008107314,0.62336004,0.32892385,0.024631312
efepf3i,anger,anger,0.93676484,0.004910485,0.0013659691,0.030446265,0.007518952,0.018993512
efeqraj,joy,joy,0.00158894,0.0003736339,0.00033823293,0.9962171,0.00041423304,0.0010678031
efeqted,anger,anger,0.8922867,0.0037681405,0.0010433167,0.060739554,0.027422346,0.014739983
efer7nd,joy,joy,0.0014991153,0.00027859586,0.00024984562,0.9960167,0.0010833223,0.0008723933
eferito,anger,anger,0.9254558,0.013964119,0.002247449,0.0054008854,0.025508735,0.027422935
efesrdr,joy,joy,0.032318443,0.0048589096,0.0014905956,0.9515371,0.006146289,0.0036486818
efet3er,joy,joy,0.0014496117,0.00048467453,0.00029809796,0.9955576,0.00074495794,0.001465116
efetf41,anger,anger,0.58799654,0.021545596,0.0051678354,0.287476,0.029075647,0.06873832
efetluw,joy,joy,0.0012726006,0.00029922664,0.0003293427,0.99541664,0.0003656904,0.0023164388
efetlxf,joy,joy,0.027230306,0.0029731747,0.011455774,0.896035,0.00981164,0.052494057
efeu6yu,joy,joy,0.0022623446,0.00067162234,0.00083137245,0.9625709,0.0013260972,0.03233763
efeu8du,joy,anger,0.95316774,0.0047847535,0.0017025077,0.021975584,0.010478732,0.0078907
efeul02,joy,joy,0.0009762029,0.00024613753,0.00030227346,0.99672085,0.0007613157,0.0009932312
efevd6y,surprise,anger,0.9399445,0.008923283,0.0010555987,0.014149848,0.015523217,0.020403534
efevoju,joy,joy,0.0015491573,0.00028728068,0.00030641034,0.99490935,0.00043809088,0.002509721
efevttv,sadness,sadness,0.13309951,0.013662395,0.0062127425,0.29647833,0.5033179,0.04722915
efew5jw,anger,fear,0.038194638,0.1476878,0.486868,0.005170449,0.1586993,0.16337983
efew73j,anger,anger,0.9506698,0.006711423,0.00078117783,0.024238361,0.008349997,0.009249208
efewufo,joy,joy,0.0017335087,0.0005293943,0.00063067884,0.99492943,0.00069014705,0.0014868956
efex7fk,joy,joy,0.0017747363,0.0003706525,0.00029790067,0.9957871,0.0008025408,0.0009671091
efex9mm,anger,sadness,0.010474744,0.019956848,0.027513288,0.0023679908,0.9321523,0.0075348993
efeykw0,surprise,surprise,0.0062943324,0.0014579264,0.00201434,0.0039712773,0.004585369,0.9816768
efeys3q,joy,joy,0.001090118,0.0003553226,0.0004106068,0.99435353,0.00039307005,0.0033973206
efeytwl,joy,joy,0.012517511,0.0018032859,0.0075935177,0.70016974,0.25088733,0.027028635
efeyzta,joy,joy,0.0024297473,0.00032006408,0.0003075937,0.9946965,0.0010331332,0.0012129196
efez5o2,joy,anger,0.70603883,0.013927903,0.012138191,0.07962789,0.070424736,0.11784246
efezgxz,joy,joy,0.023419421,0.0016887176,0.0010611382,0.8978627,0.0043530967,0.07161495
eff0d58,joy,joy,0.0011065265,0.0002989578,0.0003082122,0.99687445,0.00061535864,0.0007964912
eff0n0r,joy,joy,0.010503967,0.00069187087,0.00041173666,0.98319536,0.00088502135,0.004311995
eff188e,surprise,surprise,0.0039747236,0.0012092016,0.0019060903,0.00614783,0.0033771505,0.98338497
eff1eao,sadness,sadness,0.0048495475,0.003934447,0.0042973454,0.0052785063,0.97874,0.0029000626
eff1ked,surprise,surprise,0.0027529798,0.0013019654,0.0030206242,0.008880005,0.005468418,0.9785759
eff2hwu,joy,joy,0.0015299802,0.0004580871,0.00034354356,0.9963076,0.0004124467,0.0009484162
eff2mqp,joy,joy,0.0058296365,0.0010825248,0.0005106867,0.9895678,0.0010899673,0.0019193115
eff2v7d,anger,sadness,0.29767555,0.03189946,0.012407295,0.012175261,0.63273853,0.013103841
eff3d6q,joy,joy,0.0020398814,0.0004053969,0.00033295748,0.9933808,0.0021171304,0.0017237874
eff3fey,joy,joy,0.0023794856,0.0005647025,0.00035631593,0.99480295,0.00076692016,0.0011296952
eff3lfj,joy,joy,0.0122590205,0.0008950131,0.0006122429,0.96584386,0.0030793361,0.017310584
eff457w,joy,joy,0.0069048805,0.0007179751,0.0004558045,0.9867731,0.0021846255,0.0029636507
eff4668,sadness,sadness,0.0034490458,0.0040289504,0.0036814194,0.005959118,0.9777335,0.005147947
eff4qbn,joy,joy,0.0018854049,0.00050824176,0.00037869043,0.9949045,0.0006389109,0.0016842278
eff5msb,joy,joy,0.0028142778,0.0004095681,0.00031234804,0.99425125,0.00066531886,0.0015472152
eff6flv,fear,fear,0.017636698,0.015747052,0.89679307,0.023643056,0.022937799,0.023242326
eff6wrw,joy,joy,0.0020536024,0.0003899205,0.0005500457,0.98632437,0.0026941535,0.007987902
eff78x6,joy,joy,0.002865139,0.00043121926,0.00026899745,0.9942889,0.00094813696,0.001197624
eff7b7v,surprise,surprise,0.0029029038,0.0013458865,0.0022840775,0.0048140236,0.0030526754,0.9856005
eff8izq,joy,joy,0.0019122714,0.00033098628,0.0002142575,0.9953225,0.0006401176,0.0015798471
eff8j3o,joy,joy,0.0023633372,0.00035328424,0.00019180887,0.9947707,0.0009344774,0.0013863723
eff9c04,surprise,anger,0.5965487,0.0031638406,0.0016933463,0.3341611,0.0108366925,0.05359629
effa5bv,joy,joy,0.001928623,0.00030049647,0.0002556541,0.9946465,0.00047747215,0.002391183
effc1dj,anger,joy,0.25360322,0.004591739,0.0039700614,0.4448858,0.12826778,0.16468139
effcdq5,joy,joy,0.001494822,0.00025594758,0.00035710476,0.99600875,0.0006535782,0.0012297957
effcqjx,sadness,sadness,0.010841315,0.007355705,0.018480094,0.0054716314,0.9523267,0.0055245264
effd4cy,surprise,surprise,0.14631175,0.0030534223,0.0017408632,0.027110314,0.011172965,0.8106107
effde47,anger,anger,0.91091806,0.0035643938,0.001344163,0.062726036,0.0115255155,0.009921813
effdfzp,joy,joy,0.001943714,0.00055429584,0.00045260094,0.9948832,0.0009107442,0.0012555355
effeetw,joy,joy,0.0017559667,0.00039147912,0.0003450415,0.9953956,0.0012452025,0.00086670584
effff2z,joy,joy,0.0010717188,0.00029537422,0.0002688423,0.99684674,0.00055201823,0.0009653369
effglrt,joy,joy,0.008882087,0.0014249574,0.003873159,0.8209826,0.14707282,0.01776438
effi67a,sadness,anger,0.97227234,0.0058187093,0.0008105785,0.013314434,0.003939466,0.00384441
effipif,joy,joy,0.0012011285,0.0003554549,0.0003102739,0.99628496,0.00033496448,0.0015132305
effk8b2,joy,joy,0.00092642504,0.00034519896,0.00042306058,0.99585366,0.00035585187,0.0020957673
efflnhg,joy,joy,0.0010883909,0.00032709373,0.00028947243,0.9968226,0.00043464988,0.0010378064
effo5li,surprise,anger,0.86879444,0.0038366707,0.0024775164,0.0459975,0.018259048,0.06063481
effowl8,joy,anger,0.87972426,0.010271286,0.003350206,0.037527576,0.039236456,0.029890183
effp6o1,joy,joy,0.00089873304,0.00027643074,0.00029642892,0.9968635,0.0004830528,0.0011819454
effq5ll,anger,anger,0.45349172,0.02431983,0.016998664,0.021499114,0.28216437,0.20152637
effqek4,surprise,surprise,0.0033523452,0.0015016139,0.0022776409,0.005059031,0.00262659,0.9851827
effqias,joy,joy,0.026607383,0.004760003,0.0025491368,0.92055166,0.013786853,0.031744957
effrs7q,joy,joy,0.0014000329,0.00037408335,0.0003465476,0.99188995,0.0005644586,0.005424865
effs7vv,joy,joy,0.0014365246,0.00034157568,0.0002703734,0.99608266,0.000515768,0.0013531537
effsdnc,joy,joy,0.0057309666,0.00061384373,0.00038632908,0.99093986,0.0009979325,0.0013310139
efftdad,joy,joy,0.0019737366,0.00036713702,0.00023750661,0.99531025,0.00065284374,0.0014585129
effts66,joy,joy,0.0096560065,0.0009735517,0.0023411156,0.83352506,0.0056044552,0.14789972
effuhnm,joy,joy,0.006746019,0.0006354231,0.0004924533,0.9881337,0.0010357003,0.0029567848
effvwtk,joy,joy,0.003023557,0.00044672785,0.0008100286,0.97954136,0.0070858463,0.009092435
effw5yl,joy,joy,0.001670618,0.00047910452,0.00044735242,0.99231166,0.004089842,0.0010013995
effwo4p,anger,anger,0.9656525,0.0060135787,0.0007883478,0.009958382,0.005741325,0.011845839
effx8qi,joy,joy,0.036425,0.0015242072,0.0009296934,0.9287338,0.0049805753,0.027406774
effxcg7,surprise,surprise,0.005588838,0.0013051865,0.0016315494,0.004436883,0.0037196127,0.983318
effxdsk,joy,joy,0.001249653,0.00033485133,0.00025337943,0.9967114,0.00055136246,0.0008994739
effzdwk,anger,anger,0.9502345,0.034950845,0.00179283,0.0040132427,0.00592422,0.003084381
effzvgt,joy,joy,0.0014929514,0.00031172315,0.00023562413,0.9964659,0.00062517385,0.0008685803
efg0sxd,anger,joy,0.015643267,0.00058162847,0.0004341713,0.97510356,0.0032116226,0.0050256867
efg0tq1,joy,joy,0.0011925899,0.00035714614,0.0003523499,0.99558556,0.0010524292,0.0014598822
efg0zbt,joy,joy,0.0064573544,0.0003664652,0.00021932872,0.98885053,0.00092691474,0.0031793232
efg10g8,surprise,surprise,0.002892363,0.0012184186,0.0020650954,0.0056267097,0.0029633855,0.98523396
efg19hf,sadness,joy,0.016524563,0.00083920895,0.0013323925,0.97274643,0.00390538,0.0046520922
efg1y24,joy,joy,0.007572065,0.0005405958,0.00045203508,0.9850063,0.0009540963,0.0054748743
efg35wk,joy,anger,0.9486384,0.0042748693,0.0018534245,0.033847943,0.0058284528,0.00555696
efg3clo,joy,joy,0.0010468991,0.00036513477,0.00035340156,0.99691015,0.0005936848,0.000730644
efg4e6i,anger,anger,0.97468036,0.008517003,0.0008180417,0.004397416,0.0062392326,0.005348009
efg5gms,joy,joy,0.0011114836,0.00039135324,0.00044413257,0.9966397,0.00040084505,0.0010125425
efg629m,joy,joy,0.0012920628,0.00034071167,0.0003368828,0.99446857,0.0021489298,0.0014128351
efg64kv,joy,joy,0.003328471,0.00037321218,0.00028499748,0.9935004,0.0008606331,0.0016521957
efg6fdv,surprise,surprise,0.011641224,0.0021307631,0.0017291668,0.005060306,0.0053441473,0.97409445
efg6nx3,surprise,surprise,0.0043091374,0.0015058516,0.0019713643,0.003716998,0.004077478,0.98441917
efg7s19,anger,anger,0.97144127,0.011482777,0.00079077884,0.006663371,0.005785768,0.0038360592
efg81qg,joy,joy,0.14904928,0.0025916812,0.0018390709,0.83349675,0.0036571764,0.009366021
efg9rxi,surprise,surprise,0.0031999573,0.0011754143,0.0022723144,0.0044626957,0.0031999743,0.98568976
efg9x6t,joy,surprise,0.039566293,0.0022862556,0.0016495048,0.06023212,0.010299893,0.88596594
efga6wi,joy,joy,0.0012028901,0.00035737778,0.00027283814,0.99661154,0.0008243566,0.0007310133
efgaatk,disgust,disgust,0.03325693,0.8717155,0.045866225,0.0061956146,0.033152085,0.009813685
efgag1e,joy,joy,0.0012822625,0.00035346273,0.0002247692,0.99650323,0.0007291226,0.0009071582
efgakei,surprise,surprise,0.0043212003,0.0014158309,0.0020122726,0.030171055,0.0039191507,0.9581605
efgaw9f,anger,anger,0.9414527,0.032661993,0.0020828885,0.0068163713,0.0074201417,0.009565857
efgcbgt,joy,joy,0.0069423392,0.001047056,0.0009599144,0.9859045,0.002345416,0.0028006712
efgcmz0,sadness,sadness,0.147523,0.013371692,0.031099191,0.078073025,0.69433796,0.03559517
efgcr7t,joy,joy,0.18231314,0.03269542,0.18932018,0.5269149,0.039489947,0.029266445
efgd8sg,joy,joy,0.0029566998,0.00041818246,0.00024550295,0.9945511,0.00058183377,0.0012466116
efgdova,joy,joy,0.0014924762,0.00040424417,0.0002809312,0.996086,0.0005979081,0.001138453
efgdvsw,joy,joy,0.0012443184,0.00036357428,0.00028109518,0.9966427,0.0005188185,0.00094948144
efge9g2,joy,joy,0.0023778414,0.00032365232,0.00023497957,0.99516076,0.001020657,0.0008821412
efgef28,surprise,surprise,0.003920073,0.0012954203,0.0022922142,0.004980673,0.0030799229,0.9844317
efgeiaz,surprise,surprise,0.070074804,0.0029045541,0.0059324456,0.06984088,0.014701657,0.8365456
efgejmo,anger,anger,0.8514456,0.016569858,0.002862491,0.0073397835,0.013447782,0.10833451
efgf10r,joy,anger,0.5193127,0.0055297897,0.0028976316,0.28487244,0.122731864,0.0646556
efgfbtt,joy,joy,0.0038055787,0.00041394503,0.00039569905,0.9802706,0.0024186661,0.012695447
efggdvl,joy,joy,0.0014433686,0.00041657191,0.0003406965,0.9933367,0.0005144136,0.00394828
efghg8i,sadness,sadness,0.16690102,0.019143732,0.029290356,0.085710794,0.67750335,0.021450749
efghgcv,joy,joy,0.0018591444,0.00034909844,0.0002533905,0.9960812,0.00052393985,0.0009333435
efghiqr,surprise,surprise,0.004477238,0.001217794,0.0016743576,0.0075256,0.0038214065,0.9812837
efghj3t,surprise,surprise,0.0035050262,0.0017303266,0.0021782618,0.011388925,0.0035213614,0.97767615
efghk7t,joy,joy,0.0014723171,0.0003764585,0.00026414014,0.99574524,0.0005184919,0.0016232809
efghrl3,joy,joy,0.0051668016,0.0004628003,0.00046872007,0.98830545,0.00095676305,0.004639488
efghuih,joy,joy,0.0030047963,0.00029921753,0.0004434692,0.9940754,0.00089751696,0.0012796059
efgj9q4,joy,joy,0.008688584,0.00057386805,0.00044269432,0.973988,0.0010995227,0.015207399
efgjczx,joy,joy,0.0013838321,0.000333615,0.00023856286,0.9965744,0.0006525943,0.00081694697
efgjn0t,fear,joy,0.001949037,0.00030073442,0.000644114,0.99446255,0.0007486814,0.0018949319
efgjo77,joy,surprise,0.05531843,0.0029700308,0.01225863,0.03254048,0.009088584,0.8878238
efgk9m7,joy,joy,0.004678271,0.0006880946,0.0004914156,0.99187684,0.00051719206,0.0017481404
efgkqob,joy,joy,0.007991388,0.0006873839,0.0003587854,0.98758346,0.00071673194,0.002662243
efgli60,joy,joy,0.00909987,0.0018451045,0.0016897835,0.78947383,0.0041736504,0.19371767
efglnt5,surprise,surprise,0.037805937,0.00495506,0.0022663742,0.006321544,0.013368128,0.93528306
efglozv,joy,joy,0.1344878,0.0029843443,0.0016229961,0.8178441,0.007409305,0.035651483
efglqwj,surprise,surprise,0.0348249,0.0026215205,0.0017623738,0.00433247,0.009956183,0.94650245
efgm4lz,anger,anger,0.963035,0.0037912065,0.00091461436,0.018182082,0.00762948,0.006447654
efgmt4t,joy,joy,0.27221358,0.004816411,0.003111079,0.36349764,0.26843396,0.0879274
efgnc9w,anger,anger,0.7575412,0.01458627,0.0019096935,0.055775966,0.1426051,0.027581742
efgolr1,anger,anger,0.95264846,0.008143998,0.00069725997,0.018598374,0.013357543,0.0065542785
efgoumc,surprise,surprise,0.004945262,0.0014437619,0.0017786667,0.005600008,0.0032558162,0.98297644
efgpp1c,sadness,sadness,0.0047087423,0.0022547431,0.00383418,0.005132122,0.97679466,0.007275502
efgq1q9,joy,joy,0.001609384,0.00040258412,0.00045050945,0.9945551,0.0004825972,0.0024997604
efgq9g7,joy,anger,0.95338374,0.0034565676,0.0007119146,0.019580118,0.012522202,0.010345481
efgqj2o,joy,joy,0.001009906,0.00036654642,0.0007328024,0.9955825,0.00062053173,0.0016877626
efgssq6,anger,anger,0.7659296,0.004126804,0.0014493243,0.17506056,0.022563135,0.03087056
efgtq8x,joy,joy,0.0021248332,0.00053196034,0.00047801223,0.99426186,0.0011657524,0.0014375147
efgu1bo,joy,joy,0.004832251,0.00032681934,0.00035392196,0.99079,0.0013725001,0.002324394
efgu3j3,anger,anger,0.74542457,0.007045346,0.0019846042,0.015342276,0.011140098,0.21906301
efgupiy,joy,joy,0.001482388,0.00031285782,0.00024847023,0.99512297,0.000531334,0.0023019593
efgv1ji,joy,joy,0.0018327207,0.00034623948,0.00027090762,0.99559903,0.0006944385,0.0012565575
efgvohz,anger,anger,0.9759125,0.005750297,0.0006589083,0.010974672,0.0035531933,0.0031503725
efgvu5l,anger,surprise,0.018362587,0.0028942558,0.0032654698,0.016954532,0.01042361,0.9480995
efgwr66,joy,joy,0.0018742057,0.00025841835,0.0002844443,0.9940859,0.0006124654,0.002884592
efgwx4f,surprise,joy,0.032732125,0.003701206,0.0076862173,0.9150803,0.017260525,0.023539653
efgxgvj,surprise,surprise,0.007989409,0.0031011037,0.0051821754,0.011821722,0.010511208,0.96139437
efgy53f,joy,joy,0.0010737815,0.00022805794,0.00022504012,0.9964939,0.00065902795,0.0013202456
efgy9gg,anger,anger,0.97260046,0.009385905,0.0009826509,0.0061937906,0.00801402,0.0028231915
efgyfeh,surprise,surprise,0.024888545,0.001779128,0.0029787687,0.16386265,0.01324651,0.7932444
efgysee,joy,joy,0.0025863391,0.00036130077,0.0006573899,0.979887,0.0019819997,0.014526005
efgzbih,anger,anger,0.48602024,0.012029405,0.0030531045,0.036336698,0.03437697,0.42818367
efgzkwo,joy,joy,0.0019488772,0.000438681,0.00033455365,0.99567586,0.00064156065,0.0009604784
efh04ul,joy,joy,0.0011708059,0.00030759218,0.00028978375,0.99668676,0.0004164144,0.0011286817
efh06dw,joy,joy,0.001535671,0.00034963875,0.00025688746,0.9965289,0.0005541345,0.0007747371
efh124g,surprise,joy,0.01005571,0.0005856554,0.001065664,0.9579687,0.0047437362,0.02558054
efh3qeu,joy,joy,0.002342184,0.00090207317,0.0021590036,0.9533304,0.0031526624,0.03811364
efh45iw,joy,joy,0.0013121876,0.00027169005,0.00025996423,0.99660987,0.00061247114,0.0009338332
efh4fc0,joy,joy,0.0039211474,0.00053975254,0.0004969139,0.9915529,0.0013851475,0.0021041331
efh4n6t,joy,joy,0.0015044713,0.00039843674,0.0014813669,0.9927154,0.0013861347,0.0025141651
efh4tjg,joy,anger,0.8716547,0.006209467,0.0011137379,0.10631819,0.0042279903,0.010475899
efh5hik,joy,joy,0.0011859348,0.00029224242,0.00022287632,0.99653757,0.0006046459,0.0011567282
efh5jz9,anger,anger,0.94464666,0.0036119933,0.0011832732,0.035869583,0.00884503,0.0058434154
efh5vkf,surprise,surprise,0.022846526,0.0017625579,0.0016613589,0.007656089,0.009438657,0.95663476
efh5yzs,joy,joy,0.001091019,0.0003390521,0.0002711907,0.9965586,0.00059139635,0.001148675
efh62li,joy,joy,0.0030029635,0.0007549438,0.0005954018,0.99297935,0.0013795673,0.00128783
efh6aw6,joy,joy,0.002295692,0.00032955536,0.00021777919,0.994058,0.0010954641,0.0020035398
efh6axv,joy,joy,0.0016721988,0.00038904487,0.0002570814,0.99612635,0.0004198152,0.0011355426
efh78ik,surprise,surprise,0.040237997,0.0061030677,0.005892209,0.016791033,0.09594073,0.835035
efh78v1,joy,joy,0.12356989,0.004491517,0.0015371214,0.70451343,0.15282245,0.0130656315
efh7aqc,joy,joy,0.09828427,0.0020185506,0.0042009167,0.8763002,0.006394982,0.012801148
efh82rs,anger,disgust,0.08626298,0.72738737,0.12886992,0.024530726,0.023802832,0.009146197
efh8l8l,joy,joy,0.04774113,0.0034926268,0.0013673826,0.8891863,0.049248658,0.008963907
efh95ub,joy,joy,0.0015601437,0.00030041524,0.00023978892,0.9957813,0.0010016449,0.0011166518
efh99ru,joy,joy,0.02554505,0.001373067,0.00076387206,0.9657717,0.0038992465,0.0026469815
efh9he8,anger,joy,0.05243561,0.0010670106,0.0006192587,0.9357686,0.003885567,0.0062239394
efh9rw4,joy,joy,0.0014040907,0.00035021667,0.000284488,0.99611205,0.00043532436,0.001413871
efha0zn,surprise,surprise,0.0035721126,0.0013099189,0.0020031717,0.004071358,0.0042618434,0.9847816
efhb9pf,joy,joy,0.004101091,0.00044437265,0.00028980646,0.99256647,0.00071363506,0.0018845501
efhbpau,joy,joy,0.0028507505,0.000447142,0.00035044466,0.99382097,0.0010099899,0.0015207409
efhc1so,joy,joy,0.021044869,0.0011270678,0.0010158272,0.9264472,0.002780699,0.04758427
efhc2lx,anger,anger,0.9726662,0.012800657,0.0009979092,0.007762122,0.0036819158,0.0020912269
efhcreo,joy,joy,0.0021521188,0.0006000369,0.00045591473,0.9950665,0.000658041,0.0010673245
