example_id,true_label,pred_label,p_anger,p_disgust,p_fear,p_joy,p_sadness,p_surprise
eczbpfi,joy,joy,0.0016322415,0.00054483645,0.00053440034,0.9932104,0.001559236,0.0025189247
eczcf47,sadness,fear,0.2797548,0.09537015,0.48573965,0.01669074,0.07793155,0.044513166
eczcky9,sadness,surprise,0.22410539,0.091819145,0.22951116,0.0631092,0.11341831,0.27803683
eczd40x,anger,anger,0.8656567,0.10270294,0.011789614,0.006425763,0.0080544455,0.0053705033
eczdygs,surprise,surprise,0.018531598,0.003235884,0.0040037385,0.0055245794,0.00806846,0.96063566
ecze76e,joy,joy,0.002154125,0.00074470206,0.00051201513,0.99360013,0.0007715627,0.0022175298
eczf05d,joy,joy,0.0015289992,0.0005631309,0.00074753317,0.993166,0.0011226318,0.002871773
eczf4ox,surprise,surprise,0.013326422,0.0048287776,0.0044955513,0.008083277,0.0077360715,0.96153
eczfdaa,surprise,joy,0.23261952,0.007479594,0.0028567119,0.43289894,0.018757256,0.30538803
eczfe7d,surprise,joy,0.0031439392,0.0010251566,0.0014005188,0.9467872,0.0023049642,0.04533836
eczfoon,surprise,anger,0.64954776,0.029409615,0.0102102375,0.0077181985,0.03789083,0.26522344
eczfwa0,surprise,surprise,0.00613635,0.0025943692,0.0034477243,0.007404187,0.005589907,0.9748274
eczg08p,anger,joy,0.032070138,0.0021389038,0.0012194176,0.9356784,0.021666178,0.0072269496
eczgrcd,joy,joy,0.012007845,0.0011434746,0.0008246223,0.97965413,0.002048044,0.0043219025
eczhdsl,joy,joy,0.0014516462,0.00071341573,0.0007194487,0.9943294,0.00075088633,0.0020352658
eczhjuj,joy,joy,0.0010869751,0.00053763826,0.0005834297,0.9951049,0.0008691345,0.0018179554
eczi9zh,joy,joy,0.0012039468,0.00048695412,0.00058277964,0.9939938,0.0010524029,0.0026801128
eczk51t,joy,joy,0.0016598547,0.00067135476,0.00049107947,0.99456465,0.0007995481,0.0018134206
eczl2pq,joy,joy,0.057223722,0.0022673996,0.0030118078,0.9148398,0.015949726,0.0067076418
eczmpez,joy,joy,0.001243121,0.00059709,0.00049311406,0.9951035,0.0009479613,0.0016152547
eczmpsx,joy,joy,0.0015016971,0.0006888232,0.00048183047,0.9947237,0.0006521777,0.0019518079
eczmsz3,disgust,anger,0.9538079,0.014889511,0.002379261,0.012769868,0.012403561,0.0037498611
eczmtlc,joy,joy,0.0010951243,0.0006775726,0.0006364862,0.9947699,0.0008305603,0.0019903765
eczmz2i,anger,anger,0.3366914,0.014895302,0.03547637,0.20159745,0.26948476,0.1418547
eczngf1,surprise,surprise,0.00914767,0.0029824069,0.0036452564,0.004993182,0.007183465,0.972048
ecznohs,joy,joy,0.0017190006,0.00074067496,0.000562633,0.99291503,0.0007349586,0.003327603
ecznwuv,surprise,joy,0.011857227,0.0016911409,0.0024066467,0.959347,0.013228644,0.011469267
eczpeok,joy,joy,0.0013454988,0.0005976428,0.00081397715,0.9925597,0.0017724189,0.0029108098
eczpwbu,joy,joy,0.0012637363,0.00075408845,0.0009195193,0.99329114,0.0009468419,0.0028246595
eczqn1r,sadness,sadness,0.024341425,0.015738744,0.00889351,0.012332358,0.87706137,0.061632574
eczszn6,anger,anger,0.7561633,0.010372862,0.0030700162,0.13257691,0.06560437,0.03221245
eczt9t1,sadness,sadness,0.25327757,0.1268499,0.033039343,0.03305976,0.54261625,0.011157193
eczth69,surprise,surprise,0.007023696,0.002812627,0.007207405,0.056401107,0.014013726,0.9125414
ecztsvi,sadness,sadness,0.008661182,0.006577863,0.0146024395,0.015554292,0.94611716,0.008487056
eczvkco,joy,joy,0.00076968275,0.0004886123,0.000737543,0.99453485,0.0010349764,0.0024343692
eczwm5z,joy,joy,0.0012742834,0.0006121987,0.0004897043,0.9948113,0.0007283364,0.0020842445
eczwosz,joy,anger,0.80294335,0.011619544,0.004429769,0.09800938,0.06596462,0.017033339
eczy6qb,surprise,joy,0.0078005446,0.0032316123,0.0064214626,0.54698396,0.004289326,0.43127307
eczyh8p,joy,joy,0.0012795244,0.0006436571,0.0008088243,0.99224865,0.0011038313,0.00391552
eczyr6d,surprise,surprise,0.035081066,0.0048286314,0.0043087616,0.009937587,0.009038233,0.9368057
eczyxxv,anger,sadness,0.21543215,0.022604242,0.019055238,0.101621725,0.6261955,0.015091187
eczzc3j,joy,joy,0.002110032,0.0006270522,0.0005470486,0.9933711,0.0011430621,0.002201681
eczzquh,joy,joy,0.0013439866,0.0006451901,0.00069729035,0.99271,0.00096702314,0.0036364808
eczzw82,joy,joy,0.0029754187,0.00083461724,0.00085779827,0.98043925,0.0010520869,0.013840769
ed0049n,sadness,anger,0.94579804,0.012342716,0.0024940055,0.018540338,0.01615929,0.0046656723
ed011g9,surprise,surprise,0.005541663,0.0022403991,0.0037015076,0.01789449,0.0050497563,0.9655722
ed01obo,joy,anger,0.69454634,0.016334811,0.0054740575,0.22428003,0.053380083,0.005984669
ed02d1x,anger,sadness,0.20528044,0.031693045,0.11701051,0.13356027,0.43530828,0.07714744
ed038bu,sadness,sadness,0.009215303,0.007111254,0.012250721,0.014017648,0.94154745,0.015857559
ed03d9y,surprise,surprise,0.08883227,0.007935877,0.0049481425,0.020999683,0.033974417,0.8433096
ed04vcn,joy,joy,0.0028536057,0.0009722738,0.0007213105,0.9915065,0.0012616775,0.002684575
ed05jes,joy,anger,0.59078205,0.008885126,0.0076464615,0.1695564,0.034240313,0.18888964
ed0620k,anger,anger,0.842847,0.006812345,0.0029796334,0.09914207,0.023644013,0.024575062
ed06qes,surprise,sadness,0.033827163,0.023606317,0.08496508,0.017543757,0.8101259,0.02993181
ed071px,joy,joy,0.0060016573,0.0009054733,0.0005121675,0.987605,0.0013423658,0.0036333601
ed07pl6,surprise,joy,0.003544752,0.0009813792,0.0025103942,0.9816025,0.0035089145,0.007852085
ed09ds5,joy,joy,0.0013544201,0.0007376756,0.0006453549,0.99450594,0.0007394562,0.0020171604
ed09rln,joy,joy,0.0013527648,0.00052435463,0.0004943586,0.994703,0.0012428808,0.0016826306
ed0a9kb,anger,anger,0.7643674,0.033220172,0.0070633357,0.074049,0.1056151,0.015685007
ed0b2b8,sadness,sadness,0.03217208,0.025389308,0.008690814,0.005499564,0.92231953,0.0059286836
ed0brlz,anger,joy,0.014881652,0.002295054,0.0028314444,0.7596484,0.00860354,0.21173994
ed0cg1t,joy,joy,0.011218106,0.0009731246,0.0010051866,0.9761855,0.005787277,0.0048308484
ed0cn2y,sadness,sadness,0.008324115,0.009339519,0.009527035,0.008829542,0.95572114,0.008258686
ed0cpps,sadness,sadness,0.025324,0.03405401,0.021316646,0.0037205229,0.90254635,0.013038416
ed0cuu4,joy,joy,0.002185046,0.0006641041,0.00048501548,0.9936651,0.00153441,0.0014662851
ed0dbzg,surprise,surprise,0.055672623,0.10888064,0.043427885,0.02496446,0.15147102,0.6155834
ed0dtnw,anger,anger,0.72089374,0.023376042,0.007250782,0.011082097,0.0154994475,0.22189786
ed0dwjr,fear,fear,0.03315791,0.0935696,0.6621657,0.0071894606,0.13925308,0.06466427
ed0e3a2,surprise,surprise,0.007184854,0.0026002915,0.0036193235,0.006197708,0.0049093245,0.97548836
ed0e58j,sadness,sadness,0.01380703,0.0124078365,0.012595127,0.0063580335,0.9467102,0.008121733
ed0e6h3,fear,sadness,0.04590171,0.13607532,0.113751344,0.006027873,0.6865814,0.01166237
ed0eke4,anger,anger,0.93537766,0.020784887,0.0036948374,0.023652976,0.012123077,0.004366485
ed0ht04,joy,joy,0.0018872418,0.000834841,0.0007157526,0.9935156,0.00086183683,0.0021846432
ed0hvgr,joy,joy,0.0031837672,0.0006806694,0.00043833282,0.99245536,0.0016356994,0.0016061103
ed0ia9w,joy,joy,0.0012501241,0.0007189978,0.00073485356,0.9938976,0.0009127325,0.0024856883
ed0it1e,joy,joy,0.0014126784,0.0007798825,0.000762149,0.99306375,0.0008294798,0.0031520275
ed0ivk1,sadness,sadness,0.014962963,0.013532021,0.009368343,0.0065424466,0.949004,0.0065902523
ed0j3lf,joy,joy,0.0014132223,0.00048500265,0.0004907478,0.9932632,0.001271829,0.0030760746
ed0j5h0,joy,joy,0.0015061988,0.00079148373,0.000904723,0.9926708,0.0013625338,0.0027642671
ed0jl4g,anger,surprise,0.3089304,0.013640026,0.007124856,0.012020242,0.037482027,0.62080246
ed0lnj6,surprise,surprise,0.0061580846,0.0025339252,0.0031860173,0.019229412,0.006337895,0.96255463
ed0m2na,anger,anger,0.7394026,0.013023448,0.0051440666,0.15494418,0.06414769,0.02333809
ed0m9ms,sadness,sadness,0.018081788,0.01088525,0.011307633,0.0050209123,0.94461733,0.010087017
ed0miwo,joy,joy,0.0013535033,0.000721279,0.00059564656,0.9948019,0.00072400225,0.0018036792
ed0mxlo,sadness,surprise,0.012964481,0.0047481973,0.003948485,0.024606401,0.009928753,0.9438037
ed0n2p2,anger,anger,0.96953213,0.013241434,0.0025454727,0.007224635,0.0044815363,0.0029748213
ed0nsnk,surprise,surprise,0.16856872,0.005437685,0.0051514967,0.33464903,0.019004289,0.46718884
ed0o2fe,joy,joy,0.0013633887,0.00064810814,0.00050652656,0.994532,0.0010489424,0.001900956
ed0omrl,joy,joy,0.0013620984,0.0006085073,0.00059355,0.994736,0.0010712241,0.0016285828
ed0ot2z,joy,joy,0.0018164194,0.0005883406,0.00046592092,0.99442923,0.0009579986,0.0017421294
ed0p4fj,joy,joy,0.0023566377,0.00062162185,0.0005271216,0.99373466,0.0008879176,0.0018719663
ed0p50s,surprise,surprise,0.0061544008,0.0027065668,0.0034334331,0.022800745,0.005485326,0.9594194
ed0p7or,anger,anger,0.91473657,0.043705463,0.0028971836,0.022014638,0.013676415,0.0029696466
ed0q1rw,joy,joy,0.003589359,0.0010939371,0.0011075913,0.99075717,0.0012363429,0.0022156402
ed0rebi,joy,joy,0.0016344723,0.00065348967,0.0007125128,0.9928185,0.0011950075,0.0029861229
ed0sj9s,joy,joy,0.0018273945,0.00067097024,0.00051261124,0.9939873,0.0009149157,0.0020867856
ed0so6l,joy,joy,0.021026578,0.0025360163,0.0028712957,0.6995058,0.005324877,0.2687354
ed0swmt,surprise,surprise,0.008472939,0.002922802,0.005570142,0.004898961,0.0060469806,0.9720882
ed0sy6u,joy,joy,0.0035193393,0.0021190455,0.0020999068,0.9844624,0.001110632,0.0066887434
ed0uv1x,surprise,anger,0.9407179,0.031546902,0.004308136,0.0044195447,0.0051751323,0.013832353
ed0vap0,sadness,joy,0.0070442827,0.00097415317,0.00054118334,0.98496026,0.0028833507,0.0035967957
ed0w5cy,joy,joy,0.0013154043,0.0007034194,0.000593367,0.994436,0.0009104543,0.0020412414
ed0x5z5,joy,joy,0.007070366,0.0017771313,0.0046754736,0.9516578,0.020843344,0.013975929
ed0x80r,anger,anger,0.9562267,0.013075499,0.0034670962,0.009944062,0.0067559346,0.010530785
ed0y8gh,joy,joy,0.007198767,0.0015016107,0.0010132969,0.9401596,0.002485067,0.047641587
ed0y9cy,surprise,joy,0.008622362,0.0030088928,0.0043431832,0.6117215,0.0058982405,0.3664058
ed0zztw,anger,anger,0.9163317,0.009656407,0.0040448518,0.017800206,0.01670733,0.03545952
ed112rp,joy,joy,0.0040739756,0.001507678,0.0013908938,0.9315579,0.003714948,0.057754572
ed11f83,joy,joy,0.0013669231,0.00090237625,0.0007110086,0.99377716,0.0007097103,0.0025328447
ed11rzv,joy,joy,0.0021806436,0.00060517364,0.00056740746,0.9936208,0.0009971249,0.002028755
ed122ms,joy,joy,0.0044633574,0.00093060866,0.0005968193,0.9902665,0.0016842013,0.0020585123
ed12dos,anger,anger,0.9684323,0.0078117223,0.0017400405,0.010343093,0.00610694,0.0055658864
ed13ax3,joy,joy,0.0012069887,0.00062461157,0.0006602878,0.9948954,0.0007812994,0.001831333
ed1454k,joy,joy,0.0021479093,0.0009325405,0.0007327367,0.9924831,0.0010633977,0.0026402886
ed14wo6,joy,fear,0.055149198,0.037384026,0.560369,0.038808804,0.2528698,0.055419095
ed1576z,fear,anger,0.8898871,0.06580904,0.006439988,0.0056949155,0.02869366,0.0034752963
ed15gt6,anger,anger,0.9038329,0.009410855,0.0034369319,0.014848097,0.039151467,0.029319653
ed17mmh,joy,joy,0.0010986594,0.0006386176,0.0005831515,0.9946853,0.0011683333,0.0018260244
ed17nq4,joy,joy,0.14595184,0.004917074,0.0028856546,0.82301456,0.0076740463,0.015556862
ed17svl,surprise,surprise,0.007212239,0.0027894026,0.0036872556,0.005308385,0.0063888,0.9746139
ed183rg,surprise,surprise,0.015353593,0.0026717833,0.0026573306,0.06349992,0.010142329,0.905675
ed184ql,joy,joy,0.0010187542,0.00086785614,0.0017739681,0.990266,0.0016312274,0.004442076
ed18jel,joy,joy,0.006999687,0.00093249977,0.0007258514,0.98429215,0.0050236294,0.0020260902
ed19agh,joy,joy,0.0015335034,0.00059982226,0.00048229305,0.9945252,0.000798592,0.002060642
ed19k48,sadness,sadness,0.04552207,0.019556215,0.046356697,0.012480595,0.8420016,0.034082744
ed19w3b,joy,joy,0.0010664179,0.0006847197,0.00068124966,0.9948131,0.0012616385,0.0014929019
ed1ada5,joy,joy,0.0011128285,0.0005648302,0.0004974407,0.994354,0.00091088755,0.0025600262
ed1aw4c,joy,joy,0.0012847738,0.00081839215,0.0007308231,0.9944115,0.0008150212,0.0019395668
ed1bf9d,anger,anger,0.4753437,0.04533225,0.047399968,0.29538882,0.011871262,0.124663986
ed1bkeu,joy,joy,0.003132682,0.001376442,0.0043982114,0.95667785,0.025466075,0.008948781
ed1c70v,joy,joy,0.0023578072,0.00061657396,0.00055607833,0.9930433,0.0011599652,0.002266306
ed1cfv1,joy,joy,0.01509072,0.0015981266,0.002081464,0.957472,0.0030265402,0.020731123
ed1ff3y,joy,anger,0.82395375,0.005931383,0.0022444935,0.12902263,0.013274384,0.0255734
ed1fqgn,joy,joy,0.11639999,0.004335662,0.004657112,0.6493899,0.02060445,0.20461287
ed1fyxq,joy,joy,0.0016344464,0.00074815063,0.00059135037,0.9927521,0.0006613154,0.003612611
ed1fz8t,joy,joy,0.19541264,0.0035893947,0.001639676,0.74706006,0.024770427,0.027527804
ed1gey2,joy,joy,0.0012367071,0.00065998134,0.0004754318,0.9945949,0.00094421685,0.0020888338
ed1ggxc,sadness,sadness,0.017893476,0.01358646,0.012240894,0.013083784,0.9361632,0.007032217
ed1ghrq,joy,joy,0.015980162,0.003464818,0.0068195513,0.9305324,0.018345764,0.024857314
ed1gu2v,joy,joy,0.0011359914,0.0006377508,0.00057081314,0.9949858,0.0007434583,0.0019261051
ed1gu3w,joy,joy,0.014400521,0.0030481017,0.0018170783,0.9358198,0.0389632,0.0059513086
ed1hles,anger,anger,0.956566,0.013727076,0.0021507232,0.0065456717,0.013741773,0.0072687627
ed1iqnp,joy,joy,0.0012683101,0.000710114,0.00054434076,0.9948395,0.0010132422,0.0016245086
ed1jdc4,joy,joy,0.011752473,0.0035286061,0.0027611784,0.80757743,0.0038743294,0.17050599
ed1kgx2,joy,joy,0.0009945884,0.0006315441,0.0011241348,0.9935016,0.0017804502,0.001967575
ed1klqm,joy,joy,0.0010411188,0.0005217684,0.0006129909,0.9942326,0.0011076333,0.0024837663
ed1m7w6,joy,joy,0.0016602768,0.0008833925,0.00076856714,0.9940403,0.0008740104,0.0017734919
ed1maoh,surprise,anger,0.702535,0.019948984,0.017550196,0.0565122,0.16748917,0.035964485
ed1maoj,disgust,fear,0.029033396,0.092591874,0.6550113,0.01997092,0.17349117,0.029901331
ed1oiyg,joy,joy,0.0015834316,0.0007427572,0.00079351105,0.99244434,0.0011614744,0.0032745288
ed1ph6f,disgust,surprise,0.022365423,0.01815122,0.11891845,0.06713617,0.059141565,0.71428716
ed1rede,joy,joy,0.008543939,0.0015823944,0.001890307,0.96929663,0.003399324,0.015287391
ed1rjn5,joy,joy,0.0011854192,0.0006628496,0.00058163813,0.99513537,0.0008511413,0.0015836256
ed1sbaa,joy,joy,0.040755562,0.0065732575,0.023519685,0.6047882,0.29073316,0.03363016
ed1sght,anger,anger,0.43085805,0.4163979,0.061771426,0.0051737246,0.06220596,0.023593007
ed1smi9,joy,joy,0.0010367242,0.00067958655,0.0007801506,0.9941453,0.000764855,0.002593358
ed1smr0,joy,anger,0.5890106,0.006945541,0.0046208543,0.14751162,0.042309325,0.20960204
ed1udad,anger,anger,0.8081394,0.08445652,0.03300541,0.012842979,0.033612277,0.027943498
ed1umv1,joy,joy,0.0022381085,0.00061500253,0.00083901465,0.9917105,0.0013729748,0.0032244578
ed1viq1,surprise,joy,0.019456945,0.0019449177,0.0015630581,0.96557474,0.0029017313,0.008558704
ed1vm4f,joy,joy,0.22307698,0.0043274635,0.0019411674,0.74609894,0.0127337,0.0118217
ed1w92l,joy,joy,0.0012453678,0.00069979666,0.0005620453,0.99448216,0.00088816264,0.0021224592
ed1wvcx,sadness,sadness,0.0065278895,0.0107999835,0.015510687,0.0064185984,0.9540378,0.006705123
ed1y6oy,joy,joy,0.0011137008,0.00066143414,0.00094919215,0.9933467,0.0024384223,0.0014905565
ed20lrl,joy,joy,0.0021220671,0.0005465472,0.00050420436,0.9937895,0.0013876073,0.0016500732
ed20wvd,joy,anger,0.89478755,0.006842885,0.0024754032,0.074209034,0.013459818,0.008225331
ed216ic,joy,joy,0.0032519575,0.00088008615,0.0005317851,0.99205256,0.00095825706,0.0023253958
ed21l4i,joy,joy,0.001340561,0.0008057158,0.0013103771,0.9922311,0.0020710381,0.0022412566
ed21n6t,joy,joy,0.0012858134,0.0006800661,0.00051374634,0.9942498,0.00069504976,0.0025756015
ed21ugn,anger,anger,0.8919145,0.050351996,0.010735865,0.017287888,0.026907848,0.002801864
ed22fyg,anger,anger,0.93737143,0.03984684,0.0040996517,0.0044873664,0.010895731,0.0032989918
ed23b3d,joy,joy,0.003396488,0.00089090783,0.0011433545,0.9855218,0.0014472058,0.0076002306
ed23qjy,joy,joy,0.0012985646,0.00068283296,0.0006649716,0.9934465,0.00080440927,0.0031026762
ed2428b,joy,joy,0.010236088,0.00140184,0.0013753318,0.9795903,0.0028380437,0.004558423
ed25fxk,anger,anger,0.6321826,0.026378235,0.006902939,0.009834446,0.025605952,0.29909578
ed2611v,joy,joy,0.009593869,0.0014930597,0.0017227593,0.97926635,0.004011786,0.003912096
ed26rip,joy,joy,0.0010993469,0.0006044753,0.00055540894,0.99503785,0.0009777077,0.0017251839
ed2746s,joy,joy,0.19796872,0.0050959596,0.004304754,0.7585981,0.0156223085,0.018410157
ed278ro,surprise,anger,0.96558607,0.011752066,0.0022037455,0.01231482,0.005487537,0.0026558833
ed27j06,joy,joy,0.0030482654,0.0010189408,0.0008397448,0.97276014,0.0012518482,0.021080974
ed27l10,joy,joy,0.0060672057,0.0014231254,0.0014840816,0.9624864,0.0049425038,0.023596726
ed27pnf,joy,joy,0.0011298693,0.00051297265,0.000550831,0.99319845,0.0010176477,0.0035902238
ed27ukk,surprise,surprise,0.005571428,0.0026534712,0.0036886067,0.007099964,0.005913303,0.9750733
ed282j9,joy,joy,0.046323396,0.0029697749,0.004105571,0.7251144,0.025990942,0.19549584
ed29f48,joy,joy,0.0017995181,0.0008196655,0.0007007481,0.9923872,0.00090989424,0.0033829603
ed29wza,joy,joy,0.0015827704,0.0005747285,0.0006177982,0.9932388,0.0010726927,0.002913178
ed29ynk,disgust,anger,0.8170336,0.13885957,0.0070437933,0.011448497,0.019457664,0.0061568264
ed2avfo,joy,joy,0.0013462259,0.0005904021,0.0004463324,0.9943137,0.00082580245,0.0024774913
ed2az57,joy,joy,0.0042133527,0.00089317607,0.001308455,0.98711026,0.0017689625,0.0047058584
ed2bfov,surprise,joy,0.003942603,0.0017092577,0.002033832,0.90223217,0.0026692587,0.08741298
ed2c5f7,anger,joy,0.010078234,0.001415468,0.0013583415,0.97386926,0.0022065379,0.011072085
ed2dimb,joy,joy,0.001678783,0.0006358844,0.00048040293,0.9945161,0.0010862678,0.0016025369
ed2dkl8,joy,joy,0.005469766,0.0006563778,0.0008371639,0.9873241,0.0018247119,0.0038878606
ed2dn6m,joy,joy,0.006031298,0.0009656779,0.00062925805,0.9892697,0.001336993,0.0017670596
ed2dvob,sadness,sadness,0.0058594844,0.008340768,0.02077838,0.008033437,0.94653547,0.010452471
ed2e00i,fear,disgust,0.1987264,0.58282804,0.111863896,0.019212758,0.07897481,0.008394131
ed2eddu,joy,joy,0.0015757163,0.0005178952,0.00048766765,0.99399614,0.00090725825,0.002515303
ed2enk8,sadness,sadness,0.013638557,0.018685544,0.012709279,0.004768821,0.94409245,0.006105275
ed2f978,surprise,joy,0.0011806753,0.00058672146,0.0005795973,0.99215406,0.00076067715,0.0047383695
ed2fxg9,joy,joy,0.4419414,0.011428842,0.0037292072,0.467672,0.047870085,0.0273585
ed2gsvn,sadness,sadness,0.007387958,0.0062811472,0.010272048,0.010225768,0.95461744,0.011215562
ed2h962,joy,joy,0.0069815507,0.001043526,0.00268997,0.9765719,0.002677683,0.010035309
ed2hemk,surprise,surprise,0.056653045,0.004761263,0.003399951,0.05731704,0.013840296,0.8640284
ed2hyao,joy,joy,0.0017497443,0.0006208262,0.00050088746,0.99406683,0.0009320487,0.0021296185
ed2itjq,joy,joy,0.0017352917,0.0005408269,0.0004250796,0.9916277,0.0009233237,0.004747771
ed2kkif,joy,joy,0.0014542356,0.00057047565,0.0005994211,0.99454737,0.00087315036,0.0019554505
ed2l9is,surprise,surprise,0.012685212,0.0029054882,0.0027736435,0.009633628,0.0055564996,0.9664455
ed2mah1,anger,anger,0.954252,0.010949593,0.0018819397,0.024220286,0.006117361,0.0025788117
ed2me0o,joy,joy,0.0024509602,0.0005363773,0.00063861796,0.9893964,0.0033104094,0.0036672957
ed2mebh,joy,joy,0.0021948793,0.0007174516,0.0011431413,0.9905007,0.0014740911,0.00396975
ed2mkey,fear,joy,0.022084648,0.007819035,0.07155778,0.8352861,0.040270977,0.022981433
ed2mvzr,joy,joy,0.00299248,0.0006956693,0.0006610464,0.9898432,0.0019976224,0.0038100232
ed2naxg,joy,anger,0.96304464,0.011706908,0.0020053997,0.014757644,0.004908217,0.0035772047
ed2nh3m,surprise,joy,0.031584594,0.0028973701,0.0028268863,0.79319507,0.012531778,0.15696432
ed2noxb,joy,joy,0.004436758,0.0011041462,0.00063861994,0.99121875,0.0011919776,0.0014097398
ed2plsm,anger,anger,0.58153635,0.017355144,0.005984784,0.012383033,0.015459467,0.3672813
ed2rfl3,joy,joy,0.034578957,0.006409099,0.009300241,0.69296575,0.23777665,0.018969335
ed2t2rw,joy,joy,0.00088944513,0.00058678444,0.00071784813,0.99455994,0.0009557386,0.0022902195
ed2ug0m,joy,joy,0.0014692309,0.0006946668,0.00063138874,0.9933396,0.00081775093,0.0030473408
ed2ukr2,anger,anger,0.56598246,0.16867082,0.011135323,0.016145412,0.23100193,0.0070640706
ed2un8c,joy,joy,0.0011427931,0.0005828989,0.00071971,0.9947701,0.0011265618,0.0016578671
ed2uyol,joy,joy,0.00909301,0.000996995,0.0010353882,0.97416353,0.0015087196,0.0132023655
ed2v6t1,sadness,anger,0.42859033,0.013244828,0.010124894,0.12097077,0.41067585,0.016393382
ed2w2da,joy,joy,0.09850033,0.003971663,0.0028757476,0.8315937,0.053213768,0.009844778
ed2wbo1,joy,joy,0.0016579139,0.00059889257,0.00059760024,0.9946109,0.0007135685,0.0018211498
ed2xw22,joy,joy,0.004467184,0.001043313,0.0013195744,0.97361565,0.001264372,0.018289901
ed2xybk,anger,anger,0.96236956,0.010206484,0.0018201525,0.01349619,0.00523979,0.0068678055
ed2ygk2,surprise,surprise,0.005749007,0.0026497904,0.003951685,0.005500603,0.0060524438,0.9760966
ed2yumt,joy,joy,0.0014025986,0.00071291847,0.0005449927,0.99467444,0.0008055018,0.0018595081
ed2z2wl,anger,anger,0.95660204,0.021606911,0.0036172932,0.006307531,0.0077116764,0.0041544777
ed2zw99,joy,joy,0.003574822,0.0008571791,0.0005103759,0.99160516,0.0015134736,0.00193898
ed306iy,joy,joy,0.001313866,0.0006259126,0.00066554506,0.99372417,0.0009846063,0.0026858533
ed30mge,anger,surprise,0.120135695,0.0056765284,0.006771618,0.07186041,0.027437259,0.76811856
ed317fs,surprise,anger,0.726446,0.07612905,0.0063171317,0.03294143,0.13935965,0.01880675
ed32qgi,surprise,surprise,0.18871158,0.0081756115,0.005851447,0.047054294,0.041837037,0.70837
ed34b3g,joy,joy,0.007968324,0.0012281233,0.0011374408,0.94679326,0.002375975,0.040496968
ed35y7q,joy,anger,0.9376277,0.02056564,0.00641671,0.017877426,0.013527757,0.003984807
ed36oak,anger,anger,0.94648546,0.033693418,0.0036418159,0.006626575,0.0071546743,0.002398019
ed37s14,joy,joy,0.0037043043,0.000601969,0.00044374904,0.9912572,0.001917153,0.0020756458
ed38ub9,joy,joy,0.0023066162,0.0010227541,0.0014314178,0.98143816,0.0009641972,0.012836894
ed391go,joy,joy,0.0015629885,0.00057787466,0.0005440335,0.9939732,0.00088818406,0.0024537058
ed3aiug,sadness,surprise,0.017782064,0.0036133986,0.005618199,0.015595181,0.026566977,0.93082416
ed3b29d,joy,anger,0.81526166,0.01565388,0.007094967,0.08997864,0.045704227,0.02630668
ed3bjn7,joy,joy,0.003186867,0.0006636628,0.00062501687,0.99162227,0.0010483216,0.0028537987
ed3chq4,surprise,surprise,0.006749515,0.0022721984,0.003229225,0.06819233,0.0077023497,0.9118544
ed3d31z,joy,joy,0.0014098,0.00049204926,0.00046598844,0.99467057,0.0013156518,0.0016459125
ed3drgn,sadness,sadness,0.3096432,0.08198581,0.025075587,0.017465834,0.55546314,0.010366369
ed3eg7v,joy,joy,0.0018653254,0.0005708924,0.0004566351,0.9943541,0.0009849364,0.0017680211
ed3eqrm,joy,joy,0.0017201935,0.000693281,0.00074684154,0.99340844,0.0011290966,0.0023021193
ed3erhr,joy,joy,0.008426079,0.0013346182,0.0016275834,0.96241826,0.002737892,0.02345562
ed3fkca,joy,joy,0.0017649106,0.000637438,0.0005227121,0.9936324,0.0007954613,0.002647087
ed3flyg,joy,joy,0.0015509576,0.00046570276,0.0005060867,0.9939442,0.0012768211,0.0022561627
ed3gsox,joy,joy,0.0014336213,0.0005745592,0.0007398013,0.9922931,0.0008613084,0.0040976144
ed3i0zf,surprise,surprise,0.05178121,0.0043922504,0.0033443184,0.008172046,0.011043148,0.9212669
ed3i4gx,joy,joy,0.013048423,0.002162971,0.0010214326,0.9391125,0.0055795596,0.03907515
ed3i6z6,joy,joy,0.0011026508,0.000596436,0.0006487657,0.99486995,0.000800523,0.0019816386
ed3il5h,joy,joy,0.011731491,0.0026270922,0.0042831358,0.508137,0.011462445,0.46175882
ed3iq8t,anger,anger,0.972741,0.0114561105,0.0017134337,0.006587804,0.004498672,0.0030029812
ed3jh2z,sadness,sadness,0.0066203084,0.0073628947,0.013808287,0.008382305,0.9570383,0.006787948
ed3ju9g,sadness,sadness,0.008335629,0.008543603,0.012690452,0.015450643,0.94837177,0.0066078147
ed3k8zz,joy,joy,0.012202019,0.0053981813,0.032137375,0.78395057,0.069968805,0.096343085
ed3klo0,sadness,anger,0.4322465,0.008988499,0.005251322,0.13643928,0.051402085,0.3656723
ed3l8bw,joy,joy,0.0015530604,0.0006500202,0.0005638255,0.9940369,0.00090466015,0.0022914764
ed3ljgc,joy,joy,0.001528903,0.0005892898,0.0004023289,0.99476624,0.000856491,0.0018567734
ed3mk68,anger,anger,0.62515926,0.06876822,0.12746914,0.05546408,0.106406644,0.016732665
ed3o0vh,anger,joy,0.06321993,0.004772443,0.0033978368,0.9119849,0.011302504,0.0053223968
ed3odkh,surprise,anger,0.62813306,0.020350069,0.005915509,0.015583887,0.019293437,0.31072408
ed3otkz,joy,joy,0.0014441932,0.0008183733,0.0007283162,0.99289143,0.0009386679,0.003179016
ed3ovpu,joy,sadness,0.006060138,0.008178687,0.016578134,0.0046191164,0.94548815,0.01907587
ed3p00x,anger,anger,0.96530414,0.01808091,0.002290166,0.0059877676,0.005655615,0.00268138
ed3p41f,joy,joy,0.0020561921,0.0007152273,0.0004740899,0.9941854,0.00088171166,0.001687435
ed3p6dr,anger,anger,0.8481283,0.007543754,0.0060231555,0.081117846,0.024511978,0.032675043
ed3p77r,joy,joy,0.0012478471,0.0006047142,0.0006164591,0.99468696,0.00078202,0.0020619493
ed3ptc8,joy,joy,0.001298137,0.0005616802,0.0004928636,0.99502397,0.00079244655,0.0018309661
ed3r9ha,joy,joy,0.0017871719,0.0005807722,0.00062096055,0.99336535,0.0010214668,0.0026241709
ed3rkhb,surprise,anger,0.808236,0.007815954,0.0027649181,0.11633052,0.028561085,0.03629145
ed3s25t,joy,joy,0.0011574052,0.0006016361,0.00053778925,0.9953099,0.0008965527,0.0014966498
ed3sqoq,joy,joy,0.0046411124,0.0006726872,0.000708256,0.98923665,0.001832193,0.0029090869
ed3tfp0,surprise,surprise,0.03913403,0.0054607415,0.0065087345,0.006843082,0.03196671,0.91008675
ed3tljs,joy,joy,0.002254804,0.000890461,0.0007594829,0.9920779,0.0010006654,0.0030166586
ed3u5xj,surprise,surprise,0.009782246,0.0034509099,0.0053068385,0.0042865938,0.0065479735,0.97062546
ed3uwkx,anger,anger,0.80170554,0.01096343,0.0033022135,0.13818124,0.035239678,0.010607834
ed3vol0,joy,joy,0.0019150557,0.0011209602,0.0019223869,0.9815606,0.009363981,0.004117094
ed3xhie,joy,joy,0.0024805346,0.0005303603,0.00075327803,0.99134505,0.0016986215,0.0031922488
ed3yjli,joy,joy,0.0018031617,0.0005942268,0.0004796727,0.99427515,0.00080884,0.0020389734
ed3yxmw,joy,joy,0.02967926,0.0033442096,0.0100244,0.878693,0.05698397,0.021275101
ed3z6by,anger,joy,0.2025,0.006582045,0.011308695,0.6312367,0.12455914,0.02381339
ed40jj0,joy,joy,0.0014555787,0.0006578582,0.0005703437,0.9947137,0.0006794111,0.0019229697
ed41f9o,sadness,sadness,0.008903024,0.0072731017,0.0073695136,0.014531591,0.95662826,0.00529454
ed4220z,joy,joy,0.0011571684,0.0007396066,0.00061270414,0.994769,0.0007198811,0.0020017095
ed42at1,joy,joy,0.0015006915,0.00064834754,0.00048699183,0.99473995,0.00087493664,0.00174916
ed42jkm,joy,joy,0.001321048,0.0007261085,0.00059462327,0.9946985,0.0007144536,0.0019451715
ed42lw0,surprise,surprise,0.0050994116,0.002415434,0.0038541309,0.006848247,0.0055409204,0.97624195
ed452ih,joy,joy,0.0020667787,0.0007115401,0.0008542636,0.9877123,0.0024102735,0.006244802
ed45q9i,joy,joy,0.0023697915,0.00070463575,0.0004526781,0.9931671,0.0007752875,0.0025304416
ed46tmd,joy,joy,0.0012425444,0.0009240413,0.00078212196,0.99147695,0.00076019927,0.0048141656
ed46u5f,anger,anger,0.9208918,0.025418296,0.0027941214,0.009885613,0.035120104,0.0058900854
ed46zau,surprise,surprise,0.008859239,0.0029681905,0.0031291484,0.008290493,0.00568304,0.9710698
ed48tq9,joy,joy,0.0024833868,0.0006943598,0.00097475766,0.9910158,0.0018249893,0.003006733
ed4951j,joy,joy,0.0016224376,0.0005573873,0.0008251054,0.9927291,0.0012240642,0.0030419182
ed497m1,anger,sadness,0.06049563,0.06982401,0.021823296,0.010697412,0.83293974,0.0042199134
ed49941,joy,joy,0.09620845,0.007652345,0.015523012,0.53172314,0.29327127,0.055621833
ed499ib,joy,joy,0.0013704398,0.00068064197,0.00074319326,0.9940048,0.0007278889,0.0024731092
ed4apbg,anger,sadness,0.14490573,0.07959821,0.020996707,0.05597541,0.6921368,0.0063871564
ed4b4ov,joy,joy,0.0010372112,0.0006199375,0.0007874795,0.9945427,0.0009871951,0.0020254857
ed4cjqt,joy,joy,0.010489841,0.0014979581,0.0018414783,0.9787356,0.0037002424,0.0037348303
ed4cr1y,joy,joy,0.0013832516,0.0006119272,0.0008053774,0.9902284,0.002126158,0.0048449636
ed4cyt9,sadness,sadness,0.011365197,0.0066158324,0.00923735,0.028942993,0.93788946,0.005949155
ed4cz1y,joy,joy,0.0012794308,0.00052161905,0.00076875783,0.99434054,0.0010814642,0.0020081373
ed4d4ee,anger,anger,0.78691274,0.010197621,0.002972051,0.13892312,0.00712271,0.05387174
ed4dhnu,joy,anger,0.9037092,0.0060480703,0.0025117698,0.05484013,0.021143287,0.011747648
ed4dycq,joy,joy,0.0011297151,0.0005625183,0.0005699731,0.99424475,0.0008195454,0.0026735615
ed4edc8,surprise,joy,0.31977388,0.006664075,0.0050068917,0.6047196,0.05493737,0.008898153
ed4ejil,joy,joy,0.0018304394,0.00049803144,0.0006532848,0.99320495,0.001333966,0.00247934
ed4eldw,anger,anger,0.9370302,0.017632248,0.005669768,0.006913966,0.019670509,0.013083248
ed4f4io,surprise,sadness,0.13665342,0.034973323,0.009753909,0.014734094,0.7904774,0.01340784
ed4f5d5,anger,sadness,0.05633715,0.023189109,0.11560526,0.17316404,0.5564131,0.07529136
ed4fqyy,joy,joy,0.0010929415,0.000733839,0.0006698968,0.9946631,0.00073887623,0.0021012973
ed4g81o,joy,joy,0.0023300953,0.0005891884,0.00044828776,0.99361295,0.0010511611,0.0019683866
ed4gvkj,joy,joy,0.0014704578,0.00061361137,0.00069683767,0.99393684,0.0012160739,0.0020662455
ed4hgjl,joy,joy,0.0015269258,0.00084959966,0.0006175433,0.993646,0.000698657,0.0026613595
ed4hovs,anger,joy,0.3697864,0.006002979,0.006431228,0.57980806,0.01126184,0.02670947
ed4iqff,surprise,surprise,0.021105932,0.0037668513,0.0031729839,0.009053224,0.0089316,0.95396954
ed4jdrq,anger,joy,0.004683128,0.00095093943,0.0013177498,0.98887014,0.0017300578,0.0024479846
ed4jos7,joy,joy,0.01828438,0.0031041326,0.012770719,0.8871106,0.035355445,0.04337478
ed4k39t,joy,joy,0.001293909,0.00078548584,0.0008498604,0.98652077,0.0008617126,0.009688334
ed4lguq,joy,joy,0.012082188,0.0013707107,0.0015283874,0.9708599,0.005231433,0.008927491
ed4m0qz,sadness,sadness,0.047787447,0.010826271,0.019920332,0.029032208,0.8684565,0.023977263
ed4m5zc,anger,anger,0.97041863,0.010636542,0.0019191083,0.006214224,0.0043317247,0.006479796
ed4n562,joy,joy,0.041467465,0.0020681268,0.003309342,0.9113594,0.022371437,0.019424226
ed4n83o,joy,joy,0.0011095706,0.00072186097,0.0009194879,0.9931891,0.0021247023,0.0019353424
ed4n9mh,joy,joy,0.001763087,0.00061337807,0.00046364297,0.9937796,0.0007436059,0.0026367204
ed4o321,sadness,sadness,0.019631712,0.00793298,0.011072117,0.05270859,0.899828,0.008826603
ed4om9w,joy,joy,0.0015746558,0.00060955,0.00051791687,0.99388945,0.0007315789,0.0026768632
ed4owvs,joy,anger,0.48293123,0.011467688,0.017672628,0.16083606,0.15117532,0.17591703
ed4pnnx,joy,sadness,0.03147905,0.0077954247,0.0152296955,0.19716164,0.7386482,0.009686022
ed4qloq,joy,sadness,0.15692085,0.018991748,0.007893541,0.16660303,0.63222384,0.017366929
ed4qssq,joy,joy,0.0011763951,0.00069811096,0.0006331509,0.9948119,0.0007954241,0.0018850317
ed4r072,surprise,surprise,0.019396571,0.0035816983,0.0025623143,0.0117275175,0.008538311,0.9541936
ed4r6ko,surprise,surprise,0.007444249,0.0050519374,0.008539722,0.0042577903,0.01835558,0.9563507
ed4rm1t,joy,joy,0.0015474206,0.0005746318,0.0005756124,0.9923366,0.0010278707,0.003937919
ed4thg4,surprise,surprise,0.027012505,0.0040212115,0.0035098055,0.017969958,0.017693903,0.92979264
ed4thnt,joy,joy,0.0012962541,0.0005927472,0.00048690214,0.9947094,0.0007548144,0.0021599897
ed4txch,joy,joy,0.001317413,0.0004818945,0.00037704097,0.9929408,0.001334566,0.0035482591
ed4vatk,joy,joy,0.0010583978,0.00050926575,0.0005505268,0.9951898,0.0011222776,0.0015696831
ed4vpp0,joy,joy,0.0013918916,0.00073953375,0.0005459598,0.99368954,0.0006778829,0.0029551333
ed4vs6p,joy,joy,0.0011857349,0.00074794056,0.00057547435,0.99479866,0.00077519484,0.0019170454
ed4w2oh,joy,fear,0.058386765,0.03234089,0.41852772,0.1598205,0.21440013,0.11652393
ed4xr41,joy,joy,0.08799499,0.0049811807,0.0020025102,0.8704293,0.021712888,0.012879146
ed4ygno,joy,joy,0.002607631,0.0014628718,0.0019629593,0.92695653,0.00350687,0.063503146
ed4ykdw,anger,anger,0.8150092,0.008044393,0.003932731,0.082226105,0.024546297,0.066241294
ed4zcdd,joy,joy,0.0053828824,0.0012874464,0.0007779318,0.9880612,0.0024809763,0.0020094952
ed4ze36,sadness,sadness,0.31005853,0.04683325,0.010310092,0.014340229,0.5995322,0.018925674
ed4zr3n,joy,joy,0.0011224468,0.00060519396,0.00051348674,0.99515295,0.00086095877,0.0017450011
ed5030i,disgust,disgust,0.18673345,0.68216,0.06428834,0.016448446,0.04143345,0.008936237
ed50cyl,joy,joy,0.003045796,0.00056631025,0.00049944187,0.99195015,0.0015270254,0.00241124
ed50xtl,joy,sadness,0.031933613,0.0071895802,0.02364966,0.40833634,0.5095301,0.019360775
ed518pl,surprise,surprise,0.034424517,0.0043379953,0.004042151,0.0061926735,0.015181612,0.93582106
ed52ler,joy,joy,0.0010965639,0.0008051978,0.0010127795,0.9935336,0.0009869583,0.0025648002
ed5379v,joy,joy,0.0011469732,0.0005982716,0.0005802071,0.9951198,0.0008655588,0.0016892457
ed539gj,joy,joy,0.05021576,0.001849014,0.0017170552,0.89320445,0.013072351,0.039941326
ed53gec,surprise,surprise,0.005973798,0.0024138538,0.0036992433,0.013321843,0.004914789,0.96967655
ed53qtu,joy,joy,0.0012218392,0.0004886835,0.00062983943,0.993789,0.0013793072,0.0024912592
ed55h8g,joy,joy,0.001976498,0.0006165422,0.00068545825,0.9912545,0.00096415647,0.0045029507
ed55unt,anger,joy,0.11424988,0.007781061,0.004808431,0.600794,0.2218495,0.050517052
ed57mql,joy,joy,0.0019867287,0.0007985428,0.0011051326,0.9897691,0.0017986225,0.0045419326
ed57pil,sadness,sadness,0.009138898,0.007010662,0.007969941,0.009278491,0.9598491,0.0067530274
ed59o8s,fear,fear,0.018482113,0.029063135,0.8145631,0.01735507,0.07416148,0.04637501
ed5apbb,sadness,sadness,0.022485858,0.008796909,0.0064773136,0.026261574,0.93000716,0.005971225
ed5bi7l,anger,anger,0.94839793,0.01243939,0.0014892451,0.022783902,0.010298856,0.0045907297
ed5c6jr,anger,anger,0.9594412,0.021445071,0.0032298807,0.005204031,0.0075669293,0.003112913
ed5cew6,joy,anger,0.9329993,0.004882866,0.0016492053,0.04281022,0.009912374,0.0077460594
ed5d4hm,joy,sadness,0.40441892,0.018134607,0.008141653,0.10600146,0.4377505,0.025552917
ed5eobg,joy,surprise,0.028163519,0.0035874622,0.010117918,0.12401748,0.014739093,0.81937444
ed5f1q6,disgust,disgust,0.13229512,0.63855875,0.15981449,0.016357807,0.041149043,0.011824777
ed5gjn6,sadness,anger,0.96947753,0.008528494,0.0015027099,0.0074133626,0.007917555,0.0051603667
ed5gooc,joy,joy,0.0011626732,0.0007137754,0.00067735516,0.9946043,0.0006814212,0.002160495
ed5h3jh,joy,joy,0.0017270964,0.00057683367,0.0006340425,0.9937721,0.001091549,0.002198403
ed5h943,joy,joy,0.0019437182,0.0005049823,0.00045923382,0.9917715,0.0011874044,0.004133075
ed5hig8,anger,anger,0.89996636,0.056369867,0.0036581976,0.008541355,0.028901925,0.0025623217
ed5hj2l,joy,joy,0.12062308,0.003923602,0.0023429277,0.8612141,0.0059997938,0.0058964337
ed5hvl8,anger,anger,0.3918392,0.0142945405,0.010985381,0.16246372,0.28554398,0.1348732
ed5i830,joy,joy,0.0012631675,0.0007663073,0.0006237414,0.99460053,0.0008220112,0.0019243393
ed5j08t,joy,joy,0.0021617003,0.0006899576,0.0005089309,0.99128646,0.0012484805,0.0041044853
ed5kt98,anger,anger,0.90667915,0.01240861,0.006040683,0.05697307,0.010530267,0.007368335
ed5kxo0,anger,anger,0.73005855,0.008451316,0.0022585616,0.18792732,0.026194576,0.045109607
ed5l0tn,sadness,surprise,0.43536693,0.024826866,0.011604293,0.031365074,0.03568308,0.46115375
ed5mopu,joy,joy,0.0019394386,0.0006018285,0.00059938437,0.99361914,0.000904468,0.0023356976
ed5mpux,joy,joy,0.001256038,0.0006941715,0.00064577674,0.9945886,0.00080922694,0.0020061114
ed5nylq,joy,joy,0.002924523,0.0007917858,0.00045138242,0.9927205,0.0009732488,0.0021385467
ed5oc9p,joy,joy,0.0025565927,0.0006646767,0.00047001117,0.9900477,0.0018688134,0.0043920847
ed5p2c5,joy,joy,0.0061460803,0.0012729019,0.0020682705,0.9822749,0.0030534018,0.0051844427
ed5qm6b,surprise,surprise,0.08971674,0.006760448,0.018992204,0.09627749,0.029596968,0.75865614
ed5qov9,surprise,surprise,0.023511522,0.0037858603,0.003481678,0.011291152,0.0074063623,0.95052344
ed5qsc8,surprise,surprise,0.00887855,0.0025164706,0.002650668,0.01777312,0.0052097645,0.96297145
ed5qx5t,joy,joy,0.0018025842,0.0006895032,0.00051214464,0.99401546,0.00069350423,0.002286772
ed5qyw2,anger,anger,0.9527179,0.010720664,0.002038502,0.018561728,0.009699052,0.0062621874
ed5rqvs,surprise,surprise,0.006395844,0.002654048,0.006620822,0.03916278,0.018750384,0.9264161
ed5sdtd,joy,joy,0.07093965,0.003847035,0.0031077575,0.90910596,0.008324062,0.0046754964
ed5tyie,joy,joy,0.0025407851,0.0006089476,0.00056014623,0.9926473,0.0010105047,0.002632282
ed5u01p,surprise,surprise,0.004897786,0.0027855542,0.00478738,0.006635079,0.0053834454,0.9755107
ed5u38w,joy,joy,0.0023278124,0.000741599,0.0007838649,0.9929807,0.00097178103,0.0021941443
ed5ukmx,sadness,sadness,0.031014148,0.023148766,0.009129179,0.006752816,0.9235439,0.006411111
ed5wsbs,surprise,surprise,0.06408743,0.009029314,0.005347544,0.007989034,0.019937713,0.8936089
ed5x1f6,surprise,surprise,0.039919663,0.004366181,0.004859703,0.0067276093,0.016468212,0.9276587
ed5xoxn,sadness,sadness,0.014349879,0.009395927,0.0096587585,0.01346093,0.94768614,0.0054483796
ed5ycja,joy,joy,0.0017292501,0.0007420126,0.0006412361,0.99416614,0.0007872268,0.0019341505
ed5yole,surprise,surprise,0.022898775,0.0025541089,0.0029575345,0.028646518,0.014995162,0.9279479
ed60dfe,joy,joy,0.0009044836,0.00076954387,0.0010151935,0.99297184,0.0013123081,0.00302663
ed60yz3,sadness,anger,0.42932805,0.012669862,0.013629327,0.07466765,0.12603904,0.34366605
ed62jtl,joy,joy,0.0014807694,0.00060454744,0.0005053501,0.9936894,0.00116605,0.002553918
ed634g5,joy,anger,0.85424304,0.010385252,0.0034500107,0.10882103,0.011312706,0.011787918
ed636aq,anger,anger,0.96206594,0.0072338907,0.0018629148,0.011195054,0.0077030035,0.009939308
ed63mrs,joy,joy,0.0011635509,0.000715823,0.000623383,0.9946747,0.00072996324,0.0020925966
ed6510j,sadness,sadness,0.01593235,0.007865769,0.017863214,0.107931755,0.8409865,0.009420375
ed65r76,joy,joy,0.0011535111,0.0006848208,0.0005508308,0.9950283,0.00072648295,0.0018560761
ed66hh7,joy,joy,0.0012661874,0.00078134186,0.0008234282,0.9934709,0.0019567015,0.0017013901
ed66vje,joy,surprise,0.010582417,0.0037131626,0.005511095,0.31084433,0.012102582,0.6572465
ed67gsa,anger,sadness,0.3115627,0.014730655,0.009150366,0.106837176,0.53329355,0.024425559
ed67mlu,anger,anger,0.77873164,0.118953004,0.011005955,0.008461169,0.06947498,0.013373274
ed687vy,anger,anger,0.96145684,0.018728755,0.0038323298,0.006219489,0.00422257,0.005539996
ed69rsr,sadness,joy,0.00865645,0.001824921,0.0023500696,0.9570963,0.02390665,0.006165588
ed69zd7,joy,joy,0.0037171093,0.0007397499,0.00046328694,0.9891395,0.0009949127,0.004945471
ed6bk6k,joy,joy,0.0015702432,0.0006703922,0.00062682864,0.9941018,0.0010024118,0.0020282972
ed6c8bw,joy,joy,0.0014079458,0.0006474293,0.00078637165,0.99390346,0.0007358305,0.0025188923
ed6cqtx,anger,anger,0.96899366,0.013810206,0.001750055,0.00537223,0.0061678505,0.0039061168
ed6d0ia,joy,joy,0.0044937506,0.00093723746,0.0009985869,0.9888869,0.00096806494,0.0037153736
ed6d5zv,sadness,sadness,0.07378734,0.028129434,0.01016142,0.01013773,0.8727659,0.0050180834
ed6epcn,joy,joy,0.0031390404,0.0006908495,0.0005686179,0.9919248,0.0012255354,0.0024511213
ed6ew8p,surprise,surprise,0.004607448,0.0019824384,0.0039066393,0.00910223,0.0053275907,0.97507364
ed6h9fn,joy,joy,0.0013659162,0.0006369224,0.000711599,0.9931961,0.00075049745,0.0033388443
ed6hxg1,surprise,surprise,0.008691177,0.0026259013,0.0030317605,0.09610728,0.006318445,0.8832254
ed6j5va,joy,joy,0.013148349,0.0023180787,0.0009583602,0.9785301,0.001855573,0.0031895705
ed6k723,surprise,surprise,0.13471894,0.008091236,0.0042451317,0.0099662095,0.015440789,0.82753766
ed6la2m,joy,surprise,0.021581942,0.0030071978,0.0050887875,0.009467983,0.011589872,0.94926435
ed6m4ue,sadness,sadness,0.007662076,0.008660887,0.009909214,0.0076886103,0.9587155,0.0073637026
ed6m76o,joy,joy,0.0020867088,0.00062915834,0.00042824197,0.99401516,0.0013050876,0.0015356718
ed6n5gf,anger,anger,0.8822658,0.085020915,0.0049251555,0.006574741,0.016650591,0.0045627197
ed6ngy7,joy,joy,0.0030078457,0.0005658429,0.0005585082,0.9902553,0.0011788884,0.0044335425
ed6p459,joy,joy,0.0016043737,0.0005792345,0.00044332046,0.9948539,0.00097324286,0.0015459039
ed6pxm7,joy,joy,0.0052134176,0.00079813605,0.0005782166,0.98561305,0.0045631537,0.003233996
ed6qw4q,joy,joy,0.0017530714,0.00072140375,0.0004808182,0.99441755,0.0010418975,0.0015851739
ed6r4ra,joy,joy,0.031030461,0.0015857251,0.001695383,0.9509471,0.004260784,0.010480479
ed6rd1b,joy,joy,0.0014696658,0.00055994163,0.0005740143,0.9947411,0.0007411145,0.0019141586
ed6rggk,joy,joy,0.0013721827,0.0006693597,0.0005043955,0.9926333,0.00074835727,0.004072411
ed6rir0,anger,anger,0.9609042,0.007858652,0.0018135105,0.013071355,0.005352309,0.010999934
ed6ul2b,anger,anger,0.9139967,0.061025474,0.00528414,0.0057516936,0.00979799,0.004143965
ed6um9g,joy,joy,0.004150157,0.0008031938,0.0012647043,0.9838389,0.0019756625,0.007967366
ed6vidl,anger,anger,0.9027928,0.06501534,0.0055715614,0.00453395,0.010593203,0.011493215
ed6xmfq,anger,joy,0.0032295156,0.0006830038,0.0007101907,0.989488,0.0010520772,0.004837271
ed6xtbd,surprise,surprise,0.014186975,0.0038433655,0.004558441,0.011571659,0.008001736,0.95783776
ed6ybvx,joy,joy,0.001470017,0.0006387927,0.00055073824,0.99312264,0.0007263325,0.0034914736
ed6ydx6,joy,joy,0.0020824461,0.0007462923,0.0005729936,0.98562974,0.0011656169,0.009802864
ed6zn5o,joy,joy,0.0038351794,0.00079827255,0.0012381233,0.9866253,0.0032729672,0.004230151
ed6znzl,anger,sadness,0.29399535,0.1840893,0.05730566,0.009511868,0.42186296,0.03323496
ed6zrk9,joy,joy,0.017873703,0.0017080413,0.0009940334,0.97385234,0.0031399182,0.0024320837
ed6zuzu,surprise,surprise,0.007704002,0.0031264385,0.0035428859,0.035810046,0.006633317,0.94318336
ed70lwg,anger,anger,0.8050375,0.011658462,0.0034714541,0.1665295,0.008842129,0.0044610184
ed71eue,joy,anger,0.25073296,0.023543008,0.071131326,0.22933343,0.22210814,0.20315114
ed72fq8,joy,joy,0.0016074154,0.0006200828,0.000676511,0.99405223,0.0009842608,0.0020594057
ed72i91,joy,joy,0.0028110181,0.0036070154,0.024415988,0.8591988,0.018919006,0.09104814
ed742s9,anger,anger,0.52644295,0.0058425553,0.0049960064,0.31708756,0.026375769,0.119255185
ed74bwo,sadness,joy,0.004493563,0.0005918377,0.00046812548,0.9897433,0.0016695223,0.0030335975
ed75h49,joy,joy,0.0017826877,0.0006399753,0.00075138465,0.9941338,0.0009309579,0.0017612888
ed75mwq,joy,joy,0.0012785465,0.00064183195,0.0005544624,0.99526274,0.0008075082,0.0014548405
ed75n7b,surprise,fear,0.04418813,0.05113297,0.7698772,0.017274689,0.0377803,0.07974669
ed76wz1,anger,joy,0.007991337,0.0013236078,0.0018915657,0.9178665,0.005863369,0.06506364
ed76ymh,surprise,surprise,0.023346698,0.0027639112,0.0030925511,0.27456114,0.0095518585,0.6866839
ed771hj,anger,anger,0.9486377,0.030556766,0.0033010778,0.0060647675,0.008544256,0.002895374
ed77vlt,joy,joy,0.0019735466,0.00062363263,0.0009554549,0.9896695,0.0019251104,0.0048527466
ed789j9,anger,joy,0.0013021834,0.0006958808,0.0007172032,0.9916821,0.0014635968,0.004139127
ed789oa,anger,anger,0.9158721,0.035533354,0.0033854207,0.0066284835,0.035375815,0.003204824
ed78e4a,joy,joy,0.0015499466,0.0007172607,0.00055937114,0.9943039,0.0007904306,0.0020791288
ed78zbr,joy,joy,0.0015776737,0.00070042734,0.00047356822,0.99456054,0.0007785098,0.0019092319
ed798hs,joy,joy,0.0017488725,0.00067847525,0.0005012207,0.99434584,0.0007737189,0.0019518725
ed79vgg,joy,joy,0.0011489347,0.0006365162,0.00054756337,0.9948409,0.00071615254,0.0021098997
ed79wg9,joy,joy,0.0037122564,0.0020207744,0.011238347,0.939265,0.0032011939,0.040562473
ed7a6xm,joy,joy,0.098971725,0.0021449553,0.0015172345,0.88149947,0.00865648,0.0072101047
ed7dhq6,joy,joy,0.0013570088,0.0006481198,0.0005041998,0.9941719,0.0007055959,0.0026131936
ed7dq81,joy,joy,0.014814576,0.00179054,0.0025904716,0.9665077,0.0060506384,0.008246052
ed7e2hj,joy,joy,0.01583103,0.0010997079,0.0014499198,0.9264034,0.006816703,0.048399173
ed7fxqb,joy,joy,0.0021404247,0.00062721246,0.00043338828,0.99285346,0.0007569682,0.003188542
ed7g3d1,joy,joy,0.001301702,0.0006725126,0.0006044601,0.9945028,0.0009662515,0.0019522726
ed7gmxc,joy,joy,0.0012397924,0.0005856965,0.0005708149,0.9931941,0.001124874,0.0032847312
ed7hzmm,joy,joy,0.0014262695,0.0007501976,0.0006405906,0.9942036,0.0006633958,0.0023158325
ed7ifbd,anger,joy,0.01901186,0.0031665561,0.0022954892,0.9553267,0.016579965,0.003619438
ed7ih9j,joy,joy,0.0017457082,0.000687598,0.0005415993,0.99444747,0.0008980083,0.0016796023
ed7in74,joy,joy,0.00077876705,0.0005624483,0.00081799144,0.9944291,0.001657478,0.0017542482
ed7iob0,sadness,sadness,0.017318185,0.017316412,0.022776863,0.005638497,0.9288344,0.008115727
ed7j682,anger,anger,0.9719212,0.012036074,0.002076183,0.0048052943,0.0045021675,0.0046591368
ed7k2l8,surprise,surprise,0.010126306,0.002412914,0.0025389942,0.0829328,0.0075534163,0.89443547
ed7k2zr,sadness,anger,0.5172718,0.26912597,0.09276761,0.008487598,0.09742068,0.01492636
ed7kjyz,anger,anger,0.9068886,0.06095137,0.011823167,0.0036801565,0.012191817,0.004464894
ed7nsgn,joy,joy,0.0021824574,0.0011329227,0.0012987184,0.9914009,0.0009128419,0.0030722038
ed7o351,surprise,surprise,0.007075536,0.0022640603,0.0031869456,0.0081940815,0.0060074064,0.9732719
ed7oedr,joy,joy,0.0015299242,0.0007111396,0.00047556567,0.99415743,0.0007332152,0.0023926906
ed7okk7,joy,joy,0.0030197217,0.0006697031,0.0008083032,0.99114335,0.002213368,0.0021455735
ed7q8la,sadness,sadness,0.05343948,0.015846005,0.014490935,0.008716669,0.89763844,0.009868516
ed7qnc8,joy,joy,0.0016145703,0.00081031455,0.00077441084,0.99121135,0.00096756505,0.004621774
ed7r36s,joy,anger,0.9594496,0.008054749,0.0026138271,0.01580115,0.009377439,0.0047032475
ed7rdog,fear,fear,0.019570662,0.032314476,0.80844855,0.020769445,0.08089724,0.037999593
ed7rdvg,surprise,surprise,0.00880546,0.0034652737,0.0038289048,0.29367784,0.0062937173,0.68392885
ed7t6le,anger,anger,0.5277329,0.010426217,0.0040541943,0.4156586,0.009454897,0.03267314
ed7t8y6,joy,joy,0.0022162052,0.0011388286,0.0009475063,0.9914684,0.00092323613,0.0033057786
ed7uq8z,anger,anger,0.87844926,0.07708423,0.019029075,0.003755653,0.008675686,0.013006153
ed7uvgp,anger,anger,0.92938125,0.0107160015,0.003198121,0.038558003,0.014839364,0.003307294
ed7vich,joy,joy,0.0017452943,0.00087956735,0.00072820147,0.9937297,0.00076422945,0.0021530236
ed7vrbb,joy,joy,0.0013525051,0.00065745076,0.00049516314,0.9948578,0.0008304974,0.0018066305
ed7wr4n,sadness,joy,0.2250584,0.014331059,0.010173806,0.38960573,0.094004795,0.26682615
ed7wzat,joy,joy,0.0028655054,0.00050964963,0.00050791446,0.9873378,0.0013944518,0.0073845433
ed7x1dv,joy,surprise,0.0090034045,0.0029331865,0.0028178412,0.1216219,0.0071926396,0.856431
ed7y785,joy,joy,0.001850425,0.0007648974,0.0006811522,0.9938804,0.000877116,0.0019460828
ed7yt94,surprise,surprise,0.0097278515,0.0029702259,0.0033159493,0.0072414596,0.0056804563,0.971064
ed7zetw,joy,joy,0.0028286094,0.00060212624,0.0004893938,0.989899,0.0017592078,0.0044217054
ed80ht2,anger,anger,0.6564465,0.008607756,0.006254383,0.12122735,0.099655025,0.10780889
ed81ent,joy,joy,0.0019654327,0.00044235314,0.00050024746,0.9897956,0.0010582233,0.0062381974
ed81s2q,joy,joy,0.0023260615,0.0006799627,0.0005427716,0.99382,0.00090794254,0.0017232145
ed834kd,surprise,surprise,0.0052788,0.0027661363,0.0051618577,0.0057906513,0.0053892815,0.9756133
ed84nf6,joy,joy,0.0015219162,0.0005898289,0.00055029365,0.99364203,0.0008338992,0.002862042
ed84prk,joy,joy,0.0013656169,0.0005555332,0.00057817873,0.9922283,0.0012022869,0.0040699984
ed84ryl,anger,anger,0.9639324,0.008885587,0.0021251151,0.0083324155,0.006125362,0.010599131
ed852ln,joy,joy,0.10303566,0.0040099993,0.0038215125,0.83707106,0.03890281,0.013158976
ed85llg,surprise,surprise,0.006395201,0.0026312342,0.004036555,0.005487607,0.0065694903,0.97487986
ed8a2j2,joy,anger,0.81496966,0.012893991,0.0034696574,0.13782781,0.023456238,0.0073825805
ed8a2zl,fear,surprise,0.008800931,0.0023855213,0.0033186867,0.014418091,0.005652142,0.9654247
ed8a5c4,joy,joy,0.002258817,0.00065463653,0.0005103334,0.9905284,0.00084165204,0.0052062054
ed8aq1x,joy,joy,0.0015460975,0.000535148,0.0004361353,0.99439985,0.0012799507,0.0018028247
ed8b4pl,joy,joy,0.0018015894,0.00057286484,0.00048351125,0.9943082,0.00084203423,0.0019919463
ed8c3bc,surprise,surprise,0.005102301,0.0021360875,0.0031023212,0.020729193,0.004972757,0.9639573
ed8cb35,joy,joy,0.0014546632,0.00065559655,0.0005406132,0.994994,0.0007243261,0.00163084
ed8dk2l,joy,surprise,0.03130165,0.010481748,0.0077761402,0.017605621,0.06986046,0.8629743
ed8dyzo,anger,joy,0.04593904,0.004501235,0.003983933,0.9275316,0.007341375,0.010702796
ed8ezdf,surprise,surprise,0.018533597,0.0023562582,0.0025276516,0.062401105,0.008630172,0.9055512
ed8f6ed,joy,joy,0.0008989243,0.0006072726,0.00067818037,0.9950537,0.0009757075,0.001786228
ed8ffzr,surprise,joy,0.0062430752,0.0012955879,0.0014316889,0.9324262,0.0024873968,0.056116056
ed8hpi6,joy,joy,0.0015532231,0.0008104182,0.00053541624,0.99447954,0.0007138717,0.0019074548
ed8j9f1,joy,sadness,0.12637773,0.046158586,0.020486774,0.010835996,0.78541565,0.010725331
ed8ja96,anger,joy,0.09062791,0.005729593,0.0027902403,0.7711665,0.024354208,0.1053316
ed8khhp,surprise,surprise,0.05622698,0.00872988,0.024033664,0.14236036,0.04812451,0.72052467
ed8kkru,sadness,joy,0.0029992035,0.0015180993,0.0034442162,0.960083,0.027949601,0.0040058964
ed8kqr6,anger,anger,0.9120082,0.00971356,0.0041037826,0.024640838,0.020721788,0.028811822
ed8l11g,joy,joy,0.0022907995,0.00079998444,0.0006167727,0.9899025,0.004663954,0.0017260147
ed8ma5b,joy,joy,0.0019039839,0.0006444606,0.0005186796,0.99374735,0.00083180127,0.0023537704
ed8mfs6,joy,joy,0.0010444741,0.00062056025,0.0006892247,0.9950539,0.00088142673,0.0017104323
ed8n4fx,anger,anger,0.8636425,0.014914671,0.0060201413,0.026468318,0.016438527,0.07251592
ed8owug,surprise,surprise,0.008033122,0.0029766846,0.0035255125,0.006182943,0.006276002,0.97300583
ed8ph77,joy,joy,0.001671937,0.00066028454,0.00042489544,0.99460596,0.0008874354,0.0017494783
ed8ppdm,sadness,sadness,0.011062089,0.008331042,0.011566483,0.011702954,0.94998866,0.0073487107
ed8prm1,joy,joy,0.0022339358,0.0006865737,0.0009426066,0.988958,0.0031151322,0.0040636873
ed8pz0b,surprise,joy,0.008722088,0.0012035816,0.0009966212,0.9394449,0.0018556103,0.04777722
ed8qg1b,joy,joy,0.0014608698,0.0005975883,0.00050481106,0.9941837,0.00074724475,0.0025057138
ed8qrpt,joy,joy,0.0018564352,0.0006365176,0.0008821918,0.9918656,0.0020183756,0.0027408756
ed8r2a0,sadness,joy,0.010707103,0.0021634737,0.0050302753,0.94709224,0.028078191,0.006928724
ed8r4ip,surprise,surprise,0.009265507,0.0025684405,0.0028239796,0.011196368,0.0047476683,0.969398
ed8rl4h,sadness,surprise,0.32219273,0.022168633,0.013601319,0.01391726,0.18472399,0.44339615
ed8snbd,joy,joy,0.002190453,0.0008027656,0.0013240398,0.9884673,0.0022328603,0.0049825227
ed8srqm,joy,joy,0.0010199546,0.0006450059,0.0006666608,0.99419796,0.0007164993,0.0027539139
ed8t0es,sadness,sadness,0.01629634,0.0079466645,0.0069277766,0.049682654,0.90969265,0.0094538955
ed8tc9g,joy,joy,0.0010850991,0.0006609405,0.0009041203,0.99302554,0.0008221659,0.0035021282
ed8tvqs,fear,joy,0.006235305,0.0034800048,0.005409296,0.6941592,0.0068391687,0.28387702
ed8v5nu,joy,joy,0.00909367,0.0014778259,0.0010579372,0.9828384,0.0017492287,0.0037829382
ed8vrmf,joy,joy,0.003912331,0.00074784737,0.0005437263,0.9899648,0.0024617095,0.0023696255
ed8w7gr,anger,joy,0.0041535804,0.0009536049,0.0012870776,0.9801025,0.0022381458,0.011265149
ed8wbdn,joy,anger,0.6352475,0.011584239,0.0038273532,0.32952026,0.00874403,0.011076631
ed8wcui,surprise,surprise,0.025801726,0.0032408081,0.00489887,0.007947371,0.010978882,0.94713235
ed8x2fo,joy,anger,0.946726,0.009750077,0.0040024654,0.024811566,0.005821376,0.008888534
ed8x7f0,sadness,sadness,0.01885003,0.049620196,0.057131056,0.009552955,0.8524762,0.012369464
ed8y73y,joy,joy,0.0013796504,0.0007303879,0.0005543417,0.9942848,0.0008675044,0.0021832883
ed8yxv4,joy,joy,0.0031848839,0.00065983384,0.0005133825,0.99211067,0.0012796386,0.00225155
ed906jd,joy,joy,0.0010253445,0.0006621527,0.00061420863,0.99412847,0.00079798803,0.0027719098
ed90jf1,joy,joy,0.0020075082,0.0007869827,0.00049047347,0.99391997,0.00086338475,0.0019316598
ed92vsm,joy,joy,0.011825652,0.0015989374,0.0019721969,0.90594923,0.0033831885,0.075270854
ed945nb,anger,anger,0.87235016,0.097227894,0.0056083887,0.006830862,0.013764319,0.004218371
ed94fpa,joy,joy,0.0045197355,0.0019598622,0.003956171,0.9626368,0.0030506968,0.023876669
ed94pne,joy,joy,0.0014190872,0.00059920974,0.00052694743,0.9943229,0.0009791594,0.0021527512
ed9594m,sadness,sadness,0.01149059,0.0058583566,0.010120504,0.061882123,0.8985697,0.012078668
ed95rgs,anger,anger,0.70093685,0.018469725,0.0038143576,0.06154751,0.0328061,0.18242547
ed95s39,joy,joy,0.0012116578,0.0005968876,0.0007090832,0.9945604,0.001070602,0.0018514254
ed97dbu,surprise,surprise,0.017352318,0.0036951576,0.0032498261,0.013186314,0.006222839,0.9562935
ed97fbm,surprise,surprise,0.0054884246,0.0027690383,0.0055112643,0.008749435,0.0059082364,0.9715736
ed98itb,anger,anger,0.9398146,0.009612088,0.0024301321,0.013628032,0.008390867,0.026124211
ed9a9an,joy,joy,0.012313265,0.001270213,0.00067937624,0.9581349,0.0024027624,0.025199499
ed9ax77,joy,joy,0.0010966572,0.00076961674,0.00066921057,0.9935173,0.0007101576,0.0032370912
ed9b84g,fear,surprise,0.023220528,0.0045513534,0.0073857238,0.3223237,0.00908033,0.6334384
ed9bb1e,joy,joy,0.0024919268,0.0008302063,0.0009807694,0.9884179,0.0015515762,0.0057275333
ed9bjy1,anger,anger,0.93892,0.021507181,0.003704175,0.016535198,0.011650158,0.007683391
ed9bsv5,anger,anger,0.94645655,0.01818568,0.003231477,0.018895272,0.009136548,0.004094461
ed9d406,joy,joy,0.39512867,0.026759345,0.029368589,0.4331418,0.0498828,0.065718815
ed9draz,anger,anger,0.64154226,0.02118843,0.043291982,0.20204097,0.052568667,0.03936768
ed9du7w,joy,joy,0.0069510452,0.0008139094,0.001065957,0.973751,0.006247963,0.0111700855
ed9dxjx,joy,joy,0.0029787694,0.0008355842,0.0006345339,0.991102,0.0014672948,0.0029817962
ed9el2q,joy,joy,0.0040929117,0.0006327164,0.0005524348,0.9831639,0.0015202299,0.010037834
ed9ev0u,anger,anger,0.68077993,0.015981846,0.008938942,0.025056439,0.088902734,0.18034013
ed9fota,anger,surprise,0.36317807,0.013339296,0.0047219717,0.023921676,0.0198278,0.5750112
ed9fuw6,joy,joy,0.0016674737,0.00073404715,0.00050559366,0.99403137,0.0008107722,0.0022506635
ed9gnqk,joy,joy,0.0014991709,0.0007981887,0.0012246488,0.98899627,0.0051463796,0.0023353468
ed9hk24,surprise,surprise,0.011270712,0.0027670143,0.0034550084,0.005639186,0.0068999184,0.9699681
ed9i4ms,surprise,joy,0.002062491,0.0005643566,0.0006858355,0.991271,0.0031797795,0.0022366154
ed9i7wi,sadness,joy,0.012245073,0.0031104933,0.009494289,0.73632926,0.18321697,0.05560392
ed9iha9,joy,joy,0.0019174158,0.00092980894,0.0026399225,0.9834448,0.0060893632,0.00497877
ed9iq25,sadness,sadness,0.012913593,0.009411259,0.022197304,0.022406733,0.9184541,0.014617
ed9iqxx,anger,surprise,0.20713806,0.012394317,0.0049333638,0.011165794,0.019478682,0.7448898
ed9ja2v,surprise,surprise,0.011445344,0.0027556012,0.003192972,0.008639119,0.008440905,0.96552604
ed9ke46,surprise,surprise,0.013697972,0.002772607,0.0032422387,0.0055866055,0.008507455,0.9661931
ed9km8y,joy,surprise,0.009228721,0.0034913782,0.005596811,0.25509748,0.0062400894,0.72034544
ed9kn4h,fear,fear,0.16536969,0.2545488,0.41044927,0.012179664,0.101498075,0.05595448
ed9lggf,joy,joy,0.0017350535,0.0007129969,0.00045277918,0.9944148,0.00090350874,0.0017808295
ed9ml2t,joy,joy,0.0017004991,0.0005687092,0.00046830563,0.9938951,0.0011479207,0.0022193627
ed9mue6,joy,joy,0.0015347517,0.000632443,0.0007965753,0.99431,0.0011151419,0.0016110071
ed9n3uc,joy,joy,0.04428603,0.0049970085,0.0023381908,0.89035994,0.05373312,0.004285755
ed9o906,joy,joy,0.001184929,0.0007413951,0.0007216484,0.99401987,0.00073254865,0.0025996156
ed9p80l,sadness,sadness,0.008292228,0.0065728994,0.01501835,0.025228245,0.9354358,0.009452648
ed9q1ey,joy,joy,0.002570813,0.0005661687,0.00052748027,0.99264705,0.0011132136,0.0025753514
ed9qblv,anger,joy,0.018274998,0.0012563692,0.0012132699,0.96767867,0.004773474,0.0068032374
ed9rrmq,surprise,surprise,0.01756321,0.0025161994,0.003212745,0.014110327,0.008297482,0.9543001
ed9s8qe,fear,fear,0.018349336,0.037693247,0.7824624,0.02002563,0.112159714,0.029309658
ed9s9ql,joy,joy,0.0013776419,0.0007070447,0.000801529,0.992698,0.00083444803,0.0035813756
ed9sbjx,joy,joy,0.0018480577,0.0006357914,0.0005614648,0.99417865,0.00071873766,0.002057314
ed9se1o,anger,disgust,0.34633723,0.41470876,0.024872597,0.009998622,0.19192784,0.012154859
ed9si6l,joy,joy,0.005387213,0.00064889516,0.0005657163,0.9885628,0.0014587963,0.0033766197
ed9tcta,joy,joy,0.0015753746,0.0006569929,0.00046881777,0.9939336,0.00064864923,0.0027165858
ed9tg67,sadness,sadness,0.017324597,0.018701294,0.0179194,0.009249279,0.9321996,0.0046057687
ed9tlgg,surprise,surprise,0.007788621,0.0025033404,0.0032087737,0.006657363,0.0059011285,0.97394085
ed9tny7,sadness,sadness,0.008666886,0.01184367,0.019048017,0.006999581,0.9469074,0.006534517
ed9ugmn,anger,anger,0.85564476,0.10522146,0.009121303,0.009729502,0.017293362,0.0029895653
ed9v2fq,joy,joy,0.00097249326,0.0007868805,0.0013573727,0.98900735,0.005655909,0.0022200213
ed9va29,joy,joy,0.0023883574,0.0006872988,0.00061722414,0.9932381,0.00094279257,0.002126208
ed9vdyn,sadness,sadness,0.008048424,0.0072392034,0.012321125,0.014029888,0.95069915,0.0076622693
ed9vlt4,joy,joy,0.008743847,0.002920105,0.0037764662,0.6299588,0.005288648,0.34931222
ed9vrk8,joy,joy,0.0021535202,0.00091757305,0.00086612743,0.99183697,0.0009826764,0.003243137
ed9vzc6,joy,joy,0.031175438,0.0023465666,0.0012287839,0.94588023,0.012822827,0.0065462277
ed9wacu,joy,joy,0.001445752,0.0005391407,0.0005806514,0.9947189,0.00092343264,0.001792152
ed9wp1v,joy,joy,0.001583695,0.0005719273,0.00045028745,0.99354,0.00080433197,0.0030498514
ed9x205,joy,joy,0.022220261,0.0020740107,0.0024504843,0.96165234,0.0075144963,0.004088328
ed9x6oj,surprise,surprise,0.4263028,0.03574286,0.012511064,0.010555535,0.066791065,0.44809666
ed9x6ys,joy,joy,0.0021426694,0.0004907475,0.00046905267,0.9931035,0.001004965,0.0027890005
ed9xbtq,surprise,surprise,0.032881536,0.004051019,0.0032145865,0.010061407,0.013471338,0.9363201
ed9xljw,sadness,sadness,0.0060124495,0.006478375,0.014994592,0.012641852,0.95040953,0.009463228
ed9yczw,anger,anger,0.78171,0.012412109,0.0047741155,0.14736491,0.04535696,0.008381822
ed9yqux,surprise,surprise,0.019277332,0.003772683,0.0038589388,0.0050477674,0.007942168,0.9601011
eda0ay3,joy,joy,0.0014327413,0.0005844079,0.00054532633,0.99448264,0.0014291453,0.0015257605
eda0l6x,disgust,joy,0.036262657,0.036359735,0.07152628,0.54080474,0.30309072,0.01195588
eda0s71,joy,joy,0.0013666935,0.00062236853,0.0005367545,0.9942093,0.00065773906,0.0026072115
eda0z96,surprise,surprise,0.010199281,0.0031839989,0.0040131104,0.00478018,0.007427427,0.97039604
eda1rzm,joy,joy,0.16868114,0.016816184,0.0037171855,0.65698606,0.14497244,0.008827006
eda1v2b,joy,joy,0.016333655,0.0017398893,0.002467395,0.9551276,0.01595555,0.008375952
eda1xr0,joy,joy,0.0012575684,0.00057179586,0.00053745456,0.9948251,0.0009390929,0.0018689999
eda29ux,joy,joy,0.0026051297,0.0007328192,0.00048251142,0.99310607,0.0008207781,0.0022526314
eda2et3,joy,joy,0.001318765,0.00066367845,0.00076365296,0.9936645,0.00089552824,0.002693889
eda2j5f,surprise,surprise,0.007268425,0.0023740432,0.00346348,0.005632279,0.0066194595,0.97464234
eda2ojj,joy,joy,0.0101638725,0.0026940883,0.0018706359,0.9797432,0.0026709742,0.002857266
eda2umi,joy,joy,0.0014604515,0.0006206265,0.00045183607,0.9946079,0.00088025146,0.00197878
eda36is,surprise,joy,0.008148392,0.002929454,0.002699756,0.6893813,0.0054024304,0.2914387
eda379g,joy,joy,0.006295481,0.00083767733,0.00058864715,0.988399,0.0015367477,0.0023423387
eda3kjv,joy,joy,0.0014089949,0.000498319,0.0006190308,0.9933477,0.0014844779,0.0026415116
eda3o0v,surprise,surprise,0.004796451,0.0021370973,0.0031944413,0.009445353,0.005087025,0.9753396
eda4fz8,anger,disgust,0.3703106,0.39009917,0.03955283,0.013937573,0.18001315,0.006086685
eda5wrg,joy,joy,0.0044600875,0.00080392166,0.00059954857,0.9910437,0.0013704394,0.0017222512
eda6oxu,joy,joy,0.001973008,0.00075238536,0.0005623092,0.993522,0.0011137412,0.0020765467
eda6ps6,joy,joy,0.00093078305,0.0007527568,0.00094834034,0.99348974,0.0008026932,0.0030757037
eda6snp,sadness,sadness,0.03165019,0.11585691,0.053179573,0.021061625,0.69600576,0.08224595
eda72p2,joy,joy,0.0016375643,0.0006505635,0.00055670546,0.99439925,0.0008349782,0.0019210121
eda73bz,surprise,sadness,0.008645747,0.006407128,0.014282439,0.02012802,0.910051,0.040485676
eda7mhs,joy,joy,0.0012418804,0.00069703243,0.0006172509,0.99461865,0.0007160363,0.00210916
eda7r6p,joy,joy,0.004980853,0.0007823921,0.0006385178,0.9825262,0.0009220007,0.010150034
eda86hg,joy,joy,0.001987182,0.0005823291,0.00038842717,0.9945372,0.0009863365,0.0015185256
eda8yr3,joy,joy,0.0014263027,0.0005492199,0.00043923807,0.9947417,0.00084831036,0.0019952357
eda94ey,joy,joy,0.0018975677,0.0006069686,0.00048084775,0.99366343,0.0006513394,0.0026999663
eda9a2v,joy,sadness,0.41597053,0.10658309,0.008733737,0.030439753,0.42901424,0.009258629
eda9o9n,anger,joy,0.010410653,0.002188404,0.0032941925,0.6377697,0.0082357405,0.33810133
edac89h,surprise,surprise,0.015271729,0.004711393,0.0061128405,0.011407462,0.03543497,0.9270615
edaclnn,sadness,anger,0.7022363,0.08567691,0.011877165,0.010411013,0.18336137,0.0064372765
edad65q,anger,anger,0.95514023,0.00974729,0.0033103966,0.022674471,0.005389216,0.003738421
edadwra,surprise,surprise,0.0051118485,0.0024516894,0.0036743095,0.009800089,0.004732051,0.97422993
edae4oq,joy,joy,0.029485738,0.0022683728,0.0029469028,0.94658875,0.00893552,0.009774687
edaeifc,joy,joy,0.0020320124,0.00058614026,0.00054561516,0.99383104,0.0007851821,0.0022200684
edaeja3,anger,anger,0.66342705,0.03656571,0.0068617794,0.017245157,0.025548525,0.25035173
edaf2k0,joy,joy,0.0011127497,0.00066408416,0.0005955083,0.99348843,0.0006705758,0.0034686287
edafeh3,joy,joy,0.0035292425,0.0007490588,0.0005402063,0.9923194,0.000994394,0.0018676977
edafnd4,joy,joy,0.001525512,0.00067984156,0.00047255366,0.9946792,0.00081986486,0.0018230152
edafycb,anger,sadness,0.015497168,0.040440794,0.09789083,0.013794756,0.8137928,0.018583644
edagiq0,anger,anger,0.79012346,0.020877345,0.005033401,0.008093337,0.014072007,0.16180046
edahcsp,fear,fear,0.018504204,0.031803474,0.7671654,0.017427418,0.12809406,0.037005376
edahfis,anger,joy,0.020563053,0.0014643322,0.0019998876,0.9649438,0.004324378,0.006704524
edahpld,joy,joy,0.0012087675,0.00061861007,0.00068698375,0.9948695,0.0008430932,0.001772984
edailua,joy,joy,0.0023967195,0.0006336661,0.00045752845,0.9924171,0.0009645829,0.0031304045
edaj4wr,sadness,sadness,0.005597772,0.0065689515,0.0118517,0.009822943,0.9516367,0.014521926
edanfr2,joy,joy,0.0013989705,0.0008956258,0.0005861677,0.99431074,0.0008714952,0.0019369886
edao1af,joy,joy,0.0013768707,0.00068086846,0.0005777899,0.99454993,0.00077472243,0.0020398656
edapcoj,joy,joy,0.001063592,0.0005131804,0.00081928755,0.9932729,0.0023325682,0.0019984466
edapdmw,surprise,surprise,0.0064921197,0.0034269665,0.007163969,0.33002368,0.012248143,0.6406451
edapo1l,anger,anger,0.9412879,0.0064354343,0.003778457,0.019678628,0.009519721,0.019299878
edaq4ff,fear,sadness,0.07098777,0.012041565,0.03267308,0.16810404,0.5818655,0.13432805
edar26i,joy,joy,0.06979945,0.0035988844,0.0013292998,0.88688844,0.020937221,0.01744673
edar45c,sadness,sadness,0.006627856,0.006853086,0.010970801,0.016486015,0.9517382,0.0073241093
edarftv,anger,joy,0.3088703,0.0058376067,0.0046086875,0.6442192,0.017310908,0.019153237
edasil4,anger,sadness,0.06674154,0.049333595,0.10973977,0.08374856,0.6515571,0.038879395
edasvri,joy,joy,0.0012754715,0.0006799285,0.000544881,0.9952182,0.0007190879,0.0015623926
edat20u,joy,joy,0.005031835,0.0006829202,0.0006735442,0.99024,0.0012638497,0.0021079443
edauqtr,joy,joy,0.0028117925,0.00061530975,0.00045544608,0.99039876,0.001824427,0.0038942867
edauvy5,anger,joy,0.0953804,0.0066427016,0.00861647,0.8306416,0.032559834,0.026159007
edav9d9,joy,joy,0.000880198,0.00082114665,0.00096120493,0.9934853,0.000998769,0.0028534941
edawvau,sadness,joy,0.031816386,0.015207251,0.1022987,0.70684266,0.11603131,0.027803704
edawyul,disgust,anger,0.48840985,0.14284885,0.024844708,0.017091554,0.3220012,0.0048039174
eday23l,anger,sadness,0.34393698,0.026393853,0.014804661,0.016366143,0.5842873,0.014211099
edayn8h,joy,joy,0.0016500691,0.00065174483,0.00059029175,0.99392503,0.00064913736,0.002533746
edaz1g3,joy,joy,0.0010265491,0.00059697626,0.00057195546,0.99497896,0.0011060736,0.0017194571
edb0010,sadness,sadness,0.016413104,0.022788754,0.049603175,0.018343687,0.87712574,0.015725458
edb05r9,sadness,joy,0.023091001,0.0012856745,0.00058923295,0.953673,0.005683026,0.015678098
edb0aie,joy,joy,0.0017499474,0.0007884397,0.0008676477,0.9919594,0.0010945968,0.0035399501
edb0t57,sadness,sadness,0.07793156,0.1467727,0.113426045,0.0152114825,0.63343626,0.013221953
edb1181,joy,joy,0.0010550409,0.00058170664,0.0006113848,0.99488586,0.0010316481,0.0018344328
edb12rg,joy,joy,0.012765126,0.0018320421,0.003221413,0.91876876,0.0388403,0.024572354
edb2koh,joy,joy,0.010743307,0.0012935244,0.0016734973,0.9730376,0.0027954336,0.010456671
edb32c8,surprise,surprise,0.041695926,0.009042109,0.032803137,0.052896652,0.10530172,0.75826037
edb5q30,anger,joy,0.18992934,0.0058383434,0.0042864974,0.53094935,0.16775653,0.10123993
edb82pz,joy,anger,0.7993841,0.008758396,0.0068023927,0.06501354,0.015250508,0.1047911
edb8980,anger,anger,0.9591795,0.008414117,0.0015037409,0.022410884,0.005482441,0.003009321
edb8jq3,anger,anger,0.93705446,0.042064186,0.004175559,0.004746983,0.007626409,0.0043324926
edb8opj,joy,joy,0.0020115997,0.00059551897,0.00052480464,0.98842794,0.0010054146,0.007434665
edb9chd,joy,surprise,0.30327532,0.009425435,0.0064613693,0.16201484,0.065015465,0.4538076
edb9iph,joy,joy,0.0015562115,0.00076864206,0.00064198166,0.9934369,0.0008257197,0.0027705852
edb9zcg,surprise,surprise,0.005374906,0.0034005719,0.006205808,0.008722704,0.0076800655,0.968616
edbbnj9,joy,joy,0.0021760613,0.00066110276,0.00051879144,0.99407876,0.000863307,0.001701936
edbbwc0,surprise,surprise,0.1795354,0.012416356,0.01912776,0.040060494,0.18456903,0.564291
edbc6cb,joy,joy,0.0013984011,0.00083504175,0.0007624194,0.9924816,0.00072500296,0.0037976536
edbc6vs,anger,anger,0.9461563,0.011172287,0.0028277454,0.009789584,0.005481497,0.024572464
edbd221,anger,sadness,0.31343478,0.015483148,0.012019363,0.07981816,0.5265158,0.052728795
edbdkc0,surprise,surprise,0.014100813,0.0032251035,0.003733843,0.2083605,0.006411105,0.7641687
edbdtxe,joy,anger,0.7687523,0.006087597,0.0061331494,0.17878081,0.013014449,0.027231785
edbfrmc,surprise,joy,0.015474996,0.004949163,0.012806605,0.51357746,0.15991344,0.2932783
edbger6,joy,joy,0.0030662918,0.00065584906,0.0006639348,0.98423684,0.0011491671,0.010227891
edbgls5,sadness,sadness,0.010872596,0.012281243,0.008101238,0.0056501226,0.9541542,0.008940654
edbh6xs,joy,joy,0.00293804,0.001019733,0.0012055294,0.989929,0.0013178142,0.0035898904
edbhhsz,surprise,surprise,0.02241518,0.0031017659,0.0026044566,0.013970659,0.0067377915,0.9511701
edbhp4a,joy,surprise,0.018320054,0.0036011355,0.004316008,0.39415866,0.011233329,0.5683708
edbi2sj,joy,joy,0.0012593828,0.0006860702,0.0006518739,0.9945058,0.0012953908,0.0016014692
edbij5y,joy,joy,0.0013281854,0.0009513646,0.0016278033,0.9922083,0.0012387454,0.002645698
edbj7q5,surprise,surprise,0.0051382747,0.0027003065,0.004264431,0.0065065688,0.006432967,0.97495747
edbj8cc,joy,fear,0.01614867,0.027115433,0.7766428,0.024289018,0.10699869,0.048805382
edbkh9e,anger,anger,0.74633086,0.0068266625,0.00357593,0.17986697,0.01767979,0.04571983
edbkwjs,joy,joy,0.001303566,0.0006150687,0.00052186317,0.9949951,0.0007617009,0.0018025858
edblvyy,joy,joy,0.0018735981,0.0006247653,0.00042431234,0.99339265,0.0008918877,0.0027927288
edbnqz4,joy,joy,0.0015261164,0.00058245385,0.00042183622,0.9946359,0.00093833293,0.0018953995
edbo3pj,joy,joy,0.001523322,0.00056705414,0.00050131575,0.994142,0.0007438962,0.0025224094
edbopoo,joy,joy,0.001058676,0.00059570215,0.0006911152,0.99480504,0.001215077,0.0016343313
edbpaxt,sadness,sadness,0.20777723,0.017394252,0.009889002,0.09370662,0.642186,0.029046938
edbrmlc,joy,joy,0.0014415656,0.0006281011,0.0004100582,0.99439764,0.000905269,0.0022174057
edbs01s,surprise,surprise,0.008282783,0.0026278263,0.0037179142,0.005296883,0.0056367256,0.97443783
edbs60w,joy,joy,0.0028894274,0.0007782549,0.0004720872,0.9929443,0.0009092125,0.0020066623
edbs9ek,joy,joy,0.0008864513,0.0006165721,0.00073249504,0.99433666,0.0018048794,0.0016228523
edbsb5d,joy,joy,0.0015858766,0.0005583385,0.00041295367,0.9946301,0.00092188077,0.0018908479
edbtn4k,surprise,surprise,0.20180498,0.0068037147,0.003235022,0.02653703,0.021349058,0.7402702
edbtv81,joy,joy,0.0013936085,0.0006206842,0.0006475522,0.99456996,0.00089562696,0.0018725789
edbufq5,sadness,sadness,0.0076729544,0.0075083133,0.010834344,0.018209353,0.9488285,0.0069464594
edbuhuq,joy,surprise,0.023936236,0.0033155065,0.0038847872,0.15389623,0.008612569,0.80635464
edbv52u,joy,joy,0.19874975,0.0048009367,0.0017271517,0.77846235,0.00994984,0.0063100406
edbvk03,sadness,fear,0.015886448,0.028781522,0.64359254,0.034735408,0.22471768,0.05228644
edbwqxk,sadness,surprise,0.036636487,0.011661483,0.03444921,0.03965031,0.1367112,0.7408914
edbyfsl,sadness,sadness,0.013612024,0.008425682,0.011222323,0.017979711,0.9403625,0.008397677
edc00ec,joy,joy,0.00096660916,0.0005931708,0.00079347857,0.99362683,0.0013018751,0.002718031
edc0k4g,joy,joy,0.0016280698,0.00065741525,0.0008285556,0.987683,0.0013600251,0.007842897
edc1215,joy,joy,0.0012724092,0.00059966376,0.00048770357,0.99421495,0.0012713353,0.0021538911
edc31f3,joy,joy,0.005474292,0.0013960489,0.0018300018,0.98446816,0.0039143567,0.0029171205
edc32e2,joy,surprise,0.16320996,0.0068345615,0.009514276,0.37384304,0.061855502,0.38474268
edc37yv,anger,sadness,0.10341008,0.189896,0.040304944,0.022353277,0.6375312,0.0065044216
edc3l8g,joy,anger,0.7028603,0.039845083,0.0087558,0.06060557,0.18119495,0.006738314
edc3sra,joy,joy,0.0023345824,0.0007918307,0.0020473269,0.98836845,0.0025595587,0.0038982243
edc4l1j,fear,joy,0.13460566,0.021376723,0.15019633,0.5086108,0.023914365,0.16129616
edc4l2f,surprise,surprise,0.028301397,0.0075766235,0.014371263,0.07464041,0.019920753,0.85518956
edc4t6p,anger,anger,0.9588393,0.008496449,0.0014606552,0.019166013,0.0071970024,0.0048406576
edc664g,joy,joy,0.0009920271,0.0005672916,0.000542789,0.99515414,0.0010309382,0.0017128459
edc7t96,anger,anger,0.84229845,0.011031174,0.0063967253,0.07641687,0.009414086,0.054442666
edc82vb,joy,joy,0.00202747,0.0005945779,0.00067638553,0.9901518,0.0019460612,0.004603742
edc8gjx,joy,joy,0.0011603895,0.0005759133,0.0007590204,0.99323976,0.0011748027,0.0030901225
edc8obg,joy,joy,0.0027953493,0.0008174086,0.0005616716,0.99284524,0.0009828797,0.0019974697
edc8vp2,sadness,joy,0.046954002,0.0042631575,0.0065999073,0.7089346,0.08179497,0.15145339
edc97k2,anger,anger,0.9502496,0.01118178,0.002267246,0.010256707,0.010841909,0.015202672
edc97vm,anger,joy,0.13415408,0.005268348,0.0041212896,0.8199252,0.010824845,0.025706192
edc99tj,anger,surprise,0.034587096,0.0037474846,0.0029552523,0.055191528,0.02540453,0.8781141
edcb15c,joy,joy,0.0011908069,0.00074099825,0.0006832798,0.9943309,0.00078598014,0.00226815
edcb1xh,joy,joy,0.0030351034,0.00080717175,0.0011125911,0.9798075,0.0023224377,0.01291518
edcbdr7,joy,joy,0.0012230314,0.000589764,0.0005946532,0.99422413,0.001317756,0.0020506508
edcbftr,joy,joy,0.0012703153,0.0006903015,0.0005935853,0.994467,0.00088941806,0.0020893903
edcbp40,anger,anger,0.966851,0.010416822,0.0018356768,0.011067889,0.0060342206,0.0037943632
edccc9t,surprise,surprise,0.009419,0.0027082388,0.003516833,0.01289516,0.008457038,0.96300375
edcd3k2,joy,joy,0.0037729833,0.00080137746,0.00069969316,0.98975414,0.0014136886,0.0035580331
edcdbo8,disgust,anger,0.5402079,0.02651195,0.013314322,0.16267677,0.24882565,0.008463451
edcdy5e,surprise,surprise,0.05176563,0.006720148,0.0058521037,0.019730443,0.0278941,0.8880377
edce83s,surprise,anger,0.53852063,0.013858538,0.0035210904,0.20813112,0.15050547,0.08546316
edcey51,joy,joy,0.0065806247,0.0011801854,0.0039003752,0.96071774,0.020946823,0.006674279
edcfv20,joy,joy,0.0016624669,0.00092809665,0.0016965047,0.9894894,0.0019748893,0.0042486987
edcg0uu,joy,joy,0.0027671705,0.001693346,0.0026429973,0.9330171,0.0019744388,0.057904992
edchv04,surprise,surprise,0.00872572,0.010360834,0.04659053,0.029341629,0.10187043,0.8031109
edckbco,sadness,anger,0.964031,0.010473591,0.0014217735,0.010275271,0.008105847,0.005692528
edckk6p,sadness,sadness,0.00672448,0.0064348415,0.011171777,0.010126711,0.95825213,0.007290018
edcl4gl,joy,joy,0.0017953701,0.00074665324,0.00063471973,0.99309313,0.00091965025,0.0028105371
edcl7vt,joy,joy,0.0028562064,0.0008328658,0.00092607696,0.98992175,0.001385754,0.0040773298
edcltjm,joy,joy,0.0019638815,0.00068435294,0.00066408305,0.99220055,0.00084801594,0.003639146
edclxfh,anger,anger,0.64446884,0.10296622,0.0063795573,0.023063578,0.21705419,0.006067686
edclzyv,joy,joy,0.0013871439,0.0007484889,0.0009282673,0.9933529,0.00082679244,0.00275644
edcm44d,joy,fear,0.13310407,0.06364134,0.40790984,0.08109183,0.2393925,0.07486043
edcmhdm,sadness,sadness,0.008891596,0.025785865,0.13219792,0.012861767,0.75515383,0.06510907
edcnlhd,anger,surprise,0.036644075,0.0066225235,0.0060188575,0.016432561,0.021249183,0.9130328
edcnsgk,joy,joy,0.0009924202,0.00067500887,0.00095810834,0.9933298,0.0010970632,0.002947525
edco2wn,joy,joy,0.0020326187,0.00061627646,0.0005523882,0.99399686,0.000932192,0.0018695715
edcoull,joy,joy,0.001204163,0.0005557234,0.0005200693,0.9950412,0.0008616485,0.0018172591
edcpx85,joy,joy,0.0015272702,0.00062949397,0.001083903,0.99050355,0.0025385255,0.0037173328
edcq85a,joy,joy,0.001737107,0.0008229584,0.00073156,0.99406,0.0007312364,0.0019171918
edcqf5m,sadness,sadness,0.0055865324,0.008196094,0.014850533,0.00963347,0.9537496,0.007983801
edcqldi,joy,joy,0.0015446995,0.00089286943,0.00079309795,0.99362385,0.00090835564,0.0022370955
edcqznz,joy,anger,0.7007307,0.00734323,0.0032828616,0.20839274,0.020468099,0.05978241
edcrbbw,joy,joy,0.0016066792,0.0007418359,0.00057743146,0.99426234,0.00074161985,0.0020702076
edcs9ap,anger,anger,0.8414702,0.006280663,0.004331616,0.11711225,0.011807028,0.018998219
edcsadm,anger,anger,0.9250229,0.0189659,0.0055351965,0.0061013177,0.0062994864,0.038075283
edcsp2t,fear,fear,0.01677944,0.03642134,0.79159707,0.016231209,0.107752785,0.031218166
edcsxvx,anger,anger,0.9123659,0.03310072,0.004117812,0.012362913,0.03237376,0.0056787585
edcsyti,joy,joy,0.0012480948,0.00061049894,0.0005633526,0.9915924,0.0009232416,0.0050623417
edct2hw,joy,joy,0.0015852838,0.00056742044,0.00060723355,0.9944594,0.00090647856,0.001874218
edcunta,sadness,sadness,0.10371638,0.03662735,0.028121185,0.005497677,0.8100375,0.015999926
edcvq7k,surprise,anger,0.7546535,0.02164937,0.0032714335,0.0788124,0.06389458,0.077718645
edcwcxl,joy,joy,0.0010194819,0.0007370823,0.00070549303,0.99441236,0.0007648741,0.0023607188
edcxf38,joy,joy,0.0009628633,0.0005203503,0.0006081669,0.99451005,0.0014000417,0.0019984078
edcy0mu,joy,joy,0.0012275905,0.0006826698,0.00080286845,0.99434173,0.0008750257,0.002070078
edcyblz,joy,joy,0.0032549019,0.00092885486,0.00051307486,0.9922735,0.0010531445,0.0019765461
edd0e85,joy,joy,0.011208146,0.0014174316,0.002165947,0.93811107,0.0031701613,0.043927234
edd0f8h,surprise,surprise,0.011950745,0.0028670407,0.004564971,0.2383246,0.016310817,0.72598183
edd0jx1,joy,joy,0.0010182632,0.00055240915,0.0006281955,0.9948606,0.0012775364,0.001662972
edd0lc6,joy,joy,0.0023439159,0.00062290346,0.00057683943,0.9931421,0.0013188318,0.0019953547
edd2mqr,anger,sadness,0.024942284,0.10421652,0.09291648,0.010174036,0.75214565,0.015605022
edd33xq,surprise,surprise,0.0056006475,0.0020028008,0.0029638854,0.017165933,0.0050717904,0.9671949
edd3hn8,sadness,sadness,0.008666842,0.012277061,0.025559142,0.025413418,0.9190759,0.009007691
edd6qi9,joy,joy,0.0019252449,0.00057777204,0.0005321402,0.9931392,0.0008290845,0.002996596
edd7i8r,anger,anger,0.964895,0.011546299,0.002009227,0.011749946,0.0061430912,0.003656357
edd7mc3,surprise,anger,0.85353166,0.014985648,0.004311411,0.010692906,0.016982712,0.09949565
eddasw8,joy,joy,0.0020301656,0.00072164665,0.0006276032,0.99323046,0.0009556746,0.0024345254
eddb18s,joy,joy,0.0010230897,0.0004969128,0.0005332822,0.9942584,0.0016619726,0.0020263467
eddbaz6,surprise,surprise,0.0053599067,0.0021275613,0.003520383,0.024223015,0.0069002314,0.95786893
eddbgmp,surprise,surprise,0.006481044,0.0023803634,0.004875807,0.009381503,0.00989939,0.9669818
eddd9oc,anger,anger,0.78863406,0.05989707,0.008371855,0.02509124,0.11446908,0.0035367846
edde3zh,joy,joy,0.051881943,0.004216322,0.0032993355,0.64316684,0.017817635,0.27961794
edde6k4,sadness,sadness,0.013022102,0.011189083,0.010354907,0.0065969294,0.95258105,0.0062559214
eddfuuq,joy,joy,0.0014218913,0.00048302155,0.00057822326,0.9931463,0.0012062313,0.0031644022
eddhg5e,joy,joy,0.0029965716,0.000982019,0.001186036,0.9720595,0.0013237346,0.021452155
eddiw7j,joy,joy,0.3744265,0.009434613,0.007359543,0.45965484,0.1221645,0.02696
eddj6h7,joy,joy,0.023963505,0.0036554884,0.00401136,0.80631435,0.12328181,0.0387735
eddlcoz,joy,joy,0.0017357328,0.00053737295,0.00039372264,0.9940534,0.0010604186,0.002219314
eddlms9,sadness,sadness,0.022880506,0.024937944,0.008192787,0.006830943,0.9303816,0.006776184
eddlqd3,joy,joy,0.0014086488,0.00064557005,0.0004698728,0.9949333,0.0007163707,0.0018263037
eddmawp,surprise,surprise,0.024233194,0.0037841497,0.003929178,0.022998458,0.021636892,0.9234182
eddn2u3,anger,anger,0.88369554,0.009400325,0.002679675,0.054225918,0.020883635,0.029114943
eddo15s,anger,anger,0.95101947,0.006378781,0.0025119295,0.023164771,0.010281677,0.006643378
eddoi5r,joy,joy,0.0023262778,0.0006223545,0.0007575343,0.99281836,0.0009919594,0.0024835493
eddqi93,joy,joy,0.0012864969,0.00092174823,0.0006134677,0.9932597,0.0012051181,0.0027133797
eddrt3j,joy,joy,0.003147671,0.00074434566,0.00063705025,0.9920265,0.0008681451,0.0025762857
eddt244,sadness,sadness,0.012238705,0.008106241,0.0071551926,0.010936148,0.95648134,0.0050824257
eddtem6,joy,joy,0.0030527855,0.00059846864,0.0005318823,0.99183804,0.00084190286,0.0031369224
eddua1w,joy,joy,0.0015129596,0.0005664867,0.00073071336,0.9935915,0.0011377288,0.0024606579
eddvlos,joy,surprise,0.016856354,0.0033890496,0.0034965312,0.18344359,0.0062043467,0.78661007
eddyedw,anger,anger,0.90423274,0.056569777,0.006462463,0.009390283,0.018369013,0.0049756453
eddyopo,joy,joy,0.003228288,0.0012213379,0.0038481883,0.95397484,0.027428037,0.010299303
ede0cfe,joy,joy,0.0012525388,0.0007288227,0.000774163,0.99269885,0.0006604978,0.0038850424
ede0hwl,sadness,sadness,0.0061231125,0.012463104,0.032203592,0.007602962,0.9322432,0.0093639055
ede0xwo,joy,joy,0.0022702466,0.000647306,0.0011125637,0.9897041,0.00224769,0.0040181894
ede2n97,sadness,joy,0.014308001,0.006512071,0.03409393,0.503104,0.18347192,0.25851005
ede3956,joy,joy,0.0055657234,0.00077354035,0.00058385654,0.9832424,0.0043386137,0.005495897
ede3vyo,joy,joy,0.002168165,0.0005998154,0.0005008998,0.993551,0.0010816056,0.0020984448
ede44x0,joy,joy,0.0013963033,0.00067525194,0.0006099575,0.99456775,0.00084406615,0.0019066228
ede4d2y,joy,joy,0.0011703103,0.00054409145,0.00059934286,0.9935455,0.002422861,0.001717816
ede4eb7,joy,joy,0.008681977,0.002736106,0.0043140603,0.80819046,0.0035142067,0.1725632
ede5awv,surprise,surprise,0.012488078,0.0041880496,0.004807318,0.0049738754,0.006496728,0.9670459
ede5fb8,surprise,joy,0.008435909,0.0020818966,0.0061669503,0.75346136,0.011504932,0.21834895
ede79xe,fear,fear,0.02023413,0.03118618,0.8328319,0.010903118,0.05517508,0.04966951
ede7nap,joy,joy,0.0010110681,0.0006626824,0.000670003,0.99420714,0.00087744324,0.0025716438
ede7p7v,joy,joy,0.0037779657,0.0008602014,0.0005045634,0.9915537,0.00081211416,0.002491462
edea6k4,joy,surprise,0.19747353,0.005966008,0.0037757228,0.12014124,0.02728851,0.645355
edeavts,sadness,sadness,0.27436602,0.041566584,0.032509685,0.02503893,0.6060498,0.020468973
edebf9q,joy,joy,0.0017831034,0.0008246351,0.000665794,0.9928196,0.0010949365,0.0028118298
ededup0,anger,anger,0.86448413,0.014132188,0.00601913,0.017290311,0.069087036,0.0289873
edefa67,anger,sadness,0.10418957,0.022305569,0.03345844,0.017503554,0.80456215,0.01798068
edeff0w,joy,joy,0.010146974,0.0013595592,0.001065779,0.97993577,0.003452826,0.0040390887
edefvxi,joy,joy,0.0018452173,0.00086179964,0.00068543863,0.9940082,0.0009643601,0.0016349755
edefxih,joy,joy,0.0015773462,0.00052197435,0.00053964887,0.9933547,0.0011499288,0.0028565167
edefxlz,joy,joy,0.005157369,0.000769234,0.0006158571,0.988352,0.0015781871,0.0035273589
edegxpq,joy,joy,0.010663178,0.001466138,0.001569853,0.9512333,0.0030193855,0.03204812
edeh7a0,joy,sadness,0.019716026,0.011512384,0.032600507,0.007964542,0.90821576,0.019990748
edehf77,sadness,sadness,0.031019446,0.012255453,0.013947646,0.010914774,0.87327725,0.05858539
edehggx,surprise,surprise,0.017669484,0.0030502817,0.0035616832,0.07656879,0.0072238487,0.89192593
edejkal,anger,anger,0.93558276,0.017541813,0.0035543577,0.016433524,0.01740406,0.009483496
edem2rf,joy,joy,0.0017766106,0.0004978434,0.00038076824,0.992953,0.0013647844,0.0030269308
edem7oj,sadness,sadness,0.23167263,0.2538671,0.031326212,0.012742179,0.4648562,0.0055357404
edenasb,joy,joy,0.001592997,0.0006675149,0.00043623376,0.9944508,0.0007963367,0.0020560645
edeopai,surprise,surprise,0.012417845,0.0031061405,0.0033214937,0.011136828,0.007379669,0.96263814
edeoy0e,anger,anger,0.96980673,0.012165197,0.0020719199,0.007027893,0.004787523,0.004140654
edep4fo,joy,joy,0.0011013424,0.0006807531,0.0008104523,0.99382824,0.00094246113,0.0026366909
edepc9e,joy,joy,0.0019394155,0.0006323744,0.00041033977,0.99435294,0.0008879707,0.001776956
edepdmb,joy,sadness,0.021583619,0.009136207,0.010720149,0.026626473,0.92616653,0.0057670926
edeq9vx,joy,joy,0.0014477548,0.0007951391,0.000649625,0.9945574,0.00077508774,0.0017750007
edeql27,disgust,anger,0.9541097,0.0141069135,0.0020687503,0.02028951,0.007002228,0.002422862
eder9of,joy,joy,0.0017550471,0.0007568301,0.00073187385,0.98469883,0.0011463842,0.010911041
edeu7ff,joy,joy,0.0011884874,0.000562185,0.00046186778,0.9947488,0.0011834645,0.0018552734
edev1wi,joy,joy,0.002409179,0.0006473009,0.0008911021,0.99042994,0.0028539917,0.0027683899
edeva3y,surprise,sadness,0.0414721,0.029596519,0.009194777,0.00812329,0.89463973,0.01697361
edevom9,joy,joy,0.0012446527,0.0006280243,0.0005635761,0.99488777,0.0007821517,0.0018939395
edewppy,surprise,surprise,0.014508172,0.0027307034,0.0047054016,0.018441316,0.02187924,0.93773514
edewrth,surprise,surprise,0.034015715,0.0032798045,0.0032302972,0.35653841,0.015765244,0.58717054
edewwds,joy,joy,0.00775689,0.0030381922,0.0048284046,0.5957561,0.0046675843,0.38395283
edexsoz,sadness,sadness,0.03331477,0.035749767,0.017474813,0.009726212,0.8948295,0.008904946
edeyrtv,anger,anger,0.95542854,0.015679145,0.0023254494,0.00777977,0.015390435,0.003396745
edez10j,joy,joy,0.0023894033,0.00054666324,0.00055674947,0.99197257,0.0024819376,0.0020526145
edf0czg,surprise,sadness,0.22206613,0.025984487,0.0056845066,0.15159537,0.5310446,0.06362485
edf1zmd,joy,surprise,0.06648983,0.08026424,0.0429158,0.010575183,0.2270132,0.57274175
edf2ecc,joy,joy,0.002486036,0.0007546803,0.0005051433,0.99325764,0.00083692494,0.0021596274
edf2vqm,joy,joy,0.0027156959,0.0009105312,0.0021992647,0.98610383,0.0015157391,0.006554903
edf2wbv,sadness,anger,0.6805817,0.16282871,0.0089804735,0.011322979,0.12716328,0.009122944
edf3kd3,surprise,surprise,0.008382107,0.003005399,0.0037396047,0.005671939,0.0060987324,0.9731022
edf3yr9,joy,joy,0.0012713462,0.0006616234,0.00058972405,0.99452,0.0006960778,0.0022613106
edf5mde,joy,joy,0.0022244358,0.00062143424,0.00062894094,0.99206805,0.0011538704,0.003303243
edf5q4c,joy,joy,0.0029431551,0.0007666678,0.0017951016,0.98703486,0.004337814,0.0031223388
edf5yxh,joy,joy,0.004808978,0.0008417123,0.00082292163,0.9847744,0.0034850908,0.0052669467
edf65h3,anger,joy,0.020209715,0.0016206267,0.0021568579,0.9559966,0.0033280572,0.016688187
edf6jmm,joy,joy,0.0014829431,0.0006280667,0.00075451966,0.99403507,0.0007581684,0.002341315
edf702j,fear,sadness,0.07802845,0.030545723,0.024581388,0.021182112,0.8150653,0.030596998
edf74ta,joy,joy,0.0027381955,0.0011883834,0.00077775115,0.9917595,0.0020540797,0.0014821234
edf8z2z,joy,joy,0.0021885093,0.00094899186,0.002878614,0.96637326,0.0076637804,0.019946842
edf952j,joy,joy,0.0011831628,0.0006532002,0.0007776699,0.99392635,0.00080350094,0.0026560798
edf9gty,joy,joy,0.002117827,0.0008438096,0.00047682997,0.9932633,0.0012150574,0.0020831446
edfam25,anger,anger,0.91102433,0.0065184752,0.0027025328,0.045104545,0.010632243,0.024017932
edfbah7,joy,joy,0.0010161278,0.0006210165,0.0006850202,0.9949857,0.00089434383,0.0017978029
edfcvos,joy,joy,0.011368742,0.0040498474,0.015338787,0.88070613,0.035114,0.05342244
edfcwf8,anger,anger,0.9709363,0.0114937425,0.0022323856,0.008262936,0.0042920806,0.0027826042
edfd1vj,joy,joy,0.0015719297,0.0006329224,0.00069824007,0.98933053,0.00086814223,0.006898162
edfd4gr,joy,joy,0.0019791734,0.0007847534,0.0009702688,0.990522,0.001990824,0.0037530898
edfdj9k,joy,joy,0.002062268,0.00078747206,0.00048359623,0.9936279,0.0010138077,0.0020249924
edfdx5a,joy,joy,0.0018704209,0.0005921448,0.00049008295,0.99411845,0.000921287,0.0020075443
edfeuuv,joy,joy,0.001200974,0.0005662402,0.0005773067,0.9935249,0.000989896,0.003140758
edffez0,joy,joy,0.0014096006,0.0007082769,0.00057582004,0.9944166,0.0006437047,0.002245962
edffo3n,joy,joy,0.0011489427,0.0005625618,0.00065720006,0.9930091,0.0010326314,0.0035895787
edfgs9s,joy,joy,0.007103487,0.00063586555,0.00056668004,0.98286116,0.002954252,0.0058785887
edfgzjv,joy,joy,0.026698388,0.0025318158,0.0034341004,0.9281529,0.02832632,0.01085647
edfhekv,joy,joy,0.0014601481,0.00067451596,0.0005471369,0.99469584,0.00072683295,0.0018954956
edfhken,joy,anger,0.49828222,0.01071757,0.0042769155,0.44330925,0.016771171,0.026642855
edfiam5,joy,joy,0.0013408617,0.000553771,0.0005340822,0.9945427,0.0007902925,0.0022382857
edfj5c6,fear,anger,0.44176334,0.054018017,0.310346,0.04052851,0.10147537,0.051868696
edfjjk2,fear,fear,0.16616574,0.12522565,0.35882705,0.010117247,0.2988772,0.040787097
edfl5gw,sadness,sadness,0.010212666,0.0071165543,0.011251277,0.028361319,0.93679976,0.0062583587
edfle0y,joy,joy,0.0011896152,0.0008892498,0.0015628579,0.98894626,0.005029712,0.0023823183
edfm1oo,joy,joy,0.0015897953,0.00089749024,0.0014170123,0.9867062,0.0016998545,0.007689724
edfmaua,joy,joy,0.0012868242,0.00072251796,0.0007770063,0.99450076,0.0010578124,0.0016550435
edfmylu,anger,surprise,0.006610104,0.002289929,0.003090934,0.013436082,0.004779686,0.96979314
edfn2ec,joy,joy,0.0023708807,0.0007436315,0.0005017216,0.99303234,0.0007859575,0.00256542
edfn75p,surprise,surprise,0.015224388,0.0039781146,0.0035606984,0.11202574,0.008310569,0.85690045
edfnbbo,joy,joy,0.0013937674,0.00063122413,0.0005100722,0.9945814,0.0010007982,0.001882627
edfnmh1,joy,joy,0.0014423706,0.0007216493,0.00061754877,0.994333,0.00078694674,0.0020984996
edfnu8s,surprise,surprise,0.24474178,0.007823589,0.007106265,0.15921845,0.013564271,0.5675456
edfnx43,joy,joy,0.00095172564,0.0005686906,0.00055364094,0.99514776,0.0009982082,0.0017799172
edfofyb,sadness,sadness,0.006641696,0.0067043738,0.01425181,0.02221239,0.94119424,0.008995578
edfp85x,joy,joy,0.0016229796,0.00085200404,0.0009843931,0.99293023,0.0009986532,0.0026117922
edfqcdj,joy,joy,0.0022656496,0.0009379316,0.00065891264,0.9923983,0.0011532487,0.002585968
edfquym,joy,anger,0.86476356,0.02165834,0.0037238305,0.06468374,0.040897246,0.004273242
edfrs3s,joy,joy,0.0015196407,0.00075551606,0.00067142566,0.99454874,0.000748877,0.0017557791
edfrxxn,sadness,anger,0.94866014,0.013548246,0.0018240468,0.014226611,0.013999791,0.0077411877
edfsmzk,anger,anger,0.8610609,0.015043642,0.00437805,0.015512412,0.09525373,0.00875122
edfth7l,surprise,surprise,0.027677871,0.0031427096,0.0029827922,0.016125875,0.0072559514,0.9428148
edftz5l,anger,surprise,0.019645823,0.0034629297,0.008135802,0.30695596,0.01872843,0.643071
edfulxp,anger,anger,0.9654559,0.017536173,0.0025139851,0.0038717135,0.0067374557,0.0038848286
edfvlne,joy,joy,0.0019980716,0.0005867489,0.00049746135,0.9894828,0.0013552663,0.006079573
edfvqyv,joy,joy,0.0017336444,0.000635137,0.00045276777,0.99444616,0.0009203357,0.0018119288
edfwjqh,joy,joy,0.0034757173,0.00084424904,0.0011107943,0.9883812,0.0009879132,0.005200082
edfwrbv,joy,joy,0.004925457,0.0008916784,0.0008298573,0.9894168,0.0019614727,0.0019746681
edfxafa,joy,joy,0.0014671648,0.0006238987,0.0004704254,0.99459463,0.0008274932,0.002016418
edfyjjq,anger,sadness,0.034458578,0.023305459,0.0073997085,0.012082059,0.9185767,0.0041774833
edfzo35,joy,joy,0.0018660229,0.0007265878,0.00084072753,0.9930213,0.0011772772,0.0023680546
edfzynr,surprise,joy,0.024013776,0.009417698,0.036843807,0.34572998,0.2532001,0.3307947
edg0kxt,surprise,surprise,0.031844173,0.012748588,0.019060472,0.016540224,0.39589387,0.52391267
edg181p,joy,joy,0.0012522734,0.0005660055,0.000529284,0.995018,0.00094741536,0.0016869955
edg3iuw,surprise,surprise,0.024303218,0.018339168,0.030405238,0.014102752,0.1853098,0.72753984
edg4myq,joy,joy,0.0026730294,0.00067324465,0.0007511539,0.9924992,0.0014937818,0.0019095467
edg5atb,joy,joy,0.0020612853,0.00075783924,0.00046689057,0.9935296,0.0009513668,0.002233001
edg5m8h,joy,joy,0.002443508,0.0007962675,0.0007166705,0.9926797,0.0012427059,0.0021211545
edg70z1,sadness,anger,0.9355363,0.027410645,0.0049511977,0.006998368,0.02017381,0.004929657
edg773x,sadness,sadness,0.008724334,0.011386798,0.013772942,0.009830867,0.94339436,0.012890694
edg7cdt,joy,sadness,0.018087031,0.019652456,0.012063684,0.0076908693,0.93633634,0.006169735
edg82fp,joy,joy,0.0011724734,0.0005882027,0.00052039314,0.9941748,0.00065989007,0.0028842941
edg8be9,joy,joy,0.0011805227,0.0006829319,0.0005455697,0.9950176,0.0009576562,0.0016156945
edg8cja,disgust,disgust,0.22519235,0.65978074,0.04735638,0.01597914,0.037197556,0.014493756
edg91z0,joy,joy,0.0016760279,0.0005398397,0.00044402236,0.9942675,0.0008495547,0.0022231466
edg9c4n,anger,anger,0.7505135,0.008487927,0.0049956823,0.20962603,0.00990369,0.016473176
edga1d6,joy,joy,0.0014382997,0.0006852673,0.0014338206,0.9873668,0.0030047735,0.0060710367
edgbnbr,surprise,surprise,0.007367223,0.002679546,0.0047300537,0.0065650255,0.010826401,0.96783173
edgbr1e,joy,joy,0.00334075,0.0007120011,0.0011628082,0.9830897,0.007325204,0.00436952
edgd1ae,disgust,anger,0.576714,0.04735087,0.022108486,0.1543331,0.18282266,0.016670799
edgdqvo,joy,joy,0.0033939485,0.0009678645,0.00089295325,0.9860926,0.0018454709,0.006807102
edge30h,anger,anger,0.53493434,0.07820448,0.18655138,0.05646842,0.066106334,0.07773503
edgfsp5,joy,joy,0.0032168098,0.0012135379,0.001335234,0.98429686,0.0014155429,0.008522036
edggv4z,anger,anger,0.45824134,0.27197394,0.052522294,0.006457353,0.19411929,0.016685735
edghg5t,joy,anger,0.4405122,0.009682719,0.011965736,0.12872824,0.056331187,0.3527799
edghrs5,sadness,joy,0.010195579,0.0020603708,0.0019697908,0.82746357,0.004574087,0.1537366
edghuxg,joy,joy,0.005688978,0.0009970452,0.0007580658,0.9863983,0.0017202803,0.004437408
edgi7as,joy,joy,0.0033340012,0.0009631407,0.0013101387,0.97391754,0.010324699,0.0101503935
edgifft,joy,joy,0.0010378668,0.0005577291,0.0006026037,0.9951277,0.0010312889,0.0016428457
edgj1fd,surprise,surprise,0.009326913,0.0021227803,0.003408669,0.023730947,0.0068601705,0.9545505
edgjgey,joy,joy,0.035519287,0.0015836883,0.0013831637,0.9119797,0.007770582,0.041763607
edgk5rw,joy,joy,0.016261896,0.0063361493,0.04467339,0.6039599,0.27959025,0.049178388
edgkx1a,joy,joy,0.0023490938,0.0012113272,0.0007125135,0.9922085,0.0010790498,0.0024395713
edgmnjn,joy,joy,0.0013920139,0.00069756585,0.0005763905,0.9945505,0.00077414606,0.0020094016
edgn07c,joy,anger,0.7133546,0.20313142,0.011769195,0.015096028,0.050028563,0.0066202385
edgnaya,joy,joy,0.0015250986,0.000636954,0.0004446308,0.9946662,0.00074121985,0.0019859448
edgnlbn,joy,joy,0.28885764,0.0074854894,0.0044525294,0.56747043,0.10923248,0.022501491
edgo6by,sadness,sadness,0.011460612,0.009484957,0.009420681,0.019058451,0.94462943,0.0059457687
edgoiy9,surprise,surprise,0.012122996,0.0036129346,0.00463453,0.0040164897,0.007489917,0.96812314
edgolre,anger,anger,0.9324482,0.016696915,0.0044635176,0.017845813,0.01500162,0.0135440165
edgoryw,joy,joy,0.0034173282,0.00076373207,0.00066165376,0.99192107,0.0011491099,0.0020870622
edgp3eg,anger,anger,0.6183491,0.028055867,0.013212636,0.008343173,0.016987305,0.31505194
edgpcmk,surprise,surprise,0.024852186,0.0026525145,0.0034066257,0.01928383,0.012430866,0.93737406
edgpgi5,anger,anger,0.59017986,0.008313097,0.0032750797,0.14455876,0.015540962,0.23813218
edgpl3f,joy,joy,0.0019107059,0.00058430334,0.0007473361,0.9922293,0.0023882387,0.0021400657
edgqcnq,surprise,surprise,0.0070297113,0.002773098,0.0039949734,0.005322411,0.005871228,0.97500855
edgrmmw,disgust,anger,0.91308683,0.052011333,0.0029156534,0.013180834,0.015499088,0.003306401
edgslvs,surprise,surprise,0.016216319,0.0033961101,0.0047014197,0.008852581,0.010208963,0.9566246
edgtkdz,joy,joy,0.0015260666,0.0007263847,0.00060170493,0.99430853,0.0007453886,0.0020919181
edguwq0,surprise,surprise,0.0061427876,0.0025565724,0.0038252338,0.008722464,0.005531647,0.9732213
edgv3jd,joy,sadness,0.052917287,0.013274153,0.012570558,0.07606132,0.8224651,0.02271162
edgv4zl,joy,joy,0.0022552435,0.00059080456,0.0005358797,0.9928242,0.00091289915,0.0028810077
edgvrkv,joy,joy,0.0016354567,0.00071040593,0.00054983405,0.99440974,0.0007395667,0.0019550514
edgw4p9,surprise,joy,0.0039147446,0.00078413065,0.00087730243,0.96579325,0.0021276914,0.026502842
edgx1r3,joy,joy,0.0027884876,0.0007419935,0.00050504616,0.9930212,0.0009490346,0.0019943519
edgx5y4,joy,joy,0.001267422,0.0006166862,0.0005240351,0.9946919,0.0009433594,0.0019565716
edh0xyq,sadness,sadness,0.0068089007,0.011063405,0.013687074,0.00704819,0.95580256,0.005589918
edh1ia9,joy,surprise,0.012100946,0.0029034056,0.0032707688,0.08482938,0.006570279,0.8903251
edh1tcy,sadness,sadness,0.10352185,0.010470616,0.0121046305,0.07383361,0.74493337,0.055135846
edh2epm,anger,surprise,0.16725823,0.0051435274,0.0046472084,0.1444058,0.02504766,0.6534976
edh30hb,joy,joy,0.0032946046,0.0009221478,0.000707958,0.9909831,0.0011582403,0.0029339045
edh39ib,sadness,sadness,0.008898821,0.008712046,0.0137689095,0.009151041,0.94804776,0.011421486
edh49lu,surprise,surprise,0.005524119,0.0027582573,0.008016367,0.042624664,0.013853982,0.9272225
edh4z4c,joy,surprise,0.060636368,0.0052787974,0.009293475,0.39445215,0.04759068,0.48274857
edh4zlk,joy,joy,0.0015678704,0.0008494139,0.0008059971,0.99278426,0.00087940285,0.003113082
edh5fvg,joy,joy,0.0010727373,0.0006904942,0.00062792614,0.99483854,0.00078140036,0.001988935
edh5ho0,joy,joy,0.020010877,0.0018050609,0.0020042998,0.9418482,0.022233676,0.012097827
edh5kxf,sadness,sadness,0.024743315,0.022744818,0.0067791156,0.008258358,0.93087417,0.006600316
edh8gc6,joy,joy,0.0061859637,0.0010987225,0.001349859,0.9796535,0.0078721,0.0038399082
edh8vzz,joy,joy,0.0023115769,0.00078128267,0.00073327194,0.99100167,0.0013441314,0.0038280205
edhaa07,joy,joy,0.0033493622,0.00072490046,0.00052074523,0.9899781,0.0009834217,0.0044434746
edhbgyt,joy,joy,0.0015065835,0.0007182019,0.00073098246,0.99236906,0.0011896435,0.0034854752
edhc2t7,joy,joy,0.0014226702,0.000730801,0.0006321438,0.9942226,0.00068811385,0.00230374
edhdgfg,joy,joy,0.0023727573,0.0006549662,0.0006479308,0.98443353,0.0013650805,0.010525789
edhdx6d,anger,anger,0.88783205,0.006901329,0.003451181,0.058084294,0.011903198,0.031828087
edhg2vn,joy,joy,0.0023650622,0.00090891,0.0010956345,0.9924544,0.0011822425,0.0019937267
edhgfqz,surprise,surprise,0.014998641,0.0060611544,0.012946781,0.011996314,0.06969189,0.88430524
edhgok1,joy,joy,0.0013925674,0.0007569049,0.00060689775,0.9941341,0.00060343894,0.002506074
edhh6qa,anger,anger,0.9563197,0.010792678,0.0020484761,0.015009515,0.008518079,0.007311423
edhhkje,joy,joy,0.00142604,0.0005709738,0.00043402883,0.9944878,0.00085039804,0.002230756
edhhwqz,joy,joy,0.0016045121,0.0012418944,0.0053824903,0.97117907,0.0128645655,0.0077274446
edhifty,anger,anger,0.56745714,0.031481016,0.018111976,0.35334823,0.008262702,0.021338912
edhiq2o,anger,anger,0.6434902,0.0662529,0.016724885,0.022425631,0.24358009,0.0075262906
edhj67j,joy,joy,0.009644513,0.0018394216,0.0028160843,0.96227586,0.015328338,0.008095833
edhj70n,anger,anger,0.8745037,0.018162955,0.0054334053,0.047530387,0.04461642,0.009753053
edhku4p,surprise,surprise,0.008162518,0.002675168,0.0035864098,0.0051057036,0.006714595,0.97375554
edhl6hb,surprise,joy,0.008315134,0.004270841,0.0040735435,0.5448951,0.0070864814,0.43135893
edhltfu,joy,joy,0.0013741544,0.00065525924,0.00049277325,0.99504834,0.0007913343,0.001638152
edhltwi,joy,joy,0.010311483,0.0013752893,0.00071272184,0.98388034,0.0015096684,0.002210503
edhm1f3,surprise,anger,0.847812,0.00854072,0.0026514295,0.04450215,0.0149073815,0.08158636
edhmm7p,sadness,surprise,0.049272027,0.006213558,0.004112437,0.007999867,0.011382439,0.92101973
edhmved,fear,anger,0.6109481,0.064807564,0.0903504,0.04680055,0.097451426,0.08964204
edhn07g,surprise,surprise,0.010651363,0.003759762,0.004565668,0.0042776633,0.00996905,0.96677643
edhnxcb,joy,joy,0.015355405,0.0013301664,0.00060811616,0.97320765,0.0050382204,0.004460486
edho03w,surprise,surprise,0.016221281,0.0037057423,0.002962723,0.019681547,0.0076687615,0.94976
edhovet,joy,joy,0.0038798028,0.0010908814,0.00069666293,0.9909649,0.0010657249,0.0023020383
edhp4eg,anger,joy,0.24300759,0.0043445216,0.0022745773,0.71932447,0.009966679,0.021082161
edhpr03,sadness,disgust,0.22355124,0.22813128,0.19285189,0.016865294,0.20238523,0.13621505
edhqmcg,joy,joy,0.0012819063,0.0005282929,0.0005770933,0.99427396,0.001124467,0.0022143174
edhqnmi,disgust,sadness,0.344045,0.17558084,0.027388616,0.018492045,0.42665198,0.007841488
edhqumw,joy,joy,0.0013143272,0.00073607924,0.0006559386,0.9940957,0.000776954,0.0024209833
edhr49o,joy,joy,0.0018008363,0.0006440192,0.0006830508,0.9932689,0.0011456652,0.0024575365
edhrs95,joy,joy,0.0009837521,0.0006191437,0.00060026115,0.9950147,0.001171414,0.0016107067
edhs7vb,anger,surprise,0.02843007,0.0038676593,0.0039881147,0.005296046,0.013014611,0.9454035
edhunph,joy,joy,0.0067420565,0.003019965,0.0066289394,0.8393514,0.13617638,0.008081221
edhuuot,disgust,sadness,0.21971202,0.32683504,0.0563891,0.0085380785,0.35797703,0.030548766
edhv2wd,joy,joy,0.0015050818,0.0007220683,0.00076398026,0.9923901,0.001087564,0.0035312143
edhve9n,surprise,joy,0.15878516,0.0055388203,0.011239664,0.741571,0.052273143,0.03059224
edhwxqa,joy,joy,0.008501906,0.0014981468,0.0059356433,0.9723989,0.0054425844,0.006222856
edhxuqe,joy,joy,0.0031315708,0.00073490717,0.0011593003,0.9828843,0.0023642688,0.009725531
edhy9od,anger,surprise,0.4144502,0.01948532,0.0064612767,0.020240428,0.01746253,0.5219003
edhyxxb,joy,joy,0.0016272948,0.0005932627,0.0005304666,0.99370295,0.00073088316,0.0028151155
edi00wi,joy,joy,0.018623598,0.0024030812,0.0013827833,0.9007062,0.0034907716,0.07339354
edi0iyi,anger,anger,0.95057684,0.030736856,0.004622992,0.005720625,0.0045813713,0.003761291
edi0t2i,joy,joy,0.0010162051,0.0006379708,0.00062391296,0.9947455,0.0011450885,0.0018313746
edi0w2s,anger,joy,0.15965968,0.02263025,0.010135156,0.7765978,0.022081591,0.008895529
edi1f92,anger,surprise,0.042085234,0.03420052,0.24479303,0.02102654,0.062467337,0.59542733
edi3q1q,fear,fear,0.027020795,0.027550865,0.7960819,0.024987347,0.05681541,0.0675437
edi4pfx,joy,joy,0.0037573262,0.0012747289,0.0023169087,0.96071213,0.015771907,0.016166942
edi6635,joy,joy,0.0015017507,0.00054044806,0.0004474293,0.99453354,0.0010022386,0.0019745978
edi6htm,joy,joy,0.0013649812,0.00078794546,0.0028168263,0.9878439,0.0019706595,0.005215651
edi6rr8,anger,anger,0.9620942,0.018808423,0.0016632343,0.008080564,0.006895286,0.002458237
edi6wcs,joy,joy,0.0013284241,0.00065710663,0.0009870739,0.9910445,0.0023625076,0.0036203773
edi72ov,joy,joy,0.0012732459,0.0006536148,0.0005263515,0.99451536,0.0009025787,0.002128772
edi7jzq,anger,anger,0.9384826,0.014124555,0.0025672875,0.0076701283,0.010822481,0.026332878
edi8ffi,joy,joy,0.0023015782,0.0011285928,0.0014244425,0.9841232,0.0013808713,0.009641363
edickdj,joy,joy,0.0019502266,0.0006573063,0.00045200868,0.9938916,0.0014352145,0.0016136369
ediczjr,sadness,joy,0.42242,0.009382444,0.0060915533,0.49230614,0.036507886,0.033292025
edidk1r,joy,joy,0.0041346885,0.0008831623,0.0005024071,0.99079764,0.0010974138,0.0025847682
edieomi,joy,joy,0.0010445224,0.000590261,0.00059303874,0.9949785,0.0009002122,0.0018934576
edieuq5,anger,anger,0.48073575,0.068077564,0.08659751,0.025697945,0.2729852,0.0659061
edif41t,joy,surprise,0.22687794,0.006281907,0.0036262788,0.28451037,0.015930517,0.46277294
edigvq1,joy,joy,0.001536216,0.0006828876,0.0008309696,0.9920108,0.00097439694,0.003964744
edihdlg,sadness,joy,0.0045931707,0.0011859293,0.0011094123,0.97894144,0.012048399,0.0021216935
edihf3r,joy,joy,0.0025043662,0.0006280138,0.0005197649,0.9936021,0.0010654737,0.0016803228
edii36n,surprise,surprise,0.0074919877,0.0024936285,0.0032186995,0.00641581,0.005645827,0.97473407
edij11m,joy,joy,0.0013333627,0.0006383505,0.0006322289,0.9941612,0.0016274304,0.0016074345
edijlx6,joy,joy,0.0009130098,0.0006292841,0.0005811114,0.9945978,0.0014980107,0.001780748
edijml4,joy,surprise,0.024143143,0.004248958,0.0036031872,0.01582319,0.016156837,0.93602467
edikja3,joy,joy,0.0020656176,0.00056659535,0.00052538764,0.9927937,0.0013534169,0.002695317
edikpcn,joy,surprise,0.3598575,0.009331878,0.011516439,0.055454668,0.017692268,0.5461472
edimcz8,joy,surprise,0.04584808,0.0045052934,0.0052953307,0.07071576,0.015177773,0.85845786
edin9x8,joy,joy,0.0013145478,0.0006138766,0.00043492962,0.9939919,0.00097394583,0.0026707682
ediocbf,joy,joy,0.0016536429,0.00053562754,0.00040147573,0.99442285,0.0008535729,0.0021328328
edip7f3,anger,sadness,0.3455783,0.03774703,0.006917323,0.01868947,0.57715315,0.013914641
edipj2t,joy,joy,0.0013680295,0.0008078382,0.00074350677,0.9922003,0.00081450463,0.0040658447
ediqm9a,surprise,surprise,0.012669595,0.0029372948,0.0032649385,0.23314632,0.008103347,0.7398785
edirex6,surprise,surprise,0.004820491,0.002570957,0.004067311,0.007376723,0.0052322424,0.97593224
edirgx4,anger,anger,0.9521981,0.009603134,0.003051046,0.012725661,0.006077317,0.016344747
edirhr2,surprise,surprise,0.020526756,0.003339932,0.0036859699,0.019506913,0.0111427205,0.9417977
edis2z3,joy,joy,0.0012387607,0.00056526007,0.00057683204,0.9946249,0.0014676483,0.0015265144
edit49m,joy,joy,0.0035259267,0.0011259322,0.0028571803,0.9805073,0.002071993,0.009911545
editctb,joy,joy,0.0029806264,0.0006719194,0.0010160669,0.9899511,0.0012190072,0.0041612703
editldz,joy,joy,0.0024929245,0.00088929647,0.00060187984,0.992415,0.0011775125,0.0024233444
editpz7,surprise,surprise,0.023619033,0.0035857523,0.0027155154,0.2451722,0.009916029,0.7149915
editung,joy,joy,0.0019052356,0.0006938156,0.00049622584,0.99391234,0.0010583309,0.0019340136
ediu2ym,joy,joy,0.0015778254,0.00072021293,0.001079585,0.9916562,0.0016763429,0.003289829
ediu9wm,joy,joy,0.0018908051,0.00059834536,0.0005279619,0.99305564,0.0008683208,0.003058965
edivsuf,anger,anger,0.96386856,0.019911908,0.002659052,0.0059720045,0.0049039973,0.0026844118
ediw6ab,anger,joy,0.24965936,0.012671264,0.0026530994,0.70674336,0.018841725,0.009431191
ediya6s,joy,joy,0.25543046,0.007824414,0.0032937946,0.65735346,0.061679486,0.014418377
ediym07,joy,joy,0.0027975864,0.0009377723,0.00097136793,0.9680864,0.0017417487,0.025465125
ediyxfb,sadness,sadness,0.006822717,0.0077787084,0.0136384275,0.013027177,0.95175123,0.0069817156
edizd2k,surprise,surprise,0.014114408,0.004448894,0.004910904,0.008235659,0.012005148,0.95628494
edizvix,joy,joy,0.07860784,0.017455392,0.09688126,0.52843606,0.24065512,0.037964232
edj05pd,joy,joy,0.0020276373,0.00089621026,0.0013299371,0.970547,0.0011528152,0.024046402
edj0e99,joy,joy,0.001156948,0.0010282065,0.0026082008,0.9809059,0.0014642414,0.012836602
edj0qlw,surprise,surprise,0.0077144485,0.0026957376,0.0032865026,0.006531486,0.0058576316,0.97391415
edj136y,disgust,sadness,0.058068547,0.014216717,0.010451147,0.020850575,0.8873941,0.009018881
edj25pg,joy,joy,0.024886066,0.001978307,0.00069523667,0.9640368,0.0033677162,0.0050358595
edj289t,joy,joy,0.00309217,0.0010491961,0.0026964752,0.9830481,0.0029785256,0.007135476
edj2vvu,sadness,sadness,0.007874087,0.007511161,0.013780881,0.02214553,0.9405549,0.008133406
edj3l4c,joy,surprise,0.017020697,0.0032662333,0.0035903412,0.015800597,0.008930071,0.951392
edj45bq,surprise,sadness,0.23318961,0.04747413,0.03673812,0.044686448,0.6123195,0.02559217
edj50vp,joy,joy,0.0017693682,0.0008100963,0.0005766535,0.9916283,0.000906635,0.004308934
edj56zj,joy,anger,0.61294836,0.027199589,0.017927006,0.035259675,0.21489514,0.09177023
edj5fme,joy,joy,0.0012439026,0.000623235,0.00061413756,0.99476683,0.000740298,0.0020115997
edj5m0e,joy,joy,0.0013429498,0.00059148,0.0006212242,0.9931979,0.00096589065,0.003280605
edj5r41,surprise,surprise,0.013512775,0.00289342,0.0035795541,0.00894435,0.013612888,0.95745707
edj6ivi,joy,joy,0.0030102895,0.0007669155,0.0008603967,0.9918399,0.0014891332,0.002033404
edj7ssx,joy,joy,0.0011202173,0.00073068205,0.0007187278,0.9941707,0.0007044978,0.002555089
edj7vcj,anger,anger,0.9405523,0.017658994,0.005633006,0.0077816183,0.01603578,0.01233835
edj9qqx,anger,joy,0.021599986,0.0018697703,0.0025116869,0.8602536,0.009288165,0.10447691
edjadts,surprise,surprise,0.0808136,0.0055361567,0.009423619,0.04678597,0.016727291,0.8407133
edjavto,anger,anger,0.96806383,0.00921408,0.0023925228,0.010042462,0.0068465653,0.0034405538
edjay4k,joy,joy,0.001153132,0.00053676876,0.0005556466,0.9950374,0.00089340267,0.0018235889
edjbxg7,joy,joy,0.012747768,0.004311171,0.013374001,0.6087309,0.34849262,0.012343534
edjceq5,joy,joy,0.0073252385,0.0030859187,0.0038645233,0.6954239,0.0044894414,0.28581092
edjcgas,joy,joy,0.0013202189,0.00056035584,0.0005710064,0.99463755,0.0010055273,0.0019052933
edjcihh,surprise,surprise,0.011718226,0.0044132317,0.011121576,0.011878483,0.019440109,0.94142836
edjd969,sadness,sadness,0.035988625,0.01418036,0.0081911525,0.02614858,0.91087174,0.0046193977
edje3s2,joy,joy,0.0015363704,0.000666535,0.0005348687,0.9946243,0.0008083566,0.0018295519
edje8y3,surprise,surprise,0.0114912195,0.0022710548,0.0026045893,0.05931275,0.006006719,0.91831356
edjeqnb,anger,anger,0.95503664,0.026925486,0.0033833259,0.006688162,0.0049254643,0.0030409521
edjex4p,joy,joy,0.0034413277,0.00059392327,0.00063154584,0.98008144,0.0016335171,0.013618156
edjfjqz,anger,anger,0.54854584,0.009860045,0.006300885,0.035807602,0.012602878,0.38688275
edjfwli,joy,joy,0.0014209639,0.00060700334,0.00059522025,0.9950488,0.00082291255,0.001505025
edjgpc5,joy,joy,0.0019301011,0.00072334596,0.00048455497,0.9929328,0.0011022442,0.0028270015
edjh2ja,joy,fear,0.12327829,0.047733,0.41847807,0.077765346,0.23552185,0.09722343
edjhxf2,disgust,disgust,0.223786,0.63667893,0.05699806,0.016903875,0.055183757,0.010449353
edjhydl,sadness,fear,0.049002483,0.40301687,0.43324488,0.008191349,0.09272741,0.013816985
edjigae,anger,anger,0.9268952,0.047590185,0.0038610448,0.008550485,0.010647026,0.002456147
edjl2jx,joy,joy,0.0016058381,0.0005972412,0.0004240294,0.99450266,0.00077982206,0.0020903428
edjl2qg,joy,anger,0.48629788,0.007972531,0.006950719,0.36533597,0.06610253,0.06734043
edjldcm,surprise,surprise,0.0056572137,0.0024333545,0.00342005,0.009740196,0.0057450826,0.973004
edjlkgz,anger,anger,0.9480487,0.01884436,0.0067627453,0.008647885,0.008004518,0.0096918335
edjoro0,anger,anger,0.91928923,0.03886753,0.0047934153,0.006026319,0.026105389,0.0049182405
edjoz3t,joy,joy,0.0031478622,0.0008736026,0.00048565885,0.99232095,0.0008166615,0.002355251
edjqonz,anger,anger,0.9101943,0.010708256,0.0029639176,0.059098773,0.011244883,0.0057899645
edjrp8v,anger,anger,0.931843,0.011033615,0.0054198527,0.03707606,0.008411446,0.0062161493
edjsve3,joy,joy,0.0016446349,0.0008184716,0.0010628044,0.9889705,0.0016197828,0.0058838143
edju0tc,joy,joy,0.111741155,0.00576228,0.0071204896,0.6615938,0.13043529,0.08334695
edjudwg,sadness,sadness,0.023256231,0.05487766,0.09345069,0.0086165,0.8086425,0.01115644
edjuqo3,anger,anger,0.6018733,0.04580244,0.017641898,0.009138197,0.022586202,0.30295795
edjw4gq,joy,joy,0.001991698,0.0005884417,0.00063780416,0.99335164,0.0010651933,0.0023652732
edjwdem,joy,joy,0.0027498526,0.0009030812,0.00072698464,0.99145156,0.0011079095,0.003060616
edjxh8l,joy,joy,0.0031843716,0.0009735375,0.0023301838,0.9762408,0.01237254,0.004898477
edjxzhq,joy,joy,0.0013340691,0.00080690434,0.0008721284,0.9928128,0.0007662192,0.003407909
edjyjlx,joy,joy,0.0037328198,0.0010003777,0.0007247348,0.9918358,0.0010227682,0.0016834816
edjzcf0,surprise,surprise,0.006592422,0.0022081279,0.002746029,0.06718198,0.009266501,0.91200495
edk04l3,joy,joy,0.0013999812,0.0005630969,0.00047568677,0.99486595,0.0010477292,0.0016475574
edk0t03,surprise,surprise,0.026191693,0.0030629341,0.0026537685,0.012864363,0.0064228764,0.9488044
edk10tt,joy,joy,0.0015968764,0.0007584887,0.0006120431,0.9930704,0.0007404479,0.0032216718
edk21te,joy,joy,0.0012348689,0.00068726117,0.0005948062,0.99480057,0.00074122177,0.0019412371
edk2787,joy,joy,0.0024298648,0.0006643869,0.00053851376,0.99097604,0.0011566766,0.0042344346
edk2aic,joy,joy,0.001608164,0.00070371124,0.0004643724,0.99411786,0.001088596,0.0020173907
edk2pby,joy,joy,0.010620219,0.003344287,0.0078436285,0.95054156,0.021919422,0.0057308148
edk3j42,joy,anger,0.5484349,0.013468551,0.012111002,0.2616473,0.047327373,0.11701082
edk3kve,joy,joy,0.16471519,0.0046772533,0.0047089653,0.7681489,0.031603348,0.026146242
edk4c1n,surprise,anger,0.8149839,0.060753316,0.031833246,0.012572006,0.05213322,0.027724246
edk4dkb,sadness,sadness,0.04373141,0.050197475,0.023371443,0.009291324,0.86780274,0.0056056404
edk66b5,joy,anger,0.9199294,0.009059919,0.002786799,0.05073623,0.0064850627,0.011002576
edk72u4,anger,anger,0.847709,0.009997812,0.0065621543,0.10060041,0.025852721,0.009277865
edk7yi3,anger,sadness,0.22196098,0.025233807,0.014696152,0.014046737,0.43886492,0.28519735
edk8fh2,joy,joy,0.002945082,0.00067103497,0.0008192479,0.99029845,0.0027043237,0.00256183
edk8w8o,joy,joy,0.0015736608,0.00065931666,0.0013805334,0.9886304,0.004561703,0.00319443
edk9bvk,anger,anger,0.88583225,0.013009781,0.006163589,0.047185022,0.009491414,0.038317956
edk9n1s,surprise,surprise,0.0066978377,0.0026649488,0.0037058883,0.009222104,0.008246427,0.9694629
edkabn2,joy,joy,0.003988957,0.001870111,0.0017435432,0.9222442,0.0021712503,0.06798195
edkb9g1,joy,joy,0.0012723731,0.0005925408,0.00059607404,0.9941649,0.00089406635,0.0024800303
edkch79,joy,joy,0.0013127051,0.0007381333,0.00067394605,0.9942304,0.00071417046,0.0023305784
edkcl53,surprise,surprise,0.016574217,0.0027347053,0.0036464701,0.010868792,0.0058774594,0.9602984
edkdmzt,joy,joy,0.0015555387,0.00056521094,0.0004061371,0.9942298,0.000998709,0.0022445787
edkefqd,surprise,surprise,0.025818873,0.004925342,0.0053402013,0.004694694,0.007445855,0.95177513
edkeqg5,joy,joy,0.0010608574,0.00064494374,0.0006708362,0.99470526,0.0007031645,0.00221494
edkg8yd,surprise,surprise,0.012748281,0.0027818885,0.0027651335,0.034312833,0.008967307,0.93842465
edkgbmf,joy,joy,0.0014736007,0.00059555576,0.00065502146,0.9931593,0.0010600126,0.0030565418
edkgnpn,joy,joy,0.001075632,0.0006144888,0.00070236146,0.99484456,0.00079190294,0.0019710436
edkgs39,joy,surprise,0.016860139,0.0029149388,0.0036680333,0.097497955,0.006129154,0.87292975
edkhol5,joy,joy,0.0026429999,0.00052130973,0.0006801885,0.9885493,0.0014790839,0.0061271456
edki5r7,surprise,surprise,0.005774398,0.0022388406,0.0032418445,0.01168396,0.004959081,0.97210187
edkif0l,disgust,anger,0.5506739,0.35282564,0.018179955,0.014483033,0.051429644,0.012407852
edkk83u,joy,joy,0.002971362,0.00068396714,0.00043453916,0.99006873,0.0010446947,0.004796702
edkl352,sadness,sadness,0.03800751,0.03044188,0.04120279,0.008160932,0.8575216,0.024665311
edkl906,joy,surprise,0.06201691,0.010192526,0.03506101,0.23223637,0.25293696,0.40755624
edklf6z,joy,joy,0.0017857719,0.0007052658,0.0004145652,0.99398875,0.0010859221,0.0020197073
edklp5u,joy,joy,0.04350513,0.010551035,0.048264578,0.6784615,0.024107492,0.1951103
edkm44a,anger,joy,0.028896991,0.00181192,0.0005481285,0.96166176,0.0029368766,0.004144329
edkmreg,surprise,surprise,0.12234691,0.0054856003,0.0050163227,0.11756304,0.022243831,0.7273442
edknumr,joy,joy,0.0024918155,0.0008153913,0.0004502591,0.9926146,0.0012749399,0.0023529504
edkol6r,joy,joy,0.0015276758,0.00068543584,0.0005393633,0.99357915,0.00070586416,0.0029625657
edkp381,surprise,surprise,0.005757416,0.0024632805,0.0037471312,0.015706956,0.0065854704,0.96573967
edkpcyt,surprise,anger,0.96563673,0.016286846,0.002553736,0.007381796,0.0051934747,0.0029474613
edkr8dt,anger,anger,0.92528206,0.049861956,0.0045847525,0.008458931,0.008870179,0.0029422063
edkrqlz,joy,joy,0.0015233107,0.0006853656,0.0005883795,0.99413127,0.0009468631,0.0021248336
edks3mx,joy,surprise,0.047439046,0.0049303346,0.003197106,0.3851393,0.01918972,0.5401045
edksahq,anger,surprise,0.25956288,0.0065635312,0.0044838306,0.07774426,0.01975588,0.6318896
edksj4c,surprise,surprise,0.018005932,0.0037831604,0.0029938794,0.033830307,0.008366772,0.93301994
edksptw,anger,anger,0.5563355,0.03573887,0.021196656,0.014050485,0.31312305,0.059555452
edktm3z,joy,joy,0.0017500215,0.00067962456,0.00043684497,0.9937721,0.0008136338,0.0025477817
edkuvkg,surprise,surprise,0.0063575786,0.0027453415,0.0032929901,0.006773848,0.0068638544,0.9739664
edkvpla,joy,joy,0.001370459,0.00056659867,0.00050478504,0.99437803,0.0010364308,0.002143654
edkvw82,sadness,surprise,0.06265459,0.004484073,0.004969176,0.14531489,0.013448442,0.76912886
edkwq83,surprise,surprise,0.0064814915,0.0026109964,0.0033482802,0.007372018,0.0051159477,0.97507125
edky4ot,joy,joy,0.0018993275,0.0006554027,0.00041698088,0.9940578,0.0009930439,0.0019774495
edkzlgx,anger,surprise,0.023458978,0.0038653659,0.009956825,0.018053325,0.009978868,0.93468654
edl0nhj,anger,anger,0.787391,0.017524803,0.0046199523,0.03020723,0.15266885,0.007588263
edl1iz9,joy,joy,0.001333516,0.00080211397,0.00064891315,0.9944581,0.0006868497,0.0020705473
edl1pz1,joy,joy,0.021419514,0.0023449853,0.0025659367,0.9542608,0.0053453376,0.014063419
edl3u2m,joy,joy,0.0011747382,0.0007343216,0.0008010254,0.994241,0.00081641384,0.0022325632
edl43g4,anger,anger,0.8090053,0.023371372,0.0059259254,0.0136140995,0.12632129,0.021761985
edl4cw9,joy,joy,0.0048541585,0.0010684719,0.00097015646,0.9877851,0.0036719572,0.0016500918
edl5dun,anger,anger,0.9642646,0.01677496,0.0023811397,0.008624639,0.004327524,0.0036271443
edl5qsu,surprise,surprise,0.042692315,0.0037095225,0.0034076013,0.01706896,0.018676896,0.9144448
edl6lz8,surprise,surprise,0.008917054,0.0022866067,0.0027081894,0.045349434,0.005400073,0.9353386
edl79um,sadness,anger,0.877794,0.082804054,0.00619929,0.010738271,0.020174837,0.0022895075
edl7hm1,anger,anger,0.9678049,0.010490785,0.001463398,0.010862381,0.0064624054,0.0029160779
edl7ki5,joy,joy,0.0030590603,0.0008395333,0.0004858878,0.99161255,0.00076307525,0.0032398377
edl7ttp,joy,joy,0.0016461395,0.0006808404,0.0010131048,0.9905968,0.0011897542,0.0048734867
edl7zmu,joy,joy,0.0016535682,0.0005372355,0.0005320237,0.9933543,0.0009893994,0.0029333967
edlapiu,sadness,sadness,0.0052119694,0.0071879234,0.013863439,0.008677106,0.95638436,0.008675159
edlbuf6,joy,joy,0.0017228883,0.00065891707,0.00048743756,0.9926904,0.0007415589,0.0036987765
edlextp,joy,joy,0.001320194,0.0006771287,0.0005668409,0.9949608,0.0006634824,0.0018115486
edlf4uu,anger,disgust,0.30362377,0.4191964,0.16877049,0.010319815,0.088372104,0.0097173145
edlfd7s,anger,anger,0.9458605,0.007296089,0.0022724185,0.013843538,0.008634996,0.022092331
edlfs34,joy,joy,0.030519284,0.0022038866,0.0016455172,0.8417984,0.013862955,0.10996992
edlghte,joy,joy,0.0029792653,0.0007196396,0.0005619113,0.9922781,0.0013977591,0.002063369
edlhuid,joy,joy,0.18331774,0.012198914,0.0119338315,0.4225707,0.35863888,0.011339977
edliph3,joy,surprise,0.0058528217,0.0023822293,0.0033038955,0.017142115,0.0049855276,0.9663334
edljn2d,joy,joy,0.008012415,0.00086744037,0.00080751954,0.98213804,0.001492118,0.006682421
edlkc5c,joy,joy,0.0025368861,0.0007700774,0.00047192353,0.9929295,0.0008954549,0.0023961514
edlkf8v,joy,surprise,0.04156404,0.0034934408,0.0031184289,0.3399649,0.0110671995,0.60079205
edlkqn9,joy,joy,0.000855013,0.00061242294,0.0007549088,0.99404883,0.0015659946,0.0021628146
edlljm5,joy,joy,0.0015480135,0.0006298917,0.0005974758,0.9943303,0.0010584207,0.0018357985
edllqs5,joy,joy,0.0014965042,0.00060874195,0.00041950488,0.9939506,0.0008082429,0.0027164016
edlm38f,joy,joy,0.0013361573,0.0006619298,0.0006726974,0.9941327,0.0008909431,0.002305513
edlmkzj,joy,joy,0.001166243,0.000657821,0.0017964302,0.9896578,0.0027334343,0.0039881975
edlmm55,joy,joy,0.004271733,0.0012427926,0.0011282702,0.93364125,0.0035334604,0.056182496
edlmod0,joy,joy,0.0012594404,0.0005553349,0.00070192537,0.9943047,0.001538809,0.0016397862
edln6l5,joy,anger,0.61851627,0.008687128,0.005143803,0.16819176,0.025957804,0.1735032
edlols7,joy,joy,0.0014138917,0.00078037067,0.00064022955,0.9942167,0.0007090842,0.0022398063
edlotdx,joy,joy,0.0012323197,0.00056758034,0.00049559557,0.99510574,0.00094677944,0.0016520065
edlowpi,joy,joy,0.0012113029,0.00069282675,0.000663228,0.9949726,0.0007449474,0.0017150758
edlpu54,joy,joy,0.0014998395,0.00062855496,0.0004784777,0.9943093,0.0007492417,0.0023346147
edlqlkc,joy,joy,0.0012212174,0.0006797238,0.0006123468,0.9948612,0.0007344095,0.0018911258
edlqwtw,joy,joy,0.0055185584,0.00071337505,0.00069265114,0.9884465,0.0012183435,0.0034105869
edlqx16,surprise,joy,0.026583094,0.0027388912,0.002374295,0.60537064,0.010205727,0.3527273
edlr51h,joy,joy,0.002116546,0.0008520887,0.00059053255,0.9936939,0.0007976255,0.0019493626
edlriuk,joy,joy,0.0028338754,0.0006985135,0.0005891937,0.9912208,0.0008859061,0.0037718087
edls5nt,joy,anger,0.6533649,0.029460516,0.006992496,0.19818965,0.10428426,0.007708302
edlstuc,joy,joy,0.0011554343,0.00055739004,0.0005841074,0.99463034,0.0008287538,0.0022439682
edlswg5,joy,joy,0.0011916055,0.0007635342,0.0006475845,0.99466044,0.00075909845,0.0019778023
edlt224,joy,joy,0.0015661902,0.0007238786,0.000520324,0.9947686,0.0009299791,0.0014910939
edltg6x,joy,joy,0.0018359252,0.0006245245,0.00046214083,0.99388653,0.00082171493,0.0023691235
edltwfy,joy,joy,0.0018268584,0.0008575829,0.00078236323,0.99188787,0.0009080672,0.0037372618
edltzyk,joy,joy,0.001576454,0.0009482632,0.0010623559,0.990765,0.0008429191,0.004805056
edlu2mc,anger,anger,0.8934587,0.06234665,0.0066763726,0.00915485,0.025359794,0.0030035623
edlu9qt,anger,sadness,0.3203764,0.015774993,0.00861409,0.052902665,0.585497,0.016834822
edluict,joy,joy,0.0023603353,0.0017652411,0.003911497,0.9727674,0.015272141,0.0039234124
edlula0,sadness,sadness,0.022105072,0.0081104245,0.030045442,0.23960118,0.3577089,0.34242895
edlv2m5,joy,joy,0.0016626129,0.000555811,0.00047676856,0.99372137,0.00090864534,0.0026748134
edlv5qd,surprise,surprise,0.036078002,0.0034578168,0.0028701571,0.016004283,0.009418542,0.9321711
edlvms5,surprise,surprise,0.00689857,0.002206352,0.0027178014,0.0125400545,0.005829996,0.96980715
edlw7ay,joy,joy,0.0015634082,0.00049203984,0.0004748386,0.99337184,0.0008684648,0.0032294302
edlwv5f,anger,anger,0.9715415,0.012423983,0.0021900488,0.007158869,0.0042474745,0.0024381028
edlxax4,joy,joy,0.0033235736,0.00088770734,0.00043098148,0.99177843,0.0009047226,0.0026745668
edlyj9j,surprise,surprise,0.015942577,0.0059107556,0.014784861,0.09512989,0.010273603,0.85795826
edlyor7,joy,surprise,0.02573738,0.0029227424,0.0046384074,0.2924799,0.0072930963,0.6669285
edlyqkr,fear,anger,0.50857294,0.031613793,0.086395554,0.09727085,0.09991897,0.1762279
edlzdmj,surprise,surprise,0.008088118,0.00287748,0.003570352,0.00607187,0.0058486992,0.9735434
edlzgiw,joy,joy,0.17446442,0.0034367968,0.0034623519,0.7905527,0.015770061,0.012313707
edlzke4,joy,joy,0.00458361,0.0013494636,0.0015686017,0.9253829,0.0023687414,0.06474668
edlzwrl,sadness,joy,0.0015102953,0.00062479643,0.0005937796,0.9926367,0.001759498,0.0028750217
edm0114,joy,joy,0.0008423643,0.00074263377,0.0014972507,0.99147063,0.0022189997,0.0032282192
edm0g8p,surprise,surprise,0.00545202,0.0021345806,0.0031202305,0.013201819,0.0063481955,0.96974313
edm1qfk,sadness,sadness,0.02367713,0.020174092,0.056014735,0.022879854,0.86803377,0.009220391
edm1s8k,surprise,surprise,0.0050110035,0.0022020487,0.0037188607,0.01104674,0.0062280535,0.9717934
edm1twp,surprise,joy,0.0031803318,0.0007802551,0.00091577746,0.98062027,0.0011078796,0.013395534
edm24b2,joy,joy,0.001146754,0.0006994635,0.0005844983,0.99498653,0.0008768921,0.0017059117
edm2zoe,joy,joy,0.00109949,0.0004888552,0.0005818168,0.9939599,0.0016878924,0.002182009
edm4a7m,joy,joy,0.0032326737,0.0011853906,0.0011899563,0.9902001,0.0018838962,0.0023078644
edm4x69,surprise,joy,0.0035061159,0.0007241129,0.0006781625,0.98458743,0.0010234861,0.00948071
edm4z3o,joy,joy,0.0010993804,0.0006226651,0.00061477144,0.9951626,0.0010896861,0.0014107603
edm5352,joy,joy,0.20345376,0.0075292387,0.0066519217,0.6087985,0.116942696,0.05662387
edm5kdi,joy,joy,0.0013960415,0.0005708359,0.00052578415,0.9947806,0.00077897403,0.0019476969
edm61ke,anger,anger,0.9041003,0.0070859836,0.0025136576,0.055859454,0.022521926,0.007918628
edm6lfo,joy,joy,0.0013282144,0.00067739346,0.0006305394,0.99466246,0.0009158415,0.0017855547
edm6p6p,joy,joy,0.089985065,0.01305163,0.014368698,0.85058683,0.023940384,0.00806738
edm6pqn,joy,joy,0.0011532106,0.00066861435,0.0006719607,0.99472356,0.0008820602,0.001900654
edm6udd,joy,anger,0.9664335,0.009159777,0.0018324788,0.014238604,0.005685643,0.00264995
edm7tb4,anger,anger,0.9294259,0.008395334,0.0026817007,0.015634362,0.013854448,0.030008286
edm7ul5,joy,joy,0.0019043979,0.00059451227,0.00041319628,0.9945802,0.0009390637,0.001568554
edm8a4a,sadness,sadness,0.05217185,0.021602025,0.024106666,0.116078235,0.7639538,0.02208734
edm8pxk,joy,joy,0.0013365084,0.0009187335,0.000787788,0.9927931,0.00076900993,0.003394934
edm8tm6,anger,anger,0.9376723,0.009245518,0.002198306,0.03543178,0.00931199,0.0061401664
edm9boe,joy,joy,0.051201668,0.0034847243,0.0018580864,0.7759367,0.010551334,0.15696743
edm9fvs,joy,joy,0.0018808424,0.0006354684,0.00045615618,0.994204,0.00080522185,0.002018289
edma3g6,anger,joy,0.0052749394,0.0006058531,0.0005787227,0.98731005,0.0014319093,0.00479856
edmacjb,joy,sadness,0.0685981,0.01829433,0.009517388,0.013944998,0.8826986,0.0069465814
edmbic4,anger,anger,0.96819425,0.016164323,0.0030313344,0.0057996963,0.0042629456,0.002547458
edmc01a,joy,joy,0.00089972187,0.00045116336,0.0007125457,0.9931163,0.0015864148,0.003233875
edmcsr2,joy,joy,0.0021690608,0.0006150976,0.00040193257,0.9934162,0.0012611357,0.0021365988
edmdm4w,disgust,anger,0.4229347,0.11902302,0.04619463,0.014229099,0.03484461,0.36277393
edmew3d,joy,joy,0.019214896,0.0017098278,0.0012921673,0.9686151,0.0023565062,0.0068114293
edmf0ev,joy,joy,0.0023782703,0.00075028115,0.00075670955,0.99104905,0.001506413,0.0035593142
edmf6vj,joy,joy,0.001235483,0.00082865,0.0011148169,0.9901686,0.00089769746,0.0057547367
edmfss6,joy,joy,0.0634092,0.0029611837,0.0031809018,0.6970841,0.00885023,0.22451432
edmg01b,joy,joy,0.0013015306,0.0005530107,0.00042893202,0.99457246,0.0011230628,0.002020927
edmgcyp,disgust,disgust,0.21304731,0.56145227,0.10276954,0.055757448,0.058848977,0.008124451
edmgmgz,joy,joy,0.0065592574,0.0011593092,0.0010019627,0.9857465,0.0015321698,0.0040008295
edmhk8q,anger,anger,0.83244157,0.08309411,0.02465826,0.0050131623,0.031014472,0.023778446
edmigzd,joy,joy,0.0054528187,0.0014040892,0.0025363741,0.9811555,0.0042579537,0.005193218
edmiopv,joy,joy,0.00448693,0.0009047772,0.00064155675,0.990812,0.0014561139,0.001698612
edmj3cb,joy,joy,0.010794986,0.0011464205,0.0015166297,0.94518113,0.001957388,0.03940349
edmjehl,joy,joy,0.001872198,0.00084684015,0.0007286081,0.9935794,0.0007652734,0.0022076846
edmji2s,joy,joy,0.012871186,0.0037110401,0.0027042523,0.74852383,0.0055094287,0.22668023
edmk7he,surprise,surprise,0.008128697,0.0025287946,0.0032133386,0.009588621,0.0052194954,0.9713211
edmkd4a,joy,joy,0.0025752336,0.00063423335,0.00060669857,0.9919121,0.0013272086,0.0029444003
edmmoje,joy,joy,0.021769734,0.0014310875,0.0011316312,0.9661007,0.0037227976,0.0058440845
edmn2nf,joy,joy,0.0015265385,0.00072031835,0.00057578523,0.99127555,0.000817248,0.005084535
edmnwpc,joy,joy,0.031922076,0.003228904,0.002551914,0.6271829,0.009908971,0.3252052
edmon0x,joy,joy,0.001312913,0.0007029521,0.0005565475,0.9948242,0.0008370762,0.0017663232
edmpjmr,joy,joy,0.0017581148,0.00060901477,0.00041959787,0.994206,0.00073499145,0.002272241
edmq2rl,joy,joy,0.0040323,0.0010094419,0.0011829545,0.96099776,0.0012462882,0.031531252
edmqmsn,anger,anger,0.946596,0.00738937,0.002937691,0.02077345,0.0051086475,0.017194914
edmrlq5,surprise,surprise,0.00620885,0.002506584,0.0036715723,0.0052170795,0.006434334,0.9759615
edmrmhc,joy,surprise,0.010306556,0.0043964535,0.012648811,0.018372577,0.008059254,0.94621634
edmsoei,joy,joy,0.0013122692,0.0007002237,0.00053184247,0.9948277,0.0009383237,0.0016896697
edmv5hg,joy,joy,0.0010913232,0.00068032066,0.0008082758,0.9930061,0.0008687161,0.0035452216
edmv7t1,surprise,surprise,0.022011068,0.004653053,0.0075767753,0.008738364,0.016635617,0.94038504
edmwpv0,joy,joy,0.0014965164,0.00051408226,0.00046686173,0.99441,0.0011757476,0.0019367404
edmwt3n,joy,joy,0.0013527874,0.0005867236,0.00053326605,0.9948154,0.00076158514,0.0019502371
edmxz84,surprise,surprise,0.005059415,0.0030545848,0.004971338,0.0055966717,0.007161834,0.9741561
edmypep,joy,joy,0.0015014925,0.00073157606,0.00059800415,0.9942472,0.0007313472,0.002190425
edmzcrk,anger,anger,0.5783121,0.017509121,0.0120949205,0.1972161,0.16598926,0.028878512
edmzko2,disgust,sadness,0.055532034,0.1877914,0.044138286,0.005856675,0.6994525,0.007229043
edmzl11,anger,anger,0.96074045,0.015923796,0.0026131761,0.010170513,0.008616987,0.0019351462
edmzslw,joy,joy,0.0012229215,0.00051443995,0.0005503044,0.9939831,0.0009703294,0.0027589332
edn2pgt,anger,joy,0.061634943,0.010103892,0.0100820465,0.8586125,0.04809477,0.011471821
edn3j2g,fear,fear,0.02289427,0.03751131,0.8338125,0.02154001,0.04987602,0.03436587
edn4ff4,joy,joy,0.0018991056,0.0005344646,0.000535427,0.99418855,0.0011315673,0.0017109964
edn4ll2,joy,surprise,0.015552406,0.002915094,0.0030567003,0.33102125,0.012279215,0.6351753
edn4pb5,joy,joy,0.0009986423,0.0006830354,0.0006287861,0.99507207,0.00086346775,0.0017538748
edn4v2r,joy,surprise,0.036423475,0.005822989,0.0063615395,0.040578295,0.0413802,0.8694336
edn4xjd,joy,joy,0.0028005044,0.00078901096,0.00066290016,0.9821906,0.0012874559,0.012269453
edn5amu,anger,surprise,0.12261042,0.017276539,0.072929755,0.15015721,0.013334861,0.62369126
edn5avp,sadness,sadness,0.0321602,0.009229971,0.038879808,0.105156,0.7944229,0.0201511
edn6dcs,joy,joy,0.0044316556,0.00088388997,0.0007355122,0.9895158,0.0024930062,0.0019401612
edn7b3a,disgust,disgust,0.30064714,0.5196003,0.10243852,0.022980507,0.042659245,0.011674388
edn9bfj,joy,joy,0.0025634991,0.00069583324,0.0005284052,0.9923309,0.0013388018,0.0025424936
ednabpt,joy,anger,0.62150174,0.0073222625,0.0038884722,0.32596907,0.024528233,0.016790273
ednakvb,surprise,surprise,0.021803427,0.012504067,0.03434558,0.030769197,0.19163367,0.70894396
ednan1g,joy,anger,0.7690058,0.005929435,0.0023921058,0.19061919,0.019328324,0.012725168
ednbjt6,joy,sadness,0.2000935,0.012835813,0.03180793,0.2441058,0.42733115,0.083825834
ednbqbt,joy,joy,0.0032381392,0.00085216964,0.00052840833,0.99167657,0.0012410801,0.0024635545
ednd9yt,joy,joy,0.0050852457,0.0011230797,0.0010872966,0.98738366,0.0031684036,0.0021523281
edndid2,surprise,surprise,0.020402338,0.0025891305,0.0025789724,0.028172687,0.010572123,0.9356847
edndmmt,anger,anger,0.845244,0.015652344,0.005511005,0.030118177,0.08395121,0.019523308
edneky9,joy,surprise,0.37804323,0.013366015,0.004923494,0.11733431,0.0144441305,0.47188887
edneqno,anger,anger,0.9713415,0.01262215,0.00209436,0.007201468,0.0037720632,0.0029684277
ednf0ba,joy,joy,0.015997492,0.0033791468,0.0024219488,0.66487753,0.005270522,0.30805337
ednfoyd,surprise,surprise,0.010986092,0.0023156877,0.002423554,0.011157592,0.0056793136,0.96743786
edngz7w,joy,joy,0.0012281681,0.00054185773,0.00055707083,0.99485177,0.00086627767,0.0019548286
ednhdl6,joy,joy,0.001637012,0.0006838828,0.0007429292,0.9927262,0.0014769523,0.0027329929
ednhgfw,fear,fear,0.032674316,0.032872662,0.7930015,0.04149413,0.05423673,0.04572073
ednhpsd,joy,joy,0.0009383593,0.0006441749,0.0007356712,0.99453014,0.00089651573,0.002255156
ednip9q,sadness,sadness,0.035100468,0.032732833,0.0093779825,0.010015147,0.8958772,0.016896386
edniutj,anger,anger,0.96391445,0.01695004,0.0023499862,0.0061364654,0.006950645,0.0036983893
ednjqz8,sadness,joy,0.05735458,0.0027007826,0.0024585056,0.92402756,0.006357705,0.0071008564
ednky9a,joy,joy,0.0015674838,0.0007037319,0.0005050328,0.99460465,0.0006773825,0.0019416565
ednkzrh,joy,joy,0.0011037042,0.00057173485,0.000725834,0.993305,0.0013199844,0.0029737246
ednm72q,sadness,sadness,0.026956052,0.011671639,0.010670966,0.16271083,0.7772082,0.01078233
ednmbx0,joy,joy,0.002369051,0.00086176064,0.0006902351,0.9929268,0.0011649551,0.0019872508
ednmd0i,joy,joy,0.004264038,0.0012797373,0.001311744,0.94135964,0.0019523392,0.0498326
ednn0zw,surprise,surprise,0.018767403,0.004481967,0.006833766,0.012546309,0.007897728,0.94947284
ednn2rx,joy,joy,0.002258342,0.0006392136,0.0004547596,0.99263954,0.0015402603,0.0024679217
ednnig9,joy,joy,0.0019688949,0.0008232501,0.0009003635,0.99183196,0.0011548091,0.0033208425
ednnjnp,joy,joy,0.003352318,0.0011442779,0.0016395807,0.9874858,0.0018222308,0.004555829
ednou9o,surprise,surprise,0.0054586246,0.0022958731,0.003861687,0.012264179,0.0060079466,0.97011167
ednp1ld,joy,joy,0.012650361,0.0049659964,0.014027811,0.5994056,0.34726653,0.021683749
ednpbcq,surprise,surprise,0.22893059,0.009114112,0.009416594,0.030622203,0.016867036,0.70504946
ednpd3m,joy,joy,0.0061001983,0.0011534007,0.0026237578,0.9575732,0.009405173,0.023144327
ednq034,joy,joy,0.0014707472,0.0006095839,0.0005584481,0.9937012,0.0017332695,0.0019267844
ednqr1y,anger,surprise,0.061810084,0.007011975,0.0075535956,0.009626606,0.013446041,0.9005517
ednqwtf,joy,joy,0.0043839156,0.00082175614,0.000538956,0.9896979,0.00094168494,0.0036157751
ednqxvb,joy,joy,0.0012357291,0.0005716491,0.0005335795,0.9949255,0.0007408982,0.0019926243
ednrd6b,surprise,surprise,0.015824676,0.0031564895,0.0027462656,0.40665442,0.009490786,0.5621274
ednrsqa,joy,joy,0.011909138,0.0009186211,0.00069583877,0.97913384,0.003931026,0.0034115128
ednrv41,joy,joy,0.004892049,0.0015174153,0.0059790937,0.9685791,0.008033491,0.010998805
ednrypp,joy,joy,0.0051383,0.0012347454,0.0018128183,0.9676616,0.0051702484,0.018982314
edns1tv,joy,joy,0.0011375763,0.00054329657,0.00052966096,0.9948999,0.00091052335,0.0019790218
ednshdu,joy,joy,0.005377016,0.0014244909,0.0009715031,0.95809114,0.0020647082,0.03207118
ednt363,joy,sadness,0.017051872,0.009300156,0.0089699635,0.019872429,0.9365566,0.0082490295
ednuk54,joy,joy,0.0026012934,0.0011168355,0.0009110479,0.99140304,0.0009379846,0.0030297807
ednw3ga,joy,joy,0.0018695117,0.0006683231,0.0005908165,0.9927487,0.0008161903,0.0033064694
ednwuto,surprise,surprise,0.010301978,0.0031838424,0.0054656183,0.25221938,0.009666648,0.7191625
ednxhk4,surprise,joy,0.027801743,0.0049232617,0.019992173,0.6014386,0.2881966,0.05764762
edny3g2,joy,sadness,0.2484401,0.13846682,0.09522195,0.025398483,0.48265725,0.00981544
edny86i,joy,joy,0.0021634635,0.0006005026,0.0006924453,0.9898533,0.0014040404,0.005286291
ednz4de,joy,sadness,0.017577793,0.008037124,0.042148743,0.3236719,0.5876341,0.02093037
ednz6pb,surprise,surprise,0.0071010753,0.002257082,0.004628966,0.011485863,0.008216887,0.96631
edo0pjj,anger,anger,0.844876,0.022613278,0.0054074996,0.035060685,0.06534933,0.026693236
edo2yqh,anger,surprise,0.11873122,0.0074317884,0.006422697,0.01800388,0.053359278,0.7960511
edo362k,joy,joy,0.001264091,0.0007548305,0.0007525634,0.99386,0.0009074636,0.0024610567
edo5das,anger,anger,0.4546773,0.0062702065,0.004562386,0.22785032,0.054250948,0.25238883
edo5k60,joy,surprise,0.008585631,0.0026349046,0.0035444025,0.010961163,0.005515433,0.9687585
edo5pvp,joy,joy,0.0074202097,0.0023183334,0.014348698,0.94711167,0.011339421,0.017461639
edo683i,sadness,sadness,0.17661682,0.13226934,0.036771875,0.0045868317,0.6333787,0.016376454
edo6jtp,joy,joy,0.0025990857,0.0006018724,0.0004890246,0.9927401,0.0010653598,0.0025044782
edo7dg4,anger,surprise,0.016247602,0.0023450237,0.0026719414,0.016839683,0.006228981,0.95566666
edo7mte,joy,joy,0.001097366,0.0007195618,0.00056171103,0.99410254,0.0008947558,0.002624139
edo7r19,surprise,joy,0.0070935385,0.002871257,0.0030369053,0.70893794,0.0042393417,0.27382103
edo7suu,anger,anger,0.93365175,0.01556656,0.002082619,0.030610682,0.014294213,0.0037941108
edo86yd,joy,joy,0.009666463,0.001344331,0.0006307889,0.9844289,0.0020994428,0.0018300283
edo8zrs,surprise,surprise,0.0067376024,0.0019093585,0.003315099,0.01637962,0.007274622,0.9643837
edo91pt,surprise,surprise,0.0042668977,0.0023435606,0.0036347297,0.009903842,0.005536965,0.97431403
edo9487,surprise,joy,0.011715691,0.0014571607,0.0029142906,0.83675945,0.007711618,0.13944183
edo9aqg,anger,anger,0.79733896,0.13517657,0.0150632365,0.0071998206,0.040769253,0.0044521154
edo9wi9,joy,joy,0.00185555,0.00060477003,0.0005548118,0.99449956,0.0009945892,0.0014906593
edoakke,joy,joy,0.001253637,0.00063474785,0.00050489226,0.99345076,0.0011320537,0.0030239087
edoazn7,joy,joy,0.0012017419,0.0004480717,0.0006109281,0.9939535,0.0017581086,0.0020276003
edob1yj,surprise,surprise,0.018876119,0.0041525974,0.004817148,0.0050154896,0.00791935,0.95921934
edobeh3,joy,joy,0.001669409,0.00066976744,0.00049968413,0.9947931,0.0010137719,0.001354206
edoc46b,joy,joy,0.0070112133,0.0014298306,0.0010036761,0.9563887,0.0019220198,0.032244522
edocqjn,anger,anger,0.9348589,0.0351672,0.003495327,0.0057104584,0.015470732,0.005297286
edocw5l,sadness,anger,0.7990906,0.037173998,0.0053907707,0.018103661,0.12925346,0.010987496
edod3e6,joy,joy,0.0010677114,0.00062824326,0.00085850846,0.9942338,0.0016521282,0.0015597238
edodrci,surprise,surprise,0.006743564,0.0027602767,0.0035181714,0.0066709574,0.0051616267,0.97514546
edoe247,sadness,sadness,0.00580608,0.005351107,0.014847009,0.01741235,0.93797785,0.018605635
edoeh48,joy,joy,0.0020511237,0.00083274243,0.0006924296,0.9932232,0.0008442062,0.0023563122
edoejlm,joy,anger,0.8722764,0.0076384237,0.0046595177,0.066063754,0.03368018,0.015681777
edoeypb,joy,joy,0.0015943893,0.00062911643,0.0005027318,0.9946278,0.00072814646,0.0019178103
edog0bw,joy,joy,0.003113046,0.0007859821,0.001991713,0.9790708,0.006863105,0.008175346
edogdd7,sadness,sadness,0.19416866,0.024466563,0.024920575,0.087739244,0.59940886,0.069296084
edoiosm,joy,joy,0.0016308379,0.0006112226,0.00068589504,0.99352115,0.001514132,0.0020367394
edoj7ve,joy,joy,0.0009892436,0.00055142486,0.00078274874,0.9929669,0.0026639535,0.0020457755
edojf5w,joy,joy,0.0025185987,0.0006679643,0.00056725135,0.992174,0.0007744909,0.0032977222
edokwxy,joy,joy,0.0017345345,0.0008047353,0.0005243658,0.99285865,0.00087225775,0.0032054847
edol784,surprise,surprise,0.0051869517,0.002309095,0.0036577045,0.008558111,0.0055367174,0.97475135
edolxy5,anger,anger,0.9237141,0.051457778,0.0028270741,0.0072342777,0.011252679,0.0035140319
edom8il,surprise,surprise,0.007086185,0.0029317003,0.0031192347,0.030422617,0.005355546,0.95108473
edomg6o,anger,anger,0.9509995,0.023525508,0.0029127307,0.0068927533,0.010634886,0.0050345543
edomho7,surprise,surprise,0.024497328,0.0052287667,0.0042597638,0.0061869174,0.0070874463,0.9527398
edomu36,joy,joy,0.002083989,0.00066321885,0.000665094,0.9918703,0.00077204144,0.00394544
edona8g,joy,joy,0.00091945217,0.00067242805,0.0010238236,0.9931699,0.002290288,0.001924036
edopoqr,joy,joy,0.0029938268,0.00087248633,0.00052373175,0.99214995,0.0010361106,0.0024239337
edopst7,joy,joy,0.0018652882,0.000641666,0.00046127246,0.994441,0.00083596737,0.0017547811
edot2cu,sadness,anger,0.76415443,0.021751976,0.007942494,0.011139311,0.18071581,0.014295903
edot3om,surprise,surprise,0.22958137,0.00999695,0.008294408,0.30644676,0.13056694,0.31511357
edot6go,joy,joy,0.0018364105,0.00060579355,0.00046812906,0.9943375,0.00092759193,0.0018246792
edottp2,joy,joy,0.0035742742,0.0005759955,0.00046191356,0.9872465,0.0010849722,0.0070564034
edowtdr,joy,joy,0.00119124,0.0006375561,0.00059451937,0.9949307,0.00067028444,0.0019756379
edowweu,joy,joy,0.0030523029,0.0007401459,0.0004774031,0.992274,0.0012703909,0.0021857119
edoxmzk,joy,joy,0.0018257701,0.0007405533,0.00050433655,0.99372673,0.0007998037,0.002402862
edoy9yy,anger,anger,0.55578697,0.00978701,0.0058151414,0.40219578,0.017250495,0.0091646705
edoymh6,joy,joy,0.014756113,0.0011440328,0.0010024792,0.96418154,0.0028056526,0.01611024
edoyyye,joy,joy,0.004607889,0.0007751328,0.0005086291,0.99082536,0.0010830383,0.0021999334
edp09u3,sadness,sadness,0.011756565,0.007683359,0.0135676665,0.04345288,0.912466,0.011073581
edp0uwr,sadness,sadness,0.0859818,0.022779537,0.008260132,0.035049714,0.8412179,0.0067108967
edp161d,joy,joy,0.0017328953,0.0006531822,0.000435864,0.9946214,0.0010420425,0.0015146405
edp1dr5,joy,anger,0.9582255,0.025095537,0.0041592624,0.004003713,0.005021281,0.0034946878
edp3os0,surprise,joy,0.0016725732,0.0006730055,0.0006382996,0.99337643,0.0008387327,0.0028009648
edp4grt,joy,anger,0.90107864,0.007923551,0.002058094,0.043120556,0.011984131,0.033835012
edp4m3v,anger,anger,0.75822324,0.009991419,0.0050340123,0.068192,0.025010023,0.13354927
edp5w86,anger,anger,0.7943341,0.015723009,0.005009439,0.05110299,0.11614159,0.01768885
edp62db,surprise,surprise,0.022485426,0.004728128,0.0041696588,0.11526275,0.007890613,0.84546345
edp8dxy,joy,joy,0.0013879922,0.0006502913,0.0006838878,0.99354714,0.00110553,0.0026251303
edp8gyz,joy,joy,0.018118316,0.0013031671,0.00077694195,0.97352827,0.0021926656,0.004080684
edp8lj0,joy,joy,0.014365392,0.0027164468,0.0020831502,0.77546453,0.005460936,0.19990951
edp8zba,anger,joy,0.0018772001,0.0006535073,0.0006002253,0.99224985,0.0023863555,0.0022328994
edp99d7,joy,joy,0.08154729,0.00399214,0.003417106,0.86155915,0.017228102,0.032256156
edp9eyi,joy,joy,0.0013092168,0.0005898534,0.00046036765,0.99448955,0.0009075674,0.002243487
edpandf,surprise,joy,0.0017097093,0.000965499,0.00079713523,0.99128526,0.0010125216,0.004229921
edpc3ur,anger,anger,0.86375684,0.009090826,0.0070951334,0.024718449,0.011073831,0.084264964
edpen66,joy,joy,0.0021245289,0.00077097944,0.0007682648,0.988035,0.0011108002,0.0071904175
edpewdt,joy,joy,0.0019359504,0.00078561116,0.00066521455,0.9917697,0.0010194359,0.0038241504
edpf05v,anger,anger,0.730504,0.015691085,0.01811127,0.09059822,0.13100822,0.014087233
edpf9ol,anger,anger,0.96098465,0.006850264,0.0016020557,0.019654948,0.0074316417,0.003476367
edph5p9,joy,joy,0.0012024565,0.0007330878,0.00094247475,0.9887305,0.0056241574,0.0027672832
edpi6k3,joy,joy,0.0014900778,0.00093727116,0.0008721817,0.99257,0.0010296095,0.0031008834
edpjatm,sadness,sadness,0.04298975,0.017316068,0.010375611,0.021278903,0.8887579,0.019281823
edpjd0y,anger,anger,0.94676036,0.019180963,0.0021495125,0.0054854224,0.021039443,0.0053844186
edpn9m7,joy,surprise,0.024617441,0.0029561205,0.0027533597,0.12786184,0.01385132,0.82795995
edpnq8t,joy,joy,0.0011919391,0.0005947724,0.0005490578,0.99506384,0.00075151015,0.0018489015
edpnzul,joy,joy,0.01710474,0.0032562374,0.007868785,0.57804674,0.013272714,0.38045076
edpoidl,joy,joy,0.0026736937,0.0006670126,0.00080392533,0.9878824,0.0008730024,0.007100082
edpom9u,joy,joy,0.0030539378,0.0005850431,0.0004230057,0.9920738,0.0013968264,0.0024673988
edpp00u,anger,surprise,0.2277115,0.013084365,0.0051708445,0.023271054,0.06657346,0.66418874
edpp1ko,joy,joy,0.0012576664,0.00050454686,0.0005254394,0.9948079,0.0011561314,0.0017483338
edppi7d,joy,joy,0.001768896,0.0006486457,0.00039591113,0.9939282,0.0008925881,0.002365765
edpq6cw,anger,anger,0.41089958,0.094769776,0.37270123,0.045436148,0.031226046,0.044967204
edprcgp,anger,anger,0.9440404,0.013756301,0.0038477103,0.0062423684,0.0053579146,0.026755264
edpriid,joy,joy,0.0046331296,0.0010341508,0.0012368656,0.9766515,0.01101185,0.005432492
edprirt,joy,joy,0.0034058858,0.0018858158,0.0021242667,0.91893435,0.0022552637,0.07139444
edpt0zu,joy,joy,0.0017078212,0.0007041703,0.00063984416,0.9936585,0.0008356083,0.0024540483
edpu0ys,joy,joy,0.0021165707,0.0006724423,0.00055444846,0.99352646,0.00091697695,0.0022131866
edpv00z,joy,joy,0.0057433164,0.0016881864,0.0015425138,0.9742812,0.007346086,0.009398611
edpvtxv,joy,joy,0.0018494152,0.0006816101,0.0006746129,0.994218,0.00089586386,0.0016805147
edpw2z1,joy,joy,0.0013016476,0.0005803493,0.0007175541,0.9944646,0.0008160532,0.002119874
edpwpju,anger,anger,0.94576573,0.021455592,0.008268475,0.007007783,0.0058437414,0.011658773
edpx81n,fear,fear,0.028959772,0.06346567,0.81000704,0.01666733,0.05477333,0.026126824
edpya46,sadness,sadness,0.021794086,0.009690549,0.007123464,0.01406501,0.942137,0.0051899436
edpyywe,joy,joy,0.000993772,0.00055575854,0.00065481086,0.99415225,0.001810313,0.0018330968
edpzhvj,surprise,surprise,0.0107902,0.0030799408,0.0030031302,0.011541527,0.006740332,0.9648448
edpzv6w,joy,joy,0.0015102902,0.00060649903,0.0005126563,0.99480635,0.0008939486,0.0016703419
edq0bqs,anger,anger,0.9353002,0.014623114,0.003342836,0.0342324,0.007282645,0.00521883
edq1y7t,joy,joy,0.022718132,0.0014071303,0.001150496,0.96606356,0.005415005,0.0032457188
edq2wc6,joy,joy,0.019762509,0.0052097472,0.00456636,0.6339304,0.0070680394,0.32946298
edq3d91,sadness,sadness,0.34335575,0.02774251,0.025285434,0.025936587,0.55801094,0.019668818
edq3k72,sadness,sadness,0.014826135,0.016061418,0.059567846,0.019918658,0.87413365,0.015492216
edq48mm,joy,surprise,0.113689244,0.0054494687,0.0039905757,0.39041707,0.009639315,0.47681433
edq4jwq,surprise,surprise,0.009132053,0.0028531295,0.0037563583,0.0049160523,0.0059792413,0.97336316
edq51n7,anger,joy,0.04435288,0.0030379642,0.0012461576,0.94262886,0.0053432826,0.0033907897
edq5fr6,joy,joy,0.0018989625,0.0005640715,0.0005393797,0.9931457,0.00076062087,0.0030912638
edq5l4u,joy,joy,0.008600899,0.0009733476,0.00095373834,0.98197675,0.005127834,0.002367478
edq5mpc,joy,joy,0.001262179,0.0006721312,0.0005078611,0.99329597,0.0009844255,0.0032774967
edq64nv,surprise,surprise,0.0059843715,0.0028545838,0.0039658267,0.0071870834,0.005584158,0.97442406
edq6a6i,surprise,surprise,0.010805268,0.0038665181,0.006171714,0.015101995,0.011892225,0.9521622
edq6lly,joy,joy,0.00660407,0.0036526534,0.005107293,0.6032756,0.0057000127,0.3756604
edq8567,joy,joy,0.0015077185,0.00060245395,0.0005577771,0.994663,0.0010371626,0.0016318259
edq8t3g,joy,joy,0.0027930117,0.0006713608,0.0004478339,0.99278826,0.0013223069,0.0019772346
edq9742,sadness,sadness,0.006349928,0.008788985,0.013085674,0.010293288,0.9548522,0.0066298307
edq9j92,anger,anger,0.49194542,0.0051903627,0.0040381704,0.43841642,0.008973917,0.051435776
edq9k5o,joy,joy,0.002012382,0.000569488,0.00044865822,0.9941282,0.0013323567,0.0015089095
edqb2x4,fear,fear,0.019261656,0.0337664,0.81806684,0.01997096,0.07153208,0.037402038
edqbp7m,joy,joy,0.005393313,0.0007431271,0.0007879541,0.985008,0.0019872077,0.006080435
edqc1yz,joy,joy,0.0013135041,0.00064460054,0.0005894798,0.99359494,0.0008143542,0.0030430497
edqc8g7,surprise,surprise,0.0060063708,0.0027831257,0.0049932688,0.24498206,0.0064622224,0.7347729
edqe733,anger,anger,0.95426947,0.0064744893,0.0017539979,0.021110691,0.008402325,0.007988967
edqfwbb,sadness,sadness,0.009768689,0.010945913,0.009873119,0.0057048933,0.9550902,0.008617148
edqie2o,anger,anger,0.8875038,0.031110186,0.0036204006,0.051441118,0.020757696,0.0055667525
edqjkm3,joy,joy,0.0015292956,0.0006189313,0.0005587991,0.99500555,0.00090802315,0.0013794424
edql0mu,joy,joy,0.0021304823,0.000634231,0.00042828766,0.9929183,0.0007843873,0.0031043836
edqlu8c,joy,joy,0.016005212,0.0022333742,0.0026664936,0.93396723,0.016990187,0.028137479
edqmmr8,sadness,sadness,0.009101834,0.007718978,0.007390831,0.010950299,0.95880455,0.0060335062
edqmqf8,anger,anger,0.9375171,0.012332906,0.0023125047,0.016756538,0.016150884,0.014929991
edqop78,anger,anger,0.5612329,0.013417151,0.009735886,0.15453488,0.0481565,0.21292263
edqpdqx,joy,joy,0.022945922,0.012032903,0.1404373,0.6928537,0.09052447,0.04120576
edqpzk7,sadness,sadness,0.0063233525,0.008095318,0.0155424345,0.01589126,0.9435922,0.010555538
edqr7ji,joy,joy,0.0015010118,0.0006586943,0.00050802424,0.9944305,0.0007129945,0.0021887769
edqr7ka,joy,joy,0.027370894,0.003065638,0.0076940004,0.68498135,0.016617568,0.2602706
edqs4tt,fear,anger,0.4146631,0.11452959,0.31546447,0.06128063,0.040599305,0.05346294
edqsey9,surprise,surprise,0.01157425,0.0027836673,0.004142262,0.07278563,0.008029464,0.9006847
edqsfef,anger,anger,0.76403064,0.16466719,0.016940627,0.006216921,0.027753104,0.020391528
edqsiaj,joy,joy,0.001965938,0.0008915034,0.0017479868,0.9865993,0.0062078964,0.0025872996
edqsica,surprise,surprise,0.019542618,0.0037793084,0.0031228736,0.0068822475,0.00749899,0.9591739
edqssvy,surprise,surprise,0.010826223,0.0025600337,0.0030909202,0.020464182,0.00643323,0.9566253
edqt9q9,sadness,anger,0.8322399,0.034589667,0.0045418907,0.022267757,0.07208588,0.03427485
edqtehl,joy,joy,0.29732266,0.008600555,0.0047849896,0.6534421,0.010386317,0.025463348
edqv0nr,joy,joy,0.0015426439,0.00071031926,0.00066648144,0.9947238,0.0007397191,0.0016170901
edqw4dy,joy,joy,0.0028082812,0.0005443156,0.0010553686,0.9874362,0.0021616346,0.005994174
edqwmts,joy,joy,0.0011594017,0.0006290214,0.0011603603,0.9929684,0.0015246073,0.0025582116
edqxbkg,surprise,surprise,0.0092228465,0.0021523335,0.0035896115,0.35348052,0.008264571,0.6232901
edqxzpp,joy,joy,0.0013121848,0.0007251267,0.0007751185,0.99339193,0.0023647852,0.0014308896
edqy1eu,anger,sadness,0.05928543,0.008601907,0.009868731,0.025046667,0.8859436,0.011253588
edqy7bh,joy,joy,0.0036494536,0.0009039077,0.0018283987,0.98230743,0.007362564,0.003948291
edqzvxf,joy,joy,0.010204225,0.00132202,0.0013832601,0.98017293,0.0019184594,0.0049990653
edr12yq,joy,joy,0.0011053218,0.0006346712,0.00055018923,0.99518967,0.000732163,0.0017880028
edr1k22,joy,joy,0.001987907,0.000659143,0.00065229036,0.99306583,0.00075195817,0.0028828473
edr26ht,sadness,sadness,0.02057151,0.01046739,0.008125962,0.009488273,0.9438767,0.0074701295
edr298t,surprise,surprise,0.010925753,0.0025608405,0.0030933544,0.013548267,0.0062003885,0.96367127
edr2wkn,joy,joy,0.0018396713,0.00062884146,0.00095481944,0.98981106,0.003664509,0.0031011358
edr3hu4,joy,joy,0.033099305,0.0015391469,0.0007730807,0.9521715,0.006489215,0.0059277345
edr3qk1,sadness,sadness,0.22438556,0.017232424,0.012876373,0.047233947,0.6598046,0.03846718
edr3vme,joy,joy,0.013446044,0.0017517282,0.0030826656,0.9719702,0.005128404,0.004620952
edr4x9q,joy,joy,0.001936187,0.0006985046,0.0008235428,0.9863208,0.0012458183,0.008975193
edr4zvg,joy,joy,0.0014044538,0.00076855725,0.00058943353,0.9946483,0.00075319194,0.00183608
edr57s8,surprise,surprise,0.0058861664,0.0027644308,0.00468816,0.0048980447,0.0058503635,0.9759128
edr5f2c,joy,joy,0.009336334,0.002205681,0.0021221745,0.80224335,0.006169786,0.17792264
edr5llp,anger,joy,0.0030816272,0.0006331672,0.00052051956,0.99062496,0.0011187241,0.0040211203
edr6hjf,surprise,surprise,0.012439772,0.0033444827,0.0026540353,0.022062588,0.008701173,0.950798
edr7dnd,joy,joy,0.0012938059,0.0005481779,0.00043761256,0.99499434,0.0010430504,0.0016830455
edr85qe,joy,joy,0.0009340035,0.00058305205,0.00060376653,0.9950878,0.0011037709,0.0016876077
edr8fce,joy,joy,0.0045992406,0.0009837357,0.001003561,0.9889276,0.0019504119,0.0025355092
edr8tj5,joy,joy,0.003216215,0.00068430917,0.00073254696,0.99076277,0.0013439868,0.0032601622
edr95m4,joy,joy,0.0013818066,0.00094141427,0.0007414234,0.99057466,0.00078444905,0.0055763465
edr9gz1,joy,joy,0.0016994448,0.0006627576,0.00068480836,0.99100906,0.0014347252,0.0045092218
edraces,joy,joy,0.0013868546,0.00061781897,0.00057710044,0.9946931,0.0008405771,0.0018845135
edrcsxd,joy,anger,0.56970996,0.0102389,0.006377377,0.34531924,0.05688911,0.011465438
edremjy,joy,joy,0.0032441313,0.00063679524,0.00045779394,0.9879296,0.000993827,0.0067378557
edrf0al,joy,joy,0.006211966,0.005318831,0.033658937,0.7685993,0.047176328,0.13903467
edrfqxl,joy,joy,0.0018341512,0.0006719973,0.00054405496,0.99454486,0.000793354,0.0016115843
edrfs7m,sadness,anger,0.34859294,0.10729377,0.2854847,0.017515434,0.11004274,0.13107045
edrhxjz,surprise,anger,0.52026194,0.026489327,0.018258803,0.010031419,0.26217797,0.16278045
edri0r1,sadness,joy,0.014338174,0.0030404078,0.006450948,0.8174244,0.14837752,0.010368582
edriki2,joy,joy,0.0016565315,0.0007253188,0.000572193,0.9936148,0.00072674063,0.0027043344
edrj7db,joy,joy,0.002316275,0.0007386813,0.00067722297,0.99219114,0.0008434409,0.003233191
edrjho0,joy,joy,0.03821688,0.005209301,0.019445613,0.7672059,0.1505034,0.019418923
edrjm8l,joy,joy,0.0016545051,0.0005529516,0.00044981472,0.9946354,0.00082806044,0.0018792233
edrjy8b,joy,joy,0.0011995279,0.00058323675,0.00063220446,0.9936299,0.00091787655,0.0030373451
edrkw6p,joy,joy,0.001468048,0.00075228995,0.00058206375,0.9945022,0.0007725372,0.0019228798
edrlos5,joy,joy,0.001648913,0.0006042371,0.00048486344,0.99424404,0.0009162445,0.0021016174
edrls4n,joy,joy,0.0019831357,0.0006667167,0.000621446,0.99306846,0.0010607974,0.002599442
edrlwlq,joy,joy,0.0010625502,0.00060358323,0.0005805353,0.99442106,0.0008096413,0.0025226953
edrmucl,anger,anger,0.95373493,0.01735108,0.0017838517,0.015497492,0.009269503,0.0023631563
edrnbi7,joy,joy,0.0020026835,0.0006573359,0.0006275691,0.99100935,0.0009086934,0.004794405
edrnnuj,joy,joy,0.0014280837,0.0005481872,0.0004944339,0.9942865,0.0009476388,0.0022951982
edro4ig,sadness,sadness,0.008376063,0.006966443,0.014911966,0.023415884,0.93829113,0.008038383
edroc0j,sadness,sadness,0.29754826,0.023458239,0.06700877,0.07014006,0.4783663,0.06347832
edrofh4,joy,joy,0.0013781926,0.0005801649,0.0005469348,0.99442023,0.0007952452,0.0022792078
edrophq,joy,joy,0.0030138306,0.001023061,0.0010465215,0.96611786,0.0012155697,0.02758319
edrpjzt,joy,joy,0.0015787252,0.0009637084,0.0009246784,0.99354583,0.0008626977,0.0021243917
edrqcb6,anger,anger,0.55970687,0.14512819,0.024246147,0.009891942,0.2388083,0.022218581
edrqftq,surprise,anger,0.6506441,0.089602865,0.00843332,0.013603221,0.2218637,0.015852738
edrr7yl,joy,joy,0.0011378127,0.00070440554,0.0008608929,0.9933962,0.0008707726,0.0030299455
edrrskr,surprise,surprise,0.007748206,0.0029322898,0.0049775606,0.010603367,0.0057245763,0.9680139
edrry0k,joy,joy,0.005312694,0.0010313707,0.00090566516,0.9638169,0.002765966,0.026167426
edrtg0a,joy,joy,0.0019112125,0.00064616924,0.0007161485,0.99282223,0.001243936,0.002660265
edrtigp,joy,joy,0.0010653946,0.00066276477,0.00073334266,0.9907329,0.00077954895,0.0060259765
edrv61p,joy,joy,0.0008629018,0.0006118438,0.00065285555,0.9948572,0.0008374378,0.0021777963
edrvxvk,fear,joy,0.2062421,0.0054492024,0.012478012,0.39470053,0.0599877,0.3211425
edrw5oj,anger,anger,0.92781264,0.024314938,0.0038790682,0.018205509,0.01504494,0.010742899
edrwx1x,anger,anger,0.91863084,0.007360248,0.0031446996,0.018477332,0.014621143,0.037765738
edrx7ju,sadness,sadness,0.0185457,0.04561275,0.26625028,0.010825332,0.55890673,0.09985916
edrxm80,surprise,surprise,0.009503063,0.0030432194,0.0030854044,0.13961089,0.005766659,0.83899075
edrxqba,anger,joy,0.055908844,0.0031308394,0.0029498157,0.9257344,0.0033498695,0.008926245
edrz015,sadness,sadness,0.009364328,0.008671659,0.009606523,0.016875891,0.94935447,0.006127242
edrz9eh,surprise,surprise,0.007532543,0.002376622,0.0031463846,0.013050689,0.005777332,0.96811646
eds0hr5,surprise,surprise,0.006217955,0.0031546755,0.0039541074,0.107565194,0.00573849,0.8733696
eds0tur,surprise,surprise,0.011991021,0.0029081202,0.00398418,0.0053992644,0.0072005014,0.9685168
eds0u7t,joy,joy,0.008308947,0.0010313597,0.0011319916,0.9730796,0.0065867105,0.009861381
eds10sl,surprise,surprise,0.005754084,0.0034463727,0.006465324,0.0073521035,0.008550831,0.9684313
eds2wyn,joy,joy,0.0015146453,0.0006648956,0.0004704889,0.9943287,0.0010047981,0.0020165269
eds3wxg,joy,joy,0.00202341,0.0006216704,0.00047243835,0.9934621,0.001665316,0.0017551548
eds5e1p,anger,anger,0.8901206,0.08125838,0.0068577584,0.0077538914,0.010893548,0.0031158507
eds6fgw,anger,surprise,0.087323174,0.0059241597,0.0035513598,0.025666026,0.021552641,0.85598266
eds6tu1,joy,joy,0.0013717143,0.0007093553,0.00058655464,0.9941415,0.0008706127,0.0023203013
eds7tyd,joy,joy,0.0016932099,0.00073574233,0.0011147883,0.98757756,0.0014007983,0.0074779484
edsbf34,joy,joy,0.0012773422,0.00064453867,0.00056875235,0.99411374,0.00079508504,0.0026005555
edscggi,joy,joy,0.004290593,0.0008084278,0.000687555,0.9826063,0.0014156459,0.010191581
edsch1w,joy,joy,0.0010667183,0.00069227355,0.0005876776,0.9936838,0.0008678283,0.003101744
edscus1,joy,joy,0.0013801786,0.00065961905,0.000571347,0.99292576,0.0010742933,0.003388816
edsdnnp,anger,anger,0.93529516,0.010091005,0.002822471,0.010489654,0.032222707,0.009078891
edsdy8e,joy,joy,0.0009973876,0.0007250266,0.0012438741,0.99265444,0.0017542373,0.0026250526
edsek81,anger,anger,0.91978633,0.057445243,0.0050478997,0.0041632503,0.0087125525,0.004844611
edsf1m0,surprise,anger,0.5792924,0.010493892,0.004437198,0.06426152,0.01928999,0.32222506
edsfu94,surprise,joy,0.0040700003,0.00075517583,0.0008613155,0.98258775,0.003048541,0.008677217
edsfzlx,joy,joy,0.0010976471,0.000802588,0.0007893633,0.99387556,0.00075536047,0.0026795156
edsg5t7,sadness,sadness,0.30859575,0.04128723,0.037058335,0.019053932,0.5821922,0.011812598
edsgre5,joy,joy,0.0029905166,0.0010613542,0.001608966,0.98851717,0.003157457,0.002664571
edsh788,joy,joy,0.003100483,0.0005320531,0.0005069586,0.9920406,0.0013149498,0.00250505
edshkth,surprise,surprise,0.008309912,0.0026631167,0.0032825302,0.005584334,0.0067353565,0.9734247
edsi4xr,joy,joy,0.0013702727,0.00062079995,0.00055241585,0.99373007,0.00097496406,0.0027514712
edsj0uu,joy,joy,0.0017099358,0.0007174743,0.0005624017,0.9942709,0.0010696262,0.0016696419
edsmsf7,anger,anger,0.8751663,0.018803181,0.007152844,0.016159529,0.028319357,0.054398745
edsmt6r,anger,anger,0.9191894,0.008637027,0.002688433,0.02820479,0.029452968,0.011827284
edsoqy3,joy,anger,0.6981118,0.011000099,0.006218029,0.10302651,0.049962137,0.13168141
edsrb0i,anger,anger,0.96885383,0.014710918,0.0021423863,0.007345358,0.0042582112,0.0026893378
edsrij6,joy,joy,0.002928047,0.00074773474,0.0006245908,0.9930479,0.00084672216,0.0018049991
edssn96,joy,joy,0.0012436429,0.00056002726,0.00059005665,0.9925343,0.0009612438,0.0041108024
edst37m,joy,joy,0.0009953871,0.00061737624,0.00062001846,0.99488896,0.0013248059,0.0015535307
edstb0h,joy,joy,0.013846254,0.0045829886,0.02172979,0.7544503,0.18849547,0.016895125
edsug6k,joy,joy,0.0013319947,0.000554597,0.0004974394,0.9945891,0.0009932634,0.0020336648
edsuwt0,anger,anger,0.8191988,0.080957875,0.0063763983,0.018201865,0.07061942,0.004645649
edsv92b,joy,surprise,0.0340215,0.0038524906,0.0045361235,0.42506543,0.011915305,0.52060914
edsx8jz,joy,joy,0.012919631,0.0014307671,0.00078987714,0.98029053,0.0022217575,0.0023473855
edsy9ne,joy,anger,0.51802933,0.009290195,0.0038885302,0.4221793,0.035541084,0.011071551
edszimp,sadness,sadness,0.01864962,0.022388099,0.10692179,0.014132118,0.58641315,0.25149524
edszmqw,surprise,joy,0.011479697,0.002743855,0.0032864425,0.77373654,0.008036515,0.20071696
edszrxl,disgust,anger,0.6341971,0.195203,0.044488683,0.016030893,0.10200738,0.00807294
edt007n,surprise,surprise,0.00627123,0.0025940766,0.005061066,0.0051923706,0.009894533,0.9709868
edt00u0,surprise,surprise,0.0122215785,0.00335135,0.0031125164,0.012713474,0.0063777044,0.9622234
edt0dvz,joy,joy,0.0017953861,0.00070393103,0.0004930395,0.9944174,0.0009819199,0.0016083135
edt0oob,joy,joy,0.0011560939,0.0006374619,0.00078519335,0.994079,0.000988464,0.0023538521
edt1jzo,sadness,sadness,0.00730004,0.015700249,0.018141398,0.0060941237,0.94163996,0.0111242235
edt1t1f,joy,joy,0.0012625717,0.0008169337,0.00067410525,0.99440694,0.0007257935,0.0021136233
edt2lfv,joy,joy,0.0012763616,0.00067422586,0.0005506538,0.99470055,0.0007815349,0.0020167066
edt2tdy,anger,anger,0.9027108,0.024175154,0.002491523,0.02222573,0.035320323,0.013076459
edt2xdz,joy,joy,0.00092665775,0.0005324167,0.0006009895,0.9948715,0.0013458985,0.0017225496
edt35uz,joy,anger,0.67611474,0.030066213,0.010121729,0.21466738,0.062394183,0.0066357385
edt3ob9,joy,joy,0.0020693368,0.0005882937,0.00055580045,0.99270743,0.0012424041,0.0028367238
edt4yhh,anger,anger,0.9634892,0.009447364,0.0024243202,0.008828227,0.007955797,0.00785512
edt5c68,anger,surprise,0.23108491,0.044610243,0.0454254,0.114312306,0.06524759,0.49931952
edt5of9,joy,joy,0.0024841267,0.0007452036,0.0007516803,0.99191487,0.0010880155,0.0030161513
edt640l,joy,joy,0.0011582329,0.00050475774,0.0005708609,0.99474734,0.0013674913,0.0016513148
edt7yvb,surprise,sadness,0.10476039,0.28578076,0.058989886,0.009814854,0.532225,0.008429092
edt81gk,fear,fear,0.031056667,0.035114978,0.795961,0.040997792,0.060662616,0.0362069
edt8evv,joy,joy,0.006648588,0.002413089,0.0113300495,0.9139068,0.028126052,0.03757539
edt92z8,anger,anger,0.9423448,0.016038654,0.0022963851,0.030594733,0.006145791,0.0025796343
edt9nrx,joy,joy,0.0014490482,0.0008728547,0.0013071506,0.99037325,0.0026136604,0.0033840716
edt9zur,joy,joy,0.0036707951,0.00079826533,0.0009235399,0.97778153,0.004270391,0.012555491
edta83y,surprise,surprise,0.01294797,0.002876417,0.0039005538,0.15415682,0.0059616747,0.8201566
edtauw2,joy,joy,0.0019114184,0.0006276876,0.00044455292,0.9943317,0.00090922567,0.0017753149
edtc1hx,surprise,surprise,0.0055144415,0.0028056612,0.0040182364,0.035596173,0.0048896964,0.94717586
edtdb5j,joy,joy,0.0016774997,0.0005962299,0.0008651015,0.9927779,0.001564604,0.0025186972
edtewt2,joy,joy,0.001091204,0.00065894774,0.0005418175,0.99470973,0.00083510583,0.0021631746
edtfjff,joy,joy,0.005762112,0.0008723253,0.00051969296,0.9864631,0.0012922832,0.0050904686
edtfpej,joy,joy,0.0059354184,0.0011101816,0.000979494,0.988648,0.0015853525,0.0017416008
edtg8fe,anger,anger,0.7197652,0.054474767,0.057148233,0.019773751,0.12320902,0.025629073
edthuow,joy,joy,0.0011628097,0.0006084325,0.00064456684,0.99477935,0.0007610115,0.002043872
edthwsj,anger,joy,0.03414975,0.0018547297,0.00259035,0.9409533,0.0128935855,0.007558306
edtiqvt,surprise,surprise,0.039371062,0.006153939,0.008933127,0.0501342,0.06316459,0.83224297
edtjmvq,sadness,sadness,0.04114163,0.023639234,0.04213263,0.009288514,0.87001425,0.013783792
edtkkre,anger,anger,0.6891767,0.0064192764,0.0060902736,0.11219609,0.020999491,0.16511828
edtmgdk,joy,joy,0.0051733754,0.0013201716,0.0040649762,0.96766305,0.012516854,0.009261691
edtmuv8,anger,anger,0.9178106,0.026426572,0.010697918,0.024509247,0.017274955,0.0032806161
edtnbd8,joy,joy,0.00187564,0.00080463366,0.00058885576,0.9937795,0.0013276595,0.0016236911
edtnolf,surprise,surprise,0.012479285,0.0051045045,0.0041294666,0.0130869495,0.015449981,0.94974977
edtntgz,anger,joy,0.0054022893,0.00073294906,0.0005763494,0.9868069,0.0014466944,0.0050347475
edtnu0y,surprise,surprise,0.010741076,0.0027020348,0.0028737579,0.015567035,0.006427432,0.96168876
edto8z9,surprise,surprise,0.017749997,0.0037061097,0.0035752356,0.0061674137,0.0067804717,0.9620208
edtosu3,surprise,surprise,0.047277983,0.0070109633,0.0048792437,0.0053261523,0.009945525,0.92556024
edtpktu,anger,anger,0.8639113,0.06153639,0.01173082,0.012229152,0.045843832,0.004748538
edtrjvf,joy,joy,0.022704853,0.002712018,0.0019316386,0.6056946,0.010538869,0.356418
edtsjzy,joy,joy,0.0013139399,0.00075445336,0.00064266805,0.99444026,0.00081255345,0.0020361259
edtsmqe,joy,joy,0.0014764195,0.000607857,0.0008655715,0.9900511,0.0012757522,0.00572322
edtsz8r,joy,joy,0.0022407128,0.0010382122,0.0014034328,0.9887412,0.0023546321,0.004221824
edttuq9,joy,joy,0.001280129,0.0006085848,0.0005465922,0.99347466,0.0011685585,0.0029215314
edtup0v,joy,joy,0.0019199606,0.0007542963,0.00047388757,0.9946515,0.00084997364,0.0013504532
edtuq2f,joy,joy,0.018131249,0.002264601,0.001161171,0.97101337,0.0049171923,0.002512437
edtv8n2,anger,anger,0.9527544,0.024269078,0.0024780026,0.0077543412,0.010261636,0.0024826343
edtvpei,anger,anger,0.7709535,0.0085245995,0.003666718,0.19010046,0.012498865,0.014255888
edtw4oc,joy,joy,0.0019207649,0.0008055034,0.00057279004,0.99302095,0.0008522083,0.0028277459
edtwzpb,surprise,surprise,0.057831034,0.020872649,0.015064919,0.036852308,0.110801995,0.75857705
edtx0e8,surprise,joy,0.022868874,0.0020538438,0.0057882597,0.9397522,0.005871494,0.023665393
edtybs0,sadness,sadness,0.013933465,0.01263347,0.050509527,0.01453562,0.89337003,0.015017883
edtzphs,sadness,sadness,0.019075995,0.01068941,0.00754216,0.07412499,0.8792974,0.009270056
edtzvy1,joy,joy,0.0012192396,0.00069896155,0.000588682,0.99466705,0.00072157686,0.0021044393
edu1dgy,anger,anger,0.89408886,0.0105482815,0.0043639406,0.047653265,0.018010426,0.025335286
edu1eit,joy,joy,0.0015719358,0.000777984,0.00057816843,0.9942101,0.0007663495,0.0020954576
edu1lpq,joy,joy,0.0025842432,0.0006695691,0.0010937533,0.9778807,0.002343916,0.015427821
edu25vw,anger,anger,0.95970166,0.018792134,0.0037459184,0.008250334,0.0058184783,0.0036915448
edu2aha,joy,joy,0.002856028,0.000879131,0.0005358575,0.9928873,0.0010024147,0.0018392561
edu2u6w,sadness,sadness,0.07124186,0.0141242705,0.008642965,0.013959345,0.86796236,0.024069212
edu3lp2,anger,surprise,0.113974646,0.008628688,0.0050336476,0.011186406,0.011722941,0.8494536
edu504s,surprise,surprise,0.0112751555,0.0027060218,0.004109869,0.007059103,0.009063264,0.9657866
edu5i5x,anger,anger,0.877812,0.008466668,0.004257865,0.06500783,0.031581245,0.012874343
edu6nvg,joy,joy,0.0011314756,0.0005652403,0.00057292066,0.99521685,0.000763671,0.001749941
edu6t9l,anger,joy,0.033656657,0.0023139436,0.0011827454,0.91010404,0.004201088,0.048541494
edu7ulc,joy,joy,0.0035482645,0.00063824066,0.00041858523,0.9906279,0.0012098982,0.003557055
edu99pr,joy,joy,0.0012464486,0.0005565056,0.00066874386,0.9945496,0.0014801372,0.0014986468
edu9tv3,joy,anger,0.9523668,0.018054478,0.0043374486,0.011334053,0.00976126,0.004145872
edu9u33,surprise,surprise,0.007828704,0.0026727428,0.0030532633,0.022981975,0.0055639097,0.95789945
eduah44,joy,joy,0.00082388433,0.00055389357,0.0007541629,0.99470127,0.0011797193,0.0019871404
edub220,fear,fear,0.068736024,0.058679357,0.615133,0.043459367,0.18203323,0.031959094
edubzwy,anger,anger,0.9661049,0.014809384,0.0022239394,0.008750058,0.0051551424,0.0029564837
edud0wo,joy,joy,0.0025015133,0.0008047089,0.0006170217,0.99304396,0.0009404636,0.0020922613
eduduat,anger,anger,0.95967597,0.01622412,0.0029275063,0.0043403623,0.005296032,0.011536012
eduehvf,joy,joy,0.0011352116,0.00061499665,0.00058512803,0.99405056,0.00065615156,0.0029578581
eduepbc,joy,joy,0.0019263735,0.00055557676,0.00058981666,0.99238175,0.0012900329,0.0032564367
eduh6da,joy,joy,0.0018414551,0.0006641825,0.0005535675,0.9931657,0.0010373296,0.0027377224
eduhfmn,joy,joy,0.012009966,0.0022729463,0.0019325062,0.93998444,0.005521134,0.038278986
eduhgy7,sadness,sadness,0.009207894,0.0078569,0.010284778,0.013559067,0.95350295,0.0055885008
eduhv7n,sadness,sadness,0.028711995,0.013461219,0.017260501,0.012508764,0.9149418,0.0131157
eduiukq,joy,joy,0.001196659,0.0007225485,0.0010721821,0.99205244,0.0014554106,0.0035007356
eduj0ei,joy,joy,0.0018522542,0.0005913744,0.00087948306,0.990558,0.0022739102,0.0038448558
eduk4z3,joy,joy,0.0033738879,0.00082784356,0.0005458515,0.99211943,0.0013817835,0.0017511221
edukufj,joy,joy,0.0020950737,0.0006437963,0.000468508,0.9936668,0.0011158886,0.002009985
eduljn4,anger,joy,0.08641417,0.0050125397,0.0052731414,0.82120556,0.012001711,0.07009288
edulm1d,joy,joy,0.3021982,0.0049037174,0.0028655115,0.61554104,0.04359748,0.030894063
edum01o,surprise,joy,0.04167329,0.0019157074,0.0013885964,0.8845597,0.007681403,0.06278131
edum6bm,joy,joy,0.0066110934,0.0011586056,0.00096812693,0.9829776,0.0029250158,0.0053595765
edume43,joy,joy,0.0010190364,0.00049185875,0.0006799714,0.9941455,0.0010545151,0.0026090604
edumf9e,fear,fear,0.022777675,0.026491787,0.76132154,0.04788462,0.074691795,0.06683248
edumkw1,anger,anger,0.9579175,0.014645915,0.0017741122,0.009623254,0.009220878,0.006818366
edupgkz,joy,joy,0.014932283,0.0014600038,0.0010189106,0.9755992,0.004083186,0.0029064245
edupzhr,anger,surprise,0.33647427,0.013997125,0.006006138,0.014699218,0.04817925,0.5806439
eduq5ma,anger,anger,0.9536651,0.019264048,0.0031589088,0.0054252087,0.0047104205,0.0137762865
eduqcfj,joy,joy,0.1426277,0.0035183656,0.0026667758,0.7351529,0.008695097,0.10733914
eduqjmi,joy,joy,0.0010752699,0.0005689539,0.0005901621,0.9947003,0.0012854552,0.0017797819
eduroko,surprise,surprise,0.050647195,0.0054674875,0.0032337864,0.010123621,0.015114687,0.91541326
edush3w,joy,joy,0.0016853433,0.00059552805,0.0005000582,0.9919843,0.001065092,0.004169726
eduskcb,joy,joy,0.00403893,0.0012280969,0.002276988,0.9862984,0.0024547372,0.0037027763
edutjm3,surprise,joy,0.0012320055,0.0005257056,0.0006405315,0.9934356,0.00081937807,0.0033466953
edutpey,joy,joy,0.0029626426,0.0006839775,0.00038763916,0.99233645,0.0010049308,0.0026244065
eduuap1,joy,joy,0.002525474,0.00089648564,0.00084766257,0.99173975,0.00087843026,0.0031121504
eduuwuw,anger,anger,0.7752043,0.17173144,0.0107919015,0.007827661,0.029763812,0.004680895
eduv19s,joy,joy,0.011929032,0.0010726069,0.0008634994,0.9438631,0.0029488252,0.039322905
eduv2lk,joy,joy,0.0011593729,0.00058746786,0.0006048253,0.9950718,0.00078484206,0.0017915649
eduv9r7,joy,joy,0.120350584,0.015880732,0.0035610823,0.8339111,0.020845894,0.005450537
eduvq3f,joy,joy,0.006546713,0.00070811255,0.0006494821,0.97961813,0.0015692464,0.010908286
eduw05w,joy,joy,0.0018464307,0.0006267823,0.00056324335,0.99403304,0.0009097872,0.0020206987
eduweu6,joy,joy,0.0020530142,0.0007586351,0.00042933968,0.9940202,0.0008588923,0.0018799315
eduxmna,joy,joy,0.043766458,0.020956624,0.12786113,0.54027694,0.15578559,0.111353286
eduxtn0,sadness,sadness,0.21252483,0.040087465,0.011368637,0.009185489,0.7103075,0.01652603
eduyvb4,joy,joy,0.0010210552,0.0006529096,0.0006159262,0.99447757,0.0009979933,0.002234528
eduyz3m,sadness,sadness,0.035587214,0.029140081,0.012307169,0.007669109,0.90792,0.0073765456
eduzbw1,surprise,surprise,0.007716295,0.0028686908,0.003859097,0.005505499,0.005792086,0.97425836
edv05vl,joy,joy,0.0018108442,0.00080760673,0.0015610965,0.98282546,0.0014293229,0.011565608
edv0wb8,joy,joy,0.0016329717,0.00068504945,0.00045826682,0.99466395,0.0007583027,0.0018014523
edv16j8,joy,joy,0.001123193,0.00067175267,0.000985342,0.99292916,0.0011541583,0.00313646
edv1o04,joy,joy,0.0013902887,0.0007446691,0.0011103385,0.9844066,0.0014968594,0.010851199
edv1vds,joy,joy,0.0010032117,0.00056105206,0.0007506479,0.99386,0.0020360607,0.0017889283
edv2gbm,joy,joy,0.045059476,0.0016331023,0.0010852476,0.9399863,0.0066444646,0.005591458
edv3s59,joy,joy,0.0015076564,0.00059395586,0.00039871634,0.9944073,0.0009706333,0.0021217542
edv47dh,anger,joy,0.28383836,0.0061482945,0.0047795526,0.4449804,0.015957238,0.24429615
edv4coz,joy,joy,0.0015133226,0.0006453346,0.0005114892,0.99418724,0.00081341615,0.0023292198
edv4wxz,joy,joy,0.0016914879,0.0006014838,0.00042165417,0.9946614,0.00090824545,0.0017157507
edv55im,joy,joy,0.0010261728,0.0006466718,0.00067902403,0.99374276,0.0011146162,0.0027907598
edv5an2,joy,joy,0.0043421467,0.0008815307,0.0006897571,0.9862433,0.0012276178,0.0066156746
edv5i27,joy,anger,0.8635079,0.004792917,0.002705383,0.08532035,0.017978566,0.025694793
edv5m5i,joy,surprise,0.017639963,0.003979127,0.0032675175,0.22295035,0.0076284087,0.74453473
edv5uzt,surprise,surprise,0.0076245028,0.0023462274,0.004537973,0.015324756,0.008495804,0.96167076
edv6crp,joy,joy,0.0017082712,0.0007504815,0.0006278353,0.9937588,0.00073305785,0.002421517
edv6kpo,joy,joy,0.0010377521,0.0006693328,0.0007750155,0.9940001,0.0008144579,0.0027033046
edv6odo,joy,joy,0.0022950552,0.0012229332,0.0027321521,0.9555639,0.031327963,0.00685798
edv85qt,joy,joy,0.003028028,0.0008596777,0.0008908387,0.9885101,0.0021284774,0.0045829494
edv8awt,anger,anger,0.46915108,0.033482525,0.009027417,0.14110075,0.3346986,0.012539672
edv8u3p,anger,anger,0.96376735,0.018730141,0.0030670404,0.0073099416,0.004771884,0.002353777
edv9qun,joy,joy,0.08788254,0.0037636,0.0030281693,0.89098984,0.005731202,0.008604605
edvaw2d,anger,anger,0.9663304,0.008008052,0.0014370967,0.01463864,0.006361243,0.0032246327
edvbmqj,surprise,surprise,0.0075434064,0.002099243,0.0024561542,0.027453598,0.005120364,0.9553272
edvcsq3,surprise,surprise,0.18485387,0.006607086,0.0056444886,0.019548004,0.03825554,0.745091
edveaey,joy,joy,0.026551902,0.0028492215,0.0036407497,0.7154565,0.0058246604,0.24567698
edvfv32,surprise,surprise,0.00708386,0.0023210244,0.003269383,0.0057633845,0.007899132,0.9736631
edvg1hx,anger,anger,0.88455284,0.011073778,0.0040239436,0.01387006,0.0135920495,0.072887346
edvgshl,joy,joy,0.001666214,0.00059898413,0.0005423232,0.99375606,0.00095120806,0.0024851947
edvha8c,joy,sadness,0.3280651,0.015370507,0.008302179,0.14889073,0.48127523,0.018096175
edvhd62,joy,joy,0.0020607437,0.0009213658,0.00085505506,0.9914458,0.0008209409,0.0038961389
edvhfck,surprise,joy,0.008878174,0.002307534,0.0017817472,0.778697,0.0061058174,0.20222974
edvhzyv,surprise,surprise,0.0057219164,0.003254723,0.0048844647,0.0054202056,0.006412699,0.974306
edvia6w,anger,anger,0.92036206,0.03341492,0.0038365736,0.007978694,0.01598663,0.018421132
edvintk,joy,joy,0.0011887738,0.0005973052,0.00053913053,0.9949031,0.0007030156,0.0020686598
edvjqcb,joy,sadness,0.019402804,0.014318621,0.014412893,0.0063126218,0.93185675,0.013696283
edvmgkg,anger,anger,0.9722591,0.010555997,0.0023232265,0.008688179,0.003262479,0.0029109556
edvpyhy,anger,anger,0.8923817,0.027680852,0.004283332,0.0070181414,0.062406458,0.006229546
edvqiue,joy,joy,0.0012981378,0.0005053476,0.0005541688,0.99281937,0.001331278,0.0034916422
edvrv7m,joy,joy,0.0013985279,0.0005786598,0.00039961905,0.994338,0.00084029307,0.0024449434
edvu0ci,surprise,surprise,0.0053677987,0.0025679185,0.0039499463,0.06277472,0.0068912893,0.91844827
edvyyxq,joy,joy,0.278998,0.005296557,0.0029740573,0.69364095,0.010491085,0.008599331
edvz139,joy,joy,0.000948448,0.000569721,0.00064857537,0.9952076,0.0010495164,0.0015760766
edvztlk,sadness,sadness,0.022505254,0.016278759,0.014919984,0.004035946,0.9351445,0.0071155336
edw05rs,sadness,sadness,0.005960036,0.007963421,0.015867647,0.0100539895,0.95252925,0.0076256753
edw06or,joy,joy,0.0012323707,0.00068372744,0.00061304215,0.9944975,0.0009083964,0.0020650553
edw1eof,joy,joy,0.017415466,0.009348371,0.08220215,0.85237336,0.01412499,0.024535611
edw2gad,joy,joy,0.0014448317,0.0007314482,0.00069470285,0.9910369,0.00079060474,0.0053015607
edw3diz,joy,joy,0.0015420986,0.0006186241,0.00044568046,0.99427265,0.00081299973,0.0023079445
edw46zj,anger,joy,0.07988053,0.009168436,0.009799626,0.48451445,0.3868126,0.02982443
edw49bz,sadness,joy,0.033296414,0.006108732,0.008056229,0.62899417,0.31448847,0.009056021
edw52vs,anger,anger,0.9294171,0.013878861,0.0039521474,0.008265977,0.01408728,0.030398637
edw5hse,surprise,surprise,0.0072402083,0.0048737573,0.010925432,0.06789138,0.012710465,0.8963588
edw5ip5,joy,joy,0.0010897364,0.0007185877,0.0011020236,0.9912884,0.0010650175,0.0047362247
edw61y8,joy,joy,0.0020353845,0.00082758046,0.00066904526,0.9933263,0.0009262815,0.002215411
edw6cr9,joy,joy,0.0014753613,0.0005876787,0.00053152203,0.9950023,0.001018343,0.0013847444
edw6jpw,joy,joy,0.0014542377,0.0007826801,0.00064224855,0.9944149,0.000708224,0.0019976147
edw7914,joy,joy,0.0012386101,0.00092081056,0.0010429004,0.9920738,0.0010044478,0.0037194607
edw7b8p,joy,joy,0.0012436331,0.00085391034,0.0006566179,0.9923977,0.00074318645,0.0041048564
edw7d25,surprise,surprise,0.008438597,0.0029050342,0.0031179609,0.022677204,0.0059699677,0.95689124
edw7wz9,anger,anger,0.9623212,0.01269682,0.0020601249,0.011525629,0.0068572047,0.0045389817
edwbezv,joy,joy,0.0016973601,0.00063448725,0.00059658365,0.99396294,0.0007338202,0.0023747913
edwbgad,anger,anger,0.94521457,0.013130334,0.0020105748,0.023505872,0.009778231,0.0063605444
edwcfah,joy,joy,0.0017750869,0.000624452,0.00041338988,0.9939323,0.00093607703,0.0023186186
edwe3w0,joy,joy,0.001234504,0.0005562828,0.000571294,0.99328244,0.0009910492,0.0033645055
edweo67,anger,joy,0.23934917,0.022058237,0.035483725,0.52617306,0.07804777,0.09888798
edweqdg,joy,joy,0.0012308654,0.00062046165,0.0007936892,0.9938233,0.0010687377,0.0024629545
edwf9b0,anger,anger,0.95707095,0.012854739,0.003202232,0.0049569053,0.009172385,0.012742795
edwfc6l,sadness,sadness,0.013469692,0.008268131,0.01367114,0.024541711,0.9307242,0.009325131
edwflgm,joy,joy,0.0011904793,0.0006653389,0.0007647495,0.9940602,0.0009950196,0.0023241886
edwfyp7,joy,joy,0.0017531404,0.0006896323,0.0005343837,0.99426186,0.0008820015,0.001879088
edwi38y,surprise,surprise,0.008340497,0.0027846408,0.0039731683,0.032307614,0.0134809865,0.9391131
edwiska,joy,joy,0.0490301,0.0052541555,0.008225597,0.78459865,0.14219697,0.0106945485
edwk0m7,joy,joy,0.001295655,0.00056721043,0.0005482573,0.9945161,0.0008831682,0.0021895561
edwk0oj,joy,joy,0.0017191761,0.000604167,0.00073576753,0.99376476,0.0014116077,0.001764561
edwkwli,joy,joy,0.001841603,0.0006191828,0.0009799787,0.990464,0.0020621908,0.0040330514
edwmxtt,joy,joy,0.0013367638,0.0006232354,0.00062922377,0.99424356,0.0008783386,0.0022888808
edwn175,anger,anger,0.9650844,0.019059122,0.00314215,0.0052907737,0.0045028836,0.0029206069
edwnpw4,surprise,surprise,0.00875232,0.0032586367,0.0048720245,0.004159541,0.012643803,0.9663137
edwo0oe,joy,joy,0.0075888406,0.0030760241,0.002092183,0.96704674,0.01789397,0.0023022455
edwp27w,anger,anger,0.92522436,0.008076125,0.003106031,0.01646539,0.011091151,0.036036916
edwpjy6,joy,joy,0.0017696177,0.0005990037,0.00049087574,0.9918873,0.0007978901,0.0044553736
edwpyu0,surprise,joy,0.0995244,0.0030897285,0.0033799768,0.81182945,0.01398574,0.068190634
edwr3cq,sadness,sadness,0.0070698448,0.008082405,0.02302427,0.008796324,0.93048066,0.022546519
edwr9lk,anger,anger,0.94574565,0.009497628,0.0018310272,0.03318724,0.0037137459,0.006024742
edws2oq,joy,joy,0.005181119,0.00078696344,0.0009927413,0.9743226,0.0016236154,0.017092891
edwtoac,joy,joy,0.0015475088,0.00070369453,0.0005495603,0.99473345,0.0008294391,0.0016364157
edwtzy1,sadness,sadness,0.09523396,0.020498874,0.045651853,0.07419652,0.74537957,0.019039143
edwufa0,joy,joy,0.0076128775,0.0045681656,0.017143844,0.4591089,0.43156785,0.07999839
edwui9i,joy,joy,0.007064542,0.0013364492,0.002100948,0.97774386,0.0022032335,0.009550889
edwv9np,joy,joy,0.056801803,0.0088694645,0.04136881,0.8520287,0.0119376285,0.028993635
edww55n,anger,anger,0.9115404,0.036707893,0.010964453,0.01878191,0.0129727,0.009032662
edwwszh,surprise,surprise,0.009460677,0.002224149,0.0026943123,0.036420222,0.0053889817,0.9438117
edwxmtq,joy,joy,0.00148802,0.0005647792,0.00052924553,0.99277616,0.0011233824,0.003518475
edwxs65,joy,joy,0.0024256625,0.00071532413,0.0015954785,0.98859346,0.003738991,0.0029310994
edwxz16,joy,joy,0.03111604,0.0018295072,0.0024454326,0.92260367,0.00890461,0.033100694
edwxzep,joy,joy,0.0010934237,0.0005111324,0.00094984076,0.9915174,0.0029358696,0.0029923704
edwy4p8,joy,joy,0.0013599349,0.00057213346,0.00058649626,0.99383694,0.00088887743,0.0027555986
edwyk22,sadness,sadness,0.0057852315,0.0057340064,0.017797332,0.023324898,0.9304317,0.016926663
edwyv5r,joy,joy,0.01134126,0.0017934333,0.0025224811,0.88341665,0.0035745206,0.097351745
edwz7ql,joy,anger,0.96468437,0.009921958,0.0026219524,0.012483866,0.0054053413,0.0048825415
edx09pv,surprise,surprise,0.007836976,0.002090503,0.002710349,0.026518743,0.0059349034,0.95490855
edx11pt,surprise,surprise,0.008627436,0.0031923936,0.0040727425,0.0059312778,0.0058477037,0.9723284
edx1fni,joy,joy,0.015075796,0.0025139474,0.0045255283,0.89318883,0.0028202601,0.081875585
edx1vzy,surprise,surprise,0.01864957,0.0031596494,0.0046254285,0.005465928,0.010813408,0.95728606
edx2gt9,joy,joy,0.0012844653,0.00064617867,0.00061030657,0.9937987,0.0006113767,0.0030490719
edx48n6,joy,joy,0.0014321193,0.0007011973,0.0005380954,0.993985,0.0010746708,0.002268967
edx4kw9,joy,joy,0.06935991,0.0050039403,0.014222072,0.7735999,0.031802204,0.106011964
edx4rns,joy,joy,0.0013133178,0.001055042,0.0015880815,0.98215944,0.0070809075,0.0068031475
edx57jk,anger,anger,0.9688658,0.0094428435,0.0017623251,0.008064394,0.00628199,0.005582556
edx5d8f,anger,joy,0.002312921,0.0009203845,0.0009439286,0.989375,0.0009208349,0.005527004
edx5rag,surprise,joy,0.004069347,0.0007949721,0.00077528093,0.98891884,0.0014291074,0.0040124445
edx69m2,anger,fear,0.092727564,0.13226832,0.6105614,0.025602119,0.096215166,0.042625383
edx6drl,joy,anger,0.9459845,0.010793656,0.0018170765,0.03003137,0.009126467,0.0022469077
edx6f3m,joy,anger,0.63503057,0.02677077,0.0066299075,0.26846328,0.047101393,0.01600395
edx6rqp,anger,anger,0.55454254,0.114385664,0.006943085,0.03492861,0.27991384,0.009286254
edx7r3h,surprise,anger,0.9105343,0.01741183,0.0025225964,0.030304251,0.032267082,0.006959896
edx7yo0,surprise,surprise,0.056003183,0.0068143485,0.004944038,0.012230434,0.009930034,0.9100779
edx90s5,sadness,sadness,0.033790633,0.027789725,0.050144725,0.0048341253,0.86978084,0.01365996
edx9gz9,anger,anger,0.80174994,0.016329024,0.004620434,0.014656867,0.010817263,0.15182643
edxcfte,sadness,sadness,0.082162395,0.055335775,0.01275941,0.009116169,0.8269809,0.013645398
edxczlu,joy,joy,0.005860894,0.0008896044,0.0014784472,0.98241603,0.0026539895,0.006700987
edxduqv,joy,joy,0.0013858663,0.00061247026,0.0008455673,0.99273384,0.0012485245,0.0031736654
edxf3q6,joy,joy,0.0018064729,0.0005405237,0.0005236236,0.9927959,0.0015328032,0.0028007634
edxfq90,anger,anger,0.4035749,0.018690461,0.01754696,0.15648258,0.36313325,0.040571827
edxg0ex,joy,joy,0.011701561,0.0010107212,0.0009886902,0.97643435,0.0033739805,0.0064906394
edxi54r,anger,anger,0.88560086,0.06902898,0.019236157,0.0074577406,0.010578007,0.008098297
edxk72q,joy,joy,0.004693918,0.00084016746,0.0007885973,0.9885427,0.0015355007,0.0035991252
edxkcsi,sadness,surprise,0.033638634,0.0076323864,0.005142667,0.0077957623,0.014707109,0.9310835
edxlkge,joy,joy,0.0015764708,0.0006277011,0.00052297226,0.99396014,0.000809569,0.0025030964
edxn9h8,anger,joy,0.20887631,0.0036456438,0.002734036,0.69574845,0.012922402,0.07607317
edxnylo,surprise,joy,0.006422851,0.0018623671,0.005247505,0.9008268,0.06833506,0.017305482
edxo1s2,joy,joy,0.0014114955,0.0006533053,0.00058197964,0.9942498,0.0009579647,0.0021453828
edxodu9,joy,joy,0.001648361,0.00058551686,0.00044623454,0.9944342,0.00074185134,0.0021438315
edxoipc,sadness,surprise,0.008426748,0.0043534483,0.007815045,0.011845971,0.013794119,0.9537646
edxoxsd,sadness,sadness,0.0073749437,0.007695726,0.014651937,0.017085573,0.94607335,0.0071184714
edxqdx2,anger,sadness,0.03138716,0.009799223,0.0315592,0.07218064,0.79177517,0.063298546
edxrkwr,joy,joy,0.0025588928,0.0010961817,0.0013423752,0.9896479,0.0022370853,0.0031175015
edxru2a,joy,joy,0.0017990498,0.0008633705,0.0008883607,0.9937405,0.00062440353,0.0020842492
edxuqlr,joy,joy,0.011610697,0.0012525324,0.00079913955,0.9792067,0.001686691,0.005444254
edxv79x,joy,anger,0.8020211,0.00943749,0.005309024,0.104797855,0.02670756,0.051726956
edxv95q,joy,joy,0.0014438445,0.00072874577,0.00054639985,0.9942861,0.00075663155,0.0022382683
edxwb82,anger,joy,0.027828297,0.0014217654,0.0010261576,0.959743,0.003719729,0.0062609636
edxwfft,anger,surprise,0.024191316,0.0070743635,0.009806142,0.011895117,0.0646743,0.8823588
edxwwmw,joy,joy,0.0015304314,0.0008435032,0.0007520389,0.9926086,0.00086962886,0.003395717
edxy2lx,joy,joy,0.001024163,0.0008708798,0.0011766726,0.9935029,0.0011996934,0.0022257685
edxydoo,joy,joy,0.016346855,0.0014170507,0.0017643723,0.9426598,0.009831451,0.027980506
edxyeso,disgust,joy,0.001895842,0.00074136007,0.00045082404,0.99238443,0.0009643364,0.0035631757
edxzmd7,anger,anger,0.9603415,0.010337865,0.0022395207,0.012045743,0.011304801,0.0037305346
edy0es2,joy,joy,0.0012962223,0.00069353636,0.00053944974,0.9950081,0.0008730793,0.001589571
edy0qui,surprise,surprise,0.010105769,0.0037365642,0.005602429,0.008251817,0.009216917,0.96308655
edy0rbp,joy,joy,0.001538191,0.0007785307,0.00065826206,0.9942259,0.00075749,0.0020417112
edy1rlg,sadness,sadness,0.006279205,0.008736368,0.015143365,0.0055352678,0.9556008,0.0087049315
edy378x,joy,joy,0.007504233,0.001284716,0.0012802633,0.97866666,0.0032081853,0.008055913
edy3eip,joy,joy,0.0016487186,0.00077341753,0.00062406034,0.99407566,0.000746319,0.0021317678
edy46h3,joy,joy,0.0034687957,0.0008480059,0.0006889014,0.9903955,0.0009442896,0.00365455
edy4arz,surprise,surprise,0.009702126,0.0032625166,0.003565659,0.027565248,0.0059358375,0.94996864
edy5dg0,joy,joy,0.001000443,0.0005382485,0.00060580485,0.99504846,0.00082597934,0.0019810277
edy5jwp,joy,joy,0.0013468387,0.00062404276,0.00045989497,0.9944951,0.00083334424,0.0022408215
edy5pfy,surprise,surprise,0.016871002,0.0038402705,0.0033394964,0.013785227,0.006814223,0.95534986
edy5vqi,anger,sadness,0.07040674,0.010537922,0.010687458,0.09221142,0.8039882,0.012168269
edy677w,surprise,surprise,0.004644518,0.0024683792,0.0044849818,0.005869877,0.0055186325,0.97701365
edy6x8v,anger,anger,0.9359506,0.010314001,0.0016985243,0.025483407,0.008945633,0.017607823
edy7h3b,anger,anger,0.85572535,0.008266919,0.004855468,0.04502072,0.055363428,0.03076809
edy81cn,joy,joy,0.0019149146,0.0005633469,0.0005210885,0.99398625,0.001103428,0.0019108948
edy8c5e,joy,joy,0.0012039188,0.0006071752,0.0006034852,0.9946996,0.00089472474,0.0019911416
edy8hly,joy,joy,0.002365135,0.0006246592,0.0006026474,0.99260277,0.0008816052,0.0029231948
edy8tvf,joy,joy,0.0011229602,0.0006476099,0.0005745439,0.99229187,0.00093007664,0.0044329413
edy9n76,sadness,anger,0.45657402,0.05074385,0.12539597,0.0904588,0.121484384,0.15534295
edyaw53,anger,anger,0.9650168,0.014533652,0.00345639,0.008127018,0.0039353287,0.004930854
edybs4x,joy,joy,0.0011454565,0.0006750511,0.0006081194,0.9948113,0.00076298794,0.001997058
edyc7pp,joy,surprise,0.011298539,0.004010905,0.006041648,0.15572084,0.009333038,0.81359494
edyccnc,sadness,joy,0.006331748,0.0018891211,0.002809077,0.9243287,0.059743233,0.004898141
edyclcq,joy,anger,0.61534613,0.010151381,0.00751063,0.3311828,0.027658207,0.008150908
edydbrd,surprise,surprise,0.012771874,0.0040988517,0.0033339069,0.04309312,0.007900691,0.9288016
edydpu7,joy,joy,0.0011217153,0.00066936744,0.000558613,0.9948748,0.0008105559,0.001964941
edye4g8,anger,anger,0.9011292,0.04021942,0.004156672,0.013830998,0.034385674,0.0062780753
edyec0c,sadness,anger,0.6655991,0.014992128,0.0052019097,0.2353931,0.06014902,0.018664686
edyf2ke,joy,joy,0.0022654657,0.0007915227,0.00069354224,0.991768,0.0008928653,0.003588624
edyfcmm,joy,joy,0.0011186221,0.00064346666,0.0007757552,0.9928853,0.00091654214,0.0036602432
edyfgxf,anger,anger,0.95282876,0.024260895,0.005131429,0.008216071,0.0065826923,0.0029801521
edyfvev,sadness,sadness,0.012547796,0.011440559,0.007962502,0.008156281,0.9548568,0.005036103
edyh8s2,sadness,sadness,0.018727457,0.009239138,0.01737266,0.028210422,0.91745853,0.008991664
edyhq3h,joy,joy,0.01558358,0.0013409093,0.0012493416,0.96426314,0.006532356,0.011030771
edyjkm5,joy,joy,0.0032972356,0.0010754162,0.0016870917,0.97506964,0.008399648,0.010471055
edyjrly,anger,anger,0.39847085,0.023844207,0.00956557,0.032661684,0.17217286,0.3632849
edykhct,joy,joy,0.0013592949,0.000579485,0.00057141326,0.99480295,0.00090328866,0.0017836147
edyls9d,joy,joy,0.002307492,0.00060963526,0.0004988398,0.9929101,0.0010467866,0.0026271173
edynhdr,joy,joy,0.00099331,0.00048847176,0.00062496535,0.9949995,0.0009226124,0.0019710336
edyoicb,joy,joy,0.0014986888,0.00081213756,0.000671907,0.9944537,0.0007986237,0.0017648238
edyp9kw,joy,joy,0.0011684457,0.00068748684,0.0006639757,0.9941222,0.00081319344,0.0025447328
edyqbyd,sadness,surprise,0.028950231,0.003821644,0.003540208,0.09462115,0.04087364,0.8281932
edyr65q,joy,joy,0.060185853,0.0019506328,0.0016119642,0.9063353,0.0060834135,0.023832865
edyraqi,joy,joy,0.0010699332,0.000649097,0.0005953127,0.9944824,0.0010709433,0.0021323978
edyrq1l,joy,joy,0.0009993778,0.0007236805,0.0009683637,0.99459153,0.0011456016,0.0015713546
edysaux,joy,joy,0.0013810439,0.0005898959,0.00048350563,0.9938075,0.00077534624,0.0029627297
edyt58s,sadness,joy,0.29877988,0.010217942,0.0056083756,0.6393841,0.032362,0.013647668
edyvtuf,anger,anger,0.9146551,0.056711473,0.008951084,0.004024204,0.012060005,0.003598254
edyvuoz,surprise,surprise,0.028371274,0.00468022,0.0039860345,0.022354359,0.010014361,0.9305937
edywep7,joy,joy,0.06428641,0.008478293,0.011051427,0.6926001,0.21454042,0.009043327
edywf58,joy,joy,0.0036425309,0.0007017832,0.00054805615,0.9920453,0.0014532654,0.001608985
edywkws,joy,joy,0.0016577434,0.000767942,0.0005470582,0.9945949,0.00073423213,0.0016981501
edywplg,joy,joy,0.023081837,0.0026025944,0.004694042,0.8720902,0.041050952,0.056480363
edyxspl,joy,joy,0.0018588491,0.0007653273,0.00048025872,0.99401855,0.00083370815,0.0020432975
edyyavm,joy,joy,0.0030826156,0.0008272839,0.00082775665,0.97738,0.0013697698,0.016512629
edyyeze,anger,disgust,0.28262237,0.5846104,0.040729873,0.025537763,0.055395823,0.011103772
edyyo57,joy,joy,0.0021939208,0.00075292034,0.0004917731,0.9934674,0.0009162123,0.0021777467
edyyzqj,joy,joy,0.0017381478,0.000672109,0.00049971294,0.9931665,0.0009294031,0.0029940875
edyz39n,joy,joy,0.0011856986,0.00057906454,0.00050143624,0.99474734,0.00086050975,0.0021258919
edyzwev,joy,joy,0.0077195955,0.0019849956,0.002632821,0.94429696,0.0036132962,0.039752364
edyzz7n,joy,joy,0.0013970337,0.00065161637,0.000573587,0.9936054,0.0008184628,0.0029538586
edz05mk,joy,joy,0.0016294396,0.0006365136,0.0005226013,0.9943658,0.0009471262,0.0018985866
edz0bkc,joy,joy,0.0012597258,0.00064644084,0.00053245435,0.9948996,0.00076979504,0.0018920384
edz1ycy,anger,anger,0.84935457,0.008565633,0.0038438707,0.053157512,0.007756857,0.07732156
edz21ds,surprise,surprise,0.009014756,0.0026282992,0.0026130485,0.015874265,0.0059567164,0.96391296
edz21ea,joy,joy,0.0011396213,0.00069270865,0.00069510256,0.99295276,0.0007418607,0.0037779438
edz2bc6,disgust,sadness,0.087678246,0.02863705,0.038530447,0.03003568,0.78897804,0.026140517
edz2w60,surprise,surprise,0.031292718,0.003965477,0.003604264,0.08168054,0.013758149,0.86569893
edz38a0,disgust,disgust,0.14279953,0.6985653,0.0660667,0.021009669,0.060234737,0.011324173
edz45t9,joy,joy,0.0015274227,0.00064196717,0.00045224433,0.99336714,0.0011850762,0.002826204
edz4k8j,joy,joy,0.0011904385,0.00063349574,0.00056360965,0.9944613,0.0011735683,0.0019776504
edz4zdm,anger,anger,0.82700413,0.01718615,0.011106275,0.065554075,0.02880081,0.05034862
edz5ktg,joy,joy,0.0013891519,0.00054606295,0.00060979923,0.9945363,0.0010863399,0.0018324945
edz5u0d,anger,anger,0.86006176,0.056461126,0.01933678,0.02384897,0.016302794,0.023988605
edz6bti,joy,joy,0.0015330532,0.0006387289,0.00048593368,0.9939814,0.0008479086,0.0025129125
edz79om,surprise,surprise,0.012935197,0.006040423,0.015305827,0.010460462,0.020936094,0.934322
edz86do,sadness,sadness,0.035442624,0.03295886,0.008642699,0.009827483,0.9079447,0.005183634
edz8i7b,surprise,sadness,0.015983174,0.014584453,0.045408104,0.022744672,0.81880957,0.08247003
edz9es0,joy,joy,0.0015860879,0.0006300291,0.0005165793,0.9938969,0.0010308005,0.0023395587
edz9zrb,sadness,sadness,0.22507612,0.024028331,0.009930636,0.030368371,0.6901348,0.02046178
edzbxy3,joy,joy,0.0019115398,0.0006842071,0.00044807701,0.9939796,0.0008805461,0.0020960728
edzdhwe,joy,joy,0.0008722812,0.00061672344,0.0007252495,0.99481934,0.0013026844,0.0016638193
edzev31,surprise,surprise,0.02587912,0.0042316243,0.0044828067,0.0045971232,0.01085011,0.9499592
edzeyr1,sadness,sadness,0.07332247,0.011386812,0.016153622,0.05873741,0.8225543,0.017845372
edzfb4z,joy,joy,0.001212609,0.0004934463,0.00052229123,0.994541,0.0010275231,0.0022031874
edzhvdj,joy,joy,0.0015521441,0.00065529713,0.00056912896,0.99407876,0.0008723803,0.0022723079
edzhwe9,surprise,joy,0.0053681736,0.0013132463,0.0018949226,0.9186159,0.0037726944,0.06903507
edzhzd8,anger,anger,0.86235434,0.07734175,0.004066157,0.01787544,0.035739042,0.002623191
edzj0ad,surprise,surprise,0.032795504,0.0053031924,0.005464645,0.0043772897,0.012420283,0.93963915
edzj5fx,joy,joy,0.0013454468,0.00078125374,0.00073200365,0.99370754,0.0006853019,0.0027484389
edzkjr0,joy,joy,0.0010474118,0.0006142393,0.00072259764,0.99424064,0.00154835,0.0018267413
edzkxv5,sadness,sadness,0.018045139,0.019027308,0.016180458,0.0063474453,0.9352782,0.005121503
edzmcqr,anger,joy,0.0034872817,0.0014340685,0.003386568,0.9467363,0.0027819106,0.042173967
edzmlum,surprise,anger,0.70488065,0.027643014,0.050819203,0.0424128,0.13535802,0.038886234
edzmwzv,anger,joy,0.023313794,0.002187041,0.006768828,0.906038,0.03287701,0.028815243
edzncyf,anger,anger,0.41327232,0.04529754,0.010254093,0.0692766,0.1586014,0.303298
edzoy70,joy,joy,0.0020316672,0.00067729305,0.0005071334,0.9934409,0.00085204886,0.0024910504
edzqfex,joy,joy,0.001194155,0.0005960477,0.00065501727,0.9934329,0.0011495198,0.0029723637
edzr5oz,anger,anger,0.60510653,0.023317708,0.017630408,0.24490248,0.08508584,0.02395701
edzr7lb,joy,joy,0.0017274723,0.0006676622,0.0004611216,0.9938443,0.00075179007,0.002547594
edzrhgr,anger,anger,0.97404104,0.008081181,0.0016915209,0.008055274,0.0042869477,0.0038439676
edzrr4v,joy,joy,0.0015024518,0.00068223674,0.00085690554,0.9931699,0.0010213573,0.002767121
edzs7yk,anger,anger,0.96438295,0.009378027,0.0022701903,0.015084774,0.0052491673,0.003634945
edzsalc,joy,anger,0.9454616,0.027593648,0.0045910203,0.00828143,0.010295478,0.0037767875
edzsjqa,joy,joy,0.0015855301,0.00056953175,0.0007120804,0.99261874,0.0010807401,0.0034333752
edzstm7,joy,joy,0.0015284842,0.0005512452,0.00044889527,0.9933676,0.00131602,0.0027878326
edzt7kp,anger,anger,0.9238838,0.014046272,0.0031372586,0.008260746,0.006383211,0.04428879
edztq7l,surprise,surprise,0.009398658,0.0033852789,0.004496279,0.004645364,0.006148821,0.97192556
edzxugb,anger,anger,0.805863,0.0075275535,0.0041524605,0.14646801,0.013629724,0.022359194
edzyni5,joy,joy,0.0093007,0.0013057842,0.0022212202,0.9762462,0.0063974224,0.0045287297
edzzt4w,anger,anger,0.62779856,0.009848675,0.0075530857,0.205776,0.103990085,0.04503355
edzzu4q,anger,anger,0.9674713,0.009210359,0.0020885952,0.009753815,0.0059253606,0.005550594
ee0202k,anger,joy,0.2251857,0.0041036163,0.0020374362,0.7441859,0.009767364,0.014719997
ee0387y,surprise,surprise,0.013454509,0.002853609,0.0032446322,0.010123166,0.012379877,0.95794415
ee03shc,joy,joy,0.0018880864,0.0011763198,0.002604692,0.98064387,0.0026282524,0.011058694
ee03zsf,joy,joy,0.0011820195,0.0007957917,0.0008037936,0.9934149,0.00085672585,0.0029467177
ee05pvt,anger,anger,0.9270127,0.04814132,0.0056604785,0.005391259,0.01049298,0.0033013013
ee06627,anger,anger,0.9594146,0.0101632215,0.001947415,0.0074346215,0.010623109,0.010416993
ee066hi,surprise,surprise,0.0072535463,0.0027175935,0.004187153,0.005611634,0.0054716757,0.9747584
ee06kps,anger,anger,0.7853189,0.009555849,0.0044195177,0.07783692,0.03192585,0.09094299
ee06v1a,joy,joy,0.001188173,0.0006940612,0.00070648623,0.994167,0.0009430777,0.002301254
ee071mo,joy,joy,0.0039364803,0.0009772329,0.00063588785,0.99023855,0.0016228313,0.0025890057
ee07ll5,anger,anger,0.8893573,0.0089428425,0.0032700251,0.035030346,0.037067194,0.026332168
ee07mgj,fear,fear,0.038566444,0.05085613,0.7492855,0.03945585,0.09466707,0.02716894
ee07pbp,surprise,surprise,0.015154144,0.0039240727,0.0043909093,0.0041178972,0.00847369,0.96393925
ee07scc,joy,surprise,0.12296035,0.0069056377,0.004591385,0.0565933,0.03114796,0.7778014
ee09ex6,joy,joy,0.0036923108,0.0008616651,0.001346773,0.98654115,0.004680855,0.0028772822
ee09f9k,sadness,sadness,0.007927631,0.007252826,0.0115627805,0.013202774,0.95338655,0.0066674575
ee09tgz,joy,joy,0.0013738191,0.00064004393,0.0010546272,0.9884671,0.0012011564,0.0072632656
ee0ad1i,joy,joy,0.013450589,0.0016846324,0.0018680367,0.88470525,0.005794571,0.09249693
ee0am1i,anger,anger,0.94618124,0.032839745,0.0027819476,0.00715278,0.008005419,0.0030389184
ee0ask7,joy,joy,0.0057867956,0.00077893457,0.00061829534,0.98886186,0.0017987296,0.0021553182
ee0b6m5,surprise,surprise,0.011263053,0.0026169168,0.0026090918,0.00991506,0.00735897,0.9662369
ee0bkij,joy,joy,0.0031140212,0.0007947185,0.0006228059,0.99261415,0.0012214014,0.0016328607
ee0br2k,joy,joy,0.004890944,0.0013281853,0.0031261272,0.96160233,0.016435426,0.012616978
ee0bzhq,anger,surprise,0.009794007,0.0050244047,0.010206626,0.0076101827,0.008753462,0.9586113
ee0c3fx,joy,joy,0.0012419387,0.0007318164,0.00077717385,0.99411917,0.00079670455,0.0023331519
ee0cry9,joy,joy,0.008505583,0.0009412317,0.0009902257,0.9815444,0.003194359,0.004824293
ee0d3d6,sadness,sadness,0.015438166,0.008817146,0.007239184,0.012769197,0.9496912,0.0060450872
ee0d47e,joy,joy,0.0013795662,0.000724186,0.00053859863,0.9947465,0.00068520533,0.0019258632
ee0ei56,joy,joy,0.0017623716,0.0011070638,0.0017526546,0.98328847,0.0015042553,0.010585248
ee0epq5,joy,surprise,0.12532203,0.011071181,0.0042037913,0.0154764,0.015304609,0.82862204
ee0gtwq,anger,anger,0.6807136,0.015620299,0.03316923,0.12744677,0.059525445,0.08352464
ee0hddi,surprise,surprise,0.008015805,0.002595854,0.0037322948,0.005601534,0.0052895253,0.97476494
ee0jjkm,joy,joy,0.00128097,0.00061533396,0.0004974288,0.9943915,0.000883544,0.0023312708
ee0jumr,joy,joy,0.0016688822,0.00067198573,0.000503283,0.9935546,0.0008280999,0.002773241
ee0k0p5,sadness,disgust,0.12211154,0.50706017,0.10812642,0.017931033,0.22874348,0.016027363
ee0k24c,anger,joy,0.068097524,0.0029041045,0.0025853275,0.8874644,0.032363735,0.006584878
ee0ke17,joy,joy,0.009691755,0.0011920512,0.001566038,0.9696018,0.004770297,0.013178028
ee0luv1,sadness,sadness,0.20572792,0.17058437,0.01416671,0.01086145,0.5921517,0.0065078503
ee0lvm1,anger,anger,0.90607107,0.011733064,0.0037632934,0.05949411,0.012972161,0.0059663286
ee0ly2z,joy,joy,0.0031823413,0.0006986538,0.0010026138,0.983652,0.0012907599,0.010173635
ee0lyzl,joy,joy,0.0037123712,0.0006370362,0.0010907697,0.98650265,0.002365716,0.0056914203
ee0mcna,joy,joy,0.0013510415,0.00067833957,0.00071234273,0.9937849,0.0007282472,0.0027451331
ee0mvk3,joy,joy,0.052484427,0.0042165155,0.0031203213,0.9306546,0.0063252766,0.0031988537
ee0myba,joy,joy,0.0018070784,0.00061791757,0.00047900437,0.99423546,0.0010336416,0.0018269931
ee0niqi,joy,joy,0.0017976098,0.00066861836,0.0006163379,0.9930508,0.00073246507,0.0031341068
ee0o87x,joy,joy,0.024702769,0.0032208886,0.0032322584,0.56012386,0.00721888,0.40150136
ee0pusi,anger,disgust,0.16490187,0.4307024,0.16778922,0.010126021,0.21789394,0.0085865585
ee0q3qq,joy,joy,0.0012045333,0.00059792516,0.00061557547,0.9935581,0.0012334395,0.002790489
ee0qol7,anger,sadness,0.065188095,0.011417146,0.036113232,0.32013315,0.5059539,0.061194424
ee0r22m,joy,joy,0.001320611,0.0006516923,0.0005574352,0.99463695,0.000849642,0.0019836784
ee0rp1e,joy,joy,0.0012546881,0.000554808,0.0009942708,0.9932876,0.0014763247,0.002432274
ee0rs1r,anger,anger,0.9421317,0.015163666,0.0038085713,0.01569135,0.014524573,0.0086800605
ee0rvn8,anger,joy,0.035997946,0.002092666,0.004075608,0.9131364,0.03509821,0.009599146
ee0waa7,joy,joy,0.0017177915,0.0008204865,0.0006974361,0.99267805,0.00077144796,0.0033147538
ee0wjxb,joy,joy,0.0015346617,0.00064939883,0.0006680889,0.9935182,0.0007781372,0.0028514124
ee0wtbn,surprise,surprise,0.005874959,0.0027342862,0.003324961,0.01145504,0.005603848,0.9710069
ee0wuyn,anger,joy,0.2884702,0.019880848,0.032639492,0.5840471,0.03964742,0.03531498
ee0ww8s,anger,surprise,0.053344183,0.0043716,0.0046136896,0.035638098,0.018458033,0.8835744
ee0x3le,surprise,joy,0.09769604,0.010146948,0.025236342,0.53311354,0.011363184,0.32244387
ee0znnb,anger,anger,0.96493775,0.011282673,0.0016901027,0.012573967,0.005553455,0.0039619757
ee10mx3,anger,joy,0.12703656,0.012985902,0.036769766,0.5740496,0.14712584,0.102032326
ee11b39,joy,joy,0.002045216,0.0006115575,0.0009519091,0.9906019,0.0016499469,0.0041395565
ee126ii,joy,joy,0.0019434487,0.00079134665,0.0009114097,0.9910034,0.0008459328,0.0045044576
ee12lce,sadness,sadness,0.11564099,0.0139833335,0.00885569,0.15315497,0.698194,0.010170974
ee131jm,joy,joy,0.0017617308,0.000554993,0.000466448,0.99451077,0.0008794637,0.0018265634
ee132jr,surprise,joy,0.0025249866,0.00095024967,0.0008542604,0.9778852,0.001227401,0.016557988
ee14dr5,sadness,sadness,0.039608873,0.018667454,0.023170382,0.013933029,0.89441496,0.010205318
ee14rgl,surprise,surprise,0.009394845,0.0022811072,0.0026626228,0.0112298615,0.005879371,0.96855205
ee14xe0,joy,joy,0.006148425,0.0014880522,0.0015054191,0.9136034,0.0028822445,0.07437246
ee150qo,joy,joy,0.0015306138,0.0006115102,0.00073828996,0.9936413,0.00097503734,0.00250332
ee17byd,joy,joy,0.006180961,0.0009946709,0.0008544307,0.9863316,0.0034044343,0.0022339807
ee196a7,joy,joy,0.0010172318,0.0007247835,0.0006774215,0.9943356,0.0009396021,0.0023052571
ee1a9hm,joy,joy,0.019232089,0.0037242041,0.0017009081,0.96778506,0.0033829063,0.0041748285
ee1asno,joy,joy,0.0023320846,0.0006124263,0.0004334608,0.99389327,0.0008761433,0.001852734
ee1aynq,joy,joy,0.0013417128,0.0006617605,0.00053668837,0.9945222,0.0006515537,0.002286005
ee1doy4,anger,anger,0.83482486,0.0185945,0.004760464,0.030741487,0.09714781,0.01393084
ee1e2ur,surprise,surprise,0.008328898,0.0030927758,0.0035961042,0.005920871,0.0069943145,0.97206706
ee1e74y,joy,anger,0.8537201,0.011331752,0.002964819,0.10765554,0.020809276,0.0035185174
ee1f3e2,anger,anger,0.5991443,0.008920304,0.00239669,0.3346678,0.016753713,0.038117282
ee1f6qp,joy,joy,0.0014008716,0.0007434764,0.0006362249,0.9943715,0.00073256396,0.0021154252
ee1h48v,joy,joy,0.0012087841,0.0007261303,0.0008040355,0.9943268,0.00083111797,0.0021031466
ee1h5v1,surprise,surprise,0.0158697,0.0037833827,0.0041625868,0.00497433,0.010313929,0.960896
ee1i5pv,joy,surprise,0.006807712,0.0025230863,0.0027699636,0.042637005,0.005395103,0.9398671
ee1j28v,anger,anger,0.9520503,0.019084724,0.0028280898,0.00909399,0.014119845,0.0028229982
ee1jgv9,joy,joy,0.0015510875,0.0006040243,0.00058394857,0.98915356,0.00091189466,0.0071954452
ee1jq22,joy,joy,0.0026211017,0.0005937934,0.0006055789,0.9919775,0.001011254,0.0031908068
ee1l91z,anger,surprise,0.20935568,0.0062155905,0.0041153855,0.038812757,0.018392494,0.72310805
ee1lbbj,surprise,joy,0.0042654993,0.0010540899,0.001011865,0.98575324,0.0015856507,0.00632975
ee1lj8m,joy,joy,0.0024941822,0.00071252004,0.00045969235,0.99335843,0.0013561337,0.0016189953
ee1lws5,anger,anger,0.89543337,0.019200157,0.0025161246,0.014551488,0.058041297,0.010257509
ee1msax,anger,anger,0.8687996,0.06741974,0.008463005,0.012300788,0.03787294,0.005143931
ee1n94d,joy,joy,0.0052765775,0.0027505902,0.0029248863,0.97299993,0.012491552,0.0035565374
ee1oa6g,surprise,surprise,0.0072819334,0.0032083192,0.0031802414,0.018102359,0.0060630827,0.96216404
ee1outn,surprise,joy,0.0020773166,0.00071042695,0.00082965806,0.9778788,0.0012630462,0.017240819
ee1paps,joy,joy,0.0024319647,0.00061530527,0.0008293462,0.9907987,0.0013972333,0.0039273757
ee1qdz6,joy,joy,0.0023119627,0.0008423372,0.0014133365,0.9875688,0.0034110914,0.004452484
ee1qgh4,joy,joy,0.1207131,0.015777003,0.006847952,0.82642883,0.024602465,0.0056306426
ee1qysd,joy,sadness,0.0110761225,0.00704251,0.010595804,0.026027294,0.93909585,0.0061623626
ee1r7x8,fear,fear,0.033872295,0.23821287,0.57854295,0.012524428,0.12575333,0.011094126
ee1rghi,joy,joy,0.0011221513,0.00069167535,0.00057124416,0.994733,0.0007566183,0.0021253047
ee1rkwi,surprise,surprise,0.13650179,0.0065850723,0.004482177,0.048831362,0.031761203,0.7718384
ee1s5s2,sadness,anger,0.78879094,0.07676345,0.0051562805,0.011383911,0.11394865,0.003956743
ee1sok7,joy,joy,0.001056863,0.00060726114,0.000605619,0.9951407,0.0008884856,0.0017010153
ee1thho,joy,surprise,0.023819227,0.0028742808,0.004260659,0.45412654,0.009895414,0.50502384
ee1uakc,joy,joy,0.001467318,0.00081910746,0.00062881474,0.99296546,0.0007198288,0.0033994943
ee1uit6,sadness,surprise,0.17642102,0.015765604,0.020760028,0.04546289,0.1885519,0.55303854
ee1upwg,joy,joy,0.001508239,0.0005650836,0.0005653278,0.99324495,0.0009408424,0.0031755143
ee1uv2y,surprise,joy,0.0060890587,0.0018957776,0.0022673775,0.8184463,0.0032151353,0.16808641
ee1vpfi,joy,joy,0.0014977289,0.000541352,0.0005558524,0.99422294,0.0010962876,0.0020857223
ee1vsfb,joy,joy,0.032580886,0.002304466,0.0021704102,0.83742756,0.007001154,0.11851556
ee1vtaq,fear,fear,0.039473526,0.043844827,0.7997175,0.020973211,0.05749361,0.038497336
ee1vvxu,surprise,surprise,0.043155488,0.005121942,0.0032823565,0.013894816,0.008225358,0.92632014
ee1wjis,anger,anger,0.9688052,0.010990331,0.0025999425,0.009843713,0.004120556,0.0036402955
ee1wygj,anger,surprise,0.18146946,0.007446809,0.005018578,0.05524888,0.026331624,0.7244846
ee1xh0r,joy,joy,0.001540213,0.00066744577,0.0007255831,0.99280083,0.0009737408,0.0032922288
ee1xr0e,joy,joy,0.0025957578,0.0007480343,0.0005290619,0.99327236,0.0010669775,0.0017878107
ee1yh79,joy,joy,0.0032486473,0.0015120059,0.0018599782,0.9285464,0.0017418108,0.06309116
ee1ysbd,joy,joy,0.0015195451,0.0005333294,0.0005003886,0.9941614,0.0009525149,0.002332854
ee1ythq,anger,anger,0.45711848,0.09001281,0.21212022,0.14536974,0.052163936,0.043214798
ee1z2fu,surprise,surprise,0.020142887,0.006209466,0.014947413,0.008230111,0.016403297,0.9340669
ee209hz,joy,joy,0.0015170225,0.00084428414,0.0007649646,0.9865389,0.00081791147,0.00951686
ee21lzo,joy,joy,0.004035979,0.0006651054,0.00066720124,0.9906584,0.0015155142,0.0024578623
ee21rdg,joy,joy,0.017518107,0.0033004049,0.0023012802,0.86804867,0.038845222,0.06998633
ee21tnl,surprise,surprise,0.013318922,0.0026499778,0.0030029675,0.0065413336,0.006693855,0.967793
ee22txd,joy,joy,0.0016617605,0.00074538536,0.0005942781,0.9936965,0.0011057355,0.0021964232
ee24atb,surprise,surprise,0.020729735,0.0036211868,0.0032459104,0.0057507185,0.010534135,0.9561183
ee253ey,anger,anger,0.6878684,0.16228808,0.02698991,0.01428852,0.10270512,0.005859957
ee26swz,joy,joy,0.0012021525,0.0007067323,0.0007235402,0.9932795,0.0008455684,0.0032425367
ee27ele,surprise,joy,0.012759457,0.0028268397,0.0023386872,0.811367,0.01254558,0.15816244
ee27gps,anger,anger,0.6845151,0.023519794,0.014518912,0.054649197,0.21675159,0.006045434
ee27tbv,joy,joy,0.0014256347,0.0006181607,0.00053078705,0.99349856,0.0009405595,0.0029863024
ee27x3d,joy,joy,0.0021292067,0.000600441,0.000503864,0.9935355,0.00078044017,0.0024505
ee28ent,joy,joy,0.30729148,0.005498218,0.0031015985,0.57795703,0.046945054,0.059206564
ee28uy4,anger,joy,0.003184279,0.0010910599,0.0014546361,0.95965254,0.0029348747,0.031682525
ee2957c,joy,joy,0.0019868403,0.0007285626,0.000466466,0.9937509,0.0008936144,0.0021735455
ee29gfc,joy,joy,0.0048525147,0.00209994,0.0020891875,0.9852012,0.0012196284,0.004537415
ee29q8z,anger,anger,0.9635173,0.016489387,0.0021972833,0.0070403945,0.008585082,0.0021705492
ee2aex6,anger,anger,0.94343597,0.023612844,0.0037229636,0.015444602,0.011267543,0.0025160497
ee2b3be,joy,joy,0.0076948176,0.0010684521,0.0017750335,0.9751678,0.005890309,0.008403618
ee2b4pk,disgust,anger,0.4567621,0.019280538,0.014873949,0.2945806,0.16993566,0.04456713
ee2fa7t,sadness,sadness,0.02135212,0.057523668,0.016577667,0.0072351214,0.885733,0.011578441
ee2fl5b,anger,anger,0.5528539,0.007962819,0.0036759267,0.22473256,0.013164075,0.19761078
ee2ft4z,joy,joy,0.0018283715,0.0007030725,0.0005172763,0.99393713,0.00081878534,0.0021953906
ee2gg2j,joy,joy,0.001702771,0.00081755494,0.0006685441,0.99253064,0.0010224136,0.0032580094
ee2gssi,joy,surprise,0.0080726,0.0034033912,0.003102685,0.08591677,0.006836191,0.89266837
ee2hecu,anger,anger,0.9419924,0.007592336,0.0022267387,0.02709015,0.016430156,0.004668329
ee2hhgz,sadness,sadness,0.08014435,0.03878365,0.00776712,0.017879998,0.8487432,0.006681592
ee2i3od,surprise,surprise,0.4006418,0.01995487,0.007500917,0.013014368,0.028656874,0.5302312
ee2jg36,joy,joy,0.00094636047,0.0007546885,0.0014175547,0.98807794,0.005391731,0.003411768
ee2jj95,sadness,sadness,0.28337026,0.012738498,0.01045184,0.13131744,0.45978212,0.10233986
ee2kg8m,joy,joy,0.0014827425,0.0006572412,0.0005069483,0.9948139,0.00074959866,0.0017895851
ee2krnk,fear,fear,0.01976832,0.025873855,0.755012,0.022099087,0.12115741,0.05608935
ee2kyih,joy,joy,0.002740127,0.00087012944,0.00051402353,0.99268895,0.00092296285,0.0022637988
ee2lx4v,joy,joy,0.0021194215,0.0007805394,0.00056099554,0.99423295,0.00079723017,0.0015088131
ee2msue,joy,joy,0.0015508271,0.0007149871,0.00062336714,0.99410087,0.0006996521,0.002310276
ee2mthu,joy,joy,0.0018302363,0.00062904984,0.0006368444,0.9940584,0.00091952237,0.0019259447
ee2nf66,joy,joy,0.0016929944,0.0008095296,0.00112338,0.99248296,0.0009593231,0.0029317546
ee2nt56,surprise,surprise,0.0070157344,0.0021297901,0.0031142498,0.0080953445,0.0053853355,0.9742595
ee2poss,joy,joy,0.0020395296,0.00078908144,0.0005400722,0.9939348,0.0011236337,0.0015727704
ee2qil5,surprise,surprise,0.067893505,0.0064657205,0.0049916734,0.015249339,0.014777968,0.8906219
ee2rc52,joy,joy,0.028789578,0.0014128091,0.0012040677,0.96044827,0.0040074913,0.0041377717
ee2rp7m,joy,sadness,0.18564722,0.018792197,0.026318999,0.11261955,0.62011313,0.036508907
ee2s7o7,fear,fear,0.03217251,0.041425884,0.80084854,0.019987406,0.073602684,0.03196297
ee2stiq,joy,joy,0.0012363013,0.0006252628,0.00047231148,0.9951574,0.0008252879,0.0016834693
ee2t60u,joy,joy,0.009500336,0.0029842977,0.0029229447,0.6578686,0.0055460837,0.3211777
ee2tbtv,joy,joy,0.0027187595,0.0006667318,0.0005676837,0.99284923,0.0011892389,0.002008312
ee2wwvc,surprise,surprise,0.023422476,0.002736694,0.0026635188,0.04842071,0.010988301,0.91176826
ee2xngb,joy,joy,0.0014777428,0.00076322333,0.0005478547,0.9941545,0.0008087256,0.0022479433
ee2ybxe,fear,fear,0.04866312,0.055323903,0.6909764,0.050491452,0.11664834,0.03789681
ee2yeeo,surprise,surprise,0.014093467,0.0033781235,0.0028292611,0.020898096,0.007164352,0.9516367
ee2yge0,joy,joy,0.008212459,0.0010625112,0.0005504264,0.9772554,0.0014203078,0.01149884
ee2yy2v,joy,joy,0.0008505205,0.00062135275,0.00083591824,0.99400526,0.0013753313,0.0023115932
ee2zm4w,sadness,sadness,0.007100804,0.008350984,0.015265977,0.01146783,0.9508144,0.006999936
ee2zq71,joy,joy,0.0015757343,0.0007043219,0.0005939784,0.99351937,0.0008728865,0.0027336495
ee31b75,joy,joy,0.002007479,0.0012580144,0.000910717,0.99219245,0.0011247066,0.0025067062
ee31jr3,fear,fear,0.049878825,0.0777708,0.47231993,0.013601898,0.3410782,0.045350302
ee31sx4,joy,joy,0.001274283,0.0005669944,0.0005321606,0.99503076,0.0011893584,0.0014063866
ee320v4,joy,joy,0.001174624,0.00055700244,0.00053678756,0.9949051,0.0009980948,0.0018284608
ee331lx,joy,joy,0.0026218693,0.0013223004,0.0011690697,0.98888177,0.0015878506,0.0044170814
ee33bja,joy,joy,0.0012411264,0.00056767714,0.0006095493,0.9943382,0.001133107,0.0021103898
ee33ub2,anger,joy,0.0040997565,0.0008410277,0.00088573736,0.9841743,0.0038118733,0.006187325
ee34hb1,joy,joy,0.0043483167,0.0012298407,0.0014299024,0.94662464,0.0016646576,0.04470266
ee354le,joy,joy,0.0016702184,0.00058125367,0.00047041266,0.9942154,0.0010704644,0.0019922496
ee35oxx,sadness,joy,0.11690553,0.003662007,0.005445933,0.85023725,0.014139969,0.0096093435
ee35w8p,joy,joy,0.0021244476,0.0007941805,0.0009793931,0.983739,0.0013397686,0.011023235
ee366rp,joy,joy,0.0019754784,0.0007347944,0.0007789305,0.99175406,0.00083781575,0.003918984
ee36cyh,joy,joy,0.002590095,0.0007419311,0.0010621884,0.99149597,0.0010307688,0.0030791159
ee36ydp,anger,joy,0.17911841,0.0059856516,0.003318144,0.76732826,0.016078055,0.02817154
ee37xrt,surprise,surprise,0.013341062,0.0033607688,0.0044006635,0.005099558,0.009513183,0.9642847
ee38god,joy,joy,0.001031484,0.00053836685,0.00058174256,0.9951172,0.0010079775,0.0017232832
ee38hjz,joy,joy,0.0075410604,0.0014243621,0.0007066176,0.98597264,0.0014674516,0.0028878907
ee38rym,joy,joy,0.0013798027,0.000774853,0.0008679721,0.9926379,0.00096557534,0.0033740108
ee39naw,joy,joy,0.0011583656,0.0006075586,0.0005677266,0.9951526,0.00078993745,0.001723739
ee39okc,joy,joy,0.0014010571,0.00063900836,0.00054509373,0.99469143,0.0008081021,0.001915281
ee39rj7,joy,joy,0.0024390041,0.00081727724,0.0008657409,0.99050784,0.0014053608,0.0039648092
ee3a1ms,joy,joy,0.0012348172,0.000615047,0.0006184796,0.9947665,0.000793876,0.0019713335
ee3b2vk,joy,joy,0.0015786698,0.00086297485,0.0009939397,0.99345183,0.0012943246,0.0018182218
ee3b85p,sadness,anger,0.5023754,0.04348046,0.0069026314,0.030045634,0.40558392,0.011612007
ee3c6hw,joy,joy,0.021846827,0.0032138107,0.0029293322,0.5306001,0.007988056,0.43342188
ee3cd92,joy,joy,0.0018215699,0.0008153575,0.000659967,0.9938153,0.00087258505,0.0020152174
ee3cgjs,anger,anger,0.9607852,0.014839685,0.0016339438,0.0071593095,0.011036008,0.0045459196
ee3ckls,joy,joy,0.002511288,0.0007817989,0.00049665873,0.99239725,0.0008853634,0.0029276276
ee3d1ba,surprise,surprise,0.0064271553,0.0029878004,0.0034845816,0.06746685,0.0061227973,0.9135109
ee3db19,joy,joy,0.0013826039,0.0009623848,0.00090584863,0.99369735,0.00092593796,0.0021259307
ee3dj19,joy,joy,0.0015946778,0.00068742933,0.0005618393,0.9938698,0.0009418581,0.0023444626
ee3dysd,fear,fear,0.025370292,0.021974564,0.7360125,0.08289118,0.06513276,0.06861863
ee3ecbg,surprise,surprise,0.007199604,0.0026294475,0.0029385267,0.01126374,0.0062437407,0.969725
ee3egg2,joy,joy,0.0016749318,0.0008876133,0.00071618427,0.9934244,0.0007337308,0.002563115
ee3eyf5,surprise,surprise,0.37440073,0.11119169,0.015717443,0.0116568105,0.10411759,0.3829157
ee3fd6l,sadness,sadness,0.00824544,0.0093083065,0.012630765,0.006259295,0.9548415,0.008714649
ee3gbt3,anger,anger,0.9353554,0.04279195,0.005048066,0.005374602,0.009121956,0.0023080134
ee3h6yk,joy,joy,0.0018604202,0.0007345124,0.0010829373,0.99034625,0.0015586788,0.0044172
ee3h95g,joy,joy,0.011993024,0.0014635881,0.0033530183,0.9733699,0.0046945876,0.005125854
ee3hc91,joy,joy,0.0059611215,0.00096093194,0.00057816226,0.98774475,0.002329765,0.0024252816
ee3icov,joy,joy,0.0011793065,0.0011917385,0.0035801202,0.9746889,0.0033825936,0.015977388
ee3iqzx,joy,anger,0.8991519,0.0056803413,0.0018278583,0.07084447,0.012186948,0.010308404
ee3j0cr,joy,joy,0.0015616785,0.0005633114,0.00055841944,0.9941303,0.0008215227,0.0023647277
ee3jc0f,anger,joy,0.002967334,0.0007544253,0.0006510751,0.99178594,0.0009756678,0.0028655815
ee3kag6,joy,joy,0.0012268347,0.0005881178,0.00050192134,0.9939859,0.00097123755,0.002726026
ee3n1bm,sadness,joy,0.020034395,0.001841133,0.0010410998,0.9321075,0.008849078,0.036126766
ee3nurr,surprise,surprise,0.011298518,0.00312977,0.0031460451,0.0055761156,0.006900223,0.96994936
ee3p1f9,joy,joy,0.0012472419,0.00078644184,0.0006799706,0.9936287,0.0008257067,0.002831944
ee3p61p,sadness,joy,0.0070967632,0.0017956026,0.0048853084,0.9621445,0.015740046,0.008337779
ee3pxoi,joy,surprise,0.01626819,0.0028702028,0.0036660545,0.15605736,0.009538768,0.81159943
ee3qgps,joy,joy,0.0017086047,0.00069436483,0.00056636985,0.9943211,0.0008411716,0.0018683649
ee3qiyb,joy,joy,0.0014003372,0.0006248324,0.0005884414,0.9939898,0.0008048983,0.002591673
ee3qlnw,joy,joy,0.0010270517,0.00065573305,0.00060065335,0.994665,0.0009249779,0.002126614
ee3rjdo,joy,joy,0.0064957133,0.00086691655,0.0010131213,0.97602093,0.0036214408,0.011981889
ee3rtkg,anger,anger,0.8972963,0.071979225,0.009102374,0.007035934,0.01219669,0.0023894152
ee3sta0,joy,joy,0.0009782695,0.0005146242,0.0005537355,0.9945444,0.000961373,0.0024475413
ee3szn2,joy,joy,0.0008497637,0.00062648323,0.0008230511,0.99376535,0.0019817473,0.0019535974
ee3tho5,joy,joy,0.001969897,0.00056554953,0.00061834126,0.99160075,0.00096260855,0.004282914
ee3tjdp,joy,joy,0.0011398786,0.00061537424,0.00060018996,0.9948862,0.0007315581,0.0020267311
ee3twmx,joy,joy,0.014583577,0.001609323,0.0020510652,0.9231167,0.005616776,0.05302254
ee3u6hq,sadness,sadness,0.0231001,0.013904049,0.0080594495,0.010129504,0.92507327,0.019733643
ee3uqcz,sadness,sadness,0.006335702,0.008177127,0.023018802,0.015734302,0.9384802,0.008253776
ee3v5ip,sadness,joy,0.06433315,0.0057081436,0.0026855487,0.8110069,0.10881067,0.0074555264
ee3vdty,joy,joy,0.002257855,0.0006932413,0.0008563237,0.9900074,0.0013511338,0.0048339795
ee3w2wu,joy,joy,0.0016139942,0.001009719,0.0016543613,0.99091154,0.0022706483,0.0025396945
ee3xcal,joy,joy,0.0028888367,0.00063084846,0.0014439404,0.98631734,0.002683568,0.006035426
ee3xjtp,joy,surprise,0.12625068,0.0056562186,0.00811954,0.3936121,0.06524106,0.40112036
ee3y1er,joy,joy,0.010630396,0.002178223,0.0030008198,0.97695243,0.0024753741,0.0047628004
ee3y4sd,anger,anger,0.956498,0.013466271,0.0020127834,0.019374996,0.0059156623,0.0027322876
ee3ys82,surprise,joy,0.0022000235,0.0007532125,0.0012210837,0.98755705,0.0018916626,0.0063770046
ee3yyym,anger,anger,0.96669614,0.01682358,0.0027117417,0.00712867,0.0033298924,0.0033101323
ee3z0rr,joy,joy,0.2110486,0.010459012,0.021117784,0.36830473,0.34358287,0.04548702
ee3zkyj,sadness,sadness,0.20522462,0.020900158,0.046247855,0.045305297,0.64983135,0.032490738
ee3ztta,sadness,sadness,0.021740297,0.018106187,0.008061978,0.007625187,0.9392746,0.005191831
ee40ffi,joy,anger,0.24848723,0.058977123,0.19388294,0.19551969,0.06105993,0.24207307
ee40pc4,surprise,surprise,0.01215194,0.0036696922,0.0053594047,0.0044581555,0.009916705,0.96444404
ee41kcd,joy,joy,0.0024110663,0.00084591773,0.00066959095,0.99264526,0.0008758772,0.0025522257
ee432lo,anger,anger,0.9642469,0.014437335,0.0019740374,0.008015407,0.007479768,0.003846649
ee433se,sadness,surprise,0.2532438,0.0062186182,0.004746106,0.09510731,0.025717754,0.6149664
ee44ber,joy,joy,0.1019865,0.011495171,0.03699253,0.56043917,0.26607785,0.023008833
ee454s8,joy,joy,0.0015493019,0.00066208845,0.00080118125,0.99373865,0.00092476344,0.0023240517
ee455vq,anger,anger,0.9091465,0.033153545,0.011336603,0.015297549,0.015103065,0.015962668
ee45816,anger,anger,0.87194574,0.017720172,0.0039225565,0.050745245,0.047504872,0.008161377
ee46j8g,joy,joy,0.002154711,0.00063755515,0.0005767238,0.9858408,0.00091330224,0.009876942
ee481jv,joy,joy,0.0020187206,0.00084196427,0.0013903066,0.9839675,0.0024914409,0.009290069
ee48de5,anger,surprise,0.09795038,0.0046390593,0.0032175377,0.054966137,0.020101827,0.81912506
ee49nx8,surprise,surprise,0.022244394,0.0037585327,0.0029078252,0.045402855,0.017660694,0.90802574
ee49p1h,joy,joy,0.0016842611,0.0005617645,0.0005279645,0.99173415,0.0012516116,0.0042402595
ee4atcy,anger,joy,0.0037222712,0.00082667806,0.0020628,0.9805093,0.006141836,0.006737078
ee4br7u,joy,joy,0.0014788104,0.00066937663,0.00056121254,0.994719,0.0007985085,0.0017729832
ee4cbii,joy,joy,0.008182725,0.0012471497,0.001317911,0.9830514,0.0023415266,0.0038592897
ee4fv26,joy,joy,0.001225695,0.0010232981,0.0013547722,0.9893665,0.0008660968,0.0061636083
ee4guke,joy,joy,0.0012870998,0.0006597317,0.0005485119,0.99473697,0.00080173236,0.0019659451
ee4hhqi,joy,joy,0.0015071955,0.00064832857,0.000574034,0.9943124,0.0009194382,0.0020386365
ee4i9cs,anger,anger,0.7624368,0.023629306,0.0053966474,0.012831597,0.01737865,0.178327
ee4idrf,sadness,sadness,0.013639645,0.007315505,0.02364525,0.38118345,0.5639794,0.010236753
ee4j0ev,joy,joy,0.0016691368,0.00072693254,0.0006041839,0.99214464,0.0009840393,0.0038710695
ee4m9gs,joy,joy,0.001253023,0.0007663281,0.00079700106,0.99233854,0.0010977102,0.0037473883
ee4mmi8,joy,joy,0.0020916841,0.0011114007,0.00090317073,0.99228776,0.00076306553,0.0028429
ee4mosl,joy,joy,0.015534815,0.0036925625,0.0036561163,0.80462384,0.020877097,0.15161563
ee4nc8k,joy,joy,0.0011756142,0.0006602798,0.0005757569,0.9945868,0.00086571096,0.0021358235
ee4no0w,surprise,anger,0.65570945,0.03397454,0.020478593,0.15264806,0.12380021,0.0133892335
ee4o2mk,joy,joy,0.0017248435,0.00073239993,0.00058362476,0.99451953,0.00074720423,0.0016924471
ee4od0o,joy,joy,0.0016802235,0.0009058215,0.0011375598,0.98648965,0.0014096696,0.008377121
ee4ogpb,surprise,surprise,0.0054391734,0.0023946587,0.003584648,0.0072935177,0.005121254,0.9761668
ee4olez,joy,joy,0.001853772,0.0008335652,0.00076406135,0.99305785,0.0009063447,0.002584324
ee4p6vr,anger,joy,0.33413485,0.0061872397,0.004108044,0.40175375,0.044704754,0.20911135
ee4pian,sadness,surprise,0.017304907,0.0029442688,0.0025166282,0.13294439,0.00730947,0.8369803
ee4pwot,anger,anger,0.96468586,0.0142686665,0.002555061,0.0068089366,0.006969894,0.0047116405
ee4s7pj,sadness,sadness,0.007913573,0.0078093773,0.008907131,0.010628021,0.9593696,0.0053723096
ee4tu1h,anger,anger,0.9685342,0.007399198,0.001963811,0.011788351,0.0057393922,0.0045749876
ee4tucn,anger,anger,0.93658113,0.00815445,0.00196861,0.022188064,0.024128813,0.0069789295
ee4uxvi,joy,joy,0.0011539945,0.00061627245,0.00065751676,0.9947225,0.00086790277,0.0019818484
ee4vk5w,anger,anger,0.9405533,0.009073525,0.002567759,0.014913758,0.018807936,0.014083725
ee4wv63,anger,joy,0.003936381,0.0006097362,0.0004422301,0.99182886,0.0012582379,0.0019245145
ee4xahj,joy,joy,0.0014706549,0.00054605305,0.0005513538,0.99386156,0.00080627133,0.0027641275
ee4xin2,joy,joy,0.0021991478,0.0005948914,0.0004299391,0.9929467,0.0010707105,0.002758581
ee4z5o3,joy,joy,0.003846958,0.0009647098,0.0007485025,0.9762598,0.0015172934,0.01666273
ee4zjdj,anger,joy,0.14213881,0.0092063155,0.029273933,0.5311855,0.23740141,0.050794043
ee50fyt,joy,surprise,0.014280242,0.0026775391,0.0043741856,0.16851622,0.0093788905,0.8007729
ee50l89,joy,joy,0.007866777,0.00094995333,0.0009035984,0.9653718,0.0032164527,0.021691341
ee50y9s,anger,anger,0.8986954,0.012379779,0.003195544,0.012424393,0.0069120903,0.06639273
ee519um,anger,anger,0.95753443,0.010437898,0.0015974757,0.015016424,0.010342717,0.005070987
ee51vcq,anger,anger,0.82926136,0.010023623,0.0028671296,0.096817374,0.052207444,0.008823119
ee52d9x,joy,joy,0.0011821259,0.00058427954,0.00048049222,0.99510807,0.0010298209,0.001615179
ee52m54,joy,joy,0.0044670533,0.00082605466,0.0013436672,0.9837378,0.0070859487,0.002539434
ee54ac5,surprise,surprise,0.008927176,0.0030462344,0.0034425552,0.006316135,0.006884352,0.9713837
ee54usn,joy,joy,0.0013370246,0.0006234564,0.00048688235,0.9949869,0.0009320923,0.0016336832
ee551s4,joy,joy,0.0019256155,0.00072253775,0.000420502,0.99438334,0.0007767879,0.0017711354
ee552rh,joy,surprise,0.14021006,0.007491993,0.0065800017,0.12030942,0.02246793,0.70294064
ee55fem,joy,joy,0.002070696,0.00050373806,0.000423292,0.99386495,0.0009914675,0.0021458087
ee55l0n,anger,anger,0.5636835,0.012267149,0.0050823083,0.33594108,0.02515298,0.05787297
ee56tw6,joy,joy,0.0012561792,0.00056584936,0.00055184006,0.99442965,0.0010904629,0.002106018
ee57zur,sadness,sadness,0.0061089876,0.007493991,0.011637912,0.008751998,0.95912564,0.006881449
ee588pz,anger,surprise,0.05427599,0.006302488,0.0051773037,0.0056546615,0.012058441,0.916531
ee58umw,joy,joy,0.010851227,0.0023722728,0.0019895735,0.9689877,0.0045932066,0.011205935
ee59qz9,joy,surprise,0.1512242,0.015011836,0.010312243,0.24137841,0.10527363,0.47679964
ee5a8mk,joy,joy,0.0013751651,0.00066283805,0.00057013845,0.99438524,0.00076301506,0.0022436744
ee5aa2a,joy,joy,0.0013105917,0.00048154575,0.0007508144,0.9938293,0.0011549925,0.002472709
ee5ag85,sadness,sadness,0.07858544,0.017347455,0.027318787,0.020610554,0.83697593,0.019161867
ee5aye9,joy,joy,0.0040839305,0.0009276678,0.00092693866,0.98545724,0.003067106,0.0055371025
ee5bqqq,anger,anger,0.88255316,0.05279488,0.0073421774,0.0056873816,0.04093808,0.010684196
ee5ceh7,surprise,surprise,0.008197002,0.0038691661,0.004892591,0.007921086,0.01088407,0.9642361
ee5d0d6,joy,joy,0.0060891933,0.00091377593,0.0005639691,0.97174746,0.0021762662,0.018509354
ee5d1uk,sadness,joy,0.004295622,0.0007784481,0.0012613086,0.9878961,0.0030689226,0.0026996217
ee5d5bh,joy,joy,0.0013174227,0.0006499047,0.0005847745,0.9943979,0.0010275017,0.0020225067
ee5ddtv,joy,joy,0.0016498293,0.00062117714,0.0005394845,0.9947254,0.00076656905,0.0016975196
ee5do8b,joy,joy,0.0014103672,0.00072640134,0.0005008961,0.9940929,0.0007233279,0.0025460606
ee5dvlb,joy,joy,0.0017449307,0.0006246764,0.0006575952,0.99294066,0.0013143071,0.002717785
ee5dy6r,joy,joy,0.0020687869,0.0006210168,0.00047394016,0.99387616,0.0009773638,0.0019826952
ee5e2vj,anger,anger,0.51189065,0.025205571,0.010571054,0.04447648,0.40038198,0.0074742776
ee5emd6,joy,joy,0.0017773276,0.0008019872,0.0006052805,0.9872503,0.0011840445,0.00838093
ee5ent7,joy,anger,0.6296109,0.058058493,0.0051019494,0.19035216,0.1076893,0.009187206
ee5fn1l,joy,joy,0.0020334907,0.0007847985,0.0013626781,0.98983955,0.0018663644,0.004113166
ee5fs8h,anger,anger,0.72845286,0.14795415,0.03646233,0.0076623326,0.06991482,0.0095534865
ee5fykb,anger,anger,0.6615958,0.026497498,0.014572272,0.10926511,0.1673209,0.020748328
ee5gb4z,anger,anger,0.90345365,0.028032912,0.006693149,0.044753652,0.013091422,0.00397526
ee5gdug,joy,joy,0.0011848096,0.00073819084,0.0006675059,0.99434435,0.00090651284,0.0021587443
ee5geyn,joy,joy,0.0012918033,0.0006372131,0.00054137676,0.9945311,0.0007565073,0.0022420832
ee5gp13,joy,joy,0.0015099179,0.00059745176,0.0005092268,0.9947067,0.00080011686,0.0018765255
ee5h21p,anger,anger,0.4572695,0.17297879,0.008317785,0.021015089,0.3301277,0.010291091
ee5ibbq,anger,anger,0.96740067,0.011460208,0.0018716217,0.011287367,0.0049209544,0.003059177
ee5ijot,disgust,disgust,0.0978155,0.5912683,0.22931953,0.0104374355,0.061237603,0.009921631
ee5is72,anger,anger,0.89672637,0.07294211,0.0053872196,0.0044046766,0.017186936,0.0033525827
ee5j4gf,joy,joy,0.0022727826,0.0007324684,0.00058677635,0.99340254,0.0009985282,0.002006868
ee5l7ju,joy,joy,0.0011662517,0.0006732832,0.0007161743,0.9939892,0.0010809873,0.002374143
ee5lxms,surprise,joy,0.0065980335,0.0023384097,0.007121735,0.9509853,0.0063624117,0.026594153
ee5mgg8,joy,joy,0.003365995,0.0009645079,0.0004526779,0.9912083,0.0014237501,0.0025847561
ee5mt3c,anger,anger,0.9434766,0.011925274,0.0027232463,0.01742673,0.00825334,0.016194748
ee5nn7b,joy,joy,0.3884291,0.0060549662,0.0021060992,0.5809974,0.011565087,0.010847304
ee5o7sf,surprise,surprise,0.016239,0.0033568025,0.003325208,0.28868917,0.008899774,0.67949003
ee5o9qc,sadness,sadness,0.024793273,0.0064290934,0.007918806,0.3356853,0.61621785,0.00895573
ee5ozhv,anger,anger,0.9566682,0.01051573,0.002894135,0.019060353,0.005507064,0.0053546564
ee5p45c,anger,anger,0.94137305,0.02233929,0.00415785,0.006630294,0.01544856,0.010050925
ee5p9sg,joy,joy,0.00090141676,0.0005632324,0.0005872124,0.99535924,0.001033588,0.0015552674
ee5po5f,anger,surprise,0.072831966,0.00891588,0.004733125,0.0069541717,0.020107452,0.8864574
ee5pu4o,anger,anger,0.9632062,0.019372808,0.0021848625,0.007579647,0.0046249926,0.0030315102
ee5q0l5,joy,joy,0.0023129466,0.0016431157,0.0012442529,0.9899962,0.0013221932,0.0034812686
ee5qmwi,joy,joy,0.0015533421,0.00057845237,0.00044414215,0.99447787,0.00068077014,0.0022654033
ee5r8iv,anger,anger,0.9131688,0.020090723,0.0034444886,0.0085271625,0.04154917,0.013219622
ee5rjb9,joy,joy,0.0014663287,0.00071379007,0.00055639434,0.9943184,0.0008238147,0.0021212194
ee5svxf,anger,anger,0.9597717,0.019718803,0.0028002372,0.0059910463,0.0066067292,0.005111445
ee5sz2d,anger,anger,0.8477941,0.023191573,0.00529549,0.008733906,0.013893012,0.101091914
ee5t2eo,sadness,joy,0.1959269,0.025751544,0.0065897973,0.7223665,0.0305255,0.01883976
ee5t62n,sadness,sadness,0.021003507,0.008542811,0.009869296,0.19816846,0.7174871,0.044928826
ee5ua5f,surprise,joy,0.011537516,0.0008787224,0.00077047007,0.9749631,0.0055461996,0.0063039153
ee5upc0,joy,joy,0.35233808,0.022158483,0.008706747,0.5922318,0.013487825,0.011077058
ee5uujw,fear,fear,0.10234103,0.080507554,0.6330968,0.017913433,0.10837699,0.057764214
ee5v1je,sadness,sadness,0.012191999,0.016823297,0.014755148,0.0043522003,0.94584185,0.0060355286
ee5v7o6,surprise,joy,0.015024145,0.0037025462,0.010508441,0.4925637,0.024130719,0.4540704
ee5vvau,joy,joy,0.0025737463,0.00064608094,0.0004137515,0.9933054,0.0010634558,0.00199752
ee5wfoi,joy,joy,0.0039638854,0.0008577873,0.0008225375,0.96568155,0.003536091,0.025138156
ee5xfyq,surprise,surprise,0.0043186774,0.0026962974,0.0047275275,0.008979565,0.0054806895,0.97379726
ee5xkka,surprise,anger,0.49027756,0.016243296,0.012850491,0.16000412,0.13207757,0.188547
ee5xsnn,surprise,anger,0.5332794,0.034604274,0.014867091,0.024423985,0.12685308,0.2659721
ee5xtsy,surprise,sadness,0.2635978,0.22938552,0.041793086,0.017252937,0.2837859,0.16418475
ee5xx4i,fear,fear,0.020060576,0.03211668,0.6354462,0.056699038,0.21139838,0.044279125
ee5y67v,joy,joy,0.0040763207,0.0009155865,0.00044545354,0.99108094,0.0014114915,0.002070248
ee5y6dt,sadness,sadness,0.27243894,0.075659044,0.011462096,0.011371301,0.6181784,0.010890254
ee5yeu8,joy,joy,0.001648905,0.00066501333,0.00095533236,0.9915746,0.0010958941,0.004060232
ee5yg0t,sadness,sadness,0.016927116,0.011662713,0.01030339,0.011298733,0.944451,0.0053569586
ee60k0m,anger,anger,0.7145113,0.22613569,0.017358633,0.010668907,0.02639899,0.00492651
ee60q8u,sadness,sadness,0.07747095,0.03564775,0.006463943,0.012476769,0.8597153,0.008225359
ee61e0d,anger,anger,0.5723502,0.018213615,0.0063557266,0.02365286,0.034888405,0.34453928
ee61t4b,sadness,sadness,0.008374418,0.021307,0.03432654,0.006721629,0.9220962,0.0071741836
ee6386k,joy,joy,0.0012409369,0.00071392406,0.00068343634,0.9944424,0.0008336192,0.0020857065
ee63efc,sadness,anger,0.8543643,0.10373371,0.008160623,0.008693833,0.020750718,0.0042968285
ee64byg,joy,joy,0.00094948255,0.0006184104,0.00087291765,0.9924223,0.0032708591,0.0018660234
ee64day,sadness,sadness,0.0066476576,0.008467163,0.010387619,0.013392258,0.95313793,0.007967373
ee64dbh,joy,joy,0.0011265476,0.0010788001,0.0010838961,0.9922071,0.001295859,0.0032078389
ee64wut,joy,joy,0.0016388769,0.0010142196,0.0013581843,0.9910801,0.001713613,0.0031949403
ee655oi,surprise,surprise,0.03989619,0.004030105,0.0036503049,0.018834326,0.021121109,0.91246796
ee65dgs,anger,anger,0.96339315,0.0066213356,0.0017811669,0.016857231,0.0074217273,0.0039253314
ee65gd2,anger,joy,0.016325109,0.0046748426,0.00822843,0.9113555,0.05360704,0.0058090705
ee65luq,joy,joy,0.0066850353,0.0012142977,0.0010579684,0.9429048,0.0022832411,0.045854658
ee6608z,surprise,surprise,0.009709945,0.0028792177,0.0035167593,0.0059420723,0.006459615,0.97149247
ee66c9z,anger,anger,0.6720924,0.012440425,0.007949214,0.018849434,0.041510027,0.2471586
ee66nq8,joy,joy,0.0015530111,0.000704487,0.0004880909,0.99445194,0.00080601743,0.0019964005
ee6729h,anger,anger,0.77418005,0.010119345,0.0024412775,0.18940607,0.013111764,0.010741561
ee67ej2,joy,joy,0.0014353716,0.00061389117,0.00059715245,0.99230677,0.0011219071,0.003924997
ee67oh7,joy,joy,0.012654361,0.0029562872,0.0023561923,0.9669048,0.0082487725,0.006879515
ee67yw9,joy,joy,0.0010623817,0.00073036656,0.0006462675,0.9936126,0.00077574997,0.0031726237
ee68gqt,sadness,sadness,0.05865586,0.049530704,0.010033929,0.012666716,0.86198956,0.0071232645
ee68wff,joy,joy,0.002097528,0.00054300716,0.00053775124,0.99055326,0.0017087491,0.00455975
ee69yv8,surprise,surprise,0.0062378775,0.0040878677,0.0070282454,0.0072005745,0.0092454655,0.9662
ee6bip1,anger,surprise,0.41519588,0.008332922,0.004909895,0.024803817,0.018230412,0.52852714
ee6c8k2,surprise,joy,0.013994919,0.0030057565,0.0053894077,0.5562846,0.008276188,0.41304913
ee6deao,joy,joy,0.0014534118,0.0006522333,0.00051102065,0.99477285,0.0007950949,0.0018154614
ee6e1g0,joy,joy,0.0013633546,0.00066796795,0.00049627235,0.99461335,0.0007607906,0.0020981538
ee6eoes,joy,surprise,0.033523727,0.004409773,0.004401664,0.3203819,0.015432481,0.62185043
ee6f4rc,joy,joy,0.0014744909,0.00076941366,0.00053003116,0.9939976,0.0006878719,0.0025406315
ee6gc6n,joy,joy,0.0058393455,0.0010009102,0.00095593126,0.9739941,0.001605331,0.016604317
ee6hcjp,anger,anger,0.9575584,0.0071998914,0.0016236419,0.021017095,0.00644544,0.0061554606
ee6hcv6,joy,joy,0.0011342418,0.00058186345,0.0005427595,0.9944965,0.0010570516,0.0021875312
ee6hl3b,anger,anger,0.8831593,0.015423053,0.01796527,0.032535534,0.014975731,0.035941184
ee6hone,anger,anger,0.80869037,0.0072444496,0.0034755256,0.13403985,0.012860801,0.033688977
ee6hy4i,joy,joy,0.0011398084,0.00059142435,0.0006125014,0.99454653,0.001038184,0.00207155
ee6i29k,surprise,anger,0.5949799,0.012844524,0.020725891,0.09507407,0.047058746,0.2293169
ee6i2te,surprise,anger,0.6067041,0.090679,0.029784366,0.21044526,0.031117056,0.03127015
ee6jcjf,joy,joy,0.0011692368,0.0005787739,0.00054848974,0.9948177,0.00143885,0.0014470419
ee6kxgs,joy,joy,0.001626332,0.00069384533,0.00045371155,0.99467516,0.0007610727,0.001789844
ee6l7to,joy,joy,0.0019709305,0.0006892548,0.0005876538,0.99390656,0.0010109812,0.0018347079
ee6m5ue,joy,joy,0.008740075,0.00092303246,0.0012973591,0.9815745,0.0019769701,0.0054881466
ee6n1cr,joy,joy,0.0027876564,0.00075339724,0.00054430764,0.9928104,0.0010914475,0.002012768
ee6ngi0,joy,joy,0.004075935,0.0007633841,0.0005027257,0.9902091,0.00092321704,0.0035257041
ee6nuu3,sadness,sadness,0.015194253,0.076796845,0.0597855,0.009356123,0.8321033,0.006764051
ee6nx7j,sadness,sadness,0.0066827238,0.008346218,0.013106561,0.009816563,0.95444655,0.0076014125
ee6ofvw,joy,joy,0.0013377313,0.0007419072,0.0005167221,0.9945315,0.0008616139,0.002010546
ee6ohr6,disgust,surprise,0.1450867,0.0076178545,0.0076355147,0.075506866,0.049888264,0.71426487
ee6ovi9,anger,anger,0.92799425,0.018269373,0.0041465876,0.022646228,0.023785278,0.0031582569
ee6oz9w,joy,joy,0.0010513378,0.0005893167,0.00090918527,0.99398994,0.0012584985,0.0022017271
ee6pfli,joy,joy,0.0019776481,0.0007494779,0.0012987229,0.98788214,0.0010020417,0.007090009
ee6qcyh,joy,joy,0.0015843951,0.00068158255,0.0006745749,0.9938858,0.001048517,0.0021250832
ee6qy6d,joy,surprise,0.008967979,0.005960784,0.02038408,0.15245174,0.021187209,0.79104817
ee6r0ks,anger,surprise,0.2588523,0.010126337,0.0062824856,0.021349931,0.024906637,0.67848223
ee6rbom,joy,joy,0.001988206,0.00079129625,0.00050068635,0.9939534,0.0009957432,0.0017707149
ee6rl0u,anger,surprise,0.2671912,0.018159239,0.016439553,0.2377015,0.014445262,0.44606322
ee6royg,joy,joy,0.002740148,0.0012502208,0.0011422402,0.9909864,0.0016389721,0.0022419435
ee6sfmc,joy,surprise,0.042382002,0.005835584,0.0035500196,0.39157563,0.063954696,0.49270204
ee6sme8,joy,joy,0.055712834,0.02567593,0.009039091,0.7743576,0.025827227,0.109387346
ee6stj4,anger,anger,0.5613754,0.00866159,0.0046536103,0.26238662,0.12520793,0.037714846
ee6taok,joy,surprise,0.10018772,0.004782538,0.007511381,0.25423294,0.017981878,0.6153036
ee6teg0,surprise,surprise,0.010181764,0.0028885081,0.0056675533,0.011205651,0.022530984,0.9475255
ee6tiha,surprise,surprise,0.019796364,0.0041649803,0.004491526,0.005026418,0.008860034,0.9576606
ee6u3kv,joy,joy,0.002570801,0.00059628097,0.00047248925,0.99264187,0.0009831471,0.0027353808
ee6ubza,fear,disgust,0.1647434,0.3890932,0.32812774,0.0074119256,0.086258106,0.024365589
ee6uczu,joy,joy,0.0015428662,0.00055708346,0.00039248663,0.9940686,0.0010120852,0.0024268848
ee6vkfh,joy,joy,0.0037527045,0.00072636973,0.0006512599,0.991222,0.000903469,0.0027442374
ee6yip2,joy,anger,0.8173777,0.032796115,0.020628765,0.03831983,0.08317685,0.007700673
ee6yp1b,anger,anger,0.9109611,0.017584803,0.0048090536,0.019524261,0.044065304,0.0030556032
ee6ysle,joy,joy,0.0016575888,0.0006762955,0.00053926045,0.99356925,0.00089166476,0.0026659789
ee6z2ok,joy,joy,0.0010764543,0.00069454365,0.0007869194,0.9920953,0.0010619087,0.0042847944
ee6znpo,anger,anger,0.8370774,0.06810184,0.005661934,0.004862821,0.078466296,0.005829712
ee70gzh,joy,joy,0.006538598,0.00090780744,0.00077780953,0.98597175,0.0015170036,0.0042870357
ee70pc3,joy,joy,0.007280398,0.000959459,0.0009956331,0.98318243,0.0022496148,0.005332402
ee71ile,joy,joy,0.0013779864,0.0008093381,0.0013557567,0.9917529,0.0023260927,0.0023779164
ee72ovk,surprise,surprise,0.029131982,0.0029785095,0.0025463316,0.14153609,0.012052764,0.8117543
ee7349i,joy,anger,0.870549,0.079915695,0.004699443,0.010531378,0.029725961,0.004578461
ee739ym,joy,joy,0.026641857,0.0028437881,0.0028237368,0.6074323,0.0074435235,0.35281476
ee73d7q,joy,joy,0.0011644487,0.0006349645,0.000618965,0.9943691,0.000980054,0.0022324494
ee73r6l,joy,joy,0.0015531078,0.0008187569,0.00058287376,0.9940818,0.0007933984,0.0021700745
ee76jo5,anger,disgust,0.07432329,0.5562047,0.13374773,0.020856272,0.19509856,0.019769408
ee777bk,anger,anger,0.95749164,0.01664559,0.002906706,0.0071061384,0.010173633,0.0056763454
ee77v99,joy,joy,0.0028593421,0.0007108769,0.00065740384,0.9848107,0.0010199713,0.009941608
ee78swv,surprise,surprise,0.011901256,0.005742196,0.011908799,0.04839056,0.00792572,0.91413146
ee78xb4,joy,joy,0.0013020579,0.00049592066,0.00045850297,0.9939786,0.0011733052,0.002591639
ee7901k,surprise,surprise,0.0042476463,0.0026432807,0.00423122,0.009877582,0.0057337135,0.9732665
ee79w6s,joy,joy,0.00495815,0.0010618577,0.00086441205,0.9893517,0.0011418168,0.0026221357
ee7af9s,surprise,surprise,0.007174657,0.0025338528,0.004052489,0.004968178,0.0063040536,0.9749669
ee7ahjs,joy,joy,0.0029665723,0.00085426966,0.0014972767,0.9779714,0.0049077566,0.011802702
ee7c1ej,anger,anger,0.96227694,0.017511224,0.0032170957,0.0057632755,0.007815896,0.0034154628
ee7cppv,joy,sadness,0.1951183,0.06202157,0.020693244,0.011607471,0.69698715,0.013572217
ee7d0aw,anger,joy,0.00369686,0.0006836981,0.0005624842,0.9904163,0.0020984146,0.0025422762
ee7d19b,surprise,surprise,0.005348219,0.0037636152,0.006660036,0.011029056,0.007584538,0.9656145
ee7dht3,surprise,anger,0.48840016,0.019556055,0.009362062,0.0128401285,0.053747837,0.41609374
ee7e44q,fear,joy,0.001136947,0.0005795035,0.001104398,0.9932401,0.0010852896,0.0028537398
ee7eacy,joy,surprise,0.09049966,0.016987937,0.051185705,0.2556068,0.12971991,0.45600006
ee7g1ec,joy,joy,0.003178383,0.0010983868,0.0025960559,0.9695925,0.0022575574,0.021277107
ee7g2xc,joy,joy,0.0009934765,0.00057231344,0.00063689065,0.9951332,0.0010849104,0.0015791686
ee7gioy,joy,surprise,0.36340103,0.0066444576,0.005491426,0.17315087,0.026726818,0.42458537
ee7i3ux,sadness,surprise,0.21526167,0.011222211,0.008576362,0.014151837,0.03272291,0.718065
ee7jwbi,joy,joy,0.002269421,0.00051669695,0.0004839246,0.99312073,0.0009150003,0.002694282
ee7l3i5,joy,joy,0.0011989896,0.0006348373,0.00060164375,0.9943178,0.0010452244,0.002201498
ee7ld0e,sadness,sadness,0.15630311,0.12604603,0.04990735,0.012136087,0.6477538,0.007853638
ee7myln,joy,joy,0.0011082514,0.00061607175,0.0005267958,0.9950355,0.0009927151,0.0017206735
ee7n1qe,joy,joy,0.003300977,0.00080308627,0.00050584076,0.99153405,0.00084023253,0.0030158272
ee7nud7,joy,joy,0.0010391292,0.00060378306,0.0007967015,0.99422294,0.00088353286,0.002453902
ee7ogvy,joy,joy,0.0024618157,0.00065861753,0.00045125306,0.99176323,0.0016785635,0.0029865184
ee7om6v,surprise,joy,0.0027177904,0.0007188892,0.00089997856,0.9824828,0.0016866458,0.0114939585
ee7ps25,surprise,surprise,0.008504825,0.002694105,0.004034363,0.004667743,0.0073728277,0.9727262
ee7s0nr,anger,anger,0.6460484,0.008772916,0.0030472144,0.31603602,0.013648688,0.01244674
ee7tsfp,joy,joy,0.0012990108,0.0006584627,0.00049796863,0.99437755,0.0008862126,0.002280696
ee7tto1,surprise,joy,0.0072677657,0.002459956,0.0018566571,0.81207246,0.006390555,0.16995262
ee7u9wl,anger,anger,0.85600907,0.07586135,0.02499686,0.008687481,0.023686074,0.01075915
ee7uk6b,anger,anger,0.9598396,0.0144234095,0.0038758705,0.0072174496,0.00613748,0.008506172
ee7vbi1,joy,joy,0.024205355,0.0022897273,0.0028844103,0.7874914,0.0066472446,0.17648189
ee7wqdn,joy,joy,0.0018220325,0.0005908451,0.0004986611,0.9936393,0.0010103277,0.0024388174
ee7x0zj,joy,joy,0.009260833,0.0017312549,0.0013618587,0.92195314,0.0032053762,0.062487587
ee7xmff,sadness,anger,0.9625696,0.015519854,0.0019794153,0.0054527293,0.010140838,0.0043376335
ee7yldq,anger,joy,0.07582613,0.0036124736,0.0023062846,0.65157616,0.0251949,0.24148408
ee7yn1n,joy,joy,0.0011395927,0.0008049733,0.00085592497,0.99278015,0.000996401,0.0034229653
ee7yntw,surprise,surprise,0.0058912616,0.0026177294,0.0034258096,0.0069335545,0.0052957786,0.97583586
ee7zn8o,joy,joy,0.015159407,0.0068789623,0.05616078,0.81141996,0.090752296,0.019628566
ee7zve6,anger,joy,0.04841834,0.0030006785,0.0026641581,0.92601174,0.0114348605,0.008470202
ee8000u,joy,anger,0.7215409,0.041085765,0.0034389927,0.12841152,0.100516275,0.0050065736
ee80jxt,joy,joy,0.0011045878,0.0006707725,0.0011436241,0.99243873,0.0025379874,0.0021043625
ee80wk2,joy,anger,0.6857615,0.008119056,0.0029649572,0.26983738,0.010576413,0.022740744
ee815ot,joy,joy,0.35734975,0.008240713,0.0036760021,0.5877174,0.033176903,0.00983919
ee824ej,joy,joy,0.0013284339,0.0004920885,0.0006306739,0.9938746,0.001239757,0.0024345112
ee824sf,surprise,surprise,0.02222993,0.0032938945,0.004718754,0.01712257,0.0063573,0.9462775
ee82djo,joy,joy,0.0018208651,0.0006887799,0.00045208982,0.993436,0.00088929484,0.002713051
ee83nfu,joy,joy,0.0026450187,0.00088220247,0.00071127556,0.9928423,0.00083714083,0.0020820235
ee8427q,joy,joy,0.0016963113,0.00063141895,0.00080616935,0.9922301,0.0030133054,0.001622653
ee84iic,sadness,surprise,0.09732021,0.0110135805,0.023742434,0.061723612,0.367888,0.43831208
ee867uh,surprise,surprise,0.007688755,0.0030164667,0.0042740265,0.005259567,0.011982466,0.9677788
ee884u2,joy,surprise,0.02246532,0.0035474603,0.004103421,0.04845644,0.007073005,0.9143544
ee888be,surprise,anger,0.90623325,0.008527753,0.0035384665,0.016237643,0.034774005,0.030688833
ee891lc,joy,joy,0.0030330168,0.0007455587,0.00052427425,0.99131167,0.0021056773,0.0022798164
ee89l84,anger,anger,0.46806362,0.00710111,0.0037199068,0.17192046,0.01979118,0.32940373
ee8a1uj,joy,joy,0.016995892,0.0029899569,0.007043115,0.895462,0.0562697,0.021239381
ee8bjbh,joy,joy,0.0053772214,0.0033591744,0.0029939292,0.98221576,0.0031462107,0.002907658
ee8d9h8,joy,joy,0.0013592825,0.00060555025,0.0006489687,0.99449337,0.00097575766,0.0019171791
ee8dlsf,joy,joy,0.001070913,0.00056139345,0.00051103,0.99493766,0.0010795229,0.0018393967
ee8dqms,joy,joy,0.0010747615,0.0006260246,0.0005854285,0.99547523,0.0009017901,0.0013367907
ee8dzal,joy,joy,0.0017647087,0.00056377717,0.0004924147,0.9933983,0.0008095163,0.0029712669
ee8efzs,joy,joy,0.0012858657,0.0007371201,0.0005859723,0.9947996,0.0007252462,0.0018661424
ee8ektp,joy,joy,0.0013463085,0.0006723177,0.0005059029,0.9951048,0.00079073803,0.0015798804
ee8f04x,joy,joy,0.0010124232,0.00058222126,0.00054409844,0.99493116,0.00094517093,0.0019848358
ee8f1q2,surprise,surprise,0.014130369,0.0040169707,0.0034679286,0.27599105,0.006948757,0.6954449
ee8fmtk,joy,joy,0.0012606151,0.0006502021,0.0006258636,0.9944754,0.0007634937,0.0022244197
ee8g27w,joy,joy,0.008875585,0.0015618826,0.002882143,0.8648834,0.005631938,0.11616512
ee8g5g2,sadness,joy,0.0046335696,0.00082034996,0.0004890169,0.9908214,0.0013059978,0.0019296969
ee8gmer,joy,joy,0.0013393506,0.0007785554,0.00064421206,0.9942015,0.0006312532,0.0024051038
ee8go3n,joy,joy,0.22199214,0.016098296,0.029925216,0.6277202,0.08628929,0.017974894
ee8gxoj,anger,joy,0.008577509,0.0010722812,0.0010779584,0.9837765,0.002412115,0.003083611
ee8gxw4,joy,joy,0.0045030727,0.0009656458,0.00063633017,0.9890953,0.0009893226,0.0038103645
ee8l5zw,joy,joy,0.0018371729,0.00060132536,0.0004768096,0.9939126,0.00076118135,0.0024109879
ee8n7ct,joy,joy,0.0027270743,0.0006799885,0.00039105932,0.99252445,0.0008229203,0.0028544967
ee8na7t,surprise,surprise,0.0070462483,0.0023042103,0.002641359,0.014940671,0.005719053,0.96734834
ee8neql,joy,joy,0.0035646681,0.0018863009,0.004075107,0.88387233,0.0029153938,0.103686206
ee8nhz8,joy,anger,0.82106656,0.013402617,0.004665707,0.13421133,0.020600932,0.006052855
ee8ozj7,fear,surprise,0.12150321,0.006241634,0.005406276,0.38268694,0.034750763,0.44941115
ee8pj9s,joy,joy,0.011523886,0.0032325038,0.0087687075,0.94794214,0.008883038,0.019649833
ee8pz1j,joy,joy,0.0010326672,0.0005558855,0.0006044951,0.9951563,0.00093739777,0.0017132702
ee8q8xm,joy,joy,0.0013047861,0.0007346175,0.00077194365,0.9928954,0.0006447146,0.0036485342
ee8qfrf,sadness,anger,0.9300217,0.015108156,0.004031932,0.018869668,0.0276723,0.0042962544
ee8qhoz,surprise,surprise,0.013254715,0.0029437202,0.002798899,0.12117264,0.009246247,0.8505838
ee8rshq,joy,joy,0.004411583,0.0007338617,0.00055181346,0.990754,0.0012712356,0.0022774986
ee8rtlq,anger,anger,0.96751904,0.012718556,0.002975163,0.004358058,0.0044700606,0.00795914
ee8sgaw,sadness,surprise,0.0149857225,0.005758635,0.006608307,0.008959015,0.011423974,0.9522644
ee8t50i,surprise,surprise,0.008346411,0.0026359656,0.00373876,0.013499232,0.006305401,0.96547425
ee8ti29,anger,anger,0.9517057,0.018323123,0.0042047882,0.0050536655,0.005994861,0.014718
ee8to3i,disgust,sadness,0.10568874,0.048610713,0.012114684,0.007026837,0.8073776,0.019181408
ee8tssd,joy,joy,0.00092528394,0.00055035634,0.0005516798,0.9951493,0.0013494912,0.0014738375
ee8upyi,sadness,surprise,0.038228553,0.012893138,0.06577407,0.03968539,0.11312944,0.73028934
ee8vt0l,joy,joy,0.0013767927,0.0005686079,0.0005160767,0.9943699,0.0007728817,0.0023956373
ee8ws9d,joy,joy,0.06220174,0.004658951,0.0073963148,0.69904137,0.15893513,0.06776651
ee8wv5f,joy,joy,0.0009981635,0.00072734547,0.0010057475,0.993555,0.00074864406,0.0029650377
ee8xs4t,anger,anger,0.9559812,0.017116074,0.0022623024,0.0048999516,0.016245753,0.0034948434
ee8y4se,joy,joy,0.0015722726,0.0006000909,0.00053311174,0.9936733,0.00092868134,0.0026924694
ee8y5rz,surprise,surprise,0.033552434,0.00935568,0.034762755,0.30947047,0.019523133,0.5933355
ee8yj3n,anger,anger,0.9432224,0.0076392638,0.0023080548,0.031402916,0.010778514,0.0046488154
ee8z020,joy,joy,0.0073129823,0.0030168197,0.0019132725,0.8265484,0.0044250954,0.15678349
ee8z5uk,anger,joy,0.0023472274,0.0006236898,0.0005147437,0.9912061,0.0025739244,0.0027343838
ee8z9ge,joy,joy,0.001154959,0.00059036666,0.00058461353,0.9942232,0.001009523,0.002437325
ee8zjas,anger,anger,0.9298261,0.0103888335,0.0029169244,0.042775076,0.008143288,0.0059498134
ee90gsc,joy,joy,0.0010672736,0.0007780213,0.0007155987,0.99336314,0.00074584305,0.0033301224
ee90qyi,joy,joy,0.022660634,0.001747099,0.0014496659,0.96764106,0.003127661,0.0033739994
ee91dd9,joy,joy,0.03319463,0.007046533,0.0126465205,0.71251976,0.22304152,0.011550985
ee9302r,surprise,surprise,0.0062065786,0.0021908907,0.0031678767,0.020825243,0.005525054,0.96208435
ee9451s,sadness,sadness,0.014216365,0.010811502,0.0073880428,0.015843024,0.9419067,0.009834287
ee9488r,joy,joy,0.0013707004,0.00050386816,0.0004910994,0.9944555,0.00086437905,0.00231452
ee94m1i,surprise,surprise,0.0074585974,0.0028603713,0.00387824,0.0072835237,0.00635143,0.97216785
ee94zml,anger,anger,0.9504922,0.018041857,0.004200819,0.013183403,0.006534609,0.0075470977
ee95h38,sadness,sadness,0.01716832,0.008630909,0.0082308855,0.012385847,0.9372003,0.016383711
ee95kj0,joy,joy,0.002004704,0.00064651226,0.00062858826,0.9939984,0.0010084115,0.001713395
ee9651g,anger,anger,0.94536847,0.010448478,0.0022439696,0.015924608,0.018143874,0.007870538
ee97vbu,joy,surprise,0.007257434,0.002223779,0.0029742327,0.011522618,0.0051754015,0.97084653
ee97ve1,joy,joy,0.00093146303,0.0006783877,0.0011987336,0.9926831,0.0010305628,0.0034777198
ee98n3c,joy,joy,0.0023954418,0.00063773873,0.00042341676,0.9928149,0.0011289689,0.002599584
ee98x55,joy,joy,0.0012186603,0.000775789,0.0007131316,0.9940049,0.00067351793,0.002614043
ee99lur,joy,joy,0.011910635,0.0011092504,0.0005369905,0.98162246,0.0024941023,0.0023265344
ee99t4t,joy,joy,0.0016478691,0.0006173766,0.00056799786,0.99358857,0.0010883106,0.002489864
ee9aoi5,anger,anger,0.95185333,0.026462132,0.0052933437,0.005472603,0.008178332,0.0027402984
ee9b3g2,joy,joy,0.0009830756,0.0006077154,0.0006934956,0.9934174,0.0017958664,0.0025024384
ee9c0ld,anger,sadness,0.20458947,0.028962236,0.016292647,0.013175638,0.7273475,0.009632481
ee9dodq,sadness,sadness,0.038739532,0.00856465,0.009512721,0.20297535,0.7303773,0.009830377
ee9e4sa,joy,joy,0.0011416097,0.0010198076,0.0015368024,0.9899545,0.0015551083,0.0047921203
ee9efqt,surprise,surprise,0.05320409,0.00608122,0.005961188,0.005745566,0.020265816,0.9087422
ee9f7rx,joy,joy,0.0020890157,0.00064027874,0.00053765194,0.9929925,0.0008662831,0.0028742042
ee9frq0,anger,anger,0.64083236,0.018655155,0.010782756,0.2971448,0.024891421,0.0076934984
ee9gpyo,joy,anger,0.95279044,0.007871852,0.001908385,0.026709024,0.0073867547,0.0033335558
ee9ij1d,sadness,joy,0.0024676612,0.0007716183,0.0006535036,0.993153,0.0010720514,0.0018821764
ee9irsu,joy,joy,0.0012929571,0.00071251433,0.0009534463,0.99257725,0.0016793302,0.0027844114
ee9j45k,anger,joy,0.005657502,0.0009867908,0.00092469784,0.9863246,0.0012084746,0.004897939
ee9j4gp,surprise,surprise,0.036846343,0.0044583003,0.009532338,0.054006822,0.009391586,0.8857646
ee9jfaf,joy,joy,0.0013395954,0.00069185696,0.00057067745,0.9939466,0.00073112606,0.0027201506
ee9jk1m,sadness,sadness,0.0076217446,0.006438257,0.01295942,0.025391752,0.93961835,0.0079705445
ee9jvfx,joy,joy,0.0016661269,0.0007882079,0.00084070454,0.9931821,0.0010741163,0.0024487525
ee9k06l,joy,joy,0.0019461844,0.0008601377,0.0010872785,0.9920033,0.0014059022,0.0026972154
ee9l3bb,surprise,surprise,0.0063430285,0.002816905,0.0044028987,0.004936292,0.0060546095,0.97544616
ee9oort,joy,joy,0.0016416459,0.0006657361,0.0005324518,0.9941606,0.0007482385,0.0022513682
ee9or83,joy,joy,0.0014452996,0.00072005525,0.0006775242,0.9943697,0.00070016005,0.0020873225
ee9ptog,joy,joy,0.0077665593,0.0024378563,0.0054490347,0.69656146,0.0070411353,0.280744
ee9r6qm,joy,joy,0.0010391766,0.00074559485,0.000708768,0.9931765,0.00093163765,0.003398366
ee9td8y,surprise,joy,0.0064291037,0.0016937938,0.004872628,0.9390392,0.003832416,0.044132862
ee9tul8,anger,anger,0.96114826,0.0058421646,0.0020837197,0.017279077,0.006746048,0.006900762
ee9ure5,joy,joy,0.0014834317,0.00063663896,0.00050187524,0.9946044,0.0008250008,0.0019487129
ee9uru6,joy,joy,0.001424189,0.0006326484,0.0005071073,0.994669,0.0007518477,0.0020151844
ee9uvf2,joy,joy,0.0011155269,0.000704376,0.0006772,0.99505323,0.00078994484,0.0016597714
ee9wzc6,surprise,surprise,0.007880424,0.002146298,0.0034347759,0.016189639,0.008349435,0.9619994
ee9x46k,joy,joy,0.16274484,0.0039757127,0.0024486508,0.7982307,0.013948014,0.018652147
ee9xcq8,joy,joy,0.0012691161,0.00054225925,0.000493877,0.99514467,0.0009638026,0.0015862582
ee9xgzw,joy,joy,0.0014331584,0.00055509363,0.00046986324,0.9947143,0.00075170805,0.0020758817
ee9zczw,joy,joy,0.0023177683,0.0006394817,0.0005068215,0.9930293,0.0010006692,0.002505982
eea08m2,joy,joy,0.001612839,0.00057785946,0.00052552175,0.99369496,0.00088955514,0.0026992501
eea1b87,sadness,joy,0.007763873,0.0007904248,0.0006601967,0.981191,0.003724106,0.0058703544
eea1uok,joy,joy,0.0012394696,0.0006154663,0.0005409659,0.9947121,0.0006533975,0.0022385865
eea20ss,joy,joy,0.002484734,0.001191745,0.0010908147,0.9893874,0.0012279259,0.0046173646
eea2brh,joy,joy,0.0013054733,0.0007300006,0.0007918177,0.9934505,0.0008727732,0.00284937
eea2jdl,anger,surprise,0.16288435,0.01480467,0.01317796,0.03993625,0.017633533,0.75156325
eea2pi2,joy,joy,0.001800924,0.0006924698,0.0008155496,0.9870151,0.0025481211,0.0071277767
eea2snu,sadness,sadness,0.021321887,0.0171498,0.06653115,0.0138532,0.7743935,0.10675053
eea3c2t,joy,joy,0.00089495274,0.00061122706,0.0006623706,0.99477094,0.0008041887,0.002256311
eea3s1g,anger,surprise,0.06063692,0.004355395,0.0036486497,0.015916338,0.017269988,0.89817274
eea4fr0,joy,joy,0.0016972885,0.00071337825,0.00055139605,0.9945246,0.0008327369,0.0016806812
eea62d8,joy,joy,0.0012889929,0.0006544596,0.0005286806,0.99485815,0.0008665683,0.0018032369
eea67op,surprise,surprise,0.024977995,0.0035626104,0.003996374,0.27421224,0.007880822,0.68536997
eea6m5a,joy,joy,0.012255203,0.0012253945,0.0016954351,0.9270549,0.0065463353,0.051222824
eea6rlg,joy,joy,0.0012014827,0.0006095212,0.00057543,0.9947082,0.0007355392,0.0021698903
eea715e,surprise,fear,0.064271666,0.113045946,0.7084354,0.0073704976,0.055664785,0.051211603
eea7g3u,joy,joy,0.003601529,0.00067573704,0.00044817245,0.9856932,0.0011048466,0.008476483
eea8ak5,joy,joy,0.0016234572,0.00060184044,0.00043735636,0.9946532,0.00083201024,0.001852166
eea8t5v,anger,anger,0.7752136,0.008948722,0.008507278,0.12807634,0.021331236,0.05792288
eeaa5lj,joy,joy,0.0012414744,0.0005658365,0.00045956468,0.9947878,0.00086362666,0.002081603
eeaabmq,joy,joy,0.0020669107,0.00062934804,0.00065512594,0.9930554,0.0017303939,0.0018627584
eeaae3c,sadness,anger,0.72448736,0.012305224,0.006468543,0.078787826,0.07048884,0.10746224
eeabcv4,joy,joy,0.0011633275,0.0006774314,0.00054066174,0.9946175,0.001168188,0.0018329326
eeabqza,joy,joy,0.0009701169,0.0005756098,0.0006681809,0.9949968,0.0011366173,0.0016526213
eeabrkx,surprise,surprise,0.007252568,0.0024358525,0.004089331,0.00804117,0.0062654326,0.97191566
eeac88x,joy,joy,0.0011622652,0.00052046747,0.00048326238,0.99507856,0.00084566267,0.0019097627
eeacv2w,surprise,surprise,0.004711634,0.0024538357,0.0045344303,0.007768686,0.0054481733,0.97508323
eead60c,joy,joy,0.002537759,0.00066332973,0.0005996052,0.9932735,0.0011152631,0.0018105292
eeada0r,joy,joy,0.0017728622,0.0006796879,0.0004594689,0.9945952,0.00079087814,0.0017019818
eeadi1c,surprise,surprise,0.0060888976,0.00277697,0.0037769903,0.0066782893,0.005965382,0.97471344
eeadl6b,sadness,sadness,0.013146888,0.0054596732,0.025181122,0.3991382,0.53135407,0.02572001
eeagckg,joy,joy,0.0011941843,0.00081659894,0.0011401041,0.99040425,0.0015014033,0.0049434924
eeagdm1,anger,joy,0.04459226,0.00473965,0.00431179,0.81492275,0.11632631,0.015107213
eeagvgf,joy,joy,0.0017081279,0.0005815971,0.00075372646,0.98977166,0.0015443988,0.005640514
eeah0lb,joy,joy,0.0009889913,0.00055536354,0.00057561183,0.99393046,0.0013150966,0.002634511
eeaht3e,joy,joy,0.0052029965,0.0011104764,0.0020060095,0.9716386,0.013558133,0.006483839
eeajk2v,surprise,surprise,0.005587593,0.0024781958,0.0034544694,0.03015227,0.0059311558,0.9523962
eeaka9l,joy,joy,0.0012608103,0.0006704925,0.00050962996,0.99482924,0.00079808646,0.0019318326
eeakfns,anger,anger,0.89850473,0.011196151,0.0034542428,0.01779234,0.010810633,0.058241997
eeal39s,joy,joy,0.0010830065,0.0005786036,0.00053441396,0.99503434,0.0009873788,0.0017822101
eealr4f,surprise,surprise,0.07777489,0.008989008,0.0073539168,0.018861545,0.08431683,0.80270386
eeam5rd,joy,joy,0.0012942578,0.0006913104,0.00057619717,0.9943,0.00097292266,0.002165287
eeamiv7,sadness,sadness,0.022320792,0.029799439,0.017113397,0.019529674,0.8981748,0.013061807
eeaneup,joy,surprise,0.012284286,0.0031571542,0.0034843949,0.09860304,0.012503375,0.86996764
eeang1x,joy,joy,0.010548903,0.0014894855,0.002653752,0.9580985,0.012419531,0.014789912
eeano9f,joy,joy,0.0098989345,0.0011352166,0.0010971503,0.9595786,0.007313052,0.02097706
eeanwoy,joy,surprise,0.2671848,0.0082197245,0.007070553,0.19934262,0.031897694,0.4862846
eeaos40,joy,joy,0.0021226157,0.00051639555,0.0004824913,0.9938055,0.0009966632,0.0020763155
eeaq0ud,joy,joy,0.0030397058,0.0008411828,0.00048767077,0.9925054,0.0011834211,0.0019427105
eeaq1fr,disgust,anger,0.53331375,0.33617505,0.01953019,0.007485459,0.09195556,0.0115399165
eeaqrj7,fear,anger,0.35631558,0.024573432,0.17307453,0.1933389,0.15127939,0.10141816
eeaqzyn,fear,fear,0.027152827,0.026457984,0.76310223,0.02065055,0.11017472,0.05246169
eear1vy,joy,joy,0.002324288,0.00071584946,0.0008455906,0.99086094,0.0022507207,0.0030025498
eearon1,sadness,sadness,0.0109245,0.010327748,0.016573977,0.013103257,0.9338742,0.015196428
eeaspoo,joy,joy,0.0019066994,0.0006550646,0.0005134996,0.9942748,0.00095369475,0.0016962797
eeat82c,anger,anger,0.5773758,0.008242244,0.006517248,0.34471223,0.04881666,0.014335758
eeatzh6,joy,surprise,0.18597813,0.006708116,0.004756896,0.04697838,0.016302653,0.7392758
eeauf5y,joy,joy,0.00361183,0.00059364014,0.0005045638,0.99161875,0.0014105139,0.0022606447
eeaukaq,joy,joy,0.0021873387,0.0008175444,0.00069006695,0.9932441,0.0006566993,0.0024042642
eeauw3y,sadness,sadness,0.01130249,0.011056366,0.009972903,0.018258406,0.94174707,0.0076627694
eeauymn,sadness,sadness,0.028953752,0.017023481,0.16807346,0.14685129,0.54930896,0.089789055
eeavpal,joy,joy,0.001263384,0.0007348295,0.00069452665,0.99456716,0.00074899476,0.001991124
eeawdya,joy,joy,0.0021283687,0.00061970257,0.0005046138,0.9941711,0.000991109,0.0015851485
eeawhph,surprise,joy,0.054857116,0.0025632721,0.003514578,0.7049454,0.020546854,0.21357277
eeaxgil,sadness,joy,0.0012655213,0.00060775666,0.000732358,0.9932064,0.0011685543,0.0030194216
eeaxnjj,joy,joy,0.0023989086,0.00090336445,0.0010997279,0.97117597,0.0010911942,0.023330819
eeazfl5,joy,joy,0.0014547148,0.0007659706,0.0007589585,0.99335057,0.0008477387,0.0028219996
eeb02sp,sadness,joy,0.25963882,0.0096984,0.0036423998,0.6420083,0.008933894,0.07607816
eeb0kbl,joy,joy,0.0014450782,0.00061047904,0.0005065002,0.9943123,0.0007061762,0.002419559
eeb0lo8,joy,joy,0.0012337978,0.0005550248,0.0008195345,0.99388313,0.0010099519,0.002498524
eeb3ge3,joy,joy,0.0029075742,0.0006497747,0.00067268766,0.9855113,0.0013771743,0.00888151
eeb52e6,joy,joy,0.0032046968,0.00091071875,0.0010768631,0.9740095,0.0016250248,0.019173184
eeb5hz9,anger,anger,0.9626702,0.01975706,0.0028142252,0.0045018992,0.005834773,0.004421771
eeb5j2f,joy,joy,0.0010695433,0.0007389987,0.00069896167,0.99406695,0.00077202165,0.0026535057
eeb5k3p,joy,surprise,0.014308859,0.0024752389,0.0033510237,0.0527647,0.006984529,0.9201156
eeb5ql7,joy,joy,0.001167456,0.0007634549,0.0010237464,0.99251467,0.0010020524,0.0035286224
eeb658n,surprise,surprise,0.13466614,0.008262815,0.006805631,0.065801166,0.057138506,0.72732574
eeb67ti,joy,surprise,0.0099806385,0.0027561435,0.005791674,0.10279066,0.0058472105,0.87283367
eeb73xm,anger,surprise,0.18406114,0.011933019,0.008146161,0.1021424,0.06549425,0.628223
eeb8ynu,joy,joy,0.001103753,0.0005088454,0.00050086476,0.9945741,0.001171927,0.0021405627
eeb8zrj,surprise,surprise,0.35454407,0.0126798535,0.0059390943,0.011774596,0.028765846,0.5862965
eeb9rae,sadness,sadness,0.14984453,0.038649037,0.008105419,0.01999349,0.77570957,0.007697922
eeb9sij,joy,surprise,0.009609048,0.0037718064,0.0045459345,0.15539244,0.007369571,0.81931114
eebam5r,joy,anger,0.41843545,0.010708009,0.0071775424,0.283133,0.149233,0.13131297
eebba2y,joy,joy,0.0033100108,0.0008620006,0.0006465691,0.9917664,0.0011648838,0.0022501568
eebbnny,surprise,anger,0.7669043,0.024685279,0.006509917,0.015589158,0.030106498,0.15620492
eebbtqd,joy,joy,0.0011362403,0.0006685424,0.0005839534,0.9940732,0.00083347067,0.0027046897
eebbvz5,surprise,joy,0.03683763,0.0037380739,0.0068431622,0.9084919,0.017685175,0.02640408
eebbyf6,joy,joy,0.001211768,0.0006402625,0.00052381016,0.99499536,0.00081627665,0.0018125171
eebc1bb,joy,joy,0.0021454399,0.0007042053,0.00061960553,0.99345773,0.00070014264,0.0023728658
eebcsga,joy,joy,0.0035230992,0.00075082784,0.0007196837,0.9836766,0.0011327183,0.01019707
eebdb2z,joy,joy,0.054281753,0.0034746884,0.0019740234,0.91914105,0.017207244,0.003921182
eebddav,joy,joy,0.0017019351,0.0005782163,0.00060073717,0.9924811,0.0013700195,0.003268033
eebdh1g,joy,joy,0.0026760497,0.0010594848,0.0015674912,0.98695916,0.002825488,0.0049123582
eebdnto,anger,anger,0.72813296,0.03645854,0.039317325,0.114838876,0.058128953,0.023123344
eebdvhj,joy,joy,0.0013120618,0.00076145923,0.0006609347,0.99433607,0.0006509504,0.0022784576
eebdydi,joy,joy,0.0019741394,0.00068673154,0.00050548016,0.9940177,0.00084332906,0.001972581
eebei0z,surprise,anger,0.7821041,0.017366106,0.009396721,0.023154123,0.05938781,0.10859127
eebepp3,surprise,surprise,0.006969684,0.0029220511,0.0035791527,0.016192049,0.006698092,0.96363896
eebeui2,anger,surprise,0.06466376,0.0048386124,0.009197783,0.0890156,0.027088434,0.80519587
eebf5f1,disgust,anger,0.43496838,0.10474814,0.11900518,0.05887744,0.26425415,0.018146692
eebfx2i,sadness,joy,0.034751706,0.0023571232,0.001832232,0.9040241,0.005391882,0.051643025
eebgsad,surprise,joy,0.08393803,0.0047918865,0.0033964235,0.885785,0.0070705106,0.015018173
eebhelw,joy,joy,0.0019499982,0.00056236505,0.0004995998,0.99383587,0.0014340158,0.0017181975
eebia5v,sadness,anger,0.9405683,0.02241942,0.0031409585,0.011027863,0.017993987,0.004849558
eebj3zi,anger,anger,0.9620737,0.021659223,0.002476438,0.004101208,0.006151434,0.0035380784
eebjrae,joy,joy,0.0023719175,0.0007824947,0.00049213914,0.9929462,0.00096287695,0.0024443564
eebjuhu,anger,anger,0.91783226,0.008312306,0.0027737499,0.021388888,0.04096941,0.008723398
eebkl4w,joy,joy,0.0011504672,0.0006638475,0.0007319743,0.9921787,0.0007802366,0.004494791
eebkmyd,surprise,surprise,0.12113777,0.0050107855,0.008379395,0.25549892,0.040040836,0.5699323
eebl3z7,anger,anger,0.9682247,0.009981332,0.0027380702,0.010887674,0.0044995123,0.003668784
eeblc78,surprise,surprise,0.007310191,0.002367313,0.002911435,0.014125886,0.007384077,0.965901
eeblnfc,anger,anger,0.96527827,0.018020507,0.0028904073,0.0066915783,0.0040527433,0.0030663915
eebm0lx,sadness,sadness,0.15970604,0.018644573,0.018420221,0.027110534,0.7623459,0.013772707
eebmoe2,surprise,surprise,0.0071383696,0.002369189,0.0057020104,0.0120148165,0.011822651,0.96095294
eebn6kt,anger,surprise,0.052994747,0.0063259453,0.0037522581,0.007775879,0.010298891,0.9188524
eebnf4u,surprise,surprise,0.007669825,0.002326237,0.0032345862,0.014731387,0.0057018558,0.9663361
eebnr87,joy,joy,0.0012156653,0.00060081127,0.000609962,0.9946755,0.0007769369,0.0021210646
eebo9pe,joy,joy,0.0010611077,0.00063240604,0.000730539,0.9941988,0.0008846057,0.002492593
eebogl3,anger,anger,0.7088597,0.21487167,0.027900591,0.016857162,0.02734815,0.004162726
eebqebz,joy,joy,0.0016778595,0.0011125492,0.0009973374,0.9911118,0.0011892252,0.003911159
eebqhvz,joy,joy,0.023756938,0.001648594,0.0021718794,0.91402143,0.016710117,0.04169106
eebqrrk,joy,joy,0.0014325606,0.00065695704,0.0005847913,0.99418086,0.0007566723,0.0023881362
eebslik,joy,joy,0.007513605,0.0020493076,0.0053132516,0.89510643,0.062243868,0.027773598
eebt875,anger,joy,0.023409594,0.0011963156,0.000975009,0.96481276,0.0030629712,0.0065433704
eebtq8m,surprise,surprise,0.008739496,0.0024687818,0.0036880071,0.019503288,0.009613313,0.9559871
eebu8jv,anger,anger,0.9408962,0.02147266,0.0046748463,0.006903061,0.0073365243,0.018716684
eebv8gy,surprise,surprise,0.005189943,0.002794577,0.003932639,0.048822727,0.006077036,0.93318313
eebwitz,joy,joy,0.0012486938,0.00059816235,0.0005261934,0.9927543,0.00078821485,0.004084368
eebxspf,surprise,sadness,0.006868546,0.006864614,0.017158926,0.007353647,0.92534786,0.036406364
eebyh8p,joy,joy,0.0014701233,0.00056366867,0.00048196633,0.9945152,0.0009689854,0.0020000387
eebypzu,joy,joy,0.005344532,0.00089313585,0.00086690695,0.9870216,0.0030909842,0.0027828317
eebzc9y,joy,joy,0.0018838532,0.0006229318,0.0004795751,0.99414355,0.001102007,0.001768187
eec0167,anger,anger,0.4236512,0.01967324,0.014993952,0.41730818,0.025926443,0.09844701
eec0j7c,joy,joy,0.0014791071,0.00065742416,0.00044847207,0.995004,0.0009769376,0.0014341419
eec0mrt,joy,joy,0.019465227,0.0026791398,0.002050894,0.7718301,0.0066906204,0.19728407
eec0vsk,sadness,anger,0.51766557,0.114588305,0.17327201,0.019739646,0.11155371,0.06318069
eec25dn,anger,anger,0.94512,0.008142938,0.0026035265,0.023115708,0.015299908,0.0057178563
eec2z6f,anger,joy,0.14605069,0.003133781,0.0018302219,0.821355,0.009456993,0.018173339
eec35y6,joy,joy,0.0017535557,0.001039261,0.0006930363,0.99293464,0.0008576443,0.0027218694
eec36al,anger,anger,0.9617591,0.01616117,0.0017733085,0.006387302,0.009152125,0.00476705
eec3may,joy,joy,0.0060798065,0.00070938305,0.00094705884,0.98442024,0.0023181844,0.0055253473
eec3s6v,joy,joy,0.0013376679,0.0006428964,0.0006030052,0.9945996,0.00081990473,0.0019969237
eec4srq,joy,joy,0.0011485018,0.00063752005,0.0006366434,0.9950139,0.0009795133,0.0015838776
eec4vih,joy,joy,0.007396658,0.0017396285,0.002112099,0.8779901,0.0067327204,0.10402886
eec6a2r,sadness,sadness,0.038154706,0.02939292,0.007202742,0.013692212,0.904469,0.007088417
eec6j16,joy,joy,0.0021657674,0.0006196867,0.00043671607,0.9938579,0.00078527373,0.002134644
eec6n5x,joy,joy,0.0010804738,0.0005904986,0.00052626105,0.99438053,0.0007946169,0.0026275977
eec6w5r,joy,joy,0.0020307838,0.00060546305,0.00046787004,0.9938309,0.0007053438,0.0023595672
eec75cy,joy,joy,0.0024340136,0.0011022809,0.001582604,0.9847674,0.0022524474,0.007861279
eec83wb,joy,joy,0.0010903865,0.0005352212,0.00056844665,0.99499315,0.0010125078,0.0018002234
eec86tx,disgust,fear,0.11638593,0.10762326,0.63697726,0.051116083,0.042373974,0.04552349
eec9j8l,sadness,sadness,0.011248949,0.008243256,0.00795666,0.012399051,0.95257825,0.007573782
eec9jz3,surprise,surprise,0.053245015,0.0035596918,0.0024626728,0.13512067,0.008516717,0.79709524
eecawox,joy,joy,0.0015593705,0.0007515442,0.00087719917,0.9902081,0.00076894334,0.0058348025
eecbm35,surprise,surprise,0.0061111334,0.0024286674,0.003074322,0.009830796,0.0058703534,0.9726847
eeccb7p,anger,surprise,0.26256922,0.00846015,0.0054909363,0.029287655,0.012638738,0.6815533
eeccbl3,joy,joy,0.0011138011,0.0006901587,0.00062039006,0.9937807,0.0017515954,0.0020433452
eeccvih,joy,joy,0.0009584481,0.0005488779,0.0005676806,0.9950263,0.0009172518,0.0019814086
eecddc1,surprise,surprise,0.05438402,0.0041223103,0.003199237,0.4318752,0.0644078,0.44201145
eecfbig,joy,joy,0.001689389,0.0006297019,0.00060896005,0.99431145,0.000765274,0.0019951651
eecfgpl,disgust,disgust,0.17398883,0.6841295,0.068108074,0.018325372,0.045605127,0.009843039
eecgbqh,anger,joy,0.048349064,0.0037636352,0.0014045622,0.9322508,0.0099230055,0.0043089716
eech7i1,joy,joy,0.002840199,0.00062247895,0.00044495647,0.99288094,0.0011364301,0.0020749944
eeci7oo,joy,joy,0.0032040034,0.0007202542,0.0008453195,0.99006957,0.002433602,0.0027272664
eecitej,joy,joy,0.0020725562,0.0006340621,0.00041437682,0.9932301,0.0010782372,0.002570565
eecjtfg,anger,surprise,0.04920344,0.003769667,0.007008284,0.027613727,0.017539276,0.8948657
eeclq34,joy,joy,0.02054012,0.0031096933,0.007100934,0.5654419,0.012681203,0.39112616
eeclx2e,joy,joy,0.0020805125,0.0006514291,0.00048684672,0.9897289,0.00081398466,0.0062382556
eecly5v,sadness,sadness,0.007205999,0.020330949,0.032431085,0.0041353367,0.9179731,0.017923556
eecm8m0,joy,joy,0.0023868745,0.0006971509,0.0007205128,0.9921206,0.0016305035,0.0024443138
eecm9y1,anger,anger,0.8944771,0.031202413,0.004542391,0.04149262,0.0078660855,0.02041924
eecmijd,joy,joy,0.0027019947,0.00089576567,0.00048809763,0.9926723,0.0009367868,0.0023050613
eecmlp1,joy,joy,0.0051569077,0.0013101745,0.0014596481,0.9260635,0.0033429018,0.06266695
eecn9ym,anger,anger,0.9626766,0.0115910405,0.0048423223,0.008781895,0.0035055645,0.008602599
eeco4bh,joy,joy,0.0017026413,0.0006301542,0.00063641684,0.9933323,0.0009909257,0.0027076155
eecoca2,anger,anger,0.91459775,0.051708195,0.0065003666,0.010346295,0.009759695,0.007087759
eecouz5,joy,joy,0.0062370403,0.0006926107,0.00060534023,0.9842017,0.0018047002,0.0064585847
eecox9a,joy,joy,0.0015051718,0.0006678442,0.00043724428,0.99473023,0.00079058704,0.001868852
eecpdb3,anger,anger,0.8603566,0.075507864,0.0043397727,0.008946797,0.044126928,0.00672211
eecpk36,anger,surprise,0.025495026,0.0045647323,0.0032052617,0.008416133,0.010452543,0.94786626
eecpqvn,sadness,sadness,0.0060330424,0.006038925,0.012007141,0.01571753,0.94623244,0.013970805
eecqt7n,joy,joy,0.10261216,0.006207532,0.010285743,0.46227503,0.110160604,0.30845895
eecr9rx,anger,surprise,0.4482855,0.033124793,0.009041617,0.009576279,0.03488147,0.46509027
eecrvgz,anger,anger,0.63753533,0.017909601,0.0053801793,0.25702375,0.066471495,0.01567963
eecst3y,joy,joy,0.0024450917,0.0006931246,0.0005273813,0.9929276,0.0007999169,0.0026068047
eectxqa,joy,joy,0.0015581403,0.0006126459,0.0005413902,0.99295557,0.0009260974,0.0034061326
eecuajb,surprise,surprise,0.15221387,0.011128844,0.004519455,0.012721215,0.029144982,0.7902716
eecuozo,joy,joy,0.0016119144,0.0009877679,0.0032979904,0.9858948,0.003983606,0.0042238897
eecuz47,sadness,anger,0.7130772,0.02518778,0.0069630235,0.015918741,0.10461301,0.13424018
eecwlqp,joy,anger,0.44903213,0.013495172,0.007152785,0.41933978,0.043033157,0.06794696
eecx81v,joy,joy,0.008797307,0.0013513126,0.0012855907,0.9590511,0.0047771186,0.024737572
eed1ws0,joy,joy,0.00266928,0.0005982434,0.0004629385,0.99299675,0.0011068888,0.0021658635
eed21e5,joy,joy,0.0011520593,0.0007819761,0.00092867983,0.9939062,0.00081443926,0.0024167413
eed2ew5,fear,fear,0.032349907,0.043662634,0.8217886,0.015527254,0.048808016,0.03786354
eed3vjm,joy,joy,0.0010618949,0.0006611619,0.0006273533,0.99358565,0.0007326967,0.003331229
eed5bc1,joy,joy,0.0014271123,0.0006513812,0.0004915048,0.99475455,0.0008161678,0.001859259
eed5id6,surprise,surprise,0.08515438,0.00918532,0.010112021,0.018117195,0.014961441,0.8624696
eed5k92,surprise,anger,0.85816085,0.010437021,0.011771237,0.0691083,0.0066801477,0.0438425
eed6gi4,anger,joy,0.41226777,0.0053117294,0.0030363095,0.51195115,0.01761631,0.04981673
eed6huf,joy,anger,0.9579733,0.0071431613,0.0019094637,0.015736025,0.010110776,0.0071273264
eed6kum,anger,sadness,0.37994224,0.01989694,0.027214257,0.04119342,0.38400662,0.14774653
eed6rhp,sadness,sadness,0.01076835,0.018565346,0.11974413,0.021370023,0.8041909,0.025361326
eed76rs,anger,anger,0.87217087,0.016114648,0.0025723139,0.06633792,0.03632811,0.0064760908
eed7qdu,surprise,surprise,0.04606394,0.008740143,0.011529875,0.103583954,0.25301886,0.57706326
eed98dl,anger,anger,0.8635729,0.00848672,0.0045249425,0.039078824,0.021157572,0.06317905
eed9hf2,joy,joy,0.0013912166,0.0006533162,0.0005959786,0.9946016,0.0010902839,0.0016675569
eed9k5y,joy,joy,0.0011926056,0.0005978413,0.0005908211,0.9945416,0.0008392769,0.002237839
eed9qdm,joy,joy,0.0006823476,0.00059335964,0.0009985577,0.9936147,0.0012405416,0.0028705685
eed9yzm,joy,joy,0.001352596,0.00064292434,0.00056662684,0.9944114,0.0006791959,0.0023472563
eeda5ul,joy,anger,0.72092676,0.014006073,0.009042293,0.046586607,0.10522545,0.104212806
eedcfvs,anger,sadness,0.095211886,0.02282,0.010727314,0.026000896,0.8338831,0.011356844
eeddkk7,joy,anger,0.76114684,0.061470706,0.004549721,0.04967952,0.11903035,0.004122759
eedegbl,anger,anger,0.8449849,0.0066359495,0.0041375565,0.11846018,0.0065587503,0.019222587
eedf1l8,joy,sadness,0.20510346,0.022341471,0.020528851,0.17814547,0.54265034,0.031230427
eedflie,joy,joy,0.0014643692,0.00067966775,0.0005192251,0.99494755,0.0007669154,0.0016222001
eedfxha,sadness,anger,0.76361847,0.107654996,0.036886077,0.00758775,0.07449566,0.009757017
eedglkc,surprise,surprise,0.006189592,0.0027436486,0.0038974513,0.007786174,0.0060120765,0.973371
eedgtzp,surprise,surprise,0.04225075,0.0050248043,0.005904667,0.008460945,0.025081124,0.9132777
eedj3c3,sadness,sadness,0.052988935,0.028688366,0.009666431,0.013793732,0.8895891,0.0052733934
eedklxd,anger,anger,0.9010318,0.011478134,0.004404511,0.058873914,0.008999674,0.01521199
eedl0ig,anger,joy,0.07619439,0.00395066,0.0041787,0.8775809,0.03300513,0.00509023
eedm2qs,joy,joy,0.0010953868,0.00052145915,0.00061295356,0.9948086,0.0010277996,0.0019338783
eednkj8,surprise,surprise,0.008937846,0.0030244677,0.0036345413,0.005578286,0.0057518417,0.97307307
eednqst,anger,anger,0.9399127,0.026010772,0.0023231602,0.0069931224,0.017515292,0.007244905
eedohba,joy,joy,0.0020710512,0.0005509146,0.00052727235,0.99397284,0.00080438773,0.002073557
eedop51,fear,fear,0.028082723,0.030577255,0.8005053,0.022909667,0.07390343,0.04402164
eedpshm,joy,joy,0.0018747555,0.00065164093,0.00059462833,0.9909113,0.001121398,0.0048462525
eedrfyd,joy,joy,0.024824968,0.0021409802,0.0027577777,0.8919407,0.06391704,0.014418452
eedrxfb,joy,joy,0.0013926926,0.00068161445,0.00054001034,0.9940499,0.0007033615,0.002632482
eeds7gr,joy,joy,0.0012246085,0.0006544332,0.0006923381,0.9944425,0.0007393752,0.0022468134
eedt1gl,anger,anger,0.9011731,0.05375639,0.014343071,0.01036059,0.0124636805,0.007903057
eedt3un,joy,joy,0.002688,0.0011138631,0.0011838621,0.99111557,0.0020576618,0.0018411229
eedw8w1,joy,joy,0.007799442,0.0013287393,0.0013336804,0.98387134,0.00208077,0.003586009
eedw9xm,joy,joy,0.0015503205,0.0006537213,0.00057746907,0.99420047,0.00097109703,0.0020469863
eedwd61,joy,joy,0.0033903653,0.0007083593,0.0009146939,0.9852629,0.00221029,0.0075134765
eedwm83,joy,joy,0.0012482353,0.00056560873,0.00056647614,0.9933651,0.00075974886,0.0034948364
eedxu2y,joy,joy,0.0043726186,0.0017757755,0.0020484896,0.86879677,0.0029297222,0.12007662
eedyb68,surprise,joy,0.050691333,0.00211137,0.002782779,0.9012723,0.024025224,0.019117095
eedz5n7,joy,joy,0.0059626815,0.0006605823,0.0005736032,0.9859282,0.0019568973,0.004918042
eee0a09,surprise,surprise,0.007825,0.0026902212,0.0046238885,0.19318698,0.007886985,0.7837869
eee1dea,anger,anger,0.8351378,0.025019236,0.022062548,0.08495883,0.01880613,0.014015419
eee1ruy,surprise,surprise,0.008593468,0.0026115808,0.0033924128,0.01162948,0.005368045,0.968405
eee2qwp,sadness,anger,0.9633576,0.011372532,0.0030529737,0.0075137382,0.008972366,0.0057308036
eee39di,joy,joy,0.0027923917,0.00054711825,0.00076562254,0.9904454,0.001590569,0.0038589577
eee4c5b,surprise,surprise,0.00938963,0.0028894127,0.0040076138,0.0132388305,0.00891456,0.96156
eee4pu3,surprise,surprise,0.023145767,0.002927783,0.0030542957,0.060585752,0.015855325,0.8944311
eee5vjo,anger,anger,0.7317651,0.009369768,0.0051221587,0.16002615,0.041836724,0.0518802
eee67bs,joy,joy,0.0037247725,0.0008643135,0.0005633208,0.9912675,0.001107868,0.0024723273
eee6ufi,surprise,anger,0.9442065,0.023336245,0.006180278,0.010581688,0.0045719976,0.011123408
eee7m2j,joy,joy,0.0014217373,0.0006516818,0.00050424837,0.9945655,0.0008126934,0.0020441967
eee8llm,joy,joy,0.0013042518,0.0007106855,0.00069580995,0.98893833,0.00095711055,0.007393766
eee9b0g,joy,joy,0.0017703085,0.0006079429,0.000908094,0.99298394,0.0012814298,0.0024482906
eeea7wj,joy,joy,0.0015701173,0.0005430132,0.00049728004,0.9944028,0.0011572632,0.0018294663
eeeacqh,joy,joy,0.0017871243,0.0007630713,0.0006972895,0.9937209,0.00072748115,0.0023041174
eeeakrb,joy,joy,0.0012849787,0.00066861254,0.000509461,0.9947531,0.00082032545,0.0019635018
eeeakz9,joy,joy,0.0014922244,0.000538337,0.000485167,0.99427277,0.0011947697,0.0020167115
eeeaw8j,anger,anger,0.95995015,0.020446261,0.0034979074,0.008889585,0.0043740356,0.002841985
eeebcgg,joy,joy,0.01873806,0.0042224578,0.019231219,0.83883405,0.06693399,0.05204025
eeebjvj,joy,joy,0.0012052424,0.00058535073,0.0005243313,0.99405813,0.0006751544,0.0029517752
eeebz3n,joy,joy,0.0014175863,0.00061505806,0.00048356055,0.99496883,0.0009168333,0.0015982158
eeec0i4,anger,anger,0.9667915,0.015501734,0.0021844842,0.0046608457,0.006737131,0.004124412
eeed0eg,joy,joy,0.0015575915,0.00068189146,0.00070845033,0.99308676,0.00081557303,0.0031497537
eeed7k5,surprise,surprise,0.054717947,0.00675334,0.006242862,0.008282138,0.012981533,0.91102225
eeedg85,joy,joy,0.0011905953,0.0006001308,0.0005197381,0.9949239,0.0009876661,0.0017779424
eeee3hl,joy,joy,0.002413149,0.0006105911,0.00039893965,0.9938922,0.0007893494,0.001895708
eeeetfk,surprise,surprise,0.019151933,0.0038309877,0.0050985,0.00515469,0.009265793,0.9574981
eeef5jm,joy,joy,0.0011032358,0.0006312905,0.0007630966,0.99481213,0.00084112154,0.0018491497
eeefkj5,anger,anger,0.9585487,0.02412478,0.0026503745,0.0066325814,0.006109518,0.0019340431
eeeg49i,joy,joy,0.0012100411,0.00079385017,0.00061473,0.99413,0.00082170736,0.0024297617
eeeglrx,anger,anger,0.85361797,0.017584939,0.0068373526,0.018655285,0.07147983,0.031824674
eeegqr1,anger,anger,0.8988304,0.008089358,0.0027994902,0.07428534,0.006850819,0.009144637
eeehlxg,sadness,anger,0.79887086,0.014488137,0.0041176463,0.021617547,0.017391976,0.14351384
eeehy7b,anger,joy,0.010691115,0.0012075114,0.0012758499,0.96689314,0.004454039,0.015478332
eeeikla,surprise,surprise,0.048924975,0.008706181,0.009071873,0.012633223,0.11258533,0.8080784
eeej8vi,surprise,surprise,0.045456912,0.005391046,0.0071785906,0.022003012,0.030148616,0.88982177
eeejbfe,joy,surprise,0.010564102,0.002753004,0.003915551,0.1677909,0.008978083,0.8059983
eeekh16,joy,joy,0.0017184889,0.00057885697,0.00053253165,0.99426514,0.0010795121,0.0018254061
eeekjbo,surprise,surprise,0.017440507,0.0025990622,0.0046799965,0.022993652,0.011669676,0.94061714
eeeku7s,joy,joy,0.0013949242,0.0008390568,0.0012688308,0.98074967,0.0012022179,0.014545255
eeel97q,joy,joy,0.0025575366,0.0008665152,0.0010039834,0.9895448,0.0011541279,0.004872926
eeelogm,joy,joy,0.0016730257,0.00067609665,0.000487598,0.99464875,0.0008682197,0.00164632
eeemtr0,sadness,anger,0.95098174,0.018544944,0.00263234,0.0069432794,0.013065814,0.007831833
eeen1br,surprise,anger,0.79009134,0.009910986,0.0061116726,0.14717826,0.018602684,0.028105121
eeeni5f,anger,anger,0.9384108,0.025896857,0.002075543,0.010778126,0.017580053,0.005258553
eeenm81,joy,joy,0.0010598539,0.00065745035,0.00080752757,0.9940388,0.00083253894,0.0026039095
eeenqmk,joy,joy,0.0013488202,0.00065190357,0.00053608813,0.99456304,0.0007100849,0.002190097
eeents9,joy,joy,0.0031608006,0.0006900813,0.0006630907,0.99154586,0.00083782047,0.0031022648
eeepg9f,joy,joy,0.0020069021,0.0008656268,0.0014539415,0.9882465,0.002364156,0.005062809
eeepsmj,joy,joy,0.0027547313,0.00066447357,0.0005544361,0.99275607,0.0007401454,0.002530113
eeeqatj,joy,joy,0.11147843,0.0045798505,0.0024588653,0.8495419,0.025632612,0.006308369
eeeqgmz,joy,joy,0.003470089,0.00059053145,0.000481499,0.9910478,0.0013336304,0.0030765296
eeeqm4x,anger,anger,0.37579378,0.0344398,0.08195256,0.21495691,0.16496381,0.12789315
eeeqymc,disgust,disgust,0.09625594,0.6464215,0.16032536,0.0170182,0.072544314,0.0074346834
eeer0g6,joy,joy,0.00097024406,0.0006218786,0.000677892,0.9949209,0.0011268045,0.0016822506
eeer10a,joy,joy,0.0016142525,0.0005950612,0.0004989447,0.9945216,0.0007682704,0.0020017894
eeerkum,joy,joy,0.0014211105,0.0006452325,0.00067000336,0.99445903,0.000897705,0.0019069299
eeesact,joy,joy,0.0013349336,0.00068722584,0.0005999463,0.9943183,0.0007424715,0.0023171213
eeesqau,joy,anger,0.7500057,0.0187073,0.011023571,0.14871795,0.05351042,0.018035036
eeetl27,joy,joy,0.0013686436,0.0007128485,0.0006668738,0.9940387,0.00092374237,0.0022892375
eeetz33,joy,anger,0.88069654,0.011437461,0.0078206295,0.04219141,0.0142014995,0.043652534
eeeuwsu,anger,anger,0.94058424,0.03147796,0.0051976796,0.0061074635,0.013511269,0.0031213406
eeex10f,joy,joy,0.002822117,0.00073314784,0.0010120745,0.97601265,0.0016990749,0.017721
eeeybsp,joy,joy,0.0016452314,0.0008144696,0.00075416913,0.9918066,0.000807314,0.004172242
eeezk8u,joy,joy,0.0013744037,0.00065328827,0.00061659236,0.99341726,0.0009333208,0.0030051444
eef08dy,joy,sadness,0.1338543,0.014186837,0.03988599,0.08680703,0.6272773,0.09798856
eef08q7,joy,joy,0.0015291395,0.0007647641,0.0010514625,0.9909113,0.0015244525,0.00421889
eef3d4f,joy,joy,0.0014607355,0.0007989748,0.0007048521,0.9942834,0.0008164509,0.0019355642
eef40gm,surprise,joy,0.17541347,0.0067676264,0.0070298202,0.6252201,0.013249668,0.17231935
eef45jf,surprise,surprise,0.005799774,0.0021056668,0.0033265434,0.006654483,0.005544598,0.97656906
eef4tc6,joy,joy,0.42032498,0.0068028644,0.0026005697,0.5102752,0.039061245,0.020935152
eef5gj9,anger,anger,0.7293668,0.09309167,0.02415939,0.020894773,0.0679254,0.064562045
eef5let,joy,joy,0.0012057612,0.0006393549,0.0006486214,0.99437743,0.0007753112,0.0023535148
eef7d73,joy,joy,0.0020649205,0.00082675467,0.00063683145,0.9932724,0.000714473,0.0024845963
eef7dxd,joy,joy,0.0013611865,0.0005022394,0.00052858796,0.9944195,0.0011006664,0.0020878802
eef8iw0,joy,joy,0.00116236,0.0005726806,0.00045142046,0.9948101,0.0011286271,0.0018747948
eef943t,joy,joy,0.0013341602,0.00073496014,0.0006597132,0.9943334,0.0007947603,0.0021429888
eef9819,joy,joy,0.011557049,0.0012344248,0.00091507175,0.97597414,0.002262236,0.00805719
eefaj6f,joy,joy,0.00096464605,0.0005677049,0.00053089345,0.9951088,0.0010332386,0.001794784
eefbzib,joy,joy,0.21328081,0.0038244976,0.0030873085,0.7555143,0.007265859,0.017027186
eefcebv,joy,anger,0.7210199,0.011743541,0.0025377395,0.22426093,0.02557887,0.014859056
eefeg9d,sadness,sadness,0.04616842,0.041808948,0.018284561,0.010028735,0.85913765,0.02457172
eefftdp,joy,joy,0.0010610218,0.00058870146,0.0005640265,0.9944766,0.0007515595,0.0025581613
eefh6ut,joy,joy,0.0013411115,0.00081944827,0.0006633216,0.993996,0.0015721647,0.0016079494
eefjd6c,joy,joy,0.31583947,0.006039685,0.002317003,0.6529237,0.015075875,0.0078042177
eefjo93,joy,joy,0.040004533,0.0016059452,0.0022226174,0.9360729,0.006439725,0.013654238
eefm2b4,joy,joy,0.0011252988,0.0005661753,0.00059811457,0.99467033,0.00086669315,0.0021733202
eefmv5g,joy,joy,0.0081677055,0.0019005702,0.0041245944,0.96994925,0.0030091298,0.012848765
eefo3qc,anger,surprise,0.028826457,0.0044414173,0.0037236807,0.0051377015,0.008046936,0.94982386
eefo5dc,anger,anger,0.9439466,0.036554154,0.0054348535,0.0047134105,0.005488269,0.0038627614
eefogqv,sadness,sadness,0.176766,0.04618454,0.11776348,0.071038224,0.55282986,0.035417914
eefot3b,joy,joy,0.0012057581,0.000786912,0.00070375117,0.9940696,0.0007570228,0.0024769905
eefoxs7,joy,joy,0.0012258877,0.00064982,0.000502023,0.9943778,0.0009059898,0.0023384865
eefp4k6,surprise,surprise,0.0056243963,0.0028000926,0.0033902812,0.011161574,0.00505148,0.9719722
eefru28,joy,joy,0.010363023,0.0011286049,0.0013869769,0.9542623,0.0026353577,0.030223707
eefrx9h,joy,joy,0.29450652,0.0051565813,0.0019519218,0.6716253,0.01867856,0.008081149
eefsfob,joy,joy,0.0019526669,0.00096638943,0.00092919444,0.99119747,0.0011473953,0.0038069163
eefsle0,joy,joy,0.0017607129,0.0006758033,0.00055576337,0.994645,0.0007234757,0.001639305
eefuxd5,joy,joy,0.0024785975,0.0006692717,0.0006259929,0.99333704,0.0010450392,0.0018440762
eefv5uu,joy,joy,0.0023928606,0.00083806796,0.00070961163,0.9932151,0.0009048523,0.0019394617
eefvctx,joy,joy,0.00294943,0.0007193125,0.00060009887,0.9930391,0.0009802579,0.0017118695
eefvtb9,joy,joy,0.001162594,0.00068656995,0.00068062526,0.9944133,0.00079721014,0.0022596742
eefvwwm,joy,joy,0.0014925707,0.00074031565,0.000866162,0.9933467,0.0009856308,0.002568754
eefw4oh,joy,joy,0.0017022311,0.00057370606,0.00045868175,0.9943804,0.0009011944,0.0019837893
eefw9ad,joy,joy,0.0011918697,0.0005660957,0.0006504379,0.9942517,0.000830598,0.002509256
eefx57m,anger,anger,0.9661542,0.016884316,0.0025002218,0.006108661,0.005677594,0.0026749168
eefxjkx,joy,joy,0.0066663204,0.0017424191,0.0020350243,0.85651267,0.0053938986,0.12764966
eefyz18,fear,sadness,0.0088087935,0.019879093,0.15499154,0.02150487,0.7732784,0.021537248
eefzxt7,joy,joy,0.0022012584,0.0007958886,0.00047577644,0.99350363,0.0007787631,0.0022446886
eeg06oj,joy,joy,0.0017318965,0.0005801768,0.00076068356,0.9930589,0.0016356385,0.002232705
eeg14mm,surprise,surprise,0.0060292245,0.00272701,0.0042329747,0.005160786,0.0060958145,0.97575414
eeg2k08,joy,joy,0.0016760124,0.00066016486,0.00079284515,0.9909503,0.0009136886,0.0050070807
eeg41cr,surprise,surprise,0.007049087,0.0024445788,0.0032510348,0.009910572,0.0049003726,0.9724443
eeg45da,joy,joy,0.0014480104,0.0006211652,0.00066294015,0.9944208,0.0009167637,0.0019302857
eeg4uci,surprise,surprise,0.010491271,0.0025340994,0.002752212,0.0067307777,0.007334834,0.9701568
eeg5phq,joy,joy,0.0014698335,0.00075448427,0.00055390404,0.9945919,0.00090492616,0.0017248803
eeg678t,joy,joy,0.023189154,0.0017522236,0.0010875281,0.9676353,0.0035059499,0.0028298744
eeg738k,joy,joy,0.0036523126,0.0007405952,0.00047763757,0.98886967,0.00094776566,0.0053121326
eeg7h5d,surprise,anger,0.9425393,0.018384175,0.0063558086,0.007613192,0.007631972,0.017475465
eeg8ezh,joy,joy,0.003829422,0.0011850112,0.0029633348,0.9470805,0.007797599,0.037144095
eeg92jh,surprise,surprise,0.0135891745,0.0067291562,0.006436336,0.0059267962,0.009399975,0.9579186
eeg9yn6,joy,joy,0.0018234529,0.00063720637,0.00050742,0.9939896,0.0009876307,0.0020547218
eega1f2,surprise,joy,0.016456157,0.0032840937,0.0030028636,0.53260547,0.00637214,0.4382793
eegc7bt,anger,anger,0.91856986,0.024261799,0.004700844,0.0076962346,0.033466786,0.01130453
eegcy28,joy,joy,0.0011812486,0.0005226307,0.0005686314,0.9945404,0.0009973964,0.0021897317
eegdpcb,sadness,sadness,0.0138075445,0.016119586,0.010581877,0.00747297,0.9401746,0.011843418
eegdvwg,surprise,surprise,0.0069714217,0.0026724497,0.002983358,0.009243299,0.0056174602,0.97251195
eege8tk,joy,joy,0.00120588,0.00074108475,0.00071285135,0.99451196,0.0007870561,0.0020411722
eegea4d,anger,anger,0.6183039,0.043019895,0.009190324,0.018004801,0.28773147,0.023749594
eegej3b,surprise,joy,0.004313772,0.0014331101,0.001764922,0.9147162,0.0030708176,0.07470119
eegey8s,joy,joy,0.0015714224,0.00064111524,0.00048106094,0.99467385,0.0010092412,0.0016233531
eegfus2,joy,joy,0.0023409568,0.0005771351,0.00066396553,0.98965365,0.0014280867,0.0053361566
eegfysw,joy,surprise,0.008968146,0.0030165035,0.0031175094,0.14235654,0.008278714,0.8342626
eeggspj,sadness,anger,0.56199217,0.20434877,0.03314312,0.010737696,0.1806159,0.00916233
eegh4re,anger,anger,0.9470629,0.008522647,0.0018101637,0.012476284,0.015169525,0.014958455
eeghp03,joy,joy,0.0011136115,0.0006538725,0.0005685276,0.9952872,0.0007797469,0.0015970395
eegixpk,joy,joy,0.0014010652,0.00063715206,0.00062751275,0.9937371,0.0007112051,0.0028859584
eegj1ea,fear,fear,0.031109903,0.029207442,0.6499843,0.030090876,0.22117609,0.03843134
eegjy2n,joy,joy,0.0016699105,0.0006154261,0.0005173159,0.9941975,0.0011237259,0.0018761723
eegkwp2,joy,joy,0.0028446934,0.0007039942,0.00043407865,0.9893869,0.0009773403,0.005652996
eeglg3u,joy,joy,0.0017503137,0.00062353374,0.0005165571,0.99420446,0.00075183023,0.0021533149
eegmp1r,joy,joy,0.007462403,0.0011200182,0.0007110757,0.9831176,0.0025098715,0.0050791325
eegmqmd,joy,joy,0.02149355,0.0020230704,0.0013434235,0.92205656,0.0036332796,0.049450032
eegmtc2,surprise,surprise,0.0996849,0.008747535,0.006946145,0.017257951,0.014045396,0.85331804
eegnb46,anger,anger,0.9701531,0.0070384396,0.0019235711,0.011413647,0.004539078,0.00493217
eegnouh,joy,joy,0.0032458983,0.00067344535,0.000828134,0.97844774,0.0015703392,0.015234562
eegnsh3,joy,sadness,0.021002507,0.020901715,0.049283683,0.025401738,0.81129,0.072120324
eego743,joy,joy,0.0008731782,0.0006762668,0.0008652857,0.9944553,0.0010398539,0.0020901288
eegouvj,joy,joy,0.0010843159,0.0006390074,0.00058751693,0.9950277,0.00096192135,0.0016995154
eegp95p,surprise,surprise,0.020405337,0.003760905,0.005732101,0.17787868,0.012001273,0.7802217
eegqadp,anger,joy,0.010336242,0.0015510796,0.0010354661,0.97896713,0.0015390706,0.006570989
eegqqkd,joy,joy,0.04468091,0.0029142292,0.0036325408,0.6461211,0.006879094,0.2957722
eegqxra,surprise,surprise,0.013385243,0.0038586897,0.0038341132,0.009153576,0.015139525,0.95462894
eegrakn,anger,anger,0.9694893,0.010756664,0.0016510224,0.008382561,0.0059656687,0.0037547448
eegrx15,joy,joy,0.0073409136,0.0007968585,0.00091783,0.9840688,0.0014799773,0.0053955466
eegslli,anger,anger,0.95290786,0.025770413,0.0024226871,0.008350297,0.007894622,0.0026541601
eegt2pg,joy,joy,0.0012056708,0.00057269895,0.00048487945,0.9950452,0.0008521492,0.0018394244
eegt7oj,joy,joy,0.0056841536,0.0007680054,0.00069976586,0.9862467,0.0023092781,0.0042920467
eegtsz4,joy,joy,0.0017535386,0.00067749835,0.00055611576,0.9942521,0.0007628776,0.0019979514
eegus5t,joy,joy,0.0010276551,0.0005808284,0.00062378927,0.9949083,0.0010506726,0.001808722
eegvjdr,joy,joy,0.00205984,0.0007151851,0.00056788634,0.9936324,0.0010333575,0.001991446
eegw44e,joy,joy,0.0012358009,0.00073490915,0.0008252355,0.9914937,0.00077995495,0.004930449
eegwepn,anger,anger,0.7650941,0.17557336,0.012841907,0.010994961,0.0320804,0.0034152572
eegxjob,anger,anger,0.9720991,0.011399117,0.0019948657,0.004477711,0.005154003,0.004875191
eegxyij,surprise,surprise,0.015833762,0.0049390723,0.005418349,0.04352455,0.069963165,0.860321
eegyfmt,joy,joy,0.020635132,0.0011924407,0.0015198421,0.9544867,0.0068501253,0.015315775
eegzb3v,anger,surprise,0.40925458,0.010231011,0.004850447,0.09209556,0.020976655,0.4625918
eeh086a,joy,joy,0.0020439182,0.0007540249,0.00052270043,0.99358785,0.00080815103,0.0022834109
eeh08oe,joy,joy,0.000974516,0.00087397,0.0013216389,0.9926966,0.00089142594,0.003241861
eeh1ksv,surprise,surprise,0.012439941,0.002887025,0.004075884,0.011101305,0.01711226,0.9523836
eeh1tdq,joy,joy,0.0017424803,0.0004829514,0.0005759509,0.99217755,0.0018957314,0.0031253272
eeh2s44,joy,joy,0.0019144869,0.0008004764,0.0014867426,0.97787696,0.0022182465,0.015703043
eeh3f3c,surprise,surprise,0.107925065,0.0052835057,0.0048540705,0.08963665,0.023167262,0.76913345
eeh3h9n,joy,joy,0.012403921,0.0032723702,0.0025802124,0.9760283,0.0027588818,0.0029562383
eeh3q1y,sadness,sadness,0.24159548,0.02907526,0.010158032,0.030162914,0.67986435,0.009143986
eeh4lhf,joy,joy,0.19914484,0.013593459,0.016065745,0.59190047,0.17153454,0.0077610053
eeh4n8x,anger,anger,0.96199685,0.010774748,0.0017868889,0.009265759,0.007309234,0.008866522
eeh4rik,joy,joy,0.0015454071,0.00053827703,0.00047180915,0.99266183,0.0011644344,0.0036182436
eeh6e6v,surprise,surprise,0.010439792,0.002285907,0.0028605533,0.011604234,0.005807525,0.96700203
eeh7idl,anger,anger,0.9660789,0.01200741,0.0034293302,0.0053946665,0.006800582,0.0062892134
eeh8n09,joy,joy,0.0017424877,0.00055954035,0.00055159966,0.99395376,0.0010280884,0.0021644977
eeh9bzl,joy,joy,0.0018253761,0.0006531356,0.000452488,0.9940402,0.0010585766,0.0019701552
eeha101,joy,anger,0.58511376,0.010630703,0.0064371815,0.20921493,0.16598825,0.022615192
eehan6v,joy,joy,0.0014356402,0.0006357963,0.00056735874,0.9947121,0.00096821,0.0016808913
eehdg3g,surprise,surprise,0.012276127,0.0039843954,0.004082159,0.45794708,0.012084777,0.50962555
eeheqe0,surprise,surprise,0.011561034,0.0032872253,0.0029049928,0.014768797,0.00668745,0.9607904
eehewzl,sadness,anger,0.5975344,0.017566936,0.0055272495,0.022317808,0.024897773,0.33215588
eehfiro,sadness,sadness,0.0072232657,0.010714083,0.03555368,0.0149628725,0.91847587,0.013070368
eehfyfb,sadness,sadness,0.2235692,0.08355855,0.011773668,0.011366182,0.6644385,0.005293883
eehgd6y,joy,joy,0.023508014,0.002104776,0.0022032296,0.896822,0.004991573,0.07037051
eehh6l0,joy,joy,0.016526435,0.002400462,0.0028079879,0.798851,0.02342558,0.15598851
eehinhf,disgust,disgust,0.19808413,0.64530027,0.053389642,0.022995606,0.07038482,0.009845469
eehiwo8,sadness,sadness,0.010372092,0.010777939,0.008310384,0.008342886,0.9565814,0.005615239
eehjqx2,joy,joy,0.0012427053,0.0006026863,0.0005866122,0.9938775,0.0010516722,0.0026388627
eehksno,surprise,surprise,0.017137067,0.0042140484,0.0039004586,0.0052028284,0.0069940942,0.9625515
eehlcjf,joy,joy,0.0022442588,0.0006993556,0.00068678113,0.9935806,0.0012115167,0.0015775169
eehlcox,joy,joy,0.0013532866,0.0006831913,0.0005113957,0.9948584,0.0009443409,0.0016493718
eehnomu,joy,joy,0.0018309832,0.0010984186,0.0014254131,0.96853983,0.0016157253,0.025489535
eeho6w6,joy,joy,0.0025451537,0.0007657992,0.0006890618,0.99249095,0.0012356137,0.0022734683
eehoydp,joy,joy,0.0016320455,0.000640681,0.0006367479,0.9926295,0.0009011846,0.0035598723
eehp9vr,joy,joy,0.0076138983,0.0009884527,0.0021108338,0.9784937,0.0021977688,0.008595353
eehqoet,joy,joy,0.0020107923,0.0006326158,0.00046124996,0.9899317,0.0013978318,0.005565852
eehsnbx,sadness,sadness,0.007090017,0.011672697,0.024637265,0.0077716745,0.9375323,0.011296074
eehswsb,joy,joy,0.00078411034,0.0006235476,0.00096866355,0.9929345,0.0013371521,0.0033519513
eehukh5,sadness,sadness,0.01291536,0.0076638227,0.009340044,0.020159014,0.94415843,0.005763301
eehutdj,surprise,surprise,0.008072631,0.004256723,0.013889711,0.008480979,0.010766937,0.95453304
eehuykx,joy,joy,0.0016623279,0.0006582074,0.00052711135,0.9942386,0.0014050627,0.0015085906
eehvapo,surprise,surprise,0.031989496,0.004079728,0.00463483,0.18008547,0.010928007,0.76828253
eehvkz8,joy,joy,0.0013592377,0.0007149375,0.00059411424,0.99456525,0.0010276505,0.0017387618
eehwraf,joy,anger,0.93115675,0.04400465,0.0031279712,0.0053613274,0.013252605,0.003096699
eehxep8,sadness,sadness,0.0136296125,0.01777196,0.009006305,0.0061819637,0.9471168,0.006293314
eehxqzg,joy,joy,0.001269903,0.00049661065,0.00057923666,0.99375004,0.0012283761,0.0026758688
eehyntr,sadness,sadness,0.005432152,0.007360138,0.015075129,0.030013226,0.92265594,0.019463403
eei023b,joy,joy,0.0015725791,0.0006132053,0.0007823171,0.9932018,0.0009682213,0.0028618902
eei097w,sadness,sadness,0.03316242,0.011983271,0.007841355,0.0063902116,0.9351041,0.005518614
eei0ju3,surprise,surprise,0.007358323,0.0027388744,0.0043740193,0.005563103,0.006625488,0.9733401
eei23xn,joy,joy,0.0019347046,0.0006139973,0.00045554707,0.99338174,0.0013031091,0.0023108239
eei3bx8,joy,joy,0.0011756028,0.00060756796,0.000639516,0.99342924,0.0011016291,0.0030465247
eei3ii9,joy,joy,0.002508559,0.0006503571,0.00039652048,0.9937955,0.00091745146,0.0017315744
eei436p,joy,joy,0.0015350969,0.00067451276,0.0004957452,0.99476045,0.0010865222,0.0014477219
eei47sa,anger,anger,0.62611955,0.017894896,0.008393424,0.053165972,0.11267819,0.181748
eei49t8,anger,anger,0.8709325,0.044464737,0.0154084945,0.004823501,0.017328607,0.047042124
eei4exl,joy,joy,0.0029292398,0.000825657,0.00057527487,0.9928646,0.0011207724,0.001684397
eei59lc,joy,joy,0.0015629752,0.0005386256,0.0007204611,0.9919619,0.002928835,0.0022872274
eei5i5y,joy,joy,0.0015309862,0.00076414004,0.00059366826,0.99467057,0.0008636381,0.0015769688
eei6nwr,sadness,sadness,0.02539936,0.020301668,0.0087066665,0.008108454,0.9236803,0.013803433
eei6qpm,sadness,anger,0.3333098,0.11470436,0.29000327,0.016415814,0.13970181,0.10586491
eei73r6,anger,anger,0.9342609,0.04042384,0.0032960598,0.0070269783,0.012045149,0.0029470313
eei7ati,joy,anger,0.8920448,0.013639293,0.004349044,0.060322315,0.013138207,0.016506331
eei7ovl,anger,anger,0.63844,0.03529881,0.0050473656,0.07026089,0.24230869,0.008644216
eei8sfs,joy,joy,0.001555775,0.0007242944,0.00048501152,0.99397165,0.0014963847,0.00176686
eei94jc,anger,anger,0.6934033,0.03230224,0.012800562,0.24238785,0.013262349,0.005843701
eei9ulh,joy,joy,0.00414856,0.00080984546,0.0010347872,0.9863369,0.0026648433,0.0050051566
eeia0fo,joy,joy,0.0011504675,0.00060667057,0.00055505126,0.9952472,0.0008597212,0.0015809075
eeiav5d,joy,joy,0.03690426,0.0024110244,0.0027978872,0.9470905,0.0068796026,0.0039167055
eeibba6,joy,joy,0.0015135867,0.0005843996,0.0005843049,0.99289167,0.001057178,0.003368939
eeicggm,sadness,joy,0.2101108,0.012812043,0.021006223,0.39867067,0.30763003,0.04977031
eeicgp9,joy,joy,0.001331745,0.0008281861,0.0008845674,0.99291915,0.0008417947,0.003194585
eeidflf,surprise,surprise,0.012526452,0.00318982,0.0033969192,0.013026871,0.004916904,0.96294296
eeidg5m,surprise,surprise,0.036042105,0.0050123027,0.003976122,0.010384193,0.036207702,0.9083776
eeidhj0,joy,joy,0.003836324,0.0008334277,0.0007164268,0.98737866,0.0017921323,0.005443073
eeidjjo,joy,surprise,0.021846484,0.0045388653,0.013293718,0.025947629,0.035235144,0.8991382
eeidyma,joy,joy,0.0014094741,0.00061064196,0.00048763317,0.99340457,0.0009497763,0.0031379138
eeiehjs,fear,fear,0.022016373,0.032990184,0.8130106,0.01279859,0.077318504,0.041865814
eeieuyo,surprise,surprise,0.013777492,0.0049329237,0.008551157,0.17490017,0.051335208,0.74650306
eeif4us,sadness,joy,0.0034288582,0.0010643431,0.002767612,0.9709763,0.0065147458,0.015248077
eeifm3j,joy,joy,0.0015977003,0.0007017359,0.0004883266,0.99453694,0.0008144553,0.0018608335
eeig4ll,joy,joy,0.0030073337,0.001030289,0.0013601767,0.9856156,0.0066415733,0.0023449422
eeigf31,joy,joy,0.0049065975,0.0017153502,0.0025383628,0.90208197,0.0029123293,0.08584544
eeih9ta,surprise,sadness,0.011105911,0.009462612,0.008013386,0.0074464846,0.9530841,0.010887531
eeiha8e,joy,joy,0.0045806007,0.00097200106,0.001098038,0.98875475,0.00096978067,0.0036248513
eeii43a,joy,joy,0.019622559,0.002756792,0.0013850947,0.868196,0.004493621,0.103545964
eeiiyxs,joy,joy,0.0010876723,0.00052814337,0.000545853,0.99502546,0.0008593592,0.0019535343
eeijy15,joy,anger,0.8408138,0.009558179,0.004749511,0.11215637,0.02096185,0.011760238
eeik8dd,surprise,surprise,0.008455318,0.00402403,0.0046894923,0.0067577036,0.011455456,0.964618
eeioagj,anger,anger,0.8750508,0.006344217,0.002766852,0.06972116,0.01893187,0.02718508
eeipi7y,anger,anger,0.9583568,0.017969925,0.0019560817,0.008328066,0.009598655,0.0037904663
eeiq3ag,joy,joy,0.0011808823,0.00082471035,0.00064043055,0.99415565,0.00076211145,0.0024361925
eeiryuu,joy,joy,0.0018783314,0.0006568813,0.0005552642,0.9941269,0.00082356733,0.0019590545
eeiss8t,surprise,surprise,0.009347594,0.0026210228,0.0030980676,0.015274752,0.007403956,0.96225464
eeixbxm,anger,sadness,0.30177313,0.032942623,0.007325915,0.024207046,0.62126935,0.012481991
eeiy0yr,joy,joy,0.0025546153,0.0005901275,0.00071474584,0.99248683,0.001241331,0.0024123753
eeiyfbf,sadness,surprise,0.04916658,0.0046276953,0.0039927387,0.030055111,0.01190693,0.900251
eeizxvv,joy,joy,0.0014979264,0.00054267445,0.00046335012,0.994836,0.001110976,0.0015490731
eeizy6e,joy,joy,0.0014821426,0.00078711944,0.00073378725,0.99393636,0.0007899451,0.002270619
eej03pc,anger,anger,0.6024764,0.009731876,0.0051325755,0.32466543,0.04120166,0.01679205
eej0h4g,anger,anger,0.769507,0.13636433,0.028130425,0.009973114,0.05072983,0.005295256
eej2hgv,surprise,joy,0.2722318,0.0041557327,0.0020819753,0.683676,0.010325651,0.027528884
eej4luz,anger,surprise,0.34087414,0.009437354,0.006031612,0.022004094,0.035828304,0.5858245
eej6j6y,surprise,surprise,0.09457398,0.012383387,0.0172789,0.41477668,0.007367623,0.45361942
eej7snu,joy,joy,0.0012128762,0.0005945186,0.00056170183,0.99505275,0.0011351948,0.0014430464
eej7urr,joy,joy,0.44309828,0.008277658,0.00776659,0.48564902,0.022977637,0.032230876
eej845f,disgust,disgust,0.37460575,0.40631852,0.08645797,0.019480446,0.10749485,0.0056425133
eejatcj,joy,sadness,0.09004604,0.01168431,0.026246745,0.13304587,0.7019604,0.037016686
eejbp2v,anger,anger,0.96463567,0.006984046,0.0016892087,0.0111070825,0.010498943,0.005085055
eejc1g3,joy,joy,0.021256566,0.0025329513,0.0039149043,0.9589134,0.0029600128,0.010422132
eejc33b,joy,joy,0.0015757525,0.0006781181,0.0005365184,0.9944851,0.00091354473,0.0018109751
eejcpti,joy,joy,0.007215705,0.0011511003,0.001992929,0.9808264,0.0030407426,0.005773175
eejd6h9,anger,disgust,0.1557691,0.42844746,0.15396759,0.017251417,0.2373648,0.0071996083
eejfrq9,joy,joy,0.0018101746,0.0006599474,0.001699566,0.98862773,0.0032134508,0.003989125
eejga22,sadness,fear,0.05687022,0.025992414,0.5436706,0.20722471,0.090985894,0.075256184
eejgj4m,joy,joy,0.0024960306,0.0010816731,0.0015004203,0.99000365,0.001827168,0.0030910305
eejhfit,joy,joy,0.0025909548,0.00073224324,0.00062005536,0.99322927,0.0011459882,0.0016815322
eejid1r,anger,anger,0.87811893,0.0070042326,0.0021578127,0.08613773,0.017420031,0.009161298
eejj4dy,joy,joy,0.0014702426,0.00074442435,0.00050601835,0.99453956,0.0007031432,0.002036638
eejk3bj,anger,anger,0.96683115,0.014525943,0.0024300115,0.0074302703,0.0048922235,0.0038902976
eejkfse,surprise,surprise,0.020023609,0.0033814672,0.0037881269,0.0155568905,0.01109731,0.9461526
eejl16l,surprise,surprise,0.014149554,0.004039486,0.005744087,0.007734129,0.0102636665,0.958069
eejm66x,joy,joy,0.002094498,0.0008258481,0.0005377749,0.9936609,0.00088152644,0.0019994474
eejm7u2,sadness,sadness,0.10382239,0.019580849,0.009584367,0.018951226,0.84129626,0.006764919
eejn3ah,surprise,surprise,0.0069490997,0.0024085115,0.002976348,0.009641993,0.0049567516,0.97306734
eejo7ob,fear,fear,0.0237353,0.032945298,0.7828647,0.024207102,0.10707842,0.029169273
eejpx39,joy,joy,0.0010159531,0.00060644734,0.00087337795,0.9928063,0.0008528334,0.003845024
eejq4b2,anger,joy,0.03765829,0.0036972286,0.0074006547,0.69136596,0.009476488,0.25040144
eejr2sg,joy,joy,0.001330951,0.0006825708,0.000597781,0.99341655,0.00082427444,0.0031478233
eejrwhw,anger,anger,0.9385327,0.008844244,0.0020266902,0.028934725,0.012508089,0.009153513
eejtb6i,surprise,joy,0.007498522,0.0011665582,0.0010885823,0.95308334,0.007015312,0.030147744
eeju6ax,joy,joy,0.0014261759,0.0006579444,0.0005325915,0.9947354,0.0008292201,0.0018186222
eejv0qz,joy,joy,0.0026335432,0.0006689526,0.0005253284,0.9868478,0.0009451484,0.008379151
eejwier,joy,joy,0.0012238151,0.00060033664,0.0006287854,0.99272037,0.000873331,0.003953424
eejxccd,surprise,sadness,0.08777939,0.05497863,0.13896847,0.034799214,0.5832206,0.10025373
eejxciz,joy,joy,0.0026588296,0.00075466954,0.00090404245,0.99070823,0.0010218857,0.003952436
eejxmvu,anger,anger,0.9608756,0.011246701,0.0017237639,0.014834663,0.007053648,0.0042655366
eejyd2o,joy,joy,0.00338979,0.00097342534,0.00088782725,0.978785,0.0012643867,0.014699651
eejysos,sadness,sadness,0.008479362,0.006974342,0.009915833,0.0106649995,0.9570836,0.0068817544
eejztor,joy,joy,0.0018857255,0.00070841407,0.00059717795,0.9941802,0.0007337237,0.0018947416
eek1otf,anger,anger,0.9350948,0.017719047,0.0031734908,0.009773813,0.0096165,0.024622401
eek1ptz,surprise,surprise,0.009194798,0.0029376813,0.0042654867,0.008882923,0.007388112,0.96733105
eek2d41,joy,surprise,0.007269049,0.0026553841,0.003932271,0.0810184,0.0071993144,0.89792556
eek2pfr,joy,joy,0.0025917655,0.0006191967,0.0005568709,0.99269944,0.00088084856,0.0026519638
eek3fq2,joy,joy,0.0020537707,0.0006679468,0.00050191296,0.99446326,0.0007147323,0.0015983157
eek3s6m,joy,joy,0.0024018502,0.002850696,0.023491336,0.94697845,0.0114640305,0.012813619
eek5v3n,sadness,sadness,0.111726865,0.01677104,0.05432004,0.25046712,0.38178566,0.18492925
eek6rzd,sadness,sadness,0.010988644,0.009459398,0.024630474,0.062676966,0.88142323,0.010821361
eek6uzl,anger,anger,0.91930693,0.026585992,0.0073088324,0.011732485,0.015776481,0.019289255
eek722q,surprise,surprise,0.0058464496,0.0025774476,0.0038530233,0.0067308336,0.0055751447,0.97541714
eek7c72,joy,joy,0.0035881086,0.0007074167,0.000555751,0.9838716,0.0013522042,0.009924969
eek7jkp,anger,anger,0.71980876,0.015833288,0.0058543533,0.027097609,0.03591564,0.1954903
eek7l0r,anger,anger,0.76922035,0.018021945,0.0047290376,0.035569623,0.15943936,0.01301969
eek7lmx,joy,joy,0.0017020027,0.00061678677,0.00047995817,0.9941257,0.00082204404,0.0022534986
eek7r73,joy,anger,0.95131475,0.008843519,0.0036009585,0.016204214,0.01314357,0.006892891
eek84mm,anger,anger,0.71793216,0.006753172,0.0035536813,0.22775939,0.023816112,0.020185431
eek8t9y,surprise,surprise,0.0080393255,0.0025047965,0.0036414939,0.007217526,0.0057864133,0.9728105
eek92cf,joy,joy,0.0016496977,0.0006214066,0.00047946032,0.9943815,0.0007363456,0.0021317038
eek9arw,joy,sadness,0.18415047,0.021576116,0.030175287,0.24474624,0.36613673,0.15321513
eeka9ub,anger,anger,0.8710884,0.0148039255,0.0040762234,0.021909678,0.025100028,0.063021794
eekacef,joy,joy,0.0020696525,0.00051882456,0.0004434271,0.99305105,0.0010673229,0.0028496587
eekaqno,joy,joy,0.0018275769,0.00067081617,0.0005932399,0.9944787,0.0010044883,0.0014251609
eekb3dx,anger,anger,0.9407742,0.01772679,0.0030233178,0.021219369,0.01462216,0.0026340655
eekblsa,joy,joy,0.0010512964,0.00064297015,0.00058476697,0.99493426,0.0008097151,0.0019770311
eekbqug,fear,fear,0.03357689,0.033980865,0.79710835,0.03989778,0.045773305,0.049662765
eekbt52,surprise,surprise,0.40658718,0.020068172,0.0100278035,0.019295705,0.048606053,0.4954151
eekby4q,sadness,anger,0.85256875,0.11369516,0.0073708203,0.005013821,0.01567764,0.0056737503
eekdzcs,joy,joy,0.014918522,0.0011100357,0.0020419543,0.9477455,0.007221862,0.026962103
eekeawl,joy,joy,0.0014089887,0.0006400415,0.0007887449,0.9932173,0.0008699136,0.0030750013
eekeqsg,anger,anger,0.51042414,0.019200534,0.047763705,0.16365185,0.062772535,0.19618724
eekexv3,joy,joy,0.00094848056,0.00065993745,0.000752116,0.99480337,0.00085394556,0.0019821099
eekexwv,anger,surprise,0.028287623,0.0047642947,0.011180611,0.024284907,0.018365607,0.91311693
eekhzwr,joy,joy,0.0021625082,0.00082478323,0.00054197025,0.99353266,0.00092778954,0.0020102367
eekis5u,joy,joy,0.0008548472,0.00068126485,0.001168524,0.99238425,0.0030252559,0.0018858695
eekj31c,joy,joy,0.0055545312,0.0012015179,0.0010352557,0.98809344,0.0019461296,0.0021691367
eekjw1l,surprise,surprise,0.0109730335,0.0030876864,0.0031509553,0.0091343885,0.0071628466,0.96649116
eeklwuz,anger,anger,0.9541656,0.0076502208,0.001808956,0.024828,0.006540293,0.005006863
eekmfta,joy,joy,0.0012498051,0.0005815931,0.00070328393,0.9941843,0.0011069068,0.002174112
eekojoo,joy,joy,0.0011286006,0.0005537873,0.00057956565,0.9953371,0.0009961694,0.0014046787
eekpx4d,anger,joy,0.006321199,0.001271645,0.00079415494,0.98774827,0.0016055679,0.0022591641
eekpxgu,surprise,joy,0.0021246567,0.0009581781,0.0008562562,0.97209567,0.0014144925,0.022550723
eekqa9f,surprise,surprise,0.40341827,0.010701872,0.0049919677,0.035611868,0.01532109,0.52995497
eekqcpj,anger,anger,0.9661755,0.01803699,0.0022481289,0.0038097505,0.0071408194,0.0025887282
eekque0,anger,surprise,0.18310587,0.012738927,0.008111464,0.0069117625,0.013835183,0.77529675
eekrcda,surprise,surprise,0.011779093,0.002794396,0.00280987,0.007835328,0.005758791,0.9690225
eekskp9,joy,joy,0.001441361,0.0008177813,0.00065659144,0.99358976,0.0008698922,0.0026245755
eekssyj,joy,joy,0.00092538487,0.0006936659,0.0011731589,0.9929906,0.002223611,0.001993505
eekszm5,joy,joy,0.004093076,0.0009563419,0.00068200886,0.9879495,0.0011765243,0.0051425337
eektyg0,anger,anger,0.9696363,0.0133125335,0.0021148154,0.0070587355,0.0054170624,0.0024605158
eekuq0s,joy,anger,0.4561467,0.06594349,0.1300623,0.04849011,0.27197376,0.027383564
eekvacw,joy,joy,0.0043806457,0.0019562035,0.0024263784,0.9646438,0.0036534134,0.02293948
eekwgrn,surprise,joy,0.0038091068,0.0019040984,0.003234705,0.81971496,0.00810309,0.163234
eekz9em,joy,anger,0.8997303,0.018990755,0.005709045,0.059261955,0.0072570327,0.0090508275
eekzdjq,sadness,sadness,0.035101306,0.012334906,0.009185355,0.0108139925,0.9238291,0.008735425
eekztyv,joy,joy,0.0016015451,0.0006616093,0.0004608033,0.9943974,0.00075106695,0.002127607
eekzzm0,anger,sadness,0.21977794,0.02216769,0.033560004,0.028470248,0.61179215,0.08423197
eel0fiy,joy,joy,0.0015459616,0.0005932109,0.00061271305,0.9938769,0.0011741718,0.002197089
eel0no2,surprise,sadness,0.109368995,0.0883935,0.07283823,0.0065625333,0.6874552,0.035381548
eel1onf,joy,joy,0.0023478891,0.0006228259,0.0006242778,0.99235487,0.0014424261,0.002607598
eel1opd,sadness,sadness,0.0066753933,0.0063216453,0.013952443,0.0177087,0.9463822,0.008959568
eel1rxr,anger,anger,0.9537605,0.023816735,0.0029120927,0.010249065,0.006574508,0.0026870486
eel223n,fear,fear,0.043479864,0.279237,0.57339334,0.010803375,0.080578975,0.012507469
eel3el9,joy,joy,0.0010615166,0.00062869355,0.00076346943,0.9932528,0.0019549318,0.0023384923
eel3h2m,joy,joy,0.0014057268,0.0007661395,0.00079428754,0.9920385,0.0008069181,0.004188437
eel3nj4,joy,joy,0.032539718,0.0018744722,0.0016449462,0.94787455,0.007428828,0.00863754
eel56hd,sadness,sadness,0.024313772,0.017735424,0.08135198,0.043680117,0.75955176,0.07336696
eel59zw,anger,surprise,0.07631917,0.0059475075,0.0051951674,0.018799113,0.05245446,0.8412845
eel5vyh,joy,joy,0.0017731735,0.0005858751,0.00069936283,0.99143654,0.00079546834,0.004709534
eel6g5c,joy,joy,0.005470462,0.0012952399,0.0018250366,0.90892136,0.0036289492,0.07885891
eel6gxz,anger,anger,0.8843467,0.0065037776,0.003452301,0.072188154,0.015686627,0.017822433
eel8uh1,anger,surprise,0.038787894,0.0042103296,0.003634083,0.03368552,0.013419894,0.90626234
eelanvo,surprise,surprise,0.0058570183,0.0022387311,0.0032575116,0.013779735,0.0056104045,0.9692565
eelaymi,joy,joy,0.0010408526,0.00069551275,0.00065796496,0.9946526,0.00072039984,0.0022326678
eelb8r7,joy,joy,0.0058735535,0.0011630129,0.0011732329,0.9865884,0.0023941172,0.0028076274
eelbvc2,joy,joy,0.0012850752,0.0006756047,0.0006834965,0.9929871,0.0011307745,0.0032379797
eelci9c,anger,sadness,0.34205785,0.16274701,0.10654395,0.008496868,0.3556024,0.024551889
eelcos4,surprise,surprise,0.0053714225,0.002547889,0.003673834,0.0068300003,0.0056290575,0.9759478
eeldik0,joy,joy,0.3012926,0.008724255,0.01100932,0.42030624,0.21859576,0.04007176
eeldzwl,joy,joy,0.0013858541,0.00063613144,0.00047518424,0.9941632,0.0010041553,0.0023354983
eelf2ij,anger,anger,0.48686504,0.008724166,0.005181304,0.2602923,0.18959402,0.04934318
eelfg23,joy,joy,0.0010644314,0.0005233921,0.0006384113,0.9941468,0.00091308507,0.0027138728
eelfq9p,anger,joy,0.05035396,0.0027589258,0.002237991,0.9255573,0.0032334295,0.015858416
eelg0sx,joy,joy,0.005108135,0.0009717301,0.0007837891,0.96841496,0.0013340065,0.023387428
eelgfhz,surprise,surprise,0.039066654,0.006212379,0.005659403,0.004521337,0.0146860825,0.9298542
eelhchz,joy,joy,0.008110434,0.0013948547,0.0013124202,0.9357707,0.0035665056,0.04984503
eelhtrb,sadness,sadness,0.009338742,0.011298954,0.012409365,0.007656797,0.9514382,0.007857885
eelhyj5,joy,joy,0.0019786912,0.0020950548,0.011265494,0.95286727,0.0091552185,0.022638232
eeljmjn,sadness,anger,0.9436659,0.019441573,0.0024700386,0.01033127,0.01872931,0.0053618657
eeljowd,anger,anger,0.9232033,0.012931809,0.004334291,0.04285083,0.0088092,0.007870642
eelk9fc,sadness,sadness,0.013308933,0.021427969,0.015495612,0.0065240175,0.9357228,0.0075206514
eelke2a,joy,joy,0.0016573577,0.0006467534,0.00045239343,0.99370366,0.000713819,0.0028260236
eelkg0v,joy,joy,0.00089249143,0.0005270892,0.0006663216,0.99469095,0.0013563759,0.0018667012
eelkuym,joy,joy,0.0015184659,0.0006999971,0.0005137992,0.994555,0.0010246962,0.001688051
eellpd3,surprise,surprise,0.019703928,0.0040023467,0.0037640957,0.010318405,0.0076339673,0.9545772
eelluat,sadness,anger,0.5909925,0.22212712,0.057492178,0.016511884,0.10742103,0.005455239
eelm5yb,joy,joy,0.010606221,0.00231343,0.0025944149,0.7719896,0.004891251,0.20760511
eelm6nh,anger,anger,0.9517717,0.01706439,0.0025493072,0.00795761,0.0061536585,0.014503376
eelmgwr,joy,joy,0.0023312701,0.00068648724,0.0006164704,0.9934993,0.0011734773,0.0016930527
eelmnid,surprise,surprise,0.027052844,0.004329615,0.0056195967,0.2832993,0.012697933,0.6670007
eeln1li,sadness,sadness,0.006619181,0.005973548,0.0113711925,0.03280075,0.9351008,0.008134553
eeln2t5,joy,surprise,0.1144204,0.0056419456,0.007593114,0.16437124,0.04600178,0.66197157
eelncsh,sadness,sadness,0.015007799,0.011897692,0.016400255,0.006050707,0.9436224,0.0070211855
eelo4e4,fear,fear,0.02907175,0.04430115,0.81642854,0.02729694,0.053977374,0.02892425
eeloddc,joy,joy,0.0012192971,0.00066840166,0.0006173077,0.9935488,0.00082363177,0.003122557
eelogwm,joy,joy,0.0013841128,0.0006288368,0.00059239275,0.9925269,0.00073407625,0.0041336594
eelp1r7,anger,anger,0.4698698,0.12996644,0.12266716,0.022503577,0.22845726,0.026535822
eelp37z,joy,joy,0.002105074,0.0005987439,0.00043533157,0.993206,0.0012216944,0.0024330774
eelphu9,anger,joy,0.06542661,0.02123747,0.14857896,0.53489184,0.06096516,0.16889998
eelqrny,anger,disgust,0.22111247,0.47501677,0.18364751,0.010060292,0.10018128,0.00998165
eelra1u,joy,joy,0.0045107086,0.001419334,0.0009419149,0.98706347,0.0017295727,0.004335115
eelsqcs,surprise,surprise,0.0069382736,0.0027462805,0.0037259813,0.0060040774,0.0061392626,0.974446
eelu9eg,surprise,joy,0.0021958495,0.0007026668,0.001133758,0.9736495,0.0021537167,0.020164525
eelvbdz,surprise,surprise,0.008948307,0.0027766025,0.0044232127,0.015893094,0.013739552,0.95421934
eelvl0i,joy,joy,0.0011043269,0.00061646063,0.0006560253,0.9939612,0.0009407929,0.0027211544
eelwbqj,anger,anger,0.966734,0.011804779,0.0018206649,0.009737235,0.005717743,0.0041856924
eelwf2f,joy,joy,0.0016513561,0.00074262137,0.0005240249,0.9942544,0.0008128515,0.0020147788
eelxged,joy,joy,0.0030609432,0.0007231308,0.00047902417,0.99281925,0.0010904022,0.0018272272
eely0le,joy,joy,0.0013521722,0.0005744447,0.00075049803,0.9932916,0.0012522485,0.0027790905
eelybvn,sadness,sadness,0.010545976,0.007913533,0.009415347,0.011667045,0.9481993,0.012258907
eelzddq,joy,joy,0.002273016,0.00087250886,0.0006156746,0.9932975,0.0009506359,0.0019906363
eem08pm,joy,joy,0.0014713313,0.00065137155,0.00051343715,0.9945155,0.0008378115,0.002010498
eem0tn8,joy,anger,0.92368937,0.011006298,0.0032879547,0.016914694,0.03517446,0.009927144
eem0y1e,joy,joy,0.0018311511,0.0006936692,0.00060900766,0.98747176,0.00076437904,0.008630036
eem17yi,joy,surprise,0.11315303,0.007962775,0.007632281,0.024154492,0.044543188,0.8025542
eem23o3,joy,joy,0.0024942434,0.000828164,0.00051553565,0.9930461,0.000830935,0.0022849853
eem3eqi,joy,joy,0.0015537138,0.0007610672,0.00049430324,0.99366355,0.00089496473,0.0026324391
eem3f55,joy,joy,0.007119562,0.0020839109,0.0029573338,0.92142427,0.0086809825,0.05773394
eem4cot,joy,joy,0.0017982846,0.00061349635,0.0006503165,0.9929168,0.0008984416,0.0031227234
eem4gzz,joy,joy,0.0008703024,0.0005120134,0.0007304803,0.99450773,0.0014957467,0.0018837133
eem4xgw,joy,joy,0.08414069,0.0028134186,0.0015475833,0.89680165,0.008306803,0.006389869
eem5ojk,joy,joy,0.0011689006,0.00060294726,0.00084946124,0.99426514,0.0010701341,0.0020433813
eem636t,joy,joy,0.0010456932,0.0006257615,0.00058293133,0.9949568,0.00075338176,0.002035498
eem6qlk,fear,anger,0.44809878,0.030219065,0.043343607,0.14090987,0.25671017,0.080718525
eem6r3e,anger,disgust,0.29231295,0.5226696,0.03457052,0.010444887,0.12755245,0.012449562
eem7gnv,joy,joy,0.0017328551,0.00079299835,0.0006141448,0.99351233,0.0009991553,0.0023485033
eem8ngk,anger,joy,0.010331054,0.0008764767,0.0007518166,0.98160595,0.0024147201,0.0040200073
eem96ru,joy,joy,0.003338895,0.00087353995,0.00056583807,0.98211986,0.003951077,0.00915075
eemahay,sadness,joy,0.0039050698,0.0009809214,0.0017306965,0.97000915,0.019584682,0.003789409
eemar0a,joy,joy,0.0011764666,0.000562457,0.00055689807,0.9951846,0.0008649026,0.0016546886
eemb91n,joy,joy,0.0025259727,0.00057065696,0.0006643694,0.9926501,0.0013565917,0.0022323285
eemdb8a,surprise,surprise,0.023867214,0.0039961464,0.002669045,0.013243886,0.010356115,0.94586754
eemddgl,joy,joy,0.0020509395,0.0006772949,0.0006757974,0.99313486,0.0013152927,0.0021458196
eeme5dt,joy,joy,0.0024554902,0.00069436274,0.00046347873,0.98943335,0.001007589,0.0059457617
eemefit,joy,joy,0.007520049,0.0009769317,0.001335061,0.98352975,0.0031011214,0.0035369843
eemet6m,joy,joy,0.0012727038,0.00051618286,0.00072406087,0.9895672,0.001869407,0.0060503804
eemgzkm,joy,joy,0.003058705,0.00070453004,0.00052238593,0.9929101,0.0010995455,0.0017048279
eemhk5m,joy,joy,0.0016858581,0.0007986383,0.00054700254,0.99414766,0.00078547193,0.002035324
eemjn7c,joy,joy,0.0012383971,0.0007169459,0.0007018352,0.99439985,0.0007808111,0.0021622172
eemjogz,surprise,surprise,0.00634052,0.0023745429,0.0039594267,0.0077955555,0.006893112,0.9726369
eemju3k,joy,joy,0.0066946847,0.00095099356,0.00096986484,0.96813273,0.0019152397,0.02133654
eemk0hv,joy,joy,0.0019191124,0.0006168618,0.00046805284,0.9931772,0.0008913941,0.0029274148
eemk7fb,joy,joy,0.0014229725,0.00067271804,0.00062385795,0.9940404,0.0007611356,0.002478923
eemkjvp,sadness,sadness,0.014831652,0.022539996,0.08129749,0.014892439,0.8543031,0.012135207
eemkttk,joy,joy,0.001721221,0.0005371931,0.0005397991,0.9943336,0.0010555212,0.0018125705
eemkv3o,surprise,joy,0.015525654,0.0023439196,0.003017136,0.6026339,0.009514156,0.36696532
eemkxfe,joy,joy,0.036536638,0.0028517502,0.0034864428,0.8577582,0.04331645,0.0560504
eeml4oh,joy,joy,0.0046772165,0.00081393257,0.0006994597,0.98767227,0.0012133165,0.0049237735
eemltxu,surprise,surprise,0.009701234,0.0027529562,0.0028598546,0.008436657,0.0059417626,0.9703076
eemlurk,disgust,anger,0.47684404,0.43904117,0.027542768,0.014900343,0.025563853,0.01610782
eemmk15,joy,joy,0.0015671509,0.000573264,0.00054235396,0.99483454,0.00079105305,0.0016916179
eemmnhm,sadness,joy,0.0016940724,0.00094634184,0.0021200408,0.97987866,0.0023312487,0.013029543
eempufb,anger,disgust,0.23982073,0.5521221,0.07024892,0.008153488,0.121203244,0.008451409
eemr0vc,sadness,sadness,0.037806854,0.007359976,0.013231978,0.34169915,0.5884674,0.011434647
eemsdvv,surprise,surprise,0.005136621,0.0026931788,0.0053273547,0.0061729695,0.005892173,0.9747775
eemt3od,joy,joy,0.007909589,0.0015885183,0.006511968,0.9688408,0.0045549176,0.010594187
eemtcph,joy,joy,0.0025075085,0.0006936727,0.00059274014,0.9899879,0.0010574674,0.0051607005
eemtoj9,surprise,surprise,0.006554516,0.0027814112,0.004223531,0.00573709,0.0072166123,0.97348684
eemtsrk,anger,anger,0.54200715,0.007784237,0.0032071206,0.41868502,0.019899521,0.00841692
eemtzas,surprise,surprise,0.019972611,0.0022631888,0.0046063163,0.07147935,0.012293192,0.88938534
eemu47f,joy,joy,0.0030877674,0.0008274377,0.0007885578,0.9766085,0.0010593378,0.017628351
eemuima,joy,joy,0.002111878,0.000484126,0.000531115,0.9898684,0.0017469681,0.005257442
eemv4v9,joy,fear,0.089116305,0.14048983,0.4487701,0.10243487,0.121656775,0.097532086
eemvfch,joy,joy,0.0023572813,0.000870758,0.0012056482,0.985501,0.0012902855,0.008774983
eemwzcb,surprise,surprise,0.00853683,0.0040553026,0.0046243807,0.23866022,0.006631977,0.7374913
eemxb6u,joy,joy,0.0010059752,0.0005085671,0.00055416883,0.99455124,0.0013978396,0.0019822908
eemxu66,joy,joy,0.17115547,0.007811153,0.016606228,0.64634264,0.0881315,0.069953024
eemxzjk,sadness,sadness,0.26997554,0.06477165,0.012163196,0.019048262,0.62927854,0.0047627534
eemyegn,surprise,surprise,0.017136702,0.003386758,0.0031473306,0.0062859296,0.008121227,0.961922
eemzl2e,surprise,joy,0.10819183,0.023178156,0.14894828,0.49261403,0.06661522,0.16045254
een00qw,surprise,surprise,0.15961568,0.0076924297,0.0036569296,0.011994174,0.013758648,0.8032822
een0455,surprise,surprise,0.0046318755,0.0023861243,0.004841771,0.0061633047,0.0064842408,0.9754927
een1g5f,joy,joy,0.0024751066,0.0007374997,0.00047736187,0.9934736,0.0009832518,0.0018531734
een1ghy,joy,joy,0.0016893939,0.0008638613,0.00048232332,0.99205446,0.0008688918,0.0040410846
een1ok9,sadness,sadness,0.008611322,0.0071261465,0.009314971,0.013136222,0.9554914,0.0063197985
een1rib,joy,joy,0.0017751332,0.0006768894,0.0005481168,0.99446315,0.00088720646,0.0016495328
een1ybe,surprise,anger,0.5247954,0.016158747,0.007304026,0.017671041,0.014568992,0.4195018
een27c3,joy,joy,0.0014791426,0.0005859368,0.0004907915,0.9943904,0.00069302984,0.0023605872
een2amm,joy,anger,0.58839256,0.013357574,0.0037767426,0.27904275,0.107988656,0.0074417638
een2x1g,joy,joy,0.0013389416,0.00058047235,0.0006267864,0.9940842,0.0015286045,0.0018410457
een36bb,joy,joy,0.11632912,0.0038795995,0.002155362,0.8474447,0.009406408,0.020784685
een3eno,joy,surprise,0.006165221,0.003219474,0.004586469,0.025639018,0.006666562,0.9537232
een4bz6,joy,joy,0.010157851,0.0014404656,0.0017673613,0.97359765,0.001525242,0.011511451
een51co,joy,surprise,0.034000732,0.0031443685,0.0039391853,0.109804,0.008082698,0.841029
een5nkr,joy,anger,0.6383791,0.008683346,0.0047116256,0.27661407,0.03579653,0.035815254
een5omm,surprise,joy,0.1348432,0.01058787,0.02220396,0.45077917,0.17224194,0.20934387
een66z9,joy,joy,0.006856346,0.0009781438,0.0009604449,0.9792839,0.004547926,0.00737321
een6klz,joy,joy,0.0013282511,0.00076573354,0.00078081986,0.9936659,0.00093996554,0.002519365
een74b9,joy,joy,0.0021795682,0.0009663091,0.00106598,0.99069875,0.0012953898,0.0037940235
een7w2f,joy,joy,0.0015670861,0.0007560155,0.0005206576,0.9939693,0.00092406076,0.0022628894
een85dk,sadness,sadness,0.010535708,0.008437774,0.010238095,0.008263143,0.95739794,0.005127307
een8hbz,anger,anger,0.9465197,0.032461263,0.00432756,0.0052063446,0.0075890482,0.0038961065
een8qoq,joy,joy,0.005141488,0.001004945,0.0006768011,0.98568547,0.001179464,0.0063118613
een8twr,surprise,joy,0.0030501261,0.0011062465,0.0015839995,0.9813727,0.007960802,0.0049261856
een8yx4,joy,joy,0.0012580707,0.0006739334,0.0005975541,0.994796,0.0007258317,0.0019486642
een9jy5,surprise,surprise,0.015019901,0.0043525896,0.0038272412,0.48322418,0.0078136865,0.48576242
een9vzv,joy,joy,0.0015352202,0.0005879316,0.0004433848,0.99482936,0.0009506783,0.0016535105
eena3p8,joy,joy,0.002222503,0.0006294636,0.0007882599,0.9915256,0.0011851377,0.003649
eenayzd,anger,anger,0.8997287,0.011339926,0.0032532017,0.053499058,0.022435872,0.009743223
eend1bo,surprise,surprise,0.023661446,0.0035279128,0.005531923,0.010501235,0.01010206,0.94667536
eendj7s,sadness,sadness,0.011223395,0.008500983,0.01713163,0.013850112,0.931555,0.01773889
eendsgh,anger,joy,0.0044618994,0.00094260485,0.0016096783,0.984599,0.0013755347,0.0070113237
eendx2p,sadness,anger,0.6328019,0.022900173,0.006553426,0.03800143,0.27189392,0.027849158
eenejq5,joy,joy,0.0012220772,0.00081811624,0.00067783764,0.9945281,0.0007200267,0.0020338022
eenex1i,joy,joy,0.001177245,0.0005603145,0.0007018773,0.99379575,0.0009878393,0.002777032
eenf345,joy,surprise,0.25949845,0.009683312,0.0055016535,0.02462717,0.053716507,0.6469729
eenfgny,sadness,sadness,0.01801211,0.013328855,0.01400802,0.016752316,0.93219477,0.0057039647
eenfn82,anger,anger,0.6812062,0.06549659,0.006202314,0.041051246,0.19922417,0.0068194983
eeng6wv,joy,joy,0.0014034172,0.00059307064,0.00048702103,0.994865,0.0008114018,0.0018400658
eengbtw,sadness,sadness,0.0071823713,0.0075319866,0.017171375,0.04425393,0.91554064,0.008319755
eengq64,sadness,surprise,0.023337817,0.003058558,0.0048947595,0.011087288,0.018809024,0.9388125
eenhisb,joy,joy,0.004578796,0.000724552,0.0005611091,0.9903868,0.0015603937,0.0021882632
eenhium,anger,anger,0.92401505,0.014759938,0.00358002,0.009109887,0.01644616,0.032088928
eenhnz1,joy,joy,0.0028530098,0.00081955775,0.0004697094,0.99235183,0.00078179064,0.0027242128
eeni20a,anger,joy,0.0025052042,0.00061882107,0.00052746374,0.99349666,0.0011463055,0.0017056096
eenipjj,surprise,surprise,0.035507604,0.0056275125,0.004417001,0.0051852325,0.011148353,0.93811435
eeniru2,joy,joy,0.0010676247,0.00069520256,0.00065949914,0.99415165,0.0007091413,0.002716846
eenj7az,surprise,surprise,0.008650412,0.0020290983,0.0026369225,0.052485675,0.007928336,0.92626953
eenj9ty,joy,joy,0.21873547,0.005067079,0.0015198148,0.75116175,0.009293269,0.014222644
eenjasg,anger,anger,0.96078134,0.008833095,0.0022913457,0.010630605,0.010713339,0.0067502744
eenk2g6,joy,joy,0.0014940199,0.0007931078,0.0009597744,0.9933756,0.00086331274,0.002514211
eenk8fc,joy,joy,0.0014612515,0.000604764,0.00051779364,0.99468875,0.0008692973,0.0018582352
eenkrlp,joy,joy,0.0012510564,0.0006076575,0.00046869295,0.9948244,0.0008242732,0.0020239253
eenkzpv,joy,anger,0.8816482,0.009500366,0.0022324424,0.07389546,0.025831902,0.0068916017
eenl5g0,joy,joy,0.0018464625,0.0008569717,0.00085700565,0.99066305,0.0012403505,0.0045361132
eenla3k,joy,joy,0.0013162924,0.0007241471,0.0006800679,0.99211323,0.0008166689,0.0043496024
eenlyqf,joy,joy,0.0012825623,0.0005631546,0.000476927,0.9931305,0.0007169026,0.0038300094
eenlzpm,joy,joy,0.0020490426,0.0006042232,0.00055821595,0.98701245,0.0011361965,0.008639792
eenmlsv,joy,joy,0.0009667624,0.0006242567,0.0005858057,0.9947744,0.0007558352,0.0022929916
eenn9ut,anger,anger,0.96391976,0.0119251,0.0019421434,0.0055102706,0.011261396,0.0054413886
eenni73,joy,joy,0.0010582127,0.0007944127,0.0007666907,0.99388427,0.0008392587,0.0026571583
eeno43u,anger,joy,0.0056028613,0.000699642,0.00073547004,0.9850161,0.0035105322,0.0044353926
eenolta,joy,joy,0.002044808,0.0005924355,0.00076008646,0.99194545,0.0021005445,0.0025566376
eenor4z,joy,joy,0.0012327784,0.00052745146,0.00051176053,0.99318177,0.0008328952,0.0037132208
eenq2c7,joy,joy,0.00089704903,0.00064630323,0.0010492458,0.9934956,0.0010376167,0.0028741867
eenqev4,joy,joy,0.0014900271,0.0007217631,0.0009604047,0.9914056,0.0010159119,0.0044062906
eenqj7j,joy,joy,0.001359812,0.0007857704,0.00061310356,0.9945634,0.00069756695,0.001980398
eenr0w1,joy,joy,0.0030830712,0.0005646785,0.00080648775,0.9900552,0.0013858813,0.004104643
eenrgcy,joy,joy,0.0012408786,0.0006155004,0.0005181876,0.99446964,0.0012286591,0.0019271153
eenrppf,joy,joy,0.0016150313,0.0008713387,0.0016008514,0.985385,0.007831029,0.0026967495
eens4w2,anger,anger,0.87600297,0.029449755,0.004628285,0.043637585,0.03754159,0.008739868
eensmw1,joy,joy,0.005978345,0.0011008838,0.00059333903,0.9875004,0.0026568773,0.0021701152
eent12k,joy,joy,0.0028639312,0.00067756505,0.000674854,0.99280554,0.0010224363,0.0019556326
eenuscg,surprise,sadness,0.090093605,0.021689251,0.027825087,0.010185221,0.80012614,0.050080724
eenv5xe,anger,surprise,0.08244179,0.0071590836,0.021183312,0.028992767,0.02084443,0.83937854
eenvgkg,joy,joy,0.0011877639,0.00073388463,0.00095494225,0.9921589,0.003161241,0.0018033264
eenw11k,joy,joy,0.002379073,0.00057293626,0.00053833774,0.9916276,0.0010486642,0.0038334022
eenwb0b,anger,anger,0.75655156,0.0100720255,0.003684965,0.15676944,0.05884241,0.014079588
eenwoge,surprise,surprise,0.034563832,0.004488814,0.003759752,0.14459969,0.012405655,0.8001822
eenxh4a,sadness,sadness,0.26927513,0.040901884,0.005951904,0.025872013,0.6478146,0.010184412
eenxiah,anger,anger,0.9218539,0.014202992,0.0019106694,0.028248468,0.02553729,0.008246566
eeny0en,joy,joy,0.0023111862,0.00072951807,0.0005740895,0.99278295,0.0010561645,0.0025460566
eeny1cd,joy,joy,0.0013671544,0.00056335825,0.00044683617,0.9926725,0.0009868423,0.0039632786
eenz94y,joy,joy,0.35895643,0.0062568868,0.0045600417,0.5609771,0.05503418,0.014215362
eenzbzc,surprise,surprise,0.007736294,0.0023027642,0.0028206496,0.011620726,0.0052212346,0.9702983
eenzftl,joy,joy,0.0012942567,0.00054405286,0.00062702777,0.9935821,0.0009632777,0.002989255
eenznzu,joy,surprise,0.019814737,0.0039352407,0.0039988626,0.16186215,0.006974868,0.8034141
eenzzya,joy,joy,0.0014521747,0.0005202871,0.00049759756,0.9946601,0.0007953558,0.0020746158
eeo0313,disgust,sadness,0.04178214,0.13173969,0.04970466,0.017067943,0.75122017,0.008485461
eeo0if0,joy,joy,0.0011907405,0.00078878,0.0006026247,0.9938048,0.0007294674,0.0028836154
eeo2hxb,joy,joy,0.0018165053,0.0006492438,0.00054547365,0.9916521,0.0031004616,0.0022362105
eeo2nvr,fear,sadness,0.046906736,0.116002925,0.18249345,0.0047225254,0.6310774,0.018796979
eeo3350,joy,joy,0.0017138831,0.00058617815,0.00056945794,0.99401665,0.0008870708,0.002226842
eeo3cit,joy,joy,0.062376,0.0020104882,0.0011763612,0.899904,0.005572217,0.028961016
eeo3qie,joy,joy,0.001049097,0.00058240775,0.0005780374,0.9932817,0.00090539904,0.003603387
eeo4djd,sadness,sadness,0.027187152,0.0106184725,0.009776155,0.03603763,0.90025467,0.016125845
eeo4ds5,joy,surprise,0.046114873,0.0045216936,0.0028405536,0.01756301,0.0114826,0.9174773
eeo4py6,joy,joy,0.002706606,0.0006793267,0.0007112741,0.99158365,0.00077350973,0.0035456843
eeo4v2x,sadness,anger,0.56618136,0.05605903,0.012986931,0.032152396,0.2877554,0.044864856
eeo579q,anger,anger,0.91816944,0.013044903,0.0021536914,0.039739117,0.014357299,0.012535522
eeo5b2w,surprise,joy,0.0063109216,0.0022750301,0.0029082305,0.84021175,0.004469983,0.14382412
eeo7rbo,sadness,sadness,0.013857515,0.007489368,0.009877924,0.01671002,0.94606715,0.0059980094
eeo8o20,joy,joy,0.0012683593,0.0007315936,0.000647858,0.9938439,0.0007089914,0.002799357
eeo8xtq,joy,joy,0.0013903556,0.0006686336,0.0004946764,0.99475795,0.00077356095,0.0019147972
eeo9sv9,fear,fear,0.024615638,0.037377577,0.81259114,0.023088938,0.07692599,0.025400775
eeo9xqt,sadness,surprise,0.42641702,0.03274771,0.013712475,0.030767793,0.033530846,0.4628242
eeoam8i,joy,joy,0.0011065119,0.000553528,0.00047674953,0.9951174,0.0009354527,0.0018103649
eeoc9h5,joy,surprise,0.04173443,0.006176871,0.0035156976,0.30334753,0.011475784,0.63374966
eeodyop,joy,joy,0.003492169,0.000847203,0.0010113213,0.98960274,0.002032101,0.0030143908
eeoe6z5,surprise,surprise,0.006901121,0.00238372,0.0033148625,0.008609302,0.005472993,0.9733181
eeoeieg,sadness,anger,0.5677455,0.013795864,0.0053913645,0.1264713,0.27687436,0.00972163
eeog1cz,anger,anger,0.96746325,0.014078971,0.0018924568,0.008940573,0.005076462,0.0025482273
eeog3ye,joy,joy,0.001333499,0.00059703144,0.00047283695,0.99490213,0.0011116504,0.0015828853
eeohwnd,joy,joy,0.038247004,0.003477517,0.0040068524,0.8721875,0.006411337,0.07566972
eeohwow,joy,sadness,0.0155318,0.01445681,0.008212937,0.0054064626,0.9504877,0.005904265
eeoj6m1,joy,anger,0.94080734,0.0066274283,0.0017486118,0.025558457,0.007950863,0.017307363
eeojs7e,joy,joy,0.001201562,0.000653521,0.0006413264,0.99494886,0.00070558995,0.0018491376
eeok334,surprise,surprise,0.013670297,0.0054551284,0.010345008,0.011284214,0.030203588,0.92904174
eeok66g,joy,joy,0.0014597713,0.00058969966,0.000506693,0.9944699,0.00096408185,0.0020098644
eeok6k4,joy,joy,0.0014051714,0.0005714251,0.00043416375,0.9947248,0.00077916804,0.0020852464
eeok732,fear,fear,0.033134807,0.037129525,0.79636645,0.02874105,0.064767286,0.03986085
eeok9b7,anger,anger,0.90827924,0.0106291585,0.0029863021,0.012233498,0.01816944,0.04770233
eeol0wf,joy,joy,0.0018385916,0.000654445,0.00063549326,0.9943756,0.00078616844,0.0017096543
eeoltdq,joy,joy,0.007637894,0.0009769719,0.0007845628,0.96349126,0.0034471333,0.023662213
eeombpe,joy,joy,0.024362661,0.0029668887,0.0036051876,0.95762616,0.0028960828,0.008542985
eeomm4p,anger,anger,0.63644266,0.23774244,0.018397795,0.008740498,0.089864776,0.008811928
eeomopr,surprise,surprise,0.07918982,0.0048680506,0.0057294136,0.32937568,0.081937596,0.4988993
eeoocug,joy,joy,0.120229535,0.005032642,0.001884987,0.8329026,0.03510801,0.004842229
eeooxcn,joy,joy,0.0015237852,0.00059531373,0.0010236568,0.9915039,0.0019753643,0.003378013
eeopdsk,anger,joy,0.33360833,0.011072106,0.006429407,0.35781935,0.03591586,0.25515506
eeoro3s,joy,joy,0.0014752956,0.00057577656,0.00066181435,0.99428743,0.001339589,0.0016601471
eeosp04,surprise,surprise,0.012984936,0.003792854,0.0035358698,0.3266511,0.008407688,0.6446275
eeoss22,anger,joy,0.060447432,0.0026114723,0.0018967219,0.9175356,0.01146609,0.0060426714
eeosy67,anger,anger,0.69173604,0.00938522,0.0018597788,0.27534875,0.013057777,0.008612501
eeovgsz,joy,joy,0.0012762274,0.00087604224,0.0007634111,0.9898915,0.00080149213,0.00639121
eeovi8o,joy,joy,0.0012340449,0.0005093104,0.00057588506,0.9937988,0.000985968,0.0028959403
eeovtxf,anger,anger,0.94892853,0.017507987,0.0033703146,0.0043293545,0.005790331,0.020073444
eeowagf,surprise,surprise,0.006941772,0.0026407188,0.0027334173,0.059268847,0.0062004216,0.9222149
eeowejn,anger,anger,0.92718786,0.015893545,0.0026746183,0.02721113,0.023345727,0.0036872209
eeowhvz,joy,joy,0.002155593,0.0006232192,0.00060046936,0.99153495,0.0008612469,0.0042245397
eeowi6x,joy,joy,0.0023686367,0.0007849572,0.0012017331,0.98998535,0.0014358056,0.00422346
eeowiho,anger,anger,0.7891436,0.01212361,0.005241024,0.084013395,0.08964963,0.019828709
eeowt5i,surprise,surprise,0.009391576,0.0031046795,0.0034019356,0.0052485564,0.00678816,0.9720652
eeoyehn,joy,joy,0.0014822657,0.00056684355,0.000426771,0.9942417,0.0008250094,0.0024573617
eeoyh5k,joy,joy,0.024313161,0.0018200031,0.0009424127,0.95738375,0.011312276,0.0042284005
eeoyqjj,joy,joy,0.0021331944,0.0007843098,0.00061483297,0.9930958,0.0009453359,0.002426482
eeoznu0,surprise,surprise,0.005447709,0.002312271,0.0039518853,0.0097310515,0.007050441,0.9715066
eep0px2,anger,anger,0.9220911,0.032057766,0.007078002,0.007907522,0.025712758,0.005152761
eep0yua,anger,anger,0.9674819,0.014307627,0.0023193879,0.008037564,0.005617345,0.002236147
eep1k4i,joy,joy,0.0053383303,0.0015590073,0.0015067277,0.909058,0.0024316958,0.080106236
eep1xg1,surprise,surprise,0.021934051,0.003337064,0.0045777815,0.4158978,0.006770437,0.54748285
eep2csd,sadness,anger,0.9326074,0.016117368,0.0026016827,0.02529923,0.020261442,0.003112855
eep3l5x,surprise,surprise,0.0051341085,0.0027130917,0.005047736,0.00574756,0.005900672,0.97545683
eep620c,joy,joy,0.001620298,0.0005941874,0.00043169392,0.99307317,0.00077839266,0.0035022574
eep65rk,sadness,anger,0.4139402,0.008655749,0.0043351487,0.16473706,0.03163694,0.37669492
eep6eff,joy,joy,0.001912627,0.00070225797,0.00078508735,0.99121046,0.0010975214,0.004292121
eep6exv,anger,anger,0.9491783,0.011352579,0.0034088898,0.005626281,0.0060885674,0.024345456
eep6z96,joy,surprise,0.23611109,0.005791291,0.0052017365,0.2858157,0.02044133,0.44663882
eep6zs7,joy,joy,0.003025169,0.0008372885,0.0014864991,0.9896032,0.0021249016,0.0029230497
eep70hm,joy,joy,0.0013801244,0.0007501006,0.00062325876,0.99430346,0.00079736614,0.0021457553
eep85vg,anger,anger,0.958781,0.015050004,0.0015374415,0.007206417,0.012309905,0.0051152883
eep877a,joy,joy,0.0027940117,0.0007391073,0.0008610036,0.99048716,0.0012634625,0.0038553004
eep93x6,surprise,surprise,0.008871318,0.0034318524,0.0041393833,0.0055226395,0.0070729903,0.9709618
eep99wl,joy,joy,0.0013212538,0.000684337,0.00048186767,0.99442816,0.00078466546,0.0022996592
eep99xq,joy,joy,0.0015499577,0.00056818966,0.00047827387,0.9945215,0.0008989505,0.001983122
eep9db2,fear,fear,0.1060911,0.04540027,0.40871245,0.07738706,0.29059008,0.07181907
eep9j3g,surprise,surprise,0.059148975,0.0048384783,0.0035171635,0.23518871,0.012274106,0.68503255
eepb46i,joy,joy,0.0011106232,0.00056971377,0.000561183,0.9949982,0.0010102802,0.0017499478
eepbfcd,joy,joy,0.0015011522,0.0006255329,0.000559556,0.99425465,0.00076851953,0.0022905855
eepcbjy,anger,anger,0.9647294,0.018285356,0.0022312135,0.005831641,0.0051246653,0.003797801
eepd3y7,surprise,surprise,0.013902974,0.0032292998,0.0030589798,0.007788047,0.005971736,0.96604896
eepdzpp,joy,joy,0.03834496,0.002096094,0.0017874244,0.92650014,0.023133375,0.008138048
eepe900,joy,joy,0.0070262114,0.0025762322,0.0027324008,0.7984549,0.0037324524,0.18547776
eepepim,joy,joy,0.0040575117,0.0012458957,0.0031671661,0.97190183,0.0015323684,0.01809524
eeperr0,joy,joy,0.0016173114,0.00061233115,0.00053316564,0.9943283,0.00085447764,0.0020544284
eepf0tj,joy,joy,0.0009909541,0.0005246886,0.0005614044,0.9944253,0.0010218334,0.0024758442
eepfrq6,anger,anger,0.5948433,0.009292912,0.0045494423,0.15995203,0.014815573,0.21654674
eepfvt8,joy,joy,0.0016870704,0.0006314615,0.0005642125,0.99337596,0.0009887018,0.002752603
eepfzt1,joy,joy,0.0017868984,0.000726298,0.0007792669,0.99292165,0.0008147397,0.002971144
eephfi0,joy,joy,0.0016934131,0.0007639871,0.00068275235,0.99446154,0.0007431874,0.0016550814
eephj7r,surprise,surprise,0.014541859,0.0025731127,0.0024972046,0.13712615,0.007875095,0.8353866
eepiaa0,joy,joy,0.0010998233,0.00060759013,0.0006121482,0.99486685,0.00070629385,0.0021071888
eepitil,joy,joy,0.0033462627,0.00072336855,0.00091309147,0.9888516,0.0037167154,0.002449
eepixdk,sadness,sadness,0.24589488,0.022512412,0.01421782,0.035228048,0.6644259,0.01772094
eepj41s,anger,joy,0.015700711,0.001070749,0.0010864679,0.9620571,0.003333486,0.016751489
eepjh9a,joy,joy,0.001469087,0.0006210367,0.0005188312,0.9945257,0.0010754842,0.0017899539
eepjxwo,anger,anger,0.82281005,0.1021703,0.013852641,0.005344462,0.052080568,0.0037419829
eepk5hk,sadness,sadness,0.048682403,0.028231105,0.013222868,0.022854429,0.8770228,0.009986433
eepke7q,anger,sadness,0.30613995,0.055194892,0.007938422,0.007645582,0.6085129,0.01456823
eepknk1,joy,joy,0.0012373136,0.00050642627,0.0004655271,0.9949944,0.0010777739,0.0017184502
eepl32s,joy,joy,0.018810088,0.0016776064,0.001293955,0.97316843,0.002087134,0.002962671
eeplpi4,anger,anger,0.9649324,0.012078254,0.004096434,0.0065960847,0.004684983,0.0076117944
eeplxpy,surprise,surprise,0.013503459,0.0034042485,0.003971119,0.0045043775,0.0074622794,0.9671544
eepmbkz,sadness,sadness,0.4057156,0.04612869,0.044980373,0.0071716444,0.47015575,0.02584794
eepmx94,sadness,sadness,0.13872448,0.015260159,0.01179153,0.02281567,0.7826222,0.028785925
eepmyku,disgust,anger,0.83144224,0.0553069,0.0042829458,0.025149355,0.07195687,0.011861594
eepnjv3,joy,joy,0.17111543,0.010817578,0.024399443,0.59813887,0.037579633,0.15794912
eepnmkt,surprise,surprise,0.012760268,0.003949382,0.0043793996,0.004365703,0.008203887,0.9663413
eepnpvt,joy,joy,0.0023162311,0.0006820109,0.0004076322,0.99277824,0.0009581902,0.0028576474
eepnytt,anger,anger,0.9263632,0.0075119403,0.002375376,0.03634076,0.014752653,0.012656156
eepo4im,sadness,sadness,0.05501583,0.031363145,0.06228199,0.026953695,0.7861253,0.038260147
eepodwz,joy,joy,0.007356002,0.0009630814,0.00063987076,0.9851364,0.0019334683,0.003971205
eepoje6,joy,joy,0.0011637885,0.00060568855,0.0005610929,0.9940978,0.0007417259,0.0028298597
eepp10v,joy,joy,0.0015814285,0.0006566233,0.00070947775,0.9937255,0.00086595654,0.0024609969
eepplui,joy,anger,0.5774873,0.010372347,0.008173653,0.2800885,0.11013576,0.013742405
eepppvq,joy,joy,0.0025409968,0.0007788382,0.0008782078,0.9891699,0.0013911065,0.0052408413
eeppqrx,joy,joy,0.0010148995,0.0005555674,0.00070741377,0.9938719,0.0015912318,0.0022590258
eepq3b9,surprise,joy,0.023076909,0.0032277736,0.0035712593,0.5442063,0.008308656,0.4176091
eepqeks,sadness,sadness,0.013304187,0.010185693,0.0076563885,0.0087816855,0.95377624,0.0062958323
eepr2mj,joy,joy,0.009806018,0.0025431553,0.0026041598,0.7450857,0.0045998404,0.23536105
eeprh4z,sadness,sadness,0.015230008,0.011280702,0.007898456,0.010894335,0.9412149,0.013481663
eeps04t,joy,joy,0.00107925,0.0006758812,0.0007970152,0.9940896,0.0007929836,0.0025653301
eepsf4w,joy,joy,0.0010801171,0.00051622983,0.0005299546,0.9942912,0.0015699319,0.0020125736
eept8vo,joy,joy,0.0013895474,0.000639942,0.0005277357,0.9936138,0.0009673508,0.0028615706
eepuafr,joy,joy,0.003121656,0.0015306321,0.0022677535,0.91182405,0.005938693,0.07531723
eepv502,joy,joy,0.0091226725,0.0013795254,0.0008714791,0.98158306,0.0010697556,0.0059735244
eepv6z6,joy,joy,0.0031971312,0.00081970834,0.00044776776,0.9904275,0.0010404222,0.0040675406
eepvlky,anger,anger,0.5935026,0.057129554,0.005299017,0.021825224,0.31599942,0.006244209
eepvux0,joy,joy,0.045852073,0.0016217805,0.0012895874,0.9384522,0.0064025563,0.006381945
eepw8kg,sadness,anger,0.70299095,0.15520677,0.013256586,0.0114773195,0.112059206,0.0050092465
eepwisg,joy,joy,0.0015331032,0.0008674305,0.0006909236,0.99398875,0.0008000275,0.0021197703
eepwoaz,joy,joy,0.0013049727,0.0007156402,0.00063780264,0.99423534,0.0007022085,0.0024041468
eepxo6f,joy,joy,0.0015464788,0.00065564894,0.00054186734,0.9940766,0.000822183,0.0023571644
eepyctq,sadness,anger,0.8800886,0.019929273,0.0062347483,0.027902823,0.032138582,0.03370598
eepypj0,surprise,surprise,0.010798321,0.0026878954,0.0038274808,0.031264804,0.004637367,0.94678414
eepze44,joy,joy,0.0010967946,0.00059755647,0.0006546004,0.99486536,0.0011229565,0.0016627833
eepzvmb,sadness,joy,0.037584543,0.004285802,0.0043024286,0.4627861,0.080070324,0.41097084
eepzxxq,anger,anger,0.96399915,0.0072841872,0.001842019,0.008046706,0.009772776,0.00905504
eeq0bok,joy,joy,0.0012637122,0.0006831648,0.0005785409,0.9945708,0.0008336438,0.0020700404
eeq0w9l,sadness,sadness,0.013186414,0.009958554,0.009957495,0.0123687005,0.9484335,0.0060953326
eeq2jws,anger,joy,0.0207696,0.0016544105,0.0031405583,0.93908,0.016185308,0.019170057
eeq2rip,joy,joy,0.00986754,0.0030452884,0.0031744316,0.70152706,0.0037340575,0.27865162
eeq34vi,anger,sadness,0.056659862,0.06166556,0.009212903,0.009290222,0.85079086,0.012380622
eeq36jl,anger,anger,0.6990448,0.15362723,0.028729599,0.03158002,0.083490774,0.0035275507
eeq4atl,joy,joy,0.0026849695,0.00057877536,0.00047881028,0.9902818,0.0013833677,0.0045922385
eeq5s2j,sadness,sadness,0.041673586,0.02358994,0.16778292,0.10527379,0.5596277,0.102052055
eeq5svu,joy,joy,0.00090840016,0.0005543729,0.0008324283,0.9932334,0.002506387,0.0019650084
eeq5v95,surprise,surprise,0.014745338,0.0023267453,0.003141542,0.026891146,0.009019857,0.9438753
eeq6eoc,joy,joy,0.0019689386,0.000569335,0.0004946051,0.9942736,0.00086669205,0.0018268123
eeq6hyt,anger,anger,0.9441177,0.03215163,0.0058002877,0.0047246283,0.0097135715,0.0034922345
eeq6u4m,anger,anger,0.97082496,0.010792597,0.0019132616,0.00918776,0.0037758218,0.0035055897
eeq8b9u,surprise,surprise,0.028024826,0.0030603434,0.0049113184,0.15011053,0.0097522605,0.80414075
eeq8e1r,sadness,sadness,0.012123739,0.009316103,0.010139559,0.007828507,0.9559721,0.0046200994
eeq8k2l,sadness,surprise,0.30088004,0.021786917,0.008265318,0.039118033,0.1681211,0.46182862
eeq8xot,joy,joy,0.0012936151,0.0005888585,0.00061179,0.9945549,0.0009206211,0.0020302834
eeq9jfv,joy,anger,0.8854683,0.007988508,0.0037279336,0.0517448,0.029435571,0.021634916
eeq9w4n,sadness,sadness,0.019887937,0.035544354,0.05681556,0.021049714,0.86011535,0.00658702
eeq9xpp,joy,joy,0.23533094,0.006502736,0.004004808,0.7183376,0.030217258,0.0056066285
eeqaboc,anger,anger,0.87649155,0.036493436,0.017800367,0.03625622,0.024752801,0.008205652
eeqadix,surprise,surprise,0.00787745,0.0030346883,0.004634924,0.005127358,0.008151303,0.97117436
eeqb4x1,joy,joy,0.0040009967,0.00083026005,0.00072917336,0.979267,0.0030862603,0.012086292
eeqbgfq,joy,anger,0.5860708,0.009354895,0.0033178176,0.120054804,0.02303302,0.2581687
eeqbhhk,surprise,sadness,0.01544319,0.024365142,0.22288284,0.013486982,0.56770515,0.15611671
eeqc1c5,joy,joy,0.0155946,0.004313737,0.023370434,0.9360115,0.008769005,0.011940707
eeqcgpq,joy,joy,0.0019128749,0.00072741346,0.0011381011,0.98644614,0.0023071815,0.007468221
eeqd2xd,surprise,surprise,0.011719708,0.003093041,0.0035373496,0.00533924,0.0067212167,0.96958935
eeqdkqm,joy,joy,0.0017972466,0.0008342313,0.0008718065,0.99231863,0.0008395296,0.0033386059
eeqeoxy,joy,surprise,0.10669762,0.008422818,0.0062796413,0.014079273,0.018371833,0.8461488
eeqf950,joy,joy,0.0016220196,0.0011020969,0.00088831544,0.9932361,0.0009702134,0.0021812145
eeqfcf2,joy,joy,0.00096974475,0.00051997113,0.00062355783,0.9931143,0.0018386989,0.002933765
eeqg19m,disgust,anger,0.632031,0.03383854,0.03242305,0.061455116,0.054623835,0.18562837
eeqgtew,anger,joy,0.21229886,0.0074601145,0.012895453,0.5714509,0.11086978,0.08502482
eeqgth6,anger,anger,0.9707229,0.012554871,0.0016876551,0.0072999895,0.0044988343,0.0032357476
eeqgtl9,joy,anger,0.7107334,0.010790815,0.003395772,0.24526034,0.01830723,0.011512448
eeqh3yz,anger,anger,0.9527455,0.00826328,0.0024091727,0.026158778,0.0065279687,0.003895174
eeqi1ce,joy,surprise,0.068639934,0.0031331647,0.0031889637,0.024443299,0.014533821,0.88606083
eeqiqit,joy,joy,0.021099364,0.0014487222,0.000913719,0.9681217,0.004751777,0.0036647536
eeqiyco,anger,anger,0.6755381,0.07112656,0.010975809,0.009001953,0.2239817,0.009375899
eeqjcr9,joy,joy,0.0047766105,0.0008143114,0.00067922997,0.98885787,0.0011128716,0.0037591127
eeqjo22,anger,anger,0.8853735,0.012138891,0.005374462,0.009607036,0.010160416,0.07734577
eeqknzr,joy,surprise,0.029263096,0.0036869284,0.009335735,0.26231524,0.04960192,0.64579695
eeqllta,joy,surprise,0.007977521,0.0038686227,0.005490677,0.43110535,0.0060626785,0.5454951
eeqlp8r,anger,anger,0.934765,0.01395655,0.005560134,0.0275424,0.010037214,0.008138739
eeqmfii,joy,joy,0.0016019713,0.00090965605,0.0014129246,0.9852246,0.0016519204,0.009199027
eeqp4c1,joy,joy,0.0035939566,0.0010759693,0.0017153108,0.9629381,0.0058226674,0.024853986
eeqpbm0,anger,anger,0.92749596,0.050285816,0.0041580526,0.0056834435,0.0094043845,0.0029722822
eeqqhxu,joy,joy,0.0012768594,0.0006332138,0.00064431905,0.9896477,0.001421549,0.0063763442
eeqqtjw,joy,joy,0.005621095,0.0015855451,0.0011098322,0.93576527,0.0025834262,0.053334776
eeqr0jo,joy,joy,0.0026608782,0.00071586965,0.00047903208,0.99322295,0.00088216696,0.0020390407
eeqr1ex,joy,anger,0.81734556,0.011844808,0.0047890795,0.1271997,0.03107549,0.0077454043
eeqr8n9,joy,joy,0.0012360618,0.0006210492,0.00052938476,0.9952018,0.0009139185,0.0014977251
eeqrh52,joy,joy,0.0016415972,0.00060063193,0.00054496696,0.99425817,0.00085671304,0.0020979035
eeqrjr3,joy,joy,0.0016568241,0.0008477808,0.0013729046,0.9798663,0.0012818724,0.014974342
eeqroej,joy,joy,0.0013045573,0.0005339404,0.000486034,0.99453175,0.0010160608,0.0021276448
eeqs5mv,joy,joy,0.0022817987,0.0007680011,0.0007257045,0.99256057,0.0012322036,0.002431662
eeqsgrd,joy,joy,0.001681512,0.00060366374,0.00047025582,0.9940692,0.001039104,0.0021361895
eeqstmt,surprise,surprise,0.017791554,0.0031985189,0.0036963099,0.0074777324,0.012103108,0.95573276
eeqt7nk,joy,joy,0.015162081,0.0013774137,0.0009924943,0.9658147,0.0016533466,0.0150000015
eeqtb4u,joy,joy,0.0012663098,0.0007668806,0.0006748497,0.9943836,0.0006725362,0.0022357951
eeqtzwl,anger,anger,0.95279294,0.008624874,0.0021878954,0.008762651,0.009462202,0.018169472
eequesp,joy,joy,0.026331542,0.00272965,0.00331404,0.9295652,0.030673852,0.0073857554
eeqvepc,anger,anger,0.92263037,0.0075761313,0.0026151366,0.036451314,0.006419467,0.024307609
eeqvog9,surprise,joy,0.0044230972,0.002359757,0.0023816032,0.88892704,0.0030402662,0.09886824
eeqwvjl,joy,anger,0.8942151,0.007494311,0.0026143712,0.047686014,0.014454662,0.03353553
eeqxjvo,anger,anger,0.56201303,0.02646042,0.014959176,0.2905037,0.09331435,0.01274928
eeqxufc,joy,joy,0.00167572,0.00085730397,0.0006007047,0.99402595,0.000879333,0.0019608901
eeqxzbe,joy,joy,0.002077608,0.00090898917,0.0014722024,0.97269666,0.0036795232,0.019164992
eeqy41p,anger,anger,0.950739,0.008164793,0.0025220728,0.022740996,0.009484122,0.006348946
eeqzfu4,anger,anger,0.5970759,0.01571325,0.0056430516,0.103011034,0.071428806,0.20712797
eer01eq,joy,joy,0.0011380687,0.00062976155,0.0005934277,0.9947043,0.00074924954,0.0021852
eer0nm8,sadness,sadness,0.006952359,0.0066528297,0.010819344,0.013547881,0.9554341,0.0065934653
eer3dqv,joy,joy,0.002811086,0.0007807916,0.0009886211,0.9767229,0.0013696533,0.017326923
eer3gx2,joy,joy,0.0017517018,0.0006266472,0.0008256808,0.98977965,0.0010268202,0.0059896205
eer46vu,joy,joy,0.0017328198,0.0005599031,0.00044970986,0.99424237,0.0010677793,0.0019474507
eer4zkz,joy,joy,0.0020275705,0.00071260246,0.0007949029,0.99249226,0.0011280122,0.0028446852
eer54fk,surprise,joy,0.24339668,0.0112192705,0.010152396,0.5035303,0.22056629,0.011135063
eer59d1,anger,anger,0.95913357,0.0146613,0.0039448934,0.00490466,0.0051866313,0.012168968
eer5v7o,anger,anger,0.8754264,0.080351725,0.0064433804,0.012002049,0.023023613,0.0027529676
eer5voe,sadness,sadness,0.09421852,0.016304303,0.012837083,0.018551517,0.8497524,0.008336242
eer5vv4,anger,anger,0.8538956,0.06918646,0.019056035,0.024366288,0.027659941,0.005835679
eer6i44,joy,joy,0.002482286,0.000765319,0.0006718846,0.99356043,0.00109205,0.0014279557
eer79tn,fear,fear,0.03950097,0.05987309,0.7323272,0.056388654,0.076368704,0.035541374
eer7as8,sadness,sadness,0.008009082,0.007005219,0.010098575,0.014705276,0.9528188,0.0073630614
eer7dmu,sadness,sadness,0.051693253,0.0121114245,0.009719414,0.2995404,0.575089,0.05184651
eer7zky,joy,joy,0.0013687016,0.00060985197,0.0004984074,0.99474275,0.0008468305,0.0019334618
eer88r5,joy,surprise,0.1184164,0.0063792085,0.006162224,0.21421725,0.01281914,0.6420058
eer8peo,sadness,anger,0.75362104,0.009756088,0.0071401163,0.055384785,0.0832066,0.09089141
eer8td5,joy,joy,0.034412425,0.003572811,0.0081255445,0.90243375,0.03217146,0.019284038
eer99zy,anger,joy,0.02724815,0.002219352,0.0032082265,0.9468387,0.013473406,0.0070122313
eer9elt,joy,joy,0.002057143,0.0008825061,0.00094416103,0.9889894,0.0045522386,0.0025745402
eer9kpy,surprise,surprise,0.006613199,0.0025429581,0.004838551,0.008381381,0.008045884,0.969578
eeraknc,sadness,sadness,0.008438684,0.009483189,0.011788353,0.0086848205,0.95640695,0.0051980545
eeratai,anger,anger,0.94501466,0.006813481,0.0030694883,0.013556243,0.01816551,0.013380552
eerau8h,anger,anger,0.9471239,0.014838898,0.0034296352,0.0067582913,0.009009894,0.018839367
eerauy2,sadness,fear,0.1397505,0.051331963,0.41842774,0.20629431,0.14484242,0.03935308
eercjpf,joy,surprise,0.041528203,0.00400415,0.0027003614,0.015188723,0.008857024,0.9277215
eere8wx,sadness,sadness,0.011007561,0.021815874,0.021144858,0.0038578587,0.92669356,0.015480282
eerekx1,fear,joy,0.06854988,0.0022335763,0.0028130608,0.89666396,0.015474815,0.014264729
eeren25,anger,anger,0.9660659,0.01355659,0.0031038357,0.0097981,0.004553482,0.0029221526
eerestp,surprise,surprise,0.17718151,0.007888506,0.010749732,0.38912657,0.015230603,0.39982307
eerfbw0,sadness,anger,0.5106902,0.16979745,0.012283595,0.014174136,0.28715104,0.005903575
eergt89,joy,anger,0.78930086,0.013133009,0.0057801353,0.06987384,0.03929761,0.08261456
eerilho,joy,joy,0.0017733985,0.0006682994,0.0004303978,0.99307704,0.0011039098,0.0029469854
eerjwpy,joy,joy,0.0050615733,0.00082789187,0.0011580589,0.98348963,0.004900928,0.0045619374
eerkg2q,joy,joy,0.0014152005,0.000528323,0.0005888964,0.99280846,0.00092957105,0.0037295169
eerlb8c,joy,joy,0.0020818082,0.0007188072,0.0006075119,0.9930856,0.00084735535,0.0026589567
eerlirr,anger,anger,0.9333203,0.010173333,0.0025947911,0.020366816,0.02693647,0.00660831
eerlkg6,joy,surprise,0.11297981,0.004689628,0.0036238895,0.1811673,0.015169582,0.68236977
eerlu1h,anger,anger,0.96348,0.018135363,0.0020541158,0.004698838,0.007415459,0.0042162472
eermuec,anger,anger,0.8274017,0.021965567,0.00485383,0.010129656,0.024779513,0.110869646
eermytl,joy,joy,0.0011142176,0.00073603156,0.0006340334,0.9950045,0.00072778825,0.0017834734
eern7al,surprise,surprise,0.09388218,0.009371222,0.0039995126,0.017883414,0.010864589,0.863999
eernbku,joy,joy,0.00176095,0.0006871974,0.00048569223,0.994325,0.0010106717,0.0017304874
eernxm7,joy,joy,0.0017994139,0.000626292,0.00045277763,0.99329585,0.00078401604,0.0030416744
eernynp,anger,anger,0.70320225,0.010796834,0.008705979,0.06707379,0.053136166,0.15708497
eero5s3,joy,anger,0.37489948,0.009352745,0.0057427185,0.34323385,0.014770282,0.252001
eeroien,surprise,surprise,0.38919187,0.028706297,0.011990789,0.00913138,0.0621269,0.49885282
eerp62g,anger,anger,0.8341696,0.105678424,0.0046396037,0.016572429,0.0311334,0.0078065437
eerpbco,anger,sadness,0.095437944,0.13200985,0.04090319,0.020361925,0.70567924,0.005607816
eerplwl,joy,joy,0.0018591107,0.00055915356,0.0007695639,0.9912917,0.0013947374,0.0041257623
eerrsai,anger,joy,0.006279671,0.001049968,0.00089810014,0.98501414,0.003095749,0.0036622973
eerrvod,surprise,surprise,0.012054611,0.002657781,0.0028012726,0.092308976,0.008351673,0.88182575
eerrzff,anger,anger,0.94391567,0.0068256063,0.001735347,0.025687369,0.012240049,0.009595897
eers3al,joy,joy,0.009084085,0.0010682894,0.000794492,0.9832496,0.002059782,0.0037437188
eers4o4,sadness,anger,0.94218814,0.026651487,0.003603211,0.0058088475,0.016542295,0.005206017
eersrrt,anger,anger,0.95878285,0.009942371,0.0021216974,0.016071681,0.0076058013,0.005475542
eerst9i,anger,joy,0.2967543,0.0060504214,0.0029781628,0.677482,0.008818933,0.007916142
eert438,joy,joy,0.0042834166,0.0007526241,0.0008671164,0.9898225,0.0013103109,0.002964046
eerthx1,surprise,joy,0.049385212,0.0035480487,0.0049880883,0.91462207,0.019913796,0.007542837
eertnyo,joy,joy,0.004482779,0.0010477072,0.0009721335,0.98426604,0.0044488567,0.0047824676
eertojl,anger,anger,0.54859495,0.020213153,0.0068984916,0.061500244,0.06611881,0.29667437
eertwes,joy,joy,0.00191529,0.0007333212,0.0005857348,0.9941356,0.000805645,0.0018243844
eerudzj,sadness,surprise,0.23662183,0.0107591245,0.013349758,0.07041301,0.1549953,0.51386094
eerv0m6,joy,anger,0.65420693,0.03162152,0.015430451,0.05990112,0.2019162,0.036923796
eervgj1,joy,joy,0.002261262,0.0007115984,0.0008923745,0.9912068,0.0017477544,0.0031801683
eervnie,joy,joy,0.0014069617,0.0008237048,0.00096091226,0.99000484,0.00097186334,0.005831686
eerwcdt,joy,joy,0.0017296807,0.00072233996,0.0005077796,0.9943317,0.00088599895,0.0018224043
eerwnf8,sadness,sadness,0.052001804,0.034660805,0.034500353,0.020382946,0.8502467,0.0082073985
eerz6sa,joy,joy,0.0012528736,0.0005237348,0.000536522,0.9944088,0.0017413313,0.0015367937
eerzag0,anger,anger,0.9629942,0.012617402,0.0021407513,0.0072726496,0.007293024,0.007681991
eerzfe2,joy,joy,0.0011170605,0.00057461305,0.0005533823,0.99501735,0.0013297589,0.0014077718
eerzsvn,surprise,surprise,0.01358078,0.0043147034,0.003587458,0.0135840755,0.0079143,0.95701873
eerzxfz,joy,joy,0.002063102,0.0012823904,0.0012568068,0.9913795,0.0010723656,0.002945911
ees0ud4,anger,sadness,0.040182974,0.016023971,0.007585498,0.010822739,0.9209884,0.004396449
ees1loa,anger,anger,0.9391842,0.01034571,0.0025246467,0.029189201,0.012984593,0.0057716235
ees2698,sadness,sadness,0.013276735,0.0104805,0.012587812,0.014435306,0.9105776,0.03864201
ees2ln3,joy,joy,0.0015848287,0.00097527076,0.0010795417,0.9916825,0.0016462837,0.0030314995
ees2nj8,joy,joy,0.058283605,0.0040234136,0.0064825453,0.66744554,0.015922738,0.2478422
ees4blo,sadness,sadness,0.03136673,0.056733742,0.24954528,0.006257149,0.6183874,0.037709743
ees57i9,joy,joy,0.0029580197,0.00080172124,0.0007129909,0.992397,0.0013288284,0.0018014299
ees5l2x,fear,joy,0.2794064,0.014264188,0.044505235,0.42139474,0.06375335,0.17667608
ees63et,anger,anger,0.92223275,0.0301287,0.004433912,0.017899947,0.021294408,0.0040102946
ees6o4z,joy,joy,0.0026473848,0.00084269024,0.0007438176,0.990974,0.0028668342,0.0019252935
ees7lor,anger,anger,0.63817877,0.010419035,0.0053095995,0.26231968,0.07398008,0.009792787
ees8g9j,anger,anger,0.9070321,0.008954766,0.003644771,0.055238497,0.016739424,0.0083905235
ees8uv9,anger,anger,0.96656054,0.008950176,0.0021160955,0.010393655,0.006121815,0.005857755
ees911b,anger,anger,0.93789357,0.009523143,0.0021113271,0.017052313,0.020751484,0.012668212
ees9dx2,joy,joy,0.0013571528,0.00064878445,0.000512611,0.9948133,0.0011589882,0.0015091784
ees9f62,sadness,sadness,0.01691506,0.006997698,0.009624023,0.07163311,0.88711584,0.0077142743
ees9jfz,joy,anger,0.59980655,0.012007981,0.0054645147,0.04927028,0.05653736,0.2769133
eesa2xc,joy,joy,0.010360456,0.0060491743,0.0940414,0.7769494,0.07214662,0.04045294
eesbir0,sadness,sadness,0.007710587,0.0067758844,0.012604443,0.009488562,0.9322758,0.03114474
eesc3l6,joy,joy,0.0016349674,0.0006043746,0.00043878125,0.99448735,0.00094199536,0.0018926238
eescm61,joy,joy,0.0015618512,0.00063356134,0.00047581602,0.994319,0.0007872295,0.00222254
eescsuh,sadness,sadness,0.18644986,0.016420804,0.014131681,0.097336695,0.67691165,0.008749384
eescva7,joy,anger,0.87155783,0.013061155,0.0029824546,0.047349636,0.059845533,0.0052033216
eesde3k,sadness,sadness,0.00714722,0.0069594714,0.010474296,0.019786086,0.9488343,0.0067986865
eesde8k,anger,joy,0.009427035,0.0014407946,0.0006376002,0.98322695,0.0013768174,0.0038908538
eesdglw,joy,joy,0.0024599885,0.0006829581,0.0005818709,0.9860249,0.0010019474,0.00924833
eese6si,joy,joy,0.0047794203,0.0022297672,0.0020852946,0.8664542,0.003250492,0.1212008
eeseewv,joy,joy,0.027518675,0.0016741559,0.004663041,0.9383013,0.012295247,0.015547601
eeseeye,joy,joy,0.0017021105,0.0006017575,0.0006928096,0.9928939,0.00077612937,0.0033333143
eesetmz,joy,joy,0.002612842,0.0005896517,0.0008756353,0.99162275,0.0012621792,0.00303691
eesf03a,joy,joy,0.0051250355,0.0011202116,0.0017058324,0.95080477,0.0040160306,0.037228223
eesh37s,anger,anger,0.643479,0.0072393147,0.005103646,0.04931022,0.019560918,0.27530685
eeshts5,joy,joy,0.0013240299,0.0005517809,0.0005112462,0.99506015,0.00081662764,0.0017361242
eeshw22,joy,anger,0.5148076,0.028043874,0.017103225,0.36962265,0.037773885,0.032648772
eeshw8b,joy,joy,0.003101046,0.000960318,0.0007209333,0.991135,0.0011916196,0.0028910716
eesi1o2,joy,joy,0.001516629,0.000683088,0.00056016014,0.9942987,0.0006980653,0.0022433123
eesiypi,surprise,joy,0.034892928,0.0032689641,0.0031652325,0.63661706,0.0064770193,0.31557882
eesiyru,joy,joy,0.001188373,0.0006480776,0.000700886,0.99411523,0.0008862455,0.002461253
eesjchh,joy,joy,0.0070277248,0.0009910695,0.0011264194,0.9789746,0.004454839,0.007425468
eesjpzb,surprise,surprise,0.020028202,0.00536254,0.0090739,0.008089931,0.018685434,0.93876
eeslfl7,anger,anger,0.9688593,0.014531234,0.0022109335,0.007148746,0.0047531435,0.0024965452
eeslhys,joy,joy,0.0015940821,0.00073244324,0.0009115394,0.9921759,0.0010691715,0.003516866
eesmjoo,joy,joy,0.01400686,0.0021647022,0.0019470573,0.97662723,0.0027583758,0.0024956607
eesmuhv,surprise,anger,0.96673876,0.014014822,0.0017075267,0.009587175,0.005517617,0.0024339296
eesmxnx,surprise,surprise,0.057466336,0.00410459,0.0031738784,0.016976705,0.02448271,0.8937957
eesnb0s,joy,joy,0.0011714885,0.0006615717,0.00061265926,0.9940024,0.0007340562,0.002817777
eesndk2,surprise,surprise,0.0057728803,0.0030797326,0.0059880824,0.056549575,0.0067455736,0.9218643
eesno19,surprise,surprise,0.009069498,0.0032969704,0.0043827016,0.009777628,0.0074457694,0.9660274
eesnvpa,sadness,sadness,0.01547237,0.010525964,0.008451608,0.012604953,0.94840616,0.004539025
eeso4xo,joy,joy,0.0014007867,0.0006652654,0.00050861994,0.99499375,0.0007880395,0.0016434885
eesp6na,anger,anger,0.6019495,0.058860525,0.0047534187,0.017756386,0.30704537,0.009634822
eesplef,joy,joy,0.0017144831,0.00066810986,0.0004173439,0.99450016,0.00075469894,0.0019452157
eesqlxb,sadness,sadness,0.0063537173,0.007480696,0.013164442,0.011716417,0.95291954,0.008365208
eesqwn6,surprise,surprise,0.0076039126,0.0027341,0.0033142013,0.25604153,0.008030459,0.72227585
eesr8i5,anger,anger,0.8174749,0.08465021,0.006646106,0.0068166447,0.056924697,0.02748741
eestjzi,surprise,surprise,0.20189989,0.009330244,0.010661715,0.028280752,0.05786754,0.69195986
eestrba,sadness,sadness,0.06976611,0.021725029,0.089572705,0.032439638,0.6419105,0.14458598
eestruw,joy,joy,0.0062418818,0.0008890401,0.000482464,0.98649174,0.0020270597,0.003867868
eesumhd,joy,anger,0.5909245,0.008936241,0.0059578833,0.28756502,0.09436197,0.012254285
eesvt9y,joy,joy,0.007672746,0.0010889593,0.0008688798,0.9839124,0.0014845274,0.0049724705
eesw882,joy,joy,0.001041957,0.0007440791,0.0010076342,0.9927382,0.0008142948,0.0036537535
eeswk0k,joy,joy,0.00086540414,0.00056203635,0.0006444384,0.995165,0.0011076765,0.0016554896
eesx34n,joy,joy,0.0011431966,0.0006651071,0.0006714573,0.99458426,0.000774788,0.0021612707
eesx7n3,joy,joy,0.0009005148,0.00049754913,0.00089154707,0.9935262,0.0015159401,0.0026682415
eesxkiw,joy,joy,0.0022569029,0.0006793388,0.001126312,0.98807365,0.003073361,0.0047904453
eeszik9,anger,anger,0.80060965,0.030079233,0.0059528095,0.052540854,0.10454407,0.0062733986
eet08tq,joy,joy,0.0027530137,0.0013539661,0.0018350895,0.97439176,0.016302008,0.0033641818
eet0j6b,joy,joy,0.010443051,0.00079489936,0.00070945424,0.9758017,0.0026982382,0.00955263
eet28az,anger,anger,0.5132404,0.018734222,0.010458771,0.023066944,0.018767487,0.41573226
eet315d,sadness,joy,0.020437183,0.0020517453,0.0017238874,0.92381173,0.043265183,0.008710202
eet386q,joy,joy,0.002463064,0.0007615575,0.00050823326,0.987543,0.0008998479,0.007824313
eet3k71,joy,joy,0.0013075295,0.00096708117,0.0013094774,0.9907554,0.0011379139,0.0045226333
eet3lk8,sadness,surprise,0.08855415,0.008890739,0.008136004,0.26358736,0.25343996,0.37739176
eet4gbe,surprise,anger,0.34908974,0.009530289,0.016648497,0.21679007,0.08843472,0.31950665
eet4oa3,anger,joy,0.007924752,0.00097499776,0.00071109715,0.9839662,0.001886838,0.00453612
eet4xhd,joy,joy,0.031246211,0.002397801,0.003535224,0.9400269,0.012395067,0.01039874
eet4xjn,joy,joy,0.0018983145,0.0006654381,0.00060902414,0.99383026,0.00083566114,0.0021613918
eet5tz8,anger,anger,0.94728667,0.02314793,0.0037646245,0.005069955,0.01616222,0.0045686197
eet63kr,joy,joy,0.0029784155,0.001160232,0.0016095595,0.98545027,0.0013868241,0.0074147284
eet6irw,joy,anger,0.4452454,0.025536513,0.012616842,0.14106564,0.35644627,0.019089337
eet6zti,joy,joy,0.0018787647,0.0005955992,0.0006182771,0.9927194,0.0010385553,0.0031493783
eet8gx8,anger,anger,0.7972572,0.024452934,0.004313914,0.032643158,0.12721014,0.014122681
eeta1qa,surprise,surprise,0.009802294,0.0035025948,0.0032743078,0.019630868,0.0073545002,0.9564355
eeta802,joy,joy,0.0015734624,0.00076915394,0.0005759214,0.9946964,0.0007149114,0.0016700714
eetavc6,anger,joy,0.013993086,0.0015396534,0.0029920617,0.94560814,0.027605461,0.008261623
eetcca2,joy,joy,0.046740457,0.0017854898,0.0015436587,0.8969693,0.006140643,0.046820406
eetce21,anger,joy,0.06328211,0.002155913,0.0018119271,0.9105753,0.0062966147,0.015878161
eetcqno,joy,joy,0.0014819968,0.0006712049,0.0004946627,0.99471337,0.0007475595,0.0018911937
eetcs3q,joy,joy,0.13095085,0.0030115724,0.0019587632,0.7963471,0.00877776,0.05895396
eetedlb,joy,joy,0.0014089522,0.00066987897,0.0005693433,0.99339056,0.00079091266,0.003170428
eeteyb5,joy,joy,0.0028784962,0.00084914383,0.000757963,0.985642,0.0009943937,0.008878077
eetfc9u,joy,surprise,0.03361154,0.0040553305,0.0026170674,0.067735665,0.014700558,0.8772799
eetfij8,anger,anger,0.9131845,0.005920337,0.0024951387,0.057057828,0.014006895,0.007335188
eetfn7z,surprise,surprise,0.335058,0.024326188,0.009653076,0.010111365,0.03031489,0.5905364
eetfq5g,joy,joy,0.0017068735,0.00053536,0.0005383231,0.99345857,0.0017992846,0.0019616478
eetfuqx,anger,anger,0.928035,0.011716479,0.0033977446,0.013853724,0.038440254,0.004556714
eetg8hf,surprise,surprise,0.013216,0.012682733,0.1855734,0.011202981,0.039378926,0.737946
eetgngo,surprise,surprise,0.0056925113,0.002231072,0.0030712048,0.02352712,0.0056171524,0.959861
eethl2z,anger,anger,0.70248055,0.16105458,0.03468432,0.009425219,0.085876785,0.006478494
eethrt6,joy,joy,0.0026275842,0.0007858178,0.0013581287,0.98626024,0.0026078706,0.006360324
eethrtc,joy,joy,0.003681129,0.00090336206,0.000746384,0.9904102,0.0018485404,0.0024104326
eetih44,surprise,surprise,0.0065255268,0.002184986,0.002928839,0.010226559,0.0054142023,0.9727199
eetil5z,joy,joy,0.00131764,0.00078287936,0.0009801716,0.9937271,0.0011843503,0.0020078789
eetilbo,joy,joy,0.0038646061,0.00094265153,0.0011932296,0.98128766,0.0055497186,0.007162242
eetjbwc,joy,joy,0.0014003166,0.0005809276,0.0005443566,0.99453604,0.00075059664,0.0021878006
eetjm9k,fear,anger,0.6707555,0.045265418,0.09929114,0.035288837,0.12239711,0.027001953
eetk13g,joy,joy,0.0017899411,0.00059030554,0.0007344654,0.99318117,0.00091084297,0.0027932755
eetkg36,sadness,surprise,0.0101504335,0.0041508167,0.009548148,0.004946596,0.020780614,0.9504233
eetktc1,joy,joy,0.0012982058,0.0005897068,0.00046643065,0.99518824,0.0009441897,0.0015132083
eetl3jg,joy,joy,0.0021811742,0.0007625221,0.0011785123,0.98338705,0.0010731192,0.01141767
eetllqr,surprise,joy,0.0061339885,0.0019571185,0.0066753766,0.9424984,0.014783843,0.02795138
eetmb2z,anger,anger,0.9529925,0.028189551,0.0046568885,0.003778739,0.0063412245,0.004040983
eetnbk0,joy,surprise,0.007587782,0.0024355524,0.002433284,0.02480962,0.0052653733,0.95746845
eetnybb,joy,joy,0.0034226312,0.0008992635,0.0015207835,0.96521294,0.0025751863,0.026369113
eetorck,joy,joy,0.0011918861,0.0010483756,0.0026924247,0.98478043,0.0051704836,0.0051163873
eetpimz,sadness,anger,0.65604067,0.026639767,0.01298605,0.039358158,0.2441869,0.02078847
eetptjj,joy,joy,0.0013748811,0.0006073336,0.00051100354,0.9943625,0.00069142407,0.0024528764
eetq6oz,surprise,surprise,0.005594996,0.0021994205,0.0031793157,0.017298894,0.006240184,0.9654871
eetr457,sadness,anger,0.5538946,0.01711649,0.0055974694,0.054478772,0.3187131,0.050199587
eets2cw,surprise,joy,0.020719655,0.002629646,0.0040529305,0.84287906,0.0032055357,0.12651321
eetta44,joy,joy,0.0023426956,0.002076128,0.012366756,0.9686905,0.0058871666,0.008636834
eetu8gb,joy,surprise,0.027520701,0.025967497,0.20689332,0.033371124,0.29624173,0.4100056
eetucyl,fear,fear,0.025723828,0.05848249,0.8083682,0.01739892,0.06060955,0.02941696
eetuw5l,joy,joy,0.0013612695,0.0006945077,0.0005862435,0.9946168,0.0007055183,0.0020356204
eetwz52,anger,anger,0.93388593,0.043202054,0.00333844,0.009761602,0.0071857134,0.002626375
eetx3g8,joy,joy,0.0025521477,0.00075012835,0.00058493635,0.99310017,0.0010778967,0.0019347689
eetxevl,joy,joy,0.0012880795,0.00063143263,0.00064991077,0.99059075,0.000891116,0.0059486055
eetxg71,anger,anger,0.9479422,0.01971898,0.0022194597,0.006432935,0.020369414,0.0033168795
eetxljv,joy,joy,0.0057293465,0.0013706152,0.0014670463,0.93068963,0.0026046382,0.058138736
eetxsyl,surprise,joy,0.03604185,0.0029611033,0.0025105919,0.7291539,0.019202558,0.21013005
eetxvzu,joy,joy,0.0012943638,0.0006903504,0.00068144914,0.9911402,0.00070926535,0.005484492
eety6mj,joy,joy,0.0056236032,0.0009140954,0.0006213087,0.9855407,0.0034694918,0.0038307772
eeu0fst,anger,anger,0.6977025,0.047044802,0.01856238,0.043919664,0.12244975,0.07032091
eeu0pbv,joy,anger,0.8675529,0.035400353,0.0025940621,0.039422363,0.04989505,0.00513523
eeu1ci5,sadness,joy,0.004723647,0.0007336261,0.00055764354,0.9891031,0.0013604312,0.0035215428
eeu1u49,joy,joy,0.0013639407,0.0011989474,0.0019322039,0.9800687,0.002104151,0.013332073
eeu3o3n,joy,joy,0.0039710863,0.0007898502,0.0004897804,0.9910651,0.0010679805,0.0026162183
eeu57ng,surprise,surprise,0.0131188715,0.0034290068,0.008774176,0.09180404,0.020529786,0.86234415
eeu59wa,anger,anger,0.96140164,0.02243893,0.0033799547,0.004641521,0.0046782903,0.0034596925
eeu5mfp,joy,joy,0.0019092852,0.0007439432,0.0014571944,0.99011105,0.0012659348,0.0045125745
eeu6561,disgust,anger,0.4585544,0.018863937,0.024390573,0.13776854,0.1106837,0.24973884
eeu854y,joy,joy,0.0019212841,0.0006187324,0.00064762903,0.99377835,0.0008318284,0.0022021781
eeu85y4,joy,joy,0.002359524,0.0008160221,0.0008879924,0.9832645,0.0012216372,0.01145029
eeu8adm,joy,joy,0.0012390056,0.0006010798,0.00050694234,0.9945205,0.00074678217,0.0023856598
eeu8e7h,joy,joy,0.002645031,0.0006791683,0.0008986739,0.9907107,0.0012274341,0.003839005
eeu8ekt,fear,fear,0.020710228,0.030433986,0.7742645,0.019623952,0.0463274,0.10863994
eeu8yqe,anger,joy,0.12557296,0.004107003,0.0024299447,0.69575316,0.013114555,0.15902247
eeu9qa0,anger,anger,0.95354176,0.0070564277,0.002836096,0.023541955,0.0050226417,0.008001121
eeuaf7e,joy,joy,0.0060099955,0.0009459352,0.0007875655,0.9862579,0.0025121493,0.003486377
eeubq4e,joy,joy,0.0020492154,0.00067910086,0.00051532185,0.9940248,0.0008393749,0.0018921216
eeuc2cj,joy,joy,0.0020718246,0.000574508,0.00043455831,0.9941316,0.00095182937,0.0018355742
eeuckpj,fear,fear,0.04408017,0.032275412,0.76813304,0.05284481,0.04176058,0.060905945
eeudgrp,surprise,surprise,0.006599328,0.002245154,0.0036773623,0.0061631463,0.0052530454,0.97606194
eeudvxm,anger,anger,0.7948524,0.010345151,0.003996698,0.038249247,0.020012012,0.13254455
eeuenby,joy,joy,0.0010470529,0.0006933793,0.00061456225,0.994806,0.000934962,0.0019040438
eeuex9l,joy,joy,0.001328971,0.00095257297,0.00085212867,0.9904447,0.0010400519,0.0053815194
eeufexz,sadness,sadness,0.053433396,0.075372234,0.013109199,0.006799052,0.8415109,0.00977527
eeuga53,sadness,surprise,0.02005505,0.0066536246,0.011317458,0.0105062155,0.07828986,0.8731778
eeuhxlq,joy,joy,0.016337339,0.0013722092,0.0018311045,0.9621998,0.011966498,0.0062930062
eeuib3e,joy,anger,0.6093222,0.008284446,0.0055953907,0.34338868,0.012562966,0.020846348
eeuiezj,sadness,sadness,0.008262017,0.0074871085,0.023394533,0.022592254,0.92706406,0.011200105
eeukiqi,surprise,surprise,0.009170404,0.002467573,0.0033141635,0.007017495,0.006968708,0.9710617
eeukzqv,joy,joy,0.0016870376,0.00066933467,0.00058967527,0.99458754,0.0008431722,0.0016232711
eeum0en,surprise,surprise,0.030601697,0.0058226967,0.0038819627,0.008522589,0.0066329376,0.94453806
eeunj2e,anger,joy,0.014176259,0.0052812602,0.02461902,0.4796478,0.08912818,0.38714755
eeuo50j,joy,joy,0.0011190384,0.0005934418,0.00074494665,0.99480325,0.001086254,0.0016530264
eeuo6d4,joy,joy,0.0024782452,0.0007590053,0.0005179282,0.9925236,0.0012288829,0.00249242
eeuok7h,joy,anger,0.5792455,0.27083245,0.058904354,0.015135746,0.06999631,0.00588562
eeupcmv,joy,joy,0.0062825587,0.0011834032,0.00090513023,0.9788006,0.0055279457,0.007300372
eeupi5x,joy,joy,0.0013925667,0.00060421845,0.00046173428,0.9947724,0.0007956922,0.00197332
eeuprdq,joy,joy,0.0010898461,0.0005702576,0.0005440025,0.9950218,0.0008390942,0.001935005
eeuq9fp,surprise,surprise,0.011738408,0.0037137994,0.0037278638,0.026620323,0.009277666,0.94492185
eeuqcmv,anger,anger,0.9627796,0.02043471,0.002555407,0.006590145,0.004990323,0.002649849
eeurenv,surprise,surprise,0.02731097,0.004407725,0.004426891,0.01167632,0.008197496,0.9439806
eeus29b,joy,joy,0.0067744683,0.0024146542,0.0030655526,0.7694216,0.004087246,0.2142365
eeusktm,joy,joy,0.07707662,0.0033417086,0.004022598,0.70484567,0.019726105,0.19098733
eeutzvh,joy,joy,0.0026370168,0.0007974125,0.0005433469,0.9927954,0.0008041723,0.00242262
eeuu11r,joy,joy,0.002015548,0.00060553284,0.0004242017,0.9930114,0.001955098,0.0019882435
eeuuyib,joy,joy,0.0017435832,0.00060042687,0.0006056242,0.99349606,0.0008084714,0.0027458093
eeuv2w3,anger,anger,0.9668647,0.015274556,0.0027733992,0.007648245,0.00485029,0.0025888116
eeuwe5z,anger,anger,0.93319,0.0063469675,0.0027524733,0.03170228,0.011968298,0.01404005
eeuzdua,joy,joy,0.002231838,0.000786709,0.0005860154,0.9933915,0.0010112821,0.0019926992
eev00h5,joy,joy,0.0021484273,0.00095012505,0.0005113268,0.9934935,0.00087892235,0.0020177527
eev07fq,joy,joy,0.0013211688,0.00070904166,0.0006507332,0.9944936,0.0006906406,0.0021348365
eev09yb,joy,joy,0.001251869,0.00065890606,0.0012807717,0.9893155,0.0048968643,0.002596138
eev0j29,sadness,sadness,0.009735195,0.008522897,0.009088533,0.0151353115,0.94938725,0.008130783
eev0lr5,surprise,surprise,0.0071059475,0.0027067505,0.0033197915,0.007449143,0.004981103,0.9744373
eev0off,joy,joy,0.0017362977,0.00069592876,0.00083607266,0.9923394,0.0009740273,0.0034183324
eev0oqj,sadness,sadness,0.036831457,0.024127945,0.012715458,0.01125462,0.9079415,0.007129046
eev1n3p,joy,joy,0.0013009997,0.0006809724,0.00088866206,0.9924049,0.0028078505,0.0019165734
eev2dq4,fear,fear,0.16955213,0.17883618,0.456595,0.025582276,0.119642094,0.04979229
eev3o6o,surprise,surprise,0.0057997354,0.003552408,0.011372015,0.009454942,0.009303143,0.96051776
eev41wx,joy,joy,0.0018858558,0.00063798315,0.0007467405,0.99003357,0.0011641751,0.0055316933
eev4m98,sadness,anger,0.40740862,0.0115333265,0.013741307,0.23669721,0.24787956,0.082739905
eev55g7,joy,surprise,0.2778943,0.013745583,0.013598184,0.078330085,0.06328592,0.5531459
eev5d3i,anger,anger,0.9291208,0.008986867,0.0033076133,0.029115057,0.01541915,0.014050534
eev5lbl,surprise,surprise,0.015489365,0.003926125,0.0029409355,0.2329276,0.0093483385,0.7353676
eev7aa3,sadness,sadness,0.0058381096,0.00800927,0.014760688,0.00850312,0.9532848,0.009603955
eev7dzo,joy,joy,0.0011762077,0.00076502445,0.00070350204,0.9937185,0.0006972416,0.0029395209
eev7hdu,surprise,surprise,0.011064028,0.003130473,0.0035525854,0.0056142565,0.0058606872,0.970778
eev83pc,joy,joy,0.0016599225,0.0007614533,0.000703186,0.9933838,0.0009857311,0.0025059148
eev89na,surprise,joy,0.007964689,0.0009590611,0.0024735217,0.9731748,0.0063819983,0.0090459725
eev9e1h,joy,anger,0.69881666,0.13248655,0.032008443,0.014137615,0.11132405,0.011226605
eev9ogc,joy,joy,0.0015980151,0.00061810884,0.0005962651,0.9947936,0.00093561306,0.0014583343
eeva9qx,joy,joy,0.0013193357,0.0005995505,0.00057740667,0.99462837,0.00088048406,0.0019949055
eevb2lm,joy,joy,0.0015518081,0.000782997,0.000936001,0.98823243,0.0009782595,0.00751852
eevcgtl,joy,joy,0.0027057095,0.00060537836,0.00057161617,0.98689693,0.0041709663,0.0050495127
eevecb9,sadness,sadness,0.037280723,0.030183438,0.013054376,0.0039650206,0.8947191,0.020797377
eeveji1,joy,anger,0.7793629,0.0974405,0.02864495,0.02633181,0.06421431,0.0040054987
eevem07,disgust,disgust,0.34882155,0.46891877,0.06012625,0.017037123,0.0970067,0.008089566
eevf3dt,anger,anger,0.95904005,0.009118011,0.0017015081,0.009912399,0.011523004,0.00870506
eevf97x,anger,anger,0.8235624,0.020965265,0.0039942823,0.012523884,0.08701033,0.051943857
eevfunt,joy,joy,0.014681619,0.0022110455,0.002601967,0.962981,0.007468893,0.010055529
eevga0w,joy,surprise,0.01626797,0.00285058,0.003688348,0.30879465,0.010055245,0.65834326
eevgkkp,joy,joy,0.0015103496,0.00056821975,0.00042580123,0.99490476,0.00087760226,0.0017132874
eevh400,joy,joy,0.0013691187,0.000586247,0.00048471356,0.99296135,0.0007964046,0.0038022462
eevhx24,anger,anger,0.7531864,0.01638302,0.023552153,0.10731994,0.059395857,0.040162664
eevjbdw,joy,joy,0.0011220616,0.0006627576,0.0006195856,0.99415886,0.00080787204,0.0026288414
eevjvyh,anger,anger,0.9624211,0.01625622,0.002702342,0.0076271812,0.007821761,0.0031713513
eevk5nc,joy,joy,0.0012989019,0.00068949297,0.0006271526,0.9936538,0.0013633311,0.0023672825
eevkhqx,anger,anger,0.96499354,0.008966303,0.0025366177,0.010729633,0.0062315185,0.0065422757
eevlkwa,surprise,surprise,0.016180327,0.0028868185,0.0031395885,0.35310227,0.0106696375,0.61402136
eevn76c,joy,joy,0.0009890907,0.0006238596,0.00064745755,0.9951002,0.00090844085,0.0017309753
eevoblm,joy,joy,0.24306639,0.008321089,0.0075486144,0.42473474,0.22263168,0.09369742
eevoynv,anger,anger,0.95406175,0.011309754,0.0027459322,0.0065420633,0.0114176,0.01392292
eevqdao,joy,joy,0.015565485,0.0038934473,0.0066051898,0.76843125,0.0030417906,0.20246284
eevqwdn,anger,surprise,0.012019109,0.002999046,0.006086885,0.0057142535,0.008315257,0.9648655
eevs4g1,surprise,surprise,0.03016375,0.0061142817,0.004007472,0.008067093,0.0079417825,0.9437056
eevsiyr,joy,joy,0.0017978015,0.0006329085,0.00050963217,0.9943579,0.0009406982,0.0017610056
eevsla8,sadness,surprise,0.13979422,0.0142256785,0.03522403,0.057024185,0.0631121,0.69061977
eevtrz8,sadness,sadness,0.04833021,0.12239932,0.116603404,0.00654476,0.6914972,0.014625111
eevuskc,surprise,surprise,0.12883368,0.015269141,0.005429944,0.018902885,0.07247824,0.75908613
eevv3f4,joy,joy,0.0015777935,0.0008855183,0.0008296725,0.99318117,0.0008341681,0.002691688
eevvo56,anger,anger,0.9041055,0.008002874,0.0020778228,0.065269515,0.0123923,0.008151963
eevvxk8,joy,joy,0.0071710534,0.0009006803,0.00097396795,0.9703935,0.0019373898,0.018623471
eevwbir,joy,joy,0.027918905,0.0015844207,0.001974105,0.95388,0.005908291,0.0087342365
eevwe7c,surprise,anger,0.5706681,0.03082749,0.017554684,0.31025982,0.039293204,0.031396747
eevwisg,anger,joy,0.00779692,0.00079009193,0.00078966777,0.9819111,0.0011864401,0.0075257695
eevwwjb,joy,joy,0.2745153,0.014641086,0.0063183177,0.6144469,0.08473295,0.0053454703
eevwyno,surprise,surprise,0.01060323,0.0024636898,0.0033290263,0.05920744,0.0056154686,0.91878104
eevyayh,joy,joy,0.0010745464,0.0006033338,0.0006906282,0.99395424,0.001175521,0.0025018025
eevyfss,joy,joy,0.0014490811,0.0006576805,0.0004458262,0.99430096,0.00074451126,0.00240189
eevyn9h,anger,anger,0.75232637,0.030336857,0.0055151004,0.013121673,0.17745654,0.021243453
eevzitc,joy,joy,0.0052121957,0.0008471071,0.0010889131,0.9853609,0.0021595524,0.0053312317
eew1fwh,surprise,surprise,0.025484135,0.004111984,0.0046636695,0.016172955,0.03273921,0.91682804
eew2ats,joy,joy,0.0017651808,0.0004934155,0.0005061268,0.99402666,0.0010381986,0.0021704095
eew2wz1,joy,sadness,0.10609616,0.015515224,0.01047633,0.14737324,0.7119388,0.008600267
eew49rj,surprise,surprise,0.010683644,0.0029360468,0.0028141637,0.013669255,0.009761697,0.96013516
eew4ljm,anger,anger,0.56969106,0.049845416,0.033810705,0.06360115,0.17685536,0.10619634
eew4z75,sadness,sadness,0.03387829,0.020086072,0.03247628,0.009991674,0.8900684,0.013499375
eew51qn,joy,joy,0.0016714864,0.00075264066,0.00066539214,0.99379236,0.00096085586,0.0021573566
eew5m3c,anger,anger,0.7233978,0.039023105,0.011937366,0.20420632,0.010380819,0.011054672
eew5ue5,joy,joy,0.0021623953,0.0007678409,0.0010187898,0.98884684,0.0009876568,0.0062165014
eew6yv6,anger,anger,0.68996716,0.18254282,0.010105192,0.013924831,0.09906011,0.0043998617
eew72g0,joy,joy,0.0012197165,0.00066284137,0.00060552126,0.99494654,0.00073149666,0.0018339341
eew77gx,joy,joy,0.0011895099,0.00074136286,0.0008950767,0.99128854,0.0011425504,0.00474294
eew7gaj,surprise,surprise,0.0071223974,0.0029893373,0.003984423,0.005473237,0.005746952,0.97468364
eew7gh9,joy,joy,0.0011564721,0.00071838696,0.0005575099,0.9947313,0.0007364013,0.002099936
eew7qjt,joy,joy,0.0016087132,0.00077186973,0.0006044339,0.994426,0.00085228594,0.001736702
eew8c8f,joy,sadness,0.0983248,0.01595472,0.0139478315,0.24184963,0.6179353,0.01198773
eew9qo8,joy,joy,0.006527445,0.0013954648,0.00089319743,0.95449966,0.0019385976,0.034745622
eewbssm,joy,joy,0.0039853537,0.00094330264,0.00064101303,0.98955137,0.0016452572,0.0032337292
eewbtsj,joy,joy,0.002542917,0.0005967945,0.0006077324,0.9928986,0.0011500713,0.0022039292
eewcpiz,surprise,surprise,0.0196903,0.0028514257,0.0037390797,0.0069763064,0.009395623,0.9573473
eewd9gh,joy,joy,0.0013181062,0.000677418,0.000964222,0.9926998,0.0009421374,0.0033982687
eewdo8l,joy,joy,0.0022568267,0.0008060285,0.0004540743,0.99288213,0.0006817008,0.0029192711
eewegbs,joy,joy,0.0016444573,0.00092508836,0.0009704426,0.99171054,0.0010916168,0.0036578604
eewej91,joy,joy,0.0012607536,0.00073621946,0.0006536099,0.9943581,0.0007215027,0.002269795
eeweozy,joy,joy,0.0023350813,0.0008111445,0.00062040595,0.99265337,0.00096807576,0.002611891
eewg2m8,joy,joy,0.001322853,0.00054207956,0.00047094017,0.9944616,0.0010057307,0.0021967825
eewh0tg,joy,joy,0.003966428,0.00081547647,0.0006243513,0.99064577,0.0018685402,0.0020795413
eewh4gb,joy,joy,0.0025708121,0.0006609851,0.00040379784,0.99260074,0.00174181,0.002021864
eewh51p,joy,joy,0.0012607664,0.0005906138,0.0006883971,0.9940591,0.00087660627,0.0025245717
eewhpk6,anger,anger,0.96706086,0.009452086,0.0017174943,0.0126999775,0.0061056768,0.0029638673
eewhzsp,joy,joy,0.015005797,0.001193995,0.0009006536,0.9582056,0.0036382214,0.02105575
eewk9e0,joy,joy,0.0015196459,0.0006532354,0.00048413934,0.9947807,0.0007636721,0.0017985711
eewkl1c,joy,joy,0.0011601365,0.0008428204,0.0008042885,0.9932689,0.00088232686,0.0030414655
eewkqif,anger,anger,0.9619737,0.008957196,0.0014407639,0.018567735,0.0043637347,0.004696808
eewl3k6,surprise,surprise,0.010955328,0.0034770826,0.0046154023,0.47524783,0.0063960683,0.49930823
eewld6b,joy,joy,0.006354833,0.00089318625,0.0005625575,0.9875284,0.0014434354,0.0032176347
eewma26,joy,joy,0.0014589811,0.00083253725,0.0014870825,0.98990977,0.004225695,0.0020860545
eewmsvg,fear,joy,0.00751949,0.0037431123,0.014730809,0.8944254,0.06882918,0.010752062
eewmxdl,joy,joy,0.0017170005,0.0008851371,0.002032727,0.98500407,0.0029991204,0.0073620244
eewn6sn,joy,joy,0.0018441529,0.0006115405,0.0004210563,0.99362093,0.0009306854,0.0025716242
eewnhep,anger,sadness,0.1914279,0.021953698,0.07407083,0.06571244,0.49103943,0.15579566
eewnoyj,surprise,surprise,0.40278283,0.021871796,0.018449593,0.018308496,0.030599589,0.5079877
eewnxwc,sadness,sadness,0.01048841,0.02498684,0.028925277,0.0029091146,0.9213725,0.01131792
eewovsw,joy,anger,0.9265767,0.02348102,0.0028808492,0.017206552,0.023873799,0.005981193
eewpe3v,joy,joy,0.0015834755,0.0008702288,0.000988391,0.9814922,0.0009096431,0.014155975
eewph9r,joy,joy,0.0032123772,0.00075161795,0.00070575555,0.9904298,0.001532978,0.0033674063
eewpl8e,joy,joy,0.0012007623,0.00063719787,0.0007341471,0.99464005,0.0008493262,0.001938558
eewpue5,surprise,surprise,0.0050653624,0.0027569593,0.004632844,0.005466094,0.007981791,0.974097
eewriib,joy,joy,0.00083472,0.0005904164,0.0006345393,0.994786,0.0012915414,0.0018627022
eewsxew,surprise,surprise,0.006892923,0.0020171015,0.0026475464,0.025294656,0.006937848,0.95620996
eewt9yh,surprise,joy,0.006510182,0.0026407433,0.007191673,0.9058025,0.062916435,0.01493836
eewtsv4,joy,joy,0.0023988453,0.00068078894,0.0005310377,0.99340713,0.00074067496,0.0022415433
eewtt6q,joy,joy,0.002908151,0.00080897193,0.0015565758,0.9746304,0.00556637,0.014529555
eewv5tt,sadness,sadness,0.23335296,0.030260375,0.05790562,0.18631932,0.46391478,0.02824697
eewvlcy,joy,joy,0.0013800783,0.0006139827,0.0012960965,0.9849069,0.002531937,0.009271046
eewwzu5,joy,fear,0.021658603,0.016110195,0.32441393,0.099170074,0.2892058,0.24944139
eewxdve,disgust,disgust,0.09384044,0.6094347,0.19823553,0.01443871,0.07309115,0.010959415
eewxmdm,joy,joy,0.0011958812,0.0005830211,0.00058055477,0.9948167,0.0007669652,0.0020568327
eewxv2b,surprise,joy,0.0047633923,0.0018482856,0.0027250308,0.88565296,0.0032296274,0.101780675
eewy6r4,anger,anger,0.90857404,0.008656256,0.0031744482,0.067803934,0.0072787367,0.004512519
eewyia7,joy,joy,0.0037456816,0.0006620146,0.00055840705,0.9915765,0.0013688967,0.0020884743
eex0jkk,joy,joy,0.008761753,0.001203458,0.0005991773,0.98486775,0.0018481466,0.002719785
eex0tm9,surprise,surprise,0.0076743257,0.0022918961,0.0031993298,0.02469044,0.0054405257,0.9567034
eex192q,joy,joy,0.081937574,0.0053260904,0.009862593,0.65120226,0.17647366,0.07519778
eex1mhj,joy,joy,0.0035188054,0.00073675596,0.0005363757,0.9917058,0.00094846415,0.002553761
eex2fjk,surprise,surprise,0.0057862643,0.0025338486,0.0041196872,0.008741416,0.008930412,0.9698883
eex2gov,fear,anger,0.39023274,0.12344506,0.25811532,0.027215643,0.17165941,0.029331746
eex2uey,joy,joy,0.0024207253,0.0006963227,0.0005374013,0.99286324,0.001096253,0.0023860768
eex3eiu,surprise,surprise,0.008678917,0.004219132,0.0065901033,0.0075276736,0.006766031,0.9662181
eex49r7,anger,anger,0.8610466,0.07548582,0.015789146,0.007739607,0.031100858,0.008838019
eex8tq6,joy,joy,0.03373599,0.0032845533,0.009054071,0.8882066,0.0076896613,0.058029134
eexahcd,joy,joy,0.0043495744,0.0011738196,0.0009852165,0.98999923,0.0018867528,0.0016053168
eexbanq,fear,fear,0.025518686,0.027325485,0.7085197,0.09461564,0.088037275,0.055983268
eexbv2s,joy,joy,0.003152479,0.00072788575,0.0006079002,0.9914136,0.0021389234,0.0019591255
eexcza2,joy,joy,0.0026471142,0.0006248679,0.0004922728,0.99355537,0.0013022585,0.0013781409
eexddyv,surprise,joy,0.009099433,0.0013392206,0.0012293141,0.91938496,0.0034542428,0.06549281
eexduzq,joy,joy,0.0010938854,0.0006219518,0.0009643319,0.9934783,0.00117232,0.0026692073
eexeypk,joy,joy,0.033928484,0.0013935466,0.0010928052,0.945109,0.008606994,0.009869256
eexg91s,anger,sadness,0.2567234,0.047928374,0.02072667,0.021912802,0.6450756,0.0076330863
eexgtfb,anger,anger,0.9370392,0.009838492,0.0020889654,0.018101227,0.0111363735,0.021795698
eexguaa,surprise,joy,0.039615937,0.0022472488,0.0017835993,0.86422265,0.0076030735,0.08452751
eexgy7y,joy,joy,0.001469444,0.00065092667,0.0006607562,0.99405044,0.000915011,0.0022534032
eexgzre,joy,joy,0.0028887575,0.0007048651,0.00078353274,0.9906109,0.0015409124,0.0034710197
eexhbyk,surprise,surprise,0.22554997,0.010948111,0.009266047,0.025208136,0.032980066,0.69604766
eexindp,joy,joy,0.10539671,0.0062026344,0.0041618263,0.85212094,0.0069890865,0.025128838
eexjgdk,joy,surprise,0.014699171,0.0031439264,0.0037782707,0.12871228,0.008053717,0.8416127
eexkhqd,joy,joy,0.0015670769,0.0005678933,0.0005395362,0.9946979,0.0007545107,0.0018729824
eexlyva,anger,anger,0.93994784,0.02569,0.00587494,0.0035097066,0.008114736,0.016862778
eexm5kc,sadness,sadness,0.011100474,0.010196655,0.007290293,0.00988503,0.95158464,0.00994292
eexmra6,anger,joy,0.05928512,0.003524729,0.008948101,0.7381843,0.13499555,0.055062212
eexmsy6,joy,joy,0.0014073174,0.0007805162,0.0015563699,0.9917446,0.0012988701,0.003212252
eexn541,surprise,sadness,0.026715402,0.008694705,0.05088996,0.088890225,0.6669405,0.1578691
eexnidj,surprise,joy,0.0011952207,0.00050168677,0.0005866389,0.99391276,0.0010031047,0.0028005135
eexo7w2,joy,joy,0.0014936893,0.00074871763,0.0006284707,0.9947018,0.00074125314,0.0016860219
eexoxb9,joy,joy,0.3990475,0.017862609,0.009235545,0.50716066,0.0263733,0.040320393
eexp3yy,joy,joy,0.002128962,0.00056523224,0.00049751106,0.99264,0.0013072648,0.0028610681
eexphew,joy,joy,0.000996827,0.00059396273,0.00052697083,0.99535525,0.00093646813,0.0015904972
eexpsw7,joy,joy,0.0016415939,0.0006221089,0.00046141728,0.9944084,0.0007313364,0.0021350353
eexr6ld,anger,joy,0.21190737,0.0074425642,0.011705716,0.7335114,0.016982336,0.018450668
eexrmtf,surprise,surprise,0.36138052,0.04721116,0.046137765,0.0115019325,0.16577695,0.36799166
eexrqlw,joy,joy,0.19459517,0.0062671294,0.01349763,0.713835,0.057196435,0.014608624
eexsxqk,sadness,anger,0.88584685,0.068835914,0.0035222808,0.008638507,0.029214198,0.0039422004
eexu3d2,joy,joy,0.0012272224,0.0005397431,0.0005892479,0.99458176,0.0010312895,0.0020307081
eexuxuv,sadness,joy,0.026790287,0.0022662,0.0034462304,0.93645704,0.013716279,0.017323952
eexwcz2,joy,joy,0.0014354383,0.00064438995,0.0005723943,0.99441385,0.0007235125,0.0022104061
eexxucz,joy,joy,0.0011745136,0.00058900594,0.00047089971,0.99473566,0.0010270153,0.0020028206
eexy2yd,joy,joy,0.0020322201,0.00067287544,0.00073826953,0.99289674,0.0011785615,0.0024813719
eexytcs,joy,joy,0.0018375994,0.0007211955,0.0005305086,0.9938717,0.0008529221,0.0021860192
eexzyw0,joy,joy,0.0034384984,0.00071026146,0.00055879046,0.99147594,0.0014410248,0.0023755592
eey09jl,joy,joy,0.0013827339,0.00065202266,0.0006020094,0.99503595,0.00086766435,0.0014595954
eey0ta7,anger,anger,0.80852246,0.143369,0.010352512,0.0046165898,0.025927514,0.0072118393
eey2fzv,surprise,surprise,0.3544838,0.013001998,0.0062086126,0.05551166,0.12057934,0.45021453
eey3r30,anger,anger,0.9405566,0.013087053,0.0031908152,0.006036791,0.009267308,0.027861439
eey42p5,sadness,anger,0.4229643,0.020127244,0.00799552,0.072012395,0.4097681,0.06713248
eey440s,sadness,anger,0.43997338,0.13743185,0.010139886,0.017627506,0.38916248,0.005664945
eey445n,joy,joy,0.0011732843,0.0006801233,0.0006281839,0.9946312,0.0007935659,0.0020936849
eey4ya9,anger,anger,0.9524609,0.00964265,0.0019570838,0.024965966,0.007810521,0.0031627933
eey53ln,joy,joy,0.0016609493,0.00065203256,0.00063326786,0.99378175,0.001319437,0.001952581
eey579w,sadness,surprise,0.061909188,0.016124396,0.04132274,0.013630309,0.23002535,0.63698804
eey5gc2,joy,joy,0.003142824,0.00058516866,0.00045587547,0.9916842,0.0008792414,0.0032526227
eey5mir,sadness,sadness,0.013274868,0.013719101,0.013668464,0.007743967,0.9466478,0.0049457466
eey5ukr,joy,joy,0.0013650924,0.0005858046,0.0005356442,0.99487346,0.0006995418,0.0019405112
eey6053,joy,joy,0.0029011336,0.0008871408,0.0005147978,0.9923159,0.0015108055,0.0018702842
eey629w,surprise,surprise,0.14104256,0.00914843,0.006821374,0.012788143,0.040778566,0.78942096
eey6eub,joy,joy,0.007086456,0.0022455866,0.0053648725,0.7411797,0.008347473,0.23577593
eey6meg,anger,anger,0.93658656,0.02027649,0.0037961772,0.010080355,0.024661742,0.004598604
eey7373,joy,joy,0.00982947,0.00078632944,0.0005017537,0.98340833,0.0014881643,0.003985908
eey8xwv,anger,anger,0.852668,0.046232846,0.007480421,0.007979849,0.010485005,0.07515397
eey9qd2,joy,joy,0.0010777182,0.00051691954,0.00052745856,0.994379,0.0009965862,0.0025022558
eeyaomy,joy,joy,0.0029653048,0.00063732814,0.00046305082,0.99094373,0.0014550461,0.0035355533
eeyazvb,surprise,anger,0.9619509,0.016125992,0.0019527223,0.0060461513,0.00893214,0.0049920753
eeyc7hc,surprise,surprise,0.032061204,0.0029981479,0.0028641517,0.02920471,0.0070787375,0.92579305
eeyc8jz,anger,anger,0.93330675,0.007823653,0.0032245882,0.012757113,0.0103084035,0.03257953
eeye3ry,joy,joy,0.0024244566,0.000671744,0.0005074746,0.99328995,0.00076093886,0.002345404
eeyeavn,joy,joy,0.055229343,0.0029783312,0.0041456465,0.6157953,0.01819477,0.30365658
eeyenej,anger,anger,0.6108639,0.29552564,0.014294298,0.014581497,0.057544008,0.0071906038
eeyeu61,joy,joy,0.001681563,0.00068823656,0.00078903814,0.99247617,0.00078516454,0.003579935
eeyf120,surprise,joy,0.06256009,0.0034116325,0.009864575,0.79900926,0.036943033,0.088211454
eeyfd0k,sadness,sadness,0.16341813,0.13152294,0.05109876,0.01766361,0.62724483,0.009051758
eeyh2zt,joy,joy,0.09233752,0.00515026,0.0029386804,0.689559,0.014429573,0.19558501
eeyht37,surprise,joy,0.005688224,0.0016503998,0.001139627,0.9182938,0.003179553,0.0700484
eeyiizn,joy,joy,0.004355433,0.0011404809,0.00070880225,0.99084306,0.0010433921,0.0019088809
eeyivpd,joy,joy,0.006104102,0.0010092123,0.0010008581,0.98707527,0.0019877166,0.0028228296
eeyj4bw,joy,joy,0.004295038,0.0008418067,0.0017907773,0.98625296,0.0027085019,0.0041110017
eeyjwnh,joy,joy,0.002264888,0.00082027784,0.0008371727,0.98006266,0.0008823264,0.015132711
eeykk40,joy,joy,0.0021481912,0.00066907506,0.00050222233,0.9934549,0.0008692417,0.0023563148
eeymdv6,sadness,joy,0.0059926715,0.0018284757,0.0042087603,0.89711523,0.08143569,0.009419223
eeymgef,anger,joy,0.027318211,0.0017595587,0.0038247227,0.95161813,0.007826546,0.007652762
eeyn44s,joy,joy,0.0014950174,0.0006689824,0.00048425441,0.9941982,0.0008222525,0.0023312569
eeynzmp,joy,joy,0.0017825294,0.0005772199,0.0005036392,0.994144,0.00084029825,0.0021523677
eeynzom,anger,anger,0.7772605,0.013991269,0.008482857,0.12675503,0.01827973,0.05523061
eeyoa9n,joy,joy,0.0033794264,0.0017895331,0.006300109,0.96452546,0.011639181,0.012366222
eeyp2c8,joy,joy,0.0017564333,0.00067628635,0.0007672305,0.99208117,0.0024868522,0.0022319402
eeyp7w8,joy,joy,0.0013098108,0.00057850895,0.0005080354,0.99452245,0.0012775391,0.0018036583
eeypdr5,anger,anger,0.5566222,0.009872673,0.005437275,0.22445607,0.04113343,0.16247836
eeyq3lu,sadness,joy,0.042945933,0.005432427,0.0059351358,0.7908675,0.13754292,0.017276097
eeyqdff,joy,joy,0.0016238258,0.000686915,0.0005425129,0.99427575,0.0008226814,0.0020483248
eeyr9at,anger,anger,0.96015817,0.016471695,0.003425316,0.0049696164,0.0050181774,0.009957108
eeyra7d,joy,joy,0.0014766537,0.0006949605,0.00058973156,0.9932153,0.001082692,0.0029405917
eeyrqob,anger,anger,0.75361514,0.09851438,0.012288763,0.0388671,0.08943704,0.007277539
eeysnr8,anger,anger,0.78981864,0.0069817235,0.0025366426,0.17487873,0.01633961,0.009444582
eeyt4x6,joy,joy,0.0025117442,0.00075847126,0.0006260513,0.9927285,0.0010357733,0.0023395335
eeyu5pc,anger,disgust,0.38752544,0.45137018,0.037322953,0.01440311,0.10201409,0.0073642037
eeyv7fy,joy,joy,0.00208823,0.00060626876,0.0003511193,0.9939803,0.0009801078,0.0019940743
eeyvlxh,joy,joy,0.08821638,0.0021217044,0.0020604676,0.8770414,0.008259755,0.022300234
eeyw4g8,anger,joy,0.0020041622,0.0007074304,0.0006363365,0.9932481,0.001250576,0.0021533545
eeywn97,joy,joy,0.003254009,0.0007556773,0.0010179166,0.98808354,0.003586261,0.0033026247
eeywnlj,joy,joy,0.05893015,0.0051466106,0.007250336,0.892141,0.008751098,0.027780866
eeywvw4,joy,surprise,0.008481897,0.002539081,0.0028782454,0.022891864,0.0054940525,0.95771486
eeyx89b,fear,surprise,0.010170908,0.0036357918,0.014376071,0.00692274,0.008688603,0.9562059
eeyyi2z,surprise,anger,0.4470387,0.013268366,0.0061517023,0.36891726,0.04444853,0.12017546
eeyyyy5,joy,joy,0.0014067304,0.00073347223,0.00060900184,0.99340534,0.00077812193,0.0030673044
eeyza0p,anger,sadness,0.08784598,0.014392892,0.00774736,0.018426161,0.8636506,0.007936947
eez022h,joy,joy,0.0016219509,0.0007814736,0.00059334206,0.9942773,0.000753776,0.0019721463
eez1ed7,anger,anger,0.9161127,0.01569045,0.0028966262,0.009726269,0.009653607,0.04592027
eez1yz1,joy,joy,0.0020065808,0.0012174546,0.0017719012,0.9911986,0.0009688382,0.0028365874
eez2qeg,surprise,surprise,0.028536785,0.008322966,0.013244382,0.008333601,0.041015077,0.9005471
eez4vse,joy,joy,0.0050325813,0.0009358877,0.0010272327,0.97275317,0.0019438529,0.018307328
eez5aha,surprise,joy,0.0030865986,0.00079792767,0.0008465874,0.9717181,0.0017240695,0.021826752
eez78sa,joy,joy,0.0011892162,0.0005519393,0.00051144516,0.9946337,0.0010115969,0.0021021422
eez7shn,joy,joy,0.0037708483,0.0010170874,0.0006513246,0.9914882,0.0013061684,0.0017663484
eez85rk,joy,joy,0.001454178,0.0006411492,0.0005064809,0.99480903,0.00087586616,0.0017132149
eez8e8r,joy,joy,0.0019635896,0.0005513371,0.0005543386,0.9937797,0.0010650002,0.0020859907
eez8nxs,joy,joy,0.0021112438,0.00081290357,0.0006747358,0.99386877,0.001120845,0.0014115791
eez9z4b,sadness,anger,0.55651456,0.013228272,0.007772204,0.10543331,0.30287096,0.014180645
eezaats,joy,joy,0.0011282201,0.0007707055,0.0010509401,0.9932462,0.0013585157,0.0024453574
eezbkyh,joy,surprise,0.020499231,0.0056350864,0.0061298218,0.20520125,0.019804666,0.74272996
eezd4nf,joy,joy,0.0014716841,0.00055641774,0.00047429948,0.9945581,0.0008701746,0.0020693834
eezderw,joy,joy,0.001163198,0.000716682,0.00066405785,0.9942821,0.0007143043,0.002459613
eezelds,anger,fear,0.0715233,0.048795894,0.68835676,0.05346508,0.097058736,0.04080028
eezev4f,joy,joy,0.0013280278,0.0006418154,0.0005914296,0.994507,0.00079884095,0.0021328302
eezf0s8,surprise,joy,0.007598817,0.0030738735,0.0051876893,0.493327,0.0079597905,0.48285285
eezg0ig,sadness,sadness,0.0063725472,0.0063494374,0.011579468,0.008025959,0.95217776,0.015494855
eezgbd0,anger,anger,0.91044766,0.03111807,0.0023701005,0.03411696,0.019193001,0.0027542028
eezgkw2,joy,joy,0.0016212261,0.00067479094,0.0004866267,0.99465215,0.00077210134,0.0017930325
eezhzoi,joy,joy,0.0051150713,0.00086031004,0.0005423339,0.990677,0.0010771591,0.0017281997
eezj6jj,joy,joy,0.001254738,0.0006756775,0.0006541659,0.9946595,0.0007131032,0.0020428363
eezjmqm,joy,joy,0.0010628266,0.0006873245,0.0006814728,0.99460006,0.00091688515,0.0020514564
eezkoeb,sadness,sadness,0.10268428,0.031180762,0.007385784,0.017480845,0.83372056,0.0075477776
eezlw7j,joy,sadness,0.022370419,0.034721565,0.19289735,0.042650215,0.67113817,0.03622221
eezmgjc,anger,anger,0.60645103,0.068877086,0.007831954,0.011048549,0.28644377,0.019347666
eezmqjn,sadness,sadness,0.014701992,0.0076869424,0.007089476,0.016064636,0.9480771,0.0063797343
eezmtzq,surprise,surprise,0.005937787,0.0021885769,0.0032142426,0.006368742,0.0071822805,0.97510827
eezn1y0,joy,joy,0.0015239974,0.00072078366,0.00082387787,0.99285287,0.0013784021,0.0027000932
eeznhdw,joy,joy,0.016338468,0.0022789778,0.008768115,0.9054119,0.013602626,0.05359995
eeznxtj,sadness,joy,0.003084614,0.0006489569,0.0011149044,0.9847536,0.0045161042,0.0058817687
eeznzeu,joy,joy,0.0013117758,0.0006509525,0.0005665263,0.9944607,0.0007930894,0.002216984
eezosy1,anger,anger,0.95415217,0.023907637,0.0027598024,0.0057194824,0.010516384,0.0029445137
eezq2vc,joy,joy,0.0028737704,0.00072828913,0.0005573078,0.9929469,0.0008614502,0.00203226
eezq59k,sadness,sadness,0.005866894,0.008244252,0.030235313,0.013751773,0.9300839,0.011817903
eezqb2a,surprise,surprise,0.027080217,0.004013461,0.0057133925,0.02738319,0.026331266,0.90947855
eezrnk8,joy,joy,0.0015635389,0.00069911993,0.00053801754,0.99428105,0.00075997016,0.002158291
eezs6fg,joy,joy,0.0020097012,0.00060581346,0.00058332284,0.9924716,0.00086807006,0.0034614555
eezt0pn,joy,joy,0.0014416059,0.00064414466,0.00052406505,0.9949463,0.0008358702,0.0016081088
eezt0vb,sadness,sadness,0.013945398,0.007048115,0.009575961,0.089291684,0.87160945,0.008529372
eeztbjr,joy,sadness,0.104707174,0.016598769,0.08519759,0.20890342,0.42403486,0.16055821
eeztz9h,joy,anger,0.9153614,0.009558722,0.0021949068,0.042324346,0.020035652,0.010524924
eezu5ys,joy,joy,0.0011954193,0.00068888697,0.0005860933,0.99381495,0.0007852458,0.0029293252
eezu6jv,joy,joy,0.002051052,0.0008271278,0.0008773243,0.9917979,0.0009853032,0.0034612077
eezumyg,joy,joy,0.0015859009,0.00062100927,0.00043576068,0.99478865,0.00091134576,0.0016573186
eezvb8b,anger,surprise,0.06496486,0.030982532,0.10322186,0.068758585,0.10833278,0.62373936
eezw7id,sadness,sadness,0.010064539,0.01603318,0.016669681,0.0050763157,0.9454111,0.0067452556
eezwarw,joy,joy,0.04037378,0.002856953,0.001910339,0.7906704,0.0059613413,0.1582272
eezxeyk,joy,joy,0.0025552758,0.00070924027,0.00054602243,0.9924941,0.0007229802,0.0029723244
eezxv8v,joy,joy,0.00095952355,0.00063091615,0.00064375263,0.9941512,0.0009926698,0.0026219836
eezyinl,anger,joy,0.07954556,0.00516699,0.0022960482,0.9044082,0.0037638545,0.0048192916
eezz9z2,joy,joy,0.0012288775,0.00061404915,0.0005338896,0.9951184,0.00089248543,0.00161233
ef01a5n,surprise,surprise,0.005029011,0.0020562839,0.0034492444,0.022445943,0.007316093,0.9597034
ef025pn,surprise,surprise,0.3524686,0.008124228,0.004915782,0.03606058,0.027248178,0.57118255
ef02ir1,anger,sadness,0.23530518,0.07992154,0.13435039,0.017030556,0.5084208,0.02497153
ef0483u,anger,anger,0.9325279,0.042452663,0.004705945,0.0062870276,0.009825224,0.0042012483
ef04d6t,joy,joy,0.0012352105,0.0005402179,0.00049684884,0.9947744,0.00094318384,0.002010259
ef06qyx,joy,joy,0.024632541,0.0022051642,0.0028597452,0.9370934,0.012413238,0.020795912
ef077fx,surprise,surprise,0.0053692637,0.0019607088,0.003133556,0.011368765,0.006458696,0.9717091
ef08jsr,joy,joy,0.0014934995,0.0006119097,0.00050127815,0.99458164,0.00076577073,0.002045904
ef0bcca,joy,joy,0.0011541856,0.0005805176,0.0006848387,0.9934982,0.0009162538,0.0031659962
ef0c0w7,joy,joy,0.001351183,0.0006683887,0.0006787333,0.9943452,0.0007341346,0.0022224595
ef0c1q6,joy,joy,0.002231829,0.00069155137,0.00046763953,0.99290895,0.00078289007,0.0029170818
ef0cj04,surprise,surprise,0.0199492,0.0026747384,0.0030161473,0.016536975,0.008669029,0.9491539
ef0cp9l,anger,joy,0.006037702,0.00087098294,0.0010079241,0.9814618,0.0050399452,0.005581669
ef0d9jo,joy,joy,0.0014401082,0.00075114734,0.00058887026,0.9945839,0.0007088613,0.0019270952
ef0dr99,joy,joy,0.0013081515,0.00072274345,0.0005737023,0.99491453,0.0010424581,0.0014384261
ef0eurr,joy,joy,0.0010634217,0.0006069003,0.00082073326,0.9946613,0.0010481287,0.0017994788
ef0jf2m,anger,anger,0.9567561,0.015960721,0.0030010613,0.012794981,0.007499105,0.003987961
ef0jr91,joy,joy,0.08409671,0.0020821828,0.0012636727,0.8954601,0.003877455,0.0132198455
ef0jzwv,joy,joy,0.0012051215,0.0006680768,0.00053205946,0.9949509,0.0006798956,0.0019638839
ef0k7qb,surprise,sadness,0.033632424,0.021480232,0.06101498,0.036392253,0.82816523,0.019314868
ef0lcsf,joy,joy,0.02679054,0.0031165208,0.0028669268,0.8175185,0.006331581,0.14337587
ef0nh59,joy,joy,0.0029041274,0.0006364584,0.00069481076,0.98944366,0.0018126051,0.0045083654
ef0o1is,surprise,surprise,0.0066058603,0.0027110048,0.004244309,0.0057265377,0.006032685,0.9746796
ef0o2jh,anger,anger,0.85797906,0.010124704,0.002553444,0.09806014,0.02485821,0.0064244824
ef0o4mh,joy,joy,0.0018515887,0.000649178,0.00048587442,0.99440056,0.0007550232,0.0018577243
ef0ofn2,joy,joy,0.0023342543,0.0007906828,0.0012433107,0.9853908,0.001225841,0.009015214
ef0oipp,joy,joy,0.0009534774,0.0007082441,0.0009134595,0.99375725,0.0011004416,0.002567039
ef0orjv,fear,sadness,0.1809533,0.09318553,0.24185476,0.01835534,0.41014725,0.055503756
ef0pkfb,joy,joy,0.0029081278,0.00081817625,0.0006007666,0.9923069,0.0012737584,0.002092296
ef0pqiv,joy,joy,0.0013744887,0.0006467556,0.00057270395,0.9943508,0.00072444766,0.0023307651
ef0qkw3,joy,joy,0.0009954702,0.00073678565,0.0014911161,0.99143463,0.001597906,0.0037440497
ef0r6br,joy,joy,0.0026739063,0.00074775383,0.0004491821,0.9929402,0.0012409019,0.001948057
ef0sfus,joy,joy,0.0016750635,0.00060763763,0.00060014654,0.9943234,0.0009896068,0.0018041419
ef0tzxg,joy,joy,0.0016964789,0.0008407684,0.0013718571,0.99088037,0.00216234,0.0030481208
ef0udgg,anger,anger,0.9337293,0.015263693,0.004517948,0.032552905,0.0081230905,0.005813031
ef0v2wx,joy,anger,0.84116375,0.009846456,0.0047675963,0.09692745,0.038642704,0.0086520575
ef0vd27,disgust,disgust,0.13420075,0.6244165,0.12976855,0.02113361,0.08302422,0.0074563855
ef0vqry,joy,joy,0.025997438,0.0024809458,0.0018502966,0.7978708,0.0068349424,0.16496551
ef0wfys,joy,joy,0.0022609986,0.0006877215,0.00044962086,0.9933775,0.0008010658,0.0024230487
ef0xjkr,joy,joy,0.0016482925,0.0009438604,0.0010273006,0.98803955,0.0014724392,0.0068686004
ef0xnr3,sadness,sadness,0.008965378,0.008057983,0.012459433,0.018082283,0.9454812,0.0069537056
ef0xqrg,joy,joy,0.0014787163,0.0006127694,0.0005224412,0.9945087,0.00065199856,0.0022253704
ef0yyrf,surprise,surprise,0.008116872,0.0033851848,0.0037199906,0.0058976877,0.0066957856,0.97218454
ef0z27x,joy,joy,0.0010620081,0.0007605165,0.0007394312,0.99473405,0.000731996,0.0019719603
ef1088c,anger,anger,0.58603704,0.035030965,0.047210243,0.088346705,0.16246599,0.08090907
ef11fni,surprise,joy,0.14522107,0.008255666,0.025695594,0.63158613,0.16017063,0.029070899
ef13jli,joy,joy,0.0025658577,0.00081856357,0.0007916237,0.99296886,0.0008960572,0.001959027
ef15fon,surprise,surprise,0.03969631,0.006177448,0.005742063,0.012897305,0.012443351,0.9230435
ef165g9,joy,joy,0.0017401779,0.00055782485,0.00051940844,0.99403256,0.0011520146,0.001998101
ef16i3p,joy,joy,0.015373265,0.006291258,0.029615825,0.60568315,0.27717605,0.06586045
ef16ld3,anger,anger,0.9271596,0.04023805,0.004360712,0.006557889,0.016836295,0.0048475
ef17w5q,joy,joy,0.002585162,0.0007251974,0.00047116942,0.99305975,0.0008237764,0.0023349402
ef1899w,anger,fear,0.09111021,0.116950125,0.5155064,0.04456971,0.1369367,0.094926886
ef19iya,joy,joy,0.0019688127,0.0007065,0.00064895186,0.9941157,0.00074394816,0.0018161153
ef19umv,joy,joy,0.0012593905,0.00058580143,0.0005066342,0.99467033,0.0007702598,0.0022075754
ef1aj2l,anger,anger,0.9132763,0.009358866,0.005004355,0.052047078,0.011467364,0.0088460045
ef1akef,joy,joy,0.0012500002,0.000707389,0.00056161673,0.9949338,0.00075230526,0.0017949732
ef1beex,surprise,surprise,0.008366012,0.003660222,0.003280717,0.0816484,0.0067282314,0.8963164
ef1betm,surprise,surprise,0.0072513903,0.0032413078,0.004081071,0.005024863,0.0067106523,0.9736907
ef1bteo,joy,joy,0.0011668893,0.0006725197,0.0012381817,0.9906961,0.0022889057,0.003937418
ef1d4i1,joy,joy,0.0021591655,0.0006968565,0.0008925494,0.9924132,0.0011258,0.002712491
ef1dqo9,joy,joy,0.0011915915,0.0006572186,0.00051034597,0.99517727,0.0007671941,0.0016964145
ef1eim7,surprise,surprise,0.049092084,0.0042349966,0.0029372615,0.030519178,0.010683091,0.90253335
ef1fqe0,joy,surprise,0.10368356,0.017402112,0.025392529,0.03807159,0.012023019,0.80342716
ef1gddi,joy,joy,0.016137509,0.0031164547,0.002426128,0.70523226,0.005462819,0.26762486
ef1gqzt,joy,joy,0.0011402214,0.0005939517,0.000631133,0.99481577,0.00078475685,0.0020341869
ef1h34d,surprise,surprise,0.0056201923,0.0025044905,0.004668712,0.0054363916,0.0056878,0.9760825
ef1h372,joy,joy,0.00115255,0.0006863582,0.0005401458,0.9950529,0.00083780417,0.0017302429
ef1ho70,joy,joy,0.0016294194,0.0005622995,0.00051789527,0.9912615,0.00090718095,0.0051217247
ef1hve3,surprise,surprise,0.011732982,0.0023525453,0.0031872494,0.012655491,0.0065703397,0.96350145
ef1i32a,anger,fear,0.26551896,0.11248658,0.28029877,0.1716195,0.11631415,0.05376206
ef1jcrb,joy,joy,0.13922296,0.0040904996,0.00528945,0.8274014,0.010421945,0.013573781
ef1l95c,joy,joy,0.0021548802,0.0006840542,0.00046521673,0.99382716,0.001113043,0.0017556467
ef1lbg9,joy,joy,0.0011132971,0.00064884865,0.00077205093,0.9940241,0.0009682945,0.0024734
ef1mfs8,joy,joy,0.014640597,0.0011466357,0.00077571487,0.974002,0.002841757,0.006593316
ef1mvt7,anger,anger,0.93111277,0.014168617,0.0076886243,0.019747565,0.022537217,0.00474518
ef1na47,sadness,sadness,0.0091975415,0.007947532,0.0077705723,0.012654034,0.95438856,0.008041653
ef1o595,joy,joy,0.0020870247,0.00052950176,0.0005375779,0.9902902,0.0014788916,0.0050767832
ef1pfu5,joy,joy,0.0011471999,0.0006905275,0.00073251995,0.99486995,0.00078088936,0.001778862
ef1qrb1,surprise,joy,0.027284814,0.0016905811,0.0032407178,0.9252351,0.003937746,0.03861104
ef1r7bj,surprise,surprise,0.035064135,0.0039279307,0.0032069527,0.008767075,0.008590865,0.9404429
ef1trkk,surprise,surprise,0.005548682,0.0025698843,0.004473464,0.005452758,0.0070290607,0.9749262
ef1ts2o,joy,joy,0.0025177784,0.0007618275,0.0016365704,0.98400795,0.0011604733,0.009915331
ef1u0th,joy,joy,0.0016162022,0.00050022267,0.00058146886,0.99381363,0.0010686908,0.0024197632
ef1u5ha,joy,joy,0.0012463114,0.0006219486,0.00055141596,0.9947037,0.0007551381,0.0021215244
ef1uc9a,surprise,surprise,0.0064155427,0.0026014796,0.003098711,0.009644814,0.0052790833,0.9729604
ef1uq8d,sadness,joy,0.059102487,0.005033364,0.003255054,0.72419924,0.07457106,0.13383877
ef1v8k3,joy,joy,0.0015608063,0.0006016865,0.0006121148,0.9926621,0.001462958,0.0031004583
ef1vdgk,anger,anger,0.8605351,0.00891311,0.0040921844,0.039738007,0.06075689,0.025964746
ef1w511,joy,joy,0.0010124955,0.00070207653,0.00075403607,0.9941993,0.0007344582,0.0025976524
ef1xszg,anger,anger,0.97032243,0.013263336,0.0017436104,0.0050024716,0.00624251,0.0034255867
ef1y8ui,anger,anger,0.9560357,0.027259251,0.004208505,0.0048409277,0.005078641,0.0025769772
ef1z2v4,anger,anger,0.9684628,0.013908117,0.0022925895,0.005739484,0.005038685,0.00455825
ef1zg87,joy,joy,0.002094175,0.0008074753,0.00091697235,0.9910492,0.0012083914,0.003923806
ef20jim,joy,joy,0.0013502943,0.0006687987,0.0008480265,0.9923388,0.0028411346,0.0019530416
ef21qdr,joy,joy,0.0018560853,0.00091278035,0.0012391048,0.9718767,0.0014871611,0.022628138
ef21tmj,joy,joy,0.0014347172,0.000737368,0.00054608576,0.9949372,0.0007184202,0.0016261602
ef2264s,joy,joy,0.0016497938,0.00062683696,0.0005263713,0.9947443,0.0010349847,0.0014177125
ef22fuy,joy,joy,0.0022310254,0.0006240397,0.0007799113,0.9928443,0.0014234327,0.0020973452
ef22xs3,joy,joy,0.0013604193,0.00063386426,0.0005847896,0.9944336,0.00083581195,0.002151603
ef236we,joy,joy,0.003024812,0.00070681993,0.0006329099,0.9926887,0.0009404294,0.0020062637
ef245tb,surprise,surprise,0.0045569832,0.0019539536,0.0032996654,0.012464328,0.0045821327,0.9731429
ef2611y,joy,joy,0.0024757336,0.00081166154,0.0008903237,0.9845212,0.00082924083,0.01047184
ef2694a,sadness,sadness,0.015434944,0.0076448205,0.013486737,0.016388714,0.935855,0.0111899385
ef26hns,joy,joy,0.0034513362,0.0011928334,0.0029991735,0.9752016,0.005215041,0.011940013
ef27377,joy,joy,0.0017532088,0.0006006662,0.0004502647,0.9946089,0.0010347965,0.0015521413
ef282hb,joy,joy,0.0019477975,0.0008480881,0.0017590576,0.98161304,0.010370584,0.0034614254
ef284g2,joy,joy,0.00171207,0.0005412351,0.0005377057,0.9905466,0.0015461438,0.0051163053
ef2b3ev,joy,joy,0.003204802,0.0005989862,0.00044412937,0.9922775,0.00093187264,0.0025426368
ef2b4tm,joy,joy,0.0012322948,0.0006326756,0.0004888458,0.9948749,0.00087744114,0.0018938058
ef2b63d,joy,joy,0.0012524384,0.00054987223,0.0005835546,0.994125,0.0018908964,0.0015982384
ef2bj7q,anger,sadness,0.24336264,0.022266075,0.0094114235,0.03373647,0.680033,0.011190324
ef2cx6f,joy,joy,0.0028753055,0.0006701201,0.0007658554,0.98753417,0.0018038017,0.0063507236
ef2ddbx,joy,joy,0.0010080602,0.0005426583,0.00061789725,0.993418,0.0020658087,0.0023476467
ef2epu3,joy,anger,0.63683826,0.19359908,0.080360204,0.042244684,0.034438994,0.012518801
ef2f4rk,anger,sadness,0.092061296,0.042994395,0.0168713,0.07571868,0.6755796,0.09677478
ef2hgwa,joy,joy,0.0013615607,0.00084101554,0.0014085924,0.99179006,0.0015630986,0.0030356254
ef2jb8m,joy,joy,0.026995933,0.003020324,0.0044078277,0.7939938,0.012149373,0.15943281
ef2jec1,joy,joy,0.013493607,0.0011694353,0.00080984185,0.9770156,0.0036265631,0.0038850007
ef2jexa,joy,joy,0.0011177283,0.0006114981,0.000672024,0.9949529,0.0008126851,0.0018330874
ef2k6aw,joy,joy,0.0027031214,0.00081914454,0.0005057308,0.9930549,0.0009154093,0.0020016935
ef2mpzn,anger,anger,0.906283,0.066619456,0.0066685947,0.005104074,0.011944866,0.0033800658
ef2n7yk,anger,anger,0.89189154,0.05327279,0.015487705,0.022827316,0.011807797,0.0047129653
ef2nn9m,joy,joy,0.001641451,0.0005437802,0.0004942299,0.99399805,0.0009069009,0.0024155981
ef2o4ur,joy,joy,0.047118835,0.00616847,0.013418243,0.7242695,0.14219834,0.066826634
ef2p0zx,joy,joy,0.0013667505,0.0007753751,0.00059888687,0.9946063,0.0008684397,0.0017841756
ef2qo4t,anger,anger,0.688718,0.17086528,0.010747316,0.007539061,0.1164452,0.00568517
ef2qqcl,anger,sadness,0.14857228,0.037848502,0.052668765,0.013342253,0.7011758,0.046392314
ef2rdrz,joy,joy,0.0028162985,0.0007723468,0.000768554,0.99208003,0.0012984868,0.0022643073
ef2rfaw,sadness,sadness,0.007476358,0.0060640336,0.011957896,0.021352805,0.94664866,0.006500242
ef2tb8h,joy,joy,0.0015906596,0.000541198,0.0005648827,0.993497,0.0008860762,0.0029201123
ef2u2is,joy,joy,0.0017313393,0.0006462392,0.00050427386,0.9946523,0.00081154204,0.0016543226
ef2w083,joy,joy,0.0034479622,0.0007375268,0.0005868348,0.9886896,0.0045435936,0.00199454
ef2y2pf,joy,joy,0.0026107372,0.00076396775,0.00046627942,0.99201435,0.00088452094,0.0032601568
ef2zhe7,joy,joy,0.0015078,0.0004941203,0.0006447248,0.9933375,0.001166826,0.0028491502
ef2zv8n,anger,sadness,0.018805437,0.17979734,0.25176725,0.0095981825,0.52682656,0.013205308
ef335nm,joy,joy,0.0012580145,0.00079160515,0.00090079947,0.99289775,0.00081769825,0.0033341364
ef33bmr,anger,joy,0.3113797,0.0058476436,0.004591746,0.6173145,0.018807145,0.04205925
ef33st6,surprise,surprise,0.0069545875,0.0019828125,0.0024227027,0.014653874,0.0059092683,0.96807665
ef354sl,joy,sadness,0.046781294,0.0275454,0.020065729,0.0140297655,0.87961715,0.011960642
ef3768o,joy,joy,0.0010850173,0.00055636314,0.0006146089,0.9939096,0.0012009086,0.002633431
ef38dvr,joy,joy,0.0023672099,0.0007463956,0.0004182422,0.99103737,0.00089970866,0.00453112
ef39gwn,surprise,surprise,0.017810648,0.0032555573,0.0035264909,0.009876457,0.007669667,0.95786124
ef39z07,anger,anger,0.94388205,0.013790572,0.0046298523,0.011037525,0.012095586,0.01456442
ef3a1zc,disgust,joy,0.31238335,0.12317879,0.07034396,0.31936553,0.15067068,0.024057705
ef3bvby,joy,joy,0.38996717,0.010568248,0.007800173,0.4552592,0.10145011,0.034955006
ef3d3hj,anger,anger,0.55349463,0.24415262,0.008559466,0.016451031,0.1616534,0.015688853
ef3dwfh,joy,joy,0.002558876,0.0007606529,0.0005761951,0.9920459,0.0009870173,0.0030713233
ef3esrz,surprise,surprise,0.006071969,0.0023408188,0.0028207405,0.014954348,0.0053907083,0.96842134
ef3eve3,joy,joy,0.0015222657,0.0007050716,0.000539514,0.99478275,0.00089630176,0.0015540961
ef3ft07,joy,joy,0.056516916,0.0040659164,0.003528535,0.70738614,0.006652189,0.22185026
ef3hqcr,anger,anger,0.94661194,0.012044298,0.0018573785,0.018362276,0.01436167,0.0067623914
ef3ktz6,surprise,surprise,0.0067949775,0.003433555,0.005439716,0.084127285,0.0063242936,0.8938801
ef3kxgh,surprise,surprise,0.08821729,0.005669314,0.010742263,0.27475178,0.10382735,0.51679194
ef3lnf7,anger,joy,0.06556145,0.007291138,0.014148159,0.7225015,0.15494291,0.03555478
ef3ly3m,joy,joy,0.0013031913,0.0005610117,0.00059272273,0.9949805,0.0009430038,0.0016194853
ef3m0kl,joy,joy,0.001929036,0.0008323487,0.0005129439,0.9934696,0.00079254544,0.0024634446
ef3m47m,joy,joy,0.0013530422,0.00060666556,0.0004975367,0.99466646,0.0008634632,0.0020128505
ef3mnfz,joy,joy,0.003693548,0.0020568368,0.0026090562,0.86884606,0.003124095,0.11967034
ef3ph1e,joy,joy,0.0014492893,0.0006877505,0.0005860415,0.9944343,0.00061667495,0.0022260265
ef3swyx,joy,joy,0.004121508,0.0010559374,0.00080540555,0.99049956,0.0014140194,0.0021036144
ef3trkm,sadness,sadness,0.007335998,0.0063542533,0.009557822,0.013623403,0.9542913,0.008837235
ef3xe9e,surprise,surprise,0.01755543,0.0035918965,0.0026532789,0.014462932,0.006772284,0.9549642
ef3xkza,anger,joy,0.11928914,0.0031649251,0.003144668,0.8410129,0.00556924,0.027819114
ef3yo19,anger,anger,0.9422799,0.037949026,0.005936727,0.0048414287,0.005969772,0.0030231632
ef43gz5,joy,joy,0.0104279285,0.0026669248,0.0029532765,0.816828,0.005313964,0.16180992
ef43ix0,joy,joy,0.0018793682,0.00071314373,0.000645141,0.9892748,0.0006956823,0.0067917947
ef43xum,joy,joy,0.0010290483,0.00064693287,0.000595716,0.99494344,0.0008573452,0.0019275262
ef464sd,surprise,surprise,0.00814528,0.0025449174,0.0029953641,0.03061792,0.005657063,0.9500393
ef4756f,joy,joy,0.0011762684,0.0006106761,0.0005336048,0.99501413,0.0007509342,0.0019143425
ef47otl,surprise,surprise,0.11701208,0.025984736,0.029802402,0.007722212,0.04471455,0.77476394
ef48ooz,sadness,surprise,0.09479219,0.021704312,0.014115577,0.022178942,0.11352387,0.7336851
ef49a7u,sadness,sadness,0.11550266,0.07431125,0.056697395,0.03886703,0.6870312,0.027590396
ef49beq,joy,joy,0.0010994605,0.0005415026,0.00053176354,0.995154,0.00094077643,0.0017324465
ef4a8jm,sadness,anger,0.67420065,0.010881436,0.0052930326,0.048977543,0.06992902,0.19071828
ef4aebu,joy,joy,0.0012191657,0.0007259395,0.0006935765,0.99445325,0.00075500016,0.0021530774
ef4ao4f,surprise,surprise,0.008026716,0.0025707888,0.00549009,0.012045196,0.0069272523,0.96493995
ef4byo4,anger,anger,0.96195817,0.01987494,0.0025538283,0.0077114305,0.005030547,0.0028711946
ef4epvn,sadness,joy,0.05100447,0.0044676545,0.004148688,0.921772,0.011114525,0.007492613
ef4f75t,joy,joy,0.0014786939,0.0010605352,0.0009990865,0.9914908,0.000809274,0.004161718
ef4ffcr,joy,joy,0.001927705,0.00067955465,0.0006194288,0.99182266,0.000845039,0.0041055917
ef4g6zx,sadness,sadness,0.015804712,0.016516222,0.014649793,0.022743087,0.8976298,0.03265631
ef4gecy,joy,joy,0.0012211947,0.00062353193,0.00053712487,0.9945003,0.00085214933,0.0022657947
ef4h1hd,anger,anger,0.906225,0.006154489,0.0024747893,0.034442008,0.025688685,0.02501504
ef4hcnj,anger,anger,0.9571585,0.009739826,0.0019003489,0.016934736,0.008637608,0.005628886
ef4hm29,joy,joy,0.002019232,0.00057564216,0.00067425973,0.9890238,0.0021519144,0.005555184
ef4i70v,joy,sadness,0.014430394,0.0060832915,0.009626028,0.19620061,0.7631111,0.010548604
ef4ivfd,surprise,surprise,0.022027375,0.005539004,0.004666636,0.0053373394,0.00682194,0.95560765
ef4j6kw,anger,sadness,0.052935645,0.029924307,0.00899581,0.012866187,0.890063,0.0052150735
ef4jbaj,joy,joy,0.001544669,0.00049998687,0.0005325932,0.993133,0.0018777621,0.002411921
ef4k1i7,joy,joy,0.0013687469,0.000606379,0.00050034095,0.9944863,0.0013943015,0.0016439434
ef4k3fl,joy,surprise,0.14760393,0.007077917,0.0065213065,0.16927718,0.01222662,0.6572931
ef4kgxw,joy,joy,0.0010803355,0.0006199276,0.00057777023,0.9950264,0.0012509895,0.0014445483
ef4kl86,joy,joy,0.0017582338,0.00086160074,0.00064438785,0.99426043,0.0008169337,0.0016584253
ef4kltv,surprise,surprise,0.008775764,0.0025212436,0.0033178707,0.005150164,0.006885499,0.97334933
ef4lbs9,joy,joy,0.0013082913,0.0008403366,0.0008240654,0.99298084,0.0011184594,0.002927992
ef4m1ay,joy,joy,0.0015870403,0.0008106678,0.00066286995,0.99342114,0.0012418326,0.002276488
ef4n2o4,joy,joy,0.001320065,0.0005042324,0.00067253876,0.9939466,0.0014258104,0.0021308337
ef4n85u,joy,joy,0.0046597417,0.0009415366,0.0026437996,0.96860224,0.004484466,0.01866824
ef4nfkp,joy,anger,0.954745,0.007567621,0.0035926888,0.023235885,0.0061587086,0.004700143
ef4nhzn,joy,joy,0.0034150155,0.00064609456,0.0010905233,0.9893166,0.001999579,0.0035322057
ef4nswg,disgust,joy,0.0017790435,0.00083691475,0.0008798005,0.99236876,0.00105028,0.003085164
ef4oqyd,surprise,surprise,0.020581855,0.006551628,0.004377172,0.28722426,0.006599,0.6746661
ef4oza4,joy,joy,0.0011782632,0.0005924216,0.0006342501,0.9943896,0.001089864,0.0021156585
ef4prtc,joy,joy,0.0060001705,0.0008059587,0.0013646989,0.98301965,0.001803886,0.0070056375
ef4q0jl,joy,joy,0.034734875,0.0026226342,0.002811523,0.9413267,0.010590582,0.007913753
ef4qayy,joy,joy,0.0042252894,0.00087211485,0.00061573385,0.9911281,0.0011428628,0.002015871
ef4qfdc,joy,joy,0.0031014197,0.0007350447,0.0006125346,0.9916534,0.0008327364,0.0030649947
ef4r56x,joy,joy,0.0014844998,0.0005658256,0.000580467,0.99341536,0.0012086929,0.002745255
ef4rk55,joy,joy,0.009095741,0.0014113517,0.0011071838,0.9523218,0.0030887832,0.032975074
ef4sg7c,anger,anger,0.68176836,0.0494274,0.047432452,0.03203381,0.17637713,0.012960856
ef4spux,sadness,sadness,0.039645646,0.02450759,0.041059386,0.025926098,0.8444373,0.024424106
ef4svbf,joy,joy,0.00086039375,0.0006032059,0.0007218173,0.994545,0.0009736637,0.0022958915
ef4u1z2,anger,anger,0.96502453,0.011651013,0.001992643,0.012754642,0.0056445757,0.002932618
ef4ufos,surprise,surprise,0.108614385,0.009947072,0.007991744,0.031386416,0.07909396,0.76296645
ef4uul9,surprise,surprise,0.005538631,0.0025458161,0.00391244,0.0055602156,0.0056584217,0.9767845
ef4v15y,anger,anger,0.8733191,0.058594763,0.004637501,0.008219441,0.04903121,0.006198062
ef4ws0w,surprise,joy,0.008561676,0.0042084754,0.026608013,0.7677771,0.15491773,0.037927095
ef4x5ph,joy,joy,0.001250586,0.0006411881,0.0006191348,0.994833,0.0012747549,0.0013812797
ef4xjux,joy,joy,0.009426744,0.003650366,0.004786378,0.97066844,0.008242435,0.0032256176
ef4xo3u,joy,joy,0.0014464383,0.00080164947,0.00077796436,0.99180764,0.0012245777,0.0039417027
ef4z0ix,anger,anger,0.5619781,0.038490918,0.10417436,0.11938446,0.083698064,0.09227412
ef50ddj,joy,joy,0.0010980226,0.0006936918,0.0006537577,0.994896,0.0007344334,0.0019240082
ef51739,joy,joy,0.0037620503,0.0008128951,0.0006992097,0.9910942,0.001043163,0.0025886293
ef51s92,anger,surprise,0.36499617,0.009410749,0.005152664,0.041071646,0.04152666,0.53784215
ef520o7,sadness,sadness,0.08465468,0.04707447,0.037720364,0.02047497,0.8015488,0.008526715
ef52esr,joy,joy,0.0022470139,0.0008229781,0.0010994604,0.99068624,0.0022519932,0.002892251
ef535zc,joy,joy,0.00162431,0.0005186173,0.0006148058,0.9924475,0.0015433659,0.003251431
ef53cq6,anger,anger,0.9586126,0.016110618,0.0016124382,0.007829522,0.012959531,0.0028752452
ef53k00,surprise,surprise,0.010199653,0.0028406759,0.005677614,0.010374037,0.0085948445,0.96231306
ef54cd2,joy,joy,0.0010981872,0.0006869963,0.0006213717,0.9941791,0.000726517,0.0026877953
ef54otk,sadness,sadness,0.020399332,0.02101179,0.01341919,0.0047323247,0.93204963,0.00838767
ef55zbf,disgust,fear,0.21412109,0.21524128,0.31217793,0.007782749,0.22671331,0.023963623
ef56vdl,sadness,sadness,0.034085955,0.009904114,0.018213075,0.021516047,0.900432,0.01584872
ef57uwb,joy,joy,0.0012259748,0.00063218514,0.0005455135,0.9936606,0.0009021272,0.003033599
ef58mf9,joy,joy,0.2200583,0.007705354,0.012855238,0.5838882,0.15397164,0.021521237
ef5982c,joy,joy,0.0012767529,0.0007627051,0.0006611909,0.99395144,0.00072547415,0.0026225518
ef59p5c,anger,anger,0.9616632,0.01711941,0.0040178485,0.0087836245,0.0053124847,0.0031034087
ef5abni,surprise,anger,0.760685,0.11092577,0.052497152,0.006693301,0.025250895,0.043947898
ef5atuh,joy,joy,0.0011768624,0.0006598899,0.00077760266,0.99332494,0.0011174398,0.002943329
ef5bh7s,joy,joy,0.0017158011,0.00067715754,0.00047311146,0.9945797,0.00079414103,0.0017601642
ef5bqzb,joy,joy,0.005820498,0.0007738816,0.0013636193,0.98336476,0.003311892,0.0053653573
ef5cueg,surprise,surprise,0.082794525,0.0117907,0.026431734,0.059034526,0.124312416,0.6956361
ef5cyie,anger,anger,0.95370036,0.016698929,0.003494466,0.008518464,0.011554536,0.00603323
ef5dcm0,anger,anger,0.97,0.0116879875,0.0019756912,0.007506538,0.004655745,0.004173995
ef5djm0,joy,joy,0.0012893401,0.00063042797,0.0006290394,0.99463177,0.00073057937,0.0020888587
ef5dv7t,joy,joy,0.0031972702,0.00085891027,0.000773638,0.99209094,0.0010176012,0.00206166
ef5f7p1,joy,joy,0.0017435445,0.00061705353,0.0007523204,0.9932979,0.00090338336,0.0026859199
ef5fh24,surprise,surprise,0.005897962,0.002648126,0.0036277408,0.0075171944,0.005871957,0.97443706
ef5g42t,anger,anger,0.971667,0.009294791,0.0015596715,0.009019528,0.004871678,0.0035873933
ef5glbc,joy,joy,0.0018793192,0.0006932611,0.00041920345,0.9931791,0.0007685269,0.0030605518
ef5gppz,anger,joy,0.03502615,0.0025114107,0.0020257856,0.92091,0.0029964778,0.0365301
ef5h9as,joy,joy,0.0019094921,0.0013703262,0.0012718359,0.9751677,0.0012625534,0.019018129
ef5i1rn,joy,joy,0.02527436,0.0019842014,0.0019119876,0.96212554,0.0038574475,0.00484637
ef5kdg9,sadness,sadness,0.034967348,0.009781524,0.008837113,0.12840842,0.8079495,0.010056109
ef5kgpl,joy,joy,0.0011552484,0.0006908551,0.0006019909,0.99253476,0.00079175964,0.0042254794
ef5lr64,joy,joy,0.0011160226,0.0005990542,0.0005798922,0.99486476,0.0007806251,0.0020596015
ef5lzzm,joy,joy,0.0024166037,0.0008030249,0.00064003805,0.9928474,0.0008852012,0.0024077129
ef5pjqw,joy,joy,0.0065656547,0.0014446714,0.0018277132,0.9538042,0.0020193045,0.034338523
ef5s4hz,joy,joy,0.0015737738,0.00069708365,0.0005391427,0.9947791,0.0006964617,0.0017144496
ef5ti2e,surprise,surprise,0.0071019316,0.0026016934,0.0049223304,0.0064151343,0.010180182,0.9687788
ef5tna3,anger,surprise,0.031878438,0.0031269584,0.00433242,0.19169416,0.008595524,0.7603725
ef5uhgz,joy,joy,0.0014963283,0.0007395638,0.0007022064,0.99335855,0.0006589507,0.0030443592
ef5w7n3,anger,joy,0.054595448,0.0024561344,0.0034593772,0.85240746,0.016518138,0.07056351
ef5wj8u,surprise,sadness,0.25513163,0.028208423,0.029783586,0.03947498,0.57422245,0.073178895
ef5wqa4,joy,joy,0.0049443096,0.0011002396,0.0016008933,0.98338956,0.0030046995,0.0059602116
ef5x6k7,anger,anger,0.965011,0.018216448,0.0023488016,0.005981056,0.0057363845,0.0027063084
ef5y02s,joy,anger,0.73473877,0.07868358,0.011007132,0.009527578,0.13254796,0.033495035
ef5zkc0,joy,joy,0.14772637,0.005167359,0.0028636605,0.801701,0.00703893,0.035502743
ef5zl3r,fear,fear,0.021950414,0.036175776,0.7857217,0.015331939,0.10724106,0.03357911
ef5zrqm,joy,joy,0.0010335313,0.00059478934,0.0006951657,0.99455416,0.0007981211,0.0023241471
ef603jl,surprise,surprise,0.016221382,0.0039894055,0.0029626256,0.4008237,0.010495829,0.56550705
ef60h3p,anger,anger,0.9455539,0.0082966825,0.0036524953,0.01874037,0.006587487,0.017169006
ef6331h,anger,surprise,0.14852464,0.01001913,0.0051543405,0.008522305,0.016880205,0.8108994
ef635h2,anger,anger,0.9146323,0.0071265944,0.0019390455,0.031296406,0.014562195,0.030443408
ef63mmb,joy,joy,0.003542095,0.000819662,0.0009560565,0.98676306,0.0023792565,0.00553981
ef63y5c,surprise,anger,0.46439806,0.03433517,0.015668929,0.01231461,0.06621035,0.40707284
ef64nmj,joy,joy,0.0022358866,0.0007056475,0.0008738845,0.9923883,0.00087981747,0.0029164408
ef64o7c,joy,joy,0.001370672,0.00063491147,0.0004984834,0.99496377,0.00084860454,0.0016835174
ef66msj,joy,joy,0.0019933737,0.0007989289,0.0010289695,0.9829632,0.0015066977,0.011708855
ef66r3r,joy,joy,0.0018228919,0.00091145345,0.0012584152,0.9905379,0.002004187,0.0034650886
ef66uoj,joy,joy,0.0009844077,0.00062784227,0.0006478895,0.99404424,0.0014550242,0.0022406054
ef67tyv,anger,anger,0.86020464,0.0114258295,0.0035463313,0.062444024,0.056140628,0.006238612
ef67zpf,disgust,sadness,0.12310824,0.06819291,0.10952445,0.03179039,0.6065492,0.060834754
ef68ii6,joy,joy,0.022416834,0.0017511415,0.00086484157,0.9345155,0.009929055,0.03052261
ef697gw,surprise,surprise,0.010156296,0.002513838,0.0030944718,0.0062915157,0.005485616,0.9724582
ef697ud,joy,joy,0.0017017459,0.0006190354,0.0007981573,0.98909175,0.0015067499,0.006282545
ef6aj01,joy,joy,0.01565372,0.013717239,0.2554407,0.4784982,0.056881778,0.17980836
ef6cxbc,surprise,anger,0.82945955,0.048062854,0.009977834,0.004778249,0.08350726,0.024214216
ef6d68c,surprise,surprise,0.018954836,0.0034523932,0.003520692,0.009396636,0.009567697,0.95510775
ef6dg2i,anger,anger,0.96864545,0.012941552,0.0022150057,0.009205184,0.0046177586,0.00237519
ef6dy24,fear,fear,0.01753368,0.034346152,0.75568694,0.011713856,0.12550923,0.05521014
ef6fws0,anger,anger,0.44521767,0.22471829,0.07950865,0.018751316,0.10367375,0.12813033
ef6goma,joy,joy,0.015087644,0.00503096,0.003550083,0.575758,0.007800286,0.3927731
ef6grze,joy,joy,0.0025425046,0.00067584764,0.0005020969,0.99363023,0.00097040215,0.0016789935
ef6hppu,joy,joy,0.0015046259,0.00067001046,0.0004693784,0.99425054,0.00071459025,0.0023908366
ef6i5u5,joy,joy,0.009676898,0.0012039763,0.0023809876,0.96364284,0.018642114,0.00445319
ef6ie3z,surprise,surprise,0.04475776,0.020498876,0.013620581,0.022527598,0.15372074,0.74487436
ef6igxx,anger,anger,0.73616123,0.011520266,0.007556057,0.15091199,0.079533905,0.014316533
ef6kbsk,anger,anger,0.6478451,0.01682079,0.008625467,0.20765713,0.10115598,0.017895535
ef6kha2,anger,joy,0.044113643,0.004597555,0.0040770127,0.76324785,0.1714436,0.012520337
ef6kmd1,joy,joy,0.001038698,0.0005615082,0.00065034284,0.9951461,0.0008587179,0.0017446836
ef6kojd,joy,joy,0.0017131661,0.0007326503,0.00069745723,0.9940619,0.00080407853,0.00199074
ef6ldaq,anger,anger,0.8106906,0.019069688,0.007188772,0.025543313,0.08483926,0.05266837
ef6lf2z,sadness,surprise,0.18994926,0.025689451,0.10659002,0.05031995,0.05594653,0.5715047
ef6ln2q,surprise,sadness,0.36547253,0.018662589,0.025303662,0.07936066,0.3772882,0.13391235
ef6mb8l,joy,joy,0.003145675,0.001223771,0.000899567,0.9920793,0.00087032176,0.0017813669
ef6mmmw,surprise,surprise,0.019856822,0.0037851797,0.0032402135,0.0070413835,0.0102835195,0.9557929
ef6oa94,anger,anger,0.80892664,0.011918305,0.0076350328,0.13899314,0.02285754,0.009669349
ef6ocrw,surprise,anger,0.83999133,0.043004528,0.007825023,0.026452562,0.07664774,0.006078795
ef6omhu,sadness,sadness,0.006625328,0.0068281204,0.0105661135,0.010413974,0.95935094,0.006215467
ef6ow0f,joy,surprise,0.0135978125,0.0023945344,0.0033276456,0.09888431,0.009662185,0.8721335
ef6p6dd,joy,joy,0.0019718367,0.00064410566,0.00046620297,0.9944441,0.0007806307,0.0016931929
ef6pl5j,joy,joy,0.001212882,0.0006029751,0.00053232565,0.99416924,0.0007849326,0.0026975987
ef6q4f1,joy,joy,0.0023739438,0.00059609325,0.0004617216,0.9929612,0.0010675862,0.002539441
ef6qg8r,joy,joy,0.0018418181,0.00074080337,0.000632109,0.99355423,0.0008126645,0.002418388
ef6siyu,joy,joy,0.0025966365,0.0006898131,0.0005326001,0.99274856,0.0010058223,0.0024265798
ef6so8k,joy,joy,0.0013359806,0.00065282854,0.000546811,0.9942426,0.00073663326,0.0024850767
ef6t8vg,joy,joy,0.008440666,0.0009782705,0.00084457995,0.9807849,0.0015746916,0.007376874
ef6tx23,anger,joy,0.025638591,0.0030164325,0.0044646906,0.9324367,0.028407361,0.0060362113
ef6u3t1,joy,joy,0.0014537731,0.0006811784,0.00053514,0.99469334,0.0007747396,0.0018618689
ef6v865,anger,anger,0.9544883,0.00707438,0.0017233882,0.01903718,0.009512165,0.008164598
ef6vntw,anger,sadness,0.017714795,0.023297446,0.06332319,0.011196929,0.87447494,0.009992705
ef6wim2,joy,joy,0.0018475478,0.00064303115,0.00051818724,0.9939612,0.0007995172,0.0022306307
ef6wqrp,surprise,joy,0.0033012538,0.00061403075,0.0005475667,0.9894071,0.00092102116,0.005208983
ef6wxil,joy,joy,0.003164477,0.0006897436,0.0006848807,0.99126023,0.0012348851,0.002965737
ef6x0da,joy,joy,0.0037922547,0.0006760145,0.00072893384,0.9729499,0.0044517834,0.017401155
ef6xgj9,anger,anger,0.6685289,0.094627336,0.04358964,0.040250268,0.14422381,0.008780006
ef6xvgp,surprise,surprise,0.01760371,0.0029300041,0.0027252128,0.010650731,0.0051415865,0.96094877
ef6xwp8,surprise,surprise,0.016586967,0.0028268613,0.0038190682,0.02750373,0.009895826,0.9393676
ef6yq2q,surprise,sadness,0.010426866,0.009718491,0.007964459,0.007969546,0.95825225,0.005668378
ef6zbv1,surprise,surprise,0.013754949,0.0035996095,0.0032574579,0.008885188,0.0061034537,0.96439934
ef6zmoz,joy,joy,0.00197006,0.00068696245,0.0005505611,0.9945312,0.0008873484,0.0013739333
ef71oli,sadness,anger,0.8135976,0.0086272815,0.002977626,0.11634284,0.014507043,0.043947563
ef72m0a,anger,disgust,0.10793344,0.5543175,0.12884083,0.008845997,0.19099863,0.009063615
ef72y94,surprise,joy,0.05848864,0.0037267013,0.006802493,0.72676235,0.09332833,0.11089146
ef73999,anger,anger,0.89835787,0.010127922,0.005702348,0.047414728,0.026495468,0.01190166
ef74g5u,anger,anger,0.9620994,0.019501733,0.0022640664,0.0066876137,0.0063686986,0.003078502
ef74nul,joy,joy,0.0013114742,0.00074807403,0.0012756974,0.9906843,0.0009136577,0.005066861
ef751gu,anger,anger,0.95581794,0.006401123,0.0017659855,0.022144372,0.0064199893,0.0074506677
ef75ws9,joy,surprise,0.026018612,0.006077318,0.010040393,0.06373559,0.0101954965,0.8839326
ef766at,surprise,surprise,0.013518804,0.0027467932,0.0027670984,0.017557822,0.0057945945,0.9576148
ef76egq,joy,joy,0.012219973,0.0029306111,0.0018855779,0.8500588,0.004683617,0.12822138
ef7715h,joy,joy,0.002001376,0.0006671765,0.00067800365,0.99232316,0.0010535492,0.0032767172
ef771l0,surprise,surprise,0.021386333,0.003672038,0.003001651,0.055815585,0.006766812,0.9093575
ef77nhl,surprise,surprise,0.005869755,0.002824286,0.0062530786,0.0062022987,0.008754722,0.970096
ef77s5d,joy,joy,0.0010801591,0.0005906012,0.000515993,0.9948867,0.001103672,0.0018229329
ef797aa,joy,joy,0.012977065,0.0020048355,0.0018073461,0.88293236,0.0030413615,0.09723701
ef79gzm,surprise,surprise,0.008070795,0.0041127307,0.0063060634,0.35576364,0.0064551025,0.61929166
ef7a0nf,joy,joy,0.0027867586,0.0007906983,0.000553707,0.99015945,0.0020476782,0.0036617753
ef7bqqt,joy,joy,0.0017347826,0.00060603925,0.000505904,0.9940613,0.00104952,0.0020424481
ef7cgjr,joy,joy,0.0034345882,0.00059298705,0.00054825004,0.9900774,0.0018077188,0.0035390493
ef7d0ri,joy,joy,0.022786729,0.0024887484,0.0014734248,0.96589535,0.0023671524,0.0049885814
ef7dfoc,joy,joy,0.0016098886,0.000901887,0.0014891067,0.9870331,0.006594465,0.002371533
ef7ez24,joy,joy,0.0015010359,0.000621313,0.0004370808,0.9940042,0.0010372181,0.0023992662
ef7ffi6,anger,anger,0.9587733,0.025661841,0.0032958367,0.004495208,0.004597692,0.0031760521
ef7fupo,joy,joy,0.0017488356,0.00057485345,0.0004451954,0.9940561,0.0011017672,0.0020732959
ef7gig7,joy,joy,0.0032839174,0.0011998869,0.000960013,0.9842733,0.0014107536,0.0088721225
ef7gkfi,joy,joy,0.0015602746,0.0006201557,0.0007172778,0.98842514,0.001428832,0.0072482983
ef7gkwc,joy,joy,0.0017748562,0.0010137314,0.0008741861,0.9929638,0.0009139571,0.0024594388
ef7gtff,sadness,sadness,0.067822464,0.022800414,0.007546437,0.037224345,0.8603746,0.0042316765
ef7i1bf,surprise,surprise,0.011293258,0.0033384815,0.005696447,0.46629035,0.010906609,0.50247484
ef7il0y,sadness,surprise,0.035695594,0.005093271,0.012924659,0.31127098,0.09784292,0.53717256
ef7ilvy,joy,joy,0.005272261,0.00129472,0.0018993438,0.9722021,0.005493062,0.01383843
ef7jiaq,anger,anger,0.6128742,0.09737829,0.15886974,0.024763701,0.045532025,0.060581934
ef7kwn0,anger,anger,0.9331878,0.0069501433,0.0022244945,0.027596356,0.021319414,0.008721865
ef7l726,anger,anger,0.961427,0.010720635,0.0016237701,0.01797075,0.0045902883,0.0036675865
ef7lf0f,joy,joy,0.0023136777,0.0010176655,0.0009220551,0.97196704,0.0013199695,0.022459619
ef7mikd,joy,anger,0.5688878,0.051351003,0.044501364,0.10768286,0.19787563,0.0297013
ef7nnrx,joy,joy,0.0013395196,0.00055437913,0.0005766264,0.9948965,0.0008847846,0.0017483003
ef7o5l3,sadness,joy,0.0072578858,0.0016426232,0.0011261207,0.9307169,0.0073225503,0.051933996
ef7o72y,joy,fear,0.020812972,0.031118603,0.7504762,0.026383715,0.1357005,0.03550799
ef7o9vp,surprise,joy,0.049009547,0.0028873137,0.0029081495,0.7381704,0.009217402,0.19780716
ef7p9rk,joy,joy,0.0013621867,0.00064025674,0.00052738405,0.99490535,0.00089066837,0.0016741669
ef7pef7,anger,surprise,0.008982503,0.0025808874,0.0030114872,0.16797152,0.0071904818,0.81026304
ef7rbgq,anger,joy,0.27185678,0.0053491825,0.00408013,0.58162844,0.08056067,0.056524877
ef7tbrn,anger,joy,0.23294367,0.005485441,0.002264722,0.6420664,0.015556519,0.10168317
ef7th36,joy,joy,0.23254783,0.005340138,0.004754879,0.5113498,0.01960765,0.22639965
ef7twad,joy,joy,0.002629183,0.00069776597,0.00041915113,0.99298745,0.0010266418,0.002239791
ef7udh4,joy,joy,0.0010100128,0.0006886677,0.0009306204,0.9928564,0.0011551551,0.0033592044
ef7uvi2,surprise,surprise,0.007654323,0.0028476438,0.0046103615,0.010891734,0.009124678,0.96487135
ef7v3zm,surprise,surprise,0.09370471,0.016585471,0.014747801,0.0125558255,0.040575437,0.82183075
ef7vgkm,joy,sadness,0.30052656,0.14440756,0.11223765,0.0125439,0.41101712,0.019267282
ef7vn5e,sadness,joy,0.0038670963,0.0019309095,0.008613001,0.9332919,0.04030413,0.011992932
ef7vwhw,sadness,joy,0.015626598,0.0017879095,0.0015553557,0.96576226,0.008002217,0.0072656116
ef7w8xr,joy,joy,0.0024323605,0.00071590935,0.0007419448,0.99102134,0.0032801984,0.001808239
ef7wpji,joy,joy,0.003173365,0.0007720803,0.0006854749,0.98928213,0.0037010424,0.0023858526
ef7x9uj,sadness,sadness,0.18465537,0.17345166,0.011908727,0.011161217,0.5961947,0.022628402
ef7xhbu,joy,joy,0.0014488465,0.00067480083,0.00046115718,0.9948356,0.000817974,0.0017615737
ef7xz32,joy,joy,0.0016370699,0.00084150047,0.0006373699,0.993792,0.00089769677,0.0021944449
ef7ym4f,joy,joy,0.022866834,0.0026856882,0.0011097525,0.9649797,0.0029628512,0.0053951074
ef7yvka,anger,disgust,0.2918892,0.40051764,0.044469703,0.009887328,0.23905212,0.014184069
ef7zjb6,joy,joy,0.0008445363,0.0006823061,0.00076314487,0.9940456,0.0017369271,0.001927367
ef801br,surprise,surprise,0.043215092,0.005876059,0.0055315774,0.0059056347,0.012745312,0.92672634
ef81g1e,disgust,anger,0.93147856,0.047022276,0.004037129,0.0064763012,0.008111706,0.002874051
ef83mgq,joy,joy,0.0050883535,0.0014061612,0.0017102767,0.9082679,0.0029858164,0.08054151
ef848ee,disgust,sadness,0.27570897,0.12615544,0.07027532,0.020984296,0.48018742,0.02668854
ef84uva,joy,joy,0.0011474668,0.00060107314,0.0007527838,0.9938922,0.0010223516,0.0025841543
ef84vfu,anger,anger,0.6667293,0.2695526,0.020922797,0.007705389,0.027496537,0.00759342
ef85rcf,joy,joy,0.0010531056,0.00058570673,0.00066906394,0.9935184,0.0008462094,0.0033274253
ef85zca,joy,joy,0.0011040312,0.00062765373,0.0005701675,0.99514836,0.00083685876,0.0017129512
ef863km,anger,anger,0.63587654,0.008915298,0.0075741922,0.26696074,0.05865387,0.02201937
ef882m1,anger,joy,0.03840256,0.0024749043,0.001756084,0.85356116,0.0061368695,0.09766836
ef89hr8,surprise,surprise,0.008488355,0.0024931775,0.0031862645,0.023205187,0.006087675,0.9565392
ef89o82,joy,joy,0.0012277126,0.00067022745,0.00059522386,0.9944876,0.0009156801,0.0021034805
ef8aasd,joy,joy,0.001105096,0.0005749967,0.0005614622,0.99489814,0.00088912545,0.0019711189
ef8aotu,anger,anger,0.8884636,0.033021078,0.0056197653,0.019959824,0.047606364,0.0053293607
ef8c80l,surprise,surprise,0.025383074,0.0089607,0.031411167,0.044935603,0.23228666,0.6570228
ef8duv6,anger,anger,0.96046215,0.006045315,0.0018569363,0.019073786,0.007977975,0.004583876
ef8foaa,joy,joy,0.010497324,0.0017257076,0.0032198366,0.82341856,0.028816048,0.13232245
ef8fyop,surprise,anger,0.9205012,0.014424237,0.003457876,0.02639351,0.027568124,0.007655109
ef8gkh9,joy,joy,0.0019034795,0.0007597539,0.0007116739,0.99164057,0.00075675047,0.0042277705
ef8hdk6,joy,joy,0.0012281489,0.0005782755,0.00051647535,0.99512947,0.0009853754,0.0015622025
ef8hpis,anger,joy,0.018927015,0.0029154895,0.004108705,0.74994,0.013720312,0.21038848
ef8hsqa,joy,anger,0.35211667,0.008706981,0.0063888156,0.34559822,0.23244156,0.05474771
ef8i6fy,surprise,surprise,0.008145722,0.0026916564,0.0024085185,0.042641148,0.008324117,0.93578875
ef8i7kf,joy,joy,0.0010300674,0.00074971025,0.00069917575,0.9941387,0.00086149276,0.0025208306
ef8iivp,joy,joy,0.0019163596,0.0010237861,0.0006883756,0.9938327,0.00071617524,0.001822561
ef8jcw2,joy,joy,0.028759154,0.0023956774,0.00709313,0.9439247,0.010473024,0.0073543955
ef8jmmu,joy,joy,0.0013561676,0.000530559,0.0005347281,0.9947484,0.0009511024,0.0018790417
ef8k6ie,joy,joy,0.0013941152,0.0007708549,0.00076256617,0.9933122,0.0007567794,0.003003579
ef8ka3k,joy,joy,0.046061367,0.002764047,0.004278756,0.917666,0.023522694,0.0057071703
ef8kjjd,surprise,surprise,0.0087141255,0.0024341026,0.003526509,0.008969896,0.0067362115,0.9696191
ef8kuwr,joy,joy,0.05958863,0.0023398206,0.0029042962,0.9123705,0.0118461605,0.010950612
ef8mikx,joy,joy,0.0014453749,0.00071995065,0.00062781916,0.9946577,0.00090909965,0.0016399991
ef8mv8u,joy,joy,0.0009550327,0.00053962204,0.00061952113,0.99497014,0.0013302265,0.001585493
ef8ofez,sadness,sadness,0.020815302,0.015332982,0.028235206,0.025402406,0.9005882,0.009625907
ef8plhl,joy,joy,0.009257474,0.0020679524,0.00254141,0.8476819,0.003784096,0.13466722
ef8pm2j,joy,joy,0.0015458511,0.0006220522,0.0005259135,0.9940058,0.0008991324,0.0024012548
ef8qi2k,joy,joy,0.01061074,0.003729766,0.007807665,0.5486795,0.0086997645,0.42047256
ef8qxyy,anger,anger,0.86376595,0.06558658,0.0034773748,0.013359316,0.048990477,0.0048203487
ef8s0r6,joy,joy,0.003714528,0.0007841572,0.0006140368,0.9921893,0.0012498309,0.0014482746
ef8s664,joy,joy,0.0057386523,0.0024846871,0.013800942,0.94717306,0.014049058,0.016753623
ef8twe7,joy,joy,0.003083108,0.0006053641,0.0004971319,0.9917462,0.0016858099,0.002382448
ef8v7pm,fear,fear,0.021981703,0.035231434,0.80452055,0.0225938,0.083789125,0.03188333
ef8w0sf,joy,joy,0.0023156458,0.0009283715,0.0013623753,0.9897522,0.0020148037,0.003626685
ef8xde8,anger,anger,0.84264207,0.010058646,0.008313434,0.058357924,0.019726228,0.060901772
ef8xs8r,fear,fear,0.014820355,0.031467997,0.76377815,0.022968223,0.12775153,0.039213814
ef8xsy3,joy,joy,0.0023961589,0.0009885768,0.0007647757,0.99315095,0.0011611388,0.0015383433
ef8ym2z,surprise,surprise,0.0069288113,0.0026338282,0.003714442,0.012827719,0.009189914,0.9647052
ef90wtx,surprise,surprise,0.010983793,0.0037123442,0.0030816544,0.04187287,0.006109345,0.9342401
ef91003,joy,joy,0.0028454398,0.00069158105,0.0006923641,0.9847956,0.001019521,0.00995553
ef912vw,anger,anger,0.55698574,0.0267353,0.04228221,0.048185837,0.03783498,0.28797597
ef91f8z,surprise,anger,0.77253103,0.020393865,0.0089678345,0.05077939,0.13649718,0.010830646
ef91jzy,surprise,surprise,0.0064287796,0.002184136,0.003086942,0.008193174,0.0050195134,0.97508746
ef91kzz,joy,joy,0.0017595548,0.00066942966,0.0004658863,0.994491,0.0007771784,0.001837061
ef92ona,surprise,surprise,0.017291881,0.003470789,0.006023429,0.06611471,0.026219223,0.88088
ef941y4,surprise,surprise,0.007565368,0.0026150325,0.0032796871,0.006815894,0.0059941523,0.97373
ef95cgb,joy,joy,0.0021015527,0.00075168506,0.00065006816,0.9931768,0.00094941235,0.0023704004
ef95v0b,joy,anger,0.6810002,0.0077776816,0.0034241793,0.2810638,0.010119272,0.016614903
ef96cer,sadness,sadness,0.0064228587,0.008316427,0.010915856,0.009797445,0.9562751,0.008272268
ef97j55,joy,joy,0.0017750748,0.00079105416,0.00053417345,0.99417204,0.0008493124,0.0018783782
ef97miw,joy,joy,0.007313063,0.0009408749,0.0010231311,0.9799927,0.007043885,0.0036864313
ef99nlz,surprise,surprise,0.0062938845,0.0022395367,0.0033461219,0.008957556,0.005315674,0.9738472
ef9a1z6,joy,joy,0.0026472597,0.0015349427,0.0091790445,0.9663974,0.012462643,0.0077786436
ef9aezy,joy,joy,0.0026304075,0.0006955075,0.0008907188,0.9806284,0.0041665197,0.010988457
ef9ehm9,anger,anger,0.95352113,0.018147865,0.0018543991,0.010363564,0.013257482,0.002855582
ef9ej9j,joy,joy,0.002754488,0.00084475277,0.00050631247,0.9926087,0.0010303957,0.0022553771
ef9euo9,joy,joy,0.0016173978,0.00055247097,0.00050367165,0.9945944,0.0010108278,0.0017211963
ef9evqj,joy,joy,0.011353638,0.0015229121,0.00092666317,0.9812758,0.0016449293,0.0032761185
ef9fca7,anger,anger,0.79882747,0.085550055,0.004687703,0.025069166,0.07816485,0.007700781
ef9flyx,sadness,sadness,0.011175448,0.008675722,0.009310502,0.012548996,0.9529727,0.005316644
ef9g5bv,anger,anger,0.96700376,0.012492126,0.0017978121,0.009407289,0.0056768493,0.0036220527
ef9gr4v,joy,joy,0.0023385328,0.0007179709,0.00076439197,0.99312854,0.0010659158,0.0019845858
ef9hvx4,surprise,surprise,0.013425591,0.0027546973,0.003133305,0.07477108,0.009836911,0.89607847
ef9j776,joy,joy,0.0010079169,0.0005460204,0.00059548195,0.9948657,0.0013212365,0.0016636817
ef9k0op,sadness,sadness,0.007331302,0.0071143336,0.012073225,0.013869387,0.9535077,0.006103982
ef9m1lc,joy,joy,0.0024976966,0.00076673756,0.0006089829,0.98425853,0.0012926332,0.010575475
ef9my7t,disgust,anger,0.7370359,0.03690753,0.007088857,0.1700621,0.035113662,0.013791945
ef9nmw1,joy,joy,0.009717142,0.0015390663,0.002142479,0.9683992,0.012461683,0.0057403822
ef9obtb,anger,anger,0.9430246,0.026487412,0.0034340315,0.009823083,0.013975903,0.0032549659
ef9ohnm,surprise,anger,0.49669534,0.011828936,0.014235547,0.3133409,0.14426681,0.01963248
ef9ouxa,joy,joy,0.0013207161,0.0006331597,0.0005762099,0.9946701,0.0010191376,0.0017806836
ef9qm7k,joy,joy,0.0011591042,0.0005634837,0.0004727163,0.99499017,0.00091800786,0.0018965675
ef9qzcn,sadness,sadness,0.0092694145,0.008242702,0.009491658,0.011290682,0.9558798,0.005825715
ef9r6un,anger,anger,0.5171092,0.007132286,0.0055909157,0.4347716,0.022642067,0.012753938
ef9s84u,joy,sadness,0.08841978,0.20609371,0.303562,0.039276123,0.3395856,0.023062747
ef9sdbp,joy,joy,0.0014426152,0.0008263958,0.0007478281,0.994083,0.00071672606,0.0021834888
ef9txwa,disgust,surprise,0.01883071,0.003736733,0.005943953,0.31073138,0.009421061,0.6513362
ef9u2jy,sadness,anger,0.8827629,0.037954733,0.0037170418,0.009545029,0.0599138,0.00610652
ef9urao,joy,joy,0.01431965,0.002971413,0.002103862,0.9552536,0.013092816,0.012258746
ef9v6uv,sadness,sadness,0.039875038,0.011270204,0.007013365,0.011070869,0.9221128,0.008657592
ef9vgw2,joy,joy,0.00093807373,0.0006420699,0.0008814884,0.9927684,0.0009051249,0.0038648008
ef9vhwt,joy,joy,0.0013767395,0.0006258268,0.0005770854,0.9945263,0.0011568685,0.0017370993
ef9vxli,joy,joy,0.11453174,0.0030336485,0.0028665473,0.79670304,0.015022159,0.06784288
ef9wngm,surprise,surprise,0.009353166,0.0024281885,0.0037532758,0.019324204,0.009833114,0.9553081
ef9wz7w,joy,joy,0.0016337368,0.00085503573,0.00062352495,0.99387383,0.0011297159,0.0018841667
ef9xt3b,joy,joy,0.0013129537,0.00059737364,0.00052887516,0.9941181,0.0016638272,0.0017788378
ef9z66d,joy,joy,0.0020735005,0.00070342637,0.0005360286,0.993923,0.000858708,0.0019052678
efa01d2,disgust,sadness,0.09074412,0.03691258,0.014831588,0.018930754,0.8334347,0.0051463097
efa35gf,joy,joy,0.0028667953,0.0008387205,0.0008226386,0.9908703,0.00091368775,0.0036877755
efa4bup,joy,joy,0.00149562,0.00061306875,0.0005719055,0.99430263,0.00096017093,0.0020566403
efa4szz,joy,joy,0.001279834,0.00060328684,0.0005158769,0.9942774,0.0013492253,0.001974451
efa4vwq,joy,joy,0.050108198,0.0031089063,0.0034696301,0.5128681,0.01444117,0.416004
efa526u,joy,joy,0.005059247,0.0011894011,0.0013604416,0.98493594,0.0020151152,0.005439903
efa5ht4,anger,anger,0.9631416,0.019024396,0.0031012131,0.004652341,0.0046649585,0.0054155667
efa5sez,joy,joy,0.0018758959,0.0007063274,0.0004576683,0.993933,0.0010541128,0.0019730085
efa78iz,joy,joy,0.0012033293,0.0010517924,0.001490826,0.98980767,0.0015138857,0.0049324827
efa8nn8,joy,joy,0.002427167,0.0008607792,0.0011362886,0.9893119,0.001137106,0.0051268144
efa9b9m,joy,joy,0.0013750306,0.00051414303,0.00055974454,0.99398464,0.0013118869,0.0022545478
efaa36u,joy,joy,0.002044924,0.0007752084,0.00049471733,0.9936645,0.001076914,0.0019438183
efaa6n8,joy,joy,0.0031812163,0.0008624161,0.00082602224,0.98853207,0.0016890256,0.004909224
efaal9z,surprise,fear,0.028564908,0.026921142,0.660773,0.019268915,0.054696284,0.20977572
efaawqx,joy,joy,0.011896399,0.0015234412,0.0015822726,0.9160038,0.0024385033,0.06655555
efacted,surprise,surprise,0.0329328,0.0029449405,0.003686396,0.33262512,0.009377741,0.618433
efacy5s,joy,joy,0.0011749126,0.00066070707,0.00069022103,0.99403447,0.0007862443,0.0026534442
efadtgq,joy,surprise,0.0093832,0.0026944934,0.0057334206,0.47647166,0.010866883,0.49485028
efagwps,joy,joy,0.0010530842,0.0006195942,0.0007602806,0.9940532,0.001232001,0.0022819163
efahxb5,joy,joy,0.0019776227,0.0007329846,0.00047148863,0.99386287,0.0008408826,0.002114168
efahy50,surprise,surprise,0.12666754,0.009128196,0.005167627,0.0124872755,0.017443534,0.82910585
efai481,joy,joy,0.0012269607,0.00084094197,0.00087374775,0.99342465,0.000745534,0.0028881757
efaiwkt,joy,joy,0.0011389953,0.0005909306,0.0005660893,0.994689,0.0012616911,0.0017533234
efaj65w,joy,joy,0.0023975272,0.0011197493,0.0032605992,0.97526574,0.0016609451,0.016295457
efaj94g,joy,surprise,0.005271653,0.002661277,0.007249305,0.11090509,0.010892434,0.8630202
efajev6,anger,joy,0.0833038,0.0048832074,0.007913894,0.73170555,0.024867939,0.14732563
efajqyv,joy,joy,0.0076177544,0.00082511595,0.0012090626,0.97837275,0.0043382617,0.0076370044
efajwtk,joy,joy,0.0018362512,0.00058078597,0.0005446902,0.9919258,0.0012821252,0.003830463
efak617,surprise,surprise,0.008062535,0.003007199,0.004278296,0.0047235605,0.006614592,0.9733138
efaknzb,joy,joy,0.0016110768,0.00070650014,0.0005991507,0.9941121,0.00074888737,0.0022222651
efaksed,joy,joy,0.0009427547,0.0005110291,0.0006238556,0.99496484,0.00089014584,0.002067372
efal2f0,joy,joy,0.0014565936,0.0006226219,0.00069956115,0.9879078,0.004317669,0.0049957563
efalb2c,joy,joy,0.0009530493,0.0006754446,0.00080719416,0.9947771,0.0007369077,0.0020502598
efalm4g,joy,joy,0.0032855235,0.0006993363,0.000593489,0.9845078,0.002294781,0.008619178
efalo7t,sadness,sadness,0.025761226,0.008736777,0.02132457,0.024435585,0.9053718,0.01437018
efalwaw,joy,joy,0.003638162,0.000889214,0.0005233216,0.9913209,0.0019511696,0.0016771614
efamnsp,sadness,sadness,0.006117196,0.00951973,0.018374585,0.013584548,0.9448233,0.00758064
efamvys,surprise,surprise,0.026731443,0.009301326,0.012412173,0.008836958,0.009869844,0.9328483
efankih,joy,joy,0.0025823275,0.00069347676,0.00074309984,0.9843897,0.001004309,0.010587062
efao2wu,joy,joy,0.0014086041,0.00062491087,0.0005582109,0.9946854,0.0009214697,0.0018013632
efaol2v,joy,sadness,0.17499828,0.019168837,0.019480422,0.0806416,0.69165283,0.014058026
efaotyv,joy,joy,0.0011436222,0.0007874035,0.0007808389,0.9944026,0.00068882253,0.0021967683
efap5x1,joy,joy,0.0016207753,0.00051467674,0.00061121676,0.993226,0.001905474,0.0021218907
efapmhk,anger,anger,0.93317795,0.02125642,0.006815517,0.014395222,0.016026586,0.008328222
efapz67,joy,joy,0.0016806412,0.0006322505,0.00044922254,0.99439996,0.0007861956,0.0020517833
efaqorl,sadness,anger,0.651296,0.1000332,0.0071165883,0.007887344,0.22438608,0.0092806835
efaqqbw,joy,sadness,0.008572263,0.0067133517,0.008506762,0.023432907,0.9450151,0.0077596386
efar8th,surprise,joy,0.007304563,0.0025698172,0.0017782968,0.86228955,0.0038162242,0.1222416
efasojw,joy,joy,0.0033893853,0.0006953709,0.00052781595,0.9924777,0.0010687483,0.0018410151
efatcsc,anger,joy,0.007429149,0.0010760473,0.001085901,0.97412497,0.008924617,0.007359331
efau5j8,anger,anger,0.8950476,0.02328367,0.0063791024,0.010314774,0.0606415,0.0043333485
efaul5g,surprise,surprise,0.01290332,0.0033036105,0.0032156645,0.13407028,0.0062059383,0.84030116
efaunrh,joy,joy,0.0014882372,0.0007577952,0.00062416267,0.9945298,0.00082846143,0.0017715702
efav27a,joy,joy,0.0026945022,0.00080322736,0.00083491177,0.9923753,0.0011304993,0.0021614418
efav43v,joy,joy,0.0010310004,0.0005963878,0.0006578575,0.9934542,0.0018504661,0.0024100621
efavxb2,sadness,sadness,0.17514896,0.011682605,0.01273086,0.20466568,0.55666095,0.039110914
efawlax,joy,joy,0.002178966,0.00077227695,0.00090027374,0.9918915,0.0012216022,0.0030353789
efawrcx,joy,joy,0.0024727518,0.0005845035,0.0005310079,0.99151856,0.0019190509,0.002974035
efawt35,joy,joy,0.0015650978,0.00056222535,0.0005362012,0.99442554,0.0008425197,0.0020683492
efaylcs,surprise,surprise,0.010610819,0.0026700918,0.0026313849,0.011196389,0.0058291038,0.96706223
efaz22w,joy,joy,0.002084697,0.00060538016,0.0005056161,0.9934064,0.0009169864,0.0024808683
efb3lzj,joy,joy,0.0011771029,0.00060783955,0.00059336075,0.99348104,0.00083933154,0.0033014019
efb5f02,joy,joy,0.0011126391,0.00075590867,0.00067694584,0.9948094,0.0007007556,0.0019443949
efb5m4o,joy,joy,0.0014069058,0.0006139014,0.00047726597,0.99504507,0.0007648183,0.001692
efb9igj,joy,joy,0.0039196736,0.0008419935,0.00042960362,0.99183977,0.0009917475,0.001977188
efb9iqh,joy,joy,0.0015135919,0.0007709916,0.00059169135,0.9942054,0.00089043827,0.0020279707
efb9l2y,joy,joy,0.001624577,0.00060824514,0.0005689867,0.9945897,0.0010500128,0.0015585435
efb9tqs,anger,joy,0.0022807675,0.0008059989,0.0006564878,0.9934423,0.0010604339,0.0017541086
efbandy,anger,joy,0.38925543,0.020493794,0.010581939,0.3956962,0.12771286,0.056259822
efbb4vt,joy,joy,0.0011147299,0.0006014024,0.0006333867,0.99366117,0.0013914531,0.0025977574
efbcxjd,joy,joy,0.0011631218,0.0005931417,0.00056892476,0.9948984,0.00085937977,0.0019170931
efbda2i,surprise,joy,0.013418806,0.0024678474,0.002836179,0.7040989,0.0065761455,0.2706022
efbdwip,joy,joy,0.0009944816,0.0005426399,0.0005560528,0.9949338,0.0008657508,0.0021073697
efbe1tj,surprise,surprise,0.135265,0.038361203,0.04127743,0.05696277,0.058380947,0.6697526
efberzy,anger,anger,0.5545057,0.034661572,0.037151873,0.15843132,0.058153927,0.15709558
efbft4o,joy,joy,0.0035335785,0.0007013869,0.00042030812,0.9925541,0.0012493393,0.0015413282
efbfxwf,joy,joy,0.0014449701,0.00064071966,0.00046490398,0.9944608,0.00087093713,0.0021176308
efbg66b,anger,anger,0.95006466,0.010461928,0.0019860875,0.02028107,0.01212013,0.005086113
efbhg64,anger,anger,0.7372625,0.012530921,0.0039107646,0.034688704,0.062430657,0.14917646
efbi85i,sadness,sadness,0.020576008,0.011670299,0.009579647,0.05587311,0.8935445,0.0087564895
efbiccn,joy,joy,0.004822438,0.0011322333,0.0005940739,0.989764,0.0010708459,0.0026164353
efbjjxn,joy,joy,0.0013351879,0.00068710773,0.0008763164,0.9933565,0.0010915939,0.0026531778
efbkceg,surprise,sadness,0.03285767,0.011583915,0.0072446954,0.04339577,0.89944935,0.005468654
efblc1k,joy,joy,0.0011429059,0.0005895273,0.00055432325,0.99491197,0.0007958699,0.002005387
efbm598,joy,joy,0.2069555,0.05140847,0.02205388,0.6798963,0.029518155,0.010167713
efbmfz1,joy,joy,0.0071139135,0.001014399,0.0013558322,0.98114496,0.00427283,0.0050980314
efbmmd3,joy,anger,0.52831364,0.010538,0.0031254594,0.37072995,0.06727563,0.020017318
efbnehf,sadness,sadness,0.014274329,0.010843038,0.0067050518,0.010546772,0.95209575,0.0055350983
efbnv71,joy,joy,0.0019024452,0.0006987288,0.00047258247,0.99401724,0.001078838,0.0018300663
efbok2g,surprise,surprise,0.17282067,0.0063532954,0.0130303735,0.3392377,0.029918563,0.43863937
efbpqw4,anger,sadness,0.1000326,0.034744736,0.0073175183,0.08256383,0.7675828,0.00775855
efbq1rf,joy,joy,0.0012668507,0.00055183127,0.0004797419,0.9946515,0.00087421667,0.0021759055
efbq35w,joy,joy,0.0016197378,0.0006632282,0.00042469543,0.99469393,0.0008030604,0.0017953571
efbqs2b,joy,joy,0.0013101945,0.0007210686,0.0005384198,0.99481046,0.00073647994,0.001883364
efbqts8,joy,joy,0.0013899682,0.00057135586,0.0004819924,0.99313486,0.000703119,0.0037186234
efbs7tt,anger,anger,0.86238414,0.08068245,0.0055069653,0.011035116,0.035446387,0.00494486
efbtpnr,sadness,sadness,0.14083402,0.011753111,0.012836348,0.09308936,0.68191385,0.05957339
efbtxiv,disgust,surprise,0.3569941,0.03409898,0.05046056,0.06542812,0.04856967,0.44444853
efburaz,joy,joy,0.0012438713,0.00066141126,0.00064811256,0.9941566,0.0009025078,0.0023874086
efbx85x,joy,surprise,0.02798981,0.0052008326,0.009034095,0.049201813,0.059154663,0.8494188
efbxxie,anger,surprise,0.27080598,0.08370966,0.18205084,0.053359803,0.07520392,0.33486977
efby6lo,joy,joy,0.0013577748,0.00057027594,0.000600166,0.99432915,0.0008148682,0.0023277234
efbz6o8,surprise,surprise,0.015555928,0.0024480205,0.0029754755,0.015189627,0.009076891,0.9547541
efbzcor,joy,joy,0.0026199305,0.0007041059,0.0009505842,0.99072146,0.0028679352,0.0021360964
efc02cv,joy,joy,0.0019092034,0.0007051426,0.00046453613,0.9939313,0.00086994556,0.0021199163
efc0a9u,anger,anger,0.95567346,0.027584279,0.0037026724,0.0042394786,0.0052896007,0.0035105965
efc2ddy,joy,joy,0.013789916,0.0019893425,0.0029691418,0.8932355,0.07212522,0.015890937
efc2esx,anger,anger,0.9364145,0.014335983,0.0018181307,0.016148536,0.01850911,0.01277374
efc2q9a,sadness,anger,0.90464586,0.024041465,0.0026595194,0.012863914,0.04686096,0.008928256
efc39ec,joy,joy,0.001544895,0.00094260054,0.0008602458,0.9911067,0.0008357324,0.004709847
efc3v5q,joy,surprise,0.081310816,0.004268535,0.0040485044,0.17820011,0.014702954,0.71746916
efc4l4m,anger,anger,0.9635518,0.011938393,0.0017907872,0.00840285,0.011252971,0.0030631498
efc57ta,joy,joy,0.025433114,0.0027088465,0.0063122194,0.85694444,0.056510974,0.052090354
efc6sl8,disgust,joy,0.0019586103,0.0012230778,0.0011550249,0.98925424,0.0010813967,0.0053275847
efc6xqw,joy,joy,0.0012543547,0.0007915084,0.00060807215,0.9940697,0.00076049694,0.0025158513
efc97wo,joy,joy,0.0017907762,0.0007612881,0.00056015654,0.9946314,0.0008702512,0.0013860856
efcanzp,anger,anger,0.9261804,0.013093476,0.002080805,0.019876469,0.031257752,0.007511034
efcb79o,surprise,surprise,0.00838738,0.0026042142,0.0030434332,0.006385083,0.0054100472,0.97416985
efcdne0,joy,joy,0.009615973,0.001916859,0.0015732924,0.8979217,0.007099653,0.08187253
efcdojh,surprise,surprise,0.017256374,0.003592002,0.0068745962,0.024923975,0.0072812685,0.94007176
efcg44t,surprise,anger,0.85598886,0.02078535,0.0056711133,0.016116044,0.09256585,0.008872805
efch84n,anger,joy,0.38445053,0.0057908883,0.0037086487,0.57748234,0.01279065,0.015776949
efcj6pq,joy,joy,0.0015947984,0.0006275994,0.0007865966,0.9911432,0.0010616734,0.0047860905
efck3n8,anger,surprise,0.007868371,0.0025421286,0.0031684916,0.011165435,0.0050383946,0.97021705
efckux0,anger,joy,0.06852221,0.002997156,0.0031732714,0.88740146,0.011008506,0.026897363
efckwv5,joy,joy,0.0011672666,0.0006383224,0.0006744249,0.9935573,0.0024669627,0.0014957051
efcl4d5,joy,joy,0.0012795723,0.00056923967,0.0006260279,0.9943745,0.00094076816,0.002209841
efcm31a,joy,joy,0.00103385,0.0005988234,0.0005973259,0.9949496,0.0007263032,0.0020941643
efcmdx9,sadness,joy,0.0011663684,0.0005962856,0.0005427873,0.99408865,0.0018592246,0.0017466183
efcpgm1,anger,anger,0.961448,0.007795137,0.0015777852,0.012606434,0.004581738,0.01199083
efcpq9n,surprise,surprise,0.04702766,0.0077768806,0.004398839,0.007330231,0.011636321,0.9218301
efcqelt,anger,anger,0.8260021,0.019325491,0.0035755609,0.12481854,0.018776655,0.0075016576
efcqrwl,anger,anger,0.9467081,0.020214014,0.002039795,0.019728089,0.00793598,0.003374159
efcr9ij,joy,joy,0.0020883298,0.00059611176,0.00048975536,0.9937263,0.0013106746,0.0017888794
efcrl14,joy,joy,0.0028103637,0.0008711013,0.0009139438,0.9909514,0.001191246,0.003261898
efcsu2b,anger,anger,0.8267784,0.008129573,0.0029120601,0.05807553,0.016611174,0.08749329
efctedc,sadness,sadness,0.011287469,0.008882221,0.008701755,0.015292817,0.94990724,0.0059285206
efcz05s,joy,joy,0.0050613023,0.00081245194,0.0005424097,0.98750347,0.0028208226,0.0032596362
efcz6t9,anger,surprise,0.04538471,0.0041557495,0.008005991,0.024923375,0.014204872,0.90332526
efczup8,joy,joy,0.0016690511,0.00064736727,0.00042209882,0.99476963,0.000905081,0.001586848
efd1rgw,joy,joy,0.0018747867,0.0005168941,0.0005143703,0.9918766,0.0009336052,0.0042836685
efd1v1u,joy,joy,0.0016669756,0.00056221674,0.0005048997,0.9934189,0.0012319355,0.0026151394
efd2tcf,joy,joy,0.0035658283,0.0012323637,0.0012424012,0.9591716,0.0020102109,0.032777514
efd427s,joy,joy,0.006819671,0.0013765023,0.0016508972,0.94007546,0.0031151779,0.046962325
efd4m4w,anger,anger,0.84689033,0.08774254,0.006202657,0.013079894,0.042876106,0.0032085588
efd4omm,joy,joy,0.011558548,0.0008295387,0.0008019481,0.97476065,0.0027361913,0.009313183
efd68es,sadness,sadness,0.047878016,0.009194558,0.017018255,0.014570356,0.8925859,0.0187529
efd6fvz,anger,anger,0.9587935,0.006540268,0.0032615315,0.013590441,0.005934722,0.011879461
efd6je1,joy,joy,0.0015819372,0.0006695997,0.00054290844,0.9935655,0.0007212443,0.0029188006
efd6khq,sadness,sadness,0.20473103,0.02103989,0.006771747,0.027994258,0.73178965,0.007673402
efd7z11,surprise,joy,0.004855451,0.0014300734,0.0023268354,0.87986887,0.0047721122,0.10674676
efd8hvi,joy,joy,0.00093647465,0.0007477579,0.0011877571,0.9908805,0.0040114624,0.002235956
efd9809,joy,joy,0.0018697293,0.0007999502,0.0005971789,0.9934496,0.0011310359,0.0021525202
efd9q5o,joy,joy,0.007855457,0.00091860135,0.0013501638,0.9793408,0.0057124333,0.004822546
efda7ub,sadness,sadness,0.0064990525,0.011022794,0.026126105,0.0062584192,0.9403942,0.009699398
efdbsu3,surprise,surprise,0.00883529,0.0030366129,0.0037517212,0.012158551,0.0054792585,0.9667387
efdbvut,joy,joy,0.195142,0.008269538,0.029074358,0.5727077,0.112347715,0.08245867
efdc051,joy,joy,0.0014069112,0.00060968276,0.00060823874,0.99226135,0.0011089079,0.0040049325
efdc4b9,surprise,surprise,0.02057588,0.0046664285,0.005710027,0.027577015,0.0065177395,0.9349529
efddqs3,joy,joy,0.02038777,0.0023776519,0.0031488393,0.73865956,0.0061202054,0.22930607
efdeavl,joy,joy,0.001191924,0.0007548578,0.00081033324,0.9939727,0.0007385778,0.00253166
efdect8,surprise,surprise,0.23975207,0.015642712,0.014530133,0.04528212,0.17266801,0.51212496
efdevyt,joy,joy,0.0014484207,0.0005849475,0.0004987372,0.99439245,0.0012318885,0.0018436039
efdf4r6,joy,joy,0.043189265,0.010952984,0.090813756,0.58043355,0.20952521,0.065085195
efdg10x,joy,joy,0.0025697662,0.00080109725,0.00046587916,0.99310195,0.0010112699,0.0020500256
efdgnq1,joy,joy,0.0015088916,0.00064808456,0.00055896246,0.99434775,0.0009147261,0.0020216259
efdgv2p,joy,anger,0.9083806,0.006658866,0.0035346325,0.040630225,0.017413417,0.023382315
efdhkjj,anger,surprise,0.35923356,0.09828736,0.06813975,0.04296439,0.06715392,0.364221
efdhnub,joy,joy,0.001134911,0.000578394,0.0005569769,0.994663,0.0011329681,0.0019337418
efdi4pz,joy,joy,0.0020370288,0.00062225346,0.0005588376,0.9935416,0.0010240756,0.0022161573
efdimd9,anger,anger,0.9642433,0.013788411,0.0024700179,0.0047667176,0.0073090955,0.0074224556
efdj26n,surprise,surprise,0.11583972,0.022080228,0.0078441445,0.011649155,0.015777702,0.826809
efdjtqm,surprise,surprise,0.012438837,0.0025207426,0.0027036918,0.007675856,0.006695716,0.9679652
efdks3p,anger,anger,0.950194,0.022225996,0.0019706537,0.012276885,0.010626952,0.002705488
efdlz9i,joy,joy,0.0013156047,0.0005706051,0.00069574884,0.99134046,0.0012405631,0.0048371125
efdnn9c,joy,joy,0.0015738108,0.0005556266,0.00069432205,0.9934088,0.00095592963,0.0028114934
efdobeg,joy,joy,0.0015293151,0.00081279164,0.0010455698,0.99303085,0.0010018916,0.002579626
efdoxw5,surprise,surprise,0.008115184,0.002686795,0.00300271,0.009741425,0.005913935,0.97054
efdppl0,anger,joy,0.19586913,0.0066451635,0.0034388427,0.7633321,0.024094172,0.0066205882
efdpw7t,joy,joy,0.0012027825,0.00058511394,0.0011813665,0.98978686,0.001777794,0.0054661194
efdpyyt,surprise,surprise,0.06908322,0.0040586763,0.0028031252,0.034764316,0.009700548,0.87959015
efdqjsb,fear,fear,0.017725643,0.029786767,0.78788346,0.026267566,0.09229506,0.046041466
efdqynt,joy,joy,0.0012654907,0.0007422311,0.000595458,0.9946449,0.000757397,0.0019945363
efdsuzr,surprise,surprise,0.015955575,0.0039443956,0.003477743,0.2718944,0.008862182,0.69586575
efdswgl,joy,joy,0.0021339846,0.0007696205,0.00056512543,0.9942011,0.00082314824,0.0015070498
efdt2uc,anger,anger,0.94665015,0.0076550688,0.0024353594,0.03186745,0.0052979393,0.00609394
efdtbww,joy,anger,0.5403801,0.0072734505,0.0030942997,0.344957,0.064485855,0.039809283
efdtnoi,joy,joy,0.0018943716,0.0008634508,0.0007323684,0.9926939,0.00077675376,0.0030390888
efdtsj9,joy,joy,0.0016848274,0.0007888754,0.0011120322,0.9907816,0.0020956818,0.0035369948
efdu834,anger,joy,0.230904,0.005625958,0.0027076108,0.52700377,0.019011514,0.21474718
efdup11,anger,anger,0.9383757,0.028479518,0.0040752646,0.006091249,0.019148149,0.00383005
efdv7m4,fear,fear,0.024426343,0.035320845,0.82151353,0.011806025,0.07191,0.035023216
efdw6m8,joy,joy,0.0061511495,0.0023128316,0.0030172043,0.8019836,0.0035615764,0.18297368
efdw6wt,surprise,surprise,0.00554616,0.0018070383,0.00280549,0.01036091,0.0062831515,0.9731972
efdxbeo,joy,joy,0.0010325442,0.00068716414,0.0009188969,0.9935821,0.001257356,0.0025219566
efdxsbk,joy,surprise,0.00894481,0.0032314835,0.0035643613,0.14181846,0.0064156726,0.83602524
efdy42z,surprise,surprise,0.09132165,0.021870002,0.07320541,0.0113978,0.06846543,0.7337397
efdz522,anger,anger,0.7854551,0.098033756,0.0058504594,0.011247252,0.0931623,0.0062510595
efdzfpo,joy,joy,0.0016000599,0.0006368272,0.00058364024,0.99465793,0.0009246424,0.0015968154
efdzova,joy,joy,0.0019535697,0.000619809,0.0004407911,0.99342394,0.0011029388,0.002458891
efdzr2t,joy,joy,0.0010691289,0.0005190088,0.0005980407,0.9946313,0.0011573607,0.0020251637
efe06eo,joy,joy,0.07389362,0.004478996,0.0058307303,0.8283915,0.074461594,0.012943506
efe1sro,surprise,surprise,0.060058456,0.005053431,0.0076780603,0.012582974,0.011869444,0.9027575
efe3rqr,surprise,surprise,0.05091463,0.006773678,0.0039405636,0.01118622,0.013458778,0.91372615
efe3uf0,joy,fear,0.024423916,0.02060195,0.5978418,0.15664357,0.14078298,0.059705794
efe4017,joy,joy,0.0010238143,0.0006515445,0.0012611604,0.992729,0.0022742664,0.002060142
efe41w0,joy,joy,0.0016865128,0.00055275613,0.00042543706,0.9947007,0.00090274034,0.0017318224
efe4ldm,joy,joy,0.0051720054,0.0007995927,0.00049304345,0.9887476,0.00081299,0.003974726
efe4nw7,joy,joy,0.0014009841,0.000741311,0.0005971956,0.9942597,0.0007246328,0.002276164
efe52gf,joy,joy,0.0011327891,0.0006390799,0.00089409575,0.99212706,0.0033148148,0.001892187
efe7c6t,joy,joy,0.0013100202,0.0005981031,0.0005641755,0.9943235,0.00083476724,0.0023694811
efe7o98,joy,joy,0.002372992,0.0007740417,0.00063743535,0.9924576,0.0010450006,0.0027129254
efe7pz5,fear,sadness,0.010439971,0.007876911,0.01669439,0.029213963,0.8878398,0.047934983
efe7q93,sadness,sadness,0.008010875,0.018762412,0.09427172,0.011478454,0.8493656,0.018110957
efe8arw,anger,joy,0.0988393,0.005362641,0.0077241072,0.7501116,0.019248033,0.1187143
efe8bhu,joy,joy,0.0015613267,0.0006419883,0.00046456236,0.99432206,0.00083387445,0.0021762876
efe8j5d,anger,joy,0.15506786,0.009746604,0.009638336,0.58617115,0.01093708,0.22843896
efe93hg,joy,joy,0.0022750064,0.0010729125,0.0021366174,0.967393,0.020361712,0.006760831
efeb0zd,anger,joy,0.39418438,0.012367391,0.004789581,0.5246969,0.058406204,0.0055555976
efeb3dc,joy,joy,0.066182345,0.002716605,0.0024835926,0.6975399,0.011238778,0.21983883
efebcgj,joy,joy,0.0010396792,0.0005876897,0.0005479114,0.99498343,0.0010965896,0.0017446239
efebvyu,disgust,anger,0.95498246,0.026768679,0.0029345145,0.007024137,0.0061687147,0.0021214678
efecqbd,joy,joy,0.00088527915,0.0006524583,0.0007190418,0.9941499,0.0013187501,0.002274537
efed5qa,surprise,surprise,0.0051237033,0.0023486877,0.0036067807,0.007284629,0.0051949583,0.97644126
efed730,joy,joy,0.0038998,0.000741983,0.0003937644,0.9909424,0.0014409184,0.0025811733
efeddvb,joy,joy,0.004164129,0.00081111403,0.0010804586,0.98595154,0.0025384603,0.0054543195
efedoga,joy,joy,0.004165829,0.0014412932,0.0016817915,0.91736925,0.002473631,0.072868235
efedrew,joy,joy,0.001691988,0.0006290342,0.0007185348,0.9905342,0.0007343835,0.005691936
efedt9g,joy,joy,0.0017658152,0.0009139588,0.0013416284,0.98702294,0.0008043356,0.008151361
efeeotp,surprise,surprise,0.008919475,0.0025515805,0.0027974753,0.016043657,0.0054889168,0.96419895
efef39y,joy,joy,0.0010882795,0.0006922301,0.00061476865,0.9944471,0.000910378,0.0022472576
efefai0,joy,joy,0.0014475918,0.00069804373,0.0006513548,0.9946255,0.0009271963,0.001650345
efeghis,joy,joy,0.002331765,0.0009988365,0.0009433481,0.9920304,0.0010673028,0.0026283767
efegj6v,anger,anger,0.7079669,0.21909195,0.015639953,0.0061433897,0.045765847,0.0053918636
efegrrd,anger,anger,0.9514443,0.025402887,0.0040614563,0.0057365205,0.004493816,0.008860942
efei9hk,joy,joy,0.0011814961,0.0005988536,0.00060341315,0.9932018,0.0006682253,0.003746317
efeiux1,sadness,sadness,0.0109659135,0.013526446,0.009159782,0.006448084,0.95481855,0.005081135
efekai7,joy,joy,0.0011294459,0.00069463596,0.0007242285,0.9942272,0.0008819674,0.0023425852
efekalm,sadness,joy,0.041967947,0.0018993737,0.0030003444,0.9088264,0.032906502,0.011399481
efekh06,joy,joy,0.004117116,0.0008522023,0.0004984371,0.9908302,0.0016654897,0.002036588
efekkpa,surprise,surprise,0.008880581,0.002823745,0.0040607033,0.0053964555,0.0060820696,0.9727563
efekm4x,joy,joy,0.0028934816,0.0008152086,0.00052447757,0.9931639,0.0010721118,0.0015307196
efel74t,joy,joy,0.17616898,0.0040322295,0.0018920201,0.80421484,0.005895854,0.0077961446
efell3t,joy,joy,0.012937833,0.0023495634,0.00243343,0.79668057,0.007113888,0.17848477
efemepb,surprise,surprise,0.22671783,0.012386105,0.005544857,0.010265851,0.018542683,0.72654265
efemh76,anger,anger,0.95229125,0.021009495,0.0024818415,0.004700816,0.013220378,0.006296191
efenfxm,joy,joy,0.0028103082,0.000708706,0.0010385842,0.9883662,0.0023032199,0.004773027
efengfx,surprise,surprise,0.008842809,0.0037137738,0.0059262402,0.0060454686,0.0080035385,0.9674682
efeo8a0,joy,joy,0.0014045251,0.0006249767,0.00060122146,0.9939393,0.0015066767,0.0019233141
efeodq1,joy,joy,0.0008954202,0.0005337485,0.0006031833,0.99470645,0.0013031455,0.0019580328
efeoind,joy,joy,0.002265407,0.00087531266,0.0010935325,0.9897488,0.0010611751,0.004955741
efeos2g,surprise,surprise,0.0046530454,0.0021097052,0.0035502343,0.011877033,0.004982089,0.97282785
efep2sw,surprise,surprise,0.011855931,0.0029917466,0.0033222472,0.027215198,0.006195692,0.9484193
efeplj2,surprise,surprise,0.0086417915,0.0032539065,0.0035829535,0.005358833,0.0064011137,0.9727614
efepvmm,surprise,surprise,0.014195178,0.0029962691,0.0038560336,0.005402646,0.0063136737,0.96723616
efeq3nv,anger,anger,0.64919907,0.042824905,0.024626838,0.02128522,0.21515372,0.046910252
efeq9oz,joy,joy,0.002492803,0.0008872902,0.0005772089,0.9929421,0.0008209576,0.002279645
efesaq8,joy,joy,0.0020188421,0.0009485921,0.0018807829,0.9878319,0.0046743914,0.0026455245
efesqfz,fear,anger,0.5325247,0.018859474,0.025432918,0.25205183,0.12884784,0.042283244
efet0j4,anger,anger,0.54883224,0.008963966,0.0055244532,0.37597165,0.030817747,0.029889919
efetssk,sadness,sadness,0.017206647,0.011013114,0.009101712,0.02128919,0.9329779,0.008411448
efeu6yu,joy,joy,0.0051613366,0.0022703512,0.0028106093,0.83703417,0.00356821,0.14915536
efeuatj,joy,joy,0.0012274219,0.0007050447,0.0005673628,0.9946656,0.00069679954,0.0021377096
efeuisv,surprise,surprise,0.0057277614,0.0027893912,0.0034280624,0.038645692,0.00479428,0.9446149
efevjuc,anger,joy,0.004586967,0.001049233,0.002176937,0.95719934,0.0030339174,0.0319536
efevz3u,joy,joy,0.0029156469,0.0006810633,0.0005324764,0.991008,0.0009666794,0.0038961119
efew5jw,anger,sadness,0.067516975,0.14044908,0.27798063,0.0071250005,0.38184285,0.12508547
efew73j,anger,anger,0.47859868,0.010585658,0.0044762995,0.46905404,0.024044875,0.013240481
efewbxf,anger,sadness,0.06711193,0.049535394,0.016153688,0.013046839,0.84827685,0.005875234
efews8c,anger,joy,0.04931579,0.002524238,0.0021159376,0.932245,0.007150766,0.0066483035
efex0ed,joy,joy,0.0056648785,0.001042443,0.0009081249,0.9841263,0.0015037879,0.0067544505
efex0nn,joy,joy,0.0014633904,0.0006506171,0.00050651806,0.99444747,0.00095437357,0.0019775496
efexu3f,joy,joy,0.015122915,0.002076585,0.0014077378,0.9744228,0.0045042136,0.0024657387
efey6hf,joy,joy,0.0014144905,0.00085703854,0.0005879939,0.99415416,0.0007657639,0.0022206495
efeykw0,surprise,surprise,0.009569584,0.002565882,0.0034973286,0.007456525,0.0060296273,0.970881
efeyyqo,anger,anger,0.90837276,0.02939916,0.0022745188,0.015910542,0.04039906,0.0036439307
efez7vn,surprise,surprise,0.04560678,0.008663906,0.0072076414,0.01021435,0.08904501,0.83926225
efezekn,joy,joy,0.03385043,0.001530475,0.0010579536,0.953435,0.006598946,0.0035272385
eff0efd,joy,joy,0.0027124407,0.002027766,0.00582464,0.94616395,0.038144916,0.005126233
eff188e,surprise,surprise,0.008886623,0.0028474727,0.0031549188,0.008215632,0.0056858985,0.97120947
eff23u8,joy,joy,0.20392694,0.0042303815,0.0023842324,0.75593346,0.018608473,0.014916547
eff25k0,joy,joy,0.001975887,0.000676882,0.0012672978,0.9905974,0.0015399366,0.003942501
eff2mqp,joy,joy,0.003780959,0.00082983216,0.0005630841,0.991653,0.000936683,0.00223643
eff2v7d,anger,anger,0.6302754,0.09294469,0.020705841,0.011030632,0.23934983,0.0056935586
eff34c5,sadness,joy,0.008435375,0.00111064,0.002220918,0.97524136,0.0035660767,0.009425566
eff3m94,anger,joy,0.0124132205,0.001271435,0.0012114369,0.9798029,0.0018183377,0.003482594
eff3qik,joy,joy,0.014641905,0.0021867137,0.0014587117,0.97514266,0.0021265897,0.0044434383
eff3scl,joy,joy,0.0030766982,0.0007526357,0.000660596,0.9901455,0.0013337529,0.004030861
eff52fk,joy,joy,0.00084408955,0.0005937156,0.0007058264,0.9946636,0.0013040903,0.0018886165
eff5ks8,anger,disgust,0.23314936,0.6081156,0.048843794,0.016176127,0.08022463,0.013490553
eff6wrw,joy,joy,0.0016325732,0.0007050033,0.0009924003,0.98645395,0.0022169373,0.007999067
eff78x6,joy,joy,0.0020078032,0.00080993026,0.0005421635,0.9933687,0.0011784113,0.0020930234
eff8r1y,joy,joy,0.0017142931,0.00061113987,0.00056282623,0.99404824,0.0009169735,0.0021466436
eff99hh,joy,joy,0.0027320466,0.00087654946,0.001132269,0.975989,0.0014412735,0.01782887
eff9cc8,sadness,sadness,0.033785135,0.00892497,0.017179951,0.062387615,0.85842437,0.019297978
eff9qjb,sadness,joy,0.01773806,0.0017681126,0.0010894132,0.9400178,0.004475386,0.034911186
effb669,joy,joy,0.00431144,0.000673943,0.0009949148,0.9849672,0.003353466,0.0056990385
effbjca,surprise,surprise,0.008845587,0.0030018643,0.0032502452,0.07617064,0.0057686,0.90296304
effcbih,joy,joy,0.0028440086,0.0007095438,0.0006076526,0.9927967,0.0013816723,0.0016604142
effex3r,joy,joy,0.0014943429,0.0005215463,0.00054006197,0.9933768,0.001998722,0.0020684744
efff9qz,joy,joy,0.0016944177,0.0007077844,0.0006437899,0.9939138,0.0006453995,0.0023946927
effff2z,joy,joy,0.0013851407,0.0005996867,0.0004893742,0.9950223,0.0008157769,0.0016877357
effg2u8,joy,joy,0.0022577324,0.00067924615,0.00054928055,0.99371135,0.00086497527,0.0019374333
effgrgh,anger,anger,0.96942544,0.015147778,0.0029400364,0.0059522395,0.0039761276,0.0025583042
effh8rd,anger,joy,0.0038045482,0.00068996835,0.00043541036,0.99190944,0.0013933956,0.001767248
effhe15,joy,joy,0.0021328204,0.00056056835,0.00041886885,0.9936237,0.000969089,0.0022949832
effht3y,joy,joy,0.0023776358,0.0006513134,0.0004075955,0.9939773,0.0008755667,0.0017106206
effi5o6,joy,joy,0.22191802,0.007661347,0.012922992,0.69506085,0.042743657,0.019693146
effidao,anger,anger,0.57360756,0.08395698,0.06440649,0.0066041285,0.20702387,0.06440095
effj051,joy,joy,0.003973967,0.00072551577,0.0010092607,0.98798627,0.001358825,0.0049461722
effkutp,fear,fear,0.021486914,0.18619138,0.5789358,0.0080586765,0.17177917,0.03354811
effl8p9,anger,anger,0.96077675,0.009478561,0.003018007,0.007416445,0.0048574912,0.01445286
efflymc,anger,anger,0.9366375,0.015901152,0.0028739509,0.009022531,0.009353718,0.026211167
effm50e,anger,anger,0.38249403,0.0450646,0.07119721,0.06810993,0.14354482,0.28958935
effmie2,joy,anger,0.87202007,0.07760901,0.014166179,0.011393651,0.019692168,0.005118847
effobkg,joy,joy,0.0012959901,0.00067837996,0.00054543966,0.9943228,0.00074379984,0.0024136053
effoog7,joy,joy,0.0013309328,0.0006326614,0.00066007086,0.99379057,0.00075106975,0.0028346416
effp6o1,joy,joy,0.0012716122,0.0006138818,0.00047367736,0.99333835,0.00070831185,0.0035941983
effq5ll,anger,anger,0.45099282,0.026742913,0.03893902,0.034311082,0.30261815,0.14639609
effs7vv,joy,joy,0.0015754495,0.00065750803,0.0006183842,0.99441516,0.0009450632,0.0017884114
effty2u,joy,joy,0.001520071,0.0005109233,0.0005629933,0.99441874,0.0012191207,0.0017682532
effva0p,anger,anger,0.8995182,0.05316182,0.0058173323,0.005815296,0.03201937,0.0036679993
effw45h,joy,joy,0.001238738,0.0005656345,0.00057071436,0.9942331,0.0012435305,0.0021482448
effw6qi,disgust,disgust,0.08887943,0.69935524,0.10884659,0.02308795,0.06883813,0.010992616
effx8qi,joy,joy,0.09773537,0.0033059302,0.0024092773,0.78752136,0.013875592,0.09515248
effxd2o,joy,joy,0.001566446,0.00074875425,0.00049196207,0.994592,0.00085037766,0.0017504417
effxh3t,joy,joy,0.0015402948,0.00057082024,0.00049219583,0.9949222,0.00082453707,0.0016499158
effxhn1,joy,joy,0.0011681903,0.0007579983,0.0008992289,0.99337715,0.0009136912,0.0028837356
effzdwk,anger,anger,0.9332733,0.038017794,0.004953916,0.0070239,0.0130706215,0.0036602847
efg1yib,surprise,surprise,0.00699129,0.002866072,0.004230148,0.0047225473,0.0076445974,0.9735454
efg2kzt,joy,joy,0.0018099656,0.00082037406,0.00074162695,0.9839125,0.0008735302,0.011841907
efg2ux0,joy,joy,0.035154156,0.0028892613,0.0029936098,0.6325806,0.01647176,0.30991063
efg4e6i,anger,anger,0.9516778,0.023409821,0.00378786,0.0047384347,0.008635516,0.0077506304
efg5j83,joy,joy,0.0015941602,0.00073204754,0.0006163324,0.99374723,0.0009943752,0.0023157892
efg5wxo,joy,joy,0.0011411282,0.0006019721,0.00064221316,0.9935255,0.0009234235,0.003165754
efg629m,joy,joy,0.0010367336,0.0006267521,0.00066517823,0.99379843,0.0015216131,0.0023511935
efg6egr,joy,joy,0.0015032133,0.00069012196,0.00073511,0.993274,0.0019745764,0.0018229613
efg7tqt,anger,anger,0.893848,0.0077566635,0.0035607072,0.07795266,0.011645529,0.005236401
efg8nxz,joy,joy,0.0020648066,0.0006252975,0.00046950323,0.9923382,0.0017024222,0.0027997335
efg9mwx,joy,joy,0.001650063,0.00058095535,0.00050454546,0.9940587,0.0009827797,0.0022228612
efg9x6t,joy,surprise,0.07080499,0.004665318,0.0032649431,0.085316055,0.010267317,0.82568145
efgacry,joy,joy,0.0020486505,0.00067915197,0.00066102145,0.99214715,0.0008774579,0.0035865896
efgafoy,joy,joy,0.0020982514,0.00095529127,0.00074525666,0.9919561,0.0007331324,0.0035119283
efgaz38,joy,joy,0.0014552029,0.0007783823,0.00069025334,0.99437344,0.00082220294,0.001880598
efgbys8,joy,joy,0.0054653953,0.001113959,0.0008379238,0.9855869,0.0037881865,0.0032076358
efgcr7t,joy,anger,0.37259242,0.05952044,0.19732201,0.27046356,0.062573425,0.03752813
efgdl5i,surprise,surprise,0.01628525,0.0028764713,0.003479031,0.13928443,0.01769665,0.8203782
efge60x,joy,joy,0.0023605118,0.0006533632,0.00079140154,0.9912163,0.00095673004,0.0040217736
efge8mn,anger,anger,0.9512909,0.0075400462,0.0021363045,0.026657632,0.004577851,0.0077972896
efgeiaz,surprise,surprise,0.021863764,0.0031469236,0.005730851,0.13281007,0.013895376,0.82255304
efgf9uu,surprise,surprise,0.008630154,0.002531133,0.0036633145,0.004950623,0.007634588,0.9725902
efgfbtt,joy,joy,0.0021928286,0.0005526213,0.0005476587,0.9911321,0.0011819076,0.004392882
efgh0ya,joy,anger,0.67660654,0.08156056,0.07203055,0.021950409,0.12225384,0.025598086
efghgcv,joy,joy,0.0012942264,0.0006444259,0.0006008643,0.99494416,0.00087211526,0.0016442251
efghj3t,surprise,surprise,0.0063383067,0.002949642,0.0034623707,0.011068487,0.005381519,0.9707997
efghmo7,joy,joy,0.15208669,0.0042960728,0.0034649307,0.53399456,0.009485452,0.29667228
efgi95b,surprise,surprise,0.005535622,0.0021072335,0.0033105852,0.010358867,0.005638777,0.97304904
efgisnw,joy,joy,0.0015051719,0.00070073735,0.00058246416,0.9945069,0.0008719153,0.0018327261
efgjczx,joy,joy,0.0016040233,0.0005934626,0.00041582828,0.99427444,0.00087628217,0.0022360254
efgk0lc,sadness,sadness,0.035199586,0.031539563,0.016192472,0.007051756,0.89787275,0.012143868
efgk9ny,joy,joy,0.0018398506,0.0006274763,0.0004571835,0.99139553,0.0014260595,0.004253858
efgkn21,anger,anger,0.90925634,0.010523895,0.0022136837,0.034090843,0.036061734,0.00785348
efgkygv,joy,joy,0.0020372875,0.0006819631,0.0005015325,0.9933286,0.0011238066,0.002326813
efgl49z,anger,fear,0.016975507,0.03693846,0.7529412,0.014935785,0.115051806,0.06315725
efgm4lz,anger,anger,0.9479313,0.0070536835,0.001713782,0.025024068,0.008373965,0.009903302
efgmc02,surprise,surprise,0.0059140595,0.0023931037,0.0031872103,0.00812068,0.0054166946,0.9749683
efgmon3,surprise,surprise,0.0048683756,0.0022349197,0.0037448427,0.008762387,0.0051423237,0.975247
efgn8mw,sadness,sadness,0.008094039,0.006182328,0.010497791,0.016384024,0.9504976,0.008344273
efgnpta,anger,anger,0.73323536,0.041150622,0.012282924,0.0640199,0.14413813,0.0051730843
efgnyav,anger,surprise,0.18232106,0.023959788,0.18675813,0.1393608,0.05188066,0.4157195
efgoqnm,anger,anger,0.91712135,0.009393672,0.0034385195,0.025259554,0.028962253,0.01582468
efgp8zn,sadness,anger,0.889461,0.0692026,0.00364668,0.010536582,0.023285653,0.003867463
efgq9g7,joy,anger,0.9296494,0.0060929037,0.0018210915,0.03097102,0.01413269,0.017332934
efgqp83,sadness,sadness,0.008764586,0.009878326,0.012109603,0.0057781683,0.95637333,0.007095812
efgrsxy,anger,joy,0.0064298417,0.00097189564,0.0006148155,0.98865324,0.0011230992,0.0022071332
efgsq0t,joy,joy,0.013308333,0.0012624331,0.0021777262,0.9668787,0.003447453,0.012925292
efgsrhq,joy,joy,0.23433861,0.00932305,0.021070365,0.67828447,0.045394268,0.011589177
efgth8e,anger,joy,0.005989257,0.0009013922,0.00080836733,0.9884145,0.0013695236,0.002516873
efgv1ji,joy,joy,0.0020173336,0.00070602953,0.0005877063,0.9908791,0.00133328,0.004476625
efgv6k9,surprise,surprise,0.009994606,0.0026743377,0.0025697853,0.030986108,0.0057425257,0.94803256
efgvj7v,joy,joy,0.0014497853,0.00064757245,0.0004989884,0.99473864,0.0008374166,0.0018275979
efgvkde,joy,joy,0.005378507,0.00077477796,0.0006424734,0.9890863,0.001785658,0.0023323388
efgx7aj,joy,joy,0.00485192,0.0008015362,0.00080563006,0.98332095,0.0061197584,0.0041001295
efgxgvj,surprise,surprise,0.022859605,0.004095742,0.006005442,0.015902666,0.010187348,0.9409492
efgxuad,joy,joy,0.0016008598,0.0005703941,0.00070426916,0.99278533,0.0011754201,0.003163712
efgyfeh,surprise,surprise,0.01616372,0.0037870335,0.008723382,0.21129313,0.008484284,0.7515484
efgyv3h,joy,joy,0.0010078994,0.00058565516,0.00062459975,0.9944301,0.0016308511,0.0017208316
efgz2st,sadness,sadness,0.0423995,0.012497838,0.015626939,0.041301247,0.8649337,0.023240779
efgz3es,joy,joy,0.0015883151,0.000559504,0.00050683727,0.9943505,0.0013546011,0.0016402573
efgzahx,joy,joy,0.0012674147,0.00069376576,0.0006137998,0.99477684,0.000761804,0.0018863543
efgzbih,anger,surprise,0.20114271,0.01034289,0.005716012,0.0666972,0.02980357,0.68629766
efh0qzg,anger,anger,0.9425845,0.00878701,0.0034111394,0.027118156,0.008846979,0.009252219
efh3ymx,joy,anger,0.40877327,0.009725359,0.008266737,0.1688522,0.02058356,0.38379893
efh40zw,surprise,joy,0.0028856678,0.0005911248,0.0005460118,0.9925688,0.0010577862,0.0023506156
efh45iw,joy,joy,0.0013930772,0.0006073999,0.0005984731,0.99492353,0.0009276842,0.0015498562
efh46zt,joy,joy,0.003069065,0.0009141114,0.00051907415,0.9927228,0.0008716071,0.0019033808
efh5101,joy,surprise,0.008212241,0.0033177354,0.0035667573,0.06826733,0.0061138817,0.910522
efh5cxc,joy,anger,0.84448117,0.027668417,0.007235053,0.09668273,0.01912938,0.004803245
efh5hn5,joy,joy,0.0013436166,0.0006342505,0.00052601285,0.9947725,0.00068052096,0.0020430246
efh7c99,surprise,joy,0.006775502,0.0032254409,0.0037391905,0.7829317,0.004102024,0.19922608
efh7oz9,anger,anger,0.8529285,0.016631223,0.0036789835,0.05291696,0.06266678,0.011177615
efh7y5p,joy,joy,0.002870732,0.00085559883,0.0005042332,0.99231565,0.000862515,0.0025912737
efh8l8l,joy,joy,0.0051865242,0.00092706044,0.0005576996,0.98754275,0.00393679,0.0018490646
efh94cj,joy,joy,0.012243192,0.001444286,0.0011365223,0.97835505,0.0015233096,0.0052976296
efha0zn,surprise,surprise,0.007017103,0.0026304151,0.0055889282,0.0047103795,0.009133312,0.9709199
efha7bd,joy,joy,0.006494866,0.0008145249,0.001332094,0.968627,0.0027863458,0.019945199
efhc7g7,surprise,anger,0.79903173,0.006519989,0.0030676946,0.12737809,0.0155002065,0.04850239
