example_id,true_label,pred_label,p_anger,p_disgust,p_fear,p_joy,p_sadness,p_surprise
eczbpfi,joy,joy,0.0014750921,0.00017941574,0.0004178463,0.9964283,0.000875696,0.00062365085
eczcf47,sadness,anger,0.7564417,0.015010275,0.06945615,0.007580521,0.12206707,0.029444339
eczcky9,sadness,disgust,0.18752834,0.3394099,0.025896054,0.18425542,0.13874504,0.12416516
eczd40x,anger,anger,0.8030707,0.17498194,0.007112905,0.005940856,0.0056516393,0.003241909
eczdygs,surprise,surprise,0.026483199,0.0013043422,0.0017439736,0.004663874,0.0040840367,0.9617205
ecze76e,joy,joy,0.001331729,0.00025018747,0.0003111244,0.9964259,0.0002652859,0.0014157294
eczf05d,joy,joy,0.0014281735,0.00021410448,0.00045005864,0.9956519,0.00032156403,0.0019342286
eczf4ox,surprise,surprise,0.006057221,0.001292185,0.0010953002,0.0015847544,0.0016568083,0.9883137
eczfdaa,surprise,surprise,0.30658728,0.0038581013,0.0018660937,0.066198625,0.030740477,0.5907494
eczfe7d,surprise,joy,0.0035398547,0.0013656854,0.0016495853,0.87944293,0.0012965786,0.112705305
eczfoon,surprise,anger,0.63628966,0.009119541,0.0073409695,0.009033397,0.12142049,0.21679592
eczfwa0,surprise,surprise,0.003165305,0.0009029088,0.0009807205,0.002228153,0.0013584121,0.9913645
eczg08p,anger,sadness,0.34897348,0.008853055,0.0029160038,0.102659434,0.5155913,0.021006733
eczgrcd,joy,joy,0.018901333,0.00065379817,0.00066298904,0.9679957,0.0013388342,0.010447372
eczhdsl,joy,joy,0.0008883323,0.0002149677,0.00032315962,0.9974349,0.00020540296,0.0009333218
eczhjuj,joy,joy,0.00084818364,0.00016232817,0.00031326085,0.9976306,0.00035619256,0.0006894136
eczi9zh,joy,joy,0.0008788242,0.00013245041,0.00032314984,0.9972088,0.00035156455,0.0011051708
eczk51t,joy,joy,0.0015508793,0.00022708288,0.00030021975,0.9969875,0.0003051442,0.0006291667
eczl2pq,joy,joy,0.13030471,0.0010262363,0.0024694598,0.8531438,0.0094148815,0.0036408505
eczmpez,joy,joy,0.0008127639,0.000212472,0.0003511736,0.997827,0.00033280664,0.00046372536
eczmpsx,joy,joy,0.00096538593,0.00024031021,0.00032285997,0.9976549,0.00024519532,0.00057131454
eczmsz3,disgust,anger,0.97902894,0.007250904,0.00063548156,0.00487154,0.004252152,0.003960972
eczmtlc,joy,joy,0.00067943847,0.00023378998,0.00036624077,0.9978265,0.00026895208,0.00062500534
eczmz2i,anger,joy,0.2992312,0.0040131193,0.021549787,0.3149675,0.15384787,0.2063905
eczngf1,surprise,surprise,0.009617543,0.0010773669,0.0011022661,0.0017519358,0.0027226803,0.9837283
ecznohs,joy,joy,0.000717467,0.00034576614,0.0006380163,0.9934238,0.00023128762,0.0046436624
ecznwuv,surprise,joy,0.03879731,0.0011145232,0.006866699,0.90929043,0.034317136,0.0096138995
eczpeok,joy,joy,0.00094383693,0.0001546722,0.0003350602,0.99647,0.0005629451,0.0015335341
eczpwbu,joy,joy,0.00085036416,0.00022158338,0.0004068507,0.99754566,0.00028653807,0.000688914
eczqn1r,sadness,sadness,0.0051781945,0.0034468595,0.0020575887,0.005185335,0.9625523,0.021579657
eczszn6,anger,anger,0.9222495,0.005583559,0.0026789608,0.026479729,0.03389314,0.009115062
eczt9t1,sadness,disgust,0.28157172,0.60368174,0.012001632,0.009394647,0.08365953,0.00969072
eczth69,surprise,surprise,0.0033399847,0.00086403236,0.0023382585,0.052410983,0.002743121,0.93830353
ecztsvi,sadness,sadness,0.0031686772,0.0011869277,0.0031282401,0.006793758,0.9778511,0.007871272
eczvkco,joy,joy,0.0004906309,0.00018471002,0.00043547983,0.9978643,0.0004262882,0.0005985829
eczwm5z,joy,joy,0.00079294544,0.00021809184,0.00032406053,0.9978452,0.00026794738,0.0005517799
eczwosz,joy,anger,0.48592845,0.0024245281,0.0020716835,0.45866787,0.016833162,0.034074284
eczy6qb,surprise,surprise,0.0034700974,0.0016087006,0.0027554715,0.11644986,0.0011303764,0.87458545
eczyh8p,joy,joy,0.0007937405,0.00017419312,0.0003157414,0.9976119,0.00036490598,0.00073944824
eczyr6d,surprise,surprise,0.030780595,0.0027960814,0.002083328,0.00643065,0.0021599615,0.95574933
eczyxxv,anger,sadness,0.30114004,0.008063059,0.005108493,0.028044725,0.64630425,0.011339342
eczzc3j,joy,joy,0.0022857005,0.00020205874,0.00033054096,0.9961547,0.0004126848,0.00061421836
eczzquh,joy,joy,0.0007020148,0.00016312707,0.0003864592,0.9958872,0.00034982522,0.002511395
eczzw82,joy,joy,0.0036878763,0.00035481996,0.0004908604,0.9751545,0.0006002274,0.019711703
ed0049n,sadness,anger,0.7223288,0.021013249,0.0036730522,0.017568551,0.2286435,0.0067727948
ed011g9,surprise,surprise,0.0035999198,0.0010295988,0.0015311373,0.0045535616,0.0016016482,0.98768413
ed01obo,joy,joy,0.02390029,0.0006756008,0.00048078308,0.9715713,0.0012635771,0.002108342
ed02d1x,anger,sadness,0.25473818,0.007151088,0.09009189,0.072678104,0.49427944,0.08106134
ed038bu,sadness,sadness,0.0030634785,0.0022331343,0.00282885,0.011935735,0.9741632,0.005775698
ed03d9y,surprise,surprise,0.013861713,0.0016150055,0.00087165687,0.0070195543,0.009098344,0.96753377
ed04vcn,joy,joy,0.00249213,0.00031359427,0.0002617119,0.9954014,0.00031285107,0.0012182968
ed05jes,joy,surprise,0.32502276,0.0029282896,0.0023441669,0.24248594,0.015417001,0.4118018
ed0620k,anger,anger,0.7263242,0.004914288,0.0039148037,0.07180408,0.04522847,0.14781408
ed06qes,surprise,sadness,0.037666213,0.01421144,0.029472634,0.0053813425,0.9064685,0.0067999233
ed071px,joy,joy,0.024007736,0.0010537846,0.0005744792,0.961509,0.0008058289,0.012049258
ed07pl6,surprise,joy,0.005267989,0.00068102893,0.006770208,0.9651007,0.007186664,0.014993329
ed09ds5,joy,joy,0.0010116289,0.00023267487,0.00030692146,0.9976501,0.00028143244,0.000517349
ed09rln,joy,joy,0.0017433323,0.00018837865,0.0002912167,0.99662054,0.00056912913,0.0005874044
ed0a9kb,anger,anger,0.9358458,0.015039313,0.0017454221,0.0093139475,0.030105487,0.007950016
ed0b2b8,sadness,sadness,0.015014667,0.010661456,0.0014184413,0.0036140392,0.9669785,0.0023129012
ed0brlz,anger,joy,0.017365778,0.0004782088,0.0012716572,0.9450087,0.0036205973,0.03225502
ed0cg1t,joy,joy,0.007620673,0.00033138308,0.0007588723,0.9835445,0.0059086415,0.001835965
ed0cn2y,sadness,sadness,0.0024888113,0.002121235,0.0016922664,0.0040010815,0.98634225,0.0033543564
ed0cpps,sadness,sadness,0.055912733,0.0052895155,0.008821826,0.0041373456,0.91852283,0.0073158112
ed0cuu4,joy,joy,0.0015762667,0.00017430769,0.0003206547,0.9965473,0.00081796,0.00056353345
ed0dbzg,surprise,surprise,0.006044041,0.009700972,0.0060943267,0.12428231,0.006910218,0.8469682
ed0dtnw,anger,anger,0.9589102,0.010644076,0.0015870096,0.001954073,0.005135638,0.02176903
ed0dwjr,fear,fear,0.0172481,0.021813147,0.9083283,0.0029113847,0.03456372,0.015135396
ed0e3a2,surprise,surprise,0.002994254,0.001077214,0.0007917728,0.0022970191,0.0009218796,0.9919178
ed0e58j,sadness,sadness,0.0035664763,0.0018846516,0.002052889,0.002206405,0.9864036,0.0038860326
ed0e6h3,fear,fear,0.031055711,0.31695127,0.62281775,0.0037086974,0.021112094,0.004354415
ed0eke4,anger,anger,0.82917273,0.007408849,0.0074172905,0.0741189,0.06028403,0.02159808
ed0ht04,joy,joy,0.003786443,0.000626997,0.00036571064,0.9935768,0.0004208425,0.001223162
ed0hvgr,joy,joy,0.015581488,0.00051966135,0.00044486075,0.9800135,0.0015417525,0.0018987142
ed0ia9w,joy,joy,0.000747305,0.00024206573,0.0003625896,0.9977265,0.00032401428,0.0005974681
ed0it1e,joy,joy,0.0009477733,0.00030873218,0.00044216483,0.99696046,0.00025264831,0.0010881788
ed0ivk1,sadness,sadness,0.009546339,0.0029154504,0.0016603832,0.0026366368,0.9810543,0.0021868974
ed0j3lf,joy,joy,0.012106262,0.00046900983,0.0009035893,0.9034562,0.0034298096,0.07963508
ed0j5h0,joy,joy,0.0009256102,0.0001685242,0.00034661248,0.9969952,0.00046266167,0.0011013944
ed0jl4g,anger,surprise,0.21469939,0.009749555,0.006617151,0.007291661,0.059590027,0.7020523
ed0lnj6,surprise,surprise,0.002744613,0.00096242264,0.00094901095,0.0035755527,0.0019953884,0.989773
ed0m2na,anger,anger,0.95444167,0.0067940303,0.004152753,0.018996073,0.010087126,0.0055282954
ed0m9ms,sadness,sadness,0.069421045,0.005228419,0.0028721304,0.009722002,0.90192765,0.010828805
ed0miwo,joy,joy,0.0010643856,0.0002300109,0.00029597172,0.9976114,0.0002620257,0.0005362001
ed0mxlo,sadness,surprise,0.008631571,0.003417377,0.005104788,0.007128205,0.010774154,0.9649438
ed0n2p2,anger,anger,0.9810867,0.007090709,0.0015530576,0.003274744,0.0034128218,0.0035820066
ed0nsnk,surprise,joy,0.08580934,0.0026023458,0.0016617728,0.66839796,0.004547154,0.23698133
ed0o2fe,joy,joy,0.0010893828,0.00020057282,0.000286357,0.9974746,0.00043909877,0.0005099484
ed0omrl,joy,joy,0.0016302725,0.00021364729,0.00027364554,0.99686277,0.00041535147,0.0006042554
ed0ot2z,joy,joy,0.0012020739,0.00020599765,0.00023626193,0.9973117,0.00039947857,0.0006445708
ed0p4fj,joy,joy,0.0019652464,0.0002055146,0.00032500096,0.99639076,0.0005124032,0.00060113723
ed0p50s,surprise,surprise,0.0033370245,0.0012780885,0.0011673035,0.02464352,0.0011076883,0.9684664
ed0p7or,anger,anger,0.90197974,0.011961849,0.0019693673,0.044051096,0.029339423,0.010698558
ed0q1rw,joy,joy,0.0016101309,0.00036043866,0.000547634,0.9963413,0.00027784437,0.00086269696
ed0rebi,joy,joy,0.0011994832,0.00029843676,0.00034458065,0.99680686,0.00028660503,0.0010640618
ed0sj9s,joy,joy,0.001265975,0.0001631913,0.0002700366,0.9972433,0.00040890338,0.00064868305
ed0so6l,joy,joy,0.07409813,0.0020736218,0.0009720492,0.7262993,0.003000046,0.19355683
ed0swmt,surprise,surprise,0.024236307,0.0018352651,0.0012901938,0.0017884726,0.002085103,0.96876454
ed0sy6u,joy,joy,0.0022717353,0.0004565153,0.0004923263,0.99407756,0.0002135469,0.0024882625
ed0uv1x,surprise,anger,0.89002013,0.007834885,0.0014373335,0.0043144645,0.004111741,0.092281416
ed0vap0,sadness,joy,0.0051803216,0.00038841163,0.0004956829,0.98874295,0.0009116834,0.0042809164
ed0w5cy,joy,joy,0.0008447529,0.00020451324,0.00030278787,0.99774337,0.00030161667,0.00060294603
ed0x5z5,joy,joy,0.0048452523,0.00053121615,0.00087525544,0.98169106,0.004966893,0.0070903767
ed0x80r,anger,anger,0.9667377,0.0043059574,0.0010905783,0.007860837,0.006865674,0.013139333
ed0y8gh,joy,joy,0.02132927,0.0013944117,0.0010924153,0.8135087,0.0022902035,0.16038504
ed0y9cy,surprise,joy,0.0028083841,0.0014307856,0.0017893615,0.9153017,0.00079128676,0.07787852
ed0zztw,anger,anger,0.9393638,0.0031398735,0.004001568,0.013713471,0.019298492,0.020482846
ed112rp,joy,joy,0.00084808737,0.00020402389,0.00043457886,0.9846993,0.00075087167,0.013063154
ed11f83,joy,joy,0.0008748603,0.00027170306,0.00036755775,0.9973992,0.00018997239,0.00089669536
ed11rzv,joy,joy,0.0012394029,0.0002547277,0.00041707818,0.99712664,0.0002443481,0.00071780203
ed122ms,joy,joy,0.017825846,0.00037612638,0.00036771942,0.9774598,0.0019512911,0.002019183
ed12dos,anger,anger,0.97575074,0.0029288856,0.00066586974,0.010760602,0.00510301,0.0047908938
ed13ax3,joy,joy,0.0010151137,0.00022124764,0.00041521792,0.9975581,0.00030526295,0.00048500515
ed1454k,joy,joy,0.0014265457,0.00029740712,0.0003800956,0.99697423,0.00028686947,0.0006347844
ed14wo6,joy,fear,0.016808148,0.004898268,0.7276284,0.12316193,0.110392705,0.017110577
ed1576z,fear,anger,0.8740013,0.018186962,0.00855239,0.009875589,0.08513411,0.004249658
ed15gt6,anger,anger,0.8456437,0.0032264288,0.005867272,0.03354001,0.068918,0.042804625
ed17mmh,joy,joy,0.00078846485,0.00021474893,0.0003250991,0.997712,0.00038056154,0.00057909463
ed17nq4,joy,joy,0.046129916,0.0005573966,0.0005937391,0.9386182,0.0011660916,0.012934598
ed17svl,surprise,surprise,0.0027549057,0.001238367,0.0010533977,0.0009954022,0.0010372482,0.9929207
ed183rg,surprise,surprise,0.033300202,0.0028555186,0.0015556896,0.004563232,0.02059116,0.93713415
ed184ql,joy,joy,0.0005803006,0.00025876012,0.0005793188,0.9968426,0.00033547156,0.0014036513
ed18jel,joy,joy,0.01829923,0.00051303604,0.0012263276,0.9648161,0.010246576,0.0048988005
ed19agh,joy,joy,0.0008740939,0.00020924673,0.00035149587,0.997297,0.00024021757,0.0010280408
ed19k48,sadness,sadness,0.083011545,0.0044358126,0.011745296,0.035817392,0.8146844,0.050305597
ed19w3b,joy,joy,0.0011438195,0.00025377318,0.00039426525,0.99733055,0.0004791804,0.0003985053
ed1ada5,joy,joy,0.0007114745,0.0001911627,0.00028004902,0.99780506,0.00030347938,0.00070875784
ed1aw4c,joy,joy,0.0008852589,0.0002800849,0.00036842472,0.99754274,0.00024722447,0.000676191
ed1bf9d,anger,anger,0.59906936,0.012774369,0.002482337,0.30685452,0.005453069,0.073366314
ed1bkeu,joy,joy,0.0018108273,0.00039559664,0.0011550213,0.9649778,0.022463199,0.009197573
ed1c70v,joy,joy,0.0050144023,0.00044812314,0.0002631146,0.99030465,0.000842121,0.0031276327
ed1cfv1,joy,anger,0.4909807,0.0048424355,0.0016927578,0.34562004,0.0137560535,0.14310794
ed1ff3y,joy,anger,0.9285564,0.0023311744,0.0007486626,0.0389343,0.008763106,0.02066649
ed1fqgn,joy,surprise,0.110502355,0.012576391,0.010126156,0.2912956,0.025736164,0.5497633
ed1fyxq,joy,joy,0.0009749196,0.00037108234,0.0005397612,0.9966543,0.00020558914,0.0012543746
ed1fz8t,joy,anger,0.8071106,0.003098443,0.0018646659,0.13157393,0.039901704,0.016450638
ed1gey2,joy,joy,0.0010132105,0.00021876197,0.00026937554,0.997556,0.0004958805,0.0004468295
ed1ggxc,sadness,sadness,0.009207185,0.0033937332,0.0024706777,0.015989264,0.96616256,0.0027766207
ed1ghrq,joy,joy,0.029791182,0.0028723916,0.0076141553,0.9018772,0.03642211,0.021423008
ed1gu2v,joy,joy,0.0007363266,0.0002119175,0.00032103248,0.9978688,0.00025384378,0.00060809345
ed1gu3w,joy,joy,0.015193469,0.0018504658,0.0012021768,0.8475146,0.12700483,0.007234441
ed1hles,anger,anger,0.8956049,0.0034372665,0.0013780138,0.013457168,0.026893973,0.059228733
ed1iqnp,joy,joy,0.0009250206,0.00020823845,0.00028444178,0.99770796,0.0004053678,0.00046893372
ed1jdc4,joy,joy,0.009079161,0.0015281363,0.0037262682,0.84877,0.0021715758,0.13472477
ed1kgx2,joy,joy,0.00089353125,0.0001787164,0.0005318759,0.9973349,0.000574206,0.00048671482
ed1klqm,joy,joy,0.0009826194,0.00016829885,0.0004361422,0.9961759,0.0015017432,0.000735245
ed1m7w6,joy,joy,0.0012975705,0.00020856639,0.0002820378,0.99728,0.0002873839,0.0006444019
ed1maoh,surprise,anger,0.8349426,0.008128643,0.0060577565,0.021632023,0.10237933,0.026859665
ed1maoj,disgust,fear,0.0100223245,0.046027318,0.9266122,0.0066123502,0.0055833836,0.0051425067
ed1oiyg,joy,joy,0.00059356523,0.00021172981,0.00035577826,0.99702877,0.00032849982,0.0014817446
ed1ph6f,disgust,surprise,0.26717752,0.20847037,0.026027935,0.09434598,0.122868545,0.28110963
ed1rede,joy,joy,0.002219131,0.00025025758,0.0008936218,0.9900727,0.00069703173,0.005867298
ed1rjn5,joy,joy,0.0007950569,0.00019980408,0.00030403875,0.99788123,0.0003018022,0.0005180061
ed1sbaa,joy,joy,0.01024266,0.00071501906,0.0048312675,0.9156191,0.053524952,0.015067068
ed1sght,anger,disgust,0.28156424,0.6310461,0.032704424,0.008661796,0.026695823,0.019327551
ed1smi9,joy,joy,0.00065075577,0.00021075048,0.00035668406,0.9976629,0.00022262511,0.00089620694
ed1smr0,joy,joy,0.13065973,0.0015882448,0.0020039917,0.64388734,0.009600043,0.21226068
ed1udad,anger,anger,0.66523236,0.27566803,0.008431199,0.0064847358,0.025576761,0.018606886
ed1umv1,joy,joy,0.001869398,0.00015707844,0.00029587254,0.99240714,0.0008478172,0.004422656
ed1viq1,surprise,joy,0.25189194,0.011176561,0.0025490576,0.6921647,0.012812322,0.0294054
ed1vm4f,joy,joy,0.20296487,0.0018760465,0.0008169788,0.78255063,0.004636406,0.007155012
ed1w92l,joy,joy,0.0009534459,0.00022672571,0.00025137977,0.9976527,0.00029894846,0.0006168918
ed1wvcx,sadness,sadness,0.0029827098,0.0025091593,0.0019855825,0.002062769,0.9892391,0.0012207022
ed1y6oy,joy,joy,0.0010505837,0.00021332914,0.00032229407,0.997349,0.0006594888,0.0004052915
ed20lrl,joy,joy,0.008460456,0.0002767979,0.0004164541,0.9855011,0.0028685224,0.0024767555
ed20wvd,joy,anger,0.96702266,0.0025396517,0.0019406029,0.018434796,0.0060601155,0.0040021488
ed216ic,joy,joy,0.0014781009,0.00025325915,0.00047997833,0.99590683,0.0002475345,0.0016343388
ed21l4i,joy,joy,0.0032682726,0.00036561434,0.00034528514,0.99447626,0.0006154792,0.00092906045
ed21n6t,joy,joy,0.00071729114,0.0002412824,0.0003567683,0.9978381,0.00025459842,0.00059202913
ed21ugn,anger,anger,0.9604877,0.015329079,0.0019923074,0.010899286,0.009402709,0.0018889441
ed22fyg,anger,anger,0.8915985,0.03720617,0.0055231485,0.0037403582,0.055277765,0.006653995
ed23b3d,joy,joy,0.009121569,0.00049728766,0.0004601827,0.98542875,0.00080356887,0.0036886486
ed23qjy,joy,joy,0.0007375146,0.00022183411,0.00031029223,0.9975114,0.00023594176,0.0009829407
ed2428b,joy,joy,0.019998178,0.00076955097,0.0009133045,0.9670843,0.0018275884,0.009407138
ed25fxk,anger,anger,0.9104534,0.01890096,0.0021816597,0.0031895428,0.02258098,0.042693563
ed2611v,joy,joy,0.0021649743,0.00020591274,0.00025781544,0.9953047,0.0004301998,0.0016363183
ed26rip,joy,joy,0.0008307106,0.00018599458,0.00031539993,0.99769396,0.00042139334,0.00055252033
ed2746s,joy,joy,0.021550564,0.00052531436,0.00067747553,0.96334845,0.0011904419,0.0127077615
ed278ro,surprise,anger,0.9691176,0.004797141,0.0006198981,0.017510101,0.0047526653,0.0032026202
ed27j06,joy,joy,0.0015251613,0.0004490505,0.0005144836,0.99036855,0.00024542498,0.006897317
ed27l10,joy,joy,0.0074019996,0.00072370964,0.001292655,0.88704085,0.002581037,0.10095978
ed27pnf,joy,joy,0.00076024584,0.00014530192,0.00041309593,0.9968966,0.00090130925,0.00088341243
ed27ukk,surprise,surprise,0.0022552921,0.0011337429,0.0009886569,0.0021018686,0.0009296677,0.9925908
ed282j9,joy,joy,0.02151716,0.00045005674,0.0018308231,0.93956614,0.010540549,0.026095264
ed29f48,joy,joy,0.0009281165,0.00021579035,0.0002808377,0.9971192,0.00021363358,0.0012424546
ed29wza,joy,joy,0.0013883793,0.00025483337,0.00038977514,0.9950434,0.00034267778,0.002580999
ed29ynk,disgust,anger,0.91872,0.056480773,0.0016216262,0.00323666,0.015791079,0.004149851
ed2avfo,joy,joy,0.00095221703,0.00023890712,0.00036425542,0.9969157,0.00021257049,0.0013163154
ed2az57,joy,joy,0.0016020015,0.00025437886,0.00057913346,0.9943236,0.00034746662,0.002893332
ed2bfov,surprise,joy,0.0026776246,0.000701821,0.0014053605,0.8513934,0.0011209486,0.1427009
ed2c5f7,anger,joy,0.029111715,0.001219478,0.0017342255,0.95662856,0.0030394169,0.008266677
ed2dimb,joy,joy,0.0010218762,0.00022774495,0.000334246,0.99753225,0.00033105176,0.0005527802
ed2dkl8,joy,joy,0.0058529573,0.00027522404,0.0006483714,0.9893751,0.00052819453,0.003320144
ed2dn6m,joy,joy,0.0028052572,0.0002228244,0.00032015436,0.995256,0.000302008,0.0010937281
ed2dvob,sadness,sadness,0.0028339257,0.0015907423,0.0028858734,0.0040587047,0.9845756,0.0040550446
ed2e00i,fear,disgust,0.20595624,0.6069777,0.12486737,0.006048858,0.047733806,0.008416035
ed2eddu,joy,joy,0.00088026654,0.00015906265,0.00031661123,0.9968489,0.00032897157,0.0014661709
ed2enk8,sadness,sadness,0.009138654,0.0027490815,0.0025277475,0.0027057922,0.98085576,0.0020230024
ed2f978,surprise,joy,0.0006895927,0.00016058215,0.00026974204,0.9971648,0.00019826998,0.0015170677
ed2fxg9,joy,joy,0.359092,0.012018887,0.002290901,0.59586453,0.019950759,0.010783015
ed2gsvn,sadness,sadness,0.0024585766,0.0015403202,0.001379539,0.0034514538,0.9878675,0.00330268
ed2h962,joy,joy,0.005027646,0.00029006018,0.0014964783,0.9856706,0.0009060912,0.0066091632
ed2hemk,surprise,surprise,0.06528483,0.0022589266,0.0040047476,0.0136229405,0.022742392,0.89208615
ed2hyao,joy,joy,0.00075136946,0.00021259482,0.0003433802,0.997026,0.0002330568,0.0014335364
ed2itjq,joy,joy,0.00062105124,0.00017538384,0.0002832813,0.9976597,0.00027494613,0.0009856274
ed2kkif,joy,joy,0.0008328741,0.00016768501,0.00028304796,0.9976901,0.000313026,0.000713292
ed2l9is,surprise,surprise,0.022271255,0.0012392823,0.00057328073,0.004509865,0.0016256575,0.9697807
ed2mah1,anger,anger,0.964788,0.0060267258,0.0014118217,0.021739837,0.0027288096,0.003304892
ed2me0o,joy,joy,0.0017903311,0.00018110558,0.00028937802,0.99322516,0.0021154457,0.0023985158
ed2mebh,joy,joy,0.006964736,0.0011836839,0.015679296,0.9697949,0.004047104,0.0023302205
ed2mkey,fear,fear,0.0039040502,0.0061119376,0.8802059,0.05212835,0.048117172,0.009532583
ed2mvzr,joy,joy,0.0038514698,0.00035125014,0.0002870961,0.98716414,0.0009275428,0.007418552
ed2naxg,joy,anger,0.9730408,0.004519964,0.0018539593,0.010058738,0.005097953,0.005428516
ed2nh3m,surprise,surprise,0.019293608,0.0055963234,0.0042282646,0.12967372,0.01169123,0.82951677
ed2noxb,joy,joy,0.37287983,0.0073503805,0.001614933,0.60744804,0.008138713,0.0025681846
ed2plsm,anger,anger,0.83763963,0.0071844743,0.002041331,0.0051036463,0.01374188,0.13428912
ed2rfl3,joy,sadness,0.014169579,0.0016997933,0.00460902,0.122466125,0.8455804,0.011475083
ed2t2rw,joy,joy,0.0007148505,0.00016983802,0.0003097424,0.9977125,0.000321131,0.0007718802
ed2ug0m,joy,joy,0.00078448426,0.00017802969,0.00030239718,0.9977081,0.00021318666,0.00081374624
ed2ukr2,anger,sadness,0.30447417,0.037542954,0.0028659601,0.015448939,0.63554615,0.0041218298
ed2un8c,joy,joy,0.00093158544,0.00018491334,0.0005154211,0.9973236,0.0005698484,0.00047473397
ed2uyol,joy,joy,0.023236541,0.00061445485,0.0010621664,0.96914905,0.0011763166,0.004761462
ed2v6t1,sadness,sadness,0.33478427,0.0023398392,0.00492481,0.20524295,0.3789851,0.073723026
ed2w2da,joy,joy,0.053633075,0.0007073725,0.0013415662,0.9233117,0.013603037,0.007403263
ed2wbo1,joy,joy,0.0014365135,0.00021587953,0.0002798841,0.9972364,0.00032037284,0.00051099487
ed2xw22,joy,joy,0.013474786,0.000570093,0.0010979669,0.973026,0.0014681908,0.010363014
ed2xybk,anger,anger,0.9627283,0.0043759327,0.0019790756,0.007870207,0.008683253,0.0143632945
ed2ygk2,surprise,surprise,0.0036711856,0.0014677265,0.001169241,0.0010040235,0.001129171,0.9915587
ed2yumt,joy,joy,0.0009239242,0.00022850405,0.00032545187,0.9975067,0.00023569257,0.00077970314
ed2z2wl,anger,anger,0.9731575,0.0061407476,0.0015848106,0.0056841993,0.0077855308,0.0056472225
ed2zw99,joy,joy,0.001927429,0.00016659552,0.00023095687,0.9961299,0.00034260075,0.0012025781
ed306iy,joy,joy,0.0011864724,0.00032840978,0.0004900257,0.996979,0.0004258243,0.00059033476
ed30mge,anger,surprise,0.2431985,0.0030759478,0.0061066127,0.09449221,0.12904833,0.52407837
ed317fs,surprise,surprise,0.15371771,0.0026409028,0.0009657659,0.14002082,0.011619573,0.6910353
ed32qgi,surprise,surprise,0.08733597,0.0022222018,0.0027137147,0.03371813,0.08791672,0.7860933
ed34b3g,joy,joy,0.0051243706,0.0007233805,0.00060240756,0.9715721,0.00059428083,0.021383466
ed35y7q,joy,anger,0.8038948,0.054285184,0.038846783,0.07152802,0.028633943,0.0028112158
ed36oak,anger,anger,0.9551952,0.030590884,0.0020700237,0.0019491006,0.008187306,0.002007494
ed37s14,joy,joy,0.007572987,0.00026963602,0.00038110072,0.98622894,0.0024947058,0.0030525792
ed38ub9,joy,joy,0.0037668105,0.00061695324,0.0009889569,0.98164463,0.00037633043,0.01260631
ed391go,joy,joy,0.0005926275,0.0001910047,0.00028169394,0.997454,0.00026446805,0.0012162942
ed3aiug,sadness,surprise,0.0055492427,0.0014536541,0.0017082231,0.002671407,0.005029457,0.983588
ed3b29d,joy,anger,0.85856646,0.016726647,0.0069279717,0.037821695,0.056132436,0.023824818
ed3bjn7,joy,joy,0.001758452,0.00014230859,0.0002667523,0.996545,0.00036125162,0.0009263298
ed3chq4,surprise,surprise,0.0030586945,0.0010444212,0.0017841122,0.08984685,0.001776567,0.90248924
ed3d31z,joy,joy,0.00081494846,0.00017135282,0.0002857497,0.997719,0.0004680018,0.0005409556
ed3drgn,sadness,anger,0.7748569,0.1504688,0.0043578343,0.010707096,0.05239995,0.0072094332
ed3eg7v,joy,joy,0.0018680119,0.00016366392,0.00021567015,0.9964365,0.00034472407,0.0009714047
ed3eqrm,joy,joy,0.0010140813,0.00031200278,0.00037782,0.9971962,0.00037115806,0.0007286961
ed3erhr,joy,joy,0.036441635,0.0009594922,0.0015217952,0.8931719,0.0027262121,0.065179005
ed3fkca,joy,joy,0.0013903035,0.00032426877,0.0003951719,0.9967186,0.00025789012,0.00091384863
ed3flyg,joy,joy,0.0010684492,0.000120362754,0.00028307282,0.9962012,0.00056395755,0.0017629776
ed3gsox,joy,joy,0.001111595,0.00045440934,0.00068678544,0.98136514,0.00043618074,0.015945915
ed3i0zf,surprise,surprise,0.02154954,0.001818042,0.0006753841,0.002879044,0.0020379093,0.9710401
ed3i4gx,joy,joy,0.005355512,0.00044264016,0.0008513564,0.9640373,0.0024453746,0.02686782
ed3i6z6,joy,joy,0.00077749614,0.00019936347,0.0003021314,0.9979032,0.00026002692,0.00055784883
ed3il5h,joy,joy,0.0081789,0.0010311129,0.0015190244,0.81450176,0.004947319,0.16982193
ed3iq8t,anger,anger,0.97117877,0.0026622391,0.001016463,0.010620574,0.0067669908,0.007754972
ed3jh2z,sadness,sadness,0.0020517802,0.0014942016,0.0014129377,0.003095637,0.99015754,0.0017879363
ed3ju9g,sadness,sadness,0.0025526371,0.0025176033,0.003612517,0.003783081,0.98628575,0.0012483827
ed3k8zz,joy,joy,0.0026106196,0.00072694547,0.002313417,0.93158984,0.0074824584,0.055276692
ed3klo0,sadness,anger,0.35343957,0.006999815,0.0029083223,0.18710017,0.1843544,0.26519772
ed3l8bw,joy,joy,0.0008462603,0.00019314174,0.00028758583,0.9974394,0.0002592681,0.000974388
ed3ljgc,joy,joy,0.0013543973,0.00020266818,0.00025728418,0.9973105,0.00031940115,0.0005556686
ed3mk68,anger,anger,0.9372529,0.01287105,0.013256927,0.017017856,0.011115472,0.008485877
ed3o0vh,anger,joy,0.22302236,0.0036855382,0.001185323,0.7644461,0.002316109,0.0053445064
ed3odkh,surprise,surprise,0.0696967,0.0037200807,0.0009034328,0.0044192327,0.0028201614,0.91844046
ed3otkz,joy,joy,0.0011981251,0.00023464089,0.00035405162,0.9972229,0.0003228051,0.00066749007
ed3ovpu,joy,sadness,0.0021329317,0.0017860504,0.0015242867,0.001734411,0.9889009,0.003921468
ed3p00x,anger,anger,0.9785994,0.008625351,0.0013982692,0.0025356938,0.006253799,0.0025874202
ed3p41f,joy,joy,0.0011089215,0.000233746,0.00035946313,0.9972155,0.0002539964,0.00082825124
ed3p6dr,anger,anger,0.86303526,0.003553347,0.0018975663,0.08273705,0.0060586873,0.042718038
ed3p77r,joy,joy,0.0007857965,0.0002421944,0.0004004876,0.99778384,0.00030220303,0.00048554485
ed3ptc8,joy,joy,0.0009811484,0.00021315254,0.00031593634,0.9976521,0.00029452806,0.00054308504
ed3r9ha,joy,joy,0.0018723849,0.00029630418,0.00043474342,0.9899019,0.000507417,0.006987193
ed3rkhb,surprise,joy,0.09005686,0.0009249495,0.0008336578,0.8048776,0.012197387,0.0911096
ed3s25t,joy,joy,0.0012991229,0.00019630375,0.00030367606,0.99735355,0.00040044895,0.00044690844
ed3sqoq,joy,joy,0.004967891,0.00028394532,0.00040486545,0.99010265,0.00093154446,0.0033091507
ed3tfp0,surprise,surprise,0.09601682,0.004732118,0.0035459418,0.0030433328,0.028003562,0.8646583
ed3tljs,joy,joy,0.0015123805,0.0002753047,0.00034912236,0.99615234,0.00022856102,0.001482353
ed3u5xj,surprise,surprise,0.010537358,0.0017181098,0.0022720832,0.0015576399,0.0023040948,0.98161066
ed3uwkx,anger,anger,0.72078997,0.0019915784,0.002837048,0.19256876,0.04277445,0.039038166
ed3vol0,joy,joy,0.0011343416,0.00034254004,0.00080348464,0.9949674,0.0015560872,0.0011961473
ed3xhie,joy,joy,0.0020444898,0.00015400356,0.00041384343,0.99385923,0.0007368992,0.002791631
ed3yjli,joy,joy,0.0011506967,0.00023912133,0.00039492743,0.9971846,0.00027940446,0.00075118436
ed3yxmw,joy,joy,0.29570067,0.01960353,0.11689977,0.30489248,0.22718546,0.035718087
ed3z6by,anger,joy,0.3328264,0.0019186273,0.008835511,0.43560964,0.1350298,0.08578004
ed40jj0,joy,joy,0.0010689502,0.00023702074,0.00031741904,0.9974032,0.00019112582,0.00078227365
ed41f9o,sadness,sadness,0.003820298,0.0015512356,0.00096576504,0.005647262,0.98638994,0.0016255747
ed4220z,joy,joy,0.00075965794,0.00024291255,0.0003778343,0.99783474,0.00025509557,0.00052984664
ed42at1,joy,joy,0.0008942885,0.00024348526,0.00040519563,0.9975706,0.00044792207,0.00043847083
ed42jkm,joy,joy,0.0009722241,0.00028313114,0.00035958967,0.99760556,0.0003157596,0.0004636974
ed42lw0,surprise,surprise,0.0024164554,0.0010489024,0.0008891203,0.0015486856,0.0008956867,0.9932012
ed452ih,joy,joy,0.0028368365,0.00033187508,0.0007878031,0.95040023,0.0028122792,0.042830933
ed45q9i,joy,joy,0.0014063906,0.0002993937,0.0003741376,0.99576265,0.00020437078,0.0019531788
ed46tmd,joy,joy,0.00074989384,0.00025604505,0.00042642484,0.9970667,0.00020003185,0.0013008771
ed46u5f,anger,anger,0.9559826,0.012724566,0.0010273164,0.005669511,0.020513233,0.0040826956
ed46zau,surprise,surprise,0.0036066798,0.0009884844,0.00082338584,0.0023156821,0.001025341,0.99124044
ed48tq9,joy,joy,0.001955496,0.00017499395,0.0006887916,0.9952331,0.0008775613,0.0010700814
ed4951j,joy,joy,0.0009160977,0.00015733333,0.00040960463,0.9971374,0.00030020362,0.0010793981
ed497m1,anger,sadness,0.03730136,0.013644417,0.004637564,0.0074229576,0.9351468,0.0018469092
ed49941,joy,surprise,0.13107334,0.0027371764,0.013566882,0.19656591,0.181541,0.47451574
ed499ib,joy,joy,0.00088144414,0.00022325531,0.00039288733,0.9971711,0.00022298057,0.001108354
ed4apbg,anger,sadness,0.18894394,0.24906236,0.008497807,0.023941077,0.5178646,0.01169022
ed4b4ov,joy,joy,0.0008615659,0.00014693978,0.00032987312,0.9974716,0.00040136848,0.00078877487
ed4cjqt,joy,joy,0.0023900724,0.00051121257,0.00043346715,0.9951355,0.00037073757,0.0011589804
ed4cr1y,joy,joy,0.0011591039,0.00017460935,0.0005507544,0.99043906,0.0038972804,0.0037791515
ed4cyt9,sadness,sadness,0.005220099,0.0015188762,0.0012932307,0.006833343,0.9835253,0.001609226
ed4cz1y,joy,joy,0.00096715183,0.00014671433,0.0005664647,0.99711967,0.00040667463,0.00079340336
ed4d4ee,anger,anger,0.9537119,0.0026864647,0.0010701112,0.033536308,0.0030906056,0.0059046787
ed4dhnu,joy,anger,0.94814086,0.0025494865,0.0014652902,0.01740321,0.013786937,0.016654186
ed4dycq,joy,joy,0.0010093494,0.00014778279,0.0003274911,0.9975331,0.00045329976,0.0005289805
ed4edc8,surprise,anger,0.9021039,0.0025459593,0.00092472555,0.067175135,0.01839003,0.008860187
ed4ejil,joy,joy,0.0013690824,0.00016720194,0.00034546087,0.9955923,0.0013115081,0.0012144259
ed4eldw,anger,anger,0.9639071,0.0042012464,0.0017438986,0.005068959,0.009091974,0.015986754
ed4f4io,surprise,surprise,0.35818052,0.013791859,0.001699035,0.028883263,0.1831799,0.4142655
ed4f5d5,anger,sadness,0.048064455,0.028711645,0.2563554,0.020425338,0.6263555,0.020087613
ed4fqyy,joy,joy,0.0007612552,0.0002504061,0.00039594862,0.99779046,0.00024943176,0.0005524808
ed4g81o,joy,joy,0.0014778634,0.0001611549,0.00021042187,0.99688846,0.00036394186,0.00089813315
ed4gvkj,joy,joy,0.0017704109,0.00015559119,0.00026399395,0.9965778,0.00048095736,0.0007512512
ed4hgjl,joy,joy,0.0010024789,0.0002577237,0.00038925544,0.9975062,0.00025691927,0.0005875223
ed4hovs,anger,anger,0.6157004,0.002006841,0.0018108172,0.34192067,0.0054958244,0.033065468
ed4iqff,surprise,surprise,0.008641395,0.00069908076,0.0011012552,0.0065896157,0.0027303456,0.9802383
ed4jdrq,anger,anger,0.9759654,0.004770278,0.00199,0.012988173,0.0021981765,0.0020880534
ed4jos7,joy,joy,0.12685834,0.0036046493,0.099583566,0.5651862,0.12039294,0.08437427
ed4k39t,joy,joy,0.0005841711,0.00018221405,0.0003343104,0.99675626,0.00022885863,0.0019141369
ed4lguq,joy,joy,0.00822917,0.00041435627,0.00068916415,0.97434866,0.001601936,0.014716652
ed4m0qz,sadness,sadness,0.0037799063,0.0014730198,0.004283459,0.010490961,0.9772132,0.0027594888
ed4m5zc,anger,anger,0.9757749,0.0045661563,0.001965249,0.0046533947,0.0055014575,0.0075388304
ed4n562,joy,joy,0.15794493,0.002010729,0.012579058,0.6359892,0.080784075,0.11069204
ed4n83o,joy,joy,0.0010651319,0.00045285243,0.0011774602,0.9953164,0.0009616518,0.0010264445
ed4n9mh,joy,joy,0.0034556505,0.00022131375,0.0002640947,0.9945168,0.00033390333,0.0012082173
ed4o321,sadness,sadness,0.003284049,0.0015246983,0.0020470505,0.0057254294,0.9857778,0.0016409999
ed4om9w,joy,joy,0.0011772378,0.00018592046,0.00024859293,0.9973335,0.00026185653,0.00079297094
ed4owvs,joy,joy,0.09237196,0.0019342611,0.008117948,0.6477101,0.031999204,0.21786651
ed4pnnx,joy,sadness,0.0075047426,0.002022184,0.0060978536,0.078719854,0.9036426,0.0020128426
ed4qloq,joy,sadness,0.0107464595,0.0019435026,0.0016646592,0.048248556,0.93368727,0.0037095777
ed4qssq,joy,joy,0.0009839627,0.0002561385,0.0003622801,0.99752194,0.00025342204,0.00062230707
ed4r072,surprise,surprise,0.04361167,0.0015963459,0.0009938952,0.005297078,0.0033081458,0.9451928
ed4r6ko,surprise,surprise,0.0038516074,0.0013425814,0.0011943637,0.0010171569,0.002724557,0.98986965
ed4rm1t,joy,joy,0.0017000892,0.00024897358,0.00037497035,0.9906831,0.00042650758,0.0065663564
ed4thg4,surprise,surprise,0.012571433,0.0013107547,0.0009703144,0.004350474,0.002328116,0.9784691
ed4thnt,joy,joy,0.0008164483,0.00021405802,0.0003112486,0.9977319,0.000295246,0.00063098327
ed4txch,joy,joy,0.0010816844,0.00018505023,0.00032576532,0.9915678,0.0025581939,0.004281565
ed4vatk,joy,joy,0.0007212282,0.00020108747,0.00035890052,0.99776876,0.0004982097,0.00045182725
ed4vpp0,joy,joy,0.0008561348,0.0002871028,0.00038808407,0.9975606,0.00021776884,0.00069031847
ed4vs6p,joy,joy,0.0007996946,0.00025705688,0.00035459572,0.9977787,0.00024532355,0.00056462653
ed4w2oh,joy,fear,0.026583614,0.017271938,0.8323562,0.042295553,0.04819208,0.03330063
ed4xr41,joy,joy,0.05983534,0.0012419388,0.0009802228,0.8739069,0.047045775,0.016989782
ed4ygno,joy,joy,0.0006877938,0.0002372385,0.00062568847,0.9935242,0.0005589461,0.0043661604
ed4ykdw,anger,anger,0.72880954,0.0033620857,0.004774588,0.054206956,0.04338818,0.16545853
ed4zcdd,joy,joy,0.018237319,0.0006209291,0.0008099702,0.9630727,0.015029468,0.002229607
ed4ze36,sadness,anger,0.58603436,0.026224636,0.0036235468,0.011009531,0.3318817,0.041226275
ed4zr3n,joy,joy,0.0009294229,0.0002470627,0.00034903205,0.99765754,0.0003945998,0.0004222676
ed5030i,disgust,disgust,0.035342984,0.91668266,0.017271264,0.010616206,0.014766963,0.005319982
ed50cyl,joy,joy,0.0018974517,0.00021867034,0.00026345055,0.99641764,0.0003770979,0.0008256205
ed50xtl,joy,sadness,0.019387642,0.001436616,0.007221083,0.21543114,0.7455117,0.011011708
ed518pl,surprise,surprise,0.08140502,0.002174975,0.0014385361,0.008482258,0.012116675,0.8943825
ed52ler,joy,joy,0.001023141,0.00025684357,0.00034334316,0.99747,0.00027921028,0.00062750676
ed5379v,joy,joy,0.0008871999,0.00017301051,0.00029285054,0.9977422,0.00037888423,0.0005258325
ed539gj,joy,joy,0.044482984,0.00076484133,0.0025396505,0.8065391,0.017548263,0.12812516
ed53gec,surprise,surprise,0.00311029,0.0012706124,0.0020439401,0.003854674,0.0007801856,0.9889403
ed53qtu,joy,joy,0.0008146117,0.00015224879,0.00032196875,0.99336797,0.0005020551,0.004841155
ed55h8g,joy,joy,0.0015819982,0.0002976749,0.0005156548,0.9893918,0.0003622608,0.007850534
ed55unt,anger,joy,0.016139587,0.0005438373,0.000810421,0.9393624,0.036148086,0.0069956463
ed57mql,joy,joy,0.0032497742,0.00028584772,0.0005027807,0.9933437,0.0011528281,0.001465001
ed57pil,sadness,sadness,0.0030204551,0.0015354959,0.0016659204,0.0034463133,0.9878563,0.00247544
ed59o8s,fear,fear,0.0024770761,0.0057019745,0.9769117,0.002772086,0.006444122,0.0056929872
ed5apbb,sadness,sadness,0.004217878,0.0014727726,0.0011374698,0.0071886256,0.98461366,0.0013695838
ed5bi7l,anger,anger,0.9778969,0.0054972977,0.0007589437,0.0044772956,0.008057304,0.0033122816
ed5c6jr,anger,anger,0.98143893,0.0031293195,0.001125275,0.0049713408,0.0036875596,0.0056474674
ed5cew6,joy,anger,0.51369405,0.0019061499,0.0043747495,0.39087427,0.06570082,0.02344996
ed5d4hm,joy,sadness,0.16504543,0.0048508407,0.002674527,0.31289002,0.40863428,0.105904855
ed5eobg,joy,joy,0.027344495,0.0014321071,0.0053670164,0.54466015,0.005545166,0.41565105
ed5f1q6,disgust,disgust,0.07041175,0.878813,0.021128181,0.011560569,0.00982913,0.008257283
ed5gjn6,sadness,anger,0.9440537,0.0059564654,0.0014552593,0.008968962,0.02427832,0.0152872745
ed5gooc,joy,joy,0.00093930576,0.00026734924,0.00042187612,0.99760985,0.0002765214,0.00048503076
ed5h3jh,joy,joy,0.0012921809,0.00031781144,0.00043539942,0.996797,0.0004992933,0.0006583479
ed5h943,joy,joy,0.0012348932,0.00015952518,0.000248302,0.9962043,0.00053003023,0.001622848
ed5hig8,anger,anger,0.92656344,0.04136688,0.0022534158,0.010690881,0.016815292,0.002310065
ed5hj2l,joy,joy,0.08851888,0.0011765755,0.0008813548,0.90542465,0.0011278215,0.0028708098
ed5hvl8,anger,sadness,0.42349517,0.005402213,0.0072155464,0.08000196,0.44718894,0.036696117
ed5i830,joy,joy,0.00059891527,0.00017967672,0.00036136282,0.9977101,0.00027016332,0.00087984855
ed5j08t,joy,joy,0.00092804834,0.0003012754,0.0003068591,0.99623436,0.00028437073,0.0019451283
ed5kt98,anger,anger,0.9346213,0.002217645,0.00073572283,0.03947439,0.006360402,0.0165907
ed5kxo0,anger,anger,0.7846204,0.003925237,0.0010834287,0.07527097,0.0119944485,0.123105586
ed5l0tn,sadness,surprise,0.121315755,0.0027006012,0.0020945314,0.01789159,0.012424069,0.8435735
ed5mopu,joy,joy,0.0020230873,0.00019338698,0.00032078652,0.996265,0.000424044,0.0007736981
ed5mpux,joy,joy,0.0008188812,0.00021519193,0.00033462612,0.99780804,0.00031241938,0.00051089126
ed5nylq,joy,joy,0.0018479121,0.00027119156,0.00030814693,0.9965731,0.00029371973,0.00070589373
ed5oc9p,joy,joy,0.01643932,0.000278954,0.0004017508,0.9694308,0.002714188,0.010734941
ed5p2c5,joy,joy,0.0035672823,0.00028717052,0.0022244118,0.98905236,0.0006844663,0.0041843024
ed5qm6b,surprise,surprise,0.069106795,0.0020691322,0.005217515,0.040173195,0.006551564,0.8768819
ed5qov9,surprise,surprise,0.14440387,0.0024934069,0.0018966318,0.014025188,0.0025347471,0.83464617
ed5qsc8,surprise,surprise,0.0031365904,0.00080187083,0.00084922847,0.0045283088,0.0010422762,0.9896417
ed5qx5t,joy,joy,0.0030295474,0.00037039898,0.0003570915,0.99480706,0.0002989091,0.0011370379
ed5qyw2,anger,anger,0.96505183,0.0065802718,0.0026399721,0.010126406,0.010269441,0.005332008
ed5rqvs,surprise,surprise,0.0033074643,0.00084359205,0.0019830863,0.015743647,0.0068188165,0.97130334
ed5sdtd,joy,joy,0.04828864,0.0007474873,0.0006915524,0.94136065,0.0015236711,0.0073879818
ed5tyie,joy,joy,0.0015512151,0.00018685343,0.00027253313,0.99550676,0.0002858548,0.0021966558
ed5u01p,surprise,surprise,0.0028024851,0.0012408444,0.001247232,0.0013652764,0.00090096425,0.99244314
ed5u38w,joy,joy,0.0019925465,0.00038608952,0.00053226977,0.99442756,0.00028204627,0.002379474
ed5ukmx,sadness,sadness,0.039573442,0.0128231775,0.0021436976,0.005135712,0.93512845,0.0051955567
ed5wsbs,surprise,surprise,0.009190314,0.0015353065,0.0007606461,0.0015336594,0.0032428363,0.9837373
ed5x1f6,surprise,surprise,0.08849028,0.0036407239,0.0014863682,0.0051015615,0.014502033,0.88677907
ed5xoxn,sadness,sadness,0.0036429854,0.0020344437,0.0017243836,0.0027412786,0.9884899,0.0013670506
ed5ycja,joy,joy,0.00093989534,0.00023668716,0.00031441863,0.99754995,0.00023367035,0.0007253026
ed5yole,surprise,surprise,0.01766672,0.0010539884,0.001110886,0.007984257,0.0036041467,0.9685801
ed60dfe,joy,joy,0.00068458816,0.00014045155,0.00027543172,0.9974821,0.00040247873,0.0010150373
ed60yz3,sadness,joy,0.12699105,0.0023724944,0.025405753,0.33344284,0.24180797,0.26997995
ed62jtl,joy,joy,0.00093898433,0.00026088508,0.00025992398,0.99698514,0.00040057406,0.0011545443
ed634g5,joy,anger,0.9404419,0.005018249,0.0008413043,0.038472123,0.003510595,0.011715904
ed636aq,anger,anger,0.951841,0.003560282,0.0015796841,0.009392317,0.015982378,0.017644396
ed63mrs,joy,joy,0.00075589895,0.00021912706,0.00032872573,0.99791425,0.00028634857,0.0004956127
ed6510j,sadness,sadness,0.0055153216,0.0020778163,0.003265141,0.051179063,0.9357655,0.0021971604
ed65r76,joy,joy,0.0008407042,0.00023012864,0.00035431056,0.99775,0.00026845766,0.0005564487
ed66hh7,joy,joy,0.0032997841,0.00026904928,0.0003111926,0.99366343,0.0013504602,0.0011061181
ed66vje,joy,surprise,0.013402771,0.0028119923,0.07070178,0.37038994,0.020499121,0.52219445
ed67gsa,anger,sadness,0.40768215,0.009594355,0.0040393146,0.08208004,0.4728021,0.023802033
ed67mlu,anger,anger,0.88337153,0.04810224,0.0036783195,0.005645288,0.042663496,0.01653909
ed687vy,anger,anger,0.9754919,0.01015976,0.0020317088,0.0021550097,0.0055923364,0.004569281
ed69rsr,sadness,joy,0.008498834,0.00046933434,0.00036390618,0.9806076,0.007799278,0.0022610181
ed69zd7,joy,joy,0.0011053341,0.00020947479,0.00034642094,0.9957111,0.00023095644,0.0023967451
ed6bk6k,joy,joy,0.0027439797,0.00028166076,0.00025622477,0.9951504,0.00060339895,0.00096437585
ed6c8bw,joy,joy,0.0010948102,0.00015787226,0.00034877795,0.9971495,0.00027281756,0.00097628933
ed6cqtx,anger,anger,0.9814224,0.0066954643,0.0010389643,0.0024439741,0.00565769,0.0027414905
ed6d0ia,joy,joy,0.0022609367,0.00033609255,0.0004927313,0.9955355,0.0002751956,0.0010995008
ed6d5zv,sadness,sadness,0.005964742,0.0031359466,0.0019159585,0.0048051663,0.9825812,0.0015969527
ed6epcn,joy,joy,0.0028768566,0.000267572,0.00031260177,0.9943455,0.00059699774,0.0016004569
ed6ew8p,surprise,surprise,0.0029636975,0.00081105635,0.0013534974,0.002139566,0.0011984629,0.9915337
ed6h9fn,joy,joy,0.001014032,0.0001705151,0.00027412726,0.99736327,0.0002670146,0.0009111018
ed6hxg1,surprise,surprise,0.004107712,0.00080819667,0.0008365008,0.004625265,0.0013005073,0.98832184
ed6j5va,joy,joy,0.071745515,0.0011446577,0.0006089656,0.9191609,0.0014620158,0.005877955
ed6k723,surprise,anger,0.67179793,0.0068969103,0.0023054613,0.008992728,0.009681799,0.30032513
ed6la2m,joy,surprise,0.04073587,0.00201921,0.0019329516,0.005708995,0.004575121,0.9450279
ed6m4ue,sadness,sadness,0.0022834407,0.0016452804,0.0013955245,0.0025830825,0.9902992,0.0017934327
ed6m76o,joy,joy,0.0032189018,0.00023440844,0.0002668996,0.9946287,0.00095615606,0.0006948844
ed6n5gf,anger,anger,0.9637788,0.012239454,0.0011123789,0.007029533,0.012864784,0.0029751477
ed6ngy7,joy,joy,0.004993403,0.00022840935,0.00040883993,0.9845881,0.001715557,0.008065645
ed6p459,joy,joy,0.0010683278,0.00020278704,0.0003160357,0.9973464,0.00064387626,0.00042260194
ed6pxm7,joy,joy,0.025947524,0.001804139,0.0026717612,0.69842947,0.26383457,0.007312504
ed6qw4q,joy,joy,0.0020102065,0.00022239544,0.00024656026,0.9964768,0.0004940679,0.00054994965
ed6r4ra,joy,joy,0.009502535,0.0002844369,0.0009806051,0.98215,0.0010968044,0.0059856735
ed6rd1b,joy,joy,0.0007111334,0.00016192699,0.00033662695,0.99787366,0.00027316468,0.00064357894
ed6rggk,joy,joy,0.00075934257,0.00023213067,0.00032545417,0.9966275,0.00020119606,0.0018543776
ed6rir0,anger,anger,0.9625255,0.0023864652,0.0008666034,0.008117383,0.005180831,0.02092317
ed6ul2b,anger,anger,0.9640538,0.01895364,0.0021917217,0.0017186853,0.009978907,0.0031033303
ed6um9g,joy,joy,0.0047187326,0.000776454,0.0008578504,0.9840844,0.0006976975,0.008864809
ed6vidl,anger,anger,0.94262433,0.028590875,0.0020037852,0.0018224248,0.015609054,0.009349605
ed6xmfq,anger,joy,0.005100342,0.00044117664,0.00047174454,0.97697836,0.00059504394,0.016413273
ed6xtbd,surprise,surprise,0.015948685,0.0018941121,0.0014769356,0.008594092,0.004032857,0.96805334
ed6ybvx,joy,joy,0.0045308913,0.0002917611,0.00040949398,0.9900843,0.0010439536,0.0036396098
ed6ydx6,joy,joy,0.00093246956,0.00019413004,0.00026882795,0.99571615,0.0002901414,0.0025982994
ed6zn5o,joy,joy,0.053056967,0.001501061,0.0069617247,0.8375936,0.015890803,0.08499584
ed6znzl,anger,anger,0.75190353,0.026272543,0.007840276,0.0070723235,0.14094366,0.0659677
ed6zrk9,joy,joy,0.048210908,0.00056889217,0.00076378457,0.9412562,0.0062733293,0.002926918
ed6zuzu,surprise,surprise,0.0024014267,0.0018213873,0.0028988223,0.06487789,0.0034098618,0.9245906
ed70lwg,anger,anger,0.90147644,0.0028858166,0.0029155014,0.07099715,0.008826414,0.012898709
ed71eue,joy,joy,0.23567104,0.007056144,0.047312472,0.53169847,0.096939474,0.08132234
ed72fq8,joy,joy,0.0012409451,0.0001763503,0.00040575967,0.9971712,0.00035764312,0.0006481415
ed72i91,joy,joy,0.0005585204,0.00029959617,0.00110416,0.99081486,0.0009484614,0.006274376
ed742s9,anger,anger,0.5981155,0.0023673358,0.0025144273,0.24736223,0.015383647,0.13425688
ed74bwo,sadness,joy,0.048812237,0.0007454438,0.00049976265,0.9347215,0.004371788,0.010849284
ed75h49,joy,joy,0.00077717484,0.00021962612,0.000792397,0.9970138,0.000493688,0.0007032206
ed75mwq,joy,joy,0.0010501972,0.00020743583,0.00030036215,0.99766964,0.00033676196,0.00043566088
ed75n7b,surprise,fear,0.04957044,0.041809097,0.5164509,0.007802988,0.005748243,0.3786184
ed76wz1,anger,joy,0.023763899,0.001696764,0.008353848,0.58241755,0.038526427,0.3452415
ed76ymh,surprise,joy,0.016890587,0.0007322606,0.002465076,0.75143623,0.005970672,0.22250517
ed771hj,anger,anger,0.9604497,0.024610003,0.0012593721,0.0023861811,0.008308432,0.0029864407
ed77vlt,joy,joy,0.007396525,0.0002504344,0.0004660934,0.9817708,0.0019961544,0.008120036
ed789j9,anger,joy,0.01723968,0.0006052448,0.00048631954,0.9754342,0.0019391692,0.00429545
ed789oa,anger,anger,0.8105115,0.015847398,0.0034745953,0.006916434,0.15807608,0.005174037
ed78e4a,joy,joy,0.0009843617,0.00023025721,0.00029315142,0.99755645,0.00022490208,0.0007108233
ed78zbr,joy,joy,0.0009197764,0.0002258953,0.00029061738,0.9975171,0.00022974495,0.0008168078
ed798hs,joy,joy,0.0008981792,0.00021427103,0.00036474824,0.9974208,0.00024345334,0.00085860986
ed79vgg,joy,joy,0.00078623334,0.00023929076,0.00034326068,0.99773693,0.00023709098,0.00065714563
ed79wg9,joy,joy,0.012373172,0.0009962728,0.013301163,0.92410874,0.0016636201,0.04755702
ed7a6xm,joy,joy,0.12693845,0.0007763908,0.00093588955,0.8422336,0.0084959455,0.020619735
ed7dhq6,joy,joy,0.0008201895,0.00024551255,0.000368413,0.99776125,0.00028735696,0.0005172125
ed7dq81,joy,joy,0.0027104877,0.0002830669,0.0012402106,0.9925532,0.0012801521,0.00193282
ed7e2hj,joy,joy,0.011831716,0.00061360217,0.0014016443,0.8899912,0.0027557327,0.09340607
ed7fxqb,joy,joy,0.0007233235,0.00020030847,0.0003607824,0.9967719,0.00027673878,0.0016669242
ed7g3d1,joy,joy,0.0009643614,0.00023524635,0.0003501165,0.99754274,0.000327267,0.0005803214
ed7gmxc,joy,joy,0.00083974056,0.00014427378,0.00026377558,0.9972818,0.00059221336,0.000878117
ed7hzmm,joy,joy,0.0013861096,0.0003281491,0.000385577,0.9968413,0.00023767784,0.00082119775
ed7ifbd,anger,joy,0.045049235,0.001171684,0.00048764335,0.9416736,0.006533088,0.0050848117
ed7ih9j,joy,joy,0.0011488671,0.0002148577,0.00027942483,0.9974732,0.00026678646,0.0006169156
ed7in74,joy,joy,0.00077313324,0.00018414248,0.00043780787,0.9973213,0.00083808287,0.00044549615
ed7iob0,sadness,sadness,0.010377577,0.002432806,0.005023883,0.0025897,0.9767952,0.002780821
ed7j682,anger,anger,0.96232396,0.0029357912,0.0008697516,0.007912762,0.0054763,0.020481396
ed7k2l8,surprise,surprise,0.0070314207,0.00076742447,0.00085504923,0.037457738,0.0033347195,0.9505537
ed7k2zr,sadness,anger,0.4947923,0.45425323,0.0123320455,0.009949949,0.021078989,0.0075933943
ed7kjyz,anger,anger,0.933197,0.026881725,0.0051664566,0.0019531474,0.021363797,0.01143787
ed7nsgn,joy,joy,0.0018813394,0.00029734857,0.00036482528,0.99553525,0.0001966747,0.0017245006
ed7o351,surprise,surprise,0.0034170789,0.0007064054,0.00087296875,0.0025046347,0.0012559269,0.991243
ed7oedr,joy,joy,0.0008126482,0.0002800961,0.00036122935,0.99718314,0.00020582913,0.0011570026
ed7okk7,joy,joy,0.0062089995,0.0003624087,0.0013722904,0.9816104,0.007916926,0.0025290027
ed7q8la,sadness,sadness,0.01636176,0.003966192,0.0034735445,0.0031549155,0.969737,0.0033064575
ed7qnc8,joy,joy,0.0008837073,0.00033570512,0.00046595687,0.9956262,0.00022026307,0.00246822
ed7r36s,joy,anger,0.97142136,0.0033612698,0.00081871374,0.008274579,0.003979949,0.012144232
ed7rdog,fear,fear,0.0023155618,0.0056013167,0.97818756,0.0033440902,0.0047772424,0.005774163
ed7rdvg,surprise,surprise,0.004695199,0.0012028051,0.0025080757,0.28443223,0.0020524622,0.7051092
ed7t6le,anger,anger,0.9293142,0.0062459214,0.0030424518,0.03705945,0.012935749,0.011402212
ed7t8y6,joy,joy,0.0011899377,0.00050015684,0.00063204067,0.9963122,0.00031092396,0.0010548157
ed7uq8z,anger,anger,0.9486989,0.0258319,0.0067029465,0.0022019634,0.005273996,0.01129031
ed7uvgp,anger,anger,0.9371184,0.004335072,0.0018044963,0.025168857,0.026285654,0.0052874675
ed7vich,joy,joy,0.0035529013,0.00045693698,0.0007764003,0.99427164,0.00047144666,0.00047062393
ed7vrbb,joy,joy,0.00086633774,0.00019987697,0.0002885319,0.99773705,0.0003111368,0.0005969729
ed7wr4n,sadness,joy,0.14614226,0.026860174,0.006853384,0.45416817,0.33724687,0.028729081
ed7wzat,joy,joy,0.001993485,0.0002531758,0.0003654489,0.9779488,0.00061875937,0.018820304
ed7x1dv,joy,surprise,0.0036841885,0.0010470259,0.0017253469,0.26412094,0.0020718502,0.72735065
ed7y785,joy,joy,0.0010820116,0.00020958635,0.0003756456,0.99743634,0.00029433434,0.0006020131
ed7yt94,surprise,surprise,0.00482448,0.001318549,0.000832629,0.0012760318,0.000940925,0.9908075
ed7zetw,joy,joy,0.0011095456,0.00015275084,0.00025218603,0.9959747,0.00028676394,0.0022240786
ed80ht2,anger,surprise,0.16304502,0.0016530673,0.0030885115,0.118805915,0.028982729,0.68442476
ed81ent,joy,joy,0.0029758129,0.00014698217,0.00042777555,0.9887832,0.0013321104,0.0063340957
ed81s2q,joy,joy,0.001588576,0.00025001043,0.00036041922,0.9966273,0.0002787191,0.000894989
ed834kd,surprise,surprise,0.0025523813,0.0012328186,0.00094550126,0.0018646971,0.00088295335,0.9925216
ed84nf6,joy,joy,0.00085991126,0.00022940611,0.00034980124,0.9975042,0.00023444467,0.000822245
ed84prk,joy,joy,0.0009890549,0.0001263432,0.0002442938,0.99593383,0.0004793502,0.0022270998
ed84ryl,anger,anger,0.90890145,0.0027377245,0.00066406844,0.04383941,0.00704916,0.036808245
ed852ln,joy,anger,0.4433066,0.0024121588,0.004186999,0.39929757,0.0785275,0.07226919
ed85llg,surprise,surprise,0.0054357867,0.001230183,0.0014043225,0.0017461173,0.0019468983,0.9882367
ed8a2j2,joy,anger,0.78734976,0.0027533108,0.0015015216,0.17577308,0.0181924,0.014429861
ed8a2zl,fear,surprise,0.005197088,0.0007099821,0.0009380487,0.013219363,0.0016469385,0.97828853
ed8a5c4,joy,joy,0.0023731133,0.0005843634,0.0008446459,0.95765024,0.00042599894,0.038121622
ed8aq1x,joy,joy,0.0012777267,0.00021345625,0.00032375418,0.9953903,0.002063069,0.00073165586
ed8b4pl,joy,joy,0.0012123949,0.00019899647,0.00031967572,0.9973009,0.00029359187,0.0006745028
ed8c3bc,surprise,surprise,0.0031124847,0.0010308017,0.0010327051,0.008880484,0.0011418017,0.9848017
ed8cb35,joy,joy,0.0010847362,0.00026302427,0.00035928175,0.9974807,0.0002816902,0.0005305641
ed8dk2l,joy,surprise,0.072671115,0.0041202414,0.0017984473,0.01408286,0.036755003,0.87057227
ed8dyzo,anger,joy,0.4680682,0.0063075093,0.0045391014,0.49500376,0.01467775,0.0114036435
ed8ezdf,surprise,surprise,0.029654272,0.0010742211,0.0008831449,0.01605506,0.0032762485,0.94905704
ed8f6ed,joy,joy,0.0006553192,0.00019614525,0.0003838225,0.99787116,0.00043999197,0.0004535706
ed8ffzr,surprise,joy,0.021419365,0.0005274288,0.00042685837,0.96148163,0.0022523047,0.013892413
ed8hpi6,joy,joy,0.0011727215,0.00023684822,0.00033343222,0.9974438,0.00026805475,0.00054518704
ed8j9f1,joy,sadness,0.07584556,0.008380862,0.0071177064,0.011462877,0.8850428,0.012150245
ed8ja96,anger,anger,0.58777994,0.038433664,0.0072678896,0.17580527,0.12064105,0.070072226
ed8khhp,surprise,joy,0.062427297,0.0029713945,0.0061693275,0.5738005,0.013671623,0.34095985
ed8kkru,sadness,sadness,0.010675515,0.0017827677,0.0020787818,0.36664262,0.612499,0.0063213524
ed8kqr6,anger,anger,0.85917187,0.005399552,0.0021172583,0.011806552,0.019818777,0.10168592
ed8l11g,joy,sadness,0.009111555,0.002391669,0.002442101,0.29513013,0.6870277,0.0038968874
ed8ma5b,joy,joy,0.0013362527,0.0002035394,0.00031064954,0.99706984,0.00023354363,0.0008461542
ed8mfs6,joy,joy,0.0007483974,0.00017377484,0.00032493137,0.9978746,0.0003584874,0.00051968126
ed8n4fx,anger,anger,0.9453384,0.0067776437,0.0022914617,0.010072224,0.01893531,0.016584948
ed8owug,surprise,surprise,0.009605718,0.0013644348,0.0009820001,0.0012791961,0.0014218111,0.9853469
ed8ph77,joy,joy,0.0012930665,0.00025361634,0.00025167436,0.99717724,0.00037089782,0.00065352645
ed8ppdm,sadness,sadness,0.002121065,0.0017245329,0.0023435869,0.0031960441,0.98887444,0.0017403433
ed8prm1,joy,joy,0.0016119364,0.00022885634,0.00033731307,0.99624926,0.00060956174,0.00096308935
ed8pz0b,surprise,joy,0.018692458,0.0014722431,0.0011592708,0.591887,0.001003038,0.38578606
ed8qg1b,joy,joy,0.00071356265,0.0003467954,0.00047014025,0.99408275,0.00024932434,0.004137349
ed8qrpt,joy,joy,0.001339206,0.00014531733,0.00026805213,0.9968454,0.00039086738,0.001011057
ed8r2a0,sadness,joy,0.008096057,0.0003664815,0.0017012323,0.96853787,0.013732754,0.007565681
ed8r4ip,surprise,surprise,0.0057720016,0.001145638,0.00064255355,0.00258724,0.0008342566,0.9890183
ed8rl4h,sadness,surprise,0.18770348,0.010856675,0.0049613183,0.010370277,0.19787243,0.5882358
ed8snbd,joy,joy,0.0013364546,0.0002593515,0.00068190263,0.99395293,0.0014452107,0.0023242256
ed8srqm,joy,joy,0.00062419823,0.00020934617,0.00036307477,0.99782133,0.0002459215,0.0007361497
ed8t0es,sadness,sadness,0.0042076875,0.0014655888,0.0010079908,0.013095532,0.9768464,0.0033767873
ed8tc9g,joy,joy,0.00068781566,0.00016316766,0.00036709275,0.99769324,0.0003069289,0.00078174076
ed8tvqs,fear,joy,0.002655653,0.0014257296,0.008884188,0.79399306,0.0042587467,0.18878269
ed8v5nu,joy,joy,0.0046524564,0.00039141602,0.00035222218,0.993083,0.00031918092,0.0012016724
ed8vrmf,joy,joy,0.018243749,0.0004907606,0.0005696173,0.9710896,0.0057358276,0.0038705042
ed8w7gr,anger,joy,0.0082079815,0.0002851667,0.00061985344,0.97527754,0.0009764925,0.014632987
ed8wbdn,joy,joy,0.427276,0.002422231,0.0016359339,0.55005807,0.00566473,0.012943081
ed8wcui,surprise,surprise,0.100903064,0.002238358,0.0020855942,0.0048164106,0.011465569,0.87849104
ed8x2fo,joy,anger,0.9714807,0.013883051,0.0014641143,0.003010595,0.0035814417,0.00658016
ed8x7f0,sadness,sadness,0.0032996654,0.008724045,0.0061235647,0.0033142532,0.97606,0.0024784794
ed8y73y,joy,joy,0.0006975479,0.00027066283,0.00037225126,0.99738675,0.00026493613,0.0010078374
ed8yxv4,joy,joy,0.013700352,0.00028805624,0.00032682664,0.9813669,0.0011806493,0.0031372886
ed906jd,joy,joy,0.00063040963,0.00023249327,0.0003786843,0.99775225,0.00026392972,0.0007422054
ed90jf1,joy,joy,0.00083523727,0.00023159706,0.00037703125,0.9975431,0.00024147185,0.00077160273
ed92vsm,joy,joy,0.0024436857,0.00041148099,0.0007324942,0.97815037,0.00048755514,0.017774463
ed945nb,anger,anger,0.90681696,0.06938714,0.0024592674,0.0035904127,0.015050947,0.0026953418
ed94fpa,joy,joy,0.020381909,0.0064890953,0.003283833,0.70102215,0.0037423396,0.2650807
ed94pne,joy,joy,0.00085340976,0.00015494159,0.0002451718,0.9975516,0.00030897357,0.0008859639
ed9594m,sadness,sadness,0.002730829,0.0013867732,0.001615237,0.0058775754,0.9862336,0.0021559119
ed95rgs,anger,anger,0.49903557,0.00474461,0.0012169841,0.24554361,0.05330779,0.19615142
ed95s39,joy,joy,0.0008295906,0.00018909019,0.0003765535,0.99772674,0.00039548974,0.00048251485
ed97dbu,surprise,surprise,0.008662358,0.0010749759,0.00076140324,0.0025727027,0.0010464727,0.98588216
ed97fbm,surprise,surprise,0.004184482,0.0014073721,0.0015846917,0.0017211806,0.0011580371,0.9899442
ed98itb,anger,anger,0.7512542,0.004746732,0.0025736075,0.012161203,0.032192897,0.19707143
ed9a9an,joy,joy,0.008694414,0.00049350143,0.0006330194,0.97260714,0.0008242385,0.016747698
ed9ax77,joy,joy,0.00078096107,0.0002574607,0.0003554367,0.99739707,0.0001959429,0.0010131384
ed9b84g,fear,joy,0.0019213742,0.0016707282,0.0022958803,0.94542193,0.00102375,0.0476663
ed9bb1e,joy,joy,0.0012180726,0.00022495985,0.00084785523,0.9916466,0.00072565663,0.0053368337
ed9bjy1,anger,anger,0.9577796,0.015088773,0.0035939517,0.005670115,0.009320673,0.0085470015
ed9bsv5,anger,anger,0.97540003,0.013488938,0.0017642835,0.0036287105,0.0039259484,0.0017921361
ed9d406,joy,joy,0.22946835,0.0034850508,0.0049032955,0.45773318,0.022004917,0.2824052
ed9draz,anger,anger,0.7831946,0.030386431,0.11751694,0.039110582,0.024019066,0.0057723764
ed9du7w,joy,joy,0.019965343,0.0005407627,0.0021290302,0.87062275,0.020355556,0.086386465
ed9dxjx,joy,joy,0.0015163751,0.00014547181,0.00023335041,0.9962924,0.0004044631,0.0014079174
ed9el2q,joy,joy,0.0016909922,0.00014582026,0.00022520772,0.9952864,0.00041447548,0.0022370676
ed9ev0u,anger,anger,0.94348496,0.004491231,0.0018737447,0.0054999255,0.011802716,0.032847382
ed9fota,anger,anger,0.6428332,0.006768873,0.0015203066,0.011508032,0.010336221,0.3270333
ed9fuw6,joy,joy,0.0012543609,0.00022508504,0.0002962417,0.9969599,0.00021553047,0.0010488571
ed9gnqk,joy,joy,0.0012279149,0.00017846047,0.0003235782,0.9960996,0.0014164728,0.00075392524
ed9hk24,surprise,surprise,0.016110288,0.0015525579,0.0008738775,0.0018729577,0.0032644887,0.9763258
ed9i4ms,surprise,joy,0.0065200576,0.0005314768,0.0009075659,0.97556996,0.013181761,0.0032892423
ed9i7wi,sadness,sadness,0.04888682,0.0023577805,0.0036169793,0.07230394,0.4622377,0.4105968
ed9iha9,joy,joy,0.0012868467,0.00049467315,0.0031313992,0.9904293,0.002450012,0.0022078438
ed9iq25,sadness,sadness,0.012817482,0.009987674,0.009354636,0.10080408,0.81578463,0.051251378
ed9iqxx,anger,anger,0.6210371,0.011383511,0.0034458754,0.0053850994,0.025801301,0.33294705
ed9ja2v,surprise,surprise,0.005912819,0.0009202783,0.00096524484,0.0032686838,0.0047760624,0.9841569
ed9ke46,surprise,surprise,0.01711007,0.0012098077,0.0010278767,0.0021138948,0.0029596935,0.9755786
ed9km8y,joy,surprise,0.0037459151,0.0018299822,0.0018389386,0.07055668,0.001050929,0.92097753
ed9kn4h,fear,fear,0.18003517,0.10853025,0.51720786,0.03675105,0.04332195,0.11415372
ed9lggf,joy,joy,0.0015347933,0.0002560449,0.00025744617,0.9970214,0.00042531764,0.0005049397
ed9ml2t,joy,joy,0.0014454909,0.00020830118,0.00026889628,0.99700505,0.00043936924,0.0006328987
ed9mue6,joy,joy,0.0011083768,0.00028728772,0.00067645183,0.9970547,0.00042921488,0.00044392445
ed9n3uc,joy,joy,0.013886076,0.0008440116,0.00075843895,0.918039,0.06284532,0.0036271468
ed9o906,joy,joy,0.00070718693,0.0002711175,0.00042126692,0.9975655,0.00021008519,0.00082486233
ed9p80l,sadness,sadness,0.0023951111,0.0012706966,0.0026075537,0.0056133685,0.98556733,0.0025459465
ed9q1ey,joy,joy,0.0019427345,0.00018158235,0.00038696674,0.9964251,0.00031319194,0.0007504055
ed9qblv,anger,joy,0.0030161361,0.00023572732,0.0003977787,0.99375004,0.0008235335,0.0017767019
ed9rrmq,surprise,surprise,0.015827559,0.0011543705,0.0010040904,0.014906786,0.0029029963,0.96420413
ed9s8qe,fear,fear,0.0018988745,0.0067650983,0.9705503,0.0033549413,0.014732188,0.0026985325
ed9s9ql,joy,joy,0.00081647374,0.00024468248,0.000354786,0.99729306,0.00027854115,0.001012403
ed9sbjx,joy,joy,0.0015849563,0.00022070775,0.00043919066,0.99692863,0.00029224643,0.0005343614
ed9se1o,anger,disgust,0.14321327,0.807215,0.012601889,0.007050944,0.025358083,0.004560845
ed9si6l,joy,joy,0.0048307874,0.00021000029,0.0003214664,0.99004704,0.001158529,0.0034321256
ed9tcta,joy,joy,0.001195068,0.00023925657,0.000329915,0.9969229,0.00019582939,0.0011170295
ed9tg67,sadness,sadness,0.021488573,0.0112790335,0.0020416856,0.0043332637,0.95730716,0.0035503018
ed9tlgg,surprise,surprise,0.0072721485,0.0012437633,0.0010151154,0.0026211436,0.0012247127,0.9866231
ed9tny7,sadness,sadness,0.0030096862,0.0014262672,0.0023456868,0.0031534398,0.98823583,0.0018291572
ed9ugmn,anger,anger,0.94201386,0.0446688,0.0024199977,0.00222874,0.006525717,0.0021428748
ed9v2fq,joy,joy,0.0008838702,0.00020975247,0.00040430517,0.9959105,0.0020037591,0.0005878677
ed9va29,joy,joy,0.0009672816,0.00017619277,0.0004350638,0.99708265,0.0002587079,0.0010800489
ed9vdyn,sadness,sadness,0.0026627637,0.0023295635,0.0020980625,0.0069887643,0.98367935,0.0022415034
ed9vlt4,joy,joy,0.010177179,0.0015439184,0.0013494951,0.77697873,0.001196272,0.20875439
ed9vrk8,joy,joy,0.0017347855,0.0003044128,0.00031808222,0.99579084,0.00025726703,0.0015945398
ed9vzc6,joy,joy,0.09255824,0.0019631078,0.0027810533,0.8193474,0.040377516,0.04297274
ed9wacu,joy,joy,0.0016976616,0.00015814048,0.00030294838,0.99665797,0.00053474464,0.0006485534
ed9wp1v,joy,joy,0.0011577825,0.00017716183,0.00029440664,0.9956339,0.00023731709,0.0024993725
ed9x205,joy,joy,0.07625486,0.0008674282,0.0006928488,0.9139389,0.0040050955,0.004240961
ed9x6oj,surprise,anger,0.745277,0.10245262,0.0056686434,0.004357817,0.106671594,0.035572235
ed9x6ys,joy,joy,0.001116069,0.00016553832,0.00030024213,0.99663025,0.0003531191,0.0014348237
ed9xbtq,surprise,surprise,0.026465353,0.0022402813,0.0014197293,0.004739818,0.00830461,0.9568302
ed9xljw,sadness,sadness,0.0016781009,0.0015250787,0.0018608671,0.0032817468,0.9892586,0.002395618
ed9yczw,anger,anger,0.89528114,0.0070498474,0.0010444187,0.022611307,0.06594024,0.008073032
ed9yqux,surprise,surprise,0.017634936,0.0016650165,0.0011510283,0.0017899044,0.0020080076,0.97575116
eda0ay3,joy,joy,0.001482988,0.00020764153,0.00024529066,0.9968843,0.0003909402,0.00078878953
eda0l6x,disgust,joy,0.05945054,0.044011425,0.011798968,0.82992125,0.052032236,0.0027856068
eda0s71,joy,joy,0.0007488878,0.0002144237,0.00034007302,0.99771273,0.00020447266,0.00077935716
eda0z96,surprise,surprise,0.017865103,0.0018718173,0.0018553289,0.0017331105,0.004121863,0.9725528
eda1rzm,joy,joy,0.19186878,0.004174323,0.0019476798,0.5567585,0.23983708,0.0054136403
eda1v2b,joy,joy,0.0119252745,0.00053147343,0.00054420513,0.9672558,0.010863317,0.008879941
eda1xr0,joy,joy,0.0009516802,0.00019788164,0.00029259795,0.99748933,0.0005785975,0.0004899416
eda29ux,joy,joy,0.0018921816,0.00022332705,0.00038782597,0.9939335,0.00023858233,0.0033246498
eda2et3,joy,joy,0.0015428286,0.00017325814,0.0002776198,0.9967547,0.00053902034,0.0007125683
eda2j5f,surprise,surprise,0.005882328,0.0010729461,0.0009192882,0.0012501436,0.0023077934,0.9885675
eda2ojj,joy,joy,0.022839721,0.0013497768,0.00083793513,0.97233385,0.0011910294,0.0014477407
eda2umi,joy,joy,0.0009728593,0.00021227851,0.00033246647,0.9975441,0.0003061084,0.00063215755
eda36is,surprise,joy,0.008774443,0.0013346585,0.0016769026,0.587349,0.0029066692,0.39795837
eda379g,joy,joy,0.007061311,0.00025429044,0.0003005191,0.9894497,0.00045741696,0.002476799
eda3kjv,joy,joy,0.00081430166,0.00015021651,0.00039954687,0.9961532,0.00051989884,0.0019628806
eda3o0v,surprise,surprise,0.004101496,0.0010985167,0.000715125,0.001996018,0.00074230187,0.99134654
eda4fz8,anger,disgust,0.35865933,0.5805889,0.025384376,0.01416981,0.016723521,0.00447405
eda5wrg,joy,joy,0.029535906,0.00078567426,0.00039147006,0.9664315,0.0013821309,0.0014732686
eda6oxu,joy,joy,0.0010232012,0.00020642705,0.0003096639,0.9971866,0.00024006826,0.0010340029
eda6ps6,joy,joy,0.0007670812,0.00020449547,0.0003377023,0.9976909,0.00027700077,0.0007227807
eda6snp,sadness,sadness,0.02469447,0.13790421,0.020243382,0.011891326,0.7816079,0.023658698
eda72p2,joy,joy,0.0014372577,0.00019692564,0.00029135324,0.9969927,0.00026489285,0.0008168134
eda73bz,surprise,sadness,0.005762999,0.0037040582,0.0078305695,0.0059681525,0.9239654,0.05276885
eda7mhs,joy,joy,0.0009780246,0.0002876355,0.0003560077,0.9976051,0.00030271502,0.00047052282
eda7r6p,joy,joy,0.0071094707,0.0004601097,0.0004052782,0.98661983,0.00031092853,0.005094335
eda86hg,joy,joy,0.0012933101,0.0001565995,0.00026252007,0.99729425,0.00034777663,0.00064548064
eda8yr3,joy,joy,0.000894337,0.00019392258,0.00029490472,0.99772745,0.00032307257,0.000566328
eda94ey,joy,joy,0.0013173439,0.00028325236,0.00042101965,0.99704415,0.00027610778,0.00065813004
eda9a2v,joy,sadness,0.41224736,0.0194281,0.0023596943,0.019453682,0.53141606,0.01509501
eda9o9n,anger,joy,0.00792378,0.0007221329,0.0022000289,0.672571,0.012495439,0.3040877
edac89h,surprise,surprise,0.011905061,0.001763622,0.00090425316,0.0026412357,0.007239488,0.97554636
edaclnn,sadness,anger,0.9217519,0.011664883,0.0044766925,0.0043947008,0.04992069,0.0077911452
edad65q,anger,anger,0.9775684,0.004396185,0.00275505,0.008926558,0.0031311493,0.0032227035
edadwra,surprise,surprise,0.002277268,0.0013902531,0.0010622354,0.0025509642,0.00061112153,0.99210817
edae4oq,joy,joy,0.06798356,0.0010618548,0.006132839,0.9049278,0.0049526235,0.014941258
edaeifc,joy,joy,0.001306535,0.00020069275,0.0002802295,0.99717003,0.00028594022,0.0007565763
edaeja3,anger,anger,0.9438726,0.009628771,0.0013765448,0.003005343,0.011876698,0.030240119
edaf2k0,joy,joy,0.00083004875,0.00038705193,0.0007767469,0.9890177,0.0002862085,0.008702251
edafeh3,joy,joy,0.011385449,0.0004269073,0.0004114195,0.98613703,0.0005616958,0.0010774818
edafnd4,joy,joy,0.0010885735,0.00024361555,0.00032056298,0.9974706,0.00036453502,0.0005122196
edafycb,anger,sadness,0.056410696,0.19662778,0.14406097,0.014635879,0.577554,0.010710687
edagiq0,anger,anger,0.9568039,0.008013906,0.0011847055,0.003473198,0.0046999003,0.025824308
edahcsp,fear,fear,0.002477127,0.005494216,0.97018135,0.003972471,0.007886156,0.009988754
edahfis,anger,joy,0.11807012,0.0009097984,0.0050479467,0.8410097,0.013563683,0.021398766
edahpld,joy,joy,0.00085052836,0.00022641582,0.0004860543,0.99757653,0.00037348623,0.00048702568
edailua,joy,joy,0.0025151055,0.00034263238,0.00033068133,0.9954093,0.0003585242,0.001043686
edaj4wr,sadness,sadness,0.0018179432,0.0016462362,0.0015657464,0.005035523,0.98597056,0.003964029
edanfr2,joy,joy,0.00090322446,0.00028449882,0.00032707068,0.9975579,0.0002843103,0.0006429916
edao1af,joy,joy,0.00079548085,0.00017250761,0.00028974158,0.99761057,0.00023582303,0.0008959668
edapcoj,joy,joy,0.0007070458,0.00015467523,0.0004635973,0.9973279,0.0007779937,0.0005687401
edapdmw,surprise,surprise,0.0069277463,0.0010803463,0.003673673,0.03831183,0.0077246167,0.9422818
edapo1l,anger,anger,0.7088605,0.0064688344,0.0074704587,0.0379227,0.09718678,0.14209068
edaq4ff,fear,surprise,0.021361249,0.0028951343,0.005978913,0.09718214,0.18361406,0.68896854
edar26i,joy,joy,0.25253612,0.002513827,0.001911857,0.69559944,0.038350675,0.009088108
edar45c,sadness,sadness,0.002156137,0.0016345988,0.0017318457,0.0054990565,0.9872542,0.0017242492
edarftv,anger,joy,0.07315873,0.00085913815,0.00057439896,0.9165605,0.0022164355,0.006630774
edasil4,anger,sadness,0.12812467,0.13533686,0.040104404,0.14296694,0.49768052,0.05578656
edasvri,joy,joy,0.0009230122,0.00022726893,0.00032342086,0.9976483,0.0002229518,0.00065508945
edat20u,joy,joy,0.0040156096,0.00020914694,0.0004741801,0.9936427,0.0004377046,0.0012206858
edauqtr,joy,joy,0.0021910374,0.00016967441,0.0002466722,0.9952668,0.0005566775,0.0015691557
edauvy5,anger,anger,0.6735307,0.02733574,0.049911216,0.19238548,0.04363202,0.013204816
edav9d9,joy,joy,0.0007397015,0.00018400261,0.00028920022,0.9976705,0.00027105917,0.0008455423
edawvau,sadness,joy,0.01713315,0.0015533521,0.01113494,0.9599518,0.007866999,0.0023597665
edawyul,disgust,anger,0.5847985,0.32395536,0.0067420583,0.014283912,0.065401495,0.004818658
eday23l,anger,sadness,0.24739039,0.008548494,0.005392219,0.04386647,0.6617436,0.033058792
edayn8h,joy,joy,0.0009849152,0.00024983517,0.00036089972,0.99750453,0.00022273694,0.0006770911
edaz1g3,joy,joy,0.0009111432,0.00023117856,0.00030504807,0.99762064,0.00047499227,0.00045688252
edb0010,sadness,sadness,0.013154369,0.007307564,0.02150188,0.015878884,0.893396,0.048761196
edb05r9,sadness,joy,0.08128315,0.0008379727,0.0011152449,0.74796253,0.0126784975,0.1561225
edb0aie,joy,joy,0.001110008,0.00021202803,0.00033947572,0.9967006,0.00036131835,0.0012766274
edb0t57,sadness,sadness,0.009601907,0.009385021,0.012922755,0.003852474,0.9593843,0.0048534847
edb1181,joy,joy,0.0005787921,0.00015437504,0.0003076184,0.9977921,0.00043451786,0.0007326233
edb12rg,joy,joy,0.111288615,0.0024492666,0.004787969,0.44862542,0.13831203,0.2945367
edb2koh,joy,joy,0.16266987,0.004691859,0.018170139,0.5085823,0.07878356,0.2271023
edb32c8,surprise,surprise,0.012764232,0.0013024942,0.0025544327,0.015177985,0.006565875,0.96163493
edb5q30,anger,sadness,0.09416518,0.0023028874,0.0024258047,0.3794523,0.39560807,0.12604578
edb82pz,joy,anger,0.6984777,0.004388699,0.011426533,0.04054263,0.025120934,0.22004357
edb8980,anger,anger,0.89441323,0.002680246,0.00096153154,0.092925355,0.004910688,0.0041089617
edb8jq3,anger,anger,0.97855693,0.008226624,0.0016580712,0.0027353598,0.00470275,0.0041202065
edb8opj,joy,joy,0.00078476197,0.0002320377,0.00037037814,0.9961922,0.00021938569,0.002201211
edb9chd,joy,joy,0.25483173,0.0026147615,0.001286792,0.45915976,0.01589708,0.2662099
edb9iph,joy,joy,0.0009373343,0.00022990341,0.00035655146,0.9973049,0.00021750093,0.00095377554
edb9zcg,surprise,surprise,0.0024451164,0.001244867,0.0015687102,0.0017467279,0.002134679,0.9908599
edbbnj9,joy,joy,0.0040738536,0.0002845751,0.00028313254,0.9938718,0.0003155796,0.0011711073
edbbwc0,surprise,surprise,0.12392933,0.003818967,0.0066523347,0.024312515,0.10282093,0.7384659
edbc6cb,joy,joy,0.0008082553,0.0002285867,0.00035055776,0.99669856,0.00020975234,0.0017042796
edbc6vs,anger,anger,0.95382774,0.003690457,0.0011771406,0.0045630685,0.006491715,0.030249711
edbd221,anger,sadness,0.35173118,0.0060815597,0.009025227,0.048578665,0.51193243,0.072650984
edbdkc0,surprise,surprise,0.011891269,0.00086920673,0.0009565292,0.057893343,0.0016401244,0.92674947
edbdtxe,joy,anger,0.5447118,0.0026337225,0.017808314,0.35117626,0.028637689,0.05503215
edbfrmc,surprise,surprise,0.0037944992,0.0008943015,0.0017557881,0.006773022,0.008343021,0.9784394
edbger6,joy,joy,0.0013432398,0.00020212424,0.00044746933,0.9922236,0.00030417452,0.0054792785
edbgls5,sadness,sadness,0.0110290535,0.0043573454,0.0020071322,0.0029456825,0.9767268,0.0029340796
edbh6xs,joy,joy,0.0015425415,0.00052623166,0.0007136079,0.9950577,0.00036096195,0.0017989904
edbhhsz,surprise,surprise,0.0067827613,0.0007705004,0.0006511596,0.003317655,0.0012577767,0.98722017
edbhp4a,joy,joy,0.009276498,0.00078413234,0.0024799334,0.8888762,0.006863395,0.091719836
edbi2sj,joy,joy,0.001300109,0.00020395976,0.00032969637,0.9968562,0.0007222779,0.00058771844
edbij5y,joy,joy,0.001397489,0.00035312833,0.00075970235,0.99664766,0.00034285896,0.0004992428
edbj7q5,surprise,surprise,0.0027484023,0.0012250562,0.0014279665,0.0014240036,0.0014219084,0.9917527
edbj8cc,joy,fear,0.0022045535,0.0048978077,0.9675977,0.0051419022,0.011995756,0.0081622135
edbkh9e,anger,anger,0.9559077,0.002635756,0.0013877185,0.019870881,0.004558078,0.015639804
edbkwjs,joy,joy,0.00089374505,0.00018266813,0.00030143466,0.9977149,0.00028870467,0.0006186595
edblvyy,joy,joy,0.0014386551,0.0001647076,0.00021474833,0.9969959,0.00028930415,0.00089666154
edbnqz4,joy,joy,0.0010123551,0.0002107142,0.00031732474,0.99758625,0.00033780554,0.0005354822
edbo3pj,joy,joy,0.00084649713,0.0001723717,0.00030530914,0.9977756,0.00027153897,0.0006285533
edbopoo,joy,joy,0.0009866151,0.00021568991,0.0003739171,0.9972132,0.0007339348,0.00047662703
edbpaxt,sadness,sadness,0.016073398,0.0023171292,0.001624216,0.0133968,0.94401705,0.02257142
edbrmlc,joy,joy,0.0008414519,0.00023099182,0.00032877055,0.9974842,0.0002896792,0.0008248971
edbs01s,surprise,surprise,0.0049430015,0.0009422149,0.0010034733,0.0019031367,0.0008271025,0.99038094
edbs60w,joy,joy,0.0015350528,0.00017603772,0.0002648235,0.99659294,0.00025727102,0.0011737801
edbs9ek,joy,joy,0.00093209284,0.00017595715,0.00025146714,0.997558,0.00042459532,0.00065787206
edbsb5d,joy,joy,0.0009821918,0.00022561829,0.00030493742,0.9976306,0.00030021952,0.0005564222
edbtn4k,surprise,surprise,0.2200401,0.0042001684,0.0010196745,0.008816971,0.008966719,0.7569564
edbtv81,joy,joy,0.001450986,0.00018204909,0.00030860575,0.9971712,0.0003613278,0.0005257748
edbufq5,sadness,sadness,0.0016802503,0.0018604484,0.0018505522,0.0039584422,0.9893072,0.0013431582
edbuhuq,joy,surprise,0.2697552,0.003737636,0.0061901035,0.16183934,0.03145433,0.5270233
edbv52u,joy,joy,0.08241801,0.0009050562,0.0005550084,0.9081623,0.0034246615,0.0045349235
edbvk03,sadness,fear,0.004156238,0.008110781,0.9143729,0.030556787,0.023715427,0.019087894
edbwqxk,sadness,surprise,0.04348622,0.0021633643,0.0083612865,0.1461804,0.07571919,0.7240895
edbyfsl,sadness,sadness,0.0071407612,0.00232219,0.003002097,0.0061354307,0.9751965,0.0062029655
edc00ec,joy,joy,0.0006081874,0.00015920855,0.00030606412,0.9973494,0.00036244927,0.001214753
edc0k4g,joy,joy,0.0008213147,0.00015402178,0.00028641368,0.99730575,0.00030291875,0.001129583
edc1215,joy,joy,0.0012615757,0.000158282,0.00018580728,0.99669504,0.00056707347,0.0011321759
edc31f3,joy,joy,0.15034796,0.004388152,0.0033131912,0.7953688,0.039163433,0.0074185487
edc32e2,joy,surprise,0.15187617,0.0036822115,0.0034782276,0.16223621,0.03789254,0.6408346
edc37yv,anger,disgust,0.111247756,0.8315815,0.014796525,0.012052957,0.025112811,0.005208407
edc3l8g,joy,joy,0.18121232,0.004741522,0.003461325,0.7609939,0.034633193,0.014957716
edc3sra,joy,joy,0.0014850522,0.00019133642,0.00091772625,0.9950611,0.0009297434,0.0014149906
edc4l1j,fear,joy,0.22616844,0.012020028,0.13958451,0.5350086,0.00860877,0.07860964
edc4l2f,surprise,surprise,0.17134354,0.028962065,0.013458639,0.06636649,0.071914636,0.64795464
edc4t6p,anger,anger,0.9088386,0.0050600455,0.0012427616,0.05016265,0.017408127,0.017287655
edc664g,joy,joy,0.0007643668,0.00018441919,0.00035193763,0.99777645,0.00042963066,0.00049322104
edc7t96,anger,anger,0.71407074,0.0058452417,0.0131598795,0.23457913,0.010137683,0.022207368
edc82vb,joy,joy,0.0027194319,0.00017241383,0.00034080265,0.99241686,0.0011790913,0.0031713345
edc8gjx,joy,joy,0.0015967126,0.00029697237,0.00050368893,0.99640876,0.00035066594,0.0008431962
edc8obg,joy,joy,0.0022163445,0.00024224682,0.00029236043,0.9958882,0.00023148641,0.0011294495
edc8vp2,sadness,surprise,0.20787978,0.0017372129,0.0052116388,0.3488707,0.06613768,0.370163
edc97k2,anger,anger,0.97707945,0.0025776208,0.001180795,0.00590003,0.0052067577,0.008055345
edc97vm,anger,anger,0.5075465,0.00198018,0.0047132922,0.41898423,0.015505385,0.051270448
edc99tj,anger,surprise,0.07028854,0.0019695635,0.0021718678,0.030818833,0.05257284,0.8421784
edcb15c,joy,joy,0.00073526544,0.00023158225,0.00037227038,0.99762964,0.0002521747,0.00077901327
edcb1xh,joy,joy,0.008805162,0.00046958306,0.0008752593,0.87740844,0.002611381,0.10983013
edcbdr7,joy,joy,0.0010229474,0.00020382743,0.00022842464,0.9972741,0.0004980135,0.0007727425
edcbftr,joy,joy,0.00065359013,0.00020498941,0.0003428987,0.99773055,0.0002680776,0.0007999084
edcbp40,anger,anger,0.874702,0.002886888,0.0007568961,0.081248686,0.02374896,0.016656594
edccc9t,surprise,surprise,0.008061981,0.001074009,0.0010399596,0.0027231758,0.00319455,0.98390627
edcd3k2,joy,joy,0.0029159656,0.00020977248,0.00027265484,0.99510264,0.00042403463,0.0010749619
edcdbo8,disgust,anger,0.5955258,0.019960107,0.0035516203,0.027613714,0.34415233,0.009196429
edcdy5e,surprise,surprise,0.04236226,0.0026611062,0.0028269386,0.01008854,0.03961139,0.9024497
edce83s,surprise,anger,0.6561596,0.006657068,0.0015760721,0.022104178,0.059214115,0.254289
edcey51,joy,joy,0.005443452,0.00046520232,0.0037281637,0.9516424,0.029816886,0.0089038825
edcfv20,joy,joy,0.0008721169,0.00019253393,0.00036108564,0.99654084,0.0006700496,0.0013634036
edcg0uu,joy,joy,0.0014309724,0.0009568472,0.0017325957,0.95855653,0.00052594737,0.036797088
edchv04,surprise,surprise,0.0035049298,0.0018689205,0.004427318,0.0044771484,0.010412025,0.97530955
edckbco,sadness,anger,0.96178037,0.004841948,0.00083760824,0.006324809,0.01723726,0.008977895
edckk6p,sadness,sadness,0.0037531168,0.0016992902,0.0022829897,0.012394082,0.97291416,0.0069563333
edcl4gl,joy,joy,0.0011664173,0.00021569409,0.00026355914,0.997145,0.00023601303,0.0009733065
edcl7vt,joy,joy,0.001984992,0.00022076753,0.00031328952,0.99640673,0.0002958642,0.00077824126
edcltjm,joy,joy,0.001006265,0.0002493466,0.00036244895,0.9972481,0.00023009782,0.0009036581
edclxfh,anger,anger,0.6861381,0.017945798,0.0019054828,0.08705357,0.19152401,0.015432988
edclzyv,joy,joy,0.0009957927,0.00039461136,0.00046872252,0.99689686,0.00023255085,0.0010115242
edcm44d,joy,fear,0.120965295,0.05370712,0.403972,0.18332116,0.18140122,0.056633204
edcmhdm,sadness,sadness,0.015689837,0.007340706,0.057718825,0.009969056,0.8176184,0.09166317
edcnlhd,anger,surprise,0.041941956,0.0057062693,0.007936285,0.0059158877,0.025473913,0.9130258
edcnsgk,joy,joy,0.00048453224,0.00019093341,0.00045026783,0.9976714,0.00033431815,0.0008684782
edco2wn,joy,joy,0.009133526,0.00034797244,0.0004949854,0.985897,0.0010866871,0.003039865
edcoull,joy,joy,0.0008070056,0.00018123476,0.00027232023,0.99786085,0.00029383795,0.0005847329
edcpx85,joy,joy,0.0016828458,0.00017454076,0.00053598516,0.99368423,0.002349416,0.0015729086
edcq85a,joy,joy,0.008184898,0.002226863,0.0037713884,0.9833823,0.0012932839,0.0011412014
edcqf5m,sadness,sadness,0.0017175704,0.0021940193,0.0027297954,0.0037557695,0.9877994,0.0018034837
edcqldi,joy,joy,0.0009936828,0.00025381308,0.00033213446,0.997417,0.00021793587,0.0007854946
edcqznz,joy,anger,0.6469625,0.0026134301,0.0017266019,0.26082763,0.040335868,0.047533922
edcrbbw,joy,joy,0.0028733413,0.00043021847,0.00032342988,0.99524623,0.00042925187,0.0006974277
edcs9ap,anger,joy,0.10430074,0.0008777506,0.0017289917,0.8710325,0.0036753148,0.018384662
edcsadm,anger,anger,0.9646501,0.0087852245,0.0011753927,0.0022032827,0.00462635,0.018559614
edcsp2t,fear,fear,0.002708516,0.005332042,0.974116,0.0043031033,0.0072777513,0.0062625846
edcsxvx,anger,anger,0.9439449,0.015709393,0.0014947432,0.006749628,0.022103863,0.009997504
edcsyti,joy,joy,0.0008282401,0.00019275534,0.00026195231,0.997256,0.00032709056,0.0011339398
edct2hw,joy,joy,0.0013195622,0.00019441206,0.00029879424,0.9971409,0.00031068173,0.0007357432
edcunta,sadness,sadness,0.067782626,0.0074419947,0.0068189045,0.0051611513,0.89348745,0.019307898
edcvq7k,surprise,sadness,0.253445,0.016672214,0.0050362977,0.03405126,0.6809428,0.009852528
edcwcxl,joy,joy,0.0006237248,0.00025243862,0.00041230445,0.9978683,0.0002882324,0.0005550044
edcxf38,joy,joy,0.0010400908,0.00014171739,0.0004017091,0.99628615,0.0011807034,0.0009496692
edcy0mu,joy,joy,0.0010438433,0.00020608184,0.00045914546,0.9972161,0.00023501329,0.000839841
edcyblz,joy,joy,0.0015488773,0.00019194292,0.0003407054,0.9964252,0.0003155996,0.0011776142
edd0e85,joy,joy,0.0038751876,0.0003762453,0.0008801393,0.9885273,0.0010579205,0.005283206
edd0f8h,surprise,surprise,0.009337068,0.0012417965,0.003274379,0.13221891,0.008959277,0.84496856
edd0jx1,joy,joy,0.000729343,0.00017410217,0.00035906676,0.9978054,0.00041607942,0.00051603664
edd0lc6,joy,joy,0.0047612386,0.00016892512,0.00065457704,0.9894108,0.0011212963,0.0038831946
edd2mqr,anger,anger,0.4413571,0.34402603,0.09319276,0.039699618,0.06936795,0.0123565355
edd33xq,surprise,surprise,0.0057356763,0.0010387341,0.0014195921,0.009451164,0.0019431366,0.98041165
edd3hn8,sadness,sadness,0.00683284,0.0027981012,0.00537517,0.1929464,0.7894316,0.0026159214
edd6qi9,joy,joy,0.0185604,0.0007534773,0.00055041024,0.9762245,0.0021401623,0.0017710644
edd7i8r,anger,anger,0.97788423,0.0065506133,0.0016753486,0.0043153786,0.005246463,0.0043278374
edd7mc3,surprise,anger,0.82623386,0.0037149247,0.0015151853,0.011755987,0.0067654476,0.15001465
eddasw8,joy,joy,0.0012966449,0.00021301184,0.00027237926,0.9970059,0.00029887035,0.0009132729
eddb18s,joy,joy,0.00095098,0.00015259506,0.00032051883,0.99621993,0.0013412515,0.001014726
eddbaz6,surprise,surprise,0.0023506589,0.0012470082,0.0010320325,0.010401299,0.0011282022,0.98384076
eddbgmp,surprise,surprise,0.006480031,0.0010644788,0.002001479,0.002927081,0.003254262,0.9842727
eddd9oc,anger,anger,0.9286055,0.014431449,0.002411374,0.009197899,0.04164824,0.0037055677
edde3zh,joy,joy,0.015178543,0.0005800874,0.0004882493,0.9184062,0.0024170957,0.06292987
edde6k4,sadness,sadness,0.006236617,0.0023265562,0.0011660493,0.0035681669,0.98526263,0.0014399501
eddfuuq,joy,joy,0.0016409255,0.00015166393,0.00035678863,0.9954165,0.0006179885,0.001816157
eddhg5e,joy,joy,0.0011903703,0.00075456104,0.0012518138,0.9862256,0.0003800857,0.010197495
eddiw7j,joy,joy,0.2528507,0.0026216847,0.013304253,0.46781802,0.23714592,0.026259413
eddj6h7,joy,sadness,0.04357237,0.0037739142,0.00653684,0.16014385,0.6566338,0.12933928
eddlcoz,joy,joy,0.0014676624,0.00017222935,0.00029810547,0.9965268,0.00083585415,0.00069936307
eddlms9,sadness,sadness,0.044108003,0.008385957,0.0020640253,0.012440954,0.92955494,0.0034461643
eddlqd3,joy,joy,0.0009465577,0.00024496243,0.0003352746,0.9975309,0.00021409958,0.00072824827
eddmawp,surprise,surprise,0.012749802,0.001869559,0.0028065431,0.02217798,0.011048808,0.94934726
eddn2u3,anger,anger,0.93577814,0.003659621,0.0010744953,0.023401737,0.01622007,0.019865898
eddo15s,anger,anger,0.8572439,0.0026714487,0.005581414,0.102511466,0.017720325,0.014271505
eddoi5r,joy,joy,0.0017229468,0.00017105442,0.00042876942,0.996582,0.00036864175,0.0007265796
eddqi93,joy,joy,0.00084700534,0.00030908152,0.0004916856,0.99744344,0.00033247794,0.0005763287
eddrt3j,joy,joy,0.018435327,0.00051380246,0.00037929814,0.9697091,0.0008145542,0.010147917
eddt244,sadness,sadness,0.002898118,0.0015216322,0.0012354294,0.003175839,0.9888399,0.002329035
eddtem6,joy,joy,0.020137148,0.0004971726,0.0004341266,0.9643115,0.002060565,0.012559469
eddua1w,joy,joy,0.0021644544,0.00021985458,0.00040318133,0.9951265,0.0005263674,0.001559697
eddvlos,joy,surprise,0.0109838,0.0022130478,0.0021996475,0.29981512,0.0016294043,0.683159
eddyedw,anger,anger,0.9741527,0.011296565,0.00097117684,0.00356602,0.006326165,0.0036874197
eddyopo,joy,joy,0.0040866258,0.0010354023,0.005443964,0.7967515,0.1782756,0.01440682
ede0cfe,joy,joy,0.0006695915,0.00024606113,0.00038303906,0.9960504,0.00020391484,0.0024470831
ede0hwl,sadness,sadness,0.0020005377,0.0016364884,0.0028111953,0.0022310494,0.99001044,0.0013103386
ede0xwo,joy,joy,0.002342671,0.00021522224,0.00040913367,0.99490863,0.0006044205,0.0015199644
ede2n97,sadness,sadness,0.010572742,0.0031546107,0.020272566,0.22691077,0.6219607,0.11712865
ede3956,joy,joy,0.003409008,0.00025157936,0.0003140606,0.9940308,0.0012479579,0.00074658956
ede3vyo,joy,joy,0.0020244631,0.0001468005,0.00023633466,0.99615747,0.00040774437,0.0010272295
ede44x0,joy,joy,0.0010150116,0.0002494787,0.0003259863,0.9969927,0.00020769045,0.0012090829
ede4d2y,joy,joy,0.0017250477,0.00044239918,0.00066770666,0.9854688,0.0109887095,0.0007073606
ede4eb7,joy,joy,0.0018177386,0.00060328224,0.0031258643,0.976611,0.0012452918,0.016596805
ede5awv,surprise,surprise,0.003107895,0.001724363,0.0009955829,0.0013268491,0.00086417724,0.99198115
ede5fb8,surprise,joy,0.0022264405,0.00085198996,0.0031405364,0.84161574,0.002143785,0.1500215
ede79xe,fear,fear,0.004211168,0.009056686,0.95978045,0.003086264,0.004009497,0.019855835
ede7nap,joy,joy,0.0007345842,0.00019021417,0.00029804642,0.9976948,0.00026007975,0.0008223049
ede7p7v,joy,joy,0.007865554,0.0004904709,0.0003321152,0.9899762,0.0006090818,0.0007265778
edea6k4,joy,joy,0.16084711,0.0011800972,0.0011992946,0.70995164,0.029406771,0.097415075
edeavts,sadness,sadness,0.009547446,0.0027182102,0.002616565,0.009185372,0.97135735,0.0045750355
edebf9q,joy,joy,0.0016004386,0.00032284443,0.00038141684,0.9966378,0.00039871933,0.00065878284
ededup0,anger,anger,0.77907425,0.0047623212,0.0031351736,0.022606965,0.11663,0.07379131
edefa67,anger,sadness,0.055353783,0.0040042503,0.017020991,0.007283994,0.90230864,0.01402834
edeff0w,joy,joy,0.009870074,0.00044813764,0.00041229525,0.98632705,0.0014725318,0.0014699628
edefvxi,joy,joy,0.014026346,0.00044021828,0.0007360965,0.9820702,0.0010927548,0.0016343852
edefxih,joy,joy,0.0006989386,0.00016956145,0.0002865447,0.99621695,0.0005315987,0.0020964
edefxlz,joy,joy,0.0028564485,0.00017560823,0.00050717243,0.9926334,0.0005735347,0.0032539063
edegxpq,joy,joy,0.005642453,0.00055908307,0.00047889046,0.9865882,0.0008875399,0.0058438834
edeh7a0,joy,sadness,0.054942604,0.0043191775,0.0071913144,0.009506442,0.9099604,0.014080105
edehf77,sadness,sadness,0.012392595,0.0045761196,0.0053798486,0.00905445,0.9248275,0.04376938
edehggx,surprise,joy,0.010205344,0.001496683,0.0024149746,0.74445647,0.000927348,0.24049921
edejkal,anger,anger,0.9633867,0.009247661,0.0010778635,0.0092166215,0.0075204778,0.009550707
edem2rf,joy,joy,0.0018552067,0.00017537386,0.00031649438,0.99583495,0.0009715477,0.000846412
edem7oj,sadness,sadness,0.00520526,0.0044029322,0.0070010037,0.0027191322,0.97865343,0.002018204
edenasb,joy,joy,0.0013708151,0.00023778989,0.00032589302,0.9971942,0.00038811323,0.00048321855
edeopai,surprise,surprise,0.008116515,0.0012716723,0.0018605457,0.03277696,0.0028918833,0.9530824
edeoy0e,anger,anger,0.9765386,0.005382127,0.0013023904,0.0040010475,0.0070707942,0.005705036
edep4fo,joy,joy,0.0008099391,0.0002020631,0.00032018853,0.9967739,0.00022804372,0.0016658049
edepc9e,joy,joy,0.0011381707,0.00019163113,0.00026641402,0.9974267,0.00028852306,0.0006886232
edepdmb,joy,sadness,0.012675824,0.0017960379,0.0092128655,0.009650719,0.9645287,0.0021359152
edeq9vx,joy,joy,0.00086245855,0.0002632654,0.00038002682,0.99748707,0.00022740476,0.0007798391
edeql27,disgust,anger,0.56837374,0.005172714,0.001351048,0.4110733,0.00921917,0.004810022
eder9of,joy,joy,0.00079842145,0.00016035805,0.00025969915,0.997465,0.00032123172,0.0009952832
edeu7ff,joy,joy,0.00085143786,0.00021290706,0.00030888707,0.9976604,0.00044551012,0.00052086
edev1wi,joy,joy,0.002426464,0.00030175076,0.0003598462,0.99312496,0.00085155945,0.0029353849
edeva3y,surprise,sadness,0.033932053,0.0054890127,0.0011036157,0.005245843,0.95011425,0.0041151894
edevom9,joy,joy,0.000841827,0.00023315106,0.00035926083,0.99772996,0.00032067325,0.00051512587
edewppy,surprise,surprise,0.055749252,0.0016479478,0.0041782167,0.013561534,0.024255855,0.90060717
edewrth,surprise,surprise,0.03434794,0.0014477785,0.0022093044,0.24008302,0.024930406,0.69698155
edewwds,joy,surprise,0.006793536,0.001665318,0.0029874016,0.4712753,0.0019560885,0.5153223
edexsoz,sadness,sadness,0.22178902,0.058478124,0.004061255,0.0132675,0.68594205,0.016462075
edeyrtv,anger,anger,0.87917376,0.0071573174,0.003796328,0.011425299,0.086369924,0.012077358
edez10j,joy,joy,0.0021690486,0.0001414688,0.0002609522,0.9947113,0.0014288559,0.0012883437
edf0czg,surprise,surprise,0.022514718,0.0021766287,0.0013504622,0.18813545,0.010375521,0.7754472
edf1zmd,joy,surprise,0.01008688,0.003800743,0.0025108734,0.106459565,0.0037597138,0.8733823
edf2ecc,joy,joy,0.0011986676,0.00024081231,0.00033934222,0.99656576,0.0001965629,0.0014588861
edf2vqm,joy,joy,0.00805157,0.000398405,0.0012294746,0.9870861,0.00067131507,0.002563051
edf2wbv,sadness,anger,0.52807844,0.19973712,0.007861974,0.017377812,0.23989119,0.007053449
edf3kd3,surprise,surprise,0.0067561027,0.0011913924,0.00096903817,0.0012957993,0.001250771,0.98853683
edf3yr9,joy,joy,0.0010126228,0.0002390263,0.0003511925,0.9976242,0.00030074973,0.00047217615
edf5mde,joy,joy,0.03796719,0.0005174161,0.0015219022,0.9254087,0.012320315,0.022264399
edf5q4c,joy,joy,0.0017196994,0.00022658093,0.0013343317,0.9933693,0.0024508447,0.0008993599
edf5yxh,joy,joy,0.0051587904,0.0009724032,0.0010265503,0.970468,0.0024273165,0.01994691
edf65h3,anger,joy,0.059862725,0.0008344942,0.002698316,0.8624098,0.010298193,0.06389654
edf6jmm,joy,joy,0.001301601,0.00021496661,0.0004185033,0.99708074,0.0002381568,0.00074608024
edf702j,fear,sadness,0.13753831,0.02064872,0.12349023,0.027494501,0.5439272,0.1469011
edf74ta,joy,joy,0.008249262,0.0008184672,0.0003627756,0.98737437,0.0016698433,0.0015252705
edf8z2z,joy,joy,0.00900855,0.0015327736,0.007205397,0.6131223,0.020445008,0.348686
edf952j,joy,joy,0.0008955771,0.00037559491,0.0004440753,0.9967878,0.00024200893,0.0012549089
edf9gty,joy,joy,0.0016459604,0.00018555723,0.00024896482,0.9968566,0.00039897085,0.0006639859
edfam25,anger,anger,0.89827263,0.0043995343,0.0012847927,0.01840674,0.021395503,0.056240764
edfbah7,joy,joy,0.0010284008,0.00020965665,0.0003919058,0.99750644,0.0004637683,0.00039989277
edfcvos,joy,joy,0.019075876,0.0017540617,0.006792044,0.91800356,0.020168582,0.034205936
edfcwf8,anger,anger,0.9813944,0.0044482537,0.0011422044,0.0058324547,0.0038634513,0.0033193384
edfd1vj,joy,joy,0.002326128,0.00065245276,0.00084631663,0.9727357,0.00040139444,0.023038039
edfd4gr,joy,joy,0.0011420147,0.00026291638,0.00057533546,0.996503,0.00070360105,0.0008131021
edfdj9k,joy,joy,0.0033635146,0.00037272187,0.00028998763,0.9947055,0.0005499169,0.00071830594
edfdx5a,joy,joy,0.0016334726,0.00020141598,0.00035971144,0.99685246,0.00034778388,0.00060521485
edfeuuv,joy,joy,0.00085656805,0.0001610831,0.00029365995,0.9970432,0.0004358088,0.0012097203
edffez0,joy,joy,0.000962401,0.00027713078,0.00033219843,0.9975957,0.00023934543,0.0005931502
edffo3n,joy,joy,0.0005386185,0.00016836525,0.00054486364,0.9950447,0.0005097085,0.0031937486
edfgs9s,joy,joy,0.01123807,0.00033945663,0.0007851402,0.9437911,0.006462016,0.037384298
edfgzjv,joy,joy,0.061911795,0.0024927608,0.0049423007,0.7903452,0.11177059,0.028537374
edfhekv,joy,joy,0.0009099533,0.00031458784,0.00037848394,0.997494,0.00029092678,0.00061210466
edfhken,joy,joy,0.2864406,0.00344808,0.0024491667,0.6938436,0.0057550655,0.008063412
edfiam5,joy,joy,0.0007232695,0.00021526762,0.00031388475,0.99780494,0.00026642001,0.00067620946
edfj5c6,fear,fear,0.29635796,0.035158433,0.5891072,0.030048104,0.014493205,0.034835033
edfjjk2,fear,fear,0.0380667,0.013117723,0.8523582,0.0045990967,0.062320925,0.029537234
edfl5gw,sadness,sadness,0.0028978363,0.0025690466,0.0019558987,0.008437356,0.9822725,0.0018673359
edfle0y,joy,joy,0.0012954919,0.0003453433,0.000697196,0.99443746,0.0025635152,0.00066105195
edfm1oo,joy,joy,0.000921809,0.00017420766,0.00038449682,0.9959441,0.0003720281,0.0022033844
edfmaua,joy,joy,0.0015801846,0.00023442446,0.0004902642,0.9966318,0.0004280471,0.0006352227
edfmylu,anger,surprise,0.0047208564,0.001992054,0.0012239803,0.04872244,0.00078244804,0.9425582
edfn2ec,joy,joy,0.0012794674,0.00027599346,0.00043281922,0.99587506,0.00021068886,0.0019260246
edfn75p,surprise,surprise,0.013991453,0.002223955,0.002679646,0.21244825,0.0026172176,0.7660395
edfnbbo,joy,joy,0.0008775604,0.00020067357,0.00028167845,0.99766064,0.00032221896,0.00065713486
edfnmh1,joy,joy,0.0012279745,0.00028824285,0.00032141714,0.9973176,0.00029563383,0.0005491127
edfnu8s,surprise,anger,0.81719404,0.002613359,0.0019350157,0.08147402,0.005574879,0.09120871
edfnx43,joy,joy,0.0006623131,0.00020676038,0.00033930386,0.9978828,0.0004027005,0.0005061918
edfofyb,sadness,sadness,0.0044698417,0.0014910965,0.0038528217,0.003535071,0.98351014,0.0031409804
edfp85x,joy,joy,0.0011446705,0.00023875167,0.0003752684,0.9968706,0.00023651445,0.0011342304
edfqcdj,joy,joy,0.002753831,0.00042556645,0.0002656424,0.99479204,0.0003557323,0.0014071473
edfquym,joy,joy,0.14015383,0.0072451783,0.0014217686,0.83958185,0.007470276,0.004127129
edfrs3s,joy,joy,0.00089668133,0.00023561946,0.00033774064,0.9977186,0.00025583495,0.00055555865
edfrxxn,sadness,anger,0.9548552,0.008859119,0.0030575183,0.0042368043,0.02401642,0.004975047
edfsmzk,anger,anger,0.9106139,0.007693846,0.0018692389,0.016464802,0.057172425,0.0061858464
edfth7l,surprise,surprise,0.028906805,0.0015902906,0.0008969363,0.030833343,0.0031559065,0.9346167
edftz5l,anger,surprise,0.024361625,0.0019421577,0.019390889,0.43685085,0.017135918,0.5003186
edfulxp,anger,anger,0.98044693,0.005434718,0.0011286795,0.0026232575,0.004885055,0.0054813093
edfvlne,joy,joy,0.002485243,0.00024543534,0.00023902021,0.9903916,0.0015598485,0.0050789136
edfvqyv,joy,joy,0.0026276633,0.00026023955,0.0002965616,0.99551266,0.00039308416,0.0009098285
edfwjqh,joy,joy,0.004112676,0.00032171563,0.00032873367,0.9905115,0.00028712474,0.0044382983
edfwrbv,joy,joy,0.0035470587,0.0002038006,0.00047022835,0.9939196,0.0006514132,0.0012078915
edfxafa,joy,joy,0.0013747453,0.000175542,0.00029740282,0.99715567,0.0003413957,0.00065524626
edfyjjq,anger,sadness,0.0962739,0.022781374,0.0016994075,0.011613502,0.8648907,0.0027410714
edfzo35,joy,joy,0.00096434983,0.00019292404,0.00031801034,0.9975198,0.000358276,0.0006465966
edfzynr,surprise,surprise,0.017089812,0.0018988618,0.008872846,0.06788261,0.08930395,0.8149519
edg0kxt,surprise,surprise,0.014492046,0.0029591727,0.005452443,0.010044434,0.12011582,0.846936
edg181p,joy,joy,0.0007232039,0.00021830077,0.0003438991,0.9977283,0.00026978744,0.00071656064
edg3iuw,surprise,surprise,0.013461872,0.005511202,0.00522025,0.0066286884,0.29330894,0.675869
edg4myq,joy,joy,0.0011127619,0.00021574384,0.000372698,0.996967,0.00037757505,0.0009542174
edg5atb,joy,joy,0.0008040285,0.00021482028,0.00030488157,0.99579984,0.00024765098,0.0026287385
edg5m8h,joy,joy,0.0013826384,0.00025086105,0.00038754308,0.9961392,0.0002798269,0.0015599679
edg70z1,sadness,anger,0.9477742,0.0075706895,0.010303504,0.0142865805,0.017692965,0.0023720397
edg773x,sadness,sadness,0.0020435697,0.0016391521,0.0013429647,0.0034587013,0.9878709,0.0036447947
edg7cdt,joy,sadness,0.014585427,0.0075097783,0.004333258,0.0077481163,0.96275437,0.0030690792
edg82fp,joy,joy,0.0006129915,0.00019456312,0.00029701303,0.99776435,0.00023612495,0.0008949733
edg8be9,joy,joy,0.00077085086,0.00023034599,0.00031203195,0.997844,0.00032893964,0.00051378296
edg8cja,disgust,disgust,0.03025008,0.9190787,0.014820346,0.011128258,0.018328818,0.006393746
edg91z0,joy,joy,0.00087682763,0.00020056567,0.00031716898,0.9973363,0.0002455028,0.001023586
edg9c4n,anger,anger,0.6365914,0.0028090845,0.0023514961,0.32446107,0.013011636,0.020775327
edga1d6,joy,joy,0.031737193,0.0008113219,0.0036713216,0.8933432,0.02711813,0.043318905
edgbnbr,surprise,surprise,0.0046284534,0.0009969675,0.00088139257,0.001908799,0.0020963866,0.989488
edgbr1e,joy,joy,0.019455334,0.00079771766,0.0020528007,0.9093509,0.055507455,0.012835795
edgd1ae,disgust,anger,0.50626546,0.3825995,0.010441313,0.047447715,0.04717697,0.0060690013
edgdqvo,joy,joy,0.0038701035,0.00040674073,0.000544489,0.9688852,0.0007569986,0.025536377
edge30h,anger,anger,0.63996184,0.009753419,0.037994675,0.11941505,0.11718386,0.07569107
edgfsp5,joy,joy,0.0049078534,0.0016016637,0.0017717764,0.9481895,0.0007976652,0.042731605
edggv4z,anger,disgust,0.4606762,0.48337936,0.007660461,0.00523851,0.035157062,0.007888328
edghg5t,joy,surprise,0.31162176,0.0038803706,0.0033585345,0.0777611,0.035788115,0.56759006
edghrs5,sadness,joy,0.0031662725,0.0007714296,0.0005899573,0.9745309,0.00075974787,0.020181678
edghuxg,joy,joy,0.0014567759,0.00021753654,0.00045459697,0.9961392,0.00026967571,0.0014622209
edgi7as,joy,joy,0.0193774,0.00073615543,0.0012842556,0.8755533,0.017163018,0.08588587
edgifft,joy,joy,0.0007691373,0.00017249197,0.00031145266,0.99778545,0.00039940487,0.00056193874
edgj1fd,surprise,surprise,0.0048127123,0.0008463453,0.0027900129,0.007884598,0.0034503255,0.98021597
edgjgey,joy,joy,0.3711099,0.0018793676,0.0018969818,0.4232307,0.0078110597,0.19407192
edgk5rw,joy,joy,0.0068005235,0.005354663,0.044553805,0.7132327,0.19692156,0.033136822
edgkx1a,joy,joy,0.0013095131,0.00037193985,0.00035436547,0.9969398,0.0002959804,0.0007284615
edgmnjn,joy,joy,0.00089711684,0.00019317277,0.00029851295,0.9976872,0.00025273266,0.0006712405
edgn07c,joy,anger,0.82601047,0.10817404,0.0057703108,0.009809229,0.045426134,0.0048098518
edgnaya,joy,joy,0.000997269,0.00021840536,0.00028370696,0.99761057,0.0002688282,0.00062124163
edgnlbn,joy,joy,0.01730707,0.0003558582,0.00044931442,0.97065854,0.003409048,0.007820032
edgo6by,sadness,sadness,0.0047736573,0.0018287783,0.002426185,0.0054462184,0.9840741,0.0014510249
edgoiy9,surprise,surprise,0.031393673,0.0027817897,0.0009562986,0.0013647402,0.0026287884,0.9608747
edgolre,anger,anger,0.942563,0.004258504,0.0016050624,0.011193628,0.012090393,0.028289363
edgoryw,joy,joy,0.003167331,0.00032440506,0.00035870683,0.9949072,0.00031897018,0.00092342694
edgp3eg,anger,anger,0.91740376,0.017515687,0.0020878168,0.0021735395,0.0073722806,0.053446867
edgpcmk,surprise,surprise,0.028757233,0.0014946092,0.0020452056,0.0033013024,0.0064289393,0.9579727
edgpgi5,anger,anger,0.49925587,0.0027628194,0.0016520016,0.088836364,0.019655671,0.38783726
edgpl3f,joy,joy,0.0019330473,0.00023150399,0.00041227505,0.9925597,0.0033509575,0.0015126119
edgqcnq,surprise,surprise,0.007399465,0.0012401122,0.0010834835,0.0012064656,0.0015422809,0.98752826
edgrmmw,disgust,anger,0.9671701,0.010446214,0.0008080627,0.0052719116,0.012516433,0.0037872775
edgslvs,surprise,surprise,0.009615405,0.0014559608,0.0023419915,0.0021123241,0.0037348631,0.9807396
edgtkdz,joy,joy,0.003373933,0.00038133567,0.0003406877,0.9949255,0.0003984475,0.00058002636
edguwq0,surprise,surprise,0.0040181056,0.0014864291,0.0013353066,0.0015933893,0.001142875,0.99042374
edgv3jd,joy,sadness,0.03686648,0.002710492,0.00886969,0.17359968,0.75732964,0.02062398
edgv4zl,joy,joy,0.0028915456,0.0002447556,0.00029941843,0.9950588,0.00027653173,0.00122901
edgvrkv,joy,joy,0.0013497487,0.0002707348,0.00033515034,0.9970764,0.00025026148,0.00071772793
edgw4p9,surprise,surprise,0.008869091,0.0010728244,0.0019318896,0.35221884,0.0042829937,0.63162446
edgx1r3,joy,joy,0.0010995007,0.00022862703,0.00030658927,0.9968431,0.0002426149,0.0012796283
edgx5y4,joy,joy,0.006833826,0.0005458441,0.00043750813,0.98861337,0.0026444404,0.00092494156
edh0xyq,sadness,sadness,0.0061372053,0.006311459,0.0032028952,0.0062944214,0.9768172,0.0012369505
edh1ia9,joy,surprise,0.01615826,0.0013058585,0.0026927118,0.25692168,0.0031578895,0.71976364
edh1tcy,sadness,surprise,0.09055017,0.0030646103,0.007063054,0.040520955,0.2693489,0.5894524
edh2epm,anger,anger,0.8923378,0.002745894,0.0077930493,0.03764816,0.014556515,0.04491856
edh30hb,joy,joy,0.0018875396,0.0002004374,0.00030356692,0.9965274,0.00033013718,0.0007509686
edh39ib,sadness,sadness,0.003299736,0.0021086952,0.0022687383,0.0018592231,0.98624206,0.0042215837
edh49lu,surprise,surprise,0.0022942103,0.000793149,0.0014167188,0.0100395605,0.0019188249,0.9835375
edh4z4c,joy,surprise,0.03785221,0.0029045672,0.005199481,0.22933699,0.031118978,0.69358784
edh4zlk,joy,joy,0.0007537568,0.00033475884,0.000442712,0.99718237,0.000297265,0.0009891334
edh5fvg,joy,joy,0.00068041205,0.00016507559,0.00027561566,0.99791974,0.00032974983,0.00062950305
edh5ho0,joy,joy,0.03323071,0.0008100808,0.0016756251,0.8711616,0.07396983,0.019152138
edh5kxf,sadness,sadness,0.0057465266,0.0025529729,0.001039698,0.002338375,0.9864202,0.0019021562
edh8gc6,joy,joy,0.016725283,0.00038173885,0.00058828964,0.9662489,0.008646181,0.00740949
edh8vzz,joy,joy,0.000810497,0.00018358846,0.00026338294,0.99703634,0.00044407207,0.0012622045
edhaa07,joy,joy,0.0050441744,0.0002772998,0.00032508798,0.99229395,0.0006719673,0.0013875191
edhbgyt,joy,joy,0.00076541415,0.00016087135,0.000284975,0.9961182,0.0003044539,0.002366067
edhc2t7,joy,joy,0.00082256086,0.00025581528,0.00034214667,0.9972898,0.00017494385,0.0011148272
edhdgfg,joy,joy,0.0007572267,0.00037366978,0.0006544692,0.99278814,0.00041532548,0.0050112703
edhdx6d,anger,anger,0.587171,0.0027690614,0.003061674,0.16280626,0.02108237,0.22310957
edhg2vn,joy,joy,0.0045736306,0.0005957486,0.00065687456,0.99241745,0.0005604814,0.0011959022
edhgfqz,surprise,surprise,0.009597708,0.0017669594,0.0009899585,0.0028188324,0.011945697,0.9728808
edhgok1,joy,joy,0.0009808417,0.00031846488,0.00038284124,0.99738055,0.00020740341,0.00072990166
edhh6qa,anger,anger,0.9729327,0.0035762812,0.001279477,0.008997254,0.008153105,0.0050611855
edhhkje,joy,joy,0.00072350126,0.00015877168,0.0002630857,0.9977022,0.00027891406,0.00087359257
edhhwqz,joy,joy,0.0017172423,0.00024976756,0.0010426876,0.98962504,0.006161812,0.0012034572
edhifty,anger,anger,0.87944555,0.005922536,0.0013936583,0.095550075,0.0034513657,0.014236831
edhiq2o,anger,anger,0.57817036,0.06813564,0.0046277475,0.012346422,0.33082658,0.0058932696
edhj67j,joy,joy,0.21411519,0.006271657,0.005496587,0.6237235,0.059653662,0.09073947
edhj70n,anger,anger,0.9324885,0.011215861,0.0021697513,0.02185273,0.021965608,0.010307571
edhku4p,surprise,surprise,0.008834297,0.0015914425,0.00092417584,0.0012222958,0.0018003884,0.9856273
edhl6hb,surprise,joy,0.0022210127,0.0014963747,0.0023203962,0.7984666,0.0009397918,0.19455583
edhltfu,joy,joy,0.00093896175,0.00019644746,0.00030424958,0.99772304,0.0002546842,0.00058254634
edhltwi,joy,joy,0.025125956,0.00066025124,0.00049425196,0.9708204,0.0012630534,0.0016360503
edhm1f3,surprise,anger,0.8849734,0.0027550936,0.000993101,0.045439415,0.009697102,0.05614183
edhmm7p,sadness,surprise,0.3346322,0.007611715,0.0022207184,0.005496194,0.012529672,0.6375095
edhmved,fear,anger,0.5119772,0.034285158,0.19656579,0.08549335,0.13383876,0.037839714
edhn07g,surprise,surprise,0.002996214,0.0015160018,0.00086210936,0.0011305901,0.0012175477,0.9922775
edhnxcb,joy,joy,0.03863558,0.00061052205,0.00059420813,0.9528267,0.004739619,0.0025934004
edho03w,surprise,surprise,0.0071756085,0.0009920818,0.0006635695,0.0034263632,0.0014412368,0.98630106
edhovet,joy,joy,0.001920728,0.0003750474,0.00042290808,0.9955929,0.00034122786,0.0013472149
edhp4eg,anger,joy,0.3681093,0.0025931078,0.0031422093,0.58714443,0.013225449,0.025785537
edhpr03,sadness,anger,0.5238595,0.18517835,0.024035614,0.00893456,0.24364875,0.0143432
edhqmcg,joy,joy,0.0009792979,0.00014067354,0.00023689597,0.9974241,0.00048674116,0.0007323556
edhqnmi,disgust,disgust,0.253744,0.60626125,0.016407778,0.0078104865,0.10641754,0.009358949
edhqumw,joy,joy,0.0010275888,0.00021591815,0.0003745013,0.9974975,0.00037765838,0.0005068237
edhr49o,joy,joy,0.0009640206,0.00019456078,0.00025385,0.997544,0.00038377772,0.00065972464
edhrs95,joy,joy,0.0007550213,0.00018513632,0.0002849154,0.99789596,0.00037629608,0.0005026762
edhs7vb,anger,surprise,0.00722892,0.0013106895,0.00094769587,0.0013192139,0.0015035695,0.98769
edhunph,joy,joy,0.0065987213,0.0012507148,0.0014490016,0.84886056,0.13877319,0.0030678727
edhuuot,disgust,disgust,0.28284723,0.5502442,0.026029795,0.008903598,0.101084456,0.030890666
edhv2wd,joy,joy,0.0009869348,0.00015561664,0.00033374806,0.9966515,0.0003693176,0.0015029688
edhve9n,surprise,anger,0.5414292,0.0050863484,0.006738034,0.18357505,0.18610567,0.077065654
edhwxqa,joy,joy,0.002127599,0.0003100565,0.002856392,0.992523,0.00096666586,0.001216213
edhxuqe,joy,joy,0.005353902,0.0018887172,0.0059870146,0.7301051,0.0041073677,0.25255802
edhy9od,anger,anger,0.5762457,0.008545713,0.004454168,0.011326584,0.014518035,0.38490978
edhyxxb,joy,joy,0.0009464219,0.00024393662,0.0003852151,0.99679834,0.00018666258,0.0014394793
edi00wi,joy,joy,0.01679929,0.000559478,0.00042737086,0.97040635,0.0016164425,0.010191038
edi0iyi,anger,anger,0.97679603,0.014473136,0.0014864681,0.0024728638,0.0025292016,0.0022423677
edi0t2i,joy,joy,0.00069850346,0.00020152499,0.00030227625,0.99781716,0.00044962534,0.0005309825
edi0w2s,anger,anger,0.5076729,0.009659102,0.015415983,0.4255295,0.031119129,0.010603398
edi1f92,anger,surprise,0.021975357,0.0034638357,0.02245817,0.00972015,0.007366588,0.93501586
edi3q1q,fear,fear,0.034113962,0.0056570284,0.84781706,0.03637511,0.021833774,0.054203115
edi4pfx,joy,joy,0.009690101,0.00074547896,0.0015342048,0.7757631,0.020903483,0.19136366
edi6635,joy,joy,0.001586707,0.0002160174,0.00043108407,0.9965314,0.0007017076,0.00053305004
edi6htm,joy,joy,0.0010484535,0.00021887946,0.0018563982,0.9926601,0.0005091202,0.0037071002
edi6rr8,anger,anger,0.9818029,0.0076972465,0.00069962617,0.0035998062,0.0039040714,0.0022963071
edi6wcs,joy,joy,0.0010555745,0.00020609683,0.00039692252,0.9934772,0.0012537434,0.0036103693
edi72ov,joy,joy,0.0009032719,0.00018836453,0.00025261668,0.99762315,0.0002677427,0.0007648337
edi7jzq,anger,anger,0.968043,0.004191496,0.0010168144,0.0052562156,0.007263567,0.014228836
edi8ffi,joy,joy,0.002748153,0.00078840874,0.0005261078,0.99045146,0.0004933181,0.0049925433
edickdj,joy,joy,0.006765869,0.00048662437,0.00040013323,0.9905986,0.0009895709,0.00075925246
ediczjr,sadness,anger,0.8224526,0.025273731,0.0024065117,0.035813626,0.105810635,0.008242916
edidk1r,joy,joy,0.012706588,0.00037483557,0.0007262744,0.9819967,0.0008916185,0.0033040345
edieomi,joy,joy,0.0007106275,0.00017065651,0.00032427625,0.9978696,0.00040823396,0.0005164957
edieuq5,anger,anger,0.61988676,0.018608365,0.013470429,0.013101251,0.29321355,0.04171961
edif41t,joy,surprise,0.22097597,0.002268437,0.0020647903,0.29500648,0.016586984,0.46309733
edigvq1,joy,joy,0.0009116086,0.0002971122,0.0004242836,0.99674004,0.00022383657,0.0014030688
edihdlg,sadness,joy,0.004579694,0.00064685923,0.0005985794,0.9750048,0.01716082,0.0020092232
edihf3r,joy,joy,0.0014347078,0.00015719517,0.00024152372,0.9967417,0.00034455664,0.0010803664
edii36n,surprise,surprise,0.004999615,0.0011073443,0.00081536843,0.0025781023,0.0009548281,0.9895448
edij11m,joy,joy,0.0030486782,0.00029144617,0.00023007409,0.9947461,0.0009237942,0.00075995404
edijlx6,joy,joy,0.00065969006,0.00019384043,0.0003206222,0.9977938,0.00047385503,0.00055819843
edijml4,joy,surprise,0.00840047,0.001437179,0.0012813354,0.009382128,0.0059372215,0.9735617
edikja3,joy,joy,0.001814643,0.00020376258,0.0005951038,0.9953637,0.00070760417,0.0013151481
edikpcn,joy,surprise,0.42509067,0.0032190161,0.0071925013,0.075597,0.023129582,0.4657713
edimcz8,joy,joy,0.03458119,0.0029148448,0.0032020954,0.48331624,0.009448343,0.46653736
edin9x8,joy,joy,0.0012241201,0.00017552337,0.00022029656,0.99590296,0.00058980734,0.0018873077
ediocbf,joy,joy,0.0009580572,0.00020301856,0.0002997946,0.9976533,0.00035668863,0.0005291177
edip7f3,anger,sadness,0.028528364,0.0023187478,0.005647929,0.011389031,0.949152,0.0029639197
edipj2t,joy,joy,0.0008441563,0.00021013315,0.0003112377,0.9975581,0.00021337935,0.0008630416
ediqm9a,surprise,surprise,0.0021138478,0.0013239953,0.0024724524,0.016117148,0.0019350521,0.9760375
edirex6,surprise,surprise,0.0020918052,0.0011972539,0.0010611302,0.0014735614,0.00090899353,0.9932673
edirgx4,anger,anger,0.9575348,0.0064577344,0.0027909852,0.006289435,0.012705639,0.01422148
edirhr2,surprise,surprise,0.011383241,0.0015468498,0.0011384229,0.0027383699,0.0050986037,0.9780944
edis2z3,joy,joy,0.0013952128,0.00015203681,0.00023394237,0.99690884,0.0005891771,0.00072087947
edit49m,joy,joy,0.0022971919,0.00014244876,0.00039497676,0.99456465,0.00037924602,0.0022214076
editctb,joy,joy,0.0038552273,0.00034061252,0.00048905925,0.9900665,0.00036426954,0.004884219
editldz,joy,joy,0.0026322796,0.00025920421,0.00023109504,0.99548423,0.00042775486,0.00096548133
editpz7,surprise,surprise,0.013069286,0.00080941984,0.0009917872,0.032924563,0.005055214,0.94714963
editung,joy,joy,0.0049581793,0.0002658952,0.00037174788,0.99166954,0.0016552533,0.0010794483
ediu2ym,joy,joy,0.009936144,0.0003640328,0.00086431456,0.9797522,0.005593765,0.003489548
ediu9wm,joy,joy,0.0018652867,0.00016865366,0.00027691384,0.99223197,0.00051320414,0.004943866
edivsuf,anger,anger,0.97923183,0.0094696935,0.0014757833,0.0019980015,0.0042380905,0.0035866424
ediw6ab,anger,anger,0.6127986,0.18442775,0.0057273307,0.034768865,0.15127335,0.011004159
ediya6s,joy,joy,0.26518688,0.0041247397,0.0015950238,0.71082383,0.01283331,0.005436215
ediym07,joy,joy,0.00079970964,0.0001644689,0.000347227,0.99424356,0.0003369666,0.0041080345
ediyxfb,sadness,sadness,0.0019917197,0.002096853,0.0024804424,0.003140526,0.9884494,0.0018410999
edizd2k,surprise,surprise,0.005433665,0.0018604357,0.0011756197,0.0049420777,0.0023846792,0.98420346
edizvix,joy,joy,0.055906292,0.011500197,0.046070382,0.6719724,0.19490416,0.01964655
edj05pd,joy,joy,0.00073623855,0.00024897404,0.0004974437,0.9953489,0.00022415005,0.0029444252
edj0e99,joy,joy,0.0007204283,0.00024887413,0.00066888,0.99604213,0.00028155852,0.002038104
edj0qlw,surprise,surprise,0.005120177,0.0010507553,0.0008284153,0.0015534386,0.0010473578,0.9903998
edj136y,disgust,joy,0.06451337,0.0029443542,0.0022004033,0.5427768,0.36882126,0.018743819
edj25pg,joy,joy,0.1467315,0.0036491759,0.0007289299,0.83950824,0.0032504764,0.006131626
edj289t,joy,joy,0.0032677103,0.0007103532,0.005508947,0.9840186,0.0020612834,0.0044330903
edj2vvu,sadness,sadness,0.0027623863,0.0019166578,0.00225852,0.0057787853,0.9857232,0.0015605198
edj3l4c,joy,surprise,0.067293696,0.0032048807,0.0036206674,0.018703785,0.019071687,0.8881053
edj45bq,surprise,anger,0.63148683,0.011792547,0.0060917316,0.022806462,0.19272588,0.13509652
edj50vp,joy,joy,0.0019268848,0.0005330553,0.0006271431,0.9952101,0.0004586566,0.0012441763
edj56zj,joy,anger,0.33956212,0.004360775,0.0049237255,0.18360808,0.1708619,0.29668334
edj5fme,joy,joy,0.0007561393,0.00016057857,0.0002955509,0.99764097,0.0002593764,0.00088744325
edj5m0e,joy,joy,0.00092605274,0.0001594863,0.0003620976,0.99674916,0.00097405136,0.0008291248
edj5r41,surprise,surprise,0.0043491516,0.00092317106,0.00087491894,0.0028857875,0.0024082554,0.98855865
edj6ivi,joy,joy,0.005400819,0.00033650178,0.00031527612,0.9892725,0.002473279,0.002201693
edj7ssx,joy,joy,0.00070912763,0.0002402919,0.00037060594,0.9976494,0.00020599605,0.0008246517
edj7vcj,anger,anger,0.914104,0.004310848,0.0018054227,0.013183744,0.012149164,0.054446895
edj9qqx,anger,joy,0.09050083,0.0025109018,0.012642066,0.46375513,0.17280498,0.25778604
edjadts,surprise,surprise,0.10038468,0.004678969,0.0038408434,0.12580837,0.006767189,0.7585198
edjavto,anger,anger,0.97694314,0.0029886302,0.0013694663,0.006735666,0.0052557876,0.006707417
edjay4k,joy,joy,0.0008800008,0.00014178627,0.00028803138,0.9976158,0.00047576564,0.0005986276
edjbxg7,joy,sadness,0.01618197,0.0017851966,0.0044817203,0.21737212,0.75591934,0.0042596404
edjceq5,joy,joy,0.0011359175,0.00040886732,0.0006999874,0.9747336,0.00042444596,0.022597097
edjcgas,joy,joy,0.0010229264,0.0001491832,0.0003977957,0.9972988,0.00054881384,0.00058260444
edjcihh,surprise,surprise,0.0037663423,0.0012385009,0.001854168,0.0051003555,0.0035947121,0.984446
edjd969,sadness,sadness,0.0079898825,0.0025584218,0.0012190873,0.00956494,0.977007,0.0016607723
edje3s2,joy,joy,0.0014621816,0.00019203119,0.00029336184,0.99703467,0.00025741523,0.00076039316
edje8y3,surprise,surprise,0.0068006087,0.0011106385,0.0008388661,0.017280862,0.00088799786,0.973081
edjeqnb,anger,anger,0.97140616,0.017464722,0.002649581,0.0027691578,0.0028302076,0.0028801623
edjex4p,joy,joy,0.0066848854,0.0006833493,0.0019584615,0.8171468,0.0029243785,0.17060219
edjfjqz,anger,anger,0.8556338,0.005304198,0.0011044265,0.00839629,0.005693263,0.12386794
edjfwli,joy,joy,0.002006085,0.00020337096,0.0003368022,0.9965193,0.0003510527,0.00058344606
edjgpc5,joy,joy,0.0009558973,0.00014234388,0.00026496028,0.9972542,0.0002894564,0.0010931536
edjh2ja,joy,fear,0.15059835,0.017436309,0.6228241,0.083225444,0.113688864,0.012226928
edjhxf2,disgust,disgust,0.14321542,0.80098814,0.01952138,0.011249054,0.01972333,0.005302657
edjhydl,sadness,fear,0.07006922,0.28554475,0.6043759,0.0041651833,0.021103311,0.0147416275
edjigae,anger,anger,0.96925116,0.01079151,0.0009494332,0.0074850614,0.0058944738,0.0056283823
edjl2jx,joy,joy,0.0010043402,0.00022175301,0.0003693378,0.99746525,0.0002278057,0.0007115253
edjl2qg,joy,joy,0.044461343,0.000628599,0.0019702858,0.9011659,0.008189057,0.04358485
edjldcm,surprise,surprise,0.0021611913,0.0009474672,0.0011975161,0.0018770678,0.00097285485,0.9928439
edjlkgz,anger,anger,0.9587122,0.010225219,0.009733343,0.009099617,0.008946459,0.00328329
edjoro0,anger,anger,0.9432341,0.009986575,0.0018018495,0.0035967133,0.035608605,0.005772162
edjoz3t,joy,joy,0.0017936565,0.0002650482,0.00039178945,0.9958162,0.00023166028,0.0015017184
edjqonz,anger,anger,0.9504197,0.0033683076,0.0012833676,0.032165665,0.006165534,0.006597437
edjrp8v,anger,anger,0.97796863,0.004250126,0.0012253185,0.007936582,0.0035098433,0.005109498
edjsve3,joy,joy,0.0009881472,0.00024531665,0.00054737413,0.9955409,0.00028003432,0.002398247
edju0tc,joy,anger,0.40281203,0.0072070668,0.0055761463,0.05268224,0.33576685,0.19595568
edjudwg,sadness,sadness,0.039018385,0.10688215,0.06265744,0.008160312,0.7776065,0.0056752474
edjuqo3,anger,anger,0.92866105,0.017732529,0.0038093126,0.0026881269,0.0076063387,0.03950268
edjw4gq,joy,joy,0.0018919156,0.00030345132,0.0005450621,0.99512815,0.0005204334,0.0016109234
edjwdem,joy,joy,0.0016847802,0.00022839649,0.0003161686,0.9960829,0.00028339034,0.0014043184
edjxh8l,joy,joy,0.0017319276,0.00022288338,0.00064692047,0.9909662,0.0033055444,0.0031265824
edjxzhq,joy,joy,0.0009595578,0.00018503476,0.00031166855,0.9954053,0.00021612711,0.0029223764
edjyjlx,joy,joy,0.0039198683,0.00034662822,0.0004030546,0.9942092,0.0005641287,0.00055717636
edjzcf0,surprise,surprise,0.0026970662,0.0007032061,0.0009956378,0.012133141,0.002385621,0.9810853
edk04l3,joy,joy,0.0010093498,0.00016374774,0.00022321081,0.9975374,0.00041112854,0.0006552446
edk0t03,surprise,surprise,0.020835117,0.0012331501,0.0008222985,0.0034125722,0.0021997686,0.97149706
edk10tt,joy,joy,0.00094478886,0.00021077732,0.00035256133,0.99713445,0.00022670995,0.0011307076
edk21te,joy,joy,0.00093893666,0.00027835948,0.0003779574,0.99750984,0.00023265413,0.0006622758
edk2787,joy,joy,0.009127765,0.0006750063,0.00032959846,0.9794231,0.0017531516,0.008691382
edk2aic,joy,joy,0.0013606623,0.00017878643,0.00019429196,0.9965419,0.0006736236,0.0010505959
edk2pby,joy,joy,0.0017301084,0.0005240963,0.0008363689,0.993359,0.0009552192,0.002595176
edk3j42,joy,joy,0.3501746,0.005110872,0.0058324556,0.39683947,0.055827852,0.18621473
edk3kve,joy,anger,0.60527354,0.0068961377,0.012568744,0.07201524,0.12722793,0.17601831
edk4c1n,surprise,anger,0.86077005,0.009568526,0.0036862316,0.024623103,0.055177823,0.046174254
edk4dkb,sadness,sadness,0.004811842,0.0053535476,0.0033260419,0.0021017191,0.9827346,0.0016721654
edk66b5,joy,anger,0.9765341,0.003080763,0.0010052229,0.00924057,0.003524995,0.0066143665
edk72u4,anger,anger,0.96294206,0.0031902797,0.0008893192,0.016362155,0.010331859,0.006284355
edk7yi3,anger,surprise,0.44342485,0.005558968,0.004675365,0.011066222,0.07749994,0.4577746
edk8fh2,joy,joy,0.0014177316,0.00014653202,0.00041052146,0.9962368,0.0007205523,0.0010677784
edk8w8o,joy,joy,0.0012024937,0.00020400489,0.00074169197,0.9959544,0.0012608095,0.00063662615
edk9bvk,anger,anger,0.9010647,0.004005979,0.0013967907,0.057410933,0.008236299,0.02788525
edk9n1s,surprise,surprise,0.0035154899,0.0010103545,0.0008569094,0.002182632,0.0017141742,0.9907204
edkabn2,joy,joy,0.00537918,0.0006975783,0.0013718504,0.89791024,0.0010207159,0.093620405
edkb9g1,joy,joy,0.0012974199,0.00016449687,0.00027101816,0.9971438,0.0003951149,0.000728115
edkch79,joy,joy,0.0008854393,0.00021294889,0.00036492373,0.997726,0.00025900843,0.0005516698
edkcl53,surprise,surprise,0.024585174,0.0011599127,0.0013958133,0.0058814795,0.0019544896,0.9650231
edkdmzt,joy,joy,0.0012814981,0.00024015007,0.00032935158,0.9972241,0.00037486327,0.00055001554
edkefqd,surprise,surprise,0.04960532,0.0025326437,0.0014728855,0.0017877024,0.0036810448,0.9409205
edkeqg5,joy,joy,0.00089836394,0.00020610756,0.0003430389,0.9977506,0.0002740434,0.0005278553
edkg8yd,surprise,surprise,0.03021825,0.0010174465,0.0016361197,0.032910302,0.006793253,0.92742455
edkgbmf,joy,joy,0.0015946242,0.0002537538,0.00047375227,0.9914254,0.00028049172,0.0059719537
edkgnpn,joy,joy,0.00114097,0.00015648188,0.00026878327,0.9975303,0.0003211204,0.00058232323
edkgs39,joy,surprise,0.025669197,0.0009608443,0.0031600469,0.056087088,0.003514899,0.910608
edkhol5,joy,joy,0.005607744,0.00022978554,0.0008194111,0.9757237,0.0014260111,0.016193395
edki5r7,surprise,surprise,0.0030324687,0.0012777351,0.0010144786,0.008955369,0.00085435936,0.98486567
edkif0l,disgust,disgust,0.4227677,0.4808011,0.0075885565,0.0059762867,0.075476855,0.007389461
edkk83u,joy,joy,0.0027764048,0.00016776085,0.0002824362,0.9948579,0.000747204,0.0011683769
edkl352,sadness,sadness,0.008853063,0.0031415643,0.011480521,0.019877922,0.941483,0.0151639655
edkl906,joy,surprise,0.05426108,0.0027592536,0.021908997,0.10327772,0.08411367,0.7336793
edklf6z,joy,joy,0.000978946,0.00024096678,0.0003516336,0.9973999,0.00057224586,0.00045621788
edklp5u,joy,joy,0.020684084,0.001796469,0.033314258,0.90413547,0.024499917,0.015569809
edkm44a,anger,joy,0.0245223,0.000917578,0.000495143,0.9714949,0.0011586333,0.0014113769
edkmreg,surprise,surprise,0.18220519,0.0039228215,0.0034109375,0.041821882,0.01631362,0.7523256
edknumr,joy,joy,0.0010687944,0.0003832173,0.00042197347,0.99524176,0.00032346326,0.0025607876
edkol6r,joy,joy,0.00080709386,0.0002859313,0.00045988226,0.9975413,0.00026668306,0.00063916255
edkp381,surprise,surprise,0.0036843207,0.0011910148,0.00092031196,0.002366023,0.0013314337,0.99050677
edkpcyt,surprise,anger,0.9713525,0.010504663,0.0009997094,0.0037881068,0.0064494247,0.006905643
edkr8dt,anger,anger,0.95878506,0.020918297,0.0014727343,0.004704806,0.008952862,0.0051663565
edkrqlz,joy,joy,0.0011778545,0.0002020429,0.0003236516,0.99731416,0.00027244032,0.0007098128
edks3mx,joy,joy,0.025262997,0.0014196364,0.0016821389,0.77568495,0.010412311,0.185538
edksahq,anger,anger,0.7911078,0.0035101026,0.0011796888,0.017848149,0.006737546,0.1796168
edksj4c,surprise,surprise,0.028582625,0.002254668,0.0014956249,0.07642475,0.008983752,0.8822585
edksptw,anger,anger,0.7875848,0.010596397,0.0023093498,0.008970489,0.067838274,0.122700684
edktm3z,joy,joy,0.0015373912,0.00019434882,0.0002935408,0.996709,0.00025804457,0.0010077199
edkuvkg,surprise,surprise,0.0043152655,0.0011815848,0.0008842406,0.0015543834,0.001755718,0.9903087
edkvpla,joy,joy,0.0008003919,0.00019111406,0.00029646006,0.99778146,0.00029428292,0.000636223
edkvw82,sadness,surprise,0.04778823,0.002353408,0.0026746998,0.030652368,0.036912497,0.8796187
edkwq83,surprise,surprise,0.002809716,0.0009953231,0.00091299624,0.0019360229,0.0008975828,0.99244833
edky4ot,joy,joy,0.001480657,0.00020473365,0.0002596481,0.9969181,0.00033587136,0.0008010006
edkzlgx,anger,surprise,0.09920824,0.0032316425,0.008322551,0.022242226,0.00535549,0.8616399
edl0nhj,anger,anger,0.46984038,0.0038900366,0.0023244014,0.257687,0.22792113,0.038337056
edl1iz9,joy,joy,0.0008518302,0.00031995142,0.00039670715,0.9976272,0.00024582888,0.00055861723
edl1pz1,joy,joy,0.012294363,0.00065219525,0.0010112589,0.9731078,0.0018707988,0.011063534
edl3u2m,joy,joy,0.0008533815,0.00022334192,0.0003466185,0.9975847,0.00022786339,0.0007640574
edl43g4,anger,anger,0.8636562,0.008858902,0.0056598643,0.01584803,0.08555441,0.020422515
edl4cw9,joy,joy,0.004696456,0.0006486021,0.00047708055,0.99217105,0.0014489443,0.0005578341
edl5dun,anger,anger,0.9783215,0.007020723,0.0016063491,0.0042383443,0.0037149487,0.0050981003
edl5qsu,surprise,surprise,0.018742109,0.0011109082,0.001169104,0.0073313513,0.005389996,0.9662565
edl6lz8,surprise,surprise,0.005400393,0.0011679174,0.00065347034,0.010318657,0.0007548279,0.9817047
edl79um,sadness,anger,0.7485168,0.20040256,0.0035080116,0.007107484,0.03629093,0.0041741743
edl7hm1,anger,anger,0.9738535,0.010347455,0.0016327722,0.0048207063,0.0060463846,0.0032990896
edl7ki5,joy,joy,0.0026215478,0.00034577344,0.000666829,0.9877785,0.00030454196,0.00828283
edl7ttp,joy,joy,0.0011189268,0.00029467497,0.0008672737,0.99293375,0.00039859902,0.0043867854
edl7zmu,joy,joy,0.002545869,0.00033040036,0.0004097435,0.9845472,0.00043546315,0.01173133
edlapiu,sadness,sadness,0.0016471657,0.0015222125,0.0015055905,0.001970188,0.9914408,0.0019139856
edlbuf6,joy,joy,0.0011115032,0.00023441626,0.00036321455,0.9949693,0.00022875554,0.0030928697
edlextp,joy,joy,0.00096509606,0.00023630867,0.00034827902,0.9977077,0.0002661985,0.00047633183
edlf4uu,anger,anger,0.7953308,0.04591638,0.12273058,0.008366836,0.019508962,0.008146431
edlfd7s,anger,anger,0.91701704,0.0024845118,0.0013314585,0.011836233,0.01345086,0.053879768
edlfs34,joy,joy,0.022450041,0.00043711555,0.001069949,0.9321549,0.022481594,0.02140653
edlghte,joy,joy,0.003378109,0.00033901096,0.00033071218,0.9947372,0.00053343526,0.00068152975
edlhuid,joy,sadness,0.048596863,0.0024462733,0.0056182332,0.446833,0.4893821,0.007123449
edliph3,joy,surprise,0.0049509592,0.0010301227,0.0013901375,0.0020090404,0.0017437411,0.9888759
edljn2d,joy,joy,0.01703039,0.00035750223,0.00049195625,0.9775955,0.0008486999,0.0036760203
edlkc5c,joy,joy,0.0009369792,0.00016364544,0.00040009432,0.9970835,0.00030876792,0.0011069564
edlkf8v,joy,joy,0.028657014,0.0009734184,0.0019641628,0.8919264,0.0038382187,0.072640836
edlkqn9,joy,joy,0.000685679,0.00018405024,0.0003560227,0.9977366,0.0005477016,0.00048999436
edlljm5,joy,joy,0.0014679804,0.00019735373,0.00023132606,0.9969386,0.00047980653,0.00068489864
edllqs5,joy,joy,0.0010740366,0.00024556517,0.00032887337,0.9974775,0.00031636827,0.00055770384
edlm38f,joy,joy,0.0006984973,0.00017104992,0.00038305327,0.99698836,0.0002950766,0.0014640208
edlmkzj,joy,joy,0.0006485427,0.00015401843,0.00043480552,0.99724704,0.0005724905,0.0009429853
edlmm55,joy,joy,0.0021853126,0.0004000742,0.00069555396,0.9685934,0.0010595428,0.027066104
edlmod0,joy,joy,0.000796777,0.00016342443,0.00037812415,0.9976968,0.00039190307,0.0005729135
edln6l5,joy,joy,0.38965857,0.004208793,0.0027445785,0.5205678,0.015197957,0.067622304
edlols7,joy,joy,0.000858241,0.00024465745,0.00032826606,0.99756,0.00020131537,0.0008075517
edlotdx,joy,joy,0.00088313874,0.00017891408,0.0003418429,0.9976291,0.00047160828,0.0004953491
edlowpi,joy,joy,0.0010653189,0.00022996575,0.00036265654,0.99762577,0.0002925378,0.00042382494
edlpu54,joy,joy,0.0009916942,0.00025867927,0.00036224572,0.9973603,0.0002492503,0.00077788765
edlqlkc,joy,joy,0.0009488915,0.00026337456,0.0003690622,0.9976362,0.0003381646,0.00044431468
edlqwtw,joy,joy,0.013649266,0.00031101768,0.0006165345,0.9810116,0.00064045005,0.0037711225
edlqx16,surprise,joy,0.008318501,0.00038604587,0.0007048756,0.94716024,0.005067253,0.0383631
edlr51h,joy,joy,0.00094471005,0.00025077295,0.0003642352,0.99731004,0.00021057531,0.00091963593
edlriuk,joy,joy,0.0016403478,0.0003773548,0.0003420797,0.9937738,0.00038094004,0.0034853364
edls5nt,joy,anger,0.72699565,0.012709996,0.0016360428,0.06840403,0.17243832,0.017815929
edlstuc,joy,joy,0.00060748303,0.0002317867,0.0003576512,0.99788874,0.00030485605,0.0006095098
edlswg5,joy,joy,0.0010058346,0.00028157656,0.00037303116,0.9975776,0.00032116444,0.0004407094
edlt224,joy,joy,0.0012801802,0.00020575272,0.0003516791,0.9972722,0.0003277638,0.0005624827
edltg6x,joy,joy,0.000967819,0.00017395739,0.0003175975,0.99693006,0.0002694703,0.001341042
edltwfy,joy,joy,0.00080680364,0.00023512036,0.00033305067,0.99723864,0.00023071174,0.0011556388
edltzyk,joy,joy,0.005670117,0.000875865,0.0008898955,0.9686205,0.0005951257,0.023348518
edlu2mc,anger,anger,0.97471535,0.012666117,0.0012492023,0.0027145415,0.0058375373,0.00281719
edlu9qt,anger,sadness,0.0984656,0.0026565883,0.00520933,0.04252734,0.8087998,0.042341348
edluict,joy,joy,0.0093292715,0.0013809733,0.0022062345,0.8538517,0.12932022,0.003911658
edlula0,sadness,surprise,0.08839799,0.008776382,0.008327588,0.051021107,0.39962423,0.4438527
edlv2m5,joy,joy,0.0012290681,0.00015164964,0.00024238002,0.9968568,0.0003147268,0.0012052844
edlv5qd,surprise,surprise,0.041247018,0.0013254503,0.00083049433,0.0069188653,0.00424469,0.94543356
edlvms5,surprise,surprise,0.007995067,0.0007838574,0.0006132761,0.013809351,0.003212225,0.97358626
edlw7ay,joy,joy,0.0019052794,0.00015975659,0.00029968307,0.99504197,0.00037817107,0.002215128
edlwv5f,anger,anger,0.98311514,0.0060774204,0.0015738582,0.0026679377,0.0038587616,0.0027068339
edlxax4,joy,joy,0.0014154111,0.00026330558,0.000336339,0.9967474,0.00023175753,0.0010058648
edlyj9j,surprise,surprise,0.015827995,0.0027101373,0.0129024945,0.015707487,0.0062541524,0.94659775
edlyor7,joy,surprise,0.025987616,0.0010685642,0.0009846197,0.014891487,0.002504413,0.9545633
edlyqkr,fear,surprise,0.06587956,0.0026177126,0.008255467,0.02484654,0.024604023,0.8737967
edlzdmj,surprise,surprise,0.0070784967,0.0010145301,0.0010230265,0.0018903265,0.0013497707,0.98764384
edlzgiw,joy,anger,0.78570914,0.0020318525,0.0018516395,0.11322585,0.043616418,0.053565115
edlzke4,joy,joy,0.00072316075,0.00018857876,0.00031515412,0.9954098,0.000276163,0.003087193
edlzwrl,sadness,joy,0.004294192,0.00021851338,0.0006064238,0.9875563,0.003219535,0.004105091
edm0114,joy,joy,0.00057316484,0.00020621392,0.00041111856,0.996962,0.00035947698,0.0014880069
edm0g8p,surprise,surprise,0.0026758139,0.0010155899,0.00081016734,0.0025072708,0.0010521681,0.991939
edm1qfk,sadness,sadness,0.0057082493,0.003071836,0.011397766,0.0049655274,0.97197556,0.002881029
edm1s8k,surprise,surprise,0.0026449305,0.0011663354,0.0010639327,0.0034457103,0.00079873373,0.99088037
edm1twp,surprise,joy,0.0029786034,0.00026012803,0.0007303784,0.9770733,0.0005875214,0.0183701
edm24b2,joy,joy,0.0009724899,0.00026808024,0.0003362784,0.997569,0.00032827185,0.0005258506
edm2zoe,joy,joy,0.0011053586,0.00016382126,0.00042366787,0.99621093,0.0013290477,0.0007672662
edm4a7m,joy,joy,0.053261355,0.0017795366,0.0005021767,0.9399306,0.0029179764,0.0016084096
edm4x69,surprise,joy,0.0032184243,0.00049003906,0.0006472523,0.97747624,0.00043383206,0.017734284
edm4z3o,joy,joy,0.0008231223,0.00021705781,0.0003271464,0.99772877,0.00043831038,0.00046570474
edm5352,joy,joy,0.03429068,0.0010037639,0.0011956379,0.88941157,0.037615966,0.036482368
edm5kdi,joy,joy,0.00092584867,0.00017169981,0.00030275778,0.99755365,0.00026424156,0.0007818139
edm61ke,anger,anger,0.940904,0.005043306,0.0016284912,0.013017169,0.018927423,0.020479634
edm6lfo,joy,joy,0.0008620773,0.0001857092,0.0002966484,0.99765104,0.00026074084,0.0007438144
edm6p6p,joy,joy,0.17291744,0.002062598,0.0020679298,0.8112063,0.006626895,0.005118927
edm6pqn,joy,joy,0.00063893147,0.00019757079,0.00032827986,0.99784946,0.0002574119,0.0007284075
edm6udd,joy,anger,0.9805534,0.004936898,0.0010602295,0.00680283,0.0047337417,0.0019129072
edm7tb4,anger,anger,0.76835674,0.0040844413,0.0023088653,0.010459033,0.0145357605,0.2002551
edm7ul5,joy,joy,0.0012409119,0.00022097734,0.00029888767,0.9974203,0.0003467209,0.00047222647
edm8a4a,sadness,sadness,0.034720708,0.003722742,0.009486734,0.1364803,0.7523367,0.06325283
edm8pxk,joy,joy,0.0009671385,0.00027482916,0.00041374218,0.99688536,0.0001822465,0.0012767405
edm8tm6,anger,anger,0.8976578,0.0038390716,0.0010259808,0.028104445,0.006201123,0.06317161
edm9boe,joy,joy,0.014368605,0.00091156585,0.0004461103,0.93613976,0.002959558,0.045174375
edm9fvs,joy,joy,0.0015555301,0.00018851503,0.00027893894,0.9968172,0.00035210478,0.000807711
edma3g6,anger,joy,0.004738127,0.00022880945,0.00041582878,0.98065156,0.0005988262,0.013366827
edmacjb,joy,sadness,0.17130575,0.010286271,0.0053860256,0.009810792,0.78723186,0.015979223
edmbic4,anger,anger,0.9822858,0.0062386193,0.0012252119,0.0033454536,0.0032629857,0.0036418634
edmc01a,joy,joy,0.00040669268,0.00017894112,0.00057055923,0.99534875,0.0010874965,0.0024076072
edmcsr2,joy,joy,0.0015658191,0.00014785405,0.00021431017,0.99669003,0.00047867312,0.0009032777
edmdm4w,disgust,anger,0.39078456,0.293039,0.008134209,0.026026987,0.015408707,0.26660654
edmew3d,joy,joy,0.028635453,0.0006414606,0.00069818733,0.9631747,0.0011758255,0.0056744586
edmf0ev,joy,joy,0.0010867695,0.0001555146,0.00035091254,0.9971546,0.0003819645,0.00087018043
edmf6vj,joy,joy,0.0006796706,0.00022219637,0.0004052032,0.9975056,0.00026279892,0.0009245671
edmfss6,joy,joy,0.087651946,0.0018166739,0.0023621067,0.55614936,0.0032943357,0.34872565
edmg01b,joy,joy,0.00084327057,0.00016587143,0.00029941575,0.99755824,0.0004932129,0.0006399505
edmgcyp,disgust,disgust,0.1102149,0.7048333,0.018659106,0.14098912,0.014559158,0.010744315
edmgmgz,joy,joy,0.012964556,0.00058827124,0.00080671906,0.980491,0.00088610937,0.0042633903
edmhk8q,anger,anger,0.9027285,0.019986019,0.0035039468,0.0045687663,0.053626303,0.015586476
edmigzd,joy,joy,0.012499654,0.0008210683,0.003580823,0.9778789,0.0027473574,0.0024721657
edmiopv,joy,joy,0.002529846,0.0001826761,0.0002031736,0.99563956,0.0004454589,0.0009992447
edmj3cb,joy,joy,0.011094705,0.0007591358,0.0012747964,0.8842877,0.0009885863,0.10159501
edmjehl,joy,joy,0.009115763,0.00073258847,0.00059110014,0.9878299,0.0009900626,0.000740574
edmji2s,joy,joy,0.0018299932,0.00094253855,0.0007054223,0.9775059,0.0005949668,0.018421113
edmk7he,surprise,surprise,0.009067625,0.0012580564,0.00104987,0.0019566389,0.0013326143,0.98533523
edmkd4a,joy,joy,0.0025040326,0.0003436815,0.00029449223,0.9948791,0.0006463807,0.0013322522
edmmoje,joy,joy,0.004163856,0.0003257581,0.0003798588,0.9927731,0.00050885533,0.001848552
edmn2nf,joy,joy,0.0010250014,0.00031638198,0.000517596,0.9956304,0.00025445412,0.002256224
edmnwpc,joy,joy,0.019966267,0.0019358431,0.0023830791,0.7503309,0.00429598,0.22108787
edmon0x,joy,joy,0.0010342872,0.000285825,0.0003393301,0.9974956,0.00032071842,0.0005242248
edmpjmr,joy,joy,0.0025053425,0.00021467752,0.00021856268,0.99599826,0.00035093122,0.00071225566
edmq2rl,joy,joy,0.004573522,0.0005324946,0.0007198626,0.9623575,0.00045135748,0.031365246
edmqmsn,anger,anger,0.88459575,0.0029554032,0.0016463295,0.046449438,0.007013495,0.057339627
edmrlq5,surprise,surprise,0.004050923,0.0011013416,0.0006726666,0.0013868163,0.0012173986,0.99157095
edmrmhc,joy,joy,0.18443097,0.015289657,0.010370698,0.52151275,0.010193901,0.25820202
edmsoei,joy,joy,0.0008169694,0.00016653622,0.00027427558,0.99783236,0.00033469396,0.00057513407
edmv5hg,joy,joy,0.00068457564,0.00018362515,0.00033438602,0.9973117,0.00029938258,0.0011863541
edmv7t1,surprise,surprise,0.00729897,0.0016810789,0.003108797,0.0039880434,0.0029411234,0.98098195
edmwpv0,joy,joy,0.0007711117,0.00019938865,0.00044213026,0.99765813,0.00039381976,0.0005353369
edmwt3n,joy,joy,0.00081451726,0.00018861688,0.00032769027,0.99768484,0.00025673406,0.0007276695
edmxz84,surprise,surprise,0.002561507,0.0012120744,0.0011373335,0.0014579961,0.0014275166,0.9922035
edmypep,joy,joy,0.0008166283,0.00020131047,0.00032036996,0.9974148,0.00019500517,0.0010518471
edmzcrk,anger,anger,0.5963243,0.020517005,0.002399661,0.040168352,0.32763243,0.012958303
edmzko2,disgust,disgust,0.16339205,0.6464739,0.029626433,0.0048379237,0.14601973,0.009649944
edmzl11,anger,anger,0.98323303,0.004692867,0.00094149914,0.004218517,0.0042670877,0.002646978
edmzslw,joy,joy,0.0009796084,0.00013356892,0.00023221174,0.9970516,0.00043822598,0.0011646973
edn2pgt,anger,joy,0.010838467,0.00057001086,0.0018031615,0.94608516,0.03196046,0.008742754
edn3j2g,fear,fear,0.0028045324,0.011584049,0.9725103,0.0054971226,0.003172283,0.0044317897
edn4ff4,joy,joy,0.0009115048,0.00016576806,0.0003456618,0.9975309,0.00048492546,0.0005612992
edn4ll2,joy,surprise,0.0062495456,0.0009648513,0.0052134255,0.41106603,0.013350066,0.56315607
edn4pb5,joy,joy,0.00092429755,0.00023628472,0.00039537542,0.9976561,0.0003829543,0.00040494933
edn4v2r,joy,surprise,0.034182206,0.0028418896,0.008085813,0.033691984,0.16654493,0.75465316
edn4xjd,joy,joy,0.0016990752,0.00039918983,0.00067881687,0.983288,0.00092855457,0.013006389
edn5amu,anger,surprise,0.087790534,0.029193776,0.090589106,0.110629946,0.0060247835,0.67577183
edn5avp,sadness,sadness,0.022450982,0.0014436614,0.009754235,0.45360917,0.48007363,0.032668363
edn6dcs,joy,joy,0.018140271,0.0005165598,0.0009080027,0.9494676,0.014437928,0.016529622
edn7b3a,disgust,disgust,0.13343742,0.78322923,0.02170382,0.026659798,0.024465831,0.010503939
edn9bfj,joy,joy,0.0010519607,0.00023022754,0.00030078835,0.9965503,0.000453498,0.001413276
ednabpt,joy,anger,0.89665544,0.0033969742,0.0017777284,0.075537756,0.016949855,0.0056822896
ednakvb,surprise,sadness,0.01662116,0.0057473327,0.018676661,0.013817099,0.599631,0.34550667
ednan1g,joy,joy,0.3047371,0.0018988564,0.0017887312,0.6782634,0.0051542944,0.008157586
ednbjt6,joy,sadness,0.065235734,0.0035315524,0.009541573,0.019856531,0.85990244,0.041932143
ednbqbt,joy,joy,0.002901795,0.00021321495,0.000214911,0.9954548,0.00038293577,0.0008324164
ednd9yt,joy,joy,0.010293883,0.00038148515,0.0005728024,0.98342186,0.004043255,0.0012867508
edndid2,surprise,surprise,0.03869697,0.00093649357,0.0019842696,0.02963361,0.022693563,0.9060552
edndmmt,anger,anger,0.95069367,0.007924015,0.0032025701,0.0074179675,0.025144665,0.0056171967
edneky9,joy,surprise,0.19132082,0.0032047825,0.0015231705,0.22947615,0.012954508,0.5615206
edneqno,anger,anger,0.9819484,0.0035086148,0.00096395996,0.005505445,0.0032741334,0.004799563
ednf0ba,joy,joy,0.007299569,0.00096564094,0.0011070758,0.8284577,0.00070267223,0.16146736
ednfoyd,surprise,surprise,0.008236821,0.00091020914,0.0008679633,0.0069331755,0.0011319938,0.9819198
edngz7w,joy,joy,0.0006809702,0.000174622,0.00033560384,0.99774736,0.00042424785,0.0006370999
ednhdl6,joy,joy,0.0016709096,0.00018116616,0.000415905,0.9958436,0.0006340476,0.0012543426
ednhgfw,fear,fear,0.007836548,0.008107448,0.9527384,0.020129155,0.0044854335,0.0067030247
ednhpsd,joy,joy,0.0007578214,0.00019849051,0.00037803597,0.9977762,0.00041149848,0.0004778868
ednip9q,sadness,sadness,0.0066420357,0.0020533255,0.0011320177,0.0043774587,0.9823022,0.0034931044
edniutj,anger,anger,0.9681024,0.0049952283,0.0011079808,0.0059931474,0.012727978,0.007073263
ednjqz8,sadness,sadness,0.24216852,0.022815527,0.012506197,0.020006137,0.6970895,0.005414107
ednky9a,joy,joy,0.0066566346,0.00048664332,0.00030699142,0.99062485,0.0010567848,0.0008680754
ednkzrh,joy,joy,0.0005965999,0.00020092087,0.00043695307,0.9975374,0.00045935513,0.00076879875
ednm72q,sadness,sadness,0.002921673,0.002558401,0.0015501713,0.0051658014,0.983832,0.0039720144
ednmbx0,joy,joy,0.00598799,0.0010062058,0.00046931903,0.9909051,0.0009258399,0.00070553314
ednmd0i,joy,joy,0.0059640286,0.0015582622,0.0018971346,0.8832359,0.0009813657,0.10636326
ednn0zw,surprise,surprise,0.06702701,0.0073644086,0.0025130527,0.013786141,0.022873376,0.886436
ednn2rx,joy,joy,0.0032875696,0.0002515704,0.00024284112,0.9939774,0.0010577403,0.0011828977
ednnig9,joy,joy,0.0026565578,0.00031974207,0.000507158,0.99495125,0.0009402484,0.00062505185
ednnjnp,joy,joy,0.016756354,0.0019444971,0.0018702373,0.97499096,0.0031283326,0.0013095834
ednou9o,surprise,surprise,0.0030398834,0.0011679671,0.0016219353,0.0013582926,0.0015232059,0.99128866
ednp1ld,joy,sadness,0.034597892,0.0021207146,0.0064592897,0.11186015,0.8374514,0.0075105745
ednpbcq,surprise,surprise,0.33685568,0.0065754317,0.004826492,0.09135996,0.007206007,0.55317646
ednpd3m,joy,joy,0.010966777,0.0006826029,0.0028952844,0.8712647,0.0616015,0.052589137
ednq034,joy,joy,0.0009936166,0.00020980499,0.0003925745,0.99631387,0.001432358,0.0006577603
ednqr1y,anger,anger,0.7009548,0.014670195,0.002669053,0.007818157,0.011703806,0.26218402
ednqwtf,joy,joy,0.014472006,0.0003739576,0.00038693522,0.9814355,0.00086908654,0.0024624811
ednqxvb,joy,joy,0.0009818374,0.00026226524,0.00035948845,0.99763346,0.00031873587,0.00044411334
ednrd6b,surprise,surprise,0.075621046,0.0030179238,0.004198414,0.25575286,0.08539134,0.5760185
ednrsqa,joy,joy,0.01533729,0.00026049657,0.0003519779,0.9788971,0.0014193844,0.0037337136
ednrv41,joy,joy,0.005398439,0.00035346136,0.0026563657,0.9839383,0.0050446186,0.0026088643
ednrypp,joy,surprise,0.007831661,0.0017666561,0.0018030523,0.33474,0.0045514298,0.6493072
edns1tv,joy,joy,0.00078033184,0.00017631009,0.00026355824,0.9977894,0.0003042582,0.00068622426
ednshdu,joy,joy,0.0014363106,0.00030822548,0.00053600466,0.9796913,0.00036027477,0.017667867
ednt363,joy,sadness,0.018089399,0.0026355444,0.0016668786,0.010153772,0.9649202,0.0025342125
ednuk54,joy,joy,0.0044950014,0.0011456527,0.0007069239,0.98952115,0.0006186966,0.0035125525
ednw3ga,joy,joy,0.0014534566,0.00021842179,0.0002808349,0.9968562,0.00022967641,0.0009614135
ednwuto,surprise,surprise,0.010696616,0.0010228711,0.0011545268,0.09027151,0.0021973096,0.8946572
ednxhk4,surprise,joy,0.010588939,0.0008657164,0.004282721,0.8272227,0.13140236,0.025637567
edny3g2,joy,anger,0.3784884,0.35835028,0.028500149,0.032598183,0.1979548,0.004108205
edny86i,joy,joy,0.00203023,0.00017678486,0.00031618206,0.9956742,0.0003956869,0.0014069097
ednz4de,joy,sadness,0.0121161835,0.0022261667,0.017169585,0.39488974,0.5628653,0.010733102
ednz6pb,surprise,surprise,0.0043570953,0.0009889998,0.0013243484,0.002319023,0.0022138765,0.9887967
edo0pjj,anger,anger,0.8983524,0.007687251,0.0034388513,0.012422091,0.06286834,0.015231104
edo2yqh,anger,surprise,0.14626843,0.006482959,0.0040424494,0.012178198,0.0966387,0.7343893
edo362k,joy,joy,0.0009858882,0.00028123657,0.00035524485,0.99727327,0.00023904112,0.00086522434
edo5das,anger,joy,0.22520489,0.0018255077,0.0018557548,0.45492822,0.012897782,0.3032878
edo5k60,joy,surprise,0.004766177,0.0025690417,0.0014359449,0.0054031583,0.0018059142,0.98401976
edo5pvp,joy,joy,0.0026529937,0.00054755004,0.0058651045,0.98673147,0.001211424,0.002991383
edo683i,sadness,sadness,0.148242,0.08138888,0.027451864,0.003178031,0.727246,0.012493177
edo6jtp,joy,joy,0.0014782613,0.00016528693,0.00027562972,0.9956863,0.0002992543,0.0020952083
edo7dg4,anger,surprise,0.096907705,0.0016571509,0.0010793565,0.020657646,0.0021836916,0.8775144
edo7mte,joy,joy,0.0008455792,0.00037242976,0.00041047658,0.9971596,0.000372986,0.0008390221
edo7r19,surprise,joy,0.002690689,0.0013599788,0.0017895149,0.8510973,0.00095102633,0.14211158
edo7suu,anger,anger,0.8908924,0.02040683,0.0013087303,0.046710256,0.034889292,0.0057925074
edo86yd,joy,joy,0.012648323,0.0006152048,0.00039778856,0.98447,0.0006399397,0.0012287258
edo8zrs,surprise,surprise,0.004705126,0.0007456943,0.0018361047,0.04841357,0.0022300272,0.94206953
edo91pt,surprise,surprise,0.0021622528,0.0011659736,0.0012903492,0.0017231669,0.0010373614,0.9926208
edo9487,surprise,joy,0.004503596,0.001238107,0.0030177624,0.8311719,0.002345586,0.1577231
edo9aqg,anger,anger,0.9625402,0.02074924,0.003507686,0.0015913895,0.008060046,0.00355138
edo9wi9,joy,joy,0.001719655,0.0001840572,0.00025710207,0.99687636,0.00034419596,0.0006186054
edoakke,joy,joy,0.0007058002,0.00022267671,0.0003947308,0.9977266,0.0004099444,0.00054021785
edoazn7,joy,joy,0.000981996,0.00014868648,0.00035498288,0.9971834,0.0006980149,0.000632957
edob1yj,surprise,surprise,0.035191298,0.0020502866,0.0014055035,0.0020768084,0.0050300295,0.95424604
edobeh3,joy,joy,0.0013151926,0.00018316836,0.00023131826,0.9973386,0.0003363085,0.0005954338
edoc46b,joy,joy,0.0031014895,0.00019277743,0.0002745119,0.99394625,0.00040315522,0.0020818484
edocqjn,anger,anger,0.9717692,0.008125981,0.0010317005,0.004019862,0.009160548,0.005892715
edocw5l,sadness,anger,0.87194866,0.015087092,0.0032364423,0.008123042,0.0877114,0.013893448
edod3e6,joy,joy,0.0011954659,0.00019460917,0.00062233367,0.99689037,0.00067740155,0.00041980515
edodrci,surprise,surprise,0.0031454265,0.0011061974,0.0008050517,0.0016018071,0.0007793001,0.9925621
edoe247,sadness,sadness,0.0018386485,0.0016785912,0.0022287432,0.005530681,0.98526764,0.0034556505
edoeh48,joy,joy,0.0016099762,0.00029107355,0.00031921748,0.99686426,0.00032513245,0.00059030263
edoejlm,joy,joy,0.13638155,0.0010980429,0.0063360827,0.69903874,0.025912052,0.13123356
edoeypb,joy,joy,0.0010058,0.00026170386,0.00032212664,0.997255,0.00027557736,0.00087975466
edog0bw,joy,joy,0.067732535,0.0022340117,0.007812633,0.5815762,0.25838992,0.082254656
edogdd7,sadness,sadness,0.04008613,0.004965213,0.0042067906,0.01757278,0.9094319,0.023737267
edoiosm,joy,joy,0.0036289592,0.0003923734,0.00038096344,0.9916318,0.0022397342,0.0017262546
edoj7ve,joy,joy,0.0011044155,0.00021066605,0.00045483603,0.9945544,0.0027972376,0.00087837817
edojf5w,joy,joy,0.0012818603,0.00019945056,0.00031863476,0.9967524,0.00020050368,0.0012472451
edokwxy,joy,joy,0.0011869086,0.00039449832,0.00040961718,0.9943983,0.00028315044,0.003327434
edol784,surprise,surprise,0.004336675,0.0011212076,0.0014755105,0.0018450902,0.0022921383,0.98892933
edolxy5,anger,anger,0.97293484,0.01219866,0.0018397691,0.0026192078,0.0074307513,0.0029767612
edom8il,surprise,surprise,0.002284056,0.0011142434,0.0010699537,0.017611265,0.00077698723,0.9771434
edomg6o,anger,anger,0.9754311,0.0105868,0.0008158671,0.0032875638,0.0061872844,0.0036914088
edomho7,surprise,surprise,0.015341815,0.0018772633,0.0007380829,0.001490918,0.0016452232,0.9789067
edomu36,joy,joy,0.0012658534,0.00020405877,0.0002871319,0.9966299,0.00020324055,0.0014098302
edona8g,joy,joy,0.0010040603,0.00018506176,0.00031396566,0.9972011,0.0006824729,0.0006133575
edopoqr,joy,joy,0.0012030745,0.0001894289,0.00035298595,0.99634284,0.00023762675,0.0016739472
edopst7,joy,joy,0.0027227297,0.00022111605,0.00029737168,0.9955102,0.00036548486,0.0008831291
edot2cu,sadness,sadness,0.13401642,0.0031773194,0.014217327,0.020128416,0.78472316,0.043737285
edot3om,surprise,joy,0.0712704,0.0027518058,0.005850441,0.42466044,0.13193536,0.36353156
edot6go,joy,joy,0.001100642,0.000214779,0.00038893995,0.99739504,0.00028034806,0.0006202911
edottp2,joy,joy,0.0045205858,0.00018019011,0.00028612482,0.991239,0.00072449254,0.0030496472
edowtdr,joy,joy,0.00090069696,0.00023178406,0.00040259308,0.99769646,0.00029422864,0.000474229
edowweu,joy,joy,0.0014335465,0.00017542885,0.00028365306,0.99684095,0.00036019474,0.00090615364
edoxmzk,joy,joy,0.0010973852,0.00017178946,0.0002708286,0.9975388,0.0002670191,0.00065419526
edoy9yy,anger,joy,0.1713776,0.0017946671,0.0014126027,0.8200682,0.0020920702,0.0032548038
edoymh6,joy,joy,0.028492883,0.00047877934,0.00055517984,0.94907194,0.0013726543,0.020028578
edoyyye,joy,joy,0.004424168,0.0002528568,0.00043610722,0.9926541,0.00035476845,0.0018779541
edp09u3,sadness,sadness,0.0037010661,0.0018358475,0.0018391614,0.0031250345,0.9871148,0.0023841464
edp0uwr,sadness,anger,0.7019821,0.0070192786,0.002664408,0.022659339,0.2551332,0.010541703
edp161d,joy,joy,0.00095440313,0.00028303135,0.00030949432,0.99751925,0.0003705623,0.0005632515
edp1dr5,joy,anger,0.9792412,0.0104450295,0.0014653694,0.0020506834,0.003547852,0.0032498892
edp3os0,surprise,joy,0.0007952945,0.00028475607,0.00042969023,0.9964204,0.00017852253,0.0018913109
edp4grt,joy,anger,0.7901477,0.0023507178,0.002519846,0.10084187,0.04055565,0.06358425
edp4m3v,anger,anger,0.7987512,0.005747995,0.0018299913,0.1270209,0.018349225,0.04830072
edp5w86,anger,anger,0.71986336,0.003376378,0.0018118161,0.13086052,0.041428372,0.102659576
edp62db,surprise,surprise,0.30453768,0.016952734,0.010848673,0.055372134,0.031775787,0.58051294
edp8dxy,joy,joy,0.0010324103,0.00017412739,0.00026657412,0.99722505,0.0003158472,0.0009859565
edp8gyz,joy,anger,0.48704338,0.0060052364,0.0039338176,0.4529639,0.016562095,0.03349157
edp8lj0,joy,joy,0.0019948059,0.0002230216,0.00031415146,0.9919165,0.0003525272,0.0051990054
edp8zba,anger,joy,0.0014938687,0.00019684935,0.00046354285,0.994605,0.0025373842,0.0007033383
edp99d7,joy,joy,0.28967202,0.004176692,0.0014972187,0.60566735,0.019605462,0.07938125
edp9eyi,joy,joy,0.00089440215,0.00024203074,0.00042645802,0.9975452,0.0004805259,0.00041137257
edpandf,surprise,joy,0.0033253385,0.0005751993,0.00067404774,0.9676628,0.001086282,0.026676351
edpc3ur,anger,anger,0.8423909,0.006450275,0.0033890854,0.024557596,0.014384724,0.10882744
edpen66,joy,joy,0.0010745974,0.0002988875,0.00045132928,0.9946955,0.00024279949,0.003236953
edpewdt,joy,joy,0.0010659854,0.0002592778,0.0003122945,0.9967663,0.00023629765,0.0013597894
edpf05v,anger,anger,0.8711838,0.0027205353,0.0054976526,0.065725744,0.031818908,0.023053328
edpf9ol,anger,anger,0.9391435,0.00253639,0.00057643,0.031200936,0.013336837,0.013205875
edph5p9,joy,sadness,0.0039944095,0.0027509865,0.006705188,0.4814655,0.5006172,0.004466761
edpi6k3,joy,joy,0.001519813,0.0002657361,0.0003248693,0.9969773,0.00031152018,0.0006008094
edpjatm,sadness,sadness,0.0047729095,0.0020048253,0.0018753187,0.009169117,0.96813554,0.0140422145
edpjd0y,anger,anger,0.97166663,0.004621031,0.0014826357,0.003577106,0.013190591,0.005462006
edpn9m7,joy,surprise,0.008237045,0.00089141616,0.0010028993,0.22313765,0.0051093423,0.7616217
edpnq8t,joy,joy,0.00086850114,0.0002420523,0.0004160052,0.9977035,0.00039666164,0.00037337278
edpnzul,joy,surprise,0.074183576,0.004742037,0.036867205,0.30485934,0.12840562,0.45094225
edpoidl,joy,joy,0.0021343725,0.00031074297,0.00047523723,0.9931942,0.00030457982,0.0035807316
edpom9u,joy,joy,0.0011377815,0.00021355276,0.00038022507,0.9969977,0.00029504052,0.00097564474
edpp00u,anger,anger,0.6515845,0.0121593475,0.0027984611,0.015954409,0.052482,0.26502123
edpp1ko,joy,joy,0.0006893929,0.00014189923,0.0003214121,0.9976568,0.00037604518,0.00081435806
edppi7d,joy,joy,0.0014241443,0.00018492983,0.000249678,0.996591,0.00027544348,0.0012748002
edpq6cw,anger,anger,0.71368414,0.111018166,0.08861535,0.025259692,0.010323382,0.05109927
edprcgp,anger,anger,0.9362406,0.005138815,0.0017482437,0.0036440855,0.0070766374,0.046151612
edpriid,joy,joy,0.0037784309,0.00036725824,0.0008208582,0.9863003,0.004160831,0.0045723883
edprirt,joy,joy,0.0011298823,0.0007870087,0.001053129,0.98434055,0.00044769805,0.01224179
edpt0zu,joy,joy,0.0024219283,0.00020232041,0.00020544732,0.9958651,0.00037223598,0.00093300716
edpu0ys,joy,joy,0.00097217434,0.0002542077,0.0003535058,0.9972915,0.0002686249,0.00085993786
edpv00z,joy,joy,0.003046144,0.00056132325,0.00091906346,0.98392546,0.002040713,0.009507369
edpvtxv,joy,joy,0.0009164036,0.00021071837,0.00036690471,0.99756783,0.00024013668,0.0006979588
edpw2z1,joy,joy,0.00083982636,0.00019204823,0.0003299863,0.9976472,0.00024852462,0.000742351
edpwpju,anger,anger,0.9384152,0.04404484,0.005472352,0.0016839375,0.0072428705,0.0031407992
edpx81n,fear,fear,0.0038827206,0.011563977,0.9732251,0.0028336092,0.0025361062,0.0059584407
edpya46,sadness,sadness,0.008958972,0.0024859349,0.0011187383,0.0052988026,0.97946095,0.0026766516
edpyywe,joy,joy,0.0013202576,0.00022411534,0.00032383195,0.9965814,0.0009983901,0.0005519945
edpzhvj,surprise,surprise,0.0051133437,0.0011590726,0.0008019635,0.0020231951,0.0013275489,0.98957485
edpzv6w,joy,joy,0.0014383267,0.0001970047,0.00029988794,0.9969861,0.00033945686,0.00073930225
edq0bqs,anger,anger,0.9737022,0.0074795936,0.00079966255,0.007583764,0.0036615515,0.0067732544
edq1y7t,joy,joy,0.017791443,0.0002679496,0.0005268997,0.97526634,0.0021554527,0.0039919633
edq2wc6,joy,joy,0.0076997355,0.0034147499,0.0025857675,0.54828477,0.0030013653,0.4350137
edq3d91,sadness,anger,0.73204786,0.010784328,0.014561987,0.025919436,0.17427365,0.042412773
edq3k72,sadness,sadness,0.013446801,0.0065205344,0.022302572,0.0059679663,0.94803715,0.0037249865
edq48mm,joy,joy,0.005295924,0.0004020984,0.000388729,0.98194987,0.00037829747,0.011585013
edq4jwq,surprise,surprise,0.004623182,0.001255123,0.0011949035,0.0013690905,0.0009666077,0.990591
edq51n7,anger,joy,0.06349424,0.0009912067,0.00049942185,0.9297799,0.0023914569,0.0028438119
edq5fr6,joy,joy,0.0026345735,0.00019441481,0.0003313137,0.9945964,0.00021971525,0.0020236128
edq5l4u,joy,anger,0.6224286,0.00735013,0.0023262626,0.318056,0.045158442,0.004680551
edq5mpc,joy,joy,0.0006039405,0.00018703479,0.00035434522,0.99745804,0.00040966953,0.0009870587
edq64nv,surprise,surprise,0.0026643642,0.0012479593,0.0016445164,0.001428429,0.0012982059,0.99171644
edq6a6i,surprise,surprise,0.0044924077,0.0023073605,0.002316991,0.0025971772,0.003057055,0.98522896
edq6lly,joy,joy,0.0015144486,0.0008022476,0.001962568,0.9217515,0.00095649617,0.07301275
edq8567,joy,joy,0.0009939836,0.00018134096,0.00038899237,0.997393,0.00041413098,0.00062844553
edq8t3g,joy,joy,0.001361402,0.00020753425,0.00032747202,0.9971079,0.00036077396,0.0006348238
edq9742,sadness,sadness,0.0024294155,0.002048298,0.0014688317,0.0023876473,0.99009377,0.0015720408
edq9j92,anger,joy,0.21045046,0.001235402,0.0013867721,0.76694584,0.0022912226,0.017690374
edq9k5o,joy,joy,0.0011226239,0.00017048176,0.0003242332,0.9970342,0.00073201966,0.0006164817
edqb2x4,fear,fear,0.0039699143,0.008840455,0.9611702,0.009066483,0.0035175362,0.013435421
edqbp7m,joy,joy,0.013005025,0.00043894388,0.00046010135,0.9739348,0.00087404536,0.011287002
edqc1yz,joy,joy,0.0011568763,0.00024785366,0.00036297724,0.9951768,0.00022818675,0.002827224
edqc8g7,surprise,joy,0.0040582702,0.0020229782,0.0036323692,0.605939,0.0018633313,0.38248405
edqe733,anger,anger,0.938526,0.0056079472,0.00082128757,0.016887771,0.011275708,0.026881257
edqfwbb,sadness,sadness,0.005411068,0.0021279333,0.0012392758,0.0021667776,0.9868249,0.0022300424
edqie2o,anger,anger,0.8642447,0.005255519,0.0027356043,0.092244215,0.021390466,0.014129452
edqjkm3,joy,joy,0.0011963972,0.00022411376,0.00031632604,0.9975062,0.00029243887,0.00046450165
edql0mu,joy,joy,0.0010776094,0.00019318472,0.0002610232,0.9971107,0.00021988347,0.0011375215
edqlu8c,joy,joy,0.14773461,0.0041021057,0.0038228866,0.64262134,0.07172394,0.12999512
edqmmr8,sadness,sadness,0.0033125079,0.0018896154,0.0011490182,0.0043473216,0.9867335,0.0025680603
edqmqf8,anger,anger,0.80780476,0.007183013,0.0015529608,0.025190664,0.026415672,0.13185295
edqop78,anger,anger,0.7375014,0.0067648115,0.0030880005,0.06505348,0.13543476,0.052157503
edqpdqx,joy,joy,0.0025215892,0.00091125554,0.007571318,0.98336756,0.002742245,0.0028860606
edqpzk7,sadness,sadness,0.003612615,0.0016565425,0.002628093,0.0071804775,0.98255587,0.0023664313
edqr7ji,joy,joy,0.0007253246,0.00014236761,0.00026668864,0.9974784,0.00026663905,0.0011205293
edqr7ka,joy,surprise,0.07040267,0.001778867,0.0032826154,0.19011971,0.042341527,0.69207454
edqs4tt,fear,anger,0.7405238,0.06250581,0.10202711,0.021221798,0.023737984,0.04998349
edqsey9,surprise,surprise,0.008458343,0.0018903456,0.0036532113,0.2198651,0.0036360237,0.76249695
edqsfef,anger,anger,0.9142036,0.037364416,0.0034558268,0.0028461118,0.024485186,0.017644858
edqsiaj,joy,joy,0.0069850585,0.00075642293,0.0024408712,0.9549529,0.03181378,0.003050964
edqsica,surprise,surprise,0.025447717,0.0013571811,0.0011365565,0.0028832066,0.0020800051,0.9670953
edqssvy,surprise,surprise,0.01419539,0.0011101518,0.00080542587,0.012248622,0.004865615,0.96677476
edqt9q9,sadness,anger,0.51676726,0.009874873,0.006918761,0.055528443,0.36516297,0.045747664
edqtehl,joy,anger,0.5055397,0.0044487407,0.0033629765,0.46943015,0.007144983,0.010073412
edqv0nr,joy,joy,0.0019393117,0.00027380502,0.00030762772,0.99665076,0.000342317,0.00048617087
edqw4dy,joy,joy,0.020440789,0.000340788,0.0010966158,0.96913904,0.0014585084,0.0075243437
edqwmts,joy,joy,0.0011122392,0.00033681595,0.0019238243,0.99501157,0.00077886024,0.0008367917
edqxbkg,surprise,surprise,0.0059638964,0.00072854647,0.0009745139,0.0451166,0.0021264958,0.94508994
edqxzpp,joy,joy,0.0016946696,0.00028918468,0.000391474,0.9940498,0.00305926,0.000515684
edqy1eu,anger,sadness,0.040181894,0.003060806,0.004987671,0.2108856,0.72647464,0.014409331
edqy7bh,joy,joy,0.0021072072,0.00019247457,0.0005048751,0.9951018,0.0011020467,0.0009915791
edqzvxf,joy,joy,0.0016250805,0.00020732946,0.00050562475,0.99647266,0.00030169368,0.0008875168
edr12yq,joy,joy,0.00082642183,0.00023759739,0.00037888397,0.9977715,0.0003212278,0.00046435717
edr1k22,joy,joy,0.0013768291,0.00016697824,0.00032071213,0.99498016,0.0003007062,0.0028545752
edr26ht,sadness,sadness,0.004942813,0.0015554155,0.0011983415,0.004672706,0.9829742,0.0046565756
edr298t,surprise,surprise,0.0066962773,0.001050967,0.0012252243,0.011361946,0.002471765,0.97719383
edr2wkn,joy,joy,0.0054512145,0.00020317637,0.000488726,0.9846336,0.005478399,0.003744777
edr3hu4,joy,joy,0.060675953,0.0011752406,0.00057383237,0.92497027,0.0038824629,0.008722273
edr3qk1,sadness,sadness,0.19405487,0.009797553,0.00558628,0.19160642,0.5756607,0.023294171
edr3vme,joy,joy,0.010415986,0.00040710505,0.0007414878,0.98452467,0.00072575355,0.0031849141
edr4x9q,joy,joy,0.0044954047,0.00048110477,0.0007798023,0.9881953,0.00092258054,0.005125802
edr4zvg,joy,joy,0.001111521,0.00028002364,0.00034744325,0.9973902,0.0002783099,0.0005925229
edr57s8,surprise,surprise,0.0028306874,0.0013629979,0.0012942689,0.0014466136,0.0010494001,0.99201596
edr5f2c,joy,joy,0.002680273,0.00060694036,0.0010756484,0.9325165,0.0016843223,0.061436266
edr5llp,anger,joy,0.2312222,0.0013305104,0.0010583905,0.74336845,0.005276497,0.017743992
edr6hjf,surprise,surprise,0.003926419,0.0009738469,0.0012455822,0.0179375,0.0019651023,0.97395146
edr7dnd,joy,joy,0.001043304,0.00019124942,0.00030174482,0.99737275,0.00060613797,0.0004847606
edr85qe,joy,joy,0.0008432543,0.00019506423,0.0003312119,0.99767894,0.00046194758,0.0004896092
edr8fce,joy,joy,0.001894298,0.00020508487,0.0003227053,0.99612576,0.00038614724,0.0010659918
edr8tj5,joy,joy,0.003978189,0.00023845423,0.000336706,0.9926877,0.000443235,0.0023157978
edr95m4,joy,joy,0.0007777126,0.00026156552,0.00041350132,0.9970055,0.00020714854,0.0013345383
edr9gz1,joy,joy,0.00079977163,0.0001782025,0.00027808186,0.99621284,0.0004031006,0.0021280556
edraces,joy,joy,0.0009221008,0.00022119025,0.00031495452,0.9974468,0.00025302646,0.00084199227
edrcsxd,joy,anger,0.6191405,0.00426654,0.0067792074,0.18107557,0.15575689,0.032981303
edremjy,joy,joy,0.00097496685,0.00022557036,0.00035783814,0.9975471,0.00030362146,0.00059087516
edrf0al,joy,joy,0.011432582,0.0018882812,0.0125213,0.49213406,0.049479686,0.43254414
edrfqxl,joy,joy,0.00087617885,0.00024146526,0.00027843684,0.9975654,0.00024319276,0.0007953568
edrfs7m,sadness,disgust,0.38929883,0.42203394,0.025000365,0.02625709,0.09117442,0.04623531
edrhxjz,surprise,surprise,0.17218333,0.0051888893,0.004411302,0.0130280005,0.11606437,0.68912405
edri0r1,sadness,joy,0.015532554,0.0012475111,0.0031250406,0.5159931,0.45347553,0.010626257
edriki2,joy,joy,0.0009563837,0.00024702604,0.00034690846,0.9973991,0.0002102251,0.0008404394
edrj7db,joy,joy,0.0015201911,0.00023590412,0.0003794124,0.9967248,0.00037360552,0.0007661338
edrjho0,joy,joy,0.1201496,0.0011922496,0.005616103,0.69538563,0.15665036,0.021006092
edrjm8l,joy,joy,0.0016757088,0.00022993189,0.0003244016,0.9968645,0.0003436995,0.00056178134
edrjy8b,joy,joy,0.0007574714,0.0001410249,0.00025183865,0.9974076,0.00027740057,0.0011646533
edrkw6p,joy,joy,0.0011595207,0.00027074938,0.00035515588,0.9971795,0.00022232402,0.000812725
edrlos5,joy,joy,0.0009212625,0.00015092207,0.00024880114,0.997615,0.00033334066,0.00073071546
edrls4n,joy,joy,0.0012120951,0.00036221195,0.000658444,0.9961533,0.00042347593,0.0011905049
edrlwlq,joy,joy,0.0005956769,0.00019055586,0.0002942405,0.9978356,0.00026735975,0.00081663084
edrmucl,anger,anger,0.96806985,0.005063116,0.0005100812,0.016055861,0.005911986,0.004389106
edrnbi7,joy,joy,0.0010710994,0.00033688388,0.00042318183,0.9933268,0.000320258,0.004521704
edrnnuj,joy,joy,0.00075417175,0.00016914851,0.00029408926,0.9975948,0.00034652994,0.0008411745
edro4ig,sadness,sadness,0.003813909,0.0017025734,0.0031737671,0.030583667,0.95729995,0.0034262026
edroc0j,sadness,anger,0.56038254,0.008913299,0.033151384,0.0672905,0.27573383,0.05452848
edrofh4,joy,joy,0.0008073154,0.00016109316,0.0002833084,0.9975164,0.00025102898,0.0009807864
edrophq,joy,joy,0.0026994057,0.00044891474,0.00068775,0.98398834,0.00029559355,0.01187994
edrpjzt,joy,joy,0.0014485616,0.0002933606,0.00033148687,0.9964952,0.00025188987,0.0011795515
edrqcb6,anger,anger,0.7502608,0.13311946,0.0064991177,0.004941689,0.09120927,0.013969647
edrqftq,surprise,anger,0.71240675,0.055793915,0.0027493178,0.0053003477,0.20119967,0.022550035
edrr7yl,joy,joy,0.0010552409,0.00022778533,0.00033772597,0.9966658,0.0002621876,0.0014512268
edrrskr,surprise,surprise,0.008559178,0.0016212557,0.0017294302,0.004938627,0.0012494768,0.981902
edrry0k,joy,joy,0.038766455,0.0013523609,0.0027710036,0.790046,0.07987842,0.087185785
edrtg0a,joy,joy,0.0012908066,0.00014135343,0.00039921075,0.99661934,0.0007300848,0.0008191726
edrtigp,joy,joy,0.00047941858,0.00016099481,0.00030260926,0.99694544,0.00027290822,0.0018385609
edrv61p,joy,joy,0.00060402416,0.00016275836,0.00031025542,0.99801624,0.00030116073,0.0006055465
edrvxvk,fear,sadness,0.06143026,0.0028198187,0.053232554,0.07353053,0.4710537,0.33793312
edrw5oj,anger,anger,0.9440079,0.022008467,0.0019249762,0.0034245418,0.020510215,0.008123859
edrwx1x,anger,anger,0.73900914,0.0034200007,0.0036901666,0.028066833,0.021571107,0.20424272
edrx7ju,sadness,sadness,0.014360857,0.005523769,0.020262588,0.0034384867,0.9479599,0.00845439
edrxm80,surprise,joy,0.009267818,0.003714261,0.0023509131,0.50050396,0.0014093821,0.4827537
edrxqba,anger,anger,0.5864203,0.0039484156,0.0035765776,0.38926628,0.002875506,0.013912957
edrz015,sadness,sadness,0.004832105,0.0020945934,0.001453529,0.004059707,0.9858415,0.0017185862
edrz9eh,surprise,surprise,0.008789027,0.001258269,0.00085339404,0.008834558,0.0011018986,0.9791628
eds0hr5,surprise,surprise,0.002997791,0.0025016747,0.0032314234,0.41199553,0.0016300441,0.5776435
eds0tur,surprise,surprise,0.01209064,0.0012648347,0.0010008515,0.0023477299,0.0017463851,0.98154956
eds0u7t,joy,joy,0.026056798,0.0013455255,0.0015276114,0.83439404,0.020813392,0.1158626
eds10sl,surprise,surprise,0.0023626173,0.0012988993,0.0011277668,0.0021647122,0.0012147436,0.99183124
eds2wyn,joy,joy,0.000829345,0.00019838047,0.0003061684,0.9973942,0.0003343212,0.00093752553
eds3wxg,joy,joy,0.002440445,0.00017933978,0.00025625766,0.99479705,0.0014680863,0.00085882196
eds5e1p,anger,anger,0.9527899,0.033806413,0.0022691223,0.0021214238,0.0068387035,0.0021744538
eds6fgw,anger,surprise,0.12272808,0.0057409047,0.0018781878,0.0058537913,0.017509915,0.8462891
eds6tu1,joy,joy,0.00093322416,0.00018313598,0.00025964112,0.9969549,0.00022033144,0.0014487834
eds7tyd,joy,joy,0.0015850589,0.00020685824,0.0005463967,0.9864652,0.0007249385,0.010471525
edsbf34,joy,joy,0.00086192734,0.00023557602,0.00035325336,0.99764496,0.0002758195,0.0006284119
edscggi,joy,joy,0.007561262,0.00044274938,0.00064752233,0.9866614,0.00075720536,0.0039298357
edsch1w,joy,joy,0.00066112925,0.0002216496,0.000324891,0.9978981,0.00031208072,0.0005821442
edscus1,joy,joy,0.0008320905,0.00019249959,0.00035405636,0.9975802,0.00033910165,0.0007019934
edsdnnp,anger,anger,0.802864,0.0046340963,0.0045117275,0.02703809,0.07635107,0.08460107
edsdy8e,joy,joy,0.0008004416,0.00019015436,0.00036170453,0.9973193,0.0006456027,0.00068281713
edsek81,anger,anger,0.9328392,0.048056148,0.0028289226,0.0017272945,0.009738534,0.0048099225
edsf1m0,surprise,anger,0.6582146,0.010935011,0.0018656562,0.03541961,0.03695416,0.25661093
edsfu94,surprise,joy,0.007624019,0.00091384584,0.0012588397,0.94351065,0.0021019145,0.04459068
edsfzlx,joy,joy,0.0007625204,0.00026568145,0.000370776,0.9972752,0.00019943836,0.0011264373
edsg5t7,sadness,sadness,0.24550316,0.006978621,0.021633567,0.01606101,0.69025487,0.019568788
edsgre5,joy,joy,0.010876271,0.00031514312,0.000543046,0.985047,0.001171316,0.0020472142
edsh788,joy,joy,0.0036977115,0.00018487131,0.0002723594,0.9938955,0.0007913302,0.0011582751
edshkth,surprise,surprise,0.0073691877,0.001034567,0.0008107333,0.0018082581,0.0017897633,0.9871875
edsi4xr,joy,joy,0.00063752505,0.000175743,0.0002644167,0.99727947,0.0002581024,0.0013847847
edsj0uu,joy,joy,0.0011206402,0.00021744322,0.00035769763,0.99716395,0.0003484898,0.000791773
edsmsf7,anger,anger,0.96079135,0.0087364875,0.0031098009,0.005382771,0.012482281,0.009497386
edsmt6r,anger,anger,0.86413914,0.0093376115,0.0015673523,0.029435724,0.08018402,0.0153361745
edsoqy3,joy,joy,0.30991247,0.006026687,0.0030617034,0.5150683,0.081081614,0.08484925
edsrb0i,anger,anger,0.98265,0.0055372803,0.001183167,0.0042291954,0.002858813,0.0035415483
edsrij6,joy,joy,0.009491526,0.00060374074,0.00047290442,0.9874135,0.0013166687,0.00070169405
edssn96,joy,joy,0.00087359484,0.0001589948,0.00027014682,0.99747413,0.00038510992,0.0008380203
edst37m,joy,joy,0.00063387345,0.00022636485,0.00040003812,0.9977381,0.00043719754,0.000564343
edstb0h,joy,joy,0.0053120838,0.00035044824,0.001301061,0.9813898,0.00943176,0.0022148644
edsug6k,joy,joy,0.0011137497,0.0001822303,0.00032919538,0.997294,0.00061734027,0.00046348985
edsuwt0,anger,anger,0.8869015,0.0660195,0.004902257,0.008549395,0.029586622,0.0040407423
edsv92b,joy,surprise,0.01611527,0.0018534558,0.0030669936,0.4463652,0.008019641,0.52457947
edsx8jz,joy,joy,0.10652636,0.0024931172,0.0009084415,0.88451344,0.0036261517,0.0019325436
edsy9ne,joy,anger,0.86899865,0.008848966,0.0010606098,0.045878083,0.051807873,0.023405928
edszimp,sadness,sadness,0.010918588,0.0059709176,0.021428429,0.008113874,0.7200852,0.23348291
edszmqw,surprise,surprise,0.016121184,0.0018049324,0.004221255,0.08759376,0.010206883,0.880052
edszrxl,disgust,anger,0.6264873,0.26523176,0.027808998,0.0047794413,0.06284824,0.012844289
edt007n,surprise,surprise,0.0041602324,0.0010979548,0.0012366254,0.0015598462,0.003700115,0.9882451
edt00u0,surprise,surprise,0.010256319,0.0011323903,0.0013375536,0.003562708,0.0022324347,0.9814787
edt0dvz,joy,joy,0.0008657642,0.00026040137,0.0003812035,0.9975483,0.00027995932,0.0006644727
edt0oob,joy,joy,0.00075316144,0.00021855606,0.00034715107,0.99748045,0.00021143499,0.0009891969
edt1jzo,sadness,sadness,0.003551097,0.0042228233,0.0022000826,0.0028907545,0.98329157,0.0038436449
edt1t1f,joy,joy,0.0009699342,0.00023043583,0.00034099253,0.9976307,0.00032896062,0.0004989892
edt2lfv,joy,joy,0.00078666164,0.0002398409,0.00032105038,0.9978236,0.00028074443,0.0005480435
edt2tdy,anger,anger,0.8751536,0.006904872,0.0010315669,0.020749189,0.057640754,0.038520038
edt2xdz,joy,joy,0.00060606265,0.00012818043,0.0002952895,0.9968347,0.00074302463,0.0013927156
edt35uz,joy,anger,0.669691,0.0117965415,0.00163427,0.26507667,0.04491833,0.006883159
edt3ob9,joy,joy,0.001067505,0.00015582514,0.0003588347,0.99606615,0.000659163,0.0016925333
edt4yhh,anger,anger,0.9505624,0.0062174047,0.0015764365,0.00848132,0.02216971,0.010992709
edt5c68,anger,anger,0.2463825,0.2297966,0.01494977,0.15401532,0.136445,0.21841078
edt5of9,joy,joy,0.0020655058,0.0002271688,0.00040796553,0.99419194,0.0003288726,0.002778517
edt640l,joy,joy,0.0012324168,0.00020028722,0.00038130587,0.99656737,0.0010411416,0.0005775018
edt7yvb,surprise,disgust,0.23268002,0.6237271,0.014686051,0.014873574,0.10650818,0.0075250734
edt81gk,fear,fear,0.006181461,0.0071235904,0.96914643,0.008099491,0.005447016,0.0040020016
edt8evv,joy,joy,0.0042604697,0.0008294601,0.0022713644,0.9253871,0.0049703647,0.0622813
edt92z8,anger,anger,0.96858907,0.016458359,0.0014990902,0.008362908,0.003484896,0.0016057189
edt9nrx,joy,joy,0.0011237982,0.0002504692,0.00041996053,0.9964765,0.0010039384,0.0007253583
edt9zur,joy,joy,0.0029165712,0.00023215519,0.0007092325,0.9754297,0.0030356508,0.017676618
edta83y,surprise,joy,0.01123238,0.0029576116,0.0018396481,0.5107177,0.0014364901,0.4718162
edtauw2,joy,joy,0.0018123757,0.00018840532,0.00022557768,0.9963378,0.0002867178,0.0011492305
edtc1hx,surprise,surprise,0.002796916,0.0025128075,0.0027967358,0.13161564,0.0013377117,0.8589402
edtdb5j,joy,joy,0.0018912774,0.00026894035,0.0020270979,0.9933368,0.0011099749,0.0013658582
edtewt2,joy,joy,0.00067626196,0.0002022686,0.00036133095,0.9976859,0.00024781734,0.00082643883
edtfjff,joy,joy,0.0020749327,0.00025773369,0.00033138727,0.9958377,0.00024753265,0.0012507767
edtfpej,joy,joy,0.009241153,0.00047161235,0.0004983937,0.9879134,0.00051351363,0.0013619014
edtg8fe,anger,sadness,0.37091646,0.007685294,0.03356949,0.0825955,0.3790812,0.12615211
edthuow,joy,joy,0.0008561584,0.00022083236,0.0003217041,0.99763703,0.00025070878,0.00071360037
edthwsj,anger,joy,0.002360945,0.00017356905,0.000518945,0.99386615,0.0014832935,0.0015970377
edtiqvt,surprise,surprise,0.026583724,0.0021537405,0.007828991,0.012279564,0.058024053,0.8931299
edtjmvq,sadness,sadness,0.09199697,0.011757632,0.018690009,0.007930739,0.85547644,0.0141481785
edtkkre,anger,joy,0.3188832,0.001842917,0.0023209911,0.50709593,0.010868771,0.15898818
edtmgdk,joy,joy,0.0018092808,0.00028813258,0.001926401,0.9866151,0.0032977823,0.006063314
edtmuv8,anger,anger,0.9735666,0.0065087103,0.0023472218,0.008089564,0.006828727,0.0026591192
edtnbd8,joy,joy,0.0015120042,0.00019216139,0.00023728244,0.9969393,0.0005292006,0.0005901312
edtnolf,surprise,surprise,0.0034362217,0.002062441,0.0020539192,0.0033856558,0.0147606945,0.9743011
edtntgz,anger,joy,0.003061987,0.00023247786,0.00028360667,0.9902298,0.0007705301,0.005421596
edtnu0y,surprise,surprise,0.00707345,0.0011678591,0.00079328084,0.0029098256,0.0018286796,0.98622686
edto8z9,surprise,surprise,0.02030449,0.0018748455,0.0010958756,0.0018717528,0.0022159633,0.9726371
edtosu3,surprise,surprise,0.04829723,0.002499577,0.001018553,0.0028016143,0.004965963,0.9404171
edtpktu,anger,anger,0.8725856,0.015023777,0.0045250496,0.012506301,0.08428825,0.011070905
edtrjvf,joy,joy,0.020277994,0.0009757866,0.0019782165,0.61105436,0.03513589,0.33057773
edtsjzy,joy,joy,0.0011146604,0.0003687995,0.00057321246,0.9969836,0.00025657535,0.00070308195
edtsmqe,joy,joy,0.003291206,0.00018630494,0.00045267056,0.98467153,0.0012713422,0.01012683
edtsz8r,joy,joy,0.0013770789,0.00025861204,0.00030672125,0.9965364,0.00048518207,0.0010359893
edttuq9,joy,joy,0.00066196494,0.00019865124,0.00036786654,0.9977483,0.00039826587,0.0006248541
edtup0v,joy,joy,0.0010247465,0.00028854422,0.00034588444,0.9975561,0.00025909202,0.0005255944
edtuq2f,joy,joy,0.06615584,0.0007990453,0.0007365396,0.92668396,0.0028596756,0.0027649498
edtv8n2,anger,anger,0.97493136,0.0070831673,0.0017572964,0.0037256016,0.010484029,0.002018534
edtvpei,anger,joy,0.050687823,0.0010605357,0.0056036375,0.9265179,0.011549747,0.0045803715
edtw4oc,joy,joy,0.00163923,0.0006266972,0.00058725564,0.99155265,0.0006509179,0.004943184
edtwzpb,surprise,anger,0.41679618,0.021237839,0.032179125,0.028379908,0.16708149,0.33432546
edtx0e8,surprise,joy,0.04666601,0.0020915146,0.020386657,0.88671523,0.010459863,0.03368075
edtybs0,sadness,sadness,0.0090036085,0.0032795437,0.017958675,0.069386736,0.87373805,0.026633378
edtzphs,sadness,sadness,0.0062888134,0.0023561683,0.0011217878,0.005446328,0.9832539,0.0015329695
edtzvy1,joy,joy,0.00077929103,0.00025354634,0.0003480112,0.9977533,0.00023873577,0.0006270968
edu1dgy,anger,anger,0.91637695,0.005035843,0.002364342,0.056300044,0.010196878,0.009726012
edu1eit,joy,joy,0.0011191386,0.00021555043,0.00025495098,0.99723107,0.0002173967,0.00096197764
edu1lpq,joy,joy,0.0010115083,0.00039533732,0.0013896571,0.99106604,0.00069758703,0.0054398384
edu25vw,anger,anger,0.97674006,0.008253164,0.0027199506,0.0034212915,0.004624001,0.004241432
edu2aha,joy,joy,0.0010832178,0.00026396412,0.00038991246,0.9968437,0.00024836353,0.0011708585
edu2u6w,sadness,sadness,0.04890701,0.0035871307,0.004186855,0.047465406,0.7844068,0.11144678
edu3lp2,anger,anger,0.5968389,0.0062946267,0.0019211491,0.0049383044,0.008663019,0.38134402
edu504s,surprise,surprise,0.008328701,0.0013059285,0.0008520142,0.0019940939,0.001701887,0.9858174
edu5i5x,anger,anger,0.7923872,0.0039329412,0.0021005063,0.053152837,0.07824292,0.07018354
edu6nvg,joy,joy,0.0007587875,0.00018634049,0.00029343137,0.9979274,0.00033122016,0.00050281145
edu6t9l,anger,anger,0.93754184,0.0031416297,0.0017994605,0.030896666,0.017790386,0.008829861
edu7ulc,joy,joy,0.01603937,0.0006109931,0.00043472063,0.97701913,0.0011989413,0.0046969354
edu99pr,joy,joy,0.0009958424,0.00017947477,0.00039306833,0.99719244,0.0007985931,0.00044059238
edu9tv3,joy,anger,0.9320859,0.0054610264,0.0013623439,0.043059103,0.01229422,0.005737408
edu9u33,surprise,surprise,0.0036458783,0.00095970713,0.0010245797,0.009060063,0.0009769842,0.9843328
eduah44,joy,joy,0.001057323,0.00018181285,0.00032879916,0.99728656,0.000675825,0.00046963207
edub220,fear,fear,0.005005252,0.0068128468,0.9625098,0.0061537884,0.017013853,0.0025045073
edubzwy,anger,anger,0.9792082,0.0076325196,0.0022071456,0.003804506,0.003892362,0.00325529
edud0wo,joy,joy,0.002049994,0.00024493228,0.0004607791,0.9942095,0.00028088051,0.0027540065
eduduat,anger,anger,0.9711671,0.006388925,0.0012191292,0.0023300317,0.0044040154,0.014490957
eduehvf,joy,joy,0.0007778562,0.00026866177,0.00039859975,0.99727625,0.00019714457,0.0010815017
eduepbc,joy,joy,0.0018904814,0.0001471149,0.0003737986,0.9939533,0.0011686516,0.0024665946
eduh6da,joy,joy,0.000640089,0.00021025894,0.00038787644,0.9976452,0.00029079334,0.0008257619
eduhfmn,joy,anger,0.59537584,0.007762025,0.0022021576,0.25656515,0.059525307,0.07856947
eduhgy7,sadness,sadness,0.0023874377,0.001571289,0.002157573,0.004153767,0.98800164,0.0017283438
eduhv7n,sadness,sadness,0.098430894,0.0039620427,0.006041422,0.012731722,0.8710578,0.00777615
eduiukq,joy,joy,0.0007211212,0.00015933908,0.00033351273,0.99745816,0.0003919827,0.0009359342
eduj0ei,joy,joy,0.0013815452,0.00014545716,0.00029172626,0.99660456,0.0008043905,0.0007722553
eduk4z3,joy,joy,0.0012119142,0.00020365824,0.0003329632,0.99720407,0.00032198764,0.0007254499
edukufj,joy,joy,0.0013052826,0.00015591354,0.00022026579,0.9967777,0.0005057357,0.0010350756
eduljn4,anger,anger,0.37281424,0.024692787,0.053924263,0.322044,0.14570598,0.08081878
edulm1d,joy,anger,0.66605914,0.0035776878,0.0038500598,0.15289457,0.16344984,0.010168676
edum01o,surprise,joy,0.029810235,0.00055617007,0.0007180509,0.88210374,0.0037937195,0.08301808
edum6bm,joy,joy,0.015332229,0.00088246167,0.00086130446,0.9698164,0.006696686,0.006410969
edume43,joy,joy,0.00075801084,0.00022251127,0.00055035733,0.9960492,0.00037229538,0.0020476338
edumf9e,fear,fear,0.0057728128,0.0058661858,0.94336426,0.01914075,0.0042712525,0.021584788
edumkw1,anger,anger,0.95760465,0.004920266,0.0027753438,0.008371223,0.014382814,0.011945767
edupgkz,joy,joy,0.0062431954,0.00029338768,0.00034156113,0.9888676,0.0015660614,0.0026881844
edupzhr,anger,anger,0.8649631,0.009760195,0.0021595473,0.0043396335,0.034311634,0.084465794
eduq5ma,anger,anger,0.97253484,0.008023833,0.0013062017,0.0019827632,0.004498379,0.011653874
eduqcfj,joy,joy,0.02663726,0.0004123931,0.00081250764,0.95556295,0.0012720963,0.015302768
eduqjmi,joy,joy,0.0008147797,0.00017802068,0.00025454996,0.9977508,0.00043106673,0.00057065964
eduroko,surprise,surprise,0.02511272,0.0015011276,0.00061064615,0.0024896134,0.002947889,0.9673379
edush3w,joy,joy,0.00097026833,0.00018861855,0.0002981268,0.9917344,0.0004923624,0.006316252
eduskcb,joy,joy,0.012623634,0.0006035214,0.0025523175,0.97953826,0.0014219823,0.0032602516
edutjm3,surprise,joy,0.00053933315,0.00020828364,0.0004948843,0.9956251,0.00032542148,0.002807036
edutpey,joy,joy,0.0016841718,0.00024896036,0.00030631703,0.99431795,0.00030299238,0.0031396623
eduuap1,joy,joy,0.0020260196,0.00036395315,0.0003951496,0.9946285,0.000293334,0.0022930752
eduuwuw,anger,anger,0.54274094,0.40581754,0.005385694,0.010234543,0.03103481,0.004786519
eduv19s,joy,joy,0.016215391,0.00044392035,0.0007980959,0.93006986,0.0017599242,0.050712798
eduv2lk,joy,joy,0.0008013978,0.00021165842,0.00032349242,0.9977634,0.0002690287,0.0006310089
eduv9r7,joy,joy,0.048665445,0.000793433,0.0005757915,0.94057715,0.0041764057,0.005211789
eduvq3f,joy,joy,0.00285781,0.0002509663,0.00037591346,0.99275523,0.00040675327,0.003353338
eduw05w,joy,joy,0.0016297373,0.00021591097,0.0002695384,0.9967608,0.0003542566,0.0007697912
eduweu6,joy,joy,0.0026817292,0.00038436035,0.000360922,0.99503964,0.00043076297,0.001102584
eduxmna,joy,joy,0.050107736,0.0050304984,0.050538607,0.79266536,0.094329014,0.007328792
eduxtn0,sadness,sadness,0.089607045,0.005562565,0.0021743623,0.009576587,0.88261116,0.010468325
eduyvb4,joy,joy,0.00075384474,0.00018569283,0.00025894935,0.9977982,0.00030185885,0.00070149824
eduyz3m,sadness,sadness,0.05674063,0.008375192,0.0024365804,0.009591533,0.9180427,0.0048134048
eduzbw1,surprise,surprise,0.010681241,0.0018393435,0.001206757,0.0011766091,0.0022273555,0.9828688
edv05vl,joy,joy,0.001117656,0.00021566146,0.0004371683,0.9945925,0.00039420262,0.003242703
edv0wb8,joy,joy,0.0010686512,0.000244456,0.00034042922,0.9974528,0.0003226253,0.0005710337
edv16j8,joy,joy,0.0010958571,0.00020555015,0.0005337441,0.9967361,0.00049122213,0.0009375089
edv1o04,joy,joy,0.0016491557,0.0003050816,0.0007823947,0.9854821,0.0011508801,0.010630465
edv1vds,joy,joy,0.0010950235,0.00022748159,0.0005711019,0.9957004,0.0018946707,0.00051134545
edv2gbm,joy,joy,0.06986159,0.00054047385,0.00044065018,0.91901904,0.002743778,0.007394518
edv3s59,joy,joy,0.0009810833,0.00019666679,0.0002843151,0.99763465,0.00040566592,0.0004976195
edv47dh,anger,anger,0.7199826,0.0043126466,0.0015209273,0.20466998,0.020445922,0.04906788
edv4coz,joy,joy,0.003980573,0.00020934228,0.00032318573,0.9937781,0.00061433925,0.0010945292
edv4wxz,joy,joy,0.0008668837,0.00017628219,0.0002804988,0.9975878,0.00024489348,0.0008437142
edv55im,joy,joy,0.0007734237,0.00020517387,0.0003100093,0.99785334,0.00028809256,0.0005699127
edv5an2,joy,joy,0.017618112,0.00040152343,0.0007282829,0.96744734,0.002534058,0.01127062
edv5i27,joy,anger,0.75060993,0.0036877738,0.008780768,0.049194373,0.048388608,0.13933857
edv5m5i,joy,surprise,0.026730483,0.0032446394,0.0021423455,0.46854466,0.0027997976,0.49653804
edv5uzt,surprise,surprise,0.0054825894,0.00093723624,0.0008413194,0.0026468101,0.0019077326,0.9881842
edv6crp,joy,joy,0.0007755886,0.00021475715,0.00037771225,0.9972651,0.00023008329,0.0011368836
edv6kpo,joy,joy,0.0005740721,0.00017664167,0.00034654225,0.9978496,0.00034173427,0.0007114309
edv6odo,joy,joy,0.0072268397,0.0006959744,0.0015151907,0.8904234,0.08793752,0.012201088
edv85qt,joy,joy,0.0017460708,0.00033039146,0.00052446127,0.9955617,0.0006080145,0.0012293335
edv8awt,anger,sadness,0.20472075,0.028573535,0.026830636,0.008057418,0.72806877,0.003748933
edv8u3p,anger,anger,0.98040134,0.0054216944,0.001182323,0.003857781,0.00549408,0.0036427854
edv9qun,joy,joy,0.0126373805,0.00052893936,0.0006970038,0.9841172,0.00067450415,0.0013448913
edvaw2d,anger,anger,0.96661466,0.0028505086,0.0007810937,0.01900361,0.007929229,0.002820763
edvbmqj,surprise,surprise,0.0058578453,0.0012230228,0.0007189407,0.006088878,0.0010226168,0.98508877
edvcsq3,surprise,surprise,0.16560647,0.0021886944,0.0019121344,0.007926378,0.02830912,0.79405725
edveaey,joy,joy,0.34724265,0.0019378973,0.0050159404,0.5687145,0.007034155,0.07005485
edvfv32,surprise,surprise,0.0048390063,0.00092260307,0.00087207975,0.0018864237,0.0020704248,0.98940945
edvg1hx,anger,anger,0.9170489,0.0058204094,0.0012185491,0.00641205,0.0120154135,0.057484705
edvgshl,joy,joy,0.002497717,0.00020303165,0.0003422732,0.98915595,0.00089289306,0.006908151
edvha8c,joy,sadness,0.010732429,0.0017625436,0.0020373329,0.010014194,0.9671496,0.00830384
edvhd62,joy,joy,0.002209816,0.00041445348,0.0004106002,0.9947758,0.00022611847,0.001963215
edvhfck,surprise,joy,0.0013057389,0.00029527704,0.00041008706,0.9766127,0.0005747709,0.020801427
edvhzyv,surprise,surprise,0.0021771893,0.0012637305,0.0010748626,0.0012847525,0.00084232795,0.9933571
edvia6w,anger,surprise,0.4373539,0.01237571,0.0033124199,0.009498674,0.04060329,0.49685597
edvintk,joy,joy,0.00081619405,0.00022915617,0.0003662703,0.99782085,0.00030034033,0.00046721514
edvjqcb,joy,sadness,0.0077918884,0.0030311998,0.003903669,0.0030164209,0.97616166,0.0060951742
edvmgkg,anger,anger,0.9787556,0.005421603,0.0016112162,0.004556374,0.0038053307,0.0058499062
edvpyhy,anger,anger,0.95562094,0.008705825,0.0023606145,0.0038835402,0.021761335,0.0076677003
edvqiue,joy,joy,0.00062992703,0.00017164851,0.00037016583,0.99692374,0.00061422173,0.0012902522
edvrv7m,joy,joy,0.0007629206,0.00020338794,0.0002757358,0.997877,0.00026452495,0.0006164741
edvu0ci,surprise,surprise,0.0032703113,0.0010004474,0.0018787843,0.098189875,0.002006492,0.89365405
edvyyxq,joy,joy,0.23611742,0.001957854,0.00086779014,0.74604785,0.007879963,0.0071291407
edvz139,joy,joy,0.0010010774,0.00022196998,0.0003670715,0.9973345,0.0006911981,0.00038422385
edvztlk,sadness,sadness,0.16541079,0.017296033,0.012347179,0.010216876,0.7874154,0.0073137293
edw05rs,sadness,sadness,0.0026356294,0.0021344873,0.0023743645,0.0024606544,0.9888433,0.0015515388
edw06or,joy,joy,0.0008772438,0.00017822579,0.00034002386,0.9975199,0.0005018531,0.0005826792
edw1eof,joy,joy,0.0013315413,0.0005456508,0.0020563216,0.99419785,0.000434735,0.001433924
edw2gad,joy,joy,0.00070137234,0.0002249488,0.00036045187,0.9964933,0.00020757294,0.002012388
edw3diz,joy,joy,0.0013526174,0.00017588891,0.00030214625,0.9967804,0.00040963668,0.000979326
edw46zj,anger,sadness,0.058495924,0.0028333426,0.0058019324,0.07930971,0.82032025,0.03323884
edw49bz,sadness,sadness,0.00970708,0.00198142,0.0013480854,0.019237842,0.9658513,0.0018742424
edw52vs,anger,anger,0.89615726,0.0076985313,0.0020908944,0.0070109167,0.028449224,0.058593236
edw5hse,surprise,surprise,0.00660274,0.0029784292,0.015600547,0.031279318,0.0077765393,0.93576247
edw5ip5,joy,joy,0.0006328526,0.00023961884,0.00045187632,0.99730575,0.0002767777,0.0010931507
edw61y8,joy,joy,0.0015474262,0.00034964996,0.00039726467,0.9957676,0.00031347008,0.0016246261
edw6cr9,joy,joy,0.0052382015,0.00046945168,0.00037597975,0.99216545,0.0012107445,0.0005401411
edw6jpw,joy,joy,0.0012352722,0.00028052204,0.0003296342,0.99729013,0.00022164558,0.0006428499
edw7914,joy,joy,0.0005893416,0.00023668692,0.0004386092,0.99461657,0.00023996708,0.0038787771
edw7b8p,joy,joy,0.00072657334,0.00027220722,0.0004056375,0.9972537,0.00020946005,0.0011324048
edw7d25,surprise,surprise,0.0033661341,0.00092312327,0.0009434215,0.0100465445,0.00091864256,0.9838022
edw7wz9,anger,anger,0.90275896,0.005288014,0.0010912269,0.015285335,0.008852035,0.06672439
edwbezv,joy,joy,0.00081291125,0.00019390599,0.0003261171,0.99703133,0.00019601008,0.0014398028
edwbgad,anger,anger,0.90707886,0.02039529,0.002128901,0.012207372,0.025341248,0.032848325
edwcfah,joy,joy,0.001038877,0.00022242902,0.000285516,0.9972777,0.0002944593,0.0008810156
edwe3w0,joy,joy,0.0006240439,0.0001870589,0.00026841473,0.9958187,0.00032457747,0.0027773203
edweo67,anger,anger,0.76042956,0.12797894,0.0076760747,0.025922127,0.061451636,0.016541643
edweqdg,joy,joy,0.0010133472,0.00015830659,0.00043837033,0.996962,0.0006898319,0.00073811575
edwf9b0,anger,anger,0.9465479,0.0045376034,0.002424761,0.004356751,0.013900807,0.028232168
edwfc6l,sadness,sadness,0.005453048,0.0015417971,0.0028569829,0.048010353,0.9383325,0.0038053654
edwflgm,joy,joy,0.0015460519,0.00016119497,0.00031249266,0.99674463,0.00039136494,0.00084421964
edwfyp7,joy,joy,0.0012347073,0.00019677058,0.00029879232,0.9971259,0.00024712968,0.00089669717
edwi38y,surprise,surprise,0.0030148062,0.0011716001,0.0014455297,0.002836403,0.0035275072,0.9880043
edwiska,joy,joy,0.0047679697,0.00037824328,0.0006770166,0.9886594,0.004559393,0.0009580126
edwk0m7,joy,joy,0.0009390786,0.00014008404,0.0002219778,0.9974952,0.00043681916,0.00076682423
edwk0oj,joy,joy,0.00087682786,0.00019032984,0.00041330897,0.99761814,0.00040274483,0.00049861043
edwkwli,joy,joy,0.0032921555,0.00026156646,0.00043242634,0.9917005,0.0015095085,0.002803922
edwmxtt,joy,joy,0.0008653184,0.00022843294,0.0003159113,0.99742836,0.0002788559,0.0008830992
edwn175,anger,anger,0.9833852,0.0055304524,0.0017403245,0.002573554,0.0039083767,0.0028620432
edwnpw4,surprise,surprise,0.0072572376,0.0014181621,0.0014002945,0.0014356449,0.0065735695,0.981915
edwo0oe,joy,joy,0.012114056,0.0018194816,0.0017769765,0.97372705,0.009656132,0.00090622774
edwp27w,anger,anger,0.8548033,0.0028987078,0.0019725831,0.023283431,0.0074030478,0.10963892
edwpjy6,joy,joy,0.0019735696,0.00031425833,0.0003188354,0.99015826,0.0003977505,0.0068372795
edwpyu0,surprise,joy,0.03745245,0.00094142614,0.0014241117,0.87795526,0.0033030708,0.07892368
edwr3cq,sadness,sadness,0.0044056587,0.0018550344,0.0062893373,0.007172084,0.9441527,0.03612514
edwr9lk,anger,anger,0.8333935,0.0023988835,0.00076496904,0.14734386,0.002366218,0.013732638
edws2oq,joy,joy,0.007367747,0.0006285186,0.0017844696,0.9122902,0.001636601,0.0762925
edwtoac,joy,joy,0.0012744144,0.00026688538,0.0003567662,0.9972742,0.0003487266,0.00047899203
edwtzy1,sadness,sadness,0.4061091,0.017839774,0.0075213914,0.010861043,0.5465426,0.0111261625
edwufa0,joy,joy,0.0032594039,0.0009649722,0.0021385478,0.8181507,0.07110896,0.104377404
edwui9i,joy,joy,0.028135264,0.00090607797,0.0025091567,0.95456123,0.0013002469,0.012587958
edwv9np,joy,joy,0.3067899,0.009430948,0.17592593,0.42616993,0.011174413,0.07050884
edww55n,anger,anger,0.9524566,0.0035501528,0.0008826071,0.029136775,0.005851912,0.008121996
edwwszh,surprise,surprise,0.024873134,0.0016745615,0.0010283806,0.004720325,0.0021695448,0.96553403
edwxmtq,joy,joy,0.001201218,0.00015993396,0.00025465532,0.9968928,0.0003878335,0.0011035122
edwxs65,joy,joy,0.004591346,0.00021145836,0.00076632056,0.99162817,0.0013933791,0.0014092883
edwxz16,joy,joy,0.16430226,0.0014988341,0.0016957294,0.7647609,0.014744349,0.052997895
edwxzep,joy,joy,0.0018704901,0.00015758323,0.00040828652,0.9923517,0.0017631613,0.0034487362
edwy4p8,joy,joy,0.0010677162,0.000117054275,0.0003199944,0.9953244,0.0005471022,0.0026236312
edwyk22,sadness,sadness,0.001689011,0.002578997,0.0032136242,0.008663346,0.9792756,0.004579513
edwyv5r,joy,joy,0.009537346,0.00049504556,0.0013913946,0.8944909,0.0014916215,0.09259371
edwz7ql,joy,anger,0.9639879,0.0041061104,0.0020258022,0.00943104,0.0061286893,0.01432047
edx09pv,surprise,surprise,0.004300559,0.00095539633,0.00059824676,0.004300528,0.0012363022,0.98860896
edx11pt,surprise,surprise,0.013138747,0.0017087957,0.001778164,0.0019011768,0.0044811517,0.97699195
edx1fni,joy,joy,0.042114686,0.0021293906,0.0048879976,0.9202175,0.0017317422,0.028918687
edx1vzy,surprise,surprise,0.017254373,0.0011872258,0.00084343494,0.0023198642,0.0024326348,0.97596246
edx2gt9,joy,joy,0.0008697037,0.00032070462,0.00041096055,0.9971017,0.00018782473,0.0011091499
edx48n6,joy,joy,0.0030966122,0.00023214183,0.00021979398,0.9944718,0.00044075891,0.0015389326
edx4kw9,joy,joy,0.07553003,0.0017089007,0.006320036,0.83243763,0.03387858,0.05012486
edx4rns,joy,joy,0.0025144494,0.0004889013,0.0009988948,0.96806383,0.018756066,0.00917786
edx57jk,anger,anger,0.9638794,0.0025089828,0.0010262144,0.016371407,0.007425494,0.008788412
edx5d8f,anger,joy,0.0032957355,0.00038964354,0.0003402217,0.9920133,0.00031487353,0.0036462052
edx5rag,surprise,joy,0.00513391,0.00044356304,0.00037992874,0.9862881,0.0008239766,0.0069305366
edx69m2,anger,disgust,0.21969326,0.6194752,0.05980663,0.051824894,0.023082156,0.02611784
edx6drl,joy,anger,0.691138,0.0032102598,0.0013987299,0.2922278,0.00828977,0.003735389
edx6f3m,joy,anger,0.884919,0.008017161,0.0039508613,0.022609439,0.07178664,0.008716899
edx6rqp,anger,anger,0.8040721,0.042636365,0.0016694327,0.029322166,0.10898441,0.013315533
edx7r3h,surprise,anger,0.5794762,0.0029873883,0.0021505307,0.26676777,0.12523879,0.023379356
edx7yo0,surprise,surprise,0.022879148,0.002018151,0.0010637841,0.0054992586,0.0019822977,0.96655744
edx90s5,sadness,sadness,0.07853824,0.005021385,0.0136865005,0.011191303,0.87038106,0.021181546
edx9gz9,anger,anger,0.60473907,0.0033736082,0.002195549,0.014927054,0.017605774,0.35715896
edxcfte,sadness,sadness,0.23491529,0.034302387,0.0040991716,0.00942116,0.7062998,0.010962213
edxczlu,joy,joy,0.0073047355,0.0005090118,0.0015937283,0.974327,0.0016945342,0.0145709
edxduqv,joy,joy,0.00088726555,0.00019276254,0.0004328602,0.99392164,0.00054801925,0.0040174243
edxf3q6,joy,joy,0.002365987,0.00015986923,0.00021556726,0.99453163,0.0011628532,0.001564024
edxfq90,anger,anger,0.43032387,0.0034416206,0.0067798817,0.3656534,0.1232646,0.07053671
edxg0ex,joy,joy,0.013263395,0.00039957973,0.0007031547,0.9711067,0.006688052,0.007839229
edxi54r,anger,anger,0.9575174,0.014462143,0.0034859525,0.010103282,0.006883354,0.0075477837
edxk72q,joy,joy,0.005342754,0.00097439793,0.00061643776,0.9911357,0.0007744289,0.0011562
edxkcsi,sadness,surprise,0.031924643,0.0038516237,0.0040426305,0.004172215,0.013230283,0.9427786
edxlkge,joy,joy,0.0014322256,0.00021062687,0.000303522,0.9967487,0.00026587036,0.001038996
edxn9h8,anger,anger,0.55893874,0.0025707295,0.0020535397,0.3420409,0.039229866,0.05516618
edxnylo,surprise,surprise,0.085716076,0.0027187648,0.00440906,0.21369568,0.17912266,0.5143378
edxo1s2,joy,joy,0.0011221977,0.0001637837,0.00023777154,0.99733317,0.00046035537,0.0006827302
edxodu9,joy,joy,0.0010942107,0.0002081298,0.00033590753,0.9973882,0.00023710058,0.00073648174
edxoipc,sadness,surprise,0.006779793,0.0016651272,0.0026480819,0.0035294844,0.0049697747,0.9804078
edxoxsd,sadness,sadness,0.0027969952,0.0018303879,0.0018536601,0.003011207,0.98823464,0.0022731463
edxqdx2,anger,sadness,0.018687196,0.0029050936,0.006122923,0.008172914,0.9261744,0.037937444
edxrkwr,joy,joy,0.0041884733,0.00024496857,0.0004717628,0.9933342,0.00093302515,0.00082754716
edxru2a,joy,joy,0.0017323352,0.00044715556,0.0011189549,0.9954437,0.0003278403,0.0009299084
edxuqlr,joy,joy,0.0066188686,0.00046148116,0.00041715725,0.98466265,0.00053651625,0.00730327
edxv79x,joy,anger,0.92145413,0.003328951,0.0045181685,0.028196601,0.017448625,0.025053512
edxv95q,joy,joy,0.0018913588,0.00024051892,0.0003330776,0.9966642,0.00034315384,0.0005275995
edxwb82,anger,joy,0.19124343,0.0010154094,0.0010131077,0.78009254,0.003998288,0.022637215
edxwfft,anger,surprise,0.025722614,0.0028809279,0.0042378977,0.01898643,0.11411615,0.83405596
edxwwmw,joy,joy,0.0007333935,0.0002775024,0.0005750214,0.99722016,0.0002711705,0.000922782
edxy2lx,joy,joy,0.0008940508,0.0002082814,0.00040945102,0.99760085,0.00033169836,0.0005556364
edxydoo,joy,joy,0.036519278,0.0016919791,0.0024856208,0.83681047,0.018597681,0.103894986
edxyeso,disgust,joy,0.025118047,0.0021559242,0.0010721632,0.9629218,0.0054674116,0.0032646924
edxzmd7,anger,anger,0.9768053,0.003497362,0.0013265674,0.009185465,0.004738614,0.0044467426
edy0es2,joy,joy,0.0013963206,0.00018161563,0.0002256769,0.99710304,0.0003844343,0.0007089167
edy0qui,surprise,surprise,0.06314067,0.017188909,0.014100764,0.013447194,0.020366939,0.87175554
edy0rbp,joy,joy,0.0010283173,0.00024683707,0.00032711486,0.99752706,0.00025437932,0.00061623147
edy1rlg,sadness,sadness,0.002924834,0.0016134586,0.0017177766,0.0017848284,0.98998016,0.001978869
edy378x,joy,joy,0.07809466,0.0018859634,0.002135764,0.8569446,0.01780378,0.043135215
edy3eip,joy,joy,0.0015990912,0.00032032398,0.00028412548,0.996899,0.0002688897,0.00062863703
edy46h3,joy,joy,0.010367219,0.00075444236,0.000352371,0.984574,0.00062483165,0.0033270896
edy4arz,surprise,surprise,0.0036395558,0.0011245443,0.0012648621,0.0055970177,0.0011173962,0.98725665
edy5dg0,joy,joy,0.0007003055,0.00016501498,0.0002982549,0.9979177,0.00032931642,0.0005894838
edy5jwp,joy,joy,0.0009485646,0.0001751622,0.00026171745,0.99760926,0.00033224444,0.00067302247
edy5pfy,surprise,surprise,0.014488396,0.001841307,0.0013748436,0.0017314124,0.0018722789,0.97869176
edy5vqi,anger,sadness,0.020619508,0.002050801,0.0040487032,0.09590668,0.8719363,0.0054380526
edy677w,surprise,surprise,0.0023596834,0.0011597513,0.000892101,0.0015309536,0.0009397669,0.9931177
edy6x8v,anger,anger,0.94475925,0.004273742,0.0008710799,0.010475349,0.005887134,0.03373359
edy7h3b,anger,anger,0.77120465,0.0038200687,0.0037623846,0.03425549,0.14510734,0.04185002
edy81cn,joy,joy,0.00094974344,0.00020005708,0.00031065752,0.99749017,0.00026777465,0.0007815719
edy8c5e,joy,joy,0.0008665292,0.00019348871,0.00031051974,0.99760026,0.00027298098,0.000756182
edy8hly,joy,joy,0.0013285615,0.00020203259,0.00031935074,0.9968773,0.00020772067,0.0010650061
edy8tvf,joy,joy,0.0006274531,0.00020568301,0.00038735697,0.9973918,0.00029120452,0.0010965003
edy9n76,sadness,sadness,0.25573066,0.011076147,0.017602101,0.07353946,0.46955702,0.1724947
edyaw53,anger,anger,0.9808046,0.0045012655,0.0008538481,0.0046396274,0.0033668922,0.0058337906
edybs4x,joy,joy,0.0007496026,0.00019381294,0.00033511003,0.99774265,0.00023596719,0.0007428568
edyc7pp,joy,surprise,0.006009739,0.002695481,0.00526709,0.28906727,0.0043776664,0.6925827
edyccnc,sadness,sadness,0.00679369,0.001598638,0.0015666214,0.08457239,0.9023416,0.0031270988
edyclcq,joy,joy,0.08101986,0.0008775935,0.0009244736,0.9115388,0.0020244305,0.0036148606
edydbrd,surprise,surprise,0.002805222,0.00110835,0.0011548456,0.0024698614,0.0013468707,0.99111485
edydpu7,joy,joy,0.0011023724,0.00016051382,0.0002982624,0.99735296,0.00048246133,0.0006034581
edye4g8,anger,anger,0.9715157,0.011459415,0.0017809601,0.0036955508,0.008615044,0.0029332743
edyec0c,sadness,joy,0.38155892,0.0041413186,0.0074328072,0.48823887,0.062684625,0.0559434
edyf2ke,joy,joy,0.00246028,0.00016045297,0.00031238748,0.99562645,0.0003592175,0.0010811469
edyfcmm,joy,joy,0.0006847643,0.00019582701,0.0003596169,0.9975623,0.00027554846,0.0009219596
edyfgxf,anger,anger,0.9781738,0.009301587,0.0014980743,0.0031807008,0.005069772,0.0027761345
edyfvev,sadness,sadness,0.004853942,0.0021939462,0.000987354,0.0035229102,0.98673415,0.0017076794
edyh8s2,sadness,sadness,0.00458974,0.0013989673,0.003675861,0.009675848,0.9769931,0.0036666146
edyhq3h,joy,anger,0.47383204,0.002458275,0.0036014954,0.41868055,0.020856626,0.080570996
edyjkm5,joy,joy,0.09314717,0.003954253,0.014201887,0.6568227,0.19842182,0.033452176
edyjrly,anger,surprise,0.14128435,0.0072334935,0.00980353,0.021206783,0.13957982,0.680892
edykhct,joy,joy,0.0008483353,0.00022162663,0.00037036362,0.99771947,0.00031850382,0.00052167417
edyls9d,joy,joy,0.0010114429,0.0001584689,0.00039069026,0.9970253,0.000271865,0.0011423175
edynhdr,joy,joy,0.00080340565,0.00016857774,0.0003397264,0.99774003,0.00033719375,0.0006110957
edyoicb,joy,joy,0.0010597762,0.0003452511,0.0004140061,0.9972767,0.00024341307,0.00066085876
edyp9kw,joy,joy,0.000978873,0.00020246819,0.0003005476,0.99751675,0.00023080557,0.0007705551
edyqbyd,sadness,surprise,0.022613447,0.0015507358,0.0017024932,0.042736076,0.05710525,0.8742919
edyr65q,joy,anger,0.8101012,0.0030731158,0.0010049152,0.15102635,0.009449142,0.025345217
edyraqi,joy,joy,0.00097121234,0.00016919959,0.00024428652,0.99746597,0.0005022727,0.0006471282
edyrq1l,joy,joy,0.0010358556,0.00022070429,0.0003503693,0.9976025,0.00041305524,0.00037746585
edysaux,joy,joy,0.00073323207,0.0001604739,0.00028442466,0.9973103,0.00025753328,0.0012540756
edyt58s,sadness,anger,0.5091705,0.002210703,0.006059086,0.4230006,0.03618812,0.023371056
edyvtuf,anger,anger,0.934622,0.035154015,0.0032029673,0.0017971679,0.01924835,0.0059755137
edyvuoz,surprise,surprise,0.029095719,0.0025891191,0.0013064138,0.0032884828,0.007294103,0.956426
edywep7,joy,sadness,0.40827087,0.0058795004,0.017013596,0.10437307,0.45620698,0.008255998
edywf58,joy,joy,0.008606773,0.00023602368,0.00036531666,0.98663694,0.0014441005,0.00271085
edywkws,joy,joy,0.0009969077,0.00021870196,0.00025486806,0.9975715,0.0002547179,0.00070331985
edywplg,joy,joy,0.06198872,0.0026806174,0.004022445,0.6754882,0.09780396,0.15801607
edyxspl,joy,joy,0.0011387882,0.00026013466,0.0003312723,0.99722725,0.00022223734,0.000820355
edyyavm,joy,joy,0.038519554,0.0009781822,0.0030790758,0.6568094,0.0067478637,0.29386595
edyyeze,anger,disgust,0.16109847,0.7612776,0.01966238,0.030006506,0.019096605,0.008858465
edyyo57,joy,joy,0.00083028484,0.00016151977,0.0003182854,0.99710184,0.00024056302,0.0013474796
edyyzqj,joy,joy,0.00078113074,0.00021376189,0.00032955303,0.99620444,0.0002279845,0.0022431544
edyz39n,joy,joy,0.00076467695,0.00018004027,0.00025083803,0.99782866,0.00029727648,0.0006785525
edyzwev,joy,joy,0.0060912054,0.00062013173,0.00068380614,0.96879053,0.0008997064,0.022914601
edyzz7n,joy,joy,0.00087596953,0.0004114553,0.0005138244,0.99501663,0.00027243607,0.0029096091
edz05mk,joy,joy,0.0011043979,0.00021002689,0.00031804736,0.9974922,0.00030786276,0.00056748
edz0bkc,joy,joy,0.0008082987,0.00018209743,0.0002914116,0.99786216,0.0002987886,0.0005571777
edz1ycy,anger,anger,0.9219748,0.0021702081,0.0022086354,0.023766305,0.004739099,0.045140915
edz21ds,surprise,surprise,0.007775633,0.0010391644,0.00064316305,0.002432401,0.0012607385,0.98684895
edz21ea,joy,joy,0.0013820523,0.00024406434,0.00032337682,0.98791367,0.00031330143,0.0098235365
edz2bc6,disgust,sadness,0.20900717,0.015887205,0.015007615,0.025474835,0.68363166,0.050991517
edz2w60,surprise,surprise,0.01529396,0.0015173813,0.0011253043,0.019259645,0.0016066942,0.96119696
edz38a0,disgust,disgust,0.027797576,0.9210794,0.016802272,0.011117471,0.01678162,0.0064215967
edz45t9,joy,joy,0.002215459,0.00014828275,0.00027329457,0.9953602,0.00059323513,0.0014095469
edz4k8j,joy,joy,0.00071692135,0.00019624527,0.000382677,0.99776983,0.00045891368,0.0004754549
edz4zdm,anger,anger,0.76749444,0.021997457,0.0035990472,0.044465587,0.048319086,0.114124395
edz5ktg,joy,joy,0.0007680785,0.00019382098,0.00050563086,0.99767274,0.00034609943,0.0005135603
edz5u0d,anger,anger,0.7761238,0.05584987,0.0045674285,0.039829027,0.047055986,0.07657386
edz6bti,joy,joy,0.00094864966,0.00018859854,0.00023334319,0.99766016,0.0002772756,0.00069194037
edz79om,surprise,surprise,0.0031067017,0.0012472713,0.0033044042,0.006607091,0.002572328,0.9831623
edz86do,sadness,sadness,0.0123806745,0.0065641142,0.0013989294,0.0031158747,0.9746767,0.0018635999
edz8i7b,surprise,surprise,0.013009743,0.0026753577,0.013552165,0.01628441,0.24349475,0.7109836
edz9es0,joy,joy,0.0006793006,0.00024482032,0.00037142163,0.99736387,0.00028250704,0.0010581029
edz9zrb,sadness,sadness,0.07097069,0.0069373846,0.0041343593,0.009488468,0.90020174,0.008267354
edzbxy3,joy,joy,0.0008499031,0.00022058099,0.00034421994,0.99749315,0.00026107603,0.00083100685
edzdhwe,joy,joy,0.0009430431,0.00025978065,0.00045346492,0.99740607,0.00056211604,0.0003754546
edzev31,surprise,surprise,0.12459623,0.0030185776,0.0018442624,0.0034027547,0.012766691,0.8543714
edzeyr1,sadness,sadness,0.12114227,0.006444767,0.0081277145,0.017831655,0.8361285,0.010325138
edzfb4z,joy,joy,0.0010067261,0.00013996648,0.00026908505,0.99720937,0.00067530404,0.00069955084
edzhvdj,joy,joy,0.0009318626,0.00019420183,0.00024875416,0.9975865,0.00024420634,0.00079447264
edzhwe9,surprise,joy,0.0028951673,0.0010066801,0.0015026851,0.88686126,0.0013070885,0.10642708
edzhzd8,anger,anger,0.9498952,0.013855476,0.0011315473,0.011334304,0.021048568,0.0027349205
edzj0ad,surprise,surprise,0.1724127,0.008082579,0.004692925,0.0043371306,0.053629845,0.7568449
edzj5fx,joy,joy,0.0010948738,0.0003132688,0.00041919138,0.9973562,0.00022353088,0.0005929249
edzkjr0,joy,joy,0.0010448799,0.00021792312,0.0005962379,0.99665403,0.0010469096,0.0004399759
edzkxv5,sadness,sadness,0.007459653,0.0022759198,0.0028019464,0.002831323,0.98224753,0.002383704
edzmcqr,anger,joy,0.0014665704,0.00024398846,0.00090070814,0.98982984,0.00081543025,0.0067434446
edzmlum,surprise,anger,0.64489305,0.0044335355,0.019443417,0.04074197,0.2071241,0.0833639
edzmwzv,anger,surprise,0.09914346,0.0021928465,0.009597709,0.21200524,0.14882736,0.5282334
edzncyf,anger,anger,0.7979743,0.01620761,0.009494909,0.023962973,0.07524096,0.0771192
edzoy70,joy,joy,0.0026747375,0.00026367712,0.00022293358,0.9946408,0.0003408047,0.0018569102
edzqfex,joy,joy,0.0005593177,0.00019299662,0.00037921322,0.99763334,0.00031611574,0.00091897603
edzr5oz,anger,anger,0.64649034,0.014231958,0.016767653,0.29914623,0.012464271,0.010899401
edzr7lb,joy,joy,0.0009554929,0.00022371749,0.00031694124,0.9969349,0.00023110208,0.0013378646
edzrhgr,anger,anger,0.9684011,0.0024819914,0.0011597569,0.009933582,0.0047862153,0.013237326
edzrr4v,joy,joy,0.0011708534,0.0002288922,0.0004029365,0.9967579,0.0004162958,0.0010230988
edzs7yk,anger,anger,0.975409,0.0025911436,0.0016654544,0.0113919685,0.0045484337,0.0043940437
edzsalc,joy,anger,0.9683954,0.008747426,0.0033411344,0.0119268345,0.0064781928,0.001111002
edzsjqa,joy,joy,0.000726319,0.00020662772,0.000974502,0.9966503,0.0004455232,0.000996777
edzstm7,joy,joy,0.0016266478,0.00017727578,0.0001923738,0.9943058,0.00042364074,0.0032742303
edzt7kp,anger,anger,0.9470459,0.004863739,0.0011950535,0.003696279,0.005903413,0.03729567
edztq7l,surprise,surprise,0.00830596,0.0019986434,0.0011609992,0.0009823829,0.001020737,0.9865313
edzxugb,anger,anger,0.6253406,0.0021793821,0.011265903,0.32128078,0.020439645,0.01949373
edzyni5,joy,joy,0.023257531,0.0008495618,0.0023115221,0.964393,0.0043767304,0.0048116613
edzzt4w,anger,anger,0.6088172,0.0040854993,0.0035229453,0.071417525,0.2587722,0.05338463
edzzu4q,anger,anger,0.9840995,0.0037365241,0.001020359,0.0042444486,0.0033704669,0.0035286834
ee0202k,anger,anger,0.9788423,0.003737933,0.001680493,0.009054279,0.0040634363,0.002621623
ee0387y,surprise,surprise,0.115138486,0.0038949852,0.0035073676,0.041002862,0.11753682,0.7189195
ee03shc,joy,joy,0.0020772303,0.00047404206,0.0013146949,0.98925334,0.0028490615,0.0040316484
ee03zsf,joy,joy,0.0005626424,0.0002190755,0.00046628664,0.99747026,0.00025434713,0.00102743
ee05pvt,anger,anger,0.9700697,0.015509493,0.001742071,0.0023842475,0.0070021986,0.0032923473
ee06627,anger,anger,0.8935818,0.003765355,0.002671044,0.023939049,0.034570172,0.041472517
ee066hi,surprise,surprise,0.0041807564,0.0012342563,0.0010096178,0.0009957369,0.0010494485,0.9915302
ee06kps,anger,anger,0.9278554,0.002368101,0.0008501562,0.024553254,0.00985357,0.034519497
ee06v1a,joy,joy,0.0014310566,0.00020824104,0.00026466107,0.99713635,0.0004429264,0.00051679247
ee071mo,joy,joy,0.017227685,0.0003376319,0.00044360184,0.97576785,0.0014525343,0.004770684
ee07ll5,anger,anger,0.905331,0.0038052243,0.00096624036,0.009645142,0.01607011,0.064182244
ee07mgj,fear,fear,0.0070861145,0.009105817,0.9650249,0.009552927,0.00595698,0.0032732643
ee07pbp,surprise,surprise,0.012776937,0.0015615184,0.0010657856,0.001447134,0.0020847744,0.98106384
ee07scc,joy,surprise,0.24178685,0.0082883155,0.009329487,0.29307017,0.12994334,0.3175818
ee09ex6,joy,joy,0.0024844955,0.0002456679,0.00050384423,0.9939229,0.00062278914,0.002220259
ee09f9k,sadness,sadness,0.0018228899,0.0019347953,0.0020529798,0.003576904,0.9891033,0.0015091281
ee09tgz,joy,joy,0.0007773525,0.0002343432,0.0006041684,0.9959197,0.0004423948,0.0020219272
ee0ad1i,joy,surprise,0.039804053,0.0023489182,0.008555274,0.16241275,0.013633675,0.7732453
ee0am1i,anger,anger,0.9808951,0.007475141,0.0010316968,0.00301042,0.005001264,0.0025863172
ee0ask7,joy,joy,0.004291238,0.00025752236,0.0004573168,0.99267924,0.0008486209,0.0014660148
ee0b6m5,surprise,surprise,0.011286118,0.0010112416,0.0007032015,0.0029337374,0.0024947578,0.981571
ee0bkij,joy,joy,0.0018810595,0.00015701012,0.00037053612,0.9948879,0.00054543716,0.0021580567
ee0br2k,joy,joy,0.005417323,0.0003710169,0.0011695527,0.9738163,0.011056978,0.008168829
ee0bzhq,anger,surprise,0.04292395,0.056465268,0.0058035594,0.007496997,0.015840044,0.87147015
ee0c3fx,joy,joy,0.00081104523,0.00022898203,0.00034234268,0.99733645,0.00022090967,0.0010602315
ee0cry9,joy,joy,0.020487767,0.0004993455,0.0009958453,0.9703963,0.0034872666,0.004133565
ee0d3d6,sadness,sadness,0.0039754612,0.0018029637,0.0010190433,0.0038236997,0.9875513,0.0018276067
ee0d47e,joy,joy,0.0009993871,0.00026760585,0.0003601774,0.99755186,0.0002347736,0.0005862579
ee0ei56,joy,joy,0.0012627756,0.00016639922,0.00039534815,0.9946003,0.00029096304,0.0032842378
ee0epq5,joy,anger,0.6908922,0.006134933,0.0024907081,0.022097772,0.026740596,0.25164387
ee0gtwq,anger,anger,0.74337417,0.0026728513,0.011681741,0.14581901,0.025119206,0.071332976
ee0hddi,surprise,surprise,0.005307215,0.002206344,0.00094044954,0.0012386771,0.0010384261,0.98926896
ee0jjkm,joy,joy,0.0008658758,0.00018239667,0.00026089197,0.99761164,0.00030043605,0.00077874586
ee0jumr,joy,joy,0.0017629969,0.00021245317,0.0004828124,0.99306995,0.00055984233,0.0039119297
ee0k0p5,sadness,disgust,0.32887492,0.6011201,0.017821575,0.012782781,0.030703664,0.008697001
ee0k24c,anger,joy,0.016183356,0.00051083067,0.0010005849,0.96786034,0.01133536,0.0031094954
ee0ke17,joy,joy,0.0022514784,0.00042034942,0.0005672718,0.9876979,0.00064427673,0.008418743
ee0luv1,sadness,sadness,0.045735605,0.0116988495,0.001778849,0.004200265,0.93365926,0.0029272502
ee0lvm1,anger,anger,0.9709246,0.0037242346,0.0012053421,0.013619691,0.007327165,0.0031990285
ee0ly2z,joy,joy,0.0040397164,0.00037866508,0.00065278413,0.990547,0.0005241238,0.0038576166
ee0lyzl,joy,joy,0.030671641,0.00059110706,0.003533531,0.8904918,0.06048005,0.014231917
ee0mcna,joy,joy,0.0007648199,0.00018604148,0.0003804942,0.9971113,0.00021970249,0.0013375336
ee0mvk3,joy,joy,0.105697796,0.0024624306,0.0013794409,0.88565,0.0031245132,0.0016858282
ee0myba,joy,joy,0.0033455351,0.00024120354,0.0003648834,0.9943824,0.0009975014,0.0006685253
ee0niqi,joy,joy,0.0011579028,0.00038002428,0.0005914696,0.9967392,0.000305495,0.0008259432
ee0o87x,joy,joy,0.020676611,0.0011772816,0.003004924,0.8374392,0.0024871456,0.1352149
ee0pusi,anger,anger,0.43241388,0.3648881,0.09904629,0.0114870835,0.08306125,0.009103412
ee0q3qq,joy,joy,0.000774711,0.0002144989,0.0004108264,0.9974613,0.0006172911,0.00052129675
ee0qol7,anger,sadness,0.06706254,0.004580439,0.032179113,0.026590468,0.84331256,0.026274964
ee0r22m,joy,joy,0.0007913714,0.0002250181,0.0002985199,0.99773705,0.0002427593,0.0007053446
ee0rp1e,joy,joy,0.0011390463,0.0001676897,0.00041454347,0.9969988,0.00071813416,0.0005618774
ee0rs1r,anger,anger,0.9691733,0.008631416,0.002472312,0.0039593168,0.008285036,0.007478541
ee0rvn8,anger,joy,0.041228667,0.00049567124,0.000990911,0.9333937,0.0123239225,0.011567095
ee0waa7,joy,joy,0.0013101588,0.00023765904,0.00032651826,0.9968137,0.00019371616,0.0011181716
ee0wjxb,joy,joy,0.0011980751,0.00023274093,0.0002811448,0.9964765,0.00024543784,0.0015660755
ee0wtbn,surprise,surprise,0.0029952854,0.0010423005,0.001196543,0.0019692301,0.0012111544,0.9915855
ee0wuyn,anger,anger,0.90792334,0.021377603,0.027941953,0.028541535,0.006457319,0.0077582397
ee0ww8s,anger,surprise,0.3384517,0.0061122985,0.0030389507,0.018635193,0.03423757,0.59952426
ee0x3le,surprise,anger,0.6310349,0.012873601,0.008188643,0.16682842,0.010326439,0.17074798
ee0znnb,anger,anger,0.98001844,0.0074568447,0.0015179509,0.005402372,0.0039955704,0.001608768
ee10mx3,anger,anger,0.55596226,0.3514161,0.014562767,0.029428534,0.037786685,0.0108436365
ee11b39,joy,joy,0.0015963158,0.00015033793,0.00040868815,0.99651635,0.0003954617,0.00093285413
ee126ii,joy,joy,0.000894203,0.000217977,0.00039454142,0.9972817,0.00020142146,0.0010102576
ee12lce,sadness,anger,0.5755655,0.0041354275,0.002344476,0.073856466,0.3324165,0.011681608
ee131jm,joy,joy,0.0010420966,0.00019423944,0.00027360773,0.99761033,0.00031756004,0.00056216307
ee132jr,surprise,joy,0.0013857683,0.0004747277,0.0007245982,0.9728123,0.0004105218,0.024192095
ee14dr5,sadness,sadness,0.13017455,0.0069002686,0.009281237,0.014551522,0.82993364,0.009158718
ee14rgl,surprise,surprise,0.009936868,0.0008996869,0.0007595809,0.0044444855,0.0015575491,0.9824019
ee14xe0,joy,joy,0.010963596,0.0030876808,0.002264237,0.6980609,0.0020308185,0.2835928
ee150qo,joy,joy,0.0021588556,0.00031992455,0.0010734721,0.99354726,0.001246107,0.0016543492
ee17byd,joy,joy,0.007689542,0.0002935166,0.0005513271,0.9857291,0.0025528176,0.0031836114
ee196a7,joy,joy,0.00067579193,0.00022459212,0.00039661475,0.9978904,0.00032537186,0.00048726628
ee1a9hm,joy,joy,0.037365057,0.014535659,0.0024637037,0.9379066,0.003048874,0.0046800724
ee1asno,joy,joy,0.0016857579,0.00016840087,0.00025739853,0.9966354,0.000405736,0.0008474393
ee1aynq,joy,joy,0.0008401066,0.00022670277,0.0003418582,0.9977545,0.00027095817,0.00056593603
ee1doy4,anger,anger,0.94487983,0.0044628554,0.0012047193,0.009504687,0.029765101,0.0101829
ee1e2ur,surprise,surprise,0.007219131,0.0026079807,0.0010645457,0.0010048852,0.0019229245,0.9861805
ee1e74y,joy,anger,0.89974946,0.007659128,0.0012015115,0.06844828,0.01939594,0.0035456056
ee1f3e2,anger,anger,0.6289412,0.00438304,0.0024563821,0.21488987,0.10755294,0.04177667
ee1f6qp,joy,joy,0.00086769165,0.00025888265,0.00039707674,0.9976476,0.00031752014,0.00051131187
ee1h48v,joy,joy,0.0007429911,0.00022484442,0.00046840246,0.9975509,0.00023234329,0.00078050775
ee1h5v1,surprise,surprise,0.0071399603,0.0012493719,0.0009168756,0.0013879726,0.0024912783,0.9868145
ee1i5pv,joy,surprise,0.0043274737,0.0013071136,0.0018948807,0.35568535,0.00180936,0.6349759
ee1j28v,anger,anger,0.94904816,0.024343316,0.0019836475,0.0061409613,0.01419954,0.004284427
ee1jgv9,joy,joy,0.00059227675,0.00022564895,0.00034460868,0.99526864,0.0002556489,0.003313178
ee1jq22,joy,joy,0.0030336708,0.00016778767,0.00032650214,0.9907238,0.0006344965,0.005113823
ee1l91z,anger,surprise,0.46487552,0.0039393515,0.0029840881,0.018038994,0.04457744,0.46558464
ee1lbbj,surprise,joy,0.006646328,0.000522518,0.0006452744,0.9606908,0.0009782881,0.03051681
ee1lj8m,joy,joy,0.0015976266,0.00020727504,0.00028124446,0.9967423,0.00034118255,0.00083033217
ee1lws5,anger,anger,0.9410562,0.0021725781,0.0009623529,0.028751953,0.017600877,0.00945602
ee1msax,anger,anger,0.9076543,0.023020526,0.0035314863,0.007854082,0.049850196,0.008089447
ee1n94d,joy,joy,0.0022897352,0.00045129718,0.00046049565,0.9896572,0.006072786,0.0010684822
ee1oa6g,surprise,surprise,0.0020210661,0.0011531002,0.0014774385,0.0071201087,0.001590584,0.9866376
ee1outn,surprise,joy,0.0011077974,0.00035043748,0.00044966137,0.98204076,0.00042546293,0.015625883
ee1paps,joy,joy,0.0020619093,0.00016523503,0.0003310746,0.99499017,0.0008345255,0.0016170866
ee1qdz6,joy,joy,0.017775597,0.00081670657,0.0020077217,0.9414056,0.025623538,0.012370931
ee1qgh4,joy,joy,0.15188065,0.006988266,0.001971694,0.824571,0.012900532,0.0016878645
ee1qysd,joy,sadness,0.009507998,0.0012979221,0.0013331719,0.025799872,0.95825297,0.0038079608
ee1r7x8,fear,fear,0.027271887,0.14878385,0.809173,0.0033890633,0.0062446636,0.005137602
ee1rghi,joy,joy,0.00072695466,0.00022237188,0.00031010402,0.99782515,0.00023732074,0.00067810115
ee1rkwi,surprise,anger,0.4498911,0.008519031,0.0067353817,0.03879057,0.1918564,0.30420762
ee1s5s2,sadness,sadness,0.39335203,0.03339022,0.0035345478,0.0168072,0.5458012,0.007114694
ee1sok7,joy,joy,0.00075610064,0.00021173248,0.00035713808,0.99778986,0.00041245867,0.00047269705
ee1thho,joy,surprise,0.0897293,0.0034331097,0.007361634,0.32183823,0.019003348,0.5586343
ee1uakc,joy,joy,0.0010926262,0.0002804946,0.00035075672,0.9972904,0.0002143683,0.0007713619
ee1uit6,sadness,sadness,0.037702255,0.007133469,0.010042584,0.016521202,0.87729704,0.051303457
ee1upwg,joy,joy,0.00071810547,0.00016215746,0.00024159916,0.99724704,0.00032652757,0.0013046567
ee1uv2y,surprise,surprise,0.004986434,0.0019812044,0.0018431805,0.37704092,0.0018023398,0.61234593
ee1vpfi,joy,joy,0.000872112,0.0001791083,0.00032425116,0.9972892,0.00034945214,0.0009860308
ee1vsfb,joy,joy,0.034618977,0.0012011142,0.0026102152,0.7713608,0.004931382,0.18527752
ee1vtaq,fear,fear,0.011368872,0.010162651,0.96053714,0.006026626,0.003922154,0.007982601
ee1vvxu,surprise,surprise,0.037674006,0.002553704,0.0014829634,0.05897835,0.0014828066,0.89782816
ee1wjis,anger,anger,0.9761178,0.005511012,0.0045261653,0.0045797387,0.0053487984,0.003916515
ee1wygj,anger,anger,0.71457654,0.0060741375,0.003984482,0.07923987,0.05584813,0.14027683
ee1xh0r,joy,joy,0.0013497323,0.00022110931,0.0004254984,0.9963404,0.00045178842,0.0012115622
ee1xr0e,joy,joy,0.001980837,0.00021038805,0.00028988425,0.9961637,0.00030229788,0.0010529113
ee1yh79,joy,surprise,0.004045378,0.0038234429,0.0037939239,0.47145867,0.0010233024,0.5158553
ee1ysbd,joy,joy,0.0008494735,0.00015814848,0.0002487055,0.9971239,0.00033024972,0.0012895702
ee1ythq,anger,anger,0.66046304,0.2204822,0.054028913,0.043824736,0.013855151,0.00734597
ee1z2fu,surprise,surprise,0.007967109,0.0014655216,0.002361083,0.0037731836,0.0059466693,0.9784864
ee209hz,joy,joy,0.00075257727,0.0005176481,0.0007864068,0.99102086,0.00030192462,0.0066205678
ee21lzo,joy,joy,0.0021169602,0.0001710867,0.00025184866,0.9962703,0.0003183659,0.00087145326
ee21rdg,joy,sadness,0.031148326,0.0029120056,0.0067596547,0.18850243,0.61960083,0.15107676
ee21tnl,surprise,surprise,0.013229605,0.0015506053,0.0007046892,0.0016673321,0.0012734183,0.98157436
ee22txd,joy,joy,0.0012696907,0.0002737041,0.00041171556,0.997001,0.0002959046,0.00074790977
ee24atb,surprise,surprise,0.01836585,0.0010934194,0.0010418586,0.0039017699,0.004980325,0.97061676
ee253ey,anger,anger,0.8984833,0.038207002,0.010633807,0.004753062,0.039359633,0.008563172
ee26swz,joy,joy,0.0005723071,0.00021016561,0.0003136022,0.99704546,0.0002541571,0.001604329
ee27ele,surprise,joy,0.010660012,0.0014661908,0.002503622,0.77167726,0.098704815,0.11498815
ee27gps,anger,anger,0.8564911,0.0030974466,0.0038014678,0.082945526,0.05022327,0.0034411803
ee27tbv,joy,joy,0.0010401091,0.00016535725,0.00024384927,0.9957015,0.00029062288,0.0025585096
ee27x3d,joy,joy,0.0014188954,0.00021876852,0.00041555232,0.99699235,0.00025819277,0.00069629593
ee28ent,joy,joy,0.16549839,0.0012411232,0.001067186,0.78484434,0.009047741,0.038301177
ee28uy4,anger,joy,0.015618755,0.0005986484,0.0012234873,0.9347983,0.005893231,0.041867513
ee2957c,joy,joy,0.00095338747,0.00022815679,0.00036595188,0.997271,0.00030387862,0.0008776219
ee29gfc,joy,joy,0.003972694,0.0010035877,0.00065976917,0.9923981,0.00045227955,0.0015135257
ee29q8z,anger,anger,0.981012,0.0047165584,0.0010341032,0.0035032604,0.0067398925,0.0029940978
ee2aex6,anger,anger,0.9691505,0.015608804,0.0021954968,0.0024629561,0.0082646785,0.0023175837
ee2b3be,joy,joy,0.007735672,0.0002686384,0.0015666657,0.97764015,0.0052284705,0.0075604264
ee2b4pk,disgust,anger,0.35892853,0.17570113,0.010802828,0.19580208,0.16916421,0.08960117
ee2fa7t,sadness,sadness,0.0031407385,0.0036739688,0.0021010835,0.002583841,0.98648447,0.0020158924
ee2fl5b,anger,anger,0.8024779,0.0028884711,0.0009108479,0.041982733,0.004896061,0.14684403
ee2ft4z,joy,joy,0.0008027314,0.00020084568,0.00033300163,0.99768245,0.00022610089,0.00075492996
ee2gg2j,joy,joy,0.00077360915,0.00021067788,0.00032133554,0.9975666,0.0002691591,0.0008586821
ee2gssi,joy,surprise,0.0021738985,0.0013421219,0.001104942,0.034066156,0.0010161852,0.96029663
ee2hecu,anger,anger,0.91845083,0.0048765847,0.0030976038,0.039090253,0.02095494,0.013529791
ee2hhgz,sadness,sadness,0.01544765,0.0037833066,0.0010488399,0.005154916,0.97288346,0.0016818264
ee2i3od,surprise,surprise,0.04869906,0.004248946,0.00094827876,0.0034557413,0.0040448606,0.93860316
ee2jg36,joy,joy,0.0023496726,0.00070563116,0.0028850408,0.9378151,0.05432897,0.0019154985
ee2jj95,sadness,sadness,0.14837022,0.005179361,0.005050167,0.041681387,0.71086997,0.08884891
ee2kg8m,joy,joy,0.0009450091,0.00022831281,0.00035779178,0.997463,0.00024774234,0.0007581712
ee2krnk,fear,fear,0.0034580976,0.004824076,0.94754326,0.004923179,0.024752676,0.01449871
ee2kyih,joy,joy,0.0013946728,0.00029029066,0.0004036687,0.9964497,0.00022942734,0.0012321708
ee2lx4v,joy,joy,0.001770651,0.00021745123,0.0002797113,0.9968432,0.00030613644,0.0005829328
ee2msue,joy,joy,0.00086911063,0.00029864424,0.0003832182,0.99644166,0.00018233556,0.0018249403
ee2mthu,joy,joy,0.0039592185,0.00053267524,0.0005075134,0.99373466,0.000687094,0.00057887984
ee2nf66,joy,joy,0.0021475728,0.00032695258,0.00058699946,0.9958775,0.0003460184,0.0007149474
ee2nt56,surprise,surprise,0.013718404,0.001073566,0.0011262363,0.002565444,0.0020239558,0.9794924
ee2poss,joy,joy,0.0015055253,0.00023799809,0.00025221845,0.99681455,0.0002770004,0.0009127359
ee2qil5,surprise,surprise,0.026010718,0.0021223647,0.0013909594,0.0043104417,0.005342109,0.9608234
ee2rc52,joy,joy,0.021115685,0.00029378085,0.00044665992,0.9723779,0.0014101131,0.004355884
ee2rp7m,joy,sadness,0.19789566,0.0036738135,0.00992817,0.1837718,0.55833393,0.046396643
ee2s7o7,fear,fear,0.0060092667,0.0076203016,0.97335005,0.00559558,0.0039681974,0.003456538
ee2stiq,joy,joy,0.000853383,0.00026291673,0.00039524338,0.99769396,0.00039520662,0.00039936215
ee2t60u,joy,joy,0.0021209188,0.0006126068,0.00092205295,0.9605612,0.00060869625,0.03517447
ee2tbtv,joy,joy,0.0017743366,0.00017064449,0.00029419336,0.9950228,0.00037766423,0.0023603307
ee2wwvc,surprise,surprise,0.04658817,0.0012100411,0.002454907,0.021805793,0.0072616832,0.9206794
ee2xngb,joy,joy,0.0007959847,0.00024090207,0.00037637755,0.9974469,0.00025085997,0.00088906084
ee2ybxe,fear,fear,0.015862463,0.021125987,0.90274954,0.0380934,0.017975297,0.0041932757
ee2yeeo,surprise,surprise,0.0053293156,0.0010506581,0.000708499,0.0035372672,0.0015896335,0.9877845
ee2yge0,joy,joy,0.27078402,0.005933486,0.0015578234,0.6746997,0.004876537,0.04214844
ee2yy2v,joy,joy,0.0006445609,0.00016644517,0.00031166803,0.9978929,0.00036015268,0.00062421174
ee2zm4w,sadness,sadness,0.0016161067,0.0019544007,0.0030898273,0.0024159255,0.9890998,0.0018239606
ee2zq71,joy,joy,0.0007688471,0.00022578047,0.0003831906,0.9968732,0.00021223571,0.0015368448
ee31b75,joy,joy,0.001350397,0.0011120687,0.00093689794,0.9945564,0.0004042995,0.0016399925
ee31jr3,fear,fear,0.10230813,0.048085067,0.58933055,0.008622684,0.24144533,0.010208227
ee31sx4,joy,joy,0.00088225206,0.00024751158,0.00036346578,0.9975389,0.0004704889,0.00049731863
ee320v4,joy,joy,0.0006903315,0.00016760775,0.00022778704,0.9976422,0.00040600903,0.00086599897
ee331lx,joy,joy,0.0051067565,0.0036075085,0.0021432186,0.97703564,0.0017618543,0.01034495
ee33bja,joy,joy,0.0007025402,0.00016382246,0.00028387166,0.9975074,0.00026951093,0.001072871
ee33ub2,anger,joy,0.012469403,0.00041947517,0.0007624701,0.96340555,0.011868932,0.011074157
ee34hb1,joy,joy,0.012041602,0.0007416229,0.0010300534,0.9367717,0.0012163743,0.04819854
ee354le,joy,joy,0.0007306197,0.0002029802,0.00032307592,0.99783105,0.00032145443,0.0005907283
ee35oxx,sadness,joy,0.015743133,0.0003847609,0.0018984555,0.97812885,0.001946491,0.0018983016
ee35w8p,joy,joy,0.0016542976,0.00019416229,0.00035622384,0.9936778,0.00042331242,0.003694313
ee366rp,joy,joy,0.0023287437,0.00051303254,0.00074422284,0.9921017,0.00039744703,0.0039148172
ee36cyh,joy,joy,0.020099262,0.00044392588,0.0014320444,0.9587057,0.0010273132,0.018291732
ee36ydp,anger,anger,0.8102701,0.0074100997,0.0034869295,0.11697586,0.040871527,0.020985497
ee37xrt,surprise,surprise,0.014888631,0.0011767036,0.0028165951,0.0032454357,0.0044419346,0.9734307
ee38god,joy,joy,0.00061011175,0.0001829447,0.00035274003,0.99792165,0.00040217428,0.0005303797
ee38hjz,joy,joy,0.022454662,0.0019983372,0.0013428805,0.9606722,0.0008285359,0.012703435
ee38rym,joy,joy,0.0010396662,0.00020969212,0.00033097225,0.9973688,0.00021861958,0.0008322316
ee39naw,joy,joy,0.0007472907,0.0001966681,0.00034970258,0.9978677,0.0002825533,0.0005560354
ee39okc,joy,joy,0.0008774433,0.00019136093,0.00030416774,0.9977011,0.0002592716,0.0006666473
ee39rj7,joy,joy,0.0010148167,0.0002151898,0.0003057773,0.9971066,0.00030783305,0.0010497556
ee3a1ms,joy,joy,0.0013222145,0.00019718768,0.000395907,0.99707484,0.00051565026,0.00049427105
ee3b2vk,joy,joy,0.0011697563,0.00032623284,0.0006178602,0.99634606,0.00042265363,0.0011174775
ee3b85p,sadness,anger,0.87842035,0.018483508,0.0028955932,0.01913409,0.07399055,0.007075832
ee3c6hw,joy,joy,0.016592018,0.0010719161,0.0012762678,0.5379762,0.002634755,0.44044882
ee3cd92,joy,joy,0.01798821,0.00088873116,0.00043871262,0.9778893,0.0014448366,0.0013501332
ee3cgjs,anger,anger,0.85387397,0.005830299,0.0017048188,0.017527604,0.08638147,0.0346819
ee3ckls,joy,joy,0.0009139246,0.00024111058,0.0003498468,0.9967378,0.00021956742,0.0015378088
ee3d1ba,surprise,surprise,0.0020896422,0.0016866266,0.002296377,0.0878465,0.0013722158,0.9047087
ee3db19,joy,joy,0.0014334254,0.00020307921,0.00032424871,0.99711704,0.00025516652,0.0006670689
ee3dj19,joy,joy,0.0007498583,0.00022140532,0.0003487213,0.99773514,0.0003863816,0.00055851706
ee3dysd,fear,fear,0.0093251495,0.004744544,0.92893445,0.036950838,0.006437778,0.01360718
ee3ecbg,surprise,surprise,0.00391639,0.00093221344,0.00086188153,0.0017764309,0.0013951627,0.9911179
ee3egg2,joy,joy,0.0012724856,0.00036078674,0.0004147645,0.99682045,0.00020278699,0.0009287835
ee3eyf5,surprise,anger,0.42855003,0.17087887,0.005359913,0.0065428545,0.085246764,0.3034216
ee3fd6l,sadness,sadness,0.0037699873,0.002004109,0.0022097589,0.0048631458,0.98257464,0.0045782463
ee3gbt3,anger,anger,0.9366425,0.03917565,0.0039178226,0.0037167454,0.013571195,0.0029761072
ee3h6yk,joy,joy,0.0011141186,0.00018379636,0.00025983938,0.99698764,0.0002889962,0.0011655793
ee3h95g,joy,joy,0.004339252,0.000243066,0.0008882085,0.9925569,0.00052061444,0.0014518639
ee3hc91,joy,joy,0.0024269682,0.00017962957,0.00026225182,0.99587435,0.0004402054,0.00081661285
ee3icov,joy,joy,0.0009201321,0.00027900824,0.001658442,0.98196065,0.0009324955,0.014249239
ee3iqzx,joy,anger,0.9368466,0.002169337,0.0014195403,0.033741515,0.010308703,0.015514209
ee3j0cr,joy,joy,0.0015245655,0.00018179076,0.00029663183,0.9965893,0.0003974562,0.0010102536
ee3jc0f,anger,joy,0.002132125,0.0003375314,0.0004189552,0.99190485,0.0002139882,0.004992522
ee3kag6,joy,joy,0.0005707613,0.00021151466,0.00035777738,0.99760604,0.00030225268,0.00095165224
ee3n1bm,sadness,joy,0.03372921,0.00053432956,0.0008028822,0.943182,0.008930923,0.0128205605
ee3nurr,surprise,surprise,0.0068505225,0.0012067462,0.0007840452,0.0013744676,0.0014124023,0.9883718
ee3p1f9,joy,joy,0.0006830469,0.00022055343,0.0004549806,0.99780995,0.00029359385,0.0005378991
ee3p61p,sadness,joy,0.024902303,0.0016528806,0.011727891,0.8210998,0.13114728,0.009469792
ee3pxoi,joy,joy,0.0051174783,0.0005293179,0.0012886852,0.85869926,0.0017258885,0.13263938
ee3qgps,joy,joy,0.0011642098,0.00027787656,0.0003088355,0.9973797,0.0002989719,0.0005703617
ee3qiyb,joy,joy,0.0008131188,0.00017837643,0.00034757913,0.9974572,0.00023245733,0.0009713047
ee3qlnw,joy,joy,0.00071095524,0.00018228931,0.00032685557,0.9979101,0.00035028518,0.0005194564
ee3rjdo,joy,joy,0.0057564946,0.00032672143,0.0004652123,0.96239275,0.0011338778,0.02992493
ee3rtkg,anger,anger,0.93061805,0.04461487,0.0028889766,0.0042164666,0.013981541,0.0036801512
ee3sta0,joy,joy,0.00056032033,0.00013749035,0.0002570871,0.9976857,0.00039610497,0.0009633648
ee3szn2,joy,joy,0.0010076766,0.00023922666,0.0003600085,0.9970988,0.00067903264,0.0006153034
ee3tho5,joy,joy,0.0012296354,0.00021548608,0.00030746087,0.99076486,0.0005016481,0.006980913
ee3tjdp,joy,joy,0.00069440267,0.00020982017,0.00033943704,0.997818,0.0002578977,0.0006804433
ee3twmx,joy,joy,0.013544209,0.0012895799,0.001974368,0.8680595,0.0031809185,0.11195136
ee3u6hq,sadness,sadness,0.0149848955,0.0074612773,0.0030861564,0.009402507,0.9255632,0.039501853
ee3uqcz,sadness,sadness,0.0022587804,0.0020428498,0.006749024,0.006485867,0.98137444,0.0010890928
ee3v5ip,sadness,sadness,0.016297573,0.0031655647,0.0024703937,0.3436985,0.6288577,0.0055102413
ee3vdty,joy,joy,0.007784949,0.0009080991,0.0006686755,0.9353327,0.0012276174,0.054077912
ee3w2wu,joy,joy,0.008066844,0.00070574373,0.0013088211,0.9649355,0.021974752,0.0030083733
ee3xcal,joy,joy,0.0028654847,0.00029191558,0.0007701103,0.9936553,0.0008175655,0.0015996717
ee3xjtp,joy,surprise,0.14060289,0.0026597404,0.00395852,0.1307247,0.042855203,0.6791989
ee3y1er,joy,joy,0.010683612,0.00067346037,0.00056986645,0.98616636,0.0003887592,0.0015179674
ee3y4sd,anger,anger,0.9680847,0.0050361967,0.0007705931,0.015552935,0.007106759,0.0034488048
ee3ys82,surprise,joy,0.00093819073,0.00017783562,0.00025210777,0.997071,0.00039065842,0.0011701426
ee3yyym,anger,anger,0.98194283,0.0048500877,0.0009250614,0.004150031,0.0026860698,0.005445907
ee3z0rr,joy,anger,0.54593414,0.0035037582,0.005810111,0.17747332,0.121497944,0.14578079
ee3zkyj,sadness,sadness,0.07308739,0.0033038564,0.054779675,0.20837358,0.5680139,0.09244154
ee3ztta,sadness,sadness,0.0054268395,0.0023808707,0.0021070424,0.008093335,0.97933,0.002661922
ee40ffi,joy,disgust,0.23681255,0.5499384,0.036760062,0.04924346,0.055834755,0.07141075
ee40pc4,surprise,surprise,0.012032434,0.001254736,0.0012952689,0.0019989328,0.0033882216,0.98003036
ee41kcd,joy,joy,0.0013415498,0.00028085007,0.00032036973,0.997008,0.00022647766,0.00082267076
ee432lo,anger,anger,0.95771146,0.0026241918,0.000898281,0.017620966,0.009689812,0.011455361
ee433se,sadness,surprise,0.17163514,0.0027593863,0.0027795066,0.030986428,0.021532657,0.7703069
ee44ber,joy,sadness,0.29234692,0.012117464,0.025881901,0.109233424,0.5328115,0.027608702
ee454s8,joy,joy,0.0011104998,0.00023661874,0.00041810304,0.9972511,0.00027504592,0.0007085985
ee455vq,anger,anger,0.95020485,0.025970481,0.0021622828,0.003631943,0.011206709,0.006823809
ee45816,anger,anger,0.8915451,0.0058451947,0.0023370804,0.03547908,0.0454208,0.01937272
ee46j8g,joy,joy,0.0012067765,0.00024211063,0.00047939803,0.99084854,0.00039826243,0.006824868
ee481jv,joy,joy,0.002172217,0.00031440958,0.0009508193,0.98653084,0.0023564524,0.0076752626
ee48de5,anger,surprise,0.028556252,0.001866092,0.0009473332,0.023932334,0.01313665,0.9315613
ee49nx8,surprise,surprise,0.0052777613,0.0010053244,0.0012335107,0.016300939,0.013020782,0.9631617
ee49p1h,joy,joy,0.0014423198,0.00025106993,0.00033714273,0.9850426,0.0005566762,0.012370158
ee4atcy,anger,joy,0.009291593,0.00063094904,0.0061420933,0.91784394,0.03344354,0.03264791
ee4br7u,joy,joy,0.0010689809,0.00024310076,0.00042938138,0.99745244,0.0003507717,0.0004553015
ee4cbii,joy,joy,0.0049421606,0.00024142316,0.0005367366,0.992183,0.00045294524,0.0016436419
ee4fv26,joy,joy,0.00060104637,0.0003125066,0.0005804925,0.9960032,0.0002274822,0.0022752767
ee4guke,joy,joy,0.0011180138,0.00021147693,0.0003068195,0.99746895,0.00042370535,0.00047105728
ee4hhqi,joy,joy,0.0011076056,0.00027858108,0.0003021306,0.9974523,0.00026785443,0.00059146906
ee4i9cs,anger,anger,0.95569116,0.007885423,0.0022830795,0.0034118977,0.0140674235,0.016661042
ee4idrf,sadness,sadness,0.007459321,0.0022911276,0.0058266143,0.1722944,0.81000566,0.002122926
ee4j0ev,joy,joy,0.0009291646,0.00024655592,0.0003117369,0.9968919,0.00027919168,0.001341471
ee4m9gs,joy,joy,0.000955212,0.0002201436,0.0003889128,0.99718,0.00024692397,0.0010089261
ee4mmi8,joy,joy,0.0037300996,0.0010976762,0.0007655208,0.99278647,0.00041506565,0.0012051258
ee4mosl,joy,surprise,0.03627989,0.011625413,0.0030443638,0.19758143,0.012525661,0.7389432
ee4nc8k,joy,joy,0.0008509265,0.00018196958,0.0002885748,0.9977465,0.0003716752,0.00056036544
ee4no0w,surprise,anger,0.6544792,0.20219849,0.0055478755,0.06054245,0.07090656,0.0063254875
ee4o2mk,joy,joy,0.0047750412,0.00041688484,0.000318784,0.9931078,0.00046854862,0.0009129849
ee4od0o,joy,joy,0.0009002519,0.00032199253,0.00062937173,0.985292,0.00049840723,0.012358024
ee4ogpb,surprise,surprise,0.0033282104,0.002120841,0.0013000236,0.0016443948,0.0011182465,0.9904882
ee4olez,joy,joy,0.0010552997,0.00021003597,0.00031971547,0.99703217,0.00021155797,0.0011712023
ee4p6vr,anger,surprise,0.25159445,0.005681468,0.00886534,0.18088605,0.24919365,0.30377904
ee4pian,sadness,surprise,0.031562977,0.0012223166,0.0009241337,0.37689444,0.002134727,0.5872614
ee4pwot,anger,anger,0.96548784,0.0040323953,0.00085930503,0.006336547,0.0063754926,0.016908478
ee4s7pj,sadness,sadness,0.0022335437,0.0017350652,0.0016158988,0.0028699252,0.99012905,0.0014165491
ee4tu1h,anger,anger,0.9746918,0.0037626356,0.0013206009,0.0068954923,0.0071419002,0.006187597
ee4tucn,anger,anger,0.8972898,0.0039891563,0.0018159283,0.024087232,0.050676633,0.022141224
ee4uxvi,joy,joy,0.0013505106,0.00023051415,0.0002730022,0.9972516,0.00027454103,0.0006198811
ee4vk5w,anger,anger,0.9570849,0.0032278812,0.0015410503,0.010789156,0.015795177,0.01156183
ee4wv63,anger,joy,0.0149109885,0.00041154068,0.0005266246,0.98196477,0.0012914757,0.0008945684
ee4xahj,joy,joy,0.0007236421,0.0001769474,0.00034353664,0.9974759,0.00026328754,0.0010166499
ee4xin2,joy,joy,0.0010982893,0.00020923142,0.00029501854,0.9974884,0.00026074285,0.00064832665
ee4z5o3,joy,joy,0.002294679,0.00028200468,0.00071454607,0.98172784,0.0005848229,0.014396141
ee4zjdj,anger,sadness,0.060650278,0.0030480982,0.03739293,0.30613637,0.5152,0.077572405
ee50fyt,joy,surprise,0.0063475957,0.0010958739,0.0032718466,0.020986158,0.0050605205,0.96323806
ee50l89,joy,joy,0.005343104,0.000486797,0.0013141553,0.9328284,0.0029598614,0.05706773
ee50y9s,anger,anger,0.97801423,0.0041186577,0.0006966045,0.003750041,0.003279901,0.010140574
ee519um,anger,anger,0.9606744,0.0054044537,0.00084368716,0.0119587565,0.012375631,0.00874302
ee51vcq,anger,anger,0.9350025,0.0030293663,0.001292029,0.03321703,0.019496256,0.007962675
ee52d9x,joy,joy,0.00082565926,0.00019009785,0.00025676517,0.99777716,0.00036802172,0.0005823244
ee52m54,joy,joy,0.010797028,0.0005619503,0.0018240195,0.94120604,0.04317726,0.0024337114
ee54ac5,surprise,surprise,0.005291469,0.001090031,0.0012245232,0.002076452,0.0019053875,0.9884121
ee54usn,joy,joy,0.0009022087,0.00021729132,0.00029042954,0.9975666,0.0004287332,0.0005947954
ee551s4,joy,joy,0.0026781855,0.00023940874,0.00026196166,0.9956542,0.00034684202,0.00081936334
ee552rh,joy,surprise,0.2194245,0.0034497553,0.005244667,0.09895251,0.068115726,0.6048129
ee55fem,joy,joy,0.0027419755,0.00016848359,0.0002551118,0.9951166,0.0004660418,0.0012518351
ee55l0n,anger,anger,0.80786616,0.0049653607,0.004616334,0.06651672,0.028115412,0.087920055
ee56tw6,joy,joy,0.0010255094,0.00014270486,0.00022185683,0.9972996,0.00031590185,0.0009945026
ee57zur,sadness,sadness,0.0021444042,0.0016468002,0.0016066323,0.0029142208,0.9901923,0.0014956255
ee588pz,anger,surprise,0.06295985,0.0037355144,0.001734426,0.0023939128,0.0063269287,0.92284954
ee58umw,joy,joy,0.0068536354,0.00089596503,0.00089590397,0.98912466,0.0010783706,0.0011515138
ee59qz9,joy,surprise,0.24035262,0.01719338,0.011383007,0.21429174,0.1881383,0.32864103
ee5a8mk,joy,joy,0.0008614114,0.00022888811,0.00029633913,0.99742573,0.00021492227,0.00097264413
ee5aa2a,joy,joy,0.0008459501,0.00017685836,0.0011679935,0.9960312,0.0006268792,0.001151049
ee5ag85,sadness,sadness,0.20102498,0.008162161,0.005609188,0.051741425,0.70587015,0.02759213
ee5aye9,joy,joy,0.0036699825,0.00025635186,0.0004496456,0.991041,0.0016557487,0.0029273483
ee5bqqq,anger,anger,0.90013707,0.05930226,0.0020468822,0.0041805664,0.02566846,0.008664731
ee5ceh7,surprise,surprise,0.0040666736,0.0012483579,0.00096929754,0.0014225389,0.0024058078,0.9898873
ee5d0d6,joy,joy,0.0040559503,0.00028446162,0.00035524013,0.9810399,0.001499972,0.012764458
ee5d1uk,sadness,joy,0.011256443,0.0003501536,0.0010694262,0.9784092,0.0054343776,0.003480535
ee5d5bh,joy,joy,0.0017620029,0.0002473592,0.00023289313,0.99673355,0.00036323245,0.00066100166
ee5ddtv,joy,joy,0.0011841053,0.00023552797,0.00037248668,0.9973321,0.00026254106,0.00061321934
ee5do8b,joy,joy,0.0008365251,0.00019979857,0.00028799984,0.99736184,0.00021139233,0.0011024912
ee5dvlb,joy,joy,0.0011079595,0.00018720183,0.00025856306,0.9971623,0.0003334329,0.0009504635
ee5dy6r,joy,joy,0.0022441258,0.00021369022,0.0002907071,0.99609935,0.0003676919,0.00078445836
ee5e2vj,anger,anger,0.6623558,0.032600317,0.0027932625,0.03574882,0.25764993,0.0088519715
ee5emd6,joy,joy,0.0010553392,0.0002519177,0.00035251756,0.9880945,0.0004416312,0.009804068
ee5ent7,joy,joy,0.017488865,0.0005407984,0.0004650544,0.9748708,0.004457507,0.0021769986
ee5fn1l,joy,joy,0.0019873579,0.00026889527,0.00042115862,0.99520314,0.0003460523,0.0017734274
ee5fs8h,anger,disgust,0.4431561,0.50462997,0.007785854,0.008146667,0.02983348,0.0064480146
ee5fykb,anger,anger,0.65165037,0.2801896,0.006808067,0.031081147,0.022149771,0.008121081
ee5gb4z,anger,anger,0.9216214,0.00730817,0.0012094519,0.0599751,0.0051043397,0.004781573
ee5gdug,joy,joy,0.00080266164,0.00020854233,0.00035561106,0.9977442,0.00028587278,0.00060309545
ee5geyn,joy,joy,0.0009028497,0.00023755014,0.0003093493,0.99760914,0.0002372791,0.00070386875
ee5gp13,joy,joy,0.0009377783,0.00022377781,0.00033540995,0.9976051,0.00032161438,0.00057631324
ee5h21p,anger,anger,0.73415583,0.035824824,0.0017866531,0.009631472,0.20863663,0.009964533
ee5ibbq,anger,anger,0.97124094,0.004886984,0.001705145,0.004969278,0.00874407,0.008453622
ee5ijot,disgust,disgust,0.099858515,0.8277182,0.046480425,0.007734678,0.012571588,0.005636476
ee5is72,anger,anger,0.92788935,0.022620989,0.004813101,0.0032015203,0.03437077,0.007104177
ee5j4gf,joy,joy,0.00077711826,0.00021441549,0.00045535163,0.9973368,0.00026481197,0.0009514865
ee5l7ju,joy,joy,0.0006257922,0.0001599705,0.0002732971,0.9976427,0.00037597408,0.0009222358
ee5lxms,surprise,anger,0.5172912,0.004463428,0.026056033,0.3682482,0.058173493,0.025767729
ee5mgg8,joy,joy,0.005420502,0.0003039881,0.00024488848,0.99194276,0.0010343691,0.0010535346
ee5mt3c,anger,anger,0.9776137,0.006893268,0.0014518865,0.0027170207,0.005892215,0.005431943
ee5nn7b,joy,anger,0.79657716,0.00339444,0.0013814555,0.17172785,0.010979101,0.015939988
ee5o7sf,surprise,surprise,0.0076217945,0.0016386886,0.002133978,0.45319027,0.0024565144,0.53295875
ee5o9qc,sadness,sadness,0.008327571,0.0016749469,0.0012632814,0.052140683,0.9324338,0.0041597006
ee5ozhv,anger,anger,0.9754311,0.0043486655,0.0011551488,0.009528529,0.0030256358,0.006511012
ee5p45c,anger,anger,0.9443785,0.018765796,0.00087981013,0.017035408,0.010558809,0.008381739
ee5p9sg,joy,joy,0.00067108864,0.00020938866,0.00033196405,0.9978745,0.00037559637,0.0005373622
ee5po5f,anger,anger,0.9500133,0.0099368775,0.0015634199,0.003115578,0.019928193,0.015442584
ee5pu4o,anger,anger,0.9812464,0.009264701,0.0010809785,0.0025755626,0.0031888152,0.0026435766
ee5q0l5,joy,joy,0.0021231414,0.001203016,0.0008225847,0.9938778,0.0004009013,0.0015726194
ee5qmwi,joy,joy,0.00090631784,0.00020333515,0.00024791085,0.9976179,0.0002694033,0.0007551238
ee5r8iv,anger,anger,0.9303285,0.0040711313,0.0020378733,0.011033798,0.037247837,0.015280952
ee5rjb9,joy,joy,0.0009114886,0.00022559741,0.0003088469,0.99759066,0.00024457,0.0007189046
ee5svxf,anger,anger,0.9704955,0.010262633,0.0015983301,0.0032357746,0.005979625,0.008428185
ee5sz2d,anger,anger,0.9715379,0.007358812,0.0017153176,0.0023046795,0.004895062,0.01218814
ee5t2eo,sadness,joy,0.027974043,0.002819063,0.0066376044,0.7957693,0.15741584,0.009384182
ee5t62n,sadness,sadness,0.0056122825,0.001231092,0.0025899655,0.046057686,0.9296543,0.014854706
ee5ua5f,surprise,anger,0.5031795,0.0039746943,0.003770231,0.32008803,0.06597369,0.103013866
ee5upc0,joy,joy,0.085506134,0.01501799,0.002251383,0.89097613,0.0032797956,0.0029685623
ee5uujw,fear,fear,0.35499504,0.12817311,0.43989304,0.028317677,0.04156232,0.0070588
ee5v1je,sadness,sadness,0.015407224,0.009105078,0.0041093845,0.002297252,0.9655665,0.003514683
ee5v7o6,surprise,joy,0.006897633,0.0011417784,0.0040788334,0.6058105,0.0057756477,0.37629563
ee5vvau,joy,joy,0.003195605,0.00020359163,0.00030762123,0.99366766,0.0010939208,0.0015316823
ee5wfoi,joy,joy,0.001488279,0.00018417559,0.00042305153,0.9875279,0.002587255,0.007789362
ee5xfyq,surprise,surprise,0.0023065137,0.0012153024,0.0015039119,0.0018296157,0.001105932,0.9920387
ee5xkka,surprise,anger,0.3572999,0.011023115,0.003322288,0.052431814,0.29411972,0.28180313
ee5xsnn,surprise,surprise,0.24372558,0.007507682,0.004824373,0.011970128,0.07171655,0.6602557
ee5xtsy,surprise,surprise,0.154812,0.04148066,0.050478637,0.011178876,0.04014194,0.7019079
ee5xx4i,fear,fear,0.002812601,0.006108784,0.9307143,0.024628516,0.031357765,0.004378103
ee5y67v,joy,joy,0.3673421,0.009652792,0.0015010161,0.5877534,0.02953979,0.004210884
ee5y6dt,sadness,sadness,0.34068307,0.07949834,0.00511187,0.013022291,0.5489794,0.012705038
ee5yeu8,joy,joy,0.0036224232,0.0002843781,0.0010530492,0.98422986,0.0010072136,0.009803019
ee5yg0t,sadness,sadness,0.00584475,0.0018419914,0.0011058876,0.011914876,0.976076,0.0032165335
ee60k0m,anger,anger,0.9590659,0.017205717,0.0020429227,0.0052013425,0.013922582,0.0025614596
ee60q8u,sadness,sadness,0.0526112,0.0056501464,0.002245242,0.008092608,0.9247287,0.0066719726
ee61e0d,anger,anger,0.93654907,0.02059133,0.0020030162,0.0036808394,0.014305803,0.022869963
ee61t4b,sadness,sadness,0.0020421797,0.0022246307,0.005928149,0.0032835843,0.9855198,0.0010015588
ee6386k,joy,joy,0.000976053,0.00021334078,0.00031490298,0.997647,0.0002866341,0.0005620599
ee63efc,sadness,anger,0.83212394,0.1091972,0.0024060777,0.0073937997,0.038677543,0.010201401
ee64byg,joy,joy,0.0020603372,0.0004615819,0.0008150361,0.98635477,0.009686966,0.0006213275
ee64day,sadness,sadness,0.0020399368,0.001871687,0.001906406,0.0034689624,0.9890527,0.0016602704
ee64dbh,joy,joy,0.0008625077,0.00027629663,0.0004582354,0.9970964,0.00028750254,0.0010190426
ee64wut,joy,joy,0.00089933764,0.00025832112,0.0004857032,0.9971464,0.0004937508,0.0007164202
ee655oi,surprise,surprise,0.024011616,0.0014985208,0.0011721309,0.0067344713,0.008432713,0.95815057
ee65dgs,anger,anger,0.93568563,0.0020232243,0.0017565292,0.03493421,0.012939514,0.012660845
ee65gd2,anger,joy,0.22190522,0.0043718484,0.0044328864,0.6933957,0.07163424,0.0042600455
ee65luq,joy,joy,0.004601551,0.0002710555,0.00085,0.9663159,0.001829313,0.026132165
ee6608z,surprise,surprise,0.0052723237,0.0009178523,0.0010313089,0.0015268717,0.0014663546,0.98978525
ee66c9z,anger,anger,0.738578,0.0061141746,0.0028219263,0.014001725,0.09724791,0.14123617
ee66nq8,joy,joy,0.00097289187,0.0002280659,0.00030654375,0.9976156,0.00028813712,0.00058884436
ee6729h,anger,joy,0.03550847,0.0005932875,0.00059580954,0.95805556,0.0018263147,0.0034206014
ee67ej2,joy,joy,0.0010287762,0.00012932315,0.00038848483,0.9930815,0.0007897024,0.004582312
ee67oh7,joy,joy,0.008418571,0.00038182258,0.0016322774,0.98460764,0.0020413122,0.0029184297
ee67yw9,joy,joy,0.00076885766,0.00022210671,0.0003591081,0.9977271,0.00023414084,0.0006887127
ee68gqt,sadness,sadness,0.012666736,0.0056708762,0.001383617,0.0032022463,0.97483826,0.0022382503
ee68wff,joy,joy,0.0016553454,0.00018728644,0.0002728554,0.99370956,0.0009207431,0.0032541628
ee69yv8,surprise,surprise,0.0023080402,0.0013035449,0.0014055698,0.0021094056,0.0016369493,0.99123645
ee6bip1,anger,anger,0.7259636,0.005374513,0.0047719902,0.00922751,0.022088509,0.23257385
ee6c8k2,surprise,joy,0.016261188,0.0016049033,0.001976325,0.5751196,0.0015515239,0.4034865
ee6deao,joy,joy,0.001600801,0.00028494676,0.00028950584,0.9969357,0.00026548136,0.0006234807
ee6e1g0,joy,joy,0.00081129104,0.0002183582,0.00031338714,0.99780995,0.00034243352,0.00050463754
ee6eoes,joy,joy,0.016334897,0.0010306138,0.002596059,0.57377017,0.024339288,0.381929
ee6f4rc,joy,joy,0.0010876119,0.00023120336,0.00033277477,0.99755067,0.0002613205,0.0005364234
ee6gc6n,joy,joy,0.003328255,0.00036925895,0.000518724,0.9940964,0.0004522517,0.0012351281
ee6hcjp,anger,anger,0.97324365,0.003014909,0.0014297414,0.0067643593,0.008351972,0.0071953745
ee6hcv6,joy,joy,0.00067025557,0.00017349167,0.0002665974,0.9977622,0.00044525994,0.00068220374
ee6hl3b,anger,anger,0.75106287,0.003961694,0.0067095114,0.047979172,0.034860514,0.15542626
ee6hone,anger,joy,0.23358373,0.0019509161,0.0012710377,0.58749413,0.014407512,0.16129264
ee6hy4i,joy,joy,0.0010966603,0.00019855573,0.0003008201,0.997419,0.00052369403,0.00046122514
ee6i29k,surprise,anger,0.7720385,0.00421229,0.004114263,0.038311414,0.038882427,0.1424411
ee6i2te,surprise,anger,0.7298218,0.14718921,0.0038838394,0.07956798,0.022298917,0.017238216
ee6jcjf,joy,joy,0.0010539797,0.00015803364,0.00023299505,0.99722016,0.00065052626,0.00068438164
ee6kxgs,joy,joy,0.0010045104,0.0002538271,0.00035066038,0.99748445,0.00023751048,0.0006690684
ee6l7to,joy,joy,0.001386946,0.00022899476,0.00031368932,0.9968328,0.00026733903,0.0009702367
ee6m5ue,joy,joy,0.060231015,0.0006991411,0.0030362296,0.90713054,0.0058171595,0.023085916
ee6n1cr,joy,joy,0.0011585052,0.00018511315,0.00030783113,0.9970567,0.00039349677,0.0008983991
ee6ngi0,joy,joy,0.0017665463,0.00024638404,0.00032922984,0.99512094,0.00023904833,0.0022978478
ee6nuu3,sadness,sadness,0.05036855,0.10587506,0.013740722,0.07988592,0.7446261,0.0055035767
ee6nx7j,sadness,sadness,0.0016767713,0.0016986702,0.0014800797,0.0024319103,0.9909622,0.0017503878
ee6ofvw,joy,joy,0.0014531665,0.00023187189,0.00023929596,0.9971974,0.000331748,0.0005465515
ee6ohr6,disgust,surprise,0.045978397,0.001245647,0.004912723,0.36016253,0.05717042,0.5305303
ee6ovi9,anger,anger,0.94776607,0.013900077,0.0026755028,0.005151818,0.026372235,0.0041343174
ee6oz9w,joy,joy,0.00065075327,0.00016558662,0.00036148683,0.9977361,0.0003707585,0.0007153066
ee6pfli,joy,joy,0.006889997,0.00038985477,0.001054962,0.98467803,0.0005494384,0.006437762
ee6qcyh,joy,joy,0.0011350091,0.00020025161,0.00030600053,0.997396,0.00025248402,0.00071033085
ee6qy6d,joy,surprise,0.00597489,0.0033755281,0.025346505,0.28090656,0.0110227885,0.67337376
ee6r0ks,anger,surprise,0.41982326,0.00488951,0.0071638892,0.025500236,0.047735494,0.4948876
ee6rbom,joy,joy,0.0010522042,0.0002530285,0.0003003544,0.99705434,0.00032401932,0.0010160065
ee6rl0u,anger,anger,0.79315335,0.027318627,0.00311558,0.02012746,0.017256578,0.13902844
ee6royg,joy,joy,0.0095240995,0.0006417166,0.00043973775,0.98798764,0.0006333262,0.0007735451
ee6sfmc,joy,joy,0.04878292,0.0031140584,0.0023659847,0.48882046,0.06946411,0.38745248
ee6sme8,joy,joy,0.06843093,0.026845874,0.0034139522,0.8670646,0.009421294,0.024823278
ee6stj4,anger,joy,0.32621372,0.0024913887,0.0038654564,0.53194606,0.092523955,0.042959403
ee6taok,joy,joy,0.047958083,0.0005288642,0.002258331,0.88732743,0.0076532974,0.054274
ee6teg0,surprise,surprise,0.0030559178,0.0010054932,0.0020859155,0.0022121884,0.003054946,0.98858565
ee6tiha,surprise,surprise,0.016457805,0.0010174345,0.0010053625,0.0029761696,0.002809219,0.97573406
ee6u3kv,joy,joy,0.0015698008,0.000204024,0.0002857274,0.9965989,0.00023620727,0.0011053584
ee6ubza,fear,fear,0.17621127,0.20752613,0.5602025,0.0025079262,0.040491857,0.013060336
ee6uczu,joy,joy,0.0011818524,0.00016677387,0.00021921887,0.9970688,0.00044499253,0.0009184232
ee6vkfh,joy,joy,0.0039604516,0.00019587927,0.00036903797,0.9931206,0.0003660456,0.001987885
ee6yip2,joy,anger,0.5606443,0.01210812,0.014710231,0.057128124,0.3218905,0.033518683
ee6yp1b,anger,anger,0.95310175,0.0040425044,0.0018915269,0.011509875,0.024960177,0.004494161
ee6ysle,joy,joy,0.0012242632,0.00023875959,0.00037709548,0.99668306,0.00026974548,0.0012071423
ee6z2ok,joy,joy,0.0006104687,0.00015318408,0.0003151325,0.99733764,0.0002559535,0.0013275887
ee6znpo,anger,anger,0.87077594,0.031618353,0.0023229283,0.006352574,0.07738053,0.0115496935
ee70gzh,joy,joy,0.09437034,0.0012603152,0.0011993523,0.8818605,0.002763283,0.018546246
ee70pc3,joy,joy,0.011359109,0.00026198293,0.00040260822,0.98097277,0.0011507885,0.005852753
ee71ile,joy,joy,0.0022521403,0.00022740744,0.0004778168,0.994833,0.0010405679,0.0011689772
ee72ovk,surprise,surprise,0.031765983,0.0010707799,0.001170121,0.018346554,0.007184312,0.94046223
ee7349i,joy,anger,0.9591145,0.017387437,0.0011908737,0.010853757,0.009445104,0.0020083108
ee739ym,joy,surprise,0.062733516,0.0020921163,0.002152894,0.15239114,0.0032902781,0.77734
ee73d7q,joy,joy,0.0007665518,0.00015910414,0.00032232897,0.99770147,0.00039211215,0.00065847667
ee73r6l,joy,joy,0.0010021331,0.00027868693,0.000370518,0.9969867,0.00023393832,0.0011279683
ee76jo5,anger,disgust,0.06110232,0.54958457,0.03228156,0.20573793,0.0410091,0.11028454
ee777bk,anger,anger,0.956551,0.0057100323,0.0033026603,0.0076702205,0.016728858,0.010037282
ee77v99,joy,joy,0.0010287582,0.00021212474,0.00037784284,0.99351865,0.00026096517,0.0046015647
ee78swv,surprise,surprise,0.04901793,0.034954928,0.010137249,0.049780123,0.020510077,0.8355996
ee78xb4,joy,joy,0.0011843272,0.00013428526,0.0002918311,0.9956097,0.00062286964,0.0021569608
ee7901k,surprise,surprise,0.0019635549,0.0012081534,0.0011482347,0.002079796,0.0009283115,0.99267197
ee79w6s,joy,joy,0.0050922898,0.00061497034,0.00043552218,0.9917999,0.0005062901,0.0015510351
ee7af9s,surprise,surprise,0.007526187,0.0012618774,0.0010071372,0.0014335919,0.0015934778,0.9871777
ee7ahjs,joy,joy,0.0011124366,0.00018209967,0.0008467032,0.9908456,0.0010057185,0.0060074525
ee7c1ej,anger,anger,0.9784167,0.00680466,0.0014502147,0.0030688092,0.0051628286,0.005096831
ee7cppv,joy,sadness,0.25429463,0.019327622,0.012774794,0.05178219,0.61977994,0.042040803
ee7d0aw,anger,anger,0.6786624,0.022520414,0.009589714,0.104806714,0.17762251,0.0067981216
ee7d19b,surprise,surprise,0.0022198732,0.0014813246,0.0014276224,0.0033709344,0.0014000938,0.9901002
ee7dht3,surprise,surprise,0.4072434,0.005397415,0.0014921406,0.009984962,0.015607047,0.56027496
ee7e44q,fear,joy,0.00094902836,0.00032973374,0.003165059,0.99319893,0.0005000852,0.001857064
ee7eacy,joy,joy,0.033727594,0.0025128385,0.0069641164,0.5900147,0.020437509,0.34634325
ee7g1ec,joy,joy,0.026816439,0.0013752283,0.0038385314,0.65854204,0.005648419,0.30377936
ee7g2xc,joy,joy,0.0008515109,0.0002013676,0.00042196887,0.9976266,0.00047987083,0.00041868805
ee7gioy,joy,anger,0.69023204,0.0040730913,0.0035543554,0.11203176,0.022187263,0.16792153
ee7i3ux,sadness,surprise,0.19817185,0.0056903823,0.006391642,0.025543014,0.054287367,0.7099157
ee7jwbi,joy,joy,0.0027268096,0.00019446637,0.00025611877,0.9956678,0.00036564542,0.0007891809
ee7l3i5,joy,joy,0.0008997355,0.00015382293,0.00027345854,0.99754864,0.00044603838,0.0006783323
ee7ld0e,sadness,sadness,0.018165262,0.0051560365,0.035160795,0.0066015236,0.92853415,0.0063822786
ee7myln,joy,joy,0.00076061924,0.000239164,0.0003821077,0.9976555,0.00054077985,0.0004218427
ee7n1qe,joy,joy,0.0026925162,0.00022769283,0.00030677838,0.99513775,0.00026674345,0.0013685995
ee7nud7,joy,joy,0.0010892575,0.00022353779,0.00033624814,0.99744874,0.00027355112,0.0006286826
ee7ogvy,joy,joy,0.0023344008,0.00020481029,0.00019316279,0.9929865,0.0006434855,0.003637608
ee7om6v,surprise,joy,0.0013212123,0.00024536863,0.00055644347,0.9917715,0.0006106209,0.0054948414
ee7ps25,surprise,surprise,0.009919592,0.0010646116,0.0018460173,0.0027342206,0.0033759482,0.9810596
ee7s0nr,anger,anger,0.97491145,0.0049092877,0.0011474218,0.0044244686,0.008751285,0.0058560795
ee7tsfp,joy,joy,0.00077003037,0.0002340113,0.00037912978,0.9977639,0.00024930525,0.0006037427
ee7tto1,surprise,joy,0.001514707,0.0009704206,0.0010283634,0.89752537,0.0011537732,0.0978074
ee7u9wl,anger,anger,0.9606196,0.012226846,0.0017387201,0.004095311,0.0098539125,0.011465653
ee7uk6b,anger,anger,0.9748716,0.007635591,0.0018448664,0.0031319521,0.008905605,0.0036104405
ee7vbi1,joy,joy,0.21784002,0.0021655422,0.007901664,0.38620245,0.019264653,0.36662567
ee7wqdn,joy,joy,0.0017746437,0.00021808814,0.0005680398,0.99602866,0.0008428339,0.0005677021
ee7x0zj,joy,joy,0.0012347993,0.00023068614,0.00040756405,0.9948873,0.00047343114,0.002766194
ee7xmff,sadness,anger,0.92273986,0.0053597507,0.002533013,0.010982487,0.03470878,0.023675967
ee7yldq,anger,sadness,0.31195608,0.0050423434,0.0026984997,0.12789111,0.31225297,0.24015903
ee7yn1n,joy,joy,0.0007323643,0.0002497261,0.00038788744,0.9969292,0.00021461173,0.0014861689
ee7yntw,surprise,surprise,0.0031551009,0.0010633107,0.00087319454,0.001446048,0.00097293,0.99248946
ee7zn8o,joy,joy,0.0024654837,0.0005767136,0.00741852,0.9805909,0.0071758768,0.0017725608
ee7zve6,anger,anger,0.8531107,0.014279879,0.006364596,0.0788381,0.029415619,0.017991152
ee8000u,joy,anger,0.71027726,0.008849276,0.0013138907,0.22389497,0.042371232,0.013293465
ee80jxt,joy,joy,0.0032396733,0.00039461258,0.0009837154,0.9837797,0.010091533,0.0015107972
ee80wk2,joy,anger,0.71396434,0.0031996453,0.0017655793,0.22581866,0.010275969,0.04497582
ee815ot,joy,joy,0.46067822,0.0031954905,0.0014525455,0.5165138,0.01348695,0.0046730335
ee824ej,joy,joy,0.0011863406,0.0002831078,0.000613358,0.99686426,0.00033045706,0.0007224739
ee824sf,surprise,surprise,0.30108082,0.0032653352,0.0032542339,0.013302198,0.013569013,0.66552836
ee82djo,joy,joy,0.0010775247,0.00016744844,0.00018610839,0.9973015,0.00028893753,0.0009785413
ee83nfu,joy,joy,0.0021736498,0.0002929002,0.00033932022,0.99616086,0.00022693246,0.0008062864
ee8427q,joy,joy,0.0019665293,0.00031800344,0.0005736514,0.9930409,0.0036139635,0.00048700278
ee84iic,sadness,surprise,0.032415826,0.00349959,0.00783785,0.0137259215,0.4474401,0.4950807
ee867uh,surprise,surprise,0.0061579333,0.0012939059,0.0018089474,0.0016859933,0.0060144155,0.9830389
ee884u2,joy,surprise,0.03609424,0.0017701495,0.0015032176,0.078781426,0.0018069923,0.88004404
ee888be,surprise,anger,0.8236209,0.0042587724,0.0034445594,0.01636857,0.07103871,0.08126839
ee891lc,joy,joy,0.002012045,0.00015575095,0.0002550906,0.9959985,0.0006831577,0.0008955479
ee89l84,anger,anger,0.44878182,0.003087506,0.0018367923,0.17676817,0.012899108,0.35662657
ee8a1uj,joy,joy,0.013151685,0.00069037505,0.0018129515,0.95502365,0.019092185,0.010229061
ee8bjbh,joy,joy,0.086452514,0.23176952,0.044401843,0.61242867,0.009456269,0.015491179
ee8d9h8,joy,joy,0.0007932066,0.00017992897,0.00035478824,0.9974867,0.00023953049,0.00094576634
ee8dlsf,joy,joy,0.0007065232,0.00018601058,0.00025838587,0.99787986,0.00037888016,0.0005904677
ee8dqms,joy,joy,0.00088376756,0.0002647222,0.00035945408,0.9977417,0.0003278052,0.0004224863
ee8dzal,joy,joy,0.0009454413,0.0002297842,0.00036775184,0.9974934,0.0003089847,0.0006547179
ee8efzs,joy,joy,0.0008184534,0.00025180247,0.00034366513,0.99751365,0.00021131242,0.0008611086
ee8ektp,joy,joy,0.0008443636,0.00022241287,0.00030190623,0.9976503,0.00025367687,0.00072729716
ee8f04x,joy,joy,0.0006784409,0.0002077573,0.00034394948,0.99788254,0.00042789613,0.00045940958
ee8f1q2,surprise,joy,0.0076486757,0.0010928864,0.0011071236,0.8186151,0.00086914207,0.17066708
ee8fmtk,joy,joy,0.00083294424,0.00019550283,0.00028914504,0.99767417,0.00027260237,0.00073556864
ee8g27w,joy,joy,0.0012800983,0.00020203607,0.0005446083,0.99388725,0.0005002011,0.003585753
ee8g5g2,sadness,joy,0.0045119324,0.00017409693,0.00028264977,0.9916681,0.000892417,0.00247079
ee8gmer,joy,joy,0.0025579643,0.00041894938,0.000449888,0.9954072,0.00047642563,0.0006895848
ee8go3n,joy,anger,0.70977455,0.008472833,0.01274164,0.20766833,0.053232126,0.008110526
ee8gxoj,anger,joy,0.004097346,0.00027425966,0.0003314506,0.99382764,0.0005015512,0.000967691
ee8gxw4,joy,joy,0.008195767,0.00033021823,0.00027885183,0.98873025,0.00036032425,0.0021044996
ee8l5zw,joy,joy,0.0009054146,0.00022272539,0.000362967,0.99760026,0.0002654076,0.000643275
ee8n7ct,joy,joy,0.0013938111,0.00023759535,0.0002909647,0.99610007,0.00025010947,0.0017274127
ee8na7t,surprise,surprise,0.005406995,0.0008493601,0.00073020364,0.00493398,0.0011286789,0.98695093
ee8neql,joy,joy,0.00095693406,0.0003343106,0.0011823052,0.9834065,0.0005195279,0.013600329
ee8nhz8,joy,joy,0.3292247,0.0028225156,0.0010875319,0.653011,0.0045773857,0.009276884
ee8ozj7,fear,surprise,0.11024079,0.0020803006,0.0033888412,0.37834147,0.009377351,0.49657118
ee8pj9s,joy,joy,0.014752793,0.008466033,0.09334685,0.8251303,0.033637673,0.024666369
ee8pz1j,joy,joy,0.0009036951,0.00020496846,0.00034606512,0.9976599,0.00044702867,0.00043835098
ee8q8xm,joy,joy,0.0008021113,0.00032483262,0.00043522974,0.9966024,0.00018345572,0.0016519261
ee8qfrf,sadness,anger,0.8822362,0.0035955484,0.0027993682,0.023658007,0.08323097,0.0044799056
ee8qhoz,surprise,surprise,0.006003812,0.0009429234,0.0010844549,0.06361335,0.0024083557,0.9259471
ee8rshq,joy,joy,0.024165777,0.00038118937,0.0004538946,0.9647777,0.0011930065,0.009028443
ee8rtlq,anger,anger,0.98072743,0.0061601102,0.00075618364,0.0027705217,0.0030862237,0.0064994516
ee8sgaw,sadness,surprise,0.019007936,0.029324401,0.0100321,0.0038842233,0.037327945,0.9004233
ee8t50i,surprise,surprise,0.014163957,0.0024862417,0.002158614,0.06872097,0.0014087325,0.9110615
ee8ti29,anger,anger,0.9706826,0.00845071,0.0022240905,0.002532795,0.0047197854,0.011389955
ee8to3i,disgust,sadness,0.15479505,0.0129475845,0.0053814896,0.0106603205,0.80335516,0.012860443
ee8tssd,joy,joy,0.0019626494,0.00021972499,0.00025792958,0.9961289,0.00083159545,0.00059921516
ee8upyi,sadness,surprise,0.018927086,0.0024218792,0.009774746,0.065259054,0.044893455,0.8587237
ee8vt0l,joy,joy,0.0007319895,0.00020780365,0.0003438253,0.9976246,0.00023817307,0.00085362315
ee8ws9d,joy,joy,0.05245033,0.0016834033,0.008052863,0.33637816,0.30723238,0.29420277
ee8wv5f,joy,joy,0.0008773214,0.00024153736,0.00038520043,0.997358,0.00026443606,0.0008734986
ee8xs4t,anger,anger,0.904872,0.009976092,0.003745852,0.0054836385,0.069014505,0.0069079134
ee8y4se,joy,joy,0.001412447,0.00020195858,0.0003340376,0.99700636,0.00040179314,0.00064347533
ee8y5rz,surprise,surprise,0.029460408,0.00433358,0.011688149,0.32161206,0.0057891165,0.62711674
ee8yj3n,anger,anger,0.97139156,0.002781604,0.00075378845,0.013018957,0.008242179,0.0038119585
ee8z020,joy,joy,0.0012109809,0.00049271964,0.00055780984,0.98240054,0.00045289955,0.014885083
ee8z5uk,anger,joy,0.0027121932,0.00036431014,0.00039789436,0.990301,0.0048374236,0.0013871299
ee8z9ge,joy,joy,0.00063939433,0.0001915841,0.0003072491,0.9978345,0.00038959234,0.00063768897
ee8zjas,anger,anger,0.97862005,0.0062342742,0.0017018375,0.0054444983,0.0050722803,0.0029270593
ee90gsc,joy,joy,0.00073842925,0.00023846814,0.00037233194,0.9974298,0.00020793929,0.0010130064
ee90qyi,joy,joy,0.011206666,0.0003089752,0.00041817903,0.9856662,0.0006130278,0.0017869022
ee91dd9,joy,joy,0.0052580326,0.0007197949,0.0017972534,0.9761546,0.013736144,0.0023341014
ee9302r,surprise,surprise,0.002523766,0.00092643197,0.0010947449,0.0151409125,0.001638303,0.9786758
ee9451s,sadness,sadness,0.0063338513,0.0017119005,0.002315056,0.010239655,0.97648513,0.0029143384
ee9488r,joy,joy,0.001056325,0.00014658217,0.00025426497,0.99741346,0.0003546299,0.00077479606
ee94m1i,surprise,surprise,0.004434418,0.0010169082,0.0013229279,0.0015583128,0.0016321505,0.99003536
ee94zml,anger,anger,0.9693944,0.0073429365,0.0015793296,0.009839011,0.0068281456,0.005016164
ee95h38,sadness,sadness,0.017475039,0.0024253002,0.0019209586,0.006033084,0.95389324,0.01825236
ee95kj0,joy,joy,0.0014788108,0.00021276526,0.00033938786,0.9970567,0.00034156925,0.0005707079
ee9651g,anger,anger,0.82643825,0.003120931,0.0015259902,0.10544509,0.03114996,0.032319773
ee97vbu,joy,surprise,0.008117365,0.00093497493,0.000852482,0.012554931,0.001284993,0.97625524
ee97ve1,joy,joy,0.0007577366,0.00021861245,0.00059989304,0.99643886,0.00045587515,0.0015291072
ee98n3c,joy,joy,0.001380158,0.00018435849,0.0003144114,0.99489814,0.00029053463,0.0029324172
ee98x55,joy,joy,0.00086776173,0.00025563745,0.00034700707,0.9974789,0.00018300833,0.00086774025
ee99lur,joy,joy,0.07557997,0.0010007692,0.0007077363,0.91125304,0.0064427187,0.0050157625
ee99t4t,joy,joy,0.0009563348,0.0002120339,0.00030849513,0.9969573,0.00033896978,0.0012268801
ee9aoi5,anger,anger,0.9716917,0.010089273,0.002654598,0.0025754953,0.0080258725,0.0049631093
ee9b3g2,joy,joy,0.00079453795,0.00019180111,0.00042764161,0.9969795,0.0009359383,0.00067074096
ee9c0ld,anger,anger,0.67610264,0.009313244,0.0049757822,0.018576907,0.27233806,0.018693356
ee9dodq,sadness,sadness,0.0067713456,0.0017746178,0.0021467544,0.029927822,0.956009,0.003370433
ee9e4sa,joy,joy,0.00082077825,0.00021798107,0.00044452387,0.99549025,0.00041935907,0.0026071048
ee9efqt,surprise,surprise,0.108369365,0.003977543,0.0018300407,0.0039912397,0.018278664,0.86355317
ee9f7rx,joy,joy,0.001252734,0.00023736841,0.00035039085,0.9968612,0.00021081301,0.0010874801
ee9frq0,anger,anger,0.95379543,0.007830166,0.0032163835,0.027982349,0.0058724433,0.0013032579
ee9gpyo,joy,anger,0.97787774,0.003179282,0.0014512832,0.008255752,0.006047783,0.0031881386
ee9ij1d,sadness,joy,0.0027154584,0.00043862156,0.0006595343,0.9942999,0.0007480099,0.0011383912
ee9irsu,joy,joy,0.00078296644,0.00020726144,0.00030695152,0.99677676,0.0003882437,0.001537745
ee9j45k,anger,joy,0.035412572,0.0005830166,0.0005646901,0.9557571,0.00079700246,0.0068856482
ee9j4gp,surprise,surprise,0.027614262,0.0013571074,0.0040044,0.054454263,0.0067650154,0.90580493
ee9jfaf,joy,joy,0.0008067571,0.00025969956,0.00032487375,0.9974988,0.00020943463,0.00090042496
ee9jk1m,sadness,sadness,0.0017287227,0.0015619376,0.0023099203,0.006596036,0.9859138,0.0018895183
ee9jvfx,joy,joy,0.0008163183,0.00019959861,0.00032973278,0.9976768,0.00021540507,0.0007621865
ee9k06l,joy,joy,0.001461702,0.00022664902,0.000471984,0.99663925,0.00030741302,0.0008930217
ee9l3bb,surprise,surprise,0.0042963014,0.001437689,0.0011623313,0.0010626133,0.001470652,0.9905704
ee9oort,joy,joy,0.0012164252,0.00016814905,0.00028347987,0.99731785,0.0002872145,0.0007268519
ee9or83,joy,joy,0.001174316,0.00020006618,0.00033954112,0.9974669,0.00027224855,0.00054688216
ee9ptog,joy,surprise,0.0060253516,0.0030836535,0.009434985,0.34737813,0.0036571142,0.63042074
ee9r6qm,joy,joy,0.0005728658,0.0002019256,0.00036198724,0.997399,0.00024561072,0.001218645
ee9td8y,surprise,surprise,0.01812743,0.0036164334,0.013369696,0.40015247,0.0055277133,0.5592062
ee9tul8,anger,anger,0.9423474,0.004485125,0.0017528167,0.02139279,0.01532186,0.014700102
ee9ure5,joy,joy,0.0011461283,0.00025836774,0.00032478044,0.99746823,0.00029058987,0.0005119434
ee9uru6,joy,joy,0.00083458825,0.00021034847,0.00035352694,0.99657875,0.00023428748,0.0017884942
ee9uvf2,joy,joy,0.00075784675,0.00023497605,0.00035581656,0.9978885,0.000293402,0.000469548
ee9wzc6,surprise,surprise,0.005150929,0.0007972519,0.0011073829,0.003372416,0.0016376659,0.98793435
ee9x46k,joy,joy,0.11271144,0.0019055912,0.003409334,0.8684931,0.0031710719,0.010309489
ee9xcq8,joy,joy,0.00090530945,0.00018408641,0.00029029016,0.9977337,0.00032823306,0.00055836875
ee9xgzw,joy,joy,0.0009258997,0.000175364,0.00028614895,0.99777895,0.00030340574,0.0005302103
ee9zczw,joy,joy,0.0014986128,0.0002168038,0.00040559092,0.9963797,0.00030890678,0.0011905234
eea08m2,joy,joy,0.002058142,0.0003295286,0.00038196196,0.996197,0.00044342625,0.0005899995
eea1b87,sadness,joy,0.015897594,0.0005461716,0.0009847839,0.93255216,0.036246218,0.013773101
eea1uok,joy,joy,0.0008777142,0.00020941583,0.00038258746,0.997767,0.0002906805,0.00047264787
eea20ss,joy,joy,0.2069139,0.1046211,0.031853586,0.5622646,0.07953316,0.014813599
eea2brh,joy,joy,0.0007669976,0.0001965597,0.00036216114,0.9974261,0.00023460592,0.0010135648
eea2jdl,anger,anger,0.94524556,0.005967015,0.0017345995,0.006348808,0.022283396,0.018420579
eea2pi2,joy,joy,0.0008075682,0.00023974657,0.00062501774,0.994645,0.0011303705,0.0025523833
eea2snu,sadness,sadness,0.0152937835,0.0042496915,0.01140456,0.009986305,0.84205794,0.11700768
eea3c2t,joy,joy,0.0007099854,0.00019016843,0.00033173998,0.99777645,0.0002927087,0.0006989964
eea3s1g,anger,surprise,0.06956261,0.0021536269,0.0023157303,0.017731916,0.030645488,0.87759066
eea4fr0,joy,joy,0.0011848366,0.00023028807,0.000294334,0.99745995,0.00029556098,0.00053513923
eea62d8,joy,joy,0.00083459174,0.00019116596,0.00027090625,0.99779356,0.0003103448,0.0005995225
eea67op,surprise,surprise,0.018905308,0.0019863113,0.0021936488,0.12853663,0.0043096426,0.84406847
eea6m5a,joy,joy,0.014652798,0.00079444534,0.0014506417,0.9384376,0.004234301,0.04043032
eea6rlg,joy,joy,0.00060243375,0.00018422547,0.00033389032,0.99790204,0.00024545306,0.0007319836
eea715e,surprise,fear,0.06093768,0.114167765,0.7596155,0.003625639,0.010175933,0.051477466
eea7g3u,joy,joy,0.017496163,0.00085789233,0.0005433501,0.9705076,0.0017227636,0.008872122
eea8ak5,joy,joy,0.0010530056,0.00024984553,0.00038842566,0.99731475,0.00028006363,0.00071388844
eea8t5v,anger,anger,0.6561041,0.004492877,0.0017042697,0.054059148,0.007649051,0.27599055
eeaa5lj,joy,joy,0.0009209418,0.00018142896,0.0003038056,0.99769336,0.0004003921,0.0005000093
eeaabmq,joy,joy,0.0015044686,0.00017687508,0.00025596537,0.9958585,0.00043739675,0.0017668786
eeaae3c,sadness,anger,0.8962592,0.0040016994,0.0020355086,0.040065877,0.03361114,0.024026576
eeabcv4,joy,joy,0.000971104,0.00022404405,0.0002956192,0.9975859,0.00031946984,0.00060384517
eeabqza,joy,joy,0.0010020931,0.00020648233,0.00034009025,0.99762493,0.00037905455,0.0004473505
eeabrkx,surprise,surprise,0.0062682736,0.0013261116,0.00083275593,0.0024373208,0.0011022796,0.9880333
eeac88x,joy,joy,0.00073470094,0.00019906247,0.0003205246,0.99792385,0.00029934014,0.00052249635
eeacv2w,surprise,surprise,0.0030440525,0.0012215546,0.0012485234,0.001883153,0.0009112392,0.9916916
eead60c,joy,joy,0.0015025934,0.00016165574,0.00030627905,0.9966344,0.0004458523,0.00094925315
eeada0r,joy,joy,0.0011886619,0.00023665877,0.00029849506,0.9974342,0.00030828296,0.00053371105
eeadi1c,surprise,surprise,0.0023232717,0.0012219757,0.0007988274,0.0017675557,0.0014981392,0.9923902
eeadl6b,sadness,sadness,0.0041937474,0.0009854132,0.005322607,0.09085083,0.8905227,0.008124726
eeagckg,joy,joy,0.000752263,0.00020533898,0.00045474232,0.9960322,0.0005044125,0.0020510384
eeagdm1,anger,joy,0.01599341,0.00057127234,0.0009531722,0.949272,0.025717806,0.0074924733
eeagvgf,joy,joy,0.00068725337,0.00019263105,0.00029824214,0.99473476,0.00056377135,0.003523316
eeah0lb,joy,joy,0.00055525854,0.0001548917,0.0003040692,0.99733126,0.000571914,0.0010826696
eeaht3e,joy,joy,0.02311078,0.0010303084,0.005106848,0.79772294,0.083871804,0.08915728
eeajk2v,surprise,surprise,0.0033469258,0.0010677751,0.0014748647,0.02473366,0.0011359088,0.9682408
eeaka9l,joy,joy,0.000854519,0.00020486642,0.00031942312,0.9977653,0.00028977188,0.0005661448
eeakfns,anger,anger,0.90926874,0.0059666424,0.0019693582,0.0113123795,0.013143311,0.058339447
eeal39s,joy,joy,0.0006190659,0.00017877239,0.0002875712,0.9978654,0.0003889597,0.00066020817
eealr4f,surprise,surprise,0.038979087,0.0028086156,0.0027978257,0.0213197,0.043906555,0.8901883
eeam5rd,joy,joy,0.0007539766,0.00019628376,0.0002754601,0.99731195,0.00024367227,0.0012187072
eeamiv7,sadness,sadness,0.007992282,0.006179022,0.0025414452,0.013352183,0.9651221,0.0048129302
eeaneup,joy,surprise,0.0041354033,0.0009198439,0.0015942017,0.06827374,0.0024601829,0.92261666
eeang1x,joy,joy,0.06844109,0.0009080506,0.0011160556,0.89208025,0.014045994,0.023408495
eeano9f,joy,joy,0.014061973,0.0010070675,0.0013478636,0.8899676,0.017963007,0.07565241
eeanwoy,joy,surprise,0.11835475,0.0034205478,0.009379328,0.37730905,0.06783358,0.42370278
eeaos40,joy,joy,0.0018552478,0.00015784553,0.00022955594,0.9964265,0.0004726397,0.0008581995
eeaq0ud,joy,joy,0.0012313765,0.00020665883,0.0002467864,0.9971968,0.00026395844,0.000854402
eeaq1fr,disgust,disgust,0.34445518,0.59903294,0.0077050156,0.006847374,0.036508918,0.0054506375
eeaqrj7,fear,fear,0.17984487,0.013433932,0.38065222,0.13107483,0.19781627,0.09717791
eeaqzyn,fear,fear,0.0074131195,0.005349054,0.96134156,0.010494155,0.005402003,0.010000031
eear1vy,joy,joy,0.0013098536,0.00015941075,0.00028095936,0.9968368,0.0007075116,0.0007054256
eearon1,sadness,sadness,0.0038175595,0.0020354155,0.0018325885,0.0030250358,0.98692596,0.0023634075
eeaspoo,joy,joy,0.0010264297,0.00017273898,0.0002628978,0.997413,0.00028628905,0.00083869003
eeat82c,anger,joy,0.23116092,0.0021993201,0.017415194,0.61456347,0.10801043,0.026650723
eeatzh6,joy,surprise,0.086714886,0.002745856,0.0026774001,0.014317231,0.012188864,0.8813557
eeauf5y,joy,joy,0.0015738095,0.00018021802,0.00026671353,0.99638486,0.00031924748,0.0012751669
eeaukaq,joy,joy,0.0026462679,0.0005957269,0.00048067613,0.9944561,0.00028945878,0.0015316863
eeauw3y,sadness,sadness,0.011720443,0.0047782613,0.0028338972,0.0036683064,0.9741543,0.002844765
eeauymn,sadness,sadness,0.017561676,0.0019778097,0.03307436,0.4006338,0.4512863,0.09546607
eeavpal,joy,joy,0.0008373851,0.00022933894,0.00036919388,0.99760866,0.00024279613,0.0007126348
eeawdya,joy,joy,0.0013329724,0.00025811847,0.00040454572,0.99704486,0.00030284643,0.0006565677
eeawhph,surprise,joy,0.020815156,0.0013233391,0.0021866094,0.53284764,0.017013608,0.42581362
eeaxgil,sadness,joy,0.00095999346,0.00016658472,0.00045462302,0.99585056,0.00086383434,0.0017043193
eeaxnjj,joy,joy,0.0028904388,0.0004695481,0.000814817,0.96564686,0.0005256109,0.029652752
eeazfl5,joy,joy,0.0008875507,0.000241948,0.00033461695,0.9975504,0.00022323352,0.00076219824
eeb02sp,sadness,anger,0.9481503,0.007446139,0.001142217,0.029438702,0.004023466,0.009799084
eeb0kbl,joy,joy,0.0010460573,0.00022869444,0.00032912532,0.9974432,0.00024910845,0.0007039097
eeb0lo8,joy,joy,0.0006829057,0.00018394942,0.00040377295,0.99767226,0.0003600241,0.0006971071
eeb3ge3,joy,joy,0.0052333735,0.00045481237,0.00093453197,0.9394262,0.0024323848,0.0515187
eeb52e6,joy,joy,0.0043077464,0.00072873104,0.000857338,0.9697044,0.0015536005,0.022848265
eeb5hz9,anger,anger,0.9700944,0.007680462,0.0033131551,0.002888902,0.008161764,0.007861272
eeb5j2f,joy,joy,0.0005855922,0.0001603331,0.00033398857,0.99765044,0.00029325704,0.00097639946
eeb5k3p,joy,surprise,0.023233183,0.0012408164,0.003530699,0.06399654,0.0029879573,0.9050108
eeb5ql7,joy,joy,0.0011657708,0.00016938416,0.00039297307,0.99657154,0.00028305574,0.0014173149
eeb658n,surprise,surprise,0.046774555,0.0021273314,0.0025103411,0.018314013,0.08418377,0.84608996
eeb67ti,joy,joy,0.00974284,0.001159082,0.0021448943,0.5683792,0.0012181047,0.41735587
eeb73xm,anger,surprise,0.1595279,0.010151445,0.0063832896,0.07980205,0.14548948,0.5986458
eeb8ynu,joy,joy,0.0010535422,0.00018242915,0.00026117495,0.99733835,0.0006747369,0.00048978435
eeb8zrj,surprise,anger,0.49028563,0.008589707,0.0018236962,0.006429931,0.017411027,0.47545996
eeb9rae,sadness,sadness,0.11420155,0.016870914,0.0018065635,0.010461273,0.850779,0.0058806255
eeb9sij,joy,surprise,0.0029203426,0.0011546516,0.002532096,0.4631098,0.0019559965,0.5283271
eebam5r,joy,sadness,0.1996287,0.0048260787,0.0033583161,0.09311141,0.5952153,0.10386015
eebba2y,joy,joy,0.036676183,0.0020531332,0.00080051366,0.955155,0.0029572565,0.0023579788
eebbnny,surprise,anger,0.8291438,0.012974271,0.004230678,0.0119730905,0.023380615,0.11829747
eebbtqd,joy,joy,0.0006572641,0.000245821,0.00033345103,0.9975267,0.00021633093,0.0010203402
eebbvz5,surprise,joy,0.25183582,0.0054006246,0.0068735895,0.5306754,0.09094075,0.1142738
eebbyf6,joy,joy,0.0007795816,0.00019188426,0.0003023131,0.99788254,0.00028728423,0.0005563433
eebc1bb,joy,joy,0.00935755,0.00030350022,0.0005678613,0.98702335,0.0009625539,0.0017851433
eebcsga,joy,joy,0.0014699678,0.00041873983,0.0012211526,0.99107975,0.00033601606,0.0054744184
eebdb2z,joy,joy,0.0047928183,0.00022592813,0.0003138524,0.9928262,0.00095427036,0.00088695355
eebddav,joy,joy,0.0010883907,0.00015290832,0.00033830482,0.99535227,0.0008461147,0.0022219636
eebdh1g,joy,joy,0.002146593,0.00038759358,0.00052014476,0.9946911,0.00044395338,0.001810594
eebdnto,anger,anger,0.92138934,0.025944438,0.014377329,0.018814154,0.011231694,0.0082429135
eebdvhj,joy,joy,0.00091585156,0.0002472296,0.00031723388,0.99747,0.00020454751,0.00084522396
eebdydi,joy,joy,0.0009692258,0.00021685417,0.00024102662,0.9975715,0.00029517687,0.0007061967
eebei0z,surprise,surprise,0.08659916,0.0051007555,0.023030078,0.013952559,0.07614489,0.7951726
eebepp3,surprise,surprise,0.0022293907,0.00091382395,0.001045629,0.0026142674,0.0013420683,0.9918548
eebeui2,anger,surprise,0.124835245,0.003439997,0.0036926114,0.37713078,0.00944022,0.48146108
eebf5f1,disgust,anger,0.8054051,0.016206754,0.013916855,0.06739503,0.07373978,0.023336537
eebfx2i,sadness,joy,0.22686638,0.0061383815,0.007575539,0.45568293,0.013069503,0.2906673
eebgsad,surprise,joy,0.29939294,0.0032832948,0.0013892034,0.67717963,0.009527221,0.00922774
eebhelw,joy,joy,0.0015004372,0.00022042212,0.00039874902,0.9958389,0.001384278,0.00065727497
eebia5v,sadness,anger,0.9345081,0.010534277,0.00085799856,0.0059052613,0.01058056,0.037613835
eebj3zi,anger,anger,0.97705394,0.006554558,0.0011524904,0.0024540804,0.005626781,0.007158212
eebjrae,joy,joy,0.00084051694,0.00022103706,0.0003219888,0.9971097,0.00024834473,0.0012584343
eebjuhu,anger,anger,0.8845145,0.0046314006,0.003932487,0.012753015,0.07852047,0.01564815
eebkl4w,joy,joy,0.0007710139,0.00028010606,0.0007060244,0.9860276,0.00041882193,0.011796462
eebkmyd,surprise,surprise,0.13072093,0.0046074935,0.010681313,0.13975169,0.13231666,0.58192194
eebl3z7,anger,anger,0.95760596,0.0078164,0.010648283,0.012185727,0.008429014,0.0033145524
eeblc78,surprise,surprise,0.0066807843,0.000988386,0.0009876017,0.0039904923,0.002230615,0.9851222
eeblnfc,anger,anger,0.98114175,0.0086037945,0.0013501922,0.002401348,0.0035824536,0.0029204634
eebm0lx,sadness,sadness,0.08291651,0.0048659313,0.0037545748,0.02369195,0.86261684,0.02215416
eebmoe2,surprise,surprise,0.009595162,0.0013611144,0.0052074147,0.06881223,0.017606305,0.8974178
eebn6kt,anger,surprise,0.026805308,0.0017574759,0.00089158915,0.0027763573,0.002788533,0.96498066
eebnf4u,surprise,surprise,0.0031275693,0.0008945698,0.0007497906,0.0032329324,0.0010777232,0.9909175
eebnr87,joy,joy,0.0008318886,0.00023793423,0.0003857379,0.9977291,0.00024376978,0.00057159486
eebo9pe,joy,joy,0.00072168675,0.00021343562,0.0003939414,0.9977859,0.0003077274,0.0005772591
eebogl3,anger,disgust,0.4139907,0.5350197,0.012228394,0.0155710215,0.018523876,0.0046662684
eebqebz,joy,joy,0.0020470128,0.000303729,0.00035609544,0.99590105,0.00029892003,0.0010931268
eebqhvz,joy,surprise,0.08461294,0.0013159188,0.0026877979,0.34959227,0.01099581,0.55079526
eebqrrk,joy,joy,0.00072680693,0.00019547086,0.00034569402,0.9973341,0.00022879725,0.0011691812
eebslik,joy,joy,0.0019397953,0.00032896348,0.0006425142,0.97741723,0.007219201,0.012452237
eebt875,anger,joy,0.03265265,0.000390272,0.00070626143,0.93986064,0.0039509935,0.022439111
eebtq8m,surprise,surprise,0.007121989,0.00087687885,0.0012553202,0.04545662,0.0029226441,0.9423665
eebu8jv,anger,anger,0.9363919,0.005228588,0.0012727613,0.009790265,0.007825086,0.039491285
eebv8gy,surprise,surprise,0.0025970212,0.0016789454,0.002858931,0.26224092,0.0022437202,0.72838044
eebwitz,joy,joy,0.0012052787,0.00015603987,0.00024803565,0.9962685,0.00045937084,0.0016626738
eebxspf,surprise,sadness,0.0037579488,0.0022374145,0.0026625048,0.003939346,0.9709868,0.016416034
eebyh8p,joy,joy,0.001156038,0.0001666813,0.00023315701,0.99730825,0.00052053866,0.0006153854
eebypzu,joy,joy,0.08792034,0.0031443618,0.0020470629,0.8766284,0.02350392,0.0067558466
eebzc9y,joy,joy,0.0010962717,0.00016713198,0.00022356136,0.99732,0.0004427875,0.0007502625
eec0167,anger,joy,0.29763803,0.0055062496,0.0029810567,0.6581115,0.014685394,0.021077737
eec0j7c,joy,joy,0.0013345743,0.00021177714,0.00024592082,0.9972421,0.00043757274,0.0005280663
eec0mrt,joy,surprise,0.10720438,0.0015396562,0.0027129005,0.37963393,0.021122934,0.48778617
eec0vsk,sadness,anger,0.6050813,0.024709905,0.020873772,0.020629268,0.20983842,0.11886725
eec25dn,anger,anger,0.96145374,0.0025833298,0.00169252,0.012676094,0.0125733875,0.009020965
eec2z6f,anger,joy,0.02748359,0.0005776095,0.0005516008,0.96723515,0.0023143867,0.0018376991
eec35y6,joy,joy,0.00081150763,0.00045141863,0.00057154824,0.99666154,0.00024150568,0.0012626098
eec36al,anger,anger,0.97041065,0.0044472506,0.0011238526,0.004519043,0.011516731,0.007982449
eec3may,joy,joy,0.099892095,0.0011905177,0.003043142,0.77919966,0.015615871,0.10105877
eec3s6v,joy,joy,0.0010185265,0.0001819397,0.0002681734,0.9974648,0.00035189465,0.00071474863
eec4srq,joy,joy,0.00079066184,0.00020981465,0.00033417993,0.9978089,0.00030410168,0.0005523956
eec4vih,joy,joy,0.0039803917,0.0007126496,0.0022445042,0.90466034,0.0057853768,0.08261676
eec6a2r,sadness,sadness,0.088822715,0.015207843,0.0013554661,0.0077780434,0.8832008,0.0036351047
eec6j16,joy,joy,0.0022847399,0.00024159708,0.00029674807,0.99597627,0.0002782792,0.00092248165
eec6n5x,joy,joy,0.0005902478,0.00019415752,0.00032037214,0.9979972,0.00028934958,0.0006086307
eec6w5r,joy,joy,0.0009951112,0.00022653786,0.00033300053,0.997489,0.00028704084,0.0006693625
eec75cy,joy,joy,0.008167989,0.0009615737,0.0028782045,0.91051835,0.007622357,0.069851644
eec83wb,joy,joy,0.0013877084,0.00019651534,0.0002614744,0.9969946,0.0004270107,0.000732653
eec86tx,disgust,disgust,0.1716198,0.3818515,0.23124585,0.14560802,0.03590539,0.033769436
eec9j8l,sadness,sadness,0.0029381618,0.0017926571,0.0012910954,0.006552659,0.984169,0.0032563224
eec9jz3,surprise,surprise,0.030951897,0.0011421025,0.00089053885,0.05914248,0.0019327581,0.90594035
eecawox,joy,joy,0.0029352324,0.0009303602,0.0009468502,0.96589315,0.00041803188,0.028876303
eecbm35,surprise,surprise,0.003042377,0.0011346242,0.0008459111,0.0036465812,0.00064124365,0.9906893
eeccb7p,anger,anger,0.59759164,0.005663895,0.0014701165,0.044066127,0.0076064533,0.3436017
eeccbl3,joy,joy,0.00094294484,0.00023655641,0.00031641647,0.99711776,0.0009301265,0.00045622495
eeccvih,joy,joy,0.0006696889,0.00013847741,0.00029127393,0.9976857,0.00047968762,0.0007351791
eecddc1,surprise,joy,0.0070782467,0.00055650115,0.0009104394,0.88509107,0.012008464,0.094355226
eecfbig,joy,joy,0.0029904468,0.00023759513,0.00039415684,0.99533564,0.00048700915,0.00055515196
eecfgpl,disgust,disgust,0.038124327,0.9172933,0.018419737,0.008474936,0.013092238,0.0045954683
eecgbqh,anger,joy,0.25008398,0.07259792,0.006528045,0.5955644,0.044747062,0.03047856
eech7i1,joy,joy,0.0033143882,0.00021580682,0.00025161364,0.9941454,0.00038565914,0.0016871323
eeci7oo,joy,joy,0.0034823096,0.0002795303,0.0003859984,0.9922396,0.0012522778,0.0023601742
eecitej,joy,joy,0.0013923798,0.00020565344,0.00028923425,0.99687755,0.00041369812,0.00082144374
eecjtfg,anger,surprise,0.17653884,0.0026992753,0.0046866243,0.03934312,0.020234954,0.75649714
eeclq34,joy,joy,0.001856418,0.00017890263,0.000513907,0.99115103,0.0012158646,0.0050837994
eeclx2e,joy,joy,0.0008941329,0.00021989897,0.0002656561,0.99712497,0.00020860578,0.0012866945
eecly5v,sadness,sadness,0.0039048619,0.0040165586,0.004284366,0.002485978,0.97667605,0.0086321235
eecm8m0,joy,joy,0.0015718506,0.00031080525,0.0003070665,0.9960628,0.0003368297,0.0014105756
eecm9y1,anger,anger,0.9223533,0.05156632,0.0019089773,0.00942859,0.005683649,0.009059067
eecmijd,joy,joy,0.00090124697,0.00031201378,0.00043059976,0.996221,0.00021692416,0.0019183239
eecmlp1,joy,joy,0.011210635,0.0010453728,0.0056214663,0.693109,0.011318843,0.2776947
eecn9ym,anger,anger,0.9744513,0.0046649817,0.0011194808,0.003927726,0.0036771265,0.012159402
eeco4bh,joy,joy,0.0013090617,0.00029264545,0.00043994805,0.9917054,0.00036164434,0.0058912802
eecoca2,anger,anger,0.88620186,0.075717375,0.00552754,0.009443385,0.014317987,0.008791855
eecouz5,joy,joy,0.01101146,0.0003495854,0.00063774915,0.9833492,0.0014223595,0.0032296372
eecox9a,joy,joy,0.0020524422,0.0002535888,0.00027055727,0.99646914,0.00044413723,0.0005100946
eecpdb3,anger,anger,0.8672151,0.08824525,0.0026412103,0.0053585144,0.031360574,0.0051793554
eecpk36,anger,surprise,0.03397274,0.0016866495,0.0009530992,0.0028082863,0.0043512415,0.956228
eecpqvn,sadness,sadness,0.0019229699,0.0016236259,0.0014068374,0.003199775,0.98944443,0.002402412
eecqt7n,joy,surprise,0.06298861,0.0017809761,0.00490846,0.19611678,0.12345218,0.61075306
eecr9rx,anger,surprise,0.3070482,0.007961786,0.00252517,0.0051624784,0.032610737,0.64469165
eecrvgz,anger,joy,0.14868848,0.0025723877,0.001151623,0.81446123,0.02534431,0.007781907
eecst3y,joy,joy,0.0010969173,0.00023022125,0.00043102668,0.996757,0.0002289649,0.00125595
eectxqa,joy,joy,0.0009986121,0.00018635637,0.00033312157,0.9958818,0.00025793933,0.002342285
eecuajb,surprise,anger,0.5562902,0.00798988,0.001688877,0.00884383,0.03555409,0.38963303
eecuozo,joy,joy,0.00095935824,0.00024459668,0.0014062271,0.9938846,0.0022219652,0.0012831578
eecuz47,sadness,anger,0.5775213,0.009900672,0.0066995267,0.038274996,0.19502556,0.1725779
eecwlqp,joy,joy,0.1417106,0.007803003,0.0033699505,0.7917946,0.030945262,0.024376608
eecx81v,joy,joy,0.012258453,0.0009520898,0.0023535467,0.92445487,0.005182177,0.054798797
eed1ws0,joy,joy,0.0011363549,0.00021505119,0.0003755248,0.9970565,0.0002866697,0.00092985254
eed21e5,joy,joy,0.0012793232,0.0003015737,0.0004584293,0.99711037,0.00026673166,0.00058353494
eed2ew5,fear,fear,0.022572258,0.009381037,0.937307,0.008542994,0.01037815,0.011818538
eed3vjm,joy,joy,0.00065247307,0.00023871525,0.00038915218,0.99769044,0.00026451104,0.00076478795
eed5bc1,joy,joy,0.0007785207,0.00022359811,0.00031868927,0.99769896,0.00025517688,0.00072508
eed5id6,surprise,surprise,0.055359747,0.0039328746,0.0018955452,0.0034539953,0.005480615,0.9298773
eed5k92,surprise,surprise,0.2857581,0.0023760875,0.0037825813,0.16728961,0.0058448985,0.5349487
eed6gi4,anger,anger,0.7092667,0.0026641812,0.0016584871,0.15002409,0.015284566,0.12110199
eed6huf,joy,anger,0.9320607,0.0033809857,0.00058819994,0.020408135,0.012447052,0.031114977
eed6kum,anger,sadness,0.18511444,0.0037778183,0.010792415,0.034471184,0.65993637,0.10590772
eed6rhp,sadness,sadness,0.0062517566,0.0021644575,0.01397167,0.009022108,0.9664257,0.002164343
eed76rs,anger,anger,0.96508163,0.0061579067,0.0017272054,0.00437495,0.01547156,0.0071867066
eed7qdu,surprise,sadness,0.021637645,0.003382109,0.00563787,0.07734509,0.44758713,0.4444102
eed98dl,anger,anger,0.6832098,0.0065198354,0.0036174776,0.024329117,0.03586332,0.24646048
eed9hf2,joy,joy,0.00092640583,0.00020485904,0.00028329733,0.99768186,0.00032310066,0.000580422
eed9k5y,joy,joy,0.0013392798,0.00019276573,0.0002959974,0.99708146,0.0005405473,0.00054984324
eed9qdm,joy,joy,0.0005610725,0.0001657877,0.000400919,0.9976082,0.00031630503,0.0009477245
eed9yzm,joy,joy,0.0016797503,0.00022736743,0.00025325996,0.9967451,0.00022517737,0.00086929364
eeda5ul,joy,surprise,0.3463151,0.0049545034,0.0046430845,0.07164682,0.13088219,0.4415583
eedcfvs,anger,sadness,0.07456843,0.008006168,0.00330684,0.012836461,0.88721263,0.014069459
eeddkk7,joy,anger,0.8844449,0.018641895,0.00093189586,0.032582793,0.054081958,0.009316435
eedegbl,anger,anger,0.95818883,0.0021752368,0.0014456102,0.019821296,0.0045465487,0.013822481
eedf1l8,joy,surprise,0.08946408,0.0021820462,0.003433122,0.25071827,0.08057222,0.5736303
eedflie,joy,joy,0.001042111,0.00022092416,0.0002893188,0.9975552,0.00027378075,0.0006187309
eedfxha,sadness,sadness,0.15284221,0.00984321,0.0052848663,0.008033808,0.8195044,0.004491573
eedglkc,surprise,surprise,0.0031403203,0.0011308694,0.0011739876,0.0015501626,0.0013708998,0.9916339
eedgtzp,surprise,surprise,0.023508074,0.0014341394,0.002192143,0.0039189663,0.006056673,0.96288997
eedj3c3,sadness,sadness,0.00887432,0.0032119928,0.001098512,0.0042577484,0.980419,0.0021384603
eedklxd,anger,anger,0.963946,0.005310936,0.0011452487,0.01339218,0.0073945383,0.008811102
eedl0ig,anger,anger,0.9719359,0.0052444534,0.0015450092,0.013098318,0.0066981665,0.001478006
eedm2qs,joy,joy,0.0008936083,0.00018731834,0.00034014756,0.9976507,0.00032845655,0.00059970515
eednkj8,surprise,surprise,0.006256612,0.0011501461,0.0011908594,0.0011815656,0.001333347,0.98888737
eednqst,anger,anger,0.9544365,0.008887985,0.001715974,0.0047059455,0.023143036,0.0071105845
eedohba,joy,joy,0.0014002746,0.00017577427,0.00022584439,0.99694425,0.0002714173,0.00098253
eedop51,fear,fear,0.017022938,0.007183812,0.94198453,0.013233186,0.010088849,0.010486668
eedpshm,joy,joy,0.0016155936,0.0001740266,0.00032753765,0.9953275,0.00039039465,0.002164936
eedrfyd,joy,joy,0.062264748,0.0022307595,0.0025078685,0.7511981,0.16320777,0.018590845
eedrxfb,joy,joy,0.00078140886,0.00018988477,0.00031421092,0.9972759,0.00022673584,0.0012118692
eeds7gr,joy,joy,0.000849451,0.00023591743,0.00036050525,0.9975865,0.00023058541,0.0007371411
eedt1gl,anger,anger,0.9637401,0.017830532,0.0052300934,0.0051026717,0.0046839667,0.0034126616
eedt3un,joy,joy,0.0018312951,0.00029234204,0.00041463872,0.99648774,0.00037084983,0.0006031502
eedw8w1,joy,joy,0.014751713,0.00037089264,0.00045031242,0.9785089,0.00063302147,0.0052852603
eedw9xm,joy,joy,0.0011496255,0.00020334087,0.00037497535,0.99714273,0.00038991045,0.00073940866
eedwd61,joy,joy,0.009435957,0.00034914876,0.00061988895,0.97591966,0.0035259617,0.010149424
eedwm83,joy,joy,0.00096523034,0.00016736802,0.00030791972,0.99680364,0.00026843383,0.0014874634
eedxu2y,joy,surprise,0.0064195595,0.0015424163,0.002181159,0.23361099,0.0016364434,0.75460947
eedyb68,surprise,joy,0.2425119,0.0046725934,0.0050838394,0.40711322,0.22963259,0.11098582
eedz5n7,joy,joy,0.0055982517,0.0002160826,0.0002980845,0.9887814,0.0011554459,0.003950641
eee0a09,surprise,surprise,0.0046807667,0.00087345345,0.0034816219,0.27955562,0.0051452457,0.7062633
eee1dea,anger,anger,0.97823524,0.00866503,0.002559564,0.0051327106,0.0035584823,0.001848946
eee1ruy,surprise,surprise,0.0053810305,0.0012543371,0.0013827368,0.001565057,0.0016329604,0.9887839
eee2qwp,sadness,anger,0.92068464,0.0047180555,0.0020094751,0.017764617,0.033875022,0.02094812
eee39di,joy,joy,0.004035064,0.00014759185,0.00046713915,0.9894308,0.0015352571,0.0043841098
eee4c5b,surprise,surprise,0.037707448,0.009242167,0.0031738016,0.0062154336,0.025347557,0.91831356
eee4pu3,surprise,surprise,0.027598733,0.0018497398,0.0025508949,0.0845033,0.015748346,0.8677489
eee5vjo,anger,anger,0.71584195,0.003932607,0.0018446142,0.05062852,0.030260378,0.19749191
eee67bs,joy,joy,0.0071676467,0.00045952696,0.0006845974,0.9866702,0.0007931252,0.004224905
eee6ufi,surprise,anger,0.9461128,0.00999748,0.0010150186,0.010621684,0.006958573,0.025294473
eee7m2j,joy,joy,0.0010421218,0.00025131225,0.0004027975,0.9973991,0.00043458535,0.00047004782
eee8llm,joy,joy,0.00063217216,0.00018562684,0.00028319587,0.9968587,0.00027661404,0.0017635919
eee9b0g,joy,joy,0.000797538,0.00023217274,0.00040043512,0.99730444,0.00028197473,0.000983432
eeea7wj,joy,joy,0.000744122,0.00016006846,0.0002731293,0.9976407,0.00037634408,0.0008056309
eeeacqh,joy,joy,0.0014001026,0.00031759875,0.00039520583,0.9970651,0.0002847594,0.0005372449
eeeakrb,joy,joy,0.0007561824,0.00024251014,0.00033741977,0.9976184,0.00026283215,0.0007826126
eeeakz9,joy,joy,0.00086985604,0.00016723387,0.00037619015,0.9975922,0.0004593808,0.0005351328
eeeaw8j,anger,anger,0.8643263,0.10684325,0.0065996028,0.009836377,0.00888818,0.003506325
eeebcgg,joy,surprise,0.029273348,0.002213156,0.009268481,0.37556893,0.052940115,0.530736
eeebjvj,joy,joy,0.0010208347,0.00018288277,0.00021747462,0.9974649,0.00031418024,0.0007997794
eeebz3n,joy,joy,0.0011385486,0.0002585619,0.00037490536,0.9973508,0.00044090956,0.00043629282
eeec0i4,anger,anger,0.9820702,0.006437245,0.0009948434,0.0024756566,0.004803128,0.0032188694
eeed0eg,joy,joy,0.0008496907,0.0001977754,0.00035799693,0.9971734,0.00021138282,0.0012096163
eeed7k5,surprise,surprise,0.036593106,0.002456445,0.0016566733,0.0025595096,0.0029298586,0.9538043
eeedg85,joy,joy,0.00084554707,0.00023068447,0.00029007668,0.9977666,0.00029761455,0.0005694373
eeee3hl,joy,joy,0.0012588839,0.00025109923,0.0002528313,0.9971802,0.0002184434,0.00083844597
eeeetfk,surprise,surprise,0.0332517,0.0020129408,0.0011582018,0.0026128993,0.0034582857,0.95750606
eeef5jm,joy,joy,0.000717517,0.00019676976,0.00034929186,0.9978562,0.00028108206,0.0005991349
eeefkj5,anger,anger,0.97909284,0.0095926905,0.00091072114,0.0027500873,0.005167705,0.002485862
eeeg49i,joy,joy,0.0007303396,0.00030219427,0.00042743207,0.9975579,0.00022733526,0.00075478706
eeeglrx,anger,anger,0.95232064,0.0057744505,0.001961058,0.0087626865,0.019970927,0.01121019
eeegqr1,anger,anger,0.96436656,0.003457815,0.0007153971,0.016947763,0.0055132424,0.008999215
eeehlxg,sadness,anger,0.9034743,0.0040555657,0.0015127915,0.019694038,0.022547726,0.048715524
eeehy7b,anger,joy,0.049519375,0.0010029695,0.0030012277,0.85937476,0.03883496,0.04826678
eeeikla,surprise,surprise,0.026361318,0.004817619,0.005606739,0.010750719,0.44318807,0.5092755
eeej8vi,surprise,surprise,0.008684307,0.0011098505,0.0011575676,0.00551492,0.0024927058,0.98104054
eeejbfe,joy,surprise,0.011861777,0.0030119447,0.005450896,0.14114758,0.011312187,0.8272157
eeekh16,joy,joy,0.0011593568,0.00017110757,0.00036705314,0.9973206,0.00036277733,0.0006191869
eeekjbo,surprise,surprise,0.01046977,0.001127029,0.0015489439,0.0032867363,0.003392199,0.9801753
eeeku7s,joy,joy,0.0010183882,0.00046402554,0.0012714857,0.97151065,0.00061550626,0.025119955
eeel97q,joy,joy,0.0020308546,0.0002303955,0.0002878,0.99467766,0.00022825119,0.0025450755
eeelogm,joy,joy,0.0016519296,0.00021291705,0.00034443976,0.99665725,0.0002999366,0.000833619
eeemtr0,sadness,anger,0.96909565,0.0058404435,0.002062392,0.0043202965,0.015024783,0.0036565491
eeen1br,surprise,anger,0.92659014,0.0047959452,0.004308161,0.0330175,0.0073892563,0.023898948
eeeni5f,anger,anger,0.84949493,0.034904648,0.002631595,0.022224346,0.07555614,0.015188243
eeenm81,joy,joy,0.0007154644,0.00023718258,0.0004197045,0.9977265,0.00025310394,0.0006480641
eeenqmk,joy,joy,0.000934444,0.00022071309,0.0003131863,0.99736834,0.00022838979,0.00093493384
eeents9,joy,joy,0.012015477,0.0005391065,0.0006152129,0.9840826,0.00065407396,0.0020936246
eeepg9f,joy,joy,0.0014570543,0.00024961538,0.0007277241,0.99412954,0.00093936664,0.0024967266
eeepsmj,joy,joy,0.007557093,0.00033605518,0.0003616993,0.98870367,0.0004832033,0.0025582998
eeeqatj,joy,anger,0.5153632,0.0020505227,0.0020723797,0.2110471,0.17898408,0.0904827
eeeqgmz,joy,joy,0.015249628,0.00038003316,0.0011670293,0.95755696,0.00831332,0.017332999
eeeqm4x,anger,disgust,0.31926578,0.4197726,0.08023077,0.026773063,0.13382225,0.020135479
eeeqymc,disgust,disgust,0.040952567,0.879751,0.04247271,0.015770938,0.014791439,0.0062613576
eeer0g6,joy,joy,0.0007934393,0.00017078286,0.00032795768,0.99764997,0.0005374029,0.0005204914
eeer10a,joy,joy,0.0009683051,0.00018289524,0.0002588783,0.9971002,0.00020708841,0.0012826244
eeerkum,joy,joy,0.001287702,0.00019647491,0.00029012695,0.9972716,0.00034586297,0.0006082195
eeesact,joy,joy,0.0010026667,0.00023753611,0.0003180774,0.9974941,0.00022773971,0.000719989
eeesqau,joy,anger,0.7338424,0.0069109383,0.003910878,0.20323907,0.012146855,0.039949786
eeetl27,joy,joy,0.00095995795,0.00016207976,0.0002854458,0.9974253,0.00034469072,0.0008225961
eeetz33,joy,anger,0.91321075,0.0029034205,0.0048649097,0.033868156,0.0177395,0.027413277
eeeuwsu,anger,anger,0.93673104,0.017989215,0.010361589,0.005096379,0.024742702,0.005079048
eeex10f,joy,joy,0.002994182,0.00040050704,0.0015916569,0.94435614,0.0019314284,0.048726093
eeeybsp,joy,joy,0.006179769,0.00057218253,0.00064562476,0.98544335,0.0006364772,0.0065226164
eeezk8u,joy,joy,0.00060658273,0.00021447458,0.00032995883,0.9976279,0.00030671887,0.00091438583
eef08dy,joy,joy,0.04154828,0.0012945227,0.022715716,0.75684935,0.11245758,0.06513457
eef08q7,joy,joy,0.0010648449,0.00019095678,0.00053816236,0.9962209,0.0006026196,0.001382598
eef3d4f,joy,joy,0.0008497546,0.00024133985,0.00041999476,0.9966537,0.0002127746,0.0016224725
eef40gm,surprise,anger,0.4699891,0.0037776986,0.005566855,0.37078682,0.04034864,0.10953095
eef45jf,surprise,surprise,0.005879274,0.0010305627,0.001050572,0.0024213237,0.0013347288,0.98828363
eef4tc6,joy,joy,0.1178644,0.00080076663,0.0018309064,0.84324527,0.01743337,0.018825252
eef5gj9,anger,disgust,0.22657155,0.5001751,0.020408062,0.03488275,0.19472958,0.023232969
eef5let,joy,joy,0.00069763185,0.00020871153,0.00034408364,0.997775,0.00022231681,0.0007522089
eef7d73,joy,joy,0.0015877828,0.00025598268,0.000503904,0.9943552,0.0001945238,0.0031026192
eef7dxd,joy,joy,0.0007621328,0.00014687236,0.0002459823,0.9974819,0.00043718697,0.00092590664
eef8iw0,joy,joy,0.00078558875,0.00017382437,0.0003577276,0.9976822,0.00048646686,0.0005141908
eef943t,joy,joy,0.0008008559,0.0003341606,0.00044215762,0.9973374,0.00023841127,0.00084707607
eef9819,joy,joy,0.05904839,0.0023159732,0.001824735,0.83870757,0.0025548076,0.09554853
eefaj6f,joy,joy,0.0007007454,0.00019443774,0.00030838384,0.99795,0.00038929313,0.00045707522
eefbzib,joy,anger,0.5625437,0.0022272225,0.0016535252,0.41426232,0.0033955437,0.015917683
eefcebv,joy,anger,0.97090596,0.0076390505,0.0015521225,0.007379176,0.009095358,0.0034283465
eefeg9d,sadness,sadness,0.013219187,0.0064033633,0.006010337,0.0053908643,0.9479094,0.021066869
eefftdp,joy,joy,0.0005758396,0.00020181648,0.000327995,0.99791855,0.0002677852,0.0007079582
eefh6ut,joy,joy,0.0032227975,0.00031799436,0.00025066052,0.9946408,0.0005626094,0.0010051084
eefjd6c,joy,joy,0.059836335,0.0006288463,0.00090500904,0.9322811,0.0024788312,0.0038699447
eefjo93,joy,joy,0.008978548,0.0002484442,0.0004710338,0.98448414,0.0010446868,0.00477309
eefm2b4,joy,joy,0.0008606577,0.00019782539,0.00033373883,0.9976757,0.00033093835,0.0006011426
eefmv5g,joy,joy,0.005517109,0.00072959135,0.000518682,0.9901326,0.0006780389,0.0024240694
eefo3qc,anger,surprise,0.054136377,0.0038830247,0.00087798794,0.0020938746,0.004301729,0.934707
eefo5dc,anger,anger,0.9721335,0.017659154,0.0022070773,0.0019112601,0.003413432,0.0026755016
eefogqv,sadness,anger,0.5848749,0.028562943,0.01214023,0.024174789,0.30390397,0.04634314
eefot3b,joy,joy,0.00090497016,0.00023408118,0.00040038096,0.9974643,0.00022245944,0.0007738099
eefoxs7,joy,joy,0.0007820035,0.00023162828,0.0004247055,0.9971173,0.00027744574,0.0011670023
eefp4k6,surprise,surprise,0.0070893364,0.0046868464,0.001445919,0.0063501513,0.0020294066,0.97839844
eefru28,joy,joy,0.12198294,0.0013761533,0.0016678729,0.78957474,0.0027240976,0.08267411
eefrx9h,joy,anger,0.9041982,0.00302731,0.0010149585,0.06636722,0.017558148,0.007834125
eefsfob,joy,joy,0.0010108876,0.00021278718,0.00030196496,0.99706346,0.00036847696,0.0010423153
eefsle0,joy,joy,0.0011885086,0.0002661709,0.0003449979,0.99743867,0.0002674515,0.00049417705
eefuxd5,joy,joy,0.0026227538,0.00022104627,0.00023772568,0.9955141,0.0003829301,0.0010215269
eefv5uu,joy,joy,0.0020786906,0.00038112613,0.00033766357,0.9961842,0.0002742362,0.0007441078
eefvctx,joy,joy,0.0018652197,0.00018698761,0.00032216596,0.99650675,0.00024688014,0.000871964
eefvtb9,joy,joy,0.0009865491,0.00029394758,0.00035828692,0.9974927,0.00030439842,0.0005641455
eefvwwm,joy,joy,0.0007525513,0.0002477932,0.0005072956,0.99672526,0.00023688558,0.0015302405
eefw4oh,joy,joy,0.0010217971,0.0002352277,0.00039847603,0.99728286,0.00027299928,0.0007886422
eefw9ad,joy,joy,0.0010967846,0.00015807855,0.00031919015,0.99595696,0.00026812835,0.0022007532
eefx57m,anger,anger,0.9835495,0.006192591,0.0010302236,0.003632162,0.0030952713,0.0025003094
eefxjkx,joy,joy,0.010183404,0.00059986213,0.000910214,0.8768511,0.0034889935,0.10796648
eefyz18,fear,sadness,0.0015850919,0.0021563943,0.01695816,0.004077563,0.9737626,0.0014602559
eefzxt7,joy,joy,0.0010025549,0.00031435702,0.00047358402,0.9968162,0.00022523964,0.0011680626
eeg06oj,joy,joy,0.0014108766,0.00016456393,0.00039715884,0.9958793,0.0013159566,0.00083219854
eeg14mm,surprise,surprise,0.00511558,0.0012945997,0.001301372,0.0014790907,0.0013452979,0.9894639
eeg2k08,joy,joy,0.015702516,0.0004885377,0.00092176616,0.96992457,0.0014039407,0.0115586445
eeg41cr,surprise,surprise,0.005272632,0.0011285328,0.0008366242,0.0014378699,0.001407617,0.98991674
eeg45da,joy,joy,0.0013450254,0.00024397303,0.00039225575,0.99711835,0.0003261493,0.0005743434
eeg4uci,surprise,surprise,0.008356384,0.0011686975,0.00064504135,0.0026268638,0.0016474166,0.98555565
eeg5phq,joy,joy,0.0009876597,0.00023997725,0.000309675,0.99758947,0.0004140342,0.0004591474
eeg678t,joy,joy,0.05492554,0.0009451948,0.0010025842,0.9365965,0.003159996,0.0033701637
eeg738k,joy,anger,0.6158335,0.015097925,0.0061250133,0.23392649,0.033490397,0.095526725
eeg7h5d,surprise,anger,0.6281133,0.011208543,0.0023503515,0.006183364,0.015556583,0.33658782
eeg8ezh,joy,joy,0.007476479,0.00073132705,0.0020511923,0.90989524,0.004402908,0.07544294
eeg92jh,surprise,surprise,0.007779546,0.008414113,0.0023566815,0.0017371398,0.0022493405,0.97746325
eeg9yn6,joy,joy,0.0009634695,0.00019299405,0.00027747522,0.997191,0.00030982625,0.0010652773
eega1f2,surprise,surprise,0.04284346,0.0064050048,0.003480083,0.35162875,0.0053563486,0.5902864
eegc7bt,anger,anger,0.93525577,0.014836479,0.0036327764,0.00544884,0.021077568,0.019748654
eegcy28,joy,joy,0.0010872612,0.00016154509,0.00028713787,0.997242,0.00065192766,0.0005702127
eegdpcb,sadness,sadness,0.013172843,0.010192695,0.0020194764,0.006840817,0.9616745,0.0060995156
eegdvwg,surprise,surprise,0.004044092,0.0009525729,0.00064120203,0.002313577,0.0009709222,0.99107766
eege8tk,joy,joy,0.0007704336,0.00028066282,0.0003872794,0.9974233,0.00022437485,0.00091390667
eegea4d,anger,sadness,0.24955714,0.008317042,0.014054034,0.010678743,0.68368757,0.033705436
eegej3b,surprise,surprise,0.017114345,0.0012477883,0.003134762,0.39160556,0.008838838,0.5780587
eegey8s,joy,joy,0.00083754316,0.00017915414,0.00029594454,0.99777657,0.0003591562,0.0005516523
eegfus2,joy,joy,0.0025298526,0.00021088801,0.00028888875,0.99482405,0.00072268216,0.0014236157
eegfysw,joy,surprise,0.0032802308,0.0011452073,0.0022505277,0.08958588,0.0069459276,0.89679223
eeggspj,sadness,anger,0.89967746,0.021536782,0.004048799,0.011056912,0.056087755,0.007592274
eegh4re,anger,anger,0.94350517,0.003597946,0.0015455143,0.00985364,0.02982286,0.0116749415
eeghp03,joy,joy,0.0009298572,0.00025741872,0.00036195247,0.99770063,0.00027336774,0.00047676705
eegixpk,joy,joy,0.0007019024,0.00021555116,0.00032345817,0.99749124,0.00019256266,0.0010753407
eegj1ea,fear,fear,0.022607235,0.0051759654,0.8222275,0.02460325,0.118246555,0.007139577
eegjy2n,joy,joy,0.0017423166,0.00016466316,0.00024635135,0.99625945,0.0006165187,0.0009707659
eegkwp2,joy,joy,0.0013964445,0.00022889613,0.00034189734,0.9876599,0.00034590808,0.010027091
eeglg3u,joy,joy,0.0009797704,0.00020066097,0.00030232142,0.9975362,0.0002265099,0.00075462565
eegmp1r,joy,joy,0.0071147606,0.00035794443,0.0003482745,0.9842037,0.0019274622,0.006048002
eegmqmd,joy,joy,0.006442595,0.00045707062,0.000535323,0.98883164,0.0011660198,0.002567374
eegmtc2,surprise,surprise,0.02679117,0.0036209994,0.0018651407,0.0028489148,0.004521418,0.96035236
eegnb46,anger,anger,0.97555894,0.0023592636,0.0013026339,0.0063606086,0.005353432,0.009065065
eegnouh,joy,joy,0.0014339676,0.00037952577,0.00041316662,0.9872481,0.00051925355,0.010005959
eegnsh3,joy,sadness,0.0806548,0.019670893,0.0151855275,0.019327786,0.83585507,0.029306043
eego743,joy,joy,0.0008788534,0.00020865223,0.0003205312,0.9977513,0.00035882014,0.0004818055
eegouvj,joy,joy,0.0008752939,0.00019111541,0.0003223042,0.9977428,0.00034787183,0.00052063656
eegp95p,surprise,joy,0.014810914,0.0015119246,0.0027422283,0.58527577,0.0046174396,0.39104182
eegqadp,anger,anger,0.9193987,0.016496744,0.00143436,0.034135878,0.010258586,0.018275756
eegqqkd,joy,surprise,0.025482299,0.0016795765,0.0045966688,0.06763312,0.0074354946,0.89317286
eegqxra,surprise,surprise,0.009240893,0.0014067134,0.0011708059,0.002962773,0.01689114,0.96832776
eegrakn,anger,anger,0.9803638,0.006057569,0.0013192997,0.0034048313,0.005609759,0.0032447248
eegrx15,joy,joy,0.07158416,0.0007974679,0.0014386901,0.91615665,0.0016628823,0.008360129
eegslli,anger,anger,0.97447145,0.0138933435,0.0015566603,0.0027849134,0.0040816604,0.0032120943
eegt2pg,joy,joy,0.0008897241,0.00018592934,0.00029904814,0.9977284,0.00038439393,0.0005124424
eegt7oj,joy,joy,0.0025765477,0.00016503339,0.00021667157,0.9938461,0.00062130723,0.0025744191
eegtsz4,joy,joy,0.0013027693,0.0003656185,0.00039801523,0.9969879,0.00023749753,0.0007082034
eegus5t,joy,joy,0.00085428724,0.00020295997,0.00029199882,0.9977202,0.00034101543,0.0005895214
eegvjdr,joy,joy,0.0041139405,0.00041194982,0.00042028155,0.99321765,0.00095395587,0.0008821308
eegw44e,joy,joy,0.0005458293,0.00024037743,0.00043345455,0.9966832,0.00025475866,0.0018423725
eegwepn,anger,anger,0.8790701,0.103779,0.0028497248,0.00496924,0.0071096784,0.0022222335
eegxjob,anger,anger,0.9680263,0.0027910145,0.001268695,0.0068971342,0.007418286,0.013598538
eegxyij,surprise,sadness,0.0146593135,0.004601084,0.009896074,0.0218255,0.47467083,0.4743472
eegyfmt,joy,joy,0.014219519,0.00090987736,0.001873131,0.9715907,0.0036814644,0.0077252584
eegzb3v,anger,anger,0.81712687,0.004163966,0.0021579606,0.032161586,0.014183951,0.13020563
eeh086a,joy,joy,0.000953297,0.0002579175,0.0003558335,0.99695385,0.00021627186,0.0012627918
eeh08oe,joy,joy,0.0007778714,0.00030601703,0.0005054516,0.9971873,0.00023599715,0.0009873207
eeh1ksv,surprise,surprise,0.00938125,0.0012109613,0.0013869322,0.008617108,0.01410184,0.96530193
eeh1tdq,joy,joy,0.0017606362,0.00017030758,0.00044395536,0.99316424,0.0014436948,0.0030171494
eeh2s44,joy,joy,0.0015836101,0.0003243955,0.0010128688,0.9732266,0.0013953495,0.022457123
eeh3f3c,surprise,surprise,0.0529912,0.0023391852,0.0024833917,0.0074410364,0.01056722,0.92417806
eeh3h9n,joy,joy,0.0051165363,0.0014705862,0.0035225505,0.98587716,0.0006244605,0.0033887734
eeh3q1y,sadness,sadness,0.08255908,0.005244616,0.0028407513,0.01745598,0.87670535,0.015194191
eeh4lhf,joy,anger,0.8906613,0.03244854,0.0040382785,0.04233377,0.027479919,0.0030381614
eeh4n8x,anger,anger,0.9461587,0.007234459,0.00087733776,0.009845537,0.021091903,0.014792078
eeh4rik,joy,joy,0.0007688119,0.00016225279,0.00024731067,0.9969126,0.00044951687,0.0014594824
eeh6e6v,surprise,surprise,0.00998456,0.000988669,0.0020802724,0.10434582,0.002184848,0.8804158
eeh7idl,anger,anger,0.9709465,0.0044265254,0.0011990062,0.0044474537,0.0059353956,0.013045001
eeh8n09,joy,joy,0.0010055447,0.00016507656,0.00033485057,0.99729294,0.00037906613,0.0008224701
eeh9bzl,joy,joy,0.00089215353,0.0002577994,0.00034998712,0.99756134,0.00031845152,0.0006202383
eeha101,joy,anger,0.65726787,0.0056571695,0.0040246816,0.058863685,0.24576358,0.028423062
eehan6v,joy,joy,0.001008039,0.0001519901,0.00033809332,0.9974031,0.00058602827,0.00051282183
eehdg3g,surprise,joy,0.0075860606,0.0016936663,0.0014270801,0.9069288,0.004054439,0.07831001
eeheqe0,surprise,surprise,0.0048516593,0.001271171,0.0008857108,0.0035322416,0.0019473583,0.987512
eehewzl,sadness,anger,0.67202926,0.0031431483,0.0016944656,0.09036375,0.0243515,0.20841783
eehfiro,sadness,sadness,0.00419748,0.003221817,0.007087782,0.012435858,0.96745044,0.0056065684
eehfyfb,sadness,sadness,0.3891023,0.028943244,0.0031583747,0.007196415,0.5665509,0.0050487816
eehgd6y,joy,joy,0.03333104,0.00081280875,0.0011155186,0.8720919,0.0031668604,0.089481905
eehh6l0,joy,joy,0.007950412,0.000637212,0.0015082585,0.89320254,0.018471275,0.07823034
eehinhf,disgust,disgust,0.033401158,0.9153128,0.01564652,0.012284715,0.016691037,0.006663715
eehiwo8,sadness,sadness,0.0032637478,0.0023056201,0.0011226605,0.0032880206,0.98885894,0.0011609505
eehjqx2,joy,joy,0.0009556629,0.0001941313,0.00030992873,0.99727255,0.00029362386,0.000974114
eehksno,surprise,surprise,0.010215862,0.002203353,0.00079971337,0.0011070805,0.0015741976,0.98409975
eehlcjf,joy,joy,0.004962403,0.00030350286,0.0003816768,0.9928162,0.0006721588,0.00086406345
eehlcox,joy,joy,0.0009075355,0.00023941703,0.0003181403,0.99766386,0.00032252158,0.0005484972
eehnomu,joy,joy,0.0005455541,0.00018161125,0.00032752153,0.9969848,0.00028212805,0.0016784102
eeho6w6,joy,joy,0.0012887144,0.00017477335,0.00038428945,0.9968681,0.00033367515,0.00095049856
eehoydp,joy,joy,0.0011364532,0.00044582505,0.00053850765,0.9916705,0.00028408403,0.0059246127
eehp9vr,joy,joy,0.028939664,0.0005042235,0.0035220862,0.95924115,0.0023682343,0.0054246173
eehqoet,joy,joy,0.0014376424,0.0002512246,0.00027260318,0.9846555,0.00056178606,0.012821255
eehsnbx,sadness,sadness,0.010598338,0.002190069,0.010810945,0.01006462,0.9631344,0.0032016162
eehswsb,joy,joy,0.0004418054,0.00015220612,0.00037328273,0.9975128,0.00036878523,0.0011511035
eehukh5,sadness,sadness,0.002702759,0.0014044228,0.0016352723,0.002568641,0.9901597,0.0015292172
eehutdj,surprise,surprise,0.0031638136,0.0011436073,0.0022732192,0.004183499,0.0017784662,0.98745745
eehuykx,joy,joy,0.0011795233,0.00019856509,0.00027411207,0.99730706,0.0005460222,0.0004947159
eehvapo,surprise,surprise,0.0064722444,0.0015398945,0.0020754703,0.024816304,0.001516698,0.96357936
eehvkz8,joy,joy,0.0008826517,0.0001950855,0.00029663244,0.99754214,0.0005181022,0.00056542316
eehwraf,joy,anger,0.9783936,0.005555697,0.0011430684,0.004393252,0.007831722,0.0026825604
eehxep8,sadness,sadness,0.0036460112,0.0033888682,0.000980261,0.0028558979,0.9870826,0.0020463897
eehxqzg,joy,joy,0.0007568241,0.00012732054,0.0002542018,0.9974481,0.0004096285,0.0010039887
eehyntr,sadness,sadness,0.0017767065,0.0018722037,0.0037682818,0.014839531,0.96996516,0.007778169
eei023b,joy,joy,0.0009694452,0.00016995001,0.00028789215,0.9971021,0.0002994547,0.0011711504
eei097w,sadness,sadness,0.016175384,0.0017817186,0.0023882992,0.0091246525,0.967479,0.0030509473
eei0ju3,surprise,surprise,0.0054087033,0.0011981329,0.0013311527,0.0013886886,0.0013639046,0.98930943
eei23xn,joy,joy,0.0017151543,0.0002351224,0.00039503266,0.99664164,0.00045471799,0.00055838877
eei3bx8,joy,joy,0.00060734357,0.00017014165,0.0003780729,0.9975878,0.00043103367,0.00082563877
eei3ii9,joy,joy,0.0016441551,0.0002627133,0.00025728747,0.99674135,0.00024529785,0.00084923615
eei436p,joy,joy,0.0009906474,0.00017973054,0.0003319727,0.99750465,0.0005182584,0.00047478464
eei47sa,anger,anger,0.4961009,0.015120746,0.003133895,0.34067008,0.0581692,0.0868052
eei49t8,anger,anger,0.92344517,0.010855847,0.005165911,0.0055413046,0.027062321,0.027929533
eei4exl,joy,joy,0.0011805312,0.0002303859,0.00059954205,0.996747,0.00033217197,0.00091025716
eei59lc,joy,joy,0.0010709848,0.000274341,0.0008197511,0.99522674,0.0016734097,0.0009347582
eei5i5y,joy,joy,0.0010097955,0.00024990083,0.00033129437,0.997543,0.00027385054,0.00059228454
eei6nwr,sadness,sadness,0.0043066205,0.0016639944,0.0014519528,0.0042338744,0.9819661,0.0063774497
eei6qpm,sadness,anger,0.49634126,0.120118655,0.22230914,0.008317924,0.11578837,0.037124693
eei73r6,anger,anger,0.9738922,0.009197611,0.0018194658,0.00395992,0.0068946965,0.0042361235
eei7ati,joy,anger,0.95458627,0.005343426,0.007830435,0.017355276,0.00912777,0.0057568667
eei7ovl,anger,anger,0.733146,0.010836513,0.0017126168,0.08424477,0.16392687,0.006133216
eei8sfs,joy,joy,0.0017702202,0.00022058917,0.00028288199,0.9964463,0.00077016326,0.00050977187
eei94jc,anger,anger,0.8625798,0.02808206,0.009061955,0.0941471,0.004105746,0.0020233197
eei9ulh,joy,joy,0.013570573,0.00026093557,0.0005933173,0.97783864,0.0033655544,0.0043709613
eeia0fo,joy,joy,0.0009480127,0.00021271576,0.00038204182,0.9976313,0.00043376224,0.0003921747
eeiav5d,joy,joy,0.05052631,0.00092424196,0.0015752697,0.9425021,0.0016983426,0.0027736516
eeibba6,joy,joy,0.00076850475,0.000217642,0.00032775983,0.9965442,0.00023371053,0.001908203
eeicggm,sadness,joy,0.28618693,0.0032654617,0.0026421938,0.36603957,0.20915744,0.13270837
eeicgp9,joy,joy,0.0009996746,0.00029866566,0.00039614795,0.9965767,0.0002606611,0.0014681784
eeidflf,surprise,surprise,0.011308136,0.0014126714,0.00097284216,0.0021181072,0.0010393529,0.98314893
eeidg5m,surprise,surprise,0.0065585645,0.0009975574,0.0009603911,0.001971073,0.0035636914,0.9859488
eeidhj0,joy,joy,0.0034988536,0.00036489745,0.00046035554,0.9933601,0.0011457239,0.0011699853
eeidjjo,joy,surprise,0.026793297,0.0024996628,0.0061867014,0.008112985,0.019421123,0.9369862
eeidyma,joy,joy,0.0010442815,0.00025537927,0.0002423337,0.99691725,0.00029045454,0.0012503635
eeiehjs,fear,fear,0.008560828,0.008003461,0.9563751,0.0035644628,0.012691383,0.010804756
eeieuyo,surprise,surprise,0.004655389,0.0031170594,0.0066882614,0.031517956,0.07928496,0.87473637
eeif4us,sadness,joy,0.04815728,0.0015075615,0.0078124087,0.7601538,0.11804442,0.06432456
eeifm3j,joy,joy,0.0008551037,0.0002241901,0.0002852918,0.9975795,0.0002455699,0.0008103394
eeig4ll,joy,joy,0.006477223,0.00035199444,0.00069096545,0.98402816,0.006806332,0.0016453937
eeigf31,joy,joy,0.0015965593,0.000636757,0.0012188486,0.96334636,0.00053735083,0.03266419
eeih9ta,surprise,sadness,0.0030094266,0.0016095277,0.001139781,0.00404812,0.9845675,0.005625602
eeiha8e,joy,joy,0.0088319685,0.00041489757,0.00082985294,0.98723525,0.00032046784,0.002367571
eeii43a,joy,joy,0.03240916,0.0011658486,0.0009921311,0.6235065,0.001519506,0.34040684
eeiiyxs,joy,joy,0.0006516519,0.0001710214,0.00032847744,0.9979159,0.00034686687,0.00058606797
eeijy15,joy,joy,0.31854925,0.0037348357,0.0031332655,0.6080975,0.018776875,0.04770832
eeik8dd,surprise,surprise,0.003112021,0.0013594271,0.0008931514,0.0015954264,0.0047294684,0.98831046
eeioagj,anger,anger,0.9129436,0.0022817496,0.0018664034,0.027144432,0.0146337915,0.041130044
eeipi7y,anger,anger,0.9505748,0.005609504,0.0009011142,0.016082002,0.020018253,0.0068143164
eeiq3ag,joy,joy,0.0008255053,0.00022313387,0.0003470494,0.99774617,0.00025829265,0.0005998615
eeiryuu,joy,joy,0.0011882421,0.00024310817,0.00037954244,0.99634486,0.00024705342,0.001597131
eeiss8t,surprise,surprise,0.008944911,0.0014428603,0.0018526083,0.011886856,0.0039535016,0.9719193
eeixbxm,anger,sadness,0.12775135,0.008022757,0.0038383126,0.019304955,0.8255504,0.015532215
eeiy0yr,joy,joy,0.0025224395,0.00014748775,0.00033249304,0.99442273,0.00048783762,0.0020870308
eeiyfbf,sadness,surprise,0.19121864,0.0029440268,0.0026201839,0.06783247,0.03698976,0.698395
eeizxvv,joy,joy,0.0010392043,0.0001798433,0.0003218316,0.99749494,0.00048488003,0.00047924658
eeizy6e,joy,joy,0.0033108115,0.00046461835,0.00037332583,0.9948921,0.0003634027,0.00059569796
eej03pc,anger,anger,0.7581623,0.005945251,0.002680082,0.055610947,0.13371354,0.0438879
eej0h4g,anger,anger,0.9432361,0.04142484,0.0017547358,0.0035309608,0.007493781,0.0025596009
eej2hgv,surprise,joy,0.034273196,0.00043360968,0.0010056702,0.9473332,0.0019562182,0.014998016
eej4luz,anger,surprise,0.31523383,0.0038120062,0.0029588977,0.010029932,0.022641419,0.6453238
eej6j6y,surprise,joy,0.1512791,0.0050471122,0.0039131087,0.6390805,0.0024837842,0.19819637
eej7snu,joy,joy,0.0021094342,0.0002518075,0.00037233037,0.9958776,0.0009556609,0.00043308482
eej7urr,joy,joy,0.18674426,0.0022064035,0.0015386016,0.78579104,0.0036129346,0.020106716
eej845f,disgust,disgust,0.13908224,0.7916054,0.016673792,0.011936949,0.035606585,0.0050950088
eejatcj,joy,anger,0.4578246,0.0041216235,0.004882095,0.18650371,0.2149935,0.1316745
eejbp2v,anger,anger,0.97522515,0.002743968,0.0007246335,0.009700256,0.0033671441,0.0082388865
eejc1g3,joy,joy,0.33350107,0.0023735727,0.00973199,0.6186478,0.00990899,0.025836514
eejc33b,joy,joy,0.0016612756,0.00033368057,0.0003615832,0.9965982,0.00054588635,0.00049936085
eejcpti,joy,joy,0.01930265,0.0004790236,0.001150825,0.95810854,0.00295073,0.018008228
eejd6h9,anger,disgust,0.112697735,0.8035627,0.030794198,0.019238312,0.028338036,0.0053689806
eejfrq9,joy,joy,0.0017765977,0.00024299661,0.001469377,0.9926731,0.0022182593,0.0016195803
eejga22,sadness,fear,0.027709654,0.0048740804,0.80954903,0.09669492,0.048871312,0.012300942
eejgj4m,joy,joy,0.0014949202,0.0003092322,0.00038537476,0.996431,0.00024885355,0.0011305873
eejhfit,joy,joy,0.00436808,0.0002873888,0.00035956848,0.99337775,0.0004581825,0.0011490559
eejid1r,anger,anger,0.9305499,0.0030474637,0.0014873015,0.043664988,0.016490718,0.0047595077
eejj4dy,joy,joy,0.0009445672,0.00025991866,0.0003251463,0.9976076,0.00025822845,0.0006044812
eejk3bj,anger,anger,0.98200005,0.00458175,0.0011055553,0.004503373,0.0034274857,0.0043816976
eejkfse,surprise,surprise,0.056857575,0.006967971,0.0105141755,0.01230489,0.07112077,0.84223455
eejl16l,surprise,surprise,0.005225456,0.0015542482,0.0032644197,0.0039871293,0.007882727,0.97808605
eejm66x,joy,joy,0.0011779476,0.0002480894,0.00031419157,0.99726874,0.00021730561,0.0007737608
eejm7u2,sadness,sadness,0.026836181,0.0025318079,0.0021373194,0.01395863,0.9495924,0.004943664
eejn3ah,surprise,surprise,0.0033583462,0.00093966484,0.000757786,0.0024856979,0.0009873313,0.99147123
eejo7ob,fear,fear,0.0041333367,0.00555202,0.96369076,0.005125926,0.017667487,0.0038304355
eejpx39,joy,joy,0.00094924227,0.00018566615,0.0003324409,0.9965575,0.00022305959,0.001752162
eejq4b2,anger,surprise,0.033371717,0.001661841,0.004640137,0.2114909,0.008431858,0.7404036
eejr2sg,joy,joy,0.0008587918,0.00023165793,0.00034354688,0.99726874,0.00019405835,0.0011031628
eejrwhw,anger,anger,0.8222268,0.0031818515,0.0008337564,0.07897955,0.018980352,0.07579769
eejtb6i,surprise,joy,0.006100114,0.00032258278,0.00040936106,0.9728415,0.0027982118,0.017528297
eeju6ax,joy,joy,0.00085724285,0.00022383968,0.0003258893,0.9975508,0.00024292308,0.0007993449
eejv0qz,joy,joy,0.0020197874,0.00036511294,0.00033355522,0.9909209,0.00039996745,0.0059607346
eejwier,joy,joy,0.0013673689,0.00017986722,0.00028147115,0.9965777,0.00028707358,0.0013065586
eejxccd,surprise,anger,0.4157368,0.012773746,0.010580899,0.021622082,0.30315486,0.23613161
eejxciz,joy,joy,0.004038278,0.00022222013,0.0003067375,0.9889958,0.00046642488,0.0059706164
eejxmvu,anger,anger,0.9726786,0.0075603863,0.0011969109,0.004543804,0.009494911,0.0045254813
eejyd2o,joy,joy,0.0045817355,0.0007960659,0.0011677583,0.9513657,0.00061343383,0.041475262
eejysos,sadness,sadness,0.004539737,0.002368383,0.001760787,0.0060879965,0.97402275,0.011220414
eejztor,joy,joy,0.0011016806,0.00034084273,0.0004378532,0.99699175,0.00022539104,0.00090245495
eek1otf,anger,surprise,0.4404553,0.012952166,0.002223015,0.0067829792,0.013263588,0.524323
eek1ptz,surprise,surprise,0.008200418,0.0013452731,0.0010834993,0.0022513792,0.0015838596,0.9855355
eek2d41,joy,surprise,0.0050760414,0.0017831527,0.0032903447,0.46342835,0.0022711162,0.52415097
eek2pfr,joy,joy,0.0050867964,0.00022478934,0.00034492952,0.99233514,0.0006129569,0.0013954374
eek3fq2,joy,joy,0.0011675438,0.00022567711,0.0003281144,0.9975073,0.00027937576,0.0004921277
eek3s6m,joy,joy,0.0017966338,0.001244731,0.03090575,0.9598053,0.0038074024,0.0024401606
eek5v3n,sadness,joy,0.10072893,0.0026079467,0.010093029,0.5483259,0.09953701,0.23870711
eek6rzd,sadness,sadness,0.0051598265,0.0017716372,0.005293073,0.026953371,0.95825845,0.0025635813
eek6uzl,anger,anger,0.87798256,0.08293014,0.0028568008,0.0073126075,0.024087332,0.004830629
eek722q,surprise,surprise,0.0035312364,0.0011295581,0.0011642833,0.002043443,0.0012600182,0.99087137
eek7c72,joy,joy,0.0034856994,0.00065253937,0.0007016831,0.9722323,0.00082389335,0.022103922
eek7jkp,anger,anger,0.73514134,0.0066900593,0.0048568165,0.012454973,0.03825006,0.20260671
eek7l0r,anger,anger,0.5656085,0.007272267,0.0037633348,0.057526004,0.28704318,0.07878677
eek7lmx,joy,joy,0.0024353894,0.0004652111,0.00039500298,0.98471534,0.00040136607,0.011587615
eek7r73,joy,anger,0.967816,0.004194818,0.0020538333,0.011388302,0.009050603,0.0054963534
eek84mm,anger,anger,0.87509245,0.002347735,0.0026696243,0.039657332,0.030221857,0.050010942
eek8t9y,surprise,surprise,0.0039097057,0.001275269,0.0011927353,0.0023509478,0.0010859347,0.9901854
eek92cf,joy,joy,0.0010200809,0.00023914427,0.00040056487,0.99735826,0.00022966479,0.00075228885
eek9arw,joy,joy,0.09897196,0.002586672,0.014362072,0.6971402,0.042652894,0.14428616
eeka9ub,anger,anger,0.92715853,0.01094536,0.0017355671,0.0071356883,0.024499109,0.028525768
eekacef,joy,joy,0.0012096722,0.00019337963,0.00024142275,0.99704164,0.0004369884,0.0008769177
eekaqno,joy,joy,0.001074715,0.0002532372,0.00038354972,0.99742305,0.00030686916,0.0005586398
eekb3dx,anger,anger,0.9547078,0.015597397,0.001563688,0.017701812,0.008316482,0.0021129055
eekblsa,joy,joy,0.0007412649,0.00021897875,0.00037156514,0.9977545,0.00028230977,0.00063130265
eekbqug,fear,fear,0.016453847,0.007940881,0.85733676,0.095833056,0.0061845826,0.016250841
eekbt52,surprise,surprise,0.028014285,0.0026465163,0.0031184328,0.0033808711,0.01410109,0.9487388
eekby4q,sadness,anger,0.97400564,0.005734813,0.00094812445,0.004740136,0.0077917553,0.006779524
eekdzcs,joy,joy,0.012838604,0.00043961024,0.003078608,0.9601243,0.0031180377,0.020400839
eekeawl,joy,joy,0.0007807749,0.00023980174,0.00039499425,0.9968997,0.00019524063,0.0014894784
eekeqsg,anger,anger,0.6454945,0.005131373,0.0042207795,0.043055862,0.05461307,0.24748434
eekexv3,joy,joy,0.0011094798,0.00020234784,0.0003352694,0.9975534,0.00031867897,0.00048081492
eekexwv,anger,surprise,0.028819764,0.0030991375,0.0028539514,0.01879734,0.008851586,0.9375782
eekhzwr,joy,joy,0.0009424728,0.00025839446,0.0003961508,0.9973469,0.00024453588,0.00081150944
eekis5u,joy,joy,0.0008466361,0.00020005864,0.0004401204,0.9967961,0.0012682547,0.00044879928
eekj31c,joy,joy,0.012950517,0.0009711007,0.00040983397,0.98374236,0.0008340274,0.0010921191
eekjw1l,surprise,surprise,0.0050754896,0.001157254,0.0010267555,0.0018649189,0.0016648206,0.9892106
eeklwuz,anger,anger,0.9629509,0.0023514621,0.0010019237,0.009318044,0.003675143,0.020702565
eekmfta,joy,joy,0.00071291,0.00021087211,0.00068048795,0.99724424,0.0004016953,0.00074975536
eekojoo,joy,joy,0.0013021361,0.00020037037,0.00036027387,0.9971835,0.00057789136,0.00037578793
eekpx4d,anger,joy,0.002377629,0.00030524397,0.0004843175,0.9949575,0.00030978987,0.0015655616
eekpxgu,surprise,joy,0.0017568797,0.0006123136,0.00066055974,0.950269,0.000502034,0.046199173
eekqa9f,surprise,surprise,0.03815461,0.0016681748,0.0010282499,0.008804977,0.0018726598,0.94847137
eekqcpj,anger,anger,0.98145735,0.0062643397,0.0016964531,0.0025719614,0.00511926,0.0028906541
eekque0,anger,surprise,0.2632842,0.006566635,0.0022422643,0.003787166,0.0115765715,0.71254325
eekrcda,surprise,surprise,0.008092582,0.00097372796,0.0008195745,0.00212417,0.0015354673,0.98645455
eekskp9,joy,joy,0.00076240825,0.00022150791,0.00025529735,0.99745995,0.00025175363,0.0010491336
eekssyj,joy,joy,0.0013393367,0.0002667012,0.00039220555,0.99558264,0.0017706505,0.00064843474
eekszm5,joy,joy,0.0017604608,0.00023307759,0.0002816396,0.99613416,0.00023144668,0.0013591958
eektyg0,anger,anger,0.9738385,0.0049512293,0.0024283226,0.005875389,0.006361368,0.006545232
eekuq0s,joy,anger,0.4477276,0.08940518,0.074945614,0.07451861,0.30415955,0.009243461
eekvacw,joy,joy,0.0059815818,0.00074343756,0.000511463,0.9733304,0.00087360706,0.018559502
eekwgrn,surprise,surprise,0.002806805,0.002992154,0.0043739607,0.31561795,0.0043993937,0.66980976
eekz9em,joy,joy,0.2737893,0.002259869,0.0021361602,0.69500613,0.0039186385,0.022889942
eekzdjq,sadness,sadness,0.031778608,0.0018610784,0.0032985602,0.026655992,0.9145776,0.021828119
eekztyv,joy,joy,0.0012652511,0.0001875473,0.00025932252,0.9974233,0.00030225955,0.00056234695
eekzzm0,anger,sadness,0.08718723,0.0040611993,0.006893929,0.025402542,0.65045315,0.22600201
eel0fiy,joy,joy,0.0018229685,0.00021052752,0.00047880254,0.9922733,0.0035523556,0.0016621341
eel0no2,surprise,sadness,0.19048782,0.008934141,0.026826065,0.009683353,0.63540727,0.12866141
eel1onf,joy,joy,0.0027639775,0.0003797777,0.00042714356,0.9942285,0.0007442888,0.0014563977
eel1opd,sadness,sadness,0.0021083718,0.001586621,0.0019876831,0.0075649973,0.9840836,0.0026687467
eel1rxr,anger,anger,0.97942114,0.009921445,0.0011171539,0.0026309665,0.004455837,0.0024534662
eel223n,fear,fear,0.052437417,0.10035259,0.82549375,0.003565585,0.008279228,0.009871408
eel3el9,joy,joy,0.0006926321,0.00021845577,0.00041448523,0.99759525,0.0004987767,0.00058030436
eel3h2m,joy,joy,0.00156457,0.0004876829,0.0006651198,0.9812418,0.00028745236,0.015753297
eel3nj4,joy,joy,0.018980792,0.0005444922,0.0006613253,0.9672097,0.0023019356,0.010301674
eel56hd,sadness,sadness,0.06966682,0.026189381,0.08200602,0.016603915,0.7125354,0.0929985
eel59zw,anger,surprise,0.36261177,0.006566074,0.0022451903,0.014261203,0.0838836,0.5304322
eel5vyh,joy,joy,0.00083682995,0.00022986632,0.000317793,0.9953446,0.00025592136,0.00301497
eel6g5c,joy,joy,0.0012202687,0.00019760068,0.00050413836,0.99459416,0.0005935157,0.0028903044
eel6gxz,anger,anger,0.8920836,0.002940671,0.0020510957,0.048583068,0.013782892,0.040558744
eel8uh1,anger,surprise,0.028277816,0.002106104,0.0019974392,0.0141027,0.047165122,0.90635073
eelanvo,surprise,surprise,0.0023150009,0.0014572081,0.0012040101,0.0017945875,0.0011164818,0.99211276
eelaymi,joy,joy,0.00092149497,0.00022797182,0.00030215736,0.9977168,0.00030315891,0.00052845065
eelb8r7,joy,joy,0.008742509,0.00046342172,0.00027767106,0.9883272,0.0006655163,0.0015237249
eelbvc2,joy,joy,0.0007379652,0.00015000976,0.00034066068,0.99743634,0.00034614615,0.0009888859
eelci9c,anger,anger,0.8909879,0.031738896,0.0049918867,0.008329286,0.032898087,0.031054044
eelcos4,surprise,surprise,0.003089726,0.0010527815,0.0006743522,0.0016463082,0.0011308034,0.9924061
eeldik0,joy,anger,0.36299863,0.0055995574,0.00883952,0.21965122,0.35418868,0.048722316
eeldzwl,joy,joy,0.00070028065,0.00024134395,0.00034991882,0.9977538,0.00035175736,0.0006028715
eelf2ij,anger,surprise,0.3700196,0.004234783,0.0020323943,0.044560168,0.106102236,0.47305092
eelfg23,joy,joy,0.00067967316,0.00017744172,0.00030937503,0.9974675,0.0002665642,0.0010994065
eelfq9p,anger,anger,0.88876307,0.0045449515,0.0006472601,0.0819657,0.006500497,0.017578546
eelg0sx,joy,joy,0.0053152037,0.0003905681,0.0006495794,0.9727648,0.00049446546,0.020385446
eelgfhz,surprise,surprise,0.038143612,0.002265828,0.0012940245,0.0023470738,0.0055348435,0.9504146
eelhchz,joy,joy,0.023519779,0.0014921891,0.0013167331,0.7712486,0.0046949317,0.19772778
eelhtrb,sadness,sadness,0.0044733854,0.0044827936,0.002643028,0.004505812,0.9792051,0.004689953
eelhyj5,joy,surprise,0.0119984895,0.0017692009,0.014873875,0.4387865,0.03377777,0.49879414
eeljmjn,sadness,anger,0.81902134,0.020337543,0.003796784,0.00909871,0.13807279,0.009672823
eeljowd,anger,anger,0.9823846,0.005450852,0.0015744286,0.0037049886,0.0029880784,0.0038970788
eelk9fc,sadness,sadness,0.0028957897,0.002915098,0.0041338555,0.001955289,0.9862996,0.0018004664
eelke2a,joy,joy,0.0010721558,0.00025772775,0.0003426747,0.996725,0.00020918017,0.0013932345
eelkg0v,joy,joy,0.0006871247,0.00014798023,0.00028516512,0.99777657,0.00051840366,0.0005846919
eelkuym,joy,joy,0.0010541577,0.00022927864,0.00033271135,0.9973207,0.0002501047,0.00081299007
eellpd3,surprise,surprise,0.011642336,0.0017765076,0.0010493997,0.002210284,0.003735115,0.9795863
eelluat,sadness,anger,0.78340775,0.066447504,0.023692954,0.0060134786,0.111319795,0.009118607
eelm5yb,joy,joy,0.011092344,0.0013469919,0.0014432663,0.74816793,0.0010998667,0.23684958
eelm6nh,anger,anger,0.9548089,0.010382504,0.001257648,0.0030133144,0.005362391,0.025175309
eelmgwr,joy,joy,0.001867853,0.00020776913,0.00030626156,0.99648994,0.00032794644,0.000800114
eelmnid,surprise,surprise,0.011452328,0.0023975067,0.0047080987,0.08065969,0.009280716,0.8915017
eeln1li,sadness,sadness,0.0034197117,0.0017255927,0.0020590613,0.063762605,0.9253934,0.0036396307
eeln2t5,joy,surprise,0.04948591,0.002021378,0.0025841047,0.09820875,0.08993501,0.7577648
eelncsh,sadness,sadness,0.005288772,0.0010494506,0.0031870941,0.0041618035,0.98277515,0.0035376982
eelo4e4,fear,fear,0.004906146,0.010853696,0.9711034,0.0026326906,0.0046540666,0.005849971
eeloddc,joy,joy,0.00090423017,0.00019289635,0.00035077083,0.99675566,0.00028599563,0.0015103711
eelogwm,joy,joy,0.00080307113,0.00019863286,0.0003412076,0.9961777,0.00022605673,0.0022533473
eelp1r7,anger,anger,0.36954334,0.053929444,0.24114178,0.01047845,0.29989627,0.025010712
eelp37z,joy,joy,0.0024813595,0.00018972075,0.00023265032,0.99214643,0.0005315446,0.0044183517
eelphu9,anger,anger,0.6744973,0.029766345,0.10086312,0.044195265,0.09491762,0.05576032
eelqrny,anger,anger,0.77330816,0.1464475,0.047722436,0.005868538,0.017184176,0.009469178
eelra1u,joy,joy,0.003532046,0.00079397287,0.0005163748,0.9924804,0.00067548436,0.0020018178
eelsqcs,surprise,surprise,0.005007139,0.0011699728,0.0010700222,0.0012799395,0.0012456886,0.9902272
eelu9eg,surprise,joy,0.0028644337,0.0002012798,0.0026805247,0.9865079,0.0032618793,0.004484077
eelvbdz,surprise,surprise,0.003834428,0.000928002,0.0006844117,0.002854621,0.0017683641,0.9899302
eelvl0i,joy,joy,0.00067490205,0.00016118276,0.00032202,0.99725574,0.0003347287,0.0012515284
eelwbqj,anger,anger,0.9784121,0.007327419,0.0020321563,0.0036959816,0.0050795353,0.0034528687
eelwf2f,joy,joy,0.00094250834,0.00022794024,0.00028625253,0.9976699,0.00027459045,0.0005988874
eelxged,joy,joy,0.0015490971,0.0002168174,0.00032116345,0.99693644,0.0002708251,0.0007056799
eely0le,joy,joy,0.001075449,0.00015457199,0.00027819056,0.9970463,0.00040718875,0.0010382675
eelybvn,sadness,sadness,0.002564223,0.0022819117,0.0018042373,0.005205977,0.98334324,0.0048004524
eelzddq,joy,joy,0.002956468,0.0003838934,0.00031301018,0.99523073,0.00039396647,0.0007219968
eem08pm,joy,joy,0.0010889255,0.00021969971,0.00030049242,0.9974782,0.0002568241,0.00065586023
eem0tn8,joy,anger,0.733207,0.004438071,0.0012874492,0.094842754,0.01384664,0.1523781
eem0y1e,joy,joy,0.0016302151,0.00030582526,0.00038592744,0.9891872,0.0002457082,0.008245117
eem17yi,joy,surprise,0.27703083,0.007813358,0.0067767347,0.049588982,0.3120665,0.3467236
eem23o3,joy,joy,0.0020777124,0.00021843622,0.00029726882,0.9963414,0.00033856469,0.00072665745
eem3eqi,joy,joy,0.0007967009,0.0002490987,0.0003891785,0.99773043,0.00032441257,0.00051024754
eem3f55,joy,joy,0.048610557,0.005594983,0.030416496,0.5754383,0.11614783,0.22379178
eem4cot,joy,joy,0.0010214172,0.00024399027,0.00032003966,0.99636555,0.00032797773,0.0017210612
eem4gzz,joy,joy,0.00065507245,0.0001808324,0.00030911577,0.9978956,0.0004660339,0.0004932703
eem4xgw,joy,joy,0.12282896,0.003637308,0.0046008723,0.83687055,0.020169875,0.011892434
eem5ojk,joy,joy,0.0009437851,0.0002183135,0.0005414727,0.997288,0.00028917484,0.0007193934
eem636t,joy,joy,0.00076632225,0.00021880887,0.00030187878,0.99788505,0.00032624012,0.00050173455
eem6qlk,fear,anger,0.73980033,0.025580155,0.022678318,0.084584035,0.084044084,0.04331307
eem6r3e,anger,disgust,0.3081774,0.6382149,0.019766271,0.0035656937,0.021111446,0.009164261
eem7gnv,joy,joy,0.0011352492,0.00021788552,0.0002465256,0.99722266,0.00026652313,0.0009112245
eem8ngk,anger,joy,0.035453834,0.00039059066,0.00069705327,0.9438163,0.0024422465,0.017200066
eem96ru,joy,joy,0.0015718227,0.00024704466,0.00020978991,0.99464923,0.00065282866,0.0026693742
eemahay,sadness,sadness,0.023805292,0.0018068859,0.0036022179,0.17096317,0.7904463,0.009376063
eemar0a,joy,joy,0.0009213646,0.00022886903,0.00039045227,0.997647,0.00038751168,0.0004247312
eemb91n,joy,joy,0.002277234,0.00017662636,0.00032181962,0.99466777,0.0007962378,0.0017604074
eemdb8a,surprise,surprise,0.11684382,0.003065997,0.0009146705,0.0054993397,0.010061651,0.86361456
eemddgl,joy,joy,0.001526333,0.00020967035,0.0005597559,0.99594516,0.00041733892,0.0013416791
eeme5dt,joy,joy,0.0010916186,0.00023186654,0.0004082731,0.994389,0.00024240336,0.0036367632
eemefit,joy,joy,0.0035767504,0.0003487056,0.0035857856,0.98901457,0.0021095343,0.0013645608
eemet6m,joy,joy,0.00076344266,0.00015996347,0.0004440287,0.9890392,0.0016380252,0.00795541
eemgzkm,joy,joy,0.0016098028,0.00014851413,0.00035421844,0.99654645,0.00045892617,0.0008820033
eemhk5m,joy,joy,0.0009960927,0.00023481796,0.00030533588,0.9975139,0.00023054752,0.0007193533
eemjn7c,joy,joy,0.0007003965,0.0002541822,0.0003874624,0.99756634,0.00021751788,0.00087416614
eemjogz,surprise,surprise,0.0071677677,0.0009680243,0.0014222815,0.0027790994,0.0022311076,0.98543185
eemju3k,joy,joy,0.008739319,0.00060835766,0.0010670882,0.9543983,0.0008446529,0.034342267
eemk0hv,joy,joy,0.009553714,0.0006077933,0.0004490168,0.9853823,0.0020580331,0.0019490976
eemk7fb,joy,joy,0.0010078211,0.00026162635,0.0004118124,0.997051,0.00020677094,0.0010609297
eemkjvp,sadness,sadness,0.013984926,0.0034966567,0.03163138,0.005797787,0.9396175,0.0054717595
eemkttk,joy,joy,0.0009906659,0.00019361838,0.00028803092,0.99698347,0.0002554023,0.0012888501
eemkv3o,surprise,surprise,0.030724518,0.001096783,0.0019118523,0.09067608,0.008437507,0.8671532
eemkxfe,joy,joy,0.0019778525,0.00021041212,0.0009575751,0.9861876,0.007458399,0.0032082046
eeml4oh,joy,joy,0.0024367021,0.00024717193,0.0004138794,0.9944699,0.00029658992,0.002135832
eemltxu,surprise,surprise,0.0029038375,0.0009433402,0.0007115187,0.0017109668,0.0012286532,0.99250174
eemlurk,disgust,disgust,0.049684715,0.8914385,0.014767796,0.018602995,0.013713305,0.011792725
eemmk15,joy,joy,0.0011252279,0.00019920294,0.00033360854,0.9974679,0.00030310033,0.0005709868
eemmnhm,sadness,joy,0.0037877683,0.0004908105,0.0056166165,0.94913423,0.0028653077,0.038105216
eempufb,anger,disgust,0.3008394,0.6463936,0.014464787,0.0048385593,0.028840948,0.004622698
eemr0vc,sadness,sadness,0.04874027,0.002527462,0.004147898,0.33618495,0.60138124,0.0070181713
eemsdvv,surprise,surprise,0.0018598775,0.0015668253,0.0019292095,0.0077923913,0.0009734008,0.9858782
eemt3od,joy,joy,0.0034942767,0.0009823979,0.017751511,0.97279954,0.0010640564,0.003908311
eemtcph,joy,joy,0.0012499209,0.00020561236,0.0002929233,0.9969494,0.00030641558,0.0009958067
eemtoj9,surprise,surprise,0.0037605686,0.001709333,0.00094347174,0.0018276146,0.002378429,0.9893805
eemtsrk,anger,anger,0.6868943,0.0032550462,0.0027823793,0.25473896,0.041056562,0.011272797
eemtzas,surprise,surprise,0.013864881,0.0007529615,0.0012450226,0.071116775,0.004605089,0.90841526
eemu47f,joy,joy,0.0012736412,0.0003473623,0.00046280783,0.9927301,0.00022693213,0.004959146
eemuima,joy,joy,0.0013042642,0.00014556244,0.000401657,0.9913282,0.0020272871,0.0047930568
eemv4v9,joy,fear,0.11356271,0.13686432,0.5971729,0.036870144,0.07537148,0.040158454
eemvfch,joy,joy,0.0014738997,0.0006333468,0.0008083173,0.9820742,0.00036432114,0.01464593
eemwzcb,surprise,joy,0.0028442268,0.0018139434,0.002466429,0.5681165,0.0017272558,0.4230317
eemxb6u,joy,joy,0.0007893378,0.00014684816,0.000250275,0.9975877,0.00048345883,0.0007424752
eemxu66,joy,joy,0.20549494,0.006676404,0.010422667,0.49604082,0.074308135,0.20705703
eemxzjk,sadness,sadness,0.044359304,0.0059503806,0.0031919163,0.0056755324,0.93892527,0.0018976281
eemyegn,surprise,surprise,0.006511129,0.0017477658,0.00089290726,0.0008856444,0.0014171358,0.9885455
eemzl2e,surprise,surprise,0.16297485,0.006375355,0.08335807,0.19052751,0.055639543,0.5011247
een00qw,surprise,surprise,0.17491563,0.0033126022,0.0010892713,0.006378586,0.00574355,0.80856043
een0455,surprise,surprise,0.004530703,0.0011377881,0.0012503226,0.0014403289,0.0022272433,0.9894135
een1g5f,joy,joy,0.0014883672,0.00025724148,0.00028851416,0.9970385,0.00031544195,0.0006119853
een1ghy,joy,joy,0.003289045,0.0010428721,0.00059619447,0.9758204,0.0011786534,0.018072808
een1ok9,sadness,sadness,0.004884743,0.0016648365,0.0010107575,0.0045608077,0.9862081,0.0016708003
een1rib,joy,joy,0.002300828,0.00024223009,0.0002980018,0.99589145,0.00066667836,0.0006008153
een1ybe,surprise,anger,0.83537996,0.012117825,0.0027391876,0.025608422,0.007536276,0.116618335
een27c3,joy,joy,0.00081587775,0.00019316115,0.0003451393,0.99781656,0.00024134116,0.0005878648
een2amm,joy,anger,0.45676032,0.0030038676,0.0022931064,0.27809167,0.23509215,0.024758853
een2x1g,joy,joy,0.001212761,0.00017149858,0.00022663735,0.99730384,0.00047131066,0.000613874
een36bb,joy,joy,0.068164185,0.002319529,0.0006876946,0.9214899,0.0020851456,0.005253501
een3eno,joy,surprise,0.006125985,0.0017541067,0.0133650685,0.2926351,0.0029486262,0.6831711
een4bz6,joy,joy,0.0226227,0.0004436964,0.0009031212,0.96204126,0.00097347744,0.013015715
een51co,joy,surprise,0.16009897,0.0015733168,0.0017877942,0.2678373,0.009350491,0.55935216
een5nkr,joy,joy,0.23612136,0.0014445706,0.001958156,0.6352142,0.01874358,0.10651817
een5omm,surprise,sadness,0.14203525,0.0062650973,0.014664053,0.07047825,0.58375776,0.18279953
een66z9,joy,joy,0.014975039,0.0003995332,0.00107089,0.96336734,0.0068267183,0.013360376
een6klz,joy,joy,0.00065480685,0.00026062506,0.00042737921,0.99734026,0.00026571171,0.001051257
een74b9,joy,joy,0.0011463598,0.00024379516,0.0005303768,0.9965586,0.0002798777,0.0012409511
een7w2f,joy,joy,0.0008161121,0.00027202227,0.00037400375,0.99764687,0.00035131018,0.0005396818
een85dk,sadness,sadness,0.0053056157,0.001521336,0.0017801796,0.0039400943,0.98543894,0.0020138547
een8hbz,anger,anger,0.9715414,0.015423021,0.002087932,0.0017090414,0.0069283606,0.0023102134
een8qoq,joy,joy,0.0033864425,0.00032757528,0.00036223055,0.9888565,0.00034505528,0.00672213
een8twr,surprise,joy,0.0028671,0.0003692639,0.00044456474,0.9905968,0.004357574,0.0013647848
een8yx4,joy,joy,0.0007675208,0.00019948864,0.00027884688,0.99758935,0.00021789019,0.0009469341
een9jy5,surprise,joy,0.0211272,0.0075171567,0.0017289383,0.7328128,0.005198976,0.23161486
een9vzv,joy,joy,0.001198923,0.00018306488,0.0002842257,0.9974751,0.00039784666,0.00046080808
eena3p8,joy,joy,0.010135698,0.00032175626,0.0006203396,0.9834148,0.001959413,0.0035480058
eenayzd,anger,anger,0.9129478,0.005009444,0.008376536,0.019869866,0.042656228,0.011140138
eend1bo,surprise,surprise,0.016341317,0.002027248,0.0010566378,0.0023159937,0.004333986,0.9739248
eendj7s,sadness,sadness,0.00724297,0.003751327,0.0048937285,0.030642284,0.94093955,0.012530107
eendsgh,anger,joy,0.096956916,0.0010747401,0.0058952295,0.8224268,0.0056589423,0.067987375
eendx2p,sadness,sadness,0.19221364,0.00730302,0.004125594,0.013719698,0.6479954,0.13464262
eenejq5,joy,joy,0.0009836233,0.00029611084,0.00035433035,0.99737716,0.00020164042,0.0007871316
eenex1i,joy,joy,0.0010086856,0.0003004195,0.0004651688,0.9971486,0.00042682787,0.0006503229
eenf345,joy,anger,0.5998157,0.0039508385,0.0034364725,0.02452291,0.040631175,0.32764283
eenfgny,sadness,sadness,0.012319862,0.007017651,0.0031672174,0.012775681,0.96211624,0.0026032913
eenfn82,anger,anger,0.6342801,0.01460274,0.0018018717,0.057743803,0.25626108,0.03531049
eeng6wv,joy,joy,0.00090435223,0.00021096085,0.0003375639,0.9976554,0.0002694705,0.0006222373
eengbtw,sadness,sadness,0.0021905825,0.0019702632,0.0034526784,0.009631727,0.98138875,0.0013660876
eengq64,sadness,surprise,0.011231098,0.0012370961,0.0023738125,0.0030067575,0.005005805,0.97714555
eenhisb,joy,joy,0.003964912,0.00023872995,0.00035597096,0.99213564,0.00041726948,0.0028873906
eenhium,anger,anger,0.77222407,0.005472085,0.005351514,0.017113548,0.049471155,0.15036769
eenhnz1,joy,joy,0.0014369328,0.0002078316,0.00030598955,0.9966176,0.0002500538,0.0011816353
eeni20a,anger,joy,0.0023269064,0.00020044348,0.00027640184,0.996151,0.0004124829,0.0006328204
eenipjj,surprise,surprise,0.018221496,0.0014922279,0.0008510985,0.001683258,0.0036232378,0.9741287
eeniru2,joy,joy,0.0006456794,0.00021847876,0.00036232115,0.99790776,0.00026858205,0.0005972709
eenj7az,surprise,surprise,0.004203002,0.0008004769,0.001693313,0.060157448,0.0039986395,0.92914706
eenj9ty,joy,anger,0.9054386,0.009171178,0.00080900895,0.055741627,0.020404179,0.0084354635
eenjasg,anger,anger,0.97072864,0.00592,0.0010899222,0.0044631674,0.009203957,0.0085941935
eenk2g6,joy,joy,0.0009539153,0.00021039863,0.00035734233,0.9971244,0.00020158991,0.0011524128
eenk8fc,joy,joy,0.00088547793,0.00021059821,0.00030229727,0.9977457,0.00027663505,0.0005792849
eenkrlp,joy,joy,0.00071522075,0.00020410711,0.00029459246,0.997898,0.0003841509,0.00050393236
eenkzpv,joy,anger,0.7966351,0.003314459,0.0012238045,0.14773914,0.043079957,0.008007516
eenl5g0,joy,joy,0.0039359014,0.00024255324,0.00042444502,0.99351513,0.000719102,0.0011627631
eenla3k,joy,joy,0.0007308087,0.00020249495,0.00034227446,0.99751246,0.00034354185,0.00086839736
eenlyqf,joy,joy,0.0009703105,0.00018854624,0.00022650916,0.99746823,0.00030531434,0.00084107707
eenlzpm,joy,joy,0.0006678101,0.00016216606,0.00031088188,0.99585056,0.00033465802,0.0026739228
eenmlsv,joy,joy,0.0006753424,0.00021416118,0.0003279306,0.9978816,0.0002655797,0.0006353179
eenn9ut,anger,anger,0.7641083,0.0037822137,0.0034975102,0.021046462,0.022013517,0.18555194
eenni73,joy,joy,0.0005848196,0.00023772953,0.0003844122,0.9978229,0.000279075,0.0006911518
eeno43u,anger,joy,0.019260634,0.00040776344,0.0008695125,0.92070955,0.013935651,0.044816922
eenolta,joy,joy,0.0012610845,0.00017036514,0.00038924272,0.9963445,0.0011075778,0.0007272584
eenor4z,joy,joy,0.00070272596,0.00025382487,0.00034899657,0.9961116,0.0002246845,0.0023582478
eenq2c7,joy,joy,0.00055984844,0.00024358969,0.00057356426,0.9974789,0.00032763198,0.00081644754
eenqev4,joy,joy,0.0010254881,0.0002795876,0.0005792135,0.99567574,0.00024174033,0.002198217
eenqj7j,joy,joy,0.0010968001,0.0003376976,0.0003724702,0.99741155,0.00028361057,0.0004979463
eenr0w1,joy,joy,0.027267333,0.0006696498,0.0023217252,0.85831493,0.0045087812,0.10691759
eenrgcy,joy,joy,0.0009017731,0.0002017779,0.00034260593,0.99754614,0.00041710088,0.0005905214
eenrppf,joy,joy,0.0040125665,0.0003020777,0.0007738596,0.9827335,0.010133381,0.0020447406
eens4w2,anger,anger,0.9455369,0.009495899,0.0055913287,0.008489498,0.025041375,0.0058449972
eensmw1,joy,joy,0.019868704,0.00042980784,0.00030026748,0.9760315,0.0011988063,0.0021709255
eent12k,joy,joy,0.004114666,0.00021507454,0.00041594278,0.99403715,0.0005239352,0.0006931666
eenuscg,surprise,sadness,0.1953069,0.008502466,0.0065325405,0.009355906,0.5571466,0.22315554
eenv5xe,anger,surprise,0.27617538,0.0039483043,0.015230319,0.09888631,0.03064496,0.57511467
eenvgkg,joy,joy,0.0021967045,0.00025226062,0.00064092816,0.99066895,0.005183528,0.0010576923
eenw11k,joy,joy,0.0010560311,0.00017071229,0.00026127012,0.997426,0.00029280354,0.0007932135
eenwb0b,anger,anger,0.54353666,0.002363923,0.001945276,0.38660842,0.03454227,0.03100343
eenwoge,surprise,surprise,0.07641073,0.0024595594,0.0014827072,0.050962415,0.009048623,0.85963595
eenxh4a,sadness,sadness,0.25315195,0.00805286,0.002082015,0.02205537,0.7076441,0.0070136287
eenxiah,anger,anger,0.73167264,0.005056091,0.004936153,0.061272964,0.13403602,0.0630261
eeny0en,joy,joy,0.00094495196,0.00023361559,0.00033570695,0.99699855,0.00024405822,0.0012431613
eeny1cd,joy,joy,0.00069027935,0.00017760221,0.00023671768,0.9973647,0.00033236766,0.00119842
eenz94y,joy,anger,0.48517343,0.0025521433,0.005031849,0.4519867,0.03332488,0.021931026
eenzbzc,surprise,surprise,0.005660343,0.001027442,0.001124196,0.0021141868,0.0013534474,0.9887205
eenzftl,joy,joy,0.0008877886,0.00014203119,0.00035374713,0.996506,0.0003111209,0.0017993515
eenznzu,joy,surprise,0.020119432,0.0027696993,0.0046722433,0.28908125,0.0071514915,0.6762059
eenzzya,joy,joy,0.00088183663,0.00015674,0.00022844282,0.99754375,0.00024636966,0.0009428944
eeo0313,disgust,sadness,0.05020936,0.05668262,0.006130556,0.016032295,0.866831,0.004114234
eeo0if0,joy,joy,0.0007328071,0.00018215143,0.00029184765,0.99783355,0.00027284934,0.0006867957
eeo2hxb,joy,joy,0.0019795226,0.00020488574,0.00041814792,0.99329454,0.002903388,0.0011994515
eeo2nvr,fear,sadness,0.06989061,0.020741727,0.01915511,0.0013840103,0.8806779,0.008150708
eeo3350,joy,joy,0.0013290966,0.00016694915,0.00035493358,0.9971596,0.00035010686,0.0006392996
eeo3cit,joy,joy,0.066681705,0.000609304,0.000804124,0.91101253,0.0018881055,0.019004228
eeo3qie,joy,joy,0.0006886089,0.00016670441,0.00023859159,0.9974323,0.00031930738,0.0011545555
eeo4djd,sadness,sadness,0.036220677,0.0025455712,0.0044370997,0.12423872,0.80146146,0.031096373
eeo4ds5,joy,surprise,0.021278813,0.001644816,0.0010230807,0.003327663,0.0032798676,0.9694457
eeo4py6,joy,joy,0.011024284,0.00051016203,0.001212333,0.9790344,0.0004901497,0.007728611
eeo4v2x,sadness,anger,0.46497023,0.015098195,0.0054746405,0.025389854,0.2998449,0.18922211
eeo579q,anger,anger,0.8372146,0.00561431,0.0022475764,0.10310626,0.017315704,0.03450154
eeo5b2w,surprise,surprise,0.015967289,0.0011657728,0.0019716949,0.047623344,0.0070271078,0.92624485
eeo7rbo,sadness,sadness,0.0023638045,0.0018036697,0.0018786344,0.0042419825,0.98855245,0.0011593988
eeo8o20,joy,joy,0.00092844357,0.00022333447,0.0003382786,0.997678,0.0002603848,0.0005716021
eeo8xtq,joy,joy,0.0012761708,0.00016767967,0.00025052988,0.9973405,0.00038685175,0.00057820504
eeo9sv9,fear,fear,0.003949633,0.008062051,0.9776084,0.0031413618,0.0045788498,0.0026597106
eeo9xqt,sadness,anger,0.433583,0.024306132,0.011984731,0.0067551956,0.122778736,0.4005922
eeoam8i,joy,joy,0.00066891266,0.0001918398,0.00027564957,0.99790925,0.00035434263,0.0005999395
eeoc9h5,joy,joy,0.01592539,0.0014072387,0.00084497844,0.92013687,0.0021069665,0.059578568
eeodyop,joy,joy,0.0045784004,0.0002478389,0.00055800384,0.9915537,0.0018569119,0.0012051048
eeoe6z5,surprise,surprise,0.0041460334,0.0009615788,0.0010067557,0.003749092,0.0016256188,0.98851097
eeoeieg,sadness,anger,0.7893372,0.0069140336,0.0034654292,0.015966862,0.16837148,0.01594495
eeog1cz,anger,anger,0.9788126,0.0057747434,0.0006331304,0.005345906,0.0058883224,0.0035453606
eeog3ye,joy,joy,0.0018201704,0.00022524149,0.00026188043,0.9961479,0.00082574773,0.0007191064
eeohwnd,joy,anger,0.8069381,0.0061601494,0.0016825597,0.13862658,0.013724999,0.03286758
eeohwow,joy,sadness,0.007972788,0.0021087723,0.0010490172,0.004251712,0.9819047,0.0027130537
eeoj6m1,joy,anger,0.8627019,0.0026640382,0.0013499974,0.05647369,0.023301823,0.053508505
eeojs7e,joy,joy,0.0008761656,0.00020364884,0.00034168115,0.9977106,0.00031217118,0.00055577466
eeok334,surprise,surprise,0.011268589,0.0039056637,0.0035075112,0.0048935544,0.016140193,0.9602845
eeok66g,joy,joy,0.0009011548,0.00018848105,0.00031607982,0.9976864,0.00041860595,0.00048927934
eeok6k4,joy,joy,0.0009251757,0.00021887872,0.00032163394,0.99767536,0.0003638804,0.00049506983
eeok732,fear,fear,0.009346001,0.008403687,0.95094484,0.011621423,0.007239048,0.012445058
eeok9b7,anger,anger,0.9632996,0.0028532355,0.001245551,0.012388228,0.007014669,0.013198776
eeol0wf,joy,joy,0.0030235143,0.00034421936,0.0003494117,0.99519205,0.0003700954,0.0007207503
eeoltdq,joy,joy,0.009530329,0.00043759873,0.0010346016,0.9454099,0.008452733,0.035134815
eeombpe,joy,joy,0.008105087,0.0004655372,0.00039148473,0.9888521,0.0005219244,0.0016638356
eeomm4p,anger,anger,0.95590746,0.023049224,0.003911617,0.0018939055,0.011500563,0.0037370895
eeomopr,surprise,joy,0.015449695,0.00045402205,0.0009334034,0.90872896,0.017293599,0.057140384
eeoocug,joy,joy,0.051154222,0.00095439004,0.0006571342,0.92310154,0.019642245,0.004490383
eeooxcn,joy,joy,0.00086642976,0.00017582758,0.00039982633,0.9968225,0.00059436256,0.0011410807
eeopdsk,anger,joy,0.39628923,0.009516513,0.003137779,0.47025773,0.029265517,0.091533296
eeoro3s,joy,joy,0.0007264198,0.00015260544,0.00037908636,0.9975217,0.00049469847,0.00072542386
eeosp04,surprise,joy,0.0038410162,0.0007950714,0.0011742926,0.7877174,0.0023170996,0.20415506
eeoss22,anger,joy,0.09590768,0.0019989223,0.0009562065,0.8898918,0.0060351756,0.0052101887
eeosy67,anger,anger,0.9570208,0.005441968,0.0014875414,0.021490563,0.010135031,0.004424086
eeovgsz,joy,joy,0.0008299104,0.00028971222,0.0004658589,0.9967829,0.00020831279,0.0014232827
eeovi8o,joy,joy,0.0006709673,0.00014826687,0.00043075267,0.99753606,0.0005530122,0.0006609455
eeovtxf,anger,anger,0.9557678,0.0049979314,0.0011359325,0.0037955195,0.0043860325,0.029916804
eeowagf,surprise,surprise,0.004626738,0.0009558797,0.0008389542,0.012293654,0.0010665603,0.9802183
eeowejn,anger,anger,0.95049435,0.005344935,0.0007940791,0.031584557,0.008090126,0.0036919094
eeowhvz,joy,joy,0.005287889,0.0002192806,0.0003788894,0.9901168,0.0006698682,0.003327356
eeowi6x,joy,joy,0.0016399404,0.0006475475,0.0029366151,0.99137104,0.0008334565,0.0025715064
eeowiho,anger,anger,0.63568103,0.009881356,0.026155002,0.06598475,0.20145176,0.060846128
eeowt5i,surprise,surprise,0.0060049426,0.0010240312,0.0010315796,0.0012644095,0.0016974014,0.9889776
eeoyehn,joy,joy,0.000892065,0.00020400572,0.00029729432,0.9974318,0.00027345048,0.0009013249
eeoyh5k,joy,joy,0.028995613,0.0006881512,0.0008348663,0.9264508,0.007875139,0.03515539
eeoyqjj,joy,joy,0.0015134655,0.00019914305,0.00029176092,0.9969188,0.0003077668,0.00076900516
eeoznu0,surprise,surprise,0.0029966368,0.00096871605,0.0010716274,0.0023577323,0.0011908584,0.99141437
eep0px2,anger,anger,0.88056886,0.005421986,0.005121514,0.06406309,0.03399699,0.010827639
eep0yua,anger,anger,0.9809343,0.008768887,0.0018245374,0.0025285287,0.0037877236,0.0021559985
eep1k4i,joy,surprise,0.0056269523,0.00149856,0.001959209,0.30534625,0.0013730363,0.68419594
eep1xg1,surprise,surprise,0.07280893,0.0032307396,0.0041678497,0.36828217,0.0040145153,0.5474958
eep2csd,sadness,anger,0.886452,0.009564733,0.0012824851,0.025416544,0.07322749,0.004056739
eep3l5x,surprise,surprise,0.0034475988,0.0017370244,0.0011567364,0.0019564163,0.0010737098,0.99062854
eep620c,joy,joy,0.0008168801,0.0002195727,0.00040815657,0.99767286,0.0002914305,0.00059112045
eep65rk,sadness,anger,0.8348707,0.0052522332,0.0041728187,0.059337135,0.027000202,0.06936691
eep6eff,joy,joy,0.0015435426,0.00035292975,0.00056310813,0.9932509,0.00039949716,0.003889938
eep6exv,anger,anger,0.9698029,0.004257503,0.0009755647,0.003464352,0.0057277223,0.015771922
eep6z96,joy,joy,0.13156438,0.0019199299,0.007441857,0.44382873,0.009888805,0.40535635
eep6zs7,joy,joy,0.0031040122,0.00019912775,0.00039202746,0.9942616,0.0005534487,0.0014897328
eep70hm,joy,joy,0.0010863378,0.00022848406,0.00036726633,0.9974746,0.0002852436,0.00055807387
eep85vg,anger,anger,0.9111161,0.0051636947,0.0012423404,0.011073979,0.05578683,0.015617073
eep877a,joy,joy,0.0012262735,0.0001862209,0.00068165193,0.9964761,0.00035585227,0.0010738699
eep93x6,surprise,surprise,0.005654916,0.0012213244,0.0010509992,0.0017990355,0.0015700875,0.98870367
eep99wl,joy,joy,0.000855707,0.000250795,0.0003706261,0.99768317,0.0002753294,0.00056439615
eep99xq,joy,joy,0.0010937352,0.000188147,0.00028322134,0.99747986,0.0002802575,0.00067479146
eep9db2,fear,fear,0.025487686,0.017459655,0.91876024,0.010217514,0.011316684,0.0167582
eep9j3g,surprise,surprise,0.020555472,0.0015627953,0.0013572965,0.39833623,0.003387457,0.5748008
eepb46i,joy,joy,0.0007320269,0.00018410535,0.00032594745,0.99743396,0.0006834729,0.0006405484
eepbfcd,joy,joy,0.0013105015,0.00018240792,0.00026369066,0.9971443,0.0002483472,0.0008507487
eepcbjy,anger,anger,0.97574234,0.0084922565,0.002131472,0.003130433,0.0054854685,0.005018006
eepd3y7,surprise,surprise,0.01011106,0.0012495999,0.0006515664,0.0016536032,0.0012883439,0.98504573
eepdzpp,joy,joy,0.021474335,0.00046239595,0.0012066887,0.96005034,0.010630418,0.0061757686
eepe900,joy,joy,0.0017972963,0.00028237456,0.0003242548,0.9883604,0.0002830699,0.008952638
eepepim,joy,joy,0.08012739,0.00088263233,0.0031710933,0.8668345,0.0023604464,0.046623994
eeperr0,joy,joy,0.0010173924,0.00020395318,0.00030684055,0.99747735,0.00031979693,0.0006746865
eepf0tj,joy,joy,0.00075771543,0.00017205636,0.00029989885,0.9971269,0.00082652696,0.0008169728
eepfrq6,anger,anger,0.8752238,0.0030782868,0.0029697162,0.06745948,0.013277251,0.0379915
eepfvt8,joy,joy,0.0011457446,0.00023034815,0.00024928292,0.99680907,0.00028267966,0.0012827839
eepfzt1,joy,joy,0.0029956189,0.00023732756,0.00055490265,0.9941057,0.00027357377,0.0018329034
eephfi0,joy,joy,0.0015586237,0.00020656208,0.00027836606,0.9969619,0.00027050424,0.0007240636
eephj7r,surprise,surprise,0.0073086214,0.0006582789,0.0008184511,0.036287025,0.002696265,0.95223135
eepiaa0,joy,joy,0.0006749199,0.00018632034,0.00032865535,0.9976654,0.00022547213,0.0009192629
eepitil,joy,joy,0.004049572,0.0002266601,0.00039452378,0.9911704,0.0025634267,0.0015954741
eepixdk,sadness,sadness,0.38886136,0.01057632,0.0044120727,0.015519426,0.55056196,0.030068858
eepj41s,anger,joy,0.027616084,0.0006140092,0.002153412,0.9107322,0.0025613343,0.05632295
eepjh9a,joy,joy,0.001314412,0.00019865594,0.00029067195,0.99676764,0.00044391578,0.0009847509
eepjxwo,anger,anger,0.9147549,0.042530026,0.003114255,0.002352215,0.031075276,0.006173209
eepk5hk,sadness,sadness,0.0037997586,0.004072183,0.0040521156,0.0059186565,0.9796147,0.0025426345
eepke7q,anger,sadness,0.36375323,0.019258773,0.0026198928,0.026438527,0.571103,0.016826576
eepknk1,joy,joy,0.00072480756,0.00014948037,0.0002624996,0.9973821,0.00042056738,0.0010605864
eepl32s,joy,joy,0.05879354,0.0010890507,0.0008952265,0.9325691,0.00090786244,0.0057452484
eeplpi4,anger,anger,0.9714263,0.0062606386,0.0026062187,0.0064935717,0.004874907,0.008338304
eeplxpy,surprise,surprise,0.020657016,0.0020836499,0.00089290563,0.0012669418,0.0025544425,0.9725451
eepmbkz,sadness,sadness,0.14703988,0.012944526,0.0075151706,0.021212285,0.75906324,0.052225005
eepmx94,sadness,anger,0.77473277,0.007775442,0.006825292,0.020508856,0.12688856,0.063269034
eepmyku,disgust,anger,0.84514767,0.078961864,0.0029462324,0.017553808,0.041313928,0.014076481
eepnjv3,joy,anger,0.77239215,0.008014827,0.0397726,0.0950081,0.05210969,0.032702588
eepnmkt,surprise,surprise,0.019005798,0.0015986341,0.00086727075,0.0015802875,0.0021018037,0.9748463
eepnpvt,joy,joy,0.00097061455,0.00016225083,0.0002631314,0.99609935,0.00028866885,0.00221593
eepnytt,anger,anger,0.977103,0.0056012543,0.00085756864,0.0058790133,0.006253435,0.00430582
eepo4im,sadness,sadness,0.0059078378,0.0018320758,0.011016671,0.0057699834,0.9719365,0.003536973
eepodwz,joy,joy,0.0055485526,0.00021914352,0.0003808948,0.99116385,0.00086057524,0.0018269808
eepoje6,joy,joy,0.0008930356,0.00022749063,0.00037012048,0.99766576,0.00029876456,0.00054486335
eepp10v,joy,joy,0.0011240068,0.00020519193,0.00032222967,0.99726,0.00025856792,0.00083002856
eepplui,joy,anger,0.6531968,0.002911531,0.0035431134,0.27961054,0.051269893,0.0094681
eepppvq,joy,joy,0.001112284,0.00017580787,0.0002754598,0.9973137,0.00028968632,0.00083312736
eeppqrx,joy,joy,0.00079211936,0.00020750379,0.0005543845,0.9954737,0.0017458455,0.0012265191
eepq3b9,surprise,surprise,0.026013557,0.0029710142,0.0054439274,0.07018414,0.0044513564,0.8909359
eepqeks,sadness,sadness,0.0030173406,0.0020535532,0.0013175029,0.004307775,0.98745894,0.0018448926
eepr2mj,joy,joy,0.004481052,0.0011582316,0.0022664361,0.74388814,0.0018197653,0.24638642
eeprh4z,sadness,sadness,0.0039910143,0.0014433669,0.003291901,0.0077621327,0.9794207,0.004090803
eeps04t,joy,joy,0.00082176033,0.00024310018,0.00033888902,0.9977393,0.0002808029,0.00057616713
eepsf4w,joy,joy,0.0008051154,0.00014398171,0.00032458326,0.9961499,0.0011464597,0.0014299641
eept8vo,joy,joy,0.0006853262,0.00020641947,0.0003212197,0.99740297,0.00022929188,0.0011547225
eepuafr,joy,joy,0.0005155563,0.00021278951,0.0007573542,0.9949287,0.0016529148,0.0019326699
eepv502,joy,joy,0.20939146,0.0012889975,0.00084668,0.77717113,0.0018531486,0.009448589
eepv6z6,joy,joy,0.0010670989,0.00023815088,0.0003543749,0.99648666,0.0002777869,0.0015759184
eepvlky,anger,anger,0.9142397,0.012113856,0.00083516916,0.007832658,0.059067994,0.0059107626
eepvux0,joy,anger,0.7617163,0.002251978,0.0018661366,0.17800446,0.03428145,0.021879667
eepw8kg,sadness,anger,0.5988253,0.27647972,0.012393096,0.02301403,0.08480917,0.0044786874
eepwisg,joy,joy,0.0008213124,0.00023164689,0.00036282715,0.99748176,0.00022002403,0.00088240346
eepwoaz,joy,joy,0.00071029534,0.00021530995,0.00038604884,0.9978375,0.00024244362,0.00060845516
eepxo6f,joy,joy,0.0014696971,0.00020842986,0.0002378558,0.9966557,0.00023044103,0.0011977737
eepyctq,sadness,anger,0.76051545,0.10149285,0.0042596855,0.03132593,0.0747031,0.027702983
eepypj0,surprise,surprise,0.01574756,0.0013568819,0.0014485993,0.028977575,0.0013914121,0.951078
eepze44,joy,joy,0.0014667208,0.00021883285,0.00025081512,0.99628556,0.0008006612,0.0009773889
eepzvmb,sadness,sadness,0.02756425,0.002314755,0.0053024623,0.37955317,0.4278485,0.15741692
eepzxxq,anger,joy,0.42315367,0.0016442245,0.001842695,0.49137387,0.007619806,0.0743657
eeq0bok,joy,joy,0.0013538076,0.00027186325,0.00026308486,0.997134,0.00023211268,0.00074521196
eeq0w9l,sadness,sadness,0.00396675,0.0018367771,0.0016265527,0.0024275188,0.98811764,0.002024703
eeq2jws,anger,joy,0.003598579,0.00024906738,0.0012316597,0.98425007,0.006645326,0.0040253466
eeq2rip,joy,joy,0.012427119,0.001955614,0.0014581339,0.6534841,0.0010700307,0.32960504
eeq34vi,anger,sadness,0.017433172,0.014392034,0.0014445711,0.0045436486,0.9587729,0.0034137587
eeq36jl,anger,disgust,0.41576368,0.5210968,0.009021257,0.028176017,0.020474153,0.005468163
eeq4atl,joy,joy,0.0027689692,0.00017707507,0.00022350725,0.9919891,0.0006585511,0.0041828714
eeq5s2j,sadness,sadness,0.006460967,0.008664107,0.015837042,0.005124223,0.9588202,0.00509347
eeq5svu,joy,joy,0.0011223451,0.00014767375,0.00042229792,0.99569315,0.0017543746,0.0008601832
eeq5v95,surprise,surprise,0.019686015,0.00082896533,0.0012668808,0.020113505,0.0037948021,0.9543099
eeq6eoc,joy,joy,0.0013097128,0.00019038859,0.00028657107,0.9972012,0.0002811784,0.0007309705
eeq6hyt,anger,anger,0.97688395,0.005534057,0.00084712467,0.008847127,0.003637416,0.0042503444
eeq6u4m,anger,anger,0.9836611,0.0058574025,0.0014245779,0.002892863,0.0032598479,0.0029041425
eeq8b9u,surprise,surprise,0.035949517,0.0013388931,0.0016452285,0.2553367,0.0044944473,0.7012352
eeq8e1r,sadness,sadness,0.0057030036,0.0019029748,0.001098631,0.0053136507,0.9843051,0.0016766649
eeq8k2l,sadness,surprise,0.107037775,0.004490709,0.003623248,0.018915463,0.41893613,0.4469967
eeq8xot,joy,joy,0.0007191917,0.00018791246,0.00036550168,0.99782723,0.00037796213,0.00052216754
eeq9jfv,joy,anger,0.57092106,0.009083192,0.008065791,0.12013122,0.15113455,0.14066416
eeq9w4n,sadness,sadness,0.018929178,0.0061347103,0.008083648,0.0040531764,0.9606709,0.002128396
eeq9xpp,joy,joy,0.029400697,0.0006276085,0.00075460086,0.9660116,0.0020613875,0.0011441282
eeqaboc,anger,anger,0.9529364,0.017267631,0.006288969,0.012030579,0.0067631844,0.004713231
eeqadix,surprise,surprise,0.0028066703,0.0016202406,0.0014550146,0.0010429845,0.0013077136,0.99176747
eeqb4x1,joy,joy,0.029093338,0.0030096478,0.0020367268,0.7438657,0.09636111,0.12563348
eeqbgfq,joy,surprise,0.17524908,0.0026188304,0.002071948,0.0902336,0.009397073,0.72042954
eeqbhhk,surprise,surprise,0.0165427,0.003587263,0.013906887,0.010594796,0.1628583,0.79251003
eeqc1c5,joy,joy,0.009570214,0.0017292209,0.06642081,0.9163369,0.0021347112,0.0038081591
eeqcgpq,joy,joy,0.007497294,0.00030262355,0.0012586068,0.9706825,0.004006854,0.016252166
eeqd2xd,surprise,surprise,0.011334703,0.0017003734,0.0011703632,0.0015640063,0.0023774789,0.9818532
eeqdkqm,joy,joy,0.006201283,0.00062110816,0.00043374233,0.98984027,0.00043369454,0.0024700123
eeqeoxy,joy,surprise,0.045062717,0.0021785046,0.0028555316,0.02896082,0.0058939448,0.91504854
eeqf950,joy,joy,0.0009812514,0.00030212637,0.00037873656,0.9972729,0.00025076052,0.0008142512
eeqfcf2,joy,joy,0.0034705482,0.00048108626,0.0012754558,0.91501933,0.027767994,0.051985618
eeqg19m,disgust,anger,0.8414998,0.013457057,0.008299307,0.020515267,0.05704429,0.059184257
eeqgtew,anger,joy,0.08786253,0.002218664,0.011245969,0.6487935,0.11818002,0.1316993
eeqgth6,anger,anger,0.97919476,0.0082736565,0.0009366296,0.0034145913,0.0053519043,0.0028284653
eeqgtl9,joy,anger,0.9391896,0.0031540543,0.00077321846,0.043330915,0.0062460434,0.0073061893
eeqh3yz,anger,anger,0.97373116,0.0027993394,0.0011538117,0.017734129,0.002485503,0.0020961594
eeqi1ce,joy,surprise,0.31494403,0.002533757,0.0026999596,0.052621517,0.019793617,0.60740703
eeqiqit,joy,joy,0.022787733,0.00057625776,0.00047678457,0.9722696,0.0027746356,0.001114982
eeqiyco,anger,anger,0.72499317,0.009270115,0.012534173,0.026110731,0.2105687,0.01652308
eeqjcr9,joy,joy,0.0015813705,0.0002179661,0.0003314287,0.99621767,0.00021443114,0.0014371489
eeqjo22,anger,anger,0.8162039,0.004302758,0.0015619554,0.0105593605,0.007232824,0.16013922
eeqknzr,joy,surprise,0.02222768,0.0021523274,0.0017375137,0.06826176,0.023176959,0.8824437
eeqllta,joy,joy,0.0015724003,0.0006096151,0.001381829,0.94530314,0.000774568,0.050358407
eeqlp8r,anger,anger,0.9590442,0.005643395,0.0024151467,0.014166274,0.011155258,0.0075757136
eeqmfii,joy,joy,0.0007632209,0.00022809015,0.00062984764,0.9932198,0.00076199765,0.004397138
eeqp4c1,joy,joy,0.005106145,0.0006084966,0.003603293,0.9504275,0.014914284,0.025340358
eeqpbm0,anger,anger,0.97089744,0.012744527,0.0015249725,0.0020466025,0.010209262,0.0025771868
eeqqhxu,joy,joy,0.00351239,0.00036718036,0.00029935827,0.99235815,0.00054888026,0.0029140473
eeqqtjw,joy,joy,0.0011185061,0.00035086702,0.000688765,0.98703533,0.00028829157,0.010518195
eeqr0jo,joy,joy,0.0013741,0.00027147814,0.00033996947,0.99623054,0.00023781102,0.0015459924
eeqr1ex,joy,anger,0.7554161,0.00500689,0.0054448987,0.12712748,0.06566294,0.04134163
eeqr8n9,joy,joy,0.0012704779,0.0002548936,0.0003779397,0.9972644,0.00046830386,0.00036406209
eeqrh52,joy,joy,0.0016256933,0.00021406058,0.000244756,0.9969013,0.00033988262,0.0006744081
eeqrjr3,joy,joy,0.0007282137,0.0003498055,0.0005970159,0.9929454,0.0003566817,0.0050229644
eeqroej,joy,joy,0.00080393744,0.00015913886,0.0002325437,0.99773645,0.00033894918,0.00072898244
eeqs5mv,joy,joy,0.0017642824,0.0001966835,0.0003116147,0.9961211,0.00096979976,0.0006364098
eeqsgrd,joy,joy,0.0010597239,0.00015917019,0.00023493294,0.99727076,0.00035462773,0.00092071417
eeqstmt,surprise,surprise,0.024690645,0.0021639548,0.0016521724,0.0024437048,0.008301051,0.96074843
eeqt7nk,joy,joy,0.022708027,0.0012962772,0.0013654358,0.9650388,0.0010790171,0.008512486
eeqtb4u,joy,joy,0.0008949457,0.0002641426,0.00036194935,0.99754804,0.00020205982,0.0007288434
eeqtzwl,anger,anger,0.90529084,0.0033155305,0.0015549273,0.027809609,0.013880304,0.04814871
eequesp,joy,joy,0.034091525,0.0011434071,0.0031095273,0.8935259,0.041990712,0.026138918
eeqvepc,anger,anger,0.83706564,0.003891076,0.0014568432,0.042230062,0.004056364,0.11130001
eeqvog9,surprise,joy,0.0015359899,0.0005861324,0.00087349967,0.9647056,0.00048042618,0.031818345
eeqwvjl,joy,joy,0.307317,0.0024643326,0.0010615542,0.67304736,0.008862142,0.007247581
eeqxjvo,anger,joy,0.37213993,0.0058693434,0.007518224,0.5651436,0.018711967,0.030616932
eeqxufc,joy,joy,0.001141779,0.00028378484,0.00036435097,0.99725753,0.00025042804,0.0007021037
eeqxzbe,joy,joy,0.00083180564,0.00023204529,0.00031619557,0.9971488,0.00051332806,0.00095778826
eeqy41p,anger,anger,0.96633595,0.0028150543,0.0012625285,0.012154472,0.0051394007,0.0122925555
eeqzfu4,anger,anger,0.45031416,0.004387539,0.0036501249,0.03648456,0.16129263,0.34387097
eer01eq,joy,joy,0.0009463573,0.00018835565,0.0003643753,0.9976361,0.00028690472,0.00057790114
eer0nm8,sadness,sadness,0.0032284807,0.001982042,0.0025374333,0.017951276,0.9717529,0.002547916
eer3dqv,joy,joy,0.020604301,0.0013928778,0.0044465293,0.49198696,0.010232612,0.47133666
eer3gx2,joy,joy,0.0012071914,0.0002572078,0.0003225712,0.9935348,0.0002513953,0.0044268095
eer46vu,joy,joy,0.0020122416,0.00017793433,0.0003123643,0.9959363,0.0008837869,0.0006773069
eer4zkz,joy,joy,0.0018036056,0.00031839812,0.00036377728,0.9963207,0.000330383,0.0008631054
eer54fk,surprise,anger,0.61386734,0.0050536497,0.009884314,0.10195567,0.24810873,0.021130292
eer59d1,anger,anger,0.9711277,0.005784251,0.00081258616,0.0040907958,0.0038166794,0.014367873
eer5v7o,anger,anger,0.915718,0.056671564,0.0019045246,0.0072756168,0.012959187,0.0054710945
eer5voe,sadness,sadness,0.024955213,0.0032035701,0.002472814,0.006213677,0.9592247,0.0039300406
eer5vv4,anger,anger,0.9255963,0.043751165,0.004230793,0.009716933,0.009579674,0.007125129
eer6i44,joy,joy,0.0029046377,0.00022870417,0.00025235338,0.9955745,0.00038647567,0.0006533076
eer79tn,fear,fear,0.0048788222,0.010015836,0.96854603,0.0038627067,0.0059032347,0.006793305
eer7as8,sadness,sadness,0.0060455413,0.001649922,0.0022146131,0.004844659,0.98299015,0.0022551403
eer7dmu,sadness,joy,0.21722482,0.002562292,0.006319314,0.50080913,0.1706394,0.10244504
eer7zky,joy,joy,0.0007337744,0.00020527904,0.0004928603,0.9975883,0.00056148885,0.00041834093
eer88r5,joy,surprise,0.054114223,0.0023039032,0.0045433072,0.42493626,0.0041888086,0.50991344
eer8peo,sadness,sadness,0.23431122,0.0030890447,0.009061487,0.06088808,0.3590018,0.33364835
eer8td5,joy,joy,0.009171264,0.00044391307,0.0010393325,0.9575488,0.006898109,0.024898574
eer99zy,anger,joy,0.13262986,0.0040974836,0.027011521,0.67606676,0.1486334,0.011560999
eer9elt,joy,joy,0.0016366927,0.00033025732,0.00056015817,0.99514514,0.0010082746,0.001319385
eer9kpy,surprise,surprise,0.0058824653,0.001252485,0.002450983,0.00511202,0.004321065,0.980981
eeraknc,sadness,sadness,0.0036678645,0.002185249,0.0018304946,0.0026101556,0.98832905,0.0013771367
eeratai,anger,anger,0.6741353,0.0034592703,0.0037431624,0.077804565,0.06900754,0.17185019
eerau8h,anger,anger,0.8995611,0.004884184,0.0012716666,0.011102134,0.016061932,0.0671189
eerauy2,sadness,joy,0.18768539,0.0021937205,0.023025459,0.71940583,0.04766176,0.02002789
eercjpf,joy,surprise,0.058795363,0.0015281555,0.0013274408,0.32746553,0.004351185,0.6065323
eere8wx,sadness,sadness,0.0020744742,0.0022649271,0.0031655813,0.0041213986,0.9859859,0.0023877805
eerekx1,fear,joy,0.1450178,0.0011516098,0.0038797972,0.59484154,0.028604614,0.22650461
eeren25,anger,anger,0.9804319,0.007143791,0.001854058,0.0059417337,0.002641108,0.0019874668
eerestp,surprise,surprise,0.20465186,0.004278336,0.016316919,0.26667356,0.007268262,0.5008111
eerfbw0,sadness,anger,0.6945762,0.02497562,0.0016280022,0.01842929,0.25299522,0.0073956675
eergt89,joy,anger,0.7105845,0.006299741,0.0046229553,0.12006941,0.07972416,0.07869925
eerilho,joy,joy,0.0008124144,0.00018218142,0.00025747035,0.9968136,0.00027302833,0.00166134
eerjwpy,joy,joy,0.007742117,0.00027601025,0.00039731222,0.98257506,0.003332243,0.0056772516
eerkg2q,joy,joy,0.0010432,0.00016801764,0.00023983189,0.9970945,0.00022768238,0.0012267086
eerlb8c,joy,joy,0.004406435,0.00054083875,0.0005886548,0.9903764,0.0007327388,0.0033549564
eerlirr,anger,anger,0.9325461,0.006082869,0.0015951258,0.015475146,0.026944544,0.017356275
eerlkg6,joy,surprise,0.08965671,0.0020242797,0.0012016902,0.14035496,0.0056541176,0.7611082
eerlu1h,anger,anger,0.9735155,0.0066678654,0.002208974,0.0034497222,0.008472306,0.005685683
eermuec,anger,anger,0.91890484,0.009257451,0.0030711722,0.012243034,0.015315715,0.04120782
eermytl,joy,joy,0.00083392166,0.0002457706,0.0003815829,0.99778193,0.00030541877,0.00045131618
eern7al,surprise,anger,0.6052871,0.0128885405,0.0011219189,0.031796683,0.010941074,0.33796465
eernbku,joy,joy,0.001146793,0.00021816499,0.00029379604,0.99743396,0.00036856567,0.0005387617
eernxm7,joy,joy,0.00087472564,0.00015777204,0.00027450355,0.9973369,0.00024645322,0.0011096369
eernynp,anger,anger,0.66197455,0.010218497,0.004973569,0.052531734,0.1500204,0.12028115
eero5s3,joy,anger,0.89987385,0.010663991,0.0027898198,0.02342926,0.018453266,0.0447898
eeroien,surprise,anger,0.52187884,0.0066425065,0.002923453,0.00935434,0.043034565,0.41616637
eerp62g,anger,anger,0.92550886,0.020653283,0.0013046196,0.006492718,0.04041408,0.005626417
eerpbco,anger,anger,0.50728977,0.15898383,0.013923701,0.007772655,0.30076987,0.011260232
eerplwl,joy,joy,0.0013532729,0.00020792753,0.00039430667,0.9963865,0.00036016124,0.0012978386
eerrsai,anger,joy,0.004562456,0.00058987475,0.0010842481,0.9914597,0.00074954727,0.0015541033
eerrvod,surprise,surprise,0.0056699766,0.0012869104,0.0011109944,0.036816746,0.006859835,0.94825566
eerrzff,anger,anger,0.9511971,0.0060813036,0.0009698907,0.004429034,0.016471474,0.020851303
eers3al,joy,joy,0.0096314605,0.00035451105,0.0003873134,0.9866072,0.00097061903,0.0020489516
eers4o4,sadness,anger,0.7198255,0.026139678,0.011573454,0.007537518,0.22514501,0.009778793
eersrrt,anger,anger,0.95998776,0.0028854588,0.0006868254,0.0175285,0.0044879424,0.014423523
eerst9i,anger,anger,0.6999004,0.0018489013,0.001608857,0.28120813,0.00503681,0.010396926
eert438,joy,joy,0.0032107173,0.0001676803,0.00043794306,0.99422944,0.0005288032,0.0014253696
eerthx1,surprise,joy,0.15326151,0.0022145475,0.0043518436,0.7729619,0.04053376,0.02667635
eertnyo,joy,joy,0.0026734285,0.00018451829,0.0003553254,0.9944225,0.0010053401,0.0013589705
eertojl,anger,surprise,0.22295418,0.009568803,0.002984324,0.02039282,0.107050784,0.637049
eertwes,joy,joy,0.0008901946,0.00025452857,0.0004264546,0.99750334,0.00026059334,0.0006649178
eerudzj,sadness,surprise,0.09320461,0.0031150829,0.0065664216,0.029373787,0.30147132,0.56626886
eerv0m6,joy,joy,0.04516883,0.0007212966,0.0006400678,0.93854415,0.0034990367,0.011426645
eervgj1,joy,joy,0.0012309195,0.00022231106,0.0003995174,0.99647695,0.0004106586,0.0012597092
eervnie,joy,joy,0.00084906444,0.00024491292,0.00049855525,0.9953909,0.0002267084,0.0027897838
eerwcdt,joy,joy,0.0008879768,0.00020120745,0.0002988183,0.99771583,0.00033311214,0.0005630773
eerwnf8,sadness,sadness,0.0057569966,0.0028864467,0.0023333887,0.0051141838,0.9818895,0.0020195134
eerz6sa,joy,joy,0.0009657009,0.00015202926,0.00027894115,0.9973443,0.00064396206,0.0006150621
eerzag0,anger,anger,0.9737517,0.0053518456,0.0016018196,0.0070623346,0.0074857865,0.0047465167
eerzfe2,joy,joy,0.0010408678,0.00020201122,0.00026827707,0.9974498,0.00060533505,0.0004336277
eerzsvn,surprise,surprise,0.009431833,0.0012110043,0.002126122,0.0025980012,0.0028298239,0.9818032
eerzxfz,joy,joy,0.0017059533,0.0003178538,0.00038723808,0.9962997,0.0002805063,0.001008784
ees0ud4,anger,sadness,0.03490382,0.0040635862,0.00152989,0.006233201,0.9508268,0.002442674
ees1loa,anger,anger,0.97755057,0.005177084,0.0011347103,0.004846509,0.00685829,0.00443275
ees2698,sadness,sadness,0.0046095494,0.0040802183,0.0035496352,0.007373718,0.9195208,0.06086601
ees2ln3,joy,joy,0.0026756874,0.00024183046,0.00034921247,0.99476165,0.0010860107,0.0008857175
ees2nj8,joy,joy,0.024799334,0.002118697,0.007439415,0.75462997,0.0073679443,0.20364463
ees4blo,sadness,sadness,0.019078288,0.0136832455,0.011539577,0.0010871461,0.951334,0.0032777947
ees57i9,joy,joy,0.0028480908,0.00018727775,0.00025407353,0.9951315,0.00043230163,0.0011468428
ees5l2x,fear,anger,0.75478095,0.017589973,0.053815406,0.038013387,0.042401347,0.09339895
ees63et,anger,anger,0.97014624,0.0076052905,0.0006642137,0.008849757,0.009198628,0.0035359974
ees6o4z,joy,joy,0.0030329702,0.00042883318,0.0003877978,0.99315107,0.0022287276,0.0007706501
ees7lor,anger,anger,0.80104065,0.005296878,0.0064026467,0.029279346,0.14930055,0.008680022
ees8g9j,anger,anger,0.90768254,0.0029159854,0.0014946235,0.032448813,0.016515136,0.038942926
ees8uv9,anger,anger,0.9150032,0.0038740565,0.002639234,0.014922911,0.02636136,0.037199263
ees911b,anger,anger,0.92034745,0.005456873,0.001602751,0.013154439,0.0394372,0.02000127
ees9dx2,joy,joy,0.0013707684,0.00019936613,0.00031293227,0.99702615,0.00032660062,0.0007642208
ees9f62,sadness,sadness,0.0047981557,0.001868769,0.0013123039,0.008171,0.9811659,0.0026839124
ees9jfz,joy,anger,0.45485723,0.004756205,0.007259751,0.039630126,0.08775804,0.40573865
eesa2xc,joy,fear,0.0068335766,0.0048769624,0.82132757,0.100117475,0.047225963,0.01961839
eesbir0,sadness,sadness,0.008131813,0.002728604,0.003700033,0.0065833963,0.86725366,0.11160252
eesc3l6,joy,joy,0.00094485923,0.00016298021,0.00021908221,0.99735045,0.0005123018,0.00081032026
eescm61,joy,joy,0.0011169522,0.0002341585,0.00028634208,0.99748355,0.00028430324,0.00059472525
eescsuh,sadness,joy,0.040291283,0.0016324325,0.0053631836,0.6477439,0.2961019,0.008867307
eescva7,joy,anger,0.44584236,0.0034009595,0.0038273148,0.43882078,0.0783282,0.02978033
eesde3k,sadness,sadness,0.0021181975,0.0017643602,0.0023084437,0.0041135037,0.98837847,0.0013170682
eesde8k,anger,anger,0.8441415,0.011606868,0.0013142857,0.12059336,0.009108558,0.013235374
eesdglw,joy,joy,0.0009667065,0.00016797695,0.0003002835,0.9968464,0.0002551403,0.0014634746
eese6si,joy,joy,0.001955278,0.0010460354,0.0018793495,0.69314444,0.0016112508,0.30036363
eeseewv,joy,joy,0.0033703914,0.00019382151,0.00046262096,0.99272114,0.00057257124,0.0026793925
eeseeye,joy,joy,0.005372212,0.00022914035,0.00036350827,0.9884234,0.00056618184,0.0050456477
eesetmz,joy,joy,0.0012592705,0.00019015439,0.0016499622,0.994879,0.0007167663,0.0013047664
eesf03a,joy,joy,0.0126732085,0.0012778277,0.010845559,0.572491,0.02609369,0.37661874
eesh37s,anger,surprise,0.46542597,0.00340885,0.003864043,0.045125872,0.013510147,0.46866506
eeshts5,joy,joy,0.0014711423,0.000170505,0.00023457588,0.99710256,0.0003095321,0.00071166555
eeshw22,joy,joy,0.1654146,0.017073387,0.0043808958,0.7529214,0.017062219,0.043147508
eeshw8b,joy,joy,0.0011182671,0.00024402903,0.00035132642,0.997235,0.0002883163,0.00076310476
eesi1o2,joy,joy,0.0014394317,0.00025350036,0.00026272048,0.997013,0.00026440658,0.00076703064
eesiypi,surprise,surprise,0.156412,0.0033340782,0.0015359044,0.27471572,0.005009419,0.5589929
eesiyru,joy,joy,0.00074578513,0.00016984966,0.00028280044,0.9977876,0.00028226044,0.00073157967
eesjchh,joy,joy,0.0023403268,0.00020535794,0.00041160066,0.99082315,0.0011369813,0.005082602
eesjpzb,surprise,surprise,0.011545876,0.0017244155,0.0015058497,0.002283962,0.0052178176,0.97772205
eeslfl7,anger,anger,0.9794556,0.010058239,0.0017847079,0.0029921145,0.0027553088,0.002954066
eeslhys,joy,joy,0.00065889466,0.00025142057,0.00049997325,0.99615365,0.00024230056,0.0021937252
eesmjoo,joy,joy,0.107983865,0.020746183,0.0055868407,0.85378903,0.0036489628,0.00824517
eesmuhv,surprise,anger,0.98064774,0.004278092,0.0007292122,0.0063729133,0.0046659927,0.0033059684
eesmxnx,surprise,surprise,0.06994841,0.0013208053,0.001315163,0.012340453,0.013400226,0.9016749
eesnb0s,joy,joy,0.0009318904,0.00026479247,0.00033710577,0.997661,0.00024598048,0.0005593028
eesndk2,surprise,surprise,0.0028366498,0.0014551561,0.0044536376,0.057371892,0.0021047688,0.9317779
eesno19,surprise,surprise,0.0034725533,0.0013849705,0.0011073938,0.0025665755,0.0017609737,0.98970747
eesnvpa,sadness,sadness,0.003852445,0.0025582667,0.0012203358,0.002238499,0.98854804,0.001582422
eeso4xo,joy,joy,0.0009465672,0.00022936439,0.00031542688,0.9976547,0.00025383846,0.00060004217
eesp6na,anger,anger,0.5751177,0.008867265,0.0016311776,0.016483355,0.38704202,0.010858444
eesplef,joy,joy,0.0013093424,0.0002671524,0.00029812276,0.9970561,0.00024469107,0.0008245946
eesqlxb,sadness,sadness,0.0017014478,0.0016501696,0.0022604133,0.002373033,0.9901849,0.0018299554
eesqwn6,surprise,surprise,0.0032202154,0.00097292825,0.0011742857,0.094507635,0.0016082254,0.8985167
eesr8i5,anger,anger,0.8491892,0.029844647,0.005225398,0.0027469199,0.050515857,0.062478006
eestjzi,surprise,surprise,0.30066496,0.004044255,0.003032614,0.050745443,0.10622827,0.5352844
eestrba,sadness,sadness,0.09164739,0.009626461,0.018352084,0.011486012,0.43490654,0.4339816
eestruw,joy,joy,0.09649822,0.0017499335,0.00083126465,0.8885701,0.0069331704,0.005417291
eesumhd,joy,joy,0.32833958,0.0024273223,0.002196772,0.5934742,0.059611414,0.013950655
eesvt9y,joy,joy,0.3396137,0.0040089763,0.0016647945,0.62189937,0.0037381812,0.029074978
eesw882,joy,joy,0.0007016975,0.00021990338,0.00036165267,0.9976528,0.00023693898,0.0008270643
eeswk0k,joy,joy,0.0006308001,0.00018099624,0.00029908246,0.99792755,0.00041931673,0.00054228725
eesx34n,joy,joy,0.00063647877,0.00021027609,0.00039157367,0.9979303,0.00028417405,0.000547166
eesx7n3,joy,joy,0.00070246327,0.00014387631,0.00044048688,0.99700826,0.00037844453,0.0013264163
eesxkiw,joy,joy,0.0014160256,0.00024307634,0.0005172086,0.99460727,0.0013978176,0.0018186446
eeszik9,anger,anger,0.90477324,0.05237274,0.0028648567,0.0064358357,0.029522749,0.0040305555
eet08tq,joy,joy,0.001983611,0.000211326,0.00030268857,0.9943322,0.002145438,0.0010247383
eet0j6b,joy,joy,0.019868812,0.00033209214,0.00076863286,0.94533724,0.0025576174,0.03113566
eet28az,anger,surprise,0.26095313,0.004284494,0.0022870966,0.035149734,0.0048479973,0.6924775
eet315d,sadness,sadness,0.053820934,0.002275471,0.002645821,0.09701355,0.8289747,0.015269477
eet386q,joy,joy,0.0010519525,0.00027596767,0.0004013229,0.9905916,0.00024461298,0.0074346284
eet3k71,joy,joy,0.0006225842,0.00027851015,0.0006234733,0.99581087,0.00048044376,0.002184103
eet3lk8,sadness,joy,0.023734745,0.00059534935,0.001565391,0.8827059,0.046079382,0.045319166
eet4gbe,surprise,joy,0.08747745,0.0016355807,0.0039527058,0.46138537,0.0076683755,0.43788052
eet4oa3,anger,anger,0.68566495,0.0037539622,0.001814682,0.24807437,0.036412604,0.024279444
eet4xhd,joy,joy,0.108934805,0.004277146,0.005697971,0.79400104,0.013647517,0.07344153
eet4xjn,joy,joy,0.0014440353,0.0001736664,0.0002928848,0.99721575,0.00035742213,0.00051613763
eet5tz8,anger,anger,0.9503297,0.005750383,0.0036225594,0.006912401,0.029225757,0.004159169
eet63kr,joy,joy,0.047166042,0.0016399405,0.0011172809,0.93765306,0.003016833,0.009406853
eet6irw,joy,anger,0.76637673,0.030381776,0.0047717653,0.017181166,0.1741555,0.007132987
eet6zti,joy,joy,0.0014219312,0.00025587526,0.00033946653,0.986505,0.0003722457,0.01110554
eet8gx8,anger,anger,0.8406012,0.00663171,0.0017414952,0.0399821,0.09918195,0.011861602
eeta1qa,surprise,surprise,0.007854547,0.004846806,0.001745306,0.052203745,0.0036344859,0.92971516
eeta802,joy,joy,0.0012460167,0.0002795099,0.0003101047,0.99726415,0.0002583989,0.00064182247
eetavc6,anger,sadness,0.06583525,0.0016800056,0.006657468,0.22861773,0.6605449,0.03666462
eetcca2,joy,joy,0.02218,0.0007935946,0.00072461495,0.88036776,0.0027340488,0.09319999
eetce21,anger,joy,0.063632965,0.00066748937,0.0008453877,0.9038856,0.0022630913,0.028705433
eetcqno,joy,joy,0.0010055031,0.00022165298,0.00030025045,0.99748045,0.0002182836,0.0007738412
eetcs3q,joy,anger,0.91563374,0.002994094,0.0010384596,0.023247642,0.021498896,0.03558717
eetedlb,joy,joy,0.0007329731,0.00024107672,0.0003008124,0.99744296,0.0002307271,0.0010513562
eeteyb5,joy,joy,0.0018625507,0.0002903038,0.00036179577,0.99157107,0.00035747705,0.0055568013
eetfc9u,joy,surprise,0.042128514,0.0021622279,0.0030950445,0.050983176,0.012769719,0.88886136
eetfij8,anger,anger,0.81470156,0.0020140081,0.002104826,0.14741114,0.010631321,0.0231372
eetfn7z,surprise,surprise,0.24299353,0.008490308,0.0020314357,0.0057245423,0.014017986,0.72674215
eetfq5g,joy,joy,0.002425419,0.00020352783,0.0002563971,0.99570376,0.0007455208,0.0006653181
eetfuqx,anger,anger,0.9342325,0.0031897253,0.004169194,0.011693675,0.04103645,0.005678516
eetg8hf,surprise,surprise,0.0090318825,0.0013807287,0.0062499614,0.002500223,0.0032308514,0.9776063
eetgngo,surprise,surprise,0.0031135248,0.0009820512,0.0013114054,0.011523114,0.0011067301,0.9819633
eethl2z,anger,anger,0.7821217,0.18968637,0.007205181,0.004266657,0.012622629,0.0040974733
eethrt6,joy,joy,0.0026382927,0.00026153572,0.0006192454,0.99295044,0.00058251113,0.0029480362
eethrtc,joy,joy,0.0017254374,0.00016176444,0.00034039296,0.9965146,0.0003441529,0.00091367605
eetih44,surprise,surprise,0.0065634563,0.0009903036,0.0006971953,0.0023889428,0.00095956057,0.9884006
eetil5z,joy,joy,0.0009758838,0.00024460218,0.0003103192,0.9974165,0.0002943159,0.00075832347
eetilbo,joy,joy,0.0040835775,0.00034582583,0.00049360254,0.98443973,0.0039597605,0.006677487
eetjbwc,joy,joy,0.0008730409,0.0001915134,0.0003211626,0.9977099,0.0002467712,0.0006575227
eetjm9k,fear,anger,0.505558,0.008672481,0.18916816,0.049369603,0.18381663,0.06341508
eetk13g,joy,joy,0.0016614937,0.00023250982,0.0006319889,0.99570626,0.0003451966,0.0014225802
eetkg36,sadness,surprise,0.011118749,0.0015879733,0.0015144378,0.0022201336,0.007255837,0.97630286
eetktc1,joy,joy,0.0011785061,0.00019915446,0.00030029757,0.99710137,0.0007080518,0.0005126224
eetl3jg,joy,joy,0.0025698142,0.00020907538,0.0010406418,0.9850466,0.0007669696,0.010366895
eetllqr,surprise,surprise,0.016027229,0.0037052382,0.028517736,0.21365216,0.26195344,0.47614422
eetmb2z,anger,anger,0.9795091,0.008521643,0.001645195,0.002199354,0.0050173984,0.0031072956
eetnbk0,joy,surprise,0.0042544333,0.0008736451,0.0005679517,0.004492142,0.00087588595,0.988936
eetnybb,joy,joy,0.0013444335,0.00021539832,0.0006617131,0.98831207,0.0014189383,0.008047496
eetorck,joy,joy,0.0012858505,0.0003134448,0.0013647062,0.98764485,0.007284072,0.002107151
eetpimz,sadness,anger,0.8772753,0.0037339649,0.009575086,0.04722708,0.048051786,0.014136756
eetptjj,joy,joy,0.0011431493,0.00016960937,0.00027570094,0.99694425,0.00020437558,0.0012629555
eetq6oz,surprise,surprise,0.0030539902,0.0009371421,0.0009314881,0.0040018777,0.0011943178,0.9898812
eetr457,sadness,anger,0.5076329,0.0071651507,0.0041023223,0.051237103,0.36952606,0.060336385
eets2cw,surprise,joy,0.0016349736,0.00023352003,0.00039345204,0.9925122,0.00024116169,0.004984695
eetta44,joy,joy,0.0011106175,0.00040726463,0.0043269414,0.99199146,0.0009038867,0.0012598328
eetu8gb,joy,surprise,0.031070594,0.0061036483,0.045134686,0.019913038,0.37127182,0.52650625
eetucyl,fear,fear,0.005089777,0.016191883,0.9650137,0.005623069,0.0026132634,0.005468423
eetuw5l,joy,joy,0.0007553884,0.00026320852,0.0003924257,0.9977397,0.000286476,0.0005628234
eetwz52,anger,anger,0.9813146,0.0067392043,0.00079180143,0.004359878,0.0031342136,0.0036602507
eetx3g8,joy,joy,0.0011524312,0.00023982128,0.0003983271,0.9972729,0.00030074394,0.00063580205
eetxevl,joy,joy,0.00060867664,0.00018755508,0.00038124862,0.99763966,0.00039716656,0.00078576617
eetxg71,anger,anger,0.8336859,0.0070486222,0.005376775,0.017656578,0.117055275,0.019176897
eetxljv,joy,joy,0.0209357,0.0014446591,0.0019712278,0.72906727,0.002876808,0.24370436
eetxsyl,surprise,surprise,0.026582567,0.0018867065,0.0028872704,0.02027248,0.026735153,0.92163587
eetxvzu,joy,joy,0.00058924407,0.00024048312,0.0004284083,0.99569327,0.00022554594,0.002823099
eety6mj,joy,joy,0.016121684,0.00062869437,0.00057450717,0.9519788,0.014256101,0.016440162
eeu0fst,anger,anger,0.67834675,0.039844263,0.053015657,0.02267685,0.14302349,0.06309302
eeu0pbv,joy,anger,0.9321327,0.030418215,0.0013559675,0.012742061,0.02025305,0.0030979111
eeu1ci5,sadness,joy,0.034772594,0.0009294786,0.0009272334,0.9517262,0.0037699174,0.007874594
eeu1u49,joy,joy,0.0011157413,0.0009973543,0.0018261346,0.960764,0.0009278353,0.034368925
eeu3o3n,joy,joy,0.0019903,0.0001995242,0.00034115056,0.994873,0.00029667985,0.002299397
eeu57ng,surprise,surprise,0.008283822,0.0016813409,0.0020947729,0.19897138,0.003391712,0.785577
eeu59wa,anger,anger,0.9734119,0.006439366,0.0022792474,0.004183946,0.0067913313,0.006894162
eeu5mfp,joy,joy,0.022944868,0.0005998974,0.0051137693,0.9610798,0.005120037,0.005141702
eeu6561,disgust,anger,0.80327225,0.07428165,0.0037859383,0.01450245,0.08633305,0.017824626
eeu854y,joy,joy,0.0016416127,0.000218124,0.0002700862,0.996754,0.00023671087,0.0008793927
eeu85y4,joy,joy,0.0011222297,0.00021506633,0.0005007462,0.99610883,0.00042245627,0.0016306725
eeu8adm,joy,joy,0.00073527364,0.00020159123,0.00031210974,0.9978492,0.0002930345,0.0006087848
eeu8e7h,joy,joy,0.027203519,0.00092098035,0.0019627034,0.9494559,0.005891899,0.014565016
eeu8ekt,fear,fear,0.01514479,0.014949257,0.7325972,0.0076011275,0.0061707865,0.22353695
eeu8yqe,anger,joy,0.106227756,0.0009566694,0.0013966543,0.76848817,0.0061715813,0.116759114
eeu9qa0,anger,anger,0.95327526,0.0026825191,0.0011991889,0.031311393,0.003048032,0.00848356
eeuaf7e,joy,joy,0.0060359216,0.00024061809,0.0003387232,0.99124444,0.00083211315,0.001308233
eeubq4e,joy,joy,0.002485197,0.00022016837,0.00028300824,0.9958941,0.00027762778,0.00083988707
eeuc2cj,joy,joy,0.0011584422,0.00016340821,0.00026647397,0.9974457,0.00029578005,0.00067020435
eeuckpj,fear,fear,0.019720629,0.005992697,0.92929333,0.01976989,0.008504374,0.016719136
eeudgrp,surprise,surprise,0.004906472,0.0010853293,0.00085350533,0.0017981031,0.0010859364,0.9902706
eeudvxm,anger,anger,0.7280223,0.0044580842,0.0014357457,0.019595938,0.004822814,0.24166517
eeuenby,joy,joy,0.0006789239,0.00021126133,0.000319076,0.99794513,0.0002963891,0.0005492269
eeuex9l,joy,joy,0.0006194469,0.0003339454,0.00061172177,0.9968016,0.00027740578,0.0013559499
eeufexz,sadness,sadness,0.010252248,0.013504309,0.002341342,0.0027039656,0.96898144,0.0022166944
eeuga53,sadness,sadness,0.025746834,0.005030542,0.0048981886,0.011523491,0.760862,0.19193895
eeuhxlq,joy,joy,0.0032380943,0.0002014198,0.00031257918,0.993576,0.0011805906,0.0014914132
eeuib3e,joy,joy,0.08130307,0.0008743474,0.000678247,0.9102477,0.0016601877,0.005236518
eeuiezj,sadness,sadness,0.0040607927,0.0015428215,0.008273762,0.009519818,0.96407604,0.012526644
eeukiqi,surprise,surprise,0.008984718,0.0009590623,0.0009907285,0.0026528814,0.0033418536,0.9830708
eeukzqv,joy,joy,0.001370725,0.00023347868,0.00026767596,0.99720335,0.0002659343,0.0006588327
eeum0en,surprise,surprise,0.006731856,0.0013466332,0.0007118094,0.0019767655,0.000920355,0.98831266
eeunj2e,anger,surprise,0.017336719,0.0013425088,0.0094711445,0.32338333,0.08535429,0.563112
eeuo50j,joy,joy,0.0009321315,0.00024082621,0.00040259864,0.99752563,0.0005241542,0.00037462116
eeuo6d4,joy,joy,0.0008086277,0.00036047888,0.00046069952,0.9972025,0.00023363974,0.0009341211
eeuok7h,joy,anger,0.75052834,0.029039007,0.034225695,0.05257568,0.11969536,0.013935874
eeupcmv,joy,joy,0.0070169526,0.0005107464,0.0007962486,0.9689293,0.01882775,0.0039189667
eeupi5x,joy,joy,0.0010258756,0.0002246938,0.00034396103,0.9975636,0.00039809433,0.00044376004
eeuprdq,joy,joy,0.00066516345,0.00020675357,0.00032473376,0.99772626,0.00023783055,0.0008392743
eeuq9fp,surprise,surprise,0.0023972206,0.0011021916,0.0011326605,0.0037718376,0.0016341895,0.98996186
eeuqcmv,anger,anger,0.9815562,0.009359716,0.0018503384,0.00233067,0.0026978857,0.0022051698
eeurenv,surprise,surprise,0.028780159,0.0022672163,0.001235715,0.008622132,0.0021903894,0.9569044
eeus29b,joy,joy,0.0007311164,0.000364015,0.0004925282,0.99100167,0.00031702672,0.0070936675
eeusktm,joy,joy,0.015187824,0.00056098704,0.0013235664,0.90194905,0.0056166854,0.07536182
eeutzvh,joy,joy,0.0020010802,0.00021648465,0.00029391248,0.9959221,0.00022244806,0.0013439673
eeuu11r,joy,joy,0.0021372384,0.00021898544,0.00027555213,0.99594444,0.00080427295,0.00061947346
eeuuyib,joy,joy,0.00079971406,0.00019400267,0.0004939435,0.9968058,0.00022215169,0.0014844566
eeuv2w3,anger,anger,0.9789787,0.0101559665,0.0020752586,0.002603125,0.00420389,0.0019830537
eeuwe5z,anger,anger,0.78826094,0.0030351004,0.0017452742,0.057835687,0.009122372,0.14000063
eeuzdua,joy,joy,0.0022337574,0.00024789103,0.0002542827,0.99591464,0.00028677864,0.0010626726
eev00h5,joy,joy,0.0016116492,0.00034107614,0.0002966342,0.99632543,0.00026300794,0.0011622375
eev07fq,joy,joy,0.0008143211,0.00022870608,0.00037327892,0.9976653,0.00021272869,0.0007057309
eev09yb,joy,joy,0.0022086448,0.00031546972,0.001029098,0.98455393,0.010558969,0.0013338644
eev0j29,sadness,sadness,0.0032283661,0.0019530647,0.0014271094,0.0035723238,0.98803085,0.0017882797
eev0lr5,surprise,surprise,0.004047527,0.0010181689,0.0009453798,0.0025097514,0.0011046444,0.99037457
eev0off,joy,joy,0.0011316368,0.00026126497,0.00036749485,0.99654204,0.00021411982,0.0014833853
eev0oqj,sadness,sadness,0.02887431,0.0036081236,0.0054939874,0.0033949213,0.95471793,0.003910759
eev1n3p,joy,joy,0.0038019095,0.00036104655,0.00032830943,0.99206185,0.0020814377,0.0013655095
eev2dq4,fear,fear,0.22083755,0.048716515,0.41624206,0.13633126,0.122755334,0.05511721
eev3o6o,surprise,surprise,0.0040686834,0.0014097455,0.0034750684,0.0034491187,0.0013574617,0.98623985
eev41wx,joy,joy,0.0010003299,0.00019034582,0.00032711198,0.9973385,0.00023008838,0.0009136673
eev4m98,sadness,joy,0.22170758,0.005981207,0.0027512724,0.41629,0.15201768,0.20125231
eev55g7,joy,surprise,0.017615603,0.0022079227,0.016025957,0.45708257,0.0073163616,0.49975163
eev5d3i,anger,anger,0.8907838,0.004672555,0.0018499277,0.02629668,0.023979928,0.052417118
eev5lbl,surprise,surprise,0.0052690622,0.0015385495,0.0012875221,0.11398507,0.002141637,0.8757781
eev7aa3,sadness,sadness,0.004538454,0.0026711812,0.0076580346,0.0029111453,0.9799644,0.0022567257
eev7dzo,joy,joy,0.00081080676,0.00025634287,0.0003759883,0.9973252,0.00017907002,0.0010526536
eev7hdu,surprise,surprise,0.008007416,0.0013296993,0.0011921705,0.0015136424,0.0012234632,0.9867337
eev83pc,joy,joy,0.0025336295,0.00024261842,0.00029688323,0.99545634,0.00036195264,0.00110859
eev89na,surprise,joy,0.0069356305,0.00032889587,0.0009184074,0.97700024,0.0022133028,0.01260354
eev9e1h,joy,anger,0.82403857,0.025721483,0.014992816,0.023816267,0.087285645,0.024145197
eev9ogc,joy,joy,0.0009834162,0.00022754139,0.00036816,0.99763143,0.0003319959,0.00045753346
eeva9qx,joy,joy,0.0006533867,0.0002072495,0.00034187463,0.99761415,0.00028638667,0.00089700666
eevb2lm,joy,joy,0.000708891,0.00024988936,0.00042268602,0.9956136,0.00022977851,0.0027751692
eevcgtl,joy,joy,0.013702125,0.0006351428,0.0013796823,0.94132435,0.017898623,0.025060128
eevecb9,sadness,sadness,0.040721048,0.009277226,0.0060158838,0.004636276,0.91784745,0.02150219
eeveji1,joy,anger,0.8457271,0.006888957,0.004054489,0.11583608,0.020195019,0.00729831
eevem07,disgust,disgust,0.27559292,0.6665778,0.0141747305,0.018108804,0.01829596,0.007249751
eevf3dt,anger,anger,0.933294,0.0029172364,0.00096939824,0.026015593,0.01814175,0.018662062
eevf97x,anger,anger,0.7970635,0.014763012,0.0017173123,0.018702853,0.13112451,0.03662874
eevfunt,joy,joy,0.00304758,0.00029708425,0.0009338998,0.99304104,0.0009462271,0.0017342039
eevga0w,joy,surprise,0.008920875,0.0013842648,0.0044444213,0.2895533,0.0050423522,0.69065475
eevgkkp,joy,joy,0.0011674655,0.00016745953,0.00021062866,0.9974874,0.0003405578,0.0006265319
eevh400,joy,joy,0.0015006321,0.00048380654,0.0005426987,0.9622589,0.00046056067,0.034753434
eevhx24,anger,anger,0.40317038,0.007954336,0.12727332,0.20842242,0.076389946,0.1767896
eevjbdw,joy,joy,0.00064246444,0.00021559713,0.00031022105,0.9975212,0.00021028896,0.0011001893
eevjvyh,anger,anger,0.98011464,0.0045952885,0.0012821091,0.0035814554,0.006191003,0.004235518
eevk5nc,joy,joy,0.0008170692,0.00020117026,0.0003171424,0.99733824,0.0005482643,0.00077819766
eevkhqx,anger,anger,0.9782536,0.0049750907,0.0017414641,0.00802689,0.0039665317,0.003036442
eevlkwa,surprise,surprise,0.005362442,0.0011912362,0.0011418479,0.06612505,0.0017199364,0.9244596
eevn76c,joy,joy,0.00077469955,0.0001931385,0.000314837,0.997908,0.0002894785,0.0005199093
eevoblm,joy,anger,0.5043606,0.010761183,0.0048471373,0.034869183,0.2701536,0.17500834
eevoynv,anger,anger,0.9115492,0.004230535,0.0029940282,0.011185584,0.031042002,0.038998596
eevqdao,joy,anger,0.7897887,0.024399411,0.01201404,0.11453242,0.004615838,0.054649636
eevqwdn,anger,surprise,0.2845104,0.006742899,0.0040400773,0.0054543028,0.020473175,0.6787792
eevs4g1,surprise,surprise,0.014809359,0.0016009826,0.0009789098,0.0016664256,0.0017453976,0.9791989
eevsiyr,joy,joy,0.0011565556,0.00018582933,0.00029305706,0.9974037,0.0003008046,0.00066001725
eevsla8,sadness,surprise,0.25549802,0.0064429455,0.02048936,0.13676372,0.11509027,0.4657157
eevtrz8,sadness,sadness,0.34995225,0.10130546,0.08038319,0.0055827424,0.4299238,0.032852586
eevuskc,surprise,surprise,0.03329216,0.0024005075,0.00118042,0.005176694,0.019141931,0.9388083
eevv3f4,joy,joy,0.00069720135,0.0002284879,0.00033995183,0.9975503,0.00020283177,0.0009811994
eevvo56,anger,anger,0.9768256,0.00566572,0.0009486105,0.0065123187,0.006661517,0.003386237
eevvxk8,joy,joy,0.089393586,0.0016772443,0.0016817385,0.88019466,0.009206484,0.01784623
eevwbir,joy,joy,0.011820765,0.00029273043,0.0013267801,0.98156273,0.0029616382,0.002035348
eevwe7c,surprise,anger,0.46824557,0.2575969,0.021014249,0.10235598,0.040177245,0.11061001
eevwisg,anger,joy,0.0054669245,0.0002485242,0.0009947107,0.99097836,0.0005131507,0.0017983848
eevwwjb,joy,joy,0.03932568,0.0007434161,0.00049113145,0.9533848,0.003940393,0.002114639
eevwyno,surprise,surprise,0.007366549,0.002515925,0.0040886807,0.09202622,0.003981104,0.89002156
eevyayh,joy,joy,0.00062626076,0.00019630483,0.00045220894,0.9976978,0.00046888934,0.00055856357
eevyfss,joy,joy,0.0007058205,0.0001845388,0.00028601394,0.99786,0.00026089023,0.0007027812
eevyn9h,anger,sadness,0.028305158,0.005561358,0.005512067,0.008906072,0.94648993,0.0052253413
eevzitc,joy,joy,0.0059548337,0.00027888315,0.0013315775,0.9863002,0.0021479998,0.003986533
eew1fwh,surprise,surprise,0.01255324,0.00097442983,0.0007113383,0.008542445,0.0022708077,0.9749477
eew2ats,joy,joy,0.001436224,0.00019250956,0.00030380802,0.99560165,0.00034469916,0.0021211756
eew2wz1,joy,anger,0.35781428,0.0052824565,0.005847288,0.340123,0.28380322,0.0071297623
eew49rj,surprise,surprise,0.007947828,0.0009321529,0.0013708094,0.014705305,0.010966417,0.9640775
eew4ljm,anger,anger,0.68144155,0.009791257,0.041751713,0.04784761,0.12956068,0.08960724
eew4z75,sadness,sadness,0.013503562,0.00300931,0.0070647867,0.0023184062,0.9703339,0.0037700878
eew51qn,joy,joy,0.00092066295,0.00024012678,0.0003512518,0.997405,0.00025936821,0.00082353107
eew5m3c,anger,anger,0.9201742,0.011271951,0.0021592616,0.05533456,0.0058616553,0.005198255
eew5ue5,joy,joy,0.001060682,0.00019042233,0.00034310427,0.99640536,0.00028192642,0.0017185203
eew6yv6,anger,anger,0.91477853,0.0075828037,0.0009907781,0.025520219,0.04194941,0.009178181
eew72g0,joy,joy,0.0008185774,0.00024198878,0.0003811559,0.99778324,0.00033044574,0.00044450478
eew77gx,joy,joy,0.00058764423,0.00018025601,0.00045120408,0.99766195,0.00034735072,0.00077159057
eew7gaj,surprise,surprise,0.0034221087,0.001279405,0.0012607306,0.0012902218,0.0011656454,0.99158186
eew7gh9,joy,joy,0.00068760046,0.00023249234,0.00035187282,0.9977968,0.00027705688,0.0006542434
eew7qjt,joy,joy,0.0011196207,0.00022834424,0.00027445296,0.99754035,0.00026988145,0.00056730094
eew8c8f,joy,sadness,0.10606387,0.003431377,0.0037264638,0.024117814,0.84725124,0.015409268
eew9qo8,joy,joy,0.002291837,0.000574228,0.0006909968,0.96262,0.00041904565,0.03340386
eewbssm,joy,joy,0.005121403,0.00021187516,0.0002956129,0.9922438,0.0006493345,0.0014778884
eewbtsj,joy,joy,0.0035930937,0.00020064638,0.00031177263,0.9887249,0.00096843956,0.006201152
eewcpiz,surprise,surprise,0.029291732,0.0018980381,0.0010878182,0.0026708604,0.0031204105,0.9619312
eewd9gh,joy,joy,0.00078276754,0.00022268793,0.00031783336,0.99767894,0.00025590265,0.00074188056
eewdo8l,joy,joy,0.0011729196,0.00027661986,0.00033889778,0.9960937,0.00019892985,0.001918971
eewegbs,joy,joy,0.000954025,0.00031026878,0.00048423634,0.99635786,0.00037956674,0.0015140506
eewej91,joy,joy,0.00077673927,0.00023022637,0.00036824998,0.9977093,0.0002474979,0.0006680067
eeweozy,joy,joy,0.0018906433,0.00027444394,0.0003263018,0.99629056,0.00032199715,0.00089618185
eewg2m8,joy,joy,0.0005855086,0.0001522244,0.00027236133,0.99719316,0.00037286498,0.0014239479
eewh0tg,joy,joy,0.002130123,0.00019418256,0.0002563415,0.9962316,0.00052255305,0.000665127
eewh4gb,joy,joy,0.0013704887,0.00015158298,0.00024849593,0.99634933,0.000686955,0.0011931809
eewh51p,joy,joy,0.0010158939,0.00016428376,0.00028137086,0.99732333,0.00029671023,0.0009184754
eewhpk6,anger,anger,0.978297,0.0033179687,0.0009493723,0.007890046,0.005551639,0.0039938656
eewhzsp,joy,joy,0.036234517,0.0011856208,0.0008961475,0.8705742,0.0053216848,0.0857879
eewk9e0,joy,joy,0.0010451155,0.0002213779,0.0003105229,0.9975164,0.00027945449,0.00062718324
eewkl1c,joy,joy,0.0006550823,0.00024722132,0.00045019368,0.99773175,0.00025203053,0.00066367956
eewkqif,anger,anger,0.9791378,0.005142502,0.0008542594,0.006237685,0.003556735,0.005071011
eewl3k6,surprise,surprise,0.0041067833,0.0013740071,0.0013720064,0.025634399,0.0008863806,0.96662647
eewld6b,joy,joy,0.010991728,0.00048509866,0.00031991224,0.9801324,0.0009297197,0.007141186
eewma26,joy,joy,0.0034850268,0.00019379213,0.0003477598,0.9919348,0.00244329,0.0015952609
eewmsvg,fear,joy,0.0053454707,0.0011765028,0.004903075,0.9596711,0.027185269,0.0017185397
eewmxdl,joy,joy,0.0016396213,0.0002947742,0.0007059457,0.9947174,0.0005431441,0.0020990816
eewn6sn,joy,joy,0.0010036756,0.00027676692,0.0004608018,0.996995,0.0002545156,0.0010093432
eewnhep,anger,sadness,0.17902166,0.0028471611,0.008629633,0.08624874,0.5562806,0.16697219
eewnoyj,surprise,anger,0.91635144,0.018780561,0.0030732516,0.009107906,0.020892171,0.03179471
eewnxwc,sadness,sadness,0.014943558,0.0065727956,0.007071881,0.0013664012,0.96625406,0.0037913192
eewovsw,joy,anger,0.78599256,0.026426695,0.0055908817,0.12461205,0.036789905,0.020587925
eewpe3v,joy,joy,0.00081801007,0.00038140517,0.00057743874,0.99243087,0.0002309648,0.0055614393
eewph9r,joy,joy,0.0017263939,0.00016357776,0.00039365815,0.9963651,0.0006437545,0.0007075667
eewpl8e,joy,joy,0.0006599481,0.00015273581,0.0003560952,0.9978504,0.00033279572,0.0006480726
eewpue5,surprise,surprise,0.001790817,0.0011051411,0.0013886185,0.0012856163,0.0020841567,0.99234563
eewriib,joy,joy,0.0006205882,0.00020842087,0.0003852414,0.9978442,0.00052674767,0.000414752
eewsxew,surprise,surprise,0.0039456016,0.00083494734,0.0009863467,0.041936424,0.0020325184,0.95026404
eewt9yh,surprise,sadness,0.020623265,0.0018727116,0.006571442,0.41959643,0.48707092,0.06426518
eewtsv4,joy,joy,0.005078188,0.00042606087,0.0004650296,0.99028647,0.00025972477,0.003484462
eewtt6q,joy,joy,0.0019116431,0.00029679222,0.00046840843,0.97924346,0.0013861539,0.016693488
eewv5tt,sadness,sadness,0.16835575,0.024320731,0.02457841,0.019134223,0.7479216,0.015689272
eewvlcy,joy,joy,0.0013850405,0.00015700686,0.00049281627,0.9926751,0.0015085264,0.003781443
eewwzu5,joy,surprise,0.02332244,0.0034698604,0.13774025,0.1551715,0.190468,0.48982793
eewxdve,disgust,disgust,0.065745115,0.8760481,0.02792961,0.012624683,0.011840514,0.0058120443
eewxmdm,joy,joy,0.0008417948,0.00021504039,0.00034873575,0.99771225,0.0002563267,0.00062579045
eewxv2b,surprise,joy,0.0024295012,0.0017968671,0.0015483418,0.89441174,0.0008561551,0.098957345
eewy6r4,anger,anger,0.765017,0.0037737007,0.001582858,0.21766034,0.008696542,0.0032695583
eewyia7,joy,joy,0.0020717229,0.00025866853,0.00042589213,0.9956027,0.0005085766,0.0011324792
eex0jkk,joy,joy,0.006551637,0.0003943649,0.00035364518,0.9907113,0.000407963,0.0015811836
eex0tm9,surprise,surprise,0.007880996,0.0016790765,0.0018973347,0.0035492359,0.002893101,0.9821002
eex192q,joy,sadness,0.025926294,0.0018631894,0.011111157,0.33553138,0.44738108,0.17818688
eex1mhj,joy,joy,0.0011006285,0.00025854676,0.0003430021,0.9971631,0.00024072838,0.00089389255
eex2fjk,surprise,surprise,0.003059771,0.0011180212,0.0010873169,0.0020885414,0.0014500953,0.99119616
eex2gov,fear,anger,0.72615045,0.033505492,0.11021778,0.057432506,0.056261297,0.016432334
eex2uey,joy,joy,0.0025703004,0.0002642277,0.0003244612,0.99563473,0.0005378776,0.00066840777
eex3eiu,surprise,surprise,0.013794179,0.013063847,0.0025880765,0.009167543,0.004679164,0.9567071
eex49r7,anger,anger,0.959463,0.021357853,0.002784867,0.005330119,0.0054086857,0.0056555215
eex8tq6,joy,joy,0.15586102,0.002119482,0.009746884,0.74677813,0.009332136,0.07616235
eexahcd,joy,joy,0.002837299,0.00020418431,0.00026940973,0.9949063,0.0003161353,0.0014666718
eexbanq,fear,fear,0.0055662086,0.0054925247,0.8758354,0.08882797,0.015527491,0.0087504145
eexbv2s,joy,joy,0.0022773603,0.0001799211,0.0002828295,0.9956032,0.0005907425,0.001065946
eexcza2,joy,joy,0.0016418379,0.00015312825,0.0002997348,0.996743,0.00045128356,0.0007110698
eexddyv,surprise,joy,0.006138399,0.001371346,0.0012927994,0.88589704,0.0010260426,0.10427432
eexduzq,joy,joy,0.0050622514,0.00023792413,0.0005822699,0.9922166,0.0006470617,0.0012538332
eexeypk,joy,joy,0.083732195,0.0011627642,0.0015735708,0.8248996,0.02721822,0.061413687
eexg91s,anger,anger,0.70691186,0.017592018,0.00941735,0.0059030685,0.24926358,0.010912041
eexgtfb,anger,anger,0.9659305,0.0061913533,0.0017012118,0.008065904,0.010597275,0.007513708
eexguaa,surprise,joy,0.0035647429,0.00017682691,0.00035949738,0.99206334,0.0005447156,0.003290869
eexgy7y,joy,joy,0.0010100703,0.00018138107,0.00027078434,0.9973863,0.00027816842,0.0008733052
eexgzre,joy,joy,0.0032841905,0.0002137993,0.0008633085,0.98962295,0.0010222499,0.00499344
eexhbyk,surprise,surprise,0.056188036,0.0022900505,0.0028927934,0.021722862,0.01761557,0.8992907
eexindp,joy,joy,0.008412044,0.00081613683,0.0006375185,0.9865247,0.00048676808,0.0031228983
eexjgdk,joy,joy,0.009264496,0.0027240985,0.0039182985,0.5158591,0.0029730247,0.46526095
eexkhqd,joy,joy,0.000918081,0.00015899068,0.00025236755,0.99748933,0.00025057417,0.00093067373
eexlyva,anger,anger,0.9713121,0.013372907,0.0022431486,0.0016652655,0.004948672,0.006457745
eexm5kc,sadness,sadness,0.0069451206,0.002211631,0.001541992,0.0034276485,0.9826402,0.0032334176
eexmra6,anger,joy,0.17822127,0.0027555118,0.0060165143,0.42292124,0.2598951,0.13019037
eexmsy6,joy,joy,0.0013549326,0.00029637423,0.0011863667,0.99582726,0.0006181967,0.0007167891
eexn541,surprise,sadness,0.015027956,0.0022238586,0.009165814,0.109018594,0.5615773,0.3029865
eexnidj,surprise,joy,0.0010403993,0.00013861465,0.00031003368,0.9964226,0.00041445944,0.0016739465
eexo7w2,joy,joy,0.0012005136,0.00029777785,0.0003360671,0.9972065,0.0002189821,0.0007401427
eexoxb9,joy,anger,0.458641,0.3577175,0.023411838,0.111715876,0.021876218,0.026637543
eexp3yy,joy,joy,0.0016801327,0.0001612249,0.00020593054,0.99535936,0.00044705157,0.0021463071
eexphew,joy,joy,0.00085040706,0.00019897307,0.00027523484,0.9977477,0.00044872513,0.00047888802
eexpsw7,joy,joy,0.001248787,0.00021854434,0.0003493618,0.997233,0.0002608785,0.0006895099
eexr6ld,anger,anger,0.80210006,0.009157388,0.014767601,0.15043236,0.012610107,0.010932493
eexrmtf,surprise,surprise,0.03077868,0.0022337763,0.00441426,0.005153224,0.01720625,0.9402138
eexrqlw,joy,joy,0.019881247,0.0006098151,0.0032606793,0.9682165,0.0064075994,0.0016242609
eexsxqk,sadness,anger,0.8502454,0.08817471,0.003405824,0.003869841,0.04901076,0.00529347
eexu3d2,joy,joy,0.0011910561,0.0002336956,0.0003216301,0.9973552,0.0004535763,0.00044482542
eexuxuv,sadness,anger,0.286994,0.0051304447,0.018500641,0.14588052,0.25904468,0.28444973
eexwcz2,joy,joy,0.0011217851,0.00021925542,0.00029632737,0.9972179,0.00021843519,0.00092629826
eexxucz,joy,joy,0.0006819742,0.0001869677,0.0002600249,0.99768627,0.0005160921,0.0006686019
eexy2yd,joy,joy,0.0009268479,0.00018864291,0.0003798058,0.9965282,0.00032945588,0.0016471539
eexytcs,joy,joy,0.0011465289,0.0002941609,0.00037719932,0.99715674,0.00026256274,0.00076285686
eexzyw0,joy,joy,0.005603469,0.00020157151,0.00026173005,0.9900635,0.0013864428,0.0024833062
eey09jl,joy,joy,0.0009913486,0.00020499271,0.0002839568,0.9975183,0.00023367118,0.0007676675
eey0ta7,anger,anger,0.8651528,0.101393215,0.0035241637,0.005732851,0.018292848,0.005904079
eey2fzv,surprise,anger,0.6467646,0.012101396,0.0037137978,0.015310236,0.11116774,0.2109422
eey3r30,anger,anger,0.90085995,0.0044098864,0.002076359,0.0062828027,0.012039052,0.0743319
eey42p5,sadness,sadness,0.013022737,0.0035110188,0.001780339,0.017112548,0.95885825,0.0057151183
eey440s,sadness,anger,0.6196847,0.07295093,0.00329619,0.011564088,0.28663927,0.0058648717
eey445n,joy,joy,0.0008400974,0.0002816473,0.0003903691,0.99763036,0.0002282292,0.0006293308
eey4ya9,anger,anger,0.96401215,0.0036454247,0.0024679543,0.017901015,0.0075413133,0.004432092
eey53ln,joy,joy,0.0019680604,0.00023275387,0.00027246843,0.9959313,0.00043305528,0.0011623201
eey579w,sadness,surprise,0.06661498,0.002845059,0.003033715,0.0044659777,0.026534012,0.8965063
eey5gc2,joy,joy,0.0020668493,0.00017766676,0.00028384276,0.9960531,0.00030333508,0.0011151505
eey5mir,sadness,sadness,0.005013596,0.0030391528,0.0014959861,0.0026741868,0.986067,0.0017100323
eey5ukr,joy,joy,0.001141705,0.00020225967,0.00032158845,0.99753714,0.0003328591,0.0004644682
eey6053,joy,joy,0.00241859,0.0001848856,0.00021424636,0.9958937,0.0005038585,0.0007846952
eey629w,surprise,surprise,0.4551171,0.0065338067,0.0028146985,0.0101667475,0.04837143,0.47699615
eey6eub,joy,joy,0.007869256,0.0007154581,0.0017430334,0.8439662,0.0033154367,0.14239065
eey6meg,anger,anger,0.9560051,0.006382989,0.0021615173,0.008974719,0.015921386,0.010554174
eey7373,joy,joy,0.079553284,0.00063680543,0.00094323413,0.911782,0.00241343,0.0046712155
eey8xwv,anger,anger,0.7699287,0.033671107,0.0020567717,0.009507567,0.010888266,0.1739476
eey9qd2,joy,joy,0.00056455395,0.0001497899,0.00025836538,0.9974734,0.0004292144,0.0011246243
eeyaomy,joy,joy,0.0045292447,0.0005432868,0.00076066377,0.98261017,0.0014318903,0.010124831
eeyazvb,surprise,anger,0.92876744,0.006491538,0.0022990403,0.0075523523,0.033744674,0.021144953
eeyc7hc,surprise,surprise,0.09903248,0.0029160797,0.0018286881,0.006048011,0.009264754,0.88091
eeyc8jz,anger,anger,0.9648089,0.0027032306,0.0016977016,0.010188881,0.0076118405,0.0129893925
eeye3ry,joy,joy,0.001646093,0.00029362066,0.00031480056,0.9967064,0.00026826514,0.0007708824
eeyeavn,joy,joy,0.043000143,0.0011916402,0.0012808229,0.82761836,0.004051397,0.12285765
eeyenej,anger,disgust,0.29747546,0.64778435,0.0077981446,0.010777242,0.03168308,0.0044817463
eeyeu61,joy,joy,0.000923994,0.00026724287,0.00037476255,0.9967746,0.00019347484,0.0014659597
eeyf120,surprise,surprise,0.0453404,0.0021706447,0.020575084,0.2763187,0.20924613,0.446349
eeyfd0k,sadness,anger,0.48604032,0.035306018,0.027341893,0.01777321,0.4207667,0.012771765
eeyh2zt,joy,joy,0.2156774,0.0043798843,0.0026011912,0.7522143,0.010000335,0.015126916
eeyht37,surprise,joy,0.008571934,0.0016684398,0.0010827236,0.6311621,0.0021687157,0.35534608
eeyiizn,joy,joy,0.004266508,0.00031010006,0.00049907534,0.9934049,0.000295334,0.0012240483
eeyivpd,joy,joy,0.025755368,0.000480623,0.001024891,0.9689414,0.0014911096,0.002306711
eeyj4bw,joy,joy,0.0036239554,0.00031945368,0.0030985097,0.98950255,0.0010465996,0.0024089322
eeyjwnh,joy,joy,0.00086693856,0.00034798362,0.00048638665,0.9935028,0.00018780367,0.00460814
eeykk40,joy,joy,0.0011037186,0.00016383255,0.00027687332,0.997017,0.00024080927,0.0011977429
eeymdv6,sadness,joy,0.007723815,0.0006882015,0.0015469235,0.8706381,0.108213864,0.011189096
eeymgef,anger,joy,0.14493236,0.0011440555,0.0069726966,0.7741019,0.04555217,0.027296737
eeyn44s,joy,joy,0.00083588227,0.00027887,0.00038750935,0.99762243,0.0002305082,0.0006448048
eeynzmp,joy,joy,0.0008411756,0.00018903856,0.00031422602,0.9976788,0.0003044532,0.00067224796
eeynzom,anger,anger,0.8892485,0.003144748,0.0026311076,0.08829932,0.006733541,0.009942886
eeyoa9n,joy,joy,0.0011240871,0.00045359635,0.0026090848,0.9900367,0.0041195154,0.0016569552
eeyp2c8,joy,joy,0.0012296718,0.0001607568,0.00026507754,0.996696,0.00083643274,0.0008121172
eeyp7w8,joy,joy,0.00094759045,0.00020639348,0.00028451215,0.99756277,0.0005218853,0.0004768896
eeypdr5,anger,anger,0.57038337,0.0028501959,0.0028603987,0.15235713,0.04028034,0.23126847
eeyq3lu,sadness,sadness,0.06239373,0.002554443,0.0054764915,0.06522762,0.84724873,0.017099025
eeyqdff,joy,joy,0.000716081,0.00017956595,0.00029602257,0.99684024,0.00024998354,0.0017181083
eeyr9at,anger,anger,0.96324193,0.008980799,0.0016450202,0.0021202683,0.004851223,0.019160802
eeyra7d,joy,joy,0.001306843,0.0002187369,0.0002930727,0.9970061,0.00038193385,0.00079332845
eeyrqob,anger,anger,0.8286818,0.04173423,0.0048174337,0.07340238,0.039169494,0.012194654
eeysnr8,anger,anger,0.7321478,0.0021783821,0.002546544,0.23268919,0.016930612,0.013507423
eeyt4x6,joy,joy,0.0015679685,0.0002748981,0.00028217927,0.9962058,0.00038747198,0.0012816958
eeyu5pc,anger,disgust,0.31659096,0.629133,0.010718448,0.012408711,0.02583624,0.0053126398
eeyv7fy,joy,joy,0.0010962102,0.00015495507,0.00022403276,0.99717414,0.0003974055,0.0009532245
eeyvlxh,joy,joy,0.010157881,0.00039214178,0.0011597318,0.932405,0.0059069344,0.049978293
eeyw4g8,anger,joy,0.008393143,0.0007955807,0.0017046127,0.9362996,0.05035563,0.0024514503
eeywn97,joy,joy,0.0057873074,0.00022840017,0.0003939967,0.9892743,0.0016251475,0.0026908705
eeywnlj,joy,anger,0.6002331,0.011328444,0.0027753552,0.32197452,0.013136897,0.050551657
eeywvw4,joy,surprise,0.006427774,0.00077165256,0.00086024153,0.010379132,0.0013873905,0.9801737
eeyx89b,fear,surprise,0.00830169,0.0010081957,0.0065443106,0.0053323633,0.0032000113,0.9756134
eeyyi2z,surprise,anger,0.9353272,0.008901684,0.00189887,0.023815803,0.009734103,0.020322392
eeyyyy5,joy,joy,0.0008143457,0.00018499077,0.0003250345,0.99762315,0.00020423777,0.00084822753
eeyza0p,anger,sadness,0.30649537,0.011339463,0.0022830984,0.016422354,0.6538237,0.009636108
eez022h,joy,joy,0.0009898576,0.00022788196,0.00033656263,0.9975689,0.00025938757,0.00061743567
eez1ed7,anger,anger,0.97224855,0.005436333,0.0008134848,0.0029288244,0.0062304414,0.0123422835
eez1yz1,joy,joy,0.0021532103,0.00048560518,0.0018536148,0.9941273,0.00031985348,0.0010604336
eez2qeg,surprise,surprise,0.012328216,0.0013269376,0.0013356637,0.001772262,0.0038756412,0.97936124
eez4vse,joy,joy,0.004224407,0.00024158922,0.0006750718,0.9888476,0.0010174833,0.0049938317
eez5aha,surprise,joy,0.0009848155,0.00023951668,0.0004270944,0.98676074,0.00042699953,0.011160854
eez78sa,joy,joy,0.00074592547,0.00021728671,0.00037197344,0.9977622,0.000369125,0.0005334466
eez7shn,joy,joy,0.0022528407,0.00015790264,0.00025966496,0.99586344,0.00032887587,0.0011372634
eez85rk,joy,joy,0.0013910217,0.000258692,0.00030866388,0.9970271,0.00033561993,0.0006790065
eez8e8r,joy,joy,0.0015369634,0.00018906334,0.00026728344,0.99658465,0.0004318484,0.000990214
eez8nxs,joy,joy,0.0028108219,0.00031612747,0.0003082827,0.9954919,0.0003791343,0.00069373794
eez9z4b,sadness,joy,0.21020186,0.0022586817,0.005173405,0.4918903,0.2698883,0.020587467
eezaats,joy,joy,0.00073250383,0.00018552992,0.00044306557,0.997463,0.0004283144,0.00074754737
eezbkyh,joy,joy,0.007969419,0.003916704,0.008347363,0.8966238,0.0065121185,0.076630585
eezd4nf,joy,joy,0.0012968587,0.00019781456,0.00035727746,0.99698764,0.00028633705,0.00087405654
eezderw,joy,joy,0.00081851205,0.00020583886,0.0003458714,0.9976441,0.0001958756,0.0007897424
eezelds,anger,fear,0.20454645,0.020157581,0.6234808,0.11033675,0.029513001,0.011965379
eezev4f,joy,joy,0.00079415797,0.00020210579,0.0003124072,0.99762267,0.00022459183,0.000844052
eezf0s8,surprise,surprise,0.0054472615,0.0022497433,0.0022754814,0.30181563,0.0028286593,0.6853832
eezg0ig,sadness,sadness,0.0018286369,0.0014373133,0.0016306095,0.0036456182,0.98639005,0.0050679143
eezgbd0,anger,anger,0.9640465,0.0071548573,0.0006462387,0.013088069,0.012008942,0.0030554596
eezgkw2,joy,joy,0.001107844,0.00023261314,0.00035715904,0.99731123,0.00025069603,0.00074047566
eezhzoi,joy,joy,0.011511353,0.00034672776,0.00037690907,0.98606443,0.0007979143,0.0009027436
eezj6jj,joy,joy,0.00096874026,0.00021839654,0.00032259928,0.997595,0.00024926025,0.0006459217
eezjmqm,joy,joy,0.0009730813,0.00021094721,0.00037506214,0.9975643,0.00030548385,0.0005710053
eezkoeb,sadness,sadness,0.011668721,0.0018412626,0.0011652424,0.013881743,0.9663217,0.0051213275
eezlw7j,joy,sadness,0.014404175,0.062144123,0.41721162,0.030282324,0.45330825,0.022649491
eezmgjc,anger,anger,0.6720539,0.032540925,0.0026181235,0.011654507,0.26905626,0.012076256
eezmqjn,sadness,sadness,0.0047942284,0.0014135835,0.0009922311,0.004775795,0.9857869,0.00223721
eezmtzq,surprise,surprise,0.003414917,0.0009925733,0.000649873,0.001959614,0.0012716016,0.9917114
eezn1y0,joy,joy,0.00079746055,0.00030532113,0.0005380952,0.99682766,0.0004652398,0.0010661725
eeznhdw,joy,joy,0.0070145894,0.0004951222,0.004023249,0.977802,0.005023213,0.00564181
eeznxtj,sadness,joy,0.0031394365,0.00026427,0.0005716027,0.98756146,0.0052103205,0.0032529815
eeznzeu,joy,joy,0.0010745567,0.0001822565,0.0003029509,0.9973736,0.00036129434,0.0007052565
eezosy1,anger,anger,0.8248695,0.003213531,0.0009187163,0.1259398,0.020094465,0.024963913
eezq2vc,joy,joy,0.0027333458,0.00031164094,0.00065864495,0.99401087,0.00030269928,0.0019828205
eezq59k,sadness,sadness,0.0014798442,0.0017439862,0.0038661633,0.0027123378,0.9889325,0.001265113
eezqb2a,surprise,surprise,0.017986244,0.0019098076,0.009003256,0.032135043,0.09909332,0.83987236
eezrnk8,joy,joy,0.0011318307,0.00028378813,0.00035830386,0.9973471,0.00028850633,0.00059037405
eezs6fg,joy,joy,0.0036287962,0.00018506365,0.00034066537,0.99297875,0.0007327344,0.0021339764
eezt0pn,joy,joy,0.00095711555,0.00021654445,0.00036059227,0.9975338,0.0002308487,0.0007011094
eezt0vb,sadness,sadness,0.006085818,0.0017975083,0.0014731761,0.022301562,0.96609247,0.0022494423
eeztbjr,joy,sadness,0.12645228,0.0056025963,0.050809454,0.21614999,0.4563329,0.14465284
eeztz9h,joy,anger,0.928293,0.0055170823,0.0029712373,0.014913492,0.03345017,0.014854931
eezu5ys,joy,joy,0.00090499705,0.00030026457,0.00042299676,0.9974854,0.00031103432,0.00057531364
eezu6jv,joy,joy,0.005680022,0.00086650805,0.00065180985,0.9911247,0.0007900966,0.00088681857
eezumyg,joy,joy,0.0010423815,0.00016593668,0.0002542695,0.99749017,0.00036605954,0.0006811399
eezvb8b,anger,surprise,0.14050302,0.1165167,0.02509456,0.044474196,0.1257055,0.547706
eezw7id,sadness,sadness,0.015402786,0.0022588235,0.005707922,0.0034541956,0.96978563,0.003390577
eezwarw,joy,joy,0.062108025,0.0007127888,0.0008797596,0.89235985,0.0016096749,0.042329907
eezxeyk,joy,joy,0.0046482263,0.00025996828,0.00032915923,0.9933594,0.00038538952,0.0010179087
eezxv8v,joy,joy,0.0006020466,0.0002785717,0.00046740382,0.99754614,0.0003742689,0.00073148985
eezyinl,anger,joy,0.2270247,0.0047136215,0.0015043981,0.75785434,0.0059969677,0.0029059737
eezz9z2,joy,joy,0.00092648144,0.00025686924,0.00031920307,0.9976829,0.00035382478,0.00046067298
ef01a5n,surprise,surprise,0.0068992265,0.0019857765,0.0013357425,0.0140085835,0.0022432103,0.9735275
ef025pn,surprise,anger,0.5037653,0.0038670981,0.0014142129,0.016178574,0.013924359,0.4608505
ef02ir1,anger,sadness,0.39588583,0.06268115,0.05252267,0.009803495,0.450803,0.028303817
ef0483u,anger,anger,0.93402416,0.05010523,0.0029642358,0.0022611404,0.0071531925,0.0034920492
ef04d6t,joy,joy,0.0007435738,0.00014143888,0.00021449281,0.99724185,0.0004486396,0.0012099519
ef06qyx,joy,joy,0.023177091,0.00179899,0.006371693,0.9063822,0.023189932,0.039080102
ef077fx,surprise,surprise,0.0028622604,0.00086436205,0.00084716093,0.0052232775,0.0012145648,0.98898834
ef08jsr,joy,joy,0.0011156668,0.00023660848,0.00028795042,0.99755317,0.0003127184,0.0004938639
ef0bcca,joy,joy,0.0005522465,0.0001665422,0.0003830975,0.9976865,0.00040811347,0.0008034833
ef0c0w7,joy,joy,0.0009243333,0.00026586748,0.00033837138,0.99740356,0.00020993735,0.0008578826
ef0c1q6,joy,joy,0.0008608088,0.00026137673,0.0004115919,0.99645776,0.00021374959,0.0017947301
ef0cj04,surprise,surprise,0.024871066,0.0018935341,0.0010244298,0.24757749,0.0041336427,0.7204998
ef0cp9l,anger,joy,0.17993034,0.0022437766,0.0037235126,0.68894845,0.076031744,0.04912216
ef0d9jo,joy,joy,0.0009561972,0.0002468,0.0003460573,0.99766266,0.00026973084,0.00051852193
ef0dr99,joy,joy,0.0012543557,0.00019917541,0.0002476897,0.9973347,0.00041777815,0.0005463161
ef0eurr,joy,joy,0.0010033422,0.00020376261,0.00037069252,0.9975447,0.00044455111,0.0004328874
ef0jf2m,anger,anger,0.96326303,0.009635524,0.0017392201,0.0064410246,0.008910043,0.010011146
ef0jr91,joy,joy,0.031951573,0.0004421309,0.00048518047,0.9590743,0.0010845842,0.006962092
ef0jzwv,joy,joy,0.00087724446,0.00023146898,0.00034925566,0.99776566,0.0003030879,0.00047324738
ef0k7qb,surprise,sadness,0.021872357,0.015581616,0.022452276,0.00802164,0.92253864,0.009533433
ef0lcsf,joy,anger,0.6423149,0.010915407,0.015393616,0.08265086,0.027847605,0.22087757
ef0nh59,joy,joy,0.0025146576,0.0003212625,0.0005418563,0.9940923,0.0010488502,0.0014811005
ef0o1is,surprise,surprise,0.008778043,0.0013699536,0.0009199157,0.0016867752,0.0012605645,0.9859848
ef0o2jh,anger,anger,0.9460312,0.0073302304,0.00082208327,0.018966831,0.021737918,0.005111609
ef0o4mh,joy,joy,0.001421785,0.00030186417,0.0003369162,0.9970824,0.00023327323,0.00062374846
ef0ofn2,joy,joy,0.0011774997,0.00021188609,0.00050093967,0.99484384,0.00028050813,0.0029852672
ef0oipp,joy,joy,0.00082608673,0.00013064881,0.000305762,0.9971367,0.0005939316,0.0010068951
ef0orjv,fear,fear,0.0373831,0.024486484,0.8841283,0.008866034,0.032782447,0.012353671
ef0pkfb,joy,joy,0.005824888,0.00028253451,0.00028134818,0.9921509,0.00066098454,0.00079929887
ef0pqiv,joy,joy,0.0009198676,0.0004478782,0.0003774186,0.99573684,0.0002676856,0.0022503189
ef0qkw3,joy,joy,0.0027198938,0.00066053,0.0037795622,0.9800919,0.0027256454,0.0100223385
ef0r6br,joy,joy,0.003698199,0.00024740133,0.00040443527,0.99412644,0.0007427914,0.0007806727
ef0sfus,joy,joy,0.000819481,0.00023693239,0.00042364743,0.99757177,0.00033361846,0.00061455
ef0tzxg,joy,joy,0.0010453373,0.0002712512,0.00047254385,0.99653095,0.00066945725,0.0010104522
ef0udgg,anger,anger,0.9803796,0.0070204455,0.0020900436,0.0036833244,0.003369044,0.0034576773
ef0v2wx,joy,anger,0.94613886,0.0020411655,0.0018120583,0.037864976,0.008365235,0.00377772
ef0vd27,disgust,disgust,0.07714604,0.7527316,0.07320913,0.029848943,0.06049216,0.0065721003
ef0vqry,joy,joy,0.008861778,0.00045728404,0.0009364997,0.92723083,0.0012565529,0.061257087
ef0wfys,joy,joy,0.0011683191,0.00019375901,0.00038891658,0.9960932,0.00021648263,0.0019393406
ef0xjkr,joy,joy,0.00077167933,0.00026539445,0.00032278412,0.99624455,0.00035730988,0.0020382868
ef0xnr3,sadness,sadness,0.004008055,0.0016429812,0.0023067084,0.010304056,0.9793083,0.0024299873
ef0xqrg,joy,joy,0.00083141075,0.00022589063,0.00035132156,0.99778664,0.0002648996,0.0005397049
ef0yyrf,surprise,surprise,0.011471394,0.0013765864,0.0008752702,0.0016665459,0.0016635383,0.98294663
ef0z27x,joy,joy,0.0008661859,0.00025183463,0.00038445345,0.99772006,0.00028093514,0.00049653614
ef1088c,anger,anger,0.5481716,0.017714432,0.045275938,0.117236406,0.092482254,0.1791194
ef11fni,surprise,joy,0.059147928,0.0013916626,0.0073657483,0.6608457,0.2549935,0.016255483
ef13jli,joy,joy,0.0014057922,0.0002814746,0.00041322905,0.9970386,0.00025028232,0.000610648
ef15fon,surprise,surprise,0.022103542,0.0026314184,0.001501051,0.002443546,0.003954377,0.9673661
ef165g9,joy,joy,0.0009745604,0.00020250928,0.00035479444,0.9975165,0.00034924873,0.0006024446
ef16i3p,joy,joy,0.0045777825,0.0012864359,0.004692551,0.86659837,0.026355147,0.096489675
ef16ld3,anger,anger,0.9643622,0.012754936,0.0011236831,0.0032217328,0.01253607,0.00600145
ef17w5q,joy,joy,0.0011472862,0.0002002841,0.0003194469,0.9967211,0.00022648936,0.0013852916
ef1899w,anger,fear,0.054155007,0.21464492,0.69209397,0.010137753,0.017272854,0.011695474
ef19iya,joy,joy,0.0010468913,0.00024237989,0.0003304033,0.9974068,0.00020827487,0.0007652982
ef19umv,joy,joy,0.0006698353,0.00017443321,0.00031544894,0.99782616,0.0002655642,0.0007485402
ef1aj2l,anger,joy,0.24980421,0.0075238687,0.20291553,0.41615176,0.07646916,0.0471355
ef1akef,joy,joy,0.0008083356,0.00022208728,0.00038515532,0.99778444,0.0003029982,0.0004970268
ef1beex,surprise,surprise,0.002546247,0.0014642332,0.0010061713,0.01910077,0.0008235982,0.975059
ef1betm,surprise,surprise,0.0036290716,0.0014217249,0.0011445488,0.0007777793,0.001382854,0.9916441
ef1bteo,joy,joy,0.0014439699,0.00025823238,0.0008786489,0.99399984,0.0013361813,0.0020831155
ef1d4i1,joy,joy,0.0009201099,0.0002370832,0.00037534503,0.9973246,0.0003349436,0.0008079053
ef1dqo9,joy,joy,0.00068658777,0.00020402238,0.00032469415,0.99790996,0.00023074311,0.00064390106
ef1eim7,surprise,surprise,0.06085695,0.0027218417,0.0027472028,0.03471351,0.0073110317,0.89164937
ef1fqe0,joy,surprise,0.2059364,0.024662547,0.0371953,0.06633138,0.010035157,0.6558392
ef1gddi,joy,joy,0.009472378,0.0010299996,0.0012593513,0.7245526,0.0013542596,0.26233143
ef1gqzt,joy,joy,0.0005767534,0.00016271303,0.0003916561,0.99776304,0.00027360627,0.000832264
ef1h34d,surprise,surprise,0.002985349,0.0014550034,0.0008035939,0.0014528624,0.0008309784,0.9924722
ef1h372,joy,joy,0.00087332545,0.00025336107,0.00038020927,0.99767965,0.00038239217,0.00043110215
ef1ho70,joy,joy,0.0007252719,0.00016620728,0.00027487043,0.9959422,0.00042986943,0.002461518
ef1hve3,surprise,surprise,0.010737506,0.00073245045,0.0008686678,0.008603926,0.0025130764,0.97654426
ef1i32a,anger,anger,0.40433192,0.024147158,0.13816114,0.31544736,0.073043816,0.044868596
ef1jcrb,joy,joy,0.41479278,0.003651312,0.009240759,0.5253597,0.036027692,0.010927812
ef1l95c,joy,joy,0.002394642,0.0002465267,0.0003894117,0.99569345,0.0006534,0.00062257313
ef1lbg9,joy,joy,0.0010791364,0.00019795039,0.0002744704,0.99718046,0.00025967212,0.0010083221
ef1mfs8,joy,joy,0.024748033,0.0011843028,0.0014035325,0.94763887,0.0021865352,0.022838792
ef1mvt7,anger,anger,0.95250094,0.01037833,0.0018474389,0.011716642,0.018364487,0.0051921993
ef1na47,sadness,sadness,0.0020256697,0.0022475307,0.0015658082,0.0034492426,0.98899627,0.0017154247
ef1o595,joy,joy,0.010510919,0.00041414233,0.0009751034,0.97895586,0.00494586,0.004198099
ef1pfu5,joy,joy,0.0009991019,0.00018271193,0.00037571174,0.9976419,0.00036521885,0.00043535593
ef1qrb1,surprise,joy,0.0062922644,0.00029281343,0.001217892,0.9848927,0.0006989301,0.0066053583
ef1r7bj,surprise,surprise,0.023533523,0.0013573446,0.0009094656,0.004085726,0.002439929,0.96767396
ef1trkk,surprise,surprise,0.0035896492,0.0012389305,0.0016956157,0.001167221,0.0018666465,0.9904419
ef1ts2o,joy,joy,0.00957894,0.0002934155,0.0012966981,0.9837426,0.0009329706,0.004155427
ef1u0th,joy,joy,0.0007897446,0.00016150207,0.0003997771,0.996965,0.0003934707,0.0012904053
ef1u5ha,joy,joy,0.0008833971,0.00022839411,0.00029670066,0.9977944,0.00030071585,0.0004964813
ef1uc9a,surprise,surprise,0.0037803354,0.0009326113,0.00081253017,0.0016300739,0.0009540554,0.99189043
ef1uq8d,sadness,joy,0.1263262,0.0023092455,0.0021003122,0.51347214,0.07472001,0.28107208
ef1v8k3,joy,joy,0.0009965294,0.0003025027,0.00040894398,0.9899306,0.00062307477,0.007738322
ef1vdgk,anger,anger,0.8017209,0.005163893,0.0040913783,0.020921221,0.06854045,0.099562146
ef1w511,joy,joy,0.00084492436,0.00021009287,0.00033537849,0.9972063,0.00020013239,0.0012031844
ef1xszg,anger,anger,0.97833055,0.0054712193,0.0014082866,0.0023778465,0.007023503,0.0053886697
ef1y8ui,anger,anger,0.98252225,0.004984475,0.00091349287,0.00444067,0.0027757168,0.004363387
ef1z2v4,anger,anger,0.82972205,0.0073103574,0.0020954632,0.006199645,0.011693611,0.14297892
ef1zg87,joy,joy,0.0011719243,0.00024784962,0.00041715955,0.99700636,0.00040005572,0.0007566989
ef20jim,joy,joy,0.0017652505,0.00019506353,0.00038341188,0.99556714,0.0014358379,0.0006532221
ef21qdr,joy,joy,0.00076087075,0.0002658629,0.0005447781,0.9896644,0.000330974,0.008433215
ef21tmj,joy,joy,0.0011714358,0.00025498454,0.00036659566,0.99737847,0.00029740372,0.0005311228
ef2264s,joy,joy,0.0008699726,0.00019190837,0.00030313316,0.9977291,0.00040692356,0.00049897487
ef22fuy,joy,joy,0.0026064813,0.0002581965,0.00029930816,0.994146,0.0018147172,0.0008752123
ef22xs3,joy,joy,0.00084675895,0.0001888736,0.00032876246,0.997687,0.00045528784,0.00049336004
ef236we,joy,joy,0.0023842144,0.00021171807,0.000421911,0.99423134,0.00029783515,0.0024530536
ef245tb,surprise,surprise,0.002922168,0.0009032396,0.00090743526,0.0029370592,0.00089614256,0.991434
ef2611y,joy,joy,0.0012808513,0.00023031082,0.0004374625,0.99587893,0.00019994551,0.0019724683
ef2694a,sadness,sadness,0.0045343298,0.0016866191,0.0016406842,0.0053346227,0.9800791,0.0067245504
ef26hns,joy,joy,0.0013208046,0.00017479404,0.00054390257,0.99287766,0.0019308048,0.0031520727
ef27377,joy,joy,0.0013059028,0.00020012485,0.0002801503,0.9970366,0.00030980902,0.00086740137
ef282hb,joy,joy,0.0027507925,0.00055061834,0.0015580126,0.9584976,0.034229174,0.0024137509
ef284g2,joy,joy,0.00074419874,0.00014739492,0.00026849995,0.9950363,0.00053697714,0.0032666563
ef2b3ev,joy,joy,0.0019090954,0.00017171366,0.0002533749,0.99604553,0.00026804814,0.0013521262
ef2b4tm,joy,joy,0.0006544869,0.00018737945,0.00028600227,0.99797434,0.000355569,0.0005422527
ef2b63d,joy,joy,0.0042432346,0.00030635198,0.00027336236,0.99179274,0.0025079867,0.000876321
ef2bj7q,anger,anger,0.5890278,0.019804891,0.0036828949,0.017562019,0.3466709,0.023251466
ef2cx6f,joy,joy,0.0029743249,0.00017300023,0.00027122357,0.9919184,0.00075786025,0.0039051506
ef2ddbx,joy,joy,0.0007674524,0.00018778267,0.00030829752,0.99738723,0.0006284074,0.00072088744
ef2epu3,joy,anger,0.8944633,0.050573096,0.027542857,0.015109817,0.0077672745,0.004543633
ef2f4rk,anger,sadness,0.02338499,0.004162169,0.00412808,0.0077891815,0.9498401,0.0106954025
ef2hgwa,joy,joy,0.0012508937,0.00017646133,0.0002845068,0.9970855,0.0003795564,0.0008229922
ef2jb8m,joy,joy,0.090973526,0.0016266672,0.0019151577,0.53214765,0.0076805246,0.36565644
ef2jec1,joy,joy,0.038222816,0.00049092004,0.00054976664,0.9509444,0.0052725375,0.004519519
ef2jexa,joy,joy,0.000745035,0.00022069456,0.0003368448,0.99786216,0.00027598243,0.00055931153
ef2k6aw,joy,joy,0.0013774773,0.00030405127,0.00039157597,0.99645966,0.00023625919,0.0012308782
ef2mpzn,anger,anger,0.97305334,0.012504258,0.001964289,0.0016999239,0.0078115356,0.0029666459
ef2n7yk,anger,anger,0.69884545,0.26736468,0.005960527,0.012058826,0.010688496,0.0050819833
ef2nn9m,joy,joy,0.0009368407,0.00019375475,0.00033970317,0.997619,0.00028176152,0.0006289825
ef2o4ur,joy,joy,0.06307562,0.0030531713,0.009754298,0.5303861,0.18092053,0.21281026
ef2p0zx,joy,joy,0.00091388816,0.00019648067,0.0002851697,0.9977099,0.00030846434,0.0005861562
ef2qo4t,anger,anger,0.81886053,0.10801946,0.0052969507,0.008212129,0.05385963,0.005751368
ef2qqcl,anger,sadness,0.42639825,0.00998788,0.011417315,0.019445976,0.45374736,0.07900321
ef2rdrz,joy,joy,0.0015649166,0.00020035103,0.0005577248,0.99643433,0.00051704363,0.00072552066
ef2rfaw,sadness,sadness,0.001841079,0.0013839944,0.0017621132,0.0047993413,0.98871475,0.0014987641
ef2tb8h,joy,joy,0.002752593,0.00018913811,0.0002662449,0.99312043,0.0005245564,0.0031470906
ef2u2is,joy,joy,0.0012514385,0.00019624762,0.00034830088,0.99728906,0.0002895557,0.00062541524
ef2w083,joy,joy,0.024777597,0.00078699616,0.0016701419,0.8959483,0.07144378,0.005373209
ef2y2pf,joy,joy,0.0010971228,0.00036922618,0.00071746676,0.98702747,0.00028019818,0.010508555
ef2zhe7,joy,joy,0.0015942131,0.00017175796,0.0004043866,0.99379164,0.0022141605,0.0018238445
ef2zv8n,anger,disgust,0.042650428,0.8367247,0.07294,0.013233207,0.027651168,0.006800392
ef335nm,joy,joy,0.0010771439,0.0002286232,0.0003747881,0.9957147,0.00029673585,0.0023079768
ef33bmr,anger,anger,0.8963176,0.0038185446,0.00112145,0.063109405,0.009334158,0.026298793
ef33st6,surprise,surprise,0.0036120208,0.0008054433,0.0006788013,0.028263314,0.0014785533,0.96516186
ef354sl,joy,sadness,0.013027359,0.0043152804,0.010487982,0.022749988,0.9366259,0.01279353
ef3768o,joy,joy,0.0007462067,0.00013233276,0.00037184957,0.99629813,0.0011302414,0.0013212337
ef38dvr,joy,joy,0.0011083642,0.0002989675,0.0002842413,0.99531376,0.00024934424,0.0027452887
ef39gwn,surprise,surprise,0.018112522,0.0014834111,0.0015563557,0.002977457,0.0031933887,0.97267693
ef39z07,anger,anger,0.74589914,0.012375116,0.015835706,0.02823564,0.07147116,0.12618326
ef3a1zc,disgust,anger,0.38249946,0.19858436,0.05023343,0.3125482,0.035707857,0.02042665
ef3bvby,joy,anger,0.46878582,0.0070680864,0.011463796,0.12169201,0.3057618,0.08522845
ef3d3hj,anger,sadness,0.26025566,0.028996458,0.002102159,0.021694584,0.6707165,0.016234545
ef3dwfh,joy,joy,0.0034383987,0.00047125074,0.0007796532,0.9934315,0.0005080723,0.001371115
ef3esrz,surprise,surprise,0.0034403324,0.0008046755,0.0006719008,0.0021027962,0.0012040557,0.9917762
ef3eve3,joy,joy,0.001090215,0.0002159988,0.00023781382,0.9973869,0.00023293936,0.00083617156
ef3ft07,joy,joy,0.22336376,0.008724387,0.0024306658,0.5615788,0.010302598,0.19359975
ef3hqcr,anger,anger,0.97517437,0.004192227,0.0007575413,0.0063624536,0.009009961,0.004503464
ef3ktz6,surprise,surprise,0.0038220158,0.0020096088,0.0036978226,0.41018182,0.0022614081,0.57802737
ef3kxgh,surprise,surprise,0.014129493,0.0017622623,0.0046139695,0.26202127,0.019994628,0.69747835
ef3lnf7,anger,sadness,0.2053498,0.00579571,0.026545402,0.2260486,0.3623492,0.17391129
ef3ly3m,joy,joy,0.00088656007,0.00014368334,0.00037458757,0.9975414,0.00037714228,0.00067659654
ef3m0kl,joy,joy,0.001396154,0.00027746602,0.00029467905,0.9969374,0.00025183824,0.00084254926
ef3m47m,joy,joy,0.000965079,0.00023148456,0.00033561818,0.99756926,0.0003278502,0.00057062076
ef3mnfz,joy,joy,0.0013791064,0.0011850679,0.0019473358,0.92056155,0.000770274,0.07415665
ef3ph1e,joy,joy,0.001224936,0.00022352589,0.00033925357,0.99736816,0.00021543045,0.0006286645
ef3swyx,joy,joy,0.0027978097,0.0003535068,0.00038883617,0.9954026,0.00046999846,0.0005871979
ef3trkm,sadness,sadness,0.0032987008,0.0010978433,0.001804463,0.004993084,0.9845487,0.00425728
ef3xe9e,surprise,surprise,0.01624233,0.0010389253,0.0007235137,0.004158687,0.0022640154,0.9755726
ef3xkza,anger,joy,0.14490846,0.0024252827,0.0033835792,0.8191015,0.010786228,0.019394979
ef3yo19,anger,anger,0.9766212,0.011988738,0.0019912214,0.002067374,0.004714509,0.0026169769
ef43gz5,joy,joy,0.0010385043,0.00069711934,0.0014400057,0.98600996,0.00045760928,0.01035682
ef43ix0,joy,joy,0.0015041317,0.00046752492,0.0005608878,0.99013925,0.00025639235,0.0070718946
ef43xum,joy,joy,0.0007057568,0.00020790222,0.0003820958,0.99786747,0.0003617267,0.00047498115
ef464sd,surprise,surprise,0.0041312063,0.0011557755,0.0009378747,0.0030057258,0.00071170775,0.99005765
ef4756f,joy,joy,0.0006786137,0.00022609414,0.00034492832,0.9979049,0.00026985756,0.00057552155
ef47otl,surprise,surprise,0.3268259,0.009115913,0.0059724604,0.009562958,0.034789104,0.6137336
ef48ooz,sadness,surprise,0.11024541,0.010183339,0.0046735215,0.023888094,0.20473774,0.6462719
ef49a7u,sadness,sadness,0.0109080095,0.005800733,0.026528515,0.011932745,0.9365936,0.008236405
ef49beq,joy,joy,0.00075390283,0.00020553231,0.00029309336,0.9977223,0.00028346528,0.00074170943
ef4a8jm,sadness,anger,0.7636815,0.0042580697,0.002823667,0.049443945,0.058260877,0.121531956
ef4aebu,joy,joy,0.00095079787,0.0002999449,0.0003713679,0.99754435,0.00027709643,0.0005563701
ef4ao4f,surprise,surprise,0.007955341,0.0015453306,0.0013013745,0.0036724496,0.0023097673,0.98321575
ef4byo4,anger,anger,0.9791253,0.009379714,0.0020954153,0.0024810536,0.0042799152,0.0026386043
ef4epvn,sadness,joy,0.18146478,0.0033773882,0.0022787927,0.79621166,0.008210005,0.008457364
ef4f75t,joy,joy,0.0012439324,0.00032454,0.00045503385,0.9958727,0.0001873329,0.0019164311
ef4ffcr,joy,joy,0.0015354961,0.0004108135,0.000384555,0.9923226,0.00028519655,0.0050613396
ef4g6zx,sadness,sadness,0.07040781,0.012470181,0.008384132,0.009504616,0.86604923,0.03318412
ef4gecy,joy,joy,0.0008561497,0.00016984517,0.00022113297,0.9975727,0.00033196562,0.00084819674
ef4h1hd,anger,anger,0.8625547,0.003683792,0.0014129514,0.024173072,0.03464842,0.07352706
ef4hcnj,anger,anger,0.9611225,0.0047661983,0.000685339,0.011238214,0.0122703435,0.009917268
ef4hm29,joy,joy,0.0015080917,0.00024506456,0.00046129493,0.9939955,0.0014235862,0.0023665503
ef4i70v,joy,joy,0.0018751005,0.00022552013,0.00034154227,0.9921407,0.0043416517,0.0010754549
ef4ivfd,surprise,surprise,0.009025867,0.0019341841,0.00076030835,0.0013525547,0.0012163465,0.9857107
ef4j6kw,anger,sadness,0.006414337,0.0016992606,0.0014025795,0.006900325,0.9817423,0.0018412917
ef4jbaj,joy,joy,0.0017889857,0.00020929,0.00031700006,0.99360764,0.002189607,0.0018874321
ef4k1i7,joy,joy,0.0019796018,0.00018244618,0.0003327991,0.99452496,0.0020570592,0.0009231755
ef4k3fl,joy,anger,0.89116913,0.0030242717,0.004797089,0.04500517,0.007063372,0.048940968
ef4kgxw,joy,joy,0.00083616294,0.00018037831,0.00030874592,0.99748886,0.0006396881,0.00054619
ef4kl86,joy,joy,0.0012285087,0.0003230443,0.00036143503,0.9972511,0.00025782667,0.00057813193
ef4kltv,surprise,surprise,0.009682312,0.0010872539,0.00082559726,0.001823029,0.0017201797,0.9848616
ef4lbs9,joy,joy,0.00065299665,0.00023155996,0.00033741965,0.9976667,0.000245151,0.0008661383
ef4m1ay,joy,joy,0.00068907416,0.00025614383,0.00041220392,0.9977368,0.0003049393,0.0006007899
ef4n2o4,joy,joy,0.002836975,0.00020878491,0.0007390239,0.9889691,0.0036667592,0.0035793926
ef4n85u,joy,joy,0.0030501701,0.00029812782,0.00088181195,0.96740603,0.000634519,0.027729353
ef4nfkp,joy,anger,0.9202839,0.0022075379,0.0033201417,0.0639089,0.0039627654,0.006316636
ef4nhzn,joy,joy,0.0022235243,0.00019862955,0.0005589263,0.9949449,0.0005203723,0.0015536669
ef4nswg,disgust,joy,0.002097292,0.0007544184,0.0008573734,0.9935415,0.00061935413,0.0021300127
ef4oqyd,surprise,surprise,0.01992176,0.0031031582,0.0013920759,0.11256387,0.0012160576,0.8618031
ef4oza4,joy,joy,0.0008933913,0.00015535743,0.0002915812,0.9972867,0.00055909506,0.00081395573
ef4prtc,joy,joy,0.028790142,0.00045711105,0.002795051,0.95619065,0.0013814726,0.0103855785
ef4q0jl,joy,joy,0.16655032,0.004206903,0.0025670459,0.6501099,0.11623066,0.060335148
ef4qayy,joy,joy,0.009524177,0.0007636346,0.0005371449,0.98709154,0.0011470807,0.00093650306
ef4qfdc,joy,joy,0.0021569934,0.0002968495,0.00034532818,0.994659,0.00024643505,0.002295418
ef4r56x,joy,joy,0.00068772427,0.00013819101,0.00033009757,0.9967547,0.0006804757,0.0014087185
ef4rk55,joy,anger,0.55787283,0.027314859,0.0078727165,0.1717166,0.044479825,0.19074316
ef4sg7c,anger,anger,0.930561,0.008756664,0.00828206,0.014665714,0.03247511,0.00525955
ef4spux,sadness,sadness,0.11131455,0.019909373,0.016181808,0.092426635,0.6760867,0.08408094
ef4svbf,joy,joy,0.00059841416,0.00019494348,0.0003738069,0.99791557,0.00030946793,0.0006077514
ef4u1z2,anger,anger,0.9840381,0.0040062633,0.0006671008,0.0049990998,0.0033230626,0.0029663942
ef4ufos,surprise,surprise,0.035545062,0.0022678825,0.0017258107,0.0064967396,0.027794037,0.9261704
ef4uul9,surprise,surprise,0.0027329337,0.0011780866,0.0009620064,0.0010929602,0.0010210508,0.99301296
ef4v15y,anger,anger,0.86717826,0.00827573,0.002793697,0.026854688,0.074732035,0.02016557
ef4ws0w,surprise,sadness,0.022873182,0.0032379585,0.03598157,0.1442251,0.78781587,0.005866359
ef4x5ph,joy,joy,0.0017022175,0.00020209637,0.0002241184,0.9963223,0.0006492885,0.0009000162
ef4xjux,joy,joy,0.02214135,0.01086325,0.04996829,0.90745604,0.0063008675,0.0032701704
ef4xo3u,joy,joy,0.00096017966,0.0003283894,0.00048805051,0.9967745,0.0003375706,0.0011113408
ef4z0ix,anger,anger,0.706135,0.12579684,0.037748754,0.05187304,0.054180834,0.024265638
ef50ddj,joy,joy,0.0009017667,0.0002530474,0.00034901215,0.99772996,0.00026239292,0.00050392415
ef51739,joy,joy,0.0049990867,0.00052446465,0.00031184428,0.99228984,0.0006709003,0.0012038162
ef51s92,anger,surprise,0.32246855,0.0043350747,0.0036365825,0.014185132,0.033464424,0.62191015
ef520o7,sadness,sadness,0.11907227,0.2986582,0.019884557,0.013454424,0.5427304,0.006200197
ef52esr,joy,joy,0.0023921677,0.00022751732,0.00033526678,0.99498343,0.0010464903,0.0010150413
ef535zc,joy,joy,0.0011115071,0.00013347578,0.00022510951,0.99701405,0.0003661152,0.0011498379
ef53cq6,anger,anger,0.9518329,0.0075046057,0.0010789101,0.0059362124,0.02962719,0.0040201377
ef53k00,surprise,surprise,0.026851892,0.002018805,0.0018110556,0.0026837823,0.0034273448,0.96320707
ef54cd2,joy,joy,0.0007587127,0.00021130838,0.00033198643,0.9978551,0.00029522358,0.00054766744
ef54otk,sadness,sadness,0.051137354,0.015293106,0.003758595,0.002663802,0.921375,0.00577221
ef55zbf,disgust,disgust,0.2889576,0.65706944,0.020937078,0.009687353,0.016827999,0.006520475
ef56vdl,sadness,sadness,0.02073416,0.0019493687,0.004242544,0.02875103,0.9227326,0.021590427
ef57uwb,joy,joy,0.0006024979,0.00020790806,0.00032901936,0.9976814,0.0002337484,0.0009453296
ef58mf9,joy,anger,0.43231058,0.0035958516,0.013226975,0.22146705,0.29821792,0.031181639
ef5982c,joy,joy,0.0006899913,0.0002718654,0.00042294018,0.9976337,0.00024293309,0.00073855947
ef59p5c,anger,anger,0.9654188,0.0028433667,0.00079114176,0.017218117,0.0029136068,0.010814972
ef5abni,surprise,anger,0.88235515,0.065408215,0.010354689,0.005463505,0.0071168505,0.0293016
ef5atuh,joy,joy,0.00065909565,0.00018330269,0.0002886805,0.9976931,0.00030640888,0.0008693486
ef5bh7s,joy,joy,0.0013807999,0.00025003654,0.00033278373,0.99713814,0.00030953164,0.00058863836
ef5bqzb,joy,joy,0.0046295607,0.00023906898,0.000841654,0.9898608,0.0011407871,0.0032880483
ef5cueg,surprise,surprise,0.087830655,0.003314345,0.016689578,0.06653788,0.057754852,0.76787275
ef5cyie,anger,anger,0.97183627,0.010801151,0.0014471812,0.002613005,0.008390529,0.0049117287
ef5dcm0,anger,anger,0.977814,0.008096061,0.0018183141,0.0038290469,0.00466043,0.0037820935
ef5djm0,joy,joy,0.0009039593,0.0002377957,0.00039128005,0.9975867,0.0002644674,0.0006157807
ef5dv7t,joy,joy,0.0011475267,0.00019633392,0.0003626185,0.99646664,0.00028541253,0.001541443
ef5f7p1,joy,joy,0.0019133566,0.00017298824,0.0003931978,0.9959681,0.000577048,0.00097536243
ef5fh24,surprise,surprise,0.0025629466,0.0010018253,0.00092709344,0.0016108196,0.0009487115,0.99294865
ef5g42t,anger,anger,0.9812697,0.0054333503,0.0012449219,0.004208361,0.0039123516,0.003931316
ef5glbc,joy,joy,0.00084897416,0.00018981892,0.0002872345,0.99635303,0.00022306705,0.0020979093
ef5gppz,anger,anger,0.9076205,0.0053116973,0.0027803567,0.06567975,0.008138911,0.010468893
ef5h9as,joy,joy,0.001189862,0.0013501232,0.0013732908,0.9750562,0.00045354545,0.020577015
ef5i1rn,joy,joy,0.08196616,0.0017524435,0.0018947329,0.9088043,0.0022739128,0.003308435
ef5kdg9,sadness,sadness,0.0073255464,0.0017754217,0.0013559042,0.008160812,0.97907615,0.0023062772
ef5kgpl,joy,joy,0.00058928586,0.00026876878,0.00038481547,0.99720734,0.00023312341,0.0013166375
ef5lr64,joy,joy,0.0007204114,0.00020066781,0.00033107665,0.9978319,0.0003243144,0.00059161056
ef5lzzm,joy,joy,0.0023875078,0.00049919204,0.00031922248,0.99538475,0.00039426237,0.0010150453
ef5pjqw,joy,joy,0.0036638202,0.0006966657,0.0008687613,0.9803625,0.00044895118,0.013959269
ef5s4hz,joy,joy,0.0013101385,0.00026080207,0.00030788637,0.99734503,0.00028236915,0.0004937929
ef5ti2e,surprise,surprise,0.004774561,0.0008614067,0.0013903029,0.008102901,0.0035496147,0.98132116
ef5tna3,anger,joy,0.030778054,0.0015463426,0.0012700715,0.84315324,0.001401453,0.12185088
ef5uhgz,joy,joy,0.0009077425,0.0003354758,0.00048039778,0.9956542,0.00020012795,0.0024220115
ef5w7n3,anger,joy,0.10973442,0.0015214918,0.002845884,0.6173918,0.009559958,0.25894633
ef5wj8u,surprise,anger,0.40391633,0.0049796044,0.009751338,0.03525844,0.17053525,0.375559
ef5wqa4,joy,joy,0.008094227,0.00055916456,0.0006385375,0.9541474,0.0012220924,0.03533869
ef5x6k7,anger,anger,0.98422194,0.0053888257,0.0009121395,0.0032827596,0.0028233733,0.0033709696
ef5y02s,joy,anger,0.7892015,0.016910916,0.003952534,0.03943233,0.111378655,0.03912413
ef5zkc0,joy,joy,0.30366424,0.0024430933,0.0032771581,0.66575545,0.008407378,0.016452624
ef5zl3r,fear,fear,0.0060562403,0.010315815,0.96662503,0.0018414401,0.009195556,0.005965873
ef5zrqm,joy,joy,0.0008188405,0.00015711949,0.0003960109,0.99752635,0.0003539213,0.0007477731
ef603jl,surprise,surprise,0.03750815,0.00237364,0.0013169093,0.30389345,0.0059155077,0.6489923
ef60h3p,anger,anger,0.97355044,0.0049202,0.0023241367,0.009188146,0.0045202333,0.0054968335
ef6331h,anger,surprise,0.24506144,0.004155054,0.0018106031,0.0076228324,0.009182908,0.7321671
ef635h2,anger,anger,0.97851986,0.0032330889,0.00092461286,0.005738679,0.0043940134,0.007189806
ef63mmb,joy,joy,0.002456612,0.00021232659,0.00030927002,0.9939521,0.000930191,0.0021393902
ef63y5c,surprise,surprise,0.2349228,0.007845592,0.013269835,0.020223724,0.14941132,0.5743267
ef64nmj,joy,joy,0.0016830545,0.00025562866,0.00038580206,0.99671435,0.00025232998,0.0007087928
ef64o7c,joy,joy,0.0009664654,0.00024513752,0.00028981577,0.99766135,0.00029092067,0.0005463305
ef66msj,joy,joy,0.00212973,0.00034854602,0.000846511,0.96693635,0.00048599447,0.029252859
ef66r3r,joy,joy,0.002406365,0.0001708336,0.00039635392,0.9946484,0.000408175,0.0019699119
ef66uoj,joy,joy,0.00072250084,0.00019028864,0.00031486835,0.99720436,0.00072090584,0.00084702484
ef67tyv,anger,anger,0.8957152,0.0027301046,0.002053025,0.04581526,0.046212267,0.00747419
ef67zpf,disgust,anger,0.3746232,0.27228427,0.017573496,0.13242286,0.14032224,0.06277393
ef68ii6,joy,sadness,0.32078165,0.009388429,0.0017610174,0.050271936,0.59477264,0.023024315
ef697gw,surprise,surprise,0.0030245273,0.0010222525,0.0007632369,0.0030436055,0.00080272945,0.9913436
ef697ud,joy,joy,0.0010655534,0.00033170448,0.0006418382,0.9907803,0.000538208,0.006642304
ef6aj01,joy,fear,0.0096106045,0.007925088,0.5687642,0.31776744,0.015593364,0.08033933
ef6cxbc,surprise,anger,0.9555208,0.00794197,0.0009993083,0.0036838008,0.017187355,0.014666821
ef6d68c,surprise,surprise,0.013541341,0.0012446572,0.0014911963,0.0028413457,0.003277417,0.97760403
ef6dg2i,anger,anger,0.98346,0.0048224526,0.0011681699,0.003748139,0.0032305662,0.0035705962
ef6dy24,fear,fear,0.0029060077,0.006653624,0.9713302,0.0029481654,0.0074484516,0.008713601
ef6fws0,anger,anger,0.3511661,0.26744422,0.16805787,0.01927224,0.13615336,0.05790623
ef6goma,joy,joy,0.0020611428,0.00039812975,0.0005147869,0.96865654,0.0005432077,0.02782624
ef6grze,joy,joy,0.0013475686,0.00018335888,0.0003401578,0.99701345,0.00050600024,0.000609553
ef6hppu,joy,joy,0.0009614106,0.00024132224,0.00033833392,0.9972446,0.00020210358,0.0010122511
ef6i5u5,joy,joy,0.07310922,0.0018314674,0.005225865,0.5499139,0.36056325,0.009356348
ef6ie3z,surprise,surprise,0.02598038,0.006229635,0.0034437156,0.013010453,0.32639074,0.62494504
ef6igxx,anger,anger,0.9123414,0.0054168794,0.0030693554,0.011307823,0.0568266,0.011038004
ef6kbsk,anger,anger,0.6488986,0.021239448,0.0056614103,0.025302438,0.28544047,0.013457604
ef6kha2,anger,joy,0.13141856,0.0037176157,0.0026738043,0.6806065,0.14337361,0.038209934
ef6kmd1,joy,joy,0.0012828198,0.00019450406,0.0003106278,0.99727494,0.0004509727,0.00048606054
ef6kojd,joy,joy,0.0009816741,0.00021502898,0.00035003285,0.9972978,0.00023937575,0.0009160682
ef6ldaq,anger,anger,0.9403332,0.0047689998,0.0022030873,0.007152613,0.01868311,0.026859092
ef6lf2z,sadness,surprise,0.06991081,0.01415104,0.30169794,0.19477983,0.027268222,0.39219216
ef6ln2q,surprise,surprise,0.19606462,0.0027658315,0.006556411,0.0696604,0.27017978,0.45477298
ef6mb8l,joy,joy,0.0018549924,0.00030613356,0.0003827228,0.9965791,0.0002703738,0.0006066262
ef6mmmw,surprise,surprise,0.030306632,0.0018938691,0.0013612561,0.002851395,0.0099423,0.95364463
ef6oa94,anger,anger,0.5619944,0.0023692152,0.003353339,0.41419837,0.014057706,0.0040269666
ef6ocrw,surprise,joy,0.057951756,0.001775227,0.0049065677,0.8933365,0.038194217,0.0038358874
ef6omhu,sadness,sadness,0.001768744,0.0019284625,0.0014146254,0.0025721013,0.9907346,0.001581487
ef6ow0f,joy,surprise,0.006831987,0.000837274,0.0017049679,0.08133843,0.0029566328,0.9063307
ef6p6dd,joy,joy,0.0014925944,0.00024055628,0.00035131676,0.99689806,0.00026500112,0.00075248623
ef6pl5j,joy,joy,0.0009647451,0.00018117797,0.00028412024,0.99756145,0.0002765534,0.00073201297
ef6q4f1,joy,joy,0.001966464,0.00015053015,0.00030201027,0.9956043,0.0006458462,0.0013308427
ef6qg8r,joy,joy,0.0015568566,0.00020693225,0.00033200902,0.99695086,0.00030434364,0.00064894324
ef6siyu,joy,joy,0.0012159842,0.00015959096,0.00020844722,0.99656373,0.00028108523,0.0015712408
ef6so8k,joy,joy,0.0009582138,0.00022042457,0.00026986617,0.9974049,0.000263747,0.00088281406
ef6t8vg,joy,joy,0.006905473,0.00024062447,0.00040671113,0.98410827,0.00080723997,0.0075316196
ef6tx23,anger,anger,0.4815822,0.004830048,0.0031586573,0.3196949,0.18306756,0.0076666498
ef6u3t1,joy,joy,0.0021796676,0.00025690527,0.00027727638,0.99637944,0.00033413715,0.0005726532
ef6v865,anger,anger,0.9447805,0.0034829678,0.0013716505,0.012316134,0.0161686,0.021880094
ef6vntw,anger,sadness,0.011719093,0.0031972318,0.0123036,0.005415291,0.96585155,0.0015132626
ef6wim2,joy,joy,0.0009166222,0.00021912454,0.00030232558,0.9971884,0.00022424522,0.0011492403
ef6wqrp,surprise,joy,0.0031787595,0.00019219128,0.00031600407,0.99403435,0.00045749257,0.0018211574
ef6wxil,joy,joy,0.012292662,0.00036585238,0.00036406238,0.9831593,0.0011602578,0.0026578852
ef6x0da,joy,joy,0.0061648972,0.0002677217,0.0006559443,0.97664374,0.007262847,0.009004783
ef6xgj9,anger,anger,0.88746965,0.025642263,0.0061813192,0.016798237,0.045534078,0.018374411
ef6xvgp,surprise,surprise,0.013551877,0.0011424216,0.0008906726,0.0024689112,0.0013359031,0.98061025
ef6xwp8,surprise,surprise,0.021514332,0.0010499768,0.0017402405,0.0420507,0.009786318,0.92385846
ef6yq2q,surprise,sadness,0.0038959542,0.0021436496,0.0013861868,0.0035881607,0.9865703,0.0024157744
ef6zbv1,surprise,surprise,0.004517524,0.0011747453,0.00079005066,0.0012287636,0.0013031226,0.9909859
ef6zmoz,joy,joy,0.0014308735,0.0002476716,0.00032974116,0.99718755,0.00040054097,0.0004035868
ef71oli,sadness,anger,0.8490541,0.008955923,0.0010108565,0.103462994,0.023718175,0.013798019
ef72m0a,anger,disgust,0.30497843,0.5932985,0.06376114,0.009729077,0.021487672,0.006745147
ef72y94,surprise,surprise,0.15284275,0.0054684146,0.0066717733,0.15732373,0.32509202,0.35260138
ef73999,anger,joy,0.39292118,0.0034429515,0.0029495799,0.51114136,0.07076315,0.018781787
ef74g5u,anger,anger,0.9707399,0.0039450377,0.00095976575,0.009169487,0.0068621957,0.008323625
ef74nul,joy,joy,0.0011821865,0.00019554699,0.00036872525,0.9969721,0.0002524239,0.0010291045
ef751gu,anger,anger,0.9723697,0.0035443702,0.00057242607,0.0056376406,0.0062712682,0.011604681
ef75ws9,joy,surprise,0.07983924,0.027921284,0.0047253333,0.03818522,0.018088842,0.83124006
ef766at,surprise,surprise,0.021307962,0.0012456276,0.0014431168,0.15125865,0.0019821164,0.82276255
ef76egq,joy,joy,0.002926748,0.0011523772,0.0014241913,0.8724151,0.0011003109,0.1209813
ef7715h,joy,joy,0.027720252,0.00085896224,0.0013840782,0.96533924,0.0019892207,0.0027081782
ef771l0,surprise,surprise,0.007313919,0.0012349173,0.00084184087,0.0059700725,0.0016352914,0.9830041
ef77nhl,surprise,surprise,0.003205567,0.0010136982,0.0013911745,0.0026685456,0.0017363688,0.98998463
ef77s5d,joy,joy,0.0009350991,0.0001867376,0.0002497055,0.9975642,0.00042974658,0.00063452555
ef797aa,joy,joy,0.019472035,0.00065594603,0.0015237421,0.86750233,0.0020774934,0.10876842
ef79gzm,surprise,joy,0.004481639,0.0021089662,0.0036769365,0.5928841,0.0017724285,0.3950759
ef7a0nf,joy,joy,0.0007881822,0.00014266603,0.00026626163,0.99721175,0.0004980614,0.0010930841
ef7bqqt,joy,joy,0.00088230293,0.00019235654,0.0002625341,0.9969434,0.00025900255,0.0014604457
ef7cgjr,joy,joy,0.00067511573,0.0001811574,0.00047853845,0.99707353,0.00036055394,0.0012311521
ef7d0ri,joy,joy,0.06525642,0.004842693,0.0021134461,0.9190062,0.004637242,0.0041439114
ef7dfoc,joy,joy,0.012076403,0.00074148574,0.000872642,0.97700703,0.008283306,0.0010190791
ef7ez24,joy,joy,0.0008943653,0.00023112775,0.00037201485,0.9975916,0.00039550065,0.0005153733
ef7ffi6,anger,anger,0.9775718,0.011419057,0.0012775803,0.0023082916,0.0045165634,0.00290675
ef7fupo,joy,joy,0.0010303783,0.00017713623,0.00028008173,0.99752766,0.0003740115,0.0006107803
ef7gig7,joy,joy,0.004444795,0.0013189565,0.0005490678,0.98955625,0.0007590531,0.0033719367
ef7gkfi,joy,joy,0.0008768755,0.00018961608,0.00025714948,0.99485564,0.0005546036,0.003266152
ef7gkwc,joy,joy,0.0010445239,0.00029164623,0.00034855088,0.99731785,0.00021358405,0.00078388053
ef7gtff,sadness,sadness,0.051485743,0.007692232,0.0012878403,0.013894683,0.92248136,0.0031581789
ef7i1bf,surprise,fear,0.03882036,0.009935964,0.5600841,0.10233188,0.14812455,0.14070311
ef7il0y,sadness,joy,0.071044475,0.0022687996,0.0070171375,0.47825533,0.34110147,0.10031276
ef7ilvy,joy,joy,0.06110604,0.0013206576,0.0034746379,0.7709333,0.050686102,0.11247931
ef7jiaq,anger,anger,0.784662,0.056249373,0.06620397,0.018394006,0.009828303,0.06466227
ef7kwn0,anger,anger,0.9419894,0.0021613787,0.0010617547,0.019449046,0.020254869,0.015083477
ef7l726,anger,anger,0.978357,0.003566774,0.001667405,0.010008357,0.0038891232,0.0025113397
ef7lf0f,joy,joy,0.0007878311,0.00043980344,0.00066723995,0.98912853,0.0002991884,0.008677423
ef7mikd,joy,anger,0.54074645,0.008815568,0.020972304,0.34647283,0.041964915,0.04102797
ef7nnrx,joy,joy,0.0012670697,0.00014349347,0.00031870627,0.9970216,0.0003712246,0.0008778481
ef7o5l3,sadness,joy,0.032216553,0.0027737466,0.005575048,0.56007797,0.109883964,0.28947276
ef7o72y,joy,fear,0.005334433,0.010916852,0.9488779,0.011589645,0.019363107,0.0039180764
ef7o9vp,surprise,surprise,0.28751823,0.004639978,0.010948582,0.27374527,0.05706049,0.36608747
ef7p9rk,joy,joy,0.00084005686,0.0002009212,0.00028835854,0.9977083,0.00028918142,0.0006731237
ef7pef7,anger,surprise,0.065775946,0.0014826308,0.0009619953,0.1850106,0.0029478546,0.74382097
ef7rbgq,anger,joy,0.08151277,0.0019495664,0.0017695505,0.68344945,0.052729573,0.17858905
ef7tbrn,anger,anger,0.95232177,0.0048126397,0.0012263667,0.01285258,0.01880517,0.0099814115
ef7th36,joy,joy,0.006860483,0.0003493048,0.0013311199,0.98887956,0.00058870076,0.0019908561
ef7twad,joy,joy,0.0011087441,0.00021663398,0.00025622378,0.9972632,0.00029443036,0.00086076837
ef7udh4,joy,joy,0.0006948944,0.000180174,0.00035108143,0.9973943,0.0003141418,0.0010654315
ef7uvi2,surprise,surprise,0.007663569,0.0019207348,0.0015974519,0.0015394508,0.0029825352,0.98429626
ef7v3zm,surprise,surprise,0.01592157,0.004551076,0.005327342,0.002954134,0.008868917,0.9623769
ef7vgkm,joy,anger,0.60981226,0.07404413,0.10819909,0.04767139,0.14469545,0.0155776935
ef7vn5e,sadness,joy,0.0038581195,0.0013298173,0.01937358,0.8139363,0.13201559,0.029486626
ef7vwhw,sadness,sadness,0.06625586,0.010838393,0.0036342624,0.02282,0.89311713,0.0033342522
ef7w8xr,joy,joy,0.0033979341,0.00019585375,0.0004174903,0.99329233,0.0018308031,0.00086552254
ef7wpji,joy,joy,0.008330721,0.00043975704,0.00044497152,0.9838135,0.0050951834,0.0018758117
ef7x9uj,sadness,sadness,0.014294629,0.0064262245,0.00210344,0.0055656144,0.968883,0.002727111
ef7xhbu,joy,joy,0.001058182,0.00025402158,0.00031620642,0.99747795,0.00027653045,0.00061714824
ef7xz32,joy,joy,0.0007332793,0.00022509512,0.00032543353,0.9972698,0.00023615561,0.0012102064
ef7ym4f,joy,joy,0.005319519,0.000865491,0.00043983405,0.9918584,0.0006876567,0.00082910067
ef7yvka,anger,disgust,0.20094405,0.67182004,0.01049356,0.007668417,0.09879711,0.010276818
ef7zjb6,joy,joy,0.0010317421,0.00021481192,0.0003457563,0.99681,0.00053805,0.0010596829
ef801br,surprise,surprise,0.058282837,0.0038481778,0.0014040548,0.0017621687,0.003629567,0.9310732
ef81g1e,disgust,anger,0.97014666,0.01657962,0.0013689338,0.0018426966,0.00729782,0.0027642953
ef83mgq,joy,joy,0.012266181,0.00088612456,0.0011134013,0.7630357,0.0015639701,0.22113462
ef848ee,disgust,anger,0.4903102,0.32746404,0.01584219,0.018186491,0.13673887,0.011458202
ef84uva,joy,joy,0.0009625537,0.00017118684,0.00038159284,0.9972594,0.00045560166,0.00076960697
ef84vfu,anger,anger,0.5761787,0.38944364,0.008790667,0.007099045,0.013182691,0.0053052437
ef85rcf,joy,joy,0.0005918376,0.00014933456,0.00025734553,0.9978375,0.00028026706,0.00088374666
ef85zca,joy,joy,0.0009393218,0.00022130934,0.0003144708,0.9977325,0.00025669372,0.0005355645
ef863km,anger,anger,0.68058103,0.0065144794,0.003921285,0.19242552,0.100324936,0.016232774
ef882m1,anger,joy,0.2874621,0.0014212009,0.0047475942,0.62313473,0.01803061,0.06520379
ef89hr8,surprise,surprise,0.0069745234,0.0011148556,0.0011951852,0.014039238,0.0016699982,0.97500616
ef89o82,joy,joy,0.00057103776,0.00016416954,0.00029192818,0.9978319,0.00026977918,0.00087122666
ef8aasd,joy,joy,0.0010446066,0.00016271904,0.0003156765,0.99746776,0.0003119491,0.00069731823
ef8aotu,anger,anger,0.8554195,0.05365525,0.0071764477,0.0090399515,0.06407488,0.010633949
ef8c80l,surprise,surprise,0.074843034,0.005287284,0.0075233504,0.0101353675,0.107148536,0.7950624
ef8duv6,anger,anger,0.8971897,0.0019649626,0.0041531925,0.06631702,0.016335674,0.014039487
ef8foaa,joy,joy,0.0032187358,0.00033066553,0.0011366595,0.9528536,0.010038168,0.03242221
ef8fyop,surprise,anger,0.9252893,0.004226144,0.0008650811,0.03328164,0.01574671,0.02059106
ef8gkh9,joy,joy,0.0013499024,0.00017291342,0.0003108259,0.99706715,0.0002675899,0.0008316332
ef8hdk6,joy,joy,0.001035235,0.0001640287,0.00031083243,0.9974419,0.0005019395,0.0005460778
ef8hpis,anger,joy,0.051417198,0.0027445043,0.0072994987,0.42045915,0.11595518,0.4021245
ef8hsqa,joy,surprise,0.22702289,0.0033344289,0.0041752094,0.14956792,0.2381999,0.37769964
ef8i6fy,surprise,surprise,0.0036654097,0.0008256809,0.0006413848,0.0061864858,0.0024139348,0.986267
ef8i7kf,joy,joy,0.0007864786,0.00025143215,0.0003834833,0.99758375,0.00030241802,0.00069242663
ef8iivp,joy,joy,0.0017041805,0.0003692287,0.00035583723,0.99666387,0.0002339701,0.0006728735
ef8jcw2,joy,joy,0.047091324,0.00093274174,0.013573778,0.9232277,0.008726094,0.006448371
ef8jmmu,joy,joy,0.0007707775,0.00013747824,0.0003072656,0.9976673,0.0004857776,0.0006313718
ef8k6ie,joy,joy,0.00095511554,0.00025862252,0.00038089458,0.99675745,0.00019519917,0.0014527478
ef8ka3k,joy,joy,0.024827337,0.00038294934,0.0014559986,0.94608253,0.019701004,0.0075502214
ef8kjjd,surprise,surprise,0.0070067844,0.0011781582,0.0010762111,0.0017884201,0.0024849998,0.9864654
ef8kuwr,joy,joy,0.009993453,0.0003235159,0.00067744206,0.9831231,0.002084221,0.0037983083
ef8mikx,joy,joy,0.0013616828,0.00024831598,0.0002953334,0.99727184,0.00029395145,0.00052882364
ef8mv8u,joy,joy,0.0010815407,0.00014692929,0.00042037913,0.9966273,0.0010455376,0.0006783362
ef8ofez,sadness,sadness,0.26821563,0.014394499,0.026646707,0.02417588,0.66222876,0.004338552
ef8plhl,joy,joy,0.00872656,0.00063768716,0.0037141182,0.96225154,0.0027945838,0.021875454
ef8pm2j,joy,joy,0.0007313881,0.00017105696,0.00044578683,0.9976248,0.00037533627,0.0006516653
ef8qi2k,joy,joy,0.0069012195,0.0009960437,0.0036059695,0.6118616,0.004876855,0.3717584
ef8qxyy,anger,anger,0.9689733,0.008143177,0.0008251851,0.0035224685,0.0144215785,0.004114281
ef8s0r6,joy,joy,0.011355249,0.0004382728,0.00043648318,0.9861412,0.00069812796,0.0009307326
ef8s664,joy,joy,0.0014993871,0.0003460437,0.0018860059,0.99060446,0.0013075105,0.004356594
ef8twe7,joy,joy,0.009760489,0.0003337609,0.00079344335,0.98328626,0.002994347,0.002831678
ef8v7pm,fear,fear,0.0032426028,0.0055987574,0.97523457,0.008037679,0.0035346092,0.0043517295
ef8w0sf,joy,joy,0.0015514215,0.00019242521,0.0002734554,0.9965245,0.0004247059,0.001033468
ef8xde8,anger,anger,0.63802624,0.004416634,0.004527613,0.05172578,0.028588386,0.27271536
ef8xs8r,fear,fear,0.0019231122,0.005121401,0.9690049,0.0039242394,0.015485482,0.004540851
ef8xsy3,joy,joy,0.003053072,0.00027213836,0.0002556223,0.99535394,0.00041722623,0.0006480793
ef8ym2z,surprise,surprise,0.004573667,0.0014258972,0.0011447878,0.0034389023,0.004772322,0.98464453
ef90wtx,surprise,surprise,0.005685528,0.0011438668,0.00061688956,0.013342471,0.0008640287,0.9783472
ef91003,joy,joy,0.0021339562,0.00055127294,0.0009407458,0.98494035,0.00053539523,0.010898251
ef912vw,anger,anger,0.73211974,0.0042790994,0.005168643,0.06436164,0.013838999,0.18023193
ef91f8z,surprise,anger,0.8576942,0.0063371332,0.0060066413,0.052926995,0.059485335,0.017549751
ef91jzy,surprise,surprise,0.0069186953,0.0011547836,0.001070547,0.001528959,0.0012814421,0.98804563
ef91kzz,joy,joy,0.0008984294,0.00023371923,0.00030940716,0.9974808,0.00022219255,0.00085543306
ef92ona,surprise,surprise,0.015417155,0.0030549832,0.008680556,0.026157448,0.037310954,0.9093788
ef941y4,surprise,surprise,0.011439288,0.0011008029,0.000990964,0.0024102265,0.0022095724,0.98184913
ef95cgb,joy,joy,0.002711573,0.00017956935,0.00029257155,0.99538296,0.00046953742,0.00096371124
ef95v0b,joy,anger,0.9677522,0.0044061895,0.0012607774,0.011461563,0.01147536,0.0036438443
ef96cer,sadness,sadness,0.004575173,0.0019787878,0.0010664447,0.0042192703,0.9854935,0.0026668808
ef97j55,joy,joy,0.0010851583,0.00024225895,0.0004344195,0.9973475,0.00028176114,0.000608921
ef97miw,joy,joy,0.009996799,0.0002574968,0.0005906458,0.9781805,0.0049912804,0.005983293
ef99nlz,surprise,surprise,0.0041693547,0.001013032,0.00091562286,0.002119485,0.0009796428,0.99080276
ef9a1z6,joy,joy,0.0027967081,0.0002996751,0.004895557,0.9836258,0.0053288043,0.0030534342
ef9aezy,joy,joy,0.004572591,0.0011158917,0.0018772371,0.93005747,0.002347658,0.060029186
ef9ehm9,anger,anger,0.97841716,0.0035992889,0.00092519756,0.005125769,0.007736362,0.004196219
ef9ej9j,joy,joy,0.0011892613,0.000248587,0.00042406662,0.9965282,0.0002948926,0.0013150522
ef9euo9,joy,joy,0.0022556009,0.00017386975,0.00035152913,0.99622536,0.0003823998,0.0006112661
ef9evqj,joy,joy,0.006221179,0.0005861719,0.00034654007,0.99109066,0.0006337117,0.0011217998
ef9fca7,anger,anger,0.8930611,0.008563866,0.0010674926,0.034401525,0.0553776,0.007528379
ef9flyx,sadness,sadness,0.0037037767,0.0022100902,0.0018604489,0.007255831,0.9829333,0.0020365256
ef9g5bv,anger,anger,0.9821989,0.0034904843,0.0006760804,0.0056339093,0.0038713333,0.004129251
ef9gr4v,joy,joy,0.0021618765,0.00023318382,0.00031835632,0.9961092,0.00066949404,0.0005078514
ef9hvx4,surprise,surprise,0.012152148,0.0020484617,0.0013087399,0.25819686,0.0022974436,0.72399634
ef9j776,joy,joy,0.0010892837,0.00015620414,0.00024995246,0.997285,0.0004786607,0.0007409422
ef9k0op,sadness,sadness,0.0020045808,0.0015325382,0.0016599846,0.0040308596,0.9894438,0.0013282435
ef9m1lc,joy,joy,0.002507329,0.0006166791,0.0004941701,0.98727345,0.0006884997,0.008419833
ef9my7t,disgust,anger,0.8470294,0.064085834,0.0023949286,0.033250086,0.044123866,0.009115969
ef9nmw1,joy,joy,0.042375904,0.0013194972,0.0018020105,0.90910923,0.036967415,0.008425926
ef9obtb,anger,anger,0.9620125,0.01195634,0.001701651,0.008804826,0.009485916,0.006038673
ef9ohnm,surprise,anger,0.8079511,0.0030175813,0.0038053454,0.114038095,0.022354862,0.048833005
ef9ouxa,joy,joy,0.00088851666,0.00018744044,0.00033819716,0.9977042,0.00041397227,0.00046770438
ef9qm7k,joy,joy,0.00085416244,0.00018254507,0.00033147575,0.9977075,0.00046331732,0.00046104935
ef9qzcn,sadness,sadness,0.0034542787,0.0023283018,0.0016155555,0.0057307254,0.9848685,0.002002661
ef9r6un,anger,anger,0.8926183,0.0051005986,0.009341267,0.042060614,0.045263175,0.0056160307
ef9s84u,joy,joy,0.049022574,0.024469916,0.12665875,0.74209785,0.033721957,0.024028942
ef9sdbp,joy,joy,0.0011383554,0.0002699805,0.0003263392,0.9971282,0.00018054573,0.00095664425
ef9txwa,disgust,surprise,0.27915227,0.11916866,0.018901756,0.037615407,0.11937428,0.42578766
ef9u2jy,sadness,sadness,0.0383291,0.0061025713,0.004878857,0.002398846,0.93766123,0.01062943
ef9urao,joy,surprise,0.06832797,0.0034313817,0.0024375038,0.3251425,0.10690293,0.49375767
ef9v6uv,sadness,sadness,0.05893437,0.0042499285,0.0027533118,0.008127884,0.91548336,0.01045112
ef9vgw2,joy,joy,0.0005898221,0.00019553248,0.00029984405,0.99763227,0.00029925528,0.0009833266
ef9vhwt,joy,joy,0.0007581693,0.00020088929,0.00033765123,0.99756515,0.00048482954,0.0006532497
ef9vxli,joy,anger,0.4683447,0.0044779265,0.0072496836,0.16125578,0.17045274,0.18821922
ef9wngm,surprise,surprise,0.016450714,0.0008794531,0.0019690928,0.0062022414,0.0045571243,0.96994126
ef9wz7w,joy,joy,0.0009025615,0.000234647,0.00032949608,0.99757797,0.00038433855,0.0005710623
ef9xt3b,joy,joy,0.0013081142,0.00016222321,0.00021393542,0.9969048,0.00063127896,0.0007795665
ef9z66d,joy,joy,0.0011354784,0.00027656247,0.00036013508,0.99697137,0.00021338832,0.0010429637
efa01d2,disgust,sadness,0.37388793,0.050596103,0.0043616695,0.017542535,0.5446329,0.008978836
efa35gf,joy,joy,0.0043960176,0.0005807163,0.00045838664,0.9889654,0.00047699868,0.0051225536
efa4bup,joy,joy,0.0008181361,0.00020079558,0.00031874192,0.9974669,0.00025653164,0.0009389795
efa4szz,joy,joy,0.001678974,0.00021339432,0.0003263328,0.9962352,0.0008446443,0.00070156594
efa4vwq,joy,surprise,0.030200887,0.0011020397,0.002456396,0.45358786,0.010397439,0.5022553
efa526u,joy,joy,0.0045601,0.000478678,0.0006222726,0.9917687,0.0005186034,0.002051685
efa5ht4,anger,anger,0.9801989,0.006812983,0.0016368187,0.001966923,0.003927047,0.0054573165
efa5sez,joy,joy,0.0018134043,0.00024130255,0.00029597705,0.9955707,0.00027791745,0.0018007772
efa78iz,joy,joy,0.0006567009,0.00025667014,0.0005095279,0.9966948,0.00025700132,0.0016252984
efa8nn8,joy,joy,0.004058288,0.00078769925,0.001187744,0.98869854,0.0007777313,0.004489967
efa9b9m,joy,joy,0.0016084862,0.000144289,0.0003121473,0.99615496,0.0009341634,0.00084595964
efaa36u,joy,joy,0.0009578058,0.0002197877,0.00035366297,0.99716043,0.00025245183,0.0010559805
efaa6n8,joy,joy,0.0023735769,0.00023625886,0.00031676496,0.99382377,0.00039897842,0.0028507027
efaal9z,surprise,fear,0.020542812,0.009850577,0.85485286,0.011367165,0.009271052,0.09411555
efaawqx,joy,joy,0.0052953833,0.00031840257,0.0010649245,0.98123884,0.0005209576,0.011561493
efacted,surprise,surprise,0.033244397,0.0010214457,0.0015791986,0.05980004,0.0023117247,0.9020432
efacy5s,joy,joy,0.0042629396,0.00093426794,0.0012994456,0.98341423,0.0090645235,0.0010246199
efadtgq,joy,joy,0.003652808,0.0006549053,0.0015425158,0.930497,0.0029892866,0.06066348
efagwps,joy,joy,0.0006316521,0.00017918473,0.0005251355,0.99753964,0.0005478128,0.0005766446
efahxb5,joy,joy,0.000870288,0.00022050532,0.00030706468,0.9973744,0.00023901796,0.0009886982
efahy50,surprise,surprise,0.085520715,0.0026728935,0.0019389953,0.0068201623,0.008232879,0.89481425
efai481,joy,joy,0.0006893458,0.00023450467,0.00039667182,0.9976063,0.00022995687,0.00084313384
efaiwkt,joy,joy,0.00077885203,0.00014884966,0.00029743183,0.9974318,0.00071583554,0.00062722125
efaj65w,joy,joy,0.0016250345,0.0003275849,0.000979286,0.9941665,0.00024769225,0.002653811
efaj94g,joy,joy,0.003191389,0.0021597953,0.009372544,0.7586187,0.0034851343,0.22317243
efajev6,anger,surprise,0.16059877,0.0020846035,0.0033227187,0.3171966,0.03136485,0.48543242
efajqyv,joy,joy,0.030226076,0.001933424,0.008884053,0.9352323,0.009230261,0.014493997
efajwtk,joy,joy,0.0014977149,0.00019917428,0.00024061643,0.99667954,0.00060477987,0.00077812804
efak617,surprise,surprise,0.006960686,0.0019507348,0.0014685827,0.0009364808,0.00212262,0.9865609
efaknzb,joy,joy,0.0013030961,0.00027663578,0.00030317632,0.9970958,0.0002733696,0.00074781186
efaksed,joy,joy,0.00086253305,0.00016804838,0.00027226264,0.99769455,0.00036034663,0.00064219564
efal2f0,joy,joy,0.0014372569,0.00027597896,0.0009041023,0.98598355,0.00885397,0.0025451824
efalb2c,joy,joy,0.0007792238,0.00022377561,0.00035356724,0.99783796,0.00025085112,0.00055469153
efalm4g,joy,joy,0.0035661163,0.00027905198,0.00023608575,0.9906125,0.0019187303,0.0033875857
efalo7t,sadness,sadness,0.00840374,0.0017292477,0.0034086243,0.010390558,0.9566664,0.019401416
efalwaw,joy,joy,0.0019342874,0.00029740488,0.00029214195,0.996309,0.0005490438,0.00061811245
efamnsp,sadness,sadness,0.0025337362,0.0017800847,0.007654275,0.011294466,0.9755283,0.001209084
efamvys,surprise,surprise,0.012447247,0.0017835301,0.0013953272,0.0075051477,0.0026739559,0.97419477
efankih,joy,joy,0.0015527067,0.00045181083,0.0007013694,0.9882287,0.00032369874,0.008741633
efao2wu,joy,joy,0.00092139415,0.00018788,0.00027806027,0.9974921,0.000289708,0.00083097623
efaol2v,joy,anger,0.80494684,0.0055636116,0.010324491,0.039243244,0.13515928,0.0047625024
efaotyv,joy,joy,0.00080573565,0.00028408432,0.00042676736,0.9976845,0.0002502771,0.00054865633
efap5x1,joy,joy,0.0054514357,0.0002089381,0.00031509236,0.9916013,0.0012234416,0.0011996928
efapmhk,anger,anger,0.9346831,0.008506658,0.0063071377,0.015158793,0.019132383,0.016211925
efapz67,joy,joy,0.00097003364,0.00021921317,0.00034251274,0.99699914,0.0002295234,0.0012395263
efaqorl,sadness,sadness,0.16875978,0.025240472,0.003601993,0.0038293814,0.7927681,0.0058002416
efaqqbw,joy,sadness,0.002641129,0.0014047212,0.0016441141,0.028237473,0.96264434,0.0034282478
efar8th,surprise,joy,0.0010705686,0.00040926097,0.0005014189,0.98282754,0.00032250545,0.01486865
efasojw,joy,joy,0.0022428893,0.0001895679,0.00029131863,0.99540097,0.00026813918,0.0016071989
efatcsc,anger,joy,0.011736575,0.0002761639,0.00045244917,0.9783651,0.0041729044,0.0049967803
efau5j8,anger,anger,0.9266645,0.005338972,0.003894052,0.012197293,0.045222074,0.006683099
efaul5g,surprise,surprise,0.031030187,0.0021292856,0.0013310383,0.015363056,0.008452128,0.94169426
efaunrh,joy,joy,0.00087122136,0.00023307989,0.00029960863,0.99760324,0.00025005915,0.00074275443
efav27a,joy,joy,0.00101101,0.00024478103,0.00045785122,0.996834,0.00035198213,0.0011003738
efav43v,joy,joy,0.0010296814,0.00025392682,0.00030631406,0.9961383,0.0010706926,0.0012010674
efavxb2,sadness,sadness,0.021336842,0.0019337935,0.0024932504,0.010097983,0.9614057,0.0027324646
efawlax,joy,joy,0.0022436015,0.00031110237,0.00035188394,0.99424535,0.0003547201,0.0024934504
efawrcx,joy,joy,0.0015211664,0.00019958871,0.00023216972,0.9953551,0.0009304067,0.0017615197
efawt35,joy,joy,0.00087436754,0.00015883564,0.00028839314,0.997692,0.00034028623,0.0006460898
efaylcs,surprise,surprise,0.003606989,0.0009928008,0.00068123505,0.0024391916,0.0009637461,0.99131596
efaz22w,joy,joy,0.0012132594,0.00016772881,0.00021407592,0.9970963,0.0003182442,0.000990386
efb3lzj,joy,joy,0.0008916042,0.00014738705,0.00025761474,0.99732226,0.0002659257,0.0011152123
efb5f02,joy,joy,0.0008118048,0.00026933898,0.00036007905,0.9977393,0.000247136,0.00057229976
efb5m4o,joy,joy,0.0013755036,0.0002450319,0.00032641535,0.99723816,0.00031550066,0.0004993876
efb9igj,joy,joy,0.013014638,0.00045715834,0.00038803037,0.98432595,0.0007075639,0.0011066635
efb9iqh,joy,joy,0.0008365977,0.00021285431,0.00032689635,0.99759966,0.0002580863,0.00076585874
efb9l2y,joy,joy,0.0010477882,0.00021417162,0.00041692957,0.997447,0.00041833415,0.00045569672
efb9tqs,anger,joy,0.004631468,0.00025587485,0.00025394387,0.99326634,0.00079432165,0.00079803466
efbandy,anger,anger,0.84599036,0.004345177,0.0011214997,0.085377485,0.011083013,0.05208248
efbb4vt,joy,joy,0.0011953815,0.00017260714,0.00031744677,0.99663275,0.00062823994,0.0010536618
efbcxjd,joy,joy,0.00090639706,0.00020705888,0.00037304417,0.99752766,0.0005751773,0.00041064376
efbda2i,surprise,surprise,0.023733852,0.0016037995,0.002360849,0.31377095,0.0024788745,0.6560517
efbdwip,joy,joy,0.0006278958,0.00015758534,0.00027695595,0.9979424,0.00028998256,0.0007051488
efbe1tj,surprise,surprise,0.22696085,0.0060702423,0.007867742,0.04920481,0.02791985,0.6819765
efberzy,anger,anger,0.51166964,0.28031477,0.014058605,0.051239148,0.08914223,0.05357567
efbft4o,joy,joy,0.00700254,0.000250624,0.00031682116,0.9905612,0.0007037926,0.0011651171
efbfxwf,joy,joy,0.00087473856,0.00018273744,0.0002686451,0.99771273,0.0003363445,0.00062481157
efbg66b,anger,anger,0.9109604,0.0030445522,0.0018932181,0.02643721,0.04318331,0.014481225
efbhg64,anger,anger,0.9399305,0.0038346418,0.0011697651,0.012068353,0.019626554,0.023370221
efbi85i,sadness,sadness,0.007452644,0.0018246463,0.004103957,0.016481383,0.9672435,0.0028938116
efbiccn,joy,joy,0.0054754117,0.0003046629,0.0003966152,0.9904021,0.0002669252,0.003154341
efbjjxn,joy,joy,0.00075921125,0.0002507295,0.00043748066,0.9966562,0.000261801,0.0016345019
efbkceg,surprise,sadness,0.009159894,0.0020587915,0.0010504818,0.012109598,0.9740107,0.0016105584
efblc1k,joy,joy,0.000740586,0.00021866507,0.00035022947,0.9978485,0.0003683783,0.00047360768
efbm598,joy,joy,0.26377103,0.0025797358,0.0019553322,0.71817476,0.0060752053,0.0074438946
efbmfz1,joy,joy,0.004345938,0.0007116834,0.0014366854,0.98635036,0.0017798536,0.005375384
efbmmd3,joy,joy,0.039459586,0.00089050346,0.0005279045,0.9522317,0.0035862399,0.0033040778
efbnehf,sadness,sadness,0.0035670479,0.0023787476,0.00102289,0.0042221467,0.98762125,0.0011878571
efbnv71,joy,joy,0.00097214576,0.00023614796,0.00031769666,0.9974486,0.00028767216,0.00073762785
efbok2g,surprise,surprise,0.11017644,0.0027773085,0.02970365,0.32729876,0.11763611,0.41240773
efbpqw4,anger,anger,0.57094693,0.021421691,0.0015816966,0.2197861,0.16601372,0.020249868
efbq1rf,joy,joy,0.000976626,0.00014718951,0.0002287759,0.997399,0.0003352014,0.00091326016
efbq35w,joy,joy,0.0009935634,0.00022597639,0.0002965148,0.9975745,0.0003152569,0.0005941666
efbqs2b,joy,joy,0.0009388408,0.00026674548,0.00036907685,0.99761873,0.00026027803,0.00054632605
efbqts8,joy,joy,0.0051408103,0.00033677736,0.00031043674,0.9900255,0.00088332326,0.003303142
efbs7tt,anger,anger,0.94301534,0.02973517,0.0012896504,0.003720704,0.01697272,0.005266415
efbtpnr,sadness,sadness,0.24829666,0.029149244,0.005241816,0.18094347,0.42720363,0.10916515
efbtxiv,disgust,anger,0.5643018,0.17422917,0.013122074,0.02966812,0.086426295,0.13225254
efburaz,joy,joy,0.0010638623,0.00019270205,0.00020466461,0.99690044,0.00027604136,0.0013623686
efbx85x,joy,joy,0.013092696,0.0013727525,0.003155997,0.49488777,0.03015246,0.45733833
efbxxie,anger,disgust,0.2009304,0.52092934,0.037138693,0.031066636,0.12162007,0.08831483
efby6lo,joy,joy,0.0011111272,0.00014117308,0.00028630177,0.99725753,0.00032215632,0.0008816366
efbz6o8,surprise,surprise,0.06510959,0.0013001672,0.001787712,0.023121402,0.015995022,0.892686
efbzcor,joy,joy,0.0020655624,0.00017831165,0.0003221351,0.9956619,0.0008062416,0.0009658277
efc02cv,joy,joy,0.00083775615,0.00022819269,0.00041356432,0.99704474,0.00025044288,0.0012252688
efc0a9u,anger,anger,0.97518253,0.014202102,0.0017911384,0.0018485956,0.0042606853,0.002714862
efc2ddy,joy,joy,0.008006134,0.0005026088,0.0010023161,0.94110775,0.040700406,0.008680807
efc2esx,anger,anger,0.9353444,0.009024754,0.0006994164,0.008759689,0.038232718,0.007939034
efc2q9a,sadness,anger,0.60974383,0.012320535,0.0027229746,0.0143070165,0.3277413,0.033164326
efc39ec,joy,joy,0.0010268312,0.0004952242,0.00063684874,0.9942643,0.00024042305,0.003336397
efc3v5q,joy,surprise,0.04836954,0.0018367979,0.0018801162,0.2613516,0.011759606,0.6748023
efc4l4m,anger,anger,0.9763116,0.0060495236,0.0020607777,0.003577669,0.009581007,0.002419566
efc57ta,joy,sadness,0.06229063,0.002465446,0.008450441,0.2869268,0.51379806,0.12606862
efc6sl8,disgust,joy,0.0067596175,0.0045433613,0.0018432552,0.9673287,0.00086703384,0.018658066
efc6xqw,joy,joy,0.0008367791,0.00020428478,0.000324782,0.99768996,0.0002544905,0.0006896926
efc97wo,joy,joy,0.0011679024,0.0002850537,0.0003344715,0.99742776,0.00025711083,0.0005276274
efcanzp,anger,anger,0.7664715,0.0032901203,0.0021174068,0.07913801,0.13602683,0.012956113
efcb79o,surprise,surprise,0.0063917027,0.0010000373,0.0007029861,0.001807179,0.0012720254,0.98882604
efcdne0,joy,joy,0.004337184,0.0004725469,0.00051710603,0.9742732,0.004259006,0.016140927
efcdojh,surprise,surprise,0.022426741,0.0012238531,0.0021545764,0.0078225145,0.0038381976,0.9625341
efcg44t,surprise,anger,0.8015875,0.006660847,0.0031793655,0.015517089,0.15033203,0.022723068
efch84n,anger,anger,0.8402004,0.003326743,0.005145906,0.09840608,0.022354461,0.030566476
efcj6pq,joy,joy,0.00076222897,0.00019440036,0.0003731723,0.9941194,0.00039323504,0.0041576144
efck3n8,anger,surprise,0.011688795,0.001621276,0.001221164,0.015046932,0.001041801,0.96937996
efckux0,anger,anger,0.76482415,0.004984443,0.0022645132,0.12621975,0.030429868,0.07127734
efckwv5,joy,joy,0.0018532572,0.0002514658,0.0004303562,0.99311405,0.0035407483,0.0008101117
efcl4d5,joy,joy,0.0011744165,0.00015427875,0.0002854054,0.9972345,0.00036231696,0.00078897824
efcm31a,joy,joy,0.0006284157,0.00021582497,0.00038483107,0.99798137,0.00029788222,0.00049171154
efcmdx9,sadness,joy,0.0012598864,0.00025642593,0.00045229483,0.992879,0.0043610623,0.0007914754
efcpgm1,anger,anger,0.9418183,0.0033850807,0.0008515637,0.0060494454,0.0047968985,0.043098666
efcpq9n,surprise,surprise,0.16971183,0.0060176086,0.0019417133,0.0039897584,0.0087805,0.8095586
efcqelt,anger,anger,0.9727621,0.007813385,0.0018315916,0.009362896,0.003979432,0.0042505013
efcqrwl,anger,anger,0.9766297,0.010243916,0.0010027015,0.005241112,0.0042067394,0.0026758756
efcr9ij,joy,joy,0.0016027445,0.0001681598,0.0002332878,0.99684995,0.00047573922,0.00067003595
efcrl14,joy,joy,0.0016326066,0.00031423627,0.00038836058,0.9961027,0.00032428603,0.0012379071
efcsu2b,anger,anger,0.6951435,0.0034686557,0.0015683096,0.04225931,0.020133715,0.23742649
efctedc,sadness,sadness,0.003240474,0.001888857,0.0014085096,0.006516007,0.9850087,0.0019374212
efcz05s,joy,joy,0.007216076,0.0003239532,0.00051827374,0.9745374,0.0026846922,0.014719678
efcz6t9,anger,surprise,0.27636853,0.0024395932,0.0063406876,0.030752396,0.014824413,0.66927433
efczup8,joy,joy,0.000990069,0.00019537819,0.00024264106,0.9975631,0.00028413453,0.0007247462
efd1rgw,joy,joy,0.0010032937,0.00015569034,0.0003751751,0.99627954,0.00046109798,0.0017252179
efd1v1u,joy,joy,0.0013424825,0.0004208807,0.0005112774,0.9901202,0.00057248585,0.0070326463
efd2tcf,joy,joy,0.0022635176,0.0004223062,0.000505116,0.9844897,0.00041738697,0.011901997
efd427s,joy,joy,0.0049907425,0.0003645331,0.00043148606,0.9862578,0.0008717006,0.007083693
efd4m4w,anger,anger,0.6562222,0.23460072,0.0036295818,0.011202473,0.0896865,0.004658443
efd4omm,joy,joy,0.019762242,0.00035472188,0.0005446203,0.96988624,0.0012249787,0.008227201
efd68es,sadness,sadness,0.042236358,0.0026032382,0.003500829,0.040901925,0.80141586,0.109341756
efd6fvz,anger,anger,0.97676545,0.0030722169,0.0010821343,0.007257728,0.004273586,0.007548844
efd6je1,joy,joy,0.0009658639,0.00019951868,0.000268212,0.9974827,0.00026690555,0.00081682607
efd6khq,sadness,sadness,0.030900994,0.0067783142,0.0014686582,0.02606847,0.93062973,0.0041537853
efd7z11,surprise,joy,0.0015399951,0.00028139446,0.0013216103,0.9649478,0.0020818454,0.029827306
efd8hvi,joy,joy,0.00090614555,0.00019457792,0.00036848875,0.99676645,0.0011365954,0.00062780164
efd9809,joy,joy,0.0015189244,0.00027656404,0.00037722287,0.99672604,0.00041635058,0.00068486633
efd9q5o,joy,joy,0.0038512705,0.00017134761,0.0004688542,0.99042517,0.0017037687,0.0033795207
efda7ub,sadness,sadness,0.002551393,0.0022452096,0.0019789657,0.0021175859,0.9896685,0.0014384595
efdbsu3,surprise,surprise,0.012752835,0.0017190044,0.0010268082,0.007147739,0.0029336598,0.97441983
efdbvut,joy,anger,0.48372656,0.006301362,0.015096056,0.061406583,0.2731059,0.1603636
efdc051,joy,joy,0.0010038448,0.00017848435,0.00029014776,0.99717677,0.00031750315,0.0010333385
efdc4b9,surprise,surprise,0.01682288,0.0072262553,0.0033368214,0.051039677,0.004611898,0.91696244
efddqs3,joy,joy,0.026379341,0.0022913623,0.005050917,0.66016066,0.0037397668,0.3023779
efdeavl,joy,joy,0.0008668004,0.00028247148,0.00036858796,0.99758554,0.00024202299,0.0006546753
efdect8,surprise,surprise,0.27072644,0.0067378115,0.0073157437,0.15809727,0.21168882,0.3454339
efdevyt,joy,joy,0.001322015,0.00016001883,0.00022494161,0.9970498,0.0004398028,0.0008034727
efdf4r6,joy,joy,0.04349677,0.009376723,0.15555727,0.58975405,0.17988926,0.021925911
efdg10x,joy,joy,0.0077404487,0.00036914868,0.00043576935,0.98974574,0.0007170326,0.0009918022
efdgnq1,joy,joy,0.0009150855,0.00024033673,0.0003061,0.9975405,0.00029071345,0.00070736103
efdgv2p,joy,anger,0.86034095,0.0029625285,0.0011688573,0.041933198,0.011216339,0.08237817
efdhkjj,anger,disgust,0.23485953,0.4796424,0.021368386,0.07563663,0.09186379,0.09662934
efdhnub,joy,joy,0.00082621275,0.00018278162,0.00026398757,0.9977531,0.0003337453,0.00064019236
efdi4pz,joy,joy,0.0054738047,0.0007045275,0.000449301,0.98205364,0.00059923966,0.010719509
efdimd9,anger,anger,0.975046,0.0061389958,0.0014775634,0.0027446598,0.007039917,0.007552959
efdj26n,surprise,surprise,0.03884361,0.0054424726,0.0016293228,0.003780324,0.003836499,0.9464679
efdjtqm,surprise,surprise,0.011180051,0.0008538342,0.0007683071,0.0040769866,0.0014611031,0.9816598
efdks3p,anger,anger,0.9759805,0.010083193,0.0014483238,0.0026296743,0.0061383843,0.0037199473
efdlz9i,joy,joy,0.000996765,0.00016955129,0.00045665918,0.9914507,0.0013245376,0.0056017977
efdnn9c,joy,joy,0.0010309076,0.00016447152,0.00034403344,0.9966518,0.000306655,0.001502038
efdobeg,joy,joy,0.0015971271,0.00032419935,0.00032393914,0.9966773,0.00030880433,0.00076863193
efdoxw5,surprise,surprise,0.004982329,0.0010063371,0.000957181,0.0017832215,0.0015064691,0.9897646
efdppl0,anger,joy,0.21513206,0.0016525168,0.001711617,0.7593072,0.0140863955,0.008110255
efdpw7t,joy,joy,0.0009072993,0.00013904658,0.00030151528,0.99637645,0.00045715817,0.0018184886
efdpyyt,surprise,anger,0.34349936,0.0037822856,0.0011569654,0.31280935,0.03079189,0.30796018
efdqjsb,fear,fear,0.0025990687,0.006809807,0.96725744,0.0061315685,0.012503753,0.0046983683
efdqynt,joy,joy,0.00076030643,0.00019407726,0.0004218888,0.9977075,0.0003086596,0.0006075859
efdsuzr,surprise,surprise,0.004210508,0.0008813126,0.0012776601,0.38162678,0.0024527973,0.6095509
efdswgl,joy,joy,0.0021741183,0.0001961152,0.0002351583,0.99635375,0.00036040277,0.00068039953
efdt2uc,anger,anger,0.9610031,0.0023064755,0.0010619804,0.014581684,0.010085546,0.010961104
efdtbww,joy,joy,0.30298424,0.0020777679,0.0036708147,0.4658782,0.14049272,0.084896274
efdtnoi,joy,joy,0.0011521709,0.00034386563,0.00036946163,0.9956665,0.0002325145,0.0022354978
efdtsj9,joy,joy,0.0018997812,0.00018580386,0.00035478693,0.99555945,0.0008579926,0.0011420846
efdu834,anger,anger,0.56563807,0.0030692483,0.0041170786,0.33089572,0.05636226,0.03991759
efdup11,anger,anger,0.89014214,0.017543005,0.003758587,0.0068233847,0.074097335,0.007635465
efdv7m4,fear,fear,0.017889326,0.010015873,0.9338943,0.00513198,0.019736424,0.013332205
efdw6m8,joy,joy,0.006323303,0.0016160222,0.0026890778,0.72824514,0.0016822427,0.25944415
efdw6wt,surprise,surprise,0.004351191,0.00079730764,0.00074622664,0.0028941373,0.0014243643,0.98978686
efdxbeo,joy,joy,0.00070699776,0.00021583031,0.00033045336,0.9972972,0.0002685816,0.0011809479
efdxsbk,joy,surprise,0.0088918805,0.0012928994,0.0015795497,0.28174266,0.0036667972,0.7028263
efdy42z,surprise,sadness,0.18453416,0.015001515,0.048980363,0.0052239853,0.65424675,0.092013285
efdz522,anger,anger,0.9306736,0.010021508,0.0010027969,0.008249732,0.039596498,0.010455845
efdzfpo,joy,joy,0.0029776287,0.0002988616,0.00029136773,0.9953094,0.0005269888,0.00059574586
efdzova,joy,joy,0.0011584976,0.0001736181,0.00026837617,0.99689853,0.00030392507,0.0011971352
efdzr2t,joy,joy,0.00087811955,0.00016024093,0.0003999473,0.99756014,0.0004965053,0.00050495286
efe06eo,joy,joy,0.042996313,0.0014004677,0.0025139793,0.8669661,0.07441271,0.011710435
efe1sro,surprise,surprise,0.029426368,0.002458536,0.0012606499,0.00429792,0.0018201013,0.96073633
efe3rqr,surprise,surprise,0.021534704,0.0022550633,0.0008775822,0.0033072026,0.004834059,0.96719134
efe3uf0,joy,fear,0.018012924,0.012199731,0.8459836,0.010035215,0.083665445,0.030102983
efe4017,joy,joy,0.001197796,0.00014051211,0.00037732042,0.99663866,0.000953147,0.00069255685
efe41w0,joy,joy,0.0015953111,0.00019336141,0.00023161739,0.99691737,0.0003695384,0.0006927958
efe4ldm,joy,joy,0.00246919,0.00024300475,0.0003099911,0.99587727,0.00028067417,0.00081985095
efe4nw7,joy,joy,0.0010123389,0.00025965675,0.0003918769,0.99746764,0.00026614155,0.0006023357
efe52gf,joy,joy,0.0022958533,0.00022312893,0.0007495965,0.9893038,0.0059957285,0.0014317876
efe7c6t,joy,joy,0.00063612335,0.00018482539,0.00034971774,0.9973017,0.00021081086,0.0013167929
efe7o98,joy,joy,0.001572429,0.00016565868,0.0003765119,0.99660945,0.00031540546,0.00096057606
efe7pz5,fear,sadness,0.012168172,0.0043382733,0.0038027386,0.15977666,0.78098834,0.03892587
efe7q93,sadness,sadness,0.0023996863,0.0062426166,0.09399602,0.0057859863,0.8873381,0.0042375145
efe8arw,anger,joy,0.17529164,0.0026858905,0.0023177285,0.7356523,0.0059824446,0.07806997
efe8bhu,joy,joy,0.0013897907,0.00018890185,0.00023816613,0.99718934,0.00036433095,0.00062941527
efe8j5d,anger,joy,0.050059553,0.009041066,0.0021259396,0.7994449,0.004424218,0.1349043
efe93hg,joy,joy,0.002390899,0.00030376643,0.0006764504,0.9804247,0.012385907,0.0038182053
efeb0zd,anger,joy,0.15055454,0.0044324584,0.0018851409,0.7599263,0.07997926,0.0032222492
efeb3dc,joy,anger,0.36482486,0.0025858781,0.0022300463,0.26321432,0.017089525,0.35005534
efebcgj,joy,joy,0.00066927157,0.00020721594,0.00034250924,0.997875,0.00039549248,0.0005106187
efebvyu,disgust,anger,0.980943,0.008795595,0.0013105691,0.0030647467,0.0027191888,0.003166932
efecqbd,joy,joy,0.0005686557,0.00020040643,0.00037674236,0.997835,0.00040697568,0.000612294
efed5qa,surprise,surprise,0.0020557425,0.0010677356,0.0008327846,0.001682714,0.0008193967,0.9935416
efed730,joy,joy,0.018262552,0.00057169027,0.00042782363,0.9786604,0.0008681645,0.0012093864
efeddvb,joy,joy,0.0035596022,0.00020930661,0.0005049686,0.98972195,0.0010389555,0.0049652164
efedoga,joy,joy,0.00089758734,0.00026266367,0.00041991431,0.98736274,0.00031369104,0.010743385
efedrew,joy,joy,0.019721458,0.0013364824,0.0008387359,0.7833242,0.0010659904,0.19371311
efedt9g,joy,joy,0.08209738,0.0023995873,0.0022718369,0.89925116,0.0014268345,0.012553163
efeeotp,surprise,surprise,0.0057362253,0.0008756121,0.00057683163,0.008939769,0.0009670723,0.9829045
efef39y,joy,joy,0.0007325159,0.00024213146,0.00039867748,0.9976387,0.00029473566,0.00069318694
efefai0,joy,joy,0.00080177095,0.00018809257,0.00028778065,0.99767834,0.00029547294,0.0007486517
efeghis,joy,joy,0.0014046141,0.00026415978,0.00029354318,0.9963911,0.00025311933,0.0013933465
efegj6v,anger,anger,0.9259307,0.03582219,0.0044792593,0.002028974,0.02681116,0.0049276454
efegrrd,anger,anger,0.97416085,0.010370856,0.0016353618,0.0019735768,0.0043341327,0.007525211
efei9hk,joy,joy,0.0006828252,0.00031091948,0.0004433246,0.9967397,0.00018923038,0.0016340715
efeiux1,sadness,sadness,0.005407638,0.0028878825,0.0019512456,0.0054137036,0.98261917,0.0017203311
efekai7,joy,joy,0.00077394536,0.0002002339,0.00031705198,0.9975514,0.00026570132,0.00089166325
efekalm,sadness,joy,0.02211149,0.00045114933,0.0030255318,0.94065225,0.020200761,0.013558793
efekh06,joy,joy,0.095480375,0.008314254,0.001433227,0.8215317,0.066751175,0.0064892257
efekkpa,surprise,surprise,0.0031274774,0.0014954057,0.0009975476,0.0012484821,0.0011085707,0.9920225
efekm4x,joy,joy,0.002658854,0.00019534891,0.0003012339,0.99561936,0.00054008595,0.0006851152
efel74t,joy,joy,0.006317701,0.00032087573,0.0003219805,0.99148,0.00039091206,0.0011685186
efell3t,joy,joy,0.012535435,0.0011070604,0.0016356009,0.7559457,0.0047036135,0.22407266
efemepb,surprise,surprise,0.24042778,0.004771994,0.0019307085,0.0047909156,0.012262457,0.73581624
efemh76,anger,anger,0.86139727,0.041404106,0.0018280493,0.008011601,0.076386884,0.010972121
efenfxm,joy,joy,0.0038586617,0.00036217622,0.00043621077,0.9891622,0.0007681469,0.0054126196
efengfx,surprise,surprise,0.0037897092,0.0015469105,0.0028523833,0.010369735,0.0013579815,0.98008335
efeo8a0,joy,joy,0.0021282905,0.0002210099,0.00023699371,0.99565315,0.00091455795,0.00084597827
efeodq1,joy,joy,0.0006469767,0.00017496823,0.00036108817,0.9978759,0.00042371333,0.0005173053
efeoind,joy,joy,0.0012394385,0.00028120517,0.00053603644,0.9959037,0.00020935433,0.0018303256
efeos2g,surprise,surprise,0.0032281082,0.0009306293,0.0010692015,0.0016057229,0.0012019498,0.99196434
efep2sw,surprise,surprise,0.01001365,0.0011444887,0.002016074,0.021805383,0.0029405674,0.9620798
efeplj2,surprise,surprise,0.005520196,0.0014279599,0.00063640793,0.0013531601,0.0012331574,0.989829
efepvmm,surprise,surprise,0.026499476,0.002147181,0.0013924456,0.0059211543,0.002142795,0.96189696
efeq3nv,anger,anger,0.9176117,0.0070828996,0.001083726,0.033524755,0.012804631,0.027892271
efeq9oz,joy,joy,0.0018060931,0.00027455398,0.00035267114,0.996061,0.00023402134,0.0012715325
efesaq8,joy,joy,0.007055307,0.00034522905,0.0012362626,0.9819043,0.006182162,0.0032767088
efesqfz,fear,joy,0.088156536,0.0038142102,0.018254293,0.70231223,0.034820214,0.1526425
efet0j4,anger,anger,0.69876,0.0051029334,0.0034292687,0.13563834,0.111034885,0.046034615
efetssk,sadness,sadness,0.02269509,0.0017025825,0.0015968593,0.035929773,0.9285259,0.009549657
efeu6yu,joy,joy,0.00082897645,0.00033263912,0.0005394981,0.99314284,0.00028889495,0.004867129
efeuatj,joy,joy,0.0007319857,0.0002597062,0.00037229073,0.9977774,0.00024019399,0.00061848643
efeuisv,surprise,surprise,0.0019242567,0.0017467545,0.0016074853,0.027516024,0.0009764151,0.966229
efevjuc,anger,joy,0.012472532,0.00048359798,0.0026856323,0.9364075,0.0043482003,0.04360251
efevz3u,joy,joy,0.003170258,0.0004378683,0.00047828277,0.9830845,0.00039693713,0.012432172
efew5jw,anger,fear,0.0924602,0.29391804,0.49944985,0.0036273324,0.04502167,0.06552283
efew73j,anger,anger,0.77221984,0.008727021,0.0034601807,0.08068323,0.090417184,0.044492513
efewbxf,anger,anger,0.7801164,0.017078018,0.024100212,0.028971484,0.14714253,0.002591343
efews8c,anger,anger,0.49235877,0.0026100504,0.0035606076,0.4666836,0.010140867,0.024646182
efex0ed,joy,joy,0.023131093,0.0010547733,0.000725569,0.95572656,0.0010626811,0.018299287
efex0nn,joy,joy,0.0010096906,0.00017776588,0.00029967612,0.99742174,0.00027228764,0.00081885926
efexu3f,joy,joy,0.0064592566,0.00047864005,0.00034596387,0.9907873,0.00048913044,0.0014396759
efey6hf,joy,joy,0.0016630613,0.00026403216,0.0003012399,0.9968496,0.00025915753,0.0006628526
efeykw0,surprise,surprise,0.0064463615,0.0011919334,0.0007662062,0.0038399596,0.0011955559,0.98656
efeyyqo,anger,anger,0.8896437,0.014274203,0.0008288615,0.018686693,0.06804983,0.008516715
efez7vn,surprise,surprise,0.013020352,0.0018025917,0.0013665709,0.0024894478,0.017272977,0.964048
efezekn,joy,joy,0.03499657,0.0004108308,0.0009252407,0.95800596,0.0028466415,0.0028147062
eff0efd,joy,joy,0.0013512601,0.00033481506,0.0010586805,0.9893345,0.007090915,0.0008298271
eff188e,surprise,surprise,0.0036665846,0.0011186915,0.0010362711,0.00233379,0.0010100749,0.9908346
eff23u8,joy,joy,0.33735532,0.0020806808,0.0013614651,0.62625754,0.025855955,0.0070890808
eff25k0,joy,joy,0.0012892467,0.00027226942,0.00063838623,0.996163,0.00030707574,0.0013299949
eff2mqp,joy,joy,0.0053706532,0.00042650814,0.0004153859,0.9923069,0.00056828576,0.0009123134
eff2v7d,anger,sadness,0.43449476,0.023933018,0.013810947,0.005004408,0.51110816,0.011648723
eff34c5,sadness,anger,0.56233084,0.0080552595,0.03845853,0.16629687,0.07891134,0.14594716
eff3m94,anger,joy,0.39348778,0.003783982,0.0019625095,0.5893327,0.005584113,0.005848976
eff3qik,joy,joy,0.0060193716,0.00047227554,0.00040637035,0.99124336,0.00045940786,0.0013992289
eff3scl,joy,joy,0.004070843,0.00035730103,0.00034096523,0.9932875,0.00050220074,0.0014412476
eff52fk,joy,joy,0.0007048683,0.0002270248,0.0004611429,0.99751794,0.0006937326,0.00039531745
eff5ks8,anger,anger,0.50170946,0.46333733,0.013046114,0.0047013913,0.0126428995,0.0045627784
eff6wrw,joy,joy,0.00079796783,0.00014992165,0.00034550228,0.9959467,0.000571581,0.002188397
eff78x6,joy,joy,0.0011994396,0.00023120522,0.0003685701,0.9972295,0.0004051595,0.00056611747
eff8r1y,joy,joy,0.00095184956,0.00013358484,0.00025590297,0.99735767,0.00030462234,0.0009963557
eff99hh,joy,joy,0.0027115364,0.00035524968,0.0011895953,0.964673,0.0011937657,0.029876934
eff9cc8,sadness,joy,0.1255204,0.001988473,0.00643248,0.5106756,0.12346598,0.23191707
eff9qjb,sadness,joy,0.014500279,0.0007312988,0.00048619392,0.9355106,0.0022960657,0.04647567
effb669,joy,joy,0.0059003695,0.0004629648,0.0015832074,0.97058994,0.004250821,0.017212667
effbjca,surprise,surprise,0.0067993985,0.0026782306,0.0019921367,0.09014654,0.0009849945,0.89739877
effcbih,joy,joy,0.0014756481,0.00016186397,0.00032978517,0.9969735,0.00046283653,0.0005964395
effex3r,joy,joy,0.000727616,0.00013897227,0.00026866506,0.9968663,0.00082952523,0.0011689097
efff9qz,joy,joy,0.004165424,0.00045865154,0.00041227357,0.99398935,0.00032848903,0.0006457992
effff2z,joy,joy,0.0012115806,0.00019878903,0.00026051427,0.997445,0.00030494842,0.00057924335
effg2u8,joy,joy,0.0015461353,0.00017441904,0.000359967,0.9969747,0.00045684868,0.000487876
effgrgh,anger,anger,0.9829706,0.005886458,0.001756828,0.0031090535,0.0031601407,0.0031169252
effh8rd,anger,joy,0.005968502,0.00042585266,0.00031313373,0.9916332,0.0007278658,0.0009315118
effhe15,joy,joy,0.0021191768,0.00023254016,0.00020915635,0.9962304,0.00046781052,0.0007408069
effht3y,joy,joy,0.0055193887,0.0002194156,0.00033053764,0.99233764,0.00062415027,0.0009689115
effi5o6,joy,joy,0.033647545,0.000606674,0.000921305,0.95634663,0.0016812192,0.006796637
effidao,anger,anger,0.80633116,0.013786999,0.023681434,0.0061675976,0.09984433,0.05018851
effj051,joy,anger,0.57601297,0.0029044186,0.016283233,0.33944333,0.0321734,0.033182647
effkutp,fear,fear,0.01568015,0.15960929,0.70943385,0.0025643061,0.024526024,0.088186294
effl8p9,anger,anger,0.95056796,0.00325119,0.0013931748,0.009142127,0.0049406183,0.030704873
efflymc,anger,anger,0.9681299,0.0062745432,0.0015087265,0.0031720512,0.005490067,0.015424706
effm50e,anger,anger,0.5355314,0.14873976,0.008927252,0.066424295,0.093763046,0.14661425
effmie2,joy,anger,0.9464778,0.026551554,0.0014330242,0.014170986,0.008300089,0.0030665572
effobkg,joy,joy,0.00068187417,0.00021736833,0.0003566527,0.9976546,0.00023820387,0.0008513318
effoog7,joy,joy,0.0010960243,0.00015379071,0.00033465747,0.9958171,0.00031721572,0.002281156
effp6o1,joy,joy,0.00067283865,0.00018857354,0.0003034469,0.9973111,0.00020499354,0.0013190801
effq5ll,anger,anger,0.49568453,0.011724009,0.0115261525,0.016047623,0.35084328,0.11417449
effs7vv,joy,joy,0.0012349491,0.00021288249,0.0002717651,0.9971029,0.00023836773,0.0009391221
effty2u,joy,joy,0.0019632818,0.00015640298,0.0002803195,0.9957767,0.0007518886,0.0010713803
effva0p,anger,anger,0.9659764,0.009223241,0.0036047893,0.003410813,0.014377374,0.003407401
effw45h,joy,joy,0.00083213084,0.0002016055,0.00031610826,0.997502,0.0006083362,0.00053974916
effw6qi,disgust,disgust,0.027372804,0.9220052,0.018781677,0.009784796,0.016370408,0.0056852135
effx8qi,joy,anger,0.6038649,0.006271756,0.0028138168,0.21211968,0.13288471,0.042045165
effxd2o,joy,joy,0.0013741,0.00019572345,0.00029997036,0.996912,0.0002751436,0.00094305916
effxh3t,joy,joy,0.0013536252,0.00017335046,0.00029491843,0.99724495,0.0003491758,0.0005840895
effxhn1,joy,joy,0.00074431015,0.00022861945,0.0003529966,0.99748516,0.0002465691,0.00094232033
effzdwk,anger,anger,0.93796116,0.03881754,0.0025563342,0.0019408724,0.014750249,0.0039738524
efg1yib,surprise,surprise,0.0029363371,0.0012296925,0.0010924278,0.0010832858,0.0013906396,0.99226755
efg2kzt,joy,joy,0.00091676344,0.00030956173,0.00039989493,0.9929153,0.00021383633,0.0052447077
efg2ux0,joy,joy,0.02149421,0.0015139047,0.00512473,0.48683912,0.0073810257,0.47764698
efg4e6i,anger,anger,0.9656243,0.0112968255,0.0034357132,0.002689181,0.010766262,0.0061876997
efg5j83,joy,joy,0.0011107217,0.00033372472,0.00036659304,0.9971722,0.00031724988,0.0006995287
efg5wxo,joy,joy,0.00067638827,0.00017513595,0.00031359404,0.99780136,0.00025979764,0.0007737529
efg629m,joy,joy,0.0006472763,0.00014357008,0.00028953978,0.99737597,0.00064465625,0.00089901715
efg6egr,joy,joy,0.0022300212,0.00020915343,0.00025663432,0.99577004,0.0008369321,0.0006971007
efg7tqt,anger,anger,0.97682005,0.0030033116,0.0009644278,0.0136177465,0.003039218,0.0025552344
efg8nxz,joy,joy,0.0018923004,0.00018752097,0.00033670568,0.99470806,0.0015877329,0.0012877175
efg9mwx,joy,joy,0.0008093208,0.00016870283,0.00027627542,0.9966282,0.00025094088,0.0018664151
efg9x6t,joy,surprise,0.19761924,0.004604586,0.0008277291,0.056678616,0.0062090666,0.7340607
efgacry,joy,joy,0.008378219,0.00025856835,0.0005490371,0.9882344,0.00084027916,0.0017394698
efgafoy,joy,joy,0.0013906719,0.000302227,0.0003850189,0.9967493,0.00020940643,0.0009633472
efgaz38,joy,joy,0.0012590635,0.00020077848,0.0002498426,0.9970681,0.00023853223,0.0009836495
efgbys8,joy,joy,0.023959875,0.00094681303,0.0011763925,0.96052974,0.003540724,0.009846467
efgcr7t,joy,fear,0.30548605,0.031388495,0.40674686,0.17190917,0.019550456,0.064919
efgdl5i,surprise,joy,0.0035901056,0.000553693,0.0017582386,0.8756703,0.0030578969,0.11536971
efge60x,joy,joy,0.0009408613,0.00017495546,0.00029906657,0.99707353,0.00023296215,0.0012785711
efge8mn,anger,anger,0.9778576,0.0037995502,0.0021730321,0.0073173535,0.0035576548,0.0052947844
efgeiaz,surprise,surprise,0.034621954,0.0016027169,0.004141135,0.011670905,0.008265267,0.9396981
efgf9uu,surprise,surprise,0.0076872176,0.0010209446,0.00074637786,0.0020012355,0.0013187054,0.9872255
efgfbtt,joy,joy,0.016984958,0.0007053857,0.001068224,0.8873004,0.0037943013,0.090146735
efgh0ya,joy,anger,0.7849126,0.032095548,0.035650738,0.020652715,0.10362654,0.02306179
efghgcv,joy,joy,0.0014950709,0.00019469122,0.00035282952,0.99684095,0.00071438815,0.0004021054
efghj3t,surprise,surprise,0.0032629557,0.0010554539,0.0008391824,0.0027488926,0.001169873,0.9909236
efghmo7,joy,joy,0.17579739,0.0011778979,0.0008886044,0.79011244,0.0033222144,0.028701529
efgi95b,surprise,surprise,0.00338839,0.001205912,0.00081802945,0.0016075667,0.00096426375,0.99201584
efgisnw,joy,joy,0.0011644071,0.00023586946,0.00037171814,0.99738175,0.00030426562,0.00054196065
efgjczx,joy,joy,0.0007189945,0.00018028493,0.00027337726,0.997743,0.00029051056,0.00079388224
efgk0lc,sadness,sadness,0.0027560403,0.002221916,0.0024799774,0.0035771548,0.9864298,0.002535106
efgk9ny,joy,joy,0.001624496,0.00015503119,0.00023593486,0.9951487,0.0009127696,0.0019230273
efgkn21,anger,anger,0.9285723,0.0028834725,0.002226415,0.03136936,0.01627786,0.018670576
efgkygv,joy,joy,0.0010910892,0.00020543626,0.0002654545,0.9973968,0.00029754877,0.0007435618
efgl49z,anger,fear,0.012678843,0.011421035,0.7670745,0.057659034,0.11417219,0.03699439
efgm4lz,anger,anger,0.9706157,0.0024855756,0.0005751894,0.013976138,0.0051694727,0.007177965
efgmc02,surprise,surprise,0.0039430046,0.001051152,0.0009188785,0.0011735321,0.0009835185,0.99193
efgmon3,surprise,surprise,0.0026625283,0.0010007961,0.001194328,0.0022588365,0.0010013016,0.99188215
efgn8mw,sadness,sadness,0.0021850609,0.0012421858,0.0012460556,0.0050270422,0.9874607,0.0028390794
efgnpta,anger,anger,0.91648567,0.0083796615,0.0026577206,0.01997546,0.04355013,0.00895143
efgnyav,anger,surprise,0.19129528,0.0046635643,0.042218998,0.08879206,0.04329866,0.6297314
efgoqnm,anger,anger,0.81500703,0.0047972845,0.0016217201,0.045170426,0.039787855,0.09361561
efgp8zn,sadness,anger,0.9719973,0.0099957,0.00082936086,0.00482102,0.009368566,0.0029880702
efgq9g7,joy,anger,0.97421455,0.0024943005,0.0006801947,0.01012831,0.005595028,0.006887556
efgqp83,sadness,sadness,0.00579044,0.002542108,0.0016007094,0.0018769408,0.9845212,0.0036686037
efgrsxy,anger,joy,0.0028088202,0.00025204103,0.00032036108,0.99507844,0.00026767782,0.0012726282
efgsq0t,joy,joy,0.054944832,0.0018291086,0.0025923494,0.56299645,0.0045949947,0.3730423
efgsrhq,joy,joy,0.01767902,0.001058615,0.020546997,0.94989896,0.008700343,0.0021160513
efgth8e,anger,joy,0.42319104,0.013454076,0.0040505575,0.54468226,0.011659515,0.002962513
efgv1ji,joy,joy,0.007858254,0.00035013416,0.00040382196,0.98054147,0.0042364215,0.0066097765
efgv6k9,surprise,surprise,0.0036021995,0.0009887584,0.00072644296,0.0024663727,0.0010555696,0.9911607
efgvj7v,joy,joy,0.0011349019,0.00027811568,0.00038304945,0.9972951,0.00047851514,0.00043028593
efgvkde,joy,joy,0.006058087,0.0003291833,0.00032469016,0.9919419,0.0005777278,0.0007684254
efgx7aj,joy,joy,0.0012218271,0.00013535547,0.00019543267,0.9961204,0.00061429973,0.0017126437
efgxgvj,surprise,surprise,0.010870617,0.001714702,0.0015091599,0.0037103598,0.0020044497,0.9801907
efgxuad,joy,joy,0.0008821056,0.00021146066,0.0005642377,0.99538815,0.00036750297,0.0025865363
efgyfeh,surprise,surprise,0.026441935,0.0010148499,0.0020268476,0.07980251,0.00563577,0.88507795
efgyv3h,joy,joy,0.0008511522,0.00017301443,0.00026553517,0.99738795,0.00045416754,0.0008682178
efgz2st,sadness,sadness,0.080711454,0.003990392,0.004933236,0.074426085,0.7375746,0.09836432
efgz3es,joy,joy,0.005519996,0.00026196832,0.00023365722,0.99154705,0.0011113228,0.0013259725
efgzahx,joy,joy,0.0007780224,0.000241828,0.0003381561,0.9978575,0.00025460366,0.00052980165
efgzbih,anger,surprise,0.120932564,0.004141247,0.002475612,0.017536694,0.008379227,0.8465346
efh0qzg,anger,anger,0.9572697,0.0048086913,0.0014887684,0.018292485,0.004197733,0.013942691
efh3ymx,joy,surprise,0.40420595,0.0039189532,0.006927031,0.14199825,0.010868471,0.43208134
efh40zw,surprise,joy,0.008449793,0.0002709799,0.0004043171,0.98596466,0.0010494262,0.003860894
efh45iw,joy,joy,0.0010372143,0.00018154985,0.0003515271,0.9975121,0.0003759315,0.0005416192
efh46zt,joy,joy,0.008139149,0.0005418369,0.00032225103,0.98922133,0.00064549263,0.0011298106
efh5101,joy,surprise,0.003864234,0.00091384794,0.00082543853,0.004188792,0.0013581461,0.9888496
efh5cxc,joy,anger,0.8786629,0.008196633,0.0010537928,0.103959456,0.00407663,0.0040504728
efh5hn5,joy,joy,0.0009004271,0.00020762315,0.00035398145,0.9976682,0.00024649772,0.0006231871
efh7c99,surprise,joy,0.007560212,0.0019374418,0.0050034183,0.5055505,0.004615545,0.4753329
efh7oz9,anger,anger,0.66253024,0.0044420636,0.0025437844,0.102190726,0.118185006,0.11010823
efh7y5p,joy,joy,0.0011552747,0.00019678281,0.0003288541,0.99700147,0.00033534237,0.0009821964
efh8l8l,joy,joy,0.02380903,0.00055333687,0.0004747316,0.95825803,0.013099952,0.0038048371
efh94cj,joy,joy,0.007370651,0.00038049035,0.00033011453,0.98989326,0.00034166707,0.0016838089
efha0zn,surprise,surprise,0.0044074105,0.0010481965,0.0009175785,0.0014148008,0.0014548617,0.99075717
efha7bd,joy,surprise,0.09326069,0.001100837,0.0020867079,0.38303992,0.007969036,0.5125428
efhc7g7,surprise,anger,0.87287474,0.0045247944,0.0024578897,0.026894076,0.018360252,0.07488823
