example_id,true_label,pred_label,p_anger,p_disgust,p_fear,p_joy,p_sadness,p_surprise
eczbpfi,joy,joy,0.0046762927,0.0006383833,0.0006774208,0.991248,0.0012523483,0.0015075189
eczcf47,sadness,anger,0.47986603,0.19695298,0.051501565,0.03943406,0.21897864,0.013266772
eczcky9,sadness,disgust,0.20480905,0.5839065,0.08855456,0.022298545,0.055128183,0.04530314
eczd40x,anger,disgust,0.43697637,0.5114483,0.010375356,0.0134557085,0.021924924,0.0058193165
eczdygs,surprise,surprise,0.047615517,0.0017136999,0.0017413768,0.0041531464,0.0062245773,0.9385517
ecze76e,joy,joy,0.004892269,0.00060712424,0.00044776482,0.9921028,0.0007438819,0.0012061051
eczf05d,joy,joy,0.012317979,0.00090018765,0.0013125124,0.9643096,0.003637191,0.017522544
eczf4ox,surprise,surprise,0.016982008,0.0010762509,0.0016871754,0.0033857943,0.0036778394,0.97319084
eczfdaa,surprise,anger,0.6906648,0.008723813,0.0027076812,0.040963568,0.021641053,0.23529895
eczfe7d,surprise,joy,0.005530659,0.000889231,0.000723793,0.97011596,0.0010733929,0.02166703
eczfoon,surprise,surprise,0.17658761,0.005076435,0.003927878,0.005710284,0.042294428,0.7664033
eczfwa0,surprise,surprise,0.007168823,0.0007810594,0.0010829055,0.007734765,0.0012591968,0.9819733
eczg08p,anger,joy,0.21188678,0.0063542486,0.0019714867,0.7035733,0.05351161,0.022702603
eczgrcd,joy,joy,0.39051867,0.005756263,0.003047458,0.52336127,0.01635276,0.060963575
eczhdsl,joy,joy,0.0013135017,0.000338499,0.00037162023,0.99662375,0.00037753777,0.00097513275
eczhjuj,joy,joy,0.0010097328,0.00033007126,0.00042305203,0.99645483,0.0005876216,0.0011946196
eczi9zh,joy,joy,0.0063989228,0.00046453436,0.0004541122,0.9891612,0.0016812427,0.001840092
eczk51t,joy,joy,0.0026835152,0.0004909635,0.00036492042,0.9949007,0.0006833546,0.00087646954
eczl2pq,joy,anger,0.59078056,0.008606502,0.0056773187,0.27300236,0.074973345,0.04695999
eczmpez,joy,joy,0.0014264791,0.00038778863,0.0003655945,0.99666154,0.00047258122,0.00068602664
eczmpsx,joy,joy,0.0014594129,0.00038300193,0.00036708533,0.99681145,0.00038601964,0.00059310294
eczmsz3,disgust,anger,0.8858126,0.026473003,0.0019571725,0.045886204,0.028442219,0.011428827
eczmtlc,joy,joy,0.0015875788,0.0003675752,0.00038987468,0.9960729,0.00043743962,0.0011446897
eczmz2i,anger,joy,0.21912695,0.003028219,0.0036995597,0.54588526,0.080306806,0.14795323
eczngf1,surprise,surprise,0.007953166,0.0009623382,0.0010524594,0.0034878568,0.0017778114,0.98476636
ecznohs,joy,joy,0.0027447043,0.0005876646,0.00073001557,0.96474475,0.00060083927,0.030592037
ecznwuv,surprise,anger,0.37665293,0.010312213,0.0045859665,0.2665287,0.32260966,0.019310573
eczpeok,joy,joy,0.0024306185,0.00041258,0.00067894714,0.98898506,0.00551188,0.0019809376
eczpwbu,joy,joy,0.0016018267,0.00030836512,0.00041144332,0.9961228,0.0005929481,0.0009625769
eczqn1r,sadness,sadness,0.007938862,0.0021502245,0.001222918,0.009273237,0.9744812,0.004933551
eczszn6,anger,joy,0.11598007,0.0016808676,0.0017437345,0.85222256,0.0110940505,0.017278733
eczt9t1,sadness,disgust,0.14956796,0.58104855,0.041128106,0.08445695,0.122734055,0.02106438
eczth69,surprise,surprise,0.0044127735,0.00069413404,0.0015892924,0.016760577,0.0016181628,0.97492504
ecztsvi,sadness,sadness,0.011967613,0.0025699474,0.001834718,0.023746341,0.956035,0.0038463133
eczvkco,joy,joy,0.0011499305,0.00032082293,0.00037801365,0.9969969,0.00049711857,0.00065724365
eczwm5z,joy,joy,0.0011168664,0.00031831829,0.00036159094,0.997027,0.0004226459,0.0007536401
eczwosz,joy,anger,0.7403936,0.005528742,0.004945975,0.09855749,0.03555721,0.11501696
eczy6qb,surprise,surprise,0.010617865,0.001704918,0.002437718,0.40973336,0.0022988333,0.5732073
eczyh8p,joy,joy,0.001577337,0.00028716994,0.0003832644,0.9950257,0.00055351417,0.0021730755
eczyr6d,surprise,surprise,0.04872847,0.0014869332,0.0016361617,0.013410072,0.0028672693,0.9318711
eczyxxv,anger,sadness,0.08780325,0.0046282834,0.0028951927,0.011119407,0.87415916,0.019394604
eczzc3j,joy,joy,0.0012175611,0.00033908614,0.0004288546,0.99678326,0.0004664779,0.0007647735
eczzquh,joy,joy,0.0024391909,0.00048964453,0.00045689382,0.9915998,0.0010866487,0.003927733
eczzw82,joy,joy,0.024626473,0.0017981287,0.0010906436,0.8899512,0.0021305264,0.080402955
ed0049n,sadness,sadness,0.015876126,0.0056383577,0.0021431684,0.0053025694,0.96446633,0.0065734168
ed011g9,surprise,surprise,0.004681612,0.0007938909,0.001167999,0.006736608,0.0011501733,0.9854697
ed01obo,joy,joy,0.0031216098,0.00039439872,0.0004590494,0.99432075,0.00071737135,0.000986873
ed02d1x,anger,anger,0.6359108,0.030065985,0.052283335,0.13621616,0.121667035,0.023856662
ed038bu,sadness,sadness,0.0068101906,0.0022326026,0.0019949905,0.0047452063,0.97677666,0.007440345
ed03d9y,surprise,surprise,0.059097435,0.0035038388,0.003646475,0.006686642,0.1265786,0.80048704
ed04vcn,joy,joy,0.03625994,0.0017696233,0.0007637941,0.95115155,0.0021938095,0.007861311
ed05jes,joy,joy,0.2031801,0.0043309345,0.0025695432,0.50663483,0.016463915,0.26682064
ed0620k,anger,anger,0.8679514,0.0036976936,0.002506319,0.045458317,0.012791354,0.06759499
ed06qes,surprise,sadness,0.029684087,0.023580141,0.024999518,0.1559775,0.74022114,0.025537558
ed071px,joy,joy,0.018611515,0.0011276088,0.00053929794,0.95492214,0.0027283076,0.022071207
ed07pl6,surprise,joy,0.15054026,0.0043172482,0.010816374,0.6337574,0.060882077,0.13968657
ed09ds5,joy,joy,0.001755742,0.00034874832,0.00033829449,0.99619365,0.00042318605,0.0009403762
ed09rln,joy,joy,0.0021617222,0.00049105857,0.00057755894,0.9946128,0.00083840423,0.001318554
ed0a9kb,anger,anger,0.5500476,0.16727513,0.012794808,0.09465064,0.12768754,0.047544256
ed0b2b8,sadness,sadness,0.040315997,0.011297203,0.0025317108,0.009839374,0.93206775,0.003948018
ed0brlz,anger,joy,0.07154836,0.0024695825,0.0029780217,0.6143219,0.024537865,0.28414428
ed0cg1t,joy,joy,0.14511506,0.002218004,0.0028194352,0.7437966,0.070149526,0.03590134
ed0cn2y,sadness,sadness,0.021155147,0.0033392538,0.00218162,0.005844518,0.9394909,0.027988628
ed0cpps,sadness,sadness,0.02659073,0.008867343,0.007704992,0.02209504,0.90753675,0.027205259
ed0cuu4,joy,joy,0.0038892706,0.0004971512,0.00039893464,0.99215853,0.0018538452,0.0012023072
ed0dbzg,surprise,surprise,0.01943305,0.0038285253,0.0028995625,0.30650708,0.009125015,0.65820676
ed0dtnw,anger,anger,0.7696569,0.010761746,0.002497004,0.006683219,0.010719018,0.19968219
ed0dwjr,fear,fear,0.04532023,0.035749424,0.7772316,0.037117135,0.047324896,0.057256725
ed0e3a2,surprise,surprise,0.0050957515,0.0008954212,0.0012667603,0.0062180934,0.0011823821,0.9853416
ed0e58j,sadness,sadness,0.015252328,0.009420609,0.00275971,0.0041186158,0.96195924,0.006489433
ed0e6h3,fear,disgust,0.09458319,0.5353466,0.26866108,0.021017987,0.06666372,0.013727362
ed0eke4,anger,joy,0.09041576,0.0036501857,0.002916664,0.8561458,0.007227934,0.039643638
ed0ht04,joy,joy,0.002519631,0.0004856427,0.0003749972,0.9947247,0.00054832106,0.001346702
ed0hvgr,joy,joy,0.038695436,0.0028161807,0.0011649407,0.9385559,0.012150867,0.0066166455
ed0ia9w,joy,joy,0.0025367937,0.0005181491,0.00043347597,0.99423933,0.0006915619,0.0015806108
ed0it1e,joy,joy,0.004677001,0.0003742175,0.0005251861,0.9900159,0.0012732657,0.003134428
ed0ivk1,sadness,sadness,0.011046637,0.0030962094,0.0017076526,0.0057473634,0.97588545,0.0025166566
ed0j3lf,joy,joy,0.022124143,0.0009492938,0.0010879306,0.93246335,0.001786393,0.04158892
ed0j5h0,joy,joy,0.0012450735,0.00043093393,0.00042337988,0.9955323,0.0007148462,0.0016534785
ed0jl4g,anger,surprise,0.258238,0.01291907,0.003912615,0.012395221,0.06463632,0.64789885
ed0lnj6,surprise,surprise,0.007226541,0.000918195,0.0010829594,0.022052873,0.0023092735,0.9664101
ed0m2na,anger,anger,0.83855635,0.032470975,0.006262446,0.0111225555,0.08370683,0.027880957
ed0m9ms,sadness,sadness,0.32533178,0.006974504,0.0033368603,0.011935317,0.60114837,0.051273204
ed0miwo,joy,joy,0.0013932055,0.00030277198,0.00034545132,0.99674463,0.00041086494,0.00080314325
ed0mxlo,sadness,surprise,0.017897325,0.0018909861,0.005440029,0.04167291,0.022566486,0.91053224
ed0n2p2,anger,anger,0.95739067,0.01369345,0.0020057224,0.009523557,0.009238632,0.00814809
ed0nsnk,surprise,surprise,0.18809846,0.0037663672,0.0032549095,0.1605826,0.022354502,0.6219431
ed0o2fe,joy,joy,0.0033188148,0.0006667505,0.00045269946,0.99333936,0.0009809368,0.0012413734
ed0omrl,joy,joy,0.0032037953,0.0005581266,0.00046400452,0.9933461,0.0013068294,0.0011211084
ed0ot2z,joy,joy,0.0022346557,0.00039782826,0.0003710286,0.99488384,0.0009119964,0.0012006903
ed0p4fj,joy,joy,0.0018076319,0.00043952718,0.00038123468,0.99607444,0.00049793837,0.0007992444
ed0p50s,surprise,surprise,0.0060347244,0.00087035506,0.0012172825,0.012045681,0.0019324011,0.97789955
ed0p7or,anger,joy,0.31897107,0.14783235,0.018467283,0.37911165,0.046372194,0.089245476
ed0q1rw,joy,joy,0.0023265611,0.00042150498,0.00038600372,0.99461293,0.00046780365,0.0017852198
ed0rebi,joy,joy,0.007535174,0.0008213745,0.00059438264,0.98410666,0.0011763952,0.005766008
ed0sj9s,joy,joy,0.00303496,0.00042277333,0.0004496883,0.99336255,0.00060698856,0.0021230509
ed0so6l,joy,surprise,0.11831003,0.0054346486,0.002106832,0.33711743,0.008184593,0.5288465
ed0swmt,surprise,surprise,0.013705979,0.0013032021,0.0012133152,0.0045600603,0.0016810935,0.9775364
ed0sy6u,joy,joy,0.004852955,0.0004612774,0.00041228818,0.9909375,0.000472015,0.0028639687
ed0uv1x,surprise,anger,0.92325735,0.016140806,0.0023435745,0.0066358196,0.009524093,0.04209837
ed0vap0,sadness,joy,0.013749016,0.0008913003,0.0010157462,0.97200465,0.0020073126,0.010331927
ed0w5cy,joy,joy,0.0014511124,0.00035446548,0.00039492885,0.99644804,0.0004756583,0.00087576144
ed0x5z5,joy,joy,0.018774837,0.0037348333,0.0047040004,0.77408,0.17685665,0.02184966
ed0x80r,anger,anger,0.873795,0.0072762514,0.0027467185,0.0591158,0.011476489,0.045589704
ed0y8gh,joy,joy,0.0067754122,0.0009717379,0.0006208506,0.94724995,0.0009081591,0.043473817
ed0y9cy,surprise,joy,0.004743662,0.0009608262,0.0007860732,0.9563208,0.0011778364,0.036010765
ed0zztw,anger,anger,0.9118295,0.0048259194,0.0032260315,0.031200638,0.017231014,0.031686828
ed112rp,joy,joy,0.0029687164,0.0006167959,0.0008350033,0.9206844,0.0014071787,0.07348785
ed11f83,joy,joy,0.0018408145,0.00040622317,0.00040214256,0.9959021,0.00037729263,0.0010713529
ed11rzv,joy,joy,0.0021186548,0.00038425962,0.000332922,0.995644,0.0005362623,0.0009840376
ed122ms,joy,joy,0.08305774,0.0021722657,0.001326458,0.8778936,0.0277434,0.0078065014
ed12dos,anger,anger,0.90373653,0.007263714,0.0015847256,0.060490645,0.009219434,0.017704958
ed13ax3,joy,joy,0.0025779041,0.0003631323,0.00040354958,0.9952721,0.000591781,0.0007914787
ed1454k,joy,joy,0.0020527379,0.0006403477,0.00052735594,0.9950761,0.0004615149,0.0012419106
ed14wo6,joy,joy,0.06175749,0.0034466754,0.062044743,0.5868458,0.24006504,0.045840267
ed1576z,fear,anger,0.4683128,0.21415989,0.05702693,0.04766158,0.18944503,0.02339381
ed15gt6,anger,anger,0.62432367,0.007941961,0.004039599,0.034630638,0.14162062,0.18744357
ed17mmh,joy,joy,0.00093551876,0.0003639877,0.000488982,0.9952655,0.001393637,0.0015524039
ed17nq4,joy,joy,0.08422869,0.001449853,0.00094641733,0.8831021,0.005387204,0.024885686
ed17svl,surprise,surprise,0.008551378,0.0010744622,0.0010725509,0.008406581,0.0016781503,0.9792169
ed183rg,surprise,surprise,0.07967237,0.0021813267,0.0021224113,0.011971599,0.029463867,0.87458843
ed184ql,joy,joy,0.0028084859,0.000699988,0.00074020284,0.988868,0.0017005532,0.005182699
ed18jel,joy,joy,0.01347148,0.0009489164,0.0007912258,0.9761143,0.006038621,0.002635506
ed19agh,joy,joy,0.0011234009,0.00034807163,0.00035598385,0.99695385,0.00054902886,0.0006695708
ed19k48,sadness,sadness,0.049635347,0.007883972,0.007606801,0.018336572,0.8939182,0.02261913
ed19w3b,joy,joy,0.0016379165,0.0003750147,0.00038117194,0.9965049,0.00045711486,0.00064381596
ed1ada5,joy,joy,0.0010234676,0.00035545154,0.00036172493,0.99691004,0.0004821484,0.0008672384
ed1aw4c,joy,joy,0.0014224206,0.00046296357,0.00038137587,0.9959294,0.000426015,0.0013778261
ed1bf9d,anger,anger,0.52936673,0.0138881635,0.003966816,0.34718505,0.02195079,0.08364248
ed1bkeu,joy,joy,0.003262482,0.00072511524,0.0008504109,0.9748847,0.010718149,0.009559088
ed1c70v,joy,joy,0.008677111,0.00084466045,0.00037645665,0.98440385,0.0012770969,0.004420788
ed1cfv1,joy,joy,0.052160107,0.002617978,0.0013778636,0.8799421,0.0051656533,0.058736194
ed1ff3y,joy,anger,0.9056996,0.0068089063,0.0020861805,0.05916815,0.009705759,0.016531376
ed1fqgn,joy,anger,0.3534952,0.015656259,0.009076979,0.18896279,0.11552495,0.31728384
ed1fyxq,joy,joy,0.0028262658,0.0004577933,0.00046658274,0.99148035,0.00046788968,0.004301214
ed1fz8t,joy,joy,0.134429,0.0019571385,0.0016376921,0.82542735,0.008581482,0.02796733
ed1gey2,joy,joy,0.0019202059,0.00034195202,0.00033337547,0.99559385,0.00095686206,0.00085373176
ed1ggxc,sadness,sadness,0.15026356,0.018926581,0.0035891174,0.024892386,0.7946328,0.0076954938
ed1ghrq,joy,joy,0.011129262,0.001802276,0.0009409876,0.9746149,0.0023142265,0.009198333
ed1gu2v,joy,joy,0.0015099482,0.00036811767,0.0003661807,0.9966491,0.00045447145,0.0006522127
ed1gu3w,joy,joy,0.008762827,0.0013220463,0.00080584415,0.9656063,0.021826664,0.0016763629
ed1hles,anger,anger,0.82247055,0.006215391,0.0028840746,0.0446875,0.059036404,0.064706184
ed1iqnp,joy,joy,0.0010284687,0.0003364253,0.0003849108,0.99698883,0.00041071617,0.0008507065
ed1jdc4,joy,joy,0.011283526,0.0011698982,0.0013309894,0.8701664,0.0035926863,0.112456515
ed1kgx2,joy,joy,0.001442446,0.0003052834,0.00050246157,0.9955664,0.0011937884,0.0009894777
ed1klqm,joy,joy,0.0021874309,0.0004187654,0.00044843226,0.99534553,0.0007304221,0.00086944253
ed1m7w6,joy,joy,0.002026553,0.00042745235,0.00039179248,0.99573696,0.0006224151,0.000794796
ed1maoh,surprise,anger,0.6360533,0.048710153,0.009262617,0.22830413,0.052717052,0.024952833
ed1maoj,disgust,fear,0.05502383,0.12276843,0.71427923,0.031017195,0.029370658,0.047540646
ed1oiyg,joy,joy,0.00434893,0.0005447135,0.0005993003,0.9873131,0.001905252,0.005288661
ed1ph6f,disgust,surprise,0.25591224,0.15398504,0.07722608,0.12263579,0.08615237,0.30408844
ed1rede,joy,joy,0.044587377,0.0022131412,0.005137301,0.8355551,0.013540665,0.0989665
ed1rjn5,joy,joy,0.001043317,0.0002961607,0.0003559625,0.9971017,0.00040418585,0.00079859205
ed1sbaa,joy,joy,0.041605216,0.0035431047,0.027132878,0.4529432,0.42862955,0.046145987
ed1sght,anger,anger,0.59132236,0.1951476,0.023938484,0.021182729,0.09367371,0.07473513
ed1smi9,joy,joy,0.0020141194,0.00040779117,0.00041291947,0.994859,0.0004916593,0.0018146016
ed1smr0,joy,joy,0.3930522,0.0057308325,0.0032296965,0.41613147,0.022056002,0.15979984
ed1udad,anger,anger,0.43103588,0.40746436,0.033285618,0.04625009,0.052439775,0.029524218
ed1umv1,joy,joy,0.0043397103,0.00056231674,0.0004913858,0.9904344,0.00088461005,0.0032875293
ed1viq1,surprise,joy,0.081129245,0.003817971,0.0017797757,0.75455844,0.019546263,0.13916829
ed1vm4f,joy,joy,0.10897001,0.003058208,0.0011477262,0.8625196,0.011841523,0.012462978
ed1w92l,joy,joy,0.0011846713,0.00029389272,0.00029128377,0.99659914,0.0005176088,0.0011135124
ed1wvcx,sadness,sadness,0.006737963,0.0026181678,0.001807313,0.00558113,0.981154,0.0021014006
ed1y6oy,joy,joy,0.0067001954,0.00066710194,0.00047799913,0.9882846,0.002516901,0.0013532243
ed20lrl,joy,joy,0.03573673,0.0011998463,0.00061731966,0.947732,0.011231327,0.0034828088
ed20wvd,joy,anger,0.77813953,0.012673067,0.004064296,0.14653522,0.015529257,0.043058634
ed216ic,joy,joy,0.002202493,0.0003679279,0.00033493794,0.9954496,0.00047800853,0.0011669997
ed21l4i,joy,joy,0.00985792,0.0010592564,0.0007363882,0.98320967,0.0022335604,0.0029031555
ed21n6t,joy,joy,0.0012069867,0.00034939626,0.0003626386,0.9970727,0.00039330046,0.00061488344
ed21ugn,anger,anger,0.76583374,0.12996459,0.009090923,0.02595214,0.06173769,0.0074208747
ed22fyg,anger,anger,0.87434334,0.038952813,0.0030097829,0.028872501,0.04765326,0.0071684034
ed23b3d,joy,joy,0.025596136,0.0013674641,0.0007984244,0.9351609,0.00372839,0.033348728
ed23qjy,joy,joy,0.0015177372,0.00040350898,0.00036061695,0.9960382,0.00033004812,0.0013498558
ed2428b,joy,joy,0.079841,0.0023844328,0.0015779583,0.8253125,0.010467774,0.08041642
ed25fxk,anger,anger,0.56433403,0.0126068825,0.0036588486,0.011602327,0.011851996,0.39594594
ed2611v,joy,joy,0.06819575,0.0023016757,0.0011090226,0.90160716,0.0042858534,0.022500549
ed26rip,joy,joy,0.0011301296,0.00037219853,0.0003218494,0.9969422,0.00047618587,0.00075742457
ed2746s,joy,joy,0.04219784,0.0011508411,0.0008595448,0.93526053,0.0064093606,0.0141218435
ed278ro,surprise,anger,0.9018828,0.0241428,0.0022770788,0.023899535,0.03604998,0.011747712
ed27j06,joy,joy,0.0049656667,0.0014061661,0.0009369797,0.9435095,0.00090879697,0.048272867
ed27l10,joy,joy,0.037839446,0.0030388685,0.002494811,0.70290405,0.024552882,0.22916995
ed27pnf,joy,joy,0.01908285,0.0027351952,0.0024974651,0.89392,0.04534532,0.03641912
ed27ukk,surprise,surprise,0.0065211128,0.0012035876,0.0016968889,0.015045234,0.0023524652,0.97318065
ed282j9,joy,joy,0.003729781,0.00039648885,0.000479238,0.99076426,0.0010753131,0.0035549214
ed29f48,joy,joy,0.001167703,0.00026767582,0.00031775044,0.9964755,0.00048451274,0.0012868078
ed29wza,joy,joy,0.002949133,0.0008012015,0.0008340535,0.9859611,0.00076721684,0.008687365
ed29ynk,disgust,anger,0.8821285,0.07812419,0.0031384747,0.013221476,0.015950251,0.0074371584
ed2avfo,joy,joy,0.0015619488,0.00034733632,0.0003411792,0.9959513,0.00038240638,0.0014158541
ed2az57,joy,joy,0.0039103385,0.0003718493,0.00035320866,0.99136984,0.00099036,0.0030043628
ed2bfov,surprise,joy,0.013871513,0.0014506573,0.0014511546,0.8718437,0.0014810928,0.10990181
ed2c5f7,anger,joy,0.028228784,0.0016041077,0.0011737795,0.9535505,0.0014768792,0.0139658945
ed2dimb,joy,joy,0.001546605,0.00037112128,0.00038231007,0.9958956,0.00070522685,0.0010990853
ed2dkl8,joy,joy,0.030234637,0.0012681714,0.0011120355,0.9544734,0.0050279256,0.007883899
ed2dn6m,joy,joy,0.022456719,0.0016209898,0.00060602353,0.9716965,0.0021415171,0.0014782713
ed2dvob,sadness,sadness,0.007422291,0.0020233225,0.0016292278,0.009965763,0.97576845,0.0031910446
ed2e00i,fear,disgust,0.14677157,0.6633116,0.10360919,0.017606402,0.02729096,0.041410338
ed2eddu,joy,joy,0.0009074011,0.00031204143,0.00036361162,0.9970354,0.00044191055,0.00093960227
ed2enk8,sadness,sadness,0.014195335,0.0034286205,0.0031849013,0.004058256,0.9717469,0.0033859399
ed2f978,surprise,joy,0.001257765,0.00023558679,0.00031268067,0.99594516,0.00041359686,0.0018351964
ed2fxg9,joy,joy,0.01516452,0.0027120984,0.0012657222,0.9740824,0.0035648448,0.0032104095
ed2gsvn,sadness,sadness,0.008026119,0.0023163375,0.0015146352,0.0076933014,0.9684572,0.011992347
ed2h962,joy,joy,0.028833551,0.0014667708,0.0015511739,0.9401099,0.0035258087,0.024512768
ed2hemk,surprise,surprise,0.054701664,0.002921864,0.0036842383,0.020872641,0.1027926,0.81502706
ed2hyao,joy,joy,0.0020902527,0.00050098886,0.00048330572,0.9917665,0.00087596016,0.0042829686
ed2itjq,joy,joy,0.0011521333,0.0003878297,0.0003837122,0.99681026,0.00040301034,0.0008630759
ed2kkif,joy,joy,0.22739941,0.005817031,0.004588808,0.42432496,0.06916332,0.26870653
ed2l9is,surprise,surprise,0.014655772,0.0012874405,0.00096269825,0.009125678,0.0027969668,0.97117144
ed2mah1,anger,anger,0.8136595,0.0052927407,0.0016918356,0.16292274,0.009073081,0.00736012
ed2me0o,joy,joy,0.0038665512,0.00048345793,0.00042676667,0.9910131,0.0016306633,0.0025793607
ed2mebh,joy,joy,0.037985373,0.0026287986,0.009296753,0.8985507,0.017096901,0.03444143
ed2mkey,fear,fear,0.017312434,0.0056102932,0.763434,0.1422247,0.042783007,0.028635588
ed2mvzr,joy,joy,0.0782832,0.0059017986,0.0030618114,0.8540299,0.03872741,0.019995872
ed2naxg,joy,joy,0.18566619,0.0037391111,0.0015203395,0.7921812,0.007656797,0.009236442
ed2nh3m,surprise,surprise,0.014272786,0.004043518,0.007910353,0.057592843,0.017756242,0.89842427
ed2noxb,joy,joy,0.21540403,0.0042404537,0.0013053342,0.76478046,0.010008789,0.0042608646
ed2plsm,anger,surprise,0.17986609,0.004814073,0.0024249554,0.00579287,0.013302703,0.7937993
ed2rfl3,joy,joy,0.029743826,0.0039295,0.004232872,0.7214827,0.22274172,0.017869376
ed2t2rw,joy,joy,0.0009533908,0.00034152708,0.00042371126,0.9967891,0.00035558455,0.0011366607
ed2ug0m,joy,joy,0.0021478923,0.00040773384,0.00036694383,0.9951617,0.0005279427,0.0013877414
ed2ukr2,anger,anger,0.41340062,0.1202351,0.011315883,0.05624044,0.37222075,0.026587198
ed2un8c,joy,joy,0.0010492512,0.00031889582,0.00044413476,0.9969156,0.00055113813,0.0007210181
ed2uyol,joy,joy,0.16539213,0.003620659,0.0014619266,0.80454874,0.008867321,0.016109169
ed2v6t1,sadness,anger,0.5437585,0.005339924,0.0031612155,0.3162342,0.0829451,0.048561115
ed2w2da,joy,joy,0.07638935,0.004072175,0.0017563178,0.87494564,0.032075744,0.010760757
ed2wbo1,joy,joy,0.0038498288,0.0004116922,0.00036188855,0.99328315,0.0006003993,0.0014930175
ed2xw22,joy,joy,0.02550608,0.0022719381,0.002139324,0.94766986,0.0023717098,0.02004111
ed2xybk,anger,anger,0.9382144,0.013236907,0.0025850548,0.008060155,0.012236347,0.025667125
ed2ygk2,surprise,surprise,0.0059104282,0.0009495734,0.0011211027,0.006666719,0.0012727727,0.9840794
ed2yumt,joy,joy,0.0011136027,0.00036948247,0.00038875517,0.9969807,0.00043026515,0.0007171565
ed2z2wl,anger,anger,0.6678981,0.018064775,0.005543833,0.25726587,0.02466862,0.026558753
ed2zw99,joy,joy,0.0027792612,0.00038213728,0.0003437414,0.9949956,0.000667881,0.0008314434
ed306iy,joy,joy,0.0011420234,0.00034945828,0.0004093852,0.99645776,0.00044655576,0.0011947552
ed30mge,anger,anger,0.4716705,0.006823579,0.003572513,0.04623997,0.089850046,0.38184342
ed317fs,surprise,surprise,0.24495761,0.007946053,0.0030004294,0.24728121,0.020425754,0.47638887
ed32qgi,surprise,surprise,0.13684064,0.0034983044,0.002789565,0.122796476,0.017849771,0.7162252
ed34b3g,joy,joy,0.03662974,0.00429961,0.0013613184,0.8864433,0.0058105327,0.06545548
ed35y7q,joy,anger,0.8118995,0.070901744,0.03348212,0.046135392,0.026835088,0.01074619
ed36oak,anger,anger,0.9109623,0.040388487,0.0025554695,0.015158703,0.025464745,0.005470329
ed37s14,joy,joy,0.017551426,0.0009230957,0.0007507317,0.9714329,0.0052957865,0.004045999
ed38ub9,joy,joy,0.13788198,0.0047782944,0.0034110395,0.7292411,0.0070316964,0.1176559
ed391go,joy,joy,0.0027587134,0.0005424446,0.00048651602,0.99038273,0.0010892594,0.0047403662
ed3aiug,sadness,surprise,0.11124648,0.0040334025,0.0052035972,0.00945251,0.108897984,0.761166
ed3b29d,joy,anger,0.62367237,0.012056474,0.006523289,0.29355222,0.035705034,0.02849066
ed3bjn7,joy,joy,0.013185771,0.00062965276,0.00040220792,0.9782186,0.0020454966,0.0055182762
ed3chq4,surprise,surprise,0.0076303813,0.001290682,0.0015891176,0.24679379,0.002435907,0.7402601
ed3d31z,joy,joy,0.0014334529,0.00031122088,0.00037548566,0.9956405,0.0009892716,0.0012500534
ed3drgn,sadness,anger,0.34695747,0.3108406,0.01692005,0.08259926,0.22671378,0.01596879
ed3eg7v,joy,joy,0.0026557925,0.0002791329,0.00031123075,0.99472296,0.00062951667,0.0014014168
ed3eqrm,joy,joy,0.0021230893,0.0006129548,0.0005140023,0.99281836,0.0007937408,0.0031378407
ed3erhr,joy,joy,0.1249952,0.004614816,0.0035623554,0.6611005,0.015897116,0.18983002
ed3fkca,joy,joy,0.0016827247,0.00031949652,0.00033892726,0.996243,0.00036702157,0.0010488974
ed3flyg,joy,joy,0.0011060073,0.0002591132,0.0004520424,0.99592376,0.0009898456,0.0012692384
ed3gsox,joy,joy,0.01808631,0.0011320034,0.0010477899,0.9237376,0.0021556676,0.053840633
ed3i0zf,surprise,surprise,0.01696566,0.0011666605,0.0011013548,0.005952451,0.0020341545,0.9727797
ed3i4gx,joy,surprise,0.0645522,0.005588831,0.008141389,0.3129588,0.053591512,0.55516726
ed3i6z6,joy,joy,0.0010076214,0.00031538447,0.00036216332,0.9969566,0.00038391788,0.0009743214
ed3il5h,joy,joy,0.05676045,0.0023902317,0.001824874,0.64313173,0.008718716,0.287174
ed3iq8t,anger,anger,0.91922003,0.042089485,0.0022024163,0.012747624,0.016464533,0.007275919
ed3jh2z,sadness,sadness,0.009342349,0.0023776402,0.0014115549,0.0072335284,0.97654086,0.0030941474
ed3ju9g,sadness,sadness,0.008423589,0.0043375753,0.0028302055,0.0059527755,0.9761104,0.0023453126
ed3k8zz,joy,joy,0.0052433754,0.0006119256,0.0009656393,0.9754073,0.002835914,0.014935911
ed3klo0,sadness,joy,0.36737007,0.009915728,0.0026333104,0.57016474,0.01806092,0.031855166
ed3l8bw,joy,joy,0.0012067043,0.0003372597,0.00033328374,0.9968047,0.0004892308,0.0008287813
ed3ljgc,joy,joy,0.0018270125,0.00035799306,0.00035925882,0.9960454,0.00040765147,0.0010025658
ed3mk68,anger,anger,0.8758067,0.029323712,0.0046055745,0.050108477,0.024607921,0.01554769
ed3o0vh,anger,joy,0.1027759,0.002428342,0.0011739789,0.8819693,0.004363512,0.0072889975
ed3odkh,surprise,surprise,0.06739454,0.0037499727,0.0015974984,0.020371826,0.0045528854,0.90233326
ed3otkz,joy,joy,0.0021592083,0.00034759185,0.000323173,0.99563724,0.00043660574,0.0010961554
ed3ovpu,joy,sadness,0.01228823,0.0029267042,0.0014674391,0.0043127555,0.9721666,0.006838367
ed3p00x,anger,anger,0.9305132,0.035737906,0.0023289511,0.009033869,0.01682338,0.0055626887
ed3p41f,joy,joy,0.0025564139,0.00045178397,0.00038827187,0.99519914,0.00076596375,0.0006385296
ed3p6dr,anger,anger,0.8262737,0.007768013,0.0032551214,0.09331825,0.01152472,0.057860192
ed3p77r,joy,joy,0.0012086248,0.0002993882,0.0003561832,0.99685884,0.00043174397,0.0008452263
ed3ptc8,joy,joy,0.0012052427,0.00034269187,0.00041582456,0.996822,0.00046369765,0.00075058546
ed3r9ha,joy,joy,0.030958917,0.0018515583,0.0019117811,0.9008887,0.0040558474,0.06033322
ed3rkhb,surprise,joy,0.22517471,0.009062156,0.005837242,0.41921282,0.16960225,0.17111081
ed3s25t,joy,joy,0.0034110968,0.00049655663,0.00042137777,0.99409467,0.0005988032,0.0009774811
ed3sqoq,joy,joy,0.0039959275,0.0006400848,0.00046637826,0.9883398,0.00080662896,0.0057512773
ed3tfp0,surprise,surprise,0.06675972,0.001940602,0.0017238965,0.0037242754,0.0060891532,0.9197624
ed3tljs,joy,joy,0.009545589,0.00083415426,0.00045062974,0.9848551,0.0007671877,0.0035473148
ed3u5xj,surprise,surprise,0.013047882,0.001409592,0.0015761394,0.0024030171,0.0024723427,0.9790911
ed3uwkx,anger,anger,0.80532604,0.035384316,0.0033930556,0.10847856,0.029807199,0.017610889
ed3vol0,joy,joy,0.0018485619,0.00049525476,0.00058494846,0.99383837,0.0016004303,0.0016324349
ed3xhie,joy,joy,0.0070345774,0.00032325546,0.00047598672,0.9806533,0.0017928638,0.009720056
ed3yjli,joy,joy,0.0016015298,0.00040719906,0.00040417552,0.9962645,0.0005598782,0.000762757
ed3yxmw,joy,anger,0.5412535,0.023596426,0.008243352,0.20218256,0.16323663,0.0614876
ed3z6by,anger,joy,0.34319854,0.0029656787,0.0055087516,0.53297573,0.0662272,0.04912412
ed40jj0,joy,joy,0.0028120005,0.00054072565,0.00038506315,0.99427754,0.0006806508,0.0013040539
ed41f9o,sadness,sadness,0.011778307,0.0025229978,0.0010996014,0.012579742,0.9698777,0.0021416624
ed4220z,joy,joy,0.0015209032,0.0003646801,0.00034227208,0.9966378,0.00031871427,0.0008155545
ed42at1,joy,joy,0.0012092268,0.00041065275,0.0004618782,0.99682295,0.00052157656,0.0005737988
ed42jkm,joy,joy,0.0016614877,0.00036089533,0.0003754581,0.9964265,0.000503183,0.0006724586
ed42lw0,surprise,surprise,0.005325778,0.0007899973,0.0010150825,0.0063235625,0.001369927,0.9851756
ed452ih,joy,joy,0.019294936,0.0017548752,0.0018520536,0.8344135,0.009254397,0.13343026
ed45q9i,joy,joy,0.0045522884,0.0006010198,0.00046141486,0.9890675,0.0009949197,0.004322904
ed46tmd,joy,joy,0.0023042203,0.00039284516,0.000527643,0.9933554,0.0004665176,0.002953396
ed46u5f,anger,anger,0.86628467,0.04262192,0.0020645913,0.034077376,0.0423844,0.012567105
ed46zau,surprise,surprise,0.0075694025,0.0008303407,0.0010747775,0.006080733,0.0014117076,0.983033
ed48tq9,joy,joy,0.008723764,0.0005173679,0.0030135012,0.9784111,0.0057480256,0.0035862671
ed4951j,joy,joy,0.0050870716,0.0008354273,0.00064460567,0.98716843,0.001150706,0.0051137633
ed497m1,anger,anger,0.46680525,0.35640424,0.023162514,0.036220238,0.10758349,0.009824354
ed49941,joy,surprise,0.11979294,0.0068665673,0.01577453,0.32292563,0.20379208,0.3308482
ed499ib,joy,joy,0.002238734,0.00033543754,0.00034936113,0.9948501,0.0004055573,0.0018207243
ed4apbg,anger,disgust,0.23845498,0.47007802,0.01955135,0.03387362,0.22639938,0.011642633
ed4b4ov,joy,joy,0.0012754699,0.0003369184,0.00036890616,0.99622536,0.0006633978,0.0011299779
ed4cjqt,joy,joy,0.00818969,0.0008787915,0.0004984274,0.98679185,0.001889802,0.0017514463
ed4cr1y,joy,joy,0.0062356326,0.00086055225,0.0010435302,0.94000304,0.009532191,0.04232504
ed4cyt9,sadness,sadness,0.015040306,0.002705454,0.0012459675,0.011238884,0.9672414,0.0025280651
ed4cz1y,joy,joy,0.0023936364,0.0003592467,0.000984143,0.99250484,0.001703209,0.0020550236
ed4d4ee,anger,anger,0.564972,0.0076566264,0.003945336,0.3828516,0.009177741,0.031396627
ed4dhnu,joy,anger,0.9443533,0.0051496103,0.0012580579,0.014928471,0.016414406,0.017896218
ed4dycq,joy,joy,0.0017038024,0.00032417206,0.00032623357,0.9963995,0.0005398219,0.00070643204
ed4edc8,surprise,joy,0.35995007,0.0051022223,0.0018126974,0.57171994,0.012928982,0.04848604
ed4ejil,joy,joy,0.008955799,0.0004286439,0.00037409508,0.98595387,0.0016140615,0.0026735635
ed4eldw,anger,anger,0.91506195,0.020049918,0.002202972,0.011967436,0.027818408,0.022899397
ed4f4io,surprise,surprise,0.16954055,0.014123661,0.0052565946,0.037371863,0.027336525,0.74637073
ed4f5d5,anger,sadness,0.12316674,0.111088395,0.16124837,0.18411152,0.38533732,0.0350477
ed4fqyy,joy,joy,0.0013796464,0.00042378512,0.00039513453,0.996612,0.00033748802,0.000851983
ed4g81o,joy,joy,0.0031066183,0.00039168846,0.00034977848,0.99386805,0.0011629936,0.0011209655
ed4gvkj,joy,joy,0.007733162,0.0005613427,0.0005418617,0.9858165,0.0017512668,0.0035959217
ed4hgjl,joy,joy,0.0011246105,0.00030744376,0.00036689275,0.99713635,0.0003910452,0.0006736906
ed4hovs,anger,anger,0.86658555,0.008752925,0.0026413768,0.09201345,0.009336298,0.020670388
ed4iqff,surprise,surprise,0.027082102,0.001286977,0.0013061193,0.0048323055,0.00454609,0.9609463
ed4jdrq,anger,anger,0.9009456,0.009165312,0.010318217,0.046721455,0.012502917,0.02034649
ed4jos7,joy,joy,0.03798717,0.0028370186,0.0045576952,0.9244556,0.0059527424,0.024209842
ed4k39t,joy,joy,0.0030043595,0.0004628293,0.00054349884,0.98235977,0.00044135985,0.013188119
ed4lguq,joy,joy,0.014944067,0.00085348194,0.0013762238,0.9562643,0.003463888,0.02309804
ed4m0qz,sadness,sadness,0.013158897,0.004807014,0.003443627,0.026851606,0.93874747,0.012991379
ed4m5zc,anger,anger,0.94555974,0.009671788,0.0019045469,0.01018055,0.008921627,0.023761816
ed4n562,joy,joy,0.10277056,0.0046660514,0.0040907413,0.6634353,0.12148895,0.10354845
ed4n83o,joy,joy,0.003559402,0.00076892576,0.00056270784,0.98977053,0.0016650053,0.003673386
ed4n9mh,joy,joy,0.016531995,0.0015109644,0.0007225404,0.9754371,0.00316351,0.0026338948
ed4o321,sadness,sadness,0.025802858,0.0038842175,0.004901893,0.02525985,0.9321607,0.007990387
ed4om9w,joy,joy,0.0039663645,0.0004832498,0.00037683552,0.9931774,0.0005433443,0.001452705
ed4owvs,joy,surprise,0.12867138,0.0031198817,0.0044905753,0.1952915,0.2199597,0.448467
ed4pnnx,joy,sadness,0.028843792,0.0049078777,0.004625084,0.26977095,0.6834313,0.008420989
ed4qloq,joy,sadness,0.06976307,0.0060464637,0.0038371328,0.3863854,0.5231132,0.010854736
ed4qssq,joy,joy,0.0011622453,0.00034436927,0.00040846688,0.9964714,0.00038158178,0.0012319238
ed4r072,surprise,surprise,0.36387777,0.00678941,0.0025427737,0.0142111145,0.014587784,0.59799117
ed4r6ko,surprise,surprise,0.012334042,0.0013438134,0.002020552,0.004182754,0.007512131,0.97260666
ed4rm1t,joy,joy,0.013350715,0.0010557462,0.0010449268,0.9494743,0.0021951569,0.03287919
ed4thg4,surprise,surprise,0.020882377,0.0012070186,0.0019854696,0.007693936,0.008972774,0.9592584
ed4thnt,joy,joy,0.0010937488,0.0003679468,0.0004073841,0.99695635,0.0004926124,0.0006819626
ed4txch,joy,joy,0.0033771046,0.0004984368,0.00064841704,0.98143125,0.0023527138,0.011692017
ed4vatk,joy,joy,0.00095780566,0.00031225273,0.000350507,0.9972168,0.0004957063,0.0006669499
ed4vpp0,joy,joy,0.0012052691,0.0003976479,0.00035541083,0.99664366,0.00034311335,0.0010548788
ed4vs6p,joy,joy,0.0018050735,0.00043549694,0.00043745874,0.99563354,0.00033820976,0.0013501291
ed4w2oh,joy,joy,0.008104069,0.00197809,0.00406027,0.94446564,0.0061062877,0.03528558
ed4xr41,joy,joy,0.011261121,0.0018738934,0.001428928,0.9630274,0.004487679,0.017920986
ed4ygno,joy,joy,0.0015343111,0.00044978765,0.00040594063,0.9946766,0.00047981145,0.0024535414
ed4ykdw,anger,anger,0.66891944,0.010390372,0.0032596672,0.03868585,0.12905209,0.14969265
ed4zcdd,joy,joy,0.011335624,0.001009231,0.0007576849,0.9753136,0.007207034,0.004376777
ed4ze36,sadness,anger,0.43168238,0.031194523,0.0063658184,0.059658375,0.35999188,0.11110705
ed4zr3n,joy,joy,0.001892148,0.00037296643,0.00039777564,0.99626654,0.00047802,0.0005925291
ed5030i,disgust,disgust,0.03187775,0.91019696,0.036696706,0.005923953,0.009500687,0.0058038994
ed50cyl,joy,joy,0.012030027,0.0008756359,0.0005580121,0.98100203,0.0020626592,0.0034716045
ed50xtl,joy,sadness,0.08404665,0.008635437,0.010468938,0.4333587,0.4365341,0.026956154
ed518pl,surprise,surprise,0.17707323,0.0056597725,0.0022535832,0.05515755,0.04887196,0.710984
ed52ler,joy,joy,0.0032918986,0.0004978169,0.00043108434,0.9927165,0.0008843303,0.0021783225
ed5379v,joy,joy,0.0012192355,0.00033124874,0.00037049045,0.9968749,0.0005198716,0.00068416557
ed539gj,joy,joy,0.07020528,0.0018242045,0.001535489,0.8590479,0.021054631,0.046332493
ed53gec,surprise,surprise,0.0049489145,0.0009381958,0.0014763037,0.0076102973,0.0013661023,0.9836602
ed53qtu,joy,joy,0.0024983084,0.00036988896,0.0003962118,0.985562,0.0011985985,0.009974943
ed55h8g,joy,joy,0.017258704,0.0011430867,0.0015741887,0.92993337,0.0029537089,0.04713695
ed55unt,anger,joy,0.06524074,0.0020787113,0.0027561914,0.78850955,0.12963285,0.011781896
ed57mql,joy,joy,0.017072368,0.001392642,0.0011622042,0.9679694,0.002692115,0.009711196
ed57pil,sadness,sadness,0.0092573175,0.0034661635,0.0013080054,0.010907954,0.9726313,0.0024293622
ed59o8s,fear,fear,0.006200899,0.0055706287,0.96784055,0.0065390416,0.006431401,0.007417556
ed5apbb,sadness,sadness,0.025260437,0.003562452,0.0012954926,0.013446465,0.95314074,0.003294291
ed5bi7l,anger,anger,0.9221985,0.0128038,0.0015218959,0.030352226,0.020637024,0.012486504
ed5c6jr,anger,anger,0.9194805,0.015232659,0.0026544828,0.0068426332,0.03947477,0.016315052
ed5cew6,joy,joy,0.35967323,0.0036685667,0.003426077,0.5458476,0.06731751,0.020067042
ed5d4hm,joy,sadness,0.07462247,0.0074233813,0.005156237,0.17757496,0.69892615,0.036296822
ed5eobg,joy,surprise,0.15603179,0.0030966876,0.002888304,0.33630028,0.014051148,0.48763174
ed5f1q6,disgust,disgust,0.13541104,0.8088465,0.025637513,0.008333139,0.014555162,0.0072166533
ed5gjn6,sadness,anger,0.5606073,0.004600518,0.002387819,0.25994492,0.03895341,0.13350596
ed5gooc,joy,joy,0.0012993404,0.00038989168,0.00039030594,0.99670166,0.00035373567,0.0008650748
ed5h3jh,joy,joy,0.006145712,0.000880944,0.00059773016,0.9874657,0.0011132178,0.003796744
ed5h943,joy,joy,0.0020965056,0.00045491444,0.0003603811,0.9942668,0.0016195689,0.0012017825
ed5hig8,anger,anger,0.6958148,0.24495007,0.006747458,0.016360898,0.029030034,0.007096799
ed5hj2l,joy,joy,0.0330057,0.0012400228,0.00066646835,0.96064526,0.0014601067,0.002982422
ed5hvl8,anger,anger,0.36510676,0.0070855366,0.0046498682,0.26583827,0.2715938,0.0857258
ed5i830,joy,joy,0.0011803374,0.00036322672,0.00036853267,0.99656963,0.0005090603,0.0010091076
ed5j08t,joy,joy,0.006546099,0.0007986688,0.0004449185,0.9872342,0.0006743381,0.0043017906
ed5kt98,anger,anger,0.6973386,0.0067712367,0.003254915,0.07495176,0.04783913,0.16984442
ed5kxo0,anger,joy,0.1969859,0.0026879457,0.0012072298,0.7552462,0.012117456,0.03175526
ed5l0tn,sadness,anger,0.6499288,0.0065711355,0.005844823,0.16040947,0.06454679,0.11269893
ed5mopu,joy,joy,0.010114376,0.00069120334,0.0007120837,0.98054904,0.0015233044,0.006410067
ed5mpux,joy,joy,0.0011937827,0.00030086414,0.00037386073,0.9966055,0.0004136081,0.001112308
ed5nylq,joy,joy,0.0035206517,0.0005973418,0.0003727916,0.9935703,0.0007517395,0.0011871451
ed5oc9p,joy,joy,0.052546546,0.0017556981,0.0017080912,0.8251617,0.018952329,0.099875666
ed5p2c5,joy,joy,0.019920317,0.00041582796,0.0013524004,0.97045857,0.002488273,0.005364584
ed5qm6b,surprise,surprise,0.08297289,0.0036049448,0.0064851297,0.04257106,0.023359943,0.84100604
ed5qov9,surprise,surprise,0.0919656,0.002304226,0.002558064,0.021219762,0.004232622,0.87771976
ed5qsc8,surprise,surprise,0.017558137,0.0009886434,0.0009109734,0.025458295,0.0021539915,0.95293003
ed5qx5t,joy,joy,0.018273294,0.0017115878,0.000853445,0.97486705,0.0008403257,0.0034543432
ed5qyw2,anger,anger,0.85721296,0.018064136,0.0042403764,0.07865227,0.03011682,0.011713483
ed5rqvs,surprise,surprise,0.015932472,0.0012058335,0.0012976592,0.026680697,0.0053990893,0.9494843
ed5sdtd,joy,joy,0.42874327,0.012404624,0.0030852277,0.5061416,0.040304657,0.009320562
ed5tyie,joy,joy,0.006081455,0.0006898398,0.0007714531,0.93572664,0.0015042117,0.05522636
ed5u01p,surprise,surprise,0.005710184,0.0008380758,0.0010992244,0.006909277,0.0018428623,0.98360026
ed5u38w,joy,joy,0.0283573,0.0024586339,0.0019614205,0.9508245,0.0070273997,0.00937076
ed5ukmx,sadness,sadness,0.111677065,0.060645733,0.009737772,0.019247403,0.78904176,0.009650288
ed5wsbs,surprise,surprise,0.01613231,0.0012276928,0.00119704,0.004154564,0.003765086,0.9735232
ed5x1f6,surprise,surprise,0.098498695,0.003176037,0.002078262,0.010806016,0.023145901,0.86229515
ed5xoxn,sadness,sadness,0.016352175,0.0037377027,0.0018642481,0.007293246,0.966595,0.004157556
ed5ycja,joy,joy,0.0026689547,0.0004045562,0.00040870966,0.99400985,0.00077929255,0.0017286747
ed5yole,surprise,surprise,0.016966715,0.0012353093,0.0011657994,0.010586167,0.002226368,0.9678197
ed60dfe,joy,joy,0.0012519853,0.00029912282,0.00036704226,0.99651766,0.0005421161,0.0010220916
ed60yz3,sadness,sadness,0.15622623,0.007036997,0.03299889,0.24053194,0.40635866,0.1568473
ed62jtl,joy,joy,0.0020988337,0.00043246523,0.0002918623,0.99539894,0.0006619994,0.0011158932
ed634g5,joy,anger,0.5441123,0.004924004,0.0016115188,0.39016026,0.014027993,0.045163956
ed636aq,anger,anger,0.8571753,0.014019944,0.0026625001,0.033268947,0.028554332,0.06431902
ed63mrs,joy,joy,0.0015196394,0.00034324534,0.00036580724,0.9965365,0.00040901807,0.000825847
ed6510j,sadness,sadness,0.0112376185,0.0023888708,0.0018123335,0.023231233,0.9579106,0.0034193548
ed65r76,joy,joy,0.0014975031,0.0003809739,0.00039282953,0.99656904,0.0003068542,0.00085278304
ed66hh7,joy,joy,0.0042874995,0.0006096675,0.00044208986,0.98963064,0.002447959,0.0025820525
ed66vje,joy,joy,0.00314923,0.00049394666,0.00062806,0.9908084,0.0010599686,0.0038604126
ed67gsa,anger,sadness,0.2276675,0.019859588,0.0067342683,0.10119893,0.58028084,0.064258896
ed67mlu,anger,anger,0.5373934,0.09074577,0.016598502,0.053495508,0.22681881,0.07494804
ed687vy,anger,anger,0.9541679,0.014178044,0.0022835953,0.0069897943,0.0063174814,0.016063271
ed69rsr,sadness,joy,0.02699878,0.0041867616,0.0019062612,0.93879867,0.019970847,0.008138762
ed69zd7,joy,joy,0.0026752558,0.0003250783,0.00032367662,0.99204856,0.0004560534,0.0041712946
ed6bk6k,joy,joy,0.026581595,0.0017338853,0.00082742906,0.9608388,0.004809321,0.0052090627
ed6c8bw,joy,joy,0.04886481,0.0024137443,0.0014605224,0.92752516,0.010230188,0.009505532
ed6cqtx,anger,anger,0.9440032,0.017161246,0.0018026789,0.007864596,0.017758587,0.011409766
ed6d0ia,joy,joy,0.016750386,0.001273595,0.0010651058,0.9708985,0.0018846135,0.008127783
ed6d5zv,sadness,sadness,0.024466794,0.016834201,0.0043211076,0.005692127,0.9433618,0.005323971
ed6epcn,joy,joy,0.032285225,0.0018032711,0.0012557087,0.9512922,0.0031026418,0.0102610355
ed6ew8p,surprise,surprise,0.005020362,0.0008048928,0.0013845962,0.007047652,0.0012899382,0.9844525
ed6h9fn,joy,joy,0.003191623,0.00040892934,0.0004046604,0.99282795,0.0006205574,0.0025462694
ed6hxg1,surprise,surprise,0.006237609,0.00080857106,0.0010626379,0.01367651,0.0016471907,0.9765673
ed6j5va,joy,joy,0.0047334586,0.0005264081,0.0004703234,0.9908565,0.0009829345,0.0024304118
ed6k723,surprise,surprise,0.11046992,0.0027070153,0.0016583762,0.010331327,0.00746002,0.86737335
ed6la2m,joy,surprise,0.32544845,0.007081957,0.0030316045,0.059899446,0.017062908,0.5874756
ed6m4ue,sadness,sadness,0.007811299,0.0028961117,0.0014429869,0.005149593,0.979736,0.0029640433
ed6m76o,joy,joy,0.0052702716,0.0005360308,0.00044748434,0.9904021,0.0017179671,0.0016261407
ed6n5gf,anger,anger,0.76290524,0.027995719,0.003192298,0.09613691,0.08520347,0.024566391
ed6ngy7,joy,joy,0.08092505,0.0019966385,0.0015040475,0.8728581,0.011387413,0.031328782
ed6p459,joy,joy,0.0025490734,0.00047373283,0.00041988317,0.99456185,0.0012450585,0.0007503592
ed6pxm7,joy,joy,0.078292325,0.006489698,0.0033898598,0.62775064,0.27492025,0.009157275
ed6qw4q,joy,joy,0.003892452,0.00048171802,0.00035087668,0.99333376,0.0008536828,0.0010874635
ed6r4ra,joy,joy,0.093124665,0.0034675286,0.002130665,0.8810314,0.008456932,0.011788854
ed6rd1b,joy,joy,0.0022505005,0.00033942738,0.0003792195,0.9955081,0.00047113685,0.0010516118
ed6rggk,joy,joy,0.0011468289,0.00030190506,0.0003307204,0.99667454,0.00045858786,0.0010873594
ed6rir0,anger,anger,0.952681,0.0099583315,0.0015290285,0.005411703,0.012415234,0.018004766
ed6ul2b,anger,anger,0.8818381,0.06628966,0.0029448415,0.015098955,0.028584436,0.005244111
ed6um9g,joy,joy,0.025040219,0.0020803022,0.0014028441,0.8316235,0.003974109,0.13587898
ed6vidl,anger,anger,0.8907574,0.04225452,0.003466035,0.00837292,0.013095208,0.04205391
ed6xmfq,anger,joy,0.22260474,0.0090885395,0.0028402782,0.66757494,0.016288383,0.081603095
ed6xtbd,surprise,surprise,0.027076919,0.0019459011,0.0025492667,0.015501284,0.021872481,0.9310542
ed6ybvx,joy,joy,0.013019391,0.0009723803,0.00087030133,0.9727278,0.0017308157,0.010679296
ed6ydx6,joy,joy,0.0011497397,0.00035112732,0.0003773376,0.9968029,0.00045649323,0.0008623163
ed6zn5o,joy,joy,0.036678463,0.0018205896,0.0043124664,0.82129896,0.022814414,0.11307508
ed6znzl,anger,sadness,0.29379484,0.033740085,0.019901212,0.056535516,0.395402,0.20062631
ed6zrk9,joy,joy,0.033553723,0.0024229556,0.0008410802,0.958395,0.002227674,0.002559577
ed6zuzu,surprise,surprise,0.009890923,0.0016914573,0.0016026192,0.03321826,0.009154944,0.94444185
ed70lwg,anger,anger,0.9490666,0.008133694,0.0012597393,0.022731679,0.012357361,0.0064508524
ed71eue,joy,joy,0.12827171,0.004305962,0.0061447006,0.72566926,0.10687548,0.028732859
ed72fq8,joy,joy,0.006897417,0.0005708954,0.0011936157,0.9826523,0.0011160019,0.0075696837
ed72i91,joy,joy,0.0021861736,0.0005613771,0.0006830027,0.98229367,0.0034554119,0.010820388
ed742s9,anger,anger,0.60119736,0.004853892,0.0052082953,0.28266406,0.021632146,0.084444314
ed74bwo,sadness,joy,0.07100176,0.0020601403,0.00096144574,0.89026374,0.017786505,0.017926436
ed75h49,joy,joy,0.001293443,0.00029405233,0.00042022753,0.99643505,0.0008923544,0.00066490506
ed75mwq,joy,joy,0.0020889593,0.00036987194,0.00038682608,0.9957794,0.0005304086,0.0008445091
ed75n7b,surprise,fear,0.08755235,0.021308402,0.50892425,0.023043863,0.007184165,0.35198694
ed76wz1,anger,joy,0.01433981,0.0006957108,0.000988506,0.95347077,0.009152734,0.021352472
ed76ymh,surprise,joy,0.022461057,0.0018850396,0.0016260071,0.748507,0.0067411163,0.2187798
ed771hj,anger,anger,0.87795967,0.049745258,0.0030980178,0.013501983,0.049442325,0.0062526977
ed77vlt,joy,joy,0.023082152,0.0012362275,0.0007433992,0.9605413,0.001402377,0.012994512
ed789j9,anger,anger,0.57517856,0.187461,0.016100435,0.07665963,0.053403925,0.0911965
ed789oa,anger,anger,0.8477003,0.08031358,0.005246632,0.024486165,0.0323884,0.0098649515
ed78e4a,joy,joy,0.0013020805,0.00035804484,0.0004036609,0.99676967,0.00042780672,0.00073882495
ed78zbr,joy,joy,0.0010711782,0.00033370728,0.00035235088,0.9971705,0.00039528604,0.0006769529
ed798hs,joy,joy,0.0012977265,0.00033746185,0.00035532267,0.9968888,0.00044174446,0.0006790088
ed79vgg,joy,joy,0.0012234211,0.00037920353,0.00039703553,0.9969235,0.00044343955,0.00063330214
ed79wg9,joy,anger,0.35202575,0.0730764,0.06548062,0.27210122,0.11481643,0.122499585
ed7a6xm,joy,joy,0.45736653,0.005730444,0.0032060533,0.4594654,0.04003937,0.034192175
ed7dhq6,joy,joy,0.0019176406,0.0003590169,0.0003694252,0.9960936,0.0004337976,0.00082651264
ed7dq81,joy,joy,0.004211262,0.00052136864,0.0011709725,0.99082434,0.0014945427,0.0017774635
ed7e2hj,joy,joy,0.09264501,0.0024343124,0.0024741322,0.65354854,0.022909708,0.22598825
ed7fxqb,joy,joy,0.0014650868,0.00033862478,0.0003385163,0.99611366,0.0004095595,0.0013344799
ed7g3d1,joy,joy,0.0019298414,0.0004444048,0.00041468794,0.99572915,0.00061182113,0.00087013067
ed7gmxc,joy,joy,0.0011336622,0.0003363347,0.00039993218,0.9965373,0.00053802057,0.0010547623
ed7hzmm,joy,joy,0.0022741111,0.0004650923,0.00040003136,0.9952319,0.00046419614,0.001164725
ed7ifbd,anger,joy,0.19207957,0.009236294,0.0034305379,0.6858168,0.08480723,0.02462954
ed7ih9j,joy,joy,0.0013739688,0.00031855816,0.00033139656,0.9967141,0.0004360409,0.00082586415
ed7in74,joy,joy,0.0012034005,0.00036277808,0.00042864354,0.99659485,0.0007457089,0.0006646332
ed7iob0,sadness,sadness,0.020885631,0.0063714776,0.0028850674,0.0076532178,0.9596352,0.002569334
ed7j682,anger,anger,0.93338954,0.009033044,0.0014729502,0.0108197145,0.016037876,0.02924693
ed7k2l8,surprise,surprise,0.019707832,0.001224113,0.0012851151,0.017506758,0.0023876927,0.9578884
ed7k2zr,sadness,disgust,0.17116576,0.73045486,0.03357011,0.018945348,0.035464592,0.010399328
ed7kjyz,anger,anger,0.9472887,0.018110102,0.0018454215,0.0064916597,0.010834178,0.01542996
ed7nsgn,joy,joy,0.004182015,0.00044416403,0.00046605163,0.9919956,0.0006192544,0.0022929092
ed7o351,surprise,surprise,0.007975808,0.0007384566,0.0010229007,0.005309437,0.0017317949,0.98322165
ed7oedr,joy,joy,0.0014957989,0.00034632845,0.000346688,0.99632996,0.00048360715,0.0009975339
ed7okk7,joy,joy,0.0168587,0.0013531918,0.00068706064,0.9716063,0.0054064007,0.0040884055
ed7q8la,sadness,sadness,0.031548105,0.0060994667,0.0027225185,0.007888676,0.9443373,0.007403926
ed7qnc8,joy,joy,0.0030668727,0.00082394993,0.00046854847,0.9908332,0.0006194721,0.004187996
ed7r36s,joy,anger,0.9249816,0.00674425,0.0017150578,0.03186544,0.014338328,0.020355266
ed7rdog,fear,fear,0.0068786577,0.0048337784,0.965452,0.007095724,0.0048371335,0.01090268
ed7rdvg,surprise,surprise,0.014458818,0.0011679163,0.002050241,0.12862559,0.0032446436,0.8504527
ed7t6le,anger,disgust,0.4366762,0.4671266,0.013790338,0.03778086,0.03074424,0.01388174
ed7t8y6,joy,joy,0.003311097,0.0007237565,0.00053976115,0.99320227,0.0006011023,0.0016220942
ed7uq8z,anger,anger,0.8275144,0.0605388,0.0069164564,0.01816674,0.0098354705,0.077028126
ed7uvgp,anger,anger,0.7828226,0.07600133,0.0043560523,0.025302522,0.09791275,0.013604695
ed7vich,joy,joy,0.0013983813,0.00039498977,0.0003749673,0.996702,0.00034070126,0.0007888815
ed7vrbb,joy,joy,0.0011594829,0.00034247895,0.0003800201,0.99694926,0.00048781282,0.00068097987
ed7wr4n,sadness,sadness,0.04074609,0.03118598,0.027377035,0.29655293,0.55946136,0.044676617
ed7wzat,joy,joy,0.018261239,0.0009261308,0.0010037957,0.9068085,0.0030930466,0.069907226
ed7x1dv,joy,surprise,0.0104070585,0.0010619756,0.0012357722,0.12955323,0.001846383,0.8558956
ed7y785,joy,joy,0.004366023,0.0007051019,0.0006587809,0.99204856,0.0011113171,0.001110179
ed7yt94,surprise,surprise,0.006923348,0.00094616093,0.0012625529,0.005633816,0.0010707751,0.98416334
ed7zetw,joy,joy,0.0023205506,0.0003575747,0.0004252511,0.9824823,0.0008031349,0.013611237
ed80ht2,anger,surprise,0.19973387,0.0032543621,0.006432776,0.20852843,0.0710846,0.510966
ed81ent,joy,joy,0.0038469855,0.00029685494,0.0004678007,0.9844869,0.0010782745,0.009823237
ed81s2q,joy,joy,0.0012215088,0.00034330797,0.00033382108,0.99692947,0.0005138979,0.00065807626
ed834kd,surprise,surprise,0.0063876696,0.0010515946,0.0012149657,0.0047978577,0.0018519145,0.984696
ed84nf6,joy,joy,0.0012822793,0.00038423337,0.00033359256,0.996666,0.00038428375,0.00094948965
ed84prk,joy,joy,0.059730336,0.0028224078,0.0028210813,0.53637636,0.012247681,0.38600212
ed84ryl,anger,anger,0.89077556,0.003991221,0.0011921729,0.0349837,0.01143328,0.057624064
ed852ln,joy,anger,0.6435356,0.010947661,0.004778304,0.19074877,0.089077495,0.060912095
ed85llg,surprise,surprise,0.004448403,0.00092049147,0.0012225995,0.003142458,0.0017442888,0.9885218
ed8a2j2,joy,anger,0.50203556,0.007721623,0.0024811816,0.46230355,0.00900289,0.016455164
ed8a2zl,fear,surprise,0.009249513,0.00085465115,0.0016853252,0.014227637,0.002381998,0.97160083
ed8a5c4,joy,joy,0.009731546,0.0014565758,0.0012614664,0.6905476,0.0016992532,0.2953035
ed8aq1x,joy,joy,0.003101049,0.00057954836,0.00046406005,0.9933611,0.0017131761,0.0007810391
ed8b4pl,joy,joy,0.0016492393,0.0002931704,0.00032295648,0.99602485,0.0004899133,0.0012198762
ed8c3bc,surprise,surprise,0.012210602,0.0014443523,0.0021350603,0.14611098,0.0024098211,0.8356892
ed8cb35,joy,joy,0.0015212453,0.0004019086,0.0004305302,0.99639446,0.00036207167,0.0008897755
ed8dk2l,joy,joy,0.16898273,0.011687122,0.0027587358,0.55482155,0.03631236,0.22543754
ed8dyzo,anger,anger,0.545497,0.0145319095,0.0053095906,0.38181987,0.02236585,0.030475795
ed8ezdf,surprise,surprise,0.017511515,0.0009363109,0.0011551307,0.02187205,0.0031193404,0.95540565
ed8f6ed,joy,joy,0.0011654944,0.00037543353,0.00043435534,0.99665123,0.00076491426,0.00060859486
ed8ffzr,surprise,joy,0.02788302,0.003403367,0.0014780755,0.9157611,0.0021504888,0.049324024
ed8hpi6,joy,joy,0.0015710697,0.00036094562,0.00038602907,0.99664706,0.00037182978,0.00066303497
ed8j9f1,joy,sadness,0.08802517,0.0077211177,0.0045130057,0.028295267,0.8574305,0.014014893
ed8ja96,anger,joy,0.36123547,0.012346185,0.0041423696,0.45220855,0.08857242,0.08149502
ed8khhp,surprise,joy,0.19310796,0.019953597,0.02427739,0.46017525,0.04922254,0.25326332
ed8kkru,sadness,sadness,0.015055356,0.0044327877,0.0027235772,0.22241995,0.7521193,0.0032490205
ed8kqr6,anger,anger,0.91883045,0.006664646,0.0015677371,0.01021871,0.007898722,0.05481969
ed8l11g,joy,joy,0.018192692,0.0028918139,0.0014352413,0.8368691,0.13714075,0.0034703242
ed8ma5b,joy,joy,0.0019492462,0.00037819313,0.00037604047,0.9959066,0.00047243203,0.0009175907
ed8mfs6,joy,joy,0.0031056746,0.0003894109,0.00032431478,0.99302673,0.0004903629,0.002663606
ed8n4fx,anger,anger,0.83894444,0.09782854,0.0044998266,0.02234697,0.029362371,0.0070179
ed8owug,surprise,surprise,0.008958357,0.00090634375,0.0012358632,0.0051508374,0.0016460066,0.9821025
ed8ph77,joy,joy,0.0016921829,0.0004101068,0.0003620084,0.9960161,0.00059046,0.00092909276
ed8ppdm,sadness,sadness,0.009035668,0.0021297059,0.0012767229,0.012231545,0.9723598,0.002966661
ed8prm1,joy,joy,0.0038896718,0.0005927113,0.0006812898,0.98556757,0.0026018783,0.0066668745
ed8pz0b,surprise,surprise,0.05878863,0.0017978171,0.0010760359,0.028544737,0.003199535,0.90659326
ed8qg1b,joy,joy,0.002581012,0.00047574408,0.00045378786,0.99193317,0.00057774334,0.003978512
ed8qrpt,joy,joy,0.00317285,0.00036114643,0.0003856281,0.9916481,0.0010245866,0.0034077421
ed8r2a0,sadness,joy,0.0062670936,0.00066183315,0.0008918892,0.9753693,0.014179418,0.002630382
ed8r4ip,surprise,surprise,0.008557736,0.0009915354,0.0012677892,0.005657689,0.0012870842,0.98223823
ed8rl4h,sadness,surprise,0.014960696,0.001149365,0.0016541829,0.010935051,0.0062388154,0.96506184
ed8snbd,joy,joy,0.0042380057,0.0004361498,0.00078654115,0.9849465,0.0021473493,0.007445412
ed8srqm,joy,joy,0.0013279194,0.00035987495,0.00036457344,0.9966414,0.00030809373,0.0009981694
ed8t0es,sadness,joy,0.023952993,0.003710148,0.0020659736,0.62455934,0.338751,0.006960473
ed8tc9g,joy,joy,0.0011220556,0.0003206034,0.000361606,0.9970276,0.00040492965,0.000763283
ed8tvqs,fear,joy,0.0055326656,0.0014013083,0.0022754243,0.91160405,0.010533243,0.0686532
ed8v5nu,joy,joy,0.011188651,0.0009616321,0.0005503013,0.9821878,0.0011443588,0.0039671976
ed8vrmf,joy,joy,0.101065055,0.005341247,0.0022704802,0.8381257,0.028496433,0.024701128
ed8w7gr,anger,joy,0.02195753,0.00091014116,0.00092958653,0.94687337,0.00542612,0.023903167
ed8wbdn,joy,anger,0.55617774,0.009631335,0.0028986877,0.39169654,0.02274428,0.016851407
ed8wcui,surprise,surprise,0.1756256,0.003337473,0.0023023128,0.01764734,0.014840247,0.78624696
ed8x2fo,joy,anger,0.88423514,0.010958811,0.002754644,0.054701254,0.023177192,0.024172952
ed8x7f0,sadness,sadness,0.011837299,0.009755016,0.011665677,0.010605449,0.9447094,0.011427109
ed8y73y,joy,joy,0.0011099185,0.0003126083,0.0003028162,0.996566,0.0006693151,0.0010393594
ed8yxv4,joy,joy,0.01042399,0.0009807812,0.0005599568,0.9841829,0.0016445267,0.0022078755
ed906jd,joy,joy,0.00136417,0.00034224198,0.00036906535,0.99668473,0.00037589113,0.00086401385
ed90jf1,joy,joy,0.0012959088,0.00034571346,0.0003597768,0.99692756,0.0003936064,0.0006774411
ed92vsm,joy,joy,0.005176266,0.0008574435,0.00081375556,0.9769315,0.0012086519,0.015012393
ed945nb,anger,anger,0.9276107,0.028679237,0.0020769904,0.010360445,0.027217621,0.004054886
ed94fpa,joy,joy,0.0474374,0.008110334,0.0035893742,0.6937498,0.009844106,0.23726897
ed94pne,joy,joy,0.0013906589,0.0002909804,0.00034351193,0.99493366,0.0009738813,0.0020673317
ed9594m,sadness,sadness,0.008282603,0.0025574476,0.001507788,0.010963603,0.97424185,0.002446735
ed95rgs,anger,anger,0.8100048,0.011457603,0.0019255809,0.106599554,0.026545465,0.043466993
ed95s39,joy,joy,0.0013220052,0.00033004914,0.0004024428,0.9964479,0.0005107696,0.000986776
ed97dbu,surprise,surprise,0.014806487,0.0009916393,0.0010910518,0.00939961,0.0020440375,0.97166723
ed97fbm,surprise,surprise,0.004939036,0.0009284179,0.0015400889,0.009292386,0.0016384603,0.9816616
ed98itb,anger,joy,0.4022664,0.0033928168,0.0015498791,0.50805354,0.02506081,0.059676535
ed9a9an,joy,joy,0.012070422,0.00080834905,0.0004917042,0.9812965,0.0011708776,0.004162144
ed9ax77,joy,joy,0.0024020385,0.0003894515,0.0005545124,0.99244106,0.00042754936,0.0037853913
ed9b84g,fear,joy,0.008059371,0.0022759018,0.0017616609,0.95061004,0.0035228718,0.03377008
ed9bb1e,joy,joy,0.04237715,0.0019504458,0.004069355,0.89195067,0.0033360464,0.056316394
ed9bjy1,anger,anger,0.6112904,0.118335605,0.009170405,0.20634627,0.03823578,0.016621543
ed9bsv5,anger,anger,0.95450836,0.01583256,0.0026079752,0.009788786,0.009324457,0.007937917
ed9d406,joy,joy,0.32056636,0.017749844,0.007732905,0.37848297,0.15826465,0.117203325
ed9draz,anger,fear,0.20593007,0.03483644,0.5769985,0.11729099,0.050240643,0.014703402
ed9du7w,joy,joy,0.013185285,0.0006804848,0.001231117,0.9574687,0.0079512475,0.019483179
ed9dxjx,joy,joy,0.0024574834,0.00043994037,0.0004894661,0.9922482,0.0013929545,0.00297203
ed9el2q,joy,joy,0.012096268,0.0007091863,0.00066910003,0.94099116,0.0014485237,0.044085704
ed9ev0u,anger,anger,0.6625571,0.0068717566,0.003926715,0.03946944,0.03447981,0.2526952
ed9fota,anger,anger,0.48812342,0.00799591,0.002548435,0.01614403,0.009764405,0.4754239
ed9fuw6,joy,joy,0.0010514136,0.00032220513,0.0003584117,0.9971003,0.00038660574,0.00078106375
ed9gnqk,joy,joy,0.0018837923,0.0004662329,0.00038533422,0.99468946,0.0016883364,0.0008868128
ed9hk24,surprise,surprise,0.015413332,0.0014215496,0.0013576052,0.0024727648,0.005809948,0.9735248
ed9i4ms,surprise,joy,0.008475904,0.0013601566,0.0014338441,0.9577078,0.02582345,0.0051988317
ed9i7wi,sadness,sadness,0.031456735,0.004635017,0.005840621,0.065267436,0.8080569,0.08474327
ed9iha9,joy,joy,0.0064869514,0.0006050472,0.0016233147,0.98500246,0.0029749644,0.0033071954
ed9iq25,sadness,joy,0.04738127,0.008275377,0.01044734,0.49330813,0.15566261,0.28492534
ed9iqxx,anger,anger,0.695611,0.009826105,0.00493009,0.010199916,0.036445912,0.24298695
ed9ja2v,surprise,surprise,0.022448163,0.0015383554,0.0014948017,0.0047081555,0.019083848,0.95072675
ed9ke46,surprise,surprise,0.012005148,0.001021286,0.0011003183,0.0048543573,0.0020202382,0.97899854
ed9km8y,joy,surprise,0.019126317,0.0023394572,0.0020142903,0.27960655,0.0023012168,0.69461215
ed9kn4h,fear,surprise,0.16488908,0.18758522,0.21931112,0.102448106,0.045992136,0.27977434
ed9lggf,joy,joy,0.003352291,0.00057153613,0.00042120068,0.9936646,0.00087090314,0.0011195103
ed9ml2t,joy,joy,0.002677189,0.00038490555,0.00038266377,0.993735,0.0010891876,0.00173109
ed9mue6,joy,joy,0.0018775272,0.00034417983,0.00061185803,0.99589044,0.0005781804,0.00069776096
ed9n3uc,joy,joy,0.028978694,0.003504597,0.0015973831,0.7292341,0.2333817,0.003303538
ed9o906,joy,joy,0.0034512896,0.0007965823,0.0005623302,0.9932579,0.00053150475,0.0014004015
ed9p80l,sadness,sadness,0.011070038,0.0023449163,0.0014747626,0.008400977,0.972615,0.004094194
ed9q1ey,joy,joy,0.005320924,0.0004669287,0.00040522305,0.9912962,0.0006112532,0.0018994932
ed9qblv,anger,joy,0.047870245,0.0029357376,0.0034381677,0.91232675,0.01728425,0.016144872
ed9rrmq,surprise,surprise,0.015610027,0.0012696121,0.0025786764,0.059198648,0.005487989,0.9158551
ed9s8qe,fear,fear,0.007675683,0.0066341497,0.9605019,0.0065074535,0.010072902,0.008607983
ed9s9ql,joy,joy,0.002801753,0.00045689952,0.00038908893,0.9940659,0.00071425975,0.001572057
ed9sbjx,joy,joy,0.0014525121,0.00038364518,0.00042943566,0.9965744,0.0005060809,0.00065391324
ed9se1o,anger,disgust,0.19762087,0.72196686,0.020833513,0.009553271,0.044405267,0.005620222
ed9si6l,joy,joy,0.019580182,0.0017421312,0.0016880983,0.9072623,0.005939633,0.063787654
ed9tcta,joy,joy,0.0016409407,0.00035583787,0.00034928828,0.9964785,0.0004917222,0.0006836467
ed9tg67,sadness,sadness,0.03400423,0.0072752605,0.0024921796,0.03166208,0.9168082,0.007758051
ed9tlgg,surprise,surprise,0.0066990554,0.0011834571,0.0012675244,0.010113502,0.0012460557,0.97949046
ed9tny7,sadness,sadness,0.011089024,0.004190365,0.002160278,0.01250638,0.96728444,0.002769406
ed9ugmn,anger,anger,0.8099203,0.12476577,0.004428442,0.020413803,0.033857428,0.0066142487
ed9v2fq,joy,joy,0.0016295838,0.0004344367,0.0005836963,0.9912083,0.004773486,0.001370507
ed9va29,joy,joy,0.011592835,0.0004981055,0.0010853932,0.96705097,0.001971499,0.017801195
ed9vdyn,sadness,sadness,0.0077357795,0.0025787516,0.0013169142,0.005573204,0.9806558,0.0021396817
ed9vlt4,joy,joy,0.03353353,0.003072772,0.0018694231,0.56924623,0.0057327226,0.38654533
ed9vrk8,joy,joy,0.004226953,0.00064649194,0.0006433162,0.96960944,0.0010370746,0.023836648
ed9vzc6,joy,joy,0.03997527,0.0029800616,0.0009326015,0.93999946,0.011479967,0.0046325657
ed9wacu,joy,joy,0.003652042,0.00045751446,0.00040610004,0.99284256,0.00089124416,0.0017505193
ed9wp1v,joy,joy,0.0023387745,0.00033776008,0.00043646793,0.9829539,0.0011490792,0.012784142
ed9x205,joy,joy,0.12920682,0.0056099175,0.0018689679,0.83289254,0.01475544,0.015666308
ed9x6oj,surprise,surprise,0.28608105,0.03055788,0.0058795274,0.026812362,0.034237254,0.61643195
ed9x6ys,joy,joy,0.005389083,0.00045650403,0.00063860195,0.98346853,0.0023895663,0.0076577514
ed9xbtq,surprise,surprise,0.14320937,0.0039166766,0.003122202,0.040528223,0.01675495,0.7924686
ed9xljw,sadness,sadness,0.0069533912,0.0024092165,0.002205895,0.016733598,0.96578896,0.0059090154
ed9yczw,anger,anger,0.6741432,0.0043785414,0.0019646077,0.24549246,0.037604522,0.036416624
ed9yqux,surprise,surprise,0.015822133,0.0012862022,0.0012646298,0.0038151278,0.0021360205,0.97567606
eda0ay3,joy,joy,0.002303992,0.00037834793,0.0002953917,0.9940918,0.0014814106,0.0014489746
eda0l6x,disgust,joy,0.106271245,0.037560377,0.008100356,0.7717003,0.070149004,0.006218659
eda0s71,joy,joy,0.0011271159,0.00034467023,0.00036446325,0.9970203,0.00035056577,0.0007928682
eda0z96,surprise,surprise,0.037356343,0.002378535,0.0019344391,0.0036504902,0.006706318,0.94797385
eda1rzm,joy,joy,0.22522326,0.015666772,0.0038925207,0.68787056,0.058751505,0.008595422
eda1v2b,joy,joy,0.12086926,0.006808007,0.003082956,0.74871445,0.07583994,0.044685394
eda1xr0,joy,joy,0.0013971332,0.00039185773,0.00036778816,0.99566394,0.00067351834,0.0015057924
eda29ux,joy,joy,0.003934421,0.00052478514,0.00042219355,0.990776,0.00056094216,0.0037815748
eda2et3,joy,joy,0.012873373,0.0009768426,0.0005743446,0.9803153,0.0024850073,0.0027751608
eda2j5f,surprise,surprise,0.0054241316,0.0008250826,0.0011068567,0.004439054,0.0015898773,0.986615
eda2ojj,joy,joy,0.0070696645,0.0010039313,0.00053749303,0.987948,0.0017625839,0.0016783032
eda2umi,joy,joy,0.0010985697,0.00028378767,0.00030634823,0.99702114,0.00065213884,0.000638084
eda36is,surprise,joy,0.01273894,0.0010201562,0.0012144117,0.88450956,0.0026680608,0.09784887
eda379g,joy,joy,0.014139821,0.00073098205,0.00049547583,0.98042554,0.0013893786,0.0028187446
eda3kjv,joy,joy,0.0035326143,0.00049348245,0.00068158086,0.98600173,0.0029112706,0.006379391
eda3o0v,surprise,surprise,0.005296347,0.0008581605,0.0010030655,0.007157252,0.0012103168,0.9844749
eda4fz8,anger,disgust,0.23520747,0.66016,0.04573571,0.022818387,0.028541086,0.0075373156
eda5wrg,joy,joy,0.08350304,0.002131035,0.0010424252,0.8988265,0.010115598,0.0043814075
eda6oxu,joy,joy,0.0010594181,0.00027640146,0.0003303502,0.99668354,0.00038737548,0.0012630075
eda6ps6,joy,joy,0.0011982825,0.000350713,0.00046348938,0.9952384,0.00051544124,0.002233646
eda6snp,sadness,disgust,0.15906815,0.34497714,0.053702928,0.022010788,0.34395948,0.0762815
eda72p2,joy,joy,0.0052582882,0.0004099047,0.00037200662,0.99086326,0.0014777934,0.0016187265
eda73bz,surprise,sadness,0.024896946,0.008940069,0.025636787,0.011777961,0.85193163,0.0768165
eda7mhs,joy,joy,0.0015183004,0.0003643316,0.0003501672,0.99650145,0.00033870302,0.00092701364
eda7r6p,joy,joy,0.4186645,0.009162031,0.004987562,0.44166246,0.007262503,0.118260965
eda86hg,joy,joy,0.001316661,0.00030474097,0.00030355313,0.9967084,0.0005446756,0.0008219908
eda8yr3,joy,joy,0.0013532449,0.00035137188,0.00037498437,0.9967175,0.00043451748,0.00076837424
eda94ey,joy,joy,0.002512646,0.00041229144,0.00040657198,0.99516344,0.00079886906,0.0007061932
eda9a2v,joy,anger,0.6157671,0.11072204,0.007206366,0.025775867,0.22476545,0.015763171
eda9o9n,anger,surprise,0.014647979,0.001265604,0.0021149034,0.15732653,0.005001388,0.8196435
edac89h,surprise,surprise,0.039073568,0.0016941329,0.0016469507,0.035753228,0.010434733,0.91139734
edaclnn,sadness,anger,0.47465128,0.24763627,0.011115694,0.032653727,0.20931248,0.02463048
edad65q,anger,anger,0.9375414,0.009060519,0.00271765,0.02163794,0.018181507,0.010860979
edadwra,surprise,surprise,0.0048886705,0.00085758517,0.0012137685,0.006257564,0.0010903622,0.98569214
edae4oq,joy,joy,0.016720938,0.0007493551,0.001143717,0.9600705,0.0055449368,0.015770579
edaeifc,joy,joy,0.0330702,0.0016396592,0.0009878621,0.9555009,0.0035889368,0.0052125533
edaeja3,anger,anger,0.48729023,0.010259173,0.002568875,0.016586965,0.032028474,0.45126632
edaf2k0,joy,joy,0.0011082077,0.00032683092,0.00040590035,0.9958032,0.00035875654,0.0019971638
edafeh3,joy,joy,0.004308809,0.0004669696,0.0004134346,0.99276286,0.00090085116,0.0011469881
edafnd4,joy,joy,0.0027006343,0.00043140256,0.00034598148,0.99502796,0.0007175041,0.0007764117
edafycb,anger,sadness,0.08506414,0.36540943,0.06640555,0.052112807,0.41346607,0.017542008
edagiq0,anger,anger,0.76649714,0.02052935,0.0034294357,0.009952469,0.013057194,0.18653443
edahcsp,fear,fear,0.005896442,0.004388268,0.96385664,0.00877055,0.0060552675,0.011032874
edahfis,anger,anger,0.87157947,0.005304248,0.0020672232,0.087647475,0.009360675,0.024040896
edahpld,joy,joy,0.0012997821,0.00034856875,0.0003693344,0.99680847,0.00059727,0.0005765391
edailua,joy,joy,0.0122728245,0.00067500374,0.00048681538,0.9786168,0.0014695311,0.006479047
edaj4wr,sadness,sadness,0.0076175174,0.0026233369,0.00157335,0.0055218833,0.97796404,0.0046998714
edanfr2,joy,joy,0.0045765485,0.0006793612,0.00047375908,0.99270505,0.0007457852,0.00081953756
edao1af,joy,joy,0.0011135853,0.00027897255,0.00031760315,0.9968945,0.00040987015,0.0009855048
edapcoj,joy,joy,0.0022191696,0.0005291907,0.00061222824,0.99316096,0.0021659923,0.0013124867
edapdmw,surprise,surprise,0.014062701,0.0011343922,0.0011881721,0.008257528,0.0033694888,0.97198784
edapo1l,anger,anger,0.6742669,0.008731439,0.0030889795,0.05499833,0.059562996,0.19935143
edaq4ff,fear,surprise,0.17768227,0.0036311303,0.0066023483,0.11765518,0.26581967,0.4286093
edar26i,joy,joy,0.16212574,0.005592393,0.0016200137,0.80077857,0.022477556,0.007405775
edar45c,sadness,sadness,0.011949689,0.0027171844,0.002183774,0.013696153,0.96572125,0.0037320561
edarftv,anger,joy,0.22896959,0.0032165025,0.0018557708,0.729139,0.015427269,0.021391876
edasil4,anger,disgust,0.21936996,0.33719772,0.020891039,0.08737228,0.28167427,0.053494662
edasvri,joy,joy,0.0020294604,0.00045796874,0.0004273524,0.995874,0.00043863963,0.0007726631
edat20u,joy,joy,0.008856,0.00046709584,0.0005515646,0.98646134,0.0017333346,0.0019306572
edauqtr,joy,joy,0.008275529,0.00042372846,0.00037791583,0.9821817,0.0021160163,0.006624989
edauvy5,anger,anger,0.61250407,0.060171496,0.016318245,0.24181807,0.029736266,0.039451923
edav9d9,joy,joy,0.0021772797,0.00046508314,0.00051777816,0.9942484,0.00058652426,0.0020048956
edawvau,sadness,joy,0.042432353,0.012111668,0.01983373,0.8958178,0.021409635,0.008394812
edawyul,disgust,disgust,0.324874,0.53175354,0.021786792,0.031412456,0.081635654,0.008537552
eday23l,anger,anger,0.43109587,0.028609581,0.038305495,0.23539583,0.20954654,0.05704667
edayn8h,joy,joy,0.0016265716,0.00041781642,0.00040366797,0.99641365,0.00046224523,0.0006760782
edaz1g3,joy,joy,0.0010808451,0.0002941082,0.00032665028,0.996382,0.0011781383,0.00073818734
edb0010,sadness,sadness,0.08057053,0.0069003236,0.018023357,0.016341163,0.8084687,0.06969587
edb05r9,sadness,anger,0.5266346,0.0055940514,0.002803868,0.19047143,0.11862157,0.15587454
edb0aie,joy,joy,0.0023500537,0.00034401988,0.00034175505,0.99299556,0.0008478221,0.0031208212
edb0t57,sadness,sadness,0.14181206,0.029668935,0.0077990037,0.019042788,0.78934914,0.012328099
edb1181,joy,joy,0.00092421327,0.00035953292,0.00035311395,0.99682766,0.0006596924,0.0008757752
edb12rg,joy,joy,0.17125258,0.005376799,0.0026711887,0.5210006,0.052988995,0.24670981
edb2koh,joy,joy,0.17342414,0.015216359,0.011938487,0.45377105,0.25498077,0.09066921
edb32c8,surprise,surprise,0.039662298,0.0020476053,0.0019469502,0.108292975,0.01879873,0.8292514
edb5q30,anger,sadness,0.36698008,0.004182092,0.0031082905,0.074356906,0.51160616,0.03976655
edb82pz,joy,surprise,0.27756938,0.0059856316,0.0061900886,0.17324796,0.02776002,0.5092469
edb8980,anger,anger,0.692104,0.006606455,0.0018556268,0.2762412,0.015965443,0.007227314
edb8jq3,anger,anger,0.92530733,0.02395569,0.0018707565,0.024075758,0.013487083,0.011303252
edb8opj,joy,joy,0.003605549,0.0007100356,0.0005456327,0.9829921,0.0005633388,0.011583327
edb9chd,joy,joy,0.15230082,0.009494715,0.002161587,0.7457309,0.063887484,0.026424533
edb9iph,joy,joy,0.0022743358,0.00041610055,0.00035663438,0.9954418,0.00041998245,0.0010911836
edb9zcg,surprise,surprise,0.008631114,0.00080252433,0.0014784251,0.00433538,0.0045982474,0.98015434
edbbnj9,joy,joy,0.026212467,0.0019652545,0.0008958556,0.9655695,0.0029095758,0.002447417
edbbwc0,surprise,surprise,0.04682234,0.002204295,0.001997991,0.025876004,0.026938241,0.8961611
edbc6cb,joy,joy,0.002154258,0.00037579756,0.00045288855,0.99217004,0.0005137102,0.004333401
edbc6vs,anger,anger,0.68715507,0.0061202166,0.0024528713,0.00902822,0.021622118,0.27362153
edbd221,anger,sadness,0.1640427,0.010458081,0.009346456,0.15203945,0.41615444,0.24795891
edbdkc0,surprise,surprise,0.042069152,0.0017721708,0.0021344498,0.15214135,0.004260676,0.7976222
edbdtxe,joy,joy,0.3117111,0.0053254343,0.01584009,0.56549543,0.011436707,0.09019116
edbfrmc,surprise,surprise,0.012611556,0.0027326383,0.0034992148,0.22803324,0.030484892,0.7226384
edbger6,joy,joy,0.014479044,0.0011484049,0.0012106348,0.96135324,0.0013419992,0.020466626
edbgls5,sadness,sadness,0.016932901,0.0034944965,0.0016840388,0.004243696,0.9667459,0.0068989308
edbh6xs,joy,joy,0.0068694525,0.0024347077,0.0017975434,0.9841266,0.0010231009,0.0037485126
edbhhsz,surprise,surprise,0.008302196,0.00086396746,0.0011226829,0.006769598,0.0013564553,0.98158514
edbhp4a,joy,joy,0.038619377,0.003993375,0.0063710543,0.66144925,0.012190772,0.27737617
edbi2sj,joy,joy,0.0038689482,0.00055553234,0.0006865024,0.9898936,0.002972714,0.002022579
edbij5y,joy,joy,0.0021173926,0.0004598045,0.00041888622,0.99531746,0.00062648376,0.0010599808
edbj7q5,surprise,surprise,0.004150811,0.0008780587,0.0014876588,0.0041018804,0.0015809465,0.9878006
edbj8cc,joy,fear,0.008461058,0.0046330173,0.94944483,0.017397402,0.009451783,0.010611943
edbkh9e,anger,anger,0.9430134,0.008075553,0.0020977256,0.01904291,0.0070455777,0.02072483
edbkwjs,joy,joy,0.0010685859,0.00040093262,0.00045316687,0.99700433,0.0004302698,0.00064270286
edblvyy,joy,joy,0.002598814,0.00041714613,0.00036129093,0.99380517,0.0011148961,0.0017026169
edbnqz4,joy,joy,0.0012342911,0.0004068632,0.0004356646,0.9967314,0.0005110952,0.0006806974
edbo3pj,joy,joy,0.0074672136,0.00075885927,0.0005190834,0.9874844,0.0010472317,0.0027232454
edbopoo,joy,joy,0.0023121354,0.00032291387,0.0003865971,0.99502474,0.00062008837,0.0013335997
edbpaxt,sadness,sadness,0.038754188,0.0034825455,0.0014728275,0.021554157,0.92987615,0.004860027
edbrmlc,joy,joy,0.0011004845,0.00036156666,0.0003515955,0.9969771,0.00053687865,0.0006723834
edbs01s,surprise,surprise,0.0071626413,0.0010067874,0.001291634,0.0039572273,0.0012805965,0.9853011
edbs60w,joy,joy,0.021922745,0.00076874025,0.00055857823,0.96954554,0.0016219814,0.005582388
edbs9ek,joy,joy,0.0015038996,0.00032281745,0.00032086478,0.99619067,0.00060389645,0.0010577779
edbsb5d,joy,joy,0.0014167794,0.0003640357,0.00036049227,0.9962937,0.0006359836,0.0009289729
edbtn4k,surprise,surprise,0.062112745,0.0024604662,0.0012886912,0.028051648,0.0067766835,0.8993097
edbtv81,joy,joy,0.11997755,0.0031183383,0.001480765,0.8504811,0.016968532,0.007973762
edbufq5,sadness,sadness,0.007927722,0.002715482,0.002233306,0.021627089,0.961019,0.0044773933
edbuhuq,joy,surprise,0.24791437,0.004095102,0.0053366493,0.30695307,0.01969134,0.4160095
edbv52u,joy,anger,0.6501513,0.020854736,0.002511682,0.25962576,0.021068515,0.04578795
edbvk03,sadness,fear,0.024784274,0.0073651006,0.70989996,0.14873207,0.08195495,0.027263725
edbwqxk,sadness,surprise,0.038007934,0.004970558,0.008276425,0.072970994,0.36942583,0.5063482
edbyfsl,sadness,sadness,0.032222442,0.0074882773,0.0057618525,0.023133805,0.92618984,0.0052038343
edc00ec,joy,joy,0.0012580986,0.0003396178,0.0004999386,0.99264705,0.00063414,0.0046211747
edc0k4g,joy,joy,0.0024831675,0.00048673592,0.00051228475,0.99261886,0.00059965986,0.003299355
edc1215,joy,joy,0.0051727104,0.00046904632,0.0003621194,0.98936266,0.0015602161,0.003073332
edc31f3,joy,joy,0.06888661,0.0027239844,0.0035159574,0.83614874,0.020019172,0.068705566
edc32e2,joy,anger,0.4106392,0.0074175405,0.0029042356,0.1408812,0.1104866,0.32767132
edc37yv,anger,disgust,0.32804814,0.49684414,0.015833806,0.045100957,0.10469871,0.009474229
edc3l8g,joy,joy,0.0102184815,0.0009898323,0.0005367488,0.9844461,0.0020829614,0.0017258726
edc3sra,joy,joy,0.0042384206,0.00085396157,0.0015188134,0.9755687,0.009379447,0.008440629
edc4l1j,fear,joy,0.2603703,0.02497332,0.25233608,0.34745064,0.0120788505,0.10279076
edc4l2f,surprise,joy,0.07723944,0.018300606,0.03016229,0.5061478,0.060179606,0.30797023
edc4t6p,anger,anger,0.87200445,0.015071202,0.0025916977,0.0392473,0.022893004,0.04819231
edc664g,joy,joy,0.0010272748,0.00034119646,0.0004282704,0.9969863,0.0004937791,0.00072306074
edc7t96,anger,anger,0.78362936,0.016780583,0.009913828,0.16925728,0.012200061,0.008218942
edc82vb,joy,joy,0.01977765,0.0013885603,0.0016370782,0.9127412,0.03208527,0.03237029
edc8gjx,joy,joy,0.002697009,0.000396923,0.0004594409,0.99375945,0.000674024,0.002013126
edc8obg,joy,joy,0.0030434805,0.00046590483,0.0003495153,0.9941081,0.0006465685,0.0013864718
edc8vp2,sadness,joy,0.15860437,0.0061497474,0.0049907286,0.49126384,0.118292816,0.22069845
edc97k2,anger,anger,0.847996,0.0069538155,0.0022444276,0.009522735,0.068155,0.06512807
edc97vm,anger,anger,0.5603804,0.010097992,0.024080712,0.27885854,0.0504392,0.07614315
edc99tj,anger,anger,0.42566422,0.009396993,0.0029444403,0.1264092,0.062680446,0.37290475
edcb15c,joy,joy,0.0011177683,0.00038731,0.00042205444,0.99673706,0.00032988747,0.0010058942
edcb1xh,joy,joy,0.027505934,0.004251765,0.002574901,0.79188216,0.006643313,0.16714196
edcbdr7,joy,joy,0.002874237,0.0006058446,0.00070370815,0.98957366,0.002058488,0.0041840607
edcbftr,joy,joy,0.0014922285,0.00034003053,0.00036284694,0.9960342,0.00048629128,0.0012844177
edcbp40,anger,anger,0.9166001,0.018773794,0.001723167,0.012628554,0.040241186,0.010033221
edccc9t,surprise,surprise,0.013273831,0.0009811111,0.0013620359,0.0064628986,0.0036517014,0.9742683
edcd3k2,joy,joy,0.005462883,0.0005536858,0.00045572437,0.9902806,0.0010155841,0.0022315008
edcdbo8,disgust,anger,0.4932512,0.2324688,0.009611005,0.049738348,0.19838361,0.016546967
edcdy5e,surprise,surprise,0.08983653,0.0038751992,0.004559504,0.019813115,0.39801112,0.48390448
edce83s,surprise,surprise,0.065566994,0.0027294152,0.0018119941,0.050960433,0.0073663513,0.87156487
edcey51,joy,joy,0.012501189,0.0006435124,0.00213808,0.9688194,0.010733317,0.0051644426
edcfv20,joy,joy,0.0076320022,0.000700051,0.00063715334,0.97956115,0.0025240467,0.0089456
edcg0uu,joy,joy,0.005978351,0.0010657085,0.0012686881,0.9317633,0.0017836855,0.058140315
edchv04,surprise,surprise,0.013893476,0.0021637569,0.004385343,0.015829695,0.033204246,0.9305235
edckbco,sadness,anger,0.90821886,0.007647309,0.0021641403,0.019465404,0.028470805,0.034033455
edckk6p,sadness,sadness,0.012056171,0.0024311193,0.0015813856,0.0067820554,0.97036797,0.0067812437
edcl4gl,joy,joy,0.0017862836,0.0003970691,0.00037253942,0.99608576,0.00040945213,0.0009488369
edcl7vt,joy,joy,0.013614667,0.000916711,0.00069953786,0.9778867,0.001642998,0.0052394364
edcltjm,joy,joy,0.0026668466,0.0004391288,0.00041333766,0.99366945,0.00043175914,0.0023795064
edclxfh,anger,anger,0.75096756,0.048166562,0.0029425507,0.02143796,0.16251971,0.013965704
edclzyv,joy,joy,0.0016351147,0.00046371872,0.00049145473,0.9953967,0.0003012843,0.0017117079
edcm44d,joy,sadness,0.13206908,0.022260955,0.16777164,0.17595038,0.4114641,0.090483844
edcmhdm,sadness,surprise,0.040678233,0.010258621,0.03559974,0.04992515,0.29321334,0.5703249
edcnlhd,anger,surprise,0.10575642,0.0030224079,0.0041150767,0.027811237,0.057428896,0.80186605
edcnsgk,joy,joy,0.0033396273,0.0005658455,0.00058277615,0.99139094,0.0009694214,0.0031513926
edco2wn,joy,joy,0.007528564,0.0009049039,0.0005009137,0.98564166,0.0029029672,0.0025209864
edcoull,joy,joy,0.0016518673,0.00033769011,0.00031420455,0.99622065,0.00039518543,0.001080395
edcpx85,joy,joy,0.008400658,0.0008140454,0.0012279212,0.9750856,0.008007963,0.006463788
edcq85a,joy,joy,0.027516684,0.0050392365,0.002256868,0.95882607,0.0030860899,0.0032750622
edcqf5m,sadness,sadness,0.0066133756,0.0030291856,0.0017519899,0.0053737042,0.98150957,0.0017221996
edcqldi,joy,joy,0.0023839457,0.000456733,0.00037048856,0.995323,0.00032528673,0.0011405776
edcqznz,joy,anger,0.555259,0.0038639752,0.004569296,0.29889533,0.10157252,0.035839856
edcrbbw,joy,joy,0.0023296187,0.00051539775,0.00040503015,0.9946131,0.000564077,0.001572672
edcs9ap,anger,joy,0.3181208,0.0023748411,0.004231642,0.603988,0.013078765,0.05820589
edcsadm,anger,anger,0.9001253,0.011832984,0.00193808,0.006249523,0.010241649,0.069612384
edcsp2t,fear,fear,0.0072955256,0.004616515,0.95855814,0.011071545,0.009616644,0.0088416105
edcsxvx,anger,anger,0.52310866,0.012954905,0.0033621846,0.008673988,0.41301507,0.038885195
edcsyti,joy,joy,0.004201256,0.00073261705,0.00062647834,0.95389175,0.0007658218,0.03978216
edct2hw,joy,joy,0.0022890852,0.0003607824,0.00030389676,0.9945087,0.0007490561,0.0017885072
edcunta,sadness,sadness,0.061737183,0.003975538,0.0042264974,0.008026745,0.912078,0.009956073
edcvq7k,surprise,sadness,0.28206876,0.025007928,0.0053283377,0.09782983,0.55574334,0.034021776
edcwcxl,joy,joy,0.0013521931,0.00035963865,0.00041790053,0.9966654,0.00040891246,0.0007958881
edcxf38,joy,joy,0.00289051,0.00037374313,0.00053519796,0.9923994,0.0021985406,0.0016025886
edcy0mu,joy,joy,0.002204389,0.0004642477,0.0004096565,0.9945128,0.00043810086,0.00197079
edcyblz,joy,joy,0.0016405341,0.00031016057,0.00029817896,0.9960616,0.0005633437,0.0011260951
edd0e85,joy,joy,0.0044501373,0.0009680294,0.0006519353,0.9864478,0.0009553518,0.006526759
edd0f8h,surprise,surprise,0.027113236,0.0049988343,0.012179588,0.28908888,0.033328176,0.6332913
edd0jx1,joy,joy,0.0026823347,0.00035637824,0.0003488426,0.9948691,0.0007939893,0.0009493808
edd0lc6,joy,joy,0.003689148,0.000486328,0.0005143523,0.9907996,0.0013412723,0.003169254
edd2mqr,anger,anger,0.7051583,0.031075796,0.01300845,0.18193619,0.037489276,0.031331982
edd33xq,surprise,surprise,0.005202183,0.0007866393,0.0010753586,0.019118099,0.0010724424,0.9727452
edd3hn8,sadness,sadness,0.03491705,0.013719043,0.0076576094,0.33258784,0.60025215,0.01086625
edd6qi9,joy,joy,0.0068462766,0.000846085,0.0005191737,0.98862386,0.00083456474,0.0023300946
edd7i8r,anger,anger,0.9237688,0.030128874,0.0019019754,0.015777677,0.016321154,0.012101452
edd7mc3,surprise,anger,0.7996945,0.004804827,0.0019877986,0.041175105,0.009092963,0.14324477
eddasw8,joy,joy,0.008317985,0.0010914141,0.0006327352,0.9856678,0.0020043617,0.0022856512
eddb18s,joy,joy,0.0033553396,0.00038634567,0.00042635825,0.9896172,0.0028280471,0.0033867264
eddbaz6,surprise,surprise,0.004275026,0.0006108052,0.0010877083,0.010903963,0.0011741095,0.9819484
eddbgmp,surprise,surprise,0.009308042,0.0011875122,0.0014616683,0.0058055324,0.0033277425,0.97890943
eddd9oc,anger,joy,0.38177162,0.017797945,0.0045208237,0.50613064,0.06390824,0.02587074
edde3zh,joy,joy,0.004436178,0.00047117987,0.00038238746,0.9818772,0.0016555703,0.011177521
edde6k4,sadness,sadness,0.012030111,0.00307899,0.0013463496,0.0064100777,0.97520643,0.001927972
eddfuuq,joy,joy,0.01606357,0.0011326643,0.0013458194,0.9693639,0.002506867,0.009587057
eddhg5e,joy,joy,0.0018719182,0.00055047724,0.0006504515,0.99090743,0.0005820524,0.0054376554
eddiw7j,joy,joy,0.21678962,0.004725922,0.013061363,0.5506431,0.16647226,0.048307683
eddj6h7,joy,sadness,0.043594703,0.004969193,0.0049404567,0.07341846,0.83246595,0.040611204
eddlcoz,joy,joy,0.005871183,0.0005625238,0.0005660537,0.98832697,0.0013156119,0.0033575788
eddlms9,sadness,sadness,0.083550856,0.15465194,0.012657707,0.018828075,0.7207984,0.009513036
eddlqd3,joy,joy,0.0013306218,0.0004014439,0.00038825208,0.9967926,0.00044088054,0.0006461745
eddmawp,surprise,surprise,0.03926482,0.0018791085,0.001903357,0.008446639,0.017963042,0.930543
eddn2u3,anger,anger,0.9214648,0.009815421,0.002829294,0.016701635,0.02794115,0.021247717
eddo15s,anger,anger,0.91524076,0.006300756,0.0019149173,0.053909134,0.0059641413,0.01667038
eddoi5r,joy,joy,0.012162196,0.00058773044,0.0007797472,0.97912014,0.0018970451,0.005453118
eddqi93,joy,joy,0.0014306783,0.0004417019,0.0004211199,0.9961998,0.0004198421,0.0010868513
eddrt3j,joy,joy,0.0150833465,0.0009666179,0.00068001373,0.97670674,0.0020258313,0.0045375405
eddt244,sadness,sadness,0.010850635,0.0020494254,0.0012272694,0.009952674,0.97073066,0.0051894197
eddtem6,joy,surprise,0.3178181,0.009039446,0.0043886104,0.17339873,0.11182229,0.38353288
eddua1w,joy,joy,0.009713893,0.0008614543,0.0005702995,0.98206675,0.0012439332,0.0055436124
eddvlos,joy,surprise,0.031384,0.0026144343,0.0028340335,0.20483018,0.008225871,0.7501114
eddyedw,anger,anger,0.8792173,0.046483077,0.003544501,0.023650484,0.03843702,0.008667642
eddyopo,joy,joy,0.011438379,0.0012526985,0.0025940863,0.92345345,0.01750967,0.04375166
ede0cfe,joy,joy,0.00162983,0.0003562469,0.00040059665,0.99445456,0.0002769493,0.0028817484
ede0hwl,sadness,sadness,0.008098426,0.004410109,0.0032217158,0.0039729415,0.9781316,0.0021653061
ede0xwo,joy,joy,0.008421089,0.00068187184,0.0007792287,0.98131645,0.005070328,0.0037310168
ede2n97,sadness,surprise,0.047494683,0.007703368,0.017803604,0.062628016,0.33272687,0.5316434
ede3956,joy,joy,0.02600589,0.0014072893,0.001293422,0.946741,0.015685074,0.008867287
ede3vyo,joy,joy,0.0038279162,0.0003979253,0.00038695108,0.9897138,0.0010431521,0.0046303086
ede44x0,joy,joy,0.0024266806,0.0004605171,0.0004311532,0.99363,0.000696707,0.0023549148
ede4d2y,joy,joy,0.0014028397,0.0003620145,0.0003919041,0.9958079,0.0015070488,0.00052827824
ede4eb7,joy,joy,0.0039972574,0.00060778786,0.0005402765,0.98628753,0.0007800353,0.0077871084
ede5awv,surprise,surprise,0.02298581,0.0018540078,0.0014409219,0.013240675,0.0019041032,0.95857435
ede5fb8,surprise,joy,0.008685994,0.000920427,0.0009104948,0.93095887,0.0022239143,0.05630032
ede79xe,fear,fear,0.009500723,0.0056466036,0.92659813,0.010849768,0.0044468227,0.042957954
ede7nap,joy,joy,0.0010744892,0.00035227477,0.00037320875,0.99712723,0.00036259356,0.00071010453
ede7p7v,joy,joy,0.010123809,0.0009186048,0.00047960604,0.98601973,0.0010622254,0.0013960367
edea6k4,joy,joy,0.16604401,0.0034120781,0.0027630583,0.6893534,0.04880154,0.089625865
edeavts,sadness,sadness,0.06807484,0.01959238,0.007295619,0.018526815,0.8718242,0.01468601
edebf9q,joy,joy,0.0020225723,0.00041741002,0.00032902413,0.99554414,0.0005491369,0.0011377897
ededup0,anger,anger,0.6671287,0.011233938,0.0064374674,0.09764528,0.16328941,0.05426514
edefa67,anger,sadness,0.3224526,0.17893763,0.020361697,0.0726564,0.38491,0.020681638
edeff0w,joy,joy,0.0045008464,0.0006625969,0.00053786044,0.9919887,0.0012159345,0.0010940123
edefvxi,joy,joy,0.025560655,0.0043443004,0.0024861712,0.9609689,0.002104221,0.004535749
edefxih,joy,joy,0.0020161385,0.0003516364,0.00044696816,0.9900765,0.0010332582,0.0060755443
edefxlz,joy,joy,0.026695244,0.0010550906,0.0009472842,0.92711234,0.005332759,0.03885721
edegxpq,joy,joy,0.09446054,0.004699751,0.0028853763,0.65072477,0.013531654,0.23369798
edeh7a0,joy,sadness,0.0368489,0.008635598,0.010478683,0.08398116,0.8123,0.047755674
edehf77,sadness,sadness,0.043156967,0.0051773814,0.002330743,0.008574283,0.92195684,0.018803779
edehggx,surprise,surprise,0.0305519,0.0017551802,0.0020901642,0.29480076,0.0031564601,0.6676456
edejkal,anger,anger,0.85194886,0.016745098,0.004876158,0.053335223,0.028671922,0.044422794
edem2rf,joy,joy,0.0038886773,0.0004577381,0.0004882982,0.99185115,0.00205026,0.0012638313
edem7oj,sadness,sadness,0.044275414,0.01224763,0.0032139735,0.0050144885,0.93129045,0.0039581107
edenasb,joy,joy,0.00295809,0.00045533036,0.00040449225,0.9946971,0.0007593683,0.0007255924
edeopai,surprise,surprise,0.016054451,0.0014842107,0.0012358978,0.022499457,0.0074200025,0.9513059
edeoy0e,anger,anger,0.9533183,0.010780605,0.0013312753,0.0103178155,0.016122125,0.008129938
edep4fo,joy,joy,0.006152526,0.0006951131,0.00078363647,0.98089373,0.0015453028,0.009929683
edepc9e,joy,joy,0.0014764521,0.0003722179,0.00036449506,0.99649787,0.0005986529,0.00069020415
edepdmb,joy,sadness,0.08862381,0.012125424,0.010945813,0.04064022,0.84233654,0.0053282585
edeq9vx,joy,joy,0.0015984115,0.00037166427,0.00038728284,0.9965593,0.00041435874,0.0006689411
edeql27,disgust,joy,0.23796135,0.0095687695,0.002665048,0.72286993,0.013659784,0.01327503
eder9of,joy,joy,0.001886364,0.00033525508,0.00033662436,0.99343324,0.0004139309,0.0035946222
edeu7ff,joy,joy,0.0009796087,0.00033064713,0.00031665812,0.99695754,0.0007195293,0.0006960668
edev1wi,joy,joy,0.004711028,0.00048718677,0.0006132996,0.9851717,0.0048584472,0.0041583814
edeva3y,surprise,sadness,0.07164064,0.0127815055,0.0023416386,0.004481004,0.8924235,0.016331641
edevom9,joy,joy,0.0010222717,0.00037287895,0.00043672405,0.9971163,0.00047504948,0.0005767136
edewppy,surprise,surprise,0.0236516,0.0011863839,0.0017421766,0.01433109,0.0055560754,0.95353276
edewrth,surprise,surprise,0.031879205,0.0018519934,0.0018717835,0.2841486,0.006468729,0.6737798
edewwds,joy,surprise,0.03993553,0.002949256,0.0029894686,0.28310376,0.008925782,0.6620962
edexsoz,sadness,sadness,0.17065296,0.022803493,0.0033232754,0.018348014,0.7712149,0.013657281
edeyrtv,anger,anger,0.4563882,0.0065379017,0.003025144,0.042533424,0.4492318,0.042283535
edez10j,joy,joy,0.0067944024,0.0006512333,0.00055167533,0.98478436,0.0023823034,0.0048360536
edf0czg,surprise,surprise,0.11973253,0.008899917,0.0037819038,0.19081594,0.070829794,0.6059399
edf1zmd,joy,surprise,0.028938865,0.0043651066,0.0033750427,0.07099234,0.018303815,0.87402475
edf2ecc,joy,joy,0.0030525858,0.00046947825,0.00033924347,0.99347335,0.0004503586,0.0022149982
edf2vqm,joy,joy,0.01246088,0.0007353742,0.001095588,0.9788248,0.0029674398,0.003915885
edf2wbv,sadness,anger,0.6495403,0.13595885,0.005783393,0.029331604,0.15847096,0.020914862
edf3kd3,surprise,surprise,0.008416794,0.001046203,0.0011518169,0.0031058157,0.0017134515,0.9845659
edf3yr9,joy,joy,0.0019557455,0.00047467454,0.00045983674,0.99585295,0.0003987636,0.000857984
edf5mde,joy,joy,0.1645975,0.002794358,0.0025978507,0.7397759,0.024747623,0.06548684
edf5q4c,joy,joy,0.010095419,0.0010044412,0.0018817463,0.96714014,0.018163811,0.0017145266
edf5yxh,joy,joy,0.037197568,0.0019880624,0.0017532094,0.8570753,0.01133215,0.09065374
edf65h3,anger,joy,0.19741355,0.0023709699,0.0045767566,0.7050521,0.019950408,0.07063619
edf6jmm,joy,joy,0.0015220111,0.00035094,0.000505046,0.9956566,0.0003965722,0.0015687249
edf702j,fear,sadness,0.09325741,0.02597254,0.059631452,0.092352495,0.6286834,0.10010269
edf74ta,joy,joy,0.023380626,0.0046196464,0.0016958253,0.9555503,0.011767522,0.0029860563
edf8z2z,joy,joy,0.010851162,0.0014297432,0.003645244,0.68340576,0.03904076,0.2616274
edf952j,joy,joy,0.0021002283,0.00058908394,0.00046698877,0.99364424,0.0004199485,0.0027796056
edf9gty,joy,joy,0.002283431,0.00037906624,0.00034694944,0.99522394,0.0005756212,0.0011910605
edfam25,anger,anger,0.6027678,0.011396471,0.0032852932,0.038774617,0.035450652,0.30832514
edfbah7,joy,joy,0.0011710166,0.00033211615,0.000346555,0.9967315,0.00064641645,0.00077247235
edfcvos,joy,joy,0.03410991,0.003520344,0.0047127176,0.8984533,0.01684857,0.04235515
edfcwf8,anger,anger,0.9578375,0.011191251,0.001758462,0.010681243,0.0077495724,0.010781922
edfd1vj,joy,joy,0.010968293,0.0016172503,0.0010594914,0.8989726,0.0016256112,0.0857568
edfd4gr,joy,joy,0.0072579933,0.0008391456,0.0011213731,0.98475766,0.0019591406,0.004064708
edfdj9k,joy,joy,0.004720572,0.0005896164,0.00041784038,0.99182874,0.0013246825,0.0011184739
edfdx5a,joy,joy,0.0021156627,0.00039226192,0.00037569043,0.99547076,0.0007842627,0.00086140534
edfeuuv,joy,joy,0.0022754658,0.00036076322,0.00034797646,0.9938519,0.00067852216,0.0024853903
edffez0,joy,joy,0.0024812033,0.00045530716,0.0003783798,0.9950454,0.0004886371,0.0011509877
edffo3n,joy,joy,0.0015210531,0.0003973986,0.00054636033,0.9880212,0.00080786756,0.008706161
edfgs9s,joy,joy,0.11353958,0.0030817194,0.00182523,0.761476,0.035677068,0.08440043
edfgzjv,joy,joy,0.044534784,0.0041329223,0.0011531006,0.9168525,0.013523981,0.019802772
edfhekv,joy,joy,0.0017497763,0.00043021017,0.0003576471,0.9963581,0.00040576493,0.00069849927
edfhken,joy,joy,0.060817637,0.0023978113,0.0015500062,0.91322386,0.008971223,0.013039479
edfiam5,joy,joy,0.0012763282,0.0004023799,0.00041658495,0.9965407,0.00053243776,0.0008315712
edfj5c6,fear,anger,0.58296174,0.04317192,0.23408185,0.07466839,0.036384534,0.028731609
edfjjk2,fear,fear,0.011733544,0.006526246,0.94473755,0.013080705,0.0059223147,0.017999586
edfl5gw,sadness,sadness,0.008430587,0.0023140733,0.0012813074,0.011192322,0.9745564,0.002225376
edfle0y,joy,joy,0.0013442053,0.00041201798,0.00041129367,0.9951509,0.0019685242,0.0007130036
edfm1oo,joy,joy,0.0017747431,0.00041003383,0.00055724115,0.99246466,0.00080832053,0.003984936
edfmaua,joy,joy,0.0055731367,0.0015707869,0.0008817886,0.9869624,0.000568012,0.0044438774
edfmylu,anger,surprise,0.005842139,0.0009123595,0.0010968975,0.014183001,0.0012265582,0.97673905
edfn2ec,joy,joy,0.003468727,0.00041117144,0.00039508086,0.99203956,0.0005564282,0.003129115
edfn75p,surprise,surprise,0.026585504,0.0013991515,0.004364716,0.035013966,0.017291153,0.9153455
edfnbbo,joy,joy,0.0014734543,0.00035080846,0.0003514132,0.9964972,0.0004705795,0.0008566307
edfnmh1,joy,joy,0.002083015,0.00042999155,0.00037282077,0.99574924,0.00042660485,0.00093826413
edfnu8s,surprise,anger,0.572381,0.008491185,0.0089914,0.2137845,0.024306046,0.1720458
edfnx43,joy,joy,0.0009345455,0.00032119857,0.0003645967,0.9971956,0.0005676847,0.0006164031
edfofyb,sadness,sadness,0.010281817,0.0029640645,0.0033180485,0.041040402,0.93970466,0.002690987
edfp85x,joy,joy,0.0054803537,0.00083220494,0.00071137096,0.9866237,0.0009935154,0.0053589027
edfqcdj,joy,joy,0.006621687,0.0007687286,0.0005015021,0.98714954,0.0008157967,0.004142823
edfquym,joy,joy,0.1635826,0.010048376,0.002253325,0.79332626,0.023393631,0.007395851
edfrs3s,joy,joy,0.0025131963,0.0003952263,0.0003736286,0.9953112,0.00046740897,0.0009393564
edfrxxn,sadness,anger,0.83359855,0.01229976,0.0028817158,0.025649568,0.11316409,0.012406304
edfsmzk,anger,anger,0.88542074,0.032894515,0.003409716,0.017794678,0.047443327,0.0130370585
edfth7l,surprise,surprise,0.12653598,0.00320146,0.003067235,0.079294756,0.008290484,0.77961004
edftz5l,anger,joy,0.117393106,0.011135445,0.013670376,0.43233785,0.095662065,0.32980114
edfulxp,anger,anger,0.93010265,0.034883406,0.0024379345,0.008938591,0.015659539,0.007977781
edfvlne,joy,joy,0.012069523,0.00105541,0.0009799785,0.9346782,0.0036710736,0.047545817
edfvqyv,joy,joy,0.007276936,0.0008441514,0.0005352304,0.98804504,0.0021085227,0.0011900469
edfwjqh,joy,joy,0.119264215,0.0050775004,0.0020696267,0.8114574,0.007911699,0.054219462
edfwrbv,joy,joy,0.025709393,0.0009149941,0.0007663873,0.96240216,0.0035134966,0.006693595
edfxafa,joy,joy,0.0018387315,0.00035774658,0.00042850606,0.9960192,0.00056748564,0.0007883493
edfyjjq,anger,sadness,0.10551403,0.031672552,0.004468793,0.026898352,0.82605773,0.005388445
edfzo35,joy,joy,0.003576321,0.0005303134,0.00050325796,0.99186534,0.0014756531,0.0020490454
edfzynr,surprise,surprise,0.12140035,0.0078461645,0.016188337,0.25923178,0.22668332,0.36865005
edg0kxt,surprise,surprise,0.034251302,0.002441141,0.0023859774,0.003970602,0.060624734,0.89632636
edg181p,joy,joy,0.0012465343,0.0003832844,0.00037954765,0.99685955,0.00054034987,0.0005907188
edg3iuw,surprise,surprise,0.020786937,0.004839417,0.007886551,0.030980688,0.14565976,0.7898467
edg4myq,joy,joy,0.0019353483,0.0004458976,0.00041052068,0.9951338,0.00077571376,0.0012986512
edg5atb,joy,joy,0.003716372,0.0005090781,0.00038302725,0.98216563,0.0007567778,0.012469091
edg5m8h,joy,joy,0.0047363397,0.00057462597,0.0004968287,0.9873273,0.0010396234,0.005825342
edg70z1,sadness,anger,0.38131526,0.010832358,0.009364292,0.20597328,0.36161143,0.03090341
edg773x,sadness,sadness,0.026334045,0.0072504645,0.003538734,0.07074972,0.8661581,0.025968894
edg7cdt,joy,sadness,0.026278997,0.015248369,0.026020769,0.013344446,0.9113567,0.0077506835
edg82fp,joy,joy,0.0020817958,0.0004843373,0.0005926366,0.98695797,0.00044548744,0.00943766
edg8be9,joy,joy,0.001089806,0.0002914784,0.000345292,0.99714714,0.0005090746,0.000617144
edg8cja,disgust,disgust,0.044536944,0.8809704,0.048506875,0.006355523,0.011795294,0.00783503
edg91z0,joy,joy,0.0011698834,0.00034228154,0.00032499287,0.9970294,0.0004622295,0.00067116914
edg9c4n,anger,anger,0.66898334,0.04108582,0.006119217,0.19057836,0.061434485,0.031798758
edga1d6,joy,joy,0.055168252,0.002677878,0.0021895634,0.88725036,0.022280304,0.030433543
edgbnbr,surprise,surprise,0.013351464,0.0010418716,0.0013042226,0.0063733635,0.004247108,0.973682
edgbr1e,joy,sadness,0.099807546,0.0042645377,0.0044022193,0.25041234,0.61944133,0.021672016
edgd1ae,disgust,anger,0.516674,0.33281296,0.011740826,0.044190127,0.086340606,0.008241494
edgdqvo,joy,joy,0.013555659,0.0015363035,0.0016016698,0.93931437,0.004260652,0.03973135
edge30h,anger,joy,0.25035337,0.0058168825,0.0059695407,0.60324997,0.031823307,0.10278691
edgfsp5,joy,joy,0.03955087,0.0056741317,0.0045067295,0.62987524,0.011601071,0.30879197
edggv4z,anger,anger,0.47450942,0.24079856,0.026926726,0.077904366,0.11715241,0.06270851
edghg5t,joy,anger,0.7211934,0.011387095,0.0033970762,0.062037315,0.05270098,0.14928423
edghrs5,sadness,joy,0.031458028,0.0032705995,0.0020263698,0.7306208,0.01348451,0.21913965
edghuxg,joy,joy,0.0032833642,0.0006125222,0.0005212945,0.99083835,0.0005656725,0.004178746
edgi7as,joy,joy,0.100125395,0.0026667817,0.0033447659,0.72136104,0.11574563,0.056756392
edgifft,joy,joy,0.0029358116,0.00041877004,0.00035014885,0.994632,0.0008425194,0.0008207334
edgj1fd,surprise,surprise,0.008300857,0.000734642,0.0020272124,0.023486694,0.0021029667,0.96334755
edgjgey,joy,joy,0.17357415,0.0021011117,0.0029541901,0.7728015,0.008897537,0.039671518
edgk5rw,joy,joy,0.0407451,0.004897946,0.008947329,0.50471914,0.3483059,0.092384525
edgkx1a,joy,joy,0.001985522,0.00044495132,0.00037682484,0.9955798,0.0005151086,0.0010977465
edgmnjn,joy,joy,0.0011449378,0.0003112375,0.00035110672,0.9970505,0.0004338381,0.00070834655
edgn07c,joy,anger,0.77047086,0.080852605,0.005177444,0.0956438,0.03865935,0.009195904
edgnaya,joy,joy,0.0014767844,0.00037881575,0.00037277458,0.9966266,0.0004972686,0.00064783945
edgnlbn,joy,joy,0.15657735,0.0028923561,0.0018423152,0.7992227,0.00858696,0.030878313
edgo6by,sadness,sadness,0.014933529,0.0027209509,0.0015630941,0.012258072,0.9655587,0.0029656205
edgoiy9,surprise,surprise,0.0105568385,0.001051752,0.0011774213,0.0025932153,0.002370385,0.9822504
edgolre,anger,anger,0.83223873,0.0065556476,0.0030224961,0.06309109,0.019623019,0.075469024
edgoryw,joy,joy,0.008732898,0.0007851116,0.0005336954,0.9867338,0.0013646755,0.0018497404
edgp3eg,anger,anger,0.857205,0.014677926,0.0024979436,0.007119778,0.01063039,0.10786895
edgpcmk,surprise,surprise,0.020868108,0.0016035879,0.0014284072,0.0072086686,0.0033051583,0.96558607
edgpgi5,anger,anger,0.6790111,0.00806391,0.0024660353,0.20252435,0.017887896,0.090046644
edgpl3f,joy,joy,0.028316338,0.0022306892,0.001725343,0.7754539,0.18444446,0.00782928
edgqcnq,surprise,surprise,0.0070347246,0.00086824433,0.0011532371,0.0034581262,0.0014166795,0.98606896
edgrmmw,disgust,anger,0.80548227,0.11410077,0.004170921,0.017923074,0.046458192,0.011864688
edgslvs,surprise,surprise,0.02002831,0.0018071284,0.0018817954,0.032666285,0.006425373,0.9371912
edgtkdz,joy,joy,0.004470242,0.0005287412,0.0004032952,0.9926987,0.00057230337,0.0013266596
edguwq0,surprise,surprise,0.005241122,0.0008103821,0.0012076927,0.0064895456,0.0012870498,0.9849642
edgv3jd,joy,surprise,0.028314687,0.0017339345,0.0013754106,0.11785904,0.0029480653,0.8477689
edgv4zl,joy,joy,0.0062562185,0.00058181136,0.00054561615,0.98835844,0.0005605337,0.0036974773
edgvrkv,joy,joy,0.0014945668,0.0003389931,0.0003208974,0.99668545,0.0005912759,0.0005688745
edgw4p9,surprise,surprise,0.20711096,0.0044920756,0.0031524724,0.22646813,0.03182676,0.52694964
edgx1r3,joy,joy,0.017441291,0.002426691,0.0011452379,0.969237,0.002187631,0.0075621805
edgx5y4,joy,joy,0.0062885834,0.0012936103,0.0009464891,0.98561656,0.0040159994,0.0018387759
edh0xyq,sadness,sadness,0.021161048,0.012588176,0.005545187,0.009933031,0.9477934,0.002979155
edh1ia9,joy,joy,0.022452401,0.0016871224,0.002064002,0.5149763,0.0056328718,0.45318726
edh1tcy,sadness,sadness,0.07277522,0.0039292388,0.009215431,0.034013104,0.5968898,0.2831772
edh2epm,anger,anger,0.6169589,0.0053561237,0.005058971,0.013823763,0.059311204,0.299491
edh30hb,joy,joy,0.0054477537,0.00042167414,0.0003837776,0.98959434,0.00049450796,0.0036579825
edh39ib,sadness,sadness,0.016785467,0.0038880918,0.003965702,0.007187848,0.9400331,0.028139818
edh49lu,surprise,surprise,0.006564965,0.00084719935,0.0027053945,0.02432834,0.0039400663,0.961614
edh4z4c,joy,joy,0.045106273,0.0068108635,0.007174091,0.49279073,0.01937764,0.42874044
edh4zlk,joy,joy,0.0031306634,0.0006318432,0.00042130108,0.99360293,0.00043341005,0.0017798407
edh5fvg,joy,joy,0.0025588593,0.00045972224,0.0003839358,0.9950966,0.0004602425,0.0010406859
edh5ho0,joy,joy,0.051761106,0.0043754177,0.002413048,0.63123536,0.29065987,0.019555155
edh5kxf,sadness,sadness,0.014942647,0.0039486755,0.0013239372,0.005041646,0.9704727,0.0042703142
edh8gc6,joy,joy,0.07920581,0.003003907,0.0020904625,0.8333053,0.029671058,0.052723434
edh8vzz,joy,joy,0.0050839023,0.000600706,0.00046858488,0.9882782,0.0015299825,0.0040385937
edhaa07,joy,joy,0.028763907,0.001991664,0.00086912065,0.9572481,0.002589756,0.008537491
edhbgyt,joy,joy,0.0021661988,0.00036717948,0.0004486303,0.99073875,0.0007154445,0.0055636684
edhc2t7,joy,joy,0.001724562,0.00036846343,0.0003517952,0.99595684,0.00038397685,0.0012143413
edhdgfg,joy,joy,0.0021819908,0.00060201576,0.00060303975,0.99064845,0.00092900486,0.005035514
edhdx6d,anger,anger,0.72360635,0.0057798307,0.0019458723,0.028955098,0.07040984,0.16930296
edhg2vn,joy,joy,0.006601422,0.00077747385,0.00062405446,0.9874763,0.00088837184,0.0036323755
edhgfqz,surprise,surprise,0.058538042,0.0031893046,0.0039461455,0.005843257,0.059010863,0.8694724
edhgok1,joy,joy,0.0012517283,0.00041057522,0.00038307172,0.99657625,0.00032715074,0.0010511918
edhh6qa,anger,anger,0.8007649,0.008588626,0.0039732135,0.10888872,0.052306402,0.025478227
edhhkje,joy,joy,0.001056166,0.00027433631,0.0003229104,0.9967589,0.00048669282,0.00110098
edhhwqz,joy,joy,0.007165076,0.0010019427,0.003274788,0.9416668,0.029673109,0.01721819
edhifty,anger,anger,0.9122907,0.020112263,0.0027901812,0.03885079,0.012867496,0.013088534
edhiq2o,anger,anger,0.83909565,0.035244137,0.002855436,0.03405474,0.081754,0.006996102
edhj67j,joy,joy,0.34977573,0.007607851,0.0040344037,0.48668286,0.0810445,0.0708547
edhj70n,anger,anger,0.7195358,0.023840515,0.0041307863,0.16759326,0.060228128,0.024671534
edhku4p,surprise,surprise,0.007905263,0.00085923955,0.0011263258,0.0039226706,0.0017045715,0.98448205
edhl6hb,surprise,joy,0.004222473,0.0009290645,0.0012250444,0.81517935,0.0011853658,0.17725873
edhltfu,joy,joy,0.0011952916,0.0003026448,0.0003317341,0.99702543,0.00038928405,0.0007556533
edhltwi,joy,joy,0.33592755,0.005821345,0.0020432808,0.6362115,0.013181638,0.0068146484
edhm1f3,surprise,anger,0.73375416,0.0053418363,0.0022245948,0.0152087305,0.016985409,0.22648521
edhmm7p,sadness,surprise,0.046718545,0.0018980895,0.0013001523,0.008601969,0.006651271,0.93482995
edhmved,fear,anger,0.34362024,0.09124438,0.07207256,0.26564854,0.13069464,0.0967196
edhn07g,surprise,surprise,0.016970513,0.001403418,0.0014501978,0.0025654663,0.007546929,0.97006345
edhnxcb,joy,joy,0.011524187,0.00080142537,0.000590788,0.9830452,0.0016609199,0.002377392
edho03w,surprise,surprise,0.011243118,0.0012655065,0.0012367925,0.0065886886,0.00472629,0.9749395
edhovet,joy,joy,0.0039387504,0.0007927837,0.0005461278,0.9896311,0.0011949183,0.003896302
edhp4eg,anger,anger,0.6115114,0.0056285313,0.003999327,0.3128068,0.026844602,0.039209377
edhpr03,sadness,sadness,0.11150894,0.07462883,0.0065478627,0.014960632,0.78473336,0.0076204236
edhqmcg,joy,joy,0.0032594174,0.00039718286,0.00043280513,0.98112226,0.00076364016,0.014024645
edhqnmi,disgust,disgust,0.2830246,0.44345894,0.046819218,0.033573546,0.16281982,0.03030382
edhqumw,joy,joy,0.0023062364,0.00039659176,0.00042018792,0.9953838,0.00049322646,0.0009998624
edhr49o,joy,joy,0.0015104071,0.00043211266,0.00039519134,0.9963081,0.0004388557,0.0009153511
edhrs95,joy,joy,0.0010068291,0.0003033569,0.0003453068,0.99709046,0.0005560332,0.0006979502
edhs7vb,anger,surprise,0.014363608,0.0012505034,0.0011374193,0.0032418654,0.0039786645,0.97602785
edhunph,joy,joy,0.010591504,0.0018780433,0.0013736534,0.82342845,0.15947093,0.0032574073
edhuuot,disgust,disgust,0.046485804,0.8559957,0.04839908,0.012852989,0.026301501,0.009964923
edhv2wd,joy,joy,0.0024848352,0.000484719,0.00058815343,0.9931391,0.00046962814,0.0028335478
edhve9n,surprise,anger,0.5006149,0.005178708,0.0030320375,0.07185858,0.068592034,0.3507238
edhwxqa,joy,joy,0.020111997,0.0021853067,0.025602235,0.93208855,0.009854905,0.0101570245
edhxuqe,joy,surprise,0.018569073,0.0020387203,0.0029357686,0.26330483,0.010552346,0.70259935
edhy9od,anger,surprise,0.08144995,0.0032976065,0.002097624,0.02131819,0.005721671,0.886115
edhyxxb,joy,joy,0.0018509319,0.00043241237,0.00036857865,0.99498874,0.00039405553,0.0019651782
edi00wi,joy,joy,0.05736158,0.003004801,0.0015510091,0.8148414,0.0052099037,0.11803125
edi0iyi,anger,anger,0.955542,0.014217209,0.0033015453,0.009135954,0.006796893,0.011006326
edi0t2i,joy,joy,0.0011648271,0.00031372075,0.0003295544,0.99708384,0.00048688313,0.00062109693
edi0w2s,anger,joy,0.07193832,0.012801637,0.0040425067,0.880113,0.017227463,0.013877056
edi1f92,anger,surprise,0.038593132,0.0034000375,0.0074058976,0.052828994,0.0074847564,0.89028716
edi3q1q,fear,fear,0.031700995,0.0067184116,0.7916198,0.12411421,0.017322782,0.028523814
edi4pfx,joy,surprise,0.02480775,0.00270224,0.0030099126,0.45331582,0.011390882,0.5047734
edi6635,joy,joy,0.0027955372,0.00037425154,0.0003917605,0.9940328,0.001358552,0.0010471294
edi6htm,joy,joy,0.0016274011,0.00029781548,0.00095901685,0.9935561,0.0010736194,0.0024859742
edi6rr8,anger,anger,0.94275916,0.024374934,0.001888573,0.0091622155,0.014426153,0.0073889587
edi6wcs,joy,joy,0.0054783523,0.0006425616,0.0004909136,0.98563516,0.0012879813,0.0064651114
edi72ov,joy,joy,0.0009735227,0.00032602178,0.0003485132,0.99713826,0.00043499863,0.0007787249
edi7jzq,anger,anger,0.9154894,0.009833712,0.0018290203,0.01252455,0.008389013,0.05193438
edi8ffi,joy,joy,0.0051983725,0.00045579128,0.00037005896,0.9871017,0.0007478727,0.006126248
edickdj,joy,joy,0.0024625624,0.00053730496,0.00048134092,0.994729,0.0007790784,0.0010107689
ediczjr,sadness,joy,0.20722197,0.01096477,0.0039499872,0.71576375,0.05094598,0.011153516
edidk1r,joy,joy,0.014921834,0.00082530925,0.000514707,0.9792499,0.0022024876,0.0022857569
edieomi,joy,joy,0.00094974734,0.00031085644,0.00039345928,0.99712235,0.00041198032,0.0008116475
edieuq5,anger,sadness,0.40124688,0.06577268,0.008544906,0.042647675,0.44587523,0.035912592
edif41t,joy,joy,0.3758309,0.010731162,0.0027780307,0.454368,0.03755603,0.1187359
edigvq1,joy,joy,0.002496699,0.0005931507,0.0004215571,0.99248964,0.00045811074,0.003540858
edihdlg,sadness,joy,0.028734246,0.0044565946,0.0021798478,0.54358834,0.41701943,0.004021575
edihf3r,joy,joy,0.005586028,0.0004799148,0.00030399542,0.99072343,0.0007004452,0.0022060873
edii36n,surprise,surprise,0.010986412,0.0009926618,0.0010381113,0.014629061,0.0016112913,0.97074246
edij11m,joy,joy,0.0033532353,0.00040535297,0.00028875738,0.99317944,0.00083857996,0.0019345809
edijlx6,joy,joy,0.00094368984,0.0003225862,0.00036638998,0.99672526,0.0007435707,0.0008985574
edijml4,joy,surprise,0.03614831,0.0029534108,0.0031359212,0.00639648,0.05186122,0.89950466
edikja3,joy,joy,0.04077409,0.002348795,0.0024211004,0.918926,0.023317622,0.0122124255
edikpcn,joy,anger,0.5448054,0.008054766,0.0045290175,0.07542522,0.021986559,0.345199
edimcz8,joy,joy,0.062516436,0.0037401314,0.0034129778,0.49252713,0.05489015,0.3829132
edin9x8,joy,joy,0.013019384,0.0010935722,0.0007864527,0.93885577,0.004033669,0.042211097
ediocbf,joy,joy,0.0013946006,0.00037526287,0.00042889317,0.9967584,0.0004192101,0.0006237313
edip7f3,anger,sadness,0.13713625,0.017863931,0.008641315,0.019739024,0.76489025,0.051729254
edipj2t,joy,joy,0.00141362,0.00035608342,0.00040816597,0.99641126,0.00029457832,0.0011163198
ediqm9a,surprise,surprise,0.010795408,0.0013441105,0.001699089,0.0239003,0.014748918,0.9475122
edirex6,surprise,surprise,0.0042043026,0.00088089844,0.0012764245,0.0055743987,0.0010720363,0.9869919
edirgx4,anger,anger,0.9527005,0.017688124,0.002259277,0.0059084715,0.012716818,0.008726835
edirhr2,surprise,surprise,0.01698763,0.0014409311,0.0016896889,0.011142215,0.006229362,0.9625102
edis2z3,joy,joy,0.0021585727,0.0003093862,0.0002780282,0.99489945,0.0007429079,0.0016116662
edit49m,joy,joy,0.0045592855,0.0005386166,0.0013614089,0.9823252,0.0014928891,0.009722641
editctb,joy,joy,0.04792817,0.0010257196,0.0008763133,0.9293885,0.0025659145,0.018215412
editldz,joy,joy,0.007051424,0.0006334663,0.0004167162,0.9870552,0.0027645645,0.0020785916
editpz7,surprise,joy,0.008574159,0.0009147121,0.0008700641,0.8279533,0.002273326,0.15941453
editung,joy,joy,0.042829417,0.0026104844,0.0010696677,0.93071914,0.016547134,0.006224209
ediu2ym,joy,joy,0.063163854,0.009197317,0.0035773865,0.8989138,0.010988967,0.0141587
ediu9wm,joy,joy,0.014813086,0.0010952117,0.0006814555,0.96271485,0.0017463319,0.018949071
edivsuf,anger,anger,0.95888984,0.014711103,0.0019501986,0.007823481,0.008404591,0.008220832
ediw6ab,anger,disgust,0.2556101,0.3826882,0.023149788,0.08248988,0.201618,0.054444022
ediya6s,joy,joy,0.02460834,0.00120231,0.00083868107,0.9553823,0.0065388377,0.011429484
ediym07,joy,joy,0.0038946436,0.0008220249,0.0009038161,0.9304761,0.00086188474,0.06304148
ediyxfb,sadness,sadness,0.006577469,0.0027667377,0.0024473376,0.0064962967,0.9782472,0.003464972
edizd2k,surprise,surprise,0.041251857,0.012968315,0.008985563,0.024560517,0.012605719,0.89962804
edizvix,joy,joy,0.020041943,0.003661873,0.0044951993,0.91204584,0.049066395,0.010688808
edj05pd,joy,joy,0.0019320061,0.0005154621,0.00067945383,0.9905167,0.0007310082,0.0056253253
edj0e99,joy,joy,0.001436868,0.00037544654,0.00046577284,0.99518836,0.0004550648,0.0020785176
edj0qlw,surprise,surprise,0.006016112,0.0009668067,0.001054703,0.0055531906,0.0014843658,0.98492473
edj136y,disgust,anger,0.5247493,0.014884127,0.0050895573,0.09251119,0.33354053,0.029225325
edj25pg,joy,joy,0.20144352,0.0094423145,0.0021680002,0.7618758,0.012407072,0.012663266
edj289t,joy,joy,0.013134793,0.0012945727,0.002851807,0.97220653,0.0060893195,0.004423056
edj2vvu,sadness,sadness,0.0065658162,0.0025331227,0.0015948925,0.0074336366,0.97991824,0.0019542868
edj3l4c,joy,surprise,0.04770563,0.0043929266,0.0028163826,0.16440694,0.026093164,0.75458485
edj45bq,surprise,sadness,0.32801038,0.013581691,0.0073355525,0.105084226,0.445004,0.1009842
edj50vp,joy,joy,0.0036743819,0.0005748838,0.0004047407,0.993008,0.00042803763,0.0019099546
edj56zj,joy,surprise,0.26559594,0.011223749,0.007840899,0.09149277,0.12259487,0.5012517
edj5fme,joy,joy,0.0026613197,0.00042144652,0.0004050747,0.9935715,0.00056144735,0.0023792956
edj5m0e,joy,joy,0.006728889,0.0008818805,0.00052316004,0.98699605,0.0027473131,0.0021226623
edj5r41,surprise,surprise,0.007988593,0.0010891196,0.000996657,0.021818997,0.0023212314,0.9657854
edj6ivi,joy,joy,0.004254085,0.00062160165,0.00041266013,0.9908516,0.00094188267,0.0029181656
edj7ssx,joy,joy,0.0013305468,0.00036623902,0.00039933823,0.99654216,0.00032491056,0.001036788
edj7vcj,anger,anger,0.9281409,0.005552202,0.0018275586,0.01443331,0.017855227,0.032190785
edj9qqx,anger,anger,0.47530767,0.02462698,0.016918888,0.19197774,0.12847482,0.16269392
edjadts,surprise,surprise,0.19019307,0.0073760687,0.00901679,0.174867,0.10449001,0.51405704
edjavto,anger,anger,0.94927186,0.0093288105,0.00260046,0.014637644,0.009602444,0.014558727
edjay4k,joy,joy,0.0014873175,0.00039521058,0.00042350747,0.99479336,0.00091496937,0.0019855406
edjbxg7,joy,sadness,0.0101062,0.0022291103,0.002446167,0.019944657,0.96153903,0.0037348287
edjceq5,joy,joy,0.008982368,0.0016318422,0.0014549716,0.8749275,0.0024028115,0.11060055
edjcgas,joy,joy,0.011149524,0.00091025187,0.00094288774,0.9790527,0.0053631775,0.0025814425
edjcihh,surprise,surprise,0.009925071,0.0017881492,0.002574504,0.050574534,0.007757065,0.9273807
edjd969,sadness,sadness,0.052049074,0.0070048934,0.0026654855,0.03443168,0.9008506,0.002998351
edje3s2,joy,joy,0.0017166211,0.00045401292,0.00034612883,0.99564445,0.00081024674,0.0010285532
edje8y3,surprise,surprise,0.01192427,0.0010851923,0.0012047325,0.043993328,0.0013040395,0.94048846
edjeqnb,anger,anger,0.53246546,0.37827647,0.013342283,0.019409737,0.04440515,0.0121008465
edjex4p,joy,joy,0.016433995,0.00075933605,0.0010961314,0.8439153,0.003227609,0.13456771
edjfjqz,anger,anger,0.71084523,0.014059884,0.002456866,0.024200765,0.016133957,0.23230329
edjfwli,joy,joy,0.0030762942,0.0003543406,0.00042239006,0.9941307,0.00086710404,0.0011492488
edjgpc5,joy,joy,0.0023311463,0.0003732816,0.00036517848,0.9945471,0.0008749882,0.0015082064
edjh2ja,joy,joy,0.2437892,0.01697911,0.0143568525,0.6506541,0.041652266,0.032568473
edjhxf2,disgust,anger,0.6526277,0.14083846,0.010036217,0.1508608,0.03306046,0.012576296
edjhydl,sadness,disgust,0.11616614,0.51885474,0.25960842,0.034803525,0.034539137,0.036028057
edjigae,anger,anger,0.90454644,0.029371778,0.0020985792,0.033808704,0.015745763,0.014428683
edjl2jx,joy,joy,0.0014266619,0.00038915174,0.0003530919,0.99661046,0.00042396312,0.00079659256
edjl2qg,joy,joy,0.1479587,0.002089491,0.0028738726,0.76796025,0.029786214,0.04933148
edjldcm,surprise,surprise,0.00553862,0.00092816673,0.001280133,0.008587648,0.001213996,0.9824515
edjlkgz,anger,anger,0.8395872,0.06036558,0.014074357,0.013668878,0.0614105,0.0108934725
edjoro0,anger,anger,0.83442867,0.09788673,0.0045191348,0.019582966,0.03785055,0.0057320157
edjoz3t,joy,joy,0.002654369,0.0005237888,0.0003664598,0.99458534,0.00055665936,0.0013134148
edjqonz,anger,joy,0.28912798,0.0076674875,0.0032919387,0.6737288,0.008327632,0.017856145
edjrp8v,anger,anger,0.88159096,0.006429449,0.0018022906,0.06453247,0.010608355,0.035036445
edjsve3,joy,joy,0.0010932495,0.00035457613,0.00042997842,0.99503917,0.0005756686,0.002507358
edju0tc,joy,sadness,0.26763293,0.0065746927,0.005916207,0.13147219,0.3139392,0.27446476
edjudwg,sadness,disgust,0.13047956,0.3838604,0.06093334,0.04110778,0.37135896,0.012259992
edjuqo3,anger,anger,0.7836182,0.01916301,0.0045416094,0.0113535,0.008456505,0.17286709
edjw4gq,joy,joy,0.022079967,0.00077480404,0.0013225212,0.96378994,0.005360177,0.0066725784
edjwdem,joy,joy,0.012913737,0.0008949394,0.000806016,0.97445065,0.0017493869,0.0091852695
edjxh8l,joy,joy,0.044179086,0.0019576214,0.003911902,0.88731456,0.020089328,0.042547435
edjxzhq,joy,joy,0.002552863,0.0003582209,0.00036378417,0.9896147,0.0006225127,0.006487907
edjyjlx,joy,joy,0.0135847265,0.0008376845,0.0006745285,0.98154837,0.0016977134,0.0016570179
edjzcf0,surprise,surprise,0.005077604,0.0008859266,0.0013642284,0.02884721,0.002021881,0.9618032
edk04l3,joy,joy,0.0021947548,0.00037323963,0.0003101477,0.9947179,0.00080535613,0.0015986273
edk0t03,surprise,surprise,0.017581336,0.0012612019,0.0011221181,0.0073268083,0.0023306906,0.97037786
edk10tt,joy,joy,0.0038326557,0.00060972426,0.00056101667,0.9912288,0.0010231463,0.0027446307
edk21te,joy,joy,0.0016394272,0.0003831169,0.00039150918,0.99578166,0.0004257796,0.001378545
edk2787,joy,joy,0.013260459,0.0013333793,0.00069508527,0.96343684,0.005488686,0.015785601
edk2aic,joy,joy,0.015434938,0.0015573592,0.0011415588,0.9223433,0.043262515,0.016260339
edk2pby,joy,joy,0.0071947486,0.002147533,0.0012922869,0.97464037,0.0036134436,0.011111657
edk3j42,joy,anger,0.53028214,0.017588861,0.003395971,0.3686993,0.024516217,0.055517495
edk3kve,joy,joy,0.41410932,0.015633097,0.0049708667,0.43133533,0.064599566,0.069351844
edk4c1n,surprise,surprise,0.25472435,0.057062272,0.07406626,0.12494143,0.16087794,0.32832772
edk4dkb,sadness,sadness,0.013802811,0.009245055,0.004937676,0.0063201766,0.9603128,0.0053813695
edk66b5,joy,anger,0.78829247,0.009142129,0.0018216934,0.16284025,0.025426814,0.01247663
edk72u4,anger,anger,0.7542041,0.004619998,0.0020729627,0.1813501,0.017033538,0.04071938
edk7yi3,anger,anger,0.62327135,0.008694001,0.0038200356,0.008579675,0.015101569,0.3405333
edk8fh2,joy,joy,0.0054807807,0.000452131,0.00037919512,0.987463,0.002044065,0.0041808044
edk8w8o,joy,joy,0.0031123476,0.00039442207,0.0009769971,0.99131846,0.0024377478,0.0017599713
edk9bvk,anger,joy,0.29560256,0.005382094,0.0036366675,0.54711217,0.04335169,0.10491484
edk9n1s,surprise,surprise,0.008509231,0.0009040678,0.0011090521,0.0038676753,0.0037851257,0.98182493
edkabn2,joy,joy,0.016785001,0.0011895951,0.0015932848,0.9070415,0.0024508226,0.0709398
edkb9g1,joy,joy,0.004645231,0.00042280147,0.00034276114,0.991827,0.00068632036,0.002075827
edkch79,joy,joy,0.0016818088,0.00042945877,0.00039760643,0.9957943,0.00040830555,0.0012885022
edkcl53,surprise,surprise,0.04367006,0.0017001284,0.0018786475,0.009474583,0.0041788886,0.93909764
edkdmzt,joy,joy,0.0039926423,0.0007369763,0.0005615492,0.9926454,0.0011044433,0.00095901865
edkefqd,surprise,surprise,0.011692355,0.0010945444,0.001079234,0.004063324,0.0019779059,0.98009264
edkeqg5,joy,joy,0.001602387,0.0003341898,0.00034516034,0.99642426,0.0003976376,0.0008964257
edkg8yd,surprise,surprise,0.090959884,0.002415387,0.002108563,0.01602967,0.025372082,0.8631145
edkgbmf,joy,joy,0.0030927893,0.0004412755,0.00035581616,0.9923016,0.0006003716,0.003208083
edkgnpn,joy,joy,0.0048068557,0.0005961852,0.00035809173,0.99183816,0.00065712375,0.001743625
edkgs39,joy,surprise,0.016962828,0.001410155,0.0022746327,0.42221677,0.004100567,0.553035
edkhol5,joy,joy,0.023313217,0.0022226397,0.003615557,0.68263865,0.0151943825,0.2730155
edki5r7,surprise,surprise,0.0048115235,0.0008900937,0.0011466366,0.024306886,0.00120811,0.9676367
edkif0l,disgust,disgust,0.3585632,0.5664105,0.013577693,0.01370893,0.03784078,0.0098988945
edkk83u,joy,joy,0.004202318,0.0005290066,0.00043370432,0.9926157,0.00049037475,0.001728967
edkl352,sadness,sadness,0.072659396,0.00970518,0.035106435,0.0072016106,0.8576836,0.017643763
edkl906,joy,sadness,0.402518,0.010930478,0.013420085,0.05167936,0.45197403,0.06947801
edklf6z,joy,joy,0.0022186611,0.00041332017,0.00037026277,0.9954764,0.00073136017,0.0007899602
edklp5u,joy,joy,0.02597901,0.004403853,0.008873802,0.91994715,0.007444568,0.033351656
edkm44a,anger,anger,0.59829587,0.016925385,0.0018479584,0.35976145,0.01703028,0.006138992
edkmreg,surprise,surprise,0.027646516,0.0015338789,0.001372518,0.014194472,0.004049668,0.951203
edknumr,joy,joy,0.0016212512,0.0006502562,0.00051177305,0.99482274,0.00057286373,0.0018210459
edkol6r,joy,joy,0.0012599189,0.00042473566,0.00040201048,0.9967944,0.0003245075,0.0007944875
edkp381,surprise,surprise,0.0044291555,0.0007194736,0.0011717635,0.007418221,0.001377295,0.984884
edkpcyt,surprise,anger,0.66686124,0.008009802,0.004698707,0.060120326,0.0600883,0.2002217
edkr8dt,anger,anger,0.89041156,0.04242941,0.003257659,0.028731633,0.024086038,0.0110836215
edkrqlz,joy,joy,0.0013122518,0.00031328786,0.00034696827,0.9966229,0.00035406425,0.0010505149
edks3mx,joy,joy,0.06745969,0.0026705486,0.0023064367,0.574667,0.019397248,0.3334991
edksahq,anger,anger,0.7720451,0.007499888,0.0023100378,0.024312127,0.012871995,0.18096076
edksj4c,surprise,surprise,0.016291682,0.001639317,0.0018298615,0.05214155,0.019177454,0.9089201
edksptw,anger,anger,0.5385748,0.01235692,0.0038460612,0.011859211,0.06750038,0.3658625
edktm3z,joy,joy,0.0012803618,0.00037299885,0.00039110007,0.99673706,0.0005620075,0.0006564777
edkuvkg,surprise,surprise,0.0059402334,0.0007637485,0.0009507932,0.0043899543,0.001581484,0.9863739
edkvpla,joy,joy,0.0011045542,0.00032947483,0.0003956368,0.9966264,0.0005762387,0.00096780976
edkvw82,sadness,surprise,0.2603854,0.005249433,0.0045399736,0.036001593,0.23807122,0.45575237
edkwq83,surprise,surprise,0.0058996836,0.0009714854,0.001186018,0.0051672533,0.0013287225,0.9854468
edky4ot,joy,joy,0.0014881181,0.00026593875,0.00029836662,0.99640346,0.000603922,0.00094021286
edkzlgx,anger,surprise,0.24033967,0.0051356475,0.007351342,0.026626632,0.017170174,0.7033765
edl0nhj,anger,anger,0.48785767,0.005652333,0.003144332,0.19615076,0.26243255,0.044762306
edl1iz9,joy,joy,0.0014641032,0.00038033447,0.0003796769,0.9967873,0.00034214294,0.0006464052
edl1pz1,joy,joy,0.07712237,0.0037930077,0.0023912827,0.8469635,0.008030674,0.06169918
edl3u2m,joy,joy,0.0014512237,0.00035244328,0.000338857,0.99625933,0.00033942173,0.0012587592
edl43g4,anger,anger,0.82692856,0.0308186,0.0053573116,0.02368511,0.087611645,0.025598815
edl4cw9,joy,joy,0.0031764847,0.00061974075,0.00043443535,0.9932719,0.0016719617,0.00082553294
edl5dun,anger,anger,0.9582235,0.013377712,0.0020323845,0.0073269564,0.0095804585,0.0094589135
edl5qsu,surprise,surprise,0.017615374,0.0010716348,0.0014153939,0.01666051,0.004328966,0.958908
edl6lz8,surprise,surprise,0.0072494466,0.0010095468,0.001112695,0.03046302,0.0015077512,0.9586575
edl79um,sadness,anger,0.7475984,0.10094723,0.0043969057,0.038980644,0.09906616,0.009010563
edl7hm1,anger,anger,0.8756217,0.041631997,0.003975449,0.027794752,0.033894535,0.017081598
edl7ki5,joy,joy,0.0017132574,0.00037448862,0.00035527174,0.99426186,0.00045360258,0.002841625
edl7ttp,joy,joy,0.0036700906,0.0005193402,0.0006144487,0.9876951,0.00062634447,0.0068746447
edl7zmu,joy,joy,0.018155344,0.0018156167,0.0010426985,0.9351197,0.0042201653,0.039646458
edlapiu,sadness,sadness,0.00827709,0.003463739,0.0016318031,0.004223706,0.9789171,0.0034865006
edlbuf6,joy,joy,0.0038856044,0.0005248138,0.00048209715,0.9826864,0.0007193105,0.011701774
edlextp,joy,joy,0.0014152756,0.0003703641,0.00039521029,0.9967822,0.00037139855,0.00066552183
edlf4uu,anger,fear,0.116222076,0.09138893,0.73006773,0.035976004,0.0067186723,0.019626563
edlfd7s,anger,anger,0.83730626,0.0053027743,0.002031391,0.014776423,0.02405759,0.11652551
edlfs34,joy,joy,0.040438317,0.0024520266,0.0014778471,0.8643317,0.037330903,0.053969264
edlghte,joy,joy,0.003129816,0.00043909278,0.00033305137,0.99384284,0.00070063985,0.0015546182
edlhuid,joy,sadness,0.0722041,0.008011959,0.0035454659,0.24940997,0.6587774,0.008051117
edliph3,joy,surprise,0.01735474,0.0012831471,0.0013577037,0.0051133223,0.002244594,0.9726465
edljn2d,joy,joy,0.06808544,0.0022168544,0.0013841578,0.89409894,0.0056628096,0.028551724
edlkc5c,joy,joy,0.002000693,0.00041314753,0.00033986176,0.99501073,0.00059728965,0.0016383111
edlkf8v,joy,joy,0.011149281,0.0016330795,0.00084753835,0.9762921,0.00201189,0.008066159
edlkqn9,joy,joy,0.0012675726,0.00030877427,0.00037657865,0.9958753,0.0009237544,0.0012480814
edlljm5,joy,joy,0.006706568,0.00059718004,0.00052855123,0.9865898,0.0013229485,0.0042549707
edllqs5,joy,joy,0.0038780046,0.000601074,0.0004556771,0.9929671,0.0009964404,0.0011016349
edlm38f,joy,joy,0.016169555,0.0009698519,0.0012120635,0.931641,0.0059348056,0.044072773
edlmkzj,joy,joy,0.0010103578,0.0002845603,0.0005475043,0.9941432,0.00090617914,0.0031081983
edlmm55,joy,joy,0.008195068,0.0008810956,0.001063706,0.8306081,0.0034392995,0.15581279
edlmod0,joy,joy,0.0043344097,0.00036250264,0.0005163973,0.9919463,0.0010957917,0.0017446178
edln6l5,joy,anger,0.5503355,0.011598178,0.006203719,0.16699134,0.051684126,0.21318716
edlols7,joy,joy,0.0017626457,0.00038089397,0.0003617209,0.9962459,0.0003627865,0.00088603713
edlotdx,joy,joy,0.00099273,0.00032255144,0.00036807806,0.99709797,0.0006157972,0.00060290494
edlowpi,joy,joy,0.0016301285,0.00035813212,0.0003411889,0.9965702,0.00037899252,0.0007212365
edlpu54,joy,joy,0.002594314,0.0004218123,0.00037734807,0.9949438,0.0005700465,0.0010927236
edlqlkc,joy,joy,0.0019080538,0.00043763826,0.00037083443,0.99586064,0.00037017648,0.0010527621
edlqwtw,joy,joy,0.09443656,0.0016204992,0.0017918466,0.8470347,0.0059768585,0.049139578
edlqx16,surprise,joy,0.14871845,0.0025403146,0.0020348968,0.48490965,0.027870439,0.33392632
edlr51h,joy,joy,0.0012455039,0.00032417168,0.00032293712,0.9968279,0.000351589,0.0009278136
edlriuk,joy,joy,0.008620064,0.0009704398,0.0006472975,0.9809521,0.0011242428,0.0076858145
edls5nt,joy,joy,0.13703185,0.005675536,0.0013454051,0.827655,0.0139935035,0.014298761
edlstuc,joy,joy,0.0011603388,0.00036876573,0.00037287505,0.9962423,0.00038548093,0.0014702248
edlswg5,joy,joy,0.0011969648,0.00035747018,0.00039930953,0.9965275,0.00038635987,0.0011325175
edlt224,joy,joy,0.0031318187,0.00038827563,0.00037093536,0.99437016,0.00080911093,0.00092974404
edltg6x,joy,joy,0.0016704275,0.00039516285,0.00033597572,0.9956636,0.00056580047,0.0013690277
edltwfy,joy,joy,0.0032501454,0.0006246674,0.00053931173,0.99129933,0.00056748197,0.0037191084
edltzyk,joy,joy,0.07160048,0.004224656,0.003070299,0.85647696,0.0056223795,0.059005212
edlu2mc,anger,anger,0.8307772,0.056390632,0.007248338,0.059051313,0.032033592,0.014498839
edlu9qt,anger,sadness,0.15116198,0.0036647087,0.0034479091,0.059750237,0.7410297,0.040945426
edluict,joy,joy,0.0085463105,0.0026853897,0.0028891936,0.9348556,0.048253514,0.0027700134
edlula0,sadness,surprise,0.28897262,0.01611256,0.006865107,0.081226915,0.13280524,0.47401756
edlv2m5,joy,joy,0.002507571,0.00039257263,0.0004178041,0.9945937,0.000892014,0.0011963618
edlv5qd,surprise,surprise,0.06510322,0.0017628424,0.0013086292,0.010949591,0.0043496494,0.91652614
edlvms5,surprise,surprise,0.016591692,0.001001505,0.0011709649,0.0045672627,0.0038897074,0.9727789
edlw7ay,joy,joy,0.007719841,0.0007527372,0.000539315,0.98527515,0.0020216212,0.0036913618
edlwv5f,anger,anger,0.9591644,0.013735772,0.0018806742,0.007896054,0.009375151,0.0079478845
edlxax4,joy,joy,0.0015155926,0.00032843836,0.00030861874,0.99660563,0.0004895055,0.0007521518
edlyj9j,surprise,surprise,0.01739766,0.0051774406,0.016040072,0.35814536,0.01922214,0.58401734
edlyor7,joy,surprise,0.008182625,0.0012363981,0.0016752157,0.0373593,0.0017530614,0.94979334
edlyqkr,fear,surprise,0.2006969,0.020259274,0.07925081,0.12068245,0.25113127,0.32797927
edlzdmj,surprise,surprise,0.006715263,0.00089073734,0.0013724255,0.004124814,0.0018570899,0.9850396
edlzgiw,joy,anger,0.64818585,0.0061864536,0.0019982453,0.27197084,0.030752232,0.04090639
edlzke4,joy,joy,0.0032535444,0.00053053367,0.0007743116,0.9542347,0.0015137632,0.03969308
edlzwrl,sadness,sadness,0.10609108,0.023222476,0.008457918,0.14476615,0.70854026,0.008922128
edm0114,joy,joy,0.00082414114,0.0002874052,0.00072025455,0.99384093,0.0015809669,0.0027462489
edm0g8p,surprise,surprise,0.004644461,0.0006573437,0.001219626,0.010249201,0.0010427524,0.98218656
edm1qfk,sadness,sadness,0.0845669,0.018214619,0.0065308576,0.024800394,0.85454553,0.011341712
edm1s8k,surprise,surprise,0.005004878,0.00083303143,0.0013533051,0.011338599,0.0011082685,0.98036194
edm1twp,surprise,joy,0.008532772,0.0010561696,0.0018120833,0.8912389,0.0024570304,0.0949031
edm24b2,joy,joy,0.0013153419,0.0003559799,0.0003482568,0.9964684,0.00048327137,0.0010287387
edm2zoe,joy,joy,0.00524833,0.00072961696,0.0012994382,0.9792739,0.0036056319,0.0098430645
edm4a7m,joy,joy,0.026767459,0.0013584417,0.00067858177,0.9644413,0.003959297,0.0027950339
edm4x69,surprise,joy,0.018261405,0.0014822808,0.0018203186,0.90003365,0.0025939366,0.07580836
edm4z3o,joy,joy,0.0014839438,0.0003894267,0.00042719688,0.9961578,0.00069155754,0.00085009553
edm5352,joy,joy,0.046344385,0.008776532,0.0028973576,0.81913227,0.030065598,0.09278388
edm5kdi,joy,joy,0.0012349528,0.00036081363,0.0003709884,0.9967836,0.0006348504,0.00061471696
edm61ke,anger,anger,0.94465804,0.014629148,0.0016255653,0.011976039,0.011079765,0.01603138
edm6lfo,joy,joy,0.0019613178,0.0004008696,0.00033269456,0.99534154,0.0004870522,0.0014765887
edm6p6p,joy,joy,0.25490725,0.0102642095,0.0041256123,0.6963821,0.023872508,0.010448317
edm6pqn,joy,joy,0.0015869967,0.00035174945,0.00033713662,0.9963565,0.0005835326,0.00078404706
edm6udd,joy,anger,0.92519176,0.014497492,0.0018877627,0.034807585,0.010852151,0.012763256
edm7tb4,anger,anger,0.79070127,0.0045981947,0.0024441192,0.045240495,0.016299553,0.14071636
edm7ul5,joy,joy,0.0018743678,0.00043401492,0.00044835778,0.99577075,0.0006785409,0.0007939438
edm8a4a,sadness,sadness,0.024528055,0.011720997,0.0076640416,0.031917278,0.91368353,0.010486188
edm8pxk,joy,joy,0.0019948962,0.00040483905,0.0003995902,0.9955153,0.0002775484,0.0014078371
edm8tm6,anger,anger,0.82963634,0.006290655,0.002135307,0.051281054,0.0162339,0.09442282
edm9boe,joy,joy,0.07035143,0.005563141,0.0023194095,0.71871805,0.006388613,0.19665945
edm9fvs,joy,joy,0.001370943,0.0003882172,0.00036805982,0.9964269,0.00067674485,0.0007691793
edma3g6,anger,joy,0.07070199,0.0019420102,0.0015663017,0.8405405,0.00497179,0.08027736
edmacjb,joy,sadness,0.13547716,0.0071209935,0.015545902,0.13078462,0.6282439,0.08282745
edmbic4,anger,anger,0.8972468,0.006071741,0.0012255765,0.052271917,0.017856454,0.025327522
edmc01a,joy,joy,0.0030822423,0.00063483464,0.0006187482,0.989193,0.0032219368,0.0032492965
edmcsr2,joy,joy,0.0021921922,0.00035449103,0.00034237443,0.99557674,0.00069763465,0.00083655264
edmdm4w,disgust,surprise,0.11034859,0.014013909,0.005384061,0.0152767645,0.008914535,0.8460621
edmew3d,joy,joy,0.22370549,0.005681212,0.0044852514,0.6164981,0.016730681,0.13289922
edmf0ev,joy,joy,0.0021119164,0.00039959108,0.0004499333,0.9945386,0.0009901361,0.001509793
edmf6vj,joy,joy,0.0010879656,0.00038805944,0.0005747831,0.99381036,0.00068946055,0.0034493366
edmfss6,joy,joy,0.14195654,0.0029161552,0.002682297,0.5663913,0.00573671,0.280317
edmg01b,joy,joy,0.0017745838,0.0004590037,0.000330514,0.99585307,0.0005328147,0.0010499777
edmgcyp,disgust,disgust,0.07923248,0.8065324,0.025908435,0.064082146,0.012551789,0.011692721
edmgmgz,joy,joy,0.25832474,0.007863075,0.0062597836,0.66445124,0.0099792,0.053122003
edmhk8q,anger,anger,0.66803855,0.048528716,0.010193008,0.027454942,0.18868306,0.05710171
edmigzd,joy,joy,0.0921828,0.03537636,0.036973573,0.7988483,0.008362179,0.028256824
edmiopv,joy,joy,0.010974303,0.000597228,0.000402345,0.98519564,0.0012346795,0.001595816
edmj3cb,joy,surprise,0.031220822,0.0016249145,0.0021135306,0.420821,0.0049071796,0.53931254
edmjehl,joy,joy,0.0052939313,0.00065359415,0.0004192921,0.99158937,0.00049990055,0.0015438605
edmji2s,joy,joy,0.004529557,0.0006275926,0.0007158238,0.9754896,0.002746984,0.015890472
edmk7he,surprise,surprise,0.007382475,0.0007999615,0.0011699835,0.005513871,0.0016271808,0.98350656
edmkd4a,joy,joy,0.0035321885,0.0006039808,0.00049378147,0.99178946,0.00087690115,0.0027036485
edmmoje,joy,joy,0.047275476,0.001273338,0.00096148916,0.93271196,0.0033057686,0.014472013
edmn2nf,joy,joy,0.0069939457,0.0009657169,0.0011551132,0.9714778,0.0010572292,0.018350244
edmnwpc,joy,joy,0.05174732,0.0026362215,0.0016659049,0.82939625,0.008299347,0.10625498
edmon0x,joy,joy,0.0010669513,0.00032886027,0.000343601,0.99673885,0.00061974704,0.0009020492
edmpjmr,joy,joy,0.0034967759,0.00039810297,0.00033751456,0.993715,0.00048774204,0.0015649447
edmq2rl,joy,joy,0.0060240696,0.00068625354,0.00071130105,0.9853795,0.00060366525,0.006595178
edmqmsn,anger,anger,0.93632793,0.006630637,0.0021043655,0.013543486,0.017795812,0.023597674
edmrlq5,surprise,surprise,0.0069947806,0.00092121866,0.0010476434,0.0031330783,0.0024518562,0.98545146
edmrmhc,joy,joy,0.018591017,0.011503292,0.009902354,0.8603355,0.007485382,0.092182405
edmsoei,joy,joy,0.0019155932,0.00033500232,0.00032542585,0.9956993,0.00065495167,0.0010697141
edmv5hg,joy,joy,0.0035305792,0.00046120302,0.00046437516,0.97574735,0.0010514669,0.018744972
edmv7t1,surprise,surprise,0.014239826,0.0011544554,0.0019979412,0.007858532,0.009602445,0.9651468
edmwpv0,joy,joy,0.0021182476,0.00032876464,0.00032923964,0.9953178,0.00081799517,0.0010879388
edmwt3n,joy,joy,0.001075812,0.00035753872,0.0003693532,0.9971169,0.00044998154,0.0006303535
edmxz84,surprise,surprise,0.007900523,0.0008927876,0.0012057783,0.0038371775,0.0021354952,0.98402816
edmypep,joy,joy,0.0017412406,0.00032927332,0.00032198947,0.9959352,0.0004339452,0.0012383985
edmzcrk,anger,sadness,0.25258586,0.011193256,0.0035616187,0.022308739,0.6950068,0.015343771
edmzko2,disgust,disgust,0.19300056,0.4218526,0.029198958,0.019616367,0.32650423,0.009827256
edmzl11,anger,anger,0.93695354,0.008643103,0.0018607555,0.021987338,0.019930119,0.010625178
edmzslw,joy,joy,0.0018310577,0.00036385612,0.00040318246,0.99579525,0.0007144021,0.0008923629
edn2pgt,anger,sadness,0.15736835,0.023166886,0.014709432,0.27059323,0.4776089,0.05655326
edn3j2g,fear,fear,0.008358643,0.0078061284,0.9593877,0.011846428,0.0034186463,0.009182425
edn4ff4,joy,joy,0.0016079799,0.0003401776,0.0004016476,0.99616337,0.00080666033,0.0006801174
edn4ll2,joy,surprise,0.02192315,0.004624996,0.006258986,0.32432732,0.033995517,0.60887
edn4pb5,joy,joy,0.0012952574,0.00036915008,0.000382456,0.9968617,0.00038296098,0.0007084022
edn4v2r,joy,surprise,0.12598994,0.0054452657,0.0053357985,0.18119943,0.06136346,0.62066615
edn4xjd,joy,joy,0.015970098,0.0014713928,0.0011099508,0.94296443,0.0048658415,0.03361824
edn5amu,anger,fear,0.098780826,0.03694,0.5292777,0.23526427,0.022196261,0.07754094
edn5avp,sadness,sadness,0.016286401,0.004340276,0.010828874,0.07622379,0.87809545,0.01422524
edn6dcs,joy,joy,0.031539742,0.0029444206,0.0015278273,0.935819,0.018926835,0.009242259
edn7b3a,disgust,disgust,0.0714905,0.8306935,0.06676493,0.0105874585,0.012772965,0.007690627
edn9bfj,joy,joy,0.002416779,0.00037055774,0.00032332784,0.9947633,0.00085316884,0.0012729351
ednabpt,joy,anger,0.58407223,0.016564656,0.0042277058,0.33849996,0.028337577,0.028297918
ednakvb,surprise,surprise,0.06646234,0.008111908,0.009732767,0.017904695,0.27952462,0.6182637
ednan1g,joy,anger,0.93113303,0.0062404126,0.0016517448,0.035455454,0.0136637045,0.01185564
ednbjt6,joy,sadness,0.042134386,0.0057950835,0.0052947435,0.034034453,0.8821809,0.030560471
ednbqbt,joy,joy,0.006532429,0.0006173538,0.0003914254,0.9903002,0.0010215748,0.001136984
ednd9yt,joy,joy,0.004166526,0.00057507923,0.0005174183,0.99181783,0.001503605,0.0014195614
edndid2,surprise,surprise,0.03892023,0.0016674174,0.0024020271,0.014170412,0.009188366,0.9336516
edndmmt,anger,anger,0.6824301,0.012145726,0.015154746,0.17616668,0.09447494,0.019627854
edneky9,joy,joy,0.17798935,0.007117567,0.003330207,0.58190924,0.016887287,0.2127664
edneqno,anger,anger,0.95855236,0.009981678,0.0013420836,0.010222354,0.012563935,0.0073376116
ednf0ba,joy,joy,0.011210586,0.0014195816,0.0015993727,0.60730445,0.0022657865,0.3762002
ednfoyd,surprise,surprise,0.007184326,0.000849783,0.0009637561,0.014707684,0.0012907329,0.9750038
edngz7w,joy,joy,0.001598709,0.00037713273,0.00037204166,0.9962374,0.0004197893,0.0009948555
ednhdl6,joy,joy,0.0015935409,0.00058525143,0.00094640587,0.99391705,0.0016617688,0.0012960741
ednhgfw,fear,fear,0.06909722,0.010483406,0.7453452,0.13234238,0.010808236,0.031923573
ednhpsd,joy,joy,0.0018297696,0.00044830464,0.0003923127,0.9955194,0.0005378214,0.0012723508
ednip9q,sadness,sadness,0.038060937,0.011294562,0.0023473566,0.0056293807,0.9339073,0.008760417
edniutj,anger,anger,0.9478033,0.007807503,0.0017016821,0.010966975,0.012718577,0.019001875
ednjqz8,sadness,anger,0.37716842,0.2484616,0.022904538,0.09571479,0.24869089,0.007059782
ednky9a,joy,joy,0.0020237968,0.0004068608,0.0003999503,0.99596536,0.00063482916,0.0005691912
ednkzrh,joy,joy,0.001508681,0.00036989714,0.00046452077,0.9957879,0.00053578865,0.0013332124
ednm72q,sadness,sadness,0.015900038,0.004624506,0.0016638499,0.005953491,0.96924007,0.0026180875
ednmbx0,joy,joy,0.009785723,0.0007863911,0.0003868756,0.9857518,0.0016323962,0.0016567521
ednmd0i,joy,joy,0.005196213,0.0010331583,0.0007929424,0.9436035,0.00081733905,0.04855678
ednn0zw,surprise,surprise,0.20052335,0.02375315,0.009613278,0.026681276,0.029678117,0.7097509
ednn2rx,joy,joy,0.0067230514,0.00070997083,0.0003931056,0.989593,0.0009258727,0.0016549331
ednnig9,joy,joy,0.0044483976,0.00070474483,0.00053861947,0.99163365,0.00081922236,0.0018553968
ednnjnp,joy,joy,0.0096392585,0.001367174,0.00067575346,0.98509127,0.00096869114,0.0022578193
ednou9o,surprise,surprise,0.0042506703,0.0008387134,0.0014328354,0.00832768,0.0011121776,0.9840379
ednp1ld,joy,sadness,0.06532055,0.011511359,0.006757399,0.33073258,0.5636182,0.022059927
ednpbcq,surprise,anger,0.62896454,0.0062778187,0.0030228153,0.045740668,0.023485728,0.29250842
ednpd3m,joy,joy,0.02851788,0.0031567423,0.0056104264,0.7392561,0.1079775,0.11548137
ednq034,joy,joy,0.0013972013,0.00035753992,0.00047874136,0.99628854,0.00075727055,0.0007207419
ednqr1y,anger,anger,0.5344746,0.008673769,0.004151714,0.03677443,0.015157353,0.4007682
ednqwtf,joy,joy,0.031173265,0.0015913517,0.0011367856,0.951309,0.0023716239,0.012417844
ednqxvb,joy,joy,0.0012558536,0.00032205624,0.00037283154,0.9969267,0.00040314757,0.0007193273
ednrd6b,surprise,surprise,0.074047014,0.0031233814,0.0029438527,0.10959398,0.034272898,0.77601886
ednrsqa,joy,joy,0.05077571,0.0016104575,0.0010708702,0.92823285,0.009024987,0.009285197
ednrv41,joy,joy,0.012413863,0.0011298768,0.0022162197,0.9553948,0.0037488944,0.025096308
ednrypp,joy,surprise,0.03222584,0.003910134,0.002100064,0.23310584,0.007327168,0.721331
edns1tv,joy,joy,0.0028785113,0.00043027158,0.00034451846,0.9935184,0.0005403533,0.0022878493
ednshdu,joy,joy,0.007814965,0.0013772588,0.001281233,0.7401506,0.0013771176,0.24799883
ednt363,joy,sadness,0.0787645,0.013660667,0.002080588,0.009570106,0.8911329,0.0047913184
ednuk54,joy,joy,0.0061228597,0.00112134,0.0009288378,0.98601115,0.0010429655,0.0047729383
ednw3ga,joy,joy,0.004161475,0.00074535573,0.0005473307,0.99039733,0.00069729256,0.0034513068
ednwuto,surprise,surprise,0.04665558,0.0025090245,0.0021252458,0.28810158,0.0044347337,0.6561738
ednxhk4,surprise,joy,0.15136576,0.016331814,0.020356005,0.40138423,0.33737385,0.07318842
edny3g2,joy,anger,0.41120648,0.13566689,0.019110147,0.26930115,0.15409072,0.010624626
edny86i,joy,joy,0.006434382,0.0007141004,0.000737074,0.98583317,0.0022632605,0.0040181424
ednz4de,joy,sadness,0.015715096,0.0033303967,0.0053367843,0.16113801,0.8047276,0.009752074
ednz6pb,surprise,surprise,0.005695642,0.0007411351,0.0011971453,0.0051934845,0.0017554339,0.9854172
edo0pjj,anger,anger,0.89650196,0.02934181,0.006688072,0.00982508,0.035697546,0.021945417
edo2yqh,anger,anger,0.41647148,0.0072911205,0.0054391418,0.016704015,0.24723427,0.30685994
edo362k,joy,joy,0.0015853441,0.00044173974,0.00042303102,0.9953454,0.0003758139,0.0018285932
edo5das,anger,joy,0.22785287,0.0020268206,0.00152887,0.63068086,0.016411072,0.12149944
edo5k60,joy,surprise,0.00818427,0.0012351534,0.0012722241,0.025474422,0.001330598,0.9625033
edo5pvp,joy,joy,0.033725616,0.00398168,0.11727963,0.8128699,0.0129251685,0.019218042
edo683i,sadness,sadness,0.08157777,0.15854248,0.14016438,0.062779725,0.53546846,0.02146719
edo6jtp,joy,joy,0.004704478,0.0005009985,0.00042581177,0.98815656,0.0008541336,0.005358028
edo7dg4,anger,surprise,0.12249726,0.001976169,0.0015492028,0.03553458,0.005419495,0.8330233
edo7mte,joy,joy,0.0013852877,0.000342574,0.00033566283,0.9964502,0.00041137077,0.0010749137
edo7r19,surprise,joy,0.015034591,0.0020140412,0.002004581,0.5230671,0.004938829,0.45294085
edo7suu,anger,anger,0.63883185,0.033045396,0.0049749827,0.1967326,0.10541933,0.020995859
edo86yd,joy,joy,0.21732566,0.005023725,0.0013324806,0.7628008,0.007711696,0.0058057
edo8zrs,surprise,surprise,0.0072269845,0.0008577335,0.0014283628,0.031945117,0.0018049561,0.9567368
edo91pt,surprise,surprise,0.004374786,0.00078311557,0.001138616,0.0063879197,0.0013147346,0.9860007
edo9487,surprise,joy,0.03284615,0.002806359,0.0045465203,0.59989583,0.026814077,0.33309108
edo9aqg,anger,anger,0.92343235,0.02701305,0.0043105334,0.007110427,0.03056083,0.007572707
edo9wi9,joy,joy,0.02111487,0.0010924677,0.00074214966,0.9715707,0.002106994,0.003372866
edoakke,joy,joy,0.00130258,0.00041342524,0.0005077026,0.9958515,0.00041098642,0.0015137778
edoazn7,joy,joy,0.0016946956,0.0002951424,0.00050715974,0.99304646,0.0015885037,0.0028680528
edob1yj,surprise,surprise,0.09126978,0.0031713853,0.0026142667,0.005455835,0.013139149,0.8843495
edobeh3,joy,joy,0.013676541,0.0007967404,0.00045236823,0.982114,0.0015485118,0.0014118279
edoc46b,joy,joy,0.011299482,0.00078833196,0.00048552945,0.97962016,0.0021941224,0.0056123487
edocqjn,anger,anger,0.933592,0.02150696,0.0017961918,0.021612512,0.010114237,0.011378186
edocw5l,sadness,sadness,0.35970592,0.033989344,0.008459685,0.07668598,0.49411762,0.02704145
edod3e6,joy,joy,0.0017291781,0.000349532,0.0006459815,0.99548715,0.0011556627,0.00063249166
edodrci,surprise,surprise,0.010031426,0.0010064654,0.0012405898,0.002574649,0.0022056894,0.9829412
edoe247,sadness,sadness,0.0059280274,0.0022054268,0.0015996184,0.0060887192,0.97859955,0.0055787056
edoeh48,joy,joy,0.002494907,0.0003454839,0.00033772588,0.9946042,0.00062902266,0.0015886985
edoejlm,joy,anger,0.5620457,0.004045984,0.003952285,0.17827033,0.023924014,0.22776176
edoeypb,joy,joy,0.004522646,0.0011396076,0.000701872,0.98297775,0.0013287048,0.009329488
edog0bw,joy,sadness,0.06620904,0.0065112514,0.0076280967,0.302125,0.594744,0.022782572
edogdd7,sadness,joy,0.1644273,0.00852734,0.008377588,0.3401892,0.18103507,0.2974435
edoiosm,joy,joy,0.011583787,0.0015762179,0.00079810753,0.972321,0.00814048,0.005580394
edoj7ve,joy,joy,0.001733947,0.0004557187,0.00064872747,0.9886269,0.006698078,0.0018366951
edojf5w,joy,joy,0.0025602027,0.00039349153,0.00032318314,0.9949319,0.00053543475,0.0012558192
edokwxy,joy,joy,0.004581296,0.00085905154,0.0005158061,0.987364,0.0011449893,0.0055347844
edol784,surprise,surprise,0.013353949,0.001024583,0.0022430746,0.004986043,0.0053934455,0.9729989
edolxy5,anger,anger,0.926867,0.03585452,0.003170137,0.008508861,0.015441877,0.01015757
edom8il,surprise,surprise,0.005415249,0.0008478508,0.0010346886,0.030837033,0.0011769958,0.9606883
edomg6o,anger,anger,0.9035069,0.025075126,0.0028010914,0.013743253,0.017467804,0.03740577
edomho7,surprise,surprise,0.043681365,0.0021609918,0.0017149277,0.0046483437,0.0051875627,0.9426069
edomu36,joy,joy,0.009866904,0.000668142,0.00057463464,0.9785886,0.0012138876,0.0090878885
edona8g,joy,joy,0.0028378782,0.0005185516,0.00044468744,0.99358267,0.00095252437,0.0016636862
edopoqr,joy,joy,0.0019749634,0.00034137917,0.00030892287,0.995494,0.00051309826,0.001367577
edopst7,joy,joy,0.0015785728,0.00038690472,0.00035478346,0.99615854,0.00068312645,0.0008380887
edot2cu,sadness,sadness,0.052032508,0.004304462,0.004648163,0.0065631447,0.9238763,0.0085754795
edot3om,surprise,joy,0.036868572,0.0072344304,0.01524934,0.5622715,0.02439816,0.35397804
edot6go,joy,joy,0.0020354036,0.0003423765,0.00039151293,0.99547786,0.00091448013,0.0008384314
edottp2,joy,joy,0.0067504803,0.0004993615,0.00043535838,0.98643595,0.0015901377,0.004288666
edowtdr,joy,joy,0.0014832338,0.00037671125,0.0003818678,0.9966042,0.00036686118,0.0007870562
edowweu,joy,joy,0.0015899461,0.00036466165,0.00032072145,0.9952083,0.00076104683,0.0017552403
edoxmzk,joy,joy,0.00416509,0.0004467516,0.00034324705,0.99285567,0.0008713377,0.0013178934
edoy9yy,anger,anger,0.699759,0.017161166,0.0025554826,0.2360943,0.034259144,0.010170835
edoymh6,joy,joy,0.029646782,0.0010770742,0.0006589202,0.94995975,0.0027052558,0.015952243
edoyyye,joy,joy,0.005585977,0.00042449532,0.0003086195,0.9913839,0.0007006782,0.0015962601
edp09u3,sadness,sadness,0.012144795,0.00397275,0.0017223019,0.008286981,0.97196543,0.0019077985
edp0uwr,sadness,anger,0.8601552,0.029604727,0.0042656492,0.044595845,0.051249456,0.010129163
edp161d,joy,joy,0.0014688623,0.00036706444,0.00033539627,0.99661595,0.0004990279,0.00071368355
edp1dr5,joy,anger,0.9387836,0.013267801,0.002050297,0.02695239,0.005872948,0.0130729815
edp3os0,surprise,joy,0.00321091,0.00069283793,0.00079462107,0.97548705,0.00078791595,0.01902666
edp4grt,joy,anger,0.66608775,0.004290025,0.0019847082,0.26504946,0.024477659,0.038110435
edp4m3v,anger,anger,0.6526773,0.00759622,0.0017061699,0.2597338,0.0370208,0.041265707
edp5w86,anger,anger,0.8398908,0.008127678,0.0019791897,0.05369982,0.053871613,0.042430848
edp62db,surprise,surprise,0.18485671,0.0072709383,0.0045840903,0.076295055,0.010659645,0.7163335
edp8dxy,joy,joy,0.001687049,0.00041123177,0.00037147,0.9951749,0.00036546597,0.001989895
edp8gyz,joy,joy,0.0076749153,0.00068329065,0.0006898483,0.9759552,0.0026131792,0.012383638
edp8lj0,joy,joy,0.0034520312,0.00048692978,0.0005156386,0.97775704,0.0006977799,0.01709053
edp8zba,anger,joy,0.0048160986,0.0005151229,0.0004114747,0.9898891,0.0022357001,0.00213251
edp99d7,joy,joy,0.036329143,0.0011697919,0.0011487387,0.92810065,0.010879587,0.022372093
edp9eyi,joy,joy,0.0012152866,0.00036036622,0.00036854087,0.9969351,0.00038428706,0.0007363933
edpandf,surprise,joy,0.026062822,0.0018734444,0.0017399451,0.77725536,0.008584111,0.18448432
edpc3ur,anger,anger,0.83915484,0.015268415,0.004105455,0.025743082,0.016698334,0.09902993
edpen66,joy,joy,0.0030932792,0.00066016987,0.0005658581,0.9902374,0.0006875789,0.0047557824
edpewdt,joy,joy,0.0016921143,0.00045246736,0.000413049,0.9955403,0.00044025463,0.0014618499
edpf05v,anger,anger,0.8556351,0.004795656,0.0033514134,0.045465518,0.07413475,0.016617524
edpf9ol,anger,anger,0.9242089,0.007925309,0.0014970648,0.023304678,0.013396701,0.029667253
edph5p9,joy,joy,0.006536947,0.0018160422,0.0021760564,0.8748475,0.11079709,0.0038263455
edpi6k3,joy,joy,0.003436317,0.00051263784,0.000405756,0.99400336,0.00041991743,0.0012219577
edpjatm,sadness,sadness,0.0353068,0.005413816,0.0014677992,0.0061235456,0.9434501,0.008238041
edpjd0y,anger,anger,0.9475831,0.018168006,0.0022878647,0.009601839,0.012673437,0.009685835
edpn9m7,joy,surprise,0.056593057,0.0026317693,0.0026929097,0.051279157,0.02150943,0.8652936
edpnq8t,joy,joy,0.0014641971,0.0003457115,0.0003864448,0.99670756,0.00038453902,0.0007115048
edpnzul,joy,joy,0.017326841,0.0021571957,0.003625292,0.8207536,0.019839246,0.1362978
edpoidl,joy,joy,0.0040067458,0.00036695454,0.00037637865,0.99066305,0.0006643601,0.003922548
edpom9u,joy,joy,0.0018364063,0.00038803247,0.0003551062,0.9956969,0.00069437065,0.0010292173
edpp00u,anger,anger,0.80830157,0.009603107,0.0030069542,0.009774644,0.07536762,0.093946144
edpp1ko,joy,joy,0.0021956477,0.00048235897,0.0004968611,0.9924665,0.0017210745,0.0026374888
edppi7d,joy,joy,0.001122487,0.0002873395,0.0003351309,0.99679995,0.00039649106,0.001058656
edpq6cw,anger,fear,0.16935773,0.1990065,0.5726425,0.01604031,0.018787831,0.024165109
edprcgp,anger,anger,0.72861075,0.008937671,0.0035949647,0.010323176,0.011539499,0.23699401
edpriid,joy,joy,0.025915314,0.0028108254,0.006692561,0.7747553,0.16264838,0.027177664
edprirt,joy,joy,0.012442275,0.002760267,0.0026060264,0.6753059,0.004716261,0.30216932
edpt0zu,joy,joy,0.007198645,0.00051616353,0.00033292227,0.98796535,0.00090085925,0.003086136
edpu0ys,joy,joy,0.0038574662,0.00077245844,0.0005490952,0.9896208,0.0008625302,0.0043376656
edpv00z,joy,joy,0.017276593,0.0011785406,0.0027521772,0.9056437,0.024843916,0.04830516
edpvtxv,joy,joy,0.004196094,0.00043570017,0.00059752946,0.9925696,0.000886992,0.0013140378
edpw2z1,joy,joy,0.0028892828,0.00035983452,0.00032415942,0.9941871,0.00060906826,0.0016305038
edpwpju,anger,anger,0.87713706,0.033991795,0.0047507356,0.012633604,0.012474022,0.059012834
edpx81n,fear,fear,0.011547177,0.009713979,0.95333564,0.0073877857,0.0030567385,0.014958662
edpya46,sadness,sadness,0.01416551,0.0027478384,0.0012270608,0.012175646,0.9662674,0.003416495
edpyywe,joy,joy,0.0022952238,0.00039138616,0.00041117673,0.99364203,0.0015238494,0.0017363874
edpzhvj,surprise,surprise,0.0088519575,0.00082193717,0.0010744031,0.005796749,0.0019379364,0.981517
edpzv6w,joy,joy,0.0022793168,0.000492012,0.00041292503,0.9953635,0.00049699045,0.0009552076
edq0bqs,anger,anger,0.91986847,0.016829478,0.0017800808,0.030596726,0.017810449,0.013114757
edq1y7t,joy,joy,0.1418665,0.002087323,0.0017488296,0.80401605,0.007312307,0.04296897
edq2wc6,joy,joy,0.019294541,0.0033251485,0.0027872953,0.60447216,0.008661938,0.36145896
edq3d91,sadness,sadness,0.13200878,0.016730143,0.010686577,0.028825486,0.7922308,0.01951818
edq3k72,sadness,sadness,0.05388254,0.026541818,0.024263311,0.13162053,0.7418809,0.021810884
edq48mm,joy,joy,0.026657585,0.0013180487,0.0012337349,0.6825552,0.0029121628,0.2853233
edq4jwq,surprise,surprise,0.021029038,0.0015291596,0.0014292843,0.0034204675,0.0027217744,0.96987027
edq51n7,anger,joy,0.104023404,0.0016620198,0.0007800197,0.87818193,0.009716009,0.005636612
edq5fr6,joy,joy,0.0020739469,0.00027011032,0.00029115257,0.9954171,0.00049504434,0.0014526661
edq5l4u,joy,joy,0.22324051,0.0031485076,0.0015175119,0.7226607,0.017740995,0.03169174
edq5mpc,joy,joy,0.0013714485,0.00029848164,0.00029921922,0.99674004,0.00043041937,0.000860346
edq64nv,surprise,surprise,0.0046995827,0.0009356122,0.0015465283,0.0034519676,0.0011765686,0.9881898
edq6a6i,surprise,surprise,0.028261105,0.0017471594,0.0024231556,0.008090449,0.019361157,0.94011694
edq6lly,joy,joy,0.010137218,0.0024519588,0.002767509,0.5868494,0.005291773,0.39250216
edq8567,joy,joy,0.0020092556,0.00039141963,0.00045913827,0.99508685,0.001393286,0.00066004525
edq8t3g,joy,joy,0.0022089537,0.00034274047,0.00033682762,0.995272,0.00081335445,0.0010261809
edq9742,sadness,sadness,0.006156425,0.0027880245,0.0017509176,0.005599582,0.98184294,0.0018621506
edq9j92,anger,joy,0.37283313,0.00412378,0.002270228,0.583074,0.008243358,0.029455572
edq9k5o,joy,joy,0.0029340805,0.00041173445,0.0005512023,0.99166566,0.0033397134,0.0010976141
edqb2x4,fear,fear,0.006649383,0.004538334,0.95762587,0.011473075,0.007705601,0.012007693
edqbp7m,joy,joy,0.07242931,0.0020257633,0.0024540063,0.8421601,0.008817282,0.07211351
edqc1yz,joy,joy,0.001395487,0.00031880225,0.00031414512,0.99546236,0.0004661157,0.00204311
edqc8g7,surprise,surprise,0.004630323,0.0009152787,0.0013681891,0.013279407,0.001344217,0.9784626
edqe733,anger,anger,0.86171114,0.0075442065,0.0016760069,0.06268242,0.025426183,0.040960092
edqfwbb,sadness,sadness,0.02016437,0.0028796804,0.0016798205,0.0040649935,0.95667166,0.01453939
edqie2o,anger,joy,0.01692154,0.0014090833,0.0013189013,0.9706809,0.003699155,0.0059703644
edqjkm3,joy,joy,0.0026817361,0.00038330915,0.00036135103,0.9949673,0.00054212584,0.0010642142
edql0mu,joy,joy,0.001953743,0.00046365184,0.0003237628,0.9947241,0.00067617913,0.0018585185
edqlu8c,joy,joy,0.059424676,0.00910221,0.0039202645,0.784767,0.039692927,0.103092864
edqmmr8,sadness,sadness,0.013510945,0.0039053068,0.0013989883,0.007684914,0.971008,0.00249186
edqmqf8,anger,anger,0.6818532,0.08075932,0.01069696,0.1260753,0.051074956,0.049540278
edqop78,anger,anger,0.6119824,0.010717214,0.003701422,0.046189755,0.27514887,0.05226033
edqpdqx,joy,joy,0.008536215,0.0015553589,0.019202419,0.914894,0.02219016,0.033621825
edqpzk7,sadness,sadness,0.013171843,0.004401737,0.004994316,0.0093679745,0.9639318,0.0041323407
edqr7ji,joy,joy,0.0016117938,0.0003202106,0.0003181128,0.99614596,0.0004295627,0.0011743434
edqr7ka,joy,joy,0.023675272,0.0013014242,0.001296516,0.8311274,0.006555672,0.13604371
edqs4tt,fear,anger,0.38042334,0.17286356,0.22031859,0.035433315,0.04102008,0.14994113
edqsey9,surprise,surprise,0.011600476,0.0015149638,0.0018443695,0.16394262,0.0027871905,0.8183103
edqsfef,anger,anger,0.8703097,0.06565587,0.004442009,0.012173426,0.03133971,0.016079303
edqsiaj,joy,joy,0.05799365,0.0056007938,0.008317936,0.5477259,0.37525827,0.0051034316
edqsica,surprise,surprise,0.034085207,0.0012853366,0.0012218957,0.005515231,0.0027316776,0.9551607
edqssvy,surprise,surprise,0.049073115,0.0029590107,0.002248744,0.040347673,0.016192632,0.8891788
edqt9q9,sadness,sadness,0.27525267,0.01934651,0.0074932515,0.07359826,0.49946058,0.12484871
edqtehl,joy,joy,0.03660311,0.0031760712,0.0019395587,0.95016634,0.0012703363,0.0068445383
edqv0nr,joy,joy,0.0032599007,0.00045717054,0.00039564093,0.9941719,0.0006076616,0.0011077083
edqw4dy,joy,joy,0.009548468,0.0005453256,0.00088537665,0.9823283,0.0016845866,0.0050079413
edqwmts,joy,joy,0.00202572,0.00031112134,0.00067958876,0.994232,0.001571188,0.0011803295
edqxbkg,surprise,surprise,0.015204502,0.0011201077,0.0013388213,0.021030959,0.003211523,0.95809406
edqxzpp,joy,joy,0.0036891603,0.00056320016,0.0005900903,0.98725224,0.0067984853,0.0011067655
edqy1eu,anger,joy,0.10750826,0.007808868,0.00575385,0.41350338,0.4110185,0.054407198
edqy7bh,joy,joy,0.021081524,0.0009349379,0.00089110155,0.96185756,0.010680886,0.0045539388
edqzvxf,joy,joy,0.23683864,0.0042927116,0.002871335,0.702421,0.007720318,0.04585603
edr12yq,joy,joy,0.0012182387,0.0004166612,0.00045614666,0.99694854,0.00039779747,0.0005625689
edr1k22,joy,joy,0.09004562,0.0022260908,0.0022567962,0.86062294,0.0063648606,0.038483746
edr26ht,sadness,sadness,0.012282098,0.0022930722,0.0012321159,0.017479055,0.96267605,0.0040376745
edr298t,surprise,surprise,0.0080248285,0.0008569699,0.0008999264,0.009340133,0.0037147482,0.9771633
edr2wkn,joy,joy,0.027855847,0.0020323587,0.0027066825,0.93193245,0.015962455,0.019510156
edr3hu4,joy,joy,0.06974757,0.0025614174,0.0013457251,0.8925581,0.018680895,0.015106304
edr3qk1,sadness,sadness,0.112287074,0.004799912,0.0040951143,0.014497147,0.84787226,0.016448582
edr3vme,joy,joy,0.1094463,0.008949596,0.0050063697,0.8475514,0.015052549,0.013993777
edr4x9q,joy,joy,0.012226301,0.0010040271,0.0010854464,0.9657767,0.0027395238,0.017168077
edr4zvg,joy,joy,0.0015825627,0.00037619352,0.00036768426,0.996101,0.0004329197,0.0011395367
edr57s8,surprise,surprise,0.0057730954,0.0012083518,0.0016203125,0.00438732,0.0022297471,0.98478127
edr5f2c,joy,joy,0.005085654,0.0010226758,0.00097023457,0.96854424,0.0021311282,0.022246124
edr5llp,anger,anger,0.48131388,0.0111441575,0.0026363237,0.45671394,0.02102096,0.027170697
edr6hjf,surprise,surprise,0.009774156,0.0010256452,0.0010110097,0.01568195,0.0058246427,0.9666826
edr7dnd,joy,joy,0.0011154349,0.00032595178,0.00043609866,0.9968424,0.00059759646,0.000682557
edr85qe,joy,joy,0.0014117656,0.00036675957,0.00037049616,0.99664366,0.00042560638,0.0007818244
edr8fce,joy,joy,0.061677616,0.0028966607,0.0010801925,0.9134632,0.01341612,0.007466312
edr8tj5,joy,joy,0.024781728,0.001061581,0.0010221917,0.9345955,0.0061424254,0.03239659
edr95m4,joy,joy,0.002094146,0.0003731934,0.00050494587,0.99393386,0.00047012072,0.002623715
edr9gz1,joy,joy,0.005290808,0.0005408878,0.00046680664,0.9884121,0.001167124,0.004122291
edraces,joy,joy,0.0017136374,0.00042405326,0.0003921072,0.99603796,0.00062504184,0.0008071544
edrcsxd,joy,anger,0.5733331,0.00938337,0.00471327,0.22830999,0.13822746,0.046032898
edremjy,joy,joy,0.0019197555,0.0003791923,0.000412793,0.99568355,0.00045405366,0.001150718
edrf0al,joy,joy,0.07924416,0.024397057,0.020372478,0.44025472,0.15309903,0.2826325
edrfqxl,joy,joy,0.0029438222,0.000590138,0.0003844966,0.9933729,0.0005714724,0.0021372223
edrfs7m,sadness,fear,0.21186595,0.16387102,0.23730023,0.1851187,0.099629626,0.10221446
edrhxjz,surprise,surprise,0.15364404,0.0043260185,0.0046495823,0.02362068,0.127804,0.6859557
edri0r1,sadness,joy,0.045981158,0.0055136983,0.0065659285,0.46708637,0.46559542,0.009257408
edriki2,joy,joy,0.0013308157,0.00040058012,0.00042234486,0.99617577,0.00029921587,0.0013712519
edrj7db,joy,joy,0.0054954155,0.0010346093,0.00075356406,0.9891164,0.0011007624,0.0024991576
edrjho0,joy,joy,0.18078701,0.006879572,0.0058799954,0.4681485,0.3008306,0.037474263
edrjm8l,joy,joy,0.005146918,0.00057585083,0.00045915385,0.99115074,0.0012879615,0.0013793447
edrjy8b,joy,joy,0.0020845367,0.0002807442,0.00033415816,0.99501956,0.00077775394,0.0015031785
edrkw6p,joy,joy,0.0015798095,0.00039363024,0.00037273936,0.9964413,0.00040772255,0.0008048426
edrlos5,joy,joy,0.0015685965,0.00024329768,0.00028933148,0.99564964,0.0006949617,0.0015541173
edrls4n,joy,joy,0.015229335,0.0015338054,0.0008871289,0.9695248,0.0039406978,0.008884251
edrlwlq,joy,joy,0.001061672,0.00031021572,0.00033134592,0.9964288,0.00048596412,0.0013819399
edrmucl,anger,anger,0.8011254,0.026389247,0.0020638073,0.10671744,0.047315255,0.016388882
edrnbi7,joy,joy,0.0067700096,0.001051452,0.0007064314,0.97779024,0.0013957554,0.012286116
edrnnuj,joy,joy,0.0011900819,0.00036913928,0.00039184335,0.9965712,0.00045462168,0.001023032
edro4ig,sadness,sadness,0.009713323,0.0023079645,0.0015524746,0.012540889,0.97112435,0.0027610513
edroc0j,sadness,sadness,0.3362228,0.006550305,0.0047728047,0.04931223,0.561013,0.042128872
edrofh4,joy,joy,0.0012648699,0.00029456557,0.00035664215,0.9960175,0.00043102822,0.0016352865
edrophq,joy,joy,0.005025286,0.0005622407,0.0005696144,0.97636807,0.0006452109,0.016829519
edrpjzt,joy,joy,0.0036029671,0.00047549256,0.00039640345,0.99315274,0.00040371137,0.0019687568
edrqcb6,anger,sadness,0.29597434,0.18394017,0.00920426,0.017496934,0.48052326,0.012860996
edrqftq,surprise,anger,0.6605119,0.05014368,0.0054828436,0.07884474,0.17493662,0.0300802
edrr7yl,joy,joy,0.0014255887,0.00039421217,0.0004769674,0.99464214,0.00057778734,0.0024832627
edrrskr,surprise,surprise,0.014131339,0.0011540903,0.001972273,0.0042660553,0.002685104,0.9757912
edrry0k,joy,joy,0.021222815,0.0015089255,0.0014624757,0.90595824,0.008640581,0.061207
edrtg0a,joy,joy,0.0028702512,0.00043157942,0.00069085904,0.9927577,0.0016952963,0.0015542847
edrtigp,joy,joy,0.003618264,0.0006300446,0.00061347306,0.96876514,0.0005568816,0.025816185
edrv61p,joy,joy,0.0012172064,0.00033387667,0.00037416097,0.9968767,0.00035940268,0.00083860056
edrvxvk,fear,surprise,0.14262916,0.0046597994,0.012426012,0.06681657,0.07902003,0.6944485
edrw5oj,anger,anger,0.84560484,0.080528915,0.0038934727,0.034801073,0.02451399,0.010657728
edrwx1x,anger,anger,0.61928475,0.00921185,0.0045016087,0.013444441,0.06703127,0.2865261
edrx7ju,sadness,sadness,0.11264765,0.020915765,0.016243009,0.1900401,0.6352128,0.024940638
edrxm80,surprise,surprise,0.013114158,0.0025357844,0.0017072138,0.30053943,0.0021882,0.6799152
edrxqba,anger,anger,0.6780695,0.00952278,0.0047466485,0.25034,0.014528361,0.042792734
edrz015,sadness,sadness,0.009907936,0.0028395755,0.0016645535,0.0052292403,0.9780368,0.0023218691
edrz9eh,surprise,surprise,0.008182536,0.0010900074,0.0011520855,0.01762328,0.0014816734,0.97047037
eds0hr5,surprise,joy,0.014125658,0.0021326041,0.0018494985,0.6836437,0.004810279,0.29343832
eds0tur,surprise,surprise,0.010499127,0.0009668275,0.0010473446,0.003894056,0.002021443,0.98157114
eds0u7t,joy,joy,0.082860224,0.006773367,0.0043022926,0.61723226,0.13507785,0.15375406
eds10sl,surprise,surprise,0.012819693,0.0009496394,0.0019257533,0.004483476,0.0055332365,0.9742882
eds2wyn,joy,joy,0.0010473342,0.00033000883,0.00032807462,0.997022,0.00039614187,0.00087651244
eds3wxg,joy,joy,0.0031231262,0.00029255977,0.0003103292,0.9919635,0.0007187915,0.0035916616
eds5e1p,anger,anger,0.90769005,0.05265981,0.0030966485,0.01065505,0.021759909,0.0041385447
eds6fgw,anger,anger,0.5317674,0.0066968664,0.0024654798,0.0164111,0.034072306,0.40858677
eds6tu1,joy,joy,0.00097147445,0.00027375392,0.00032457596,0.99653697,0.00032852663,0.0015646942
eds7tyd,joy,joy,0.0063982275,0.00070908555,0.0014014117,0.95854187,0.0014185471,0.03153097
edsbf34,joy,joy,0.0012857745,0.00036060502,0.00040788614,0.9962999,0.0003760125,0.0012698885
edscggi,joy,joy,0.028852247,0.0014825069,0.001959659,0.91227794,0.010002862,0.0454248
edsch1w,joy,joy,0.0012769359,0.00034932964,0.00038291365,0.9963475,0.00048272678,0.0011606737
edscus1,joy,joy,0.0011625751,0.00028001203,0.0003310619,0.99672985,0.0004858616,0.0010106578
edsdnnp,anger,anger,0.6580407,0.0067937276,0.0029187165,0.110934734,0.1249038,0.09640836
edsdy8e,joy,joy,0.001223078,0.00035172817,0.0003533642,0.9959979,0.0004955474,0.001578419
edsek81,anger,anger,0.8656389,0.076539084,0.0034516247,0.01573945,0.03013902,0.008491801
edsf1m0,surprise,surprise,0.23848079,0.012490636,0.00559067,0.11011743,0.03056055,0.6027599
edsfu94,surprise,joy,0.021037485,0.0008774865,0.0009232513,0.9453318,0.0050771027,0.026752828
edsfzlx,joy,joy,0.001346864,0.00041825697,0.00040850334,0.996405,0.00027323622,0.0011480933
edsg5t7,sadness,anger,0.530467,0.031363852,0.018068086,0.06035919,0.3443383,0.0154035855
edsgre5,joy,joy,0.037685286,0.002159674,0.0009561297,0.94669044,0.004844623,0.007663831
edsh788,joy,joy,0.020386225,0.0012060511,0.0006742432,0.96536416,0.0038930837,0.008476243
edshkth,surprise,surprise,0.014210898,0.001135749,0.0009967797,0.002979445,0.0041453745,0.97653174
edsi4xr,joy,joy,0.0010751865,0.0003227306,0.00036769954,0.99637574,0.00055424724,0.0013043842
edsj0uu,joy,joy,0.05795819,0.002428643,0.0016844166,0.8108481,0.0057313377,0.12134932
edsmsf7,anger,anger,0.8481072,0.02299456,0.004214198,0.0633204,0.030296698,0.0310669
edsmt6r,anger,anger,0.76453435,0.018616814,0.0035093043,0.031693954,0.16940531,0.012240211
edsoqy3,joy,anger,0.6067919,0.019655239,0.0042385994,0.20333356,0.08073563,0.08524502
edsrb0i,anger,anger,0.9454158,0.0087363655,0.0012670844,0.025334306,0.009274092,0.009972438
edsrij6,joy,joy,0.0075369845,0.00067243003,0.00044424806,0.98869205,0.00086085696,0.0017934581
edssn96,joy,joy,0.0024873035,0.00048679137,0.00043373302,0.99374986,0.0011026594,0.0017396731
edst37m,joy,joy,0.0017830565,0.00031081462,0.00039955066,0.99350387,0.0013171234,0.0026855536
edstb0h,joy,joy,0.014577149,0.001697963,0.0034783506,0.8405732,0.13265857,0.007014794
edsug6k,joy,joy,0.0017189496,0.00035908195,0.00039553017,0.99585944,0.0007714543,0.00089546904
edsuwt0,anger,anger,0.88874537,0.03554305,0.0057894834,0.041318376,0.013940499,0.014663333
edsv92b,joy,joy,0.020891892,0.0015957662,0.0015348088,0.84556705,0.0043689213,0.12604156
edsx8jz,joy,joy,0.0786026,0.003404753,0.0011536753,0.9104074,0.0041879676,0.0022435812
edsy9ne,joy,joy,0.20286627,0.018217186,0.004552707,0.6796808,0.07397233,0.020710649
edszimp,sadness,sadness,0.014918445,0.0028496592,0.007397664,0.011136405,0.8830027,0.080695145
edszmqw,surprise,surprise,0.02394571,0.002414698,0.0023642622,0.33073142,0.008903657,0.63164026
edszrxl,disgust,disgust,0.18782775,0.732095,0.02021821,0.017976716,0.032502662,0.009379595
edt007n,surprise,surprise,0.010489758,0.0010453627,0.0015668824,0.0029711726,0.0035861132,0.9803407
edt00u0,surprise,surprise,0.03138506,0.0012076776,0.0011326466,0.012313079,0.0031164393,0.9508452
edt0dvz,joy,joy,0.0049673123,0.00059769466,0.0003523086,0.9916366,0.0008186812,0.0016273783
edt0oob,joy,joy,0.0010948628,0.0003697691,0.00038469618,0.99652606,0.00030435645,0.0013201793
edt1jzo,sadness,sadness,0.018696032,0.01765154,0.016232718,0.005094339,0.9227816,0.019543689
edt1t1f,joy,joy,0.0018839366,0.000337202,0.00033201787,0.9961468,0.00043067944,0.00086938305
edt2lfv,joy,joy,0.0022407821,0.0006320615,0.00046269057,0.9941591,0.00054367754,0.0019617165
edt2tdy,anger,anger,0.7172018,0.012420402,0.0025589124,0.10849309,0.06886661,0.0904591
edt2xdz,joy,joy,0.0032409546,0.0005232087,0.0006197374,0.9796127,0.0017513911,0.014252043
edt35uz,joy,joy,0.227476,0.009879947,0.002115706,0.7153588,0.038248014,0.0069215307
edt3ob9,joy,joy,0.0076641846,0.0008090628,0.0005631452,0.98210204,0.0045664865,0.0042950525
edt4yhh,anger,anger,0.8923324,0.0121685,0.001970155,0.035231277,0.019300558,0.038997076
edt5c68,anger,anger,0.40603584,0.3550134,0.03581057,0.029888904,0.1102486,0.063002616
edt5of9,joy,joy,0.004216146,0.00046819221,0.00032444246,0.9908214,0.0007785713,0.0033911723
edt640l,joy,joy,0.003141286,0.0003935875,0.00046244552,0.99318075,0.0017786338,0.0010433259
edt7yvb,surprise,disgust,0.1392936,0.712915,0.032533493,0.021663573,0.08447592,0.009118396
edt81gk,fear,fear,0.053987842,0.014796356,0.86784345,0.03371933,0.012422271,0.017230643
edt8evv,joy,joy,0.037685525,0.0025170476,0.0026575665,0.7882164,0.081199475,0.087723956
edt92z8,anger,anger,0.6954848,0.24270323,0.0056867003,0.028706627,0.020432314,0.006986381
edt9nrx,joy,joy,0.019644776,0.0014042974,0.0012273698,0.95906943,0.007895325,0.0107587725
edt9zur,joy,joy,0.045147605,0.0017995443,0.0045516076,0.71027917,0.062055524,0.17616649
edta83y,surprise,surprise,0.018313076,0.001330872,0.0012415646,0.045839947,0.0056507704,0.9276238
edtauw2,joy,joy,0.0015855657,0.0003102425,0.00031336263,0.9960388,0.0005162429,0.0012357766
edtc1hx,surprise,surprise,0.007465422,0.0016879048,0.0016027892,0.14260477,0.003207167,0.8434319
edtdb5j,joy,joy,0.030091148,0.001352528,0.002797954,0.9198778,0.011247503,0.034633048
edtewt2,joy,joy,0.0014295417,0.00039026875,0.0003715836,0.99664754,0.00039243512,0.00076855224
edtfjff,joy,joy,0.0059334873,0.0006215452,0.00038161446,0.98857284,0.0010856474,0.003404848
edtfpej,joy,joy,0.0068192943,0.000754382,0.00047516858,0.9887411,0.0021866583,0.0010233914
edtg8fe,anger,sadness,0.2803538,0.0154030975,0.09866409,0.15492715,0.40126717,0.049384672
edthuow,joy,joy,0.00087801286,0.00031404474,0.0004001858,0.9972658,0.00037113178,0.0007707849
edthwsj,anger,joy,0.024664061,0.001522316,0.0012049058,0.9478829,0.0093258135,0.01540005
edtiqvt,surprise,surprise,0.14966115,0.013245355,0.02524739,0.03382212,0.24515015,0.53287387
edtjmvq,sadness,sadness,0.31270978,0.0745177,0.027929487,0.048313186,0.5223098,0.014220095
edtkkre,anger,anger,0.4509497,0.002343471,0.002434188,0.400474,0.010975777,0.13282284
edtmgdk,joy,joy,0.021380149,0.0015040037,0.003089702,0.9451338,0.010951423,0.017940974
edtmuv8,anger,anger,0.6831044,0.023962269,0.0043108785,0.20199186,0.04051766,0.046113
edtnbd8,joy,joy,0.0037294198,0.00038643726,0.00036698673,0.99295676,0.0016692561,0.0008910836
edtnolf,surprise,surprise,0.021438543,0.002311926,0.0037121004,0.010587258,0.08821226,0.873738
edtntgz,anger,joy,0.04109423,0.0013434368,0.00073441863,0.9262105,0.0025224835,0.028094962
edtnu0y,surprise,surprise,0.014444467,0.0011481879,0.0013146137,0.013382034,0.002960635,0.96675
edto8z9,surprise,surprise,0.056233373,0.0033377258,0.0018834096,0.006828264,0.0047775693,0.9269397
edtosu3,surprise,surprise,0.10020081,0.003006027,0.0018660459,0.0057787728,0.0063066264,0.8828417
edtpktu,anger,anger,0.82438904,0.06402146,0.0034334494,0.034400582,0.066856965,0.006898546
edtrjvf,joy,surprise,0.04272768,0.0023986057,0.0017303013,0.2592651,0.019517088,0.6743612
edtsjzy,joy,joy,0.0023808915,0.00057347724,0.00045911773,0.99380845,0.00044112685,0.0023368446
edtsmqe,joy,joy,0.011163374,0.00059068156,0.0007698388,0.9502969,0.004497225,0.032682054
edtsz8r,joy,joy,0.0027525388,0.0004121054,0.0003763347,0.99179137,0.0009688751,0.003698746
edttuq9,joy,joy,0.0008993431,0.00035688942,0.00040376512,0.9967822,0.00038975684,0.0011680535
edtup0v,joy,joy,0.0019467754,0.00032084045,0.00034252906,0.9957799,0.0005523688,0.0010575495
edtuq2f,joy,joy,0.38232303,0.013307314,0.0023771643,0.54920954,0.031849027,0.020933941
edtv8n2,anger,anger,0.9392377,0.016416721,0.0016214486,0.009201313,0.019450143,0.014072653
edtvpei,anger,anger,0.633868,0.010692233,0.0071890005,0.30085248,0.012666441,0.0347319
edtw4oc,joy,joy,0.0014315201,0.00038403776,0.00039137277,0.99619955,0.00033375583,0.0012597784
edtwzpb,surprise,anger,0.6725273,0.04441911,0.013911971,0.018930152,0.049264666,0.20094675
edtx0e8,surprise,joy,0.0147790685,0.001084429,0.008132069,0.9549881,0.0036571007,0.017359229
edtybs0,sadness,sadness,0.023705063,0.0073892977,0.012661362,0.079031624,0.83961135,0.037601307
edtzphs,sadness,sadness,0.01172296,0.004049882,0.0026335472,0.008851135,0.9703653,0.0023771503
edtzvy1,joy,joy,0.0017403415,0.0003668385,0.0003544229,0.996393,0.00044528698,0.00070009194
edu1dgy,anger,anger,0.52871984,0.011091446,0.0056422036,0.38672686,0.030419916,0.037399635
edu1eit,joy,joy,0.0024953014,0.0005125212,0.00036890758,0.9948644,0.00052741717,0.0012314676
edu1lpq,joy,joy,0.003148393,0.00056214805,0.0006448019,0.9848563,0.0011358821,0.009652499
edu25vw,anger,anger,0.95638907,0.012010813,0.002837634,0.0073367185,0.0112522,0.010173637
edu2aha,joy,joy,0.0014724999,0.000311748,0.00028938503,0.99665654,0.00041188998,0.00085796096
edu2u6w,sadness,sadness,0.14877784,0.0053731473,0.0039481227,0.025624663,0.74739516,0.06888101
edu3lp2,anger,surprise,0.16033176,0.0043754694,0.0024111834,0.007624549,0.017999515,0.80725753
edu504s,surprise,surprise,0.031222029,0.0015697279,0.0015771466,0.009069035,0.0035559516,0.95300615
edu5i5x,anger,anger,0.4750852,0.007906447,0.0041503254,0.25355074,0.0899069,0.16940035
edu6nvg,joy,joy,0.0014860989,0.00038752236,0.00040292335,0.9966047,0.00044632805,0.0006724086
edu6t9l,anger,anger,0.8828828,0.02127728,0.006577808,0.04432627,0.021555834,0.023380106
edu7ulc,joy,joy,0.0051210173,0.0006086722,0.00043488288,0.9865372,0.001324561,0.0059736576
edu99pr,joy,joy,0.0018768187,0.00036692448,0.00042936802,0.99583364,0.00093910453,0.0005541832
edu9tv3,joy,anger,0.88570505,0.009249484,0.002313036,0.08275671,0.0070143216,0.012961476
edu9u33,surprise,surprise,0.0051914793,0.00090768636,0.0012590013,0.013057247,0.0012529662,0.9783317
eduah44,joy,joy,0.0017572509,0.0003676961,0.0003575559,0.99634165,0.00047487038,0.00070096477
edub220,fear,fear,0.0151694985,0.012803459,0.9494297,0.006173689,0.0038334897,0.012590231
edubzwy,anger,anger,0.95703524,0.011972225,0.0024526457,0.009789394,0.010330747,0.008419822
edud0wo,joy,joy,0.034341604,0.0017616367,0.0012385953,0.9349672,0.0045949956,0.023096
eduduat,anger,anger,0.6904775,0.0113207465,0.00316584,0.0070868754,0.018923314,0.2690258
eduehvf,joy,joy,0.0013096634,0.0003788769,0.0003731784,0.99679035,0.0003144388,0.000833509
eduepbc,joy,joy,0.0040025124,0.00048830407,0.00056918996,0.98692036,0.0010868072,0.0069328607
eduh6da,joy,joy,0.0026602643,0.00039494585,0.0004117438,0.994697,0.000740957,0.0010951391
eduhfmn,joy,joy,0.26944268,0.013785791,0.0058873747,0.36133865,0.07392517,0.27562037
eduhgy7,sadness,sadness,0.009664697,0.0027029573,0.0018212879,0.00804711,0.9744539,0.003309912
eduhv7n,sadness,sadness,0.12438944,0.013155642,0.0041966834,0.018719392,0.8295542,0.009984604
eduiukq,joy,joy,0.0021537535,0.00043435357,0.00043600245,0.9937704,0.0006451246,0.0025603902
eduj0ei,joy,joy,0.0012363825,0.0002598979,0.00032797482,0.9959881,0.00067894475,0.0015087351
eduk4z3,joy,joy,0.0042085303,0.0005592275,0.00035721113,0.9912082,0.0010527368,0.0026140758
edukufj,joy,joy,0.020273855,0.0011924536,0.00089623686,0.9583594,0.0028024998,0.016475644
eduljn4,anger,joy,0.32524,0.0304271,0.0118792,0.37508062,0.08540737,0.17196575
edulm1d,joy,joy,0.003575212,0.00038601115,0.0005164907,0.98950934,0.001681731,0.0043311156
edum01o,surprise,joy,0.06354397,0.0028300565,0.0018287953,0.74951327,0.007562196,0.17472175
edum6bm,joy,joy,0.037748497,0.0017942631,0.0010763351,0.87440234,0.009207169,0.075771354
edume43,joy,joy,0.0011842648,0.0003702797,0.000548673,0.9959038,0.00043504516,0.0015579305
edumf9e,fear,fear,0.043000076,0.0069746105,0.7444088,0.13686126,0.016975945,0.051779307
edumkw1,anger,anger,0.8389677,0.02700756,0.0048360913,0.045033004,0.053856157,0.030299503
edupgkz,joy,joy,0.030488528,0.001750145,0.000733305,0.9486565,0.007889567,0.01048202
edupzhr,anger,anger,0.84607613,0.009614694,0.0018539665,0.0110555375,0.013061519,0.118338175
eduq5ma,anger,anger,0.93018115,0.0150948735,0.0021764922,0.0073614614,0.008986936,0.036199197
eduqcfj,joy,joy,0.1019346,0.0016405538,0.0015179748,0.8568764,0.0054597063,0.0325708
eduqjmi,joy,joy,0.0012900939,0.0002853678,0.0002719944,0.996741,0.000579536,0.00083206635
eduroko,surprise,surprise,0.06150498,0.0018479996,0.001430616,0.0052116374,0.009444876,0.92055994
edush3w,joy,joy,0.0012346487,0.00028312535,0.00032616945,0.9953035,0.0006170942,0.0022354182
eduskcb,joy,joy,0.17968448,0.0068314057,0.012367736,0.7273405,0.017515315,0.056260508
edutjm3,surprise,joy,0.0025825775,0.00066222576,0.0006801283,0.97239256,0.0013901853,0.022292413
edutpey,joy,joy,0.0016853829,0.00027904546,0.00027846647,0.9959357,0.00042802052,0.001393403
eduuap1,joy,joy,0.0048575667,0.00068696844,0.000453758,0.9903876,0.0007230096,0.0028910579
eduuwuw,anger,anger,0.84451693,0.08135768,0.0061388956,0.025957217,0.028469384,0.013559897
eduv19s,joy,joy,0.01660365,0.0009967715,0.00096882775,0.96141076,0.0035065822,0.016513433
eduv2lk,joy,joy,0.0010486435,0.00029698675,0.0003784608,0.99701214,0.00046017868,0.00080354995
eduv9r7,joy,joy,0.22307345,0.012748188,0.0022255676,0.7260083,0.020583302,0.015361144
eduvq3f,joy,joy,0.007446357,0.00084900163,0.00078343885,0.95577294,0.0022111135,0.032937124
eduw05w,joy,joy,0.003397684,0.00055946107,0.00049155235,0.9916113,0.0010873849,0.0028527004
eduweu6,joy,joy,0.003744647,0.0010042054,0.00058970274,0.9906419,0.00061332044,0.0034062213
eduxmna,joy,joy,0.017042987,0.0031338902,0.004788758,0.9275135,0.04062555,0.006895301
eduxtn0,sadness,anger,0.8713787,0.042540915,0.0025164308,0.01637247,0.053229064,0.013962344
eduyvb4,joy,joy,0.0018629158,0.0003593094,0.00033426515,0.99469477,0.00075057324,0.0019982816
eduyz3m,sadness,sadness,0.081771545,0.23445079,0.12642917,0.020642357,0.51698065,0.019725487
eduzbw1,surprise,surprise,0.08381647,0.0023675128,0.0014559883,0.005948192,0.0053810007,0.9010308
edv05vl,joy,joy,0.0035703252,0.0004745213,0.0008218713,0.9859,0.0018283934,0.0074049546
edv0wb8,joy,joy,0.0019369756,0.00041311822,0.0003716222,0.9960443,0.0004646778,0.0007693453
edv16j8,joy,joy,0.0037381158,0.0006060728,0.0005953515,0.9916822,0.00087319844,0.0025050812
edv1o04,joy,joy,0.0060209422,0.0009136474,0.0018001717,0.9347977,0.0028299494,0.053637568
edv1vds,joy,joy,0.0028998973,0.00045719068,0.0004390257,0.99321634,0.0012307521,0.0017567979
edv2gbm,joy,joy,0.2947938,0.0033192653,0.0015473771,0.67329067,0.014503875,0.0125449775
edv3s59,joy,joy,0.0015792955,0.0003861588,0.00041612424,0.9963552,0.00054348196,0.00071979023
edv47dh,anger,joy,0.343631,0.00406796,0.0027644262,0.4442196,0.013828734,0.19148834
edv4coz,joy,joy,0.0018133501,0.00030722382,0.00031418982,0.99585766,0.00051148375,0.0011960496
edv4wxz,joy,joy,0.0011296358,0.0002928492,0.0003052987,0.9967001,0.00062526675,0.0009468907
edv55im,joy,joy,0.0010873759,0.00032007886,0.0003840463,0.99614185,0.00046468922,0.0016020071
edv5an2,joy,joy,0.067859136,0.0028409162,0.0021126638,0.86643636,0.008171514,0.05257944
edv5i27,joy,anger,0.79910266,0.0052895313,0.0032410559,0.15069708,0.014819568,0.026850099
edv5m5i,joy,surprise,0.06445613,0.006446599,0.0025799014,0.2033036,0.007013722,0.7162
edv5uzt,surprise,surprise,0.017684707,0.001104855,0.0012349198,0.015017167,0.0024618169,0.9624966
edv6crp,joy,joy,0.002179932,0.00042665875,0.00035941805,0.99503255,0.0004660609,0.0015353602
edv6kpo,joy,joy,0.0011190905,0.0002970266,0.0003822144,0.9960234,0.00040594037,0.0017723325
edv6odo,joy,joy,0.005454379,0.00089162955,0.0010780316,0.95928264,0.022965344,0.010327988
edv85qt,joy,joy,0.0037398876,0.00052244996,0.00062866724,0.98913294,0.00086785,0.005108115
edv8awt,anger,sadness,0.29011455,0.044461157,0.008512052,0.033579852,0.6151403,0.008192106
edv8u3p,anger,anger,0.9499404,0.012248684,0.0012960428,0.016288694,0.0129295895,0.007296609
edv9qun,joy,joy,0.033642363,0.0016202785,0.0014978991,0.9577543,0.0030352622,0.002449906
edvaw2d,anger,anger,0.8918841,0.00856457,0.0015210959,0.030409556,0.057195447,0.010425217
edvbmqj,surprise,surprise,0.010239961,0.0010889403,0.0010845828,0.01862062,0.0017967866,0.9671691
edvcsq3,surprise,surprise,0.08245026,0.002440544,0.002082978,0.010709677,0.016681489,0.8856351
edveaey,joy,joy,0.39657733,0.0143574765,0.00748944,0.53849375,0.01372374,0.029358327
edvfv32,surprise,surprise,0.007947828,0.00085790956,0.00087785954,0.0042938064,0.0025992747,0.98342335
edvg1hx,anger,anger,0.71846354,0.010492676,0.002944713,0.01173584,0.0151753,0.24118787
edvgshl,joy,joy,0.017637841,0.0010876457,0.0009831955,0.95932466,0.007774791,0.013191796
edvha8c,joy,sadness,0.12365417,0.0044521373,0.003940247,0.0609606,0.79094255,0.016050221
edvhd62,joy,joy,0.026680825,0.0015953257,0.0011257435,0.9626984,0.0008549666,0.0070447526
edvhfck,surprise,joy,0.009349813,0.001031406,0.00087446306,0.850146,0.0020401313,0.13655826
edvhzyv,surprise,surprise,0.010810216,0.0009110405,0.0014163348,0.0032300346,0.0030163117,0.9806161
edvia6w,anger,surprise,0.31409222,0.009060066,0.0031400505,0.00654655,0.021318506,0.64584255
edvintk,joy,joy,0.0011464003,0.00034153508,0.00038004946,0.99708575,0.00041272043,0.0006335792
edvjqcb,joy,sadness,0.01806471,0.0042708763,0.002830102,0.01761366,0.9491361,0.008084504
edvmgkg,anger,anger,0.9481926,0.013693459,0.0020820517,0.0066515882,0.00902263,0.02035754
edvpyhy,anger,anger,0.9029703,0.029494755,0.0038815548,0.013807259,0.042164844,0.007681193
edvqiue,joy,joy,0.001494759,0.0003653393,0.00038381098,0.99611306,0.0008515459,0.0007914415
edvrv7m,joy,joy,0.00125613,0.00036464413,0.00034392942,0.9968485,0.00038699072,0.0007997537
edvu0ci,surprise,surprise,0.0053980756,0.0012726951,0.002157143,0.027246345,0.0015987349,0.96232706
edvyyxq,joy,joy,0.30871108,0.0083179595,0.0018061149,0.6415703,0.024120722,0.015473812
edvz139,joy,joy,0.0017574644,0.00031365856,0.0003541328,0.99616677,0.0006582882,0.00074968947
edvztlk,sadness,sadness,0.1192972,0.012463223,0.031514134,0.032594737,0.7048542,0.09927648
edw05rs,sadness,sadness,0.01036031,0.0045085484,0.0019293013,0.005934041,0.9752499,0.002017895
edw06or,joy,joy,0.0018170546,0.0003582175,0.00038901131,0.99596256,0.0007937613,0.00067943515
edw1eof,joy,joy,0.0027665545,0.0005492437,0.000555174,0.994159,0.0005990298,0.001371019
edw2gad,joy,joy,0.004477008,0.0005914271,0.00050209276,0.98771054,0.00069638406,0.006022539
edw3diz,joy,joy,0.001626172,0.0003624449,0.00038504813,0.99623615,0.0006620098,0.00072826433
edw46zj,anger,anger,0.39829043,0.0943991,0.015567668,0.09455482,0.36031288,0.036875136
edw49bz,sadness,sadness,0.028891707,0.003995535,0.0016274776,0.028822431,0.9334715,0.003191431
edw52vs,anger,anger,0.81957066,0.013747245,0.0026766157,0.010191135,0.03969849,0.11411588
edw5hse,surprise,surprise,0.021849299,0.005447057,0.013817759,0.12555422,0.01897396,0.8143577
edw5ip5,joy,joy,0.0015261602,0.00028998908,0.00047209795,0.99250823,0.00067866023,0.0045249197
edw61y8,joy,joy,0.004280822,0.000734868,0.00046403334,0.989423,0.0010370156,0.0040603434
edw6cr9,joy,joy,0.0028761094,0.00044287855,0.000325994,0.99478334,0.00082443416,0.0007473102
edw6jpw,joy,joy,0.0027169858,0.00042795495,0.00036768423,0.9949868,0.00042016935,0.001080481
edw7914,joy,joy,0.0043565296,0.00076711056,0.0008102557,0.929682,0.00090902584,0.06347509
edw7b8p,joy,joy,0.0017876995,0.00033999956,0.0004212068,0.99548304,0.00040673377,0.0015613373
edw7d25,surprise,surprise,0.009550022,0.0008397997,0.0010125461,0.011562499,0.0040067625,0.97302836
edw7wz9,anger,anger,0.88577384,0.007900917,0.001501119,0.025777193,0.04547491,0.033572026
edwbezv,joy,joy,0.0018714169,0.0003614916,0.0003659574,0.9960394,0.00036724046,0.0009944349
edwbgad,anger,anger,0.87994206,0.014912172,0.0020913873,0.06733122,0.018264364,0.017458817
edwcfah,joy,joy,0.0012497172,0.00041498846,0.00043833884,0.99563533,0.0007592767,0.0015022873
edwe3w0,joy,joy,0.0015929664,0.00039632653,0.00041945503,0.9905443,0.00068937533,0.0063575497
edweo67,anger,anger,0.78771126,0.086816,0.0073168986,0.0596536,0.034085713,0.024416566
edweqdg,joy,joy,0.001958438,0.00038549388,0.0007362393,0.99448496,0.0011994616,0.0012353074
edwf9b0,anger,anger,0.9444259,0.011234196,0.0021276602,0.008125845,0.0072025093,0.026883991
edwfc6l,sadness,sadness,0.010555962,0.0025567764,0.002281262,0.026220882,0.95568705,0.0026980361
edwflgm,joy,joy,0.002916704,0.00057435496,0.0005936801,0.993504,0.00107291,0.001338402
edwfyp7,joy,joy,0.0013037168,0.00033154734,0.0003726958,0.9968176,0.00041235966,0.000762051
edwi38y,surprise,surprise,0.022328371,0.0016197318,0.0020968993,0.011702109,0.020056674,0.9421962
edwiska,joy,joy,0.0095173335,0.00076900073,0.0006699534,0.9844434,0.0024329254,0.0021673169
edwk0m7,joy,joy,0.0014784101,0.00030276534,0.0003367239,0.99630654,0.00045881982,0.0011167147
edwk0oj,joy,joy,0.0016035304,0.00029783865,0.0004272787,0.9964204,0.00064470264,0.0006063361
edwkwli,joy,joy,0.005317869,0.00076155283,0.0008300725,0.97866815,0.0037263618,0.010696007
edwmxtt,joy,joy,0.0013628307,0.00037503446,0.00036302698,0.996298,0.00037044572,0.0012306715
edwn175,anger,anger,0.943969,0.015818132,0.0031203232,0.010612671,0.013787963,0.0126918955
edwnpw4,surprise,surprise,0.018573321,0.0016664824,0.0023846708,0.003643577,0.013751961,0.95997995
edwo0oe,joy,joy,0.13381201,0.013657231,0.0025850036,0.8316157,0.010706178,0.007623841
edwp27w,anger,anger,0.6477165,0.006280453,0.0032733206,0.07126645,0.00885338,0.26260984
edwpjy6,joy,joy,0.0046322667,0.0005951633,0.0004899172,0.9647369,0.00060916663,0.028936682
edwpyu0,surprise,joy,0.090071276,0.0038818107,0.0021165456,0.6293958,0.008888925,0.26564568
edwr3cq,sadness,sadness,0.006821193,0.0021479726,0.0055687735,0.006405229,0.9611455,0.017911308
edwr9lk,anger,anger,0.7315718,0.007643809,0.0022840458,0.22789381,0.012278459,0.018328058
edws2oq,joy,joy,0.083369985,0.0024504748,0.0030116844,0.75027585,0.007657321,0.1532346
edwtoac,joy,joy,0.0013392661,0.00035840564,0.00035274948,0.996815,0.0004995803,0.0006350594
edwtzy1,sadness,sadness,0.081936605,0.010481622,0.0038522556,0.025650863,0.87026364,0.007815002
edwufa0,joy,joy,0.0066121314,0.0013171342,0.0015281385,0.91942424,0.059994742,0.011123617
edwui9i,joy,joy,0.09113055,0.0021829496,0.0043437947,0.86216545,0.00758931,0.03258796
edwv9np,joy,joy,0.27674296,0.010601695,0.016605698,0.60870576,0.016374432,0.07096944
edww55n,anger,anger,0.9369539,0.012940595,0.0022033728,0.011850482,0.02388986,0.012161825
edwwszh,surprise,surprise,0.019304961,0.0013428451,0.001370603,0.009084581,0.0044143973,0.9644827
edwxmtq,joy,joy,0.002852052,0.00041054896,0.00033403473,0.99303985,0.0009659111,0.0023974795
edwxs65,joy,joy,0.0050857086,0.00041721956,0.0013659642,0.985394,0.0042517455,0.0034853155
edwxz16,joy,joy,0.025793796,0.0013735777,0.001778213,0.9249743,0.00321041,0.042869683
edwxzep,joy,joy,0.011654509,0.00079937495,0.0021153125,0.940061,0.021837207,0.023532677
edwy4p8,joy,joy,0.004057855,0.0004109436,0.00064371474,0.98357046,0.0011741496,0.010142902
edwyk22,sadness,sadness,0.0060258573,0.0021166087,0.0014232075,0.0141654,0.97210824,0.004160652
edwyv5r,joy,joy,0.025225328,0.0012811547,0.0028602541,0.70017654,0.0066081663,0.2638485
edwz7ql,joy,anger,0.9366641,0.0065568406,0.0014358428,0.029212464,0.0056063174,0.020524481
edx09pv,surprise,surprise,0.015868574,0.0012089601,0.0010294714,0.008185958,0.0029772324,0.9707299
edx11pt,surprise,surprise,0.011061637,0.0011753567,0.0019243986,0.008058641,0.005940683,0.9718393
edx1fni,joy,joy,0.024339648,0.0016208955,0.0028947326,0.7845973,0.003915016,0.18263243
edx1vzy,surprise,surprise,0.016481366,0.0012504283,0.0013381838,0.004280067,0.0031919903,0.973458
edx2gt9,joy,joy,0.0021956558,0.00042450754,0.00047693428,0.9937748,0.0003336316,0.0027944732
edx48n6,joy,joy,0.0033245957,0.00040831594,0.00030531504,0.99323225,0.0009033013,0.0018262499
edx4kw9,joy,joy,0.01719787,0.0017606199,0.0026187166,0.837637,0.0072206343,0.1335652
edx4rns,joy,joy,0.0053392597,0.0008472705,0.00097317476,0.96795213,0.0037010591,0.02118719
edx57jk,anger,anger,0.9387229,0.0124032,0.0018211392,0.021651886,0.014043179,0.011357681
edx5d8f,anger,joy,0.020115385,0.0010455129,0.0008209609,0.9624119,0.0015521521,0.014054156
edx5rag,surprise,joy,0.027802816,0.0008306113,0.0006592909,0.9585068,0.0034011924,0.008799352
edx69m2,anger,anger,0.37645003,0.3413483,0.04723504,0.1454017,0.031670228,0.057894677
edx6drl,joy,joy,0.32318988,0.007159784,0.0020866047,0.6274892,0.03353094,0.006543593
edx6f3m,joy,joy,0.06784406,0.0030663188,0.0018106418,0.9147967,0.007038363,0.005443848
edx6rqp,anger,sadness,0.24297066,0.01692068,0.003299486,0.022074427,0.7044037,0.010330997
edx7r3h,surprise,anger,0.7426144,0.005332008,0.0021967092,0.1437937,0.07036264,0.035700493
edx7yo0,surprise,surprise,0.030322054,0.0013553656,0.0011806134,0.0044107023,0.007115879,0.9556154
edx90s5,sadness,sadness,0.017580247,0.0033012473,0.01970871,0.016399322,0.931534,0.01147643
edx9gz9,anger,surprise,0.26190013,0.004510426,0.002682156,0.007822021,0.018658383,0.7044268
edxcfte,sadness,sadness,0.0675579,0.010740285,0.0037661067,0.0126565425,0.8927919,0.012487219
edxczlu,joy,joy,0.05852292,0.0013763881,0.0014676915,0.9061112,0.0061540357,0.026367698
edxduqv,joy,joy,0.0032049292,0.00051801495,0.00053357036,0.9858555,0.0013211322,0.00856685
edxf3q6,joy,joy,0.0040236125,0.0005004607,0.00047864224,0.9850588,0.0024247665,0.007513783
edxfq90,anger,joy,0.1734796,0.0069727595,0.004334485,0.6209329,0.060542822,0.13373747
edxg0ex,joy,joy,0.04491479,0.0019428276,0.0013259633,0.9112957,0.012885089,0.027635686
edxi54r,anger,anger,0.81291986,0.05087747,0.0072991382,0.07650281,0.03211734,0.020283408
edxk72q,joy,joy,0.08977309,0.0062909466,0.0024760896,0.88790476,0.0038268398,0.009728326
edxkcsi,sadness,surprise,0.027584795,0.0018159613,0.0023321474,0.0033606568,0.01609376,0.9488127
edxlkge,joy,joy,0.0015579801,0.00042937594,0.0004177118,0.9958087,0.00034402855,0.0014422386
edxn9h8,anger,anger,0.77571595,0.009524177,0.0023812978,0.13332959,0.025527716,0.053521276
edxnylo,surprise,joy,0.067964286,0.00317047,0.003492896,0.47723567,0.048048813,0.40008792
edxo1s2,joy,joy,0.004319171,0.000637903,0.00051697355,0.99099076,0.0017602295,0.0017750607
edxodu9,joy,joy,0.0013262756,0.00038749806,0.0003842701,0.9966995,0.00034450743,0.0008578941
edxoipc,sadness,surprise,0.05259992,0.0033026587,0.0051621473,0.016517745,0.014679308,0.90773815
edxoxsd,sadness,sadness,0.007804614,0.0028041506,0.0018851992,0.010487538,0.9743016,0.0027169753
edxqdx2,anger,sadness,0.10197344,0.0056622345,0.011224089,0.04142223,0.57777596,0.2619421
edxrkwr,joy,joy,0.025249159,0.0014901761,0.0010148849,0.9624448,0.0052864845,0.004514529
edxru2a,joy,joy,0.0013765998,0.0003699685,0.0005387571,0.99658906,0.00042493135,0.00070073304
edxuqlr,joy,joy,0.027530802,0.0021280695,0.0013028418,0.93923306,0.0030021693,0.026803104
edxv79x,joy,anger,0.86761045,0.010936951,0.0023675857,0.06303302,0.02115189,0.034900095
edxv95q,joy,joy,0.004215833,0.0007514563,0.00056307646,0.99274147,0.00048425538,0.001243991
edxwb82,anger,joy,0.030700259,0.0011343135,0.00078230683,0.95779794,0.0031015032,0.006483659
edxwfft,anger,surprise,0.1560866,0.0032558572,0.002627209,0.019088648,0.035281833,0.7836598
edxwwmw,joy,joy,0.0013695483,0.0003665299,0.00044403612,0.9963444,0.00038106766,0.0010943532
edxy2lx,joy,joy,0.0010801535,0.00035694902,0.00040944119,0.9968052,0.00040251625,0.0009458005
edxydoo,joy,joy,0.11946999,0.005173819,0.004226936,0.49666956,0.051753163,0.32270646
edxyeso,disgust,joy,0.026073722,0.004287425,0.0025598358,0.930821,0.0049172994,0.031340778
edxzmd7,anger,anger,0.9414025,0.0068797236,0.0012208897,0.020178782,0.01571705,0.014601001
edy0es2,joy,joy,0.0032851924,0.00048112523,0.00038512197,0.99359035,0.0007723741,0.0014858979
edy0qui,surprise,surprise,0.013350378,0.0013800357,0.0014956099,0.003590066,0.0028337955,0.97735006
edy0rbp,joy,joy,0.0033410012,0.00047553607,0.000380627,0.9941293,0.0007260948,0.0009474506
edy1rlg,sadness,sadness,0.009326881,0.0023045682,0.0012580829,0.0037803259,0.9794541,0.0038760754
edy378x,joy,joy,0.026392424,0.0018897366,0.0031544997,0.8679733,0.02374678,0.076843224
edy3eip,joy,joy,0.0035747762,0.00045529977,0.00033004838,0.9932274,0.0004295276,0.0019829692
edy46h3,joy,joy,0.020121533,0.0019636757,0.0010301771,0.96343166,0.0019933414,0.011459674
edy4arz,surprise,surprise,0.005294522,0.0008304977,0.0013293838,0.009259637,0.0011718654,0.982114
edy5dg0,joy,joy,0.0012251107,0.00031718987,0.00035143286,0.99668604,0.0005440226,0.0008761402
edy5jwp,joy,joy,0.0013885617,0.00037507617,0.00035060075,0.995928,0.0007947741,0.0011629501
edy5pfy,surprise,surprise,0.0066478094,0.0009867131,0.0018628015,0.0047926963,0.0019673456,0.9837427
edy5vqi,anger,anger,0.5472713,0.04007728,0.0053103534,0.05363323,0.31957832,0.03412953
edy677w,surprise,surprise,0.0069694547,0.0010259183,0.001163733,0.006129524,0.0012949093,0.98341656
edy6x8v,anger,anger,0.7317082,0.021547955,0.0029012808,0.17670515,0.015909718,0.05122767
edy7h3b,anger,anger,0.7365745,0.0063092103,0.0031349538,0.026481634,0.16647775,0.061021958
edy81cn,joy,joy,0.0012320189,0.0003260583,0.00032478123,0.9967546,0.00051665574,0.00084586
edy8c5e,joy,joy,0.0046948283,0.0006409121,0.00048349303,0.98859763,0.0007910863,0.0047920095
edy8hly,joy,joy,0.01961823,0.0009385386,0.00071872736,0.96881926,0.0014413671,0.008463756
edy8tvf,joy,joy,0.0010570685,0.0004274679,0.00060090807,0.9942942,0.00049524434,0.0031250622
edy9n76,sadness,sadness,0.19341137,0.030474538,0.049932953,0.050805032,0.5986417,0.07673447
edyaw53,anger,anger,0.9179357,0.010183968,0.002132834,0.03161899,0.014545455,0.02358309
edybs4x,joy,joy,0.0021730189,0.00039603838,0.0003541915,0.9952166,0.00048930896,0.0013708883
edyc7pp,joy,surprise,0.020431366,0.0036137751,0.003007715,0.44883928,0.012913337,0.5111946
edyccnc,sadness,sadness,0.011234528,0.002420586,0.0015400833,0.037578758,0.94468486,0.0025412089
edyclcq,joy,joy,0.12676339,0.003147936,0.0012951326,0.8531734,0.006751448,0.008868723
edydbrd,surprise,surprise,0.004939657,0.00096010807,0.0013739937,0.011456953,0.0016507526,0.97961855
edydpu7,joy,joy,0.0018071273,0.00038588038,0.00039030318,0.9957963,0.00047730163,0.0011430325
edye4g8,anger,anger,0.8990793,0.043198373,0.0042752083,0.009556216,0.0380284,0.005862484
edyec0c,sadness,disgust,0.31214014,0.47879368,0.02171381,0.10621567,0.061420325,0.019716404
edyf2ke,joy,joy,0.005574814,0.00055183604,0.00040287338,0.9906736,0.0006106736,0.002186292
edyfcmm,joy,joy,0.0020317482,0.00048253278,0.0005853086,0.9949492,0.0005127534,0.0014383809
edyfgxf,anger,anger,0.92236876,0.039779183,0.0021317252,0.0137736555,0.016144883,0.0058017876
edyfvev,sadness,sadness,0.009506543,0.002203325,0.0011033079,0.008485846,0.97590816,0.0027927565
edyh8s2,sadness,sadness,0.009382942,0.0030050175,0.002968905,0.010719974,0.96996593,0.0039572623
edyhq3h,joy,anger,0.71187276,0.0057082055,0.0037612447,0.21681362,0.022404956,0.039439227
edyjkm5,joy,joy,0.01341345,0.0016829707,0.0017493184,0.9423291,0.0061655543,0.03465959
edyjrly,anger,surprise,0.24463841,0.009815264,0.0092049055,0.11727307,0.28653407,0.33253428
edykhct,joy,joy,0.001063275,0.00037789112,0.0004488221,0.9969593,0.0004922485,0.0006584497
edyls9d,joy,joy,0.0024134074,0.0002888651,0.0005146992,0.9937403,0.00079871394,0.0022440373
edynhdr,joy,joy,0.0014851496,0.00031065388,0.00042313847,0.99630725,0.00082895363,0.00064478524
edyoicb,joy,joy,0.0011192693,0.00033895872,0.0003721894,0.99693334,0.00030981356,0.00092635857
edyp9kw,joy,joy,0.001939628,0.00040739545,0.0003778403,0.9959235,0.00041360167,0.0009379402
edyqbyd,sadness,surprise,0.026489917,0.0026636554,0.0043466003,0.025570361,0.03425862,0.9066708
edyr65q,joy,anger,0.598662,0.005758654,0.002511007,0.3191457,0.027445704,0.04647691
edyraqi,joy,joy,0.0023762207,0.00038752554,0.00034944704,0.99434966,0.0011149764,0.0014221817
edyrq1l,joy,joy,0.0017495925,0.0003996071,0.00037217527,0.9961319,0.0006144524,0.00073235005
edysaux,joy,joy,0.001010256,0.00026398487,0.0003073947,0.9971341,0.00049255014,0.0007916764
edyt58s,sadness,anger,0.5218496,0.004707621,0.003038315,0.42718217,0.018600723,0.024621658
edyvtuf,anger,anger,0.9084437,0.044689212,0.0024612413,0.011413077,0.026659394,0.006333388
edyvuoz,surprise,surprise,0.037797242,0.0024349936,0.002153862,0.0096248435,0.00934647,0.9386426
edywep7,joy,anger,0.82210916,0.016989661,0.0048885513,0.046128206,0.09780521,0.012079238
edywf58,joy,joy,0.008675453,0.00078602467,0.0005191447,0.9855363,0.0016702816,0.0028128272
edywkws,joy,joy,0.0012808935,0.00028110822,0.0003103257,0.9968286,0.00038488142,0.0009141683
edywplg,joy,joy,0.08988931,0.0030424297,0.0025502376,0.7211073,0.046683054,0.13672765
edyxspl,joy,joy,0.0012015057,0.00034266236,0.0003605382,0.9969777,0.0003849665,0.0007327031
edyyavm,joy,surprise,0.06848661,0.0061476664,0.008318768,0.42773253,0.018732835,0.4705816
edyyeze,anger,disgust,0.14886193,0.7990263,0.024688412,0.007252222,0.016030924,0.004140195
edyyo57,joy,joy,0.0019658015,0.00038836867,0.00030893367,0.9952507,0.00054677634,0.0015393706
edyyzqj,joy,joy,0.0010596149,0.00029002372,0.00034421694,0.9966582,0.000494525,0.0011534625
edyz39n,joy,joy,0.0011673032,0.00025588772,0.00027291005,0.9960303,0.00064343266,0.0016301466
edyzwev,joy,joy,0.11972559,0.0025999567,0.0020483532,0.46694633,0.0156404,0.39303935
edyzz7n,joy,joy,0.0016208725,0.00043450473,0.00031404686,0.99606824,0.000376972,0.0011853152
edz05mk,joy,joy,0.0024695743,0.00031542464,0.00038597445,0.9947519,0.0010064525,0.0010707569
edz0bkc,joy,joy,0.0012371221,0.00035117572,0.00033576728,0.99687374,0.00040598886,0.0007961907
edz1ycy,anger,anger,0.9561122,0.007640272,0.0017476677,0.011155118,0.0085727405,0.014772078
edz21ds,surprise,surprise,0.018558195,0.0011450639,0.0008565855,0.013267587,0.002038014,0.96413445
edz21ea,joy,joy,0.0033695807,0.0004920203,0.00060379703,0.9804104,0.000684131,0.014440046
edz2bc6,disgust,anger,0.8294,0.058084484,0.0065491004,0.02476151,0.05091473,0.03029016
edz2w60,surprise,surprise,0.031745568,0.001920725,0.001736978,0.08236667,0.0048265266,0.87740344
edz38a0,disgust,disgust,0.03623269,0.9085638,0.02747383,0.008573227,0.012592877,0.0065635904
edz45t9,joy,joy,0.0056484817,0.0005393683,0.00054140907,0.9780107,0.0020127264,0.013247326
edz4k8j,joy,joy,0.0021601818,0.00037108074,0.00038223283,0.99520016,0.0010519552,0.00083434436
edz4zdm,anger,anger,0.676738,0.019982303,0.0060169087,0.075452164,0.062161442,0.15964915
edz5ktg,joy,joy,0.0012262559,0.00023184896,0.00044925834,0.99640393,0.0005607119,0.0011279106
edz5u0d,anger,anger,0.784602,0.016634878,0.0057327915,0.036355875,0.04246056,0.11421395
edz6bti,joy,joy,0.0013563898,0.00037508365,0.0003459508,0.996461,0.0005290284,0.0009325603
edz79om,surprise,surprise,0.0061787134,0.0013288842,0.0023235064,0.021340225,0.0059721796,0.9628564
edz86do,sadness,sadness,0.053836778,0.00871868,0.0025877657,0.0148904985,0.9165087,0.0034576424
edz8i7b,surprise,surprise,0.053055756,0.003913028,0.008866692,0.04742846,0.3734528,0.51328325
edz9es0,joy,joy,0.0016016889,0.0005269762,0.00042122364,0.99467444,0.00049956044,0.0022761594
edz9zrb,sadness,sadness,0.06047972,0.0068975277,0.0019397789,0.018057376,0.90538466,0.0072409012
edzbxy3,joy,joy,0.0011803809,0.00034929015,0.00034443598,0.99703324,0.00039843403,0.00069426926
edzdhwe,joy,joy,0.0011805955,0.00034401697,0.00041405208,0.9970252,0.00046237122,0.0005737393
edzev31,surprise,surprise,0.044912655,0.0018061898,0.0014859658,0.004064555,0.004803456,0.94292724
edzeyr1,sadness,sadness,0.029676218,0.0024588548,0.0020382912,0.015058184,0.9441643,0.006604067
edzfb4z,joy,joy,0.0017164064,0.0003181442,0.0003734925,0.9942766,0.0008388217,0.0024765956
edzhvdj,joy,joy,0.0016930946,0.00034380428,0.00028764413,0.9962915,0.00041584534,0.0009681247
edzhwe9,surprise,joy,0.012594665,0.0013016969,0.002066518,0.86675704,0.003669616,0.11361048
edzhzd8,anger,anger,0.8944125,0.034767684,0.0022346731,0.018317003,0.04055875,0.009709297
edzj0ad,surprise,surprise,0.31193548,0.008128493,0.0033194828,0.009093141,0.012525232,0.6549982
edzj5fx,joy,joy,0.002165607,0.00041842746,0.00038013782,0.9956132,0.00031958002,0.0011029628
edzkjr0,joy,joy,0.0012636359,0.00044624833,0.00063279696,0.9956809,0.0012352847,0.0007410115
edzkxv5,sadness,sadness,0.014322322,0.0037113808,0.0019652722,0.0060874303,0.97158694,0.0023266075
edzmcqr,anger,joy,0.005184005,0.0006688009,0.00089846924,0.96727574,0.0026149766,0.023357999
edzmlum,surprise,anger,0.569351,0.00513533,0.0031249851,0.14400457,0.050096706,0.22828743
edzmwzv,anger,sadness,0.32005855,0.021352911,0.0105027715,0.11808258,0.4077133,0.12228982
edzncyf,anger,anger,0.39520767,0.03173093,0.017102279,0.024870282,0.22325729,0.30783153
edzoy70,joy,joy,0.005503254,0.0008627202,0.0005722591,0.9891934,0.0007489976,0.003119336
edzqfex,joy,joy,0.0013515644,0.00031401403,0.00028912333,0.9963062,0.000524626,0.0012145267
edzr5oz,anger,anger,0.5569944,0.020056,0.011110142,0.36417633,0.024645168,0.023018068
edzr7lb,joy,joy,0.0017097973,0.0004740977,0.00038176976,0.9962243,0.00048332813,0.0007266524
edzrhgr,anger,anger,0.897813,0.008813398,0.001639725,0.024344044,0.011884009,0.055505753
edzrr4v,joy,joy,0.004821073,0.00047195947,0.00050170015,0.98963004,0.0010228253,0.003552325
edzs7yk,anger,joy,0.33767563,0.0051279953,0.0020868166,0.62404037,0.01784804,0.013221152
edzsalc,joy,anger,0.890822,0.012543628,0.0022697106,0.07043572,0.016010638,0.007918417
edzsjqa,joy,joy,0.0019725934,0.0003352855,0.0010645245,0.9938101,0.0011688459,0.0016486223
edzstm7,joy,joy,0.007389672,0.00071873964,0.0005620281,0.9500226,0.0024482016,0.03885883
edzt7kp,anger,anger,0.8039413,0.0087629855,0.002868946,0.006328371,0.023951827,0.15414654
edztq7l,surprise,surprise,0.007716006,0.0009936522,0.0012033555,0.002628557,0.0018363361,0.985622
edzxugb,anger,anger,0.85109824,0.011969979,0.004334743,0.08524077,0.038078595,0.009277653
edzyni5,joy,joy,0.15528065,0.009800632,0.0026156334,0.77740276,0.029191148,0.025709247
edzzt4w,anger,anger,0.69537675,0.014165716,0.004207067,0.056591813,0.1880686,0.041589987
edzzu4q,anger,anger,0.85421836,0.009470848,0.0026216696,0.09553531,0.02353085,0.014623041
ee0202k,anger,anger,0.9202142,0.013840062,0.0022484674,0.036493585,0.013775629,0.013428
ee0387y,surprise,surprise,0.051059492,0.004532062,0.0036585336,0.14063232,0.032761794,0.76735574
ee03shc,joy,joy,0.0020893367,0.00047956334,0.0004805726,0.99371207,0.00068223884,0.0025561678
ee03zsf,joy,joy,0.0027601237,0.00045865495,0.0006162804,0.9924608,0.0005469262,0.0031573167
ee05pvt,anger,anger,0.9166519,0.032812152,0.003087668,0.013283188,0.027319338,0.0068457914
ee06627,anger,anger,0.8468476,0.007335253,0.0027684656,0.03834773,0.05040414,0.05429679
ee066hi,surprise,surprise,0.005319547,0.0010618755,0.0012992868,0.0066052233,0.0014433094,0.98427075
ee06kps,anger,anger,0.9353718,0.0070388005,0.0013055947,0.010104168,0.01244167,0.033737987
ee06v1a,joy,joy,0.0020930404,0.00039389034,0.00042187114,0.9950944,0.00079981604,0.001197028
ee071mo,joy,joy,0.051568907,0.0019427,0.0010041145,0.92808986,0.007813481,0.009580891
ee07ll5,anger,anger,0.70101535,0.007852066,0.0030567432,0.014882879,0.07230252,0.20089038
ee07mgj,fear,fear,0.025945328,0.009076163,0.9067271,0.03097517,0.0049340697,0.022342175
ee07pbp,surprise,surprise,0.024256328,0.0013579179,0.0013588753,0.005148563,0.0021474545,0.9657309
ee07scc,joy,anger,0.44689342,0.048022322,0.012988588,0.07488205,0.25451383,0.16269982
ee09ex6,joy,joy,0.002781866,0.00032399877,0.00034241623,0.99107754,0.00075270643,0.0047215265
ee09f9k,sadness,sadness,0.0078874435,0.0027881197,0.0014165663,0.0055794367,0.98041683,0.0019116461
ee09tgz,joy,joy,0.011627362,0.0012282071,0.0010378248,0.9681045,0.0022704971,0.015731625
ee0ad1i,joy,joy,0.014827427,0.0018300805,0.0019126993,0.88961047,0.0055745603,0.086244725
ee0am1i,anger,anger,0.95159256,0.016773012,0.0017800779,0.008741856,0.012542826,0.008569708
ee0ask7,joy,joy,0.012627559,0.0007922146,0.00090159185,0.98123187,0.0019516329,0.002495141
ee0b6m5,surprise,surprise,0.011793716,0.00092035165,0.0009806725,0.011671698,0.0025919846,0.9720416
ee0bkij,joy,joy,0.00440204,0.00043791108,0.00041948294,0.98889565,0.0015842303,0.004260602
ee0br2k,joy,joy,0.021188013,0.0013687242,0.0013931838,0.8761377,0.023915857,0.0759965
ee0bzhq,anger,surprise,0.09468558,0.021204408,0.017546033,0.014102662,0.030572629,0.8218886
ee0c3fx,joy,joy,0.0033024533,0.00041750146,0.00034629175,0.9932289,0.0005186488,0.00218622
ee0cry9,joy,joy,0.10416653,0.0031430656,0.0017066816,0.8632842,0.016527306,0.011172216
ee0d3d6,sadness,sadness,0.012218385,0.0024312986,0.0011663385,0.013072509,0.96665245,0.0044591217
ee0d47e,joy,joy,0.0020532568,0.0004854192,0.00043907328,0.9957896,0.0005301616,0.0007025346
ee0ei56,joy,joy,0.0020227593,0.0003952251,0.00048116143,0.9947678,0.00053626933,0.0017968582
ee0epq5,joy,anger,0.72539586,0.016600417,0.0036406484,0.0870825,0.035688985,0.13159159
ee0gtwq,anger,anger,0.8284077,0.015568883,0.011527029,0.09957928,0.014263182,0.030653832
ee0hddi,surprise,surprise,0.004717719,0.0009456301,0.0011734011,0.005491597,0.0012592226,0.9864124
ee0jjkm,joy,joy,0.0025872479,0.00042913566,0.00036985445,0.99173635,0.0007802887,0.0040971222
ee0jumr,joy,joy,0.0016258538,0.00030728677,0.0002983861,0.9956648,0.0005351206,0.001568595
ee0k0p5,sadness,disgust,0.4396459,0.45611292,0.012822494,0.027854588,0.044098634,0.019465549
ee0k24c,anger,joy,0.3162414,0.016449561,0.0068064183,0.5677222,0.060793936,0.03198645
ee0ke17,joy,joy,0.0066854977,0.00075569,0.0007282757,0.9782136,0.0011935494,0.012423379
ee0luv1,sadness,sadness,0.14553477,0.03153415,0.008146298,0.048988968,0.7481013,0.017694514
ee0lvm1,anger,anger,0.93299454,0.017669681,0.0020465031,0.021173073,0.014170551,0.01194574
ee0ly2z,joy,joy,0.0021469924,0.00041096503,0.00035263647,0.99575126,0.00047470484,0.0008633817
ee0lyzl,joy,joy,0.023319665,0.0011955138,0.0017595068,0.92879725,0.022893997,0.02203404
ee0mcna,joy,joy,0.0020324467,0.00033486937,0.00049716583,0.9951143,0.00061835145,0.0014027915
ee0mvk3,joy,joy,0.37464878,0.007933482,0.0017477911,0.586708,0.019210815,0.009751139
ee0myba,joy,joy,0.0050741048,0.00062296557,0.00046803278,0.9916592,0.001036389,0.0011392356
ee0niqi,joy,joy,0.0026503766,0.000495624,0.0004143183,0.99512815,0.000586546,0.0007249135
ee0o87x,joy,joy,0.016620314,0.0010667858,0.001906228,0.9243362,0.0034916515,0.05257889
ee0pusi,anger,disgust,0.23018926,0.57992333,0.10637639,0.036192697,0.03249534,0.014823038
ee0q3qq,joy,joy,0.0013120851,0.00036352215,0.0004013077,0.9963966,0.0004914345,0.0010350721
ee0qol7,anger,sadness,0.22873272,0.007874556,0.0053736256,0.021817828,0.69745845,0.038742773
ee0r22m,joy,joy,0.001574939,0.00033751142,0.00035072,0.99635184,0.00051440677,0.00087054685
ee0rp1e,joy,joy,0.0040918724,0.0006280244,0.0013032585,0.98742306,0.0021429637,0.004410772
ee0rs1r,anger,anger,0.8814989,0.028215986,0.0042312625,0.032229535,0.03599239,0.017832005
ee0rvn8,anger,anger,0.5998982,0.0072029876,0.0040340372,0.29499364,0.027241308,0.06662982
ee0waa7,joy,joy,0.0034139757,0.00037292507,0.00040489223,0.9940355,0.00047966227,0.0012930179
ee0wjxb,joy,joy,0.005615961,0.00069764804,0.00058511423,0.988321,0.001325528,0.0034546854
ee0wtbn,surprise,surprise,0.0056436975,0.000921126,0.001365554,0.005866936,0.0011680576,0.9850347
ee0wuyn,anger,anger,0.7714644,0.06677189,0.025544688,0.07717457,0.035232075,0.023812331
ee0ww8s,anger,anger,0.5169938,0.007822885,0.0061712638,0.024388596,0.061156567,0.38346687
ee0x3le,surprise,joy,0.13052617,0.014328004,0.011490336,0.46500674,0.025450615,0.3531982
ee0znnb,anger,anger,0.9143764,0.022703024,0.0026808318,0.012298197,0.043429032,0.004512462
ee10mx3,anger,joy,0.41159192,0.046127375,0.028044382,0.4335008,0.029443804,0.051291753
ee11b39,joy,joy,0.021385385,0.0009884574,0.0011997486,0.95376074,0.003929823,0.01873579
ee126ii,joy,joy,0.0011088683,0.0003279553,0.0003814071,0.9969789,0.00034013155,0.00086280005
ee12lce,sadness,sadness,0.09487134,0.004826557,0.0020372584,0.012954032,0.8706104,0.014700353
ee131jm,joy,joy,0.002306323,0.0004364467,0.00037340025,0.9953856,0.0005525984,0.0009456464
ee132jr,surprise,joy,0.012968254,0.0013062088,0.001366504,0.67231774,0.003437272,0.30860406
ee14dr5,sadness,sadness,0.015389496,0.003647239,0.0020908834,0.006606255,0.9692442,0.0030219476
ee14rgl,surprise,surprise,0.013694491,0.0011441739,0.0010925382,0.016792424,0.0027357878,0.96454054
ee14xe0,joy,joy,0.024742927,0.0033472988,0.0020112696,0.57946336,0.0047116503,0.38572347
ee150qo,joy,joy,0.08264583,0.07971597,0.022910513,0.75640565,0.033616114,0.024705974
ee17byd,joy,joy,0.017747436,0.0009796182,0.00069778523,0.9697426,0.0066651013,0.004167455
ee196a7,joy,joy,0.0012633258,0.00037134677,0.00045392805,0.99622285,0.00049673405,0.0011917052
ee1a9hm,joy,joy,0.054326337,0.012913218,0.004615457,0.9071527,0.0039226403,0.017069591
ee1asno,joy,joy,0.0040661655,0.00048071807,0.0004025782,0.9928276,0.00077052217,0.0014524037
ee1aynq,joy,joy,0.0021527472,0.00040998694,0.00034513863,0.995369,0.00033589092,0.0013872008
ee1doy4,anger,anger,0.62209,0.014635322,0.0035637394,0.04934576,0.26823494,0.042130213
ee1e2ur,surprise,surprise,0.012249218,0.0013279147,0.0011950264,0.0036768268,0.002362816,0.97918826
ee1e74y,joy,joy,0.40427753,0.0039124466,0.0031699615,0.5259414,0.041317794,0.021380853
ee1f3e2,anger,joy,0.09416598,0.0036855077,0.0010975299,0.86513025,0.015792377,0.020128366
ee1f6qp,joy,joy,0.0014968575,0.00031701336,0.0003470029,0.9966568,0.0005320622,0.00065026194
ee1h48v,joy,joy,0.003067402,0.00049249636,0.00042095606,0.99305713,0.00067488407,0.0022870642
ee1h5v1,surprise,surprise,0.020735623,0.0015315061,0.0022147964,0.0032828308,0.005201497,0.9670338
ee1i5pv,joy,surprise,0.01032792,0.0012637372,0.0013026854,0.0989147,0.0015983066,0.8865926
ee1j28v,anger,anger,0.7892276,0.038420584,0.0030352313,0.06803134,0.057852134,0.04343309
ee1jgv9,joy,joy,0.0071996436,0.00077771104,0.0004700111,0.98531055,0.00096003903,0.005282126
ee1jq22,joy,joy,0.01662252,0.0010772599,0.0012742484,0.96335465,0.0032408503,0.0144304875
ee1l91z,anger,surprise,0.41358906,0.009747176,0.0054691876,0.05626228,0.043413036,0.47151932
ee1lbbj,surprise,joy,0.019696968,0.0015789956,0.00077921344,0.9554269,0.0028522904,0.019665686
ee1lj8m,joy,joy,0.001757722,0.00034120065,0.00032867925,0.99612564,0.000510088,0.00093659834
ee1lws5,anger,anger,0.9065325,0.0111064855,0.0017031616,0.028167544,0.042785704,0.009704554
ee1msax,anger,disgust,0.28993946,0.5682967,0.015834372,0.018918527,0.09949738,0.007513616
ee1n94d,joy,joy,0.013655855,0.0020295342,0.001461977,0.923535,0.056283154,0.003034438
ee1oa6g,surprise,surprise,0.004795107,0.0008579789,0.0012122883,0.0106201675,0.0036561077,0.9788583
ee1outn,surprise,joy,0.0035606152,0.00049905514,0.00052448874,0.97530353,0.0008645342,0.019247824
ee1paps,joy,joy,0.0048473105,0.0006149073,0.00065087166,0.98799455,0.0019832063,0.003909202
ee1qdz6,joy,joy,0.04355019,0.0030976804,0.0045973803,0.772151,0.13191459,0.044689156
ee1qgh4,joy,joy,0.2141872,0.01336879,0.003155275,0.7408709,0.019636612,0.008781143
ee1qysd,joy,sadness,0.024494853,0.00354177,0.0017845929,0.03626791,0.9302914,0.0036193882
ee1r7x8,fear,disgust,0.11383149,0.5508663,0.30098057,0.013808156,0.011100443,0.0094130235
ee1rghi,joy,joy,0.0014370144,0.00034668046,0.00036126553,0.9966875,0.00038308068,0.0007845016
ee1rkwi,surprise,surprise,0.3216529,0.01119386,0.007561187,0.020036845,0.07364447,0.56591076
ee1s5s2,sadness,anger,0.74210304,0.021241471,0.0028518066,0.045504317,0.1757453,0.012554121
ee1sok7,joy,joy,0.00089321175,0.00032763017,0.000344825,0.99722785,0.00052257476,0.0006839015
ee1thho,joy,surprise,0.062368732,0.010727309,0.008569383,0.28656495,0.01021294,0.6215567
ee1uakc,joy,joy,0.007711807,0.0010075142,0.000656466,0.98721296,0.0008223703,0.0025889422
ee1uit6,sadness,sadness,0.05319584,0.004166553,0.0044364803,0.01194995,0.8571499,0.069101304
ee1upwg,joy,joy,0.00915755,0.002008796,0.0013735413,0.76807505,0.0051586456,0.21422637
ee1uv2y,surprise,surprise,0.022883506,0.0023459485,0.0022303178,0.14507219,0.0073886085,0.82007945
ee1vpfi,joy,joy,0.007693542,0.0009061583,0.0005577616,0.983649,0.0025199838,0.0046734936
ee1vsfb,joy,anger,0.39371336,0.0060861143,0.004053913,0.3744697,0.032275394,0.1894015
ee1vtaq,fear,fear,0.04510363,0.0061498773,0.87818974,0.044862226,0.007719963,0.017974563
ee1vvxu,surprise,surprise,0.063963085,0.001853938,0.0015135369,0.01109534,0.006349378,0.9152247
ee1wjis,anger,anger,0.94508934,0.022184165,0.0032091783,0.0064770505,0.011579582,0.011460746
ee1wygj,anger,anger,0.5527607,0.006452272,0.00484178,0.2989481,0.031125862,0.10587132
ee1xh0r,joy,joy,0.004191495,0.00043106257,0.00059640745,0.9861773,0.0026224602,0.0059811906
ee1xr0e,joy,joy,0.007162743,0.0005985218,0.00047733544,0.981689,0.0014364625,0.008635906
ee1yh79,joy,surprise,0.0064331596,0.0015114141,0.0019157836,0.34843594,0.0015224862,0.6401812
ee1ysbd,joy,joy,0.0010922599,0.0003485533,0.00035199214,0.9967301,0.00049933547,0.0009778324
ee1ythq,anger,anger,0.8463317,0.07755627,0.022954376,0.02903455,0.016272444,0.007850733
ee1z2fu,surprise,surprise,0.016260624,0.0022339995,0.0036187568,0.04461523,0.010995717,0.9222758
ee209hz,joy,joy,0.0014433922,0.00048135035,0.00052545464,0.9899995,0.0005270978,0.0070232544
ee21lzo,joy,joy,0.01245777,0.0007508931,0.0006088554,0.98246485,0.0011981165,0.002519484
ee21rdg,joy,sadness,0.058978867,0.0073957555,0.0065226927,0.1713335,0.5577955,0.19797358
ee21tnl,surprise,surprise,0.008727823,0.00093797647,0.0010569518,0.0061343317,0.0014808702,0.9816621
ee22txd,joy,joy,0.0023958902,0.0003799999,0.0004048094,0.9946523,0.0008737281,0.0012932966
ee24atb,surprise,surprise,0.028246423,0.001459966,0.001643576,0.004529785,0.0039202017,0.9602
ee253ey,anger,anger,0.48824012,0.36233342,0.04291423,0.038287353,0.056506623,0.0117182005
ee26swz,joy,joy,0.0021932747,0.00043279756,0.00041767606,0.9936608,0.0005325776,0.0027628827
ee27ele,surprise,joy,0.07017379,0.004471826,0.004242906,0.78916204,0.065850176,0.06609928
ee27gps,anger,anger,0.7004901,0.01724404,0.0036471232,0.24239257,0.02164255,0.014583554
ee27tbv,joy,joy,0.0021907433,0.0002795965,0.00033220265,0.99090475,0.0009285135,0.005364149
ee27x3d,joy,joy,0.0026419496,0.00047878685,0.0003709395,0.99512404,0.0004466561,0.0009376874
ee28ent,joy,joy,0.24684675,0.00424378,0.002120679,0.69242704,0.024341466,0.030020323
ee28uy4,anger,joy,0.14739351,0.008957422,0.005462349,0.6657446,0.046690214,0.1257519
ee2957c,joy,joy,0.0011910057,0.00035865296,0.0003600625,0.9969811,0.00040219375,0.0007070022
ee29gfc,joy,joy,0.01765613,0.0053897067,0.0036588977,0.9616488,0.0030713272,0.008575105
ee29q8z,anger,anger,0.95009667,0.013656461,0.0017097647,0.014674043,0.013442635,0.006420343
ee2aex6,anger,anger,0.93277234,0.03764637,0.0027471972,0.010161761,0.010718941,0.005953388
ee2b3be,joy,joy,0.08184724,0.0020659408,0.005283346,0.7767546,0.071481936,0.06256697
ee2b4pk,disgust,disgust,0.37330166,0.38263804,0.05515502,0.046652652,0.054094195,0.08815844
ee2fa7t,sadness,sadness,0.00863586,0.006613121,0.0028429916,0.004086413,0.97364444,0.004177216
ee2fl5b,anger,anger,0.48823172,0.0063345893,0.0019680343,0.42175123,0.010247414,0.071467064
ee2ft4z,joy,joy,0.0017533201,0.00032359848,0.00030439647,0.99618286,0.0004676062,0.0009682394
ee2gg2j,joy,joy,0.001634135,0.0003594643,0.0003169621,0.99629813,0.0004517591,0.0009395448
ee2gssi,joy,surprise,0.0045874715,0.0010909853,0.0016272119,0.018192874,0.0013135017,0.973188
ee2hecu,anger,anger,0.71132284,0.011821595,0.003228785,0.19285063,0.03179217,0.048983995
ee2hhgz,sadness,sadness,0.026735425,0.004808392,0.0014856285,0.0056153205,0.9587202,0.0026349975
ee2i3od,surprise,surprise,0.19083373,0.0052894214,0.002440979,0.008623672,0.023442792,0.76936936
ee2jg36,joy,joy,0.01011837,0.0017764794,0.0040943925,0.87780946,0.1013557,0.0048454916
ee2jj95,sadness,joy,0.26775038,0.008883595,0.006804534,0.35904992,0.063155174,0.29435644
ee2kg8m,joy,joy,0.0009933485,0.00034695037,0.00037331585,0.9971724,0.00047709138,0.0006370075
ee2krnk,fear,fear,0.014000972,0.004734004,0.5046997,0.28714558,0.12854545,0.06087428
ee2kyih,joy,joy,0.0011576628,0.000312372,0.0003503173,0.9970841,0.00037004708,0.00072557846
ee2lx4v,joy,joy,0.004435148,0.0006787669,0.0004292822,0.99218106,0.0011171631,0.0011585184
ee2msue,joy,joy,0.0020634125,0.00047641707,0.00034827393,0.99493766,0.00042862614,0.001745652
ee2mthu,joy,joy,0.0040649106,0.00061450445,0.00049200264,0.9927858,0.0008173199,0.0012254976
ee2nf66,joy,joy,0.0040258123,0.00051029323,0.0004347077,0.99253535,0.00045418594,0.0020396037
ee2nt56,surprise,surprise,0.030017857,0.0012000186,0.0015830088,0.0050209304,0.008405738,0.9537724
ee2poss,joy,joy,0.0020320714,0.00037721332,0.0003224028,0.9951749,0.0013183968,0.00077491766
ee2qil5,surprise,surprise,0.060070734,0.0040561655,0.0041026087,0.03622068,0.016236149,0.8793135
ee2rc52,joy,joy,0.16382104,0.0020698612,0.00095594965,0.8190716,0.007074568,0.0070069158
ee2rp7m,joy,joy,0.42296296,0.007411688,0.0034187126,0.4653681,0.08053792,0.020300642
ee2s7o7,fear,fear,0.01316354,0.0054014632,0.9566159,0.010539702,0.0048331586,0.009446188
ee2stiq,joy,joy,0.0019093375,0.00033830406,0.00038341345,0.9960304,0.00068902137,0.0006494029
ee2t60u,joy,joy,0.0087806,0.0014493449,0.0010415517,0.9044448,0.0015408272,0.082742915
ee2tbtv,joy,joy,0.010374578,0.0010718055,0.00058247027,0.9753518,0.0030167035,0.009602601
ee2wwvc,surprise,surprise,0.04040843,0.0014843472,0.0014030108,0.011051765,0.0051422664,0.9405102
ee2xngb,joy,joy,0.0011489067,0.00036050094,0.000346928,0.9970229,0.0004547809,0.0006659074
ee2ybxe,fear,joy,0.2249254,0.030799607,0.024582535,0.62988985,0.045702063,0.044100538
ee2yeeo,surprise,surprise,0.012631855,0.0012122919,0.0010929973,0.004504898,0.0029552113,0.9776028
ee2yge0,joy,joy,0.06347731,0.002667401,0.0012710565,0.589697,0.004265935,0.3386213
ee2yy2v,joy,joy,0.0011380505,0.0003705579,0.0005687515,0.99602485,0.00071109337,0.001186605
ee2zm4w,sadness,sadness,0.0060262345,0.002365193,0.0026355092,0.009492078,0.9745822,0.0048987987
ee2zq71,joy,joy,0.0013303786,0.0002760478,0.00028472496,0.9964142,0.00046408497,0.0012305944
ee31b75,joy,joy,0.0021787377,0.00084137695,0.0007695081,0.99260664,0.00050655985,0.003097187
ee31jr3,fear,fear,0.231161,0.081520334,0.5125092,0.044874262,0.10510327,0.024831863
ee31sx4,joy,joy,0.0011217761,0.0003157426,0.0003371673,0.9966714,0.00070369605,0.0008502547
ee320v4,joy,joy,0.0011235968,0.0003172347,0.0003515732,0.9968725,0.00054779975,0.00078732363
ee331lx,joy,joy,0.03681544,0.014311432,0.006013005,0.5001418,0.019536175,0.42318213
ee33bja,joy,joy,0.0018565626,0.00046230844,0.00042300386,0.9952924,0.00044051706,0.0015252157
ee33ub2,anger,joy,0.08938131,0.0068032346,0.0022449337,0.8317429,0.06148521,0.008342401
ee34hb1,joy,joy,0.1985445,0.008329083,0.0062004374,0.47328332,0.013972275,0.2996704
ee354le,joy,joy,0.0014687313,0.0002879897,0.00030277667,0.99648917,0.000538626,0.0009127635
ee35oxx,sadness,joy,0.05204504,0.0013617851,0.00887484,0.9167467,0.01145132,0.009520346
ee35w8p,joy,joy,0.0038730823,0.0005015038,0.0005067681,0.9891683,0.00054881535,0.0054015378
ee366rp,joy,joy,0.022250872,0.002318468,0.0013989327,0.94382817,0.0032009264,0.027002653
ee36cyh,joy,joy,0.103396975,0.002949597,0.0021233007,0.8362051,0.0071139173,0.048211172
ee36ydp,anger,anger,0.65919036,0.109001875,0.012161126,0.16197832,0.029657578,0.028010752
ee37xrt,surprise,surprise,0.011073813,0.0011628305,0.00230608,0.0024833775,0.004714605,0.9782593
ee38god,joy,joy,0.0022158008,0.0003439698,0.00037783672,0.9945094,0.0009085966,0.0016444606
ee38hjz,joy,joy,0.0042056995,0.0009134941,0.00047333923,0.99200565,0.0005157087,0.0018860816
ee38rym,joy,joy,0.01620368,0.0009189021,0.0006356896,0.9770797,0.00215086,0.0030112576
ee39naw,joy,joy,0.0015725285,0.0003041683,0.00037490577,0.9964031,0.0003999683,0.00094526564
ee39okc,joy,joy,0.0017482943,0.00042710884,0.00037787508,0.9960418,0.00045758902,0.0009474003
ee39rj7,joy,joy,0.0037179033,0.0005379512,0.00060324394,0.9914078,0.00048834994,0.0032446613
ee3a1ms,joy,joy,0.0023753375,0.00044132886,0.00037466304,0.9955758,0.00051520305,0.00071772875
ee3b2vk,joy,joy,0.0022104625,0.00041175986,0.00044094867,0.99437535,0.001178076,0.001383377
ee3b85p,sadness,anger,0.5084373,0.027316522,0.0091807395,0.044569623,0.3900676,0.020428307
ee3c6hw,joy,surprise,0.03064247,0.0014361781,0.0012095222,0.116072915,0.0029162248,0.84772265
ee3cd92,joy,joy,0.03115806,0.0020638783,0.0009829226,0.9409364,0.0019634177,0.022895243
ee3cgjs,anger,anger,0.81532717,0.036862984,0.0028796333,0.021012023,0.11105052,0.012867561
ee3ckls,joy,joy,0.0014540115,0.00034918476,0.00030571094,0.9966583,0.0004045931,0.0008282302
ee3d1ba,surprise,surprise,0.005662214,0.0014792018,0.0016772843,0.13856953,0.0025790592,0.8500327
ee3db19,joy,joy,0.0026492465,0.0002938603,0.00033846247,0.99466527,0.00041949574,0.0016336365
ee3dj19,joy,joy,0.0016685951,0.0003895148,0.00034722075,0.99607253,0.00048591362,0.0010361704
ee3dysd,fear,joy,0.01607526,0.00085572904,0.0016666393,0.9709298,0.0018455897,0.008627042
ee3ecbg,surprise,surprise,0.0053215004,0.0006957682,0.0010290396,0.008409055,0.0017324227,0.9828121
ee3egg2,joy,joy,0.0015752648,0.00046615012,0.00040375974,0.99531895,0.0003228692,0.0019128683
ee3eyf5,surprise,surprise,0.22825831,0.030921107,0.005623633,0.023960957,0.024762793,0.6864732
ee3fd6l,sadness,sadness,0.012516113,0.004046729,0.004406878,0.005500348,0.9691619,0.0043679257
ee3gbt3,anger,anger,0.80032265,0.09917214,0.004070073,0.036765657,0.051551994,0.008117498
ee3h6yk,joy,joy,0.0052936687,0.0007309778,0.00071863143,0.9861602,0.001478437,0.005618108
ee3h95g,joy,joy,0.05146436,0.0015992352,0.0023413578,0.9256498,0.0028812792,0.016064012
ee3hc91,joy,joy,0.023563784,0.001284224,0.0007724013,0.9624895,0.008863621,0.0030264272
ee3icov,joy,joy,0.0051571685,0.0006301718,0.0007173572,0.9775015,0.0018054906,0.014188315
ee3iqzx,joy,anger,0.89986527,0.006795474,0.0018209406,0.042857405,0.007678528,0.040982332
ee3j0cr,joy,joy,0.008099359,0.0007694593,0.00078783266,0.9795247,0.0013553137,0.0094634155
ee3jc0f,anger,joy,0.012141831,0.00085105136,0.00055213214,0.96591336,0.0013944035,0.019147193
ee3kag6,joy,joy,0.0015052732,0.00040889013,0.00032346428,0.9963169,0.00046578856,0.0009796014
ee3n1bm,sadness,anger,0.37099963,0.012101976,0.008808016,0.36757934,0.20866106,0.031849954
ee3nurr,surprise,surprise,0.011314386,0.0009372466,0.0009818873,0.0039708517,0.0018992298,0.98089635
ee3p1f9,joy,joy,0.0012163841,0.00028647223,0.00040091248,0.99691236,0.00043424504,0.0007495844
ee3p61p,sadness,sadness,0.045474995,0.0036323068,0.003419167,0.07051644,0.8678613,0.0090958495
ee3pxoi,joy,joy,0.0149677545,0.0010265788,0.0015738938,0.861509,0.0027907942,0.11813203
ee3qgps,joy,joy,0.0016246234,0.00034997385,0.00040103882,0.99644804,0.00038498387,0.00079133926
ee3qiyb,joy,joy,0.0019571304,0.0005059341,0.0004392636,0.99530435,0.0004383287,0.0013549316
ee3qlnw,joy,joy,0.000886018,0.00039022582,0.00041431666,0.9971796,0.00034493546,0.0007848542
ee3rjdo,joy,joy,0.0036581522,0.00044670515,0.00041069544,0.9815469,0.0014084132,0.012529236
ee3rtkg,anger,anger,0.8550871,0.054803584,0.003576649,0.038498502,0.040995397,0.0070386594
ee3sta0,joy,joy,0.0009773516,0.0002673601,0.0003056769,0.99611026,0.00064082554,0.0016985759
ee3szn2,joy,joy,0.0013660431,0.0003731738,0.0004304691,0.996274,0.0004971685,0.0010591544
ee3tho5,joy,joy,0.0055667665,0.0006915797,0.0007085944,0.97406095,0.0035919095,0.015380225
ee3tjdp,joy,joy,0.0021195994,0.00069312105,0.0006976754,0.9907725,0.0010328266,0.0046842704
ee3twmx,joy,joy,0.0088959,0.0012523523,0.0015759708,0.9157649,0.003435835,0.06907494
ee3u6hq,sadness,sadness,0.021086723,0.0066491705,0.012823618,0.010367551,0.92485464,0.024218252
ee3uqcz,sadness,sadness,0.0071771475,0.002735543,0.0031564545,0.0151346335,0.9693313,0.0024648565
ee3v5ip,sadness,sadness,0.04595095,0.004924839,0.0019059939,0.08648978,0.85653865,0.004189775
ee3vdty,joy,joy,0.086434476,0.0027959307,0.0024367268,0.49689957,0.033340484,0.37809277
ee3w2wu,joy,joy,0.0063070357,0.0012172605,0.0009936388,0.97920096,0.009795745,0.002485404
ee3xcal,joy,joy,0.009380142,0.0006427938,0.00090871943,0.96660155,0.004964847,0.017501965
ee3xjtp,joy,anger,0.6925151,0.009026682,0.0025609864,0.18792725,0.051258698,0.05671135
ee3y1er,joy,joy,0.03332391,0.0012812878,0.00061961537,0.9581488,0.0020456563,0.0045807445
ee3y4sd,anger,anger,0.9033497,0.0073138284,0.0018284614,0.0689211,0.008075772,0.010511188
ee3ys82,surprise,joy,0.006124353,0.00067572534,0.0005503435,0.971177,0.0018108924,0.019661756
ee3yyym,anger,anger,0.95497954,0.011299789,0.0017967265,0.01492559,0.006115454,0.010882764
ee3z0rr,joy,sadness,0.27104297,0.007996288,0.0061540087,0.2250863,0.36866122,0.121059254
ee3zkyj,sadness,anger,0.6858044,0.016185204,0.013292174,0.11788742,0.12975156,0.037079256
ee3ztta,sadness,sadness,0.0137171205,0.0069036563,0.0066260155,0.008376451,0.9598756,0.0045011058
ee40ffi,joy,disgust,0.14084284,0.4373831,0.15704893,0.10552958,0.07685777,0.08233782
ee40pc4,surprise,surprise,0.008082113,0.0008788803,0.0011103776,0.003027598,0.002607764,0.9842933
ee41kcd,joy,joy,0.0020404118,0.00046032766,0.00038738755,0.9952879,0.00037585272,0.001448127
ee432lo,anger,anger,0.8217962,0.012488525,0.0026356878,0.10388968,0.032326568,0.026863372
ee433se,sadness,surprise,0.20131242,0.0039558043,0.0034306815,0.03987443,0.035067696,0.71635896
ee44ber,joy,joy,0.08619146,0.00509366,0.0037655812,0.83526903,0.049450826,0.020229407
ee454s8,joy,joy,0.002604469,0.00061420357,0.00046129824,0.9944402,0.00047618657,0.0014036598
ee455vq,anger,disgust,0.34593076,0.40268567,0.105248064,0.012029898,0.055749215,0.07835634
ee45816,anger,anger,0.87846905,0.015323364,0.002115072,0.04339695,0.033423733,0.027271865
ee46j8g,joy,joy,0.004325834,0.00072897266,0.0007541403,0.9758105,0.0014263012,0.016954158
ee481jv,joy,joy,0.0055901157,0.00057038973,0.00088887935,0.9855193,0.0018499072,0.005581542
ee48de5,anger,surprise,0.116981626,0.0036397602,0.0028199907,0.009788251,0.054940216,0.81183016
ee49nx8,surprise,surprise,0.04937586,0.0031688758,0.003836562,0.06251724,0.103824444,0.77727705
ee49p1h,joy,joy,0.0029147877,0.00040305205,0.0005891487,0.97954184,0.002023063,0.014528125
ee4atcy,anger,joy,0.039552867,0.003472267,0.009421373,0.6459685,0.06459418,0.23699087
ee4br7u,joy,joy,0.001139835,0.00032192495,0.0003891052,0.997008,0.00045459223,0.0006865214
ee4cbii,joy,joy,0.04026419,0.0017127831,0.0033092492,0.91871715,0.015050429,0.020946193
ee4fv26,joy,joy,0.0010558076,0.00034246326,0.0005775808,0.9950584,0.00044181035,0.00252397
ee4guke,joy,joy,0.0017094016,0.00036115764,0.00036375565,0.996188,0.00049415976,0.00088354666
ee4hhqi,joy,joy,0.002485576,0.00046964813,0.00040100477,0.9944799,0.00063454855,0.0015294115
ee4i9cs,anger,anger,0.8859839,0.018571338,0.0023322795,0.014502329,0.017079227,0.061530985
ee4idrf,sadness,sadness,0.020558208,0.0043141544,0.0069633303,0.24469908,0.7194466,0.0040186043
ee4j0ev,joy,joy,0.0060654576,0.000669471,0.00051198684,0.9839522,0.001004319,0.0077964836
ee4m9gs,joy,joy,0.002057643,0.00033967625,0.00032398503,0.99482334,0.0003343047,0.002121123
ee4mmi8,joy,joy,0.007986284,0.0018205238,0.0010438025,0.9858271,0.0006019792,0.002720304
ee4mosl,joy,surprise,0.09180383,0.031773847,0.015324035,0.20218527,0.038165417,0.6207476
ee4nc8k,joy,joy,0.0013413382,0.00032071245,0.00034495853,0.99645776,0.00052149117,0.00101373
ee4no0w,surprise,joy,0.18481293,0.039352015,0.00439168,0.7167051,0.034137405,0.020600874
ee4o2mk,joy,joy,0.0066250977,0.0006450779,0.0004591647,0.9881229,0.00094408804,0.003203708
ee4od0o,joy,joy,0.0032157106,0.00042491063,0.0008142827,0.9794129,0.0020570462,0.014075121
ee4ogpb,surprise,surprise,0.005382217,0.0010063536,0.0011562349,0.0056477254,0.0013793679,0.98542804
ee4olez,joy,joy,0.002501219,0.00034764674,0.00036895392,0.9944728,0.0005629614,0.0017463787
ee4p6vr,anger,anger,0.36375746,0.006050529,0.0023496195,0.35601893,0.09968252,0.17214082
ee4pian,sadness,surprise,0.033463508,0.0016891786,0.0013154383,0.15061726,0.0030546861,0.8098599
ee4pwot,anger,anger,0.8670464,0.0040203654,0.0015252327,0.047041167,0.023577137,0.056789644
ee4s7pj,sadness,sadness,0.008387791,0.0024586278,0.0019077918,0.014705646,0.9701512,0.002388958
ee4tu1h,anger,anger,0.9548096,0.009622734,0.001432202,0.011946086,0.011120597,0.011068768
ee4tucn,anger,anger,0.87766564,0.011492438,0.00218689,0.01850988,0.06835372,0.021791339
ee4uxvi,joy,joy,0.0029037716,0.00039764642,0.00033698362,0.993936,0.00039453985,0.0020310984
ee4vk5w,anger,anger,0.91653645,0.011599992,0.0041591707,0.012422611,0.025897179,0.029384654
ee4wv63,anger,anger,0.67139447,0.008740031,0.004398915,0.27685198,0.017866489,0.020748133
ee4xahj,joy,joy,0.0013225903,0.00035032575,0.00037084258,0.99666697,0.00041092263,0.0008783337
ee4xin2,joy,joy,0.002855469,0.00045634876,0.0003637611,0.9943975,0.00063192344,0.0012949446
ee4z5o3,joy,joy,0.009250345,0.0013866938,0.00085304526,0.9734278,0.0008481663,0.014234068
ee4zjdj,anger,sadness,0.26782724,0.01696156,0.020197548,0.28507406,0.3290382,0.08090141
ee50fyt,joy,surprise,0.030192947,0.0020570522,0.002068602,0.05211344,0.009394051,0.9041739
ee50l89,joy,joy,0.033463046,0.004048332,0.0042623435,0.50886774,0.02357751,0.42578104
ee50y9s,anger,anger,0.7996527,0.009458557,0.0022386864,0.01411244,0.009585885,0.16495164
ee519um,anger,anger,0.81666976,0.017810382,0.003467103,0.05819923,0.08158115,0.022272369
ee51vcq,anger,anger,0.7879443,0.015873304,0.004782527,0.0537931,0.12062905,0.016977662
ee52d9x,joy,joy,0.0012067547,0.00033072915,0.00029813682,0.9965412,0.0007193561,0.0009037688
ee52m54,joy,joy,0.034353442,0.0018397111,0.0035987946,0.869965,0.08530329,0.004939762
ee54ac5,surprise,surprise,0.009116473,0.0009472737,0.0014568735,0.0025661816,0.0037433023,0.9821699
ee54usn,joy,joy,0.0011251027,0.00036345268,0.00037883114,0.997045,0.00049110915,0.00059658976
ee551s4,joy,joy,0.0037813585,0.00063241285,0.00040295656,0.99341476,0.0010014387,0.0007670502
ee552rh,joy,surprise,0.07158591,0.00516654,0.0050825877,0.3503359,0.013415694,0.5544134
ee55fem,joy,joy,0.010439023,0.00072775315,0.0005208043,0.9804928,0.0018485354,0.0059710536
ee55l0n,anger,anger,0.5808646,0.017338717,0.011891693,0.084407076,0.048858188,0.2566397
ee56tw6,joy,joy,0.0025565063,0.00027608158,0.0003226502,0.9940275,0.0010229253,0.0017942457
ee57zur,sadness,sadness,0.007867132,0.0031348548,0.0014665002,0.006599572,0.97888297,0.0020490645
ee588pz,anger,surprise,0.043797772,0.0018895237,0.0013444978,0.0057231844,0.003919853,0.9433251
ee58umw,joy,joy,0.008963731,0.0009342725,0.00066552684,0.9847723,0.0013731075,0.0032909466
ee59qz9,joy,surprise,0.114359945,0.018108707,0.007523655,0.24173406,0.03916983,0.57910377
ee5a8mk,joy,joy,0.0013670353,0.000388164,0.0003718772,0.9965299,0.0005115336,0.0008315387
ee5aa2a,joy,joy,0.0015044925,0.00038994304,0.0034655572,0.99138314,0.0012000992,0.0020567358
ee5ag85,sadness,sadness,0.4040246,0.016521893,0.009441143,0.035912663,0.47945216,0.054647572
ee5aye9,joy,joy,0.009985943,0.00065570656,0.0007258236,0.9759026,0.0035123178,0.00921752
ee5bqqq,anger,anger,0.5780556,0.20385656,0.007864417,0.036016945,0.13982202,0.034384444
ee5ceh7,surprise,surprise,0.014787493,0.0012028759,0.002130178,0.0056382576,0.008641268,0.9676
ee5d0d6,joy,joy,0.010857175,0.0005571927,0.00057352404,0.9700211,0.002575056,0.015415904
ee5d1uk,sadness,joy,0.040123627,0.0024101224,0.0024328597,0.91347647,0.013782537,0.027774323
ee5d5bh,joy,joy,0.0025237126,0.00041877537,0.00036781695,0.9949203,0.0008814106,0.0008879513
ee5ddtv,joy,joy,0.0010478303,0.00029407427,0.0003528575,0.9971215,0.000509539,0.0006742452
ee5do8b,joy,joy,0.0015552535,0.0003251473,0.00029318075,0.9957847,0.00033149228,0.0017102095
ee5dvlb,joy,joy,0.0045747207,0.00065309677,0.0005186431,0.9865687,0.0016614095,0.0060233925
ee5dy6r,joy,joy,0.0038041784,0.00055945537,0.000520882,0.99210304,0.0017363487,0.001276037
ee5e2vj,anger,anger,0.544136,0.02758428,0.004844448,0.024737272,0.37351722,0.025180839
ee5emd6,joy,joy,0.0016747704,0.00031125647,0.00041171478,0.9910005,0.0007233417,0.0058784387
ee5ent7,joy,joy,0.31040996,0.018595278,0.00337108,0.61733687,0.03145254,0.01883429
ee5fn1l,joy,joy,0.035559792,0.0009956453,0.0016717549,0.9321545,0.0056076325,0.024010649
ee5fs8h,anger,disgust,0.43826172,0.4552684,0.012818716,0.0202336,0.062090963,0.011326549
ee5fykb,anger,disgust,0.26369125,0.42961803,0.06712231,0.09720708,0.1128534,0.029508
ee5gb4z,anger,anger,0.7993485,0.14474136,0.0104194945,0.023086086,0.01666046,0.005744196
ee5gdug,joy,joy,0.00109224,0.00029576413,0.00042730148,0.9967272,0.0003953719,0.0010620579
ee5geyn,joy,joy,0.0011318433,0.00036788825,0.00042020046,0.99693596,0.00045493405,0.00068917865
ee5gp13,joy,joy,0.0011380956,0.0003907318,0.00045069112,0.99694353,0.0004513199,0.000625628
ee5h21p,anger,anger,0.79868907,0.059327554,0.002715734,0.03668804,0.08451884,0.018060774
ee5ibbq,anger,anger,0.94155127,0.010427962,0.0014222519,0.009838041,0.015513158,0.021247324
ee5ijot,disgust,disgust,0.08117522,0.7160414,0.16549633,0.013774732,0.012679559,0.010832708
ee5is72,anger,anger,0.87363726,0.05963751,0.0039554774,0.020224785,0.035601523,0.006943479
ee5j4gf,joy,joy,0.0022433589,0.00037441196,0.00032310793,0.99545467,0.000499376,0.0011049578
ee5l7ju,joy,joy,0.0019041924,0.00036992936,0.00048236013,0.9931645,0.0007446497,0.003334369
ee5lxms,surprise,anger,0.5219844,0.0059298878,0.008720028,0.31973767,0.03286234,0.110765666
ee5mgg8,joy,joy,0.0028485751,0.0005605682,0.00041624572,0.9939314,0.00076250866,0.001480709
ee5mt3c,anger,anger,0.9471345,0.012126089,0.0015832325,0.007112948,0.0072474475,0.024795897
ee5nn7b,joy,joy,0.0027314343,0.0005761839,0.00036357177,0.99412066,0.0005625951,0.0016455314
ee5o7sf,surprise,joy,0.0061719017,0.0010837552,0.001259356,0.90471435,0.0025220134,0.084248625
ee5o9qc,sadness,sadness,0.02264596,0.0030617812,0.0016456615,0.091326386,0.87743974,0.0038805236
ee5ozhv,anger,joy,0.3123827,0.011918966,0.009904247,0.5351352,0.048965126,0.081693836
ee5p45c,anger,anger,0.8379317,0.013182923,0.0035055466,0.024459617,0.06745887,0.053461336
ee5p9sg,joy,joy,0.0013516499,0.0003736022,0.0003470563,0.995878,0.00052748073,0.0015222573
ee5po5f,anger,anger,0.8097866,0.025295746,0.0037443812,0.012683965,0.029035611,0.11945366
ee5pu4o,anger,anger,0.96199644,0.012664181,0.0015005979,0.008562875,0.007995666,0.0072802794
ee5q0l5,joy,joy,0.002121869,0.00065842096,0.0005853853,0.993382,0.0003908465,0.0028615526
ee5qmwi,joy,joy,0.0010040641,0.00035818492,0.000397009,0.99709594,0.00040286334,0.00074188487
ee5r8iv,anger,anger,0.84448034,0.010897747,0.0027896487,0.029500542,0.09072328,0.021608388
ee5rjb9,joy,joy,0.0012079988,0.00036838523,0.00039368955,0.9969304,0.00045609009,0.000643438
ee5svxf,anger,anger,0.86130095,0.07496608,0.004233254,0.016140936,0.032162074,0.0111967325
ee5sz2d,anger,anger,0.9451997,0.013395706,0.001965231,0.006743944,0.011624897,0.021070626
ee5t2eo,sadness,joy,0.1507949,0.020845836,0.009711026,0.6534038,0.13071802,0.03452645
ee5t62n,sadness,sadness,0.017446367,0.003933872,0.0023791136,0.07920343,0.8678749,0.029162293
ee5ua5f,surprise,anger,0.7471145,0.0075338283,0.0074935183,0.13512574,0.05183359,0.05089889
ee5upc0,joy,anger,0.51779306,0.039791826,0.003718932,0.40335292,0.020342592,0.015000717
ee5uujw,fear,fear,0.06640685,0.05087614,0.74986404,0.079806946,0.027112225,0.02593384
ee5v1je,sadness,sadness,0.028354745,0.008395483,0.0022360245,0.012033482,0.9420545,0.0069258306
ee5v7o6,surprise,joy,0.013391429,0.001973829,0.0021905503,0.8395877,0.0076250266,0.13523147
ee5vvau,joy,joy,0.016366053,0.001598714,0.0009565427,0.95634437,0.0033042748,0.02143015
ee5wfoi,joy,joy,0.0023373757,0.00039856508,0.00038644913,0.9927591,0.0014209955,0.002697451
ee5xfyq,surprise,surprise,0.004561538,0.00079735596,0.0011921757,0.005556189,0.0015071152,0.98638564
ee5xkka,surprise,surprise,0.10016995,0.0034326108,0.0022644736,0.24813133,0.02465649,0.6213451
ee5xsnn,surprise,surprise,0.07055629,0.0028071706,0.0030798044,0.01578314,0.029345633,0.878428
ee5xtsy,surprise,surprise,0.08462638,0.0072623203,0.017131861,0.11431312,0.03362264,0.7430437
ee5xx4i,fear,fear,0.013148171,0.0044225957,0.5978508,0.3230371,0.034872133,0.026669221
ee5y67v,joy,joy,0.047285073,0.002412224,0.0007404749,0.9363601,0.009533422,0.0036686317
ee5y6dt,sadness,sadness,0.3782676,0.09078886,0.016172484,0.039728496,0.4162397,0.058802817
ee5yeu8,joy,joy,0.009919646,0.000670262,0.0011310084,0.9761258,0.00270579,0.009447559
ee5yg0t,sadness,sadness,0.026016358,0.0057658027,0.0020876003,0.010130258,0.9525364,0.003463489
ee60k0m,anger,anger,0.52114636,0.028309042,0.005325767,0.019906433,0.39947447,0.025837936
ee60q8u,sadness,sadness,0.2368919,0.17526059,0.014363735,0.0069614463,0.55735195,0.00917044
ee61e0d,anger,anger,0.9078686,0.014323877,0.0024284876,0.010284326,0.01843732,0.04665737
ee61t4b,sadness,sadness,0.011868112,0.006508865,0.0041373437,0.0074460506,0.96756685,0.0024728097
ee6386k,joy,joy,0.002949957,0.0004317391,0.0004584545,0.9939674,0.0005534657,0.0016389815
ee63efc,sadness,anger,0.8624654,0.05083596,0.0039043687,0.010916198,0.05949115,0.0123869125
ee64byg,joy,joy,0.0028828855,0.000694176,0.0009096707,0.9845041,0.010195974,0.00081318663
ee64day,sadness,sadness,0.0054908674,0.002361837,0.001704659,0.0051228763,0.98335165,0.0019680578
ee64dbh,joy,joy,0.0017880842,0.00035780342,0.00051887176,0.9954224,0.00052037777,0.0013925255
ee64wut,joy,joy,0.004062666,0.0006584799,0.00042486368,0.99222296,0.00075616146,0.0018749315
ee655oi,surprise,surprise,0.07766502,0.00346529,0.0040266784,0.027508587,0.040585797,0.8467487
ee65dgs,anger,anger,0.88078475,0.004880527,0.0019716,0.02601461,0.05869667,0.027651817
ee65gd2,anger,joy,0.43027142,0.03611642,0.004943066,0.4348542,0.0870268,0.0067881136
ee65luq,joy,joy,0.043121435,0.002648098,0.0030079314,0.8492157,0.017381253,0.08462562
ee6608z,surprise,surprise,0.0064908485,0.00094997685,0.001108959,0.0039161183,0.0014241901,0.9861099
ee66c9z,anger,anger,0.6881445,0.0069191814,0.00366282,0.020606004,0.17202227,0.10864528
ee66nq8,joy,joy,0.0011677241,0.00034765902,0.0003752292,0.99701357,0.00046524292,0.0006305972
ee6729h,anger,anger,0.5794595,0.013527683,0.0030791669,0.37245175,0.009714305,0.021767614
ee67ej2,joy,joy,0.0026675619,0.00036954493,0.0005110606,0.9850745,0.0012172674,0.01016003
ee67oh7,joy,joy,0.0042689554,0.0007952548,0.0008974976,0.9909025,0.0006900374,0.0024457092
ee67yw9,joy,joy,0.0013965245,0.0003312072,0.0003763736,0.99674606,0.00032003855,0.0008298303
ee68gqt,sadness,sadness,0.01970817,0.0054915603,0.0021521396,0.013565227,0.95721555,0.0018674224
ee68wff,joy,joy,0.07456752,0.0022423489,0.0017219137,0.7373346,0.053840164,0.13029343
ee69yv8,surprise,surprise,0.009382307,0.0008454038,0.0018129213,0.0048683556,0.0061014253,0.9769895
ee6bip1,anger,surprise,0.37736896,0.0042601298,0.002491695,0.013810811,0.009107269,0.59296113
ee6c8k2,surprise,surprise,0.06215485,0.0020583188,0.0034739645,0.017930064,0.012256289,0.9021265
ee6deao,joy,joy,0.0020374877,0.00037404543,0.00033568987,0.9955544,0.0005218215,0.0011766305
ee6e1g0,joy,joy,0.0012614178,0.00033710428,0.00034204315,0.9968245,0.0005163333,0.0007185779
ee6eoes,joy,surprise,0.030610956,0.003221218,0.0034056345,0.30541426,0.0077432287,0.6496047
ee6f4rc,joy,joy,0.0016300388,0.00042800163,0.00041345618,0.9964898,0.00038017094,0.00065847614
ee6gc6n,joy,joy,0.03120136,0.0016662418,0.0011863976,0.9574169,0.0018394755,0.006689605
ee6hcjp,anger,anger,0.9479889,0.008248175,0.0015364011,0.022405986,0.010319003,0.009501544
ee6hcv6,joy,joy,0.000909153,0.00030014556,0.00036888322,0.99709296,0.0004046019,0.0009242596
ee6hl3b,anger,anger,0.72912586,0.009455451,0.0060198763,0.048506074,0.084253,0.12263981
ee6hone,anger,joy,0.27474755,0.004642164,0.0021350347,0.5283461,0.018323293,0.17180589
ee6hy4i,joy,joy,0.0026241115,0.000421831,0.00038383927,0.9938958,0.0008677279,0.0018066962
ee6i29k,surprise,joy,0.32879952,0.0078646215,0.0029330626,0.47819242,0.03032463,0.15188573
ee6i2te,surprise,anger,0.51793486,0.31840017,0.017178493,0.07191521,0.030923521,0.04364776
ee6jcjf,joy,joy,0.0051528686,0.0006206687,0.0005829314,0.98526853,0.0046364893,0.0037385072
ee6kxgs,joy,joy,0.0011847134,0.00036039235,0.00038122034,0.99692553,0.00045848338,0.0006897307
ee6l7to,joy,joy,0.0028277882,0.0004603293,0.00038190527,0.9946694,0.0008811378,0.00077946763
ee6m5ue,joy,joy,0.030615406,0.0012139847,0.001061027,0.9499419,0.006732461,0.010435244
ee6n1cr,joy,joy,0.0018285919,0.00031473616,0.00030857825,0.9958299,0.00087276974,0.0008454279
ee6ngi0,joy,joy,0.007943955,0.0005440906,0.00045434837,0.98154837,0.0009781674,0.008531097
ee6nuu3,sadness,sadness,0.06607534,0.04570053,0.01162559,0.28822047,0.57828873,0.010089315
ee6nx7j,sadness,sadness,0.008557258,0.0032024954,0.0016638285,0.0051624007,0.97842604,0.002987986
ee6ofvw,joy,joy,0.0013838725,0.00036564228,0.00034233098,0.996845,0.0004531852,0.0006099792
ee6ohr6,disgust,disgust,0.088961616,0.8267238,0.053666532,0.010782845,0.013851488,0.006013763
ee6ovi9,anger,anger,0.80888575,0.1160895,0.005788384,0.034870207,0.026178708,0.008187426
ee6oz9w,joy,joy,0.0010695485,0.00037136767,0.0006169578,0.99576074,0.0009863193,0.0011950101
ee6pfli,joy,joy,0.020862643,0.00091798423,0.0014822758,0.95748985,0.0017029576,0.017544374
ee6qcyh,joy,joy,0.0019992227,0.0004604582,0.00040271817,0.9953489,0.0006092353,0.0011794919
ee6qy6d,joy,joy,0.017817965,0.0034342853,0.007479429,0.6286672,0.017020065,0.3255811
ee6r0ks,anger,anger,0.70375395,0.005883719,0.002214933,0.054925095,0.016036471,0.21718578
ee6rbom,joy,joy,0.0013450412,0.00028108666,0.00032589646,0.9964585,0.0005888579,0.0010005683
ee6rl0u,anger,anger,0.7130503,0.011081021,0.002449687,0.083852895,0.009157567,0.18040855
ee6royg,joy,joy,0.0109821595,0.0012031575,0.0006798994,0.9838404,0.0013193587,0.001974944
ee6sfmc,joy,joy,0.03780017,0.0027440873,0.0026925316,0.7055392,0.08655573,0.16466826
ee6sme8,joy,joy,0.105602086,0.039983578,0.009698864,0.7692879,0.023082681,0.052344896
ee6stj4,anger,anger,0.543608,0.007254365,0.0046611447,0.3200349,0.07216075,0.052280813
ee6taok,joy,joy,0.023556886,0.0010782896,0.0011664924,0.9235656,0.009774407,0.04085836
ee6teg0,surprise,surprise,0.015914382,0.002041877,0.0029148182,0.007862972,0.023654861,0.9476111
ee6tiha,surprise,surprise,0.029955879,0.001491461,0.0014788216,0.004277584,0.0060971295,0.9566991
ee6u3kv,joy,joy,0.00577282,0.0005086095,0.0003893381,0.99060106,0.0009056354,0.0018226067
ee6ubza,fear,fear,0.04463245,0.18125767,0.720984,0.022356303,0.009905507,0.020864092
ee6uczu,joy,joy,0.01393668,0.00095175265,0.00064954103,0.9679298,0.002915414,0.01361681
ee6vkfh,joy,joy,0.023625713,0.00090355764,0.0006360506,0.9650172,0.0016451736,0.008172307
ee6yip2,joy,anger,0.75314265,0.035321675,0.0053141513,0.06244395,0.13151428,0.012263302
ee6yp1b,anger,anger,0.91799015,0.02148844,0.0024373115,0.02426899,0.025869867,0.007945235
ee6ysle,joy,joy,0.0018558603,0.00056029594,0.00057650765,0.992638,0.0034512973,0.00091805746
ee6z2ok,joy,joy,0.0041798702,0.0005455871,0.00058966276,0.98907197,0.0008447972,0.0047681583
ee6znpo,anger,anger,0.8315616,0.04238915,0.0028978395,0.008445339,0.10252934,0.0121767
ee70gzh,joy,joy,0.10161397,0.013210215,0.002969104,0.84055483,0.025569659,0.016082212
ee70pc3,joy,joy,0.1265656,0.0036220185,0.0023766037,0.7338006,0.023409704,0.11022556
ee71ile,joy,joy,0.0051222774,0.0008549811,0.0008429381,0.9887183,0.0019466473,0.002514895
ee72ovk,surprise,surprise,0.014801837,0.0010001359,0.0011019384,0.022661988,0.0027624834,0.9576715
ee7349i,joy,anger,0.71064085,0.08402473,0.0055174595,0.034375172,0.14701979,0.018421944
ee739ym,joy,joy,0.19953807,0.0049159233,0.0033149214,0.57873935,0.007996956,0.20549484
ee73d7q,joy,joy,0.000939183,0.00032036813,0.00040240187,0.9969811,0.00060798984,0.0007489501
ee73r6l,joy,joy,0.0009962077,0.00029504474,0.00033613518,0.99712795,0.00034533773,0.0008992935
ee76jo5,anger,disgust,0.118174754,0.5092375,0.06839297,0.09354862,0.07052607,0.14011998
ee777bk,anger,anger,0.8987259,0.010614046,0.0028022765,0.04687325,0.021690564,0.019294024
ee77v99,joy,joy,0.007994392,0.00070061337,0.00050399755,0.96012014,0.001172432,0.029508475
ee78swv,surprise,surprise,0.13486771,0.022516765,0.02795919,0.012469732,0.06752756,0.734659
ee78xb4,joy,joy,0.004722595,0.0007177827,0.0006401686,0.98937744,0.0020821204,0.0024598762
ee7901k,surprise,surprise,0.0045236596,0.00084369746,0.0012438452,0.0062753456,0.001109543,0.9860038
ee79w6s,joy,joy,0.0027076255,0.00058270234,0.00048250353,0.9941644,0.00066507363,0.0013976292
ee7af9s,surprise,surprise,0.0085018305,0.00082950183,0.0010367394,0.004101311,0.0015712638,0.9839594
ee7ahjs,joy,joy,0.0046841083,0.00062644284,0.0013367556,0.95879406,0.0033933069,0.031165285
ee7c1ej,anger,anger,0.9035731,0.03764481,0.0031008946,0.014936906,0.023448888,0.01729545
ee7cppv,joy,joy,0.2629388,0.10192654,0.029130125,0.31140926,0.17075506,0.12384023
ee7d0aw,anger,anger,0.50214607,0.020244388,0.006022852,0.3666565,0.08784777,0.017082375
ee7d19b,surprise,surprise,0.00756597,0.0008329448,0.0014798285,0.004247583,0.0048548025,0.9810189
ee7dht3,surprise,surprise,0.02450165,0.0015199506,0.0012934341,0.004325617,0.0060925544,0.9622668
ee7e44q,fear,joy,0.0022191918,0.00039218605,0.0020488221,0.9924769,0.0009400776,0.0019227777
ee7eacy,joy,surprise,0.2433654,0.098838456,0.021720735,0.25278643,0.05368832,0.32960066
ee7g1ec,joy,anger,0.4505992,0.007069732,0.004228323,0.36738688,0.038140073,0.13257577
ee7g2xc,joy,joy,0.000979853,0.0003093308,0.00045550926,0.9971908,0.000496392,0.00056816067
ee7gioy,joy,anger,0.46958393,0.008918114,0.0055139875,0.42490417,0.022505177,0.06857461
ee7i3ux,sadness,surprise,0.1490831,0.0037838703,0.0038611912,0.025194077,0.03924936,0.77882844
ee7jwbi,joy,joy,0.0032779134,0.00046032335,0.00042926727,0.9935128,0.0006768161,0.0016428386
ee7l3i5,joy,joy,0.0008895069,0.00028180276,0.00036868572,0.9969765,0.00061199424,0.00087148446
ee7ld0e,sadness,anger,0.63564587,0.059411578,0.008470555,0.019034307,0.2635426,0.013895096
ee7myln,joy,joy,0.0012562807,0.00035699084,0.0003774129,0.997008,0.00046801806,0.000533288
ee7n1qe,joy,joy,0.0042041903,0.0005084551,0.00043767705,0.9931305,0.00051008305,0.0012090708
ee7nud7,joy,joy,0.004644639,0.00042283704,0.000383564,0.9911861,0.0008222171,0.0025407048
ee7ogvy,joy,joy,0.005143301,0.00042485507,0.00043037953,0.97297835,0.0008709448,0.020152101
ee7om6v,surprise,joy,0.13014902,0.008126279,0.011023917,0.6048212,0.060635887,0.18524373
ee7ps25,surprise,surprise,0.0068139504,0.000941019,0.0013984952,0.0025516213,0.002154394,0.9861405
ee7s0nr,anger,anger,0.72898245,0.019096512,0.0027937903,0.17513096,0.021829646,0.052166674
ee7tsfp,joy,joy,0.0011270504,0.00036998477,0.00036638745,0.99688333,0.0003998359,0.0008533002
ee7tto1,surprise,joy,0.006755242,0.0011427616,0.0012623536,0.72819823,0.0020758258,0.26056558
ee7u9wl,anger,anger,0.47316083,0.35869557,0.05588926,0.014001074,0.062169295,0.0360839
ee7uk6b,anger,anger,0.9442489,0.01912646,0.0025141418,0.012122059,0.014118805,0.007869664
ee7vbi1,joy,joy,0.068818435,0.002682361,0.0019662527,0.8476809,0.009370609,0.069481425
ee7wqdn,joy,joy,0.0049659195,0.00092481065,0.0010606332,0.9891444,0.0015152284,0.0023890233
ee7x0zj,joy,joy,0.012352921,0.0019274987,0.0014209369,0.89564437,0.0046221167,0.08403207
ee7xmff,sadness,anger,0.88181657,0.007006616,0.0017296614,0.03174743,0.052463427,0.025236284
ee7yldq,anger,anger,0.5622356,0.005368362,0.004600508,0.12842079,0.17961237,0.11976237
ee7yn1n,joy,joy,0.0028901165,0.00052902946,0.00049034174,0.99089175,0.00060135935,0.0045974297
ee7yntw,surprise,surprise,0.005612305,0.00089943595,0.0011859469,0.005723268,0.0011368647,0.98544216
ee7zn8o,joy,joy,0.013451283,0.0036703863,0.10713146,0.7930137,0.059078243,0.023654904
ee7zve6,anger,anger,0.68357813,0.09821075,0.0046059745,0.04988685,0.15234204,0.011376259
ee8000u,joy,anger,0.7252262,0.07181685,0.0039047648,0.07341819,0.11215442,0.013479573
ee80jxt,joy,joy,0.0033564935,0.00089413195,0.0012855446,0.9820227,0.010748787,0.0016923872
ee80wk2,joy,joy,0.38269323,0.010350592,0.004672297,0.5514381,0.016308518,0.03453725
ee815ot,joy,joy,0.20843697,0.0034936788,0.0013442555,0.7597153,0.010203402,0.016806278
ee824ej,joy,joy,0.0021181437,0.0003470065,0.00077701424,0.9933275,0.001190809,0.002239559
ee824sf,surprise,anger,0.7076402,0.006262152,0.0023577972,0.02777496,0.018957602,0.2370073
ee82djo,joy,joy,0.0018545698,0.0002918662,0.0002671468,0.9953762,0.00045542294,0.0017547758
ee83nfu,joy,joy,0.003200727,0.00041680108,0.00038915602,0.99388075,0.00041051317,0.001702054
ee8427q,joy,joy,0.01376326,0.0014743343,0.0013195507,0.96819913,0.013937753,0.0013059517
ee84iic,sadness,sadness,0.07271104,0.0051619885,0.008754183,0.0992139,0.47958192,0.334577
ee867uh,surprise,surprise,0.012145388,0.0011923562,0.0013108752,0.00285889,0.00565717,0.97683537
ee884u2,joy,joy,0.12867157,0.0048305416,0.0036562255,0.59687585,0.0055013318,0.26046446
ee888be,surprise,anger,0.87905663,0.005838677,0.0016284516,0.018096803,0.026392592,0.068986826
ee891lc,joy,joy,0.004250676,0.0006020696,0.0005524664,0.9906747,0.0029193491,0.0010006961
ee89l84,anger,anger,0.47752798,0.006243023,0.0035012204,0.40750217,0.019786803,0.085438766
ee8a1uj,joy,sadness,0.062171426,0.011566958,0.012625062,0.4061052,0.4562733,0.051258184
ee8bjbh,joy,joy,0.11446987,0.23885836,0.024036497,0.5663668,0.02072875,0.035539705
ee8d9h8,joy,joy,0.0029776737,0.0004544571,0.00040330936,0.991958,0.0005244963,0.0036820716
ee8dlsf,joy,joy,0.0011583786,0.0003209075,0.0002967221,0.99701524,0.00053355686,0.000675197
ee8dqms,joy,joy,0.0012723866,0.0003321741,0.00033542173,0.9970605,0.00046872036,0.0005307084
ee8dzal,joy,joy,0.001405313,0.0004603686,0.00045388527,0.99646395,0.0004409258,0.00077563105
ee8efzs,joy,joy,0.0012660288,0.0003438966,0.000354255,0.99696964,0.0003868082,0.00067940034
ee8ektp,joy,joy,0.0027046856,0.0005615862,0.00036003537,0.9942333,0.0013408043,0.0007995455
ee8f04x,joy,joy,0.0008349668,0.00032813195,0.00040049534,0.9973712,0.000409051,0.00065606425
ee8f1q2,surprise,surprise,0.034192797,0.001361811,0.0016474817,0.27531832,0.0040194294,0.68346006
ee8fmtk,joy,joy,0.0018126058,0.00044867813,0.00037501456,0.99538285,0.00050845556,0.0014724039
ee8g27w,joy,joy,0.0013168448,0.00042596838,0.0005650186,0.98900604,0.000804157,0.007881965
ee8g5g2,sadness,joy,0.004560368,0.00048946234,0.00039959955,0.99099976,0.0020060816,0.0015447865
ee8gmer,joy,joy,0.0025545037,0.00060293014,0.00047856197,0.994565,0.0004284985,0.0013705299
ee8go3n,joy,anger,0.65543896,0.009323203,0.005290466,0.26989773,0.036240634,0.023809003
ee8gxoj,anger,joy,0.0062546497,0.0010946766,0.000662498,0.9892123,0.001103797,0.0016721294
ee8gxw4,joy,joy,0.011516394,0.00096760393,0.0005870592,0.98157275,0.0012874474,0.0040687732
ee8l5zw,joy,joy,0.0013875985,0.00045037427,0.00040806364,0.99636865,0.0004143842,0.0009709519
ee8n7ct,joy,joy,0.0019561301,0.00028655236,0.00030099813,0.9959661,0.0005182223,0.0009719648
ee8na7t,surprise,surprise,0.005303286,0.0007331169,0.0009642422,0.015553341,0.001411698,0.9760342
ee8neql,joy,joy,0.02022978,0.0018107479,0.0025911438,0.90437907,0.0046425094,0.06634675
ee8nhz8,joy,anger,0.5397654,0.010978673,0.0038080597,0.35944855,0.046907917,0.03909138
ee8ozj7,fear,surprise,0.25921878,0.0073718037,0.0033050517,0.2874653,0.05182557,0.39081356
ee8pj9s,joy,joy,0.0146734165,0.005185864,0.0039310083,0.94723433,0.0043228376,0.024652623
ee8pz1j,joy,joy,0.0016845834,0.0003421091,0.00036125098,0.9961993,0.0005927141,0.000819998
ee8q8xm,joy,joy,0.002381348,0.00060599466,0.0004933858,0.9923832,0.00040574514,0.0037303912
ee8qfrf,sadness,anger,0.72598773,0.0127493935,0.006832274,0.04627688,0.20221604,0.005937693
ee8qhoz,surprise,surprise,0.0115147885,0.0010381135,0.001170863,0.01841912,0.0052102343,0.9626469
ee8rshq,joy,joy,0.03252073,0.0009978657,0.00056486967,0.95588,0.0032301433,0.0068063266
ee8rtlq,anger,anger,0.91892135,0.011558107,0.001638238,0.00796145,0.008724933,0.051195845
ee8sgaw,sadness,surprise,0.08492231,0.0046665375,0.0045368583,0.022137716,0.1394022,0.74433434
ee8t50i,surprise,surprise,0.032672204,0.0020676798,0.0019763194,0.0737837,0.0055418443,0.88395834
ee8ti29,anger,anger,0.9031384,0.013428635,0.0030815378,0.007885449,0.008265193,0.06420079
ee8to3i,disgust,sadness,0.23764631,0.06826785,0.009240092,0.017888067,0.6499856,0.016972138
ee8tssd,joy,joy,0.0028899151,0.000505285,0.00040329594,0.99404573,0.0010683716,0.0010873788
ee8upyi,sadness,sadness,0.12515293,0.028118083,0.014931384,0.048065454,0.65624404,0.1274881
ee8vt0l,joy,joy,0.0011182758,0.0003631592,0.00040470375,0.99696654,0.00042096945,0.0007263392
ee8ws9d,joy,surprise,0.14353994,0.005199905,0.0063028405,0.24847965,0.056331724,0.54014593
ee8wv5f,joy,joy,0.0017644922,0.00041697215,0.0005468123,0.9948891,0.0005038389,0.0018789227
ee8xs4t,anger,anger,0.8097416,0.021979745,0.002813546,0.013844731,0.14067745,0.010942897
ee8y4se,joy,joy,0.0024496175,0.0003272631,0.0004102161,0.9941309,0.00072632905,0.0019555595
ee8y5rz,surprise,surprise,0.039723244,0.011831206,0.013863791,0.13388933,0.022583691,0.7781088
ee8yj3n,anger,anger,0.9331575,0.0119755985,0.0017687295,0.018489517,0.016845368,0.017763276
ee8z020,joy,joy,0.012131417,0.001607278,0.0012911462,0.71937954,0.0022284924,0.2633622
ee8z5uk,anger,joy,0.032047585,0.0034465708,0.0019134628,0.94565374,0.011180157,0.0057584275
ee8z9ge,joy,joy,0.0019165255,0.0004892129,0.0005049107,0.9946247,0.00091415487,0.0015504955
ee8zjas,anger,anger,0.90485007,0.033537824,0.0029263746,0.030441592,0.017477015,0.010767097
ee90gsc,joy,joy,0.0018615485,0.0004118266,0.000527694,0.9943145,0.00039986847,0.0024844885
ee90qyi,joy,joy,0.056847814,0.0012289775,0.00095232524,0.9289181,0.0042004217,0.007852313
ee91dd9,joy,joy,0.25335017,0.07895006,0.016554164,0.36839825,0.24162875,0.041118562
ee9302r,surprise,surprise,0.0097017065,0.0017323181,0.0022480174,0.28924182,0.008282145,0.68879396
ee9451s,sadness,sadness,0.055757742,0.01518546,0.002726199,0.02239675,0.8986335,0.005300274
ee9488r,joy,joy,0.0019078807,0.00038971036,0.000365503,0.99562883,0.0005150834,0.0011929492
ee94m1i,surprise,surprise,0.007506221,0.000777999,0.001312372,0.003858696,0.0016139719,0.98493075
ee94zml,anger,anger,0.85071224,0.03939411,0.0034224752,0.06198737,0.028911032,0.015572722
ee95h38,sadness,sadness,0.0074827545,0.0015413406,0.0016997618,0.010150715,0.97366786,0.005457689
ee95kj0,joy,joy,0.0028975396,0.00038839038,0.00031928168,0.9947825,0.0007400686,0.0008722427
ee9651g,anger,anger,0.9154383,0.02051939,0.0023633926,0.02072058,0.027117254,0.013841035
ee97vbu,joy,surprise,0.014898141,0.0025756026,0.0019410487,0.3202795,0.0030003977,0.6573053
ee97ve1,joy,joy,0.0020340274,0.00049363624,0.0009155664,0.97670615,0.0027320017,0.017118577
ee98n3c,joy,joy,0.0023435142,0.00033445546,0.0002814754,0.99373794,0.0006363744,0.0026661886
ee98x55,joy,joy,0.001663687,0.00039235805,0.00040050354,0.9961682,0.00033164682,0.0010436487
ee99lur,joy,joy,0.22286677,0.004112132,0.0017100036,0.7138618,0.041311763,0.016137484
ee99t4t,joy,joy,0.002414612,0.00052672875,0.0005191073,0.9935468,0.0008832992,0.0021095166
ee9aoi5,anger,anger,0.8862751,0.047147594,0.003164831,0.013131728,0.043280713,0.0069999825
ee9b3g2,joy,joy,0.0016300733,0.0004420607,0.00043148262,0.99464476,0.00091421563,0.0019374442
ee9c0ld,anger,anger,0.5332637,0.097144715,0.006843226,0.027700493,0.31208688,0.02296096
ee9dodq,sadness,sadness,0.021235028,0.003265649,0.0030750795,0.0971177,0.87141967,0.003886855
ee9e4sa,joy,joy,0.0050137835,0.00063869887,0.0005803845,0.98241913,0.0014819195,0.009866071
ee9efqt,surprise,surprise,0.022042308,0.0014024733,0.0012906778,0.0030979475,0.0040924978,0.96807396
ee9f7rx,joy,joy,0.0033217347,0.00040591875,0.00040722426,0.9903831,0.0011348691,0.004347171
ee9frq0,anger,anger,0.8829481,0.06613224,0.0066282353,0.027908683,0.010507205,0.00587554
ee9gpyo,joy,anger,0.94984347,0.013675683,0.0020067284,0.011260753,0.016547404,0.0066658445
ee9ij1d,sadness,joy,0.012607904,0.0020345512,0.0007135374,0.97450393,0.008193462,0.0019465779
ee9irsu,joy,joy,0.0014984607,0.00046654773,0.00047314604,0.99333936,0.0010600253,0.0031623577
ee9j45k,anger,joy,0.036770664,0.002459002,0.0013174836,0.9487213,0.0014463561,0.009285127
ee9j4gp,surprise,joy,0.022928942,0.0021870749,0.002392545,0.51602226,0.0045869974,0.45188218
ee9jfaf,joy,joy,0.0017702922,0.00035938405,0.00034678125,0.99603254,0.00036773473,0.0011232509
ee9jk1m,sadness,sadness,0.0071477797,0.0019378919,0.0013937076,0.011406059,0.9760633,0.002051281
ee9jvfx,joy,joy,0.001813474,0.0004462465,0.00046228527,0.9956014,0.0004064025,0.0012702345
ee9k06l,joy,joy,0.0037433924,0.0005057082,0.000692048,0.99119157,0.00066344923,0.0032038265
ee9l3bb,surprise,surprise,0.009198314,0.0010639091,0.0014882577,0.0028742906,0.0029320824,0.9824432
ee9oort,joy,joy,0.005770785,0.0007685069,0.00048324754,0.9902678,0.0007831317,0.0019265993
ee9or83,joy,joy,0.001696763,0.00036820446,0.00036628536,0.99620456,0.00039695585,0.0009672277
ee9ptog,joy,surprise,0.017106777,0.0016627194,0.002512394,0.23073825,0.0068850135,0.7410948
ee9r6qm,joy,joy,0.0018442785,0.00040602,0.0005063777,0.99437356,0.0004808423,0.0023889132
ee9td8y,surprise,surprise,0.02217926,0.0025315604,0.0035229223,0.11616568,0.008134662,0.8474658
ee9tul8,anger,anger,0.89256614,0.02187778,0.003024139,0.027998509,0.044807848,0.009725553
ee9ure5,joy,joy,0.0025497556,0.00046039408,0.00042497486,0.9951984,0.0005603778,0.0008060138
ee9uru6,joy,joy,0.0011098504,0.00035175902,0.00037235738,0.9969739,0.00043485494,0.00075729366
ee9uvf2,joy,joy,0.000904944,0.00032110524,0.0003771715,0.99735755,0.00040207786,0.00063719787
ee9wzc6,surprise,surprise,0.011102215,0.0009197957,0.0012964705,0.0067052883,0.002788291,0.97718793
ee9x46k,joy,joy,0.3124453,0.009543798,0.004789359,0.5983588,0.011406466,0.06345626
ee9xcq8,joy,joy,0.0011815621,0.0002917665,0.0003017301,0.9967991,0.00051935366,0.0009064688
ee9xgzw,joy,joy,0.0019206153,0.00038821888,0.00039772814,0.99579805,0.00046976996,0.0010256028
ee9zczw,joy,joy,0.0022201296,0.00049704534,0.00038742097,0.9956012,0.0004996088,0.0007946451
eea08m2,joy,joy,0.008751872,0.0016093603,0.000810892,0.98067564,0.00087599794,0.007276334
eea1b87,sadness,joy,0.019215623,0.0026931814,0.002763773,0.83691466,0.119761854,0.018650861
eea1uok,joy,joy,0.0020132756,0.00043133463,0.00038585262,0.9957289,0.00040737004,0.0010331617
eea20ss,joy,joy,0.07327888,0.019801777,0.009285506,0.807723,0.052895855,0.037015043
eea2brh,joy,joy,0.0013661358,0.00042238834,0.0003827739,0.99614763,0.00046181338,0.0012191613
eea2jdl,anger,anger,0.51854134,0.0315058,0.01343606,0.119995534,0.057957366,0.25856388
eea2pi2,joy,joy,0.0012029598,0.0004461393,0.0008248609,0.99223375,0.0014249777,0.0038672823
eea2snu,sadness,sadness,0.016668174,0.0030407717,0.010187947,0.010582965,0.9201069,0.039413318
eea3c2t,joy,joy,0.0014429602,0.00038064312,0.00042884063,0.99595404,0.00053032156,0.001263263
eea3s1g,anger,surprise,0.2977753,0.0051174285,0.004308148,0.03886089,0.13177903,0.5221592
eea4fr0,joy,joy,0.0018247331,0.0003821372,0.00030669442,0.9960985,0.0005067985,0.0008810841
eea62d8,joy,joy,0.0018934075,0.00035424178,0.0003433169,0.99526393,0.0006917097,0.0014533743
eea67op,surprise,surprise,0.010883744,0.0015054707,0.0018178988,0.02613656,0.0039870944,0.95566916
eea6m5a,joy,joy,0.03243528,0.0015157503,0.0018080655,0.8622541,0.006405204,0.09558162
eea6rlg,joy,joy,0.0015201009,0.00029299874,0.00033172462,0.99606556,0.000547986,0.0012416166
eea715e,surprise,surprise,0.05737401,0.033982355,0.33849773,0.037222315,0.045288082,0.4876356
eea7g3u,joy,joy,0.01774158,0.0016432094,0.00092406204,0.9679116,0.002669215,0.009110385
eea8ak5,joy,joy,0.0013849154,0.00041218512,0.00038435988,0.99658585,0.00047628357,0.0007563408
eea8t5v,anger,anger,0.54815024,0.017192919,0.0049283276,0.15692392,0.02753235,0.24527222
eeaa5lj,joy,joy,0.001324899,0.00039706507,0.00046260018,0.9965546,0.0005507865,0.0007100105
eeaabmq,joy,joy,0.0036146927,0.0005822907,0.00043454565,0.9923556,0.0020205812,0.000992276
eeaae3c,sadness,sadness,0.3863137,0.02224591,0.0046010916,0.023502622,0.5368313,0.026505372
eeabcv4,joy,joy,0.00128634,0.00034344144,0.00038603815,0.9962101,0.00083654333,0.00093753706
eeabqza,joy,joy,0.0010399722,0.0003002879,0.00034440446,0.9971131,0.0005310717,0.0006712065
eeabrkx,surprise,surprise,0.006684707,0.00077060895,0.0009977258,0.006288289,0.0014804358,0.98377824
eeac88x,joy,joy,0.0011487348,0.00034547696,0.00037996558,0.99713767,0.00036315987,0.0006249271
eeacv2w,surprise,surprise,0.009808069,0.0009984133,0.0012424027,0.0062526735,0.0014539626,0.9802445
eead60c,joy,joy,0.004475924,0.00037956834,0.00036864888,0.99200165,0.0009661153,0.0018080436
eeada0r,joy,joy,0.009694443,0.0008266353,0.0005285032,0.9868751,0.0010720695,0.0010032423
eeadi1c,surprise,surprise,0.005148865,0.0007890048,0.0010711364,0.0072929235,0.0033877164,0.98231035
eeadl6b,sadness,sadness,0.007693662,0.002339937,0.0031821441,0.025831403,0.9566037,0.004349113
eeagckg,joy,joy,0.0052153748,0.00076111447,0.0005790121,0.9854613,0.0010196518,0.006963501
eeagdm1,anger,joy,0.40196088,0.008990402,0.0023649244,0.48017296,0.0868634,0.019647406
eeagvgf,joy,joy,0.003717403,0.00077899004,0.00080379983,0.9273486,0.0016608773,0.06569027
eeah0lb,joy,joy,0.0020283503,0.00047455117,0.0004552115,0.99122953,0.0012094635,0.004602946
eeaht3e,joy,joy,0.013084097,0.0014064716,0.0019775708,0.9055901,0.0150185255,0.06292327
eeajk2v,surprise,surprise,0.005631768,0.0007839932,0.0011111437,0.016870357,0.0012775551,0.97432524
eeaka9l,joy,joy,0.0014055723,0.00033749803,0.00031586373,0.9968008,0.0004977966,0.00064244814
eeakfns,anger,anger,0.81357783,0.010741316,0.0031723895,0.035651967,0.045217432,0.09163906
eeal39s,joy,joy,0.0011284418,0.00029061624,0.00033833127,0.99677426,0.0007651733,0.0007031653
eealr4f,surprise,surprise,0.14339112,0.009325775,0.0037574596,0.075684555,0.077436015,0.690405
eeam5rd,joy,joy,0.0010145426,0.0003068989,0.00033431922,0.997104,0.0004342741,0.00080608064
eeamiv7,sadness,sadness,0.008256886,0.0049166684,0.0035979655,0.008394339,0.9708544,0.0039797258
eeaneup,joy,joy,0.0038477157,0.0008628253,0.0021507796,0.81595165,0.002636696,0.17455038
eeang1x,joy,joy,0.05276534,0.0015528532,0.0017145631,0.9069611,0.0137633355,0.023242814
eeano9f,joy,joy,0.06860617,0.0029662582,0.0020583228,0.730971,0.020683154,0.17471515
eeanwoy,joy,surprise,0.10314843,0.01018798,0.0052647414,0.34077603,0.05194626,0.48867655
eeaos40,joy,joy,0.002809578,0.00040582434,0.0003783018,0.9944225,0.0011756554,0.0008082427
eeaq0ud,joy,joy,0.11869352,0.005427019,0.0010905586,0.8607852,0.010034158,0.003969648
eeaq1fr,disgust,disgust,0.40674716,0.5019428,0.012734505,0.015519116,0.052124415,0.010932027
eeaqrj7,fear,fear,0.12208503,0.027004959,0.5823942,0.17971273,0.04463261,0.044170532
eeaqzyn,fear,fear,0.010513392,0.0075675384,0.95980716,0.008417711,0.0045612357,0.00913294
eear1vy,joy,joy,0.0073611275,0.00065286283,0.0005791585,0.98677325,0.0018782056,0.0027553719
eearon1,sadness,sadness,0.17446436,0.016122734,0.0035278166,0.007238672,0.7848988,0.013747547
eeaspoo,joy,joy,0.0011689651,0.00030257832,0.00032432118,0.9968227,0.0006560146,0.0007253813
eeat82c,anger,anger,0.4001241,0.016672306,0.11229667,0.34249738,0.08077695,0.047632568
eeatzh6,joy,surprise,0.14222124,0.0038328702,0.0020933505,0.028219387,0.013079126,0.81055397
eeauf5y,joy,joy,0.0019650364,0.0003945523,0.00032531616,0.99552494,0.00067386153,0.0011162537
eeaukaq,joy,joy,0.017436337,0.0025478147,0.0011583577,0.9734162,0.0014251169,0.0040161535
eeauw3y,sadness,sadness,0.01878234,0.0047486555,0.0026182884,0.100948706,0.8670998,0.005802197
eeauymn,sadness,joy,0.012612887,0.0019947123,0.00358874,0.846618,0.11821123,0.0169744
eeavpal,joy,joy,0.0014487392,0.00037210103,0.0003697568,0.99615085,0.00046298813,0.0011957007
eeawdya,joy,joy,0.0014063667,0.00034574023,0.0003795921,0.9963456,0.00075239415,0.00077039906
eeawhph,surprise,surprise,0.101437084,0.004015379,0.0019699964,0.39313287,0.01238076,0.48706388
eeaxgil,sadness,joy,0.07101563,0.005631174,0.0060286312,0.68761533,0.063886456,0.1658228
eeaxnjj,joy,joy,0.05107716,0.0027174698,0.0029868858,0.61515594,0.011301855,0.3167607
eeazfl5,joy,joy,0.001300851,0.00042386743,0.00045551138,0.9962425,0.0003038317,0.0012734446
eeb02sp,sadness,anger,0.61092967,0.012482548,0.0021518334,0.24747573,0.018151823,0.10880833
eeb0kbl,joy,joy,0.0028459574,0.00048809493,0.00040598755,0.9940983,0.0005972256,0.001564447
eeb0lo8,joy,joy,0.0028579293,0.0003970724,0.00038013165,0.9933971,0.00084579666,0.0021219235
eeb3ge3,joy,joy,0.025909875,0.0024896043,0.0018366786,0.8257172,0.0073057953,0.13674086
eeb52e6,joy,joy,0.04976893,0.0037508642,0.0019960545,0.796853,0.0071253297,0.14050588
eeb5hz9,anger,anger,0.9548455,0.01570976,0.0027826503,0.0069664945,0.009266346,0.010429293
eeb5j2f,joy,joy,0.0012128146,0.00032307822,0.00039978418,0.9960526,0.00039665942,0.0016149484
eeb5k3p,joy,surprise,0.023207951,0.0018879902,0.0017073553,0.13954124,0.004138342,0.8295171
eeb5ql7,joy,joy,0.0012214524,0.0003795194,0.0005460078,0.99592304,0.0007168557,0.0012131784
eeb658n,surprise,surprise,0.074159056,0.004235606,0.0048485436,0.01844503,0.4344885,0.4638233
eeb67ti,joy,surprise,0.019487606,0.0018430467,0.0022407053,0.38093826,0.0019983256,0.5934921
eeb73xm,anger,anger,0.607709,0.024656,0.003830251,0.1231616,0.09719562,0.14344755
eeb8ynu,joy,joy,0.0012957489,0.0003240271,0.00042324787,0.9964623,0.0007125372,0.00078213855
eeb8zrj,surprise,surprise,0.102078006,0.0030160823,0.0015731888,0.0052448227,0.01742132,0.8706666
eeb9rae,sadness,sadness,0.07552361,0.007584833,0.0038733047,0.0661143,0.83820367,0.008700384
eeb9sij,joy,joy,0.0054207053,0.0010055589,0.0015412983,0.8191588,0.0021122291,0.17076133
eebam5r,joy,joy,0.018365532,0.0017109731,0.0010628717,0.96747744,0.004675728,0.006707447
eebba2y,joy,joy,0.007362105,0.0008778344,0.00060856255,0.9875535,0.000970102,0.0026279322
eebbnny,surprise,anger,0.4884752,0.023890164,0.006759491,0.08338907,0.044434454,0.3530516
eebbtqd,joy,joy,0.0012681579,0.0004274948,0.00033415557,0.99654454,0.00034533237,0.001080265
eebbvz5,surprise,joy,0.29796097,0.0058632977,0.0034696776,0.49506202,0.023170086,0.17447399
eebbyf6,joy,joy,0.0015354309,0.00031806086,0.00039182956,0.9962064,0.0005313022,0.0010169618
eebc1bb,joy,joy,0.009140532,0.00072891114,0.0006014593,0.986459,0.0010880146,0.0019819927
eebcsga,joy,joy,0.0068817525,0.0008703711,0.0018606968,0.9812672,0.0010995127,0.008020575
eebdb2z,joy,joy,0.07233737,0.005044617,0.0013505234,0.9033485,0.013059616,0.0048593623
eebddav,joy,joy,0.004212506,0.0009942605,0.0008446412,0.9816275,0.0024880548,0.009833102
eebdh1g,joy,joy,0.01512354,0.0011262604,0.00072243076,0.97502214,0.004846319,0.0031593624
eebdnto,anger,anger,0.8172062,0.019747894,0.033757,0.08401228,0.026662918,0.018613748
eebdvhj,joy,joy,0.0026896943,0.0004372292,0.00038434583,0.99456656,0.0005560307,0.00136612
eebdydi,joy,joy,0.0029757996,0.0004475402,0.0003506292,0.99347454,0.0006321499,0.002119401
eebei0z,surprise,surprise,0.12980735,0.010218513,0.030822115,0.021720445,0.063802876,0.7436287
eebepp3,surprise,surprise,0.0057019154,0.0007867664,0.001060592,0.0095198015,0.0021042223,0.9808266
eebeui2,anger,anger,0.4847829,0.008671175,0.0045483434,0.20031025,0.025141194,0.2765461
eebf5f1,disgust,joy,0.1912853,0.025388774,0.017202893,0.6694908,0.056010537,0.040621705
eebfx2i,sadness,joy,0.067371815,0.0027042988,0.0025159202,0.8393126,0.01925228,0.068843134
eebgsad,surprise,joy,0.43235537,0.011640557,0.0022009127,0.48035717,0.012079448,0.06136662
eebhelw,joy,joy,0.00791918,0.00073652726,0.0008506824,0.9765496,0.005628319,0.008315685
eebia5v,sadness,anger,0.7199907,0.020877546,0.0033028333,0.03174818,0.027664714,0.19641608
eebj3zi,anger,anger,0.8506743,0.025330756,0.0038415582,0.01940899,0.035413705,0.06533078
eebjrae,joy,joy,0.0018370994,0.0004272107,0.00039176183,0.9956558,0.00067537394,0.0010126944
eebjuhu,anger,anger,0.5775002,0.008668714,0.0036736198,0.014945713,0.32918274,0.066028945
eebkl4w,joy,joy,0.001362228,0.00035946324,0.0005099377,0.98787713,0.0006017865,0.009289482
eebkmyd,surprise,surprise,0.2010097,0.0035948446,0.003173819,0.27201054,0.08245975,0.43775135
eebl3z7,anger,anger,0.9533538,0.010594294,0.0030275353,0.0090256,0.0077858972,0.016212994
eeblc78,surprise,surprise,0.0074714967,0.00075312995,0.0010619537,0.008183046,0.001651352,0.98087895
eeblnfc,anger,anger,0.9656321,0.009193169,0.0015255949,0.006334965,0.005278282,0.012036019
eebm0lx,sadness,sadness,0.24946684,0.014814367,0.004261687,0.034165688,0.6731689,0.02412256
eebmoe2,surprise,surprise,0.031490855,0.00457603,0.018454375,0.20003313,0.041505735,0.70393986
eebn6kt,anger,surprise,0.17524435,0.004955656,0.0023611095,0.023001762,0.0072609624,0.78717625
eebnf4u,surprise,surprise,0.006293612,0.000846251,0.0009914072,0.0052993866,0.0025859321,0.9839835
eebnr87,joy,joy,0.0013546278,0.0003308667,0.00039696944,0.9964728,0.00065350963,0.0007911552
eebo9pe,joy,joy,0.0017358551,0.00035529427,0.0003493959,0.99603903,0.00042578488,0.0010946459
eebogl3,anger,disgust,0.15364546,0.7860421,0.023009274,0.01888101,0.012386401,0.0060358522
eebqebz,joy,joy,0.00287162,0.00048080954,0.00049485115,0.9936233,0.000579025,0.0019503845
eebqhvz,joy,surprise,0.05567728,0.0021298733,0.002045162,0.11589295,0.0159735,0.8082812
eebqrrk,joy,joy,0.0014329096,0.0003395721,0.00041804783,0.99478394,0.00058788905,0.002437674
eebslik,joy,joy,0.005881958,0.0007044849,0.0011028125,0.95643747,0.004626701,0.031246522
eebt875,anger,joy,0.44466677,0.0059081693,0.002888222,0.4901215,0.026662095,0.029753271
eebtq8m,surprise,surprise,0.03870732,0.002024905,0.0017804065,0.079889335,0.008708403,0.86888963
eebu8jv,anger,surprise,0.22906247,0.0047212336,0.0032144226,0.010160199,0.03031558,0.72252613
eebv8gy,surprise,surprise,0.011997014,0.002061271,0.0019803115,0.3749432,0.009807307,0.5992109
eebwitz,joy,joy,0.0022624934,0.0005162293,0.0005326962,0.9894293,0.0008089241,0.006450271
eebxspf,surprise,sadness,0.015562387,0.003474957,0.0021798664,0.0061173015,0.9485096,0.024155842
eebyh8p,joy,joy,0.0014604755,0.00044276819,0.00039908162,0.9960224,0.0009565142,0.0007188036
eebypzu,joy,joy,0.22057243,0.0047504893,0.0022539026,0.6966418,0.049438156,0.026343232
eebzc9y,joy,joy,0.0017850376,0.00027507104,0.00029274795,0.9953497,0.0011031893,0.0011942036
eec0167,anger,anger,0.5364231,0.02923017,0.0043074675,0.11636504,0.30017924,0.013495017
eec0j7c,joy,joy,0.0014173836,0.00034222755,0.00034399383,0.9967662,0.00053691893,0.00059322076
eec0mrt,joy,joy,0.07678614,0.0031230822,0.001792988,0.758344,0.011544914,0.14840885
eec0vsk,sadness,anger,0.3102157,0.0907937,0.07996493,0.1590131,0.1474405,0.21257205
eec25dn,anger,anger,0.8970612,0.021071423,0.004551545,0.016626664,0.045137268,0.0155519545
eec2z6f,anger,joy,0.09910881,0.0036771717,0.0017035131,0.88467336,0.004577058,0.0062601306
eec35y6,joy,joy,0.0018619968,0.0006632475,0.0006215043,0.9936439,0.0005010916,0.0027082209
eec36al,anger,anger,0.95211613,0.008431565,0.0010598835,0.009751955,0.011797133,0.01684332
eec3may,joy,joy,0.30294672,0.0047359434,0.004777956,0.4945352,0.06751931,0.12548487
eec3s6v,joy,joy,0.0029480187,0.00043407915,0.00046525768,0.9940175,0.0005296996,0.0016054367
eec4srq,joy,joy,0.0013733911,0.00037734414,0.00040238604,0.99676454,0.00046955034,0.00061283115
eec4vih,joy,joy,0.042108983,0.006652576,0.011799654,0.6940521,0.02025841,0.22512828
eec6a2r,sadness,sadness,0.11297433,0.017297061,0.0030232794,0.037211753,0.8251569,0.004336585
eec6j16,joy,joy,0.0015205514,0.00037545874,0.00036176154,0.99651045,0.000560966,0.0006708581
eec6n5x,joy,joy,0.0010371972,0.00027837648,0.00033359046,0.99677676,0.0005225237,0.0010515212
eec6w5r,joy,joy,0.0025511396,0.00049251865,0.00048686567,0.9944589,0.00081692386,0.0011935459
eec75cy,joy,anger,0.45561245,0.055707198,0.0636962,0.13909885,0.07949829,0.20638707
eec83wb,joy,joy,0.005834841,0.0005861372,0.00047067518,0.9900456,0.0012042702,0.0018585018
eec86tx,disgust,fear,0.13636942,0.32210657,0.433317,0.055178154,0.026630362,0.026398472
eec9j8l,sadness,sadness,0.020671003,0.003260118,0.0017077276,0.0070917024,0.9310336,0.036235817
eec9jz3,surprise,surprise,0.039384983,0.0015984282,0.0013654771,0.035238627,0.0028804461,0.91953206
eecawox,joy,joy,0.17708664,0.006270419,0.0035292555,0.55635095,0.018054208,0.2387086
eecbm35,surprise,surprise,0.0058200443,0.0010457219,0.0012900042,0.015335208,0.0011784589,0.97533053
eeccb7p,anger,anger,0.8990687,0.010075288,0.0020925524,0.041568797,0.015791634,0.031403076
eeccbl3,joy,joy,0.0013655036,0.00041114123,0.00047460184,0.9946944,0.002386053,0.0006682228
eeccvih,joy,joy,0.0010404993,0.00029007084,0.00043633746,0.9951683,0.0006405252,0.0024242196
eecddc1,surprise,joy,0.009905241,0.0013946188,0.001409945,0.9199873,0.0061474987,0.061155397
eecfbig,joy,joy,0.003671011,0.00047878784,0.00039560467,0.9935135,0.0006291183,0.0013119695
eecfgpl,disgust,disgust,0.044394977,0.90821797,0.025036441,0.0064542047,0.010883129,0.0050133984
eecgbqh,anger,disgust,0.07308786,0.8519209,0.026077146,0.01472966,0.02655701,0.0076273517
eech7i1,joy,joy,0.020895422,0.001112088,0.00057186343,0.9643058,0.0039245654,0.009190262
eeci7oo,joy,joy,0.017451966,0.0011798403,0.0010626748,0.9589021,0.007227036,0.0141762905
eecitej,joy,joy,0.0036774562,0.00050782226,0.00042704493,0.9928739,0.0008728811,0.0016408929
eecjtfg,anger,surprise,0.38463593,0.005183607,0.0033550186,0.04019165,0.033739276,0.53289455
eeclq34,joy,joy,0.024202889,0.0015337195,0.0021686435,0.81255877,0.011310022,0.14822596
eeclx2e,joy,joy,0.0016867213,0.000371098,0.00032960056,0.99559855,0.00047008792,0.0015439327
eecly5v,sadness,sadness,0.021245847,0.01241574,0.0068192827,0.0072821607,0.9304225,0.021814471
eecm8m0,joy,joy,0.014023149,0.0015612751,0.0008538987,0.9745769,0.0015611306,0.007423652
eecm9y1,anger,anger,0.8844964,0.07410531,0.0061504277,0.011216352,0.011139376,0.012892201
eecmijd,joy,joy,0.0015616047,0.00041992258,0.00030945952,0.9961874,0.00040792098,0.00111367
eecmlp1,joy,joy,0.025202578,0.001880047,0.0021364994,0.8370332,0.017837193,0.11591043
eecn9ym,anger,anger,0.9322138,0.0054820683,0.0017512721,0.014722746,0.010947894,0.03488217
eeco4bh,joy,joy,0.004064944,0.0009333745,0.00043320155,0.98809576,0.0007841724,0.0056885635
eecoca2,anger,anger,0.6551025,0.2278756,0.011346564,0.026419057,0.07038281,0.00887352
eecouz5,joy,joy,0.03288539,0.001997074,0.0016254024,0.94383484,0.00355229,0.01610495
eecox9a,joy,joy,0.0066118687,0.0007063261,0.0005163395,0.9900775,0.0010118393,0.0010760563
eecpdb3,anger,anger,0.5852011,0.16412085,0.0076619894,0.029183347,0.18410406,0.029728713
eecpk36,anger,surprise,0.019409232,0.001218476,0.0014329647,0.0037227236,0.0036564497,0.9705602
eecpqvn,sadness,sadness,0.005989741,0.0021224127,0.0013707418,0.0075327274,0.9799769,0.0030074439
eecqt7n,joy,joy,0.11989918,0.0039528236,0.00401831,0.3554796,0.26858473,0.24806538
eecr9rx,anger,surprise,0.034313414,0.0014208108,0.0013829353,0.004617673,0.0067823124,0.9514829
eecrvgz,anger,joy,0.0039115148,0.0005106695,0.00039980878,0.9913844,0.0014265775,0.0023670837
eecst3y,joy,joy,0.0020445157,0.0003080063,0.0003364699,0.9956737,0.00043373677,0.0012035468
eectxqa,joy,joy,0.0010800009,0.00028835778,0.00030190602,0.9967309,0.00035399172,0.0012447829
eecuajb,surprise,surprise,0.15442912,0.0033117363,0.0022729053,0.010087583,0.011034927,0.8188638
eecuozo,joy,joy,0.0033214209,0.0007751796,0.0033412394,0.9858086,0.0047855703,0.001968073
eecuz47,sadness,surprise,0.12056103,0.006230519,0.0059131356,0.01930702,0.08372849,0.7642598
eecwlqp,joy,anger,0.66818744,0.016851693,0.0035714707,0.19566773,0.018017028,0.09770467
eecx81v,joy,joy,0.15529455,0.0055575203,0.004461219,0.6561972,0.013062295,0.16542718
eed1ws0,joy,joy,0.0018634854,0.00047959056,0.00043376946,0.99588275,0.000585306,0.0007550875
eed21e5,joy,joy,0.002370301,0.00045521537,0.0004096751,0.99495345,0.00032155798,0.0014897524
eed2ew5,fear,fear,0.022297122,0.012439551,0.9392311,0.009471424,0.0040774667,0.012483315
eed3vjm,joy,joy,0.0011859951,0.00036295285,0.0004249938,0.9959644,0.0005115423,0.00155006
eed5bc1,joy,joy,0.0017618749,0.00041610986,0.00035224424,0.99592185,0.00035195163,0.0011959351
eed5id6,surprise,surprise,0.030215805,0.0019085387,0.0020438614,0.007590003,0.006597797,0.95164394
eed5k92,surprise,surprise,0.3570436,0.010437947,0.007357982,0.22323021,0.019502068,0.38242817
eed6gi4,anger,anger,0.6574332,0.010958694,0.002274798,0.27271727,0.030417034,0.026198948
eed6huf,joy,anger,0.8357275,0.0058261664,0.0019670187,0.07503819,0.020958114,0.060482983
eed6kum,anger,anger,0.6126606,0.024485864,0.014977846,0.027782226,0.2552625,0.06483097
eed6rhp,sadness,sadness,0.025645558,0.006225333,0.011588542,0.40551168,0.5382164,0.012812468
eed76rs,anger,sadness,0.43221006,0.018278925,0.0049922974,0.07781664,0.44114283,0.02555919
eed7qdu,surprise,sadness,0.022191819,0.0025171537,0.0026072734,0.012793027,0.8909578,0.06893301
eed98dl,anger,anger,0.5787636,0.008033774,0.0023079966,0.044577416,0.041995514,0.3243217
eed9hf2,joy,joy,0.0012664525,0.0003173406,0.00032629844,0.99680114,0.00062176376,0.0006670061
eed9k5y,joy,joy,0.001232516,0.0003507276,0.0004340052,0.99654216,0.0005066636,0.0009338868
eed9qdm,joy,joy,0.0007592179,0.00026808016,0.00046193227,0.99650663,0.0006759546,0.0013281344
eed9yzm,joy,joy,0.013479836,0.0018564449,0.0009321741,0.97165537,0.0017512554,0.010324847
eeda5ul,joy,anger,0.91541463,0.009682653,0.0018826118,0.018801708,0.032265022,0.02195328
eedcfvs,anger,sadness,0.16628002,0.006259375,0.0040333183,0.029159537,0.7466865,0.04758118
eeddkk7,joy,anger,0.771624,0.04963079,0.0030464104,0.06785197,0.08975021,0.018096576
eedegbl,anger,anger,0.88136166,0.0063107964,0.001741935,0.06262435,0.014378519,0.033582743
eedf1l8,joy,joy,0.0424814,0.0020599724,0.002332855,0.8977586,0.015147856,0.04021929
eedflie,joy,joy,0.0012540893,0.00032274245,0.0003332654,0.9969351,0.00040554735,0.00074917986
eedfxha,sadness,disgust,0.32354835,0.5552215,0.023120949,0.012626645,0.076841556,0.008641073
eedglkc,surprise,surprise,0.0057265367,0.00083836605,0.0011566913,0.0054109157,0.003943324,0.98292416
eedgtzp,surprise,surprise,0.06254901,0.0030844242,0.004579953,0.006445739,0.02536901,0.89797187
eedj3c3,sadness,sadness,0.07895724,0.01305457,0.006128987,0.045990054,0.84926486,0.0066042296
eedklxd,anger,anger,0.87564963,0.011596164,0.0020682602,0.032553773,0.02534176,0.052790288
eedl0ig,anger,anger,0.6946109,0.010317573,0.001998333,0.2547535,0.026022866,0.012296898
eedm2qs,joy,joy,0.0013854009,0.00026019878,0.00034685098,0.9966276,0.00057476596,0.00080512324
eednkj8,surprise,surprise,0.010157081,0.0010895388,0.0014316405,0.0029613175,0.002125295,0.98223513
eednqst,anger,anger,0.92376596,0.021099767,0.00257247,0.0069909254,0.035369597,0.010201356
eedohba,joy,joy,0.003317413,0.00042110906,0.0003290327,0.9934408,0.0007764191,0.0017151909
eedop51,fear,fear,0.035451915,0.0072888364,0.8624261,0.060699947,0.01618757,0.017945623
eedpshm,joy,joy,0.0024050244,0.00040679044,0.00046255442,0.9928738,0.00068856386,0.0031632883
eedrfyd,joy,sadness,0.055281904,0.005238398,0.0044934643,0.30606577,0.5919901,0.03693034
eedrxfb,joy,joy,0.0014453257,0.00031727465,0.00033510022,0.9964078,0.0004162375,0.0010782339
eeds7gr,joy,joy,0.0037589415,0.00055083685,0.0004355004,0.9928685,0.00053266215,0.0018534731
eedt1gl,anger,anger,0.93868905,0.024833824,0.005341709,0.014089,0.010203356,0.006843102
eedt3un,joy,joy,0.014343981,0.0009777016,0.0005580791,0.98064697,0.0016119374,0.0018613728
eedw8w1,joy,joy,0.10492516,0.0017825627,0.0010609367,0.86510044,0.008230363,0.018900575
eedw9xm,joy,joy,0.0021984258,0.00049797364,0.00042023626,0.9948159,0.00053048466,0.0015368818
eedwd61,joy,joy,0.027299533,0.0014750356,0.0009921107,0.9054986,0.008695423,0.056039315
eedwm83,joy,joy,0.0038338338,0.0005908708,0.0004961879,0.99036074,0.00095823174,0.0037601055
eedxu2y,joy,joy,0.013604699,0.0013241427,0.0011590502,0.8169232,0.0032013862,0.1637875
eedyb68,surprise,joy,0.27778727,0.006568039,0.0044948906,0.2786662,0.2733248,0.15915883
eedz5n7,joy,joy,0.03489945,0.0018359041,0.0012274506,0.9096524,0.01082038,0.04156445
eee0a09,surprise,surprise,0.007802667,0.0017686507,0.0026695183,0.28083348,0.0061982563,0.70072746
eee1dea,anger,joy,0.45713583,0.006358573,0.009642305,0.46952748,0.0101770405,0.047158718
eee1ruy,surprise,surprise,0.007211107,0.00092517585,0.0010598457,0.007282501,0.0015301696,0.98199123
eee2qwp,sadness,anger,0.90690607,0.010957391,0.0014603704,0.022855336,0.026627984,0.031192873
eee39di,joy,joy,0.005235193,0.0005230654,0.0008670472,0.9772699,0.001295315,0.014809476
eee4c5b,surprise,surprise,0.085817434,0.013101907,0.010255138,0.012016074,0.101696,0.77711344
eee4pu3,surprise,surprise,0.052386586,0.0027986404,0.002574797,0.23872735,0.04485347,0.65865916
eee5vjo,anger,anger,0.702089,0.00788838,0.0025008782,0.05674717,0.04990263,0.1808719
eee67bs,joy,joy,0.0059020296,0.00073943083,0.00049798377,0.9888071,0.0010292842,0.0030242302
eee6ufi,surprise,anger,0.8448671,0.015791787,0.002760477,0.048886385,0.021644155,0.06604997
eee7m2j,joy,joy,0.0022455,0.00040870684,0.00038846556,0.9956737,0.00052521384,0.00075835723
eee8llm,joy,joy,0.0011272016,0.00032909485,0.00041758953,0.99616736,0.00054798165,0.0014107223
eee9b0g,joy,joy,0.003976914,0.00043886286,0.00038875572,0.99216086,0.0007066803,0.0023279
eeea7wj,joy,joy,0.00149528,0.0003057566,0.00034107125,0.996029,0.00089586707,0.0009329743
eeeacqh,joy,joy,0.0017369454,0.00042858298,0.00036754826,0.99598664,0.00048621587,0.0009940948
eeeakrb,joy,joy,0.001496621,0.00034307968,0.00032841132,0.9965359,0.0004499868,0.0008459825
eeeakz9,joy,joy,0.0030521613,0.00039221393,0.00043679326,0.992466,0.002645661,0.0010071575
eeeaw8j,anger,anger,0.66559595,0.27994797,0.00985863,0.01610792,0.021442477,0.007047059
eeebcgg,joy,joy,0.1423444,0.0045709563,0.0022812244,0.62888193,0.014200069,0.20772138
eeebjvj,joy,joy,0.0039353427,0.00055802014,0.00046610038,0.99052,0.0009889111,0.00353171
eeebz3n,joy,joy,0.0023414176,0.00034461278,0.00041027766,0.9954661,0.00081528083,0.00062228413
eeec0i4,anger,anger,0.94281965,0.02118807,0.0018612074,0.008019834,0.018248782,0.007862354
eeed0eg,joy,joy,0.002127177,0.00046325923,0.0004069716,0.99521106,0.00048321654,0.0013084166
eeed7k5,surprise,surprise,0.022524007,0.0013230246,0.0010880792,0.0042737313,0.0034942657,0.96729684
eeedg85,joy,joy,0.0013043488,0.0003593115,0.0002963581,0.9966871,0.00056292175,0.00079001253
eeee3hl,joy,joy,0.0022729808,0.0004453435,0.00032724105,0.9955231,0.00046953635,0.0009618396
eeeetfk,surprise,surprise,0.018538216,0.0012110994,0.0012306877,0.0039733946,0.0022483317,0.9727983
eeef5jm,joy,joy,0.0012981804,0.00036401636,0.0003601027,0.9967873,0.00045036245,0.00073996035
eeefkj5,anger,anger,0.90986544,0.047647785,0.0030819518,0.013329335,0.019663204,0.0064123706
eeeg49i,joy,joy,0.0015544947,0.00044566678,0.00052349496,0.99550974,0.00038222646,0.0015844193
eeeglrx,anger,anger,0.7618093,0.009002935,0.0033586083,0.055351455,0.13728045,0.03319724
eeegqr1,anger,anger,0.92181313,0.015406739,0.0016819705,0.013275746,0.02272435,0.025098152
eeehlxg,sadness,anger,0.8549762,0.020565813,0.0035538443,0.010511342,0.07287995,0.037512932
eeehy7b,anger,sadness,0.3323004,0.010968691,0.019624641,0.1887002,0.36597085,0.08243521
eeeikla,surprise,surprise,0.05008897,0.0050529423,0.0055675153,0.021988573,0.13248138,0.7848206
eeej8vi,surprise,surprise,0.02622746,0.0014122281,0.0022160735,0.007504312,0.0051513603,0.9574885
eeejbfe,joy,surprise,0.023762142,0.0033842742,0.0032444678,0.43952456,0.011417021,0.5186675
eeekh16,joy,joy,0.001685218,0.00030234412,0.00039070233,0.99555534,0.00049788115,0.0015684741
eeekjbo,surprise,surprise,0.018413292,0.00126237,0.001677641,0.017129177,0.0048568114,0.95666075
eeeku7s,joy,joy,0.014947005,0.003039185,0.0040433584,0.80446994,0.007091363,0.16640915
eeel97q,joy,joy,0.005516239,0.0011625082,0.0008732766,0.97686243,0.00055059296,0.015034852
eeelogm,joy,joy,0.0016018903,0.0003773817,0.00033011663,0.9962735,0.0004941247,0.00092296593
eeemtr0,sadness,anger,0.91531265,0.028671717,0.004135556,0.006789287,0.03156007,0.013530727
eeen1br,surprise,anger,0.8717529,0.0064389524,0.0018928102,0.04969716,0.008385236,0.06183284
eeeni5f,anger,anger,0.8145846,0.026153512,0.0035736905,0.034548704,0.08988578,0.031253733
eeenm81,joy,joy,0.0009280197,0.0003423728,0.0005749243,0.99659544,0.00041991455,0.0011393597
eeenqmk,joy,joy,0.0020738225,0.00042235607,0.0003671842,0.995741,0.00044296682,0.0009526296
eeents9,joy,joy,0.016009012,0.0012101072,0.0011663536,0.9692327,0.0013599433,0.011021878
eeepg9f,joy,joy,0.0071452,0.0012821113,0.0016650402,0.9762923,0.007907296,0.0057081166
eeepsmj,joy,joy,0.01999941,0.00089824846,0.0006897903,0.96930707,0.0015766458,0.00752885
eeeqatj,joy,joy,0.32000193,0.008729127,0.0029774355,0.4840974,0.15536462,0.028829543
eeeqgmz,joy,joy,0.005469856,0.0005651518,0.00058634876,0.98895043,0.0017293068,0.0026989076
eeeqm4x,anger,anger,0.3458227,0.1563618,0.023341607,0.32026407,0.069734655,0.08447514
eeeqymc,disgust,disgust,0.08523209,0.68721306,0.1923567,0.012141888,0.012797407,0.010258838
eeer0g6,joy,joy,0.00094453007,0.0003704921,0.0003931468,0.99696165,0.0006504634,0.0006796959
eeer10a,joy,joy,0.0019314529,0.00034037902,0.000303256,0.9958068,0.00045516263,0.0011629721
eeerkum,joy,joy,0.00434131,0.00042167483,0.00039543063,0.9926565,0.0009588593,0.0012261203
eeesact,joy,joy,0.001993139,0.00040474872,0.0003674379,0.9954645,0.0005413299,0.0012288992
eeesqau,joy,joy,0.13038035,0.0032426387,0.0039828895,0.81799465,0.021168236,0.023231244
eeetl27,joy,joy,0.0012260725,0.00040226776,0.0004097375,0.996311,0.0004745728,0.0011762839
eeetz33,joy,anger,0.83613175,0.026925225,0.006301512,0.0155050885,0.052701917,0.062434547
eeeuwsu,anger,anger,0.87827414,0.077555425,0.005769477,0.007813837,0.02404844,0.006538653
eeex10f,joy,joy,0.01566655,0.0024816473,0.0024277198,0.77642626,0.008802699,0.19419512
eeeybsp,joy,joy,0.042754408,0.0030421915,0.0019094843,0.916009,0.004291285,0.031993624
eeezk8u,joy,joy,0.0023246855,0.00041256956,0.0005396565,0.99179256,0.0010985337,0.0038320785
eef08dy,joy,joy,0.12809242,0.0061927973,0.03125595,0.44095686,0.2472826,0.14621943
eef08q7,joy,joy,0.005741011,0.0005191119,0.0006066741,0.98347974,0.003574431,0.0060789934
eef3d4f,joy,joy,0.0014367971,0.0003581548,0.000343026,0.9964636,0.0005428611,0.00085563626
eef40gm,surprise,joy,0.22529736,0.0073260325,0.0032417416,0.5532135,0.029382074,0.18153934
eef45jf,surprise,surprise,0.0068183583,0.0008766153,0.0010392126,0.005087703,0.0015040631,0.9846741
eef4tc6,joy,joy,0.11627316,0.0029778054,0.0024747325,0.85462713,0.006600388,0.017046828
eef5gj9,anger,disgust,0.32327533,0.5001415,0.04081027,0.01617611,0.08647208,0.03312468
eef5let,joy,joy,0.0020458696,0.0004142066,0.00040727615,0.9942595,0.0005723393,0.0023008855
eef7d73,joy,joy,0.0026566212,0.00041175305,0.00034168066,0.9948531,0.00042844398,0.0013085105
eef7dxd,joy,joy,0.002595453,0.00033897345,0.00033242663,0.99485105,0.00092758745,0.00095453835
eef8iw0,joy,joy,0.001231072,0.00033011712,0.00033852752,0.9960878,0.0005583535,0.0014541509
eef943t,joy,joy,0.0019009071,0.0004447451,0.00038098753,0.9955531,0.00040074933,0.0013194828
eef9819,joy,joy,0.03009112,0.002416709,0.0017273499,0.5864043,0.006723018,0.3726375
eefaj6f,joy,joy,0.0010997287,0.0003272544,0.0003646745,0.9970879,0.0004863352,0.0006340572
eefbzib,joy,anger,0.5289221,0.005051502,0.0013947212,0.41867158,0.01446798,0.03149208
eefcebv,joy,disgust,0.23759684,0.46160045,0.0748013,0.07129257,0.13820198,0.016506866
eefeg9d,sadness,sadness,0.022133863,0.005808649,0.006447831,0.0055025453,0.9378154,0.02229165
eefftdp,joy,joy,0.001185766,0.0002851785,0.00033874993,0.99674785,0.00045381158,0.0009885393
eefh6ut,joy,joy,0.0033219426,0.00057288597,0.00046863145,0.9923308,0.0015119755,0.0017937344
eefjd6c,joy,joy,0.07949138,0.001452697,0.0010898678,0.9002302,0.008132979,0.0096028345
eefjo93,joy,joy,0.09922889,0.008387616,0.005799742,0.61780757,0.039318025,0.22945815
eefm2b4,joy,joy,0.0022606822,0.00039460065,0.00032670717,0.99513775,0.00052892603,0.0013513513
eefmv5g,joy,joy,0.012436495,0.0015521413,0.00085548335,0.9748581,0.0014134091,0.008884449
eefo3qc,anger,surprise,0.035487656,0.0018370287,0.0012853534,0.0050912136,0.0033383644,0.9529604
eefo5dc,anger,anger,0.9566041,0.016047612,0.0030426988,0.006567831,0.0056526335,0.012085058
eefogqv,sadness,anger,0.3568319,0.18162912,0.026147379,0.06230553,0.35170668,0.021379305
eefot3b,joy,joy,0.00091988326,0.00035960623,0.00044031904,0.99701524,0.00033579106,0.0009290952
eefoxs7,joy,joy,0.008516251,0.0009960233,0.0010157694,0.96874434,0.0043066493,0.01642092
eefp4k6,surprise,surprise,0.0094026355,0.001654097,0.0010766711,0.02049018,0.0021994545,0.965177
eefru28,joy,joy,0.06858532,0.001317874,0.003507896,0.83851933,0.0108651845,0.0772044
eefrx9h,joy,anger,0.8756862,0.0072600157,0.0016734501,0.046821482,0.05487181,0.013686994
eefsfob,joy,joy,0.0025054703,0.00049033336,0.00043547517,0.9942384,0.00071544753,0.0016148649
eefsle0,joy,joy,0.0010611652,0.0003164011,0.0003354089,0.99718636,0.00039849806,0.0007020767
eefuxd5,joy,joy,0.038654655,0.0010374641,0.0006968132,0.9476903,0.003506359,0.008414399
eefv5uu,joy,joy,0.0021644235,0.00041020045,0.00040810276,0.9955902,0.0004960525,0.00093100144
eefvctx,joy,joy,0.012908399,0.00084615755,0.0006218805,0.9817131,0.0018905562,0.0020199202
eefvtb9,joy,joy,0.0016573383,0.00038977756,0.0003464866,0.9962921,0.00037840917,0.00093594537
eefvwwm,joy,joy,0.0069236946,0.0023666471,0.0011925879,0.97824436,0.0019780525,0.009294565
eefw4oh,joy,joy,0.001454124,0.00042590607,0.00037804,0.996485,0.00049369485,0.0007632297
eefw9ad,joy,joy,0.0020878676,0.00030562366,0.00040585434,0.9936447,0.00048153737,0.0030743715
eefx57m,anger,anger,0.9225209,0.03767316,0.0029389635,0.012115448,0.015954575,0.008796995
eefxjkx,joy,joy,0.03296801,0.0021694156,0.002228743,0.50987643,0.014579311,0.4381781
eefyz18,fear,sadness,0.0076197777,0.0035001389,0.011665323,0.0113911405,0.95894253,0.0068810075
eefzxt7,joy,joy,0.002366534,0.00043373328,0.00035814146,0.99498606,0.0006097566,0.0012457987
eeg06oj,joy,joy,0.0050648646,0.00058049854,0.0009141586,0.9870908,0.0049865316,0.0013630422
eeg14mm,surprise,surprise,0.006923774,0.001011507,0.0012203298,0.0030970317,0.0014285418,0.9863188
eeg2k08,joy,joy,0.0073839286,0.0007181684,0.0005622142,0.98441875,0.0013044823,0.0056125047
eeg41cr,surprise,surprise,0.008471449,0.00088782224,0.0009478321,0.006270439,0.0025564914,0.98086596
eeg45da,joy,joy,0.002552072,0.0003903473,0.00046149912,0.99490356,0.0008463101,0.0008462036
eeg4uci,surprise,surprise,0.01221748,0.0010968935,0.0010434121,0.0038336879,0.002306936,0.97950166
eeg5phq,joy,joy,0.0012612671,0.00033257288,0.00036743574,0.9969674,0.0004693005,0.0006020234
eeg678t,joy,joy,0.15883696,0.007296636,0.0025656724,0.7640037,0.061653037,0.005644022
eeg738k,joy,anger,0.36424312,0.014549487,0.0057463003,0.17428724,0.100797154,0.34037673
eeg7h5d,surprise,surprise,0.23411497,0.005265448,0.0023158672,0.012385041,0.030178575,0.71574
eeg8ezh,joy,joy,0.0093944045,0.0013458751,0.002125518,0.89903724,0.0072653447,0.08083168
eeg92jh,surprise,surprise,0.0130180055,0.0033015949,0.0025711618,0.0049041384,0.0025418347,0.9736632
eeg9yn6,joy,joy,0.0014188767,0.00034021778,0.0003384326,0.99598515,0.0009041268,0.0010132352
eega1f2,surprise,joy,0.16416976,0.008750231,0.0070245885,0.42275947,0.020006064,0.37728992
eegc7bt,anger,anger,0.79563975,0.13321812,0.0057529546,0.014452008,0.037299126,0.013638019
eegcy28,joy,joy,0.0063868524,0.00071121124,0.0005667497,0.9888821,0.0016309677,0.0018221685
eegdpcb,sadness,sadness,0.03167542,0.005734548,0.0018452433,0.020854738,0.9356658,0.004224346
eegdvwg,surprise,surprise,0.008855778,0.0009899348,0.0009324811,0.013360915,0.0017120654,0.97414875
eege8tk,joy,joy,0.0011679805,0.0003823254,0.00042498735,0.99668044,0.00036437588,0.0009798836
eegea4d,anger,sadness,0.24785532,0.03821417,0.012841737,0.095692776,0.5840564,0.021339592
eegej3b,surprise,surprise,0.07124324,0.007003403,0.0035845283,0.36270565,0.010292642,0.54517055
eegey8s,joy,joy,0.0013232717,0.00034784322,0.00037783815,0.99658245,0.0006567302,0.00071188813
eegfus2,joy,joy,0.24171379,0.016573166,0.0051899883,0.65181434,0.06183975,0.022868996
eegfysw,joy,surprise,0.014150319,0.001583911,0.002641268,0.31894204,0.025793426,0.63688904
eeggspj,sadness,anger,0.59843135,0.13519125,0.010532743,0.017980257,0.22751652,0.010347858
eegh4re,anger,anger,0.91329914,0.0055972314,0.0016650219,0.011894167,0.040196516,0.027347963
eeghp03,joy,joy,0.0011131453,0.00033633746,0.00040077697,0.99717295,0.0004139267,0.0005628297
eegixpk,joy,joy,0.0019765445,0.00043167293,0.0003695856,0.9937383,0.00039348804,0.0030905223
eegj1ea,fear,fear,0.04591447,0.005780364,0.78017396,0.067215696,0.07457873,0.026336879
eegjy2n,joy,joy,0.018405637,0.0021918458,0.002075469,0.8988578,0.07633502,0.0021342374
eegkwp2,joy,joy,0.005109502,0.000626467,0.00048402374,0.96547616,0.00092586357,0.027378004
eeglg3u,joy,joy,0.0010955107,0.00036523584,0.00039580735,0.9970084,0.0003933372,0.0007417808
eegmp1r,joy,joy,0.01781657,0.001583404,0.0006884159,0.9652042,0.00409584,0.010611552
eegmqmd,joy,joy,0.018375976,0.00231754,0.0014689872,0.908517,0.0040637436,0.06525683
eegmtc2,surprise,surprise,0.04179672,0.0026460083,0.002193074,0.009348451,0.008569565,0.9354462
eegnb46,anger,anger,0.9433161,0.005592316,0.0016591662,0.018969307,0.0093368655,0.02112632
eegnouh,joy,joy,0.01461807,0.0014223482,0.0011561051,0.88520133,0.0016087694,0.0959934
eegnsh3,joy,sadness,0.073176384,0.0112496335,0.008106096,0.051857658,0.8340055,0.021604715
eego743,joy,joy,0.0022596617,0.0003881628,0.00035441548,0.99556583,0.0005333015,0.0008986162
eegouvj,joy,joy,0.0009459082,0.0004073262,0.0004905672,0.9969325,0.00039461924,0.00082901015
eegp95p,surprise,surprise,0.11165402,0.012949986,0.0073139165,0.36183298,0.028178308,0.47807074
eegqadp,anger,anger,0.908249,0.020884378,0.0017069969,0.040179588,0.012374571,0.016605457
eegqqkd,joy,surprise,0.042084266,0.002354714,0.0020039296,0.086635634,0.011579974,0.8553415
eegqxra,surprise,surprise,0.041156005,0.002058418,0.0021014623,0.0039831786,0.02342103,0.9272799
eegrakn,anger,anger,0.9610573,0.01087455,0.0015719667,0.008157873,0.0099668875,0.008371457
eegrx15,joy,joy,0.19232379,0.0045096353,0.0031787248,0.77755094,0.004582803,0.017854074
eegslli,anger,anger,0.93018836,0.029114554,0.002537782,0.0136895245,0.017544566,0.0069252676
eegt2pg,joy,joy,0.0010961153,0.00030868463,0.00039823173,0.99692196,0.00051397417,0.0007610326
eegt7oj,joy,joy,0.05733572,0.0010176452,0.000912528,0.91250855,0.005020877,0.023204718
eegtsz4,joy,joy,0.0012147166,0.00035082948,0.00036333452,0.9968592,0.00045676614,0.0007551232
eegus5t,joy,joy,0.0010166363,0.00027822086,0.00031662625,0.9968078,0.000448025,0.001132723
eegvjdr,joy,joy,0.0053382698,0.0005357926,0.00057363324,0.9882664,0.0021581203,0.0031277807
eegw44e,joy,joy,0.0017280863,0.00043329137,0.00043049856,0.99515367,0.00039078033,0.0018636945
eegwepn,anger,anger,0.8739845,0.028189918,0.0020248252,0.055318706,0.02824534,0.012236743
eegxjob,anger,anger,0.91732615,0.0061989618,0.0017777098,0.032600537,0.008774244,0.033322543
eegxyij,surprise,surprise,0.061884508,0.0043339147,0.004096183,0.0075947684,0.36906502,0.5530256
eegyfmt,joy,joy,0.0074244137,0.00041527805,0.0005920627,0.9830935,0.001446823,0.0070279296
eegzb3v,anger,anger,0.58539295,0.009650476,0.0033299536,0.1084544,0.01690844,0.2762638
eeh086a,joy,joy,0.002692333,0.00039183843,0.0003762858,0.9948177,0.00058869395,0.0011331767
eeh08oe,joy,joy,0.0013008794,0.00040834057,0.0005302918,0.9953166,0.00044828173,0.0019956569
eeh1ksv,surprise,surprise,0.014777191,0.0011694615,0.0019708455,0.004785662,0.008954928,0.9683418
eeh1tdq,joy,joy,0.004150757,0.0005227761,0.0005856348,0.98590773,0.001741537,0.007091481
eeh2s44,joy,joy,0.006685837,0.00068074773,0.0009307847,0.9803829,0.0017471939,0.009572559
eeh3f3c,surprise,surprise,0.042028893,0.0018222681,0.001736935,0.021691954,0.0093265865,0.9233934
eeh3h9n,joy,joy,0.0027040483,0.0005932482,0.00068227213,0.99421185,0.0006234165,0.001185089
eeh3q1y,sadness,sadness,0.045470256,0.0065624886,0.0020007873,0.0067445943,0.91886085,0.020360976
eeh4lhf,joy,joy,0.12545493,0.005561769,0.002203276,0.835196,0.019487666,0.012096351
eeh4n8x,anger,anger,0.88806015,0.016055001,0.0016266373,0.015768196,0.041574832,0.03691519
eeh4rik,joy,joy,0.0032334232,0.00054834544,0.00041414978,0.9906493,0.0007470011,0.0044078366
eeh6e6v,surprise,surprise,0.005769926,0.0008026735,0.0010014056,0.014114308,0.0015898081,0.9767219
eeh7idl,anger,anger,0.9055084,0.017266395,0.0019461056,0.0130588515,0.03340424,0.028815992
eeh8n09,joy,joy,0.002043111,0.00034203276,0.00042228436,0.99293363,0.0010805593,0.00317841
eeh9bzl,joy,joy,0.0020493849,0.00040065465,0.00035753343,0.99582493,0.0005916757,0.0007759024
eeha101,joy,joy,0.35949558,0.0076363003,0.0033764378,0.38535297,0.18065438,0.06348438
eehan6v,joy,joy,0.0026937474,0.00049952144,0.00044112306,0.99367154,0.00065515307,0.002038904
eehdg3g,surprise,joy,0.02314212,0.0012772062,0.0012586263,0.7935775,0.0071688625,0.17357573
eeheqe0,surprise,surprise,0.013925453,0.0012652887,0.0012758042,0.008300293,0.008979607,0.9662535
eehewzl,sadness,anger,0.60706097,0.0073026977,0.0025954896,0.21434991,0.014081353,0.15460955
eehfiro,sadness,sadness,0.011141529,0.0043794834,0.0024382353,0.013145668,0.9649779,0.0039171847
eehfyfb,sadness,sadness,0.29410523,0.06382165,0.006142023,0.018825937,0.6129048,0.004200302
eehgd6y,joy,joy,0.18423872,0.0051436056,0.0038518226,0.6304795,0.019553853,0.15673243
eehh6l0,joy,joy,0.039863747,0.0020637251,0.0021271086,0.821533,0.038097337,0.096315056
eehinhf,disgust,disgust,0.031185728,0.9071325,0.035589367,0.008557692,0.012146978,0.0053878063
eehiwo8,sadness,sadness,0.011693664,0.0037288237,0.0013652842,0.007387139,0.97352976,0.0022953849
eehjqx2,joy,joy,0.0032935233,0.0004378447,0.0005236401,0.99175113,0.0006755377,0.0033182944
eehksno,surprise,surprise,0.015349474,0.0014018076,0.0011448226,0.0052196616,0.0018963923,0.9749878
eehlcjf,joy,joy,0.025848523,0.002086738,0.0008031335,0.9636408,0.005652758,0.0019680592
eehlcox,joy,joy,0.0010507416,0.00034527382,0.0003555813,0.99717975,0.00047255622,0.0005960346
eehnomu,joy,joy,0.0039782673,0.0005631279,0.00069890317,0.9832283,0.0006754188,0.010855967
eeho6w6,joy,joy,0.003941135,0.00043887593,0.00053861196,0.9879857,0.0028329354,0.0042627365
eehoydp,joy,joy,0.005387247,0.0008775814,0.00059379364,0.97979236,0.0012793789,0.012069606
eehp9vr,joy,joy,0.007890504,0.0009631004,0.0017956202,0.98269504,0.0019340173,0.0047217673
eehqoet,joy,joy,0.0034991826,0.00054712227,0.0004605644,0.9880042,0.0010877739,0.006401165
eehsnbx,sadness,sadness,0.026639951,0.005555912,0.007708252,0.0058699837,0.94617426,0.008051621
eehswsb,joy,joy,0.001121606,0.00033994863,0.00036508258,0.99597955,0.00050506793,0.0016886651
eehukh5,sadness,sadness,0.00816393,0.002583995,0.0016577122,0.006677115,0.9791058,0.0018114813
eehutdj,surprise,surprise,0.0054400587,0.00095617975,0.0018659978,0.014181541,0.0027578461,0.9747984
eehuykx,joy,joy,0.0012417696,0.00030788613,0.0003527805,0.99685836,0.00056830316,0.00067081366
eehvapo,surprise,surprise,0.03763892,0.00513759,0.007115191,0.08560398,0.017900161,0.84660417
eehvkz8,joy,joy,0.0017898126,0.0003444349,0.00036109376,0.9952237,0.0014423166,0.00083866954
eehwraf,joy,anger,0.7700485,0.1387085,0.007944542,0.034343887,0.033287674,0.015666895
eehxep8,sadness,sadness,0.031660285,0.008228767,0.0016802765,0.0063574337,0.9471994,0.004873858
eehxqzg,joy,joy,0.0020075582,0.00030615606,0.00048768826,0.99427795,0.00085243426,0.0020682085
eehyntr,sadness,sadness,0.0049665365,0.0019613754,0.0016698973,0.008300826,0.97944754,0.0036537168
eei023b,joy,joy,0.0033193296,0.00042172897,0.0004300089,0.9924366,0.0006305432,0.0027618073
eei097w,sadness,sadness,0.030306164,0.0044556996,0.0032380747,0.012170378,0.9454891,0.004340541
eei0ju3,surprise,surprise,0.006764092,0.00092814874,0.0012297233,0.0027103445,0.0020656215,0.986302
eei23xn,joy,joy,0.0030547206,0.0005318557,0.0006066232,0.99271435,0.0020047622,0.0010875983
eei3bx8,joy,joy,0.0026096392,0.0005154046,0.00046394955,0.99432445,0.0007202285,0.0013663729
eei3ii9,joy,joy,0.0021951403,0.0003855162,0.00035939747,0.9956714,0.00053955097,0.0008489664
eei436p,joy,joy,0.0045446916,0.0005523336,0.00041563087,0.99230367,0.0009937369,0.0011898845
eei47sa,anger,joy,0.34751186,0.04223934,0.013101654,0.42087817,0.08089269,0.09537624
eei49t8,anger,anger,0.8796738,0.011456724,0.0029982287,0.0069005634,0.01522907,0.083741605
eei4exl,joy,joy,0.0014137438,0.00028742265,0.00038269276,0.9968079,0.0005701274,0.0005380984
eei59lc,joy,joy,0.012527725,0.0014023804,0.0020147178,0.9687274,0.01056874,0.004759034
eei5i5y,joy,joy,0.0011223196,0.0003355232,0.00036747067,0.9971205,0.00041503654,0.00063913123
eei6nwr,sadness,sadness,0.024617458,0.0063153664,0.0014816753,0.0067273322,0.9542865,0.006571509
eei6qpm,sadness,sadness,0.007308668,0.0031949703,0.008704084,0.014469957,0.96148086,0.00484152
eei73r6,anger,anger,0.9466095,0.019286854,0.001866222,0.011337544,0.0115694,0.009330514
eei7ati,joy,anger,0.9423205,0.0083133085,0.0029927252,0.018990465,0.017610736,0.009772354
eei7ovl,anger,sadness,0.2667333,0.022324635,0.007517891,0.062925525,0.6206464,0.019852247
eei8sfs,joy,joy,0.0016753458,0.00036718554,0.00039804148,0.99619055,0.0007533166,0.00061555376
eei94jc,anger,anger,0.66768277,0.05936409,0.006989128,0.23282912,0.022784987,0.010349905
eei9ulh,joy,joy,0.017330771,0.0008909034,0.0011444981,0.9674674,0.0049939803,0.008172342
eeia0fo,joy,joy,0.0018011886,0.00038895174,0.0004407632,0.99625456,0.00061961485,0.0004949147
eeiav5d,joy,joy,0.027051631,0.00090153737,0.00053197425,0.9649867,0.0021039979,0.0044241
eeibba6,joy,joy,0.002139007,0.0005028625,0.0005877276,0.989389,0.00068470906,0.006696737
eeicggm,sadness,anger,0.4718404,0.007830297,0.005588354,0.2652187,0.17601286,0.073509395
eeicgp9,joy,joy,0.0033712173,0.00070421526,0.0006732015,0.9898033,0.0010997992,0.0043482454
eeidflf,surprise,surprise,0.02329399,0.0015702636,0.0018839767,0.0042365575,0.0021318682,0.9668834
eeidg5m,surprise,surprise,0.010129987,0.00094500545,0.0009733606,0.0041055605,0.0027824435,0.9810636
eeidhj0,joy,joy,0.037535958,0.0022517606,0.0028516394,0.93235743,0.015246844,0.009756439
eeidjjo,joy,surprise,0.056501012,0.0040285955,0.0041353065,0.031069797,0.022449227,0.88181597
eeidyma,joy,joy,0.01988459,0.00279696,0.0011156227,0.9128607,0.004198702,0.059143443
eeiehjs,fear,fear,0.0084705725,0.0057769795,0.96182185,0.008252372,0.0045226063,0.0111557
eeieuyo,surprise,sadness,0.03422684,0.0031482277,0.007083347,0.018936425,0.4774129,0.45919228
eeif4us,sadness,joy,0.029582424,0.0027750374,0.0054241996,0.8501209,0.07222764,0.03986983
eeifm3j,joy,joy,0.0017415221,0.00039394412,0.0003464712,0.99598557,0.0005995212,0.0009330226
eeig4ll,joy,joy,0.010659435,0.0017648141,0.0012953831,0.9605301,0.023322206,0.002428151
eeigf31,joy,joy,0.007159758,0.0014204795,0.0010708536,0.9164481,0.0017260059,0.07217478
eeih9ta,surprise,sadness,0.010239525,0.0023190186,0.0012623625,0.013070393,0.96906877,0.004039999
eeiha8e,joy,joy,0.010855432,0.00070459244,0.00048834464,0.9841488,0.0011288825,0.002673931
eeii43a,joy,joy,0.020328095,0.0016095357,0.0010033284,0.7534054,0.002240705,0.22141293
eeiiyxs,joy,joy,0.0017668671,0.0003575002,0.00038673918,0.99569005,0.0004304337,0.0013684806
eeijy15,joy,joy,0.25564352,0.0041110003,0.0024357128,0.6810363,0.029582288,0.027191142
eeik8dd,surprise,surprise,0.010682891,0.0011775575,0.0014997731,0.008901348,0.009675297,0.9680632
eeioagj,anger,anger,0.5067741,0.0061261337,0.0043014977,0.17269546,0.054083165,0.25601965
eeipi7y,anger,anger,0.7765244,0.052030638,0.003741263,0.08225935,0.07583474,0.009609481
eeiq3ag,joy,joy,0.0013314968,0.00039496904,0.0003772543,0.9967031,0.0003125023,0.00088067976
eeiryuu,joy,joy,0.004160669,0.0006269112,0.0005729481,0.98501724,0.0006897214,0.008932537
eeiss8t,surprise,surprise,0.016377263,0.0012505424,0.0011347693,0.007490178,0.005503064,0.9682442
eeixbxm,anger,sadness,0.14599338,0.041670952,0.012146823,0.052410945,0.6603761,0.08740182
eeiy0yr,joy,joy,0.013083888,0.0010137286,0.0011732236,0.92237556,0.0037955684,0.05855813
eeiyfbf,sadness,anger,0.3525328,0.010442643,0.008783007,0.08666775,0.1963771,0.3451967
eeizxvv,joy,joy,0.0013324842,0.00035804408,0.00039130566,0.9966754,0.0006813891,0.00056148035
eeizy6e,joy,joy,0.015214824,0.00095640076,0.0005638391,0.9806918,0.00092867465,0.0016444896
eej03pc,anger,anger,0.6030702,0.009799032,0.0040131854,0.22780219,0.1102267,0.045088712
eej0h4g,anger,anger,0.6042034,0.071586125,0.026701692,0.100747086,0.114099056,0.08266264
eej2hgv,surprise,joy,0.15912552,0.0018308433,0.0019675717,0.80002403,0.0077586067,0.02929344
eej4luz,anger,surprise,0.21437708,0.004057224,0.0017481508,0.013211985,0.018873278,0.7477323
eej6j6y,surprise,joy,0.12550773,0.007018687,0.0076926304,0.7166496,0.01100897,0.13212241
eej7snu,joy,joy,0.0024487574,0.00044271868,0.00036875423,0.99502194,0.0008431271,0.0008748001
eej7urr,joy,joy,0.05447111,0.0015579704,0.0015533802,0.91749436,0.0046280194,0.02029516
eej845f,disgust,disgust,0.16046868,0.7150545,0.04593076,0.034355618,0.034089454,0.010101022
eejatcj,joy,joy,0.18348575,0.006097682,0.008234926,0.47417,0.23738673,0.090624996
eejbp2v,anger,anger,0.8932463,0.0052594333,0.0013991183,0.02562378,0.030123224,0.044348158
eejc1g3,joy,joy,0.32603034,0.005858233,0.006025506,0.60640556,0.023845583,0.031834796
eejc33b,joy,joy,0.0032631767,0.00078336004,0.00056124676,0.9926166,0.00075736304,0.0020181793
eejcpti,joy,joy,0.05442659,0.004234145,0.003942023,0.824284,0.075600415,0.037512805
eejd6h9,anger,disgust,0.20530735,0.55207825,0.08136518,0.0915462,0.049570568,0.020132462
eejfrq9,joy,joy,0.0041913474,0.00047976713,0.00049033714,0.98964113,0.0033452525,0.0018521595
eejga22,sadness,joy,0.013116695,0.0028412652,0.076789044,0.865288,0.034257054,0.0077079255
eejgj4m,joy,joy,0.006105256,0.00066632044,0.0004610753,0.98897374,0.0006824373,0.0031111662
eejhfit,joy,joy,0.0091041615,0.0007010881,0.0005183802,0.98520607,0.0027408088,0.0017294482
eejid1r,anger,anger,0.89021254,0.011434011,0.0027391058,0.04089626,0.03001232,0.024705732
eejj4dy,joy,joy,0.0016593437,0.00039984597,0.00037667173,0.9963529,0.00053495506,0.0006762417
eejk3bj,anger,anger,0.9558186,0.009900447,0.0019248028,0.011272165,0.0077525955,0.0133313285
eejkfse,surprise,surprise,0.17202109,0.030259509,0.013478622,0.016897896,0.06715719,0.70018566
eejl16l,surprise,surprise,0.014359247,0.0013859987,0.0022189359,0.0063797142,0.013229077,0.9624271
eejm66x,joy,joy,0.0022197675,0.00038052202,0.00029753288,0.9954383,0.00054734905,0.0011166122
eejm7u2,sadness,sadness,0.102719255,0.009138179,0.002938386,0.008170782,0.8715118,0.0055215354
eejn3ah,surprise,surprise,0.005771729,0.00088255206,0.0011267143,0.0065292697,0.0012373863,0.9844525
eejo7ob,fear,fear,0.013730763,0.0036190788,0.92496485,0.030681718,0.0150568765,0.01194679
eejpx39,joy,joy,0.0033001115,0.00058418623,0.0006072783,0.9888677,0.0005688109,0.006071872
eejq4b2,anger,joy,0.21892281,0.017962523,0.0071182996,0.34398246,0.27977058,0.13224335
eejr2sg,joy,joy,0.00233484,0.00043816052,0.0004162993,0.9951013,0.00033577377,0.0013737321
eejrwhw,anger,anger,0.7740902,0.006208989,0.002487157,0.12509394,0.05454984,0.037569832
eejtb6i,surprise,joy,0.11324942,0.005345151,0.0025437332,0.74716544,0.024632834,0.10706336
eeju6ax,joy,joy,0.00094498415,0.00034209003,0.00038439166,0.99722505,0.00042030666,0.00068323297
eejv0qz,joy,joy,0.010312567,0.0011765489,0.0007958977,0.977793,0.0029146257,0.0070073404
eejwier,joy,joy,0.009459734,0.00056823605,0.00050262595,0.9757682,0.00066023803,0.013040955
eejxccd,surprise,anger,0.35735968,0.022655535,0.015341581,0.02355149,0.29344466,0.28764707
eejxciz,joy,joy,0.2949674,0.009852946,0.003068032,0.48608524,0.016760077,0.18926635
eejxmvu,anger,anger,0.8703578,0.045926437,0.0030631935,0.031910405,0.03720464,0.011537506
eejyd2o,joy,surprise,0.012184314,0.0036780408,0.00559958,0.39478976,0.00774522,0.57600313
eejysos,sadness,sadness,0.009442865,0.002425947,0.0013558734,0.005500499,0.9767444,0.0045304378
eejztor,joy,joy,0.0027365144,0.00038991275,0.00043780074,0.993895,0.0006173956,0.0019233476
eek1otf,anger,surprise,0.26742497,0.0040967516,0.0022940335,0.011526015,0.011257432,0.70340073
eek1ptz,surprise,surprise,0.010062284,0.0008134093,0.0013194842,0.010947106,0.002512713,0.974345
eek2d41,joy,joy,0.012803511,0.0021091532,0.0023644157,0.57438403,0.0067985537,0.40154034
eek2pfr,joy,joy,0.042294305,0.0016317393,0.0009501341,0.93924034,0.0023280228,0.013555444
eek3fq2,joy,joy,0.001238254,0.00036898578,0.00039716042,0.9969798,0.00034313876,0.00067258306
eek3s6m,joy,joy,0.003802752,0.0015603204,0.051570263,0.9215497,0.013006695,0.008510247
eek5v3n,sadness,sadness,0.11687888,0.0058163,0.0104057435,0.27477905,0.52137846,0.070741564
eek6rzd,sadness,sadness,0.0802548,0.008938978,0.003938957,0.20164244,0.6939855,0.011239326
eek6uzl,anger,anger,0.53889203,0.21201123,0.01192766,0.06469983,0.15474065,0.017728632
eek722q,surprise,surprise,0.0050868755,0.00094384165,0.0013685414,0.0045849774,0.0012007401,0.9868151
eek7c72,joy,joy,0.011435598,0.0010046704,0.0008573714,0.95816463,0.0021737823,0.026363818
eek7jkp,anger,anger,0.9219151,0.013347042,0.0025559906,0.0075611696,0.022787804,0.03183284
eek7l0r,anger,anger,0.32589814,0.013600036,0.013314857,0.31391162,0.28029755,0.05297784
eek7lmx,joy,joy,0.010164579,0.0010782538,0.00086960493,0.8098451,0.0023497746,0.17569272
eek7r73,joy,anger,0.8740415,0.07125284,0.0046416097,0.020148557,0.022203011,0.0077124657
eek84mm,anger,anger,0.74766165,0.012523872,0.0037693763,0.09482381,0.11294651,0.028274758
eek8t9y,surprise,surprise,0.0057225996,0.0010674638,0.0011862925,0.009784996,0.0013210078,0.9809177
eek92cf,joy,joy,0.0017338492,0.0003494474,0.0003305245,0.9961279,0.00051969977,0.00093855907
eek9arw,joy,joy,0.025665764,0.0021986964,0.0035343887,0.9139333,0.014236362,0.04043152
eeka9ub,anger,anger,0.8907772,0.008670814,0.0018661822,0.009584144,0.03964999,0.04945176
eekacef,joy,joy,0.0023890212,0.0003630969,0.00035508853,0.9949824,0.0006702962,0.0012400742
eekaqno,joy,joy,0.0015882244,0.00039732276,0.00041157217,0.99611264,0.00052055914,0.00096969714
eekb3dx,anger,anger,0.80480254,0.0108493855,0.0020555418,0.15544082,0.017026655,0.009825131
eekblsa,joy,joy,0.0013481771,0.00037825637,0.00040288822,0.99680954,0.0003974203,0.0006637407
eekbqug,fear,joy,0.049300447,0.006808135,0.28413984,0.60165066,0.012952558,0.045148365
eekbt52,surprise,surprise,0.051142868,0.0028172533,0.0029289827,0.014061771,0.022998719,0.90605044
eekby4q,sadness,disgust,0.21509808,0.67347825,0.02681782,0.021991879,0.044309758,0.018304192
eekdzcs,joy,joy,0.009651448,0.0005709308,0.0015101061,0.97158855,0.00479001,0.011888976
eekeawl,joy,joy,0.0014335527,0.00048534776,0.00037412226,0.99565625,0.00032012304,0.0017305688
eekeqsg,anger,joy,0.09454373,0.002944838,0.002854522,0.71469074,0.010124364,0.17484187
eekexv3,joy,joy,0.0013437468,0.00036190206,0.00045684335,0.99653625,0.00038526717,0.0009159507
eekexwv,anger,surprise,0.27358237,0.04432072,0.01655512,0.1271063,0.0570194,0.4814161
eekhzwr,joy,joy,0.001825854,0.0003731408,0.00033948364,0.99591464,0.00056116504,0.0009857048
eekis5u,joy,joy,0.0016587349,0.000385608,0.0004567814,0.99478745,0.0019894042,0.00072203664
eekj31c,joy,joy,0.088764414,0.0040845163,0.001414662,0.8907704,0.010413525,0.0045524696
eekjw1l,surprise,surprise,0.017503297,0.0009566856,0.0015006491,0.0041186446,0.0037777023,0.97214293
eeklwuz,anger,anger,0.8804851,0.0050865733,0.002008969,0.011564325,0.028486699,0.0723683
eekmfta,joy,joy,0.0014099735,0.000286624,0.00049256923,0.99640805,0.0005004564,0.0009023658
eekojoo,joy,joy,0.002308719,0.00032879374,0.00044120537,0.9956091,0.00073576526,0.0005764122
eekpx4d,anger,joy,0.0023056357,0.00038238426,0.00033870424,0.9956786,0.00054556935,0.00074907375
eekpxgu,surprise,surprise,0.009078637,0.0012624871,0.0015674729,0.36774275,0.0017003979,0.6186483
eekqa9f,surprise,surprise,0.4689904,0.005006126,0.0021864441,0.01996142,0.013706968,0.49014866
eekqcpj,anger,anger,0.92397517,0.02715679,0.0032760745,0.014399108,0.020548537,0.010644254
eekque0,anger,surprise,0.082505055,0.0030017404,0.0024373243,0.0067823166,0.0039286837,0.9013449
eekrcda,surprise,surprise,0.00795665,0.00085534656,0.00097286626,0.0047357003,0.0012194014,0.98426
eekskp9,joy,joy,0.0024123653,0.00032804767,0.0004100581,0.98804027,0.0006471169,0.008162137
eekssyj,joy,joy,0.0044916454,0.0006393109,0.0004659219,0.98586917,0.005420959,0.0031129995
eekszm5,joy,joy,0.010161412,0.00086883176,0.00059910666,0.9714807,0.0012632689,0.015626641
eektyg0,anger,anger,0.9532338,0.009870471,0.0015120319,0.01612864,0.0130346725,0.006220463
eekuq0s,joy,anger,0.49074188,0.03939245,0.013701859,0.2943971,0.121652655,0.040114067
eekvacw,joy,joy,0.035957113,0.0015364216,0.0010973379,0.8610095,0.0036754832,0.09672419
eekwgrn,surprise,surprise,0.0048347265,0.0015233229,0.002102332,0.16734633,0.0042809416,0.8199123
eekz9em,joy,joy,0.03753992,0.002785385,0.0016520724,0.9441299,0.0036830655,0.010209593
eekzdjq,sadness,sadness,0.12996131,0.0052599213,0.006048344,0.0595932,0.7809476,0.018189674
eekztyv,joy,joy,0.003387519,0.00043389737,0.00038605242,0.99283206,0.0007663386,0.0021941713
eekzzm0,anger,sadness,0.3100007,0.0088307345,0.0052427785,0.02327946,0.4811003,0.17154603
eel0fiy,joy,joy,0.0029808988,0.0003900067,0.00047378064,0.99240667,0.0018472478,0.0019013798
eel0no2,surprise,anger,0.5207927,0.21467893,0.0141742695,0.022458464,0.19222486,0.03567073
eel1onf,joy,joy,0.025710106,0.0015392661,0.00082865637,0.9306888,0.0059101023,0.035323143
eel1opd,sadness,sadness,0.007464526,0.0021765593,0.0014328439,0.0061000106,0.9796489,0.0031772088
eel1rxr,anger,anger,0.92583966,0.036732562,0.0025059632,0.012704552,0.016939614,0.0052777156
eel223n,fear,fear,0.050279874,0.12625602,0.7763055,0.017420003,0.009430974,0.020307625
eel3el9,joy,joy,0.0012970438,0.00032857904,0.00039720774,0.9963444,0.0006279941,0.0010047723
eel3h2m,joy,joy,0.0047509833,0.00067099225,0.0005075611,0.9824126,0.00062250404,0.011035406
eel3nj4,joy,joy,0.0518134,0.0031502459,0.0010927729,0.91038066,0.008432176,0.025130728
eel56hd,sadness,sadness,0.11623396,0.02043484,0.035169043,0.09686942,0.66058385,0.070708886
eel59zw,anger,anger,0.4614419,0.005824112,0.0024081063,0.029011179,0.043834805,0.45747995
eel5vyh,joy,joy,0.013573358,0.0015864465,0.0009244289,0.94464517,0.0017361755,0.03753447
eel6g5c,joy,joy,0.006057706,0.0005906735,0.0007821616,0.9737915,0.0037945034,0.014983534
eel6gxz,anger,anger,0.8156614,0.008889675,0.003750659,0.09382017,0.029958403,0.047919765
eel8uh1,anger,surprise,0.13627626,0.004294277,0.0049098246,0.019692322,0.36767554,0.46715182
eelanvo,surprise,surprise,0.0057231737,0.00075435144,0.001112322,0.0077980747,0.0013605792,0.98325145
eelaymi,joy,joy,0.001017465,0.00036733775,0.00039231486,0.9970855,0.00035265466,0.0007847035
eelb8r7,joy,joy,0.07254437,0.00273197,0.0010853236,0.9085657,0.0056715324,0.009401049
eelbvc2,joy,joy,0.0009258628,0.00028318478,0.00036665337,0.9966959,0.0004315668,0.0012968674
eelci9c,anger,anger,0.30646545,0.1678313,0.042964205,0.029811177,0.15179893,0.30112892
eelcos4,surprise,surprise,0.0062926784,0.0008639484,0.0012046515,0.010510832,0.0014852916,0.97964257
eeldik0,joy,joy,0.20709795,0.005490864,0.0039466564,0.6278253,0.10167695,0.053962305
eeldzwl,joy,joy,0.0009948554,0.00036926646,0.0003464015,0.9969915,0.0003924659,0.00090557913
eelf2ij,anger,anger,0.63913363,0.008337385,0.0027181199,0.042825807,0.16263232,0.14435272
eelfg23,joy,joy,0.0017311824,0.00044239112,0.00043918143,0.9949008,0.0006983465,0.0017880754
eelfq9p,anger,anger,0.663419,0.0054854685,0.0021653413,0.25404072,0.027705567,0.047183935
eelg0sx,joy,joy,0.01499963,0.00077936705,0.0008754381,0.9681032,0.0009606883,0.014281715
eelgfhz,surprise,surprise,0.07528961,0.0023813155,0.0017305193,0.005088916,0.0050098766,0.91049975
eelhchz,joy,joy,0.061416343,0.0030848787,0.0033924086,0.8767723,0.0076666498,0.047667395
eelhtrb,sadness,sadness,0.027630564,0.015325064,0.009300498,0.0040551242,0.93704766,0.0066411467
eelhyj5,joy,joy,0.023909789,0.004558265,0.010913098,0.7631467,0.03270844,0.16476367
eeljmjn,sadness,anger,0.62674046,0.05071918,0.009479211,0.06486117,0.2146309,0.033569146
eeljowd,anger,anger,0.9526236,0.018229919,0.0023064597,0.009325246,0.010187418,0.007327477
eelk9fc,sadness,sadness,0.010421555,0.006464858,0.0032629333,0.0037318547,0.9732476,0.002871257
eelke2a,joy,joy,0.0011824002,0.00038384623,0.00035266482,0.9966974,0.00043448425,0.0009491113
eelkg0v,joy,joy,0.0009448664,0.00028035115,0.00039080848,0.9970294,0.0006044141,0.0007501116
eelkuym,joy,joy,0.0028426617,0.0005613132,0.00039879186,0.99438703,0.0004871014,0.0013231012
eellpd3,surprise,surprise,0.011207499,0.001105488,0.0011027157,0.006106077,0.003585433,0.9768928
eelluat,sadness,disgust,0.19349635,0.6140294,0.111564256,0.025406638,0.04422766,0.011275691
eelm5yb,joy,surprise,0.016168922,0.0015820595,0.0020339917,0.4357147,0.003368099,0.5411322
eelm6nh,anger,anger,0.9170247,0.014091128,0.0020371117,0.009316763,0.00907156,0.04845879
eelmgwr,joy,joy,0.0024049596,0.00031045164,0.0002928748,0.99414706,0.000811819,0.002032889
eelmnid,surprise,surprise,0.02114072,0.0036967255,0.008731468,0.23672548,0.016130127,0.7135754
eeln1li,sadness,sadness,0.02308439,0.0045464756,0.0026824707,0.26211768,0.70208085,0.0054880627
eeln2t5,joy,surprise,0.15621693,0.0039408007,0.0032212627,0.050281446,0.1430095,0.64333004
eelncsh,sadness,sadness,0.078681745,0.013360339,0.011157361,0.042972885,0.83773524,0.016092371
eelo4e4,fear,fear,0.010078915,0.008524359,0.9564711,0.008217083,0.0036936044,0.0130150225
eeloddc,joy,joy,0.0031872354,0.00052814855,0.00047004505,0.99306387,0.00065250933,0.002098167
eelogwm,joy,joy,0.0014179312,0.00034771816,0.0003621102,0.99655044,0.0004072835,0.00091452175
eelp1r7,anger,sadness,0.36098137,0.171044,0.043620117,0.02626453,0.38535437,0.012735646
eelp37z,joy,joy,0.015514334,0.0015715456,0.0013329498,0.93141776,0.0052359733,0.044927415
eelphu9,anger,joy,0.2547238,0.042741355,0.03952575,0.4781127,0.06556261,0.1193338
eelqrny,anger,anger,0.4544988,0.4474834,0.040599447,0.02608586,0.021009313,0.010323254
eelra1u,joy,joy,0.011250847,0.003067526,0.0011642482,0.9780081,0.00093290897,0.005576373
eelsqcs,surprise,surprise,0.0067861374,0.000990267,0.00121893,0.0038997442,0.0014385439,0.98566633
eelu9eg,surprise,joy,0.036250424,0.0014729138,0.0045463704,0.9166154,0.018306034,0.022808818
eelvbdz,surprise,surprise,0.02111499,0.0015794793,0.001782215,0.008977793,0.006527626,0.9600179
eelvl0i,joy,joy,0.0020284352,0.00042794162,0.00045685627,0.9952409,0.0007085487,0.0011373147
eelwbqj,anger,anger,0.9591657,0.010367394,0.0020288744,0.01026285,0.010908574,0.0072666206
eelwf2f,joy,joy,0.0019330924,0.0003600118,0.000344436,0.99585164,0.00051701214,0.0009937602
eelxged,joy,joy,0.0020944674,0.00036595121,0.00035320685,0.99548894,0.00091521937,0.00078225095
eely0le,joy,joy,0.0030181792,0.00028400135,0.00045992623,0.9941719,0.0006635199,0.0014024503
eelybvn,sadness,sadness,0.012680764,0.0026178993,0.0024748303,0.007065161,0.9427823,0.032379102
eelzddq,joy,joy,0.0231368,0.0011561068,0.00096982176,0.9665108,0.0018107935,0.0064156954
eem08pm,joy,joy,0.0010286667,0.0003497835,0.00041877182,0.9969501,0.00038408785,0.0008686269
eem0tn8,joy,anger,0.6715584,0.0061183944,0.0027317002,0.018780688,0.11424162,0.18656923
eem0y1e,joy,joy,0.0072977813,0.0011132468,0.0009523258,0.8979931,0.001192569,0.09145096
eem17yi,joy,surprise,0.2733667,0.0059767663,0.004014471,0.2398311,0.061435785,0.41537517
eem23o3,joy,joy,0.047967564,0.0018214642,0.0013456647,0.91380495,0.0023602156,0.032700215
eem3eqi,joy,joy,0.0012260047,0.00038323336,0.00038087976,0.9969216,0.00037592184,0.00071235216
eem3f55,joy,joy,0.029920494,0.007454633,0.060139265,0.7909908,0.037013113,0.07448164
eem4cot,joy,joy,0.0029146108,0.00044883994,0.00036680806,0.99358046,0.0005550852,0.0021341888
eem4gzz,joy,joy,0.0014483865,0.0003121898,0.0003471102,0.9964569,0.00057720515,0.00085821544
eem4xgw,joy,anger,0.47239256,0.06193076,0.009342624,0.36109272,0.06578235,0.029458916
eem5ojk,joy,joy,0.0011318717,0.00036350507,0.0004064033,0.99658453,0.0008044529,0.00070915784
eem636t,joy,joy,0.001099447,0.0003259305,0.0003479761,0.9972109,0.00044560208,0.0005701118
eem6qlk,fear,anger,0.73227906,0.019026577,0.015573458,0.11464067,0.06062141,0.05785886
eem6r3e,anger,disgust,0.23450024,0.6944424,0.016360477,0.011352272,0.03631983,0.007024798
eem7gnv,joy,joy,0.0023256927,0.0004048843,0.0003912491,0.99495596,0.0006946578,0.0012275244
eem8ngk,anger,joy,0.064933434,0.0017390361,0.00080021453,0.89824283,0.007120721,0.027163807
eem96ru,joy,joy,0.032546677,0.0020470717,0.00097279815,0.9381787,0.004010052,0.022244591
eemahay,sadness,joy,0.0062464355,0.00052755215,0.00068809977,0.98465735,0.004723048,0.0031575104
eemar0a,joy,joy,0.0015398456,0.0003533974,0.0003980835,0.99639785,0.00061853847,0.00069217785
eemb91n,joy,joy,0.06973268,0.0028859337,0.0016049754,0.8982596,0.014001375,0.013515482
eemdb8a,surprise,surprise,0.05000379,0.00190949,0.0013023453,0.006397128,0.008263871,0.93212336
eemddgl,joy,joy,0.010303311,0.00063106854,0.0009479082,0.9713997,0.0038958045,0.012822176
eeme5dt,joy,joy,0.0040270044,0.00071177445,0.00061109057,0.98427147,0.0006429258,0.009735784
eemefit,joy,joy,0.00624497,0.00038562025,0.0025128627,0.9866867,0.0021264306,0.0020434046
eemet6m,joy,joy,0.0017271381,0.0005291046,0.00088928343,0.98288846,0.0023004657,0.01166554
eemgzkm,joy,joy,0.0071670953,0.0005156904,0.0004045333,0.98766893,0.0009884905,0.0032552816
eemhk5m,joy,joy,0.0016755791,0.00037239704,0.00038019032,0.99638724,0.00042519104,0.00075947086
eemjn7c,joy,joy,0.0024748335,0.00060214073,0.0004882573,0.99392986,0.0004830577,0.00202188
eemjogz,surprise,surprise,0.03225913,0.0015726567,0.0017763844,0.005202639,0.0071001183,0.95208913
eemju3k,joy,joy,0.041061413,0.0018114662,0.002336697,0.8805867,0.0044633704,0.06974041
eemk0hv,joy,joy,0.027644396,0.002123048,0.0011482097,0.9542758,0.008050197,0.0067584245
eemk7fb,joy,joy,0.00136175,0.00036784835,0.00034445978,0.99643815,0.0003457229,0.0011421189
eemkjvp,sadness,sadness,0.04711893,0.04304549,0.069354005,0.025518512,0.7886031,0.026359985
eemkttk,joy,joy,0.0066309725,0.00060961617,0.0004665074,0.98694986,0.00096789235,0.0043750964
eemkv3o,surprise,surprise,0.10205244,0.0036569033,0.001959167,0.022219684,0.02545869,0.8446532
eemkxfe,joy,joy,0.02905942,0.0012579999,0.0010146496,0.9266803,0.0075050937,0.034482464
eeml4oh,joy,joy,0.010833899,0.000676632,0.0006188489,0.97231257,0.0015343514,0.014023763
eemltxu,surprise,surprise,0.026124654,0.0013885836,0.0013473216,0.0036592537,0.003877742,0.9636024
eemlurk,disgust,disgust,0.093554474,0.8135301,0.02502212,0.00948772,0.019260922,0.03914475
eemmk15,joy,joy,0.001352278,0.00036900837,0.00038092624,0.99669623,0.0004955984,0.0007058621
eemmnhm,sadness,joy,0.19300148,0.010167269,0.029353434,0.55862284,0.1228062,0.08604873
eempufb,anger,disgust,0.2577295,0.6840219,0.017429158,0.010178588,0.022503827,0.008136991
eemr0vc,sadness,sadness,0.043385748,0.003842169,0.0027623556,0.058253195,0.8870353,0.0047212364
eemsdvv,surprise,surprise,0.0044393833,0.0010038851,0.0015317766,0.01331292,0.0017197788,0.97799224
eemt3od,joy,joy,0.046091415,0.0051817126,0.30115405,0.5798735,0.0085620945,0.059137285
eemtcph,joy,joy,0.0044700024,0.0006140179,0.0004188586,0.99131256,0.0009794399,0.0022051057
eemtoj9,surprise,surprise,0.0049930937,0.000814759,0.0011592064,0.009993047,0.0015338974,0.9815061
eemtsrk,anger,anger,0.8239519,0.02628789,0.004772116,0.021500174,0.09583997,0.027648017
eemtzas,surprise,surprise,0.024291,0.001335208,0.0017418719,0.28712106,0.0066025797,0.6789083
eemu47f,joy,joy,0.004463303,0.0005294685,0.00046326104,0.9869034,0.0006219251,0.007018571
eemuima,joy,joy,0.002336046,0.00033980663,0.00040532465,0.99521184,0.0010570692,0.00064990687
eemv4v9,joy,fear,0.09356077,0.27291486,0.50094587,0.060337827,0.030689431,0.041551318
eemvfch,joy,joy,0.0049730693,0.0007328666,0.00056028,0.9732439,0.0010108608,0.019479088
eemwzcb,surprise,surprise,0.016351093,0.002822032,0.0030416748,0.3222271,0.009409914,0.64614826
eemxb6u,joy,joy,0.0023848268,0.0003824933,0.00034027768,0.99435955,0.0010527333,0.0014800936
eemxu66,joy,joy,0.10881113,0.004215867,0.0066639623,0.5503312,0.052373603,0.27760425
eemxzjk,sadness,sadness,0.031160451,0.0070491387,0.0022884647,0.007027746,0.9502762,0.0021979236
eemyegn,surprise,surprise,0.013151048,0.0011595276,0.0010581237,0.004005405,0.0022243098,0.9784015
eemzl2e,surprise,surprise,0.05262151,0.0061624506,0.011034492,0.056392916,0.016310891,0.85747766
een00qw,surprise,surprise,0.22265562,0.0041916706,0.0020611542,0.008616562,0.011048322,0.7514266
een0455,surprise,surprise,0.011064617,0.0011203282,0.0018263549,0.0032970228,0.003795038,0.97889656
een1g5f,joy,joy,0.012035712,0.0012086257,0.00063731533,0.9817656,0.0013395904,0.0030130625
een1ghy,joy,joy,0.0045429007,0.0011737007,0.0006835306,0.9837505,0.0037161016,0.006133255
een1ok9,sadness,sadness,0.012350921,0.0026542777,0.0013571768,0.01778095,0.9634997,0.0023569975
een1rib,joy,joy,0.004899293,0.0006954433,0.0004920164,0.9914274,0.0009117826,0.0015741516
een1ybe,surprise,surprise,0.36163825,0.008086068,0.0030843976,0.13931142,0.005967,0.48191285
een27c3,joy,joy,0.0012909913,0.00037135562,0.00039850184,0.99655545,0.00046794084,0.0009157744
een2amm,joy,joy,0.29031077,0.0046670167,0.0024149013,0.66595113,0.029410122,0.0072461064
een2x1g,joy,joy,0.0016505206,0.00036172403,0.00030827476,0.9962204,0.0007330332,0.00072615076
een36bb,joy,anger,0.6140898,0.016164647,0.0027522289,0.28296715,0.01998158,0.06404465
een3eno,joy,surprise,0.007828338,0.0016237686,0.04372185,0.03127613,0.0044385013,0.9111115
een4bz6,joy,joy,0.05455452,0.0018282027,0.0017991093,0.8695151,0.0046563675,0.0676467
een51co,joy,joy,0.012992692,0.0013211255,0.001258868,0.7934877,0.0056536724,0.18528593
een5nkr,joy,anger,0.5915211,0.006025814,0.002594991,0.2690851,0.0576451,0.07312792
een5omm,surprise,joy,0.2647408,0.026423175,0.011879103,0.34554836,0.18699232,0.16441628
een66z9,joy,joy,0.11217279,0.0068477364,0.0046146465,0.469808,0.37091938,0.035637457
een6klz,joy,joy,0.0016747403,0.0005234667,0.0004806194,0.99490356,0.00051215885,0.0019054468
een74b9,joy,joy,0.007489024,0.00104766,0.0012160263,0.92897683,0.0023732933,0.058897138
een7w2f,joy,joy,0.0014902888,0.0004266669,0.00034783708,0.99621946,0.00033341508,0.0011824082
een85dk,sadness,sadness,0.009788857,0.0023514784,0.0012825585,0.0067519858,0.9778561,0.0019689938
een8hbz,anger,anger,0.912963,0.050905596,0.0037235073,0.012724037,0.014677283,0.0050065164
een8qoq,joy,joy,0.002048552,0.0004809557,0.00042733844,0.99364626,0.00047001158,0.0029269154
een8twr,surprise,joy,0.01889896,0.002862238,0.0019169876,0.8968343,0.06125127,0.018236166
een8yx4,joy,joy,0.001641561,0.00041299962,0.0003525524,0.99615484,0.00046438695,0.0009736675
een9jy5,surprise,surprise,0.084016286,0.007007551,0.004830097,0.275668,0.024696898,0.60378116
een9vzv,joy,joy,0.00128081,0.0003099052,0.00035808317,0.9967784,0.00040844452,0.0008643341
eena3p8,joy,joy,0.01638941,0.001063669,0.0006673353,0.9752705,0.0022635108,0.004345518
eenayzd,anger,anger,0.92735106,0.0072134538,0.0023316725,0.017407982,0.03645386,0.009242058
eend1bo,surprise,surprise,0.06573708,0.006218653,0.0045927414,0.013838022,0.03299979,0.8766137
eendj7s,sadness,sadness,0.00682162,0.0021235596,0.00364912,0.021895913,0.95835406,0.0071557383
eendsgh,anger,joy,0.034382638,0.0017540861,0.0018594023,0.9380038,0.002525548,0.02147455
eendx2p,sadness,sadness,0.19807845,0.009772618,0.008022702,0.0867625,0.62514645,0.07221728
eenejq5,joy,joy,0.0017383563,0.00038764268,0.0003763943,0.99626404,0.00033472243,0.00089877995
eenex1i,joy,joy,0.0012041426,0.00033116306,0.000365566,0.99620557,0.000505767,0.001387685
eenf345,joy,anger,0.727353,0.0049874857,0.0028151695,0.09916038,0.03989821,0.1257857
eenfgny,sadness,sadness,0.03026364,0.013086082,0.01335975,0.00993191,0.92560846,0.007750198
eenfn82,anger,anger,0.46557838,0.07551096,0.0073342705,0.12060491,0.31044322,0.020528238
eeng6wv,joy,joy,0.0013638313,0.0003613564,0.00035438777,0.9964348,0.0005375547,0.0009480598
eengbtw,sadness,sadness,0.006396023,0.0024735306,0.0022597464,0.0085903155,0.9785122,0.0017681977
eengq64,sadness,surprise,0.031643916,0.0022698122,0.0069390773,0.0076852543,0.023136495,0.92832536
eenhisb,joy,joy,0.012133727,0.0006853578,0.00047327828,0.9777359,0.0047296584,0.0042421296
eenhium,anger,surprise,0.36866704,0.008006261,0.0056203078,0.099095814,0.042688396,0.47592223
eenhnz1,joy,joy,0.0023759617,0.00045680156,0.00035228344,0.9952147,0.00057391863,0.001026344
eeni20a,anger,joy,0.016791662,0.0008090671,0.00059303635,0.9740142,0.0038057338,0.003986198
eenipjj,surprise,surprise,0.048438657,0.0026872498,0.0019981815,0.004086515,0.017841192,0.9249482
eeniru2,joy,joy,0.0010924342,0.00033301636,0.00035155896,0.99690396,0.00036190735,0.00095708837
eenj7az,surprise,surprise,0.014071065,0.0009423493,0.0013110942,0.03046996,0.004626048,0.9485795
eenj9ty,joy,joy,0.32663348,0.015252064,0.0027386926,0.62548965,0.014283515,0.0156026175
eenjasg,anger,anger,0.9105188,0.010149762,0.0017832353,0.021111816,0.042869672,0.013566677
eenk2g6,joy,joy,0.0027964758,0.00046485875,0.00047002625,0.99377775,0.00076072646,0.0017302337
eenk8fc,joy,joy,0.0012304395,0.00036163264,0.00042906145,0.9967715,0.00055439677,0.0006528454
eenkrlp,joy,joy,0.0015305761,0.00037711498,0.0003514944,0.9964761,0.00047167367,0.00079302094
eenkzpv,joy,anger,0.48426038,0.007843181,0.0017046452,0.45725498,0.037959732,0.010977096
eenl5g0,joy,joy,0.005880886,0.0007275667,0.00089864654,0.98687416,0.0016582516,0.0039604567
eenla3k,joy,joy,0.0022922764,0.0004478151,0.00045290284,0.99386865,0.0008593926,0.0020790282
eenlyqf,joy,joy,0.0013067314,0.00036089882,0.00038808625,0.9958068,0.00048429126,0.0016531222
eenlzpm,joy,joy,0.0021687904,0.000488619,0.0004258839,0.9891745,0.000630786,0.007111498
eenmlsv,joy,joy,0.0013902023,0.00040916645,0.00040122223,0.9959031,0.0005636194,0.0013327398
eenn9ut,anger,anger,0.65573037,0.008367589,0.0034641058,0.023856204,0.064212635,0.24436906
eenni73,joy,joy,0.0020852932,0.00035613388,0.00043621956,0.99325925,0.00059548055,0.0032676042
eeno43u,anger,joy,0.23086125,0.0068316073,0.0048022377,0.4154237,0.055575375,0.28650588
eenolta,joy,joy,0.0027030897,0.0004697416,0.00038477796,0.9902265,0.0017738399,0.0044420455
eenor4z,joy,joy,0.0012514513,0.00035135745,0.00035145294,0.9933828,0.0006434208,0.00401958
eenq2c7,joy,joy,0.0011870528,0.00035369262,0.00044515566,0.9961063,0.00044699514,0.0014607643
eenqev4,joy,joy,0.0015930007,0.0003414801,0.00052545994,0.9928716,0.000615031,0.004053412
eenqj7j,joy,joy,0.0013493848,0.00038619674,0.0003606711,0.99663734,0.0003571099,0.0009092543
eenr0w1,joy,joy,0.027750282,0.00096236507,0.0012918966,0.9501166,0.0029771384,0.016901772
eenrgcy,joy,joy,0.001479432,0.00039683314,0.00034655476,0.9962291,0.00053870317,0.0010092299
eenrppf,joy,joy,0.012709431,0.0012841708,0.0014849586,0.95291424,0.027607508,0.003999694
eens4w2,anger,anger,0.8628402,0.03000147,0.0059329453,0.02011154,0.06874315,0.01237064
eensmw1,joy,joy,0.01154819,0.00067498704,0.00045659908,0.9805777,0.0040808786,0.0026615798
eent12k,joy,joy,0.009273493,0.0005608321,0.0005283736,0.98674834,0.001283531,0.0016054683
eenuscg,surprise,surprise,0.10874928,0.0061803698,0.005928955,0.052652247,0.39670354,0.42978567
eenv5xe,anger,surprise,0.18457739,0.0052769096,0.012602519,0.30273375,0.072151154,0.42265832
eenvgkg,joy,joy,0.0064442474,0.0007822077,0.0010044886,0.9811453,0.0094017405,0.0012219958
eenw11k,joy,joy,0.0037381183,0.00085322163,0.00047868176,0.9925955,0.0007987508,0.0015357872
eenwb0b,anger,anger,0.60143757,0.007858976,0.002904595,0.2631908,0.07768664,0.046921372
eenwoge,surprise,surprise,0.077780664,0.0025177533,0.0026237543,0.300703,0.0125186285,0.60385615
eenxh4a,sadness,sadness,0.12542084,0.02456486,0.0058448655,0.020690884,0.8091262,0.014352305
eenxiah,anger,anger,0.6682871,0.01134511,0.0031106344,0.059490487,0.11252572,0.14524098
eeny0en,joy,joy,0.0013971145,0.00040349984,0.00033754835,0.9956245,0.0006654764,0.0015719883
eeny1cd,joy,joy,0.0013915058,0.00028508148,0.0003381796,0.9954959,0.0005876891,0.0019016891
eenz94y,joy,anger,0.5458788,0.010269358,0.0033373036,0.38945362,0.03367818,0.017382735
eenzbzc,surprise,surprise,0.007672126,0.00084592984,0.001229404,0.0044952817,0.0016785127,0.98407876
eenzftl,joy,joy,0.002566364,0.00042747852,0.0004555609,0.992094,0.0014904696,0.0029661292
eenznzu,joy,surprise,0.038714442,0.0031464056,0.002429276,0.27647454,0.007865462,0.67136985
eenzzya,joy,joy,0.0017042651,0.00033172758,0.000312726,0.99576,0.00047528453,0.001415946
eeo0313,disgust,sadness,0.17116998,0.3662395,0.037016068,0.037601497,0.37309146,0.014881434
eeo0if0,joy,joy,0.0011889712,0.0003583349,0.00034072524,0.99699414,0.00045345363,0.0006644114
eeo2hxb,joy,sadness,0.05922187,0.0044342526,0.0032734552,0.30971417,0.61676365,0.006592654
eeo2nvr,fear,sadness,0.099938706,0.088922456,0.029843893,0.009283514,0.7617354,0.010276012
eeo3350,joy,joy,0.0015814453,0.00026751318,0.00058613,0.9961247,0.00065732695,0.00078288605
eeo3cit,joy,joy,0.08128434,0.0011029232,0.0015321403,0.8764413,0.004191012,0.035448387
eeo3qie,joy,joy,0.0035536485,0.00051748694,0.00047755826,0.96216816,0.0013220075,0.031961158
eeo4djd,sadness,sadness,0.0092322575,0.003634357,0.0024340213,0.014507617,0.9655446,0.004647179
eeo4ds5,joy,surprise,0.01979481,0.0017480241,0.0014418188,0.014722149,0.0038979652,0.9583952
eeo4py6,joy,joy,0.13835941,0.0052390024,0.008401279,0.7998626,0.013444226,0.034693465
eeo4v2x,sadness,anger,0.44060045,0.09300726,0.013017487,0.08614346,0.3387267,0.02850463
eeo579q,anger,anger,0.94215024,0.0145006105,0.002005194,0.0117134405,0.015083145,0.014547302
eeo5b2w,surprise,surprise,0.027745318,0.0022784607,0.003461249,0.24432081,0.012011569,0.7101826
eeo7rbo,sadness,sadness,0.0140376575,0.0027960818,0.001697649,0.011830266,0.9661306,0.0035076595
eeo8o20,joy,joy,0.0014977831,0.00036324613,0.00036823927,0.99651825,0.00033196245,0.0009205675
eeo8xtq,joy,joy,0.0014472926,0.00036233594,0.00032664297,0.9966601,0.00042678195,0.0007767828
eeo9sv9,fear,fear,0.010560988,0.006685666,0.95762724,0.0072856643,0.009266989,0.008573414
eeo9xqt,sadness,surprise,0.16193081,0.02169168,0.021673677,0.031701766,0.18774912,0.57525295
eeoam8i,joy,joy,0.000947493,0.00033222,0.00036944478,0.9970546,0.00049747474,0.0007987927
eeoc9h5,joy,surprise,0.048919532,0.00221699,0.0015011107,0.423408,0.0044692163,0.5194852
eeodyop,joy,joy,0.024107192,0.0022216276,0.0015836381,0.9563904,0.011267254,0.004429908
eeoe6z5,surprise,surprise,0.006961269,0.00073356857,0.0009883231,0.0067100907,0.0029277336,0.981679
eeoeieg,sadness,anger,0.69874597,0.0083807465,0.0037591627,0.060774654,0.20555663,0.02278287
eeog1cz,anger,anger,0.9449805,0.013589244,0.0013317193,0.019263044,0.009495281,0.011340096
eeog3ye,joy,joy,0.0019486439,0.00038252113,0.00031587487,0.9945741,0.0013790395,0.0013998703
eeohwnd,joy,anger,0.45097646,0.010144412,0.0061277193,0.29181972,0.027875843,0.21305588
eeohwow,joy,sadness,0.017865261,0.0028211619,0.0017364371,0.01034766,0.96016836,0.0070610046
eeoj6m1,joy,anger,0.69449466,0.005977382,0.0019533576,0.13943027,0.020816114,0.13732822
eeojs7e,joy,joy,0.0030467543,0.00049785944,0.00042974317,0.9945161,0.0005635139,0.00094606273
eeok334,surprise,surprise,0.04418942,0.0073847403,0.01412244,0.076559946,0.041125815,0.8166176
eeok66g,joy,joy,0.0011980912,0.0003904709,0.0004522575,0.9965321,0.00054870534,0.00087835395
eeok6k4,joy,joy,0.0010532198,0.00039668687,0.00044827242,0.9969489,0.00047208474,0.0006808777
eeok732,fear,fear,0.017871916,0.01052141,0.9284829,0.014095962,0.005641007,0.023386886
eeok9b7,anger,anger,0.9170349,0.006257632,0.0017119049,0.01852207,0.01619953,0.040273923
eeol0wf,joy,joy,0.0046971394,0.00064627413,0.00044861124,0.9923098,0.0007937191,0.0011044549
eeoltdq,joy,joy,0.023406293,0.0019338033,0.001524304,0.9490601,0.006891454,0.017184036
eeombpe,joy,joy,0.016997302,0.0011504329,0.00068972044,0.9764193,0.0017325057,0.0030106911
eeomm4p,anger,anger,0.9303521,0.03226644,0.0033502146,0.0055531897,0.020147381,0.008330635
eeomopr,surprise,anger,0.7028216,0.005091441,0.0028396857,0.055763967,0.044818062,0.18866529
eeoocug,joy,joy,0.25709176,0.0069119753,0.0028244755,0.60544467,0.11714361,0.010583473
eeooxcn,joy,joy,0.0025115113,0.00035580693,0.0004928267,0.99057627,0.002433841,0.0036297478
eeopdsk,anger,joy,0.1314899,0.0045672865,0.0025069613,0.7687371,0.026939142,0.065759644
eeoro3s,joy,joy,0.001826536,0.00030951342,0.00044889926,0.9954965,0.0010128932,0.00090574357
eeosp04,surprise,joy,0.012144391,0.0015500069,0.001887869,0.8474046,0.0035367901,0.13347636
eeoss22,anger,anger,0.68573004,0.023342911,0.0033592556,0.18694136,0.08248587,0.018140597
eeosy67,anger,anger,0.79281324,0.028023949,0.0047444906,0.12926212,0.035251454,0.009904648
eeovgsz,joy,joy,0.002089479,0.000435271,0.0006519101,0.9927152,0.00057630317,0.0035318877
eeovi8o,joy,joy,0.0012139734,0.00030413165,0.0004736403,0.9964541,0.0005578037,0.000996379
eeovtxf,anger,anger,0.6559046,0.009858607,0.0025180285,0.009460166,0.013810353,0.30844817
eeowagf,surprise,surprise,0.017735772,0.0015000722,0.0010710149,0.026561374,0.0026597923,0.95047206
eeowejn,anger,anger,0.72734165,0.01092144,0.004127327,0.069851,0.15769893,0.030059667
eeowhvz,joy,joy,0.049505044,0.0025003292,0.0018057298,0.9284908,0.0045980173,0.0131000765
eeowi6x,joy,joy,0.010748299,0.0007718229,0.0013818664,0.9669613,0.001976198,0.018160526
eeowiho,anger,anger,0.79962337,0.028182209,0.004906007,0.05754896,0.077257924,0.032481574
eeowt5i,surprise,surprise,0.0095392335,0.00088694686,0.0010406992,0.004557624,0.0021618302,0.98181367
eeoyehn,joy,joy,0.0015993642,0.0003918446,0.00037320983,0.99626607,0.0006122538,0.0007572679
eeoyh5k,joy,joy,0.07580023,0.0089312745,0.0030753317,0.5728379,0.32191816,0.017437153
eeoyqjj,joy,joy,0.0031200983,0.00046791387,0.0004631583,0.99407566,0.00048474528,0.0013884385
eeoznu0,surprise,surprise,0.006423446,0.0007811907,0.0010195568,0.006444851,0.0014329768,0.983898
eep0px2,anger,anger,0.8844273,0.020209795,0.0029610705,0.031533234,0.043728653,0.017139956
eep0yua,anger,anger,0.9578558,0.016006934,0.0016687299,0.008176068,0.0105801085,0.0057124468
eep1k4i,joy,surprise,0.024639588,0.0013954708,0.0015579595,0.119390815,0.003884799,0.8491314
eep1xg1,surprise,surprise,0.05946753,0.0040818574,0.004734753,0.38974968,0.0068254904,0.5351407
eep2csd,sadness,anger,0.6490232,0.0531379,0.005225198,0.11721451,0.15256469,0.022834517
eep3l5x,surprise,surprise,0.014166708,0.0012537232,0.0014204567,0.007009344,0.0030792316,0.9730705
eep620c,joy,joy,0.001400129,0.00045708232,0.00039487446,0.9959636,0.00034013888,0.0014442173
eep65rk,sadness,anger,0.60618603,0.009442453,0.0031246457,0.27106616,0.035421893,0.07475881
eep6eff,joy,joy,0.0027485327,0.0005301174,0.00038169496,0.98988056,0.0006008895,0.00585817
eep6exv,anger,anger,0.8926812,0.010076658,0.0015841624,0.01080032,0.007623486,0.07723414
eep6z96,joy,joy,0.15073362,0.001527078,0.0032059902,0.79400724,0.009101849,0.041424233
eep6zs7,joy,joy,0.029766968,0.0012497504,0.0007828678,0.9566141,0.0047104717,0.006875889
eep70hm,joy,joy,0.0014800067,0.0003296344,0.00035065348,0.9966528,0.00038175113,0.0008052038
eep85vg,anger,anger,0.7273588,0.007271313,0.0023664176,0.030033827,0.17071004,0.062259566
eep877a,joy,joy,0.002800846,0.00029120466,0.0016152624,0.9920704,0.0013326735,0.0018895428
eep93x6,surprise,surprise,0.023573264,0.0024084423,0.0019152705,0.003076287,0.005284924,0.96374166
eep99wl,joy,joy,0.0011702413,0.00037275444,0.00036981504,0.9968951,0.00038773898,0.0008043752
eep99xq,joy,joy,0.0022711277,0.00042739083,0.00041889856,0.99492395,0.00075914536,0.0011995386
eep9db2,fear,joy,0.026271665,0.0065583903,0.08564684,0.73931396,0.019736012,0.12247313
eep9j3g,surprise,joy,0.02394886,0.0013881625,0.0015237305,0.73239785,0.007429685,0.2333117
eepb46i,joy,joy,0.0014383652,0.0003291013,0.0003251047,0.99562186,0.0006045862,0.0016809908
eepbfcd,joy,joy,0.0016265973,0.00036663274,0.0003506491,0.99640733,0.000549503,0.000699338
eepcbjy,anger,anger,0.90676117,0.027030474,0.004083804,0.01718965,0.020849789,0.024085118
eepd3y7,surprise,surprise,0.010571209,0.0009908612,0.0012368698,0.003791351,0.0017961578,0.9816135
eepdzpp,joy,joy,0.0054240027,0.0006448694,0.000559636,0.9884731,0.002223143,0.002675216
eepe900,joy,joy,0.009256358,0.0013659315,0.0014674654,0.8375385,0.0015967864,0.14877492
eepepim,joy,joy,0.063321255,0.0027975813,0.0017945629,0.90523374,0.0032605757,0.023592401
eeperr0,joy,joy,0.0017204328,0.00043951732,0.00044423935,0.99603075,0.00064173766,0.0007232411
eepf0tj,joy,joy,0.0059296265,0.0006375633,0.0005792111,0.9786894,0.0013973381,0.012766841
eepfrq6,anger,anger,0.8236928,0.010086317,0.0034451557,0.099525936,0.031358324,0.031891447
eepfvt8,joy,joy,0.0029029974,0.00049473194,0.0003602677,0.9922975,0.0005046193,0.003439881
eepfzt1,joy,joy,0.00646977,0.0004983473,0.0010191576,0.9850856,0.00085150683,0.006075601
eephfi0,joy,joy,0.0027917605,0.00042466042,0.00034563718,0.9948881,0.00050433015,0.001045467
eephj7r,surprise,surprise,0.04511924,0.0033168306,0.0022410138,0.2347064,0.009402702,0.7052138
eepiaa0,joy,joy,0.0012145444,0.0002969834,0.00033310303,0.9968106,0.0003628421,0.000981914
eepitil,joy,joy,0.00496843,0.0004373034,0.00036981775,0.98924494,0.001813742,0.0031657538
eepixdk,sadness,sadness,0.3095366,0.020762675,0.0041249413,0.012854277,0.62619627,0.026525294
eepj41s,anger,anger,0.48091146,0.016274704,0.0139582595,0.22450633,0.08482348,0.17952569
eepjh9a,joy,joy,0.0014658984,0.00032479275,0.00035246238,0.9945832,0.0013545034,0.001919113
eepjxwo,anger,anger,0.9060737,0.04895212,0.0029269427,0.014360407,0.015859205,0.011827592
eepk5hk,sadness,sadness,0.010443578,0.006338368,0.004679944,0.008254367,0.9640675,0.0062162713
eepke7q,anger,sadness,0.10645974,0.010669658,0.0026165866,0.013216641,0.8583157,0.0087216105
eepknk1,joy,joy,0.004002654,0.00049951987,0.0004746117,0.99176687,0.0016854383,0.001570868
eepl32s,joy,joy,0.07473578,0.0022032557,0.0012145829,0.91110843,0.004938436,0.0057995096
eeplpi4,anger,anger,0.8847898,0.039138414,0.0047353352,0.038926724,0.017067911,0.015341886
eeplxpy,surprise,surprise,0.013392922,0.0011512672,0.0011296459,0.0031587225,0.0020424004,0.9791251
eepmbkz,sadness,sadness,0.20464103,0.010397682,0.0046688477,0.021599695,0.72275543,0.035937283
eepmx94,sadness,anger,0.47165444,0.009742177,0.006427077,0.0244767,0.43756136,0.050138224
eepmyku,disgust,anger,0.72147286,0.11339125,0.007802573,0.03553914,0.10907269,0.01272149
eepnjv3,joy,joy,0.08355764,0.005532753,0.0037221033,0.858221,0.0068249265,0.042141613
eepnmkt,surprise,surprise,0.018475693,0.0013155681,0.001424288,0.00233093,0.0046415576,0.97181195
eepnpvt,joy,joy,0.0018470577,0.00032400043,0.00029700494,0.9938293,0.0006471239,0.0030554228
eepnytt,anger,anger,0.90362275,0.007582037,0.0013653244,0.030506413,0.03418652,0.02273696
eepo4im,sadness,sadness,0.045327272,0.0056719678,0.0023792505,0.009263049,0.93331146,0.0040469826
eepodwz,joy,joy,0.036608443,0.0021809358,0.001395717,0.9295592,0.006308626,0.023947088
eepoje6,joy,joy,0.0012393777,0.00033661342,0.000382022,0.99672467,0.0004886024,0.0008287661
eepp10v,joy,joy,0.0048936745,0.000541419,0.00051868916,0.98883086,0.0008595495,0.0043558516
eepplui,joy,anger,0.5067384,0.004090948,0.0019085954,0.4299986,0.031445708,0.025817756
eepppvq,joy,joy,0.027014367,0.0012466081,0.00096473505,0.9542943,0.0026635258,0.013816405
eeppqrx,joy,joy,0.005153042,0.00089070376,0.000641111,0.98489916,0.0020334702,0.006382447
eepq3b9,surprise,surprise,0.07693327,0.0027096593,0.0021893678,0.14429475,0.0043024975,0.7695705
eepqeks,sadness,sadness,0.013180317,0.0026498656,0.0011744985,0.0105494475,0.96974427,0.0027015961
eepr2mj,joy,joy,0.018878393,0.0011346231,0.0011803475,0.79841185,0.0048175813,0.17557721
eeprh4z,sadness,sadness,0.009702483,0.0032047783,0.0020096642,0.024457322,0.9564883,0.0041374806
eeps04t,joy,joy,0.000977334,0.00029177108,0.00044475906,0.9969079,0.00048150084,0.0008968081
eepsf4w,joy,joy,0.0014541645,0.0004214992,0.00048470835,0.993962,0.0010643533,0.0026132625
eept8vo,joy,joy,0.0012606666,0.00040304585,0.0003686638,0.9957218,0.00043721456,0.0018085386
eepuafr,joy,joy,0.0012378725,0.00031835248,0.0005841454,0.9897802,0.00095417665,0.0071252277
eepv502,joy,joy,0.100916184,0.0021157535,0.0015586772,0.8858343,0.0029243138,0.0066507775
eepv6z6,joy,joy,0.0015693966,0.00034766542,0.00029959288,0.99627495,0.00060997554,0.0008984454
eepvlky,anger,anger,0.77928644,0.0870204,0.004454368,0.035876587,0.0851082,0.008253972
eepvux0,joy,joy,0.1463707,0.0018715468,0.0012108907,0.8092118,0.008828323,0.03250674
eepw8kg,sadness,anger,0.72491133,0.09423291,0.007099194,0.061137248,0.10252723,0.010092068
eepwisg,joy,joy,0.0027140013,0.00035767248,0.00034102926,0.9938659,0.0005965262,0.002124769
eepwoaz,joy,joy,0.0013668427,0.00037619838,0.0003624965,0.996646,0.00039370995,0.00085478235
eepxo6f,joy,joy,0.0012535708,0.00027427805,0.00029461514,0.9962782,0.0004691584,0.0014301401
eepyctq,sadness,anger,0.663856,0.21932407,0.016610965,0.026386818,0.03479543,0.03902673
eepypj0,surprise,surprise,0.028318726,0.002107809,0.0014339813,0.03376453,0.004101602,0.93027335
eepze44,joy,joy,0.0025445418,0.0003668395,0.00035399786,0.99218506,0.0011238314,0.0034257811
eepzvmb,sadness,surprise,0.041132614,0.0034101875,0.0040302454,0.34361538,0.21698762,0.39082393
eepzxxq,anger,anger,0.783367,0.0060340674,0.0019702176,0.14916737,0.011366095,0.048095193
eeq0bok,joy,joy,0.002699729,0.00037143496,0.00030471812,0.994031,0.0005713073,0.0020218003
eeq0w9l,sadness,sadness,0.012333101,0.0049258233,0.0053091473,0.022985216,0.95065755,0.0037892212
eeq2jws,anger,joy,0.040236626,0.0018647831,0.004169249,0.89254296,0.034767706,0.02641859
eeq2rip,joy,surprise,0.029975943,0.0022209117,0.0018677383,0.3669245,0.0032660656,0.59574485
eeq34vi,anger,sadness,0.025821868,0.012724674,0.003423578,0.006691994,0.9480953,0.0032426647
eeq36jl,anger,disgust,0.29057324,0.5430144,0.032205693,0.079052225,0.041372158,0.013782292
eeq4atl,joy,joy,0.010183435,0.00054032233,0.00057487783,0.9572877,0.0034855735,0.027928049
eeq5s2j,sadness,sadness,0.23093453,0.21004203,0.038493495,0.057019256,0.4341196,0.029391034
eeq5svu,joy,joy,0.003192925,0.00039953814,0.0006305057,0.9900804,0.003709195,0.0019874747
eeq5v95,surprise,surprise,0.0210045,0.0011601716,0.001770502,0.019210482,0.0042584036,0.9525959
eeq6eoc,joy,joy,0.0056901267,0.0005152481,0.00045528938,0.9912549,0.00060282915,0.0014815921
eeq6hyt,anger,anger,0.95632243,0.010780571,0.0018405182,0.010768431,0.011423952,0.008864059
eeq6u4m,anger,anger,0.9602827,0.014176231,0.0019725556,0.0061942264,0.008175708,0.009198638
eeq8b9u,surprise,joy,0.06611348,0.0039681317,0.00215885,0.51098275,0.004055417,0.41272137
eeq8e1r,sadness,sadness,0.02764222,0.005903501,0.0019123515,0.008731343,0.95291585,0.0028946297
eeq8k2l,sadness,surprise,0.21512976,0.008045567,0.003996764,0.012122253,0.28941327,0.4712924
eeq8xot,joy,joy,0.0024827584,0.000427655,0.00038864498,0.9947143,0.0007021288,0.001284536
eeq9jfv,joy,anger,0.5361297,0.014690861,0.0059080385,0.3107324,0.057113316,0.07542565
eeq9w4n,sadness,sadness,0.08722778,0.08293924,0.031047123,0.034940142,0.7537112,0.0101345
eeq9xpp,joy,anger,0.46189764,0.0078374455,0.0024653974,0.4422481,0.05715745,0.028393917
eeqaboc,anger,anger,0.9428005,0.014588766,0.0053166947,0.0149926515,0.015570094,0.006731211
eeqadix,surprise,surprise,0.007809064,0.0010042439,0.0012134219,0.007966316,0.0015917132,0.98041534
eeqb4x1,joy,sadness,0.17938796,0.008268974,0.005798941,0.10582334,0.5030499,0.19767085
eeqbgfq,joy,anger,0.54417586,0.005794683,0.0026822374,0.21130437,0.031155879,0.20488696
eeqbhhk,surprise,surprise,0.029119352,0.0053239255,0.009522342,0.035822853,0.03272511,0.88748646
eeqc1c5,joy,joy,0.0048801634,0.00062435796,0.0074642147,0.9822948,0.0023132586,0.0024232366
eeqcgpq,joy,joy,0.017109549,0.001284004,0.0013301132,0.96144855,0.004125305,0.014702407
eeqd2xd,surprise,surprise,0.008897701,0.0012206695,0.0012570441,0.0042576976,0.001892136,0.98247486
eeqdkqm,joy,joy,0.053057104,0.002158845,0.0011538303,0.9373667,0.0019497285,0.0043137763
eeqeoxy,joy,joy,0.12879983,0.00623391,0.005607192,0.6499335,0.036253933,0.17317158
eeqf950,joy,joy,0.002263414,0.0005164793,0.0004724685,0.99512947,0.00038394405,0.0012342604
eeqfcf2,joy,joy,0.004187537,0.00046198303,0.00049213634,0.988519,0.0015639112,0.0047753877
eeqg19m,disgust,fear,0.108202256,0.036492854,0.7431558,0.072221726,0.01272687,0.027200505
eeqgtew,anger,joy,0.21606357,0.0043588537,0.006322417,0.66705185,0.029247943,0.07695536
eeqgth6,anger,anger,0.88806635,0.045326877,0.0026047495,0.019701658,0.029924428,0.014375976
eeqgtl9,joy,anger,0.59972894,0.004480709,0.002905506,0.30812714,0.019855607,0.06490209
eeqh3yz,anger,anger,0.9534262,0.010008882,0.0020569498,0.018589376,0.008956246,0.006962315
eeqi1ce,joy,anger,0.6007098,0.006941681,0.003410571,0.036321037,0.015158736,0.33745822
eeqiqit,joy,joy,0.0032896146,0.00055915036,0.0004254287,0.99368745,0.0014485717,0.0005897698
eeqiyco,anger,anger,0.5378046,0.08964375,0.03364299,0.0695152,0.2522087,0.017184744
eeqjcr9,joy,joy,0.0023192163,0.0004041748,0.00038348336,0.9954522,0.00055886764,0.0008820866
eeqjo22,anger,anger,0.8742246,0.009964929,0.0021378852,0.012157748,0.011193072,0.09032184
eeqknzr,joy,surprise,0.0675368,0.0036240574,0.002734338,0.06956897,0.023823673,0.8327121
eeqllta,joy,joy,0.012808822,0.0027857744,0.0027999948,0.5328823,0.004292173,0.44443098
eeqlp8r,anger,anger,0.7992487,0.011906294,0.010454308,0.14899738,0.011044014,0.018349318
eeqmfii,joy,joy,0.02276244,0.0029221335,0.0011682499,0.9062389,0.0028639873,0.064044304
eeqp4c1,joy,joy,0.029984003,0.0047317725,0.01659635,0.75415754,0.053262684,0.14126773
eeqpbm0,anger,anger,0.9491102,0.017939914,0.0018416421,0.010725043,0.016290788,0.0040925243
eeqqhxu,joy,joy,0.006926406,0.00095633906,0.00094772433,0.96622854,0.0042537986,0.020687202
eeqqtjw,joy,surprise,0.010517114,0.001658186,0.0013708461,0.39211348,0.001839747,0.5925007
eeqr0jo,joy,joy,0.001415605,0.00032693174,0.00030617,0.9966426,0.00043445724,0.0008742779
eeqr1ex,joy,joy,0.30926666,0.0178632,0.004295534,0.6105412,0.037112363,0.02092103
eeqr8n9,joy,joy,0.0024327487,0.00037948348,0.0003642536,0.9954053,0.00079592597,0.0006222428
eeqrh52,joy,joy,0.0051525882,0.00055268686,0.0004116537,0.9916958,0.00089252787,0.0012947639
eeqrjr3,joy,joy,0.014771747,0.0022994403,0.0029737009,0.7319707,0.005274996,0.2427094
eeqroej,joy,joy,0.0010158686,0.00030389352,0.00032759728,0.99676645,0.00059038063,0.0009958296
eeqs5mv,joy,joy,0.014779912,0.0016327661,0.0012907396,0.9763957,0.0017385604,0.004162323
eeqsgrd,joy,joy,0.0047546597,0.00038504993,0.00036501838,0.98991907,0.00118562,0.0033905958
eeqstmt,surprise,surprise,0.038499568,0.0019973963,0.00131434,0.010717274,0.0043931096,0.9430783
eeqt7nk,joy,joy,0.057045497,0.0042281356,0.0015913954,0.9216656,0.0040697213,0.011399582
eeqtb4u,joy,joy,0.0014499335,0.00036154245,0.00038771177,0.99665314,0.00033768435,0.0008100854
eeqtzwl,anger,anger,0.73643243,0.0061730538,0.003194153,0.12918387,0.015802663,0.10921387
eequesp,joy,anger,0.452965,0.0905445,0.0085826535,0.21529694,0.1996509,0.03296
eeqvepc,anger,anger,0.74770826,0.008188417,0.003283326,0.06753331,0.0093067195,0.16397995
eeqvog9,surprise,joy,0.0059905928,0.00079801935,0.00084824004,0.9094675,0.0019233881,0.08097222
eeqwvjl,joy,joy,0.14185609,0.0052434043,0.0016121467,0.82824486,0.009516571,0.013526909
eeqxjvo,anger,anger,0.582895,0.039914902,0.017383428,0.2077254,0.067945264,0.08413599
eeqxufc,joy,joy,0.0014413929,0.00031107495,0.00029310735,0.99614125,0.00047950397,0.0013337738
eeqxzbe,joy,joy,0.009322387,0.0018733767,0.0011154474,0.97420067,0.004092221,0.009395942
eeqy41p,anger,anger,0.9385792,0.0073518674,0.0022416702,0.010140942,0.017465897,0.024220463
eeqzfu4,anger,anger,0.38860154,0.007211356,0.004361078,0.024644986,0.2559197,0.3192613
eer01eq,joy,joy,0.0024270485,0.00035529255,0.00042425471,0.99406934,0.0008539379,0.0018701849
eer0nm8,sadness,sadness,0.008516991,0.0027710015,0.0014856148,0.011465067,0.9724168,0.0033445545
eer3dqv,joy,joy,0.014181508,0.0020814913,0.0049550254,0.89253986,0.016555218,0.069686875
eer3gx2,joy,joy,0.0038880305,0.00048565195,0.00044036008,0.9848512,0.0008271569,0.009507565
eer46vu,joy,joy,0.0049224794,0.0005529032,0.0004913772,0.99107414,0.001837119,0.0011220175
eer4zkz,joy,joy,0.007739983,0.0006362057,0.000452956,0.9869119,0.0008705277,0.0033884484
eer54fk,surprise,joy,0.21314795,0.006215303,0.005130805,0.5084363,0.2286131,0.03845649
eer59d1,anger,anger,0.85327363,0.00975396,0.0020288255,0.010008688,0.017793799,0.10714106
eer5v7o,anger,anger,0.8361925,0.08459266,0.0036967183,0.027098864,0.040848993,0.0075703477
eer5voe,sadness,sadness,0.10006897,0.0061546224,0.002790723,0.14759836,0.72826,0.0151274055
eer5vv4,anger,anger,0.67533034,0.19672135,0.016929243,0.050835878,0.04563307,0.014550122
eer6i44,joy,joy,0.02135752,0.0007594688,0.00042185446,0.9720473,0.00309347,0.0023203085
eer79tn,fear,fear,0.010787726,0.006542497,0.9532954,0.010940056,0.0045060962,0.013928219
eer7as8,sadness,sadness,0.006677169,0.0017212691,0.0018639261,0.020551367,0.9658157,0.003370528
eer7dmu,sadness,sadness,0.07066718,0.009647624,0.006013545,0.11975221,0.7539655,0.03995388
eer7zky,joy,joy,0.0015819995,0.00035316416,0.00035550358,0.9965592,0.0005514831,0.00059869495
eer88r5,joy,joy,0.083315924,0.0024627403,0.0016849238,0.6045118,0.0062911813,0.3017334
eer8peo,sadness,anger,0.41508865,0.009905432,0.0058246395,0.11571161,0.3189049,0.13456483
eer8td5,joy,joy,0.050016943,0.0048589883,0.0061476696,0.73296994,0.15213445,0.053871997
eer99zy,anger,joy,0.06774865,0.006465186,0.0019129169,0.9019493,0.011399874,0.010524023
eer9elt,joy,joy,0.002236778,0.00041191324,0.00040566927,0.99230874,0.0013012695,0.0033355446
eer9kpy,surprise,surprise,0.00771536,0.0011033749,0.0016389987,0.013378043,0.003928002,0.9722363
eeraknc,sadness,sadness,0.03305131,0.009372757,0.0026579972,0.007435733,0.94526714,0.0022150083
eeratai,anger,anger,0.7519706,0.00424182,0.00221233,0.093446545,0.028932292,0.119196415
eerau8h,anger,anger,0.91812027,0.0088831335,0.0015790857,0.021042423,0.016319733,0.034055278
eerauy2,sadness,joy,0.33053064,0.014290838,0.024576157,0.41286185,0.15575945,0.061981075
eercjpf,joy,joy,0.020306215,0.0014773466,0.00090465054,0.8113057,0.0030727244,0.16293333
eere8wx,sadness,sadness,0.020190218,0.009252293,0.0047373543,0.023381762,0.93284804,0.009590235
eerekx1,fear,joy,0.02673695,0.0013870028,0.001409379,0.9249485,0.008645622,0.036872506
eeren25,anger,anger,0.9227398,0.01614732,0.0038838922,0.03828904,0.0071330527,0.01180702
eerestp,surprise,surprise,0.17632966,0.0038826065,0.009856777,0.04527268,0.0075151534,0.7571431
eerfbw0,sadness,anger,0.5710956,0.02616545,0.0029764324,0.04427673,0.3427417,0.012744038
eergt89,joy,anger,0.48360693,0.008247053,0.0051469966,0.31776127,0.09662974,0.08860806
eerilho,joy,joy,0.0017174899,0.00025492677,0.00030675376,0.9938345,0.00053100253,0.003355391
eerjwpy,joy,joy,0.20318268,0.0033970384,0.0023814428,0.67231065,0.036532823,0.082195394
eerkg2q,joy,joy,0.0028371501,0.00038767318,0.0003713692,0.9923814,0.0008402027,0.0031822156
eerlb8c,joy,joy,0.061608892,0.0030092087,0.0017277128,0.9110491,0.004546799,0.018058233
eerlirr,anger,anger,0.93022805,0.011711653,0.0016519534,0.015379269,0.026472993,0.014556031
eerlkg6,joy,joy,0.07892617,0.0026121505,0.0022206698,0.55421823,0.007987031,0.35403574
eerlu1h,anger,anger,0.92233163,0.019025167,0.0025686575,0.008422363,0.027648212,0.020003913
eermuec,anger,surprise,0.24811526,0.011401441,0.0045143594,0.04341658,0.016318684,0.67623365
eermytl,joy,joy,0.0015231133,0.0003891486,0.00037428105,0.9966001,0.00038491207,0.0007284251
eern7al,surprise,surprise,0.33842218,0.0067914864,0.0022589678,0.020146273,0.010176754,0.62220436
eernbku,joy,joy,0.0012051758,0.00033078264,0.00033151786,0.9970018,0.00046891047,0.0006617606
eernxm7,joy,joy,0.0026140625,0.00037156857,0.00033653722,0.9932816,0.00059363217,0.0028026039
eernynp,anger,anger,0.72741795,0.008532168,0.0050905747,0.020678468,0.1123064,0.12597442
eero5s3,joy,anger,0.5747938,0.0086289765,0.002349004,0.25400928,0.014551092,0.14566785
eeroien,surprise,anger,0.48510823,0.0175891,0.004849431,0.009916058,0.061161004,0.42137608
eerp62g,anger,anger,0.754256,0.061060246,0.0038273365,0.05105175,0.113723405,0.016081244
eerpbco,anger,disgust,0.18671907,0.4831552,0.020247279,0.017276844,0.28417256,0.008428979
eerplwl,joy,joy,0.009726357,0.0017207938,0.0015164994,0.96632373,0.016360858,0.0043518296
eerrsai,anger,joy,0.2126052,0.022641074,0.007216196,0.6984598,0.027067684,0.032010026
eerrvod,surprise,surprise,0.03981056,0.002703486,0.002255603,0.05818908,0.02438439,0.8726569
eerrzff,anger,anger,0.7937474,0.013702685,0.002643,0.013667174,0.059313264,0.11692642
eers3al,joy,joy,0.35157487,0.0063110935,0.0026988245,0.53514016,0.0352153,0.06905977
eers4o4,sadness,anger,0.8829139,0.045780163,0.002878636,0.012074495,0.046613008,0.009739832
eersrrt,anger,anger,0.95108384,0.00764941,0.0013722362,0.016412228,0.0071518403,0.01633044
eerst9i,anger,anger,0.85567725,0.0095171,0.0033343055,0.10956607,0.011471102,0.010434109
eert438,joy,joy,0.009353043,0.00052031263,0.0005371635,0.98520297,0.0027694462,0.0016170659
eerthx1,surprise,anger,0.5744064,0.0070177275,0.0067243604,0.2789657,0.076404355,0.05648145
eertnyo,joy,joy,0.042173043,0.0026413773,0.002231906,0.88426274,0.023123752,0.045567162
eertojl,anger,surprise,0.13298173,0.003742384,0.002285679,0.01861736,0.05779399,0.78457886
eertwes,joy,joy,0.0021109432,0.00043135963,0.00043599342,0.9956067,0.00052506156,0.0008897901
eerudzj,sadness,anger,0.40176442,0.009062961,0.004438682,0.031409208,0.27554512,0.27777958
eerv0m6,joy,joy,0.04553944,0.0025370035,0.0012123374,0.9262224,0.0059068687,0.018581916
eervgj1,joy,joy,0.008196107,0.00090267125,0.0007609596,0.98459285,0.0039777406,0.001569646
eervnie,joy,joy,0.009850028,0.0009893872,0.0014922254,0.9538961,0.0014850094,0.03228721
eerwcdt,joy,joy,0.0024519959,0.00036783653,0.00034732002,0.99539137,0.0005981736,0.0008433613
eerwnf8,sadness,sadness,0.037212387,0.0099093625,0.003856429,0.011134247,0.93309885,0.004788785
eerz6sa,joy,joy,0.0025814848,0.00038645722,0.00037854357,0.99271446,0.0023019817,0.001637038
eerzag0,anger,anger,0.8602596,0.06622649,0.0045051253,0.021817222,0.035472624,0.011719015
eerzfe2,joy,joy,0.0016623039,0.00033954,0.00034864125,0.99622357,0.00075004477,0.0006759073
eerzsvn,surprise,surprise,0.014401198,0.0011382673,0.0015175226,0.0038275186,0.0036397055,0.97547567
eerzxfz,joy,joy,0.005124773,0.00064133405,0.00049376144,0.99040765,0.0005321437,0.002800412
ees0ud4,anger,sadness,0.028869499,0.004515895,0.0016425195,0.006515922,0.9557201,0.0027360385
ees1loa,anger,anger,0.9071046,0.030834747,0.0022298135,0.017117778,0.033837836,0.008875191
ees2698,sadness,sadness,0.023795718,0.0030227893,0.0026417512,0.008863543,0.928006,0.033670165
ees2ln3,joy,joy,0.002112135,0.00043112927,0.0004110472,0.9947747,0.0010573786,0.0012135953
ees2nj8,joy,joy,0.13569957,0.0058341264,0.010829377,0.56176656,0.01960339,0.2662669
ees4blo,sadness,sadness,0.15284757,0.17598875,0.1253224,0.025420314,0.48962432,0.030796643
ees57i9,joy,joy,0.025318954,0.0010085827,0.00079400354,0.9580892,0.007954754,0.0068345694
ees5l2x,fear,anger,0.77942586,0.014182039,0.015196573,0.09279148,0.04586523,0.05253882
ees63et,anger,anger,0.8729971,0.055164777,0.003906765,0.02748261,0.03266971,0.007779153
ees6o4z,joy,joy,0.0067940014,0.0005510928,0.00039799913,0.9870068,0.00340503,0.0018450795
ees7lor,anger,anger,0.6553089,0.0065120645,0.0034021952,0.07827521,0.18602704,0.07047458
ees8g9j,anger,anger,0.8501723,0.005755088,0.0026329898,0.07093459,0.014458744,0.056046285
ees8uv9,anger,anger,0.84282106,0.0128159,0.0025062107,0.019693257,0.105510496,0.016653115
ees911b,anger,anger,0.8573858,0.009573915,0.0035082032,0.022669809,0.036676545,0.07018573
ees9dx2,joy,joy,0.0011249833,0.0003699711,0.00030815462,0.99668247,0.0005138585,0.0010005733
ees9f62,sadness,sadness,0.015769767,0.0025408731,0.0013532835,0.019861314,0.9574348,0.0030399237
ees9jfz,joy,anger,0.75060904,0.0062447013,0.0026548926,0.06396051,0.07312374,0.1034071
eesa2xc,joy,fear,0.012639045,0.0046816086,0.6454757,0.2771326,0.03797521,0.02209588
eesbir0,sadness,sadness,0.021729484,0.0038074648,0.002839921,0.017456507,0.8474567,0.106709845
eesc3l6,joy,joy,0.00233412,0.00047099555,0.00043227826,0.9941158,0.0015303723,0.0011164452
eescm61,joy,joy,0.0012431596,0.00039590144,0.00041203844,0.99684745,0.00039359526,0.0007078397
eescsuh,sadness,joy,0.24040423,0.0065897168,0.0030022808,0.6884195,0.04623346,0.015350808
eescva7,joy,anger,0.49561155,0.0069882297,0.0022393526,0.43998757,0.03840671,0.016766557
eesde3k,sadness,sadness,0.011966059,0.0025701027,0.0024197784,0.02973655,0.949385,0.0039224965
eesde8k,anger,anger,0.9398187,0.021942835,0.0016215651,0.012430274,0.010768011,0.013418559
eesdglw,joy,joy,0.0035901524,0.000519084,0.00037803082,0.99167997,0.00062713434,0.0032055473
eese6si,joy,surprise,0.009358332,0.0012808524,0.0018622966,0.46486565,0.002644412,0.5199884
eeseewv,joy,joy,0.013239696,0.00067817554,0.00058304676,0.96676105,0.0019747263,0.016763266
eeseeye,joy,joy,0.010119598,0.000613497,0.00055056985,0.9768485,0.0011957512,0.010672057
eesetmz,joy,joy,0.003598507,0.0003132491,0.0013563628,0.99137247,0.0016854687,0.0016739847
eesf03a,joy,joy,0.17063355,0.00650875,0.024669653,0.49340695,0.1258338,0.17894731
eesh37s,anger,anger,0.8665158,0.005634894,0.0019100343,0.024880383,0.008114135,0.09294465
eeshts5,joy,joy,0.0025477684,0.00037166718,0.00036580642,0.99331445,0.00049817987,0.0029020526
eeshw22,joy,joy,0.37698677,0.03641953,0.023288012,0.4428916,0.0873843,0.033029802
eeshw8b,joy,joy,0.0045248587,0.0005637054,0.00040313974,0.99120706,0.00071881176,0.0025824688
eesi1o2,joy,joy,0.003123504,0.0004104739,0.00031418938,0.9940876,0.00083880976,0.0012254551
eesiypi,surprise,surprise,0.2022102,0.007465909,0.003670492,0.20374238,0.0150735015,0.5678375
eesiyru,joy,joy,0.0017151587,0.000358183,0.00036879844,0.99542505,0.0005424291,0.0015903789
eesjchh,joy,joy,0.016481984,0.0016976239,0.0014445491,0.9204045,0.01235235,0.047618996
eesjpzb,surprise,surprise,0.033690076,0.0017371876,0.002591697,0.008988879,0.014702786,0.93828946
eeslfl7,anger,anger,0.94584495,0.027663132,0.0024864466,0.0071574254,0.00864606,0.008201976
eeslhys,joy,joy,0.0027482954,0.00049097947,0.00047606582,0.9907003,0.0006232886,0.0049610985
eesmjoo,joy,joy,0.060347747,0.01115744,0.0028795812,0.882627,0.0062173773,0.036770824
eesmuhv,surprise,anger,0.94588506,0.013149212,0.0013568677,0.015899096,0.011029994,0.012679818
eesmxnx,surprise,surprise,0.1703928,0.0039948924,0.002701272,0.12143593,0.049071383,0.6524037
eesnb0s,joy,joy,0.0012970773,0.00032232385,0.0003634901,0.99692184,0.00042164163,0.0006735318
eesndk2,surprise,surprise,0.008275841,0.0016122932,0.0026340429,0.020358345,0.0040432783,0.96307623
eesno19,surprise,surprise,0.011235132,0.0010700102,0.0012834428,0.005220048,0.0033778164,0.9778135
eesnvpa,sadness,sadness,0.016372323,0.004101799,0.0028230501,0.02435925,0.94846964,0.0038739187
eeso4xo,joy,joy,0.0011444147,0.00030464266,0.00031148776,0.99697626,0.00050951604,0.00075368397
eesp6na,anger,sadness,0.2810424,0.019203838,0.0030580426,0.023629101,0.6601078,0.012958861
eesplef,joy,joy,0.0015518215,0.00040794417,0.00039034503,0.9963291,0.00046775694,0.00085299654
eesqlxb,sadness,sadness,0.0054448037,0.0023257465,0.0017249781,0.0067708865,0.98174393,0.0019896463
eesqwn6,surprise,surprise,0.005896525,0.00084053725,0.0011746065,0.030748816,0.003196927,0.9581426
eesr8i5,anger,anger,0.6566846,0.021158386,0.00491603,0.010774386,0.044719726,0.26174694
eestjzi,surprise,surprise,0.16852489,0.00422078,0.003804659,0.027657736,0.077948585,0.7178434
eestrba,sadness,sadness,0.12858266,0.023058183,0.07398547,0.11364965,0.36444858,0.2962755
eestruw,joy,joy,0.027447373,0.00082892145,0.0005413563,0.9561345,0.0042760693,0.010771747
eesumhd,joy,joy,0.15453222,0.005289082,0.0029094156,0.7811198,0.039289568,0.016859926
eesvt9y,joy,anger,0.7744168,0.009810606,0.002006907,0.18186945,0.01201502,0.019881215
eesw882,joy,joy,0.00208105,0.0004757696,0.0005675123,0.9930394,0.00067049876,0.0031658455
eeswk0k,joy,joy,0.0009096726,0.0003035491,0.00035564124,0.9971343,0.0005641123,0.000732718
eesx34n,joy,joy,0.0010509649,0.0003716212,0.0004005206,0.9971283,0.00034797267,0.00070064835
eesx7n3,joy,joy,0.0034200305,0.0005389299,0.00045697423,0.9922672,0.0010763466,0.0022405153
eesxkiw,joy,joy,0.0042403163,0.000706426,0.0010018816,0.98504466,0.003923352,0.0050832583
eeszik9,anger,anger,0.60029614,0.26450935,0.0072703753,0.042350274,0.05769744,0.027876379
eet08tq,joy,joy,0.008834109,0.00083763147,0.0005399961,0.9824766,0.0048047006,0.0025069749
eet0j6b,joy,joy,0.04227637,0.0016985133,0.0013131272,0.91966635,0.0044015558,0.030644087
eet28az,anger,anger,0.39121985,0.015528723,0.004729189,0.2094394,0.021158863,0.357924
eet315d,sadness,joy,0.07211741,0.0038376476,0.0021187563,0.6696201,0.22187829,0.03042785
eet386q,joy,joy,0.003261416,0.00049955776,0.00040851143,0.98407054,0.00061404484,0.0111459885
eet3k71,joy,joy,0.0132784955,0.0015137469,0.0027461068,0.9637725,0.0026674978,0.016021695
eet3lk8,sadness,sadness,0.13557391,0.0035532212,0.0033591017,0.27768496,0.49648145,0.08334748
eet4gbe,surprise,joy,0.1575796,0.003751606,0.004222,0.5038728,0.032361615,0.29821235
eet4oa3,anger,anger,0.7812249,0.047337264,0.0064168232,0.06852432,0.079782166,0.016714545
eet4xhd,joy,joy,0.022145629,0.0008925046,0.0009834559,0.9460217,0.0063021537,0.023654575
eet4xjn,joy,joy,0.008335018,0.00081536337,0.0004643885,0.98675925,0.0011462348,0.0024796622
eet5tz8,anger,anger,0.72995484,0.051416922,0.018253762,0.02108589,0.16544683,0.01384174
eet63kr,joy,joy,0.020030372,0.0015352664,0.0007439716,0.9596065,0.0015121606,0.016571702
eet6irw,joy,anger,0.76860267,0.023512412,0.0041472614,0.036713444,0.15477926,0.012244927
eet6zti,joy,joy,0.0020480165,0.00033202226,0.00042867562,0.98484737,0.0006258303,0.011718127
eet8gx8,anger,anger,0.84914273,0.009486369,0.0032310484,0.119707935,0.011660018,0.006771948
eeta1qa,surprise,surprise,0.017563844,0.002092865,0.0013993284,0.055708088,0.009321226,0.91391456
eeta802,joy,joy,0.0014705657,0.00037478365,0.0003549966,0.9965403,0.00043071067,0.0008286772
eetavc6,anger,sadness,0.15185048,0.0059461487,0.0051231077,0.34395954,0.46693674,0.026183972
eetcca2,joy,joy,0.00865064,0.0008000638,0.0004639285,0.97533834,0.0025028521,0.012244226
eetce21,anger,joy,0.18664013,0.0023511446,0.0018120626,0.72299767,0.018024085,0.06817488
eetcqno,joy,joy,0.0016810257,0.00045310557,0.00038739492,0.9961482,0.00037122882,0.0009590142
eetcs3q,joy,anger,0.42614266,0.007023379,0.0034748255,0.3577903,0.10096117,0.10460769
eetedlb,joy,joy,0.0017682129,0.00037828163,0.00042051158,0.9948832,0.0003026487,0.0022471529
eeteyb5,joy,joy,0.008279274,0.0007092043,0.00057364686,0.9459503,0.0011111943,0.043376368
eetfc9u,joy,surprise,0.0967059,0.0034449766,0.002433597,0.14656954,0.016251639,0.73459446
eetfij8,anger,anger,0.8817537,0.0075907316,0.00183392,0.07527211,0.01291225,0.02063729
eetfn7z,surprise,surprise,0.022901239,0.0031374395,0.0016843049,0.01687548,0.0031460219,0.9522556
eetfq5g,joy,joy,0.003718398,0.00050154224,0.00047321306,0.9921068,0.0013635958,0.0018364865
eetfuqx,anger,anger,0.947087,0.016448606,0.002642783,0.007877634,0.016120773,0.009823218
eetg8hf,surprise,surprise,0.01723199,0.0017828373,0.01480584,0.004703947,0.0071107177,0.9543647
eetgngo,surprise,surprise,0.004937279,0.00076957344,0.0012186927,0.012489237,0.001034934,0.97955036
eethl2z,anger,disgust,0.35017204,0.57871604,0.0143430075,0.019078674,0.03019223,0.0074980888
eethrt6,joy,joy,0.010466524,0.0009625764,0.00092364947,0.97763366,0.0021818771,0.007831731
eethrtc,joy,joy,0.0030221394,0.0003885955,0.00059375865,0.99333936,0.00091018993,0.0017459254
eetih44,surprise,surprise,0.0065208618,0.0008542627,0.0010003996,0.030732375,0.0017115661,0.9591805
eetil5z,joy,joy,0.003704748,0.00039923037,0.0003883881,0.99165475,0.00081772276,0.0030350941
eetilbo,joy,joy,0.0032525004,0.0005220922,0.0004912351,0.987958,0.0014466968,0.0063294824
eetjbwc,joy,joy,0.001327346,0.00030069205,0.0003694865,0.99648786,0.00046362955,0.0010510795
eetjm9k,fear,fear,0.21729088,0.017549826,0.43253094,0.21464728,0.082646735,0.03533431
eetk13g,joy,joy,0.0059319017,0.0005954343,0.00069820834,0.98751485,0.0014723156,0.0037873744
eetkg36,sadness,surprise,0.021783778,0.0015103922,0.0015583766,0.0048611383,0.009026983,0.9612593
eetktc1,joy,joy,0.004469781,0.00044604915,0.00030749297,0.9921978,0.0014374331,0.0011413964
eetl3jg,joy,joy,0.01044517,0.0006594515,0.0013618412,0.9522915,0.0040181195,0.031224031
eetllqr,surprise,joy,0.038495366,0.001960852,0.0025508571,0.7989868,0.08046027,0.07754581
eetmb2z,anger,anger,0.95857966,0.013424591,0.0026086369,0.005583419,0.0059406143,0.0138631435
eetnbk0,joy,surprise,0.009943787,0.0010343369,0.00106246,0.022468695,0.0013049283,0.9641858
eetnybb,joy,joy,0.0063285297,0.0016154441,0.0011891334,0.97819144,0.004072322,0.0086031845
eetorck,joy,joy,0.006123944,0.0011789659,0.0012784136,0.9748981,0.011113631,0.0054069473
eetpimz,sadness,sadness,0.22072126,0.00898898,0.0111742355,0.066114545,0.66080105,0.032199915
eetptjj,joy,joy,0.011163337,0.0008958853,0.00061689527,0.9826266,0.0008873207,0.0038099568
eetq6oz,surprise,surprise,0.0061351056,0.0007952204,0.0012823555,0.011586211,0.001128636,0.9790725
eetr457,sadness,anger,0.4896536,0.017112505,0.0057269395,0.05880118,0.3896013,0.039104484
eets2cw,surprise,joy,0.018386077,0.0019038696,0.0014513722,0.829567,0.0027370488,0.14595461
eetta44,joy,joy,0.004375968,0.0010981853,0.020525541,0.95963585,0.0059880563,0.008376328
eetu8gb,joy,surprise,0.053069677,0.00600399,0.02821466,0.14332964,0.1457864,0.6235956
eetucyl,fear,fear,0.017461704,0.021166973,0.93056977,0.008353438,0.0052716536,0.01717647
eetuw5l,joy,joy,0.0016855121,0.00039305454,0.00036157068,0.9962668,0.00059922517,0.00069382123
eetwz52,anger,anger,0.9367142,0.0303021,0.0019735885,0.012733925,0.01101931,0.007256872
eetx3g8,joy,joy,0.003327364,0.00048117907,0.00045552602,0.9939015,0.0008540575,0.0009803807
eetxevl,joy,joy,0.0013090947,0.00038216636,0.00039770157,0.99573624,0.00039132524,0.0017833703
eetxg71,anger,anger,0.8948804,0.02013766,0.0030709282,0.0109421685,0.05999403,0.010974822
eetxljv,joy,joy,0.05779637,0.004823541,0.0036061872,0.77366376,0.011050951,0.14905919
eetxsyl,surprise,surprise,0.033448663,0.0016546224,0.0018234621,0.012645561,0.018215954,0.9322118
eetxvzu,joy,joy,0.0019084957,0.0003468773,0.00035099912,0.99354964,0.0003369238,0.0035070586
eety6mj,joy,joy,0.026012758,0.0027645163,0.0016801237,0.9244481,0.01148108,0.03361338
eeu0fst,anger,anger,0.51845956,0.053050738,0.025698796,0.14669581,0.09882824,0.15726687
eeu0pbv,joy,anger,0.7354458,0.016353285,0.0022762197,0.2063261,0.031185884,0.008412747
eeu1ci5,sadness,joy,0.04406773,0.0021449334,0.0013189408,0.90993905,0.005852862,0.03667648
eeu1u49,joy,joy,0.009915562,0.001511841,0.0022021043,0.61431175,0.008318057,0.36374065
eeu3o3n,joy,joy,0.013964645,0.00080512516,0.0004246405,0.9810224,0.0020326886,0.0017505451
eeu57ng,surprise,surprise,0.021285933,0.0011970717,0.001352838,0.10115804,0.0033821645,0.871624
eeu59wa,anger,anger,0.9500142,0.019441336,0.0021859014,0.009971651,0.009513832,0.008873175
eeu5mfp,joy,joy,0.021328732,0.002335234,0.02043078,0.89277786,0.03480419,0.02832323
eeu6561,disgust,anger,0.6927388,0.07775096,0.007999129,0.039215717,0.15900993,0.023285529
eeu854y,joy,joy,0.0041546635,0.0005382301,0.00035632664,0.99191624,0.0005509951,0.002483569
eeu85y4,joy,joy,0.0020727213,0.00055972283,0.00047155574,0.99426657,0.0006300673,0.0019993451
eeu8adm,joy,joy,0.0011258656,0.000363354,0.00043001588,0.99696773,0.00045175347,0.0006612985
eeu8e7h,joy,joy,0.065704845,0.004329573,0.005426023,0.7755797,0.013913701,0.13504617
eeu8ekt,fear,fear,0.02888768,0.005248166,0.52752113,0.035665907,0.014140123,0.38853708
eeu8yqe,anger,joy,0.15341999,0.001661053,0.0015421562,0.75017667,0.008915758,0.08428435
eeu9qa0,anger,anger,0.7845892,0.008420568,0.0034433918,0.17286813,0.009644088,0.021034526
eeuaf7e,joy,joy,0.02883093,0.0015677701,0.0015226074,0.94640666,0.0028323317,0.018839635
eeubq4e,joy,joy,0.0029939003,0.00047300552,0.0003652434,0.9943094,0.00083583524,0.0010226355
eeuc2cj,joy,joy,0.018740866,0.0009664806,0.0009220753,0.9633561,0.005669798,0.010344688
eeuckpj,fear,fear,0.037258696,0.0070718243,0.7656006,0.15832677,0.00882893,0.022913171
eeudgrp,surprise,surprise,0.00897629,0.0009228356,0.0011058829,0.005045991,0.0013290194,0.98261994
eeudvxm,anger,anger,0.3902578,0.008372308,0.0032139625,0.31807995,0.008984695,0.2710913
eeuenby,joy,joy,0.00091536,0.0003310093,0.00034777008,0.99711144,0.00040744495,0.0008869782
eeuex9l,joy,joy,0.0025630482,0.00088777934,0.0006509951,0.9898391,0.0007069218,0.005352183
eeufexz,sadness,sadness,0.1117115,0.40922287,0.027689042,0.012765722,0.42689782,0.011713051
eeuga53,sadness,surprise,0.047859307,0.0072416184,0.0052401484,0.020793725,0.088751175,0.83011407
eeuhxlq,joy,joy,0.008999969,0.0007388044,0.00062910223,0.9821628,0.0039677136,0.0035015699
eeuib3e,joy,joy,0.052164026,0.0014927795,0.0011046047,0.9292754,0.0027090977,0.013254093
eeuiezj,sadness,sadness,0.010281069,0.0022928761,0.0017821261,0.019724369,0.961182,0.0047376067
eeukiqi,surprise,surprise,0.008634722,0.0009384293,0.00094415375,0.0039921068,0.002369676,0.9831209
eeukzqv,joy,joy,0.00307657,0.00045334772,0.00038859659,0.9938245,0.00094416004,0.0013127932
eeum0en,surprise,surprise,0.032637563,0.0014559294,0.0014015277,0.0050410056,0.0033906589,0.9560734
eeunj2e,anger,joy,0.010312422,0.0008807548,0.0018161134,0.94811064,0.008822996,0.030057047
eeuo50j,joy,joy,0.0016581952,0.0003520346,0.00035106667,0.9963799,0.0005165536,0.00074223324
eeuo6d4,joy,joy,0.0023613463,0.0004200049,0.0003903312,0.994181,0.0006152299,0.0020320686
eeuok7h,joy,anger,0.64096344,0.25785187,0.017584268,0.04043999,0.033119038,0.010041449
eeupcmv,joy,joy,0.009759798,0.0007448195,0.0006223565,0.9828661,0.0037237427,0.002283117
eeupi5x,joy,joy,0.0012669576,0.00042919992,0.00046822973,0.99679846,0.00045282015,0.0005844452
eeuprdq,joy,joy,0.002115001,0.0004889739,0.00045601273,0.99481213,0.0007274727,0.0014003615
eeuq9fp,surprise,surprise,0.0063530235,0.000890955,0.0011526615,0.005906086,0.00288416,0.9828131
eeuqcmv,anger,anger,0.95340997,0.013260641,0.0035422866,0.009784522,0.010994579,0.009008051
eeurenv,surprise,surprise,0.08836143,0.0025184613,0.0019685735,0.017698832,0.004851964,0.88460076
eeus29b,joy,joy,0.00459527,0.00079348957,0.00047865958,0.98607254,0.00057557947,0.0074844435
eeusktm,joy,joy,0.036183216,0.001159135,0.0011399244,0.8536455,0.008184527,0.09968773
eeutzvh,joy,joy,0.0046767085,0.00042527475,0.00033980943,0.9912856,0.0008478171,0.0024247132
eeuu11r,joy,joy,0.005300458,0.00051811105,0.00043195364,0.9910567,0.0013768726,0.0013159489
eeuuyib,joy,joy,0.0037473224,0.0003825157,0.00070989283,0.99200845,0.0007918018,0.0023600247
eeuv2w3,anger,anger,0.95705587,0.012591106,0.0020278676,0.0064091873,0.010774464,0.01114161
eeuwe5z,anger,anger,0.6201775,0.0057185567,0.0022571045,0.16729943,0.014289298,0.19025809
eeuzdua,joy,joy,0.0024686898,0.0003583707,0.00034253628,0.9950045,0.00052461505,0.0013013287
eev00h5,joy,joy,0.019609943,0.001342529,0.0006751001,0.974513,0.0018877307,0.0019717691
eev07fq,joy,joy,0.0015568186,0.00037930472,0.00036244714,0.99659157,0.00042194815,0.0006879596
eev09yb,joy,joy,0.0051094247,0.0010988717,0.0020746542,0.9566518,0.03237188,0.0026933108
eev0j29,sadness,sadness,0.0095527945,0.0033113135,0.0017188719,0.00698917,0.97672164,0.0017061218
eev0lr5,surprise,surprise,0.0067834514,0.0008820085,0.0012389987,0.004329203,0.0013792167,0.9853871
eev0off,joy,joy,0.0025741847,0.0004679327,0.00035025523,0.9938617,0.00053712685,0.0022088233
eev0oqj,sadness,sadness,0.36444518,0.038713355,0.0069748717,0.036242083,0.5400645,0.013559965
eev1n3p,joy,joy,0.02495253,0.0016780999,0.0007588068,0.9472503,0.019849204,0.0055110636
eev2dq4,fear,disgust,0.19653508,0.45303416,0.23479797,0.052902408,0.036126543,0.026603831
eev3o6o,surprise,surprise,0.0086931465,0.0008194088,0.0015374542,0.0076101697,0.0013889336,0.9799509
eev41wx,joy,joy,0.0015354116,0.00033694148,0.00038779766,0.99523574,0.00036409934,0.0021400652
eev4m98,sadness,anger,0.52254456,0.015470549,0.006212872,0.042739835,0.34661362,0.06641853
eev55g7,joy,surprise,0.035294145,0.0038078842,0.003588777,0.15938567,0.017006166,0.7809174
eev5d3i,anger,anger,0.749211,0.006543534,0.0026239702,0.06727575,0.027093697,0.14725198
eev5lbl,surprise,joy,0.009872251,0.0013122219,0.0013775186,0.62077224,0.003201315,0.36346442
eev7aa3,sadness,sadness,0.05276549,0.009542616,0.0032129346,0.010360709,0.9208259,0.0032923296
eev7dzo,joy,joy,0.0012514546,0.00037087986,0.0003703165,0.9967429,0.00029126884,0.0009732383
eev7hdu,surprise,surprise,0.006400798,0.00094892265,0.0012507138,0.0034203755,0.0013253469,0.98665386
eev83pc,joy,joy,0.0033365309,0.00040433477,0.00035659695,0.99284065,0.0005087512,0.0025531664
eev89na,surprise,joy,0.054790802,0.0016597848,0.0017681221,0.8520768,0.017981447,0.071723044
eev9e1h,joy,anger,0.5373106,0.01274197,0.007702237,0.31780687,0.06959512,0.054843184
eev9ogc,joy,joy,0.0013253263,0.00034262563,0.0004590092,0.99680424,0.00045780872,0.0006110237
eeva9qx,joy,joy,0.0021300768,0.00037279804,0.00042516176,0.9947877,0.0008477487,0.0014365539
eevb2lm,joy,joy,0.0030696269,0.00051765976,0.00044055248,0.9910952,0.0005650734,0.0043118102
eevcgtl,joy,joy,0.051028244,0.005008665,0.012057538,0.6278782,0.26177576,0.042251587
eevecb9,sadness,sadness,0.079283066,0.03335794,0.005815175,0.011441715,0.8573819,0.0127201965
eeveji1,joy,anger,0.44765362,0.33929494,0.029619392,0.11491214,0.04002214,0.028497787
eevem07,disgust,disgust,0.36372745,0.37709686,0.049598664,0.13447441,0.04610632,0.028996259
eevf3dt,anger,anger,0.8210147,0.005419728,0.0018840802,0.11441294,0.025527678,0.031740874
eevf97x,anger,anger,0.5853309,0.013013306,0.0043844692,0.012105797,0.2581262,0.12703931
eevfunt,joy,joy,0.01445898,0.0006979119,0.003017463,0.9725064,0.0045557427,0.0047635348
eevga0w,joy,surprise,0.05722704,0.0059492416,0.007509312,0.33838096,0.009851624,0.58108187
eevgkkp,joy,joy,0.0014542462,0.0003360947,0.0003602293,0.99662244,0.00051371264,0.0007132888
eevh400,joy,surprise,0.045116056,0.0023511532,0.0019924454,0.10573417,0.0032969874,0.8415091
eevhx24,anger,anger,0.7627154,0.015103201,0.01064338,0.09149205,0.05420727,0.065838635
eevjbdw,joy,joy,0.001198644,0.00031362972,0.00032567143,0.99619496,0.00032007886,0.0016469845
eevjvyh,anger,anger,0.9442689,0.018256595,0.0028417262,0.013875466,0.0149799585,0.005777285
eevk5nc,joy,joy,0.0014754081,0.00039380888,0.000485628,0.99414885,0.0008401909,0.002656122
eevkhqx,anger,anger,0.9456371,0.012999312,0.0031618527,0.00916987,0.012713311,0.016318588
eevlkwa,surprise,surprise,0.043363106,0.0022388445,0.0017910072,0.051181544,0.007511376,0.8939141
eevn76c,joy,joy,0.0016894437,0.00036806613,0.00035151356,0.99598795,0.0003926149,0.0012103936
eevoblm,joy,surprise,0.15615118,0.0047237827,0.003350002,0.25625208,0.036674336,0.54284865
eevoynv,anger,anger,0.81722933,0.010369118,0.0032597845,0.014363469,0.017859863,0.13691843
eevqdao,joy,surprise,0.24862826,0.016312677,0.008182898,0.23286246,0.011072999,0.48294067
eevqwdn,anger,surprise,0.14505862,0.003960611,0.0038133087,0.019602224,0.05304579,0.77451944
eevs4g1,surprise,surprise,0.026581518,0.0015338048,0.0012797057,0.003023267,0.0034754786,0.9641062
eevsiyr,joy,joy,0.0014797717,0.000316657,0.00034317587,0.9965605,0.00047878167,0.00082108227
eevsla8,sadness,surprise,0.24760866,0.009891595,0.009472998,0.0763171,0.1172339,0.53947574
eevtrz8,sadness,disgust,0.19278876,0.33648154,0.17414519,0.014895212,0.26796335,0.013725958
eevuskc,surprise,surprise,0.066551,0.003626343,0.0032991031,0.012564066,0.0573088,0.8566507
eevv3f4,joy,joy,0.0015733097,0.00034088542,0.00038323196,0.99611735,0.00040340304,0.0011817521
eevvo56,anger,anger,0.9444981,0.020134164,0.0045780484,0.016455568,0.0066665844,0.007667555
eevvxk8,joy,joy,0.018458137,0.0011250578,0.0007075781,0.9706059,0.0016904217,0.0074129715
eevwbir,joy,joy,0.014889845,0.0007165996,0.002061695,0.97329235,0.0065344716,0.0025051339
eevwe7c,surprise,anger,0.72052073,0.1452844,0.01720825,0.0602166,0.032541994,0.024228001
eevwisg,anger,joy,0.007877624,0.00054664543,0.0007140113,0.98476124,0.001051399,0.00504911
eevwwjb,joy,joy,0.02827857,0.0012251296,0.0009400913,0.96316504,0.0034352238,0.0029559897
eevwyno,surprise,surprise,0.01939605,0.0019110226,0.0016275689,0.45685345,0.0062605604,0.5139513
eevyayh,joy,joy,0.0018766556,0.00048928626,0.0004840085,0.9949013,0.00086561556,0.0013830604
eevyfss,joy,joy,0.0018399555,0.00030117304,0.00031432268,0.9961971,0.0004357827,0.00091166486
eevyn9h,anger,sadness,0.04256735,0.0060952366,0.0038895856,0.009737899,0.9325895,0.005120342
eevzitc,joy,joy,0.010369692,0.00048021253,0.0013960243,0.97911847,0.004634708,0.004000907
eew1fwh,surprise,surprise,0.0756044,0.00562894,0.005708038,0.01909323,0.065674074,0.82829124
eew2ats,joy,joy,0.012107968,0.0013726983,0.0020124635,0.8382135,0.006392842,0.13990052
eew2wz1,joy,joy,0.07709771,0.0046877405,0.0033428909,0.75856173,0.14643218,0.009877799
eew49rj,surprise,surprise,0.027282747,0.0013961459,0.0014914908,0.0449266,0.010104037,0.9147989
eew4ljm,anger,anger,0.4941668,0.03807,0.034201298,0.21797158,0.15505084,0.060539447
eew4z75,sadness,sadness,0.020622576,0.011968175,0.015269867,0.08105343,0.8622186,0.008867288
eew51qn,joy,joy,0.001555936,0.00035040226,0.00033146012,0.99610114,0.00042225324,0.0012387383
eew5m3c,anger,joy,0.4379646,0.04624211,0.007963523,0.47830266,0.0118108485,0.017716298
eew5ue5,joy,joy,0.0094407275,0.002021119,0.0014418521,0.9731727,0.001208383,0.012715216
eew6yv6,anger,anger,0.58256954,0.039891228,0.00379347,0.27601522,0.080531865,0.017198738
eew72g0,joy,joy,0.0017852236,0.00038722163,0.00043263414,0.99602413,0.0004472565,0.0009235361
eew77gx,joy,joy,0.0017207013,0.00040431105,0.0003896334,0.99570847,0.00053087453,0.0012459669
eew7gaj,surprise,surprise,0.0057103746,0.00091170106,0.0015389343,0.017774079,0.0027340339,0.9713309
eew7gh9,joy,joy,0.0010343972,0.00033195305,0.00042788053,0.9963894,0.00049066945,0.0013257498
eew7qjt,joy,joy,0.0015134058,0.00030463035,0.00033274008,0.99662894,0.00053993927,0.0006802971
eew8c8f,joy,sadness,0.052233234,0.004852898,0.0037668608,0.20594062,0.69996387,0.033242527
eew9qo8,joy,joy,0.013731215,0.0011167711,0.0007148214,0.90043825,0.0015674947,0.0824315
eewbssm,joy,joy,0.017587496,0.0007791033,0.0007435117,0.9743308,0.0026024769,0.0039567
eewbtsj,joy,joy,0.08337967,0.0031323493,0.0038316417,0.69002676,0.14822061,0.07140895
eewcpiz,surprise,surprise,0.035662416,0.0014695477,0.0012705983,0.0070547503,0.0041414243,0.95040125
eewd9gh,joy,joy,0.0037357165,0.00052172586,0.00045801498,0.99140394,0.00050881744,0.003371699
eewdo8l,joy,joy,0.0029529342,0.00043326512,0.00028695428,0.99417996,0.00042569678,0.0017212818
eewegbs,joy,joy,0.0023324066,0.00043048518,0.00046677503,0.99280787,0.0006868356,0.0032755772
eewej91,joy,joy,0.0019790116,0.00034629993,0.00037628645,0.9954828,0.0004348886,0.0013806991
eeweozy,joy,joy,0.009698013,0.0006749448,0.0004898694,0.9840448,0.0014631026,0.003629335
eewg2m8,joy,joy,0.0015179322,0.00029208852,0.0003854423,0.98988324,0.0005415008,0.0073797368
eewh0tg,joy,joy,0.0066927476,0.0006607205,0.000490654,0.9883739,0.0026990299,0.0010829101
eewh4gb,joy,joy,0.0050747423,0.00068423746,0.000575995,0.9874594,0.0032599196,0.0029457635
eewh51p,joy,joy,0.0012662389,0.0003490639,0.0003467556,0.9960078,0.00043072962,0.0015993767
eewhpk6,anger,anger,0.9243754,0.015945256,0.0020231025,0.015985526,0.025480941,0.0161898
eewhzsp,joy,joy,0.1347651,0.0039094384,0.0029966573,0.6963671,0.02631874,0.13564298
eewk9e0,joy,joy,0.0012432208,0.0003900031,0.00042723346,0.9968719,0.00044076718,0.0006268315
eewkl1c,joy,joy,0.0014235646,0.0004102306,0.00051670393,0.99589986,0.00036550715,0.0013841119
eewkqif,anger,anger,0.92975724,0.013378293,0.0015923936,0.032201838,0.013600606,0.009469659
eewl3k6,surprise,surprise,0.009055578,0.0010080761,0.0014408311,0.06703464,0.0018152649,0.9196456
eewld6b,joy,joy,0.009007616,0.00064858503,0.00044163843,0.98280877,0.0020202633,0.005073171
eewma26,joy,joy,0.010741151,0.00068609853,0.0006206854,0.97794265,0.005146566,0.004862836
eewmsvg,fear,joy,0.032872003,0.004589752,0.0038534869,0.71399945,0.2384547,0.006230631
eewmxdl,joy,joy,0.003308385,0.00050256687,0.0006024531,0.9910131,0.0013458662,0.0032276174
eewn6sn,joy,joy,0.0020747352,0.0004070918,0.00036749052,0.9957196,0.00067829195,0.0007528589
eewnhep,anger,anger,0.5023226,0.009794751,0.0078062187,0.10810453,0.3000675,0.07190435
eewnoyj,surprise,anger,0.5550313,0.08146327,0.00659771,0.12024816,0.065403596,0.17125599
eewnxwc,sadness,sadness,0.15053745,0.055336922,0.03356343,0.017031915,0.46355823,0.2799721
eewovsw,joy,anger,0.49722475,0.11971178,0.0129414005,0.20479749,0.10532192,0.060002685
eewpe3v,joy,joy,0.0057558888,0.00071410835,0.000652027,0.9730364,0.0008616851,0.018979816
eewph9r,joy,joy,0.058439348,0.0038302671,0.004031325,0.9026147,0.01771206,0.013372298
eewpl8e,joy,joy,0.0018747898,0.00033526114,0.00038202127,0.9954679,0.00067469804,0.001265331
eewpue5,surprise,surprise,0.005988985,0.0011676445,0.0021335147,0.002838275,0.0074565765,0.980415
eewriib,joy,joy,0.0009979218,0.00031490042,0.0003685843,0.99720323,0.000534929,0.0005804986
eewsxew,surprise,surprise,0.006505964,0.00080822955,0.0010793502,0.010447961,0.0025154052,0.9786431
eewt9yh,surprise,sadness,0.032002617,0.0042385473,0.007796283,0.13924573,0.7807098,0.036007077
eewtsv4,joy,joy,0.013678649,0.0013739654,0.0007017217,0.9787379,0.0009208541,0.0045869504
eewtt6q,joy,joy,0.00948879,0.0010832188,0.0012518802,0.94535196,0.004484992,0.03833915
eewv5tt,sadness,joy,0.0775517,0.023558483,0.011009133,0.61907274,0.22568756,0.04312027
eewvlcy,joy,joy,0.0051647583,0.00064805755,0.0009732097,0.9771525,0.0032839861,0.012777439
eewwzu5,joy,joy,0.027577896,0.004193939,0.05897381,0.65440243,0.0943984,0.16045362
eewxdve,disgust,disgust,0.10843584,0.804141,0.05842475,0.008963024,0.012753369,0.007282097
eewxmdm,joy,joy,0.0012387951,0.0003516916,0.00035882872,0.9967518,0.0003443721,0.0009545296
eewxv2b,surprise,joy,0.0051860143,0.0010409645,0.0010369319,0.89479744,0.0008702309,0.09706836
eewy6r4,anger,anger,0.72861177,0.008954073,0.0018976725,0.2275188,0.021785306,0.011232374
eewyia7,joy,joy,0.0030314496,0.0005528304,0.0005593976,0.9882311,0.0007949415,0.006830246
eex0jkk,joy,joy,0.010396049,0.0007513455,0.00041904487,0.9853865,0.001895889,0.0011511438
eex0tm9,surprise,surprise,0.008630749,0.0011866018,0.001344818,0.0063324315,0.0053105126,0.97719496
eex192q,joy,sadness,0.07766433,0.0061461395,0.02013482,0.32952088,0.4243361,0.14219773
eex1mhj,joy,joy,0.003517982,0.00044464337,0.00038911295,0.99060094,0.0013861011,0.0036611848
eex2fjk,surprise,surprise,0.0057288874,0.0007192655,0.0013031459,0.010089311,0.0016332007,0.98052627
eex2gov,fear,disgust,0.23534212,0.44349915,0.22928523,0.045404978,0.029736176,0.016732322
eex2uey,joy,joy,0.0018656414,0.0004541993,0.00041528084,0.9958305,0.00052687665,0.00090756296
eex3eiu,surprise,surprise,0.02032133,0.0035172098,0.002690446,0.018395599,0.008988828,0.9460866
eex49r7,anger,anger,0.7852174,0.036862392,0.011054069,0.09856935,0.03787597,0.030420888
eex8tq6,joy,anger,0.5423831,0.0075549153,0.004715605,0.32973155,0.035097238,0.08051763
eexahcd,joy,joy,0.00498227,0.00044675876,0.00032010744,0.99090743,0.0011491581,0.0021942912
eexbanq,fear,fear,0.012794406,0.0067065875,0.8178306,0.13850585,0.011958869,0.012203649
eexbv2s,joy,joy,0.008287969,0.000662656,0.0015992123,0.9847211,0.0025738082,0.0021552544
eexcza2,joy,joy,0.004720798,0.00037251855,0.00032429793,0.9916843,0.00093041535,0.001967629
eexddyv,surprise,joy,0.013838343,0.0015771,0.0010587352,0.8870284,0.0014143081,0.09508319
eexduzq,joy,joy,0.0030139352,0.00044455077,0.00045335683,0.9934417,0.00089306163,0.0017533198
eexeypk,joy,joy,0.095213,0.0035522555,0.001778913,0.85072416,0.030118167,0.018613588
eexg91s,anger,anger,0.5687524,0.036362167,0.0069959066,0.023784518,0.34866446,0.015440574
eexgtfb,anger,anger,0.9468903,0.014103692,0.0018332076,0.012004602,0.016457144,0.008711024
eexguaa,surprise,joy,0.16934972,0.007982626,0.0022306677,0.7701844,0.017841319,0.0324113
eexgy7y,joy,joy,0.0019118312,0.00027995915,0.00027193586,0.9956221,0.0004881718,0.0014260886
eexgzre,joy,anger,0.3330059,0.08826683,0.23496029,0.24685816,0.044668246,0.05224058
eexhbyk,surprise,surprise,0.04242966,0.002001532,0.0021987318,0.012345712,0.016119236,0.9249052
eexindp,joy,joy,0.055811003,0.0026890815,0.0013412865,0.916882,0.0043816976,0.018894983
eexjgdk,joy,joy,0.029216407,0.0019022408,0.0016680436,0.7980858,0.004386068,0.16474147
eexkhqd,joy,joy,0.0016773412,0.00032482712,0.0003868113,0.9954656,0.0005585387,0.0015869506
eexlyva,anger,anger,0.83374447,0.011610829,0.0034689873,0.009296546,0.007897976,0.1339812
eexm5kc,sadness,sadness,0.01551628,0.008407908,0.0023057635,0.0041903644,0.9664973,0.0030822658
eexmra6,anger,joy,0.27803236,0.0070003225,0.006199842,0.43769565,0.13314305,0.13792874
eexmsy6,joy,joy,0.0029990263,0.0005563504,0.001058589,0.99112064,0.0030546994,0.0012107338
eexn541,surprise,surprise,0.07099942,0.005476943,0.0073192054,0.187396,0.24681762,0.48199078
eexnidj,surprise,joy,0.0053484184,0.00050721614,0.000616801,0.98722327,0.0015918637,0.00471236
eexo7w2,joy,joy,0.0025042947,0.00039959518,0.0004004415,0.99533206,0.0005277192,0.0008358758
eexoxb9,joy,joy,0.16748403,0.029711913,0.010542691,0.7488546,0.017129855,0.026276985
eexp3yy,joy,joy,0.0020947324,0.00035749617,0.00041779873,0.99190784,0.00084006164,0.0043821363
eexphew,joy,joy,0.0010544448,0.00032458483,0.00033447525,0.99718696,0.00040507378,0.0006944263
eexpsw7,joy,joy,0.0012228828,0.00035945108,0.00036729773,0.9968651,0.00053887797,0.000646386
eexr6ld,anger,anger,0.8249053,0.008328026,0.004695133,0.078097925,0.024063496,0.059910048
eexrmtf,surprise,surprise,0.07953125,0.0029920547,0.002091703,0.005006545,0.017616633,0.8927618
eexrqlw,joy,joy,0.017119262,0.0007424101,0.0010581164,0.97475195,0.004232585,0.002095695
eexsxqk,sadness,anger,0.44767708,0.39789265,0.009577249,0.03572555,0.094844595,0.014282933
eexu3d2,joy,joy,0.0014548905,0.0003089937,0.00032482788,0.9966505,0.0004044881,0.0008563258
eexuxuv,sadness,sadness,0.19253239,0.017233128,0.015791656,0.18150792,0.51748765,0.07544722
eexwcz2,joy,joy,0.0012847655,0.00035104598,0.00038003974,0.9967769,0.00035711782,0.0008501741
eexxucz,joy,joy,0.0025791405,0.00039768656,0.0003471017,0.9924574,0.0011196461,0.0030990655
eexy2yd,joy,joy,0.004461734,0.0006764128,0.00046083413,0.983602,0.0015862106,0.009212839
eexytcs,joy,joy,0.0012130234,0.00032408274,0.0003199645,0.99682826,0.00046883515,0.00084578735
eexzyw0,joy,joy,0.1082242,0.006389516,0.002793767,0.72638476,0.1259679,0.030239876
eey09jl,joy,joy,0.0016342833,0.00037494392,0.00035762202,0.9964964,0.0004747697,0.0006619595
eey0ta7,anger,anger,0.94305944,0.013222908,0.001904667,0.008943778,0.014941309,0.01792798
eey2fzv,surprise,sadness,0.32005584,0.013612721,0.0062827454,0.033055402,0.47937894,0.14761439
eey3r30,anger,anger,0.8863947,0.0068632513,0.001928401,0.009717721,0.017193813,0.07790207
eey42p5,sadness,sadness,0.046989173,0.00877636,0.0023026473,0.013510245,0.92090315,0.007518436
eey440s,sadness,sadness,0.22835353,0.06185159,0.0069029424,0.019705564,0.67749274,0.0056936624
eey445n,joy,joy,0.0011977659,0.00032992777,0.00036401575,0.99670297,0.00032966514,0.0010757223
eey4ya9,anger,anger,0.79432744,0.011133688,0.0055464944,0.1487824,0.019217946,0.020991925
eey53ln,joy,joy,0.004927969,0.00054339593,0.00049099803,0.97473764,0.0013392895,0.017960684
eey579w,sadness,surprise,0.01842221,0.0017714117,0.002466775,0.009824499,0.0075426186,0.95997256
eey5gc2,joy,joy,0.04632978,0.0019109779,0.0011510556,0.92510784,0.005061369,0.020438997
eey5mir,sadness,sadness,0.018768318,0.0045856587,0.0028519174,0.0065025636,0.9618267,0.005464791
eey5ukr,joy,joy,0.0016723587,0.00038672538,0.0003628588,0.9964635,0.00044503462,0.0006695405
eey6053,joy,joy,0.0040923883,0.00035081382,0.00028933986,0.99305165,0.0007343892,0.001481512
eey629w,surprise,surprise,0.21809603,0.0050288225,0.0034243066,0.009097706,0.05758518,0.706768
eey6eub,joy,joy,0.0019560142,0.00026963546,0.00037647234,0.9949037,0.001406824,0.0010874546
eey6meg,anger,anger,0.8746986,0.01278228,0.0024655282,0.052079257,0.04086854,0.017105803
eey7373,joy,joy,0.081117354,0.0011476324,0.001237653,0.9025946,0.0035196072,0.010383071
eey8xwv,anger,surprise,0.42980632,0.010173893,0.0037688885,0.008681312,0.011503354,0.53606623
eey9qd2,joy,joy,0.0018189154,0.0003573954,0.00036919917,0.9956831,0.00047271064,0.0012988031
eeyaomy,joy,joy,0.015804416,0.0009173664,0.00065755117,0.96901023,0.001763013,0.011847372
eeyazvb,surprise,anger,0.71084833,0.007594938,0.002549146,0.058457106,0.17259939,0.047951132
eeyc7hc,surprise,surprise,0.03743832,0.0014938529,0.0016415161,0.0061259298,0.005066379,0.9482341
eeyc8jz,anger,anger,0.92914724,0.0126846135,0.0024210634,0.020969074,0.013466692,0.02131136
eeye3ry,joy,joy,0.0019588792,0.0003896859,0.00036643652,0.9957924,0.00047278166,0.0010199023
eeyeavn,joy,joy,0.04155132,0.0021657252,0.0016400511,0.7210701,0.0071595623,0.2264133
eeyenej,anger,disgust,0.40554354,0.4219845,0.012737209,0.02522701,0.124094315,0.010413355
eeyeu61,joy,joy,0.0036349297,0.00054498576,0.00041101393,0.990648,0.00059909426,0.00416205
eeyf120,surprise,joy,0.062078908,0.0066465405,0.011798629,0.6453799,0.07132397,0.20277211
eeyfd0k,sadness,disgust,0.3094981,0.46944255,0.025490632,0.03138903,0.15308797,0.011091684
eeyh2zt,joy,joy,0.014959593,0.0017108995,0.0017421866,0.9681857,0.0028275729,0.010574058
eeyht37,surprise,joy,0.004455804,0.00070839725,0.0006060745,0.9746294,0.0008065822,0.018793738
eeyiizn,joy,joy,0.01359697,0.0008219352,0.00044829,0.9788609,0.0013710769,0.0049008476
eeyivpd,joy,joy,0.008444345,0.00091816427,0.0020875165,0.97852385,0.0046890574,0.005337005
eeyj4bw,joy,joy,0.017886745,0.00073645054,0.0021791,0.9618377,0.0068147737,0.010545194
eeyjwnh,joy,joy,0.0020468365,0.0003161961,0.00034847908,0.9937092,0.00045351908,0.0031257204
eeykk40,joy,joy,0.0037307143,0.0004926661,0.0003798468,0.99337065,0.00078926404,0.0012368682
eeymdv6,sadness,joy,0.01839391,0.0017572162,0.001808855,0.832174,0.14126272,0.004603303
eeymgef,anger,anger,0.5760914,0.007942714,0.004582566,0.2780312,0.067280345,0.06607172
eeyn44s,joy,joy,0.001326936,0.00034714869,0.0003453006,0.996816,0.00042771586,0.0007369814
eeynzmp,joy,joy,0.0011753655,0.00036047824,0.00041697558,0.9969241,0.00050217845,0.0006209053
eeynzom,anger,anger,0.85830307,0.04179512,0.013788503,0.056509092,0.016343957,0.013260204
eeyoa9n,joy,joy,0.0045774695,0.0007610796,0.0015187198,0.98372424,0.006821304,0.0025971245
eeyp2c8,joy,joy,0.0031334956,0.00034479777,0.0004009348,0.9884399,0.0031682695,0.004512541
eeyp7w8,joy,joy,0.0017776083,0.00032000348,0.00029700724,0.9958968,0.00068017375,0.0010284368
eeypdr5,anger,anger,0.6818341,0.006087478,0.0025260786,0.0556531,0.07384106,0.1800582
eeyq3lu,sadness,sadness,0.0922835,0.008990135,0.011024413,0.05243455,0.8134375,0.021829884
eeyqdff,joy,joy,0.0015058483,0.00037999987,0.00041221498,0.9941093,0.0007157272,0.0028769097
eeyr9at,anger,anger,0.921236,0.017599631,0.0021081376,0.0108258445,0.009212913,0.03901759
eeyra7d,joy,joy,0.0011156948,0.00033841093,0.000349251,0.9969138,0.0004394336,0.000843377
eeyrqob,anger,anger,0.8492026,0.03670546,0.0035816664,0.04793733,0.044869263,0.017703813
eeysnr8,anger,anger,0.63774943,0.01434782,0.0038752295,0.20320417,0.07273738,0.06808595
eeyt4x6,joy,joy,0.005176756,0.0005533497,0.0005145435,0.98699594,0.0010738176,0.005685546
eeyu5pc,anger,disgust,0.21081263,0.7046556,0.019358497,0.016723333,0.040193666,0.008256215
eeyv7fy,joy,joy,0.0016831193,0.00039027087,0.00032612428,0.9960467,0.00089150947,0.0006622824
eeyvlxh,joy,joy,0.089005105,0.002451682,0.0035028527,0.8069934,0.041363586,0.056683373
eeyw4g8,anger,joy,0.15425114,0.009961409,0.0038191956,0.7640172,0.04577728,0.022173755
eeywn97,joy,joy,0.008020162,0.0008578813,0.0005120611,0.98481375,0.0014199979,0.004376088
eeywnlj,joy,joy,0.0050769867,0.0014459898,0.0008366457,0.98275846,0.0012144049,0.0086675985
eeywvw4,joy,surprise,0.01019825,0.0010643023,0.0011520814,0.035625473,0.0024216985,0.94953823
eeyx89b,fear,surprise,0.00914431,0.0009985875,0.0067546642,0.0061719352,0.0020940816,0.97483647
eeyyi2z,surprise,anger,0.7837728,0.007950195,0.0040150485,0.06164889,0.10375226,0.038860764
eeyyyy5,joy,joy,0.0013237683,0.00036890004,0.00036880156,0.9967777,0.0003193502,0.0008414215
eeyza0p,anger,sadness,0.19036137,0.0084676575,0.0050411485,0.08653266,0.6843743,0.025222918
eez022h,joy,joy,0.0016891311,0.0003956433,0.00031964437,0.99629056,0.00040505428,0.00089993054
eez1ed7,anger,anger,0.9282336,0.012320222,0.001351196,0.018446816,0.012737088,0.026911065
eez1yz1,joy,joy,0.0050426144,0.0009917857,0.0021565605,0.9886198,0.0007266657,0.0024626136
eez2qeg,surprise,surprise,0.012295615,0.00087776006,0.0021258646,0.0064725024,0.0050658262,0.97316235
eez4vse,joy,joy,0.015064234,0.0019488058,0.0015426237,0.9340291,0.0051676715,0.042247556
eez5aha,surprise,joy,0.012508423,0.0012729586,0.0014505424,0.7524623,0.0017137257,0.23059209
eez78sa,joy,joy,0.003048923,0.00059303746,0.000474145,0.9938113,0.0008788052,0.0011937564
eez7shn,joy,joy,0.0052679796,0.0004449112,0.00035591502,0.9914,0.0008284531,0.0017026886
eez85rk,joy,joy,0.0023938569,0.00055273616,0.0004031455,0.99475586,0.0006346036,0.0012598677
eez8e8r,joy,joy,0.008478118,0.0007487584,0.00045203112,0.9844408,0.0011517096,0.004728633
eez8nxs,joy,joy,0.009077728,0.0005197028,0.0004367485,0.9871811,0.0016737484,0.001111022
eez9z4b,sadness,anger,0.5087662,0.011906114,0.006252863,0.3637095,0.07626985,0.033095457
eezaats,joy,joy,0.0067653386,0.00070625683,0.00068966486,0.9866955,0.0018198325,0.0033233855
eezbkyh,joy,joy,0.08921137,0.005642204,0.0047751446,0.72149104,0.0257446,0.15313567
eezd4nf,joy,joy,0.0015643343,0.00037823062,0.0003282848,0.9962166,0.0006951513,0.00081743207
eezderw,joy,joy,0.0013847128,0.00037047098,0.0003991998,0.9964742,0.00030571478,0.0010656959
eezelds,anger,anger,0.51262206,0.038600225,0.12001532,0.2674514,0.023490945,0.03782003
eezev4f,joy,joy,0.0019897204,0.00039593867,0.00036767515,0.9957359,0.0005260715,0.0009846481
eezf0s8,surprise,joy,0.012967892,0.0014007769,0.0015127858,0.7280423,0.014192155,0.24188407
eezg0ig,sadness,sadness,0.0077190017,0.0023039475,0.0017173471,0.011678661,0.9659945,0.010586652
eezgbd0,anger,anger,0.84595275,0.052690875,0.0026840323,0.053334165,0.023066103,0.02227213
eezgkw2,joy,joy,0.00115243,0.0003969255,0.0003862924,0.99692,0.00044646353,0.0006980092
eezhzoi,joy,joy,0.0168723,0.0011202171,0.00061699294,0.9775532,0.0015915273,0.0022456904
eezj6jj,joy,joy,0.0010354145,0.00031778598,0.00036953134,0.99681216,0.0003630102,0.0011020553
eezjmqm,joy,joy,0.00094359653,0.00037777424,0.0004867395,0.99661344,0.00039425222,0.0011841975
eezkoeb,sadness,sadness,0.10929241,0.008311921,0.0020536496,0.039826598,0.82908154,0.01143377
eezlw7j,joy,joy,0.28228274,0.013403369,0.00681112,0.3907409,0.22449686,0.08226503
eezmgjc,anger,anger,0.5792468,0.015968595,0.0033858528,0.022247158,0.35907733,0.020074321
eezmqjn,sadness,sadness,0.022383628,0.0028109797,0.001118275,0.0122096175,0.9535059,0.007971719
eezmtzq,surprise,surprise,0.006112719,0.0007237142,0.0009478965,0.0050714584,0.0015483258,0.98559594
eezn1y0,joy,joy,0.0014568169,0.00038089385,0.00037929259,0.99612975,0.0005068627,0.0011463015
eeznhdw,joy,joy,0.022102801,0.0015535117,0.005992778,0.9243534,0.027215695,0.01878183
eeznxtj,sadness,joy,0.02902106,0.001261637,0.0013271052,0.9195317,0.019173961,0.029684618
eeznzeu,joy,joy,0.0025209275,0.00041188364,0.00034942795,0.9946942,0.00057395746,0.0014496002
eezosy1,anger,anger,0.78401285,0.017845226,0.0020407385,0.05425579,0.129058,0.012787415
eezq2vc,joy,joy,0.0035957969,0.00056677015,0.00037389013,0.99253607,0.00085591205,0.0020716856
eezq59k,sadness,sadness,0.00647329,0.0028823137,0.0027174125,0.009921537,0.9752044,0.0028009373
eezqb2a,surprise,surprise,0.02330866,0.0026838735,0.003716394,0.055914223,0.06459536,0.84978145
eezrnk8,joy,joy,0.0017651152,0.00037211907,0.00035728642,0.99638003,0.00052126724,0.00060422113
eezs6fg,joy,joy,0.009982382,0.0005972941,0.0006263037,0.98376775,0.0016452391,0.0033811387
eezt0pn,joy,joy,0.0016994926,0.0003092887,0.00033573998,0.99624157,0.0004554549,0.0009585125
eezt0vb,sadness,sadness,0.06255543,0.008451192,0.0031463609,0.11462242,0.8070619,0.004162634
eeztbjr,joy,joy,0.12637396,0.006647222,0.012120103,0.40450814,0.34936187,0.10098868
eeztz9h,joy,anger,0.6639718,0.016306948,0.0042785425,0.16225457,0.119768344,0.03341982
eezu5ys,joy,joy,0.0011913016,0.00035087037,0.0004330213,0.9968328,0.00038683185,0.00080525246
eezu6jv,joy,joy,0.008093718,0.001012672,0.00066290173,0.98643816,0.0012949412,0.002497592
eezumyg,joy,joy,0.0025392014,0.00035503256,0.00035139144,0.9935191,0.0014448437,0.0017903744
eezvb8b,anger,surprise,0.14148553,0.09087527,0.1225178,0.05555716,0.122151874,0.46741232
eezw7id,sadness,sadness,0.030775515,0.0073781167,0.0032873182,0.003873064,0.95184594,0.0028400235
eezwarw,joy,joy,0.032317415,0.0012402763,0.0010909644,0.9526835,0.0028653836,0.009802443
eezxeyk,joy,joy,0.011699297,0.0007759413,0.0004270761,0.9810946,0.0008536759,0.0051493314
eezxv8v,joy,joy,0.0009792648,0.00029038542,0.0003849709,0.9968464,0.0005109441,0.000988039
eezyinl,anger,joy,0.16854843,0.0039802343,0.0012164535,0.809784,0.00810283,0.008368081
eezz9z2,joy,joy,0.0012825083,0.00038305146,0.0003970489,0.9967313,0.0004119503,0.00079423113
ef01a5n,surprise,surprise,0.015701352,0.0012566876,0.0012562597,0.009394601,0.002455559,0.96993554
ef025pn,surprise,surprise,0.06116247,0.0015698308,0.001026363,0.025723252,0.004404963,0.906113
ef02ir1,anger,disgust,0.29529604,0.3901474,0.09088005,0.0927599,0.09624856,0.03466806
ef0483u,anger,anger,0.91015446,0.05347497,0.0045209914,0.0101889605,0.013926504,0.0077340365
ef04d6t,joy,joy,0.0018258002,0.00046499664,0.00040255365,0.9927618,0.0009995857,0.0035453131
ef06qyx,joy,joy,0.07283576,0.006854926,0.0043443968,0.8387816,0.019575309,0.057608
ef077fx,surprise,surprise,0.0050704596,0.0010090807,0.0011843013,0.014262668,0.0016865449,0.9767869
ef08jsr,joy,joy,0.0030481303,0.00045149238,0.0003878402,0.99458957,0.0005619249,0.0009610453
ef0bcca,joy,joy,0.0013640091,0.00033297495,0.00044698914,0.9960531,0.0007509048,0.0010520015
ef0c0w7,joy,joy,0.0014821023,0.00038234473,0.00041883547,0.9960951,0.00038777842,0.0012339044
ef0c1q6,joy,joy,0.0012641525,0.00031426575,0.00032650027,0.99665606,0.00043800453,0.0010010087
ef0cj04,surprise,surprise,0.065464854,0.0025792609,0.0019720208,0.1858087,0.0050702537,0.7391049
ef0cp9l,anger,joy,0.14077634,0.004045875,0.0029759242,0.5839287,0.022778409,0.24549466
ef0d9jo,joy,joy,0.0024335822,0.00041223105,0.00040472337,0.9955787,0.00038325053,0.00078756525
ef0dr99,joy,joy,0.0012564188,0.00031878726,0.00033960788,0.9968832,0.0005135497,0.0006883602
ef0eurr,joy,joy,0.0023406842,0.00038136626,0.00035551432,0.9955777,0.0006109293,0.0007339172
ef0jf2m,anger,anger,0.65681237,0.19649215,0.014774943,0.033016816,0.05235346,0.046550255
ef0jr91,joy,joy,0.17059879,0.0027787783,0.0018209489,0.78347963,0.005196085,0.036125813
ef0jzwv,joy,joy,0.0012907104,0.0004004855,0.0003992627,0.996855,0.00038223632,0.00067229115
ef0k7qb,surprise,anger,0.3298452,0.08080493,0.028590474,0.19078258,0.29625717,0.0737196
ef0lcsf,joy,anger,0.44173074,0.12296728,0.009008144,0.20497409,0.019167686,0.20215207
ef0nh59,joy,joy,0.003962153,0.000459259,0.0005650307,0.98732996,0.0017670325,0.0059165806
ef0o1is,surprise,surprise,0.019157112,0.0014396377,0.0013426887,0.0066344766,0.0018228429,0.96960324
ef0o2jh,anger,anger,0.89234984,0.023717718,0.0019948867,0.03181071,0.036477607,0.013649202
ef0o4mh,joy,joy,0.002342328,0.00043536496,0.00037975036,0.99546283,0.000387543,0.0009922521
ef0ofn2,joy,joy,0.00818869,0.0006314172,0.0008628393,0.98167485,0.002280131,0.0063620596
ef0oipp,joy,joy,0.0042599333,0.00046671488,0.00049027713,0.9919408,0.00087494846,0.0019673344
ef0orjv,fear,fear,0.048673466,0.034346644,0.7723602,0.08530876,0.023949578,0.03536134
ef0pkfb,joy,joy,0.026486132,0.0015325062,0.0007786995,0.96415883,0.003977032,0.0030668427
ef0pqiv,joy,joy,0.0016180424,0.00044781688,0.00031762212,0.9959325,0.00052941893,0.0011545925
ef0qkw3,joy,joy,0.024402974,0.0022559895,0.0036241892,0.66914517,0.029474275,0.27109733
ef0r6br,joy,joy,0.0038011796,0.00053201,0.0004236159,0.9921788,0.0012585262,0.0018057952
ef0sfus,joy,joy,0.0017056584,0.00034926983,0.0004014665,0.9960543,0.0006940922,0.00079521834
ef0tzxg,joy,joy,0.009136201,0.003402255,0.0014434782,0.97819126,0.002751626,0.0050752605
ef0udgg,anger,anger,0.9533077,0.012539749,0.002071738,0.014245021,0.010010529,0.007825398
ef0v2wx,joy,anger,0.80017895,0.015836746,0.004892846,0.05598634,0.11230129,0.010803801
ef0vd27,disgust,disgust,0.10549241,0.7434128,0.09661979,0.015535877,0.031280495,0.007658615
ef0vqry,joy,joy,0.01907991,0.0008914942,0.00063089025,0.9269469,0.005837935,0.046612907
ef0wfys,joy,joy,0.0019328236,0.00033581076,0.00031232036,0.9952152,0.0006495295,0.0015543513
ef0xjkr,joy,joy,0.0020829735,0.00038728892,0.00044855452,0.993842,0.00066387973,0.0025753186
ef0xnr3,sadness,sadness,0.018856186,0.004407928,0.002231622,0.014892741,0.95600396,0.003607417
ef0xqrg,joy,joy,0.0010678036,0.00030391593,0.00035267204,0.99716896,0.0003902704,0.00071635237
ef0yyrf,surprise,surprise,0.025038226,0.0012913699,0.00097542163,0.0055256365,0.0029806558,0.96418875
ef0z27x,joy,joy,0.0017343747,0.00036977467,0.00035978467,0.99621326,0.00039491974,0.0009278647
ef1088c,anger,anger,0.46579766,0.031956237,0.06355805,0.1533001,0.16211657,0.123271346
ef11fni,surprise,sadness,0.2545181,0.009411969,0.0065999706,0.14158371,0.54776555,0.040120658
ef13jli,joy,joy,0.006921739,0.00064971,0.00041546096,0.98887295,0.0012949294,0.0018453024
ef15fon,surprise,surprise,0.03509964,0.0036002267,0.003506762,0.0068423776,0.008528981,0.942422
ef165g9,joy,joy,0.0022184108,0.0003349354,0.00038016637,0.9953414,0.0006060756,0.0011190277
ef16i3p,joy,joy,0.037978653,0.005620148,0.0061318716,0.6899491,0.14740603,0.11291419
ef16ld3,anger,anger,0.85935944,0.072066024,0.005548164,0.017786361,0.03385003,0.011389957
ef17w5q,joy,joy,0.002122622,0.00035344454,0.00030481728,0.9958729,0.00051901356,0.0008271873
ef1899w,anger,fear,0.0937993,0.19175668,0.5498956,0.077957764,0.06247839,0.024112336
ef19iya,joy,joy,0.0036766198,0.0005070398,0.00038459533,0.99327177,0.0008271393,0.0013329036
ef19umv,joy,joy,0.0010015527,0.00033763758,0.0003799546,0.99712926,0.00042474343,0.00072680734
ef1aj2l,anger,anger,0.8629964,0.015828796,0.027407348,0.0486707,0.014881591,0.030215194
ef1akef,joy,joy,0.0012376592,0.00034444482,0.00039257365,0.9970342,0.0004151857,0.00057600293
ef1beex,surprise,surprise,0.0064450074,0.00091636664,0.0011267419,0.033260502,0.0011580614,0.9570933
ef1betm,surprise,surprise,0.0056268224,0.00079904735,0.0010972609,0.0042380425,0.0015677386,0.98667115
ef1bteo,joy,joy,0.0020376467,0.0004877937,0.00075331057,0.9924199,0.0021237426,0.002177649
ef1d4i1,joy,joy,0.021072853,0.0028768645,0.0018930271,0.928341,0.0052063465,0.040609855
ef1dqo9,joy,joy,0.0018064062,0.00034904553,0.00035443064,0.9957612,0.00038149985,0.0013474838
ef1eim7,surprise,surprise,0.074841775,0.0033489158,0.0017420246,0.082585394,0.0060005374,0.83148134
ef1fqe0,joy,joy,0.16207474,0.020610759,0.022404317,0.52694285,0.02312258,0.2448448
ef1gddi,joy,joy,0.020353468,0.0013178666,0.0016983906,0.597463,0.0036120187,0.3755552
ef1gqzt,joy,joy,0.0016886861,0.0002763992,0.00040555352,0.9954378,0.0006702775,0.0015212907
ef1h34d,surprise,surprise,0.0058474247,0.0010631209,0.0012054461,0.0047839414,0.0015720121,0.98552805
ef1h372,joy,joy,0.00145942,0.00038178975,0.00043229168,0.99659485,0.0005570151,0.0005745986
ef1ho70,joy,joy,0.012638698,0.0016836507,0.0010180124,0.9666461,0.004349289,0.013664304
ef1hve3,surprise,surprise,0.027780058,0.0015062229,0.0016297174,0.007033014,0.007334117,0.9547169
ef1i32a,anger,fear,0.041829657,0.020708874,0.893177,0.022337368,0.0039174953,0.01802958
ef1jcrb,joy,joy,0.14469874,0.002238069,0.0037558072,0.82618034,0.017100392,0.006026684
ef1l95c,joy,joy,0.0020471888,0.0003552729,0.00031145755,0.9958599,0.00065412186,0.00077207806
ef1lbg9,joy,joy,0.0018334467,0.00039765445,0.00038490276,0.9943241,0.0006486042,0.0024113238
ef1mfs8,joy,joy,0.041768175,0.0015257265,0.0011007951,0.9116366,0.0058292504,0.038139414
ef1mvt7,anger,anger,0.6364564,0.011163384,0.004428424,0.036713302,0.29624432,0.014994186
ef1na47,sadness,sadness,0.008908944,0.002744356,0.0012749119,0.0060418686,0.97847384,0.0025560956
ef1o595,joy,joy,0.024979185,0.003482433,0.007316757,0.936352,0.013813808,0.014055805
ef1pfu5,joy,joy,0.0029920621,0.00036927612,0.00038331715,0.99450004,0.00061433716,0.0011409259
ef1qrb1,surprise,joy,0.00990551,0.00080125395,0.0010814437,0.96533936,0.0011558442,0.021716647
ef1r7bj,surprise,surprise,0.034518432,0.0014972496,0.0010938802,0.018922672,0.0037462667,0.94022155
ef1trkk,surprise,surprise,0.0046726665,0.00089200237,0.001348261,0.002726136,0.0019203697,0.98844063
ef1ts2o,joy,joy,0.0028676018,0.000492419,0.0006413908,0.99251306,0.00052889716,0.0029565857
ef1u0th,joy,joy,0.0037160793,0.0003752588,0.0005509899,0.99190384,0.0011673019,0.0022865867
ef1u5ha,joy,joy,0.0011409533,0.0003437312,0.00036975436,0.99698585,0.00038410604,0.00077559
ef1uc9a,surprise,surprise,0.0072150156,0.00093884394,0.0010106801,0.0062058265,0.0013088356,0.98332083
ef1uq8d,sadness,anger,0.48006403,0.010822125,0.0046731113,0.060593218,0.17215191,0.27169552
ef1v8k3,joy,joy,0.027962785,0.0014198987,0.0011551057,0.88854194,0.005089054,0.07583126
ef1vdgk,anger,anger,0.77583224,0.009668657,0.0030748718,0.021563206,0.15063553,0.039225526
ef1w511,joy,joy,0.0010580966,0.00032898967,0.00040200917,0.99581486,0.00030557223,0.0020904369
ef1xszg,anger,anger,0.9420563,0.016434642,0.002229732,0.010901708,0.013871425,0.0145062525
ef1y8ui,anger,anger,0.95362467,0.011897928,0.001472785,0.012661022,0.008942916,0.011400719
ef1z2v4,anger,anger,0.63905334,0.008609656,0.0022103465,0.13724974,0.021155145,0.19172177
ef1zg87,joy,joy,0.0028318516,0.00043460273,0.0003965088,0.9934309,0.0006322183,0.002273875
ef20jim,joy,joy,0.009955369,0.00091617525,0.00078038895,0.97311926,0.012020711,0.0032081634
ef21qdr,joy,joy,0.0019009038,0.00045843772,0.00055662374,0.98386085,0.0005525138,0.012670704
ef21tmj,joy,joy,0.0015816089,0.0003828744,0.000401528,0.9965133,0.00041805115,0.00070268393
ef2264s,joy,joy,0.0015397962,0.00034309807,0.0003687461,0.9956749,0.000975379,0.0010981321
ef22fuy,joy,joy,0.0053000725,0.0006520836,0.0004895741,0.986691,0.0057568676,0.0011104255
ef22xs3,joy,joy,0.015125621,0.0018347126,0.0012244342,0.972696,0.004273581,0.00484566
ef236we,joy,joy,0.014496244,0.00061408593,0.00048253714,0.9747045,0.0012634692,0.00843915
ef245tb,surprise,surprise,0.006303959,0.0007519566,0.001079166,0.0048222276,0.0022982708,0.98474437
ef2611y,joy,joy,0.0029407726,0.00044621198,0.00037391452,0.99417007,0.0002722165,0.0017968251
ef2694a,sadness,sadness,0.024153149,0.0029252346,0.0032065124,0.028203888,0.9309347,0.010576413
ef26hns,joy,joy,0.002630016,0.00040641412,0.00041546338,0.9916802,0.0017119097,0.0031559756
ef27377,joy,joy,0.0016541509,0.000364468,0.00032791006,0.9961817,0.00068991183,0.0007818661
ef282hb,joy,joy,0.008876669,0.002311809,0.00209833,0.92218775,0.062132493,0.0023929244
ef284g2,joy,joy,0.0015353056,0.0003296609,0.00038633705,0.9918854,0.00054653443,0.0053166915
ef2b3ev,joy,joy,0.04347397,0.0014996916,0.0007849673,0.9426151,0.003181452,0.00844485
ef2b4tm,joy,joy,0.0012461003,0.00036357535,0.0003637489,0.9968675,0.00047808787,0.00068101985
ef2b63d,joy,joy,0.010520615,0.0005972371,0.00036516486,0.9838934,0.0021695967,0.002453994
ef2bj7q,anger,sadness,0.2594734,0.092285015,0.006687195,0.022303786,0.60915226,0.010098423
ef2cx6f,joy,joy,0.0028387257,0.0004959556,0.0005749497,0.98938787,0.0008639001,0.005838552
ef2ddbx,joy,joy,0.0020404207,0.0007055642,0.00067784404,0.9917949,0.00172149,0.0030598459
ef2epu3,joy,anger,0.60255325,0.09691551,0.14242126,0.10816306,0.028119853,0.021827105
ef2f4rk,anger,sadness,0.06284254,0.003929141,0.004199359,0.026903048,0.8681659,0.03395996
ef2hgwa,joy,joy,0.006944217,0.0014116573,0.00070114114,0.98249984,0.0012985978,0.0071445666
ef2jb8m,joy,joy,0.122433804,0.0044755,0.0032981266,0.43740568,0.024586318,0.4078006
ef2jec1,joy,joy,0.1480784,0.0027719901,0.0011350563,0.82921773,0.010049177,0.008747637
ef2jexa,joy,joy,0.0013631025,0.0003814928,0.00037373448,0.99669623,0.00039842568,0.0007870298
ef2k6aw,joy,joy,0.16842413,0.010276793,0.0018336225,0.7728053,0.042414967,0.0042452416
ef2mpzn,anger,anger,0.9276702,0.03868817,0.002600666,0.008471901,0.018146614,0.0044224346
ef2n7yk,anger,anger,0.73424554,0.17814794,0.007032508,0.039114058,0.032689717,0.008770267
ef2nn9m,joy,joy,0.0014396937,0.00036458726,0.00036246816,0.9964007,0.000501571,0.00093098666
ef2o4ur,joy,joy,0.2598141,0.050274894,0.014874586,0.406353,0.20998129,0.058702093
ef2p0zx,joy,joy,0.0009843851,0.00033812938,0.00039237106,0.99715793,0.00044946538,0.0006777527
ef2qo4t,anger,anger,0.6368847,0.020173369,0.004503393,0.17443223,0.118870534,0.045135792
ef2qqcl,anger,anger,0.4861403,0.023650039,0.008684713,0.101656176,0.3379177,0.04195106
ef2rdrz,joy,joy,0.0035565926,0.00040581785,0.00054876815,0.9932001,0.00081278407,0.0014759512
ef2rfaw,sadness,sadness,0.006169275,0.0021155998,0.0015841197,0.013257343,0.9746323,0.002241355
ef2tb8h,joy,joy,0.022631468,0.0010714824,0.0009252767,0.9397138,0.0022925555,0.033365395
ef2u2is,joy,joy,0.0019775762,0.0003905338,0.0003544116,0.99563897,0.00082239526,0.0008161035
ef2w083,joy,joy,0.072047465,0.0058477568,0.0033060426,0.50015706,0.41281673,0.005824965
ef2y2pf,joy,joy,0.002119969,0.00042683902,0.00041040764,0.9869257,0.0004319953,0.0096850945
ef2zhe7,joy,joy,0.0076390617,0.0007683356,0.00069050567,0.980119,0.003635289,0.007147906
ef2zv8n,anger,disgust,0.08625763,0.6144168,0.25237653,0.013437363,0.019300818,0.014210844
ef335nm,joy,joy,0.15021041,0.011861698,0.011153963,0.6083296,0.033041675,0.18540262
ef33bmr,anger,anger,0.91572154,0.010291733,0.0020628537,0.023366233,0.012140078,0.036417566
ef33st6,surprise,surprise,0.0049520773,0.0011420705,0.00133511,0.024662267,0.0014079636,0.9665005
ef354sl,joy,sadness,0.0518246,0.0039657652,0.009812509,0.010602973,0.9125041,0.011290116
ef3768o,joy,joy,0.0019997475,0.0003808811,0.00064074685,0.9900899,0.0043129753,0.002575728
ef38dvr,joy,joy,0.0031511371,0.0009677661,0.00053184544,0.9850386,0.00093726325,0.009373393
ef39gwn,surprise,surprise,0.051405605,0.0019029898,0.0027503092,0.01442401,0.016583515,0.9129336
ef39z07,anger,anger,0.935673,0.014421039,0.0019474996,0.022502124,0.013126081,0.0123301465
ef3a1zc,disgust,disgust,0.23157412,0.62607074,0.04100772,0.060310766,0.02751651,0.013520181
ef3bvby,joy,sadness,0.42834562,0.012317448,0.005786852,0.029299125,0.48457524,0.039675675
ef3d3hj,anger,sadness,0.34765303,0.026454771,0.0034882051,0.016798817,0.5954583,0.0101467995
ef3dwfh,joy,joy,0.016407503,0.0015612728,0.0009173507,0.9761949,0.0016469504,0.0032719942
ef3esrz,surprise,surprise,0.0090271,0.00073711085,0.0009312656,0.00462942,0.003059485,0.9816156
ef3eve3,joy,joy,0.0017994558,0.00036820603,0.00031190482,0.99593383,0.00050665956,0.0010799511
ef3ft07,joy,surprise,0.18543878,0.0052193874,0.0035089497,0.34275892,0.018627586,0.4444464
ef3hqcr,anger,anger,0.8668463,0.017933283,0.0027110837,0.016396943,0.082512766,0.013599554
ef3ktz6,surprise,surprise,0.01570707,0.003106677,0.0034325952,0.20494151,0.012782356,0.76002985
ef3kxgh,surprise,surprise,0.058162853,0.0044211783,0.0056201825,0.32234317,0.1759667,0.43348593
ef3lnf7,anger,surprise,0.1394175,0.019214036,0.017245565,0.146968,0.27447703,0.40267783
ef3ly3m,joy,joy,0.00851648,0.00048371285,0.0005045366,0.9855511,0.0009541827,0.0039898986
ef3m0kl,joy,joy,0.0027195213,0.0005327815,0.00036886102,0.99479526,0.00047077928,0.0011127315
ef3m47m,joy,joy,0.0010634139,0.00036902496,0.00044559626,0.9969183,0.0004595486,0.0007440815
ef3mnfz,joy,surprise,0.011710611,0.002541765,0.0029132788,0.357357,0.005379265,0.62009805
ef3ph1e,joy,joy,0.001421741,0.00031991233,0.00036024593,0.99684525,0.00035039138,0.0007025681
ef3swyx,joy,joy,0.0047986615,0.0005940473,0.00049292634,0.9913606,0.0011402989,0.001613371
ef3trkm,sadness,sadness,0.009488959,0.0030769494,0.002852431,0.024870932,0.94296455,0.016746117
ef3xe9e,surprise,surprise,0.0152662825,0.00086436514,0.0009260152,0.0063950033,0.0026171808,0.97393113
ef3xkza,anger,joy,0.43897855,0.01452438,0.0040978245,0.4674983,0.050879974,0.024020966
ef3yo19,anger,anger,0.89536655,0.017957246,0.0021350535,0.008115044,0.009842266,0.06658383
ef43gz5,joy,joy,0.0013768809,0.0004846161,0.00056956266,0.9944682,0.00055412546,0.002546624
ef43ix0,joy,joy,0.0028359094,0.00067994866,0.00059993815,0.98761564,0.00057720585,0.0076912907
ef43xum,joy,joy,0.0011804132,0.0003295627,0.0003594578,0.9969169,0.0003768526,0.0008368348
ef464sd,surprise,surprise,0.0069156946,0.0010024151,0.0013349515,0.01343697,0.0010394164,0.9762706
ef4756f,joy,joy,0.0014434587,0.00036310562,0.00034509492,0.9965946,0.00039504553,0.00085861
ef47otl,surprise,surprise,0.013027461,0.001261584,0.0013657362,0.010726455,0.0047429656,0.9688757
ef48ooz,sadness,sadness,0.20589733,0.05975131,0.023093997,0.06431261,0.34845072,0.29849404
ef49a7u,sadness,sadness,0.085890405,0.11456348,0.25923133,0.03560954,0.4694818,0.035223454
ef49beq,joy,joy,0.0010256248,0.00028281313,0.00032902462,0.9970144,0.00049656176,0.0008514649
ef4a8jm,sadness,anger,0.39549243,0.007944422,0.0036979404,0.28735632,0.119609766,0.18589906
ef4aebu,joy,joy,0.0017646652,0.0003948789,0.00038976164,0.99614394,0.00047526133,0.0008314109
ef4ao4f,surprise,surprise,0.022554187,0.0011713032,0.0023825378,0.008752921,0.008811267,0.9563278
ef4byo4,anger,anger,0.9589387,0.0125253005,0.0026022515,0.0072754226,0.011170409,0.0074878335
ef4epvn,sadness,joy,0.20155835,0.006911101,0.0042412486,0.74835545,0.013192073,0.025741806
ef4f75t,joy,joy,0.00398325,0.00041507403,0.00040597073,0.9913292,0.00039586474,0.0034706574
ef4ffcr,joy,joy,0.009495017,0.0013223025,0.0007071949,0.9617388,0.0012379279,0.02549874
ef4g6zx,sadness,sadness,0.28125936,0.09064586,0.07165823,0.05920693,0.32348305,0.17374659
ef4gecy,joy,joy,0.0015598561,0.00029944925,0.00031871765,0.9954839,0.00057660433,0.0017614787
ef4h1hd,anger,anger,0.78227484,0.0056187916,0.0027069703,0.059934694,0.0131613985,0.13630326
ef4hcnj,anger,anger,0.95505106,0.008541955,0.0012893096,0.010410281,0.0110183945,0.013688925
ef4hm29,joy,joy,0.004483168,0.00041790612,0.00044896864,0.98395073,0.0010660255,0.009633196
ef4i70v,joy,joy,0.005032792,0.0011319614,0.0011547195,0.961295,0.02981079,0.0015747744
ef4ivfd,surprise,surprise,0.0109689515,0.0011759996,0.0014479968,0.0027194722,0.0018585096,0.98182905
ef4j6kw,anger,sadness,0.031827178,0.006011106,0.003882935,0.061533295,0.89334893,0.003396607
ef4jbaj,joy,joy,0.0037317218,0.0005444117,0.00044962938,0.9877999,0.0045085372,0.0029658366
ef4k1i7,joy,joy,0.0022722252,0.0004340383,0.0005098732,0.9932039,0.0026576621,0.0009223155
ef4k3fl,joy,joy,0.14963537,0.0040818444,0.0027365633,0.7669673,0.008140798,0.068438075
ef4kgxw,joy,joy,0.00082816905,0.00029856668,0.00036686627,0.99733114,0.0005009351,0.00067426317
ef4kl86,joy,joy,0.0016257535,0.00034688925,0.00036126183,0.99648005,0.00033580145,0.0008503214
ef4kltv,surprise,surprise,0.0098572485,0.0010335101,0.0011139789,0.0033992296,0.0022833191,0.98231274
ef4lbs9,joy,joy,0.002335518,0.0004949169,0.00042508976,0.9944001,0.000516707,0.0018277278
ef4m1ay,joy,joy,0.002008751,0.0005076337,0.00037403638,0.99532807,0.0003860176,0.0013956081
ef4n2o4,joy,joy,0.0022671383,0.0004322517,0.00056685857,0.99266875,0.0020055606,0.0020594199
ef4n85u,joy,joy,0.0047015334,0.0006434995,0.0014562276,0.9212331,0.0015958686,0.07036973
ef4nfkp,joy,anger,0.93769866,0.004939169,0.002002804,0.03400746,0.0079969,0.013355058
ef4nhzn,joy,joy,0.07383093,0.0036554392,0.0028947836,0.884169,0.017452305,0.01799756
ef4nswg,disgust,joy,0.021990966,0.008112927,0.0042964574,0.9468348,0.0140820015,0.004682919
ef4oqyd,surprise,surprise,0.012022455,0.0010780784,0.0012419974,0.037791476,0.0016339897,0.946232
ef4oza4,joy,joy,0.002167517,0.00044494608,0.00042390882,0.993256,0.001195098,0.0025126077
ef4prtc,joy,joy,0.07744474,0.0011179289,0.0068589323,0.8602467,0.017522298,0.036809314
ef4q0jl,joy,joy,0.026829781,0.001972063,0.0011836134,0.95313543,0.010919266,0.0059597846
ef4qayy,joy,joy,0.012649951,0.0013340251,0.00069643935,0.98180825,0.0021361057,0.001375198
ef4qfdc,joy,joy,0.018704737,0.0012020884,0.00070824573,0.9715764,0.0010628803,0.0067456616
ef4r56x,joy,joy,0.0032903256,0.0006350055,0.00055651215,0.9826917,0.002832301,0.009994135
ef4rk55,joy,surprise,0.2774757,0.014941957,0.013738844,0.056577254,0.040052973,0.59721315
ef4sg7c,anger,anger,0.77214116,0.032591995,0.0053710938,0.13712992,0.04006653,0.012699304
ef4spux,sadness,sadness,0.07162139,0.028273767,0.01133829,0.024946451,0.8458787,0.01794134
ef4svbf,joy,joy,0.0014717288,0.000327666,0.0003633567,0.99588287,0.000570446,0.0013840216
ef4u1z2,anger,anger,0.9536407,0.008233261,0.001411407,0.0151635315,0.009387345,0.012163801
ef4ufos,surprise,surprise,0.061978415,0.0037418676,0.0043326,0.011312044,0.12136401,0.7972711
ef4uul9,surprise,surprise,0.0052873236,0.00095103815,0.0013087986,0.004284495,0.0014795398,0.9866888
ef4v15y,anger,anger,0.66155773,0.055650458,0.011996166,0.020329202,0.22913632,0.021330087
ef4ws0w,surprise,sadness,0.026042711,0.0068380716,0.015233738,0.15988024,0.7720779,0.019927366
ef4x5ph,joy,joy,0.0021498906,0.0003392749,0.00031063118,0.99388474,0.0014875699,0.0018278079
ef4xjux,joy,joy,0.06840835,0.02825432,0.012031846,0.8696242,0.012294306,0.009386972
ef4xo3u,joy,joy,0.003924214,0.00060560997,0.00078118447,0.9872104,0.00076808647,0.0067104883
ef4z0ix,anger,anger,0.6148867,0.08481246,0.01711096,0.13777041,0.0650357,0.08038373
ef50ddj,joy,joy,0.0015280013,0.00036453817,0.00040102086,0.9966809,0.00036739695,0.0006580993
ef51739,joy,joy,0.023327408,0.0017223861,0.0006764609,0.9674809,0.0021716275,0.0046212636
ef51s92,anger,surprise,0.28854647,0.0052281795,0.0025587622,0.01550132,0.02474813,0.66341716
ef520o7,sadness,anger,0.4496667,0.28659824,0.017817104,0.04120186,0.18959767,0.015118505
ef52esr,joy,joy,0.00900515,0.000866006,0.00079857634,0.97820854,0.008344585,0.0027771813
ef535zc,joy,joy,0.0040797363,0.00046013194,0.0005982129,0.9613544,0.0010878709,0.03241965
ef53cq6,anger,anger,0.852661,0.03999902,0.0033036433,0.0076985676,0.081110045,0.015227625
ef53k00,surprise,surprise,0.018479168,0.0018504324,0.0020489006,0.008898983,0.005165957,0.9635566
ef54cd2,joy,joy,0.0011998796,0.00036246618,0.00039391607,0.99642146,0.0003933402,0.0012289684
ef54otk,sadness,sadness,0.1257849,0.08354084,0.009341715,0.008003587,0.7645712,0.008757796
ef55zbf,disgust,disgust,0.31593934,0.47463948,0.036049157,0.02439664,0.1326654,0.016310062
ef56vdl,sadness,sadness,0.049651325,0.004024566,0.0029334398,0.012885723,0.91840243,0.012102443
ef57uwb,joy,joy,0.0010744736,0.00033757038,0.00034577193,0.9969721,0.00032572323,0.00094432605
ef58mf9,joy,sadness,0.18110557,0.0048687067,0.004920742,0.27789742,0.50378114,0.027426451
ef5982c,joy,joy,0.0015769011,0.00037681864,0.0004269137,0.99629384,0.00033517485,0.000990304
ef59p5c,anger,anger,0.9422402,0.007842235,0.0014106791,0.018040182,0.0172101,0.013256611
ef5abni,surprise,disgust,0.29540136,0.30295682,0.061466344,0.046177194,0.024056971,0.26994127
ef5atuh,joy,joy,0.0037999789,0.0006472352,0.00044687837,0.9909492,0.0008589279,0.0032977515
ef5bh7s,joy,joy,0.0015981008,0.00041842335,0.00036661042,0.9964042,0.0006326955,0.00058002124
ef5bqzb,joy,joy,0.043661617,0.0016542972,0.0015179339,0.9030319,0.014968811,0.035165485
ef5cueg,surprise,surprise,0.031556252,0.0028973464,0.0054940013,0.032974314,0.084422715,0.8426554
ef5cyie,anger,anger,0.8912287,0.022943242,0.0032487237,0.016411044,0.056546196,0.009622093
ef5dcm0,anger,anger,0.9196934,0.032605942,0.0023800866,0.017352562,0.015993364,0.011974666
ef5djm0,joy,joy,0.0010014008,0.00037293904,0.00042969603,0.997131,0.00039763888,0.0006672542
ef5dv7t,joy,joy,0.002785835,0.00041358618,0.00039387346,0.9927537,0.0007441982,0.0029088755
ef5f7p1,joy,joy,0.002860033,0.00036139728,0.00045246538,0.9926207,0.000782126,0.0029232337
ef5fh24,surprise,surprise,0.0056206067,0.000845895,0.0010496686,0.0055793193,0.0013580496,0.98554647
ef5g42t,anger,anger,0.95024836,0.013248905,0.0015165943,0.008380187,0.017966695,0.008639391
ef5glbc,joy,joy,0.00138278,0.00028686793,0.0003045716,0.9960252,0.0005352072,0.0014653646
ef5gppz,anger,anger,0.89948696,0.025811689,0.003102478,0.02306377,0.012068384,0.03646666
ef5h9as,joy,joy,0.007504568,0.0022077921,0.0024641189,0.681011,0.0016832155,0.30512926
ef5i1rn,joy,anger,0.60264605,0.015933039,0.0055578295,0.34122336,0.016675925,0.017963698
ef5kdg9,sadness,sadness,0.027493455,0.0036158012,0.0014954697,0.046072587,0.9181185,0.0032042318
ef5kgpl,joy,joy,0.0018838731,0.00038496687,0.00044483645,0.9938327,0.00044359837,0.0030100362
ef5lr64,joy,joy,0.0013905999,0.00039442888,0.0003635663,0.9966402,0.0004885696,0.0007226288
ef5lzzm,joy,joy,0.0100338105,0.0012857057,0.0005689544,0.98464847,0.0012223514,0.0022407628
ef5pjqw,joy,joy,0.011422764,0.0029233296,0.0016799072,0.94819635,0.0013664297,0.03441116
ef5s4hz,joy,joy,0.010566056,0.0011691035,0.0006355266,0.984584,0.0016977796,0.0013475543
ef5ti2e,surprise,surprise,0.012315257,0.0009882238,0.00092480605,0.014307955,0.0028167884,0.968647
ef5tna3,anger,surprise,0.035694137,0.0028805644,0.0019459291,0.44058263,0.0064072274,0.5124895
ef5uhgz,joy,joy,0.0017841674,0.00044582709,0.00038028308,0.9952597,0.00042661396,0.001703468
ef5w7n3,anger,anger,0.539099,0.00887291,0.004108902,0.14210843,0.060317323,0.24549343
ef5wj8u,surprise,anger,0.45120564,0.0058134533,0.003939883,0.32875982,0.05583654,0.15444463
ef5wqa4,joy,joy,0.15476109,0.0035657228,0.0019648364,0.7467859,0.010764459,0.08215797
ef5x6k7,anger,anger,0.94899917,0.007678764,0.0013953875,0.01766003,0.012658789,0.011607974
ef5y02s,joy,anger,0.41583335,0.023918891,0.011170463,0.14086558,0.3175857,0.09062598
ef5zkc0,joy,joy,0.044906415,0.0030507206,0.0017543492,0.93840754,0.002275065,0.00960587
ef5zl3r,fear,fear,0.01190988,0.0053734197,0.94413143,0.013833098,0.0089784525,0.01577365
ef5zrqm,joy,joy,0.0015756433,0.00027364638,0.00029757564,0.99564207,0.00046804102,0.0017430622
ef603jl,surprise,joy,0.11661022,0.0034985277,0.0014007488,0.6711804,0.0048301257,0.20247996
ef60h3p,anger,anger,0.88914967,0.013938623,0.0047226367,0.048374556,0.019688006,0.024126465
ef6331h,anger,surprise,0.056401398,0.0018549484,0.0015183312,0.005972106,0.0034330967,0.93082017
ef635h2,anger,anger,0.9322185,0.009851956,0.0014785596,0.009084322,0.019105796,0.02826096
ef63mmb,joy,joy,0.0063982555,0.000799238,0.00054681354,0.98348284,0.001866704,0.0069061536
ef63y5c,surprise,surprise,0.022713257,0.0015581474,0.0013938281,0.006099163,0.0038352984,0.96440035
ef64nmj,joy,joy,0.002890809,0.00046054408,0.00035532247,0.99450016,0.00048573126,0.0013074502
ef64o7c,joy,joy,0.0011142358,0.0003478426,0.00032412942,0.9968796,0.00053039356,0.00080375274
ef66msj,joy,joy,0.0035159285,0.00048667507,0.0004429955,0.98793924,0.00096700346,0.006648105
ef66r3r,joy,joy,0.0052804924,0.0006136164,0.0006269409,0.989292,0.0015744055,0.0026123896
ef66uoj,joy,joy,0.0017537362,0.00033681563,0.00046601304,0.99396497,0.0012173005,0.0022612496
ef67tyv,anger,anger,0.7963044,0.020062914,0.00427653,0.030436603,0.14218347,0.006736122
ef67zpf,disgust,anger,0.24246404,0.055115014,0.1172315,0.15491208,0.20716195,0.22311549
ef68ii6,joy,joy,0.009176461,0.00094902574,0.0006148602,0.9779795,0.008706773,0.0025734215
ef697gw,surprise,surprise,0.005386007,0.0008932642,0.0012248445,0.009087739,0.0012300711,0.98217803
ef697ud,joy,joy,0.0119767375,0.0007493272,0.001285845,0.9102238,0.003209174,0.07255515
ef6aj01,joy,fear,0.019037515,0.0050940304,0.79094595,0.124795325,0.019238995,0.040888146
ef6cxbc,surprise,surprise,0.35002837,0.015487476,0.011091425,0.056245618,0.16350916,0.40363795
ef6d68c,surprise,surprise,0.026498396,0.0013814522,0.0016413993,0.0064849667,0.00748164,0.95651215
ef6dg2i,anger,anger,0.957767,0.012551457,0.001669848,0.011124731,0.008879388,0.008007626
ef6dy24,fear,fear,0.014717318,0.005680992,0.8702875,0.01961868,0.02803914,0.061656393
ef6fws0,anger,fear,0.13342321,0.18651077,0.34726477,0.11296514,0.047942463,0.17189364
ef6goma,joy,joy,0.002259292,0.0004984218,0.0007942211,0.95867527,0.00052009325,0.037252624
ef6grze,joy,joy,0.001558052,0.00036532697,0.00036379407,0.9960228,0.0007278769,0.00096216187
ef6hppu,joy,joy,0.0011194745,0.00038239258,0.00037725343,0.99705005,0.0004270935,0.000643719
ef6i5u5,joy,joy,0.030125258,0.0021262297,0.0038353782,0.86946845,0.08422541,0.010219231
ef6ie3z,surprise,sadness,0.047949515,0.0037866756,0.006475635,0.012249158,0.6897091,0.23982993
ef6igxx,anger,anger,0.8773124,0.012955429,0.0046832315,0.013596843,0.064470276,0.026981754
ef6kbsk,anger,anger,0.4648208,0.025216304,0.005406392,0.38019156,0.111541666,0.012823279
ef6kha2,anger,joy,0.042723637,0.0036722356,0.0020611144,0.8863437,0.04632084,0.018878443
ef6kmd1,joy,joy,0.0054071466,0.0005546367,0.0004581904,0.9906465,0.0010576623,0.0018758868
ef6kojd,joy,joy,0.001878176,0.00035650982,0.0003872224,0.9947483,0.00056325155,0.0020664607
ef6ldaq,anger,anger,0.8099498,0.019015564,0.002906862,0.042268097,0.097055286,0.028804386
ef6lf2z,sadness,fear,0.113407984,0.037572503,0.33297497,0.17706844,0.04943833,0.28953782
ef6ln2q,surprise,sadness,0.07747744,0.0060658455,0.0069791432,0.056722045,0.7830005,0.06975499
ef6mb8l,joy,joy,0.0027846226,0.0004972167,0.00044841992,0.9949419,0.00044888156,0.00087899325
ef6mmmw,surprise,surprise,0.081611425,0.0021946083,0.0015694695,0.004595252,0.008318098,0.90171117
ef6oa94,anger,anger,0.72174805,0.0135975955,0.005689489,0.12051261,0.1251096,0.013342596
ef6ocrw,surprise,joy,0.027856153,0.0028029056,0.0013275633,0.9501271,0.012481928,0.005404301
ef6omhu,sadness,sadness,0.011636725,0.0033371646,0.0012812745,0.005160346,0.9765464,0.0020381478
ef6ow0f,joy,surprise,0.019350821,0.0011383827,0.0010074836,0.011879387,0.0036489088,0.96297497
ef6p6dd,joy,joy,0.0013882321,0.0003439976,0.00034407733,0.99682415,0.00045349263,0.00064613693
ef6pl5j,joy,joy,0.002913806,0.00042064657,0.00046954045,0.99302,0.00058434607,0.0025916642
ef6q4f1,joy,joy,0.004133993,0.00037520673,0.00037201002,0.98943466,0.0014891552,0.0041949893
ef6qg8r,joy,joy,0.0017859406,0.0003706743,0.0003414014,0.9960394,0.0004197467,0.0010428885
ef6siyu,joy,joy,0.0024736612,0.00040631034,0.00032480192,0.9938205,0.00068614125,0.002288605
ef6so8k,joy,joy,0.005019774,0.0005926919,0.00051352405,0.9901065,0.0009219183,0.0028456943
ef6t8vg,joy,joy,0.02881068,0.001883482,0.0017165939,0.7738554,0.0050330614,0.18870078
ef6tx23,anger,anger,0.77168834,0.013793148,0.0034890575,0.083074085,0.10670108,0.02125423
ef6u3t1,joy,joy,0.005441283,0.000663893,0.0004150319,0.9905387,0.0010860979,0.0018550464
ef6v865,anger,anger,0.74801296,0.0075401594,0.0024926334,0.018348038,0.078412734,0.14519349
ef6vntw,anger,anger,0.48461467,0.29219255,0.018908111,0.008328783,0.18692017,0.009035735
ef6wim2,joy,joy,0.0028892434,0.00034796394,0.00036988256,0.9934191,0.0005039509,0.0024697953
ef6wqrp,surprise,joy,0.034756746,0.0017651425,0.001532298,0.5711107,0.0041734288,0.38666168
ef6wxil,joy,joy,0.032368913,0.0021545223,0.000999275,0.95279765,0.0060792626,0.005600354
ef6x0da,joy,joy,0.019595312,0.0012396153,0.00090890034,0.9363253,0.013706282,0.028224586
ef6xgj9,anger,anger,0.53401345,0.100274734,0.10885478,0.033326026,0.089565285,0.13396572
ef6xvgp,surprise,surprise,0.009491043,0.00093838276,0.0008685258,0.008018158,0.0014257549,0.97925824
ef6xwp8,surprise,surprise,0.10790824,0.0031081263,0.0032526879,0.034492794,0.043775022,0.80746317
ef6yq2q,surprise,sadness,0.010030816,0.0027169546,0.0011696056,0.0070904023,0.9754875,0.0035046919
ef6zbv1,surprise,surprise,0.011373693,0.0009608087,0.0010844591,0.0035785176,0.003728776,0.9792738
ef6zmoz,joy,joy,0.0025658386,0.00042963622,0.00038715525,0.9952277,0.00044637942,0.00094321603
ef71oli,sadness,anger,0.76544666,0.008167711,0.002246292,0.10640069,0.0325366,0.08520211
ef72m0a,anger,disgust,0.22515231,0.6415026,0.050871592,0.029028345,0.040185444,0.013259647
ef72y94,surprise,anger,0.56600946,0.0053014806,0.0034844803,0.20538427,0.04323183,0.17658846
ef73999,anger,anger,0.6929915,0.0043947236,0.0031838322,0.19561087,0.033650886,0.07016824
ef74g5u,anger,anger,0.8854013,0.014037052,0.00181877,0.0682897,0.02019367,0.010259527
ef74nul,joy,joy,0.005245498,0.00042325104,0.00034635194,0.9894433,0.0004656188,0.0040759556
ef751gu,anger,anger,0.89091206,0.008107547,0.0016350546,0.042746,0.019982241,0.03661709
ef75ws9,joy,surprise,0.3142558,0.06438612,0.007569928,0.1418946,0.030712208,0.4411813
ef766at,surprise,surprise,0.042494338,0.0025135004,0.0015563279,0.03113365,0.004589953,0.9177123
ef76egq,joy,joy,0.024676468,0.0028212685,0.002429679,0.51818377,0.009511795,0.44237706
ef7715h,joy,joy,0.007954558,0.0013305241,0.00066686183,0.9830025,0.00074279256,0.006302799
ef771l0,surprise,surprise,0.023484066,0.0010598409,0.0010213627,0.0073290574,0.0069783893,0.9601273
ef77nhl,surprise,surprise,0.007881237,0.0011842872,0.0018982916,0.021576384,0.0033988305,0.96406096
ef77s5d,joy,joy,0.001138565,0.00033862318,0.0003279782,0.99661106,0.00074865285,0.00083506835
ef797aa,joy,joy,0.024942184,0.0026178907,0.0016344319,0.84223783,0.0030779908,0.12548967
ef79gzm,surprise,surprise,0.014346003,0.0021616463,0.001968742,0.44662738,0.004805386,0.5300908
ef7a0nf,joy,joy,0.005197683,0.0009450683,0.0009427,0.9750025,0.004188737,0.013723283
ef7bqqt,joy,joy,0.0014985029,0.00030499962,0.0003053078,0.9958729,0.00051419134,0.0015041449
ef7cgjr,joy,joy,0.0056979754,0.0011676822,0.0013567148,0.94245654,0.002058148,0.04726291
ef7d0ri,joy,joy,0.24353588,0.02781011,0.007734805,0.68265504,0.01661472,0.021649396
ef7dfoc,joy,joy,0.024256632,0.0019346562,0.001276352,0.96188825,0.007713161,0.0029309562
ef7ez24,joy,joy,0.0018110911,0.00045843248,0.00043074926,0.99576783,0.00066003605,0.00087186974
ef7ffi6,anger,anger,0.9365563,0.02731461,0.0021777796,0.016412292,0.012170577,0.005368536
ef7fupo,joy,joy,0.0015684078,0.00037738564,0.00037228034,0.99626786,0.00050000317,0.0009140236
ef7gig7,joy,joy,0.01267376,0.0033377556,0.001526262,0.9623339,0.0015526068,0.018575612
ef7gkfi,joy,joy,0.0026887513,0.0003765224,0.00038027216,0.9894615,0.001631939,0.0054609934
ef7gkwc,joy,joy,0.0029853669,0.00045477127,0.00040158824,0.9943189,0.00041027818,0.0014291813
ef7gtff,sadness,sadness,0.062660046,0.012492575,0.0017912381,0.016797552,0.90261865,0.0036398915
ef7i1bf,surprise,sadness,0.08917549,0.009806425,0.05202048,0.25730255,0.4076098,0.1840853
ef7il0y,sadness,joy,0.04909226,0.0032280502,0.004827068,0.7027497,0.1836184,0.056484528
ef7ilvy,joy,joy,0.011718355,0.0010719878,0.0008275189,0.96189064,0.003561474,0.020929929
ef7jiaq,anger,anger,0.66650563,0.054419514,0.040067736,0.05373488,0.05309848,0.13217372
ef7kwn0,anger,anger,0.901196,0.0043017133,0.0019432602,0.037298955,0.026825579,0.028434547
ef7l726,anger,anger,0.85806966,0.034680374,0.0036320412,0.08081261,0.014870045,0.00793531
ef7lf0f,joy,joy,0.0038689661,0.0006542892,0.00063802884,0.96241736,0.0008820153,0.031539254
ef7mikd,joy,anger,0.8133279,0.016774233,0.010111339,0.08467172,0.013621394,0.061493345
ef7nnrx,joy,joy,0.0017603516,0.00037371332,0.00039613026,0.99558806,0.0007732303,0.0011085301
ef7o5l3,sadness,surprise,0.08228127,0.0034161648,0.0041595283,0.2847617,0.08145576,0.5439256
ef7o72y,joy,joy,0.039159115,0.0057206876,0.02519371,0.7694937,0.098683916,0.061748896
ef7o9vp,surprise,joy,0.15667422,0.009847687,0.013632484,0.62937564,0.042805772,0.14766423
ef7p9rk,joy,joy,0.0012131996,0.00038757254,0.00035065343,0.9968213,0.0005822377,0.0006450663
ef7pef7,anger,surprise,0.06515642,0.0018704749,0.0015962541,0.049927942,0.006427152,0.87502176
ef7rbgq,anger,anger,0.39984095,0.006641211,0.0040251045,0.27333358,0.074378796,0.24178039
ef7tbrn,anger,anger,0.7423822,0.010410395,0.0024468328,0.18538816,0.04040852,0.018963937
ef7th36,joy,joy,0.02071273,0.0010482782,0.001147704,0.9504204,0.004883968,0.021786919
ef7twad,joy,joy,0.0012288775,0.0002751918,0.00030019582,0.99684525,0.00048217524,0.0008682909
ef7udh4,joy,joy,0.007174125,0.000569623,0.0006912517,0.9815719,0.0019106468,0.008082349
ef7uvi2,surprise,surprise,0.01519606,0.0009881755,0.0012871054,0.0061780815,0.0103631085,0.96598756
ef7v3zm,surprise,surprise,0.013236046,0.0020418866,0.0027255656,0.00966044,0.012554035,0.9597821
ef7vgkm,joy,anger,0.37787747,0.20353703,0.046590727,0.30426195,0.046751425,0.020981304
ef7vn5e,sadness,joy,0.046063032,0.0076815495,0.010046974,0.69772923,0.12218055,0.11629865
ef7vwhw,sadness,sadness,0.029605633,0.011586287,0.010162267,0.019060202,0.9150346,0.014550958
ef7w8xr,joy,joy,0.0031649673,0.00042400073,0.00045251855,0.9904579,0.004505751,0.0009948813
ef7wpji,joy,joy,0.00733639,0.0009513716,0.00061521464,0.97617996,0.013161913,0.0017551174
ef7x9uj,sadness,sadness,0.07049371,0.023135845,0.0033339858,0.0129367495,0.8843308,0.0057688737
ef7xhbu,joy,joy,0.0011336871,0.0004033073,0.00035274256,0.99689376,0.00052118476,0.0006951918
ef7xz32,joy,joy,0.0010321059,0.00030630094,0.00035249302,0.9968881,0.00041754806,0.0010034231
ef7ym4f,joy,joy,0.011246954,0.0013157882,0.00061506976,0.9823329,0.0016961044,0.0027932357
ef7yvka,anger,disgust,0.38588417,0.50937706,0.012404179,0.024556855,0.05693655,0.010841205
ef7zjb6,joy,joy,0.0020214093,0.00044937368,0.0004958167,0.99271494,0.00136266,0.0029558153
ef801br,surprise,surprise,0.08294334,0.0032758957,0.0019387747,0.005139292,0.00812046,0.89858216
ef81g1e,disgust,anger,0.9032423,0.047696877,0.0025959325,0.024778666,0.015989423,0.005696791
ef83mgq,joy,joy,0.04677847,0.0039179567,0.0032255878,0.7175893,0.005911985,0.2225766
ef848ee,disgust,disgust,0.29210165,0.43756756,0.039489318,0.0432354,0.16124828,0.026357789
ef84uva,joy,joy,0.0022675816,0.00041040557,0.00045851973,0.9944307,0.000789334,0.0016434205
ef84vfu,anger,disgust,0.28575623,0.6401303,0.019749727,0.017508592,0.02686691,0.00998831
ef85rcf,joy,joy,0.003250475,0.00034589972,0.00029421912,0.9917361,0.00073384587,0.0036394899
ef85zca,joy,joy,0.0013493232,0.00035200085,0.00034974256,0.99664176,0.00041824306,0.00088891695
ef863km,anger,anger,0.84392613,0.006448272,0.0035451734,0.07014925,0.046214517,0.029716725
ef882m1,anger,anger,0.47578117,0.0063360697,0.006194447,0.43780482,0.019585751,0.054297686
ef89hr8,surprise,surprise,0.023831988,0.0019203816,0.0027628927,0.12992708,0.009283362,0.83227426
ef89o82,joy,joy,0.0017538078,0.00033320754,0.00031902434,0.9951787,0.00062445196,0.0017908073
ef8aasd,joy,joy,0.00087530003,0.0003229247,0.00040524363,0.99700445,0.0005200346,0.00087198487
ef8aotu,anger,sadness,0.34123564,0.2231755,0.026118891,0.020986037,0.37850216,0.009981733
ef8c80l,surprise,surprise,0.04422075,0.0037701628,0.002861162,0.038280264,0.035479046,0.8753887
ef8duv6,anger,anger,0.9422699,0.008667559,0.0035589358,0.020055084,0.01580606,0.009642412
ef8foaa,joy,surprise,0.015802927,0.001593884,0.004058689,0.103995666,0.023475187,0.8510737
ef8fyop,surprise,anger,0.79439193,0.0099983215,0.0024045438,0.10236834,0.03221644,0.05862047
ef8gkh9,joy,joy,0.0022413803,0.00038464656,0.00032023023,0.99494714,0.00050963927,0.0015970861
ef8hdk6,joy,joy,0.0025371816,0.0003356333,0.00038268615,0.9950355,0.00079803466,0.00091092224
ef8hpis,anger,joy,0.09121908,0.0054389406,0.004177849,0.6279865,0.019408545,0.25176913
ef8hsqa,joy,sadness,0.39384174,0.007731801,0.0032698973,0.06244587,0.4698519,0.062858716
ef8i6fy,surprise,surprise,0.013658687,0.0011790176,0.0010369888,0.028701516,0.004058249,0.9513655
ef8i7kf,joy,joy,0.0013286864,0.0003386549,0.00040168353,0.99647444,0.0003947066,0.0010617941
ef8iivp,joy,joy,0.0029109665,0.0004977282,0.00040669716,0.9948084,0.00033884562,0.0010373992
ef8jcw2,joy,joy,0.12992735,0.0027023493,0.023198,0.7853444,0.042486314,0.016341554
ef8jmmu,joy,joy,0.0019830135,0.00038264907,0.0003849888,0.99521613,0.0008676373,0.0011655866
ef8k6ie,joy,joy,0.004244483,0.0004371511,0.00040681512,0.98956877,0.0009466632,0.0043961895
ef8ka3k,joy,joy,0.2765442,0.0042731455,0.0066444264,0.52778286,0.09770166,0.08705371
ef8kjjd,surprise,surprise,0.0075682313,0.0007708994,0.0010432925,0.0050739716,0.0026464043,0.9828972
ef8kuwr,joy,joy,0.029601242,0.0010061275,0.0005152784,0.95920014,0.0026768968,0.007000322
ef8mikx,joy,joy,0.0022446294,0.00034945534,0.00032426682,0.9957683,0.00057404785,0.0007393399
ef8mv8u,joy,joy,0.005942854,0.00048536554,0.00057931367,0.98977274,0.0020832035,0.0011365286
ef8ofez,sadness,anger,0.6812111,0.033921205,0.015597852,0.032165162,0.2250769,0.012027857
ef8plhl,joy,joy,0.010496619,0.001521345,0.002635438,0.9629301,0.004917234,0.017499305
ef8pm2j,joy,joy,0.0013429592,0.00036783857,0.0004683253,0.9959722,0.000890715,0.0009578613
ef8qi2k,joy,joy,0.09259373,0.0067930366,0.0027355007,0.58522874,0.014234443,0.29841462
ef8qxyy,anger,anger,0.9029817,0.042764172,0.002278909,0.0132746985,0.028990295,0.009710129
ef8s0r6,joy,joy,0.024778234,0.0015345252,0.00097626523,0.9676288,0.0031606553,0.0019215747
ef8s664,joy,joy,0.009097785,0.002732195,0.01992916,0.9400641,0.005608517,0.02256829
ef8twe7,joy,joy,0.03255975,0.0013578694,0.0014957004,0.9255676,0.023819273,0.015199876
ef8v7pm,fear,fear,0.006426837,0.003980214,0.96325827,0.010084333,0.005845076,0.010405243
ef8w0sf,joy,joy,0.0047606584,0.00047852815,0.00046249139,0.98866165,0.0011264996,0.0045101605
ef8xde8,anger,anger,0.7508556,0.008785192,0.0049783937,0.05355855,0.09278558,0.08903658
ef8xs8r,fear,fear,0.006193582,0.0043804273,0.94194615,0.020420853,0.01686112,0.010197836
ef8xsy3,joy,joy,0.008420935,0.00084643083,0.00052591204,0.9871546,0.0019278249,0.0011243144
ef8ym2z,surprise,surprise,0.010109408,0.001746595,0.0027769632,0.0128375655,0.020871926,0.95165753
ef90wtx,surprise,surprise,0.010291664,0.0014491573,0.001140547,0.10559647,0.0017514165,0.87977064
ef91003,joy,joy,0.0018748483,0.000426908,0.00033416392,0.9941176,0.0005276512,0.002718794
ef912vw,anger,anger,0.50764143,0.010788907,0.017444817,0.059464887,0.059889764,0.34477016
ef91f8z,surprise,anger,0.530941,0.019439554,0.026387652,0.07917539,0.28440824,0.05964818
ef91jzy,surprise,surprise,0.0108033735,0.0007679905,0.0010185428,0.0055098836,0.0022603148,0.97963995
ef91kzz,joy,joy,0.0012416472,0.00037481607,0.00033721834,0.99691594,0.0004958744,0.0006345509
ef92ona,surprise,surprise,0.019265007,0.002891462,0.008295452,0.2318306,0.0466631,0.69105434
ef941y4,surprise,surprise,0.012107451,0.00081770436,0.0010208299,0.005767772,0.0021872013,0.97809905
ef95cgb,joy,joy,0.19838148,0.004433254,0.003027192,0.7518441,0.014355946,0.027958097
ef95v0b,joy,anger,0.76945955,0.033476256,0.004710273,0.09737855,0.08274456,0.012230843
ef96cer,sadness,sadness,0.008551947,0.0024288748,0.0012967867,0.0059956857,0.9782617,0.0034650036
ef97j55,joy,joy,0.0034494896,0.00041960206,0.0003611667,0.993923,0.000752464,0.0010942587
ef97miw,joy,joy,0.01084273,0.0008501317,0.0010565348,0.96431035,0.018426914,0.004513347
ef99nlz,surprise,surprise,0.011109902,0.0010226779,0.0009457593,0.009147807,0.0017118833,0.97606206
ef9a1z6,joy,fear,0.022086833,0.004929882,0.5128252,0.38753018,0.040929586,0.031698298
ef9aezy,joy,joy,0.0056681535,0.0005454213,0.0006601965,0.9613822,0.0023277702,0.029416189
ef9ehm9,anger,anger,0.92759264,0.02478551,0.0025032668,0.010984876,0.027174698,0.006959088
ef9ej9j,joy,joy,0.0029290968,0.0003310514,0.00028443206,0.9939995,0.000814346,0.0016416052
ef9euo9,joy,joy,0.17301089,0.0052190954,0.0019251278,0.8090851,0.006144148,0.004615632
ef9evqj,joy,joy,0.109578565,0.0050757243,0.0017021309,0.8698988,0.008420958,0.005323876
ef9fca7,anger,anger,0.6945299,0.11005267,0.004857771,0.04794282,0.12693714,0.015679685
ef9flyx,sadness,sadness,0.009852981,0.0023690695,0.0010962132,0.008158937,0.9754578,0.0030650788
ef9g5bv,anger,anger,0.94868815,0.008437066,0.0013140234,0.01321041,0.017814158,0.01053611
ef9gr4v,joy,joy,0.0019764034,0.00036628905,0.0003254074,0.99518895,0.00074558455,0.0013973201
ef9hvx4,surprise,surprise,0.036031697,0.002186302,0.0018543538,0.085178345,0.018775303,0.85597396
ef9j776,joy,joy,0.0017841449,0.00030749582,0.00031902958,0.99571335,0.00066202093,0.0012139765
ef9k0op,sadness,sadness,0.006407835,0.0022716427,0.0014103646,0.0076607866,0.9800679,0.0021813884
ef9m1lc,joy,joy,0.16683564,0.053200833,0.012269629,0.61233526,0.0529095,0.102449164
ef9my7t,disgust,anger,0.69774383,0.054329257,0.01289211,0.15679872,0.039476484,0.038759593
ef9nmw1,joy,joy,0.061945103,0.006704936,0.0031196566,0.7177671,0.2007911,0.009672069
ef9obtb,anger,anger,0.800968,0.06861775,0.004820004,0.042485643,0.072522946,0.010585702
ef9ohnm,surprise,anger,0.72455424,0.024460314,0.005469212,0.14923395,0.06498981,0.031292513
ef9ouxa,joy,joy,0.0017455436,0.00030909074,0.00037304286,0.996188,0.0006774742,0.00070680765
ef9qm7k,joy,joy,0.0016367538,0.0003788612,0.00040559852,0.9963408,0.0006390814,0.00059891946
ef9qzcn,sadness,sadness,0.009176529,0.002720141,0.0012428779,0.0064914958,0.9778846,0.0024843481
ef9r6un,anger,anger,0.9121816,0.009396696,0.0039513703,0.029220724,0.023954744,0.02129481
ef9s84u,joy,joy,0.11072927,0.0878335,0.048101313,0.70393836,0.014945705,0.034451894
ef9sdbp,joy,joy,0.0028164252,0.0004548337,0.0003622355,0.99477506,0.00042764077,0.0011637603
ef9txwa,disgust,surprise,0.26946944,0.08063405,0.022345003,0.14150319,0.17220019,0.31384814
ef9u2jy,sadness,sadness,0.0141316755,0.0029327695,0.0015853577,0.0041828486,0.9668601,0.010307269
ef9urao,joy,joy,0.029450664,0.0028987129,0.0017975917,0.85326225,0.016435942,0.09615484
ef9v6uv,sadness,sadness,0.06635495,0.0037800218,0.0022620626,0.0075401734,0.9098609,0.010201952
ef9vgw2,joy,joy,0.0016252154,0.00039286882,0.0004435808,0.99031305,0.0010547065,0.006170561
ef9vhwt,joy,joy,0.0011191833,0.00033989598,0.00035792557,0.99692094,0.00061567,0.0006464265
ef9vxli,joy,joy,0.011769884,0.0009665442,0.0007997241,0.9473747,0.0043563982,0.03473276
ef9wngm,surprise,surprise,0.037343673,0.0015469245,0.0015198932,0.0103438655,0.005240309,0.94400537
ef9wz7w,joy,joy,0.0034409214,0.00060105557,0.00045726402,0.99308336,0.0010083946,0.0014090538
ef9xt3b,joy,joy,0.0028777213,0.00040849426,0.00034114832,0.9933761,0.0011638607,0.0018326686
ef9z66d,joy,joy,0.0025450308,0.00051080174,0.00040191697,0.99430025,0.00056052656,0.0016815404
efa01d2,disgust,sadness,0.17679232,0.056900162,0.007638834,0.022537759,0.73039037,0.005740523
efa35gf,joy,joy,0.019633377,0.0021935785,0.0013169989,0.92410547,0.0027841807,0.049966436
efa4bup,joy,joy,0.0011865572,0.00029095696,0.00035196898,0.9957592,0.00045453012,0.0019568738
efa4szz,joy,joy,0.001497768,0.00033332955,0.00033091503,0.99613756,0.0007625889,0.00093791774
efa4vwq,joy,surprise,0.098627,0.004028846,0.0025488965,0.33032885,0.021060534,0.5434059
efa526u,joy,joy,0.00898309,0.0013312411,0.0007358251,0.98010236,0.0010610325,0.007786429
efa5ht4,anger,anger,0.9561816,0.010704218,0.0015877348,0.006385093,0.009567727,0.015573646
efa5sez,joy,joy,0.0015686637,0.00028402163,0.00031429066,0.9959853,0.00043156606,0.0014160592
efa78iz,joy,joy,0.0012664779,0.00038798133,0.0005123207,0.99486995,0.0004908374,0.0024724554
efa8nn8,joy,joy,0.023580888,0.0025253203,0.002342402,0.95509773,0.0039124396,0.012541221
efa9b9m,joy,joy,0.02042978,0.0007913825,0.0008880375,0.96775293,0.0054417546,0.004696175
efaa36u,joy,joy,0.0016075482,0.00030260163,0.00026385457,0.99597013,0.0006409065,0.0012149384
efaa6n8,joy,joy,0.01095718,0.0006389395,0.0006053796,0.97762877,0.0014242582,0.008745499
efaal9z,surprise,surprise,0.061764006,0.0054919673,0.035750046,0.015231921,0.023247175,0.85851496
efaawqx,joy,joy,0.0067782295,0.0004829849,0.00078082667,0.97710115,0.0018246585,0.013032103
efacted,surprise,surprise,0.082157135,0.002518552,0.0023727983,0.1496828,0.006606499,0.7566621
efacy5s,joy,joy,0.004094327,0.00091592007,0.00060744013,0.9914671,0.0013868278,0.0015284666
efadtgq,joy,joy,0.009599678,0.0010577192,0.00209375,0.89604545,0.007948453,0.08325496
efagwps,joy,joy,0.0007803513,0.00032748614,0.00044262814,0.996396,0.0009432576,0.0011103785
efahxb5,joy,joy,0.0014181291,0.00034256352,0.00034257316,0.9968136,0.0004419534,0.0006411909
efahy50,surprise,surprise,0.06526019,0.0038457455,0.0043700817,0.006757976,0.01612643,0.90363955
efai481,joy,joy,0.0018124036,0.00041905922,0.00043974404,0.99483585,0.00044339977,0.0020495618
efaiwkt,joy,joy,0.0016393093,0.00027351087,0.0003294819,0.99628097,0.0006039796,0.00087266974
efaj65w,joy,joy,0.0071036434,0.0007869022,0.0011841325,0.9804113,0.0013635224,0.009150406
efaj94g,joy,joy,0.008510546,0.0009303264,0.00305923,0.617242,0.007282181,0.3629757
efajev6,anger,anger,0.46873158,0.007727377,0.002805795,0.30209175,0.016118793,0.20252466
efajqyv,joy,joy,0.24729048,0.0057949065,0.006931575,0.6634871,0.021835573,0.054660365
efajwtk,joy,joy,0.005374123,0.0006559849,0.0005835761,0.99048656,0.0012315059,0.0016681736
efak617,surprise,surprise,0.008388522,0.0011166289,0.0012500893,0.0031052171,0.0019097184,0.98422974
efaknzb,joy,joy,0.16636021,0.015657695,0.0031126488,0.7681266,0.018280054,0.028462743
efaksed,joy,joy,0.0013893654,0.00031578922,0.00035557998,0.99415463,0.0004850774,0.0032995096
efal2f0,joy,joy,0.0014561479,0.00041626653,0.00055416365,0.99175316,0.003317078,0.00250327
efalb2c,joy,joy,0.0024516813,0.00039450024,0.00046406023,0.99460995,0.00048771343,0.0015920353
efalm4g,joy,joy,0.0026916985,0.00046141827,0.00041574283,0.9931525,0.00095232174,0.0023262408
efalo7t,sadness,sadness,0.00832615,0.0023056094,0.0038793804,0.010103334,0.9645161,0.010869392
efalwaw,joy,joy,0.006899361,0.00090396544,0.0005786678,0.98682666,0.0031577353,0.0016335966
efamnsp,sadness,sadness,0.006757164,0.0023717014,0.0031345326,0.011891048,0.973369,0.0024765318
efamvys,surprise,surprise,0.09665441,0.00847391,0.00447504,0.09249811,0.008261926,0.7896366
efankih,joy,joy,0.0023073484,0.00051256514,0.00057414756,0.9882752,0.0006303932,0.0077004163
efao2wu,joy,joy,0.0011828304,0.00030167683,0.00035362376,0.9967553,0.00047328896,0.0009332028
efaol2v,joy,anger,0.8707888,0.029203884,0.0060424455,0.016130108,0.07058121,0.007253591
efaotyv,joy,joy,0.0014509051,0.00036272054,0.0004013197,0.9966601,0.00037940752,0.0007455831
efap5x1,joy,joy,0.018036248,0.0011553004,0.00088566315,0.96974033,0.0059698373,0.0042125583
efapmhk,anger,anger,0.91131526,0.033768483,0.0057275556,0.013929433,0.0299734,0.0052857585
efapz67,joy,joy,0.0012182691,0.0003492732,0.0003651191,0.9968888,0.00039722188,0.00078130484
efaqorl,sadness,sadness,0.12699582,0.02434019,0.0052390997,0.018769516,0.80928993,0.015365419
efaqqbw,joy,joy,0.012902808,0.0021890206,0.002101713,0.62931615,0.34773466,0.0057556964
efar8th,surprise,joy,0.013938139,0.0015330403,0.0012588067,0.660405,0.0014699961,0.32139507
efasojw,joy,joy,0.008423544,0.0006295729,0.00044481186,0.98503,0.0022302987,0.0032417697
efatcsc,anger,joy,0.19951601,0.005703831,0.0019320522,0.75523823,0.012162818,0.025447048
efau5j8,anger,anger,0.71021307,0.012626238,0.0035673801,0.01596368,0.23849882,0.019130819
efaul5g,surprise,surprise,0.02782538,0.0020122002,0.0017154169,0.13499127,0.008490201,0.8249655
efaunrh,joy,joy,0.0012237217,0.00031213977,0.00032541022,0.99688846,0.00038512098,0.0008651421
efav27a,joy,joy,0.0068677417,0.0024585323,0.0012012146,0.9851542,0.0015585307,0.0027597756
efav43v,joy,joy,0.0019624417,0.00065127155,0.0006595785,0.98886544,0.0040754983,0.0037857587
efavxb2,sadness,sadness,0.02440842,0.00399433,0.00248386,0.02062375,0.93872666,0.009763074
efawlax,joy,joy,0.015375536,0.0008455546,0.0006232971,0.97288954,0.0018656476,0.0084003685
efawrcx,joy,joy,0.011166967,0.0016012373,0.0009403749,0.96650076,0.006373283,0.013417401
efawt35,joy,joy,0.0014250115,0.00036007637,0.00038548527,0.9950813,0.00039513654,0.0023529616
efaylcs,surprise,surprise,0.011711235,0.0009471469,0.0012586645,0.0058958647,0.0021749276,0.9780122
efaz22w,joy,joy,0.0033649418,0.0004510246,0.00032761082,0.99231005,0.0006339123,0.0029125486
efb3lzj,joy,joy,0.0024163045,0.00035305443,0.00037526916,0.9929014,0.000617695,0.0033363244
efb5f02,joy,joy,0.0011187185,0.00035793375,0.00039892714,0.9971097,0.00035050727,0.0006641435
efb5m4o,joy,joy,0.0021506124,0.00035114447,0.0003262972,0.9959403,0.00055720063,0.0006743876
efb9igj,joy,joy,0.0075865895,0.0007340734,0.0004646922,0.98925334,0.0009608369,0.0010005612
efb9iqh,joy,joy,0.0011454576,0.00036197389,0.00035540722,0.99697113,0.0005052165,0.0006608529
efb9l2y,joy,joy,0.0026809806,0.0004089834,0.00042138327,0.9947373,0.0008423788,0.00090889673
efb9tqs,anger,joy,0.008235983,0.0005414285,0.00033603093,0.98794335,0.00096836954,0.001974903
efbandy,anger,joy,0.37953869,0.005675671,0.00294114,0.5309145,0.022304684,0.058625333
efbb4vt,joy,joy,0.002466336,0.0005354724,0.00050995685,0.9942458,0.0011823806,0.0010600677
efbcxjd,joy,joy,0.001170819,0.00033161993,0.00040643557,0.99684,0.00062487705,0.00062632473
efbda2i,surprise,surprise,0.10751868,0.0036190294,0.0034642532,0.11179275,0.006638657,0.76696664
efbdwip,joy,joy,0.0009792229,0.00028730102,0.00036261982,0.9969945,0.00043442912,0.00094196596
efbe1tj,surprise,surprise,0.055908162,0.005830763,0.006380825,0.15282139,0.018790534,0.7602683
efberzy,anger,anger,0.48397696,0.30640602,0.026993036,0.033892598,0.1087795,0.03995182
efbft4o,joy,joy,0.0024326777,0.00045522445,0.00042376728,0.99465877,0.0008298294,0.001199685
efbfxwf,joy,joy,0.0010511843,0.00034533712,0.00037971814,0.99700683,0.0004612175,0.00075570185
efbg66b,anger,anger,0.9054808,0.007975241,0.0019474267,0.03293661,0.02732867,0.024331203
efbhg64,anger,anger,0.40036312,0.0048663146,0.0028857125,0.16416167,0.07321833,0.3545048
efbi85i,sadness,sadness,0.40359664,0.04996891,0.009085754,0.063091196,0.45918608,0.015071438
efbiccn,joy,joy,0.0061413455,0.0006128976,0.00038446637,0.9893455,0.00078524137,0.0027305738
efbjjxn,joy,joy,0.0024965429,0.00040502066,0.0005036201,0.991736,0.00085176004,0.0040069562
efbkceg,surprise,sadness,0.03663358,0.005391505,0.0016844647,0.058587436,0.8948868,0.0028161814
efblc1k,joy,joy,0.002079489,0.00036296615,0.0003800417,0.99580294,0.0006051706,0.00076945755
efbm598,joy,joy,0.08864428,0.01757929,0.0030494293,0.8721382,0.011447947,0.007140839
efbmfz1,joy,joy,0.0083989,0.0008273992,0.00067078316,0.98370713,0.0039162,0.0024794734
efbmmd3,joy,joy,0.06284237,0.0018803636,0.0011203007,0.92552185,0.004535133,0.0041000433
efbnehf,sadness,sadness,0.028576562,0.010815221,0.0020905095,0.008554883,0.94726664,0.002696127
efbnv71,joy,joy,0.0012195506,0.0003363867,0.0003667264,0.99690336,0.0005079213,0.00066598377
efbok2g,surprise,joy,0.12982464,0.0073883752,0.013572082,0.6172271,0.11455995,0.117427826
efbpqw4,anger,anger,0.46299213,0.059631124,0.0054512145,0.26224878,0.18817738,0.021499483
efbq1rf,joy,joy,0.0018456485,0.0003274352,0.0003196648,0.99513584,0.0007338171,0.0016375361
efbq35w,joy,joy,0.0027822722,0.0005834114,0.00041361823,0.9941049,0.0006658029,0.0014500913
efbqs2b,joy,joy,0.002208736,0.00042003003,0.00039331103,0.9958157,0.0004233324,0.0007389209
efbqts8,joy,joy,0.009779951,0.001150081,0.0007276209,0.9670262,0.0014296885,0.019886544
efbs7tt,anger,anger,0.8150722,0.077387534,0.0048933653,0.03851173,0.044973917,0.019161286
efbtpnr,sadness,anger,0.4209463,0.009534319,0.0062271124,0.22831556,0.22469877,0.11027792
efbtxiv,disgust,anger,0.6515563,0.13606507,0.017625695,0.040342513,0.036575478,0.117834926
efburaz,joy,joy,0.005152377,0.0007323817,0.0005983899,0.9805848,0.0015515209,0.011380461
efbx85x,joy,surprise,0.07154333,0.0038602334,0.0046280758,0.23349655,0.11626982,0.570202
efbxxie,anger,disgust,0.27069142,0.44454643,0.12589437,0.038112596,0.039248727,0.08150646
efby6lo,joy,joy,0.0022564647,0.00037439656,0.00034085818,0.9953863,0.0005713861,0.0010706065
efbz6o8,surprise,surprise,0.028786706,0.0015801464,0.0014270954,0.030030053,0.0038962227,0.93427974
efbzcor,joy,joy,0.0059505287,0.00057377265,0.0006194815,0.9855678,0.0037267546,0.0035617216
efc02cv,joy,joy,0.001462085,0.00032879037,0.0003070772,0.996145,0.0006057158,0.0011512962
efc0a9u,anger,anger,0.86365974,0.008063829,0.0019697824,0.009666435,0.015423659,0.1012166
efc2ddy,joy,joy,0.009514821,0.0009464507,0.0010154175,0.9623931,0.02068979,0.005440462
efc2esx,anger,anger,0.5448787,0.007249511,0.0023240042,0.33180362,0.04988282,0.06386132
efc2q9a,sadness,anger,0.4876139,0.034826614,0.0057915547,0.008773334,0.43002787,0.0329667
efc39ec,joy,joy,0.0040751477,0.0007139812,0.00075019477,0.97970414,0.00081205997,0.013944482
efc3v5q,joy,surprise,0.3042971,0.00634842,0.008858732,0.32091394,0.033464883,0.326117
efc4l4m,anger,anger,0.9279864,0.024652382,0.003163137,0.008377903,0.027663385,0.008156897
efc57ta,joy,sadness,0.039903503,0.0035575249,0.0053180233,0.44316083,0.48426327,0.02379678
efc6sl8,disgust,joy,0.019560818,0.0038357005,0.0016868273,0.9145264,0.0038519653,0.056538343
efc6xqw,joy,joy,0.00135135,0.0004113227,0.00037070888,0.99662364,0.00033125308,0.00091174385
efc97wo,joy,joy,0.0014004768,0.00035456163,0.0003746939,0.9968225,0.00036207802,0.00068572833
efcanzp,anger,sadness,0.44853055,0.025808891,0.006639498,0.03916442,0.4679432,0.011913459
efcb79o,surprise,surprise,0.010840237,0.00088898966,0.0011395547,0.0040491926,0.00219793,0.9808841
efcdne0,joy,joy,0.01437991,0.000980951,0.0007444531,0.9666353,0.0075907246,0.009668681
efcdojh,surprise,surprise,0.033620793,0.0022297741,0.0019025581,0.14128663,0.014044214,0.80691606
efcg44t,surprise,anger,0.53885406,0.00939442,0.0040585385,0.090750664,0.20473541,0.1522069
efch84n,anger,anger,0.7930164,0.008396996,0.0021278341,0.109339215,0.052195724,0.034923904
efcj6pq,joy,joy,0.0020677333,0.00034267927,0.00043982494,0.9898247,0.00058777834,0.0067373095
efck3n8,anger,surprise,0.01161078,0.0009215297,0.0011121443,0.0365425,0.0020819432,0.947731
efckux0,anger,joy,0.401348,0.006507143,0.0027629863,0.47692934,0.020874048,0.091578566
efckwv5,joy,joy,0.003011924,0.0006655022,0.00070208876,0.9868461,0.007787254,0.0009871129
efcl4d5,joy,joy,0.0029290332,0.00033201373,0.0004094514,0.9937546,0.00093849853,0.0016363513
efcm31a,joy,joy,0.001142938,0.00036005458,0.0003735042,0.99702865,0.00031656987,0.00077833753
efcmdx9,sadness,joy,0.0032393162,0.0008212714,0.0007724153,0.97817254,0.015542506,0.001451963
efcpgm1,anger,anger,0.84444714,0.006251618,0.0019212754,0.015107414,0.012805675,0.11946678
efcpq9n,surprise,surprise,0.05760529,0.0032177966,0.002224858,0.0073337597,0.007487712,0.9221306
efcqelt,anger,anger,0.7232982,0.0807001,0.0072993496,0.023500886,0.14810826,0.017093172
efcqrwl,anger,anger,0.78140676,0.063109495,0.005204879,0.118870586,0.017796747,0.013611459
efcr9ij,joy,joy,0.005919264,0.00056452205,0.00033173565,0.9906504,0.001520434,0.0010135265
efcrl14,joy,joy,0.0014679622,0.0002962664,0.00032603482,0.996429,0.0005170443,0.00096367573
efcsu2b,anger,anger,0.9149088,0.009769964,0.0017129732,0.022770192,0.012686531,0.038151484
efctedc,sadness,sadness,0.011814246,0.0031167946,0.0012494005,0.0075042075,0.97381175,0.0025035695
efcz05s,joy,joy,0.16626886,0.0054636477,0.0029369087,0.7608273,0.026372876,0.038130336
efcz6t9,anger,surprise,0.07634489,0.0021425313,0.0035207728,0.022344662,0.0075731627,0.88807404
efczup8,joy,joy,0.0013155271,0.00033525183,0.00031947118,0.99694425,0.00045503982,0.0006304538
efd1rgw,joy,joy,0.0041462975,0.00045138912,0.0005189779,0.9856204,0.0018054367,0.0074576116
efd1v1u,joy,joy,0.004515514,0.001174304,0.0015235449,0.9523732,0.0024334106,0.037980057
efd2tcf,joy,joy,0.006801517,0.0013496982,0.0014694731,0.93991363,0.003311812,0.047153857
efd427s,joy,joy,0.14890657,0.007631306,0.0027659803,0.57908666,0.015608008,0.24600153
efd4m4w,anger,anger,0.68396914,0.052595854,0.0042892,0.11774875,0.12905803,0.01233908
efd4omm,joy,joy,0.18414362,0.003314608,0.0014171144,0.77588844,0.015131289,0.02010489
efd68es,sadness,sadness,0.095622234,0.006301257,0.0064209774,0.023320146,0.80996716,0.058368254
efd6fvz,anger,anger,0.93811876,0.007279313,0.0022902165,0.015163927,0.016633308,0.020514494
efd6je1,joy,joy,0.001652039,0.0003455008,0.00032046068,0.995854,0.00063884683,0.0011891839
efd6khq,sadness,sadness,0.085207984,0.004604941,0.0034403768,0.23534395,0.65042096,0.02098178
efd7z11,surprise,joy,0.011275185,0.0020978162,0.0028359208,0.82943106,0.021792477,0.1325675
efd8hvi,joy,joy,0.0013087096,0.00033138326,0.00042968715,0.9958835,0.0007730052,0.0012736681
efd9809,joy,joy,0.0036025788,0.0006954743,0.00043799434,0.99322563,0.00058017595,0.001458086
efd9q5o,joy,joy,0.044379957,0.0010720034,0.001443114,0.9047394,0.013553306,0.034812186
efda7ub,sadness,sadness,0.011888758,0.005562507,0.0026945255,0.0035253474,0.97030723,0.0060216435
efdbsu3,surprise,surprise,0.053238865,0.0051320367,0.002845316,0.015012198,0.013181085,0.9105906
efdbvut,joy,joy,0.33573106,0.013941375,0.011659414,0.35604256,0.20536849,0.07725703
efdc051,joy,joy,0.00518885,0.0005266834,0.0006358879,0.9886326,0.0013948962,0.003621092
efdc4b9,surprise,surprise,0.0936441,0.013630434,0.009100361,0.13313018,0.011073912,0.73942095
efddqs3,joy,joy,0.008515531,0.00092628394,0.0017010246,0.9445186,0.0013914786,0.042947058
efdeavl,joy,joy,0.001851339,0.00036501244,0.0003323817,0.99542254,0.0003411158,0.0016876886
efdect8,surprise,surprise,0.10177408,0.0036604998,0.0024316448,0.00930109,0.022637209,0.86019546
efdevyt,joy,joy,0.002806902,0.0004549964,0.00028419044,0.9933682,0.0011310456,0.0019546621
efdf4r6,joy,joy,0.105370924,0.0062050833,0.05193279,0.65215653,0.10371684,0.080617815
efdg10x,joy,joy,0.0039485507,0.00047372308,0.00036003825,0.9934223,0.00084867555,0.00094671355
efdgnq1,joy,joy,0.0028990633,0.00039778405,0.00041264182,0.9940147,0.00081498927,0.0014608058
efdgv2p,joy,anger,0.81391424,0.006417944,0.002287206,0.10427808,0.009481665,0.06362085
efdhkjj,anger,surprise,0.23899482,0.10926993,0.03125356,0.12672569,0.059785135,0.43397087
efdhnub,joy,joy,0.0011235011,0.00036618946,0.00030673257,0.9964914,0.0005488763,0.0011634231
efdi4pz,joy,joy,0.008519932,0.0013406298,0.0007050535,0.975521,0.0022912878,0.011622001
efdimd9,anger,anger,0.9175275,0.038271844,0.0025164192,0.007812117,0.022703696,0.011168465
efdj26n,surprise,surprise,0.027462149,0.0017074072,0.0015911993,0.004837575,0.0044194986,0.95998216
efdjtqm,surprise,surprise,0.008437616,0.0008941268,0.0009570873,0.006488579,0.0014222828,0.9818002
efdks3p,anger,anger,0.93378043,0.01962786,0.0015591796,0.015066867,0.020644639,0.009320993
efdlz9i,joy,joy,0.0019295831,0.0005418161,0.0005701044,0.9903869,0.0012796219,0.005291903
efdnn9c,joy,joy,0.0031462465,0.00038656095,0.0005551641,0.99042785,0.0010447976,0.0044393926
efdobeg,joy,joy,0.0018158648,0.00045128973,0.0003748634,0.9948184,0.00036733865,0.0021723183
efdoxw5,surprise,surprise,0.011912231,0.0009641052,0.0009676469,0.005396944,0.0016445785,0.9791144
efdppl0,anger,anger,0.6318821,0.017510723,0.0038996546,0.22421321,0.11048934,0.012005034
efdpw7t,joy,joy,0.0017362062,0.00041040912,0.0004948694,0.98909646,0.0007710102,0.0074911145
efdpyyt,surprise,surprise,0.22944869,0.00904484,0.0041749547,0.2912506,0.058337808,0.4077432
efdqjsb,fear,sadness,0.012068043,0.006817749,0.0067902165,0.013771036,0.9577061,0.0028468648
efdqynt,joy,joy,0.001497776,0.00035193926,0.00039204548,0.99633104,0.0004921039,0.0009350398
efdsuzr,surprise,surprise,0.021996222,0.0017699194,0.0014600034,0.1738709,0.003614901,0.79728806
efdswgl,joy,joy,0.004436199,0.00041118084,0.00036150852,0.9925533,0.0012379792,0.000999849
efdt2uc,anger,anger,0.7992463,0.006899935,0.002414806,0.13284232,0.023934921,0.03466168
efdtbww,joy,anger,0.6100968,0.0053774426,0.0036302845,0.2293986,0.12766713,0.023829749
efdtnoi,joy,joy,0.0032490934,0.0006049708,0.00047488007,0.989881,0.0004490692,0.0053409673
efdtsj9,joy,joy,0.008209827,0.001357132,0.0011046461,0.9831244,0.0036329096,0.0025710664
efdu834,anger,anger,0.7965249,0.02126572,0.0029029618,0.10972834,0.039331026,0.030247018
efdup11,anger,anger,0.5826832,0.07624232,0.010456343,0.036278266,0.26787335,0.026466528
efdv7m4,fear,fear,0.009029524,0.006281085,0.9545114,0.01062209,0.009895915,0.00965995
efdw6m8,joy,surprise,0.03330132,0.002925791,0.0024630092,0.3460933,0.008752969,0.60646355
efdw6wt,surprise,surprise,0.006755764,0.00081522216,0.0009910227,0.005786574,0.0015518562,0.9840995
efdxbeo,joy,joy,0.0026853315,0.0004509087,0.00039136267,0.9930589,0.0005290193,0.0028845181
efdxsbk,joy,surprise,0.014120117,0.0014965566,0.0019069171,0.2529062,0.005805066,0.7237652
efdy42z,surprise,sadness,0.050352324,0.009617344,0.017042866,0.032076456,0.88186747,0.009043542
efdz522,anger,anger,0.82380354,0.062143136,0.003266828,0.0129221,0.08308118,0.014783239
efdzfpo,joy,joy,0.0045020096,0.0006305337,0.0004367442,0.9922305,0.0006210421,0.0015792466
efdzova,joy,joy,0.0011847746,0.00026333513,0.0002846932,0.9967906,0.0004969368,0.0009796126
efdzr2t,joy,joy,0.0022044927,0.0003173775,0.0004546654,0.99508095,0.00094866153,0.0009939262
efe06eo,joy,sadness,0.24544935,0.014365252,0.004853729,0.3575878,0.359784,0.017959855
efe1sro,surprise,surprise,0.029374208,0.0012584155,0.0012975988,0.01396398,0.0023566496,0.9517491
efe3rqr,surprise,surprise,0.053371124,0.0025433337,0.0016319435,0.0085424995,0.01066587,0.92324525
efe3uf0,joy,fear,0.02502608,0.022090979,0.7738825,0.11790726,0.03868197,0.02241118
efe4017,joy,joy,0.004185263,0.0005594348,0.00082936714,0.9875451,0.0051989798,0.0016818191
efe41w0,joy,joy,0.00475387,0.00063914334,0.00044389634,0.9907175,0.0024985247,0.00094705774
efe4ldm,joy,joy,0.0031085003,0.00046244374,0.00047519174,0.99430037,0.0006559144,0.0009975771
efe4nw7,joy,joy,0.0012193572,0.0003231995,0.00035552913,0.9969151,0.00042687653,0.0007599653
efe52gf,joy,joy,0.0019521785,0.0003435667,0.00061043695,0.99151057,0.004494078,0.0010891362
efe7c6t,joy,joy,0.0018912207,0.0004769131,0.00045423376,0.9946536,0.0006738443,0.0018501938
efe7o98,joy,joy,0.0077322014,0.00059180934,0.00046534024,0.9858768,0.0012329156,0.004100913
efe7pz5,fear,sadness,0.035973918,0.005014771,0.0022821915,0.044631783,0.89454925,0.017548125
efe7q93,sadness,sadness,0.05548122,0.06302416,0.21845439,0.035427313,0.5974813,0.030131502
efe8arw,anger,anger,0.40364623,0.008072778,0.011586913,0.16193585,0.30766556,0.10709265
efe8bhu,joy,joy,0.0016840664,0.0002821538,0.00032636095,0.9959772,0.00059441576,0.001135814
efe8j5d,anger,joy,0.28126976,0.0759653,0.02125737,0.44348708,0.06334449,0.114676006
efe93hg,joy,joy,0.0032148575,0.0006445838,0.00054229697,0.98337644,0.0046059736,0.007615804
efeb0zd,anger,anger,0.7566245,0.010715065,0.0030901823,0.14295356,0.075837635,0.010779075
efeb3dc,joy,anger,0.6588872,0.007913707,0.0037063712,0.08257017,0.012900483,0.23402204
efebcgj,joy,joy,0.0010084336,0.00032978994,0.0003539515,0.9971591,0.00050074526,0.000647872
efebvyu,disgust,anger,0.95017225,0.011621304,0.0019908422,0.009245262,0.013004009,0.013966387
efecqbd,joy,joy,0.0013889079,0.0003606382,0.0003809689,0.9963421,0.0006112212,0.00091613695
efed5qa,surprise,surprise,0.006024774,0.0011249626,0.0012256507,0.01280985,0.0013407961,0.97747403
efed730,joy,joy,0.036401454,0.0024431203,0.0012213476,0.95408106,0.0029586495,0.0028943534
efeddvb,joy,joy,0.02790494,0.0018211053,0.0016355371,0.89442575,0.010983666,0.06322904
efedoga,joy,joy,0.0039566285,0.0008037167,0.0007796099,0.94081074,0.00079730054,0.05285201
efedrew,joy,joy,0.011835929,0.0010766356,0.00084883376,0.9274742,0.0014202605,0.05734414
efedt9g,joy,joy,0.31210804,0.014993488,0.008454282,0.5197378,0.010268558,0.1344379
efeeotp,surprise,surprise,0.010774447,0.0009410781,0.0011430687,0.026038023,0.0014818833,0.9596215
efef39y,joy,joy,0.0013511757,0.00039371848,0.0003964388,0.9967693,0.0003973298,0.0006920685
efefai0,joy,joy,0.002392713,0.00045101112,0.00035864825,0.9933531,0.0008920436,0.0025523826
efeghis,joy,joy,0.006048322,0.0007569255,0.00042508394,0.9899172,0.00063621736,0.0022163186
efegj6v,anger,anger,0.8388676,0.064528376,0.0040254793,0.017052166,0.06869385,0.006832571
efegrrd,anger,anger,0.95190096,0.010627509,0.002321778,0.0059539923,0.006040817,0.023154853
efei9hk,joy,joy,0.0011903062,0.0003041996,0.0003700291,0.99641633,0.0002975195,0.0014215801
efeiux1,sadness,sadness,0.009452091,0.0027396255,0.0014110684,0.016434336,0.9679873,0.0019756234
efekai7,joy,joy,0.0025235666,0.0003770655,0.00033410772,0.9940111,0.00063754263,0.0021166059
efekalm,sadness,joy,0.10987021,0.002647785,0.0026988906,0.5687913,0.2931255,0.02286635
efekh06,joy,joy,0.07243227,0.0041516977,0.0014498394,0.89195067,0.02374575,0.006269752
efekkpa,surprise,surprise,0.008975969,0.0011653925,0.0014806275,0.0072132326,0.002295421,0.9788694
efekm4x,joy,joy,0.031317297,0.0011695125,0.0008002134,0.9573321,0.006241618,0.0031393284
efel74t,joy,joy,0.04415482,0.0018371554,0.0008758483,0.9406572,0.005552903,0.0069220443
efell3t,joy,joy,0.006244321,0.0008450463,0.00092762616,0.8800859,0.0022388326,0.109658286
efemepb,surprise,surprise,0.1076628,0.0027699051,0.00173954,0.0049925335,0.0068175443,0.8760177
efemh76,anger,anger,0.7945371,0.010392715,0.0023812414,0.01208686,0.13060713,0.049994946
efenfxm,joy,joy,0.05204907,0.0039783795,0.0031181485,0.8612654,0.0525946,0.026994374
efengfx,surprise,surprise,0.04052279,0.0041940426,0.004409802,0.046494614,0.010172051,0.89420664
efeo8a0,joy,joy,0.012732958,0.00089062797,0.0005842516,0.9716664,0.005020807,0.0091049345
efeodq1,joy,joy,0.0016838781,0.0003648297,0.00048044883,0.9955122,0.00065174553,0.0013069398
efeoind,joy,joy,0.004056617,0.00048651092,0.00041355693,0.99324554,0.0005746329,0.0012231192
efeos2g,surprise,surprise,0.006617793,0.001011542,0.0011983349,0.010447887,0.0019712173,0.9787532
efep2sw,surprise,surprise,0.01279767,0.0013467841,0.0013053927,0.060433574,0.004416447,0.91970015
efeplj2,surprise,surprise,0.006039796,0.0009460254,0.0011127632,0.0058139237,0.0012962379,0.98479134
efepvmm,surprise,surprise,0.031089222,0.0015096787,0.0012042201,0.0053203925,0.0032039501,0.95767254
efeq3nv,anger,anger,0.6172975,0.012969517,0.0050517954,0.025813013,0.2421474,0.096720785
efeq9oz,joy,joy,0.01011266,0.00094628555,0.00060995814,0.98049724,0.0016148108,0.0062190695
efesaq8,joy,joy,0.0035492622,0.0004707482,0.0005775469,0.99228936,0.0013288825,0.0017842267
efesqfz,fear,disgust,0.15148479,0.25620317,0.16174673,0.19162071,0.045127936,0.19381674
efet0j4,anger,anger,0.4165531,0.0041518,0.003551223,0.36188337,0.07173206,0.14212838
efetssk,sadness,sadness,0.054217745,0.009066779,0.0043204036,0.3287265,0.5775487,0.026119836
efeu6yu,joy,joy,0.0065411236,0.0011919483,0.0012157855,0.9446301,0.0018706857,0.044550348
efeuatj,joy,joy,0.0014044003,0.0003875627,0.00034043402,0.9967332,0.0003919123,0.00074247475
efeuisv,surprise,surprise,0.0063163075,0.0012594189,0.0012284629,0.030026833,0.0024576862,0.9587113
efevjuc,anger,joy,0.07447511,0.0028756245,0.0024209768,0.79095024,0.008046849,0.1212312
efevz3u,joy,joy,0.007951847,0.00079596514,0.00067914097,0.91884226,0.0020685971,0.06966225
efew5jw,anger,disgust,0.23992565,0.32762495,0.12082525,0.03229405,0.1083353,0.17099477
efew73j,anger,anger,0.7147566,0.16877417,0.010933841,0.022022406,0.06740595,0.016107067
efewbxf,anger,anger,0.90457696,0.045503337,0.007344024,0.012800603,0.021728916,0.008046207
efews8c,anger,joy,0.17498656,0.004506782,0.0041067805,0.78764015,0.01175706,0.017002696
efex0ed,joy,joy,0.016071772,0.0021782143,0.0015112531,0.93900526,0.0039936993,0.03723975
efex0nn,joy,joy,0.0014406517,0.0003048211,0.00033013188,0.99599457,0.0009459876,0.0009837657
efexu3f,joy,joy,0.009237811,0.00057946215,0.00041899265,0.9843672,0.0014379376,0.0039586024
efey6hf,joy,joy,0.0043458086,0.00078905205,0.0005718221,0.9908476,0.00077964517,0.0026660468
efeykw0,surprise,surprise,0.009333299,0.0007993253,0.0011093671,0.0060294564,0.0017103374,0.9810183
efeyyqo,anger,anger,0.70365995,0.15348528,0.00570937,0.028706513,0.09577535,0.012663516
efez7vn,surprise,sadness,0.10126972,0.008089213,0.0066979146,0.007548572,0.59108615,0.28530845
efezekn,joy,joy,0.015489924,0.0007443024,0.00079938845,0.97855043,0.001313019,0.0031028336
eff0efd,joy,joy,0.002745376,0.00050320185,0.00072355446,0.9894544,0.0054485807,0.001124841
eff188e,surprise,surprise,0.0062274844,0.00092629174,0.0011325555,0.0074709677,0.0011590623,0.9830837
eff23u8,joy,joy,0.1660386,0.008483033,0.0019346818,0.8030184,0.013150304,0.0073749037
eff25k0,joy,joy,0.0033931134,0.00030507892,0.0004132627,0.98936826,0.0010236152,0.0054966733
eff2mqp,joy,joy,0.012076977,0.0011235818,0.0006513729,0.98218703,0.00102026,0.0029408734
eff2v7d,anger,anger,0.9009779,0.025310485,0.0022817163,0.014387038,0.049246058,0.00779686
eff34c5,sadness,joy,0.34743196,0.006959729,0.013351822,0.4418655,0.11162078,0.078770265
eff3m94,anger,joy,0.30298707,0.0052868063,0.0019798507,0.65967965,0.008904236,0.021162316
eff3qik,joy,joy,0.015107266,0.001022527,0.00060141104,0.98023075,0.0014495183,0.0015885372
eff3scl,joy,joy,0.065856665,0.0049545183,0.0014671278,0.9121571,0.008499251,0.007065384
eff52fk,joy,joy,0.0015200637,0.00035661817,0.00038130104,0.99656147,0.00066437136,0.00051615154
eff5ks8,anger,anger,0.8174138,0.12255969,0.008316952,0.015513733,0.020133283,0.016062524
eff6wrw,joy,joy,0.0038888117,0.0005620289,0.0006458289,0.9824139,0.001124773,0.011364741
eff78x6,joy,anger,0.7599799,0.011594858,0.0015487369,0.20640269,0.012215509,0.00825824
eff8r1y,joy,joy,0.0048530996,0.00044756453,0.00043491428,0.99070704,0.0008650141,0.0026923658
eff99hh,joy,joy,0.00794268,0.00079129153,0.0007994246,0.9798151,0.0013355961,0.009315915
eff9cc8,sadness,joy,0.08748549,0.0057414174,0.01389738,0.58001065,0.2072949,0.10557017
eff9qjb,sadness,joy,0.020816198,0.001394996,0.0012881858,0.93103164,0.006262005,0.039206903
effb669,joy,joy,0.0142188165,0.00078031066,0.0019243753,0.95865095,0.00544031,0.01898519
effbjca,surprise,surprise,0.010896416,0.0015377296,0.001477862,0.1483504,0.0017845274,0.835953
effcbih,joy,joy,0.06393051,0.0012872537,0.00095959,0.9220735,0.005507832,0.0062413076
effex3r,joy,joy,0.00384618,0.0005499901,0.00040285752,0.99221826,0.0013005269,0.0016822389
efff9qz,joy,joy,0.00222455,0.0004287155,0.00040112605,0.995576,0.00031765594,0.0010520183
effff2z,joy,joy,0.001440576,0.00033906623,0.00031389258,0.9965327,0.00048646738,0.0008872995
effg2u8,joy,joy,0.006967321,0.00045544197,0.00047744563,0.9900328,0.00094209483,0.0011249904
effgrgh,anger,anger,0.95314294,0.014644427,0.0028981178,0.008049276,0.01142873,0.0098365955
effh8rd,anger,joy,0.020540953,0.0029544656,0.0012223821,0.96223664,0.007858787,0.00518678
effhe15,joy,joy,0.0025836187,0.00045827412,0.0003645019,0.99475384,0.00092447485,0.0009153139
effht3y,joy,anger,0.55952126,0.0073946663,0.0021674063,0.4150421,0.010289841,0.005584753
effi5o6,joy,joy,0.11633389,0.0023264245,0.0013548094,0.8571442,0.0066135046,0.016227154
effidao,anger,sadness,0.3015784,0.08002851,0.030228956,0.0846861,0.43034962,0.07312839
effj051,joy,joy,0.014114356,0.00095437496,0.0017520685,0.9773722,0.0022189817,0.003587899
effkutp,fear,fear,0.03039179,0.044507172,0.71384144,0.018241713,0.012260735,0.18075716
effl8p9,anger,anger,0.8687624,0.00587179,0.0016079287,0.020145517,0.0078007923,0.095811576
efflymc,anger,anger,0.8480392,0.020460024,0.002890676,0.013070966,0.013272752,0.10226633
effm50e,anger,anger,0.49214238,0.14255163,0.022080295,0.0981145,0.106959045,0.13815215
effmie2,joy,anger,0.92678696,0.034080412,0.0023506796,0.01694566,0.011250414,0.00858583
effobkg,joy,joy,0.0008865579,0.00049570255,0.0005042338,0.99649113,0.00036934874,0.001252978
effoog7,joy,joy,0.0070379255,0.00046695233,0.0006385033,0.983506,0.0026186036,0.005732039
effp6o1,joy,joy,0.0014862375,0.00036313574,0.0003549147,0.9949811,0.00034288483,0.0024717909
effq5ll,anger,anger,0.47574577,0.031479355,0.007518082,0.028574392,0.2435224,0.21315992
effs7vv,joy,joy,0.011193428,0.001324088,0.0013229834,0.97502,0.004613337,0.0065261987
effty2u,joy,joy,0.0015725774,0.000374559,0.0004520576,0.9945064,0.0008469451,0.0022473754
effva0p,anger,anger,0.94250274,0.024728797,0.0019276119,0.009277914,0.0144406585,0.0071223266
effw45h,joy,joy,0.0012696228,0.00034697857,0.00048772673,0.99515754,0.0008925304,0.0018455883
effw6qi,disgust,disgust,0.062944084,0.85633415,0.032043416,0.02069531,0.019041548,0.008941525
effx8qi,joy,joy,0.2638077,0.009954885,0.002526681,0.6599787,0.039898146,0.023833893
effxd2o,joy,joy,0.0020711184,0.00031837824,0.00038627218,0.995308,0.00084830937,0.0010679445
effxh3t,joy,joy,0.0041692103,0.0005012554,0.00036516678,0.99269545,0.0010115985,0.0012573804
effxhn1,joy,joy,0.0020778768,0.00046522418,0.00039785483,0.99424934,0.0005115922,0.002298109
effzdwk,anger,anger,0.932174,0.030311083,0.0024939284,0.014266098,0.014584387,0.0061705317
efg1yib,surprise,surprise,0.005720398,0.0009415075,0.0012507439,0.0034391996,0.0015798245,0.9870684
efg2kzt,joy,joy,0.005053763,0.0004915512,0.00042860754,0.9765321,0.00055034884,0.016943717
efg2ux0,joy,joy,0.06713506,0.0038513513,0.003963363,0.47693735,0.013547915,0.43456495
efg4e6i,anger,anger,0.93548226,0.021000989,0.0034200964,0.006613368,0.014150615,0.019332541
efg5j83,joy,joy,0.0029684126,0.0006201081,0.00042060428,0.9925922,0.00040222763,0.002996368
efg5wxo,joy,joy,0.002148373,0.0003541955,0.00034518872,0.9948454,0.0005230144,0.0017837972
efg629m,joy,joy,0.0016840724,0.00031723367,0.00039979993,0.9954234,0.0008914152,0.0012841251
efg6egr,joy,joy,0.0062863594,0.000737238,0.00049527077,0.9868088,0.0023181438,0.0033541196
efg7tqt,anger,anger,0.94468,0.010905829,0.001595298,0.012019253,0.020454422,0.010345233
efg8nxz,joy,joy,0.011164375,0.00088485755,0.0006590695,0.9789027,0.0021210834,0.006267863
efg9mwx,joy,joy,0.0011859238,0.0003002139,0.00032847543,0.99680364,0.00042849116,0.0009532656
efg9x6t,joy,surprise,0.06230086,0.0027718316,0.0018209409,0.12108669,0.00647336,0.8055463
efgacry,joy,joy,0.0036806313,0.00042497664,0.00041546536,0.99094415,0.00079688296,0.0037379547
efgafoy,joy,joy,0.004891818,0.00065284135,0.00055739045,0.9919205,0.00051532546,0.001462155
efgaz38,joy,joy,0.002103416,0.00037124063,0.00034073257,0.9957989,0.00057315006,0.00081254356
efgbys8,joy,joy,0.03362906,0.0015916884,0.0010471999,0.9346454,0.01576475,0.0133218905
efgcr7t,joy,fear,0.08578,0.02353525,0.7883004,0.06339443,0.011059483,0.027930468
efgdl5i,surprise,surprise,0.03716063,0.0022503766,0.0021850509,0.35629097,0.01264633,0.58946663
efge60x,joy,joy,0.004779047,0.00045296436,0.00047671527,0.99043334,0.0008384918,0.0030194311
efge8mn,anger,anger,0.9515921,0.011813927,0.0026244812,0.01335666,0.012553579,0.0080592
efgeiaz,surprise,surprise,0.017645769,0.0012016818,0.0012752846,0.016725445,0.0029905266,0.9601612
efgf9uu,surprise,surprise,0.013603611,0.0010467533,0.00093375985,0.007909639,0.0021847535,0.9743215
efgfbtt,joy,joy,0.04335802,0.0029257336,0.0027135091,0.60363406,0.025420317,0.3219483
efgh0ya,joy,sadness,0.32669616,0.03702044,0.06865422,0.11373869,0.3980399,0.055850558
efghgcv,joy,joy,0.00945598,0.00064819,0.00047433967,0.9866968,0.0011163552,0.0016083566
efghj3t,surprise,surprise,0.011014221,0.0008009406,0.0009571273,0.0060106623,0.0027561905,0.97846085
efghmo7,joy,joy,0.22279377,0.004126842,0.0021361734,0.57630557,0.0068563605,0.18778129
efgi95b,surprise,surprise,0.0065899147,0.00084008434,0.0010662862,0.005254861,0.0015298884,0.98471904
efgisnw,joy,joy,0.0014973647,0.00031334476,0.00043165064,0.9963163,0.00062370894,0.0008175611
efgjczx,joy,joy,0.001525432,0.00040819266,0.00037151022,0.996238,0.00061452197,0.00084237143
efgk0lc,sadness,sadness,0.0140801,0.008222403,0.0038181264,0.0071735648,0.9623889,0.0043169875
efgk9ny,joy,joy,0.0026761994,0.0003683206,0.00038370574,0.99198407,0.0028304104,0.001757244
efgkn21,anger,anger,0.90688705,0.0095241275,0.0031001132,0.034298617,0.03372673,0.01246336
efgkygv,joy,joy,0.0016931574,0.0004348923,0.00035839135,0.9961475,0.00061211723,0.0007538756
efgl49z,anger,joy,0.11723997,0.054679383,0.058005605,0.53724265,0.09179145,0.1410409
efgm4lz,anger,anger,0.9211669,0.0030400595,0.0017499313,0.042168874,0.011010114,0.02086411
efgmc02,surprise,surprise,0.0071853185,0.00093062205,0.0010659549,0.0035364595,0.0015801257,0.98570156
efgmon3,surprise,surprise,0.004382328,0.0007572518,0.0011388351,0.0061172806,0.0012973795,0.98630697
efgn8mw,sadness,sadness,0.0077139265,0.0021700694,0.001497166,0.0074426774,0.9769669,0.0042092116
efgnpta,anger,anger,0.8123725,0.0209165,0.0035930327,0.043180853,0.094571,0.025366096
efgnyav,anger,surprise,0.33300993,0.024521079,0.0866294,0.04625108,0.12072489,0.38886365
efgoqnm,anger,anger,0.74593633,0.006786832,0.0024089578,0.036936227,0.035894156,0.17203753
efgp8zn,sadness,anger,0.85148126,0.08498742,0.00349526,0.01388102,0.0361889,0.009966137
efgq9g7,joy,anger,0.92517906,0.0057655773,0.001000731,0.031116702,0.020289145,0.016648658
efgqp83,sadness,sadness,0.04151605,0.012480897,0.0043290826,0.008322534,0.91510785,0.018243538
efgrsxy,anger,joy,0.030711522,0.0013153101,0.0006602177,0.96272564,0.0017714396,0.0028157486
efgsq0t,joy,joy,0.036052074,0.0013706591,0.0013737318,0.7192241,0.0039464124,0.23803301
efgsrhq,joy,joy,0.0457401,0.0011444445,0.005391777,0.9317622,0.009791043,0.006170427
efgth8e,anger,joy,0.1314062,0.0038884077,0.0020439276,0.76208764,0.004611204,0.09596265
efgv1ji,joy,joy,0.004967837,0.00067835255,0.00059420406,0.9880365,0.0013969704,0.004326162
efgv6k9,surprise,surprise,0.0066166916,0.00080461375,0.0009593703,0.015884096,0.0014311421,0.97430396
efgvj7v,joy,joy,0.002011353,0.0003931641,0.00038527735,0.99595743,0.00056519714,0.0006876206
efgvkde,joy,joy,0.003439162,0.00044811924,0.0004101352,0.9937325,0.00075239944,0.0012176543
efgx7aj,joy,joy,0.002257697,0.00030775793,0.0004435452,0.9932081,0.0010412111,0.0027416097
efgxgvj,surprise,surprise,0.027037503,0.0027179962,0.0026940093,0.12900478,0.006211992,0.83233374
efgxuad,joy,joy,0.0060956287,0.0006018473,0.0010021514,0.9653437,0.0021377648,0.024818914
efgyfeh,surprise,anger,0.4191115,0.018721629,0.004970557,0.23385578,0.08839297,0.2349475
efgyv3h,joy,joy,0.0017266053,0.00030147602,0.00034419826,0.9941824,0.00086785475,0.0025774033
efgz2st,sadness,sadness,0.15153047,0.0076766885,0.0059194546,0.03928021,0.71458256,0.08101065
efgz3es,joy,joy,0.011239337,0.00049313303,0.0003170556,0.98369044,0.0020837479,0.0021762832
efgzahx,joy,joy,0.0012631993,0.00032239404,0.0003279927,0.9968444,0.0003635501,0.0008785542
efgzbih,anger,surprise,0.31770468,0.007593723,0.004836986,0.18805115,0.018472694,0.46334073
efh0qzg,anger,anger,0.9029569,0.005247073,0.001887581,0.060340617,0.011317249,0.018250521
efh3ymx,joy,joy,0.14015403,0.002599809,0.002800158,0.69341075,0.009363938,0.15167132
efh40zw,surprise,joy,0.16926439,0.0033555124,0.0012194006,0.8058559,0.00958522,0.010719668
efh45iw,joy,joy,0.004435423,0.00049789017,0.00046322352,0.9915057,0.0013807365,0.0017170026
efh46zt,joy,joy,0.01579297,0.00083874067,0.0006545544,0.97924155,0.0021794837,0.0012926826
efh5101,joy,surprise,0.011481663,0.0010760399,0.0016125699,0.009354724,0.0029110461,0.97356385
efh5cxc,joy,joy,0.25683436,0.010144986,0.0017679726,0.71544605,0.009938774,0.005867809
efh5hn5,joy,joy,0.0017588956,0.0004628276,0.00042061612,0.9960039,0.0004880352,0.00086564233
efh7c99,surprise,joy,0.07463538,0.009232166,0.013032956,0.6385416,0.012101879,0.25245607
efh7oz9,anger,anger,0.4019184,0.01213464,0.004441991,0.21119013,0.24821031,0.122104414
efh7y5p,joy,joy,0.0024239249,0.0005564269,0.00042533642,0.993804,0.0005429347,0.0022474248
efh8l8l,joy,joy,0.1680405,0.003910941,0.001688217,0.7769273,0.039459214,0.009973859
efh94cj,joy,joy,0.04905793,0.0019987451,0.00094413664,0.9371509,0.002217964,0.008630326
efha0zn,surprise,surprise,0.0068499637,0.00088629435,0.001240725,0.006281323,0.0012325544,0.98350924
efha7bd,joy,surprise,0.25755566,0.0037609383,0.0038394968,0.2588958,0.03155409,0.44439405
efhc7g7,surprise,anger,0.8263801,0.006715126,0.0022917967,0.1151878,0.010039838,0.03938538
