example_id,true_label,pred_label,p_anger,p_disgust,p_fear,p_joy,p_sadness,p_surprise
eczazk6,joy,joy,0.0075409645,0.00041315105,0.00044456107,0.9677861,0.0026037276,0.021211542
eczb527,surprise,anger,0.7566854,0.0014391368,0.001338048,0.09392085,0.035288665,0.111327834
eczb770,sadness,joy,0.06430299,0.0012878668,0.001246991,0.7509748,0.07258357,0.10960384
eczbvy8,joy,joy,0.0007090627,0.0001795076,0.000246666,0.99795425,0.00018575485,0.0007247408
eczcr4g,surprise,surprise,0.004729209,0.0008397218,0.0008901489,0.49220267,0.0013582596,0.49997997
eczcz6m,joy,joy,0.0007320022,0.00018802399,0.0002639637,0.99800926,0.0001740401,0.0006327539
eczdx1e,joy,joy,0.00063587434,0.00017308445,0.00026100077,0.99802387,0.00022499028,0.0006811275
ecze3hg,anger,anger,0.5219218,0.0037418245,0.007122595,0.4350292,0.020869216,0.011315366
ecze4ws,joy,joy,0.0011503554,0.0003554601,0.0004825933,0.99559104,0.0002537774,0.0021668302
ecze59x,joy,joy,0.0011191276,0.00019620686,0.00023683753,0.9962921,0.00023322442,0.0019225185
eczf1nt,sadness,anger,0.82121503,0.0056435033,0.0019161759,0.005902339,0.14087088,0.02445216
eczfe7d,surprise,joy,0.0009803321,0.0002528153,0.00037655042,0.9896445,0.00033876303,0.008407057
eczgkwj,anger,anger,0.4680784,0.027734406,0.0044347546,0.034703825,0.43101677,0.034031805
eczgpmf,anger,joy,0.0046315184,0.0008862295,0.000906595,0.7170547,0.0010395269,0.27548143
eczh1pf,joy,joy,0.0037369565,0.00033956376,0.00046996455,0.98001075,0.00057976367,0.014862984
eczhvrq,sadness,sadness,0.002527747,0.00139904,0.0021947338,0.005219959,0.9863572,0.002301277
eczhy8h,joy,joy,0.0005992618,0.00015995858,0.00028350402,0.99700445,0.00054004794,0.0014128424
ecziz4m,sadness,anger,0.8409643,0.028913956,0.019397423,0.010805087,0.091600195,0.008319034
eczj0wm,anger,anger,0.8831034,0.013294674,0.002766011,0.0741265,0.016270643,0.010438798
eczj0xr,joy,joy,0.00060716533,0.00023069639,0.0005753848,0.9830729,0.0009266204,0.014587171
eczj7hv,surprise,surprise,0.029133122,0.00061973697,0.00079730764,0.001959239,0.007429627,0.960061
eczjbdy,anger,anger,0.969327,0.01455536,0.0015063834,0.005404688,0.0067704134,0.0024361566
eczkjma,anger,anger,0.9775283,0.001473312,0.00052598456,0.005084136,0.0046745064,0.010713801
eczkrv6,joy,joy,0.0005019514,0.00017888269,0.00030251226,0.99326223,0.000351116,0.0054033455
eczl3ai,joy,joy,0.0005791459,0.00034364543,0.00069832156,0.99494827,0.00024150475,0.0031890548
eczlg58,joy,joy,0.001699758,0.00052628614,0.0009047989,0.95662016,0.00037831196,0.039870653
eczlhjo,joy,joy,0.0033250516,0.00016379204,0.0005835397,0.9914151,0.0013579071,0.0031546806
eczlj0o,joy,joy,0.000541145,0.00018846468,0.00027898705,0.9979499,0.00022635525,0.00081506785
eczll29,anger,anger,0.908209,0.011975452,0.001511571,0.006956417,0.066035785,0.005311706
eczm86v,joy,joy,0.0047787097,0.0009954962,0.0012923625,0.90141803,0.06504417,0.026471267
eczmsz3,disgust,anger,0.9358796,0.012247274,0.0012004749,0.026106102,0.019886263,0.004680371
eczmtlc,joy,joy,0.00064329704,0.00019989171,0.00028858782,0.99778205,0.0001727897,0.0009134119
eczni83,anger,sadness,0.0045019677,0.0010522737,0.0010851822,0.010359014,0.97860193,0.0043996954
ecznkkq,surprise,surprise,0.0056931973,0.00040705703,0.00074359763,0.0023146798,0.0012510959,0.98959035
eczoo37,surprise,surprise,0.0029537578,0.00079126185,0.001653402,0.12893467,0.0034556878,0.8622112
eczoy48,joy,joy,0.0034584254,0.00018966889,0.0007571252,0.9815403,0.0024018288,0.011652601
eczp2oc,anger,anger,0.8178118,0.03763834,0.0079908585,0.06951568,0.04827032,0.018773075
eczqgmp,joy,joy,0.0011004092,0.0001301881,0.00039562667,0.9964948,0.00044259097,0.0014363263
eczqke5,anger,joy,0.06450552,0.0018383026,0.0020628502,0.7873204,0.06488249,0.07939048
eczrple,joy,joy,0.0013430679,0.00017697175,0.00022827579,0.991783,0.00039762107,0.0060710027
eczrrn3,joy,joy,0.0006678462,0.00019163205,0.0002700219,0.99800426,0.00022486209,0.0006414087
eczsm77,joy,joy,0.0005753252,0.00018649115,0.00024916796,0.99794596,0.00016530868,0.00087778585
eczsn48,fear,joy,0.100494884,0.039364446,0.35262144,0.42897576,0.05752604,0.021017427
eczszn6,anger,joy,0.0069134254,0.00021863144,0.00048317274,0.98886,0.00093762943,0.0025871464
eczta2u,joy,joy,0.00095125654,0.00017420047,0.0006257037,0.99672866,0.00035393875,0.0011661554
ecztv54,joy,joy,0.0010228325,0.0001342493,0.0002342084,0.99705696,0.00037630182,0.0011754369
eczu1gw,joy,surprise,0.10475765,0.0021508401,0.0019291206,0.340443,0.020125141,0.5305942
eczuvim,sadness,sadness,0.009355106,0.0017111297,0.0051405956,0.033977278,0.9330186,0.016797297
eczwv6r,joy,joy,0.00121064,0.00019006329,0.0005563776,0.9927129,0.0014391534,0.0038907574
eczx20j,surprise,surprise,0.11777554,0.0023644704,0.0021807535,0.027190696,0.009861667,0.8406269
eczy616,surprise,surprise,0.04056614,0.0014957733,0.030670905,0.02584572,0.15160114,0.7498203
eczyqul,joy,joy,0.00064910436,0.00015495617,0.00026572077,0.9963827,0.00021562974,0.0023319381
eczyxxv,anger,sadness,0.0083950665,0.0020813162,0.0016275292,0.004071944,0.9808352,0.0029889357
eczzbru,joy,joy,0.00742091,0.00023983038,0.00024643526,0.98854977,0.00080812175,0.0027349007
eczzx4x,joy,joy,0.00444202,0.00019055378,0.00023915,0.9920556,0.0005591987,0.0025135053
ed011g9,surprise,surprise,0.0023834356,0.00042124258,0.0009081328,0.0044927653,0.0008427761,0.99095166
ed01rse,joy,joy,0.0006595481,0.00015593386,0.00023940673,0.9979207,0.00023903532,0.00078537123
ed01usz,joy,joy,0.0006544559,0.00024179796,0.0003987692,0.99733114,0.00022858326,0.0011453363
ed0286s,joy,joy,0.00072510215,0.00016299984,0.00026105074,0.99798644,0.00020920517,0.00065515743
ed02ib9,anger,sadness,0.43494695,0.0986194,0.008133434,0.0054436424,0.44260025,0.010256291
ed02jg5,joy,joy,0.0063917534,0.00036852027,0.0006507592,0.95397973,0.0044886037,0.034120686
ed02x3e,joy,joy,0.018158391,0.0010030819,0.013515473,0.70349604,0.028256215,0.23557074
ed03oz9,joy,joy,0.00062759424,0.00017844308,0.00039344074,0.9958477,0.00075193215,0.0022008622
ed03p8d,joy,joy,0.00056237215,0.00017899074,0.00029200566,0.99792814,0.00022835766,0.0008100786
ed05x1k,joy,joy,0.0004365976,0.00017943117,0.0003004531,0.9981622,0.00022719028,0.00069407834
ed0620k,anger,anger,0.931166,0.0013952338,0.001448299,0.021779131,0.009470179,0.034741223
ed06ebu,surprise,surprise,0.0022726234,0.0005660261,0.0009361287,0.020524384,0.0024873782,0.9732134
ed06qes,surprise,sadness,0.013879778,0.0068599,0.01357552,0.050537482,0.9051469,0.010000404
ed070rj,joy,joy,0.0025513158,0.00040524921,0.0011523977,0.95613104,0.0011404555,0.038619623
ed07eph,joy,joy,0.004373988,0.00046698228,0.0003107763,0.9931757,0.00052372424,0.0011488802
ed0b2b8,sadness,sadness,0.004458189,0.0018021897,0.0010060039,0.0035280837,0.98768103,0.0015245712
ed0ca9r,joy,joy,0.0006967989,0.0001880496,0.00027608513,0.9978957,0.00022407644,0.00071927917
ed0ckbc,joy,joy,0.00063041726,0.00013481543,0.00021594518,0.99744177,0.0002035072,0.001373542
ed0cpps,sadness,sadness,0.008718796,0.0012607855,0.0028142834,0.004033709,0.9766088,0.0065636137
ed0cv3s,joy,joy,0.0011453509,0.00016883796,0.00021905858,0.9975891,0.00024365283,0.00063399004
ed0e3a2,surprise,surprise,0.0033645637,0.00040028768,0.00069749425,0.004037973,0.00078665465,0.9907132
ed0ehag,joy,joy,0.0016333514,0.0002218011,0.00031846197,0.9831268,0.0005320661,0.01416754
ed0eze5,surprise,joy,0.012959619,0.0012488845,0.001346006,0.8067385,0.00746099,0.17024599
ed0f4by,joy,joy,0.03725593,0.0010450507,0.0006572128,0.9440405,0.00093299703,0.016068336
ed0fszp,joy,joy,0.0027104123,0.0002630489,0.00037648345,0.9877551,0.0007623457,0.008132586
ed0gkjf,surprise,surprise,0.20036136,0.0020251407,0.0015456278,0.005827679,0.012814886,0.7774252
ed0glwn,joy,joy,0.0024253177,0.0004199775,0.00043621802,0.9857019,0.0009225119,0.010094106
ed0hqrq,joy,joy,0.0009132508,0.0002521879,0.00028666624,0.9973117,0.00020911696,0.0010270976
ed0i70k,anger,joy,0.09682093,0.0025363395,0.0020297945,0.46178705,0.04745709,0.38936883
ed0it1e,joy,joy,0.0015072859,0.00019427996,0.0004866488,0.99198794,0.00073882897,0.005085033
ed0iucb,joy,joy,0.0007276889,0.00015925008,0.0002544666,0.9971853,0.00038869405,0.0012845403
ed0jeuf,joy,surprise,0.011372581,0.00050330005,0.0008650685,0.010768226,0.0023601127,0.97413075
ed0k0sn,joy,joy,0.001067325,0.00017122037,0.000291043,0.9963775,0.0011913682,0.0009015425
ed0k1g7,joy,joy,0.0015384555,0.00014629794,0.00027411644,0.9957301,0.0004509561,0.0018601381
ed0k42m,anger,anger,0.97599494,0.0032788182,0.0008604967,0.008884175,0.00597024,0.0050113196
ed0lnju,joy,joy,0.0007034986,0.00014203507,0.00023688062,0.99774194,0.00023865451,0.0009370053
ed0m9ms,sadness,sadness,0.041367646,0.0023522652,0.0010825472,0.0055685607,0.9433474,0.0062816986
ed0mb05,disgust,disgust,0.21876934,0.7260505,0.016791707,0.019171122,0.014833435,0.004383911
ed0mvkw,joy,joy,0.0031320814,0.00031488575,0.0005245834,0.97959864,0.0023994937,0.014030315
ed0n4bz,joy,joy,0.0008162857,0.00016617088,0.000219545,0.9977412,0.00028117004,0.0007755768
ed0nsnk,surprise,joy,0.014883849,0.00067046145,0.0009474063,0.7827792,0.0039408086,0.19677824
ed0nvrn,joy,joy,0.00075265265,0.00020869369,0.0002555796,0.99751186,0.00016629547,0.001104956
ed0qvyg,sadness,sadness,0.1055333,0.012795878,0.0037689223,0.0185208,0.85417706,0.005204092
ed0rtw0,anger,disgust,0.16487335,0.73055696,0.041961387,0.03560754,0.018979914,0.008020802
ed0svk4,joy,joy,0.0008111241,0.00022445385,0.00026263297,0.9971096,0.00019297184,0.0013992705
ed0t4so,joy,joy,0.00063720363,0.00016988133,0.0002740482,0.9972857,0.00025383945,0.0013792776
ed0vghc,surprise,surprise,0.0056777326,0.00049794774,0.0014613934,0.011192392,0.010809678,0.97036093
ed0ww1z,joy,joy,0.018107885,0.0005935844,0.0008374718,0.7844496,0.0035401217,0.19247143
ed0xthk,joy,anger,0.9704404,0.007933181,0.0013263884,0.006685672,0.00686174,0.006752602
ed0xyei,joy,joy,0.0014884353,0.00028583067,0.00036462198,0.9865589,0.0005697974,0.010732368
ed0y2su,joy,joy,0.00060544733,0.00018114889,0.0002607034,0.9979656,0.00017736583,0.00080983894
ed0z7eq,surprise,surprise,0.0038258627,0.00043100418,0.0007338161,0.008884572,0.0011486885,0.984976
ed10ppm,sadness,sadness,0.003569778,0.0012882701,0.0013535621,0.008291554,0.9821264,0.0033704233
ed113ro,surprise,surprise,0.0021442347,0.0006685906,0.0011381148,0.027031155,0.0016164347,0.9674013
ed11edx,joy,joy,0.0011143208,0.00028535438,0.0004895641,0.98247784,0.00031130607,0.015321657
ed11zaf,anger,joy,0.030624067,0.0011136704,0.0006534511,0.96375316,0.0023152353,0.0015403968
ed122p6,sadness,sadness,0.0031563141,0.000912775,0.0017181904,0.0047418317,0.98486173,0.0046091815
ed13aoj,joy,surprise,0.020728324,0.008293341,0.12045501,0.07875988,0.2983927,0.4733707
ed13jls,joy,joy,0.00057387626,0.0001511525,0.00025490922,0.99788874,0.0002126899,0.0009186141
ed13s43,sadness,sadness,0.0761165,0.0022835266,0.0031621596,0.03020354,0.85456115,0.033673048
ed164dh,joy,joy,0.0008326487,0.00024126805,0.00035438448,0.99635714,0.00024937507,0.0019650753
ed17cof,joy,joy,0.00060417433,0.00019310147,0.00025568495,0.9981811,0.00019125771,0.00057473755
ed17nq4,joy,joy,0.009940563,0.00030297943,0.00035507552,0.9686004,0.0016292396,0.019171832
ed184ql,joy,joy,0.0007834818,0.00030927037,0.0005346618,0.9953505,0.0005578654,0.0024641645
ed18vmp,joy,joy,0.0006379474,0.00014438934,0.0002360068,0.9978892,0.00018043263,0.00091196876
ed196uj,joy,joy,0.0010884,0.00017015896,0.00021719809,0.9969721,0.00021152102,0.0013406535
ed197fi,joy,joy,0.00071627507,0.00025637847,0.0003413148,0.9936243,0.0001912729,0.004870443
ed1ab67,joy,joy,0.15993208,0.0010141558,0.0013698398,0.7760264,0.008361339,0.053296156
ed1ag17,anger,anger,0.97569716,0.005838571,0.001182936,0.003005608,0.009335724,0.0049400604
ed1b4wf,joy,joy,0.0016339074,0.00025677736,0.00025345542,0.99630886,0.00029985406,0.0012470601
ed1bf9d,anger,anger,0.59965795,0.0040597375,0.0015996773,0.35501143,0.011681539,0.027989697
ed1c7gj,joy,joy,0.03074727,0.0022670645,0.0019136559,0.47877598,0.012579659,0.47371644
ed1d8jd,joy,joy,0.0021504853,0.00020723695,0.00029665546,0.9959825,0.00031401444,0.0010490993
ed1dgbj,joy,joy,0.0015078904,0.00046198818,0.001304421,0.9858192,0.0044722953,0.0064341286
ed1djsl,joy,joy,0.013658645,0.0009253538,0.0030754905,0.8250979,0.007477973,0.1497646
ed1dmki,joy,joy,0.0027337186,0.00040440483,0.00077740755,0.93063426,0.0019199686,0.063530184
ed1dptl,anger,sadness,0.4261498,0.012334101,0.0020850732,0.010940042,0.5371424,0.011348641
ed1ff3y,joy,anger,0.93019515,0.0033206025,0.0011031822,0.047743455,0.006802325,0.010835221
ed1fqgn,joy,joy,0.07123654,0.002715382,0.003071176,0.5230842,0.035602253,0.36429042
ed1gey2,joy,joy,0.0004531313,0.0001483637,0.00026367974,0.9980438,0.00029215953,0.00079888816
ed1ghrq,joy,joy,0.001063667,0.0003432346,0.00045246325,0.99568653,0.0002988893,0.002155253
ed1h9ty,joy,joy,0.0010840518,0.00023371444,0.00037972245,0.975696,0.00073086703,0.021875553
ed1ivu3,sadness,sadness,0.050373152,0.0056443415,0.016607082,0.03925605,0.6278902,0.26022917
ed1jdc4,joy,joy,0.0039422144,0.0005201391,0.00081608974,0.86723757,0.002098596,0.12538537
ed1jrqq,joy,anger,0.73419815,0.0018507249,0.0020866017,0.17110324,0.047763612,0.042997614
ed1lzlh,joy,joy,0.0006141663,0.00017279501,0.00024239367,0.99793065,0.00020861691,0.00083135505
ed1m7w6,joy,joy,0.0009135166,0.00022980932,0.000325309,0.99733424,0.00020784819,0.0009892515
ed1m9qs,joy,joy,0.0006815111,0.0001371924,0.0002796513,0.9955949,0.00061350974,0.0026932342
ed1n6hy,surprise,surprise,0.006684886,0.0005365993,0.0014419708,0.0032401038,0.002040952,0.9860555
ed1nkvu,joy,joy,0.0008404381,0.00016655176,0.00027400756,0.99658453,0.0002534349,0.0018810097
ed1pbs7,joy,joy,0.0004942112,0.00019248175,0.00028593614,0.9975809,0.00023264764,0.0012137814
ed1pn0a,anger,joy,0.007603606,0.00041495694,0.00028669232,0.9869948,0.000611897,0.004088088
ed1ps1q,joy,joy,0.00086141884,0.00016993738,0.00027122608,0.9957489,0.0002981183,0.0026504877
ed1qmrz,joy,joy,0.0023366816,0.00017622822,0.00019153982,0.9938207,0.00038444527,0.003090456
ed1rede,joy,joy,0.008294628,0.00041122342,0.0016833103,0.9186624,0.0061708787,0.0647776
ed1rhc1,joy,joy,0.00078704086,0.00021517588,0.00026607697,0.9976174,0.00018607559,0.0009281447
ed1rjn5,joy,joy,0.00060477864,0.00016363467,0.0002525915,0.9978625,0.00023079179,0.00088563137
ed1rle5,joy,joy,0.0016637857,0.00016032171,0.00025048526,0.99165404,0.00064305094,0.0056282994
ed1s6f5,joy,joy,0.0076918784,0.00046738432,0.0011884675,0.96716,0.0027480563,0.020744268
ed1s7vh,joy,joy,0.022988372,0.00029801353,0.0013680322,0.96045905,0.002405852,0.012480784
ed1so06,joy,joy,0.0037683973,0.0014893019,0.07565413,0.9096327,0.0025530069,0.006902554
ed1tqle,sadness,sadness,0.0034529762,0.0020960455,0.0024902301,0.0030277283,0.98302424,0.0059088054
ed1u0am,joy,joy,0.059166692,0.0036979634,0.0019619414,0.92001545,0.0072488696,0.007909068
ed1uck7,joy,joy,0.00097649643,0.00019595487,0.00022555515,0.9952355,0.00039841773,0.002968048
ed1umv1,joy,joy,0.0008040016,0.00015942591,0.00026159227,0.9968317,0.000250061,0.0016931195
ed1uwg6,joy,joy,0.22713274,0.0046991394,0.0017864392,0.7369165,0.019472763,0.009992411
ed1v0xk,sadness,sadness,0.00339169,0.0017384385,0.0017311953,0.01116517,0.980313,0.0016604868
ed1vfjp,joy,joy,0.00046013348,0.00015422657,0.00025235556,0.99808335,0.00026308684,0.0007869587
ed1w92l,joy,joy,0.00040660636,0.00015469624,0.00022813509,0.9975224,0.00024322148,0.0014449555
ed1wg24,joy,joy,0.0004565621,0.0001735223,0.0003082632,0.9980069,0.00021098567,0.00084377895
ed1wg3j,joy,joy,0.00095452275,0.00020820239,0.00046441818,0.9954873,0.0017263615,0.0011592961
ed1wud5,sadness,surprise,0.42769834,0.0022848514,0.0028968495,0.007450742,0.06546255,0.49420664
ed1xhfp,joy,joy,0.0005593894,0.00015547792,0.00028809757,0.9981286,0.00021516091,0.0006533273
ed1zg3g,sadness,sadness,0.3809925,0.011437491,0.003139416,0.014897989,0.5782939,0.011238677
ed1zhop,joy,joy,0.0007455805,0.00015220355,0.0002688255,0.99396896,0.00021852796,0.004645929
ed1zmlt,joy,joy,0.0015993632,0.0003110983,0.0011591285,0.98272705,0.0020040937,0.01219922
ed20116,surprise,joy,0.017151814,0.0012625324,0.00089908484,0.92897636,0.0030052466,0.048704986
ed20lrl,joy,joy,0.005124971,0.0002548927,0.00027876435,0.98875564,0.0029935113,0.0025922633
ed21plv,joy,joy,0.0009427578,0.0001914894,0.00032896522,0.9970511,0.0005688705,0.00091679674
ed22fyg,anger,anger,0.9453378,0.022333078,0.0021817158,0.013974658,0.012572646,0.0036001934
ed22g2y,joy,joy,0.000824684,0.00015359423,0.000254002,0.9971814,0.00025239045,0.0013339466
ed22q13,joy,joy,0.00063013117,0.00013945489,0.00024524372,0.9978975,0.00026304438,0.0008245454
ed23wsw,joy,joy,0.00054342893,0.00014548599,0.00024561712,0.9979721,0.00022999315,0.0008633726
ed255dy,joy,joy,0.000592498,0.00016666963,0.00026027858,0.9979044,0.00021858473,0.00085755205
ed25izo,joy,joy,0.0013862266,0.00016945104,0.00026573663,0.99547714,0.00023470595,0.0024667482
ed2611v,joy,joy,0.0043048733,0.00028587933,0.00027692498,0.98868805,0.00042292353,0.0060213003
ed26eo2,surprise,surprise,0.02444983,0.0012607435,0.0016582736,0.006399061,0.06508563,0.9011464
ed26ill,surprise,joy,0.0009159462,0.0001819696,0.00028572525,0.9911839,0.0005274839,0.0069050756
ed26j1r,joy,joy,0.0010284059,0.00015926218,0.00022309367,0.99737334,0.000259359,0.0009566235
ed278ro,surprise,anger,0.97918653,0.0036600519,0.0005915641,0.0052231695,0.006896619,0.0044419635
ed27ia1,fear,fear,0.0063291863,0.0035862497,0.97507995,0.005354132,0.0037285832,0.005921885
ed294ug,joy,joy,0.0005620921,0.0001818902,0.000279205,0.99791163,0.00021286301,0.00085234863
ed296f1,joy,joy,0.0005155738,0.0001376819,0.00025456754,0.99773407,0.00025047793,0.001107572
ed29f48,joy,joy,0.00040685272,0.00017400949,0.00029671888,0.9978204,0.00024621576,0.0010557839
ed2af70,anger,surprise,0.014896346,0.0014240759,0.0012874426,0.185612,0.0065342835,0.79024583
ed2amgz,joy,joy,0.0008568637,0.00017605955,0.00024675156,0.9965406,0.0003470879,0.0018325734
ed2azcm,joy,joy,0.000577563,0.00017394076,0.00030793372,0.9979771,0.00022004764,0.000743446
ed2b17j,anger,anger,0.96498215,0.002547113,0.0013125632,0.013679122,0.009336552,0.008142479
ed2d9ic,sadness,sadness,0.11000906,0.01104119,0.0017646984,0.027331948,0.84576213,0.0040909653
ed2e00i,fear,disgust,0.072227016,0.5725635,0.3266604,0.009252841,0.012469358,0.0068268706
ed2egrq,joy,joy,0.12595455,0.0009665551,0.0010824217,0.8207884,0.029668959,0.021539198
ed2f978,surprise,joy,0.0005454124,0.00013882962,0.00027250953,0.9955943,0.00023137708,0.0032175605
ed2fg67,sadness,sadness,0.24930152,0.004128732,0.0022592905,0.016314289,0.68552923,0.042466998
ed2fv27,sadness,sadness,0.008644749,0.002604103,0.01894556,0.026504295,0.81804353,0.12525778
ed2gl83,joy,joy,0.0005541795,0.0001751733,0.00022771292,0.9981951,0.00022949498,0.00061839615
ed2gsvn,sadness,sadness,0.0057464316,0.0015048488,0.0030352692,0.021755053,0.8653516,0.10260675
ed2i4d5,joy,surprise,0.014613667,0.0017343047,0.0028028244,0.2111529,0.006235984,0.76346034
ed2jmoc,joy,joy,0.000546499,0.00016216579,0.000373426,0.9972754,0.0003743547,0.0012680857
ed2kb20,joy,joy,0.00239271,0.0001848891,0.00027191453,0.9814574,0.00063093426,0.015062157
ed2ktj7,joy,joy,0.00052453106,0.00016984931,0.00026708434,0.9974763,0.0001706003,0.001391645
ed2lel3,joy,joy,0.000603763,0.00018765684,0.00027189185,0.99725795,0.00052247144,0.0011562018
ed2mcfr,sadness,surprise,0.35954845,0.0047317906,0.0031286487,0.012564487,0.016571887,0.6034547
ed2naxg,joy,anger,0.6043597,0.0027986658,0.00168106,0.37250778,0.009477477,0.009175365
ed2nene,anger,surprise,0.19969612,0.0037824179,0.0058826325,0.071216755,0.26824477,0.45117736
ed2nkua,joy,joy,0.0006752146,0.00018408787,0.00026961614,0.99774075,0.00020800826,0.00092232594
ed2noxb,joy,joy,0.015654167,0.00037386102,0.00035316104,0.9812996,0.00082667795,0.0014925065
ed2ojh2,joy,joy,0.0008263356,0.00012311629,0.00022137571,0.9963961,0.00065734924,0.0017757344
ed2p51j,disgust,disgust,0.06254888,0.6049079,0.1012324,0.0034707482,0.22414534,0.0036947627
ed2pptz,sadness,sadness,0.0036924502,0.0022998576,0.0017209902,0.0032686088,0.9860066,0.0030114446
ed2q9f7,joy,joy,0.00039822407,0.00016240701,0.00029667298,0.997531,0.00022836974,0.0013834164
ed2qzhv,sadness,sadness,0.020848969,0.0022591308,0.0039310595,0.12768826,0.73129594,0.11397667
ed2r5gd,anger,anger,0.9808256,0.0014358597,0.0007280036,0.005645766,0.0062755086,0.0050892956
ed2shn2,joy,joy,0.0029165784,0.00021606921,0.00025687035,0.9953874,0.00034007308,0.00088302733
ed2tyb9,joy,joy,0.00059039233,0.00019603224,0.0002642311,0.9980355,0.00017647589,0.0007373745
ed2u4oi,joy,joy,0.019286893,0.0013550599,0.0015503197,0.9577517,0.00704633,0.013009712
ed2v6t1,sadness,joy,0.12224128,0.0014651007,0.0016588637,0.819392,0.028840125,0.02640252
ed2wn96,joy,joy,0.00092190015,0.00024379187,0.00029985857,0.9974171,0.00017543335,0.00094192673
ed2x9cg,joy,joy,0.00046684407,0.00014896026,0.000256676,0.99791306,0.00021388219,0.0010005364
ed2y901,sadness,surprise,0.305212,0.061370842,0.03474034,0.033184275,0.075819515,0.48967302
ed2ygk2,surprise,surprise,0.0028747546,0.00043551155,0.0006454186,0.0028861328,0.0008962109,0.992262
ed2yu52,surprise,surprise,0.0020918306,0.00047877294,0.0011397108,0.021913238,0.001131507,0.9732449
ed2z9xi,sadness,disgust,0.16581745,0.6625913,0.044772614,0.02334118,0.08959394,0.013883521
ed2zxig,fear,sadness,0.20547223,0.0026383311,0.0050721727,0.060188413,0.6828317,0.043797165
ed303ns,anger,anger,0.8964482,0.0015914764,0.00104234,0.019778354,0.050245173,0.03089449
ed30hxp,joy,joy,0.0005126032,0.00017212979,0.00026145804,0.9980234,0.00019380149,0.0008366817
ed32812,joy,joy,0.0004945491,0.00013593047,0.00026070056,0.9978994,0.00023627383,0.00097309076
ed33lzc,joy,joy,0.0006156636,0.00018635196,0.00028627194,0.9965251,0.00022689858,0.0021596756
ed347pm,anger,anger,0.86833173,0.0013870271,0.0009242236,0.10210469,0.011802436,0.015449849
ed34b3g,joy,joy,0.0038590333,0.0007425812,0.00057101436,0.9797577,0.0009980531,0.014071577
ed34qp0,joy,joy,0.0008155125,0.0003168169,0.0004275089,0.9918277,0.00034146153,0.006270974
ed35r07,sadness,sadness,0.0037829275,0.001149175,0.0012209896,0.005853405,0.9837879,0.0042056665
ed36jmd,joy,joy,0.0017350236,0.00020543786,0.00028392684,0.9934488,0.00025824658,0.004068603
ed37jfd,joy,joy,0.001614972,0.00038155325,0.00046035962,0.9910817,0.0054758545,0.000985481
ed39nre,joy,joy,0.0018045496,0.00055421144,0.009535058,0.97390544,0.0017087689,0.012492034
ed3a0gd,joy,joy,0.003115232,0.0003315684,0.00047603925,0.9802321,0.00054022466,0.015304869
ed3a3tq,anger,anger,0.87931263,0.084310226,0.0024227449,0.006880261,0.023707218,0.0033669055
ed3bm0t,joy,joy,0.0022105195,0.0003054562,0.0002618175,0.9908043,0.0002688599,0.006149096
ed3bub2,joy,joy,0.00059019146,0.00019231312,0.00030489717,0.99726224,0.00016656,0.0014838255
ed3chq4,surprise,surprise,0.0028508361,0.00064931624,0.0012015938,0.16487601,0.00241135,0.82801086
ed3cqfo,joy,joy,0.004603313,0.00039263486,0.00036966612,0.99222916,0.0003997383,0.002005462
ed3dkko,fear,fear,0.006249091,0.004079894,0.8335344,0.044765,0.09666012,0.014711452
ed3e962,surprise,surprise,0.0075083785,0.0004325325,0.0006729286,0.0023096828,0.0011807247,0.9878957
ed3edou,joy,joy,0.00047289135,0.00018305221,0.00037315593,0.9971425,0.00032607198,0.0015022976
ed3elk7,joy,joy,0.0010304675,0.00016957226,0.00027010468,0.997175,0.00020284558,0.0011520038
ed3eqrm,joy,joy,0.00047566943,0.0001883994,0.00031494355,0.9974806,0.00026161756,0.0012788508
ed3fatr,surprise,surprise,0.27484635,0.0028935974,0.0026014787,0.033318803,0.0058411728,0.6804986
ed3fe34,joy,joy,0.00065695326,0.00016225578,0.00025137834,0.99779546,0.00019687584,0.0009371052
ed3gsox,joy,joy,0.0013361194,0.0002957549,0.00053998496,0.9697972,0.00063371053,0.02739724
ed3gxrq,surprise,surprise,0.030634632,0.00069978373,0.0023665961,0.0029391162,0.004245984,0.95911396
ed3iwf2,joy,joy,0.0009818997,0.00017086323,0.00036030312,0.9957159,0.0008392316,0.0019317805
ed3jgf9,anger,anger,0.9067581,0.005756459,0.0018075868,0.03501525,0.013798221,0.036864374
ed3k8p1,surprise,surprise,0.012807727,0.0011748031,0.0023300292,0.0840094,0.0027767986,0.89690113
ed3kl83,joy,joy,0.010996026,0.00096593663,0.0012772618,0.8697863,0.031478424,0.08549604
ed3l9kd,surprise,surprise,0.007889635,0.0013614177,0.0017505707,0.1049362,0.0033408904,0.88072133
ed3ljgc,joy,joy,0.0009628845,0.00017035776,0.00022340567,0.9973985,0.00021098982,0.001033866
ed3loj7,joy,joy,0.0008102429,0.00012010582,0.00021429521,0.9976152,0.00023379085,0.0010063734
ed3mg9q,anger,anger,0.38940877,0.012064624,0.009686114,0.21284907,0.03348188,0.3425095
ed3mm40,joy,joy,0.0009355199,0.00013746104,0.000219368,0.99751306,0.00036861602,0.0008259742
ed3mv1d,joy,joy,0.002680033,0.00022269452,0.00040694443,0.9869664,0.0007238409,0.009000127
ed3mzz1,joy,joy,0.0007236213,0.00025121006,0.000292522,0.99463165,0.0003441307,0.0037568714
ed3o2ae,surprise,surprise,0.01238903,0.0005363414,0.0006453356,0.0034683952,0.0023380464,0.9806229
ed3oh9f,surprise,surprise,0.0052196314,0.0003888892,0.0009383472,0.0021294977,0.0021011326,0.9892225
ed3ptc8,joy,joy,0.0006284052,0.00016312185,0.00024935434,0.9978908,0.00023727049,0.0008311537
ed3pum4,joy,joy,0.00067017146,0.00022115541,0.00025816783,0.9978929,0.00018355108,0.00077410584
ed3q71h,anger,anger,0.97869545,0.0035462582,0.0005131622,0.0068667415,0.0065498287,0.0038286624
ed3qasl,joy,joy,0.001823732,0.00020837846,0.00024102323,0.99674726,0.0002320158,0.0007475262
ed3qhk4,surprise,joy,0.0038154572,0.00023276312,0.00034392683,0.978529,0.00083054154,0.01624831
ed3qj00,joy,joy,0.00038202552,0.00018416492,0.00026833816,0.9976968,0.00031885123,0.0011498645
ed3rmql,surprise,joy,0.009085682,0.0008830255,0.00060075574,0.909734,0.0030529501,0.07664361
ed3s65e,joy,joy,0.0007557566,0.00016497365,0.00025896713,0.99719316,0.00028979057,0.0013373779
ed3sfgj,anger,anger,0.8940319,0.0032225223,0.00097542827,0.009696574,0.03785091,0.05422279
ed3sh4v,surprise,joy,0.07308028,0.0030289593,0.003986667,0.6925169,0.1769347,0.050452497
ed3sn5e,joy,joy,0.002945997,0.00016952727,0.00043893722,0.99248886,0.0011818866,0.0027748195
ed3t0o9,disgust,disgust,0.17887327,0.77834,0.014995199,0.005952449,0.018019607,0.0038195516
ed3tljs,joy,joy,0.0013877511,0.0002170402,0.00022976696,0.9966208,0.00019670335,0.0013479944
ed3u8tz,joy,joy,0.0026797615,0.00017341261,0.00024369449,0.99140453,0.0012606999,0.0042377766
ed3udbr,joy,joy,0.00044572237,0.00018544192,0.00030974837,0.9974948,0.00025201007,0.0013122623
ed3v8zr,surprise,surprise,0.0057270466,0.0004393232,0.0007429207,0.0025612498,0.0010028281,0.9895266
ed3w5cd,joy,joy,0.0025876525,0.00028145668,0.00026198872,0.9955319,0.0002773813,0.0010595557
ed3wj75,joy,joy,0.0074745147,0.0006589895,0.0006308932,0.9420555,0.0015677792,0.047612283
ed3ymb1,joy,joy,0.0012299612,0.00016490994,0.00020173748,0.9967662,0.0002759563,0.0013612631
ed3yyju,joy,joy,0.0014554225,0.00022902469,0.0005032269,0.99587977,0.0010097972,0.0009227671
ed3zin2,joy,joy,0.0028239903,0.00056136586,0.00058756483,0.9005119,0.0009985088,0.09451665
ed3zlsz,anger,surprise,0.25820637,0.00375628,0.0017567534,0.092827976,0.19444221,0.4490104
ed40wwj,joy,joy,0.00087345287,0.00022294064,0.00056820805,0.9968964,0.0006329302,0.00080610183
ed40xxh,joy,joy,0.0006673816,0.00017766443,0.00034795297,0.9971103,0.0004843581,0.0012123095
ed41lo1,anger,surprise,0.43734977,0.0023302939,0.0021995825,0.016616182,0.011509174,0.529995
ed41m72,joy,joy,0.00064713904,0.0001365305,0.00029780623,0.9977429,0.00033229782,0.0008432686
ed41u13,sadness,sadness,0.16187848,0.005967251,0.0013915141,0.0071462663,0.8166384,0.0069780834
ed42at1,joy,joy,0.00053358095,0.00018122159,0.00027402845,0.99809486,0.00022765208,0.00068862096
ed42lw0,surprise,surprise,0.0034895255,0.00041671115,0.00064082566,0.0036134557,0.00087121414,0.9909683
ed43l93,joy,joy,0.0030361235,0.00023660816,0.0003240883,0.99204177,0.002884876,0.0014765358
ed43rft,joy,joy,0.00077846675,0.00020044844,0.00028139786,0.99615943,0.0003845209,0.0021957338
ed43vek,joy,joy,0.0010925387,0.00024744403,0.00092567323,0.99412256,0.0016772762,0.0019345039
ed44d5a,joy,joy,0.00043926394,0.00022694543,0.00033047804,0.9978132,0.0001811912,0.0010088715
ed44w5k,joy,joy,0.0011417159,0.0001883305,0.00031527635,0.996439,0.00026148523,0.0016542269
ed452ih,joy,joy,0.0013843491,0.0003529001,0.00056916365,0.9758322,0.0016260721,0.020235347
ed45xrw,joy,anger,0.9094858,0.013157782,0.0013440893,0.06690906,0.004868036,0.004235276
ed46dud,anger,fear,0.18669073,0.020657206,0.74608666,0.02480997,0.0068987585,0.014856713
ed4764z,surprise,joy,0.018211724,0.0013027806,0.0023373559,0.65469366,0.046997823,0.27645668
ed47ez1,joy,surprise,0.009491603,0.0021861698,0.005605376,0.3040261,0.0043081543,0.67438257
ed47inp,anger,anger,0.91168267,0.0029016417,0.0013198365,0.011400745,0.061614834,0.011080256
ed48aqg,sadness,joy,0.01589846,0.00084977486,0.002499827,0.89109045,0.08524462,0.0044168523
ed48ef2,anger,surprise,0.07660429,0.0015619341,0.009563933,0.20673323,0.015053687,0.6904829
ed48tq9,joy,joy,0.0013740031,0.00014035971,0.00070867897,0.9954657,0.00041966257,0.0018916549
ed4agaf,joy,joy,0.00075163343,0.00013275206,0.0002315396,0.9971396,0.00041481204,0.0013296315
ed4b598,joy,joy,0.0009819588,0.00013830859,0.00023822514,0.9968449,0.00058301963,0.001213701
ed4batk,anger,anger,0.9707069,0.0024793292,0.0011794666,0.006736251,0.010087345,0.008810757
ed4c01d,joy,joy,0.00073044177,0.00013006247,0.00023616495,0.996218,0.00041927423,0.0022660065
ed4cava,disgust,disgust,0.39643097,0.49138543,0.010356632,0.009330329,0.08313227,0.009364336
ed4cyt9,sadness,sadness,0.0046682023,0.001010275,0.0010369954,0.009024452,0.98070383,0.00355628
ed4d4ip,surprise,joy,0.005691356,0.0004043328,0.0007398302,0.9620954,0.0025253673,0.028543701
ed4da42,joy,joy,0.0006241769,0.00023766654,0.00031097434,0.99774015,0.00019862196,0.0008884754
ed4dyci,anger,anger,0.96361494,0.0032270406,0.00092719705,0.0068400777,0.018659018,0.006731756
ed4dycq,joy,joy,0.0005509933,0.0001342668,0.0002773955,0.9978224,0.000287918,0.0009270255
ed4e0bz,joy,joy,0.0008251993,0.00017448,0.00023200002,0.99692756,0.00027840637,0.0015624507
ed4e5v8,anger,anger,0.94039696,0.013345216,0.0029583,0.008088989,0.029727448,0.005483132
ed4edc8,surprise,joy,0.18869981,0.0016802428,0.0010203077,0.76885587,0.006331095,0.033412762
ed4eldw,anger,anger,0.97285426,0.003960563,0.0007643984,0.003836261,0.009200232,0.009384255
ed4f4io,surprise,surprise,0.15588729,0.0054015587,0.0033954459,0.0590326,0.06182952,0.7144536
ed4f606,surprise,surprise,0.0093609765,0.000357042,0.00073743373,0.0042245085,0.0038905968,0.9814294
ed4fe9l,joy,joy,0.00067950395,0.00016764975,0.00023977234,0.99799025,0.00024962262,0.00067327375
ed4fqyy,joy,joy,0.00057320297,0.0001849431,0.00027106566,0.99810445,0.00017400943,0.0006923406
ed4fwha,joy,joy,0.00053134887,0.00018148549,0.00026617097,0.99777204,0.00017572337,0.0010732549
ed4gn8u,joy,joy,0.0004093525,0.00022225334,0.0003533495,0.9970413,0.00018970511,0.0017840395
ed4gxf4,joy,joy,0.00091534236,0.00015333478,0.0002688349,0.99705803,0.00029684638,0.0013077225
ed4gym1,anger,anger,0.9483691,0.0103501305,0.001362973,0.004217971,0.010766027,0.024933793
ed4hxuv,sadness,joy,0.023970643,0.0010262274,0.0014998621,0.86120105,0.055073123,0.0572291
ed4ibqh,joy,joy,0.022759598,0.00093779113,0.0011966904,0.88012475,0.08769901,0.0072821663
ed4iqff,surprise,surprise,0.012631207,0.000447512,0.0008536723,0.0054321946,0.0018023748,0.978833
ed4jos7,joy,joy,0.0063857436,0.00060157967,0.0018311566,0.97811425,0.0016904641,0.011376797
ed4k685,sadness,anger,0.89733326,0.002380108,0.0008483397,0.006168081,0.016249862,0.07702029
ed4l4ma,joy,joy,0.00058490236,0.00015094147,0.00024874083,0.9977975,0.00018266132,0.0010352822
ed4m2om,surprise,surprise,0.0027222733,0.00070481567,0.0011622894,0.07901778,0.0059677493,0.910425
ed4mu0b,joy,joy,0.02745724,0.0015438807,0.0006636409,0.9652987,0.0030157256,0.002020867
ed4n7am,surprise,joy,0.0018270658,0.00039831558,0.0006647523,0.94903666,0.0011338652,0.04693935
ed4nee9,joy,joy,0.0007205075,0.00015890805,0.0002243178,0.99766624,0.00028822542,0.00094182283
ed4nfij,joy,joy,0.0006613569,0.00015235228,0.000237417,0.99801755,0.00019840698,0.00073294406
ed4njnu,anger,joy,0.20030716,0.0013427831,0.00076543004,0.7701096,0.013190341,0.014284717
ed4o2hd,fear,fear,0.006424372,0.0032702114,0.9696703,0.006873792,0.0034860086,0.010275232
ed4o321,sadness,sadness,0.008238712,0.0011509015,0.0026701412,0.02461709,0.942432,0.020891096
ed4ob8u,surprise,joy,0.0054266816,0.00029059596,0.0009279178,0.9853059,0.0008623345,0.007186508
ed4p24s,surprise,surprise,0.05882735,0.0038853611,0.0105227595,0.019474946,0.084441625,0.8228479
ed4pao1,anger,joy,0.20258138,0.0018581767,0.0012147408,0.7828695,0.0048371404,0.0066390536
ed4pjk1,joy,joy,0.00042705523,0.0001959906,0.00034082867,0.9980538,0.00024034554,0.000742057
ed4pnnx,joy,joy,0.002813992,0.00024036378,0.00052915973,0.9852645,0.007358937,0.0037931008
ed4pzlr,joy,joy,0.0037801033,0.00038336634,0.0006212783,0.9515073,0.0009248275,0.04278311
ed4q326,anger,sadness,0.378671,0.010579188,0.002010844,0.05087485,0.5385279,0.019336205
ed4qga0,joy,joy,0.0008342158,0.00020377233,0.00033371887,0.9954521,0.00061047426,0.0025656892
ed4qp2k,joy,joy,0.0007929811,0.00033473235,0.00043512887,0.9954739,0.0002732596,0.0026899064
ed4rtgx,sadness,sadness,0.003057132,0.0019509627,0.0033875355,0.0035896972,0.97769004,0.010324667
ed4tkig,joy,joy,0.0007592169,0.00032490262,0.0004646866,0.9957625,0.0002454438,0.0024432878
ed4tsd6,joy,joy,0.0009474387,0.00024233689,0.0006244862,0.9964551,0.00093926454,0.0007914814
ed4udyv,surprise,sadness,0.051764816,0.0026122355,0.003036386,0.29815474,0.33343503,0.31099683
ed4vtot,disgust,disgust,0.1667143,0.7214206,0.08112306,0.014430032,0.011936542,0.004375437
ed4w2oh,joy,joy,0.0010642684,0.0003440743,0.0011775227,0.99075365,0.0006011499,0.006059365
ed4wjur,surprise,surprise,0.19100223,0.00593294,0.0023224643,0.053202927,0.18819313,0.55934626
ed4wxj5,anger,anger,0.96794,0.003135282,0.00062813703,0.018818617,0.0059454767,0.0035325682
ed4y3yk,anger,joy,0.1665989,0.0020673012,0.0023738302,0.41973707,0.0041353395,0.40508753
ed4y8ts,fear,fear,0.009677354,0.0069767945,0.9719916,0.004386343,0.003010023,0.003957936
ed50jli,surprise,surprise,0.0036220613,0.000468897,0.00067719084,0.0039454373,0.00082663243,0.9904598
ed5129w,joy,joy,0.00071917137,0.00019217795,0.00032937358,0.9973296,0.00025230547,0.0011773602
ed52ler,joy,joy,0.00070517743,0.00018108769,0.00025799655,0.9976532,0.00022786208,0.0009746433
ed535p6,surprise,joy,0.009353805,0.000707438,0.00083832984,0.97432286,0.004769247,0.010008308
ed53trw,surprise,anger,0.6075735,0.006455034,0.002793544,0.0054542734,0.032537583,0.34518602
ed571ai,joy,joy,0.04829572,0.0015139196,0.0016579146,0.81615144,0.03807186,0.094309136
ed5768h,anger,anger,0.78467417,0.03673798,0.0042023095,0.03416022,0.11476049,0.025464863
ed57kft,joy,joy,0.0005957364,0.00020020126,0.0003204361,0.9978016,0.00030990306,0.0007720769
ed57pil,sadness,sadness,0.0033394324,0.0011925666,0.001286021,0.0063741533,0.98426825,0.0035396265
ed58t8y,surprise,surprise,0.0060719443,0.00038624695,0.0009991301,0.0027546196,0.0013536083,0.98843443
ed59a85,joy,joy,0.0005652551,0.00015876467,0.00037781065,0.9971482,0.0004932184,0.0012567169
ed5aw4l,surprise,surprise,0.009662492,0.00044664717,0.00068246457,0.028495517,0.0017448455,0.958968
ed5b1w7,joy,joy,0.0010021845,0.00015475163,0.00024055969,0.9976502,0.00020191408,0.0007504572
ed5bi7l,anger,anger,0.7450183,0.002729727,0.00080605433,0.21992382,0.015657237,0.015864886
ed5bsdm,sadness,sadness,0.007587288,0.002377059,0.004145623,0.03643823,0.69350785,0.25594392
ed5cepv,joy,anger,0.547506,0.004479519,0.004216814,0.27709845,0.049882766,0.11681652
ed5cew6,joy,joy,0.25825852,0.001361,0.0034417312,0.65432155,0.054388765,0.028228423
ed5ed1c,anger,anger,0.9553028,0.007943164,0.0013587454,0.016549474,0.013010554,0.005835339
ed5f1q6,disgust,disgust,0.057848584,0.873972,0.055253007,0.0044614966,0.0056833783,0.00278149
ed5f54l,surprise,surprise,0.030356064,0.0017150964,0.0016606996,0.0032964805,0.005872206,0.95709956
ed5guh3,anger,anger,0.97580737,0.008591369,0.0013582355,0.0048915646,0.004719537,0.004631969
ed5hj2l,joy,joy,0.0112246545,0.000351361,0.00043368267,0.9849857,0.0005560906,0.002448471
ed5htoz,joy,anger,0.42401996,0.003576839,0.0020721927,0.37932923,0.098804794,0.09219703
ed5i5bn,joy,joy,0.00056360714,0.00013901341,0.00022728869,0.9960865,0.00029351306,0.0026901695
ed5inqr,joy,joy,0.0006189907,0.00022910719,0.0002972843,0.996572,0.00022966458,0.002052972
ed5jdet,joy,joy,0.00050569035,0.00016692956,0.00024437177,0.997971,0.00020106688,0.0009108601
ed5kemm,joy,joy,0.023585817,0.0009145889,0.0004068828,0.9725012,0.0011921464,0.0013992435
ed5kxo0,anger,joy,0.29987282,0.0011757812,0.00096085534,0.6474999,0.015443106,0.035047516
ed5lq4x,anger,joy,0.006576271,0.0002993787,0.00030394245,0.99066424,0.0005430528,0.001613076
ed5lr80,joy,joy,0.001515519,0.00017275901,0.00018179351,0.9970702,0.0003532578,0.0007064244
ed5mopu,joy,joy,0.00082467485,0.00013226205,0.00024375945,0.99694973,0.00028883974,0.0015607711
ed5mq58,sadness,sadness,0.0127419615,0.0032334598,0.0012160129,0.0019688937,0.9784716,0.002368143
ed5nylq,joy,joy,0.0011791016,0.00018933938,0.0002104747,0.9971016,0.00025753173,0.0010619148
ed5pc18,joy,joy,0.0006066413,0.00017816409,0.00025996225,0.99748766,0.00016700568,0.0013006119
ed5pflb,joy,joy,0.00086988567,0.00016668071,0.00024615915,0.99155384,0.0003831655,0.006780297
ed5q1op,anger,joy,0.15605476,0.0008275002,0.0008573687,0.8249021,0.008163965,0.009194342
ed5qg38,joy,joy,0.0009901257,0.00016006205,0.0005372286,0.99542636,0.0017731013,0.0011132234
ed5qrbs,joy,joy,0.00048831257,0.0001467351,0.00023457057,0.9977858,0.00027131606,0.0010732312
ed5quzx,anger,anger,0.94355744,0.0021104482,0.0010331364,0.033932015,0.0073263273,0.012040589
ed5r0i1,surprise,surprise,0.0026709072,0.00040611954,0.00080721354,0.003523307,0.0011041575,0.99148834
ed5ry8k,sadness,sadness,0.02843021,0.002472292,0.0016985632,0.014775308,0.9489406,0.00368314
ed5s3ks,surprise,joy,0.0060606413,0.00088529894,0.0018626059,0.52886266,0.010091029,0.45223778
ed5sfeb,joy,joy,0.0028749544,0.00021846306,0.00021243644,0.9936473,0.00025696403,0.0027898506
ed5ssis,surprise,fear,0.011853184,0.0037836507,0.93959403,0.015847562,0.0152413435,0.013680343
ed5sxk3,joy,joy,0.035793923,0.0036456466,0.007034372,0.66191846,0.011676158,0.2799315
ed5te14,joy,joy,0.0008897558,0.00031716944,0.00034271603,0.99676824,0.00024458102,0.0014374488
ed5tpbx,joy,joy,0.0013391821,0.0002472522,0.00040536423,0.98556525,0.0022814032,0.01016149
ed5u38w,joy,joy,0.010948431,0.0005275007,0.0008383944,0.97928923,0.0013124716,0.0070839585
ed5u781,joy,joy,0.0015011242,0.00021020134,0.00031421566,0.9945909,0.0014975803,0.0018860026
ed5vcsi,sadness,sadness,0.20396574,0.08295936,0.0067520104,0.008072229,0.68852866,0.0097220745
ed5vgdb,joy,joy,0.0007614889,0.00020030871,0.0003467354,0.9846081,0.0004741875,0.013609177
ed5xb34,joy,anger,0.94171154,0.010250364,0.0012502508,0.021785945,0.0155115975,0.009490286
ed5yole,surprise,surprise,0.005402073,0.00048865343,0.0007859591,0.010494987,0.0012423825,0.9815859
ed5yq3r,sadness,anger,0.5375389,0.15130602,0.012983696,0.078722976,0.17330056,0.0461479
ed634g5,joy,joy,0.20805092,0.0010581755,0.00073907047,0.7686338,0.005045077,0.016472943
ed639gq,anger,sadness,0.416992,0.006287738,0.0040607764,0.020917384,0.45062375,0.10111835
ed63hmd,anger,anger,0.8932885,0.07176289,0.003885195,0.0059951963,0.02243758,0.0026305872
ed64opx,anger,anger,0.9067536,0.001948424,0.0014428938,0.054492116,0.014036288,0.021326642
ed64oyb,sadness,sadness,0.0034067999,0.0013319557,0.0010881664,0.01025087,0.98131704,0.0026052736
ed65q3r,anger,anger,0.68001074,0.0131626595,0.0037686895,0.15116104,0.026352819,0.12554407
ed65qsk,surprise,surprise,0.0036117765,0.0004591859,0.0011142989,0.019008452,0.0017056718,0.97410065
ed661j5,anger,anger,0.96448255,0.0017960126,0.00076768815,0.015119286,0.00634188,0.01149253
ed66az0,joy,joy,0.0011139824,0.0003450912,0.00058255333,0.99154234,0.000542126,0.0058739064
ed67cm5,anger,anger,0.7825591,0.12854181,0.008083439,0.024022503,0.05011219,0.006680935
ed68etr,joy,joy,0.0062007573,0.00052520557,0.0004509964,0.9414021,0.0023566945,0.049064267
ed69fi2,joy,joy,0.0027059426,0.00018432259,0.00036597927,0.9952112,0.00047873773,0.0010538575
ed69zd7,joy,joy,0.000749353,0.00018364693,0.00023398564,0.99694306,0.00019737381,0.0016925329
ed6apxa,joy,joy,0.00056534994,0.00016852889,0.0002503331,0.99796766,0.0001927287,0.0008554471
ed6b9mv,joy,joy,0.0005484171,0.00016943879,0.00025824166,0.9975311,0.00023488898,0.0012579339
ed6g1on,joy,anger,0.9481701,0.0030090124,0.00083510333,0.013045504,0.019910812,0.015029509
ed6gn2w,joy,joy,0.0005606576,0.00014589261,0.00021997007,0.9977223,0.00023056491,0.0011205835
ed6gnl8,disgust,fear,0.1512718,0.34287792,0.47303015,0.014832747,0.010106748,0.007880588
ed6gocf,surprise,surprise,0.008877464,0.0005121227,0.00091330416,0.008066081,0.0026771468,0.9789539
ed6gpgt,joy,joy,0.0013832808,0.00016527945,0.00023225108,0.9961047,0.00040277193,0.0017117235
ed6h9fn,joy,joy,0.0006649709,0.00016753843,0.00027954843,0.99721247,0.0002448137,0.0014305899
ed6hlmd,anger,sadness,0.116554335,0.0057905917,0.0050558145,0.27385807,0.36477053,0.23397066
ed6hytw,anger,anger,0.98200065,0.0027948553,0.00066026143,0.0054719304,0.005089332,0.003983014
ed6i2gp,joy,joy,0.00087480544,0.00012502831,0.00020950664,0.9958055,0.00039734898,0.002587791
ed6ja83,joy,joy,0.0126052955,0.002416562,0.41135994,0.5170971,0.008601527,0.047919594
ed6jwpf,joy,joy,0.0045682047,0.0004438174,0.000289329,0.9759888,0.009320876,0.009388986
ed6kdr0,anger,anger,0.80479896,0.0015767269,0.0010484556,0.106944084,0.021814182,0.06381766
ed6kfll,joy,joy,0.00052887073,0.0001533983,0.0002462599,0.9979249,0.00021941171,0.000927112
ed6m125,joy,joy,0.00063089543,0.00014697337,0.00020774259,0.9978471,0.00020943742,0.00095786224
ed6mlpr,sadness,sadness,0.04573725,0.0017900778,0.0007731145,0.005949062,0.9414297,0.0043207766
ed6myuv,joy,joy,0.0007953373,0.00018386835,0.00023530445,0.9950524,0.0005377591,0.0031953389
ed6n0go,surprise,anger,0.46089965,0.40273437,0.008040011,0.00788239,0.112994894,0.0074487575
ed6o9ps,joy,joy,0.0008473506,0.00024956145,0.00024621026,0.99729866,0.00024100712,0.0011173305
ed6ofp9,anger,anger,0.86889017,0.0053739413,0.0028486536,0.085907,0.027519345,0.009460914
ed6p2ev,joy,joy,0.00081563764,0.00014668846,0.00032479546,0.9913018,0.0010144619,0.0063966
ed6p459,joy,joy,0.0011973582,0.00018063774,0.00022695369,0.99729687,0.00028617933,0.0008119913
ed6pccv,anger,anger,0.9647595,0.0018489988,0.0007378537,0.007431233,0.00664585,0.018576501
ed6piv1,sadness,joy,0.0013647825,0.00018791575,0.00035369003,0.99355835,0.0011364677,0.0033988862
ed6q139,sadness,fear,0.013168175,0.004946585,0.87088716,0.038801957,0.062086117,0.010109937
ed6r4ra,joy,joy,0.0063183997,0.00038570064,0.0005706682,0.98581713,0.00084288965,0.006065111
ed6sg09,surprise,surprise,0.012215028,0.0016474677,0.00397727,0.019243712,0.16619264,0.79672384
ed6sjhu,joy,disgust,0.0642453,0.65846324,0.2563613,0.010296125,0.006587302,0.0040467666
ed6sntb,sadness,joy,0.049469657,0.00084383617,0.0031842005,0.8485919,0.080226,0.017684288
ed6tkvs,joy,joy,0.0007357146,0.00013932507,0.00020289066,0.99609715,0.000379757,0.002445082
ed6tvzh,surprise,surprise,0.003923623,0.00039681376,0.0007416883,0.0057821274,0.00082199846,0.9883337
ed6u0zm,anger,anger,0.9251651,0.01122913,0.0032950188,0.012116681,0.03594969,0.012244424
ed6u5ps,joy,joy,0.00049755775,0.00015766801,0.00027430765,0.99776924,0.00017720279,0.0011240677
ed6ue69,joy,joy,0.00077360036,0.0002042969,0.0003498658,0.99432194,0.00024336377,0.0041069677
ed6vb2n,joy,joy,0.00071418425,0.00020792815,0.00029294592,0.99621093,0.00018909917,0.002384877
ed6vkjl,fear,fear,0.016874226,0.018329924,0.9499365,0.0050496566,0.0049086832,0.004901063
ed6vr9q,joy,joy,0.00061347475,0.00021187346,0.00038098704,0.9965849,0.00023604272,0.0019726811
ed6vvu7,joy,joy,0.0010903709,0.00014275349,0.0003114608,0.99605846,0.00055142003,0.001845508
ed6xcdy,joy,joy,0.04629519,0.0014068227,0.0008567939,0.9442692,0.004044619,0.0031274145
ed6xcwh,joy,joy,0.0011920434,0.00026486063,0.00029449892,0.9960675,0.00024393544,0.001937095
ed6y43m,joy,joy,0.0005623439,0.00017569738,0.00025389684,0.99808407,0.00020283251,0.0007211359
ed6ymo0,joy,joy,0.0006952989,0.00020943632,0.00040893286,0.98800325,0.00035982198,0.010323294
ed6yz6a,surprise,surprise,0.0040564663,0.0008305259,0.0011961191,0.05147122,0.0011071123,0.9413385
ed709l2,sadness,sadness,0.0052358727,0.0025690533,0.0013540793,0.010008165,0.9789131,0.0019196753
ed70zli,joy,joy,0.0005850075,0.00015987511,0.00023984813,0.9979278,0.00023598374,0.00085156906
ed71hr7,joy,joy,0.0006909464,0.0002285216,0.0004800127,0.99537104,0.002156375,0.001073081
ed71xxs,joy,joy,0.114596345,0.0022920123,0.0035370728,0.51849353,0.19993898,0.16114214
ed71z4y,surprise,surprise,0.0031223963,0.0004106278,0.00073564204,0.003071147,0.00074532005,0.99191475
ed71zss,joy,joy,0.00057655765,0.00015540054,0.0002764737,0.9977717,0.00032191328,0.0008979846
ed72vag,joy,joy,0.028568342,0.0009700938,0.0009387651,0.9248313,0.01073949,0.033952016
ed72vtx,surprise,surprise,0.17532822,0.0018395107,0.0023033542,0.01356076,0.04296249,0.76400566
ed73gmb,joy,joy,0.004862634,0.00034508208,0.0015634644,0.9443049,0.0085772,0.04034671
ed741ul,joy,joy,0.00056279916,0.0001802128,0.00027151697,0.99783856,0.00018522385,0.0009617181
ed744ld,sadness,joy,0.008357322,0.0015663635,0.0037570917,0.4989338,0.47424483,0.013140616
ed74a8u,anger,surprise,0.032542963,0.0015245841,0.0016881274,0.021338485,0.021813884,0.9210919
ed74bhn,anger,joy,0.04663937,0.0009453502,0.0030707496,0.94075227,0.0040872204,0.0045051323
ed74czc,joy,joy,0.0026832253,0.00026768967,0.0006555137,0.9810755,0.0011911419,0.014126941
ed74x62,sadness,sadness,0.008573378,0.0022202907,0.001808579,0.01314574,0.9573621,0.016889857
ed75l0w,joy,joy,0.0006987242,0.0001662263,0.00027383928,0.9977151,0.00021393543,0.0009321655
ed75r2m,joy,joy,0.0005821846,0.00021279755,0.00030557954,0.99795014,0.00017301588,0.00077625463
ed75vui,surprise,surprise,0.004984517,0.0005452259,0.00070122594,0.0024417092,0.0010127985,0.99031454
ed76wz1,anger,joy,0.002781811,0.00023144942,0.0006105975,0.9752144,0.0030917076,0.018070051
ed77f9k,joy,joy,0.00079461315,0.00018680561,0.0002517525,0.99657226,0.00025518207,0.0019394215
ed77vm8,anger,anger,0.866272,0.006562253,0.0022361046,0.024029095,0.047314383,0.05358628
ed789j9,anger,joy,0.3765251,0.008351731,0.002761204,0.5621437,0.017173316,0.03304499
ed79019,joy,joy,0.00094426645,0.00016894344,0.0003798642,0.9956464,0.00097099517,0.0018894669
ed794co,anger,anger,0.9725635,0.0041666175,0.001667294,0.007666653,0.011221039,0.0027149168
ed79fb4,joy,joy,0.0005839092,0.0001856186,0.0004920458,0.99692374,0.00036525293,0.0014494748
ed79hg8,joy,surprise,0.0035485886,0.0008200303,0.002130818,0.054039717,0.0021592623,0.9373016
ed7a12w,joy,joy,0.00042509692,0.00019342528,0.00043935835,0.9973949,0.00031292086,0.0012343663
ed7a6r5,joy,joy,0.016696254,0.0020193555,0.0017415072,0.84355545,0.003224346,0.13276306
ed7a94a,joy,joy,0.0005484757,0.00017449059,0.00024130847,0.9979365,0.00017323872,0.000925985
ed7b8h4,joy,joy,0.0005596437,0.0002032434,0.00029782506,0.9970565,0.00024433862,0.0016384511
ed7bo38,anger,joy,0.002485455,0.00018722822,0.00027464528,0.99262404,0.0010283048,0.003400267
ed7bxkx,anger,anger,0.9659353,0.0039812434,0.0009098276,0.0070462427,0.01855033,0.003577154
ed7c5o9,joy,fear,0.24438454,0.035741344,0.31605452,0.26046103,0.117519565,0.025838975
ed7ccmu,sadness,sadness,0.0068736076,0.0024255663,0.0013435883,0.0041267374,0.9796862,0.0055442
ed7cqqr,anger,surprise,0.2310065,0.0016733508,0.0013315313,0.020203423,0.020241717,0.7255435
ed7dq81,joy,joy,0.0017508852,0.00030820176,0.002028181,0.9922719,0.001061892,0.0025789244
ed7f11g,surprise,surprise,0.06386022,0.002265967,0.0031267542,0.013273758,0.006791486,0.9106818
ed7fgdc,anger,anger,0.938472,0.002127984,0.0009221613,0.0037906268,0.0080490345,0.046638183
ed7h6o8,joy,joy,0.0004528797,0.00018298606,0.00034501142,0.99803966,0.00021096904,0.0007684537
ed7hgxg,joy,joy,0.006234481,0.00039276306,0.0026069551,0.9515488,0.0033863105,0.035830617
ed7hjbe,sadness,sadness,0.0070740576,0.0020309452,0.0034323735,0.0040083644,0.9550142,0.028440008
ed7hzmm,joy,joy,0.0006775261,0.0002458855,0.00036962822,0.9972699,0.00022726053,0.0012097587
ed7j709,sadness,sadness,0.22381377,0.009053311,0.0038096365,0.09149632,0.6059354,0.06589154
ed7jbsg,joy,joy,0.00096515496,0.00014249579,0.00024750803,0.99637514,0.00023852335,0.0020310734
ed7kff2,surprise,joy,0.0007133766,0.00032723477,0.0003942953,0.9927867,0.00031879402,0.0054595326
ed7nnzw,sadness,sadness,0.0027680036,0.0011012951,0.0014690225,0.010573599,0.9791901,0.004897984
ed7ocvn,joy,joy,0.00061524264,0.0002565711,0.00035650085,0.9975395,0.00020465779,0.00102749
ed7oxbm,surprise,joy,0.019508112,0.0012220887,0.0016311564,0.64291894,0.0043679015,0.33035177
ed7q8la,sadness,sadness,0.013490436,0.002862027,0.0023162593,0.0055872262,0.9724949,0.0032490666
ed7r36s,joy,anger,0.9417679,0.0019386737,0.0010091565,0.025526201,0.009549956,0.020208145
ed7rdvg,surprise,surprise,0.0030968084,0.00067716936,0.002163017,0.29704934,0.0031815125,0.69383216
ed7ryas,joy,joy,0.0017625572,0.00032418108,0.00029052616,0.98019916,0.00076585944,0.016657736
ed7t2oa,joy,joy,0.08915566,0.012262996,0.003238223,0.839602,0.012109053,0.043632023
ed7t8y6,joy,joy,0.00087993237,0.0003439795,0.0003891518,0.9966007,0.00022667482,0.0015596416
ed7ty9p,joy,joy,0.11135183,0.0015748045,0.0014047562,0.7458303,0.0069503253,0.13288797
ed7u8eh,joy,joy,0.0007805781,0.00023566754,0.0004346495,0.9964367,0.00022225545,0.0018900912
ed7uezu,joy,joy,0.0007265416,0.00015657324,0.00023611571,0.9978594,0.00024821504,0.0007731452
ed7uin2,joy,joy,0.0005577847,0.00021367671,0.00030632596,0.9956565,0.00022333687,0.0030423836
ed7uo1f,joy,joy,0.000670016,0.00018151462,0.000319228,0.9970113,0.00020002954,0.0016179625
ed7uq8z,anger,anger,0.8814901,0.046727,0.019594273,0.009483398,0.010050169,0.032655075
ed7wam1,fear,fear,0.029436223,0.00847353,0.9382695,0.010390396,0.007084321,0.006346091
ed7x09k,joy,joy,0.0026754853,0.00042514972,0.00057058455,0.9424676,0.0011566355,0.05270461
ed7x4yb,anger,anger,0.88324827,0.01497265,0.0025950281,0.036724444,0.033127036,0.029332638
ed7xkbl,sadness,anger,0.81711245,0.008960251,0.0028420256,0.04671131,0.11051093,0.01386296
ed7y12p,joy,joy,0.0010209425,0.0001578276,0.0002650713,0.9948369,0.00048505887,0.0032341606
ed7yjh3,joy,joy,0.00044010885,0.00017047506,0.00031829017,0.9979159,0.00019739843,0.00095769315
ed7ypvh,fear,anger,0.5241812,0.0077793226,0.2077209,0.17362303,0.06740198,0.019293519
ed7z0c6,anger,anger,0.9432293,0.027611624,0.0015460316,0.013365027,0.010512594,0.003735391
ed7zetw,joy,joy,0.001092405,0.0001617175,0.00028664607,0.9885084,0.0004031331,0.009547618
ed7zu10,anger,joy,0.035554864,0.0011645627,0.0013504487,0.7005666,0.06741572,0.19394782
ed80fb1,joy,joy,0.00073666766,0.00017143454,0.00025002952,0.9978436,0.00018196992,0.0008162376
ed80lzq,joy,joy,0.0011312688,0.00015770043,0.00020326916,0.99729794,0.00035530425,0.0008545363
ed80m9m,joy,joy,0.0010736132,0.00035463512,0.0003782968,0.9970867,0.00019970801,0.00090707536
ed81d5a,surprise,surprise,0.17833634,0.0017655306,0.0016670384,0.0049192463,0.005725387,0.80758655
ed81yq7,joy,joy,0.00043302897,0.00017291713,0.0002825985,0.9980685,0.00020077801,0.000842154
ed844wg,anger,anger,0.54601574,0.0017876226,0.0021352896,0.34375137,0.01084809,0.09546185
ed84apd,joy,joy,0.00070796313,0.00023171857,0.00026303847,0.99791414,0.00017959694,0.0007035768
ed873ai,surprise,surprise,0.012370726,0.0005717683,0.0020573016,0.12758985,0.005043647,0.8523668
ed877yv,joy,joy,0.0018138885,0.00017166273,0.00033977456,0.99490535,0.00052237546,0.0022469414
ed87r4d,anger,anger,0.91957766,0.0046176957,0.000865822,0.00418792,0.00941343,0.061337408
ed89acy,joy,joy,0.036940042,0.040583093,0.008619835,0.8985068,0.01041828,0.0049319076
ed8ale8,surprise,surprise,0.004195458,0.00042979047,0.0012320927,0.0043447847,0.0047504487,0.98504746
ed8apkj,disgust,surprise,0.44411284,0.0100827,0.007579931,0.018589787,0.06972623,0.44990847
ed8b04a,joy,joy,0.0030586857,0.00014603087,0.00047292418,0.99318564,0.0007318243,0.0024048083
ed8cbz8,surprise,surprise,0.0040882947,0.00036343822,0.0012054351,0.0048820735,0.002562412,0.9868984
ed8ei53,joy,joy,0.0006191813,0.00017074219,0.0002373072,0.9977615,0.00018910995,0.0010221057
ed8ew98,joy,joy,0.0010942399,0.00013447339,0.00027769496,0.9916762,0.000733287,0.006084084
ed8ezqg,joy,joy,0.0005400765,0.00015076807,0.00025089426,0.9978058,0.00032271145,0.0009297499
ed8ffhv,surprise,surprise,0.011689119,0.0011842464,0.0020221053,0.049199447,0.004702911,0.9312022
ed8fyzg,joy,joy,0.00043090095,0.00017831118,0.00027571953,0.9979504,0.0002602734,0.00090436003
ed8g95h,joy,joy,0.0004588601,0.00019316723,0.00028007413,0.99720013,0.00020549214,0.001662191
ed8h33q,joy,joy,0.0007882481,0.00014235027,0.0002585102,0.9976528,0.0001857701,0.0009723127
ed8h5h6,joy,joy,0.0016818341,0.00032635074,0.00035019367,0.98807293,0.0005377982,0.00903089
ed8hesy,joy,joy,0.001063202,0.00032410928,0.00041494847,0.98834467,0.00045617073,0.00939683
ed8hn3s,joy,joy,0.00059220253,0.00015112727,0.0003657732,0.99762803,0.00025214686,0.0010107748
ed8hpi6,joy,joy,0.0005948136,0.00015164145,0.00022993963,0.9981329,0.00019782207,0.00069287186
ed8hsvh,joy,joy,0.00036609487,0.00018846935,0.0003853842,0.99772245,0.0003235322,0.0010141125
ed8htw0,joy,joy,0.000466676,0.00017201506,0.00032998383,0.99556595,0.00055087387,0.0029145672
ed8i1ws,joy,joy,0.0005972264,0.00017323991,0.00025698307,0.99797565,0.00022360339,0.0007732429
ed8i5qv,joy,joy,0.0034112302,0.00086189876,0.0008208029,0.9833844,0.0019149781,0.0096067805
ed8jhhu,joy,joy,0.00072201114,0.00018800142,0.00023028815,0.99766576,0.00022063407,0.00097335334
ed8kcno,joy,joy,0.011226724,0.00052476645,0.00033774687,0.9826849,0.0010324601,0.004193418
ed8kg4l,anger,anger,0.5824729,0.0024285596,0.0021469728,0.030234482,0.0133151375,0.36940193
ed8khhp,surprise,joy,0.04128588,0.0032220792,0.0062401295,0.4876615,0.018495973,0.44309446
ed8kp9u,surprise,surprise,0.0035891305,0.00040387636,0.0018479085,0.0050392677,0.0016771251,0.9874427
ed8kqr6,anger,anger,0.9734163,0.0022850798,0.00061339425,0.007402825,0.0050419373,0.011240389
ed8lt42,joy,joy,0.0007133102,0.00015996936,0.0002586066,0.9976185,0.00017874726,0.0010707993
ed8m8b5,sadness,sadness,0.0032452692,0.0011557667,0.0013387998,0.004131411,0.98814464,0.0019841453
ed8mfs6,joy,joy,0.00063634,0.00020063181,0.00030154586,0.9969157,0.00021845377,0.0017273695
ed8mfz2,joy,surprise,0.0028066826,0.00075761025,0.0014018137,0.124028824,0.0015358209,0.86946934
ed8mtit,joy,joy,0.035782468,0.00071293,0.0006479701,0.95792514,0.0028453565,0.0020860834
ed8mur5,joy,anger,0.9155608,0.0077619352,0.009395206,0.03808253,0.02217196,0.0070275944
ed8n4fx,anger,anger,0.95556927,0.015754193,0.0014186793,0.010730708,0.013319559,0.0032075366
ed8n5mi,joy,joy,0.0052819983,0.0009150485,0.012494475,0.9736699,0.0007572271,0.0068813553
ed8niuw,joy,joy,0.00082538824,0.00019223495,0.00022832969,0.9977023,0.00019959934,0.000852117
ed8o0za,sadness,sadness,0.008374398,0.0016182534,0.0022747254,0.22661665,0.74933904,0.011776818
ed8o616,joy,joy,0.00088752643,0.00018985904,0.00025585294,0.99762684,0.00021224693,0.0008276973
ed8ogxv,surprise,surprise,0.009457042,0.00042461033,0.0007903923,0.0019450965,0.0034732844,0.98390967
ed8orl0,anger,anger,0.7192851,0.0036550623,0.0015354523,0.25268444,0.014966585,0.007873412
ed8p8um,joy,joy,0.0004501795,0.00015322656,0.00025678292,0.9977112,0.00022193442,0.0012067489
ed8ph77,joy,joy,0.0006645844,0.00016710113,0.00021550912,0.9979721,0.00021683534,0.000763923
ed8prm1,joy,joy,0.000794072,0.0002266632,0.00038362225,0.9935272,0.0009996415,0.0040688
ed8q2c5,anger,joy,0.32379326,0.0026626037,0.0041898107,0.52480185,0.014501523,0.13005094
ed8qc78,anger,anger,0.9799247,0.008806425,0.00093533687,0.003605801,0.0045003765,0.002227351
ed8r0aq,joy,joy,0.00063093886,0.00018010287,0.00025031748,0.99781203,0.00027765226,0.0008489178
ed8rl4h,sadness,surprise,0.003781862,0.00036722346,0.000984153,0.0042471113,0.0025082657,0.9881114
ed8sccd,joy,joy,0.00046145648,0.00023810545,0.000593122,0.99563736,0.0006867414,0.0023833094
ed8t0es,sadness,sadness,0.0052702664,0.0018132451,0.002061464,0.4872811,0.48956946,0.014004446
ed8tiz9,joy,joy,0.0047771847,0.00043567273,0.00066893554,0.905314,0.0025703001,0.08623384
ed8tvqs,fear,joy,0.0010222621,0.0004971028,0.0016514073,0.97161084,0.0026561539,0.022562234
ed8uqdb,sadness,sadness,0.017951481,0.015606668,0.0127296,0.0135622695,0.9250778,0.0150721995
ed8vsxg,anger,anger,0.9746619,0.004616404,0.0020608616,0.008189579,0.0067364667,0.0037347109
ed8vtzw,surprise,surprise,0.013664348,0.0006556725,0.0008704236,0.0032265407,0.002346085,0.97923696
ed8wcui,surprise,surprise,0.119930804,0.0011528967,0.0014083295,0.0054781027,0.018127516,0.8539023
ed8wtld,joy,joy,0.0008565668,0.00015217726,0.00024495224,0.99677604,0.00021362767,0.0017565984
ed8xhhq,joy,joy,0.002614628,0.00027301998,0.00026721586,0.992488,0.0034954988,0.0008616296
ed8yud4,surprise,surprise,0.008038014,0.0013166424,0.005742686,0.009078648,0.10416117,0.87166286
ed8zubh,joy,joy,0.000875696,0.00014773468,0.0003289948,0.9970143,0.0004573374,0.0011759676
ed8zwph,joy,joy,0.0013758577,0.00029327552,0.00047482937,0.9962794,0.00024505303,0.0013315262
ed906jd,joy,joy,0.0006001786,0.00017889918,0.00026135417,0.9977325,0.00018302554,0.0010440781
ed911wk,joy,joy,0.0005012907,0.00016347232,0.0002854101,0.998092,0.0001969507,0.00076087256
ed931i6,anger,anger,0.90181655,0.0026362706,0.0015817042,0.02159967,0.03820664,0.03415927
ed93mwk,joy,joy,0.0006377447,0.00016008469,0.00022851763,0.9978485,0.00021783148,0.00090724434
ed93o2e,surprise,surprise,0.007487872,0.00037819735,0.00064785517,0.0022806013,0.0017769905,0.98742837
ed93wm6,sadness,anger,0.88310915,0.0067632557,0.0014056817,0.0048392327,0.0929891,0.010893627
ed941zn,surprise,surprise,0.0030744814,0.0004089012,0.00079717155,0.0025577066,0.00093401043,0.9922276
ed9496a,joy,joy,0.00052976765,0.00014832465,0.0002360404,0.9978143,0.00027245432,0.0009989958
ed94hdl,anger,joy,0.0007494835,0.0002179673,0.00026176087,0.9978072,0.00020279463,0.0007608256
ed955ab,surprise,surprise,0.0063097184,0.00039364572,0.0005310187,0.008565408,0.001847693,0.98235255
ed95rgs,anger,anger,0.93428886,0.0034082965,0.00068115373,0.035268024,0.009182663,0.01717097
ed966f7,surprise,surprise,0.021762617,0.00092674186,0.0017518124,0.0374444,0.02641218,0.9117023
ed97kbk,anger,anger,0.9508887,0.0020345326,0.0008025434,0.005320965,0.006042141,0.03491105
ed97nbc,surprise,surprise,0.014286469,0.0017234585,0.0022746455,0.24051815,0.016179949,0.72501737
ed98cxb,joy,joy,0.0007855934,0.00017759245,0.0002309801,0.9972301,0.00029686876,0.0012787706
ed995t7,joy,joy,0.0006560513,0.00017007333,0.0002475121,0.99800915,0.0002044203,0.00071281515
ed99nmf,anger,anger,0.97786075,0.0029891573,0.0006659276,0.0067362185,0.008501195,0.0032467165
ed9ats7,joy,joy,0.00092337315,0.00014442544,0.00024823245,0.99724257,0.00043712626,0.0010043151
ed9b1j4,joy,joy,0.0008085896,0.00015969962,0.00021790536,0.997282,0.00029751656,0.0012342731
ed9b3no,joy,joy,0.0011312623,0.00028384774,0.00035653278,0.9966646,0.00046856306,0.0010951612
ed9bbey,disgust,disgust,0.076696284,0.8503677,0.02223541,0.03108387,0.014113911,0.005502789
ed9cu5k,sadness,sadness,0.021609884,0.0075396467,0.0031736107,0.0444858,0.9212814,0.0019096604
ed9ev0u,anger,anger,0.74642324,0.0023370124,0.0015087791,0.020537319,0.03373795,0.19545574
ed9fyax,surprise,anger,0.6109669,0.0033875147,0.001863031,0.015732927,0.010055693,0.35799384
ed9g2pm,joy,joy,0.0018699239,0.00023210049,0.00037683223,0.99209243,0.0009860997,0.0044426084
ed9h5y9,joy,joy,0.0005215974,0.00017952632,0.00030767996,0.9911664,0.0007255315,0.007099199
ed9hd7k,anger,anger,0.8511198,0.037036248,0.0036563657,0.02157704,0.081350386,0.0052601504
ed9hm9b,joy,joy,0.0026763103,0.0005729813,0.0010923719,0.7888203,0.0016671917,0.20517083
ed9i7wi,sadness,sadness,0.0049665114,0.00071171037,0.0018108237,0.0344846,0.95155895,0.0064673396
ed9iha9,joy,joy,0.00964294,0.0005954534,0.006186935,0.9746113,0.0043131337,0.004650153
ed9jerd,joy,joy,0.001759022,0.00018724486,0.00035797074,0.99628973,0.00025611406,0.0011499787
ed9jw3c,surprise,surprise,0.004780902,0.0003505293,0.00057695416,0.0034150023,0.0012350745,0.9896416
ed9ke46,surprise,surprise,0.00816063,0.00042661146,0.0006139753,0.0042706435,0.0014887734,0.98503935
ed9kf0i,joy,joy,0.0014436353,0.00011577499,0.00029850067,0.996068,0.0004454479,0.001628624
ed9klyx,surprise,joy,0.009209197,0.00070711924,0.0029435093,0.93140966,0.0047011715,0.0510293
ed9km8y,joy,joy,0.0056029414,0.0009957389,0.0019223749,0.54476386,0.0013122811,0.4454028
ed9kmbb,joy,joy,0.06620928,0.0017156369,0.0042227693,0.68805826,0.21121232,0.028581727
ed9lbup,joy,anger,0.7594793,0.02805859,0.006859792,0.15057318,0.024708463,0.030320702
ed9lggf,joy,joy,0.001227502,0.00020294184,0.00020926235,0.99697673,0.0002819262,0.0011016802
ed9m8n5,joy,joy,0.00054157485,0.00014047106,0.00025215637,0.99739814,0.00032744743,0.0013401677
ed9ml2t,joy,joy,0.0009314086,0.00017600546,0.00027392356,0.99555826,0.00051663315,0.0025437786
ed9ms37,surprise,surprise,0.004256174,0.00064770447,0.0019533657,0.33663487,0.004332233,0.65217566
ed9n50o,joy,joy,0.00060658087,0.0002528686,0.0003556309,0.9964585,0.0002553311,0.0020711282
ed9o8vj,joy,joy,0.0005263797,0.00017701599,0.0002931997,0.99754286,0.00018653498,0.0012740606
ed9oc3z,surprise,surprise,0.00985774,0.0004513648,0.00078767625,0.0021000865,0.002351843,0.9844513
ed9pgsa,joy,joy,0.00047877376,0.0001632202,0.00029171276,0.9976672,0.00025359,0.0011455492
ed9pyix,joy,joy,0.0032102778,0.00024329878,0.0004796362,0.9586524,0.0017386908,0.035675637
ed9r9yl,joy,joy,0.000546607,0.00016911357,0.00023199889,0.99794346,0.0002078988,0.00090102135
ed9rt68,joy,joy,0.0023183045,0.00020702902,0.00019763949,0.99414176,0.0005397464,0.0025955015
ed9s32l,joy,joy,0.007384951,0.00037183036,0.00050095073,0.96356976,0.0055202832,0.022652185
ed9s3f7,joy,joy,0.00051756826,0.00019597595,0.00029252874,0.9980344,0.00017731616,0.0007822154
ed9sdxg,joy,joy,0.0004579685,0.00019492766,0.000317729,0.99643195,0.00033500846,0.0022623837
ed9si6l,joy,joy,0.0018819547,0.00027448518,0.00036075167,0.9876945,0.0008409233,0.008947366
ed9srty,joy,joy,0.00046915188,0.00019460868,0.0003294431,0.9980646,0.00019790062,0.00074442854
ed9ubsp,joy,joy,0.0029678596,0.00016285747,0.00035101056,0.9926156,0.00079409045,0.0031086192
ed9ugmn,anger,anger,0.8359505,0.11630761,0.00370781,0.015313315,0.025274154,0.0034466106
ed9uxds,anger,anger,0.85942125,0.0038866592,0.0012001451,0.08402516,0.0144754145,0.036991395
ed9vovm,disgust,disgust,0.27074865,0.6122847,0.03186858,0.013846921,0.06441067,0.0068404092
ed9vrk8,joy,joy,0.00060870236,0.0002461029,0.00040565216,0.9943429,0.00025743028,0.0041391994
ed9w48i,joy,joy,0.00079155824,0.00011705056,0.00025550617,0.9969952,0.00054479425,0.0012958627
ed9wh9d,joy,joy,0.00065794424,0.000165016,0.0002513443,0.99782974,0.00021870808,0.0008771857
ed9xbtq,surprise,surprise,0.017080713,0.0007055379,0.001205291,0.025443139,0.0033170437,0.95224833
ed9xzpd,joy,joy,0.000419826,0.00018459305,0.00026985758,0.9978688,0.0002535012,0.0010033571
ed9y2xd,joy,joy,0.0008039293,0.0001791805,0.00021713205,0.9976513,0.00021431195,0.0009341962
ed9y743,joy,joy,0.016528888,0.00043661674,0.00044185674,0.97372776,0.0016677695,0.007197083
ed9yqux,surprise,surprise,0.009653305,0.0005228795,0.0008275095,0.0027197723,0.001250076,0.9850264
ed9z6gf,surprise,anger,0.5373271,0.0056405403,0.003822379,0.28291696,0.10022988,0.0700632
ed9zj2k,joy,joy,0.00082174805,0.00014400117,0.00020694226,0.99778867,0.00027356556,0.00076512847
ed9zrnh,anger,anger,0.7945743,0.005691369,0.0019883823,0.047814265,0.13826312,0.011668474
eda256p,joy,joy,0.01433857,0.00044513252,0.00048429795,0.9815329,0.0013626324,0.0018364977
eda2azi,sadness,anger,0.88701564,0.017801644,0.001161236,0.016532416,0.07385152,0.0036375977
eda2ojj,joy,joy,0.0008039249,0.00014124918,0.0002271312,0.99748874,0.00037915685,0.0009597234
eda2ot2,joy,joy,0.0005743394,0.00018383567,0.0002598563,0.9979734,0.00022818317,0.0007803838
eda2pct,joy,joy,0.00066061754,0.00012262553,0.00019920492,0.99734735,0.00026523788,0.0014049428
eda39j9,joy,joy,0.00063957233,0.00021735526,0.00030362784,0.9978382,0.00017009706,0.00083118444
eda3f69,surprise,surprise,0.010948937,0.00064147817,0.0007627912,0.05929756,0.0015335017,0.9268157
eda3ivp,anger,anger,0.53153986,0.0026248489,0.002934974,0.2663365,0.09652913,0.10003471
eda41eh,joy,joy,0.0006802471,0.00016104283,0.00025653804,0.9977411,0.00020211916,0.0009589907
eda51nn,joy,joy,0.0019076485,0.00022425788,0.0005207192,0.96428484,0.0011767492,0.031885803
eda54wt,joy,joy,0.0006484148,0.00012960339,0.00021916101,0.9969729,0.0003174822,0.0017124069
eda58jj,surprise,surprise,0.0045180763,0.0005714791,0.0006938219,0.049000546,0.0028565445,0.9423595
eda5ytx,joy,joy,0.0004783388,0.00017116523,0.0002847786,0.998181,0.00030483716,0.00057992537
eda6bx8,joy,joy,0.00086285034,0.00017190792,0.00022934428,0.99766326,0.00019273386,0.00087990414
eda6snp,sadness,sadness,0.027202673,0.01367897,0.011512104,0.00895054,0.9010625,0.037593238
eda6xsa,joy,joy,0.0007249166,0.00020292008,0.0004229609,0.9898094,0.0010030114,0.007836707
eda726z,joy,joy,0.00063755474,0.00015543112,0.00022779146,0.9978263,0.0002239927,0.000928892
eda83rh,surprise,surprise,0.0036238446,0.00036999484,0.0006760393,0.0030205112,0.0013068304,0.9910027
eda86hg,joy,joy,0.00065000274,0.00013688895,0.00021487792,0.99767655,0.00024647414,0.0010752368
eda9bvr,surprise,surprise,0.0044319485,0.00061685365,0.0012183549,0.0112577155,0.007282147,0.97519296
eda9v6q,joy,joy,0.0007305594,0.000160945,0.0006991046,0.9968984,0.00035047843,0.0011605821
edaa1n4,sadness,anger,0.8112958,0.041243836,0.0021140857,0.020492302,0.11978386,0.005070098
edaa2w7,surprise,surprise,0.03688145,0.0007529515,0.0009182944,0.0027193602,0.0020897903,0.95663804
edaal52,joy,joy,0.0011739299,0.00017202793,0.00022897354,0.9973062,0.00055349147,0.0005653706
edab1l1,anger,anger,0.67607504,0.016220098,0.032349247,0.120943725,0.07320167,0.0812102
edab2jq,joy,joy,0.005099962,0.0003817712,0.00041100342,0.9503228,0.0008292488,0.042955205
edabj2w,joy,joy,0.0011048196,0.00020490114,0.0002477829,0.9950825,0.00037811886,0.0029818558
edabzrb,joy,joy,0.00047647994,0.00016689816,0.00028479984,0.9979937,0.00023855748,0.0008395338
edae6y4,anger,anger,0.7015264,0.007869741,0.0019994816,0.22216801,0.05190161,0.014534799
edafaik,joy,anger,0.95168084,0.018899152,0.010306397,0.0075085605,0.008798865,0.0028061776
edafzwe,anger,anger,0.9838207,0.0042538093,0.0007329851,0.0033483778,0.005433383,0.0024107997
edagyiv,joy,joy,0.0090959845,0.0026447356,0.0030159056,0.974228,0.0022618517,0.008753535
edaik69,surprise,surprise,0.010205064,0.0014765292,0.0039087003,0.004229754,0.060039554,0.9201404
edaime1,joy,joy,0.000587333,0.0001765405,0.00027572093,0.99802303,0.00017178075,0.000765599
edajjew,joy,joy,0.0011401044,0.00012229868,0.00022868911,0.9953447,0.0004942526,0.0026700424
edajs63,anger,anger,0.85812485,0.0026484348,0.0011039345,0.014957629,0.10014223,0.023022968
edakdb8,joy,joy,0.0024033217,0.0010762782,0.0035740812,0.94515467,0.043502558,0.0042890157
edamq25,joy,joy,0.0005681049,0.00021425838,0.0003500993,0.9914179,0.0002774937,0.007172201
edan1sb,joy,joy,0.00071878923,0.00016629494,0.00023845583,0.99771595,0.00018738025,0.00097315584
edao8me,joy,joy,0.0020104076,0.00042168677,0.0003243382,0.99263823,0.0005304994,0.004074775
edaoqie,sadness,sadness,0.010423178,0.0015430546,0.0017117222,0.01459147,0.9650524,0.00667821
edap1i5,joy,surprise,0.0048303595,0.0007032828,0.0011662457,0.25901753,0.0016161674,0.7326664
edapdmw,surprise,surprise,0.008385726,0.00061584945,0.0025909469,0.008004746,0.004706791,0.9756959
edaq4ff,fear,surprise,0.024051124,0.0014613294,0.003170039,0.041417055,0.18327394,0.74662644
edar33i,anger,sadness,0.11549812,0.030202048,0.015895376,0.08886925,0.7331518,0.016383488
edar45c,sadness,sadness,0.0034096749,0.0011135262,0.0011330039,0.007170617,0.9852739,0.0018993017
edar4o7,surprise,surprise,0.0060513695,0.00039681024,0.0006510527,0.01696879,0.0014102648,0.97452176
edarwx8,anger,anger,0.6754605,0.0052054357,0.0044126506,0.20912239,0.059110124,0.04668894
edashqi,joy,joy,0.00052952825,0.00019890742,0.00027756213,0.997999,0.00018261583,0.00081232825
edat48r,sadness,anger,0.9312375,0.017861782,0.0011445663,0.0105160065,0.034306947,0.0049331896
edatjcr,surprise,surprise,0.0046955943,0.0004929348,0.0007027989,0.005828361,0.0019188275,0.9863615
edauvy5,anger,joy,0.405697,0.016936867,0.010777441,0.52029556,0.024429707,0.021863407
edav9d9,joy,joy,0.0006473187,0.0001737119,0.00033103247,0.9974285,0.00022455948,0.001194863
edavrol,joy,joy,0.0005242901,0.00019934357,0.00035979552,0.9946238,0.00030312577,0.003989732
eday23l,anger,anger,0.7824563,0.020768233,0.03049805,0.070539325,0.06886751,0.026870713
edaya61,anger,anger,0.8425358,0.001878995,0.00067712786,0.13243595,0.011361327,0.011110812
edaz1g3,joy,joy,0.00040923458,0.00012837704,0.00026556183,0.9977812,0.00046139525,0.0009542287
edb1zj4,joy,joy,0.0003823106,0.00018964213,0.00032140157,0.99770504,0.00048097334,0.0009206053
edb70zl,sadness,joy,0.082471035,0.001499281,0.0013446492,0.83625734,0.036817823,0.041609794
edb79g1,anger,anger,0.96842176,0.0044698087,0.0005903614,0.015411614,0.00827884,0.0028276136
edb7t2l,joy,joy,0.0005732709,0.00019829253,0.00023434867,0.99762934,0.00023671794,0.0011281233
edb8u2w,anger,anger,0.97589105,0.0033303006,0.0011490249,0.0045196232,0.009579679,0.005530383
edb9gtq,joy,joy,0.0010191515,0.00013457073,0.0005932094,0.9963941,0.00038744765,0.001471581
edb9itc,joy,joy,0.0006010648,0.00019479664,0.0002570124,0.9981096,0.00018138248,0.0006561481
edb9r1a,joy,joy,0.00072407944,0.00015127112,0.00023644771,0.99758863,0.00036332567,0.00093623885
edbbcwm,joy,joy,0.001472935,0.0005633704,0.0025619937,0.99293065,0.0004897327,0.0019812474
edbcwv1,joy,joy,0.00072501355,0.00017529892,0.00021917067,0.9979892,0.00020114669,0.00069019565
edbd221,anger,sadness,0.089290276,0.004705116,0.006809648,0.14702673,0.4926175,0.2595508
edbdtxe,joy,joy,0.04278164,0.0020563111,0.03935694,0.87044257,0.0045750462,0.040787615
edbdz7v,joy,surprise,0.0032871594,0.0011364751,0.00198399,0.46935257,0.002766262,0.5214735
edbejsy,anger,anger,0.7546301,0.009994546,0.002231791,0.030781409,0.15723167,0.045130506
edbfjia,joy,joy,0.0020318234,0.0003072982,0.0006001618,0.9826151,0.0016699645,0.012775631
edbfmjb,sadness,fear,0.048919093,0.0063907234,0.8948036,0.027472375,0.008848744,0.013565564
edbge0l,joy,joy,0.014112008,0.00074558984,0.00072042755,0.9678219,0.0014805739,0.015119507
edbgx3y,anger,anger,0.8867084,0.0060724323,0.0017578084,0.01717147,0.052721586,0.03556829
edbgxqd,joy,joy,0.0010269701,0.0003311509,0.00046567275,0.9942432,0.00056410226,0.0033688839
edbhh6v,joy,joy,0.0007075086,0.00019389017,0.00023604029,0.99797267,0.00022162283,0.00066830096
edbhu6h,anger,anger,0.7800343,0.04557987,0.0049887635,0.10708731,0.040112354,0.022197422
edbllbi,joy,joy,0.0011436823,0.00058478065,0.0005597429,0.99194384,0.0005511634,0.0052168723
edbmho6,anger,anger,0.9780491,0.004859661,0.0007652859,0.0035048956,0.009800066,0.003020896
edbmm0k,sadness,joy,0.0010363602,0.00021174089,0.00028473642,0.9947606,0.0004558167,0.0032508562
edbn9nu,anger,fear,0.17681757,0.1284598,0.6673788,0.012924115,0.00881574,0.0056040664
edbnkc6,joy,joy,0.0031885223,0.0010245877,0.0013660433,0.75921524,0.0016038802,0.23360172
edbnuka,joy,joy,0.00060022017,0.00020298778,0.00029801726,0.99797684,0.00031308728,0.0006088174
edbpaxt,sadness,sadness,0.025763825,0.0015415784,0.00105262,0.021113735,0.93749285,0.0130352955
edbpgjv,joy,anger,0.85416687,0.0042332946,0.0013744859,0.09649537,0.017716035,0.026013868
edbpk9y,joy,joy,0.0004687585,0.00020232577,0.0003818308,0.9971649,0.0003455668,0.0014365405
edbq7pd,joy,joy,0.01671253,0.00032145096,0.0009019943,0.9444363,0.0035999962,0.034027718
edbqjyw,surprise,surprise,0.0077611287,0.00039712957,0.0006369383,0.01319952,0.0019930755,0.9760122
edbqp80,joy,joy,0.0006671194,0.00016563352,0.0002551869,0.99786925,0.00022134051,0.0008214728
edbqx0i,anger,anger,0.9793758,0.0015756243,0.0007199308,0.007540839,0.0043123015,0.006475612
edbr8rd,joy,joy,0.00073054124,0.00019280937,0.00031576902,0.9969535,0.00021106913,0.0015963406
edbrmlc,joy,joy,0.00055258855,0.00014255082,0.00022075103,0.9978309,0.0002640719,0.0009891521
edbu073,anger,anger,0.9849399,0.002360893,0.000782869,0.0027966572,0.0048718457,0.0042478163
edbufq5,sadness,sadness,0.00240975,0.0013758627,0.00203671,0.013260995,0.9782793,0.0026373407
edbuowp,sadness,anger,0.7130347,0.0049700285,0.0012583673,0.06858685,0.19567376,0.016476361
edbvgm2,joy,joy,0.0004342148,0.00019265078,0.0002876133,0.9979153,0.00030986566,0.00086029695
edbvlh5,sadness,joy,0.0016852577,0.0002087977,0.00028525927,0.9932492,0.0016619656,0.002909531
edbvliu,joy,joy,0.00077441783,0.0001421987,0.00021402405,0.99760985,0.00023446616,0.0010250235
edbwmfa,joy,joy,0.0009663743,0.00013631856,0.00019889337,0.9974527,0.00038359937,0.00086215173
edbwtuu,joy,joy,0.09109373,0.002036433,0.0018523313,0.7879435,0.014080717,0.102993265
edbykpq,joy,joy,0.00071981683,0.00014745777,0.00021185959,0.99779874,0.00028331106,0.0008387869
edbzhwh,sadness,anger,0.9131327,0.0023365384,0.0008080508,0.038555298,0.017748581,0.027418746
edc1215,joy,joy,0.0009388542,0.00017702828,0.00025238874,0.99649674,0.0005394665,0.0015956138
edc1r3d,anger,anger,0.8951687,0.002405973,0.0022155435,0.004997842,0.009143076,0.08606877
edc1xaw,joy,joy,0.016185526,0.00046052813,0.0007180629,0.97164154,0.0014643469,0.009530082
edc2p93,joy,joy,0.0005393805,0.00015795037,0.00033616446,0.9966757,0.000318699,0.001972132
edc4l2f,surprise,surprise,0.1600002,0.030326178,0.09412458,0.23484369,0.076815926,0.4038894
edc4vte,surprise,surprise,0.0024214273,0.00041478194,0.0009418119,0.0041547283,0.00092619326,0.99114096
edc5lfp,joy,sadness,0.091353066,0.002691983,0.014864973,0.1421274,0.69047064,0.058491997
edc5wcw,joy,joy,0.0027982506,0.00028596757,0.0004384079,0.94721764,0.0012219141,0.04803786
edc7phi,joy,joy,0.00091972103,0.0001417785,0.00024058526,0.9974917,0.00038420968,0.00082198705
edc7r5w,joy,joy,0.004310329,0.0010270375,0.002006947,0.9475867,0.002247468,0.042821504
edc7szw,joy,joy,0.0012391463,0.00018848786,0.00038040295,0.99410856,0.00048812045,0.00359531
edc7t96,anger,anger,0.6150135,0.005370472,0.015979169,0.3418481,0.009692134,0.012096615
edc8dxx,surprise,surprise,0.0589363,0.0010748155,0.0010349015,0.25009847,0.003309942,0.68554556
edc8h9v,joy,joy,0.0022041814,0.00017995565,0.0010043257,0.9941736,0.00063390797,0.0018040765
edc8jzv,anger,anger,0.8084375,0.012599761,0.009333014,0.015448658,0.14216587,0.012015176
edc9w60,sadness,sadness,0.0582618,0.036176436,0.04786465,0.017337902,0.83471876,0.005640464
edcc281,joy,joy,0.00060147076,0.0001648566,0.00031371496,0.9977665,0.0002284886,0.00092502154
edcc3yp,anger,fear,0.066294946,0.16387819,0.67444956,0.011026814,0.020907454,0.06344308
edcckl2,joy,joy,0.0023654264,0.00031822416,0.00044361348,0.986803,0.0005731682,0.009496604
edcdg0g,joy,joy,0.0006388227,0.00018795884,0.000290394,0.99802303,0.00020454855,0.00065521203
edcdo40,joy,joy,0.0005886657,0.00016655868,0.0002718048,0.99781466,0.00019398892,0.00096428266
edcdu9q,joy,joy,0.33636937,0.01617359,0.0027422693,0.6072241,0.027860146,0.009630535
edcdy5e,surprise,surprise,0.014533537,0.0007416699,0.0012921181,0.005150353,0.022164913,0.9561174
edcg9gt,sadness,sadness,0.0063677127,0.0014455039,0.002247607,0.005832402,0.96855205,0.015554724
edcgi09,joy,joy,0.0049216673,0.000659295,0.0017008844,0.95624954,0.03258516,0.003883473
edcgrvs,joy,joy,0.000671236,0.00018897158,0.00026554204,0.9980065,0.00019076526,0.0006770001
edcgwf4,anger,anger,0.62441444,0.0025934998,0.0013936568,0.006391927,0.0075048055,0.35770166
edchv04,surprise,surprise,0.0034325474,0.00072066986,0.0026990296,0.004535662,0.01224915,0.976363
edci7fb,joy,joy,0.013448715,0.0007550567,0.00076892006,0.97530055,0.0009405891,0.008786118
edcjks9,sadness,sadness,0.0026155734,0.0011763432,0.0016635392,0.00514275,0.98588085,0.003520893
edcki0k,joy,joy,0.002428004,0.00017621602,0.00036972185,0.99601775,0.00031016907,0.00069814746
edclh5n,joy,joy,0.0096112145,0.00084496377,0.0004760543,0.98624426,0.00084875966,0.0019747159
edcmilh,fear,fear,0.03387745,0.012954872,0.9344023,0.009624383,0.0036566097,0.005484391
edcmyxk,anger,sadness,0.27384046,0.08958756,0.006445351,0.012135012,0.6123726,0.005619012
edcn2ku,joy,joy,0.00065213704,0.00016277948,0.00027318235,0.9969632,0.0001910805,0.0017575918
edcn59s,surprise,surprise,0.03379778,0.0006808388,0.00090775435,0.014290335,0.0037013602,0.94662195
edcnd0l,joy,joy,0.00063191284,0.00020300556,0.00025105404,0.99771404,0.00018815491,0.001011811
edcnevu,joy,joy,0.0005703601,0.0001753772,0.00024970496,0.99539906,0.00031259473,0.0032929073
edcnjr2,joy,joy,0.001068039,0.00021733547,0.00033285975,0.9852293,0.00028144324,0.012871024
edcnjz9,joy,joy,0.00043734172,0.00017644597,0.0002584164,0.99813473,0.00021311519,0.000780023
edcnlhd,anger,surprise,0.03390756,0.0012657074,0.0035973475,0.011811194,0.09277426,0.856644
edcnsgk,joy,joy,0.00057427,0.00018326873,0.0003396025,0.99736756,0.00022056836,0.0013148036
edco2wn,joy,joy,0.00088975637,0.00017953706,0.00021594432,0.99720854,0.0004056379,0.0011005806
edcpgii,joy,joy,0.00049896305,0.00015876524,0.0002924295,0.9979481,0.0002678613,0.0008339349
edcpjhn,anger,anger,0.9822134,0.0026324939,0.0008584928,0.007044398,0.003501585,0.0037497515
edcqdln,joy,joy,0.0005823071,0.00018195166,0.00024302793,0.99806124,0.00021378057,0.0007176555
edcqwf9,anger,anger,0.984899,0.002646355,0.0006239825,0.00272293,0.0050185933,0.004089218
edcrstd,surprise,surprise,0.0034650976,0.00040087858,0.00089479465,0.023484655,0.003517452,0.9682371
edct2hw,joy,joy,0.0009030261,0.0001586945,0.0002182472,0.99730647,0.00026979373,0.0011437391
edctc89,sadness,sadness,0.0032316342,0.001226996,0.0015240285,0.0047281473,0.98549646,0.0037926282
edcthwi,joy,joy,0.0009028135,0.0001380548,0.0002132447,0.99749255,0.00024543918,0.0010078377
edcuj07,joy,joy,0.0006119838,0.00018259026,0.00028306007,0.9975472,0.00020662522,0.0011685743
edcv0tl,joy,joy,0.0012353488,0.00019623597,0.00029000881,0.992361,0.00026223485,0.0056552077
edcxg8l,joy,joy,0.00084921136,0.00015286363,0.00048059918,0.99435186,0.001558908,0.0026065563
edcy5cv,anger,anger,0.9830184,0.0055586984,0.0009837081,0.0029565778,0.005144901,0.002337822
edcz3qi,joy,joy,0.00045656104,0.00018783718,0.00028848916,0.9979584,0.00023020791,0.00087842275
edd0336,joy,joy,0.027558533,0.0015731689,0.00074729155,0.9631945,0.005841214,0.0010852918
edd0e85,joy,joy,0.0014543434,0.00040734367,0.0004880299,0.99145985,0.0005251744,0.005665147
edd0f8h,surprise,joy,0.0037276908,0.0012538454,0.0055408427,0.61121625,0.018568525,0.35969284
edd20ec,joy,joy,0.0022623576,0.0002075658,0.0004961389,0.9949292,0.0005232154,0.001581642
edd20sn,anger,anger,0.97922003,0.001723326,0.00071445445,0.0050856085,0.0067217927,0.006534804
edd27sn,surprise,surprise,0.0027428465,0.00039592132,0.00079779484,0.004144194,0.0017003171,0.99021894
edd2nfs,anger,anger,0.6641504,0.04659803,0.01606155,0.08726236,0.15427028,0.031657297
edd2r53,joy,joy,0.00039911535,0.00015243633,0.00025324067,0.99714833,0.00042634323,0.0016205215
edd3p8l,joy,joy,0.00055127067,0.0001325156,0.0003107082,0.99578214,0.0004176831,0.0028057632
edd42cu,anger,anger,0.96712464,0.003015415,0.00080835767,0.0070134844,0.006638968,0.015399053
edd4bg5,sadness,sadness,0.007939601,0.0013461276,0.012273931,0.29708174,0.65757704,0.023781555
edd51ul,anger,anger,0.7114035,0.003177954,0.002114615,0.017397273,0.021993676,0.24391305
edd55xz,joy,joy,0.0020856075,0.0002640675,0.00029106904,0.9958853,0.00041120913,0.0010627481
edd56ey,joy,joy,0.0006260821,0.00015922815,0.00025874973,0.9978537,0.00021014769,0.00089211133
edd5ag7,surprise,surprise,0.0039478964,0.0006648836,0.0012315459,0.06720604,0.0024021163,0.9245475
edd5x5d,anger,anger,0.9683509,0.011732164,0.0016635177,0.004252116,0.010756448,0.0032447476
edd64fu,anger,anger,0.7343306,0.003924412,0.0020096244,0.0045625768,0.009915619,0.24525715
edd64rq,joy,joy,0.0004251332,0.00016174816,0.00029227897,0.9978102,0.0002465041,0.00106415
edd659r,joy,joy,0.001140126,0.00015871951,0.00023015917,0.9935143,0.0006340981,0.004322594
edd6khg,joy,joy,0.0008626055,0.00011185222,0.00022225492,0.9970626,0.0002942875,0.0014463859
edd6xle,anger,anger,0.9710506,0.0016624023,0.0006724167,0.008652052,0.007198625,0.010763859
edd6yyi,anger,fear,0.27763587,0.023118513,0.54616725,0.11125035,0.01434826,0.02747973
edd87ln,joy,joy,0.0033982173,0.00016840186,0.00037453984,0.99378914,0.00042293654,0.0018467129
edd8fvi,joy,joy,0.0008586941,0.00014916516,0.00024211803,0.99787545,0.0002886718,0.00058586226
edd9dlm,anger,anger,0.97347754,0.0020658374,0.00094958977,0.015217711,0.00450853,0.0037807045
eddasw8,joy,joy,0.0018708208,0.0002746813,0.0003191109,0.9961087,0.00033734157,0.0010893533
eddb7zr,anger,anger,0.9577751,0.0066952677,0.0012964875,0.021045692,0.0049549383,0.008232619
eddbgmp,surprise,surprise,0.011006577,0.0005222514,0.0009558617,0.005174823,0.0030372194,0.97930324
eddc65g,joy,joy,0.0005529118,0.00020366671,0.0002846518,0.99794286,0.00021812794,0.0007978066
eddccdj,surprise,joy,0.005247884,0.00040961808,0.0019945554,0.9733061,0.008919352,0.010122466
eddce0u,joy,anger,0.8261377,0.001890396,0.001288875,0.095233835,0.05712332,0.018325811
eddcfwf,surprise,joy,0.02310785,0.0018485191,0.045642406,0.7576962,0.012182316,0.15952262
eddcyu6,joy,joy,0.00070677424,0.00015200477,0.00022304528,0.9976192,0.00018979878,0.0011092477
edddtgj,joy,joy,0.0004924197,0.00015842027,0.0003031049,0.99778455,0.00030598545,0.0009554735
eddeiv6,fear,fear,0.0068390775,0.0040767724,0.78668076,0.16500819,0.018508123,0.018887054
eddez5c,joy,joy,0.0006693178,0.0001571307,0.00021898166,0.99796665,0.00021682422,0.0007711746
eddhg5e,joy,joy,0.00076007785,0.00059459737,0.0010455633,0.9866071,0.00046351878,0.010529164
eddi3zv,joy,joy,0.00074933557,0.00020445391,0.0003655174,0.9939044,0.0002536018,0.0045226268
eddj00m,anger,anger,0.7318805,0.0042634495,0.002417978,0.008421001,0.04579848,0.20721856
eddjchm,joy,joy,0.0016776718,0.0002866349,0.00032440986,0.99423707,0.00030860194,0.0031655524
eddjzwg,joy,joy,0.010460612,0.0005516925,0.0003630491,0.96902007,0.0011537825,0.018450871
eddkv4t,anger,anger,0.91169375,0.0025998934,0.0011608573,0.03922181,0.017420454,0.027903294
eddlk54,sadness,sadness,0.003049778,0.0012186375,0.001723755,0.0067925104,0.9823015,0.004913958
eddmarb,joy,anger,0.5524496,0.002223769,0.0028056984,0.06504347,0.012167216,0.36531022
eddpkdx,surprise,surprise,0.08526734,0.0010888203,0.001256917,0.0046412223,0.0047728233,0.9029729
eddq2w7,joy,joy,0.0008789503,0.00013149001,0.00022492552,0.99700135,0.0003484042,0.0014148836
eddqfdt,joy,joy,0.0005069781,0.00016684986,0.00028751369,0.99696004,0.00021412097,0.0018644617
eddqse0,joy,joy,0.0005118318,0.00016413844,0.00028372483,0.9981635,0.00020047222,0.00067633414
edduvvs,surprise,surprise,0.003168276,0.00040530864,0.00082412036,0.002477939,0.0010218682,0.99210244
eddwh01,anger,anger,0.9780391,0.0037075558,0.00083476753,0.004035104,0.010680572,0.002702932
eddwkww,joy,joy,0.0011633016,0.0003002952,0.00037921904,0.9803319,0.00036958154,0.0174556
eddy8b9,surprise,anger,0.97537327,0.0024627452,0.00080960046,0.0054375525,0.006366064,0.009550735
eddyk9g,joy,joy,0.0006849407,0.00022263845,0.0003090392,0.9973973,0.00021047307,0.0011756504
eddym58,joy,joy,0.00090140227,0.00014082328,0.00020688096,0.99695575,0.00023163715,0.0015635598
ede19cv,joy,joy,0.0006589518,0.00015496611,0.00023236428,0.9979578,0.00028277154,0.00071315246
ede21ud,joy,anger,0.8065245,0.0062713097,0.0017953069,0.034668997,0.09276195,0.057977892
ede3mj6,anger,anger,0.51733184,0.31283212,0.034925897,0.036830027,0.06329894,0.034781173
ede3upa,joy,joy,0.0018341431,0.00033655245,0.00041433665,0.99580884,0.0003692247,0.0012369006
ede4d2y,joy,joy,0.00055402,0.0001649747,0.00026854916,0.9977646,0.00052292534,0.0007249362
ede4oi0,anger,joy,0.1498182,0.001524768,0.0007635511,0.838124,0.0037680815,0.006001409
ede50kr,joy,joy,0.08187479,0.0011453982,0.0017322695,0.6605669,0.005641723,0.24903895
ede5fb8,surprise,joy,0.0026508772,0.00037384214,0.00045215752,0.9548584,0.0015434393,0.04012126
ede5wu5,joy,joy,0.008021944,0.00044014407,0.0004201787,0.9822404,0.002350252,0.0065271324
ede62zq,joy,joy,0.0005911829,0.00015918842,0.00027097206,0.99799395,0.0002223465,0.0007623081
ede81cn,sadness,sadness,0.004153371,0.001173386,0.0022885418,0.04369907,0.9452465,0.0034391317
ede8zm7,anger,anger,0.732299,0.0048440145,0.0017944764,0.16416222,0.0530849,0.043815378
edea6k4,joy,joy,0.2828907,0.0018097443,0.001372261,0.45383126,0.090427354,0.16966872
edeay8d,surprise,joy,0.0032646034,0.000713277,0.0015230171,0.7960296,0.004017253,0.19445226
edeaytu,joy,joy,0.0004980209,0.00014756004,0.00031454896,0.9978454,0.00050821697,0.0006863537
edebeqy,joy,joy,0.00064453366,0.00020340017,0.0002846544,0.99801683,0.00019827293,0.00065220025
edebk6q,joy,joy,0.0035103827,0.00036959877,0.00031882833,0.97473735,0.0012053164,0.019858558
edecp1l,joy,joy,0.00074435695,0.00014987032,0.0002820349,0.99739146,0.0003160373,0.0011161763
ededf3o,surprise,surprise,0.0064972164,0.00046417105,0.0007387571,0.0069665243,0.0015630265,0.98377025
ededg37,anger,joy,0.16702074,0.001970785,0.0015626983,0.8051223,0.0069750524,0.017348418
ededips,sadness,sadness,0.005625066,0.0017655264,0.001072303,0.0065600234,0.98257864,0.002398391
edeelro,joy,joy,0.0007303096,0.00017191426,0.00028775673,0.99706084,0.00025299902,0.0014961989
edefusp,joy,joy,0.00869875,0.00037493848,0.00027967634,0.98827946,0.0005852684,0.0017818921
edefxih,joy,joy,0.0010007173,0.00014922088,0.00036351685,0.99260074,0.000620817,0.0052649323
edefxlz,joy,joy,0.005251108,0.0002616593,0.0003088612,0.9792173,0.001713499,0.013247564
edeg0l3,fear,fear,0.0076223477,0.009028123,0.97258323,0.004048959,0.0024571577,0.0042601405
edegxpq,joy,joy,0.006395122,0.0007048216,0.0009895422,0.94375926,0.0033131356,0.04483817
edeh53r,joy,joy,0.0020242208,0.00016115158,0.00019748093,0.9960316,0.00029580135,0.0012898212
edehf77,sadness,sadness,0.010501499,0.0018748274,0.0014445457,0.006353147,0.9722916,0.007534411
edej4mu,joy,joy,0.0005455006,0.00014530384,0.00027281596,0.99808276,0.00021076681,0.00074289355
edeju5w,joy,joy,0.00058499293,0.00018670344,0.0003300407,0.9961696,0.00033277328,0.002395778
edeliqn,anger,fear,0.27008033,0.26752904,0.40181977,0.03382302,0.019333286,0.0074145584
edell8j,joy,joy,0.0005947352,0.00017322015,0.00024670432,0.99812645,0.00022841849,0.0006304705
edeltfq,anger,anger,0.83807236,0.0026848956,0.0015963786,0.0742814,0.018829865,0.06453507
edem5pi,joy,joy,0.00040608004,0.00017125459,0.00026819797,0.9979547,0.00019466391,0.0010050199
edem6q7,sadness,sadness,0.012067825,0.009158265,0.12137059,0.13527653,0.7040487,0.018078078
edenhjs,anger,joy,0.03817972,0.0010076079,0.0008132679,0.95192343,0.0024009233,0.0056750695
edenjpu,surprise,surprise,0.004550408,0.0004158384,0.00062317913,0.012411003,0.0012995285,0.9807
edeo0a6,joy,joy,0.0044490993,0.0005583213,0.00088873465,0.6550795,0.0015520005,0.33747232
edeoclu,joy,joy,0.00056478824,0.00014318907,0.00021654934,0.99756014,0.00026478135,0.0012505364
edeocxq,sadness,sadness,0.0144493785,0.0015263922,0.0016941112,0.024388285,0.94578606,0.0121557955
edep9au,joy,joy,0.0007481255,0.00014297206,0.00022204297,0.99289954,0.00043710042,0.0055503077
edepc9e,joy,joy,0.00072127243,0.00016055898,0.00021998174,0.99799514,0.00023107178,0.0006720085
edesq5w,joy,joy,0.0008496267,0.00019763713,0.00033129507,0.9893394,0.0018159393,0.0074661197
edetqot,sadness,sadness,0.039735474,0.002623588,0.0018909317,0.037234116,0.87981254,0.038703453
edeusbs,surprise,joy,0.0048015625,0.00028018348,0.00063834304,0.977127,0.0018700298,0.015282774
edevom9,joy,joy,0.0006088834,0.00017708678,0.00027136417,0.99805033,0.00023745876,0.0006549235
edevq1p,joy,joy,0.021192638,0.0006876768,0.000951442,0.97215116,0.0020904045,0.0029266577
edewq12,anger,anger,0.8361285,0.0023659915,0.0033249757,0.07748326,0.050797097,0.029900208
edewtac,joy,joy,0.00059275137,0.00018493122,0.00031163468,0.995846,0.0003311496,0.002733479
edexh8p,disgust,joy,0.0070776865,0.00041608344,0.00033905424,0.98731226,0.0019975423,0.0028572883
edexigy,joy,joy,0.0010287125,0.00026848895,0.00029833143,0.99592113,0.001610003,0.000873264
edexmhx,surprise,surprise,0.003626774,0.0003991956,0.00089878525,0.0023063151,0.0011258116,0.9916431
edexv40,joy,joy,0.0020406428,0.00035947142,0.00046007952,0.99394155,0.0018599523,0.0013383282
edeycxv,joy,joy,0.00053175946,0.00019311541,0.00028859416,0.99797136,0.00020369915,0.00081149925
edeyrtv,anger,anger,0.7504508,0.005817912,0.0012814992,0.017671665,0.2109432,0.013834955
edezugn,joy,joy,0.06961923,0.0018384744,0.0062367124,0.7244117,0.17285593,0.025037965
edf126f,surprise,surprise,0.007716988,0.0009960365,0.0018297886,0.00940923,0.01229144,0.96775645
edf23dn,joy,joy,0.0021076181,0.00019877366,0.00032583915,0.99303234,0.00040048597,0.0039348705
edf26o3,joy,anger,0.4712841,0.014147223,0.022349436,0.455828,0.005857522,0.030533645
edf2dv9,surprise,surprise,0.0045907507,0.00041128916,0.0005931922,0.0022745172,0.0011920886,0.99093807
edf2v09,surprise,surprise,0.032650057,0.0004787487,0.00061350083,0.0055918093,0.0029583562,0.9577075
edf65ig,joy,joy,0.012906747,0.0018364183,0.0030749058,0.8268799,0.0068772826,0.14842483
edf676x,joy,joy,0.05221214,0.0025735972,0.001127541,0.91644454,0.02432738,0.003314745
edf6ni8,sadness,anger,0.9588859,0.012519439,0.0012178181,0.010479414,0.014367138,0.0025302905
edf7i0v,joy,joy,0.00043314171,0.00019047034,0.00030419082,0.9978891,0.00018719076,0.0009959362
edf7i59,joy,joy,0.0006311186,0.00014227659,0.00024278421,0.99715924,0.0002680882,0.001556493
edf7o1s,joy,joy,0.0004572234,0.00016870083,0.00030276855,0.9974446,0.00036626493,0.0012603903
edf7x51,anger,sadness,0.46423241,0.0049151913,0.0021322567,0.006575095,0.48519364,0.036951456
edf8dxu,joy,joy,0.00082176813,0.00016746596,0.00035477857,0.9965282,0.0006063717,0.0015214409
edf9c2m,joy,joy,0.0028112384,0.0002564613,0.00081376254,0.9600421,0.0015486877,0.034527764
edf9gty,joy,joy,0.00080435036,0.00019995472,0.00024932277,0.9975694,0.00022266094,0.0009542355
edf9lg8,joy,joy,0.00066151,0.00019507538,0.000294541,0.9979253,0.00023208276,0.00069138466
edfa4pc,anger,anger,0.69908977,0.019644253,0.0028339326,0.042181972,0.22225663,0.013993493
edfbb1u,sadness,sadness,0.002359412,0.0010720129,0.0017289602,0.0042715785,0.9876073,0.0029606142
edfcf4j,joy,joy,0.013144063,0.0007552112,0.001570466,0.8123182,0.0021323592,0.1700796
edfd0ij,anger,surprise,0.25701585,0.0023589649,0.0019396194,0.017130543,0.034217503,0.6873375
edfdx5a,joy,joy,0.0006909406,0.00017320429,0.00027816623,0.99775994,0.000275653,0.0008221501
edfe140,joy,joy,0.0009039204,0.00024114693,0.00030863026,0.9977003,0.000190708,0.0006552379
edfeudx,joy,joy,0.0012220951,0.00018838531,0.00030421876,0.99620724,0.0008170581,0.0012610954
edff8hv,joy,joy,0.0005643253,0.00033874472,0.000552409,0.9945591,0.0003933831,0.0035920357
edffd44,joy,joy,0.0013771012,0.00018258837,0.00022059762,0.9947345,0.0005173784,0.0029678328
edffl55,sadness,anger,0.8956081,0.010437599,0.0011919624,0.021897497,0.05896602,0.011898811
edfgzjv,joy,joy,0.0058728554,0.00055258384,0.00035880567,0.9846482,0.0023215248,0.006246026
edfhc9p,joy,joy,0.004100419,0.0003643619,0.0006270539,0.96387434,0.001699573,0.029334264
edfi9s7,anger,anger,0.8917664,0.002725936,0.0032229577,0.054490447,0.011007809,0.036786262
edfiux4,anger,sadness,0.23246098,0.019853665,0.008592436,0.04746614,0.53707135,0.15455538
edfiw7l,joy,joy,0.00078579783,0.00023876395,0.00043476262,0.98770267,0.0008460842,0.009991986
edfj7my,surprise,surprise,0.06485409,0.00069288333,0.0013024948,0.008307531,0.0061232843,0.9187197
edfkdv6,anger,surprise,0.22741738,0.020035952,0.015583826,0.16273053,0.1484657,0.42576662
edfkpmn,joy,joy,0.00058108714,0.00015463245,0.00026490484,0.99813384,0.0002484934,0.00061710924
edfldgc,joy,joy,0.002222286,0.00014988048,0.00028146178,0.9939201,0.0005600291,0.0028662826
edflt4d,joy,joy,0.00065277144,0.00020241551,0.0002472987,0.9979631,0.0001855012,0.0007489028
edflyvv,anger,anger,0.49898195,0.003336376,0.0033948103,0.0142706875,0.22319378,0.2568224
edfm62i,surprise,surprise,0.020399945,0.0007153989,0.0017970313,0.0025381604,0.0031862909,0.9713632
edfmaua,joy,joy,0.001660511,0.00039024765,0.00040918944,0.995865,0.000267357,0.0014076604
edfmfw1,sadness,anger,0.9048115,0.05303365,0.0019942068,0.012780432,0.024278466,0.003101701
edfmndg,sadness,sadness,0.019690504,0.001749033,0.0068484764,0.02468846,0.8719696,0.075053915
edfn283,joy,joy,0.0007001411,0.00020373597,0.00036073924,0.9961727,0.00031207126,0.0022506353
edfn2ec,joy,joy,0.00087643263,0.00017172133,0.0002687497,0.995321,0.00025225978,0.0031097878
edfob24,joy,joy,0.0020920113,0.00016691434,0.0002539384,0.9952323,0.00039296987,0.0018618484
edfoexi,anger,anger,0.98136824,0.002589624,0.00072809454,0.004306883,0.007396521,0.0036107013
edfp0f0,joy,anger,0.834651,0.0017748853,0.0033750776,0.13497314,0.010943317,0.014282571
edfpd3t,joy,joy,0.0009618594,0.00017047813,0.00027576098,0.9963086,0.00025509464,0.0020281246
edfpp7p,joy,joy,0.00074418087,0.00017608529,0.0006927541,0.9959727,0.000679034,0.0017352594
edfquym,joy,joy,0.003314255,0.00041862298,0.00028906178,0.9945696,0.0005379721,0.00087049184
edfr7yy,joy,joy,0.0005995234,0.00017579253,0.0002509096,0.998002,0.00020169692,0.00077001547
edfroi0,surprise,surprise,0.009194465,0.00074961927,0.0010250538,0.18550912,0.007446892,0.79607487
edfs2jn,sadness,sadness,0.010292161,0.0041669616,0.0023196517,0.0068590757,0.9748164,0.0015457955
edfsnyt,joy,joy,0.0005476863,0.00020429183,0.00038067863,0.9972241,0.00032995205,0.0013133665
edfstnz,joy,joy,0.0005380449,0.00013997252,0.00025151455,0.9979297,0.00025865127,0.00088213367
edft99z,anger,surprise,0.2852002,0.005687056,0.004770272,0.061574347,0.09614256,0.54662555
edfth7l,surprise,surprise,0.015549106,0.00042969463,0.00074459496,0.017017523,0.0029180609,0.96334094
edftikh,joy,joy,0.0006316401,0.00020317336,0.00025867042,0.99649906,0.00025441663,0.0021530762
edftorz,joy,joy,0.0005670812,0.00016749017,0.00031493546,0.9967912,0.00038785485,0.00177142
edfup7i,anger,anger,0.97214025,0.0019809033,0.0005639867,0.014344732,0.0054558315,0.005514292
edfvqyv,joy,joy,0.0011681394,0.00019093965,0.00024130105,0.9972255,0.00040689626,0.0007671696
edfwc30,anger,anger,0.9715859,0.0014346892,0.0006205948,0.010951288,0.0048548332,0.010552688
edfwjqh,joy,joy,0.006825337,0.0003238279,0.0003221482,0.98632705,0.0006357595,0.0055657974
edfx4xw,sadness,sadness,0.1453199,0.018249562,0.0054190233,0.02061617,0.79945046,0.010944907
edfx74n,surprise,surprise,0.009250127,0.00039397518,0.0007069501,0.001919011,0.0021077388,0.9856222
edfxln7,anger,joy,0.036779836,0.022073979,0.05454975,0.59928024,0.018712325,0.2686039
edfye8k,joy,joy,0.03352027,0.046632063,0.014678618,0.7427675,0.15466838,0.007733174
edfyqp0,joy,joy,0.00056291296,0.00024097586,0.00041846867,0.99392045,0.00030410686,0.0045531034
edfzex9,joy,joy,0.0013487324,0.00020973894,0.00026681024,0.9947842,0.00038353185,0.003007029
edfzqo4,surprise,surprise,0.0032476762,0.0007323502,0.0009884881,0.09756983,0.0015409346,0.89592063
edfzwvy,joy,joy,0.0007636063,0.00015342224,0.00022965761,0.9976839,0.00020619977,0.00096323714
edfzymx,anger,anger,0.54836756,0.04747416,0.15005179,0.16992502,0.06984978,0.014331748
edg02o2,disgust,anger,0.85361695,0.09079387,0.0043136743,0.0056848666,0.041239142,0.0043515116
edg03ai,joy,anger,0.6158824,0.0021639122,0.0030517073,0.28456816,0.08166535,0.0126684345
edg0kxt,surprise,surprise,0.009601772,0.00067053665,0.0013128783,0.0037404422,0.033677254,0.95099705
edg13ui,joy,surprise,0.0039251735,0.00089857425,0.0009624466,0.041098543,0.0012629032,0.9518523
edg24r6,joy,joy,0.0013295121,0.00021163553,0.00030248042,0.9906831,0.0012000123,0.0062733022
edg3po0,joy,joy,0.00045946563,0.00017644773,0.00029227437,0.9980305,0.00021403223,0.00082738325
edg4bmm,anger,anger,0.97918165,0.008427893,0.0011845765,0.0020866378,0.0057560895,0.0033632477
edg5m8h,joy,joy,0.0010815754,0.00021017353,0.00043346474,0.9941748,0.00036531166,0.003734744
edg70z1,sadness,anger,0.6145225,0.0039013624,0.005575151,0.16962552,0.1908215,0.015553952
edg7ifc,surprise,surprise,0.0031444784,0.0006440527,0.0013906776,0.0066945786,0.005179975,0.9829463
edg7kgm,anger,fear,0.35137326,0.11053587,0.49335235,0.029597003,0.007341757,0.0077998093
edg7lov,joy,joy,0.0018442525,0.00022504939,0.00049705454,0.9754826,0.0022437319,0.0197073
edg7mbr,joy,joy,0.0005999436,0.00014268492,0.00022847415,0.99806887,0.00026750594,0.0006925586
edg7nk9,surprise,joy,0.008481763,0.0006986896,0.0012393023,0.94209564,0.0012083481,0.04627618
edg91z0,joy,joy,0.00058823224,0.00014759695,0.00022618467,0.997781,0.00022081766,0.0010362706
edga1d6,joy,joy,0.025417797,0.0008517962,0.0023871213,0.9303393,0.009907906,0.031096075
edga65y,joy,joy,0.0004886935,0.00014996198,0.00022088543,0.9973431,0.00022819395,0.0015691246
edga87b,surprise,anger,0.61597496,0.0016594875,0.0018171478,0.024989357,0.009990764,0.34556836
edgap30,sadness,sadness,0.02199404,0.0014069775,0.0032286362,0.02112192,0.86456776,0.08768065
edgasry,sadness,sadness,0.0031278178,0.0012485322,0.0016498374,0.02290422,0.96598834,0.0050812047
edgd5wy,joy,joy,0.0005709549,0.00018528325,0.000330565,0.99711776,0.00017046012,0.0016250232
edgdc1b,joy,joy,0.0010531918,0.00014833332,0.00019700736,0.9972886,0.0002906994,0.0010222084
edgerhy,joy,joy,0.00048452197,0.00018531232,0.0002663306,0.9979705,0.0001849839,0.0009083431
edgg70a,joy,joy,0.0006561621,0.00019963212,0.00029520885,0.99697113,0.00036382803,0.0015139832
edggs7b,anger,anger,0.9398801,0.00416106,0.0010757556,0.0066999025,0.037367918,0.010815363
edghau2,anger,anger,0.94976515,0.01058888,0.0008890714,0.017985819,0.015637409,0.005133669
edghj1x,joy,joy,0.00046699963,0.00021608417,0.00026890906,0.99795806,0.00021521916,0.0008746825
edghuxg,joy,joy,0.0018750614,0.00020364423,0.00024894017,0.99352926,0.0004586212,0.0036844814
edghy34,joy,joy,0.048876535,0.0030300955,0.001841821,0.93937707,0.0023413335,0.00453325
edgi36m,joy,joy,0.0006158643,0.00018019849,0.00024579128,0.9973349,0.00023458892,0.001388566
edgivzd,joy,joy,0.00063572446,0.0001521966,0.00024859502,0.99782145,0.00016990224,0.00097209465
edgjgey,joy,joy,0.006949545,0.00025730612,0.0005359918,0.98818886,0.0011122937,0.0029559461
edgjsvn,anger,anger,0.909443,0.062304273,0.0028849123,0.013465027,0.008989663,0.0029130427
edgk101,joy,anger,0.6780352,0.0025625764,0.0022691241,0.2301034,0.05195859,0.035071217
edgm4sg,joy,joy,0.00056015,0.00021099135,0.00029111255,0.9979538,0.00018186978,0.0008021139
edgnzhp,joy,joy,0.0023006874,0.0010131819,0.0015504425,0.8699505,0.0017552368,0.123430006
edgoiy9,surprise,surprise,0.0067258743,0.00042601602,0.00071078324,0.002240509,0.0013647121,0.98853207
edgoryw,joy,joy,0.0014427324,0.00015636101,0.00020916434,0.9967873,0.00032683113,0.0010775995
edgowfl,joy,joy,0.0008022456,0.00015368442,0.00021772664,0.9924638,0.00043596938,0.005926594
edgp3eg,anger,anger,0.95234984,0.004147041,0.0008948934,0.00214824,0.006562762,0.033897094
edgptyk,surprise,surprise,0.044797618,0.00054184615,0.0007730857,0.01093646,0.0040873657,0.9388636
edgr9zl,sadness,surprise,0.012794772,0.0014047705,0.011864401,0.023268687,0.24922517,0.7014422
edgt44o,joy,joy,0.0009652646,0.00014124902,0.000553833,0.99175465,0.0007827727,0.005802233
edguwq0,surprise,surprise,0.003067118,0.00042422832,0.0009592984,0.005842136,0.0010219681,0.98868525
edgvbhp,joy,joy,0.001958464,0.00013585057,0.00017644653,0.99623007,0.0004165262,0.0010826635
edgvfe2,joy,surprise,0.039542936,0.0046816072,0.008860119,0.37701955,0.14808294,0.42181283
edgvrkv,joy,joy,0.00069485646,0.0001761081,0.00022740624,0.9980835,0.00022706622,0.00059113366
edgvuon,joy,joy,0.00063452346,0.00017012628,0.00025453971,0.9975994,0.00022599088,0.0011154382
edgyr8b,joy,joy,0.00080756296,0.00023214544,0.0003372559,0.99000657,0.00042915466,0.008187288
edgz9hc,joy,sadness,0.012024011,0.0031604273,0.001733813,0.011154386,0.9671779,0.0047493405
edgzqj6,joy,joy,0.0025632954,0.0003470774,0.00047664193,0.9445765,0.0011124529,0.050924003
edh01jk,joy,joy,0.0009156852,0.0001541063,0.0003334135,0.9970692,0.00042605394,0.0011015544
edh0xyq,sadness,sadness,0.0046684383,0.0033081083,0.0035818797,0.0029550001,0.9835475,0.0019389625
edh1ren,joy,joy,0.0032173963,0.00026686,0.00028828924,0.99451447,0.00042655945,0.0012864504
edh1tcy,sadness,sadness,0.01829166,0.0016158151,0.0057585975,0.13023916,0.5656501,0.2784447
edh24wa,joy,joy,0.02561887,0.0006136967,0.0005554057,0.9662538,0.0026002002,0.0043579997
edh2ahx,joy,joy,0.0042031044,0.0010597939,0.0018382197,0.5556059,0.0036017047,0.4336912
edh2epm,anger,anger,0.9294832,0.0014605874,0.0031234692,0.010320157,0.028026098,0.027586555
edh3cjc,joy,surprise,0.009321287,0.0009059176,0.001460849,0.34475687,0.003867833,0.63968724
edh3o5p,surprise,surprise,0.009762847,0.0011464137,0.0026065432,0.01573972,0.057377107,0.9133674
edh4c40,joy,joy,0.0007297669,0.00013955162,0.0002090001,0.9977387,0.00023924782,0.00094369904
edh4gcq,surprise,surprise,0.031203216,0.0007756826,0.0009091362,0.0061059278,0.004950788,0.95605516
edh4tki,joy,sadness,0.018089864,0.020712698,0.017802462,0.009295062,0.90779334,0.026306655
edh54jm,joy,joy,0.00054335076,0.00016727675,0.00023435534,0.9980869,0.00020614832,0.0007620186
edh5uhe,surprise,surprise,0.0035136365,0.00076710014,0.0013654616,0.014753281,0.004480722,0.9751198
edh5xcp,joy,joy,0.0009308446,0.00021588402,0.00042351382,0.99501896,0.0014962353,0.0019145482
edh6x1f,surprise,surprise,0.003273339,0.00042427427,0.0009997912,0.0032130145,0.0011769369,0.99091256
edh82ah,sadness,sadness,0.0060478346,0.0016719897,0.0009857323,0.008671111,0.97999316,0.0026301453
edh83j2,joy,joy,0.0011604642,0.00020105932,0.00025988507,0.99639857,0.0003380488,0.0016419673
edh8mlc,joy,joy,0.0011510929,0.00018074596,0.00024944916,0.9938228,0.00026494887,0.004330971
edh91tz,anger,anger,0.8913105,0.011385606,0.001634847,0.04247341,0.029603863,0.023591843
edhaa07,joy,joy,0.049731683,0.0015234035,0.0010151259,0.9217709,0.0031681824,0.022790784
edhagu4,joy,surprise,0.013897618,0.0014704366,0.0036746105,0.16850454,0.0029987022,0.80945396
edhb5of,joy,joy,0.00047134858,0.00020402602,0.00032451574,0.9980849,0.00019534062,0.0007198416
edhbgyt,joy,joy,0.0005281305,0.00020244069,0.00039467352,0.99570847,0.00033961053,0.0028266043
edhcrx9,disgust,anger,0.5959532,0.10654168,0.02813279,0.14317623,0.11462807,0.011567966
edhd1sj,joy,joy,0.0028089886,0.00022665347,0.00033651412,0.96928465,0.0010884135,0.026254755
edhdwzk,surprise,surprise,0.023097483,0.001084403,0.0012441376,0.0059029027,0.0062112543,0.9624598
edhdxb4,joy,joy,0.00071373716,0.00014316406,0.00032908414,0.99702734,0.0005917148,0.0011949685
edhf54v,anger,anger,0.97500414,0.01128499,0.0011743517,0.0035184114,0.0064497725,0.002568262
edhf6yu,joy,joy,0.0024439245,0.00016603344,0.00023404465,0.9948369,0.0006158551,0.0017032919
edhfkdx,anger,anger,0.660265,0.13119137,0.004237108,0.0071407333,0.18097651,0.016189266
edhfmdy,anger,joy,0.48109826,0.0018167698,0.0012343422,0.4929768,0.01414323,0.008730554
edhh5gt,joy,joy,0.19402108,0.0026737312,0.002720815,0.75056547,0.008053275,0.041965637
edhhpxx,joy,joy,0.00051629974,0.0001665298,0.00035116583,0.99696356,0.0004500387,0.001552347
edhihxg,joy,joy,0.0006978455,0.00017049848,0.00026976454,0.99757236,0.00034373256,0.0009458083
edhiq2o,anger,anger,0.9290286,0.014816359,0.0015983089,0.029855164,0.021516077,0.0031854599
edhit18,anger,anger,0.93900985,0.0149831055,0.0017422044,0.012385884,0.020513719,0.011365276
edhj7d4,joy,joy,0.006034959,0.00035231866,0.00030559718,0.9917127,0.0006310099,0.0009635062
edhkcqg,anger,anger,0.9360023,0.0032482941,0.0009821814,0.0029573573,0.012322322,0.04448761
edhls6r,surprise,surprise,0.004386699,0.00035634998,0.0010192923,0.01266362,0.002963331,0.9786107
edhmbq6,joy,joy,0.03987221,0.0006088048,0.0006228462,0.9305329,0.005528475,0.022834722
edhmoqp,joy,joy,0.0011135368,0.00023069078,0.00030318182,0.996095,0.00027009432,0.0019875555
edhnoy8,joy,joy,0.0007296222,0.0002080887,0.00039243785,0.99596906,0.00025630379,0.002444531
edhpief,joy,joy,0.0007677423,0.00017882859,0.0003325645,0.9940362,0.0003836609,0.0043010004
edhpq1z,anger,anger,0.9219209,0.026556814,0.0018297483,0.03700422,0.006715159,0.005973141
edhqn8q,anger,anger,0.93122923,0.0023797308,0.0009323084,0.032073162,0.008376995,0.025008628
edhqxzf,joy,sadness,0.0035279933,0.0015414339,0.0031403727,0.09854245,0.8897773,0.0034703899
edhr49o,joy,joy,0.000838289,0.00019764912,0.00024424502,0.9976636,0.00020986595,0.00084629515
edhrir1,joy,joy,0.0011972093,0.00020958985,0.00033966915,0.99446106,0.0003933237,0.003399122
edhsf75,surprise,surprise,0.10718167,0.010307744,0.012011988,0.08899306,0.023084264,0.7584213
edhtstd,surprise,surprise,0.004830045,0.0003469472,0.00077210186,0.0029100468,0.002506331,0.98863447
edhtwzd,joy,joy,0.029966328,0.0006777346,0.0004741086,0.96557146,0.0012065736,0.0021037497
edhwxqa,joy,joy,0.008713577,0.0005912619,0.018665936,0.9573334,0.003390046,0.011305889
edhxuqe,joy,joy,0.0023078301,0.00032280464,0.0005522539,0.95093656,0.0021410757,0.043739453
edhy4sg,joy,joy,0.0036264271,0.00063523196,0.000668185,0.9498142,0.0024794685,0.042776432
edhyi5p,joy,joy,0.029227024,0.00061007973,0.0003546088,0.9663752,0.002078348,0.0013547343
edhzmix,joy,joy,0.000520569,0.00019431458,0.000326171,0.9974948,0.00019018474,0.0012739768
edi09hy,joy,joy,0.00051439897,0.00015392005,0.00021384073,0.997951,0.00025408293,0.0009128475
edi0iyi,anger,anger,0.98341227,0.002559109,0.0010975815,0.0034122658,0.003309583,0.0062091947
edi0t2i,joy,joy,0.00044887947,0.00014300946,0.00024849366,0.9978911,0.00025615195,0.0010122691
edi0t9d,joy,joy,0.04421298,0.0006262362,0.0006273457,0.9046706,0.003508466,0.046354353
edi17ys,joy,joy,0.00057749456,0.00018821785,0.00024693954,0.9980392,0.0001940233,0.00075415627
edi2ths,joy,joy,0.0006595848,0.00014729156,0.00022417404,0.9978192,0.00020725453,0.0009425487
edi2z3y,joy,joy,0.006419077,0.0005521948,0.0010560458,0.9745851,0.015051387,0.0023361093
edi44ur,anger,anger,0.96731704,0.0043611927,0.0010770037,0.004680102,0.0054321364,0.017132495
edi490t,joy,joy,0.00036304185,0.00020827232,0.0005051704,0.9974897,0.00042698468,0.0010068784
edi4u1a,anger,anger,0.5581978,0.0019513709,0.0017509817,0.19234896,0.048882026,0.19686879
edi6zsf,joy,joy,0.0006426467,0.0001988798,0.0002652177,0.9948672,0.0002774873,0.0037485498
edi7fz7,anger,surprise,0.14415453,0.002722004,0.00221422,0.0737047,0.02511488,0.7520896
edi7jzq,anger,anger,0.97858196,0.0022804702,0.0006167464,0.00559405,0.002991707,0.009934985
edi7x05,joy,joy,0.00094752276,0.00016481399,0.00019817252,0.99748766,0.00045135483,0.0007504334
edi8dji,joy,joy,0.0005551199,0.00020148607,0.00026784954,0.99807173,0.00020459168,0.0006993386
edi8fjs,joy,joy,0.00050833967,0.00013249317,0.00024613136,0.99797016,0.00029621628,0.00084665575
edi9cu5,sadness,joy,0.0072172335,0.0003193845,0.0004796716,0.9851195,0.0052081863,0.0016559698
edibner,surprise,anger,0.9301814,0.0029954356,0.0012183475,0.0028675725,0.009928691,0.052808743
edic2l9,joy,sadness,0.030095482,0.0027207031,0.014536131,0.01741204,0.8272346,0.10800106
edidmwy,joy,joy,0.00093449093,0.0003183518,0.0007444236,0.9816834,0.0004829881,0.01583636
edieomi,joy,joy,0.00045334818,0.00015789752,0.00025267928,0.99802077,0.00022049528,0.00089478
edieuq5,anger,sadness,0.20053685,0.011983299,0.0046819095,0.022095716,0.72960454,0.031097678
edif41t,joy,joy,0.033262856,0.0007016539,0.0006954809,0.8331851,0.006655809,0.12549914
edife3u,sadness,sadness,0.005484405,0.0012298429,0.0032746475,0.022944657,0.9627291,0.004337349
edig746,joy,joy,0.0005608473,0.00021161766,0.00033044044,0.99774724,0.00021346337,0.0009363703
edigfv6,joy,joy,0.0014315243,0.00018601886,0.00029714845,0.99232775,0.0004109588,0.0053465967
edih1gx,surprise,surprise,0.0021421656,0.00040209488,0.0010981923,0.004830141,0.0011398426,0.9903876
edihdga,joy,surprise,0.004201988,0.00053891423,0.0006923559,0.031959224,0.0014705204,0.96113694
edihorn,sadness,surprise,0.021903176,0.0014240615,0.0029569454,0.021475356,0.32862896,0.6236115
edij5ok,anger,anger,0.6390785,0.15758617,0.013394976,0.030701201,0.088821135,0.070417956
edik18f,joy,joy,0.0007337694,0.00013832258,0.00024282552,0.9974649,0.00031088854,0.0011092634
edikrgp,surprise,surprise,0.010580773,0.00071891194,0.0020954388,0.0043253596,0.03373147,0.9485481
edil7de,joy,joy,0.00054746086,0.00014445167,0.0002374851,0.9977975,0.0002492483,0.0010238064
edim0uu,anger,anger,0.89996636,0.0021494792,0.0025752876,0.07975944,0.0067183943,0.008831084
edimfkd,sadness,sadness,0.14069663,0.18877234,0.13667342,0.16813707,0.24743308,0.11828742
edimnt2,joy,joy,0.000594371,0.00017175551,0.00025691217,0.99804,0.00022749632,0.00070955075
edir95s,joy,joy,0.00062764843,0.00017048622,0.0002696004,0.99788696,0.00033305812,0.0007122536
edis2h9,joy,joy,0.0004920384,0.00015257981,0.00025317073,0.9979651,0.00018366975,0.0009534962
edit49m,joy,joy,0.0013361549,0.0003002741,0.0013054389,0.982498,0.00079876627,0.013761326
editctb,joy,joy,0.007826127,0.0002872167,0.0003754048,0.97144574,0.00065465394,0.019410776
editpz7,surprise,joy,0.0028607917,0.0003150132,0.0004037862,0.9551542,0.00088877114,0.040377483
editrq6,surprise,surprise,0.0052510826,0.00041764643,0.00062904815,0.004798894,0.0007875087,0.9881158
editx38,joy,joy,0.0005438286,0.00014940432,0.0002416737,0.99794096,0.00031341275,0.0008107417
editybe,joy,joy,0.00051639666,0.00014704958,0.00024445532,0.9981141,0.00029705625,0.00068096846
ediundj,joy,joy,0.0010888295,0.00020364004,0.000254201,0.99613214,0.0003805974,0.0019405693
edivtze,sadness,sadness,0.015209765,0.006597106,0.007899886,0.0052949893,0.9622627,0.0027356176
ediy979,joy,joy,0.011087281,0.00034011155,0.00035459845,0.98495907,0.001667693,0.0015912616
edizd2k,surprise,surprise,0.054988965,0.043983433,0.030402837,0.0315052,0.031613346,0.80750614
edizqen,anger,joy,0.3994945,0.0026276829,0.012039425,0.41843468,0.02148833,0.14591546
edj16xd,joy,joy,0.039546557,0.0015852961,0.0025894912,0.9451564,0.0043621785,0.00676008
edj217n,sadness,sadness,0.007141275,0.0016965712,0.0018092359,0.004136251,0.9833583,0.0018583437
edj289t,joy,joy,0.0022089942,0.00033661915,0.0014585267,0.99208575,0.0018041646,0.0021059236
edj2go7,surprise,surprise,0.00889688,0.00250941,0.0022915734,0.078208126,0.004137207,0.90395683
edj3789,joy,joy,0.0027100295,0.00021907402,0.00025440022,0.994942,0.00025134214,0.0016230779
edj3uxc,joy,joy,0.000520565,0.00014333805,0.00028149656,0.9972656,0.00050080876,0.0012882727
edj4oiq,joy,joy,0.0008972225,0.00019905371,0.00031060883,0.9972235,0.00020248242,0.0011671482
edj55bq,joy,joy,0.0006693908,0.00015165332,0.00021425639,0.997759,0.00020831882,0.0009973532
edj56zj,joy,surprise,0.39780146,0.0034281334,0.0030945037,0.058803897,0.09059868,0.4462733
edj5m0e,joy,joy,0.0014530767,0.00025546591,0.00025188213,0.9963335,0.00043877424,0.0012672896
edj65i1,surprise,anger,0.39284793,0.005212133,0.006845269,0.010850729,0.2952488,0.28899515
edj7skv,disgust,anger,0.8602701,0.107010536,0.0036549675,0.003079698,0.0216154,0.0043692677
edj7vcj,anger,anger,0.9309146,0.001377014,0.0010885418,0.009458836,0.013169939,0.043991085
edj7zqt,joy,joy,0.00076397904,0.00014259462,0.00024275045,0.9969189,0.00027415543,0.0016576615
edj8bya,joy,joy,0.0006623543,0.00018333399,0.00031265672,0.9966072,0.00027373197,0.0019607337
edj8qqk,joy,joy,0.0007604709,0.00016137458,0.00025531987,0.9979296,0.00023110794,0.0006622579
edj9245,joy,joy,0.00061036414,0.00014765516,0.000264491,0.9976653,0.0001951572,0.001117104
edj9780,joy,joy,0.03952392,0.0011221329,0.0020381012,0.86975783,0.027125644,0.06043239
edjandy,surprise,anger,0.6018448,0.0038673868,0.002154511,0.04945584,0.050375123,0.29230237
edjccr1,joy,joy,0.0007426034,0.0002859497,0.0003951359,0.994612,0.00022360333,0.0037407505
edjcgas,joy,joy,0.0015146871,0.00017758267,0.00033185672,0.99653816,0.0005953215,0.0008423685
edjdauc,joy,surprise,0.3657842,0.007769341,0.0049646753,0.029279936,0.047475755,0.54472613
edjdltb,joy,joy,0.0003943047,0.00017200378,0.0002934453,0.9969542,0.0003282726,0.0018578083
edjdsb6,anger,anger,0.9039584,0.0014660348,0.00097557047,0.07505629,0.0066675926,0.011876246
edjdv1d,joy,joy,0.0006960016,0.00024399471,0.0003701149,0.9965642,0.00023702448,0.0018886878
edje1cj,joy,joy,0.0011601252,0.00022129301,0.00024425786,0.9970721,0.0002031743,0.0010989706
edje3s2,joy,joy,0.0005974827,0.00018788119,0.00027245563,0.99730825,0.0005279361,0.0011059559
edjfjqz,anger,surprise,0.35266373,0.002308577,0.0015856944,0.014355981,0.0070356783,0.62205034
edjgm22,joy,joy,0.0011805987,0.00022369935,0.00031308032,0.99653566,0.00084485434,0.0009021918
edjh02y,joy,joy,0.000565896,0.00018113542,0.00028588658,0.9976173,0.00018792436,0.0011617612
edjhfht,joy,joy,0.05617915,0.001207428,0.004609849,0.86711425,0.059089106,0.011800165
edjhxf2,disgust,anger,0.75859815,0.07836489,0.0073788357,0.11997333,0.030709982,0.0049748844
edjig6e,joy,surprise,0.31296298,0.0027419063,0.002764401,0.038615312,0.007940891,0.63497454
edjigae,anger,anger,0.9562008,0.0069497516,0.0007750587,0.016913997,0.012604192,0.006556246
edjij1v,joy,joy,0.00050692254,0.0001919602,0.00029933912,0.99797755,0.00020588194,0.00081827084
edjiygc,fear,fear,0.00922701,0.0068628266,0.97273785,0.0036032205,0.0027231355,0.004845947
edjj540,joy,joy,0.0024766622,0.00026820993,0.0005210144,0.96143293,0.0009111704,0.034389984
edjk95x,sadness,sadness,0.19136591,0.019720402,0.0054721143,0.0189859,0.73925567,0.025200063
edjl2jk,joy,joy,0.031203358,0.0010268531,0.0008897253,0.9540086,0.005029991,0.007841412
edjln8n,fear,fear,0.0141574815,0.025229016,0.9463517,0.00583196,0.003045225,0.0053846645
edjmwin,anger,anger,0.9308075,0.0060887,0.00087283505,0.013099221,0.0370425,0.012089315
edjmx1a,joy,joy,0.0014761494,0.00018519882,0.0003958802,0.9942463,0.0008981097,0.002798333
edjn8ln,surprise,surprise,0.0030519248,0.0004659958,0.00074086135,0.002859776,0.0007999808,0.9920815
edjnrah,sadness,sadness,0.26479554,0.016216645,0.009615583,0.04721272,0.5701018,0.09205777
edjo50v,anger,anger,0.9539963,0.0029883361,0.00092018006,0.01254888,0.00910199,0.020444311
edjo7m5,joy,joy,0.0006015667,0.00019884016,0.00031127592,0.99785465,0.00017551116,0.0008581629
edjqq7g,joy,joy,0.0047555678,0.00044516596,0.00039331714,0.98794866,0.00038292827,0.006074328
edjs68m,anger,anger,0.9100147,0.008836691,0.0018255622,0.040558826,0.025397537,0.0133668035
edjst8s,joy,joy,0.0021005273,0.0008544828,0.0015608887,0.57440263,0.0018143824,0.419267
edjsve3,joy,joy,0.00041281007,0.00020358908,0.00032445265,0.9966097,0.00045789467,0.0019915658
edjttou,joy,joy,0.00069092074,0.00017108975,0.00026898182,0.9980901,0.00019596165,0.0005829088
edju43f,surprise,joy,0.0009405086,0.0002554279,0.0004413068,0.98241735,0.0009492162,0.014996198
edjudwg,sadness,disgust,0.10331084,0.63205373,0.08336337,0.0153523,0.15839297,0.0075267903
edjuh5b,anger,sadness,0.10436408,0.024461912,0.02458368,0.024468498,0.8135894,0.008532367
edjur8k,joy,joy,0.41355374,0.007948842,0.010694352,0.41788757,0.13767163,0.01224381
edjvwxm,joy,joy,0.0004965963,0.00020675267,0.00029815405,0.9978933,0.00017887272,0.000926383
edjyqr1,joy,joy,0.0012439504,0.00018549996,0.00020259994,0.9963702,0.0006947544,0.001303013
edk0env,anger,anger,0.51287,0.00220711,0.0018829649,0.13415264,0.20047706,0.14841017
edk0k2j,joy,joy,0.0010300004,0.00021032465,0.00040365424,0.99081147,0.002229146,0.005315401
edk1945,joy,joy,0.0027205897,0.0003772949,0.0005235566,0.91476077,0.0011363387,0.080481425
edk1egl,joy,joy,0.00071881426,0.00022005335,0.0003137166,0.9966086,0.00023397297,0.0019048507
edk2qbc,anger,sadness,0.2730266,0.009128518,0.0074576917,0.04322472,0.6347174,0.032445047
edk39kb,joy,joy,0.0009275068,0.00033892636,0.00034841528,0.99570847,0.00027838885,0.0023981906
edk3j42,joy,anger,0.7114683,0.004196222,0.0025957043,0.19277585,0.008105108,0.08085884
edk4dkb,sadness,sadness,0.003778556,0.0029743582,0.002205622,0.0030163722,0.983364,0.0046611773
edk4qmz,joy,joy,0.0007233832,0.00018305845,0.00026596492,0.9976987,0.00020817872,0.0009206026
edk4u56,disgust,joy,0.024852451,0.0008328929,0.0005070028,0.95584536,0.004616948,0.013345338
edk4ufg,anger,anger,0.9777288,0.0042000907,0.00063455565,0.009439058,0.004866746,0.0031308061
edk4w8s,anger,anger,0.9436737,0.0026843986,0.0008503797,0.003352079,0.0400314,0.009408
edk57m1,surprise,surprise,0.004830159,0.00035954523,0.0006401969,0.00558419,0.0007778441,0.98780805
edk5vdy,joy,joy,0.0014626533,0.00031406566,0.00031835772,0.99496955,0.0004915894,0.0024438554
edk66b5,joy,joy,0.13189834,0.0008585305,0.0006650528,0.8496285,0.0034418746,0.013507734
edk6w8j,joy,joy,0.00049452874,0.00014929211,0.00025427528,0.9980572,0.00023295148,0.00081163336
edk8q0r,surprise,surprise,0.23352277,0.005208592,0.0029974694,0.013420491,0.02708319,0.71776754
edk984w,surprise,surprise,0.28885615,0.0013971247,0.0011260792,0.023370942,0.014231352,0.6710184
edk9bvk,anger,joy,0.3616811,0.0062336004,0.004417619,0.39726418,0.067434885,0.16296868
edk9qyq,joy,joy,0.001012419,0.00018991856,0.00031551393,0.9869012,0.0005860619,0.010994884
edkadxo,joy,joy,0.00063653995,0.00018508853,0.00025300676,0.99786586,0.00016059577,0.00089890603
edkap3h,joy,joy,0.00162033,0.0001911633,0.0002429494,0.9956495,0.0003972763,0.0018987168
edkb9g1,joy,joy,0.00080299913,0.00016212126,0.0002405868,0.99726415,0.0002934635,0.0012367029
edkbutu,joy,joy,0.17196316,0.0017264158,0.0009467613,0.80191255,0.014438948,0.009012212
edkc8qs,joy,joy,0.001517985,0.00025468503,0.00027469744,0.99047863,0.00040165105,0.0070724464
edkcj65,joy,joy,0.00056537124,0.00015390407,0.00024689914,0.9980387,0.00018232185,0.0008127631
edkcqyg,surprise,surprise,0.006291571,0.0007453139,0.0013441084,0.006303712,0.0066783964,0.97863686
edkd7sr,surprise,surprise,0.0028725425,0.00041238905,0.0005758991,0.009546276,0.0009847479,0.9856082
edkdio9,joy,joy,0.0005667417,0.00014484771,0.00022047368,0.996621,0.00022263198,0.0022243136
edkdth5,joy,joy,0.0005277984,0.00020471202,0.00038735423,0.99671304,0.00025244593,0.0019146581
edkdtt4,joy,joy,0.0020691496,0.00022719384,0.00026262645,0.9956917,0.00027738532,0.0014718954
edkha17,joy,joy,0.0006290036,0.00021058397,0.00037968025,0.9970048,0.00021208405,0.0015638873
edkhn2l,joy,joy,0.03719308,0.000924694,0.0009707984,0.92882866,0.007961416,0.02412138
edki6vb,anger,disgust,0.3285515,0.61063164,0.013894877,0.011299164,0.02947446,0.0061483514
edkivyb,joy,joy,0.0005903148,0.00018393248,0.00025193632,0.998181,0.00021224152,0.00058057427
edkiy9c,anger,joy,0.005200035,0.0004172348,0.00043971054,0.9917212,0.00082206656,0.0013997332
edkk0e0,joy,joy,0.002556352,0.00043518885,0.0018676649,0.9751153,0.012202131,0.007823388
edkk83u,joy,joy,0.001743857,0.0001682114,0.00022748651,0.99648005,0.00028513643,0.0010952293
edkkkan,surprise,anger,0.80036503,0.0019618438,0.0008997883,0.10441251,0.042305894,0.050054967
edkl352,sadness,anger,0.43581936,0.012830627,0.2312506,0.014963538,0.24735211,0.057783823
edkl46k,joy,joy,0.00044390518,0.00015408268,0.0002766282,0.9972464,0.000312576,0.001566466
edkl4a4,joy,joy,0.0023452193,0.00033418497,0.00037204096,0.9920989,0.00095760205,0.0038921535
edkl906,joy,sadness,0.12973529,0.005121041,0.00427514,0.11758693,0.723707,0.019574584
edkm44a,anger,joy,0.34098053,0.0035206908,0.0009790765,0.6458357,0.0046960544,0.0039879573
edkmreg,surprise,surprise,0.02956939,0.001195231,0.0012976521,0.013712111,0.004354364,0.9498713
edknaxi,joy,joy,0.0006913719,0.00015391214,0.00027822616,0.99714726,0.0003178649,0.0014114112
edko6gj,anger,anger,0.48696798,0.03962336,0.3477632,0.037193853,0.068666235,0.019785348
edkp1nu,joy,joy,0.0005821425,0.00019338205,0.0002718467,0.99805593,0.00018732027,0.0007093767
edkp4kf,joy,joy,0.0009975556,0.00023592993,0.00037189096,0.98179686,0.00047044203,0.016127307
edkpj99,surprise,surprise,0.035676114,0.0007418299,0.001324021,0.0025409118,0.00506373,0.9546534
edkq7ab,joy,joy,0.00063698355,0.0002397077,0.00029889433,0.99779356,0.00017378906,0.00085704477
edkq7n4,joy,joy,0.0010435969,0.00015426031,0.0001940966,0.9967873,0.00031497778,0.0015057462
edkr8dt,anger,anger,0.9564293,0.014085097,0.001318913,0.01436521,0.007912308,0.0058891145
edkriol,surprise,surprise,0.012354337,0.0013192997,0.003232844,0.008046464,0.10611476,0.86893237
edks3oc,anger,anger,0.83402675,0.0020886352,0.0025856195,0.118838824,0.030553665,0.0119064525
edks7bu,surprise,surprise,0.030718677,0.0016236485,0.0012194756,0.015586625,0.013609451,0.93724215
edksr1y,anger,anger,0.88329613,0.0018482449,0.005074634,0.082499824,0.015933378,0.011347849
edkt6d4,joy,joy,0.00067006703,0.00013670123,0.00033658367,0.99685764,0.00046364352,0.0015353068
edktm8n,joy,joy,0.00064628286,0.00019016254,0.0002660558,0.99776554,0.00015054848,0.0009814047
edktoa2,joy,joy,0.0011608052,0.00015237324,0.00030194627,0.99728894,0.00032772552,0.00076823565
edkuvt6,surprise,joy,0.0030949533,0.00049527886,0.00085041847,0.9073216,0.0014631052,0.08677462
edkvw82,sadness,surprise,0.090400234,0.0018127578,0.0020132947,0.02164871,0.0861403,0.7979848
edkw0d4,surprise,surprise,0.0021505817,0.00043895657,0.001138672,0.006409543,0.0008190815,0.9890431
edkw2u2,sadness,fear,0.011846594,0.0072963303,0.845135,0.011972859,0.10861376,0.015135458
edkyrqt,joy,joy,0.0010006778,0.0001776509,0.0002136875,0.9974366,0.0004192923,0.000752161
edkywav,anger,joy,0.1254409,0.0012105575,0.022270318,0.65894973,0.045514196,0.14661424
edkzdvh,surprise,surprise,0.0068246126,0.00044260282,0.0007860079,0.0017471823,0.003408951,0.9867906
edl0qqn,sadness,sadness,0.0083257975,0.0013366949,0.0027046255,0.016375842,0.87295985,0.098297134
edl1dx8,joy,joy,0.00090610265,0.00024484342,0.00043438355,0.97778124,0.0009581512,0.019675296
edl1iz9,joy,joy,0.00060119975,0.00019212272,0.0002702031,0.9980799,0.00016843424,0.00068807893
edl2rw7,joy,surprise,0.012644781,0.0004629167,0.0010684766,0.113943934,0.0021871103,0.8696928
edl2ywo,joy,joy,0.00041828188,0.00017527874,0.00031606999,0.9976858,0.00024169692,0.0011628742
edl3u2m,joy,joy,0.00049066794,0.00017861732,0.00026082274,0.9975904,0.00021805298,0.0012613977
edl4p8u,joy,joy,0.000666307,0.00016549217,0.00028921477,0.9981042,0.00024983022,0.00052496896
edl53v2,joy,joy,0.00045971136,0.0001528031,0.00030000738,0.99745256,0.0004355578,0.0011993956
edl5qsu,surprise,surprise,0.006345418,0.0003989624,0.00072602666,0.017012399,0.0021994682,0.97331774
edl5s2l,joy,joy,0.0007690525,0.00014696462,0.00023691905,0.9964896,0.00021634129,0.0021411062
edl7at9,anger,joy,0.0005466186,0.00017295017,0.00027718578,0.9979698,0.0003047887,0.00072857353
edl7cr3,joy,joy,0.0017735113,0.00051490666,0.0007247154,0.98934036,0.00060004747,0.0070464816
edl8fk2,joy,joy,0.0004806035,0.00015925635,0.00034138837,0.9972474,0.00077040546,0.0010009265
edlaoo8,joy,joy,0.030798756,0.001626828,0.0033206062,0.7262153,0.151701,0.08633751
edlaph8,joy,joy,0.0006970382,0.00017035136,0.000307231,0.9977301,0.00018464818,0.00091072917
edlaygd,joy,joy,0.0037274028,0.00021014246,0.00023742915,0.98796976,0.00049974694,0.0073555144
edlbnid,joy,joy,0.00091691944,0.00040372123,0.0006433802,0.98016465,0.0003285917,0.017542742
edlbuf6,joy,joy,0.00084706966,0.0003890522,0.0006105187,0.9830582,0.00043769318,0.014657452
edlchg4,surprise,joy,0.008318181,0.0010853454,0.0009801516,0.7343626,0.0047285203,0.25052524
edlcowh,joy,joy,0.0019518875,0.000645533,0.0005360373,0.99086046,0.004410923,0.0015950933
edldv95,anger,joy,0.014624967,0.0011816206,0.001844218,0.7000213,0.26860726,0.013720631
edlgecg,joy,joy,0.00046919176,0.00019796313,0.00027865008,0.99740726,0.0002560783,0.001390853
edlggxy,joy,joy,0.0025207296,0.00027266674,0.00039498665,0.9908042,0.0014702346,0.004537227
edlhonk,joy,joy,0.028393164,0.0011930213,0.0009826969,0.9427146,0.014483954,0.012232609
edlhuid,joy,joy,0.010736176,0.0010561887,0.0015823443,0.9082563,0.072128095,0.0062409434
edliw2e,joy,joy,0.0009413311,0.00023672463,0.00026725113,0.9954953,0.00022526208,0.0028341527
edlj2ki,joy,anger,0.9303192,0.0013841153,0.00085042143,0.05330715,0.0051417807,0.008997373
edljlrc,joy,joy,0.00063148787,0.00021996543,0.0007728604,0.9909553,0.0020632355,0.005357168
edljth1,joy,anger,0.6864702,0.08723846,0.0049256403,0.017950078,0.19016632,0.013249336
edlkqu9,joy,joy,0.00079522905,0.00018141251,0.00028262622,0.9975592,0.00021305404,0.00096857664
edlktcs,anger,anger,0.6741683,0.291275,0.007797247,0.004714251,0.013346066,0.008699158
edll1n3,joy,joy,0.0013365034,0.0001526136,0.00022388612,0.99718887,0.00026962766,0.0008285079
edllq1v,surprise,surprise,0.005816995,0.00045815317,0.0007172978,0.0070587546,0.0011575931,0.9847911
edlm1yy,joy,joy,0.0005134808,0.00017019185,0.0003438636,0.99729615,0.00029758515,0.0013787257
edlm4i4,surprise,surprise,0.0050361804,0.00042143904,0.0006816165,0.0024959724,0.0010159417,0.9903488
edlmoxs,surprise,surprise,0.003562501,0.00037227882,0.00060452067,0.004706371,0.0010824034,0.98967195
edlmozc,joy,joy,0.00055519555,0.00016185657,0.0002601045,0.9980868,0.00019519684,0.0007408854
edln6l5,joy,surprise,0.24720506,0.0035610679,0.0027499658,0.25798205,0.04080178,0.44770005
edlol2e,joy,joy,0.0004538374,0.00014135274,0.00035387895,0.9977252,0.00028806078,0.0010376679
edlp71w,joy,joy,0.00042000035,0.00015370792,0.00028444675,0.9978282,0.00026838243,0.0010452996
edlpvdq,surprise,surprise,0.009150287,0.00045137262,0.0006538841,0.006796042,0.00092170766,0.98202664
edlpzp9,sadness,sadness,0.05649998,0.0024632378,0.0010899582,0.009389618,0.92349803,0.0070591858
edlqbl6,joy,joy,0.000642325,0.00017454235,0.00023407902,0.9978775,0.0001792707,0.0008923235
edlqicf,joy,joy,0.00043915363,0.00019494684,0.00031155717,0.9979394,0.00018918281,0.0009256496
edlqwi4,sadness,anger,0.60724217,0.011306072,0.006302158,0.018570803,0.34069866,0.01588008
edlr51h,joy,joy,0.0005287509,0.00018676868,0.00026007456,0.99772733,0.00018344661,0.0011135936
edlrme8,joy,joy,0.0005258704,0.0001444462,0.00020946683,0.99742484,0.00030110168,0.0013942553
edlrmv0,sadness,sadness,0.0026568316,0.0012010786,0.0014542828,0.005976826,0.98473006,0.003980851
edlrxsq,joy,joy,0.0048547923,0.00026098933,0.0002671553,0.9894378,0.0008515835,0.0043276525
edls42d,joy,joy,0.0008635795,0.00018297878,0.00024435043,0.9971209,0.00024284922,0.001345238
edlsw9l,joy,joy,0.005660759,0.0012576802,0.0012304491,0.731203,0.0020043598,0.25864372
edltg6x,joy,joy,0.00060423935,0.00022025112,0.0002626357,0.9976299,0.00021086777,0.001072102
edlu9qt,anger,anger,0.62097967,0.0028851065,0.0028366293,0.07473129,0.25074255,0.04782472
edlub3n,joy,joy,0.00087806716,0.00017327555,0.0002476605,0.99743205,0.00020474427,0.0010641866
edluj9o,joy,joy,0.00081898324,0.00012868733,0.00019915751,0.9966641,0.0004388449,0.0017501417
edluq8t,surprise,surprise,0.0060838405,0.0008289538,0.001661385,0.28132716,0.0035506212,0.70654804
edlv2m5,joy,joy,0.0016563105,0.00013575511,0.0002241936,0.9960836,0.00061980885,0.00128022
edlv5vz,joy,joy,0.0006423936,0.00019229097,0.00026081508,0.99549794,0.00019062396,0.003216025
edlweh5,joy,joy,0.0004910236,0.00025514595,0.00035909668,0.99771774,0.00028882612,0.00088820414
edlwo74,anger,anger,0.5862409,0.0026507338,0.0015709392,0.046670917,0.015969379,0.34689713
edlyltd,joy,joy,0.0020438696,0.00015771942,0.00030519068,0.99442434,0.00033719986,0.002731629
edlyqkr,fear,surprise,0.065770626,0.005380214,0.03459967,0.04702042,0.13392071,0.71330833
edlyzs5,joy,joy,0.00067074,0.00015117916,0.00027894418,0.9969138,0.00027918557,0.0017062229
edlzgiw,joy,joy,0.0152553795,0.0003540025,0.00041777932,0.95963794,0.0017111874,0.0226237
edlzwrl,sadness,sadness,0.028125478,0.0076062153,0.008064247,0.30895633,0.61754644,0.02970127
edlzzww,sadness,sadness,0.010007154,0.0012479285,0.0044062436,0.008832992,0.83958685,0.1359188
edm0bgb,joy,joy,0.0009324826,0.00020945171,0.0003808251,0.994862,0.00038941336,0.0032257976
edm0jmc,surprise,anger,0.48529127,0.0013261748,0.0013854423,0.036314975,0.01884144,0.4568407
edm0yaj,joy,joy,0.0020043517,0.00024649248,0.00028725943,0.99167377,0.00071683375,0.0050712423
edm14yj,joy,joy,0.0010662632,0.00020335458,0.0002918712,0.99238014,0.0007682067,0.005290216
edm1wb0,anger,joy,0.025505545,0.00048038314,0.00041549143,0.9700135,0.0013190113,0.0022660703
edm26gc,joy,joy,0.050658796,0.0011703484,0.001482777,0.5170235,0.0028031108,0.42686146
edm27fi,anger,surprise,0.40754327,0.0016490123,0.0015391886,0.0090919845,0.0064532664,0.57372326
edm2mo2,joy,joy,0.001123454,0.00019027323,0.00024760494,0.99735,0.00018721116,0.0009014732
edm2slt,sadness,surprise,0.031523205,0.0013022484,0.0028855049,0.14243194,0.011460787,0.8103964
edm3gzx,anger,anger,0.9464517,0.0019766856,0.00093558524,0.009158879,0.005931024,0.035546087
edm3wkk,anger,anger,0.9783813,0.0033823221,0.0006683449,0.0023799937,0.0101230685,0.005064946
edm4z3o,joy,joy,0.0006847036,0.00014872721,0.00025955957,0.9977697,0.00029427384,0.00084306695
edm5t1l,joy,joy,0.00063734554,0.00017430955,0.00024057335,0.9974746,0.0001846372,0.0012885588
edm66kk,joy,joy,0.022325179,0.00043738112,0.00042674431,0.9712341,0.0012941181,0.004282491
edm6d8n,anger,joy,0.025134934,0.0013562831,0.00052894553,0.96965516,0.002075211,0.0012494611
edm7bqb,joy,joy,0.0014978118,0.00028593297,0.00029671993,0.9930536,0.0004972923,0.0043686004
edm7hep,surprise,surprise,0.0044395053,0.0007192506,0.0010504386,0.016338758,0.0009875753,0.97646445
edm96e5,surprise,surprise,0.003681843,0.00035851955,0.0006847623,0.0021070943,0.0015120445,0.9916557
edma0sp,sadness,sadness,0.040100295,0.01261788,0.006228957,0.039153695,0.8951356,0.0067635584
edma4fz,anger,anger,0.98107475,0.0015395096,0.0009011979,0.007226062,0.004390869,0.0048675314
edmc9wf,joy,joy,0.088657215,0.0020305675,0.001561645,0.46898347,0.42463213,0.0141349975
edmcyru,joy,surprise,0.25658223,0.0069461484,0.004860529,0.24132568,0.016628368,0.473657
edmd0et,joy,joy,0.00041918686,0.00018000157,0.0003696005,0.9978073,0.00028040135,0.00094342325
edmd8j9,joy,joy,0.00051666354,0.0002819636,0.00069453573,0.99660146,0.00028468968,0.0016206873
edmdm4w,disgust,disgust,0.26534143,0.32956478,0.08058309,0.040290087,0.048044305,0.23617633
edmdp7x,joy,joy,0.00093430816,0.00017876994,0.00025393217,0.9971877,0.00025855756,0.0011867813
edme2mp,joy,joy,0.009936542,0.0026037141,0.23727994,0.6773704,0.027215375,0.045594063
edmee7m,joy,joy,0.00049325684,0.00015797532,0.00025267288,0.9967276,0.00029674347,0.0020718297
edmej8u,surprise,surprise,0.013020183,0.0016717757,0.004447796,0.029066246,0.019861693,0.93193233
edmf0za,sadness,sadness,0.011609802,0.0024107625,0.0008741827,0.0025129768,0.9801532,0.00243898
edmfvkc,anger,anger,0.5012649,0.041609418,0.0075020124,0.2754836,0.13311793,0.0410222
edmg01b,joy,joy,0.00071611616,0.00019332074,0.0002366213,0.99767286,0.00024337535,0.00093770423
edmgbnh,joy,joy,0.0010880785,0.00021467169,0.00028710716,0.996449,0.00024217577,0.001718981
edmhbae,surprise,surprise,0.23894304,0.002282877,0.0014858337,0.0047022034,0.009561828,0.74302423
edmhk8q,anger,sadness,0.40538326,0.0059688087,0.0032771907,0.01506561,0.43726414,0.1330409
edmhnga,joy,surprise,0.0031055019,0.00039633337,0.0011701005,0.005992705,0.0014512696,0.9878841
edmieix,disgust,joy,0.003915399,0.00029262726,0.0007384537,0.9850713,0.0035993718,0.006382845
edmk7he,surprise,surprise,0.0038478107,0.00037504802,0.0007757522,0.0035523856,0.0011955329,0.9902534
edmkm58,joy,joy,0.00089041085,0.0001406993,0.00025781238,0.99738795,0.00047579897,0.00084731006
edmli3n,joy,joy,0.119715065,0.0015228082,0.0028492785,0.7905045,0.07390713,0.01150124
edmm57v,sadness,sadness,0.003397927,0.0033095467,0.0037234316,0.00400186,0.97916496,0.006402292
edmmdfn,surprise,surprise,0.0059727626,0.00048184287,0.00067371514,0.004438716,0.0016577968,0.98677516
edmmpmc,fear,surprise,0.013176222,0.0010292548,0.0014999952,0.4596528,0.018437883,0.50620383
edmnwpc,joy,joy,0.018035816,0.001006006,0.0012309527,0.8192062,0.004809395,0.15571165
edmo454,surprise,anger,0.7386612,0.0025581184,0.0014026372,0.0060057486,0.008213853,0.24315839
edmotzx,joy,joy,0.0027233718,0.00043783974,0.00037906616,0.9940352,0.00035101228,0.002073615
edmplco,joy,joy,0.0036615669,0.00036378796,0.00047970808,0.98376644,0.0026340163,0.00909447
edmsoei,joy,joy,0.000735961,0.00013096553,0.00021009722,0.9967771,0.00030250303,0.0018433203
edmt3pn,joy,joy,0.00056340697,0.00012190253,0.00027611683,0.99695706,0.00040785788,0.0016735748
edmtnb7,anger,surprise,0.041597825,0.001605594,0.001702205,0.22397397,0.005234942,0.7258854
edmtors,joy,joy,0.0005979141,0.00014463258,0.00033644974,0.9968867,0.00028770533,0.0017466587
edmu1b6,sadness,sadness,0.0087342365,0.003967768,0.001059035,0.0226197,0.9610708,0.0025484131
edmu4ma,surprise,surprise,0.00391012,0.00043957212,0.0007198563,0.0024824648,0.00092271745,0.99152535
edmudfa,surprise,surprise,0.04818213,0.00060291955,0.00074795354,0.003404253,0.0037813634,0.9432814
edmusd7,joy,joy,0.0006261031,0.0001457658,0.00021871919,0.99717355,0.0002686992,0.0015671554
edmvozh,joy,joy,0.00066759053,0.00025867345,0.0004667844,0.99623704,0.0003392784,0.002030573
edmvsms,anger,anger,0.6869133,0.0039545116,0.0022044675,0.16840327,0.043749064,0.09477539
edmxuyn,anger,joy,0.08444249,0.0018548343,0.007608992,0.50942737,0.030642787,0.3660235
edmzfn0,joy,joy,0.002832111,0.00036137918,0.0035165793,0.945939,0.0028087315,0.04454216
edmzn0v,anger,joy,0.3099443,0.002103754,0.0022070452,0.65617365,0.0056517604,0.02391948
edmzsyx,joy,joy,0.0043545375,0.00044273655,0.00046868026,0.9713948,0.0010012762,0.02233799
edn1wmc,joy,joy,0.000525237,0.00019100346,0.00031586643,0.99753594,0.00021016072,0.0012218883
edn2hj4,surprise,surprise,0.004389218,0.00041936446,0.0006875245,0.0041230666,0.002010086,0.9883708
edn2o9x,surprise,surprise,0.01348256,0.002374162,0.0024265724,0.08923971,0.003962227,0.88851476
edn3o8k,surprise,surprise,0.0024304537,0.00050270825,0.0009741345,0.023550628,0.0015763171,0.97096586
edn42l6,joy,joy,0.07050257,0.000952067,0.00080017437,0.81314325,0.0031209649,0.11148096
edn54ns,joy,joy,0.0013061413,0.0004848862,0.0008844565,0.95952064,0.00066190056,0.037141975
edn6n9q,sadness,sadness,0.02504205,0.0032430948,0.0018673037,0.12805091,0.8215746,0.020222075
edn7mtm,surprise,surprise,0.021615777,0.00061531644,0.0008357269,0.002513501,0.0029000773,0.9715196
edn9h8x,anger,anger,0.8929425,0.04559521,0.0022378105,0.0058444543,0.05049662,0.002883329
edn9woz,sadness,sadness,0.013451206,0.0058306856,0.07789099,0.074655555,0.80649036,0.021681251
edn9ym0,sadness,sadness,0.006570901,0.0013343786,0.0030142448,0.032325737,0.9504491,0.0063055446
ednabpt,joy,anger,0.73582053,0.010720618,0.002189436,0.20937057,0.030206632,0.011692208
ednagm8,anger,anger,0.9574826,0.0014762823,0.0012489974,0.014823741,0.012716657,0.012251732
ednaldp,surprise,surprise,0.0034523269,0.00052526227,0.0007903174,0.012756367,0.00267651,0.9797992
ednb2eq,sadness,sadness,0.032250248,0.005145895,0.001475781,0.017658282,0.93211675,0.011353053
ednbdo0,anger,anger,0.9203434,0.019377856,0.0014959025,0.013296538,0.035744123,0.0097421035
ednbhb3,joy,joy,0.0007379077,0.00020075681,0.0003341097,0.9942042,0.00033313595,0.004189879
ednbsz1,joy,joy,0.00074315566,0.0001645935,0.00027621008,0.99805117,0.00021946835,0.000545412
ednc4qz,joy,joy,0.00070990034,0.00016085198,0.00031112225,0.9954607,0.00029233834,0.0030650608
ednc85b,anger,joy,0.24563937,0.00092020794,0.0011602408,0.5974323,0.025243983,0.1296039
edncm2k,anger,anger,0.9814485,0.0015156444,0.0005328577,0.0045186686,0.00625251,0.0057318998
edndmmt,anger,anger,0.6257996,0.0034887672,0.008527363,0.2162158,0.12518634,0.02078209
edne6fu,joy,joy,0.000466192,0.00019371646,0.00040347688,0.99783295,0.0002565986,0.0008470488
edneit3,joy,joy,0.000731897,0.00012579036,0.00024376054,0.99721944,0.00030744565,0.0013716639
ednfpxi,joy,joy,0.0007288999,0.00018175125,0.00023558388,0.9951344,0.0002640267,0.0034553243
ednfvjp,anger,anger,0.91247857,0.0021076018,0.000990975,0.034857288,0.0044217356,0.045143824
ednfxt4,joy,joy,0.0009535167,0.00031180476,0.0005835391,0.9908545,0.00037359004,0.0069230143
edngoc6,anger,anger,0.64794236,0.22222275,0.010683003,0.042443436,0.061623782,0.015084626
edni6j1,surprise,surprise,0.0027899006,0.00046986257,0.0008188463,0.0061749285,0.00081374485,0.9889326
ednijfa,surprise,surprise,0.010167813,0.00043152276,0.0006470465,0.002643135,0.0018566236,0.98425376
ednjf2q,anger,anger,0.6500668,0.0031785998,0.0021485914,0.27300608,0.020011943,0.051587973
ednjiea,joy,sadness,0.24401005,0.0054011964,0.027144358,0.12059744,0.5046323,0.09821469
ednjjfw,joy,joy,0.0010157396,0.00015816062,0.00024553487,0.99743336,0.00022573098,0.00092147343
ednk0qz,surprise,surprise,0.012573798,0.0004157969,0.0011104367,0.0055706487,0.0087353075,0.97159404
ednkk2n,sadness,sadness,0.004695689,0.0016206625,0.0014442961,0.06275534,0.9250639,0.00442013
ednm4yb,anger,anger,0.97930634,0.006006254,0.00068468676,0.0028237447,0.0070079695,0.0041709957
ednmjwe,joy,joy,0.0006177362,0.0005272309,0.0008741383,0.9916311,0.0013457357,0.0050041364
ednmzoo,surprise,joy,0.002533455,0.0002203724,0.00027397057,0.9807958,0.0014440939,0.014732295
ednn3ts,surprise,surprise,0.0705784,0.0018888339,0.0015576462,0.0030269353,0.014037807,0.9089102
ednnblu,joy,joy,0.0010244035,0.00012013181,0.0001943041,0.99651873,0.0005073049,0.0016351237
ednnhm7,joy,joy,0.03877372,0.00064075977,0.0005086729,0.87860346,0.0042910078,0.07718236
ednog4e,anger,anger,0.88974404,0.002443952,0.0010558994,0.05723189,0.021822082,0.027702214
ednou9o,surprise,surprise,0.002329532,0.0004066088,0.0010590085,0.004367552,0.00095059996,0.9908867
ednp0my,joy,joy,0.017029952,0.00058864855,0.0017845746,0.7802653,0.013711057,0.18662047
ednq4rp,anger,anger,0.98379564,0.0029286982,0.0007610496,0.002550899,0.0038799446,0.006083803
ednqd8r,fear,joy,0.016089678,0.00074635417,0.0016506796,0.94069445,0.016355729,0.02446307
ednqkqj,joy,joy,0.0006183254,0.00019348486,0.0003300567,0.9974139,0.00022099615,0.0012231768
ednqlt7,surprise,joy,0.0012456434,0.00025176693,0.00029970516,0.99202174,0.00028868113,0.0058924514
ednrnqs,joy,joy,0.00064171397,0.0001651127,0.0002458481,0.998086,0.00019046305,0.00067100656
ednrp1x,anger,anger,0.97442484,0.006279634,0.0010602139,0.0040810755,0.0085757645,0.005578486
ednrypp,joy,surprise,0.013753554,0.0014659835,0.0011408579,0.08691523,0.0028556602,0.8938687
edns1tv,joy,joy,0.0007009351,0.00017151206,0.00023398451,0.99714833,0.00019692557,0.0015483038
ednsdn5,sadness,anger,0.76999646,0.05515505,0.012811562,0.012310413,0.14383735,0.0058891354
ednsqej,joy,joy,0.0044740196,0.0003501667,0.00025599767,0.98370206,0.0005959784,0.010621702
ednt7ll,surprise,surprise,0.003198421,0.00040688674,0.0009041685,0.004512493,0.00088067504,0.9900974
edntjzw,joy,joy,0.0005593862,0.00021792443,0.00030195218,0.9977489,0.00016262603,0.0010091644
ednw3ga,joy,joy,0.00091109396,0.00020970363,0.00025400872,0.9970907,0.00022825459,0.0013063096
ednx6nc,surprise,joy,0.0017889064,0.00021194796,0.00030793814,0.98695904,0.0003610111,0.010371194
ednxj1z,joy,joy,0.0023145252,0.00018535469,0.0002297014,0.9930098,0.000723922,0.003536789
ednxmfn,anger,joy,0.16456805,0.002273039,0.0011105156,0.7896917,0.024795465,0.017561201
ednxobs,joy,joy,0.00048961904,0.00019238671,0.0002817556,0.9977884,0.00017333083,0.0010744642
ednyhsn,joy,joy,0.00214157,0.00043817022,0.0006626203,0.9614153,0.00082330365,0.03451904
ednypmc,anger,anger,0.33267286,0.28982645,0.27346516,0.03006322,0.057038236,0.016934033
ednz0he,joy,joy,0.0057763834,0.00040151493,0.0003582515,0.9890709,0.0016747582,0.0027181439
ednz6pb,surprise,surprise,0.002274558,0.00034334138,0.0010629507,0.005037852,0.0015283312,0.989753
ednzonf,sadness,sadness,0.105151206,0.0058165826,0.016967813,0.08203172,0.7012767,0.088756055
edo07zp,joy,joy,0.0014922158,0.0004884542,0.0004969039,0.9757204,0.00039466735,0.02140732
edo0pjj,anger,anger,0.96995753,0.002520727,0.0016334614,0.010619248,0.009121502,0.006147412
edo2yqh,anger,anger,0.61278546,0.003489662,0.004117766,0.01213883,0.1611385,0.20632976
edo337b,joy,joy,0.0006001239,0.00019525489,0.00027228135,0.99778396,0.0001894917,0.0009588298
edo4phe,joy,joy,0.0014709778,0.00032793978,0.0006204797,0.9885775,0.006687005,0.0023160758
edo6qja,sadness,anger,0.92400277,0.008500557,0.0010470187,0.048223138,0.014920783,0.0033058203
edo86yd,joy,joy,0.019327259,0.0005771404,0.0003545773,0.97725874,0.0009311085,0.0015511743
edo8bgu,sadness,sadness,0.0030219024,0.0011251799,0.0016595416,0.0035695233,0.9893443,0.0012795082
edo8yj5,anger,anger,0.9448789,0.027885944,0.0023852168,0.008517971,0.013506423,0.0028255787
edo9rcf,joy,fear,0.0051302854,0.004561585,0.94104546,0.028410994,0.009548088,0.011303573
edoa8hc,fear,disgust,0.1804298,0.54482853,0.2402517,0.015350866,0.01208771,0.0070513785
edoc3v5,joy,joy,0.0032262565,0.0015063349,0.0020572436,0.9286131,0.002581405,0.062015705
edocsgz,joy,anger,0.6352424,0.0024164142,0.0011044375,0.32506716,0.019107753,0.01706178
edocw5l,sadness,anger,0.7937077,0.04117227,0.008961797,0.014094596,0.13426666,0.0077970293
edodid3,joy,joy,0.00090052537,0.00021463282,0.0002747623,0.9936061,0.0004950033,0.004508875
edodxh8,surprise,surprise,0.0017537089,0.00040932372,0.0012067806,0.011228131,0.0012799336,0.98412216
edoe8hq,joy,joy,0.0008453905,0.0001958148,0.00037689024,0.9860951,0.0010685086,0.011418271
edofsew,joy,joy,0.0004919228,0.00012874826,0.00023272779,0.9968166,0.000325778,0.0020042416
edoft8i,joy,joy,0.00067734974,0.000271838,0.000403112,0.9956436,0.00038252858,0.002621556
edofzmm,joy,joy,0.0033693158,0.0014343427,0.05682734,0.9284447,0.0022377884,0.0076865023
edogdd7,sadness,surprise,0.017272137,0.0017883567,0.003946555,0.3315499,0.04561112,0.59983194
edoglhv,fear,fear,0.02235051,0.0036706568,0.72533536,0.07391124,0.027924301,0.14680797
edogxbv,joy,joy,0.001893386,0.00016969781,0.000279654,0.9961448,0.0004976455,0.0010147858
edoha39,anger,joy,0.45448795,0.00213326,0.0013815988,0.5147547,0.008611645,0.01863082
edohreo,joy,sadness,0.16288653,0.0073822513,0.0041595823,0.27678418,0.46140552,0.087381884
edohrrf,joy,joy,0.00064098055,0.0001536413,0.000253076,0.9979189,0.00025059102,0.00078281213
edoi1lh,joy,joy,0.010354364,0.0003226427,0.00047345847,0.98270124,0.0014507386,0.004697637
edoi1mz,anger,surprise,0.027364336,0.0006440359,0.0006952355,0.0069292434,0.0014244588,0.9629427
edoi7jg,joy,joy,0.0016832759,0.0003609295,0.00062732137,0.9871848,0.008055673,0.0020879924
edoi9k2,joy,surprise,0.0025702878,0.00093821285,0.0017106929,0.15366721,0.0037759964,0.8373377
edoiioe,joy,joy,0.034984432,0.002568285,0.32522213,0.48423952,0.0280565,0.12492915
edojj9a,surprise,joy,0.0035585794,0.00049372704,0.0008687752,0.7925871,0.0018543594,0.20063744
edojldi,joy,joy,0.0008471009,0.00015622965,0.00020649828,0.997584,0.0002493968,0.0009567462
edojpe0,joy,joy,0.0017302877,0.00019680997,0.0003034915,0.9958961,0.0005538,0.0013194743
edok11u,sadness,sadness,0.048087623,0.0014620406,0.0022816039,0.2504278,0.57791257,0.11982842
edolkf9,joy,joy,0.004470931,0.00023784072,0.00039929923,0.98344165,0.0010289492,0.010421332
edomucj,joy,joy,0.22908016,0.0009860214,0.0015479827,0.72439903,0.023857582,0.020129252
edonzs0,joy,joy,0.00067958015,0.00019994556,0.00025834097,0.9976987,0.00023966756,0.0009238065
edoo094,joy,joy,0.00063424604,0.0001447048,0.00025224814,0.9978097,0.00023735396,0.0009217719
edoo4e6,joy,joy,0.0011528801,0.00024940155,0.00030685487,0.99685633,0.00037765215,0.0010568608
edooilg,joy,joy,0.000585765,0.00015486946,0.0003292012,0.9974733,0.00039143168,0.0010653518
edoojue,joy,joy,0.00059306785,0.0001483384,0.00026618104,0.9979163,0.00032737703,0.00074873096
edooupi,anger,anger,0.9847322,0.004742086,0.0006954489,0.0020197087,0.0045263804,0.0032841798
edopj38,joy,joy,0.0009361448,0.00023995113,0.00046757338,0.9901744,0.00037229114,0.0078096143
edopp4w,joy,joy,0.0006095029,0.00017801185,0.00027732007,0.99779654,0.00019224171,0.0009464473
edopx4p,joy,joy,0.0013694328,0.00015690346,0.00048456772,0.9915589,0.0006926957,0.0057375613
edopx74,joy,joy,0.00074581325,0.00019727492,0.00039752523,0.9975198,0.00041462664,0.000724938
edoqwxm,joy,joy,0.002661194,0.00017279049,0.00028285215,0.98588073,0.00066438987,0.010338067
edorg5k,sadness,sadness,0.12449712,0.0045446074,0.0063652806,0.04996633,0.7501064,0.064520344
edorteb,joy,joy,0.0008368703,0.0002879346,0.00032334885,0.99638605,0.00021992238,0.0019459765
edostdm,joy,joy,0.00090921187,0.00015570596,0.00022167727,0.99691737,0.00020994469,0.0015860318
edot2ve,joy,joy,0.0010558893,0.0004188937,0.000547756,0.94823635,0.0007430215,0.04899802
edotom8,joy,joy,0.0005852049,0.00024051189,0.00030001148,0.99662185,0.00020245754,0.002049959
edotoxm,anger,anger,0.96809256,0.002019942,0.0013199303,0.019914601,0.0037454576,0.004907568
edottp2,joy,joy,0.002580149,0.00018264946,0.0002559296,0.9904857,0.0007275236,0.0057679606
edou0iw,anger,anger,0.9728395,0.0065749846,0.0010159992,0.0048092613,0.0106713325,0.004088881
edou1mx,anger,joy,0.07119352,0.00073249656,0.0010718482,0.86912864,0.0071996176,0.050673902
edou4r6,joy,joy,0.00131547,0.0008414938,0.020038309,0.9648184,0.0085257655,0.0044604456
edov31u,sadness,sadness,0.031824835,0.053743806,0.005393796,0.007158418,0.8982698,0.003609344
edowtdr,joy,joy,0.00060857896,0.00019544056,0.000283872,0.9980253,0.00018163129,0.00070516666
edoxfk1,anger,anger,0.97782034,0.0038639563,0.00092888,0.004830066,0.0064293426,0.006127367
edoxkhq,joy,joy,0.00067982037,0.00026954658,0.0004360866,0.9826173,0.0009436243,0.015053649
edoy4ha,anger,fear,0.21495867,0.056947283,0.6723025,0.032937836,0.014060532,0.008793177
edozct6,surprise,disgust,0.07080841,0.73970556,0.12781884,0.020253941,0.024489177,0.016924085
edoztl6,joy,joy,0.008821722,0.000339428,0.00046588955,0.97414565,0.0023495734,0.01387767
edozzab,anger,joy,0.02002825,0.0006556214,0.0012849317,0.60294884,0.005091276,0.369991
edp03pn,anger,surprise,0.081407376,0.0011660955,0.0010687609,0.005157036,0.0045264782,0.9066742
edp04nt,joy,joy,0.00051508594,0.00021483169,0.0003375739,0.9970919,0.00018830855,0.0016522354
edp09u3,sadness,sadness,0.0034952643,0.001630483,0.001468364,0.0031119292,0.98892856,0.0013654261
edp0uz2,surprise,surprise,0.010257806,0.00051789905,0.0009910418,0.0045860475,0.0015280631,0.9821191
edp1yr9,fear,anger,0.43959966,0.029840594,0.2584481,0.057521652,0.16937846,0.04521149
edp275p,joy,joy,0.0005856486,0.00018489872,0.00027085928,0.9978811,0.00020985826,0.0008676085
edp2c5v,joy,joy,0.00072155835,0.00016712195,0.00029237763,0.99566275,0.0003834423,0.0027727387
edp2o6z,surprise,surprise,0.017941821,0.000499805,0.0008220212,0.003917829,0.0022538132,0.97456473
edp41y7,surprise,surprise,0.0043820674,0.0003924213,0.0012206883,0.0037408604,0.001395404,0.9888685
edp4grt,joy,joy,0.3856163,0.0012603016,0.0012597279,0.55191517,0.011499307,0.04844928
edp4m3v,anger,joy,0.08754496,0.0018896807,0.00083799794,0.90044785,0.0047169877,0.004562488
edp4rfw,anger,anger,0.96855855,0.0068415212,0.0016431084,0.0072054723,0.012363131,0.0033881648
edp51uv,joy,joy,0.0034179692,0.00043080945,0.0013495396,0.98995507,0.001001098,0.003845498
edp6bff,joy,joy,0.0007110253,0.00015739337,0.00020500283,0.99764925,0.00023868923,0.001038662
edp6war,joy,fear,0.0067296433,0.0034187245,0.95591354,0.023609258,0.0040676584,0.006261084
edp6zfs,joy,joy,0.0005426216,0.00014855487,0.00023399017,0.99799925,0.00027794283,0.0007975714
edp99d7,joy,joy,0.01377865,0.0005057074,0.00094184495,0.9415734,0.0063224696,0.03687796
edpajxv,joy,joy,0.00126639,0.00029414461,0.00027792645,0.9958118,0.00027435677,0.0020753755
edpan4m,joy,joy,0.0006021488,0.0002104321,0.00036223733,0.99790335,0.00017098468,0.00075091043
edpandf,surprise,joy,0.003981301,0.0006143151,0.0009358793,0.8125073,0.0027265982,0.1792346
edpbrzh,surprise,surprise,0.006721364,0.00053152494,0.0014593863,0.0025734543,0.0042543653,0.98446
edpbzcq,joy,joy,0.0006047938,0.00017990371,0.00030936085,0.9980336,0.00025037516,0.0006220215
edpdjnp,joy,anger,0.7211868,0.0014104707,0.0014720384,0.019472675,0.009039452,0.24741854
edpdso7,joy,joy,0.00069140864,0.00014556437,0.00022705465,0.99785846,0.0003236365,0.0007538806
edpf05v,anger,anger,0.8448512,0.0020218906,0.002008974,0.06659341,0.07001882,0.014505635
edpf59x,joy,joy,0.0005948615,0.00016589514,0.00024587818,0.99780923,0.00023235782,0.00095176516
edpfc49,joy,joy,0.0016957158,0.0003222305,0.0006982661,0.9576589,0.0027349568,0.036889978
edpfcvh,fear,fear,0.008953611,0.006562382,0.9723364,0.004112756,0.0029866525,0.005048183
edpfdwt,sadness,fear,0.04220435,0.03421924,0.8486467,0.04972812,0.017828606,0.007372923
edpffvf,sadness,sadness,0.004250218,0.00095229555,0.0015481848,0.008213659,0.97879833,0.006237375
edpg57t,joy,joy,0.001534668,0.00018171222,0.0003242378,0.9964134,0.00032515966,0.0012208078
edpgrl4,joy,anger,0.7718584,0.0044393516,0.0019700688,0.15406723,0.04485342,0.022811484
edphf64,anger,joy,0.22653098,0.0065012546,0.0022369109,0.468266,0.070116684,0.22634818
edpi54q,anger,anger,0.8891809,0.012299269,0.0033611124,0.0044969814,0.07554769,0.015114142
edpjd0y,anger,anger,0.9779326,0.0034642178,0.00055690395,0.0038001463,0.008883176,0.005362956
edpjmla,surprise,surprise,0.0034708208,0.0003966632,0.00079116365,0.0030987144,0.000871061,0.99137163
edpk1j0,joy,joy,0.000613392,0.00015300635,0.00024827305,0.9973571,0.00019639058,0.0014318343
edpkmzr,joy,joy,0.008539534,0.00039414468,0.00030319658,0.9894203,0.00052368984,0.000819129
edpltjr,joy,joy,0.00063163094,0.00017544108,0.0002870788,0.99712247,0.00021718466,0.0015661331
edpmtxr,surprise,surprise,0.01024669,0.00050910586,0.00057682086,0.0072117127,0.0012869702,0.9801688
edpnfkz,joy,joy,0.0023531169,0.00019815164,0.00026748216,0.9955979,0.00036433485,0.0012191103
edpngbz,sadness,sadness,0.012458658,0.00178017,0.0067483173,0.11345641,0.85354096,0.0120154265
edpp00u,anger,anger,0.7061093,0.0032340416,0.0018519002,0.010223703,0.12879857,0.14978254
edpqigh,anger,joy,0.13695087,0.0010239052,0.0009370004,0.84542465,0.0038713892,0.011792222
edpqr05,surprise,surprise,0.004656667,0.0016356941,0.0018831625,0.36715025,0.0012761323,0.62339807
edpuk1k,joy,anger,0.6018009,0.0040601464,0.0013442729,0.20689729,0.1426352,0.043262158
edpuwr8,joy,joy,0.00054010464,0.00014536435,0.00024667862,0.997638,0.00023073393,0.001199057
edpwpju,anger,anger,0.9720991,0.0075465594,0.0011352461,0.002971311,0.0073044538,0.0089433445
edpwpzk,anger,anger,0.9758257,0.0030556037,0.0008676024,0.0074877786,0.0068509965,0.0059123547
edpyllq,surprise,surprise,0.00382864,0.00056501804,0.0010108689,0.06769361,0.0008200167,0.9260819
edpymfy,joy,joy,0.0051314076,0.00031678224,0.00049221364,0.9697805,0.0024259752,0.021853132
edpyqcu,joy,joy,0.0012787229,0.00015951783,0.00026950138,0.9929893,0.00035241793,0.0049505234
edq0gpy,joy,joy,0.00051017135,0.00014163212,0.00023878492,0.9978036,0.00030878207,0.0009970497
edq0sdi,surprise,joy,0.03729249,0.0012695127,0.0014063318,0.8204967,0.008273251,0.1312617
edq0z5k,joy,joy,0.000534108,0.00017646563,0.0002618218,0.99770725,0.0001955149,0.001124792
edq12qp,surprise,surprise,0.017127816,0.0030842433,0.021214383,0.018659098,0.015418864,0.92449564
edq1y7t,joy,anger,0.5532214,0.0013676693,0.0016865461,0.4056319,0.007242464,0.030850032
edq3dd5,surprise,surprise,0.009969358,0.00089961773,0.0011339912,0.01383624,0.0025151542,0.9716456
edq50jv,joy,joy,0.002032971,0.0002177252,0.00030816,0.98134387,0.0011125762,0.014984606
edq5e3n,joy,joy,0.0007243738,0.00026124963,0.0003176097,0.99662507,0.00022621758,0.0018455526
edq6cy6,joy,joy,0.0010220328,0.00020605838,0.00036713967,0.99586713,0.00019577167,0.002341806
edq6h7r,anger,surprise,0.08196475,0.00108721,0.0010219443,0.019814108,0.012382876,0.88372916
edq6shj,fear,fear,0.0069991266,0.0059715137,0.97510934,0.00440988,0.0035080505,0.00400214
edq7czx,joy,joy,0.0018796586,0.00033177738,0.00063780916,0.9843322,0.00077258795,0.012045973
edq7j4u,surprise,surprise,0.0023217963,0.00041487534,0.0010113972,0.0047002994,0.0009383549,0.9906132
edq8t3g,joy,joy,0.0006393638,0.00014481613,0.0002405542,0.99775594,0.0002536873,0.0009656246
edq9euc,sadness,sadness,0.0032073369,0.0012892666,0.0017499904,0.0033437475,0.9890837,0.0013259664
edqcrar,joy,joy,0.020559538,0.00072644505,0.0013683256,0.8401702,0.01204756,0.12512796
edqdhl6,joy,joy,0.0006199265,0.00017434111,0.00026210418,0.9979074,0.00019487274,0.0008413197
edqdlsk,joy,joy,0.00052682037,0.00022362206,0.00028725638,0.9980009,0.00018733944,0.0007740513
edqdsgy,joy,joy,0.0006943534,0.00012538474,0.00022726404,0.99620545,0.0003194577,0.0024280136
edqe6gz,joy,joy,0.054092895,0.0097386595,0.0023779518,0.92037296,0.005640221,0.0077773356
edqe733,anger,anger,0.8828361,0.0020190526,0.00072282203,0.05707478,0.018361872,0.038985405
edqec4t,joy,joy,0.00093181996,0.00013986348,0.00018604434,0.9975708,0.000246421,0.00092504034
edqec8i,joy,sadness,0.22005647,0.0051650754,0.0026375924,0.04022479,0.6596626,0.07225344
edqffcx,sadness,sadness,0.019066269,0.002106397,0.0015630104,0.010782284,0.94072336,0.025758538
edqfwbb,sadness,sadness,0.004622112,0.0012745762,0.0014546216,0.0028373688,0.9860491,0.003762177
edqihj5,joy,joy,0.0005763697,0.00014159676,0.0002670936,0.99735755,0.0006618584,0.0009955073
edqlbay,joy,joy,0.00075754075,0.00021770936,0.0002868635,0.997253,0.00018400735,0.0013008559
edqm4rl,joy,joy,0.0005422437,0.00016670313,0.00028411404,0.9978879,0.00017256627,0.0009465105
edqmogu,surprise,surprise,0.10318723,0.003998033,0.004425484,0.05068362,0.1508172,0.68688846
edqp31f,sadness,sadness,0.0034560144,0.0015681181,0.0016632845,0.053920574,0.9329696,0.0064224354
edqpdqx,joy,joy,0.00106797,0.000560269,0.0043902835,0.98279804,0.00354357,0.0076399124
edqpjb5,surprise,joy,0.003216821,0.0010323483,0.0019453594,0.67118007,0.0113038,0.3113216
edqpmkt,joy,joy,0.0006051942,0.00015638782,0.00025188195,0.9967139,0.00022616934,0.002046468
edqpx9b,joy,joy,0.00043268476,0.00020969543,0.00033264764,0.99775934,0.00017612345,0.0010894834
edqq3o6,surprise,surprise,0.01233578,0.00043302285,0.00064145715,0.0036082796,0.0018054943,0.98117596
edqraas,sadness,sadness,0.00868438,0.0015821782,0.002995891,0.01917396,0.80244887,0.16511478
edqruhw,anger,anger,0.9544897,0.007968878,0.0021522343,0.015863765,0.012913603,0.006611834
edqso6b,joy,joy,0.0037937998,0.0003580514,0.00057945354,0.90387666,0.0008507196,0.09054129
edqtehl,joy,joy,0.020992365,0.0016292913,0.0013208522,0.9702583,0.0007655509,0.0050336337
edqwurc,anger,anger,0.9577087,0.0022046948,0.0006532678,0.006356237,0.025380567,0.00769651
edqymza,surprise,surprise,0.00492331,0.00045252484,0.0008011959,0.003328163,0.0017375246,0.9887573
edr1vjf,joy,sadness,0.0042410195,0.0012779468,0.0024833868,0.01971354,0.9699135,0.0023706462
edr23bq,joy,joy,0.0006170237,0.00014265666,0.000244601,0.9966272,0.00032441286,0.00204413
edr298t,surprise,surprise,0.0026041702,0.00040532142,0.0007465347,0.0060293046,0.0021261624,0.98808855
edr4knm,joy,joy,0.00071639783,0.00016711697,0.00024167902,0.99750817,0.00020831014,0.0011583188
edr74yn,joy,joy,0.00076680066,0.0001454278,0.00024957437,0.9976737,0.00028246007,0.0008820268
edr7dnd,joy,joy,0.00045827078,0.00016031659,0.00027413847,0.99816436,0.0002463481,0.00069658615
edr7mzv,joy,joy,0.00093765784,0.00019482982,0.0002825408,0.98917806,0.00029822113,0.009108625
edr85qe,joy,joy,0.0005905372,0.00017711167,0.00025669154,0.99811053,0.00024094191,0.0006241514
edr8dyg,joy,joy,0.0009320694,0.00018345448,0.000245911,0.9973079,0.00016202034,0.0011686261
edr8tj5,joy,joy,0.005790955,0.00023672469,0.0003932199,0.97469574,0.0014883808,0.017394938
edr9n1q,joy,joy,0.006366941,0.0007541533,0.0009502039,0.85515434,0.010263393,0.12651096
edr9ngo,fear,fear,0.005224608,0.0032445046,0.9710405,0.011217948,0.0042654467,0.0050069946
edrau51,anger,joy,0.21455029,0.0008055295,0.0009128107,0.7537414,0.009405344,0.02058462
edrcewm,joy,joy,0.00074906665,0.0002112898,0.00025430668,0.9975485,0.000226848,0.0010099576
edrcnmk,sadness,joy,0.10089619,0.010726701,0.1069427,0.45717284,0.2788975,0.045364037
edrcvp4,joy,joy,0.00086864457,0.00013641159,0.000438796,0.995146,0.0004189996,0.0029911445
edrczkc,surprise,surprise,0.005506092,0.00039344525,0.0007235499,0.0025142643,0.0012524788,0.9896101
edrdidm,anger,anger,0.9373028,0.002325253,0.0008370852,0.0034585346,0.0047037234,0.05137257
edrdn2n,joy,joy,0.0012642504,0.00039757908,0.00036700076,0.99574053,0.00025642538,0.001974218
edre8pt,joy,joy,0.00072380196,0.00015112932,0.00022947275,0.9979061,0.00022567088,0.00076389796
edreifi,joy,joy,0.001082551,0.00019300904,0.0002576102,0.99664104,0.00025971932,0.0015661229
edrf0al,joy,surprise,0.10824839,0.061559357,0.01888639,0.24503809,0.15762788,0.4086399
edrfm6u,joy,sadness,0.004235753,0.001495617,0.0023475788,0.11060276,0.8552704,0.026047902
edrh2ob,joy,joy,0.00076537783,0.00022203333,0.0002986221,0.99743927,0.00015239607,0.0011223321
edrhbcf,joy,joy,0.0005738945,0.00018115553,0.00026547685,0.9980565,0.00020446842,0.00071851845
edrim01,joy,joy,0.0015950021,0.00030755863,0.00039458147,0.987815,0.0037842176,0.0061036274
edrj7db,joy,joy,0.001219973,0.0003543457,0.00041868855,0.99637455,0.00025611144,0.0013763842
edrjaqa,joy,joy,0.030641168,0.0025629029,0.0028905312,0.59777534,0.031293277,0.33483672
edrklwd,fear,fear,0.020712676,0.021947734,0.9410945,0.0050138407,0.0043470077,0.006884143
edrmj4f,joy,joy,0.00050403026,0.0001928644,0.00030198015,0.99793255,0.00020406044,0.00086444116
edrmywj,joy,joy,0.0012328693,0.00016280627,0.00034317578,0.9965636,0.00040913725,0.0012884566
edrn0zv,surprise,surprise,0.11191155,0.0021518606,0.0017552126,0.01556279,0.009995288,0.8586233
edrnqmf,anger,surprise,0.4470945,0.0020721364,0.0015504311,0.036866218,0.020354334,0.49206245
edrnva4,sadness,sadness,0.0047308947,0.0010983773,0.0013169012,0.04667625,0.9399813,0.006196269
edrognf,surprise,surprise,0.025948009,0.00089197257,0.0011553688,0.017074673,0.0019979284,0.9529321
edroxdq,joy,joy,0.0005049702,0.00017057093,0.0002441839,0.99800485,0.00024405328,0.0008314002
edrpd12,joy,joy,0.006343252,0.00062103645,0.002542841,0.9744736,0.013044189,0.0029750445
edrppj5,joy,joy,0.000499815,0.00024482308,0.00035425517,0.99766445,0.00020235377,0.0010343079
edrqcb6,anger,anger,0.6220223,0.14746252,0.0042574834,0.0122701675,0.20869863,0.0052888505
edrrskr,surprise,surprise,0.008390002,0.00073880865,0.001760013,0.003221367,0.0019857397,0.9839041
edrry0k,joy,joy,0.0010285444,0.00018016661,0.00030392146,0.99322647,0.0008052522,0.0044556684
edrsr24,joy,joy,0.001980027,0.00025460264,0.00023704521,0.9960443,0.0003134182,0.0011706059
edrsxim,anger,anger,0.9024786,0.022138288,0.002300517,0.04082992,0.025208047,0.0070446287
edrtg0a,joy,joy,0.00052217033,0.00018718955,0.0005307435,0.99698466,0.0006060154,0.0011692358
edruchh,joy,joy,0.0005550736,0.00015956227,0.00026677243,0.9976548,0.00022678285,0.0011370314
edruvzw,joy,joy,0.0005741014,0.00018494684,0.0002862279,0.9975746,0.0001757466,0.0012044092
edrv5yu,surprise,surprise,0.0051785163,0.000398774,0.0007052295,0.0028024844,0.0008394663,0.9900754
edrv95f,disgust,disgust,0.014524262,0.94074595,0.033113193,0.0039040237,0.005426422,0.002286177
edrvbk6,joy,joy,0.0012111238,0.00018725936,0.00022683768,0.9965228,0.0002679715,0.0015840904
edrvfsf,surprise,surprise,0.0034004818,0.00041539234,0.0006449796,0.0038018923,0.0009175576,0.99081963
edrvz07,sadness,joy,0.019135965,0.0022132166,0.016158668,0.8206958,0.05230912,0.089487255
edrxoaj,sadness,sadness,0.20332733,0.003915298,0.0033231126,0.33457047,0.3358868,0.118976966
edrxucy,surprise,surprise,0.0031226699,0.00039618954,0.00074102636,0.0032661445,0.0009300433,0.9915439
edrxykw,surprise,surprise,0.13400884,0.0014213537,0.0019694697,0.004228746,0.023183635,0.835188
edryagm,joy,joy,0.03826956,0.0006807503,0.00070977997,0.95106864,0.0010988014,0.008172459
eds1dcs,sadness,sadness,0.23739886,0.11040724,0.013276205,0.011241154,0.6079609,0.019715706
eds2dig,joy,joy,0.0007290938,0.0002382296,0.00034302802,0.997396,0.000212503,0.0010812035
eds2u7o,joy,joy,0.001036161,0.00020088945,0.0003117124,0.9814512,0.001123056,0.01587694
eds2wyn,joy,joy,0.00058902515,0.00014477986,0.00021079977,0.9976792,0.0002267542,0.0011494133
eds3253,joy,joy,0.00058799953,0.00016969863,0.00029035573,0.9973539,0.0001905182,0.001407565
eds4jjg,joy,joy,0.00070046633,0.00022501363,0.00045726352,0.98402864,0.00043020418,0.014158387
eds5cvi,joy,joy,0.0010381837,0.00014942084,0.00030995108,0.9952608,0.0003902827,0.0028514613
eds7qw2,joy,joy,0.0006228846,0.00015132112,0.00024660185,0.9980678,0.00021175771,0.0006995957
eds9hph,joy,joy,0.06560614,0.00069367996,0.0033785875,0.90165126,0.0094526075,0.019217739
eds9ris,joy,joy,0.00073049014,0.00014183126,0.0002423074,0.99759454,0.00024280243,0.0010479912
edsazhn,anger,anger,0.65179354,0.004341868,0.0021854972,0.22258608,0.040400732,0.07869225
edsboyl,anger,anger,0.5115196,0.003108427,0.0019392241,0.44417495,0.008185691,0.03107211
edsch1w,joy,joy,0.00044579426,0.00018273953,0.00031035664,0.99767464,0.000207089,0.0011794148
edscmpc,joy,joy,0.0004818268,0.00022370153,0.00034389793,0.9975817,0.00020387824,0.0011649289
edsek81,anger,anger,0.9278482,0.041419704,0.0019437647,0.006510591,0.013454959,0.008822824
edsf9y3,joy,joy,0.0007374704,0.00022748129,0.00044730867,0.99724627,0.0002592236,0.0010822366
edsg1hv,surprise,surprise,0.14594346,0.0010192958,0.00078217394,0.019493489,0.00648334,0.8262783
edsgre5,joy,joy,0.0048019583,0.00031012422,0.00038482493,0.9914048,0.0014390949,0.0016591358
edsgtil,surprise,surprise,0.005567148,0.0005939022,0.0006430389,0.040445734,0.0021858995,0.9505644
edskqze,surprise,surprise,0.002679786,0.00039984516,0.0008777794,0.004196983,0.00086722703,0.99097836
edsm5k1,joy,joy,0.0222822,0.0013280483,0.0015502133,0.82694256,0.011396868,0.13650015
edsouvt,joy,joy,0.0018589023,0.00023282583,0.0002407348,0.99344325,0.00073872384,0.0034855464
edspluf,anger,anger,0.7995075,0.15689567,0.0057644215,0.011202409,0.021964086,0.0046658814
edsrbvl,joy,joy,0.00047814636,0.00015420813,0.00024096835,0.9974322,0.0002129481,0.0014815385
edstb0h,joy,joy,0.0017830321,0.00020465348,0.00046651668,0.9936087,0.0021642188,0.0017728393
edsuk5q,joy,joy,0.0023562314,0.0002475146,0.00030963795,0.9903791,0.0019000601,0.004807471
edsv92b,joy,joy,0.00930769,0.0013713827,0.0015707947,0.7086501,0.003614858,0.27548522
edswekx,joy,joy,0.0010655049,0.00020052267,0.00033245562,0.99581677,0.00017422858,0.0024105557
edswoh3,joy,joy,0.00037146168,0.00015866784,0.0002558886,0.99697256,0.00040399263,0.001837384
edsy4ss,joy,joy,0.002163491,0.00018517967,0.00026700072,0.99012226,0.00064166094,0.006620361
edszimp,sadness,sadness,0.0040875673,0.0011320037,0.0033232498,0.007940081,0.9597773,0.023739824
edt0fw4,anger,anger,0.707414,0.0020477735,0.0018134752,0.12913452,0.09645414,0.063136116
edt16me,joy,joy,0.00076431246,0.00015797859,0.00033220314,0.99569654,0.0006203386,0.0024286231
edt2a5d,sadness,sadness,0.0027603046,0.0012101779,0.0025368042,0.0060661207,0.9856856,0.0017411661
edt2mxr,joy,joy,0.004406473,0.00072454545,0.009043812,0.94745487,0.013460637,0.024909625
edt4yhh,anger,anger,0.9651751,0.00289946,0.00058002357,0.014016869,0.008830823,0.0084977895
edt5c68,anger,anger,0.47396725,0.4323023,0.01785849,0.012854918,0.045996476,0.017020646
edt5i57,joy,joy,0.0005538286,0.00019580635,0.00027020607,0.9973571,0.00019007997,0.0014329749
edt60bk,joy,joy,0.00061845314,0.0001787644,0.00028163174,0.9976114,0.00017949984,0.001130252
edt6hyt,joy,joy,0.0006090237,0.00018083949,0.00028949982,0.9979005,0.0002295752,0.0007905301
edt82so,surprise,surprise,0.0049426625,0.00043376585,0.0007202806,0.0024620534,0.0029963257,0.9884449
edt8ev8,surprise,surprise,0.002894402,0.00043393116,0.00076120376,0.0033926994,0.00080351543,0.9917143
edt92z8,anger,anger,0.9023348,0.032773193,0.002280174,0.041606758,0.01401152,0.00699345
edt9aoq,joy,joy,0.0011683397,0.0002119146,0.0002867338,0.9959992,0.00020135185,0.002132514
edt9f93,joy,joy,0.0022274044,0.0003387119,0.0005484629,0.9861385,0.0005756455,0.010171226
edt9jz1,joy,joy,0.01686199,0.0005776738,0.00037549195,0.9715693,0.0010357348,0.009579817
edt9n9k,joy,joy,0.0036788157,0.0002483493,0.00035104257,0.98846006,0.000940457,0.006321265
edtauw2,joy,joy,0.00060724054,0.00013371286,0.00021581017,0.99753225,0.00024004499,0.0012708944
edtd82h,surprise,surprise,0.008300933,0.00036870275,0.00071298017,0.0025068056,0.0017264384,0.9863841
edtd8c4,joy,surprise,0.0028372696,0.0011138279,0.0028007198,0.30491355,0.0039256564,0.68440896
edtey94,joy,joy,0.000604206,0.00017516199,0.00026334278,0.99802965,0.00020141919,0.0007261367
edtf45q,joy,joy,0.0005306123,0.00017887582,0.00024199586,0.9972588,0.00022296171,0.001566841
edtf72o,sadness,joy,0.02149215,0.0047667557,0.2315441,0.33667675,0.17923558,0.22628464
edtf8mk,sadness,sadness,0.0050021447,0.0013486317,0.0010041171,0.0045759403,0.9852636,0.0028056116
edtg8fe,anger,sadness,0.39505854,0.007099822,0.0269883,0.10209478,0.44775587,0.021002663
edthwkv,anger,anger,0.9334021,0.0019037852,0.0016776891,0.03959055,0.01520602,0.008219745
edti0ld,joy,joy,0.0010429752,0.00021443525,0.0003392226,0.9877856,0.00075278344,0.009865044
edti0op,joy,joy,0.0007914034,0.0002375065,0.00029699472,0.9972433,0.0002066586,0.0012240872
edtiadm,joy,joy,0.00065037113,0.0002992376,0.00053499854,0.9937734,0.00026788822,0.004474098
edtidcz,joy,joy,0.00059104635,0.00014087334,0.00024497503,0.9979342,0.00023477488,0.00085415936
edtjjy3,surprise,surprise,0.0039140848,0.000513519,0.0007470289,0.009000128,0.0008236195,0.9850017
edtjmvq,sadness,sadness,0.04050252,0.0063723344,0.022489218,0.02554578,0.899904,0.00518622
edtkkzd,joy,joy,0.0009666088,0.0002537961,0.00040458617,0.98655105,0.00060065836,0.011223205
edtlh85,fear,sadness,0.019862324,0.013629729,0.026593661,0.008713726,0.92269504,0.008505543
edtmbvs,joy,joy,0.00061688886,0.00013972649,0.0002729616,0.99733824,0.00023166856,0.001400504
edtmk0s,joy,joy,0.02361874,0.0017722257,0.00233467,0.7296217,0.05805297,0.18459976
edtnhx8,joy,joy,0.0005983898,0.00017502176,0.00025677463,0.9981699,0.0001870794,0.0006128478
edtnls3,joy,joy,0.0012482199,0.00019939258,0.00025744204,0.9965643,0.00018326509,0.0015473703
edtntgz,anger,joy,0.008374218,0.00030859438,0.0002731571,0.9854639,0.0006706332,0.0049095047
edtosu3,surprise,surprise,0.029686164,0.00059674773,0.0007134246,0.0034327663,0.0030903204,0.96248055
edtowbj,fear,fear,0.018290402,0.028344426,0.9401433,0.0048945113,0.0034621265,0.0048652897
edtqygn,joy,joy,0.0014933817,0.0001874918,0.00028898293,0.9954881,0.0007015254,0.0018405099
edtr2ur,joy,joy,0.0028649513,0.0001831117,0.00021532888,0.99347645,0.0010977715,0.0021623834
edtsmxa,surprise,anger,0.43988848,0.03845486,0.013238327,0.07465512,0.06803985,0.36572328
edtuov8,joy,joy,0.00936048,0.0008566627,0.00094371394,0.78743064,0.004620714,0.19678783
edtvwda,joy,joy,0.0023008091,0.00049213925,0.00067338004,0.9678321,0.0018622725,0.026839277
edtw33n,surprise,surprise,0.01178218,0.00061177247,0.0009652582,0.0030373267,0.0067784917,0.976825
edtwbmr,joy,joy,0.0006211503,0.00014822287,0.00023502742,0.9957612,0.00020428144,0.003030116
edtzrwa,joy,joy,0.0004667956,0.00022943452,0.00034069645,0.9977018,0.00021724225,0.0010439781
edu25vw,anger,anger,0.98395824,0.001912913,0.0007550182,0.0033938058,0.0050182557,0.004961847
edu3vgv,anger,anger,0.9755715,0.0016940382,0.0006061917,0.008182367,0.004692681,0.00925321
edu4g7b,joy,joy,0.00083544664,0.00021325138,0.00030306762,0.99647033,0.00022065867,0.0019573106
edu4y8j,joy,joy,0.1801783,0.13980958,0.061709203,0.34616214,0.06838545,0.20375541
edu4yj3,joy,joy,0.0026783245,0.00018935431,0.00021596375,0.9860188,0.0008942243,0.010003358
edu5c7g,anger,anger,0.89894485,0.07306554,0.0026681288,0.008764917,0.013050364,0.0035062362
edu5i5x,anger,anger,0.6233985,0.0028874944,0.0024686554,0.12192327,0.048895072,0.20042704
edu5jt3,joy,joy,0.097948946,0.0020401052,0.0016059501,0.82006305,0.010281418,0.06806057
edu78sc,fear,fear,0.0072971676,0.002872684,0.9453978,0.008537646,0.011016671,0.024878114
edu9tv3,joy,anger,0.73548037,0.0013727084,0.0013895466,0.2417255,0.0048539294,0.01517794
eduarmr,joy,joy,0.00088590896,0.00017700158,0.00026758015,0.99473816,0.00030391588,0.0036274546
eduaun3,joy,joy,0.0006171801,0.00016812899,0.00025629936,0.9980065,0.00018296653,0.0007689234
educr3b,surprise,surprise,0.10146407,0.000938536,0.0011042485,0.062379852,0.005529412,0.8285838
eduduat,anger,anger,0.9026855,0.0034173871,0.0011967036,0.0027088702,0.014889504,0.075102076
eduersu,joy,joy,0.0006544799,0.00016609956,0.0002785661,0.9977191,0.00031455207,0.0008671169
edug0vo,joy,joy,0.0005122074,0.00020241772,0.00027688654,0.99796826,0.00017788178,0.0008623794
edug2s6,joy,joy,0.0041955067,0.00040082648,0.0011499888,0.79829544,0.0031783492,0.19277985
edugqcn,joy,joy,0.0006730882,0.00017835878,0.00022956474,0.996824,0.0010739196,0.0010209667
eduh6da,joy,joy,0.00066936004,0.00017171762,0.00026370253,0.99770087,0.0002582878,0.0009360682
eduhe13,joy,joy,0.0016557067,0.00016748786,0.00021175134,0.9961055,0.00043005703,0.0014294696
eduhsma,joy,joy,0.0012987736,0.0001929308,0.000482509,0.99409026,0.001248073,0.0026873874
edui5jv,disgust,joy,0.05744636,0.002813169,0.0014224538,0.928183,0.0025592549,0.0075757676
eduieux,joy,joy,0.0007478021,0.00024734237,0.00039331106,0.9959818,0.00022135818,0.002408369
eduioiv,joy,joy,0.000655258,0.00019805231,0.0002872732,0.99553066,0.00022630645,0.0031024527
eduiuel,joy,surprise,0.030119497,0.0014151834,0.0013385201,0.43875718,0.015492346,0.5128773
eduiukq,joy,joy,0.0005528863,0.00017242669,0.00028308234,0.9968401,0.00021288118,0.0019386334
eduj0ei,joy,joy,0.00064925704,0.00014253343,0.0002742697,0.99614906,0.00031169894,0.0024732107
edujai9,joy,joy,0.0010720902,0.00041473113,0.00059887307,0.99334913,0.00028678722,0.004278345
edukmpa,joy,joy,0.00074641366,0.00014889115,0.00024335258,0.99763477,0.0002137161,0.0010129138
eduml8h,sadness,surprise,0.0048071896,0.0012870806,0.0017615794,0.20956604,0.053085715,0.7294924
edun2us,joy,surprise,0.056995794,0.014699419,0.04712074,0.29578578,0.06726708,0.51813126
edunlf5,joy,joy,0.0032682756,0.0003491772,0.0005037362,0.96226704,0.0041728197,0.029439066
eduqjmi,joy,joy,0.00046442208,0.00015070043,0.00023827146,0.9978948,0.0002710966,0.0009807079
edur2ks,fear,joy,0.00423761,0.00048902794,0.015066584,0.97469914,0.001483969,0.004023693
edurmc9,sadness,sadness,0.005967889,0.0032101697,0.04893226,0.0151815945,0.9067312,0.019976946
edurr0z,joy,joy,0.094704956,0.0018674867,0.0030776118,0.43995884,0.42423722,0.036153905
edus87j,joy,joy,0.09787891,0.0013245516,0.0051618344,0.79876196,0.0086709745,0.088201754
edush3w,joy,joy,0.00080933055,0.00020312029,0.00036482548,0.9852991,0.0005165052,0.012807081
edusjyi,surprise,joy,0.013189908,0.0008112481,0.002629374,0.50548416,0.01835763,0.45952767
eduspn3,joy,joy,0.04429237,0.0058834655,0.0029346533,0.7915876,0.006604639,0.14869726
edut0kq,joy,joy,0.0009738818,0.000658527,0.001130194,0.98768836,0.0004511751,0.009097935
edutjm3,surprise,joy,0.00082430127,0.0005058007,0.0008222716,0.9592372,0.0009110558,0.03769929
eduuha4,joy,joy,0.00065213686,0.00022808868,0.00038382475,0.9906668,0.00062609673,0.0074429717
eduuwuw,anger,anger,0.9322003,0.037978623,0.002233931,0.009801748,0.012661931,0.005123365
edux4v5,joy,surprise,0.009485987,0.0022235275,0.0033173766,0.33895966,0.09272277,0.55329067
edux54r,anger,anger,0.91721016,0.0031252324,0.0017467507,0.040468283,0.0066810087,0.030768652
edux59c,anger,anger,0.62982935,0.0024195074,0.0016189012,0.0049492144,0.040471885,0.3207112
eduxq58,joy,joy,0.0005415622,0.0001309199,0.00021642921,0.99721414,0.00030533902,0.0015916451
eduxx9u,anger,surprise,0.4674445,0.003476978,0.0062355376,0.0066911816,0.026417378,0.48973435
eduyz3m,sadness,sadness,0.016771402,0.05323515,0.03781633,0.0074940575,0.8786192,0.00606381
edv0f25,joy,joy,0.0007987055,0.00017046013,0.00021789214,0.9978551,0.00021718387,0.0007405945
edv18gz,joy,joy,0.02986669,0.00041836442,0.0026816772,0.9132209,0.0064611067,0.04735119
edv2ae3,anger,anger,0.9695096,0.0024824282,0.0017277534,0.007870354,0.006987458,0.011422477
edv2j3i,joy,joy,0.00065950054,0.00014223933,0.00027624218,0.9956553,0.00035249957,0.0029141798
edv3lb3,anger,anger,0.8833241,0.04574705,0.0035953932,0.044608176,0.016138362,0.006586989
edv423d,anger,anger,0.5350794,0.012949051,0.009094502,0.053385828,0.21990538,0.16958584
edv4kdd,joy,joy,0.0031005791,0.0011217769,0.0024062276,0.7462778,0.002116257,0.24497736
edv5an2,joy,joy,0.0065436135,0.00045746853,0.0006796217,0.95152926,0.0021947143,0.03859523
edv5m5i,joy,surprise,0.01592206,0.0031996702,0.0024514433,0.46222004,0.0023660588,0.5138407
edv6mtb,anger,anger,0.9770567,0.0014331728,0.00057464984,0.007490688,0.0092988,0.0041459594
edv6w6a,anger,anger,0.39409003,0.0045850743,0.0041974992,0.38879097,0.08031535,0.12802106
edv7pxb,sadness,sadness,0.0043441644,0.00083668076,0.0010222022,0.011100822,0.9792668,0.0034294256
edv8jvw,joy,joy,0.0005390242,0.00018967898,0.00029114066,0.9977533,0.00018729508,0.0010395454
edv8u3p,anger,anger,0.984746,0.0025774152,0.0004880686,0.005241003,0.00361875,0.0033286642
edv90zr,disgust,disgust,0.025758658,0.9426421,0.019694295,0.0038015894,0.0064412514,0.0016621373
edv9tyb,joy,anger,0.5189958,0.010218576,0.0048999763,0.42723688,0.018172996,0.02047577
edva1z2,sadness,sadness,0.00550104,0.0011229893,0.0016246527,0.010826191,0.9687455,0.012179597
edva8hj,joy,joy,0.00087039167,0.0001699931,0.0002564311,0.9977629,0.00018473723,0.00075547665
edvawr9,joy,joy,0.00057476544,0.00017912319,0.00030120582,0.99760604,0.00023161324,0.0011072956
edvb621,surprise,surprise,0.003224862,0.0003719894,0.00069436786,0.003792745,0.0009705641,0.99094546
edvcsq3,surprise,surprise,0.0506944,0.0007269581,0.0019639074,0.014365808,0.022954077,0.90929496
edvct1g,joy,joy,0.19523026,0.0073679653,0.0014552881,0.74817824,0.032897376,0.014870902
edvd8vo,anger,joy,0.13106485,0.002328559,0.003926151,0.72073853,0.04625802,0.095683925
edvdy44,fear,anger,0.66093683,0.013005797,0.106574126,0.18368427,0.015419169,0.020379791
edvem63,surprise,sadness,0.028571157,0.0031124896,0.0046218443,0.09394331,0.59551036,0.2742409
edvfwit,joy,joy,0.0040074796,0.00014752382,0.00025523375,0.9887211,0.001350866,0.0055178227
edvfzrr,joy,joy,0.017096084,0.0005193574,0.0008337274,0.95713806,0.0019727792,0.022440061
edvg1hx,anger,anger,0.76482594,0.0031676597,0.0016980327,0.0075160344,0.018754143,0.2040382
edvgoy5,surprise,surprise,0.0029233184,0.00039091354,0.00074521726,0.0033646224,0.0008282987,0.9917476
edvgshl,joy,joy,0.002122996,0.00018509879,0.00032972387,0.9905481,0.0011497946,0.0056643635
edvh4yp,surprise,surprise,0.060826223,0.0018784571,0.0061174645,0.011501706,0.015140551,0.9045356
edvh5n2,sadness,joy,0.12373831,0.004067115,0.0037276503,0.59972423,0.097617395,0.17112531
edvhzyv,surprise,surprise,0.0054888777,0.0003522382,0.00065851706,0.0024088107,0.0014445188,0.989647
edvilvq,joy,joy,0.00042603238,0.0001534568,0.00025639593,0.99808085,0.00022721292,0.0008560705
edvjkph,joy,joy,0.0007991717,0.0001788344,0.00028274953,0.9961725,0.00018597448,0.0023807879
edvka97,joy,joy,0.016363565,0.0003129797,0.00050719763,0.9427823,0.0053686257,0.03466538
edvl862,joy,joy,0.0073670857,0.0002635505,0.0003781009,0.9874807,0.0012250856,0.003285535
edvmi8h,joy,joy,0.102313995,0.00262061,0.0021963965,0.83732617,0.014180042,0.041362777
edvoavi,joy,joy,0.12378376,0.0023474009,0.002854973,0.7370066,0.03176611,0.102241196
edvr9o5,sadness,sadness,0.0037412453,0.0024547272,0.0043391283,0.005500966,0.971227,0.012736901
edvrezv,anger,joy,0.0068269614,0.00026161235,0.00030371392,0.98425794,0.0021798129,0.006169978
edvrgzc,sadness,sadness,0.0038599097,0.0010102306,0.0011507362,0.0071316864,0.98361117,0.0032362514
edvvxsi,joy,joy,0.0076461877,0.0007372031,0.001053375,0.8992775,0.00824375,0.083042
edvz139,joy,joy,0.0005946144,0.00014055047,0.00022929304,0.9980932,0.00021533351,0.0007270699
edw07y2,sadness,joy,0.018276753,0.0018844198,0.0058786334,0.36981758,0.2784342,0.3257084
edw0cr4,joy,joy,0.0006059981,0.00024089495,0.00034682784,0.99302304,0.00026246914,0.0055208155
edw0mrz,joy,joy,0.0011200664,0.00023011428,0.0002936839,0.9954561,0.0009698365,0.0019302184
edw0t42,surprise,joy,0.098429166,0.0010903038,0.0014578624,0.72181374,0.005105331,0.1721036
edw0xlg,joy,joy,0.0006613882,0.00014608528,0.0002036648,0.9978715,0.0002065698,0.000910728
edw1c98,surprise,surprise,0.0021111926,0.000734834,0.0027456973,0.038210515,0.00095942203,0.95523834
edw1xpl,joy,joy,0.00047712767,0.00012915964,0.00026488648,0.99775535,0.00033814806,0.0010353694
edw36wc,joy,joy,0.21217707,0.13677211,0.02494459,0.47105458,0.055082347,0.099969216
edw3eet,surprise,surprise,0.33892104,0.0043559433,0.0013531222,0.15716179,0.038999766,0.4592083
edw3uh9,joy,joy,0.0036868316,0.00023427115,0.0002767176,0.9897894,0.0019694911,0.004043267
edw419k,sadness,sadness,0.0064863293,0.0020041477,0.0014388274,0.0034349877,0.98570305,0.00093270955
edw4m95,joy,joy,0.001609984,0.00031798435,0.00040021076,0.99002165,0.00042794002,0.007222177
edw6cr9,joy,joy,0.0006110308,0.000194289,0.00026465015,0.9979819,0.0003275844,0.000620578
edw6nao,joy,sadness,0.029618043,0.0020066097,0.010123946,0.3142484,0.32455242,0.3194506
edw77ec,joy,joy,0.0032842043,0.0002509014,0.00047296874,0.9847372,0.0013459201,0.009908826
edw7914,joy,joy,0.0011047462,0.00041317628,0.0005508762,0.9675609,0.00063513184,0.02973519
edw7tfe,sadness,sadness,0.0032119327,0.0013677244,0.0012992786,0.004595016,0.98835003,0.0011760436
edw8x07,joy,joy,0.00050318957,0.00017259236,0.000243702,0.9978721,0.00020205473,0.0010064131
edw9mxm,surprise,surprise,0.004952795,0.0004221677,0.0008468273,0.0054537123,0.0027014492,0.9856231
edwa0of,joy,joy,0.0012115822,0.0008587497,0.001535593,0.9863344,0.0012004275,0.00885924
edwad8f,joy,joy,0.007243929,0.0003490295,0.0003741174,0.9894254,0.0007902531,0.0018172321
edwamw7,joy,joy,0.0008477788,0.000143421,0.000283549,0.9974383,0.00029710407,0.0009898455
edwar4t,joy,joy,0.0009866285,0.00019334773,0.00032754274,0.99062705,0.00032846053,0.007536979
edwaw82,joy,joy,0.0006574643,0.00020087455,0.0016321728,0.99071246,0.0010331959,0.0057638474
edwcfah,joy,joy,0.00048840855,0.00016296416,0.00027168373,0.9976936,0.00034409546,0.0010392775
edwf9b0,anger,anger,0.9672929,0.0034090786,0.001665314,0.004260978,0.0074789776,0.015892675
edwg2he,joy,joy,0.030310808,0.0022822565,0.011076134,0.572806,0.3522666,0.031258184
edwhaem,joy,joy,0.0020586106,0.00040815707,0.00049179926,0.9795943,0.0006514874,0.01679557
edwi0jw,joy,joy,0.0017850272,0.00036056043,0.0008730953,0.9871437,0.008645124,0.0011925027
edwilev,anger,sadness,0.010192609,0.00084047136,0.0014041241,0.055160403,0.92644364,0.005958829
edwkhzy,sadness,joy,0.0078057954,0.0014501493,0.0048046927,0.68805933,0.27103457,0.026845474
edwlgq2,joy,joy,0.001255002,0.00029049188,0.00039577505,0.9968172,0.0002264332,0.0010151609
edwlobm,joy,joy,0.0012987733,0.00027377185,0.00030652306,0.99508744,0.00044173686,0.002591654
edwloev,sadness,sadness,0.007837646,0.0032443192,0.009277202,0.026433747,0.94151855,0.011688452
edwm0eu,joy,joy,0.0006619092,0.00019363736,0.00028012594,0.99798775,0.00018117226,0.00069548027
edwmsuw,joy,joy,0.0006913759,0.00016217837,0.00023512845,0.9973623,0.00021125255,0.0013377867
edwmtc2,surprise,surprise,0.0036827303,0.00036661307,0.00066825614,0.014579252,0.0012255874,0.9794775
edwnw1l,joy,joy,0.000459305,0.00020670754,0.00030039623,0.99771535,0.00023064818,0.0010875626
edwt74b,surprise,surprise,0.0025834753,0.00037023675,0.00070334686,0.0030539222,0.001057453,0.9922315
edwtm8q,joy,joy,0.0057675093,0.00031530476,0.00038274218,0.9895822,0.0011110876,0.0028411713
edwtmlc,joy,joy,0.00049639796,0.00016987351,0.00024832765,0.99783915,0.00020355778,0.001042779
edwto6x,anger,anger,0.84144026,0.0019917144,0.0015586334,0.09351487,0.041626394,0.019868081
edwtu4d,anger,joy,0.0029120157,0.00074469397,0.0011349206,0.5232528,0.003837771,0.4681178
edwvkfi,sadness,anger,0.827891,0.053566583,0.0042228596,0.022834644,0.071273774,0.020211138
edww55n,anger,anger,0.9718488,0.0024464685,0.0006792574,0.005267441,0.014287424,0.005470673
edwwmej,joy,joy,0.0007058471,0.00019771857,0.00025870278,0.9980161,0.00021765563,0.0006039302
edwx4xt,anger,anger,0.8880317,0.006189757,0.0009726142,0.09439506,0.0074833664,0.0029274165
edwx5zg,joy,joy,0.0005711725,0.0001622897,0.0002728923,0.99772996,0.00027707874,0.0009866849
edwxmtq,joy,joy,0.000923442,0.00014506544,0.00022071856,0.99637586,0.0003511265,0.0019838084
edwyk22,sadness,sadness,0.0044475268,0.002051219,0.0049367077,0.09698889,0.80752575,0.08404994
edwz01i,anger,surprise,0.04412093,0.0023189825,0.0026298573,0.4579029,0.017040517,0.4759868
edwz4ms,joy,joy,0.00055385503,0.00019611219,0.00026493848,0.99802834,0.00017445572,0.00078227813
edwzk4a,joy,joy,0.00076794997,0.00016645224,0.0003145908,0.99292964,0.00043070797,0.0053907395
edwzslq,anger,anger,0.72663116,0.0031457695,0.001609167,0.12384723,0.0417975,0.1029692
edx0t80,surprise,surprise,0.008342881,0.00052374543,0.000785607,0.0023658162,0.0035871707,0.98439467
edx1m4z,anger,anger,0.63527507,0.00430667,0.0017213558,0.3244176,0.014755084,0.019524217
edx2c5f,joy,joy,0.0010622832,0.00017356989,0.00038267055,0.99581796,0.0010818474,0.001481757
edx2gt9,joy,joy,0.0007695726,0.00022481737,0.00037251276,0.9953081,0.0002243252,0.0031006474
edx3b1v,surprise,surprise,0.003776478,0.00048038163,0.0007733187,0.00911392,0.0016969633,0.9841589
edx5avp,surprise,surprise,0.0031215344,0.00035428803,0.0007106351,0.004248168,0.0032714629,0.988294
edx5kk1,joy,joy,0.0013102692,0.00020540415,0.00023393864,0.99177986,0.0007279911,0.0057425136
edx610q,joy,joy,0.0004952236,0.00015605001,0.00025745016,0.9979261,0.0002658437,0.00089920685
edx6guq,anger,joy,0.18645807,0.00068166247,0.0037905583,0.697849,0.013360166,0.09786059
edx6mdm,joy,joy,0.0006841849,0.00020159724,0.00026966096,0.99689925,0.00016370666,0.0017815777
edx6zp8,surprise,surprise,0.003261527,0.0003502901,0.0006846121,0.021596342,0.0017057414,0.9724015
edx7r3h,surprise,anger,0.7910966,0.0017440028,0.0012524751,0.077369645,0.082304925,0.046232328
edx8ti9,surprise,joy,0.008875766,0.0023163117,0.003839417,0.5486761,0.0034249322,0.43286753
edx93gw,sadness,anger,0.96311706,0.014335055,0.00083962386,0.005938007,0.01304771,0.0027225253
edx9567,anger,anger,0.973178,0.004000801,0.0016086054,0.014966813,0.0035883253,0.002657384
edx9el4,anger,anger,0.9053466,0.025964128,0.0025534157,0.015846478,0.041102894,0.009186552
edxa535,joy,joy,0.00088605157,0.00017253013,0.00038724585,0.9929253,0.0010030656,0.004625789
edxadhp,joy,joy,0.0010171806,0.0001966864,0.00047333096,0.9957255,0.0015439859,0.0010433894
edxbzrb,anger,anger,0.96899366,0.0028308881,0.00060109765,0.005374941,0.006909714,0.015289595
edxciwr,joy,joy,0.00043832636,0.00021986541,0.00034960758,0.9978308,0.00021522024,0.0009462578
edxckc4,anger,joy,0.21605583,0.0021473465,0.0013865673,0.76211476,0.0076493006,0.010646258
edxcpc3,joy,joy,0.00060373393,0.00014637718,0.00030049976,0.99775934,0.00024989495,0.0009401205
edxcvjd,joy,joy,0.0004935734,0.00017924303,0.0003155157,0.99786806,0.00018196364,0.00096170255
edxd6no,surprise,joy,0.009780179,0.0010497168,0.0032146035,0.5975505,0.024438202,0.36396682
edxe09z,anger,anger,0.98052865,0.0027366246,0.0005840022,0.0072817234,0.0045581316,0.004310906
edxei3w,joy,anger,0.7201671,0.021073833,0.0122567825,0.06300971,0.10973151,0.073761076
edxffbd,joy,joy,0.00047516436,0.00015962335,0.00023729097,0.9977951,0.00023375766,0.001099055
edxfg53,joy,joy,0.016474895,0.0020342576,0.002083347,0.9344958,0.001837061,0.043074645
edxg0ex,joy,joy,0.0035203588,0.00020748154,0.00031406255,0.9836776,0.0019539103,0.010326549
edxg0sq,disgust,sadness,0.099829964,0.0033473873,0.00097157113,0.024385853,0.86460406,0.0068611884
edxg5pu,anger,surprise,0.19467261,0.0009783463,0.0013260982,0.019291317,0.028504875,0.7552268
edxh4uo,joy,joy,0.0028610753,0.0003982855,0.00025591452,0.9945305,0.0004594053,0.00149478
edxj6ff,anger,anger,0.9661873,0.0020718877,0.0005867486,0.006554233,0.013239744,0.011360104
edxl6b0,anger,joy,0.04207942,0.0014358081,0.00069466274,0.95112824,0.0024190245,0.0022427954
edxl7a7,joy,joy,0.0015628347,0.00031810603,0.00035892456,0.9863436,0.00026708824,0.011149345
edxmsda,surprise,surprise,0.0033649025,0.00058963656,0.00091624766,0.022995876,0.0019580896,0.97017515
edxn2in,joy,joy,0.0016212732,0.00091557525,0.0010193301,0.98987716,0.0010123752,0.0055542383
edxnzi8,joy,joy,0.0007587076,0.00017117584,0.0002502076,0.9975235,0.00027019266,0.0010262014
edxoxsd,sadness,sadness,0.0030676108,0.0015500083,0.0016487964,0.0043447935,0.98765415,0.0017346371
edxp1pm,joy,joy,0.005118936,0.0005313605,0.000949471,0.88011974,0.01182412,0.10145643
edxqq5l,surprise,surprise,0.0019899523,0.00044200756,0.0010139062,0.0047774618,0.001907455,0.98986924
edxrpqh,surprise,surprise,0.0061468496,0.001606493,0.0022087952,0.47301582,0.019119835,0.49790218
edxso3y,sadness,sadness,0.005575663,0.0024964523,0.00338248,0.39783642,0.58292776,0.007781266
edxsw15,joy,joy,0.0009908531,0.00018558111,0.00027477194,0.99710566,0.00020562146,0.001237493
edxt2cd,joy,joy,0.0034466235,0.0013277137,0.0013355633,0.8888302,0.0007060438,0.1043538
edxuqlr,joy,joy,0.0043914886,0.00042387922,0.00040447395,0.98609644,0.0006917049,0.007992037
edxvucb,surprise,surprise,0.0030747156,0.00046742673,0.0009038221,0.002895462,0.00097299204,0.9916855
edxwtut,joy,joy,0.0015545287,0.00025119475,0.00043816876,0.9826868,0.0016259687,0.013443309
edxx0fa,joy,joy,0.0009975194,0.00022490711,0.00025327245,0.9974656,0.00023245264,0.0008261737
edxxfaz,joy,joy,0.00072618277,0.0002188841,0.00030319428,0.9975867,0.0001896048,0.00097545667
edxxiui,joy,joy,0.0006877993,0.00023694623,0.00028627194,0.9978993,0.00017947133,0.0007102279
edxxkuo,joy,joy,0.0011641002,0.00015545824,0.00024400683,0.9973591,0.00030580515,0.00077153847
edxy2lx,joy,joy,0.0005154592,0.00022653284,0.0003524986,0.99788254,0.00019891665,0.0008239624
edxz28x,joy,joy,0.0006025196,0.00015058464,0.00027655106,0.9966736,0.0002645294,0.0020321885
edxzy41,fear,joy,0.010434903,0.001595957,0.14802562,0.80334336,0.011912977,0.02468723
edy00w7,joy,joy,0.0005756297,0.00014775606,0.00021983449,0.9972842,0.0002546919,0.0015179303
edy0f7h,joy,joy,0.0009250388,0.00015307749,0.0003925915,0.99334043,0.00064446894,0.0045442907
edy1wwo,joy,joy,0.0005412971,0.00018174633,0.0002519453,0.9974011,0.00023616552,0.0013877784
edy2fxy,joy,joy,0.0020054688,0.00014728463,0.0005489796,0.9923707,0.0006605966,0.004266928
edy6yrf,surprise,surprise,0.019196942,0.0010627466,0.0012702121,0.004883855,0.009407021,0.9641792
edy7ig5,joy,joy,0.018450458,0.0012544097,0.0073974566,0.72688586,0.16285336,0.08315852
edy8c5e,joy,joy,0.0009198565,0.0002665188,0.00033256155,0.99668723,0.0001889294,0.0016049307
edy9hcs,surprise,surprise,0.0059406324,0.00036584222,0.0015586427,0.0050930525,0.0024798994,0.98456186
edya38s,joy,joy,0.00048199037,0.00019187297,0.00035056466,0.997488,0.00022299106,0.0012645298
edyaw53,anger,anger,0.9619219,0.001990505,0.0007177038,0.016548641,0.004692973,0.014128269
edyaxej,joy,joy,0.0015379537,0.00038363028,0.00057496055,0.9408279,0.0024603494,0.05421519
edycbyu,joy,joy,0.0008999603,0.00016784859,0.00021782145,0.9955243,0.00038627046,0.002803741
edyccnc,sadness,sadness,0.003627835,0.00089446077,0.0010368073,0.011557424,0.9786323,0.004251165
edydzyl,anger,anger,0.8760826,0.0049316436,0.0015709638,0.045279127,0.04954606,0.022589624
edyee1d,joy,joy,0.00056874077,0.00015967742,0.00029829482,0.997938,0.00030234226,0.0007328695
edygbgf,joy,joy,0.0005993197,0.0001715268,0.00026470766,0.9978999,0.0002464024,0.00081808853
edygdp1,joy,joy,0.0007847366,0.00018169286,0.00030736512,0.9972274,0.00016263514,0.001336123
edygztq,joy,joy,0.0025023592,0.00049676653,0.00082259567,0.92802787,0.00068314926,0.0674673
edyh8s2,sadness,sadness,0.0036490061,0.001421512,0.0041090525,0.011557703,0.97552085,0.0037418846
edyjrly,anger,surprise,0.011682128,0.0007776703,0.0015927887,0.24653772,0.026641358,0.7127684
edyjuaa,joy,joy,0.0060686483,0.00034197158,0.0018660317,0.9423482,0.0077519724,0.04162322
edymuiz,anger,anger,0.9526224,0.002818324,0.00095435506,0.02804524,0.008297651,0.0072619873
edyn827,joy,joy,0.00069491356,0.00048334163,0.00079793064,0.98111826,0.0011671452,0.015738431
edynuli,joy,joy,0.0006050863,0.00021124884,0.00028787297,0.99783283,0.00015872133,0.0009042919
edyq8np,joy,joy,0.001392524,0.00016064962,0.00020703557,0.9968201,0.00040204154,0.0010176793
edyssu3,sadness,sadness,0.016420739,0.0026720017,0.0039583384,0.0092338305,0.89941645,0.0682987
edytdon,surprise,surprise,0.008226605,0.00086694834,0.003132399,0.046644785,0.028000418,0.91312885
edyu8lh,joy,joy,0.022869777,0.00046745263,0.00058084587,0.9321406,0.0014503791,0.042490974
edyukw8,surprise,surprise,0.004344269,0.00038723025,0.0007218607,0.0051518115,0.0009773911,0.98841745
edyzdg2,joy,joy,0.0007287289,0.00014618384,0.0002200878,0.9967409,0.000257358,0.0019068404
edyzla1,surprise,fear,0.027482133,0.010834088,0.49228024,0.3925489,0.01226566,0.06458894
edyzodx,anger,anger,0.7079411,0.03877689,0.00654952,0.1710421,0.014645466,0.06104494
edyzva9,joy,joy,0.0022943565,0.0011978687,0.0019243571,0.8322854,0.0013419895,0.160956
edyzz7n,joy,joy,0.0006899241,0.00019750584,0.00023175775,0.9977308,0.0001928966,0.00095711375
edz0bkc,joy,joy,0.00052071136,0.00017487758,0.0002562606,0.9980869,0.00017243075,0.0007888848
edz1xpn,anger,anger,0.9816727,0.0021053948,0.000682216,0.007257415,0.0045668716,0.0037153924
edz25fj,surprise,surprise,0.006959105,0.00035859094,0.00067598803,0.00391731,0.00095894653,0.9871301
edz2w60,surprise,surprise,0.007942798,0.00076137536,0.0013055312,0.04220997,0.0021196383,0.9456607
edz3efn,anger,anger,0.56789535,0.0039710244,0.0022212043,0.004231891,0.03005839,0.39162222
edz4tbv,joy,joy,0.0008590517,0.00022933554,0.00032927017,0.98557013,0.00027376736,0.012738555
edz4ufc,joy,joy,0.0010653624,0.00021362213,0.00037327703,0.9955968,0.00048455223,0.0022663556
edz51zh,surprise,surprise,0.0048611714,0.00044216117,0.0007475561,0.0023729014,0.0011074884,0.9904687
edz59cb,joy,joy,0.0005521894,0.00015263124,0.0004165363,0.9963108,0.0005568561,0.0020109585
edz6a9n,surprise,surprise,0.43335608,0.0015046159,0.0015319232,0.019003995,0.022799633,0.52180374
edz9188,joy,joy,0.00066778617,0.00016841534,0.00023226405,0.9979232,0.00019222211,0.0008161123
edza5mm,anger,joy,0.07992515,0.001670144,0.0006339221,0.9019281,0.0059449556,0.009897701
edzbho4,joy,joy,0.0021099357,0.00026173616,0.00033137566,0.9804059,0.0007508467,0.016140215
edzbvrt,sadness,sadness,0.02313907,0.0014605162,0.0012664209,0.04564571,0.9156931,0.012795023
edzcqdy,joy,joy,0.0016363913,0.00019430033,0.00021309864,0.99654883,0.00034922452,0.0010581646
edzdhwe,joy,joy,0.00052385434,0.00019180571,0.0002957118,0.9982126,0.00020508081,0.0005709966
edze9yg,anger,anger,0.64820445,0.0044595087,0.0043406347,0.26001647,0.035740092,0.047238916
edzigqz,surprise,surprise,0.0045322273,0.000425179,0.00086053566,0.00238453,0.0059630536,0.98583454
edzkjr0,joy,joy,0.00058224966,0.00023319581,0.00044979,0.9976654,0.00039795044,0.0006714076
edzktok,anger,anger,0.94202447,0.0035252175,0.00094410375,0.0027951149,0.006155358,0.04455575
edzkxv5,sadness,sadness,0.0042932634,0.001217991,0.0017715658,0.0028315254,0.9881741,0.0017114113
edzlxbx,surprise,surprise,0.004918284,0.00038861437,0.00068009575,0.002474373,0.00092012784,0.9906185
edzmlum,surprise,anger,0.4751345,0.0013162915,0.0014711682,0.1614821,0.040529586,0.32006627
edzmwzv,anger,sadness,0.26173398,0.0060311216,0.0037869986,0.08619264,0.35321003,0.28904527
edzn1tg,anger,anger,0.6977838,0.003547167,0.0020726305,0.2602797,0.020422636,0.015893947
edzpbz0,surprise,surprise,0.0021541812,0.0004103512,0.0008678585,0.009856703,0.0008340457,0.9858767
edzqcma,anger,anger,0.90121156,0.003258251,0.00081485446,0.04653732,0.023103522,0.025074422
edzrt66,joy,joy,0.0038467797,0.00027875334,0.00046152092,0.9815362,0.0031367666,0.010739949
edzs6nr,surprise,surprise,0.0049366285,0.0007948561,0.0014030646,0.030003767,0.008399595,0.9544621
edzsf1m,sadness,sadness,0.007557834,0.0010045399,0.0012751273,0.0078029525,0.97773474,0.004624953
edzso7r,anger,surprise,0.020798242,0.0005578306,0.0011263009,0.0019667123,0.0023702998,0.97318065
edztn08,joy,joy,0.0005068603,0.00014879527,0.0002623803,0.99776745,0.00026624338,0.0010482601
edzup6c,anger,sadness,0.2608114,0.010117009,0.0037213694,0.0043774825,0.6675596,0.053413097
edzvhjr,joy,joy,0.00058899954,0.00020883659,0.00032170815,0.99733377,0.00025749882,0.0012892198
edzy768,joy,surprise,0.0099394005,0.0012464601,0.0019052322,0.15211888,0.0029975756,0.8317925
edzyhfu,joy,joy,0.0005921219,0.00014132334,0.00024173043,0.99801636,0.00027965964,0.00072884106
edzypwe,joy,joy,0.00046366843,0.00018672751,0.00030656668,0.99779487,0.00017879266,0.0010693297
edzyt2l,joy,joy,0.0005917406,0.00020454204,0.00030990047,0.997897,0.00017878933,0.00081796804
edzz630,sadness,sadness,0.081993364,0.003691653,0.0034925241,0.019031849,0.8834348,0.008355784
edzzetn,joy,joy,0.0006197037,0.00015061442,0.000237562,0.9975924,0.00033054105,0.0010692299
ee00702,anger,surprise,0.18152435,0.0011306702,0.0013009746,0.012530511,0.008775497,0.79473805
ee00a4a,joy,joy,0.0005957163,0.00018444861,0.00031125362,0.99750924,0.00026148563,0.0011378329
ee017t4,joy,surprise,0.006299026,0.0003612188,0.0005661008,0.01169511,0.0012534267,0.97982496
ee0202k,anger,anger,0.9361235,0.0055829864,0.0018296386,0.0400175,0.008677491,0.007769019
ee02p3b,joy,joy,0.00062867836,0.00014226619,0.00021088758,0.9966119,0.00022784383,0.0021783744
ee03adm,surprise,surprise,0.0022084608,0.0004192581,0.0010194859,0.0039498257,0.00094319845,0.9914597
ee03zsf,joy,joy,0.00077096315,0.00021719131,0.00045468434,0.99633175,0.00022872952,0.0019966608
ee04ieu,joy,joy,0.0007587069,0.00024782616,0.00038433375,0.99708897,0.00018855401,0.0013315937
ee04l6a,joy,joy,0.0032098384,0.00031761767,0.00036203506,0.98117137,0.00043520282,0.014503926
ee04vy5,surprise,surprise,0.0037689123,0.0017049842,0.005278321,0.30489066,0.011845675,0.67251146
ee05ptl,sadness,sadness,0.0041087577,0.0013300071,0.00150783,0.003102932,0.988525,0.0014255911
ee06kps,anger,anger,0.9613171,0.0019431671,0.00072712713,0.006606166,0.006118903,0.02328751
ee071mo,joy,joy,0.0074421223,0.00035309073,0.0002566351,0.9891901,0.00088812475,0.0018699273
ee074yt,anger,anger,0.9739032,0.0021189381,0.000718169,0.004951993,0.011452386,0.006855323
ee0763r,sadness,sadness,0.00251092,0.0019261393,0.013710263,0.014499151,0.9596546,0.0076989173
ee07iw0,joy,joy,0.015482037,0.0006083118,0.0004622259,0.9770641,0.0019397483,0.0044436147
ee07scc,joy,sadness,0.24804062,0.019109618,0.0051665665,0.033228226,0.5661175,0.12833746
ee0ajqa,joy,joy,0.00070739683,0.000190682,0.00030522203,0.9977393,0.00020326061,0.00085411465
ee0am1i,anger,anger,0.9833329,0.004030159,0.00072283647,0.0043089353,0.0045129396,0.0030922927
ee0b6kr,joy,joy,0.0010092054,0.00016360459,0.00028811453,0.9966844,0.00033414667,0.0015206217
ee0bkij,joy,joy,0.0007894012,0.00016354103,0.00026355335,0.9966402,0.000303822,0.0018394366
ee0bp51,joy,joy,0.0027353398,0.00034257464,0.0004635561,0.9904445,0.0009781382,0.0050359033
ee0c0hh,joy,joy,0.0017792742,0.00020329068,0.00025853756,0.9956245,0.0005834563,0.0015510228
ee0csyv,anger,joy,0.0070049576,0.0004566987,0.0004581195,0.98798466,0.0006583047,0.0034371957
ee0d2ou,sadness,sadness,0.02709094,0.0021090207,0.017531576,0.008598102,0.9304722,0.014198205
ee0d47e,joy,joy,0.0008261706,0.0002101718,0.0002682151,0.9978492,0.00019642415,0.0006498536
ee0dtal,surprise,joy,0.14041828,0.0022518907,0.0038596322,0.36977932,0.17951478,0.3041761
ee0f6pz,joy,surprise,0.008508503,0.00076010136,0.0012057438,0.009675279,0.0025056761,0.9773448
ee0fmsg,joy,joy,0.0022263066,0.00015080013,0.00033978344,0.98983777,0.00091922644,0.0065260795
ee0h59e,anger,anger,0.911413,0.0017141952,0.0007935934,0.05637029,0.006697088,0.023011781
ee0hddi,surprise,surprise,0.003371782,0.00043138085,0.000719557,0.0023353011,0.0011069119,0.9920351
ee0hdss,joy,joy,0.00073859614,0.00018060918,0.00026404488,0.9978288,0.00018555603,0.0008024549
ee0hr0f,disgust,disgust,0.10473129,0.8459911,0.024068018,0.0056079873,0.0156323,0.0039693727
ee0ih75,joy,joy,0.00043152735,0.00018171611,0.00032815788,0.99763656,0.00025998542,0.0011620922
ee0jf0v,joy,joy,0.01090371,0.00022213417,0.0006224853,0.95790994,0.0031934364,0.027148318
ee0k24c,anger,joy,0.06954969,0.0019205285,0.00099507,0.8959615,0.019680535,0.011892659
ee0lolg,sadness,anger,0.827898,0.0021951091,0.001177196,0.09156727,0.050087042,0.027075334
ee0luuz,joy,joy,0.0007767244,0.00017660682,0.00025125797,0.9977925,0.0001806958,0.00082221575
ee0luv1,sadness,sadness,0.0361614,0.011695279,0.0031516645,0.006150197,0.9340835,0.008757906
ee0mk7b,surprise,joy,0.0075609423,0.0024082325,0.1180653,0.7195383,0.046370998,0.106056266
ee0n3fh,joy,joy,0.0005928338,0.0002566994,0.0003103546,0.99739313,0.0002079749,0.0012390316
ee0no3h,joy,joy,0.0010629192,0.00011761864,0.00028531966,0.997013,0.00035624354,0.0011649344
ee0nzw1,joy,joy,0.0007350866,0.0001518839,0.00025833835,0.9977895,0.00030946897,0.0007556902
ee0ocef,surprise,surprise,0.043166555,0.0011520794,0.002397113,0.011471629,0.032957003,0.9088555
ee0og3x,joy,joy,0.02796541,0.0010999342,0.0014148692,0.8550194,0.02024586,0.094254516
ee0oz7y,joy,joy,0.0010444343,0.00019755145,0.00021942468,0.99688715,0.00089634524,0.00075504824
ee0plux,anger,anger,0.97529334,0.0020426284,0.0009248481,0.0031754128,0.0039874814,0.014576242
ee0r0l7,surprise,surprise,0.0030914035,0.0007055683,0.0013107215,0.06628101,0.001911155,0.9267001
ee0rgb4,joy,joy,0.0016931501,0.00022555416,0.00037525737,0.9956735,0.00054100354,0.0014916171
ee0riz9,joy,joy,0.0019392926,0.0006136511,0.00065328623,0.99486613,0.00026478502,0.0016628101
ee0rrbe,joy,joy,0.00047312418,0.00016757024,0.00028788534,0.99799275,0.00021638144,0.00086232356
ee0sk10,joy,joy,0.00061237515,0.0002473563,0.00034754956,0.99709284,0.00026780923,0.0014320741
ee0tlcd,joy,joy,0.00047878543,0.00012872026,0.0002728404,0.9977495,0.00032068137,0.0010495082
ee0tvjj,sadness,sadness,0.018944643,0.0017036545,0.0057252883,0.014573204,0.7397022,0.21935095
ee0u9nt,joy,joy,0.00046891204,0.0001891449,0.00026436086,0.9976928,0.00021284008,0.001171985
ee0usbg,anger,anger,0.74356973,0.0027348194,0.0011773444,0.12652978,0.04834915,0.077639125
ee0vpx0,joy,joy,0.00053037907,0.00014476854,0.00024132036,0.9979656,0.0002195657,0.00089840963
ee0waa7,joy,joy,0.0011750419,0.0001559413,0.0002758252,0.99690384,0.00021487477,0.001274367
ee0wkza,surprise,joy,0.0019711908,0.00040909552,0.000656761,0.9536321,0.0013358641,0.041994896
ee0wsqw,joy,surprise,0.07432681,0.0016764806,0.0013971785,0.051691473,0.07496811,0.79594
ee0wvwg,joy,joy,0.0008030408,0.000120039156,0.00024617848,0.99763596,0.00025349113,0.00094122236
ee0wz9o,surprise,joy,0.003079528,0.0008823606,0.0014399905,0.5886824,0.0016498034,0.4042659
ee0x1jv,joy,joy,0.00050756277,0.00013228587,0.00022922154,0.99754214,0.0004110486,0.001177771
ee0yl7a,fear,fear,0.017027,0.0038784894,0.8991262,0.058086116,0.006296481,0.0155857
ee0z95h,surprise,surprise,0.0035905899,0.00045524674,0.0009431901,0.004854504,0.0019208543,0.9882357
ee10n7g,joy,joy,0.0004765858,0.00020434023,0.00031181084,0.99518085,0.00027528257,0.0035511157
ee10xsr,anger,disgust,0.14347027,0.7861652,0.015173614,0.00817618,0.04339175,0.003623008
ee11968,joy,joy,0.00069576135,0.00017333518,0.0002531658,0.9974613,0.00023879681,0.0011775871
ee11o9j,joy,joy,0.007814887,0.0004892794,0.010333389,0.9720194,0.001762937,0.0075801862
ee11whh,joy,disgust,0.062997,0.85222626,0.044068508,0.027576635,0.008599294,0.004532359
ee11yns,disgust,sadness,0.13415994,0.2315149,0.028451899,0.017058441,0.57605416,0.012760665
ee125n0,joy,joy,0.0006771931,0.00017077342,0.00025732833,0.9978593,0.00018707236,0.00084834296
ee13x0i,sadness,surprise,0.034661833,0.0009279757,0.0011458336,0.0075189187,0.0041035973,0.95164186
ee13zje,joy,sadness,0.064316414,0.006085927,0.04490884,0.050770577,0.76678723,0.06713102
ee1456h,anger,anger,0.9810002,0.0028823751,0.00075397117,0.007112735,0.004218171,0.0040325797
ee14xe0,joy,joy,0.00092765066,0.0003275918,0.0004511404,0.9798875,0.00036527286,0.018040773
ee162bv,joy,joy,0.059054516,0.0020244177,0.0059194947,0.9037991,0.02365334,0.0055491477
ee169pr,joy,joy,0.32367837,0.018715685,0.005108495,0.4332909,0.08644272,0.1327639
ee16coa,joy,joy,0.019425647,0.0031249642,0.00406767,0.83248067,0.009556388,0.13134463
ee16qfk,surprise,surprise,0.004878553,0.0005930131,0.00097492506,0.08883868,0.0014049017,0.90331
ee16rk0,anger,anger,0.4876566,0.0015451347,0.0014249068,0.085744575,0.030880207,0.39274862
ee16zy1,anger,anger,0.9599246,0.0015916472,0.0011572271,0.020214971,0.007911482,0.009200058
ee179t6,joy,joy,0.000812764,0.00014086431,0.0003162099,0.99403596,0.00040167238,0.0042925603
ee17elt,anger,joy,0.17541818,0.003971556,0.025018306,0.57615966,0.14019838,0.0792339
ee17is5,joy,joy,0.0010849114,0.0002736261,0.00035443518,0.9932601,0.0004094036,0.004617529
ee17nw4,joy,joy,0.0010912883,0.00014983995,0.00022681433,0.99453956,0.00046411523,0.0035283924
ee17pgu,joy,joy,0.096122935,0.0049262685,0.012179024,0.51607853,0.2713379,0.09935541
ee17w15,joy,joy,0.0033609362,0.00061915227,0.0011911253,0.87329835,0.0059603173,0.11557017
ee18esz,joy,joy,0.0006169222,0.00019833645,0.0003306309,0.99699414,0.0002638862,0.0015960343
ee18hoz,sadness,sadness,0.0046001975,0.001272716,0.0010876326,0.00997848,0.981076,0.0019848768
ee198e1,joy,joy,0.0005754947,0.00021127409,0.00028757122,0.99782735,0.00027393983,0.0008243608
ee19jzc,sadness,sadness,0.2289621,0.09289927,0.004125667,0.018044695,0.64837617,0.0075921575
ee1bllh,joy,joy,0.00072338415,0.0001891994,0.00024902783,0.99756646,0.0002689248,0.001003067
ee1cbg4,joy,joy,0.0005823294,0.0001494056,0.00023538267,0.9978886,0.00023614196,0.00090813695
ee1cyxu,fear,fear,0.064020485,0.019549165,0.8277504,0.046503183,0.031237854,0.010938973
ee1ea8b,joy,joy,0.0005755649,0.00018570703,0.00028920695,0.99801147,0.00017372261,0.0007642371
ee1eauo,joy,joy,0.0006416827,0.00019104114,0.00029290447,0.9964994,0.00021795166,0.0021569994
ee1eazm,sadness,sadness,0.06793756,0.09491537,0.28438395,0.055658747,0.47934964,0.017754762
ee1ed14,joy,joy,0.0006180309,0.00017903929,0.00025109315,0.99806553,0.00019701873,0.00068928936
ee1emju,joy,joy,0.00626515,0.0004050945,0.00028224432,0.98964816,0.0014994703,0.0018999566
ee1eof2,sadness,sadness,0.053794526,0.002774523,0.03785965,0.40105903,0.40121922,0.103293024
ee1f6qp,joy,joy,0.0005793089,0.0001385121,0.00022680471,0.99812883,0.00022223791,0.00070422626
ee1gueo,joy,joy,0.0013330142,0.00021152916,0.0003633488,0.9728723,0.0010206768,0.024199137
ee1jqbs,joy,joy,0.00073432113,0.00023822529,0.00030371943,0.99776804,0.00021245761,0.0007432761
ee1kqrd,surprise,joy,0.055822894,0.002303372,0.0032234394,0.6841218,0.011106547,0.24342196
ee1lvxs,joy,surprise,0.014029417,0.0020424714,0.0033886672,0.09684668,0.0045733163,0.87911946
ee1mb48,joy,joy,0.0005607747,0.00028366945,0.0004373993,0.9958619,0.00024140354,0.0026147678
ee1mfdy,joy,joy,0.0012170188,0.00017588567,0.00025936644,0.99271613,0.0005745887,0.0050570727
ee1n1bx,anger,joy,0.1888688,0.0017478706,0.0012182784,0.6845429,0.011157658,0.11246451
ee1o8bi,joy,joy,0.12714733,0.0008417448,0.0014001827,0.85264724,0.008912066,0.009051371
ee1ot9n,joy,joy,0.0011025897,0.00016289836,0.00029285514,0.99740297,0.00032651724,0.0007121808
ee1p7q1,joy,surprise,0.006666752,0.0011335759,0.0029008526,0.17664592,0.0028584092,0.80979455
ee1pft2,joy,joy,0.0014584137,0.0006559285,0.00079167524,0.99088085,0.0005084173,0.0057046977
ee1pn00,joy,joy,0.0006493166,0.0002825509,0.00042014066,0.99741495,0.0003085473,0.00092454
ee1rfpr,joy,joy,0.0009560368,0.00021124748,0.00025374608,0.99761033,0.00026638125,0.00070219004
ee1s5s2,sadness,anger,0.8587624,0.012907973,0.001585293,0.011528029,0.105374105,0.009842141
ee1sdbc,surprise,surprise,0.0068226377,0.00044765676,0.0007425284,0.002355128,0.0011318476,0.9885002
ee1t3d5,joy,joy,0.0006789962,0.00014357355,0.00021295567,0.997891,0.00022193632,0.00085145445
ee1t3gw,joy,joy,0.18118934,0.0011954807,0.0029599182,0.77560407,0.01744376,0.021607414
ee1t9i5,joy,joy,0.016531065,0.0018903661,0.0008684918,0.97089326,0.006487617,0.0033292868
ee1tadj,anger,anger,0.8691543,0.0052183364,0.002545645,0.0692359,0.02270582,0.031140078
ee1ub6z,joy,joy,0.00091712753,0.00019233518,0.0002478653,0.9921409,0.00030765837,0.0061940923
ee1vg59,joy,joy,0.0005173646,0.00017446134,0.00027186345,0.9980566,0.0001773996,0.00080237066
ee1vnzi,surprise,joy,0.021409418,0.0030709235,0.005266143,0.76282686,0.03795863,0.16946805
ee1wky7,sadness,sadness,0.0037915525,0.0010868919,0.0010955626,0.018969426,0.97216696,0.0028896853
ee1y6nk,anger,anger,0.7208188,0.0050338632,0.0050215074,0.12460167,0.07497752,0.06954664
ee1yp7h,joy,joy,0.00059030374,0.00017554809,0.0002205805,0.9979163,0.00029366466,0.00080366986
ee20tub,joy,joy,0.0008663141,0.0001413767,0.0001957837,0.9972379,0.00028375248,0.0012748208
ee21lzo,joy,joy,0.0013503144,0.00014816623,0.0002739871,0.996646,0.0002935427,0.0012880532
ee21s6e,surprise,joy,0.004379016,0.0002912386,0.0007633964,0.9689978,0.0019404598,0.023628108
ee22f41,surprise,anger,0.63224673,0.28551626,0.010329017,0.01979345,0.04094613,0.011168329
ee22ncp,joy,joy,0.0010518825,0.00017946873,0.00022660395,0.99759066,0.00022795952,0.00072338036
ee22zun,joy,joy,0.0022847836,0.00026913578,0.0002777564,0.9828944,0.0008367978,0.013437104
ee239b7,joy,joy,0.0017049456,0.00017261016,0.0002684701,0.9958085,0.00039148502,0.0016540285
ee2414z,disgust,anger,0.97437716,0.006986508,0.0012417657,0.0050470177,0.008719343,0.0036281166
ee253ey,anger,anger,0.675488,0.11627527,0.05352798,0.08061005,0.0610306,0.013068051
ee25bk6,joy,joy,0.0006879825,0.00014374054,0.00018535713,0.9954093,0.0003227969,0.0032508315
ee26p7d,joy,joy,0.07277577,0.00078036176,0.0017615426,0.89562106,0.0039513917,0.025109816
ee26swz,joy,joy,0.0005545832,0.0001570034,0.00024775972,0.99643564,0.00025088905,0.0023541155
ee27dqb,joy,joy,0.00062275026,0.0001721558,0.0003061245,0.9978078,0.0001986678,0.00089250377
ee27mfd,joy,joy,0.004038797,0.00037403402,0.00063254795,0.9102096,0.003381719,0.08136338
ee28ihz,joy,surprise,0.008004784,0.0009225399,0.0015769415,0.3776668,0.0025854046,0.6092435
ee28p90,joy,joy,0.0013145806,0.00039501654,0.000486612,0.9939162,0.000480464,0.0034071624
ee2a9xy,joy,joy,0.001981205,0.0002510297,0.0008816818,0.9820402,0.0006460622,0.014199806
ee2b4wv,joy,joy,0.0006992238,0.00018045543,0.0002667836,0.99703264,0.0003541257,0.0014667677
ee2coo6,joy,joy,0.00055379514,0.00019173652,0.00028493747,0.99812466,0.00018387144,0.00066109275
ee2dou9,joy,joy,0.0007331359,0.00015239923,0.00023229909,0.99649113,0.00022244362,0.002168565
ee2dv22,anger,joy,0.007646923,0.0009587124,0.00069291773,0.7707318,0.002215745,0.2177539
ee2ekdb,anger,anger,0.94823605,0.0015887,0.0010147607,0.030770147,0.009827138,0.008563289
ee2en5u,joy,surprise,0.008493614,0.0010945313,0.0017436134,0.24094164,0.002931278,0.7447954
ee2f53w,joy,joy,0.00062254845,0.00019697625,0.0002747601,0.996766,0.00021185336,0.0019278323
ee2fkxe,joy,joy,0.0011158664,0.00019479883,0.0003460538,0.9930601,0.00039074387,0.0048924875
ee2fzt0,anger,anger,0.4858967,0.00355313,0.0019933078,0.02539,0.4542145,0.02895241
ee2g7c2,anger,fear,0.06041568,0.038074296,0.8682351,0.004223453,0.023015345,0.0060360553
ee2gt9x,joy,joy,0.0012782961,0.00023362137,0.00029025692,0.99609274,0.00017820719,0.0019269298
ee2h2ew,sadness,sadness,0.0026189766,0.001421418,0.0013331535,0.0047270837,0.9884397,0.00145965
ee2h74j,sadness,sadness,0.06479437,0.082535684,0.004661533,0.0040883156,0.83439827,0.009521809
ee2h8gz,joy,joy,0.0009170358,0.00015352386,0.0003346,0.99627966,0.0005676484,0.0017475032
ee2h91z,joy,joy,0.0006483921,0.00013128556,0.00021910504,0.99742967,0.00024039393,0.001331102
ee2ht7c,joy,joy,0.00048369315,0.00017336436,0.00028792737,0.9971631,0.0002053419,0.0016865067
ee2hvy8,joy,joy,0.0008258788,0.00022362347,0.00030355042,0.99640095,0.0001903681,0.002055616
ee2iwqw,joy,joy,0.00044708882,0.00015807054,0.00027134042,0.9979831,0.00024404937,0.00089631503
ee2jas3,anger,anger,0.81280345,0.020943733,0.007122593,0.13505688,0.018467663,0.005605672
ee2jh7s,joy,joy,0.0005388312,0.00019511908,0.00028233946,0.9976682,0.0003030618,0.0010124242
ee2jj95,sadness,joy,0.06581849,0.0016230734,0.0020224494,0.50223035,0.032183405,0.3961222
ee2k62x,sadness,anger,0.5614891,0.003696201,0.005675554,0.09951378,0.3228902,0.0067351772
ee2k7jn,joy,joy,0.0004523142,0.0001719567,0.00030095843,0.9975485,0.00023070972,0.0012954979
ee2kbgz,fear,fear,0.005836917,0.004762631,0.97668344,0.00490192,0.0037242083,0.0040908726
ee2kw21,fear,fear,0.005921579,0.0028937699,0.9423613,0.027699795,0.007841156,0.013282417
ee2lul7,joy,joy,0.0007340605,0.0001448528,0.00022780962,0.9974891,0.00033810217,0.0010661817
ee2lv17,joy,joy,0.0008333158,0.00016371063,0.00023897416,0.9978033,0.00020174947,0.00075897545
ee2mthu,joy,joy,0.0005855303,0.0001632912,0.0002611213,0.9977053,0.00024075266,0.0010440764
ee2owrm,joy,joy,0.0007373685,0.00023423207,0.0004107613,0.9934303,0.0008537459,0.0043335543
ee2oyk4,joy,joy,0.00055650383,0.0002546449,0.0003469385,0.997551,0.00027731532,0.0010136374
ee2qil5,surprise,surprise,0.055978194,0.003297127,0.0049016275,0.019212285,0.013193999,0.9034168
ee2qwfw,joy,joy,0.006518767,0.00078110513,0.00067555386,0.9855444,0.00075431424,0.0057258513
ee2qwse,sadness,sadness,0.014912297,0.0018767597,0.00075860636,0.004583581,0.97432125,0.0035476228
ee2r5yl,sadness,sadness,0.0054615154,0.0016950932,0.0012067615,0.0022735437,0.9880596,0.0013035304
ee2r6ec,joy,joy,0.042086467,0.0027969377,0.0023893742,0.7458387,0.019041497,0.18784703
ee2rc52,joy,joy,0.062361807,0.0006323194,0.0005133365,0.9262511,0.0025946691,0.007646798
ee2rswy,joy,joy,0.00053799903,0.00026601838,0.0003828875,0.996757,0.00023443755,0.0018217091
ee2shu6,joy,joy,0.0005244768,0.00016292345,0.00027486501,0.997767,0.00023233666,0.0010383914
ee2stiq,joy,joy,0.0007123539,0.0001666669,0.00026017427,0.9979965,0.00019878348,0.000665587
ee2t60u,joy,joy,0.0025184415,0.00059631123,0.0006475954,0.95137864,0.00066989986,0.04418903
ee2ta83,joy,joy,0.00059799344,0.00023289798,0.0002866681,0.9978033,0.00020462385,0.0008745001
ee2tbtv,joy,joy,0.0010122269,0.00021127488,0.0002491965,0.99494994,0.00039018088,0.0031871235
ee2tj1b,joy,joy,0.0005502416,0.0001673126,0.00025704372,0.9980075,0.00028500403,0.0007329617
ee2tnix,joy,joy,0.0023951437,0.0002343395,0.0012410192,0.99308723,0.0008787783,0.0021633822
ee2y28u,joy,joy,0.00043919584,0.00019466406,0.0002801102,0.997766,0.00020672692,0.0011132045
ee2ybxe,fear,anger,0.4958835,0.044097975,0.21751994,0.18828943,0.030999176,0.023210026
ee2yeeo,surprise,surprise,0.005654489,0.00047789924,0.00071522564,0.0027465764,0.0018988437,0.9885069
ee2yge0,joy,joy,0.0050640474,0.00070943614,0.000670186,0.82408077,0.0010122296,0.16846332
ee2ywgu,surprise,surprise,0.009318154,0.00046800476,0.00090091553,0.0016689317,0.0034939002,0.98415023
ee2z5to,joy,joy,0.002751912,0.000212938,0.0005091197,0.9926479,0.00064166205,0.003236449
ee2zen1,joy,joy,0.0008586227,0.00013009597,0.00032689222,0.994443,0.0005592552,0.0036821594
ee2zo2m,anger,anger,0.684555,0.006380565,0.0029666326,0.26345134,0.011527731,0.031118805
ee3056i,anger,joy,0.046395257,0.0009310012,0.0010476132,0.7246488,0.011147751,0.2158296
ee30gbv,joy,joy,0.0013059335,0.00031369078,0.00036320137,0.98913467,0.005789372,0.0030930229
ee30ne6,anger,anger,0.9395219,0.008736769,0.0017005632,0.023474373,0.015661402,0.010905002
ee30wlo,joy,joy,0.006698975,0.00042152652,0.00071660423,0.98847544,0.0010135617,0.0026739228
ee31m28,joy,joy,0.003770788,0.00020850003,0.00023907085,0.991871,0.0018675614,0.0020430998
ee320u1,sadness,sadness,0.0067356406,0.0011926218,0.0022009967,0.06261541,0.91632277,0.010932586
ee32dpl,surprise,joy,0.002978762,0.0011627031,0.0011784609,0.72193754,0.0029287236,0.26981384
ee33bja,joy,joy,0.0006253195,0.00021335302,0.00032063105,0.9970726,0.00020408905,0.0015639816
ee33ryb,joy,surprise,0.094465286,0.0076115164,0.013483104,0.005469914,0.055435862,0.8235343
ee35djj,joy,joy,0.0022988357,0.00032227705,0.00046413825,0.99413896,0.000672372,0.0021034414
ee36jp2,fear,surprise,0.04389679,0.01756134,0.28021452,0.07230731,0.017499536,0.5685204
ee36r7p,sadness,surprise,0.026957635,0.0017688058,0.0040584896,0.0041624242,0.014125422,0.9489272
ee379r3,joy,joy,0.0076511535,0.00046088925,0.0003633627,0.98981524,0.0004960613,0.0012133432
ee37q3g,anger,disgust,0.29348087,0.56911725,0.028260754,0.012756173,0.08169312,0.014691849
ee38vkq,joy,joy,0.0012619958,0.0002492675,0.00075373735,0.9813401,0.0011842826,0.015210654
ee38vmo,sadness,anger,0.37392172,0.26954874,0.30701894,0.027374782,0.014071356,0.008064472
ee38yjo,surprise,surprise,0.033009343,0.0008999434,0.0013471256,0.01715375,0.014782038,0.9328078
ee39888,anger,anger,0.9627331,0.0022440394,0.00090359786,0.0066013657,0.011159179,0.016358769
ee39qac,surprise,surprise,0.01932523,0.0021782417,0.003896695,0.018041477,0.043296427,0.9132619
ee39wol,surprise,surprise,0.00475625,0.0005773184,0.0007648274,0.023964856,0.0017812828,0.96815556
ee3a48x,joy,anger,0.90789306,0.019840173,0.0028329832,0.04568386,0.011490364,0.012259474
ee3a4yj,anger,joy,0.3866404,0.0011649206,0.0019993684,0.4906937,0.045460723,0.07404093
ee3atml,joy,joy,0.0007315206,0.00014819212,0.00021627419,0.9977731,0.0003530505,0.00077777926
ee3ayju,joy,joy,0.0071319216,0.00028494498,0.0002833046,0.9816775,0.00078237266,0.009839902
ee3bi93,surprise,surprise,0.0041040946,0.000388959,0.00064698,0.005671152,0.00087320025,0.9883156
ee3c4xk,sadness,sadness,0.00202962,0.0011782225,0.0021663224,0.0051739234,0.987518,0.0019339198
ee3cgx8,anger,anger,0.48531312,0.4025544,0.037652288,0.018360877,0.03484859,0.021270728
ee3dshg,anger,joy,0.0025456275,0.0002900923,0.00052076235,0.9621613,0.0007985445,0.03368375
ee3ebkv,anger,anger,0.9459784,0.0036532397,0.0008590138,0.03065276,0.012294782,0.006561899
ee3ew5u,joy,joy,0.00544405,0.00031791645,0.0004296318,0.9902484,0.0008029461,0.002757143
ee3f6ny,joy,joy,0.0004478942,0.0001741259,0.00030582934,0.9980014,0.00018885243,0.00088190014
ee3f6wc,sadness,joy,0.044185586,0.005340337,0.0037056683,0.53747386,0.20176867,0.20752592
ee3fnf6,joy,joy,0.00091227435,0.00015152374,0.00025378403,0.99696726,0.00032734996,0.0013877635
ee3fysw,anger,surprise,0.14337872,0.0014643312,0.0060653756,0.07198606,0.04268339,0.734422
ee3g9p7,joy,joy,0.008634798,0.00044074634,0.00028467784,0.9859534,0.0024650327,0.002221324
ee3gbt3,anger,anger,0.8379017,0.10625684,0.0037485484,0.017998105,0.029614197,0.0044806553
ee3gcs6,joy,joy,0.00063076284,0.00021607718,0.00032238022,0.9978078,0.00018200453,0.000840965
ee3gfo0,joy,joy,0.0007482714,0.00016072864,0.0002564508,0.9978974,0.00017521529,0.00076193054
ee3gua7,joy,joy,0.0004743773,0.00016186935,0.00024069521,0.9981712,0.00020153537,0.0007502887
ee3h95g,joy,joy,0.006609921,0.00027755735,0.0008421142,0.98629004,0.00086247746,0.005117811
ee3hvbc,surprise,surprise,0.012754589,0.0016214031,0.0033903955,0.010735174,0.40034464,0.57115376
ee3jles,disgust,joy,0.15529697,0.09000875,0.01945158,0.6517051,0.024796719,0.05874088
ee3k1a7,joy,joy,0.0024087352,0.0002068456,0.0005297348,0.9854553,0.0012112096,0.010188233
ee3k68g,disgust,disgust,0.2908833,0.60922366,0.024428226,0.027155051,0.036882438,0.0114272805
ee3kyhd,anger,anger,0.62427276,0.22553806,0.018488169,0.024769943,0.06137681,0.045554306
ee3lfwl,joy,joy,0.00077055075,0.0004705364,0.0010635197,0.9892531,0.0005579885,0.007884366
ee3lj7v,sadness,sadness,0.007867402,0.0026567176,0.0015597697,0.0029550858,0.9808245,0.0041365847
ee3ne2z,joy,joy,0.002398709,0.0002087621,0.00037036274,0.9925108,0.00067878334,0.0038325905
ee3nrjv,anger,anger,0.93087476,0.00263214,0.0009076765,0.02916291,0.023039728,0.013382747
ee3oe2a,joy,joy,0.0015923313,0.00032933592,0.00037538077,0.99038893,0.00075860217,0.0065554287
ee3p0nk,joy,joy,0.0009693272,0.0001665519,0.00021309445,0.997558,0.00021452583,0.0008784837
ee3p61p,sadness,sadness,0.030220553,0.0020796168,0.0040594186,0.21937299,0.7313594,0.012907999
ee3pbtk,joy,joy,0.10440106,0.002008398,0.0021761,0.7566731,0.056816585,0.07792477
ee3psor,anger,sadness,0.16018406,0.03259717,0.014234704,0.054888833,0.55876476,0.17933053
ee3psub,surprise,surprise,0.008248601,0.00047281163,0.0006741149,0.002835089,0.00092882157,0.9868405
ee3qgj7,joy,joy,0.06999155,0.006107631,0.0020768538,0.5045526,0.41126394,0.006007444
ee3r1c9,joy,joy,0.0007406671,0.00013772634,0.00022699464,0.99785346,0.00028085138,0.00076025707
ee3rav7,surprise,surprise,0.0081296675,0.0005375104,0.0005909052,0.0037752525,0.0012742998,0.9856924
ee3rd97,joy,anger,0.9658324,0.0028413963,0.00056784553,0.014376567,0.0047090375,0.011672755
ee3s8id,joy,joy,0.000639331,0.00018538952,0.00034911634,0.9970132,0.00025037816,0.0015625602
ee3sny4,anger,joy,0.0013534508,0.00016936264,0.00036149772,0.99452907,0.00073834305,0.0028482499
ee3squj,anger,anger,0.9811452,0.0026030208,0.0006435375,0.005687839,0.0059561273,0.003964319
ee3tg8x,joy,joy,0.0006457193,0.00019284282,0.00024854863,0.9979341,0.00020900056,0.00076980446
ee3twmx,joy,joy,0.0010222982,0.00030947477,0.00054852816,0.972384,0.00096379075,0.024771905
ee3u4dn,anger,anger,0.6884707,0.002939602,0.0014130981,0.0059192064,0.009671912,0.29158548
ee3u6hq,sadness,sadness,0.007768921,0.004364044,0.026768176,0.010030918,0.9168521,0.034215767
ee3ucvg,joy,joy,0.017076917,0.0012225271,0.0012620647,0.6656195,0.01097028,0.3038487
ee3uddd,sadness,sadness,0.002758563,0.0010328902,0.0011952424,0.006238287,0.9863506,0.0024244536
ee3uwxj,fear,fear,0.006108954,0.0039935857,0.97679853,0.004986782,0.003723585,0.0043885666
ee3uztg,anger,anger,0.98545396,0.0025849207,0.0005187258,0.004460854,0.003949946,0.0030314426
ee3v5ip,sadness,sadness,0.012348101,0.0016744805,0.0016643662,0.21138503,0.7663068,0.0066213286
ee3vsyu,joy,joy,0.00072809996,0.00022384236,0.0003034511,0.9979519,0.00017327676,0.00061941636
ee3vw3c,sadness,sadness,0.0054736324,0.0009691209,0.0011150923,0.0032934872,0.98365974,0.005488996
ee3wney,joy,joy,0.00062999834,0.00013463375,0.00023961953,0.99732095,0.0003002265,0.0013745195
ee3xcal,joy,joy,0.0007843253,0.0001577843,0.00035763663,0.9953289,0.00050246145,0.0028689373
ee3y1er,joy,joy,0.013532556,0.00038225006,0.00029791973,0.982053,0.0006487792,0.0030855373
ee3zk80,joy,joy,0.0030431463,0.0001603474,0.00023080468,0.99059063,0.00069017586,0.0052848984
ee3ztc5,anger,anger,0.87846226,0.0045317314,0.0015129349,0.041960385,0.021166597,0.052366205
ee404st,anger,anger,0.9435996,0.0043000216,0.001390419,0.011804476,0.033101063,0.0058043767
ee408is,joy,joy,0.002389709,0.00020063485,0.00030201982,0.994553,0.00046894018,0.0020857123
ee413g0,joy,joy,0.0021286157,0.00025342745,0.00041749468,0.99266255,0.0008965341,0.0036414862
ee42htv,surprise,surprise,0.098054394,0.0014151788,0.002713945,0.005978769,0.025154265,0.8666835
ee44adg,joy,joy,0.00088829343,0.00018485995,0.00020456413,0.99664104,0.0002352214,0.001846061
ee450e4,joy,joy,0.000687528,0.00013812238,0.00024239223,0.99518764,0.00046855255,0.0032757393
ee451wb,joy,joy,0.0051249154,0.0013897896,0.0028028293,0.85789573,0.0021433537,0.13064341
ee48pcs,joy,joy,0.0005725481,0.00020280355,0.00029938025,0.99765885,0.00018516368,0.0010812415
ee49cxn,joy,joy,0.000961505,0.00020731027,0.00027163554,0.9965429,0.00058085873,0.0014357299
ee49pt0,anger,joy,0.37423217,0.004675711,0.0022980957,0.5132533,0.020319987,0.0852208
ee4a4e1,sadness,joy,0.0041507673,0.0014888964,0.00244187,0.8203298,0.16393207,0.0076565845
ee4af85,joy,joy,0.0008943652,0.0003118856,0.00040283182,0.9889502,0.00053546485,0.008905277
ee4aflu,joy,joy,0.00043550876,0.00017002312,0.00027977218,0.9980877,0.00020089027,0.00082604185
ee4bdl0,joy,surprise,0.010233704,0.0010106137,0.0023181234,0.21191582,0.0035554743,0.7709663
ee4buzn,joy,joy,0.0008272857,0.00016559447,0.000247885,0.99657935,0.0002705593,0.0019092934
ee4cky1,sadness,sadness,0.033695955,0.0023258966,0.0010697712,0.012199404,0.9477155,0.0029934908
ee4d3nz,joy,joy,0.00065474305,0.00017040416,0.00024427526,0.9979785,0.00019050228,0.00076163973
ee4ed6j,anger,joy,0.19441433,0.0016155103,0.0016285079,0.77348334,0.008612449,0.020245844
ee4ehtj,joy,joy,0.00061206095,0.00020144986,0.000249731,0.99805415,0.00017711331,0.0007055627
ee4g0qt,joy,joy,0.0007835097,0.00014289627,0.00021954549,0.9954377,0.00024155463,0.0031748824
ee4g8ql,surprise,surprise,0.054091807,0.0019073373,0.0017253731,0.012429524,0.018307025,0.9115389
ee4ggkr,joy,joy,0.00074220326,0.00024134194,0.00032687557,0.9972452,0.00018673147,0.0012576849
ee4guke,joy,joy,0.0005733024,0.00015257375,0.00023716174,0.99790823,0.00020061695,0.00092815
ee4gx11,joy,joy,0.00047858214,0.00018781069,0.00028994522,0.9975198,0.00018695684,0.0013368531
ee4gz7f,joy,joy,0.0006197009,0.00023527326,0.00087429467,0.9950059,0.000503446,0.0027613428
ee4hhym,surprise,surprise,0.0024396898,0.0006389087,0.001112539,0.09613031,0.0021242716,0.8975543
ee4igo1,joy,sadness,0.0040133973,0.0016932829,0.0048479447,0.07781774,0.9071858,0.0044419053
ee4jb8f,surprise,surprise,0.0036489058,0.00035894546,0.00084948976,0.004487619,0.0011807266,0.98947436
ee4mb11,joy,joy,0.0005129662,0.00014116852,0.00026822696,0.9978514,0.0003253095,0.0009010078
ee4nck2,joy,joy,0.0007295594,0.00016252276,0.00022980843,0.9979012,0.00020650368,0.00077029795
ee4ndy4,surprise,surprise,0.0030951335,0.0005067358,0.0009373844,0.0032775877,0.00154443,0.99063873
ee4no0w,surprise,joy,0.03526638,0.0031327675,0.000975276,0.9495436,0.0039289286,0.007153091
ee4ocki,joy,joy,0.00096501387,0.00017744303,0.00021073429,0.9971934,0.00019909268,0.0012543645
ee4pxlh,joy,joy,0.0075326366,0.00021669251,0.0004339943,0.9768654,0.00090646517,0.01404481
ee4q06w,joy,joy,0.0064233644,0.00039092026,0.0004151567,0.9846779,0.006389868,0.0017028665
ee4qhql,joy,joy,0.00073166523,0.00018351596,0.00036165759,0.9977477,0.00029583718,0.0006796599
ee4qjbh,joy,joy,0.00097042206,0.0001496429,0.00028894836,0.99556845,0.00045781428,0.0025647215
ee4ql31,joy,joy,0.0014615125,0.00018691336,0.00032269163,0.99519664,0.0019054582,0.00092670566
ee4qmi0,joy,joy,0.01017765,0.00063302915,0.00061767665,0.9294639,0.0023764246,0.05673132
ee4qxis,joy,joy,0.0008235411,0.00017031432,0.000253962,0.9979918,0.00022864722,0.00053175515
ee4rq2t,sadness,sadness,0.0061760764,0.0022495862,0.0011415058,0.0034737447,0.985187,0.0017719712
ee4sfjl,surprise,surprise,0.0024279233,0.0010331962,0.0018178072,0.05989858,0.004921464,0.92990106
ee4ughg,surprise,surprise,0.014117616,0.0005816063,0.00074659364,0.0017806982,0.0021967615,0.9805767
ee4uotk,anger,anger,0.98341125,0.0027959219,0.0012329259,0.003294984,0.0048939222,0.0043709204
ee4uxvi,joy,joy,0.00090262044,0.00017255357,0.00023990002,0.9971238,0.0001741788,0.0013870061
ee4wmaj,joy,joy,0.0005520094,0.00016829267,0.00026259595,0.99807346,0.00023338753,0.0007102706
ee4wv63,anger,joy,0.46015966,0.0023458663,0.0020038446,0.5117007,0.009998517,0.013791422
ee4x9kp,disgust,disgust,0.0767056,0.8828978,0.014543479,0.005353059,0.016495315,0.0040047662
ee4ydam,joy,joy,0.0005955679,0.00014929137,0.00027482357,0.9969934,0.00024110505,0.0017457866
ee4z390,surprise,surprise,0.008838792,0.00055474613,0.0009764533,0.04533549,0.0013622692,0.94293225
ee4zyn1,joy,joy,0.016017953,0.0003538624,0.00044679234,0.98033226,0.00088471925,0.001964429
ee4zzfr,joy,joy,0.000631138,0.00023026197,0.00032851438,0.9952205,0.00032698934,0.0032625967
ee50l89,joy,joy,0.009166055,0.000937004,0.0025057727,0.7151444,0.010973586,0.26127318
ee519hh,joy,joy,0.0006940293,0.00019062424,0.0002522636,0.9947249,0.0002783423,0.0038598797
ee52bva,joy,joy,0.00050090987,0.00018425741,0.00028623603,0.9979504,0.00020920279,0.00086906744
ee52hgi,sadness,joy,0.007835778,0.00083275547,0.002031545,0.9199808,0.06276031,0.0065587806
ee52x7x,joy,joy,0.00051375106,0.00014157868,0.00023601725,0.9977164,0.00025819356,0.0011339833
ee53786,joy,joy,0.0009590409,0.00043646657,0.008134204,0.98545223,0.0010863834,0.0039316323
ee53bo9,joy,joy,0.0015172894,0.0003646773,0.00029423187,0.9963988,0.00027898522,0.0011459148
ee53udw,joy,joy,0.0005524653,0.00017678602,0.00030339925,0.9979832,0.00022608128,0.00075812143
ee53ybt,joy,joy,0.0010019252,0.00016711227,0.00019505066,0.9972899,0.00042414898,0.0009219312
ee54f7w,joy,joy,0.0006509376,0.0001714042,0.00025972378,0.99787164,0.00020492713,0.0008414028
ee551s4,joy,joy,0.0031307237,0.0002102866,0.00021808178,0.9949477,0.00053031725,0.00096290454
ee55eu7,joy,joy,0.18045935,0.0019526879,0.0016153927,0.7421339,0.051007744,0.022830956
ee55l0n,anger,anger,0.6467934,0.010862775,0.01538261,0.08761011,0.06019529,0.17915583
ee55qb6,joy,joy,0.0006464115,0.0002822241,0.00059417734,0.9969116,0.00019202306,0.0013736474
ee55zyf,joy,joy,0.0006873999,0.00019484019,0.0002622219,0.99801105,0.00019711097,0.00064734573
ee5681g,joy,joy,0.0008360666,0.00031020612,0.0004880886,0.9963058,0.0004104585,0.0016493985
ee573ot,joy,joy,0.018883362,0.00041205753,0.00045757633,0.973471,0.0012375633,0.0055384296
ee577y4,joy,joy,0.0005045467,0.00015353964,0.00025239604,0.9972064,0.00031627444,0.0015668095
ee57c4i,joy,joy,0.0005446323,0.00017938945,0.00024248622,0.99791867,0.0001869895,0.0009279478
ee58n75,surprise,surprise,0.004846343,0.00042734918,0.00058247166,0.0034664029,0.000995368,0.98968214
ee59o0u,joy,joy,0.0010876321,0.00014606536,0.00024979867,0.9972389,0.00042728096,0.00085042015
ee5aa2a,joy,joy,0.00075216946,0.00022060932,0.002720741,0.9919292,0.0006939785,0.0036833605
ee5b5e3,anger,anger,0.92332083,0.023148043,0.001031923,0.013862782,0.035151817,0.0034846975
ee5bioh,joy,joy,0.0020453448,0.00014822689,0.00039964583,0.99574834,0.0005299127,0.0011285894
ee5bq8n,anger,disgust,0.22149876,0.71706545,0.0088516,0.011986474,0.036189936,0.0044078096
ee5bqqq,anger,anger,0.64181274,0.25123677,0.006988564,0.021574175,0.06896773,0.009419948
ee5cn0s,joy,anger,0.47073045,0.009604654,0.040736206,0.2874263,0.053739425,0.13776296
ee5e8v0,surprise,anger,0.47264802,0.0023758688,0.0018095912,0.017727274,0.09684458,0.4085947
ee5euh9,joy,joy,0.00092073256,0.00019695557,0.00026427602,0.9971034,0.0003447139,0.001169834
ee5ezci,surprise,surprise,0.006692606,0.00047464878,0.001005691,0.003892189,0.0011076214,0.98682725
ee5fhjg,joy,joy,0.0006299402,0.00020257517,0.00033227156,0.99354714,0.00031141474,0.004976674
ee5fqe7,joy,joy,0.000582565,0.00021114475,0.00032621188,0.9978225,0.00029851415,0.000759058
ee5fykb,anger,disgust,0.1676237,0.6891462,0.038303304,0.039749805,0.054021813,0.011155201
ee5gov9,joy,surprise,0.0128578385,0.007104864,0.008240478,0.1406263,0.05488304,0.77628744
ee5h8kw,anger,anger,0.64093846,0.0109336125,0.004752403,0.09730902,0.20090652,0.04516006
ee5jeoy,surprise,surprise,0.012343211,0.00041529816,0.00066089054,0.0037562721,0.001917716,0.98090655
ee5jnes,surprise,surprise,0.019907027,0.0014905123,0.0015179066,0.08799851,0.0398217,0.84926426
ee5kgax,surprise,joy,0.0021225146,0.0008182094,0.0011725491,0.97642845,0.00061922066,0.018839063
ee5kokt,joy,joy,0.0011529834,0.00015906981,0.00033444198,0.99336433,0.0004688087,0.004520292
ee5l7ju,joy,joy,0.00065879524,0.00021457965,0.0003971358,0.994728,0.00035164139,0.0036498513
ee5mbfj,surprise,surprise,0.016626619,0.00054182525,0.0012503641,0.050919358,0.00658791,0.9240738
ee5mn54,joy,surprise,0.005533831,0.00035636235,0.0009283496,0.018465403,0.0027890482,0.97192705
ee5mqor,joy,joy,0.0005449839,0.00026079803,0.0005321345,0.997047,0.0006399447,0.0009752451
ee5n06i,joy,joy,0.0007800147,0.0002079468,0.00028612954,0.9978654,0.00020022054,0.00066024595
ee5nfbq,joy,joy,0.00071914133,0.00026406042,0.00035910873,0.9965094,0.00022494857,0.0019234542
ee5nv3w,surprise,surprise,0.0030186134,0.0004068814,0.0007306919,0.0032782727,0.00087370095,0.9916918
ee5owwz,sadness,sadness,0.17175575,0.0070970883,0.0059769657,0.020729247,0.75651395,0.03792702
ee5phdm,joy,surprise,0.004743088,0.0007958445,0.0011294216,0.049917985,0.0020762696,0.94133735
ee5po12,joy,joy,0.019125735,0.00092669216,0.0022678543,0.92489594,0.0033688687,0.04941493
ee5quyf,joy,joy,0.0009716505,0.00019282413,0.0003424939,0.9974112,0.00040218557,0.0006796724
ee5qw35,joy,joy,0.004895601,0.0012548589,0.003639545,0.5495911,0.0057966956,0.4348222
ee5r6t1,joy,joy,0.1920575,0.0013893314,0.0038060187,0.579177,0.06754073,0.1560294
ee5rqyi,sadness,sadness,0.008121885,0.0036003513,0.0010644551,0.0029224611,0.98282605,0.0014648079
ee5svxf,anger,anger,0.96677977,0.012285718,0.0010586876,0.004174117,0.01241963,0.0032821093
ee5tqqq,joy,joy,0.0064567598,0.00031086343,0.00062396826,0.98541856,0.00063616637,0.0065536373
ee5u4io,sadness,sadness,0.004855607,0.0011803233,0.0014732438,0.01092469,0.9729198,0.008646365
ee5u921,joy,joy,0.0023127892,0.0002588776,0.00029705837,0.995021,0.00081116264,0.0012991605
ee5ue95,sadness,sadness,0.0038283179,0.0011690467,0.0019491863,0.0034327344,0.9878797,0.0017409851
ee5ulcx,joy,joy,0.0005691031,0.00015350265,0.00026214754,0.99801445,0.0002093827,0.0007913506
ee5ults,joy,joy,0.014089038,0.000426081,0.0004846565,0.9621836,0.0016619816,0.0211546
ee5uujw,fear,fear,0.019469908,0.0081934035,0.92942065,0.023498364,0.008812536,0.010605063
ee5v3q7,joy,joy,0.025937915,0.00041270643,0.00064912846,0.9657797,0.0030135086,0.0042070486
ee5v8v1,joy,joy,0.00058689737,0.00021475801,0.00027640743,0.9933403,0.0004239907,0.0051575904
ee5vvau,joy,joy,0.002439038,0.0002550522,0.00029156197,0.9920219,0.00085712236,0.004135266
ee5w3lp,joy,joy,0.0014034546,0.0003347693,0.00027080817,0.9971717,0.00022912069,0.00059021136
ee5ww5r,joy,joy,0.0007410615,0.00019097584,0.00025597884,0.9976858,0.00016644952,0.0009597263
ee5xsw1,anger,anger,0.71974987,0.0018341792,0.0014091998,0.19924045,0.009594596,0.0681717
ee5xtsy,surprise,surprise,0.2895329,0.010637186,0.036177225,0.028335493,0.06638842,0.5689287
ee5xutm,surprise,surprise,0.0021985667,0.00049842376,0.00088205317,0.016419578,0.0013563766,0.9786451
ee5y5l3,joy,surprise,0.057722837,0.0056278342,0.03249646,0.2942072,0.030849198,0.57909644
ee5yzds,joy,joy,0.0007302757,0.00015995908,0.00022175419,0.99775887,0.00031091494,0.0008181786
ee5zr74,joy,joy,0.00051899283,0.00017293873,0.00030036873,0.9980294,0.00016915122,0.0008090972
ee5zv1r,joy,joy,0.003424692,0.00019848495,0.00046122473,0.98137695,0.0016685228,0.012870164
ee60jtu,joy,joy,0.0006604492,0.00020536852,0.00029153895,0.9978004,0.00016485843,0.00087744946
ee61x8k,surprise,surprise,0.005152133,0.00072238164,0.0021788545,0.22817168,0.0071862894,0.75658864
ee626do,joy,joy,0.02949879,0.000821804,0.0008960924,0.96006584,0.002988241,0.0057292865
ee62y6x,joy,joy,0.00040587076,0.00018390991,0.00030804373,0.9971033,0.00030106376,0.0016977837
ee62ydl,sadness,sadness,0.0026016135,0.0011134192,0.0015786298,0.0101619,0.9813726,0.0031718723
ee637s8,anger,anger,0.7160473,0.016893025,0.0022767992,0.24164747,0.017926993,0.005208356
ee6386k,joy,joy,0.00067610067,0.00016001845,0.000273163,0.99750215,0.00020392558,0.0011845987
ee63efc,sadness,anger,0.95846015,0.01676072,0.0010126668,0.004598568,0.016141362,0.0030264996
ee64day,sadness,sadness,0.0023166796,0.0011014458,0.0015292382,0.0037328796,0.9897323,0.0015874924
ee64dbh,joy,joy,0.0006776919,0.0001646497,0.00027811556,0.99749833,0.00020938143,0.0011718286
ee64ows,joy,joy,0.011840195,0.00033889033,0.00075520016,0.9813672,0.0011655462,0.004532981
ee64tf4,joy,joy,0.0004277509,0.00016779137,0.00026709598,0.99683493,0.00032074668,0.001981783
ee67en8,joy,joy,0.0005567376,0.00017247445,0.00027363497,0.99776685,0.00020635794,0.0010240221
ee685ge,surprise,surprise,0.0030215287,0.00035839216,0.00077231386,0.0036528904,0.0009870562,0.99120784
ee68wff,joy,joy,0.007414649,0.00032194177,0.00037945446,0.93468904,0.0068221306,0.050372776
ee692im,joy,joy,0.0036689218,0.00018187745,0.00066248636,0.9856156,0.003060819,0.006810388
ee69phf,anger,anger,0.98591495,0.002221071,0.00068794616,0.0030767252,0.0039919806,0.0041073263
ee69wkr,anger,anger,0.9760177,0.0015155942,0.0004591901,0.008452168,0.007656183,0.00589902
ee6b1bw,joy,joy,0.2296131,0.037494406,0.0096274465,0.6895656,0.01668282,0.017016627
ee6bjs8,joy,joy,0.000818826,0.00021955822,0.00029314592,0.9974644,0.00018159849,0.0010224239
ee6c291,disgust,disgust,0.36318305,0.5275757,0.023346966,0.027542667,0.04737941,0.01097225
ee6c7t8,sadness,anger,0.5692074,0.0033346636,0.0031451648,0.022748588,0.3853192,0.01624501
ee6c8k2,surprise,surprise,0.025843337,0.0012068118,0.003845557,0.019266356,0.007482267,0.9423557
ee6co25,anger,anger,0.94264835,0.0023364157,0.00063241675,0.026719475,0.02156622,0.006097154
ee6dv3m,surprise,joy,0.073798,0.06987334,0.19335636,0.5052493,0.064633034,0.0930899
ee6ecmr,joy,joy,0.0038886075,0.00058850006,0.0008395499,0.8454632,0.0010985746,0.14812157
ee6eyoy,sadness,surprise,0.0048064995,0.0013302114,0.0022926645,0.41428182,0.045511376,0.53177744
ee6f4rc,joy,joy,0.00068330154,0.00018488964,0.00026019738,0.99798536,0.00019629645,0.0006898551
ee6fojd,joy,joy,0.0012023804,0.00014400177,0.00024553388,0.9965945,0.00030268164,0.0015109754
ee6g0gu,joy,joy,0.00090215984,0.00021683112,0.0005153411,0.996414,0.0011620137,0.0007897151
ee6gjec,joy,joy,0.000823979,0.00023224874,0.0007716987,0.9900619,0.001351074,0.006759188
ee6hcv6,joy,joy,0.0005185652,0.00020840221,0.00035879135,0.9974239,0.00025621374,0.0012340772
ee6hoqy,joy,joy,0.0012741392,0.00021132718,0.0003359465,0.9962276,0.0004089767,0.0015420032
ee6iekm,joy,joy,0.0014923563,0.00035979925,0.0005448886,0.9357119,0.0011454375,0.060745534
ee6iolx,sadness,sadness,0.013930454,0.0029862395,0.016471682,0.109823026,0.8473872,0.0094014155
ee6jp9c,joy,joy,0.00056688976,0.00015444346,0.00026321723,0.9980259,0.00026940167,0.0007201194
ee6kv7j,joy,joy,0.0011864097,0.0002071307,0.00030924164,0.9956151,0.00023428448,0.0024478175
ee6kw3l,joy,joy,0.00058357854,0.0001477548,0.0002225421,0.99721956,0.00031882914,0.0015077144
ee6kxgs,joy,joy,0.0006322423,0.0001667019,0.00023448057,0.99802715,0.00023561998,0.0007038367
ee6m5ue,joy,joy,0.003155043,0.00019604199,0.0004898767,0.9881406,0.001225075,0.006793395
ee6mtyn,joy,joy,0.0005850771,0.00019756601,0.0002475517,0.9979614,0.0001961282,0.0008123232
ee6ngi0,joy,joy,0.0014903025,0.00020394723,0.0002778143,0.9943076,0.00031413996,0.0034062308
ee6nmnj,surprise,surprise,0.0071602403,0.00034311757,0.000652696,0.0025585403,0.0018377964,0.9874477
ee6nuu3,sadness,sadness,0.07672106,0.23238428,0.03652607,0.23137634,0.41199484,0.010997399
ee6o8y9,anger,anger,0.71651626,0.0150226625,0.0026308114,0.2410006,0.0138074765,0.011022236
ee6oz9w,joy,joy,0.00054349756,0.00020298749,0.00047220275,0.9972771,0.0004274475,0.0010767562
ee6pc5x,joy,joy,0.0012999594,0.00015999588,0.00025874667,0.99702483,0.00026863377,0.0009877989
ee6q36p,anger,anger,0.9407795,0.0016475738,0.00064002594,0.04728819,0.004003234,0.0056415037
ee6qbjy,joy,joy,0.0010125324,0.00018411249,0.0003388108,0.99360764,0.00048954115,0.0043673147
ee6qy6d,joy,joy,0.003276037,0.0016424367,0.0075005325,0.8257451,0.009212392,0.15262344
ee6rbom,joy,joy,0.0007363604,0.00011252901,0.00022261924,0.9965726,0.00042189306,0.0019340022
ee6rdzz,surprise,surprise,0.010949492,0.0009361605,0.0008902825,0.24537174,0.0023853376,0.7394669
ee6reay,joy,joy,0.002565288,0.0005258486,0.0007091909,0.9615914,0.0011323601,0.033475835
ee6s854,sadness,sadness,0.005637666,0.0014372723,0.002879202,0.07397275,0.90874934,0.007323709
ee6sfmc,joy,joy,0.004543518,0.00089400564,0.0013618327,0.7530032,0.019224716,0.22097279
ee6sids,sadness,sadness,0.00505248,0.0012242759,0.0010791444,0.034491535,0.95353264,0.004619878
ee6t2fn,joy,joy,0.0012298101,0.0001949588,0.00083946553,0.99230534,0.0021910756,0.0032393243
ee6tfta,surprise,surprise,0.0071648443,0.0006007684,0.00084907725,0.11639026,0.0015712229,0.8734238
ee6tkkl,joy,sadness,0.012804798,0.0013796196,0.002707764,0.21488065,0.7411831,0.027044104
ee6u760,joy,joy,0.030010425,0.00073302304,0.0007049512,0.9585215,0.0016822559,0.008347788
ee6uw7u,sadness,sadness,0.06825878,0.08165594,0.27904305,0.009362095,0.5498703,0.01180983
ee6uwun,joy,anger,0.59044343,0.0018004483,0.0029234795,0.21581304,0.013771145,0.17524844
ee6v0jo,anger,surprise,0.37900156,0.0019638648,0.0023581213,0.055418506,0.04679425,0.51446366
ee6x67x,joy,joy,0.00064345734,0.00016265146,0.0002497303,0.994719,0.00028876407,0.003936323
ee6ypwf,joy,joy,0.0017628919,0.00023006118,0.00041131076,0.983961,0.00048769882,0.013146978
ee6zgw3,joy,joy,0.0006982209,0.00014908638,0.00022413705,0.9977431,0.00020376271,0.0009816582
ee6zmsb,joy,joy,0.0004449155,0.00019722061,0.0003735629,0.9965094,0.00045385535,0.0020210976
ee6zt6b,joy,joy,0.0007488913,0.00017879962,0.0002679826,0.9973712,0.0003544658,0.0010786576
ee70evs,surprise,surprise,0.048918728,0.0011824394,0.0016423175,0.02905074,0.032024816,0.88718104
ee71ihk,joy,joy,0.0009852973,0.00019151019,0.00025739465,0.9963999,0.00028977275,0.0018760717
ee71ile,joy,joy,0.001085407,0.00021878535,0.0004425674,0.99670875,0.00057718914,0.0009672324
ee72e55,joy,joy,0.00080454914,0.00014753605,0.00026125304,0.9968586,0.0002499712,0.0016781721
ee73d7q,joy,joy,0.0004890146,0.00017608564,0.00030690056,0.9979038,0.00031637703,0.0008078424
ee73r6l,joy,joy,0.0006396603,0.00014912919,0.00022047455,0.9976615,0.00018966965,0.0011396459
ee73v9y,anger,anger,0.8451741,0.0016566913,0.0009997708,0.06752679,0.04765759,0.036985125
ee750rr,joy,joy,0.0010455281,0.00014687225,0.0002570378,0.9956886,0.00044994758,0.0024119494
ee75985,joy,sadness,0.025750369,0.0016949776,0.0015171572,0.16255759,0.7965477,0.011932285
ee75eyj,anger,joy,0.08653266,0.0014791068,0.0017998524,0.82744586,0.010528681,0.072213866
ee75h2b,surprise,surprise,0.00313461,0.0011169944,0.0016325729,0.1305613,0.0024811237,0.8610734
ee75ixt,joy,joy,0.00070393283,0.0001416997,0.00024083618,0.99761355,0.00033861632,0.00096131425
ee75qyl,anger,surprise,0.017429285,0.0005752813,0.00068736635,0.004478416,0.0017299538,0.9750997
ee75uj1,anger,anger,0.9854058,0.0025703602,0.00068542414,0.0026536763,0.0049718963,0.0037128245
ee777bm,joy,joy,0.0014189272,0.00013002993,0.00022562193,0.99445313,0.00072586566,0.0030464656
ee7792k,surprise,surprise,0.012992213,0.00050609646,0.00064164755,0.0041912505,0.0022535152,0.9794152
ee77v99,joy,joy,0.00105775,0.00026366778,0.00031766214,0.98354983,0.00035906487,0.014452035
ee78esm,joy,joy,0.020004079,0.0038578077,0.008412673,0.50542253,0.13588841,0.32641453
ee78f9q,anger,anger,0.6854286,0.0050579053,0.0025805144,0.0036844888,0.18607602,0.11717245
ee78swv,surprise,surprise,0.11610529,0.01763507,0.050066195,0.007157841,0.037754245,0.7712814
ee797hw,surprise,surprise,0.029003931,0.004865798,0.009875331,0.11567786,0.010145911,0.83043116
ee79l4e,sadness,sadness,0.108109504,0.0024088006,0.0031268697,0.02496603,0.7236827,0.1377061
ee7cppv,joy,anger,0.29876947,0.2251853,0.07853738,0.17431843,0.14901866,0.074170776
ee7d19b,surprise,surprise,0.0037462746,0.00034037654,0.0009164715,0.0028633156,0.0019845641,0.990149
ee7d669,joy,surprise,0.0030134264,0.0011129446,0.0027823083,0.366505,0.0039796466,0.6226067
ee7dht3,surprise,surprise,0.01157368,0.0005212946,0.00065874687,0.002450627,0.0034655207,0.9813302
ee7dnuy,joy,joy,0.0011172504,0.00015886987,0.00022842141,0.9948757,0.00048305787,0.003136601
ee7dwea,anger,anger,0.9191484,0.001828003,0.0010310985,0.04496964,0.009365902,0.02365692
ee7e2vn,joy,joy,0.0016511659,0.00044207537,0.00060769514,0.99233454,0.00053515943,0.0044292845
ee7e6qh,joy,joy,0.0005779448,0.00017304224,0.00023530307,0.99792224,0.00023346503,0.00085802336
ee7efis,sadness,anger,0.5161035,0.002973231,0.0049706516,0.43555924,0.013780661,0.026612654
ee7enmo,anger,anger,0.9819803,0.0022807142,0.0009740434,0.003925075,0.0049051065,0.005934769
ee7fboh,joy,joy,0.00109118,0.00021711212,0.00023329745,0.9975636,0.0002463351,0.00064854557
ee7g9pz,joy,joy,0.00060801144,0.00018129818,0.00028547895,0.9961151,0.00045141968,0.0023587162
ee7gc2u,sadness,sadness,0.0025241766,0.0012862673,0.0015153426,0.005767234,0.98748976,0.0014171081
ee7hqj0,joy,joy,0.00054749986,0.0001401623,0.00026322898,0.9980228,0.0002352938,0.00079100113
ee7hqvo,surprise,surprise,0.005500189,0.0004823128,0.00085160154,0.0049694804,0.0013169922,0.9868794
ee7ivzg,fear,fear,0.019331465,0.007993691,0.9585087,0.006214765,0.0029743034,0.0049771206
ee7jm7p,joy,joy,0.01533245,0.00044949842,0.000813971,0.95961106,0.0029945462,0.020798499
ee7kp88,joy,joy,0.0018671461,0.00050070666,0.0006253992,0.9144106,0.0005881029,0.08200803
ee7ld0e,sadness,anger,0.6493357,0.013916155,0.003928011,0.013965989,0.31061357,0.0082406085
ee7lw05,anger,joy,0.010570703,0.0003592034,0.0005768871,0.95841175,0.0015925493,0.02848889
ee7m91r,joy,joy,0.00070640043,0.000177587,0.00026746365,0.99687344,0.00022407885,0.0017510226
ee7o094,joy,joy,0.00061499025,0.00017708399,0.00027818867,0.9971174,0.00016932767,0.001643035
ee7om6v,surprise,joy,0.007357406,0.0005527814,0.0014100799,0.9759797,0.0038719734,0.010828076
ee7s0nr,anger,anger,0.8544389,0.0067169694,0.0010939143,0.111119635,0.009979919,0.016650513
ee7s2l9,joy,anger,0.7637521,0.020120757,0.008412481,0.16119671,0.041695494,0.0048224465
ee7tplo,joy,joy,0.0007603369,0.00022885684,0.0003139231,0.9960842,0.00025553844,0.0023570654
ee7u9wl,anger,anger,0.851317,0.07435626,0.03141986,0.0056524007,0.02193472,0.015319724
ee7upsq,anger,joy,0.013079786,0.00077906094,0.0015737568,0.9266355,0.0015457568,0.05638619
ee7v8oj,joy,joy,0.073373005,0.0034217099,0.0012941409,0.9166101,0.0018586799,0.003442343
ee7vbi1,joy,joy,0.0024881274,0.00022994283,0.0005692182,0.9793292,0.0022347022,0.015148739
ee7w102,joy,joy,0.0009610048,0.00013800169,0.00024145123,0.99724114,0.00043328546,0.0009850595
ee7wkaw,anger,joy,0.13022155,0.0014337564,0.0019512161,0.68831336,0.0916668,0.0864133
ee7wqoz,joy,joy,0.00083570223,0.00019621986,0.0002482122,0.9976749,0.00018587043,0.00085911126
ee7x0ql,joy,joy,0.002344231,0.00018255677,0.00020548404,0.99296266,0.00030460028,0.004000501
ee7xatm,joy,joy,0.004761973,0.0002705875,0.00027673316,0.99290365,0.0005933293,0.0011936901
ee7xwpj,joy,joy,0.0030251073,0.00050334766,0.00073904597,0.91993654,0.0007737232,0.07502225
ee7y7wc,joy,joy,0.0004923007,0.00015187613,0.0002788367,0.9980572,0.00026135496,0.00075839134
ee7yrmq,joy,joy,0.0041649356,0.00040910716,0.00027955,0.99035347,0.0008528477,0.003940109
ee7zchq,fear,fear,0.009221491,0.005424997,0.9720211,0.005001933,0.0028241167,0.0055064405
ee7zn8o,joy,joy,0.0013555653,0.000566021,0.0060364758,0.98132044,0.0044131526,0.006308303
ee81gi9,anger,sadness,0.3959691,0.0034896107,0.0022698606,0.04762652,0.47892413,0.071720734
ee81r2j,joy,joy,0.000526307,0.00024188019,0.00039101872,0.9964837,0.0004532137,0.0019039673
ee824sf,surprise,anger,0.61211246,0.0010885678,0.0021386829,0.05166807,0.021326939,0.3116653
ee826u2,anger,anger,0.975418,0.0016314368,0.0006041955,0.007287089,0.0034739801,0.011585386
ee82i41,joy,joy,0.0014620774,0.0003436878,0.0004927096,0.94745916,0.0014136148,0.04882884
ee82uiv,joy,joy,0.0008137633,0.00012454923,0.00024795005,0.99627715,0.0005577807,0.0019787466
ee83rob,joy,joy,0.0004307827,0.0001812972,0.0004381495,0.9967141,0.0002866601,0.0019489912
ee84r5d,joy,sadness,0.0048159407,0.0018823568,0.003421992,0.32051623,0.661845,0.0075185136
ee85dxp,surprise,surprise,0.006958109,0.0004122865,0.0006708608,0.0024845856,0.0014687799,0.98800546
ee86a8q,surprise,surprise,0.0052872784,0.00034609286,0.0008261423,0.0029908728,0.0012474533,0.9893021
ee87dvk,sadness,sadness,0.009922413,0.0018184091,0.0022863927,0.007051194,0.9691807,0.0097408155
ee88i90,surprise,surprise,0.014809671,0.00045233392,0.0006094825,0.005087633,0.0014221893,0.9776187
ee89gdw,surprise,surprise,0.00544071,0.00041990634,0.00068155903,0.0027971754,0.0008985621,0.9897621
ee89kuj,joy,surprise,0.007753392,0.0006247178,0.0008358185,0.04949267,0.0021316216,0.9391618
ee89vzw,joy,joy,0.0058276574,0.00043791276,0.0006808246,0.9830934,0.0076587265,0.0023014941
ee8a1uj,joy,sadness,0.12181739,0.006919374,0.011926306,0.15407269,0.6383114,0.06695288
ee8aeqe,anger,anger,0.5554824,0.053176984,0.007777778,0.021198561,0.33087045,0.031493824
ee8ao8i,joy,joy,0.0005560845,0.00017669034,0.00026704825,0.9976962,0.00017992662,0.0011240294
ee8ctxm,joy,joy,0.0062269103,0.0006600551,0.020624505,0.8806595,0.0074895862,0.08433933
ee8d9h8,joy,joy,0.0010444316,0.00020637485,0.00028182846,0.9930099,0.00029498074,0.0051624873
ee8e3t3,joy,anger,0.51656777,0.0019915707,0.0026211005,0.34607068,0.01119152,0.12155743
ee8e41n,anger,anger,0.93667233,0.0039298586,0.00068202906,0.025278121,0.02961702,0.0038205767
ee8ektp,joy,joy,0.0015016723,0.00020547684,0.00022143839,0.9966535,0.00067375804,0.00074420177
ee8epca,anger,anger,0.8173906,0.0045405305,0.0026400667,0.09390474,0.016491435,0.065032564
ee8g5g2,sadness,joy,0.00078371284,0.00016152034,0.00021769457,0.997424,0.0003010156,0.0011119854
ee8gra9,sadness,joy,0.03418745,0.0025156718,0.009524411,0.44688287,0.31604016,0.1908495
ee8h54x,sadness,sadness,0.0038820754,0.0015788963,0.0019958369,0.021047406,0.9640929,0.0074028876
ee8hh91,joy,joy,0.007645001,0.0004278608,0.00037263005,0.98714787,0.00084850454,0.0035581372
ee8hwzz,anger,joy,0.10486588,0.0014125592,0.0013862462,0.8588265,0.006258442,0.02725028
ee8hxvc,joy,joy,0.0014514009,0.00012122676,0.00030860715,0.99514836,0.0006379441,0.0023324324
ee8jpwz,anger,anger,0.9177781,0.0017749747,0.0035473637,0.028610889,0.013043702,0.035245053
ee8l22v,surprise,joy,0.10004515,0.0014564157,0.0024738167,0.71920675,0.05299367,0.1238242
ee8liqi,joy,joy,0.00086890475,0.00019853827,0.0002525779,0.99796486,0.0002020448,0.00051311776
ee8mjqp,sadness,joy,0.0069530252,0.0024605435,0.0023278892,0.6250086,0.3557675,0.007482471
ee8mzwa,sadness,sadness,0.0028458696,0.0011281371,0.0019385281,0.012126212,0.9784349,0.0035263232
ee8ncv9,fear,fear,0.008808139,0.0029762336,0.9404443,0.025001278,0.009773777,0.012996201
ee8oif5,joy,joy,0.0023360073,0.00027770258,0.00034171625,0.9937116,0.0005227827,0.0028101346
ee8op9a,anger,anger,0.8846813,0.069422975,0.002235027,0.007763989,0.031367946,0.004528723
ee8pd9h,anger,anger,0.97895,0.0059363656,0.0008291891,0.002359096,0.007994385,0.0039310115
ee8pfu0,joy,joy,0.0006918243,0.00020769637,0.00032937847,0.98834,0.000630805,0.00980025
ee8psgw,joy,anger,0.7003747,0.012558613,0.0032743076,0.13708054,0.1070471,0.039664723
ee8qzt8,joy,joy,0.0044712783,0.00025541955,0.00036479018,0.99325645,0.00045857002,0.0011935364
ee8r8kp,sadness,joy,0.11705353,0.0046630674,0.0022229312,0.51516014,0.35405025,0.0068500885
ee8rdzm,surprise,surprise,0.0070266165,0.0005115052,0.0011353742,0.0039367713,0.0014818278,0.98590785
ee8rocj,joy,joy,0.010311221,0.00033553762,0.00029319944,0.98600304,0.0010666085,0.0019904228
ee8sf20,joy,joy,0.007936953,0.000950294,0.0022607814,0.87838775,0.008130237,0.102334045
ee8sgaw,sadness,sadness,0.018203188,0.0025483945,0.0049606506,0.0207611,0.4914964,0.46203023
ee8u5gg,joy,joy,0.0011483188,0.0002447467,0.00039622962,0.99022526,0.0007097323,0.007275758
ee8upyi,sadness,surprise,0.016724912,0.002766114,0.0054546143,0.15448612,0.105051175,0.7155171
ee8vkuw,joy,joy,0.0005723002,0.00014426206,0.0002937912,0.99788564,0.00032777153,0.00077623775
ee8vuxa,surprise,surprise,0.0112491865,0.0016180408,0.0038586475,0.046544872,0.24954402,0.6871852
ee8wf77,anger,anger,0.9275756,0.03188728,0.0020713676,0.0050300085,0.031208804,0.0022268929
ee8wv5f,joy,joy,0.000458319,0.00022382998,0.00039837675,0.9975884,0.0002038487,0.0011272209
ee8wzl3,joy,joy,0.0007280584,0.00019665553,0.00028984394,0.997823,0.00017921852,0.00078322936
ee8x4ik,joy,joy,0.0013188595,0.00014849883,0.00024298416,0.9957891,0.00039802908,0.0021025178
ee8xbkr,joy,anger,0.8123681,0.02786966,0.007622996,0.06757045,0.07209574,0.01247307
ee8xseg,joy,joy,0.000741552,0.00019803243,0.00024220647,0.99690515,0.00026286326,0.0016501893
ee8y5rz,surprise,surprise,0.008696766,0.0036127106,0.007810967,0.07412673,0.00774587,0.89800686
ee8zei1,surprise,sadness,0.014766116,0.0019269024,0.010223621,0.028513134,0.84850854,0.09606175
ee8zqz8,joy,joy,0.009781518,0.00036077292,0.00034442224,0.9844885,0.0005793561,0.0044454937
ee90qo7,sadness,sadness,0.0030595905,0.0013674785,0.0011150453,0.0039892634,0.98844796,0.0020206186
ee90ubq,surprise,surprise,0.008000472,0.00052004383,0.00095288426,0.016992232,0.0011279999,0.97240645
ee91aqe,joy,joy,0.002817915,0.00049333053,0.001112467,0.96741956,0.00052442413,0.02763238
ee91ixu,joy,joy,0.00088256807,0.00015877985,0.00025477138,0.9971113,0.0004797442,0.0011128472
ee91zfs,fear,disgust,0.13874678,0.43894583,0.2821845,0.0279627,0.09469518,0.017464971
ee91zq8,joy,joy,0.00041989615,0.0001602619,0.00025691997,0.9977857,0.00023023458,0.0011469027
ee9429f,joy,joy,0.004816624,0.00075577584,0.0073346286,0.9509284,0.015371879,0.020792687
ee94bom,joy,joy,0.00044573078,0.00019278581,0.00028869815,0.99797887,0.00019563397,0.0008983188
ee94zml,anger,anger,0.94499457,0.014594184,0.0017203754,0.021334194,0.01123318,0.0061233807
ee95h38,sadness,sadness,0.009428014,0.0012175591,0.005895499,0.048360147,0.90608895,0.029009782
ee96qlb,joy,joy,0.0007905798,0.00019161633,0.00022725419,0.99724305,0.00023510348,0.0013124235
ee970tf,surprise,surprise,0.013880625,0.000975573,0.0011027672,0.20046468,0.0028562672,0.7807201
ee98a8h,sadness,sadness,0.27315468,0.017523214,0.026916737,0.035878237,0.62695867,0.019568454
ee98kx8,sadness,sadness,0.016126614,0.0018791939,0.0031057652,0.14976966,0.76119053,0.06792827
ee98y4o,joy,joy,0.0008503215,0.00013896036,0.00022135818,0.99766916,0.00028951667,0.00083072006
ee99ewo,joy,joy,0.0005900956,0.00014823646,0.00031032236,0.9975206,0.00025642585,0.0011743716
ee99nnz,anger,joy,0.13248421,0.0048303185,0.006330727,0.7042438,0.11122845,0.04088251
ee99pw8,joy,joy,0.0005430826,0.00020751859,0.0003275329,0.99723524,0.00018316004,0.0015035308
ee9a8m7,disgust,anger,0.98220104,0.0027986213,0.00080632424,0.0031204177,0.0059437784,0.0051296465
ee9ahmd,joy,joy,0.0013332245,0.00025827033,0.0007928047,0.9815363,0.0016781724,0.014401173
ee9ay3i,joy,joy,0.00906889,0.0007381527,0.0010486494,0.8065284,0.004801319,0.17781463
ee9b3g2,joy,joy,0.0005184818,0.00019776731,0.00033552825,0.99689496,0.00037665266,0.0016765264
ee9bqqa,joy,joy,0.00055213406,0.00014282232,0.00027734105,0.99785113,0.00033796657,0.0008386112
ee9cc2m,joy,joy,0.0017068584,0.00018406982,0.00024170936,0.99616265,0.00032217728,0.0013824736
ee9di8a,joy,joy,0.0013398615,0.00026148965,0.00032566197,0.9906343,0.00067596725,0.0067626387
ee9djg0,anger,sadness,0.4570602,0.012721875,0.004547616,0.013762236,0.49788362,0.01402448
ee9e4sa,joy,joy,0.000762668,0.00024520425,0.0004078271,0.9886309,0.00044247144,0.009510988
ee9ef98,sadness,sadness,0.023820033,0.0030724683,0.0010596539,0.0054272315,0.96251047,0.004110074
ee9elib,joy,joy,0.00047443435,0.00018022323,0.00030211118,0.99791247,0.00021562657,0.00091511913
ee9f7rx,joy,joy,0.00080446515,0.00017300871,0.00026876628,0.995184,0.00032671957,0.003243143
ee9frq0,anger,anger,0.9685975,0.008248902,0.0016025385,0.013624637,0.0053400123,0.0025864153
ee9g7sg,joy,joy,0.0006030973,0.00019732057,0.00028085828,0.9967235,0.00021658241,0.0019787166
ee9ibtm,joy,joy,0.00079896685,0.000167113,0.00023540003,0.99788505,0.0002056078,0.0007078123
ee9igeg,joy,joy,0.0040134992,0.0002954338,0.00045679198,0.9901363,0.0011054003,0.0039925827
ee9j7vh,joy,joy,0.007901992,0.0017531199,0.0028104866,0.62964976,0.004587479,0.35329726
ee9jcre,joy,joy,0.0047837426,0.00096078985,0.0019521558,0.93769634,0.01183312,0.042773865
ee9m463,joy,joy,0.011161925,0.0004514029,0.00071247993,0.9011355,0.00982389,0.07671479
ee9npdt,joy,joy,0.0005329009,0.00015221846,0.00024165894,0.9977773,0.00022126333,0.0010746509
ee9opsr,anger,joy,0.05084319,0.0036825184,0.0019214617,0.8790941,0.01147611,0.05298256
ee9ovup,anger,anger,0.97270185,0.0057103983,0.0010479153,0.01101335,0.0056028687,0.0039236406
ee9qtgy,surprise,surprise,0.0048068035,0.0011283214,0.0014436991,0.16794664,0.0028059317,0.8218686
ee9qw5n,joy,joy,0.00083972386,0.00012732821,0.00028088572,0.9951945,0.0009904753,0.0025670307
ee9r6hp,joy,joy,0.0007281965,0.00014849393,0.00023128786,0.9976184,0.00037533208,0.00089827913
ee9r8zm,surprise,sadness,0.034733955,0.0030133433,0.004805299,0.22298822,0.58407944,0.15037973
ee9sbwt,joy,joy,0.00058966974,0.00015634306,0.00027207853,0.9978046,0.00017015282,0.0010071578
ee9si6b,joy,joy,0.0005142331,0.00015913282,0.00024844025,0.99746644,0.00020294242,0.0014088125
ee9tlxw,joy,joy,0.0006627925,0.00015550393,0.00029410145,0.99534297,0.00037201846,0.0031725706
ee9tqp8,fear,joy,0.0018172218,0.00020153195,0.0004035381,0.97782284,0.00091458164,0.018840296
ee9u4ur,disgust,disgust,0.05137977,0.9179302,0.010378118,0.0052599683,0.012941903,0.0021100638
ee9uru6,joy,joy,0.00059623126,0.0001517336,0.00023844496,0.99771047,0.00020358337,0.0010994745
ee9uxjt,surprise,surprise,0.013486762,0.000399136,0.0006343483,0.0074502565,0.0015788372,0.9764506
ee9vz6s,joy,joy,0.029829789,0.0014695063,0.003253867,0.78251976,0.15956137,0.023365695
ee9wu3p,sadness,joy,0.0073386594,0.0008653051,0.0032367595,0.92465687,0.019839965,0.04406256
ee9wvg6,joy,joy,0.00061374763,0.00023551044,0.00029839503,0.99686986,0.0010834225,0.00089907186
ee9x3y1,surprise,surprise,0.01089342,0.0004408115,0.0012419521,0.0037250428,0.006005677,0.97769314
ee9x4rt,joy,joy,0.0010573718,0.00016359233,0.00042790142,0.99622947,0.0006057643,0.001515918
ee9xsp5,joy,surprise,0.046489727,0.002485249,0.0066671823,0.31763127,0.28401786,0.3427087
ee9y74i,joy,surprise,0.012422499,0.00058176735,0.0010783029,0.078669444,0.0025066393,0.90474135
ee9zczw,joy,joy,0.000733602,0.00019221306,0.00022692555,0.9978124,0.00023067679,0.000804277
eea0gwy,joy,joy,0.0005059473,0.0002003105,0.0004454081,0.9955024,0.00050165266,0.0028443022
eea0o8n,joy,joy,0.0029288442,0.00036142697,0.0005201499,0.97919685,0.0006514107,0.016341385
eea12kb,joy,joy,0.00055548584,0.000191285,0.0002580111,0.9980483,0.00019471782,0.00075219944
eea150z,joy,surprise,0.005086563,0.00035674486,0.0006332854,0.0071907304,0.001086994,0.9856456
eea1uok,joy,joy,0.00061701366,0.0001961128,0.00029068158,0.99789447,0.00019105333,0.00081072166
eea20ti,surprise,surprise,0.0037122278,0.00036746252,0.00071774557,0.004019759,0.0023603186,0.9888226
eea2kfj,joy,joy,0.0025948307,0.0005471833,0.0006864372,0.980456,0.00069035054,0.015025228
eea2snu,sadness,sadness,0.015216603,0.0020205062,0.018254738,0.017101957,0.5494108,0.39799538
eea2sxy,joy,disgust,0.11027744,0.7337337,0.089791395,0.0154935,0.041871674,0.008832208
eea3s1g,anger,surprise,0.06490537,0.0009120271,0.0017341233,0.053517774,0.0665458,0.81238484
eea5zbm,joy,joy,0.016364414,0.00069543486,0.0004550453,0.97410417,0.0017168577,0.006663999
eea62vt,joy,sadness,0.22700484,0.005971829,0.0032517002,0.0132253235,0.7386631,0.011883227
eea69xu,joy,joy,0.00055695826,0.00013797994,0.00023360706,0.9977041,0.00033583996,0.001031563
eea6qit,surprise,joy,0.0019933437,0.0006541338,0.0010142268,0.9789589,0.0008343679,0.01654497
eea6rlg,joy,joy,0.00070927583,0.0001359206,0.00023804561,0.99764144,0.00025341954,0.0010219724
eea868e,joy,joy,0.0046381443,0.00040159764,0.00029341006,0.99164784,0.0010073807,0.0020116144
eea8gqa,joy,joy,0.0005810312,0.00019875162,0.00034843397,0.99696237,0.00023052996,0.0016789671
eea9ey0,joy,fear,0.18334225,0.06822557,0.6252526,0.025821092,0.049244266,0.04811425
eea9ja4,joy,joy,0.0019702846,0.00019061963,0.0004589228,0.9904073,0.0007528103,0.006220098
eeaa5lj,joy,joy,0.00061230303,0.00018550515,0.0002869866,0.99795014,0.00026741237,0.0006976957
eeaa7rk,joy,joy,0.36176905,0.0027851306,0.0053604376,0.48907942,0.07594174,0.06506421
eeaabmq,joy,joy,0.00089597795,0.00013007045,0.00020794319,0.99544525,0.00061444595,0.0027062667
eeaanku,joy,joy,0.00330851,0.0003867481,0.0005386059,0.9874373,0.0004116331,0.007917221
eeabhw4,surprise,surprise,0.0126004005,0.0004987339,0.00088445033,0.0021053294,0.0024533798,0.98145777
eeabte6,surprise,surprise,0.0027616196,0.00039657904,0.00097258575,0.0076454384,0.0026252216,0.98559856
eeacsmc,surprise,joy,0.002826441,0.00050603825,0.0008383686,0.8417354,0.0012144379,0.1528793
eeacv2w,surprise,surprise,0.0047525126,0.00043120768,0.000906633,0.003999226,0.0011246285,0.98878586
eeadak7,joy,joy,0.00055681844,0.00018944252,0.00028905962,0.99782664,0.00022950284,0.0009084924
eeadguz,joy,joy,0.004978856,0.00020839224,0.00036351653,0.9927689,0.00038086704,0.0012995093
eeadlfa,anger,anger,0.5822525,0.30706963,0.011345174,0.015235326,0.061956726,0.022140589
eeadlod,surprise,surprise,0.0038257958,0.000472961,0.0006989504,0.0019042705,0.0011003375,0.9919978
eeadrd2,joy,joy,0.08871031,0.036429916,0.008663052,0.84926504,0.010344577,0.006587119
eeaejg8,joy,joy,0.0006859989,0.0001489982,0.00026540933,0.9969553,0.00031411854,0.001630239
eeaf3a3,joy,joy,0.0009215241,0.0002641072,0.00039734735,0.9970805,0.00029494462,0.0010415388
eeafe7n,surprise,surprise,0.00574768,0.00045758602,0.0009675277,0.014082676,0.0019571262,0.9767874
eeag7tf,joy,joy,0.19234478,0.0051798113,0.005539107,0.75074637,0.018795375,0.027394542
eeah80k,joy,joy,0.00053262175,0.00023949439,0.0004355656,0.9960104,0.001139148,0.0016427715
eeaicf0,joy,joy,0.00086055434,0.00014883693,0.00023294103,0.9976738,0.00026783368,0.00081608543
eeajex2,surprise,surprise,0.47327122,0.0030680276,0.0017054841,0.007210715,0.009600167,0.50514436
eeamghf,anger,anger,0.84112716,0.0021426955,0.00082678895,0.14122435,0.0054077934,0.009271198
eeamrpz,joy,joy,0.0006469216,0.00014315272,0.00023093885,0.9975988,0.0002747016,0.0011053801
eeams2a,joy,joy,0.0021284579,0.00028358737,0.00073473575,0.99021626,0.0005376351,0.0060993377
eeamz4s,disgust,disgust,0.15152705,0.67460525,0.017734503,0.016889941,0.13379483,0.0054483893
eeap1l7,joy,joy,0.0005332614,0.00018709636,0.00029334344,0.9979511,0.00020211293,0.0008331281
eeapa5m,surprise,joy,0.0035433802,0.00033272902,0.0005215766,0.94797295,0.0013567168,0.04627272
eeaphwn,joy,joy,0.0005800586,0.00014938906,0.0002487818,0.9979685,0.00026235156,0.00079096074
eeaproq,sadness,sadness,0.006715201,0.0014639306,0.002750812,0.015461025,0.89652854,0.07708034
eeaqm41,joy,joy,0.00069050427,0.00016583603,0.000229941,0.9969031,0.00018724689,0.0018233669
eeaqrj7,fear,fear,0.03467597,0.007475926,0.8857291,0.039042674,0.019275267,0.013801149
eeaqwk8,joy,joy,0.0005150864,0.00013995399,0.0002613421,0.9980128,0.00022169347,0.00084903114
eear0iv,anger,anger,0.7829531,0.0098026395,0.0032512369,0.044878162,0.06418863,0.094926275
eear3qq,fear,sadness,0.1417109,0.008112404,0.23209812,0.14190942,0.35575122,0.12041785
eearepj,surprise,surprise,0.00429392,0.00045959983,0.0006680974,0.0030630846,0.0010561376,0.9904591
eeatwen,joy,joy,0.00053096353,0.00012447461,0.00029828088,0.9969952,0.00034586422,0.0017052739
eeauw3y,sadness,sadness,0.0040769656,0.0012242112,0.0012989128,0.018041825,0.9731094,0.0022487314
eeavpal,joy,joy,0.0005681493,0.0001774347,0.00028396852,0.9978429,0.00021508455,0.00091243716
eeavw2m,joy,joy,0.0006920684,0.00013995828,0.00021687047,0.9977902,0.00024103465,0.0009198471
eeavyob,joy,joy,0.014826114,0.0024100745,0.0032223028,0.5990443,0.016375655,0.36412156
eeaxnjj,joy,joy,0.006600516,0.0011994684,0.0024672137,0.58250517,0.0070762197,0.40015134
eeaxu1h,joy,joy,0.00079125393,0.00016431892,0.00023806469,0.99801433,0.00019632126,0.0005957046
eeayeuu,anger,anger,0.52736217,0.016013999,0.0042823097,0.38951734,0.03578009,0.027044093
eeayv2k,fear,fear,0.03474595,0.016877774,0.927375,0.0069320095,0.006481027,0.007588207
eeaz0w3,surprise,anger,0.39841428,0.32701954,0.042013258,0.017938957,0.05577151,0.15884252
eeazf65,surprise,joy,0.037680563,0.00073467364,0.0009117874,0.7369328,0.015971197,0.207769
eeb02sp,sadness,joy,0.38683808,0.0050441204,0.0011899271,0.56527627,0.005394971,0.036256593
eeb1hqd,surprise,surprise,0.010286639,0.0011541859,0.0030788097,0.38240373,0.05508457,0.5479921
eeb3cel,sadness,joy,0.11913013,0.005071158,0.004024167,0.7644721,0.076424144,0.030878263
eeb3nzr,anger,sadness,0.15305196,0.019756181,0.0027718733,0.009209176,0.81094944,0.0042613326
eeb3v0t,joy,joy,0.05956982,0.0005043889,0.00084198685,0.9261057,0.007855856,0.005122229
eeb41sr,surprise,joy,0.0011696031,0.00064097915,0.00097438303,0.940593,0.00067630655,0.055945706
eeb4jo5,joy,joy,0.00082416245,0.00016009682,0.00033626083,0.9970318,0.00030468343,0.0013429387
eeb52e6,joy,joy,0.004535277,0.00095400057,0.00085116393,0.8915322,0.001996424,0.100130975
eeb5j2f,joy,joy,0.00051472004,0.00018316187,0.0002893059,0.997799,0.00019136092,0.0010224484
eeb5mlz,joy,joy,0.0008541584,0.00013052193,0.00030363933,0.99677366,0.00047459715,0.0014633525
eeb5zu1,anger,sadness,0.1887721,0.011000994,0.0023633179,0.016210629,0.7581877,0.023465203
eeb6403,joy,joy,0.0014773692,0.0001687016,0.00024183074,0.99348855,0.00029198185,0.004331517
eeb6qfy,anger,sadness,0.16964442,0.0023079372,0.005873992,0.036164474,0.43931195,0.34669724
eeb6z8z,anger,joy,0.09098541,0.0037231394,0.002471512,0.81156677,0.035864305,0.055388834
eeb8ynu,joy,joy,0.00054528634,0.00013902779,0.000255651,0.9979505,0.00033617817,0.0007734579
eeb964m,joy,joy,0.0014763863,0.0002203015,0.00024915626,0.9970239,0.00022156294,0.000808789
eeb9sij,joy,joy,0.002392522,0.00083241414,0.0015843041,0.74175537,0.0012462948,0.25218904
eebacuk,sadness,sadness,0.118763596,0.024997585,0.009212305,0.0043101674,0.8400412,0.0026751005
eebajz7,joy,joy,0.00069845014,0.00016111776,0.00021890106,0.9980122,0.0002291363,0.0006801883
eebbtqd,joy,joy,0.00052205235,0.00019985992,0.00024151959,0.9978955,0.00019632034,0.0009447938
eebc3b8,anger,joy,0.014631689,0.0021928384,0.0022498325,0.77061003,0.008416295,0.20189933
eebcbcp,anger,anger,0.97862124,0.0073957606,0.00083074305,0.004419394,0.0056417356,0.0030911418
eebcsjz,joy,joy,0.0067739384,0.00034473493,0.00039599833,0.99054515,0.0006440426,0.0012961325
eebe0lz,joy,sadness,0.021825729,0.0018975984,0.020882394,0.43301246,0.49045092,0.031930935
eebedob,joy,joy,0.0010681631,0.0002625861,0.00034543028,0.9969573,0.00034714246,0.0010194111
eebelmt,joy,joy,0.0026441475,0.00039056368,0.00084760826,0.94924283,0.007964688,0.038910173
eebeutc,joy,joy,0.00057769247,0.00016165654,0.00024148833,0.9981013,0.00022493221,0.000692953
eebf717,fear,surprise,0.01125893,0.004803317,0.038429562,0.14056247,0.11580686,0.6891388
eebfl6z,joy,joy,0.0149778025,0.00047005902,0.000646297,0.9745866,0.000854161,0.008465041
eebgts3,joy,joy,0.0007974548,0.00021063088,0.00031249336,0.99736494,0.0005065319,0.000807941
eebgyri,joy,joy,0.0004955277,0.00020387837,0.00035649867,0.9973635,0.00022985159,0.0013507704
eebhdhi,surprise,joy,0.005707266,0.0017196672,0.003654873,0.6194295,0.0029630347,0.36652568
eebiein,joy,joy,0.0105588725,0.00031869905,0.00069026585,0.9592144,0.0021504075,0.027067332
eebippy,joy,joy,0.0005715106,0.00014160686,0.00022695622,0.99771035,0.00019294857,0.0011565487
eebjrae,joy,joy,0.00062149134,0.0002095408,0.00025007507,0.9979588,0.00019741218,0.00076264155
eebjuuq,joy,joy,0.0006301015,0.00017393578,0.00026830376,0.9957743,0.00028320152,0.0028701485
eebkb15,joy,anger,0.52967954,0.008861812,0.008153387,0.22925247,0.07927506,0.14477777
eebl3z7,anger,anger,0.5875204,0.0067254407,0.11917768,0.20382737,0.04488061,0.037868433
eeblajb,joy,joy,0.000624437,0.00014506443,0.00024613467,0.997721,0.0003068549,0.00095640455
eebnx3h,joy,joy,0.00088758225,0.00020013956,0.00025522456,0.996358,0.00041275818,0.0018863201
eebojd5,joy,joy,0.00065573765,0.00021523016,0.00049569336,0.991905,0.00042714406,0.0063012405
eebqhvz,joy,surprise,0.015186608,0.0008355829,0.0013408277,0.21294191,0.010256276,0.7594387
eebrp69,surprise,surprise,0.0043904865,0.00040613516,0.00062641624,0.003555745,0.0010739657,0.98994714
eebsl8n,joy,joy,0.0010838223,0.00015614604,0.00022448563,0.997264,0.00036430213,0.00090727303
eebth03,anger,anger,0.8141517,0.07637376,0.0035818743,0.02555433,0.074612856,0.005725498
eebu8jv,anger,surprise,0.45195392,0.0028155146,0.0023005598,0.009478451,0.028422656,0.50502896
eebuhth,joy,joy,0.0005770527,0.00020027223,0.00026812113,0.99766797,0.0002187452,0.0010677951
eebutwm,joy,joy,0.00072222186,0.00021022746,0.00025894743,0.9977042,0.00020501431,0.00089942286
eebvvon,joy,joy,0.0015722269,0.00017354918,0.00019714182,0.99646854,0.00054339395,0.0010451094
eebwhv4,anger,surprise,0.16014726,0.002433901,0.011811434,0.028098298,0.010179302,0.78732985
eebwict,joy,joy,0.0012295481,0.00017827119,0.00036684723,0.99480116,0.0004024267,0.0030217504
eebwrsp,sadness,sadness,0.0052551907,0.0011336773,0.0013149496,0.04848337,0.9383153,0.005497527
eebxyll,anger,anger,0.84125555,0.0032866432,0.0015745015,0.01925787,0.095011294,0.03961423
eeby8eg,joy,joy,0.0008611354,0.00016829008,0.00032590577,0.9906747,0.00038125325,0.0075886915
eebzc9y,joy,joy,0.00068810675,0.0001291916,0.00019450895,0.99734664,0.00033808098,0.0013034369
eebzgi2,sadness,joy,0.0016932857,0.0002411694,0.00044382198,0.99456596,0.0022161596,0.0008395853
eebztt2,joy,joy,0.00070901285,0.00017478155,0.00025831064,0.9977329,0.00030055625,0.0008243705
eec0pph,anger,surprise,0.017469762,0.00043834216,0.0008689976,0.011058543,0.0028459725,0.96731836
eec2xue,joy,joy,0.0007120174,0.00018178394,0.00023849859,0.99800235,0.00018970262,0.00067569467
eec2z6f,anger,joy,0.008153095,0.0003373101,0.00034015253,0.9894049,0.00059747155,0.0011670779
eec32q3,surprise,joy,0.0020136088,0.00058368844,0.0008733374,0.87390566,0.000665177,0.12195848
eec3itg,anger,surprise,0.006578108,0.0003743372,0.0008337114,0.0048826896,0.0029825205,0.9843487
eec58ip,joy,joy,0.0016045652,0.00028688117,0.00026311667,0.99611485,0.00021533958,0.0015152217
eec5mfi,joy,joy,0.01702666,0.0007057105,0.0010321486,0.8183876,0.006114989,0.15673287
eec5qow,joy,joy,0.033263616,0.0014711807,0.0014201462,0.8847232,0.0060523627,0.07306962
eec5s1a,anger,sadness,0.10651937,0.0023968094,0.0026393859,0.016403437,0.86036456,0.011676489
eec6643,joy,joy,0.0017428179,0.00014930188,0.0003172638,0.99517703,0.0003923119,0.0022212875
eec6gr2,joy,joy,0.0012077017,0.00020975104,0.00026894402,0.99420327,0.00051189447,0.00359851
eec6ia6,joy,joy,0.0032702598,0.00026291903,0.00031901404,0.9915863,0.00046394582,0.0040976317
eec6j16,joy,joy,0.00067257445,0.00014605721,0.00019907037,0.9978892,0.000244338,0.00084877416
eec7j1g,sadness,sadness,0.0046063936,0.001010736,0.0010764976,0.013370369,0.9743017,0.00563435
eec8bh4,joy,joy,0.0005991087,0.00014161995,0.00029528857,0.99780065,0.00022836485,0.00093501445
eec8c20,surprise,surprise,0.021738945,0.001175724,0.020365326,0.004155792,0.018835898,0.9337282
eec8o7h,surprise,joy,0.008768404,0.0013001085,0.0038061573,0.66111815,0.122129925,0.20287724
eec8vqy,joy,joy,0.0009282093,0.0001396578,0.00020277947,0.9971808,0.00032442127,0.0012242002
eecb135,joy,joy,0.0010163032,0.00020810611,0.00024494505,0.9939978,0.00031071928,0.0042220918
eecb56t,surprise,surprise,0.0028860027,0.00046184694,0.00070550764,0.0030226505,0.00077353505,0.99215055
eecb68n,anger,anger,0.95692104,0.002561245,0.000818204,0.0063030273,0.0228395,0.010556909
eecbfqv,anger,anger,0.9317582,0.0053759427,0.0007830145,0.01691371,0.038902145,0.0062669865
eecbfxu,joy,joy,0.0013055744,0.00023019598,0.00029142044,0.9960479,0.00041549493,0.001709334
eecc9d4,joy,joy,0.00090306497,0.00027479246,0.00036947092,0.9954926,0.00028027428,0.0026798302
eecd1qs,sadness,joy,0.016746718,0.0011684997,0.002444332,0.5923682,0.36895078,0.018321455
eecdheh,joy,joy,0.0005984749,0.00016315351,0.00023676,0.99660826,0.00057918014,0.0018142366
eecgc44,joy,joy,0.0006640885,0.00015179161,0.00025538186,0.99777114,0.00022751551,0.0009301309
eecjnbm,joy,joy,0.0007271428,0.00013423302,0.00022554444,0.9971367,0.00023840605,0.0015379607
eeckq47,surprise,surprise,0.002297019,0.00031526413,0.0007083716,0.007659089,0.0019934047,0.9870269
eeclkzp,joy,joy,0.0005126417,0.00018905068,0.00029937777,0.9979893,0.000289722,0.0007198283
eeclwef,joy,joy,0.0005442851,0.0001777116,0.00027381768,0.99782866,0.00018886836,0.000986709
eecm9y1,anger,anger,0.9000252,0.078335784,0.003781913,0.0071677156,0.0062866765,0.004402843
eecnlvl,sadness,anger,0.4688685,0.015124932,0.01773506,0.11815366,0.3183462,0.061771616
eecpdb3,anger,anger,0.40902743,0.09226815,0.007983558,0.09715651,0.3615924,0.031971976
eecpk36,anger,surprise,0.0076084444,0.00040962477,0.0006418759,0.00395456,0.001496608,0.985889
eecq3gq,anger,anger,0.91117066,0.0011653432,0.0010272494,0.056252956,0.017792534,0.012591296
eecrq51,fear,fear,0.010873291,0.0034323188,0.9492223,0.024676247,0.0042964546,0.007499369
eecrwp9,joy,joy,0.0008332823,0.00024361382,0.0002886845,0.997026,0.00028704118,0.0013213197
eecsue5,joy,joy,0.0013928295,0.00025523992,0.00028200264,0.9967963,0.00033671322,0.000936905
eecsvwc,anger,anger,0.5130934,0.0019963162,0.0025389746,0.07412791,0.029036658,0.3792067
eecsz67,joy,joy,0.0010348952,0.00020083318,0.00022178327,0.9960813,0.00035144712,0.0021098284
eectxqa,joy,joy,0.00060415064,0.00014227978,0.0002632658,0.995233,0.00024253092,0.0035147464
eecwmbq,joy,joy,0.0006187182,0.00017555845,0.00030091524,0.9978934,0.00017933307,0.0008320878
eecx7xi,sadness,sadness,0.00423607,0.0024127634,0.0021889992,0.002194599,0.9875617,0.0014058533
eed1rwh,surprise,surprise,0.007862438,0.00038930713,0.00068965444,0.0039100153,0.0013058641,0.98584265
eed22vi,joy,joy,0.00051331316,0.00016693407,0.0002891785,0.99703336,0.0002462631,0.0017509263
eed3jcu,surprise,surprise,0.025667066,0.0008192476,0.0008719003,0.0026646696,0.002138517,0.9678385
eed4ba8,anger,sadness,0.09771666,0.121618286,0.011450281,0.006071956,0.7525908,0.010552041
eed4otf,joy,joy,0.002573734,0.00029504206,0.00059934944,0.97421104,0.0014657354,0.02085508
eed4su4,joy,joy,0.0005335959,0.0001602364,0.000262652,0.997062,0.00023253771,0.0017488706
eed4tkd,joy,joy,0.0013877298,0.0002310243,0.00031338923,0.9954595,0.00033416663,0.002274234
eed5iav,surprise,surprise,0.084220536,0.00080624636,0.0010216481,0.0043975688,0.015267124,0.89428693
eed5k92,surprise,surprise,0.23202138,0.0025343571,0.0022989663,0.1560377,0.01261977,0.59448785
eed63s3,surprise,joy,0.007558491,0.0007764083,0.0010841725,0.5591084,0.0036055055,0.42786703
eed6n0q,anger,anger,0.69271266,0.004518659,0.007994575,0.036151517,0.08434444,0.1742781
eed6pul,anger,anger,0.8732621,0.0037743289,0.0030627116,0.027835306,0.06461268,0.0274529
eed7a7e,joy,joy,0.00083005836,0.00014875429,0.00035679567,0.9970847,0.0004260673,0.0011536012
eed7dds,joy,joy,0.0044456148,0.0013157433,0.0016322202,0.86578256,0.0006928932,0.12613094
eed7qdu,surprise,sadness,0.013511063,0.0020169471,0.0027579288,0.09072338,0.46539587,0.42559478
eed7xex,joy,sadness,0.15834104,0.0037951078,0.004948029,0.25058922,0.34908852,0.23323816
eed8mpu,joy,joy,0.0013150692,0.00017044172,0.00019169548,0.99290824,0.00067130075,0.0047433437
eedbjkn,anger,anger,0.94629544,0.001580809,0.0005931348,0.026919188,0.009533094,0.015078326
eedbnbg,anger,anger,0.9726644,0.0039347513,0.0013236442,0.0050661797,0.0041921013,0.012818915
eedd82j,joy,joy,0.009638709,0.0010404486,0.0026965367,0.87572414,0.007823558,0.103076644
eeddf0d,sadness,sadness,0.003740702,0.0009949814,0.001027594,0.0031233714,0.9891228,0.001990537
eeddik6,joy,fear,0.0529053,0.019962067,0.762702,0.026740367,0.072638035,0.06505233
eeddo1h,joy,joy,0.0008327653,0.00018784284,0.00026565377,0.99486685,0.00029345573,0.003553442
eeddoai,joy,joy,0.0009949405,0.00034479797,0.000520374,0.9937169,0.00030206307,0.004120928
eedfvcm,joy,joy,0.0012367071,0.00019500391,0.00032513408,0.9948501,0.00025747024,0.0031355976
eedfw4u,joy,joy,0.00057843694,0.0001727475,0.00023447753,0.9981036,0.0001836329,0.0007270595
eedgc7u,joy,joy,0.0036094156,0.00040231645,0.0010982641,0.946335,0.0056713154,0.042883642
eedhkjf,anger,anger,0.91199845,0.057518236,0.0025365127,0.0067526926,0.018895373,0.0022986936
eedinl2,joy,joy,0.0041314457,0.00036625782,0.00049805525,0.9679873,0.002871193,0.024145773
eediwdw,joy,joy,0.007554673,0.0005361765,0.0006570302,0.95036894,0.0006326949,0.040250525
eedj9x1,joy,joy,0.00051877566,0.0001721103,0.00028590622,0.9979418,0.00031255427,0.0007688658
eedkcy7,joy,joy,0.048985552,0.0028952924,0.0013149098,0.83492845,0.0061270897,0.10574872
eedkjnl,joy,joy,0.0027200724,0.0001629513,0.00020600487,0.99417675,0.00031197278,0.0024222177
eedko29,sadness,sadness,0.0022097535,0.0011554476,0.002118356,0.019101275,0.9722911,0.003124106
eedkqtk,joy,joy,0.013398668,0.0008196497,0.000934103,0.82712644,0.004805107,0.15291606
eedl6e1,surprise,surprise,0.0033423214,0.00042149017,0.00090760225,0.042695764,0.0013000312,0.9513328
eedlji7,surprise,joy,0.0029528076,0.0007824493,0.0016525803,0.7293025,0.0021395085,0.2631702
eedllbg,joy,joy,0.0010957558,0.00012520788,0.00045237623,0.99657226,0.00032663663,0.0014277892
eedmqn9,joy,anger,0.6214428,0.008846375,0.0049286443,0.21420304,0.049577456,0.10100166
eednfda,joy,joy,0.000513146,0.00027908484,0.0005287475,0.99652857,0.00021159413,0.001938865
eednfur,joy,joy,0.00078020245,0.00019595253,0.00030285446,0.9970847,0.00018471046,0.0014515757
eednnqm,joy,joy,0.0283635,0.00047612403,0.00052783836,0.9546108,0.008818706,0.0072030313
eednqst,anger,anger,0.9592282,0.0060641887,0.0011315827,0.004694666,0.02504783,0.0038335952
eedpj0n,surprise,surprise,0.0049119126,0.00048922043,0.00087108,0.0052166055,0.0011502878,0.98736095
eedpjd5,joy,joy,0.000537869,0.00016825809,0.00023736861,0.99776566,0.00020313129,0.0010876942
eedq73j,anger,sadness,0.01472249,0.0027626844,0.0015153313,0.011025669,0.9671258,0.0028480026
eedq8t4,anger,anger,0.4863506,0.02712934,0.011241759,0.045749415,0.3933832,0.03614568
eedqj6f,joy,joy,0.004713098,0.0017408786,0.0038206105,0.84199494,0.1298989,0.017831612
eedr4id,joy,joy,0.001927497,0.00029081805,0.001501986,0.9814245,0.0050906814,0.009764513
eedrkej,surprise,surprise,0.0035812878,0.0005253487,0.00064556167,0.020149646,0.0012011094,0.9738971
eedt8x3,joy,joy,0.000847644,0.00022078727,0.00029177734,0.9976883,0.00023782966,0.0007136176
eeduikd,joy,joy,0.0005764297,0.00013548283,0.0002204672,0.99771774,0.00028193535,0.0010678885
eedujvp,joy,joy,0.0005929609,0.00014374043,0.00023570965,0.99791867,0.00023561975,0.0008733127
eedur4c,joy,joy,0.0026272938,0.0002521823,0.0002313162,0.9943494,0.00032810823,0.0022116618
eedvfgy,surprise,surprise,0.0099545,0.0006090303,0.00083908066,0.012468165,0.0030059426,0.9731233
eedw5gi,sadness,sadness,0.0068699652,0.0014299632,0.002001336,0.017766505,0.9404514,0.031480994
eedwlca,joy,joy,0.00073501363,0.0001905793,0.00031295553,0.9908137,0.0005315871,0.007416231
eedxetj,joy,joy,0.0007946352,0.00014944393,0.00020359117,0.9975299,0.00023111214,0.0010913332
eedxig9,joy,joy,0.22905156,0.0323173,0.047628842,0.4995436,0.049862187,0.1415964
eedy4z1,anger,anger,0.4920265,0.0023362052,0.0030492926,0.0043602646,0.08074493,0.4174828
eee0ivj,joy,joy,0.00059867074,0.00021513231,0.00048923155,0.9891667,0.00041257468,0.009117693
eee2qwp,sadness,anger,0.97849494,0.0015290829,0.00043768616,0.0055694743,0.0066980287,0.0072708386
eee4pu3,surprise,surprise,0.013931502,0.0007527279,0.0018579405,0.24101312,0.015055482,0.7273892
eee5ua0,joy,joy,0.0007412591,0.00018692626,0.00037676404,0.9942484,0.00037246445,0.0040742825
eee5vjo,anger,anger,0.89407605,0.0032957676,0.0011907027,0.021833068,0.025979234,0.053625125
eee67bs,joy,joy,0.00080748746,0.00023636619,0.00027050587,0.99715245,0.00021812526,0.0013149772
eee6k55,joy,joy,0.0063297567,0.00039920225,0.0006894421,0.9896695,0.00079982786,0.0021122664
eee8dd2,anger,joy,0.24231832,0.0049570794,0.012734925,0.33782673,0.31257865,0.089584306
eee8fxv,joy,joy,0.0018485339,0.00021534236,0.00026830117,0.99493706,0.00051389827,0.0022169314
eee8llm,joy,joy,0.0005787931,0.00016183284,0.00026757203,0.99711275,0.0002518098,0.0016271861
eeeakz9,joy,joy,0.0007677422,0.00014974487,0.00029262673,0.9974171,0.00044567086,0.00092715153
eeeaw8j,anger,anger,0.9164272,0.054122496,0.0024866103,0.013235724,0.010257749,0.0034702541
eeec9h5,joy,joy,0.0043344484,0.00057164754,0.00077103236,0.9426948,0.0007586711,0.050869506
eeedgpu,joy,joy,0.0004586295,0.0002237056,0.00049835065,0.99618727,0.00027747627,0.0023545919
eeeell8,surprise,surprise,0.0021196648,0.00045489546,0.0015165829,0.009514549,0.000901887,0.9854924
eeeepao,joy,joy,0.0004998789,0.00019987405,0.00032497878,0.9959124,0.00025193082,0.0028108899
eeeeq67,joy,joy,0.0004804568,0.00017739186,0.00034498484,0.9980274,0.0001966977,0.00077310315
eeees1l,joy,joy,0.0006307214,0.00015726361,0.00023471011,0.998108,0.00023927956,0.00062988553
eeefyb7,joy,joy,0.00055648613,0.00020794953,0.0003535823,0.99794513,0.00025263,0.000684182
eeeg69u,sadness,sadness,0.037060667,0.0044567944,0.0373764,0.18068248,0.6624627,0.07796095
eeegutb,joy,joy,0.0010280493,0.00016973379,0.00023254796,0.9973513,0.00039654755,0.0008218733
eeeh3hi,surprise,surprise,0.0025823186,0.00039553677,0.00067687535,0.004003138,0.00084089814,0.9915012
eeehi0a,joy,joy,0.00076536124,0.00017063027,0.0002924667,0.9969554,0.00064322463,0.0011729546
eeeif15,surprise,joy,0.0069951443,0.0047212425,0.017768525,0.65068024,0.00832314,0.31151175
eeej0n9,sadness,anger,0.45082945,0.0024619545,0.0028195484,0.085154966,0.37339887,0.08533519
eeejjb2,joy,joy,0.00069268956,0.00015993527,0.00023719888,0.9977665,0.00026631675,0.00087736564
eeejm19,anger,anger,0.5028374,0.06422562,0.0085673975,0.110271774,0.19035979,0.12373802
eeejnff,joy,joy,0.0009365497,0.00015173195,0.00021696016,0.9976205,0.00021583318,0.00085847225
eeejs1q,joy,joy,0.0022596887,0.00053519587,0.001633646,0.94052035,0.005512493,0.049538642
eeekdrk,surprise,surprise,0.005018331,0.00043602783,0.0009980028,0.0024146454,0.001281315,0.9898517
eeekf0w,sadness,sadness,0.082494915,0.006641795,0.013088618,0.01328611,0.59320104,0.29128742
eeekjbo,surprise,surprise,0.0066458164,0.00039784095,0.0010065602,0.016696677,0.0027170558,0.97253597
eeeky7q,sadness,sadness,0.004347358,0.0009971414,0.0022231964,0.008132274,0.9781567,0.006143298
eeelp9l,anger,anger,0.96619797,0.010464166,0.0019142554,0.007274857,0.005579683,0.008569084
eeelubz,surprise,surprise,0.009342298,0.000443622,0.00076075934,0.00660526,0.0012771824,0.9815709
eeelwg0,joy,joy,0.001612216,0.0002761536,0.0004408976,0.9929894,0.00021472822,0.004466584
eeem8p8,joy,joy,0.00071406696,0.00019130873,0.00022233659,0.9979752,0.0002083844,0.0006887026
eeenvvq,joy,joy,0.005934279,0.00028291132,0.0004745712,0.9811762,0.0020263835,0.010105665
eeeotpv,joy,fear,0.08112005,0.014328898,0.87169844,0.008651623,0.012149945,0.012051019
eeepsmj,joy,joy,0.016401045,0.0006511913,0.00048783136,0.9674435,0.0016590205,0.013357406
eeeq1o3,joy,joy,0.0055063437,0.00080573605,0.00069815555,0.7033965,0.0028786424,0.28671464
eeeq6q9,joy,joy,0.00061081257,0.00016835105,0.00026369328,0.9978067,0.00019006885,0.0009603947
eeeqgmz,joy,joy,0.0010521894,0.00016137477,0.00028057914,0.9970536,0.00042014587,0.0010320744
eeer60n,surprise,surprise,0.0026254116,0.0009742813,0.0015294733,0.3892459,0.0014363023,0.60418856
eeer9ys,joy,surprise,0.15323393,0.0032838907,0.005843559,0.11375956,0.016286986,0.7075921
eeeroq5,anger,anger,0.98478585,0.0033005404,0.00083764683,0.0029197277,0.004310712,0.0038454353
eeesnrb,surprise,surprise,0.016650425,0.000645439,0.0005887195,0.015550527,0.0030665542,0.96349835
eeesqau,joy,joy,0.11686105,0.0021221568,0.003281239,0.83492005,0.0051031597,0.037712373
eeesqqc,surprise,surprise,0.0071863635,0.0003983887,0.0006181185,0.0027993976,0.0012099853,0.9877878
eeesz7o,anger,sadness,0.05782896,0.01745463,0.013604476,0.02300158,0.8725571,0.01555329
eeeucj5,joy,joy,0.0008985866,0.00013408356,0.00021134333,0.99698526,0.00031699263,0.0014537583
eeeugrh,anger,joy,0.24457105,0.0029069597,0.002723751,0.5580197,0.007843826,0.18393472
eeeusj1,surprise,anger,0.51030034,0.009502868,0.006518965,0.0072250916,0.057345368,0.40910736
eeeuy9k,joy,joy,0.0069077206,0.0005935771,0.0010302878,0.97941214,0.0019026446,0.010153561
eeevowz,joy,joy,0.0041525806,0.00054190366,0.0005141324,0.9906075,0.00037739897,0.0038065396
eeevtxr,surprise,surprise,0.016066834,0.0004475116,0.0006758728,0.00711802,0.003509625,0.97218215
eeex3my,surprise,surprise,0.004076215,0.00037738789,0.00058301445,0.0026564444,0.0013122824,0.99099463
eeexfuu,anger,anger,0.93507016,0.0015652048,0.0006930006,0.014057818,0.02058591,0.02802791
eeexmdr,joy,joy,0.00058178004,0.00025586825,0.00039487047,0.9918418,0.0004456612,0.006480042
eeexz5x,sadness,sadness,0.0034891313,0.0012088034,0.0013691725,0.007824095,0.97915,0.0069588404
eeezcc7,anger,joy,0.0041940385,0.00031035664,0.0010103073,0.97504234,0.004437354,0.015005549
eeezflc,surprise,anger,0.7321703,0.02908548,0.0029807389,0.037970107,0.16476649,0.03302688
eeezk8u,joy,joy,0.0010347655,0.00021714783,0.00039403277,0.99325985,0.00050462916,0.0045895535
eef01cp,surprise,surprise,0.0051774425,0.0003548336,0.0007399099,0.0044596284,0.0022368224,0.9870313
eef08dy,joy,joy,0.013229222,0.0012424813,0.019462181,0.7917084,0.09408263,0.080275156
eef0tlo,fear,fear,0.024231503,0.0061742053,0.758316,0.011466566,0.00917396,0.19063786
eef1ewc,joy,anger,0.95541245,0.001955621,0.0011783544,0.020181667,0.012075229,0.009196702
eef41si,joy,joy,0.00072887243,0.0002565007,0.0005037339,0.9938194,0.00060015504,0.0040912954
eef4frp,joy,joy,0.00066751783,0.00020051515,0.00038069367,0.99299616,0.00028782658,0.005467193
eef4ks0,anger,anger,0.9809598,0.0029945811,0.0008522453,0.0060435403,0.005755754,0.0033940591
eef4tc6,joy,joy,0.011121655,0.00032931528,0.00046081867,0.98235023,0.0013411131,0.004396762
eef56i6,joy,joy,0.0007444263,0.00018361403,0.0003995199,0.99036485,0.0005596186,0.0077479095
eef5let,joy,joy,0.0004959143,0.00018831043,0.0002795361,0.9965551,0.00029369394,0.0021873764
eef5xa3,sadness,joy,0.023842938,0.0011985621,0.0036406189,0.5541144,0.2653002,0.15190323
eef726j,anger,joy,0.3265413,0.0010355468,0.0012999082,0.6220675,0.0048968024,0.04415899
eef7r6i,joy,joy,0.00048821708,0.00013579347,0.00023882187,0.99796283,0.00027415084,0.00090014905
eef7siy,joy,joy,0.000596323,0.00014284955,0.00024304396,0.99772066,0.00033208705,0.0009650501
eef803m,joy,joy,0.00063416775,0.00013840767,0.00025437993,0.997813,0.00024961398,0.00091033033
eef8iw0,joy,joy,0.0005206917,0.00016937255,0.0002947862,0.99710685,0.00036275372,0.0015455765
eef8r1b,anger,joy,0.10742111,0.00097163214,0.00087883766,0.81167465,0.02916029,0.04989345
eef9819,joy,joy,0.002401471,0.00036770088,0.00043571007,0.9805315,0.00054117385,0.01572245
eef9v2n,joy,joy,0.0007084226,0.00018114503,0.00025596586,0.99788636,0.00019411076,0.0007739868
eefasnl,joy,joy,0.0019696201,0.0002223478,0.00025201554,0.9959974,0.00029929643,0.0012592742
eefb57e,joy,joy,0.035350475,0.0006959786,0.00076117134,0.8992441,0.0058175125,0.05813071
eefbrn3,anger,anger,0.97140133,0.0062431875,0.0008860763,0.009710687,0.009052397,0.0027063105
eefbusl,sadness,anger,0.8566338,0.006343033,0.0050114654,0.014124844,0.1035159,0.014370968
eefd54x,joy,joy,0.00068569195,0.000173961,0.00025956825,0.99800473,0.00024247337,0.0006335931
eefe4ar,fear,fear,0.01873008,0.01313063,0.9495651,0.0055327057,0.0043132603,0.008728245
eefhqmi,surprise,surprise,0.006118933,0.0012631326,0.0020395638,0.1527675,0.002722113,0.83508873
eefkowz,anger,anger,0.4502191,0.009485891,0.095497966,0.07611877,0.10603689,0.2626413
eeflasc,joy,joy,0.0009824836,0.00018461923,0.0002929404,0.99413943,0.00032377808,0.0040767775
eefmxf2,joy,surprise,0.0038982318,0.0007393379,0.0010010828,0.0748908,0.0010657447,0.9184049
eefnv33,joy,joy,0.0009784964,0.00020869703,0.00028631385,0.9958853,0.00036790784,0.002273296
eefoom3,joy,joy,0.0501889,0.0031516836,0.0021547186,0.8887007,0.004884129,0.050919868
eefovtz,surprise,sadness,0.07741265,0.0018255331,0.0039898492,0.06819564,0.82297945,0.025596967
eefq8j5,fear,fear,0.008457498,0.013273764,0.9667927,0.004350073,0.004042594,0.0030833844
eefrs9z,joy,surprise,0.0128072,0.00043864344,0.0006530702,0.006208112,0.0012795869,0.9786133
eefti1z,joy,joy,0.0012314077,0.00018719092,0.00030285405,0.98927104,0.00029509148,0.008712378
eeftq4c,joy,joy,0.00053521845,0.00016057932,0.0003173327,0.99791116,0.00021518135,0.0008604152
eefts7d,joy,joy,0.0006141958,0.00013844184,0.00024873565,0.9966421,0.00030266866,0.0020538468
eefvuvg,sadness,joy,0.0038768563,0.00063444243,0.0009967382,0.9534856,0.036949713,0.0040565585
eefw4oh,joy,joy,0.00066167244,0.00016664794,0.00022677089,0.99791914,0.0002318382,0.0007939743
eefxhdq,anger,anger,0.71762925,0.0026414131,0.002465665,0.23251614,0.03709143,0.007656102
eefyz18,fear,sadness,0.0074309306,0.0032316733,0.106638215,0.022359362,0.83459336,0.025746437
eefzkfx,joy,joy,0.00066084013,0.00015464102,0.0002395721,0.9970893,0.0002527923,0.0016027977
eefzxt7,joy,joy,0.00076265505,0.0002074004,0.0002651753,0.99752396,0.00023565508,0.0010051372
eeg0924,joy,joy,0.0005541903,0.00013276274,0.00020907716,0.9975794,0.00026019872,0.0012643982
eeg0hmd,joy,joy,0.0006811802,0.00022132005,0.00035768026,0.99388146,0.00052339566,0.0043350016
eeg0sgy,joy,joy,0.00093440677,0.00018181017,0.00030972617,0.9949351,0.000655725,0.0029832954
eeg14j5,fear,fear,0.0064215213,0.00501251,0.95026654,0.028661693,0.004330325,0.005307417
eeg1n4h,surprise,surprise,0.02053025,0.000572885,0.0012009961,0.005248234,0.0015406872,0.97090685
eeg26rs,anger,anger,0.9804277,0.0038348355,0.000662307,0.006802415,0.0032019622,0.0050707674
eeg2bai,surprise,anger,0.332046,0.30176684,0.05032499,0.014411635,0.21865919,0.08279131
eeg2ht9,sadness,sadness,0.00663802,0.0010160132,0.0035645543,0.022350054,0.96031874,0.006112572
eeg2mqs,anger,anger,0.9824905,0.0017702891,0.0006634951,0.0035607056,0.004937246,0.006577767
eeg3e3m,joy,joy,0.0008323384,0.00021693422,0.0003823812,0.99551964,0.00019120511,0.00285745
eeg40z9,anger,anger,0.53555,0.0025367697,0.0023643984,0.0149674,0.34812912,0.0964523
eeg45da,joy,joy,0.001071966,0.00019342997,0.00028803645,0.99749905,0.00035926988,0.0005882929
eeg4u5f,sadness,surprise,0.006214355,0.0013197645,0.006091645,0.18684849,0.13171132,0.6678144
eeg4uci,surprise,surprise,0.0035891074,0.00038934321,0.0006281281,0.0038369452,0.00086497,0.9906915
eeg5l2c,joy,joy,0.0007513549,0.0001493207,0.00023231735,0.99780005,0.00020016696,0.0008666701
eeg5tya,sadness,sadness,0.031241484,0.04791142,0.0061663594,0.0027177199,0.90670353,0.005259411
eeg5xml,joy,joy,0.021714676,0.00050000777,0.00088908157,0.9712711,0.0014073628,0.0042177537
eeg738k,joy,surprise,0.044990912,0.0040092473,0.0031723354,0.3908582,0.028717678,0.5282516
eeg7d0u,joy,surprise,0.006114287,0.0006728311,0.0009842765,0.19733636,0.0019337244,0.79295856
eeg8n0h,joy,joy,0.0018213606,0.0005168387,0.0015863369,0.9810659,0.0021773712,0.012832215
eeg8r37,fear,fear,0.00834585,0.0029395875,0.95721835,0.016128354,0.0045993016,0.010768594
eeg9le5,joy,joy,0.22637498,0.0033672592,0.0015687812,0.75685596,0.0050340747,0.006798951
eegaml3,joy,joy,0.007889048,0.00044114664,0.00027636334,0.9883111,0.0016225559,0.00145968
eegbili,anger,joy,0.106364176,0.0021277338,0.0024785295,0.5026057,0.1301292,0.2562947
eegc1dh,joy,joy,0.0009042254,0.00014913993,0.00021608414,0.99760485,0.00024554337,0.0008801301
eegc9ek,joy,joy,0.0012222121,0.0002747534,0.00029066828,0.99677026,0.00020359413,0.001238631
eegdoxx,joy,joy,0.0016463234,0.00038914476,0.0006379664,0.9327173,0.0010838842,0.06352538
eege1no,joy,joy,0.00050761475,0.00020079894,0.00028590005,0.9978042,0.00028752425,0.000913948
eegej3b,surprise,joy,0.02455362,0.0025225645,0.0028347734,0.5424682,0.00674997,0.4208708
eegfus2,joy,joy,0.12643737,0.004856833,0.004035444,0.8029565,0.043826938,0.017886888
eeggqs5,sadness,sadness,0.007003608,0.0011969551,0.0008791759,0.0057371715,0.9818679,0.0033153228
eegh1ze,joy,joy,0.010751219,0.00075465674,0.0012291768,0.77569246,0.0033563082,0.20821628
eeghcvq,surprise,surprise,0.0050311284,0.00045832494,0.00062574295,0.005508427,0.0013475461,0.98702896
eeghtm0,anger,anger,0.8713556,0.008241264,0.0014191386,0.029014619,0.07551795,0.014451476
eegirn6,joy,joy,0.0056525017,0.0003581459,0.0007842323,0.9509691,0.002168988,0.04006703
eegkuln,joy,joy,0.0006901933,0.00016632142,0.00033063153,0.99758565,0.00026566608,0.0009615565
eegllgr,anger,surprise,0.34295598,0.0032547426,0.001791256,0.009619945,0.0126215825,0.6297565
eegmp1r,joy,joy,0.0071770307,0.00029476703,0.00033922138,0.9806326,0.0015451111,0.010011352
eegmyvu,disgust,disgust,0.35485244,0.52684975,0.06587709,0.011184556,0.02872546,0.012510699
eegnhq5,joy,joy,0.0015172615,0.00018884335,0.00019428754,0.996238,0.00047822177,0.001383421
eegnsh3,joy,sadness,0.05503495,0.0022584968,0.0053294655,0.14381711,0.7585332,0.035026845
eegny5o,joy,joy,0.0011891532,0.00036046252,0.0005195828,0.9963773,0.00026930522,0.0012842541
eego51v,sadness,sadness,0.011100436,0.0014464195,0.0019263725,0.018467166,0.84328,0.12377956
eegp47k,anger,anger,0.94546413,0.0031768056,0.0013699621,0.00878414,0.03205604,0.009148929
eegqqkd,joy,surprise,0.017158952,0.0012790096,0.0010657754,0.33894852,0.006999888,0.6345479
eegs9rd,joy,joy,0.0010038237,0.00029884305,0.00048315234,0.99286157,0.0009572732,0.004395409
eegshwj,joy,joy,0.0006566019,0.00017181555,0.00023188011,0.9980634,0.00020265895,0.0006736751
eegt1rf,joy,joy,0.00060851994,0.00017265002,0.0002648943,0.99803036,0.0002489373,0.00067454996
eegtonp,joy,joy,0.0004826672,0.00015826298,0.00025135,0.9979856,0.00019666414,0.000925451
eeguaz3,joy,joy,0.00071219075,0.00027652236,0.0003975227,0.99725085,0.00019905897,0.001163863
eeguowf,joy,joy,0.0013152969,0.00024077228,0.0002646831,0.99578357,0.00021780693,0.0021779104
eeguroc,joy,joy,0.0009932544,0.0001636733,0.00023947694,0.9974796,0.00019523667,0.00092875527
eegus5t,joy,joy,0.00037933534,0.00017069667,0.00029788376,0.997311,0.00029251358,0.0015485365
eegv276,surprise,surprise,0.044221744,0.0008176542,0.0009946144,0.0030887288,0.002472568,0.94840467
eegwepn,anger,anger,0.9513736,0.00672387,0.0013309106,0.02118781,0.0147533,0.004630552
eegyi25,joy,anger,0.9388721,0.0014662875,0.0011519146,0.040306628,0.008304241,0.009898867
eeh07i1,anger,anger,0.73860115,0.0065379883,0.0030651735,0.00959544,0.17786103,0.06433923
eeh2pov,joy,joy,0.007217759,0.0032895217,0.009135965,0.91679716,0.026683696,0.03687589
eeh3f3c,surprise,surprise,0.0061964304,0.00048498454,0.0010756281,0.034796305,0.003591791,0.95385486
eeh3h9n,joy,joy,0.00073047256,0.000256341,0.0004020863,0.9976035,0.00019131227,0.0008163627
eeh4lqc,anger,anger,0.89320064,0.057466175,0.0029660345,0.016143108,0.026343817,0.0038802787
eeh4qle,joy,joy,0.0006394606,0.00020059424,0.00028983667,0.9978284,0.00017235863,0.0008693894
eeh5oye,joy,joy,0.0008890598,0.00015077268,0.00022239068,0.99587786,0.0002749801,0.0025849673
eeh6t6x,joy,joy,0.00064949377,0.00015955511,0.00022826636,0.9979917,0.00021571937,0.000755268
eeh9bzl,joy,joy,0.0009597437,0.00019335745,0.00024111551,0.99729913,0.0003002288,0.0010064729
eehaa3j,surprise,surprise,0.0047063264,0.00044487015,0.0006869646,0.0034485443,0.0015777281,0.9891356
eehd0v2,anger,anger,0.899545,0.0067372485,0.001535741,0.008198675,0.011481225,0.07250216
eehd1g7,joy,joy,0.0051671066,0.00089427276,0.0011366871,0.53720164,0.0027118046,0.45288843
eehd217,anger,anger,0.9201455,0.02691292,0.0011102083,0.03197614,0.014856062,0.0049991743
eehdduj,joy,joy,0.00044366674,0.00014826251,0.0002661687,0.99801755,0.000259313,0.0008650513
eehdlof,joy,joy,0.0012383887,0.00026014156,0.00038218428,0.98918545,0.0013270611,0.007606777
eehej6e,sadness,sadness,0.0028558578,0.0011708083,0.0016541708,0.006021003,0.9849244,0.0033737652
eehfi6a,surprise,surprise,0.00915698,0.00055478135,0.0010977203,0.016517544,0.005751208,0.96692175
eehfyfk,sadness,surprise,0.17177506,0.0053262543,0.0068683745,0.02112154,0.28728238,0.50762635
eehhpzs,joy,joy,0.0023517106,0.0009394695,0.0021159048,0.64974415,0.0026739957,0.34217474
eehkah8,joy,joy,0.00075618393,0.00013945001,0.00033072993,0.9948894,0.0008885002,0.0029957837
eehksno,surprise,surprise,0.0066844164,0.0004884345,0.00060152827,0.0031646076,0.000987832,0.98807317
eehl9rf,joy,joy,0.0015839195,0.00019960283,0.00025525308,0.99421966,0.00035891164,0.0033826344
eehld4o,sadness,joy,0.009065627,0.0008450545,0.0024500596,0.90593576,0.07749282,0.0042106705
eehn7ii,joy,joy,0.006238126,0.0003259581,0.0003719405,0.97646344,0.0008777014,0.01572285
eeho6w6,joy,joy,0.0008626531,0.00014143449,0.00025424847,0.9966708,0.00048494633,0.0015859789
eehor1w,anger,anger,0.39760166,0.30417505,0.013187688,0.028816797,0.22368658,0.032532163
eehoydp,joy,joy,0.001057241,0.00036658824,0.00056485,0.9893222,0.00034687706,0.008342292
eehp42r,joy,joy,0.0005036799,0.00020765417,0.00028785283,0.99795425,0.0002008728,0.0008456275
eehpd4m,sadness,sadness,0.0045371824,0.0010770326,0.0012990843,0.021967234,0.9669953,0.004124186
eehpoqu,joy,joy,0.0006911855,0.0003661198,0.0004762746,0.9963038,0.00038960652,0.0017730199
eehrk8u,joy,joy,0.014623633,0.0012565404,0.000543552,0.9800163,0.0014535362,0.0021064556
eehrkd0,joy,joy,0.0006677427,0.0001813481,0.00025870907,0.99803656,0.00018149293,0.00067415216
eehs7qw,sadness,anger,0.9465942,0.0018517787,0.0017344728,0.009128387,0.010810645,0.029880451
eehsab2,joy,joy,0.0017055278,0.00019424212,0.00022783066,0.9959577,0.00031574737,0.0015990506
eehssdw,joy,sadness,0.07687692,0.0050557624,0.005025665,0.28356558,0.60444903,0.025026962
eehtcr1,anger,anger,0.9388483,0.005040789,0.001781507,0.03278814,0.004075867,0.017465364
eehtttu,sadness,anger,0.72781575,0.006616941,0.0021291636,0.03507139,0.21248893,0.015877811
eehtxf3,anger,anger,0.98067266,0.0022053258,0.0008150451,0.0064654895,0.0043872846,0.005454107
eehuzwu,joy,joy,0.0006355628,0.00020139507,0.0002596947,0.99773705,0.00019890073,0.00096743234
eehvv5s,joy,joy,0.0013388176,0.00019794019,0.0002163105,0.99527174,0.0003859573,0.0025892616
eehvzy2,joy,joy,0.00059532735,0.00012752225,0.00023773997,0.9970409,0.00047277374,0.0015255982
eehwc7a,anger,surprise,0.007730662,0.0005223995,0.0009559832,0.093594275,0.0020692793,0.89512736
eehwiip,joy,joy,0.037771843,0.0006258961,0.00047726862,0.95410234,0.0011920934,0.005830494
eehwqcv,joy,joy,0.0020162025,0.00025642544,0.00029542996,0.99586797,0.0003465988,0.0012174145
eehyw4y,surprise,anger,0.5626706,0.0033352915,0.0060037025,0.023916384,0.2471976,0.15687636
eehzx9b,surprise,surprise,0.0022155277,0.00042823108,0.0010931271,0.00817408,0.0011513429,0.98693764
eei0s2m,anger,anger,0.59822524,0.0021180545,0.0031595856,0.33525184,0.015430627,0.045814674
eei1nic,sadness,anger,0.9345341,0.018162413,0.0011402736,0.0058371597,0.03274621,0.0075798505
eei280a,anger,anger,0.777382,0.0051873573,0.0024549162,0.14182393,0.046841007,0.026310792
eei2b57,sadness,joy,0.06919155,0.0018861557,0.0021813745,0.52373886,0.14110757,0.26189446
eei2g6l,fear,fear,0.16752777,0.3797967,0.4137763,0.013021887,0.012752116,0.013125189
eei2ty6,joy,joy,0.0013302374,0.00019230628,0.00033873288,0.9946262,0.00042880225,0.0030837245
eei2xh2,surprise,surprise,0.020116374,0.00057568843,0.0016085444,0.0038685538,0.0050874585,0.9687433
eei3ii9,joy,joy,0.0007217996,0.00016827697,0.00022388592,0.99789196,0.00021207608,0.00078197283
eei47sa,anger,anger,0.59260714,0.08684434,0.018554164,0.20780817,0.058818415,0.035367817
eei4ela,joy,surprise,0.017392432,0.0009932903,0.0011460779,0.20181921,0.0016380299,0.7770109
eei5yi4,joy,joy,0.022788744,0.0004281181,0.0014790117,0.95297587,0.004027276,0.018301053
eei64qt,surprise,surprise,0.10798054,0.001163383,0.0013050636,0.0030929486,0.004440868,0.8820172
eei8rpb,joy,joy,0.02500692,0.0010666396,0.0008788031,0.9505495,0.0064899777,0.016008094
eei8sfs,joy,joy,0.0006155999,0.00018730073,0.00029958755,0.9977786,0.00046469187,0.0006542156
eeibfsv,joy,joy,0.0008264503,0.00016696329,0.0002666176,0.996956,0.00023406233,0.0015498464
eeic0e5,fear,anger,0.91088474,0.015289176,0.010928844,0.010853738,0.028393127,0.023650317
eeicggm,sadness,joy,0.06292942,0.0015621431,0.004033745,0.81902415,0.06540989,0.04704075
eeid0zi,joy,joy,0.00060291943,0.00021269821,0.0002974276,0.9958484,0.00016648891,0.002872002
eeid6tj,joy,joy,0.0008585692,0.0002905444,0.00038948574,0.9968815,0.00018159172,0.0013984015
eeiddfr,joy,joy,0.0005683132,0.00017029943,0.00026551317,0.9980665,0.00019458956,0.0007347874
eeidhj0,joy,joy,0.002212851,0.00025381535,0.0005034517,0.9935942,0.0012815039,0.0021542201
eeidyma,joy,joy,0.00087970414,0.00025331948,0.00028430403,0.994649,0.00023406651,0.0036996382
eeiegak,joy,anger,0.9296386,0.0014631803,0.0006570333,0.035173014,0.020299243,0.012768806
eeieuyo,surprise,surprise,0.010606966,0.001449756,0.00511764,0.01418642,0.20914803,0.7594911
eeiewym,sadness,sadness,0.04505842,0.002256189,0.015891269,0.029808829,0.88214177,0.024843473
eeig438,joy,joy,0.01078576,0.0002889261,0.001979208,0.982419,0.0015767341,0.0029503084
eeihrhi,sadness,sadness,0.011891275,0.0013188815,0.0013053708,0.011636525,0.9674414,0.0064065806
eeii43a,joy,joy,0.0049250335,0.00081213936,0.00078419584,0.76875937,0.0010423939,0.22367679
eeiid5s,joy,joy,0.0007481562,0.00014546626,0.00020128576,0.9974942,0.00030278476,0.0011080542
eeiidu7,disgust,anger,0.61979264,0.29327357,0.014490435,0.0123317465,0.03320202,0.026909597
eeiig2j,joy,joy,0.00056360103,0.00015495098,0.0002437856,0.99791557,0.00023369849,0.00088850874
eeijhkm,sadness,sadness,0.008863718,0.0030307914,0.028072726,0.1066656,0.83961266,0.013754434
eeile0x,sadness,sadness,0.0026751051,0.000906428,0.0014135559,0.0068443776,0.9856252,0.0025352798
eeim5c0,sadness,sadness,0.0032152568,0.0011076641,0.0012517913,0.0063969456,0.9842519,0.0037763831
eeinq1p,joy,joy,0.0007166182,0.00018675247,0.00025503483,0.9972166,0.00019175418,0.0014332371
eeip9ya,joy,joy,0.001474949,0.00020461337,0.00032664152,0.9785565,0.00044599574,0.01899137
eeipiga,joy,joy,0.00042737124,0.00022714448,0.00031825723,0.99800295,0.00018238295,0.0008419253
eeippeu,joy,joy,0.0007370744,0.00014302705,0.0003358052,0.9946919,0.001257352,0.002834785
eeipqj4,sadness,sadness,0.3285364,0.01674619,0.010022795,0.124906555,0.48311266,0.036675457
eeiq1t2,anger,anger,0.70833015,0.0023823956,0.0012726028,0.21193677,0.04586068,0.030217415
eeisdww,joy,joy,0.00082389876,0.00035328345,0.0006442332,0.9830445,0.0009458242,0.014188196
eeiuscs,surprise,surprise,0.0031883297,0.0003493881,0.0006835956,0.0065173465,0.001391238,0.98787004
eeiv9g2,sadness,sadness,0.21802106,0.004333947,0.0032539,0.009590944,0.7257861,0.03901414
eeiwd8o,joy,joy,0.015391217,0.00046381363,0.0004476838,0.9812949,0.0013246236,0.0010776849
eeiwo8t,anger,anger,0.9714822,0.003119385,0.00079065945,0.0024043785,0.00553257,0.016670788
eeix509,surprise,surprise,0.10102067,0.001478441,0.0013843126,0.007111289,0.0073291548,0.88167614
eeixm7z,joy,joy,0.010803078,0.00080052036,0.0009629156,0.8468504,0.019459382,0.12112366
eeiyceq,surprise,surprise,0.009467755,0.0004485589,0.0007506455,0.0034546012,0.0014082101,0.98447025
eeiyd3d,joy,joy,0.00074592076,0.00018182011,0.00025752076,0.99784684,0.00025279526,0.0007150565
eeiyfbf,sadness,anger,0.50840676,0.0027951002,0.0030396478,0.05604029,0.17131102,0.25840715
eeizdpx,disgust,disgust,0.19689949,0.34568393,0.27980095,0.11976963,0.027343651,0.030502426
eeizza2,joy,joy,0.0008910707,0.00016186119,0.00035061353,0.98989457,0.00035908932,0.008342793
eej03pc,anger,joy,0.049176753,0.0011085958,0.0009084205,0.89647377,0.008942382,0.043390114
eej0p9v,joy,sadness,0.062768355,0.0033382047,0.015858732,0.051499665,0.8294015,0.037133582
eej1ihs,joy,joy,0.00078643975,0.00017309267,0.00028474702,0.9975222,0.0003366923,0.00089687353
eej3kcn,fear,sadness,0.028767942,0.017809937,0.44673488,0.018122727,0.46411085,0.024453687
eej6h5n,joy,joy,0.00070725306,0.000228779,0.0003000471,0.99702924,0.00022235877,0.0015123143
eej7lcs,joy,joy,0.0070071146,0.0004209036,0.00068173814,0.97538185,0.0050286297,0.0114797335
eej83t7,anger,joy,0.20511317,0.001664396,0.0016034055,0.7315037,0.0147290565,0.04538628
eejaac2,joy,joy,0.00096542295,0.00018861305,0.00027051475,0.9950354,0.0003310786,0.0032089776
eejbqly,joy,anger,0.6705537,0.010970906,0.01629733,0.263731,0.010978431,0.0274686
eejbrh8,joy,joy,0.00076605147,0.00023366268,0.00035497814,0.99672985,0.00018890685,0.0017264866
eejdbje,joy,joy,0.00039246574,0.00017368796,0.0003122554,0.9969658,0.00030554697,0.0018501219
eejdqkt,surprise,surprise,0.0074026403,0.0009793488,0.0010752167,0.13115367,0.0033023849,0.8560868
eeje0qk,fear,fear,0.2024181,0.0057546264,0.3658069,0.31745166,0.02410305,0.08446563
eejeh4q,sadness,sadness,0.032278996,0.0031569134,0.011976575,0.04819025,0.7757142,0.12868308
eejf3px,joy,fear,0.15858361,0.004035939,0.34650296,0.25081804,0.1549441,0.085115336
eejfh66,sadness,sadness,0.0041210037,0.0011750098,0.002107451,0.012867365,0.9614037,0.018325534
eejfuza,surprise,joy,0.005172841,0.00079670595,0.0010454156,0.6508788,0.001021371,0.3410849
eejgpk4,surprise,surprise,0.2038976,0.001989847,0.0016190772,0.0063918503,0.021246433,0.76485515
eejh9fg,joy,joy,0.0010719642,0.0001931954,0.00029235025,0.9974464,0.0002817273,0.0007144459
eejhfit,joy,joy,0.001589398,0.00015013371,0.00022698652,0.9963469,0.000622579,0.0010639442
eejiay5,joy,anger,0.8219642,0.0018764017,0.0011745197,0.13120334,0.017348602,0.02643297
eejj57x,anger,anger,0.87620795,0.050826035,0.0023316639,0.012972517,0.054389425,0.0032723173
eejjhbs,surprise,anger,0.4999392,0.0025881673,0.0015097812,0.004719329,0.022912329,0.4683311
eejl20y,anger,joy,0.015964003,0.0004559448,0.0005512735,0.9738806,0.006890407,0.0022577578
eejleep,joy,joy,0.00067672576,0.00018192986,0.00029506796,0.9976344,0.00020906556,0.0010028149
eejligj,joy,joy,0.0025510702,0.0003989196,0.0005242964,0.9781039,0.009572839,0.008848998
eejm5tn,joy,joy,0.00054675376,0.00023010798,0.0003744442,0.99698883,0.00025533038,0.0016046349
eejmdph,anger,surprise,0.006515636,0.0006309377,0.0009462472,0.14584717,0.0030364087,0.84302354
eejmuw1,joy,joy,0.0008935627,0.00020641589,0.0002696058,0.99752074,0.00022364987,0.0008860815
eejn7ai,surprise,fear,0.04938657,0.08755122,0.63885695,0.107907005,0.024841575,0.091456644
eejqauj,anger,anger,0.85117716,0.096596904,0.003627608,0.021040976,0.021419609,0.0061377836
eejtcuw,joy,joy,0.00050499814,0.00022443356,0.0003083508,0.9977385,0.00021489967,0.0010088868
eejuzkq,joy,joy,0.00058542023,0.0002218441,0.0002814932,0.9975096,0.00017563393,0.0012260716
eejv0sm,joy,joy,0.00045947422,0.0001496514,0.00027499234,0.9980806,0.00020929174,0.00082595565
eejvzru,anger,anger,0.7570564,0.016967798,0.03785659,0.031129492,0.14278318,0.014206636
eejxnps,sadness,sadness,0.003172821,0.0010015446,0.0015662126,0.01657244,0.97542477,0.0022623052
eejyht6,sadness,anger,0.85313684,0.00429219,0.0025823268,0.073946744,0.028270073,0.03777187
eek2d41,joy,surprise,0.002425136,0.0010809804,0.0023888575,0.23820472,0.0033833545,0.7525169
eek34md,sadness,sadness,0.0028500708,0.0013041646,0.0024425585,0.012061943,0.97717255,0.0041686846
eek5yoh,joy,joy,0.0034514552,0.0007823156,0.0006336542,0.99316823,0.0003735406,0.0015907756
eek626j,fear,surprise,0.1771707,0.004620282,0.01085204,0.17078029,0.06841483,0.5681619
eek6cq6,joy,joy,0.007184497,0.0006009846,0.00077575736,0.923972,0.008520658,0.058946062
eek6tpn,anger,anger,0.98484725,0.0024893573,0.0007148637,0.0045160684,0.0043870215,0.0030454188
eek6vha,joy,joy,0.0007194247,0.00021288676,0.00026438732,0.99665904,0.0003130582,0.0018313025
eek96v8,joy,joy,0.016333943,0.00072688336,0.0047924523,0.86672217,0.0035683755,0.10785621
eekctpw,joy,joy,0.039217062,0.0015313696,0.0012867159,0.90045065,0.018061358,0.039452955
eekea23,anger,anger,0.90835345,0.0042338143,0.0018377656,0.040941946,0.010137765,0.034495194
eeked6o,fear,fear,0.006146562,0.006139403,0.9745677,0.0038890357,0.004098079,0.0051592006
eekef9m,joy,joy,0.00044806095,0.0001625486,0.00025740874,0.9977429,0.00024233488,0.001146791
eekeonr,joy,joy,0.0005956237,0.00020438376,0.00025112266,0.9978212,0.00022761157,0.0009000741
eekgoj1,joy,joy,0.00082070276,0.00020061058,0.0003304845,0.9889021,0.0002927746,0.009453337
eekh3r7,joy,joy,0.354319,0.0021212448,0.002264685,0.61571795,0.01454589,0.011031148
eekjgl8,joy,joy,0.0011214919,0.00016568403,0.00023434307,0.99400055,0.00026099288,0.0042168964
eekjjsc,joy,joy,0.0049052895,0.000333263,0.0005137109,0.9721861,0.0034035966,0.018658007
eekjq0y,joy,joy,0.0028311238,0.00019118398,0.00024170501,0.9952217,0.00035646508,0.0011579093
eekjrep,surprise,surprise,0.0026615607,0.00040569343,0.00071990624,0.0049657472,0.00151043,0.9897367
eekk36g,joy,joy,0.0005832851,0.00015527311,0.00024490146,0.99784005,0.00017925851,0.000997194
eekk826,anger,surprise,0.2250955,0.019274563,0.0101540275,0.15771383,0.009242734,0.57851934
eeklrmu,sadness,sadness,0.33048692,0.003698491,0.0051571247,0.27617148,0.3652155,0.019270426
eekn8hb,joy,joy,0.0005393538,0.00020744484,0.00040942308,0.99703383,0.00022296286,0.0015868887
eekng66,sadness,sadness,0.0027337787,0.0012238073,0.0019624762,0.006966297,0.9855805,0.0015331709
eekpxgu,surprise,joy,0.002774065,0.0007653653,0.0012923849,0.6255341,0.0012237976,0.36841026
eeks9he,surprise,surprise,0.0021752578,0.00041905744,0.0007585003,0.005007955,0.0010356728,0.9906035
eektluu,joy,joy,0.0005133966,0.00018588654,0.00035450925,0.9958496,0.00032850332,0.00276812
eektpzq,joy,joy,0.0011029216,0.00019442303,0.00022248318,0.99757665,0.00026840944,0.00063521764
eekugy0,joy,anger,0.8943091,0.001861375,0.00077993993,0.03406288,0.05103328,0.01795336
eekwddb,surprise,surprise,0.020385569,0.00074676046,0.0011324083,0.0022157298,0.0046350057,0.9708846
eekxcm6,joy,joy,0.0005548076,0.00019794606,0.00029960423,0.996786,0.00018545883,0.0019762372
eekxre3,anger,anger,0.9761044,0.0021007254,0.0012851768,0.003248827,0.004404511,0.012856322
eekyihh,surprise,surprise,0.04686854,0.0021673637,0.005840269,0.300232,0.039404266,0.60548764
eekyj9t,joy,joy,0.0027514966,0.00019374356,0.0002914391,0.9842382,0.0005273671,0.011997761
eekzhxx,joy,joy,0.0019646094,0.0001670766,0.00037817928,0.9956261,0.00048271625,0.0013813345
eekzi88,surprise,surprise,0.0029202553,0.00048712807,0.00095772074,0.004535975,0.0016631592,0.9894357
eel0icv,sadness,sadness,0.007701485,0.0030516225,0.0016320293,0.005098929,0.9799519,0.0025640004
eel1j5c,fear,fear,0.006876211,0.0029599445,0.96198803,0.013780802,0.008470784,0.005924184
eel1onf,joy,joy,0.0018601834,0.00026435734,0.0002496363,0.98666394,0.0010204383,0.009941512
eel1opd,sadness,sadness,0.003424414,0.0011213302,0.0018289309,0.0048457757,0.98311824,0.005661273
eel2a1m,joy,surprise,0.012861742,0.0005168939,0.0007322569,0.003336734,0.0025860302,0.9799662
eel30l7,surprise,surprise,0.04778277,0.001439797,0.0017647778,0.15115124,0.039070427,0.758791
eel3el9,joy,joy,0.00057280576,0.00016514181,0.00028987273,0.9977709,0.00025037015,0.0009509362
eel3hih,joy,surprise,0.09264839,0.0025048493,0.0030194952,0.22197922,0.25187546,0.4279726
eel3p8b,anger,anger,0.9838504,0.001939852,0.00053946115,0.004688373,0.0040600803,0.0049217725
eel4k66,joy,joy,0.032331206,0.0010940236,0.0010456613,0.9158523,0.0044325474,0.04524428
eel4kl0,sadness,sadness,0.031655584,0.00442538,0.05203684,0.3063415,0.575161,0.030379709
eel4lhl,joy,anger,0.38361266,0.008488814,0.034530997,0.2809885,0.17976911,0.11260986
eel5apq,joy,joy,0.0006242727,0.00017313698,0.00026532752,0.9978528,0.00020102004,0.0008835449
eel5b51,joy,joy,0.017414419,0.00058245094,0.0007679017,0.8581499,0.0017542915,0.12133106
eel5w0i,joy,anger,0.70587265,0.15178668,0.011669219,0.083984055,0.031990904,0.0146965245
eel6ffv,joy,joy,0.0010898317,0.00016970119,0.00047060012,0.9947121,0.00055624393,0.0030016154
eel7ng1,joy,joy,0.0005121928,0.0002013173,0.000302648,0.9973556,0.00024147342,0.001386736
eel7ngf,sadness,sadness,0.09772502,0.003634221,0.0039775,0.0049508056,0.79947805,0.090234466
eel8uh1,anger,surprise,0.040607,0.0012103687,0.0019020282,0.010547811,0.07251102,0.87322176
eel958m,surprise,surprise,0.0053914017,0.0006236609,0.0008087268,0.05019603,0.0029961101,0.939984
eel9mio,joy,joy,0.00065752596,0.00014658745,0.0002480021,0.9970804,0.0002574742,0.0016098968
eelak3t,anger,sadness,0.2848891,0.13287386,0.015689999,0.03270118,0.5072327,0.026613152
eelanvo,surprise,surprise,0.0023904266,0.0004230837,0.0010728786,0.0049512866,0.0009616997,0.9902007
eelar1k,surprise,joy,0.37788343,0.002113392,0.0039116335,0.5777751,0.0066319415,0.031684496
eelavf3,anger,joy,0.051953666,0.0006110948,0.0015874823,0.91272527,0.023305528,0.009816915
eelcmzf,joy,joy,0.0007636982,0.00014062691,0.00026193858,0.996734,0.00034637906,0.0017533795
eelctrs,joy,joy,0.012404909,0.0007808051,0.00056110893,0.9762136,0.005260582,0.004779042
eeldik0,joy,joy,0.043415103,0.0006948755,0.0012840685,0.91704947,0.013498072,0.024058377
eeldjfn,joy,joy,0.0006804712,0.0001853518,0.00029594032,0.9978357,0.00033979103,0.00066278473
eeldzwl,joy,joy,0.00050274626,0.00019000105,0.00028238594,0.9975859,0.00024675537,0.0011921766
eeleoav,joy,joy,0.0007459654,0.00021705621,0.00031242534,0.9970727,0.0003818996,0.0012698838
eelephe,fear,anger,0.73054916,0.09767958,0.013569837,0.0111993225,0.12470368,0.022298425
eelf0kn,joy,joy,0.053867936,0.00077105203,0.0005131658,0.93986964,0.0028792552,0.0020989461
eelf2ij,anger,anger,0.49656022,0.0021011708,0.0017175445,0.05202395,0.14618972,0.30140746
eelgwd1,joy,joy,0.00075743836,0.00016923186,0.00028128125,0.9913293,0.00042392887,0.0070387744
eelhzpd,sadness,anger,0.81175596,0.0012862462,0.0012753801,0.13750164,0.016617304,0.031563416
eelih23,joy,joy,0.0014282027,0.00016254917,0.00031858927,0.9954093,0.00048859953,0.002192755
eelizd5,joy,joy,0.00047895918,0.00018453039,0.0003367987,0.99784505,0.00020572233,0.00094898924
eeljmuc,sadness,sadness,0.005170567,0.0069745197,0.004546423,0.0025619108,0.97500706,0.005739488
eeljtyr,surprise,surprise,0.0043688063,0.0007033663,0.001343281,0.010300685,0.0031049296,0.9801789
eelkryk,anger,anger,0.5722014,0.013111635,0.008175913,0.013250758,0.3845604,0.008699918
eellbrp,joy,joy,0.41341883,0.0070937895,0.0081375195,0.5141214,0.020408638,0.03681979
eellryt,joy,joy,0.00046352122,0.00016263987,0.000248624,0.9967753,0.00021366053,0.0021362803
eelmno5,joy,surprise,0.28675735,0.0073311273,0.004476638,0.034805447,0.20874014,0.4578893
eelnnyk,anger,anger,0.40557015,0.011219735,0.0046945265,0.03679135,0.21670985,0.32501435
eeloddc,joy,joy,0.0007747419,0.00022114196,0.00030475677,0.99607134,0.0002141038,0.0024139192
eelpaoa,joy,joy,0.017071461,0.0009338103,0.0011843382,0.9586908,0.005517027,0.01660256
eelpp19,joy,joy,0.0006002081,0.00016780039,0.00025150026,0.99801767,0.00022314115,0.00073968904
eelq38h,joy,surprise,0.113653556,0.0010093484,0.003440078,0.31522897,0.0072914786,0.55937654
eelqjpo,anger,anger,0.9839462,0.002008733,0.0006043422,0.00545848,0.004031158,0.003950978
eelsqcs,surprise,surprise,0.003253316,0.0004433923,0.0006831086,0.0030531604,0.00088044425,0.9916865
eeltdow,joy,joy,0.00046482962,0.00017846102,0.00034974446,0.99695045,0.0005935406,0.0014630614
eelts0x,surprise,surprise,0.00948657,0.00034656463,0.0007666405,0.0024844687,0.0021748384,0.9847409
eelvgqc,joy,joy,0.005252027,0.0006024135,0.0008152007,0.98280936,0.0005007293,0.010020272
eelwbqj,anger,anger,0.9847372,0.0020666977,0.0006896364,0.0049952357,0.003911416,0.0035997145
eelwdcx,anger,anger,0.9725965,0.001773706,0.0005265871,0.009725107,0.007867254,0.0075107636
eelwk8q,anger,sadness,0.30099377,0.011146201,0.0053487928,0.058565065,0.60327256,0.02067359
eelwnog,fear,fear,0.0053579086,0.0045933085,0.9774111,0.0049293437,0.0037441077,0.0039642737
eelwr0i,joy,joy,0.01406557,0.00066925795,0.0005102402,0.9761463,0.002011189,0.0065974
eelwuyf,anger,joy,0.0009305405,0.00018701058,0.00029004735,0.9967213,0.00025775877,0.001613284
eelyhvs,joy,joy,0.0007726316,0.00023712976,0.00066581473,0.9956073,0.0010389189,0.0016782265
eelyjn7,anger,anger,0.9714578,0.0029714857,0.00066901674,0.0042384593,0.0062334896,0.014429719
eelz2wb,anger,joy,0.11795145,0.011664078,0.011418038,0.6831766,0.1713556,0.004434214
eelzddq,joy,joy,0.0014328804,0.00019231295,0.00033373706,0.99566674,0.00026120583,0.0021131039
eelzhnk,joy,joy,0.0012430341,0.00020077422,0.0002887244,0.9964328,0.0003349439,0.001499728
eem090u,surprise,surprise,0.0071380236,0.00039052442,0.0011046192,0.0346,0.004487045,0.9522799
eem0bwk,joy,sadness,0.049010005,0.027295584,0.1643098,0.15640286,0.5496568,0.05332493
eem0tn8,joy,anger,0.7249213,0.00181774,0.0010657812,0.020156208,0.13532627,0.11671265
eem23o3,joy,joy,0.0071885,0.00030774064,0.00033370018,0.98712033,0.0004269297,0.0046228264
eem309e,sadness,anger,0.8880617,0.005192987,0.0009773491,0.009873556,0.0896265,0.0062678694
eem4cot,joy,joy,0.000822354,0.00021861367,0.00028086966,0.9975712,0.00018988884,0.00091701513
eem4xgw,joy,joy,0.30074355,0.008112082,0.0027402467,0.6481767,0.019344993,0.020882351
eem4zc2,joy,joy,0.0008244232,0.00018269298,0.00031307669,0.9976774,0.0002003681,0.0008020539
eem52g7,anger,anger,0.9622604,0.007759924,0.0010130887,0.004411052,0.017498747,0.0070567983
eem5lpz,joy,joy,0.0009578954,0.00012474506,0.00030091943,0.9958728,0.0009155949,0.001828043
eem5ojk,joy,joy,0.00044698894,0.00015782408,0.00035275618,0.9978249,0.00029540475,0.0009221249
eem5z18,surprise,surprise,0.015414254,0.00060354307,0.0023707699,0.009726808,0.0039179996,0.9679666
eem636t,joy,joy,0.0004970159,0.00016906389,0.00027019504,0.9981633,0.00019875052,0.0007017469
eem6ixj,sadness,surprise,0.05089935,0.0032604719,0.0057189562,0.012444987,0.16609676,0.7615795
eem75s7,sadness,joy,0.0012239526,0.00026831037,0.00043439222,0.99433184,0.0020205313,0.0017209185
eem7r6s,anger,sadness,0.3656742,0.03063287,0.0025881622,0.060505595,0.53289145,0.0077077085
eem96ru,joy,joy,0.0011712983,0.00024957376,0.00029474587,0.9947679,0.00026706222,0.003249414
eemadmb,joy,joy,0.0003936005,0.00019970592,0.00039963145,0.99667203,0.0002385355,0.0020964427
eemajnt,joy,joy,0.0005539111,0.00016277858,0.00025127438,0.9979119,0.00022384962,0.00089628267
eemay2p,surprise,surprise,0.0042506047,0.00045246375,0.0006783274,0.0113031985,0.00083094084,0.9824844
eemb48z,joy,joy,0.0024002264,0.0002520604,0.00042736583,0.9922246,0.0006557985,0.0040399237
eembhii,joy,joy,0.00073698966,0.0002177071,0.00033303074,0.99617046,0.0002170425,0.002324744
eembphd,joy,joy,0.012785866,0.00036352678,0.00047164925,0.9493914,0.00377205,0.033215493
eemcyc6,joy,joy,0.0008586519,0.00014990143,0.00019615226,0.99773264,0.000270773,0.00079181255
eemd0lz,joy,joy,0.00500476,0.002299632,0.0053188177,0.5784755,0.069806844,0.33909452
eemdb8a,surprise,surprise,0.031784832,0.0007737892,0.00076268864,0.0033309823,0.0037512719,0.95959646
eemdfhv,anger,anger,0.98009413,0.0019333543,0.000515644,0.0061198864,0.0071592634,0.004177778
eemec80,joy,joy,0.0008941561,0.0002578662,0.00026468336,0.9955214,0.00028520162,0.0027767126
eemeuys,joy,joy,0.0007034852,0.00016208916,0.00022809849,0.9979037,0.00019457305,0.0008080361
eemf4da,sadness,sadness,0.004390689,0.0011663747,0.0012362995,0.010086395,0.9774736,0.005646527
eemg227,joy,joy,0.0008997762,0.00015519524,0.00025219304,0.9957526,0.0003295041,0.0026106685
eemg9of,sadness,anger,0.6402277,0.014967105,0.0023103873,0.009492061,0.31094372,0.022059083
eemhb9t,joy,joy,0.00038685423,0.00015007771,0.00031972156,0.9960997,0.0005245876,0.0025190471
eemhi5g,joy,joy,0.00072486047,0.0001804816,0.0002779529,0.9971848,0.00025255047,0.0013793445
eemhiji,anger,anger,0.94339806,0.0146121,0.0012260164,0.015839858,0.015164868,0.009758952
eemj6dh,joy,joy,0.012931052,0.00044481788,0.00042553782,0.97533005,0.00087150687,0.009997065
eemjtpw,joy,joy,0.00062339864,0.00015513417,0.0002494823,0.99791545,0.00025975547,0.0007967582
eeml1yk,surprise,surprise,0.005676778,0.00058505585,0.0011918168,0.020357242,0.0015614498,0.97062767
eeml7fj,sadness,sadness,0.014255205,0.0037919523,0.0010617499,0.0054193265,0.9739334,0.001538311
eeml9um,joy,joy,0.011161751,0.00057866785,0.013541444,0.9581502,0.006086848,0.010481085
eemljqa,joy,joy,0.0010656313,0.00012597721,0.00023109696,0.99717903,0.00025387137,0.0011443867
eemmdaq,joy,joy,0.0015084904,0.00024351642,0.0002864955,0.99539065,0.00034195103,0.0022288284
eemocqe,joy,joy,0.010832133,0.0004526048,0.00041676505,0.9844365,0.00075753103,0.00310439
eemoqr6,joy,joy,0.0011698772,0.00023614708,0.00031366144,0.99647325,0.00015473278,0.0016524012
eemp2jr,anger,anger,0.857877,0.004002566,0.012263496,0.10073075,0.0072538997,0.017872266
eempfip,anger,anger,0.96557015,0.008906338,0.0008770031,0.010668955,0.010847203,0.0031302872
eempgvg,joy,joy,0.0006399366,0.00019582862,0.000274185,0.9978701,0.00016472898,0.00085527
eempxa7,surprise,surprise,0.0022793293,0.00037343262,0.0008672824,0.0056343907,0.0009897122,0.98985577
eemq31d,joy,joy,0.0006327764,0.0001892627,0.00026822803,0.99736917,0.00018058867,0.001359934
eemqjmj,sadness,sadness,0.024919864,0.0039512212,0.0012710771,0.014290007,0.95258,0.0029878905
eemr899,joy,joy,0.001181927,0.00017655393,0.00046672445,0.99319553,0.00095586065,0.004023414
eemr9hm,anger,anger,0.97430915,0.0058601242,0.001925231,0.007588162,0.0065925806,0.0037247478
eemreum,sadness,sadness,0.0030643137,0.001193181,0.0010421542,0.0035262732,0.98819995,0.002974147
eemrlq4,joy,joy,0.00051510095,0.00016294161,0.00025403168,0.9981494,0.0001948096,0.00072372064
eemrt0f,surprise,surprise,0.0045974795,0.00037978613,0.0006991994,0.0022225077,0.0012676995,0.99083346
eems57y,joy,surprise,0.09006045,0.0069225887,0.0040819463,0.07465556,0.07411789,0.7501615
eemsbb0,joy,joy,0.0006417698,0.00029709932,0.00040088006,0.9975926,0.0003063897,0.00076124544
eemsxml,sadness,joy,0.0057258047,0.0015170693,0.005360443,0.881398,0.08778831,0.018210307
eemt60b,joy,joy,0.0020193008,0.0002747762,0.0006553454,0.9677009,0.0015129333,0.027836777
eemt7ua,sadness,surprise,0.010848517,0.0024570958,0.004294919,0.08692443,0.14158963,0.7538853
eemu96i,disgust,joy,0.12749463,0.298266,0.038033854,0.50137967,0.021476816,0.013349032
eemvfch,joy,joy,0.0020772945,0.00066648395,0.00076229445,0.92715424,0.000911563,0.068428166
eemwag0,joy,joy,0.0009190494,0.000141452,0.00020195912,0.99730384,0.0002654115,0.0011681984
eemwve7,surprise,surprise,0.00407339,0.0004896699,0.00075012865,0.0065201023,0.0068050744,0.9813617
eemx04q,joy,joy,0.0037848067,0.0007899406,0.0010243987,0.98650104,0.0021812764,0.0057185763
eemxu66,joy,joy,0.046628114,0.0014302916,0.004461795,0.7985457,0.03963173,0.10930236
een0g3s,surprise,surprise,0.0028336772,0.00059356494,0.0014481193,0.0153416,0.006068158,0.9737148
een0kl9,joy,joy,0.00079980557,0.00015506326,0.00024454814,0.997783,0.00024798684,0.00076956727
een14sg,joy,joy,0.0011151396,0.00015726664,0.00031852492,0.9889563,0.0009106487,0.008542149
een1uts,joy,joy,0.0010332136,0.00021069164,0.00027584,0.9957296,0.00049410766,0.0022565222
een48ez,joy,joy,0.0008852006,0.00023516851,0.00033293117,0.983245,0.00035873763,0.014942927
een61tu,anger,anger,0.98376554,0.0026131107,0.0007439549,0.0043086074,0.005122755,0.003446005
een66z9,joy,sadness,0.040829595,0.002251358,0.0028295533,0.17388892,0.7512798,0.028920878
een6gcu,surprise,fear,0.13258539,0.03143737,0.52235395,0.020174233,0.015668219,0.27778083
een6tqj,anger,anger,0.9774774,0.0026525443,0.0005709995,0.0066143526,0.007531079,0.0051536756
een7w2f,joy,joy,0.0005956291,0.00022163783,0.00030458323,0.99761766,0.00016659743,0.0010938644
een89o8,joy,anger,0.46217677,0.0032114254,0.0014224015,0.41637808,0.068868056,0.047943283
een8dwk,joy,anger,0.5392645,0.0063237385,0.0046410807,0.4256256,0.007958477,0.016186645
een8gbg,surprise,surprise,0.008277626,0.0004130804,0.0005498391,0.004625357,0.0020415145,0.9840927
een8yx4,joy,joy,0.0005657524,0.00016244082,0.00022599631,0.99766433,0.00018820153,0.0011932908
een9623,joy,joy,0.0006897136,0.00017505707,0.00022880701,0.99763834,0.00029635,0.00097173225
eena3p8,joy,joy,0.010736833,0.00062766136,0.0004107857,0.98462903,0.00069955154,0.002896132
eena656,surprise,surprise,0.0024361503,0.0004704972,0.0011278803,0.005164135,0.0009824003,0.989819
eenarch,joy,joy,0.00067699375,0.0001529011,0.00020369877,0.9977392,0.00021783441,0.0010093519
eenbnes,joy,joy,0.00054483436,0.00019047542,0.00042756053,0.9959335,0.00026032372,0.0026433824
eendu1y,anger,anger,0.8278008,0.02466474,0.0024093043,0.07347489,0.053704,0.017946258
eenew5i,joy,joy,0.0005051261,0.00018514323,0.00028343164,0.9981673,0.00021219612,0.0006467821
eeneyfz,sadness,sadness,0.01503968,0.0022442043,0.027270613,0.08478937,0.82688224,0.043773785
eenhhg4,joy,joy,0.00074619456,0.00013655989,0.00018486845,0.9971584,0.00024257778,0.0015314255
eenhk10,joy,joy,0.0005277176,0.00016815503,0.00026705553,0.99801743,0.00020828872,0.00081138156
eenjf5o,anger,joy,0.0049777753,0.0003184787,0.00049004174,0.96668106,0.0008254661,0.026707277
eenjgyw,anger,anger,0.8129166,0.010470277,0.0021182767,0.029278262,0.108192295,0.03702436
eenjlbv,joy,joy,0.00070978526,0.00019120598,0.00026378979,0.99691415,0.00030055374,0.0016205433
eenjvjb,joy,joy,0.00092535553,0.00017911082,0.0002500238,0.99743074,0.00021867733,0.0009961013
eenle2f,joy,joy,0.0016942578,0.00031097705,0.0004435169,0.98249763,0.0007122322,0.014341389
eenlzpm,joy,joy,0.00067791896,0.0002703608,0.0003923947,0.990184,0.00031301234,0.008162372
eenmr23,anger,sadness,0.006791575,0.005164526,0.0016039088,0.002089706,0.9826257,0.0017246776
eenmu16,anger,anger,0.80805117,0.01798458,0.0029437488,0.04976653,0.092624776,0.02862917
eenmx5z,joy,joy,0.0005926079,0.00019248071,0.000276114,0.9977858,0.00015817909,0.0009948156
eennia4,joy,joy,0.008041718,0.0003218826,0.0005938438,0.9846823,0.0017594359,0.004600835
eenojku,surprise,surprise,0.010885356,0.0007405268,0.0007151655,0.010275643,0.0013211436,0.97606224
eenol0f,joy,joy,0.00096987776,0.0001615505,0.00034387133,0.99528956,0.00021936613,0.0030156965
eenomgg,joy,joy,0.00046099868,0.00019346629,0.00026575752,0.99780244,0.00025382885,0.0010234274
eenor4z,joy,joy,0.00040897017,0.0002003649,0.000310257,0.994393,0.00038938702,0.004297976
eenos5l,sadness,sadness,0.0026566137,0.0009234915,0.0012779393,0.0047184364,0.9879026,0.0025209852
eenp1pd,anger,anger,0.97152674,0.002610156,0.0007497427,0.0030943812,0.013471344,0.008547503
eenpii0,joy,joy,0.001869001,0.00022266743,0.0005314135,0.9638417,0.0015298718,0.03200544
eenppv8,joy,joy,0.0025616263,0.00020099456,0.00021467458,0.99510163,0.00044993477,0.0014710989
eenqp48,joy,joy,0.00074900663,0.0001411829,0.00022824791,0.9978416,0.00027024193,0.0007697816
eenr0w1,joy,joy,0.0034974415,0.00021031138,0.00043108774,0.98463494,0.00084485987,0.010381346
eenrppf,joy,joy,0.0033317092,0.0003063179,0.00079887727,0.98336476,0.009882874,0.0023154162
eenrwnc,joy,joy,0.00093882316,0.0001547789,0.00019890045,0.9977375,0.00023504492,0.000734871
eensidh,joy,joy,0.0004878284,0.00019048712,0.00036465543,0.99575907,0.00022291874,0.0029750334
eensmw1,joy,joy,0.0028865414,0.00015117438,0.00017524029,0.99388725,0.0007638045,0.002135985
eentzwo,fear,anger,0.881342,0.006922478,0.054361116,0.023506291,0.021471946,0.012396113
eenu05t,sadness,sadness,0.0033480115,0.0022446488,0.0032431833,0.0031508894,0.9812619,0.006751379
eenu55b,joy,joy,0.0031747227,0.00062302354,0.0007137702,0.9768619,0.017050417,0.0015762022
eenubik,surprise,surprise,0.007619125,0.00036194723,0.000866916,0.02641171,0.0013927522,0.96334755
eenuqmk,anger,joy,0.4598024,0.0013890656,0.0008249272,0.52379316,0.0053472132,0.008843254
eenuu2m,surprise,joy,0.0030664955,0.0006080715,0.0009686617,0.6931265,0.0029172406,0.29931295
eenvbjc,joy,joy,0.0035395392,0.00025632684,0.0003072612,0.9820509,0.0006138028,0.01323219
eenvfxe,surprise,surprise,0.004218908,0.00039983337,0.0013779283,0.0023066362,0.0016940098,0.99000263
eenvj8r,joy,joy,0.0027849963,0.0007965892,0.00094109424,0.96664387,0.000416789,0.028416676
eenwl50,joy,joy,0.0026203375,0.00020759414,0.0003357637,0.99471503,0.00044235174,0.0016788923
eeny43w,anger,anger,0.976665,0.009484754,0.0030188141,0.003728079,0.003580726,0.0035225453
eeny76q,surprise,surprise,0.0046441345,0.0017467593,0.0061634723,0.036719773,0.0091438275,0.941582
eeny9gj,joy,joy,0.00060665404,0.00018979557,0.00028751654,0.9974026,0.00017966022,0.0013337273
eenz3h9,surprise,surprise,0.05174049,0.0010836127,0.0011130936,0.0040447228,0.004099684,0.93791837
eeo0if0,joy,joy,0.0005277735,0.00017508055,0.00026195747,0.99799097,0.00020374842,0.00084040343
eeo0jrp,joy,joy,0.00095487444,0.00023379103,0.0003606483,0.9969388,0.0003870304,0.0011248119
eeo0zo2,joy,joy,0.0022320256,0.0003371827,0.0041342895,0.98587406,0.0011355514,0.0062869363
eeo2054,joy,joy,0.0006852117,0.00014557823,0.00028061072,0.9976205,0.00020998681,0.0010580408
eeo26n5,joy,joy,0.0013758973,0.0002319619,0.00057814847,0.99104905,0.0005384632,0.0062263696
eeo2l60,joy,joy,0.000620527,0.00019121316,0.00025965465,0.99806565,0.00017065322,0.0006923114
eeo2nvr,fear,sadness,0.10041876,0.03901847,0.037375327,0.0017489875,0.81067884,0.010759561
eeo2s9h,joy,joy,0.0008352819,0.00030962602,0.000465557,0.9941744,0.00018405437,0.0040311455
eeo3gca,joy,joy,0.00048321884,0.00015644239,0.0004029463,0.997834,0.0002793841,0.00084394263
eeo3o4x,joy,joy,0.0006076508,0.00016283638,0.00026622356,0.9980615,0.00027767612,0.00062408886
eeo41xs,anger,anger,0.75628555,0.01611662,0.0027007302,0.18012632,0.013180535,0.031590197
eeo42tb,fear,fear,0.035358466,0.008506041,0.9211405,0.019094238,0.008628262,0.0072724954
eeo4djd,sadness,sadness,0.0037100366,0.0014416715,0.0015491855,0.008964507,0.98138386,0.0029508187
eeo4i7n,joy,joy,0.00069980574,0.0001595063,0.00022692933,0.9977986,0.00019874236,0.00091634906
eeo4ndj,sadness,sadness,0.062275093,0.0030779317,0.0028061927,0.030488921,0.8798132,0.021538612
eeo4op1,surprise,surprise,0.0032508466,0.00037328122,0.00074376864,0.003919566,0.0009492273,0.99076325
eeo5ktm,joy,joy,0.002494945,0.00023666162,0.00022522749,0.9873018,0.0009925768,0.008748777
eeo5mnd,joy,joy,0.00065808254,0.00012255501,0.0003470884,0.9944022,0.0004712346,0.003998748
eeo6158,joy,joy,0.000651041,0.00014009698,0.00033181184,0.9959949,0.00040115954,0.0024809586
eeo6ius,anger,anger,0.5944818,0.0037543355,0.002100122,0.13745125,0.007502523,0.25470996
eeo7498,anger,joy,0.45573968,0.0021353508,0.0020236464,0.49317124,0.023725925,0.023204112
eeo8c5x,joy,joy,0.0026988527,0.00029364467,0.0005003684,0.99517125,0.00035236886,0.000983548
eeo8ikj,anger,anger,0.9608293,0.0028352507,0.0008734445,0.007388125,0.011916907,0.016156876
eeo9qae,joy,joy,0.0126734,0.00037155935,0.00040948432,0.9684132,0.002604006,0.015528368
eeobpj2,anger,surprise,0.007007981,0.0005852674,0.0013886652,0.008311647,0.0010090227,0.9816975
eeodtym,anger,surprise,0.13035516,0.006563102,0.0051443265,0.30720755,0.136539,0.4141909
eeoey8k,joy,joy,0.12630561,0.003291827,0.0039219023,0.4666073,0.3182233,0.08165009
eeog7ji,joy,joy,0.00057762576,0.00017941637,0.00029798152,0.99817216,0.00021215687,0.0005606208
eeogs46,anger,anger,0.6755046,0.0047460804,0.0020036034,0.031208046,0.08982362,0.19671412
eeohv3v,anger,sadness,0.16687596,0.034702037,0.006456789,0.010693916,0.77524936,0.006021969
eeoi2ei,joy,joy,0.00086018926,0.00024405755,0.00027743969,0.99420905,0.00021992711,0.004189412
eeoieth,surprise,surprise,0.004167813,0.00042454808,0.0006595388,0.0023004122,0.0010285933,0.9914192
eeoipmw,joy,joy,0.0013210695,0.00020092237,0.00024927786,0.9971187,0.00022039538,0.0008896413
eeoj2xn,surprise,anger,0.91339356,0.008753187,0.0013511502,0.011733513,0.043619577,0.021149065
eeok9b7,anger,anger,0.8737472,0.0018020539,0.0010419884,0.01580594,0.015435488,0.09216722
eeokhn8,joy,joy,0.0007181713,0.00019621823,0.00023410098,0.9975477,0.000198966,0.0011048898
eeokhqf,anger,anger,0.7941233,0.002887744,0.0020412537,0.12605476,0.054753575,0.020139355
eeom089,joy,anger,0.9654139,0.0013478617,0.00073239283,0.020148182,0.004165245,0.008192388
eeomopr,surprise,joy,0.17920993,0.0009692006,0.0020445888,0.41763785,0.029207641,0.3709308
eeon5ww,joy,joy,0.003243058,0.00034523534,0.00039216084,0.9909382,0.0007538412,0.004327493
eeoocug,joy,joy,0.15461016,0.0008452393,0.0007164008,0.81616396,0.013477304,0.0141868945
eeoogwg,disgust,anger,0.93264705,0.044981685,0.0014442261,0.008483575,0.009371652,0.0030719202
eeoojli,anger,anger,0.54211503,0.020040097,0.057052813,0.18981983,0.17849419,0.01247804
eeop7db,joy,joy,0.010169405,0.00031514463,0.00032907873,0.9860366,0.0012934959,0.0018562414
eeopmxd,surprise,surprise,0.0060354797,0.00045442334,0.0010673553,0.0024770056,0.0024208627,0.98754483
eeopv2i,joy,joy,0.0007514376,0.00021347578,0.00029110722,0.99778336,0.00021722107,0.0007434183
eeoqbcy,anger,anger,0.6346007,0.014045335,0.0073308633,0.0672791,0.26444638,0.012297565
eeorjoq,joy,joy,0.0019273005,0.00027365724,0.0003497208,0.9890682,0.0010314408,0.0073496536
eeosooe,joy,joy,0.00058012904,0.00018690345,0.0002942676,0.9965048,0.00023391332,0.002199939
eeosphh,anger,anger,0.98575056,0.0018722257,0.0007371684,0.0042406023,0.003416633,0.003982862
eeosyfr,joy,joy,0.00037248904,0.00016731278,0.00027215882,0.9979221,0.00025554452,0.0010104409
eeou68l,joy,joy,0.0004919007,0.0001892468,0.0003770084,0.9976173,0.00028478994,0.0010396788
eeovi8o,joy,joy,0.00056473736,0.00017076812,0.00035489013,0.99769896,0.0002412292,0.00096948683
eeovxiz,joy,joy,0.00047592926,0.00015979998,0.00029473088,0.9978604,0.0002470901,0.0009621125
eeowg61,joy,joy,0.0011314228,0.00016558901,0.00023457033,0.9969392,0.00039956893,0.0011296903
eeox4xv,anger,anger,0.8596128,0.005229511,0.0013999362,0.0073762136,0.012896872,0.11348473
eeoy0zk,joy,joy,0.0009884902,0.00012363159,0.00027212946,0.9958835,0.00043860098,0.0022936424
eep0p61,anger,anger,0.9657728,0.011975672,0.0013483294,0.0061302753,0.011234005,0.003539023
eep1pxj,joy,joy,0.12046215,0.0026339656,0.0015245692,0.53949326,0.031970978,0.30391502
eep2581,joy,joy,0.0006797417,0.0001640665,0.00023782846,0.9977859,0.00021813963,0.0009142852
eep2csd,sadness,anger,0.63890415,0.043681774,0.0032328195,0.057840873,0.24500695,0.011333505
eep3xik,joy,joy,0.00061255245,0.00013085526,0.00030294785,0.99778974,0.0002711539,0.00089277537
eep4519,surprise,surprise,0.0065401495,0.00050371076,0.000947185,0.0027350336,0.0010511072,0.9882228
eep49hp,sadness,joy,0.072509535,0.00078228075,0.00069014507,0.91436136,0.006931374,0.0047253305
eep4txk,anger,anger,0.49740335,0.0019350387,0.0016032971,0.41761637,0.015263978,0.06617801
eep5563,anger,anger,0.98463285,0.0023871171,0.00058487384,0.0042852275,0.0043364996,0.003773468
eep5q1v,joy,joy,0.00044243498,0.00015119303,0.0002443801,0.9981287,0.0002278555,0.0008054924
eep620c,joy,joy,0.00050754927,0.00025114446,0.00029669277,0.9974624,0.00022136887,0.0012609075
eep65rk,sadness,anger,0.49278072,0.00323859,0.0030205783,0.43457523,0.028996827,0.03738809
eep6vxo,surprise,surprise,0.014731113,0.001348007,0.0022190812,0.0067271087,0.02016359,0.95481104
eep7ywn,surprise,surprise,0.0029257657,0.000531279,0.0010343555,0.003242511,0.0011150932,0.99115103
eep80n0,joy,joy,0.0032455372,0.0010355351,0.0014482834,0.5159414,0.0010533315,0.47727597
eep8oy7,joy,joy,0.0007790237,0.0001282042,0.0003064293,0.9966869,0.00023347553,0.0018659357
eep8u1j,joy,joy,0.0010039707,0.00014422469,0.00033733938,0.9925833,0.0014657883,0.0044653276
eep96d6,joy,joy,0.00058866566,0.00015317413,0.0002551655,0.9974355,0.00022782975,0.0013396391
eep96in,joy,joy,0.0011453219,0.00012463845,0.00018351285,0.99659914,0.00041516367,0.0015322029
eepamw4,joy,anger,0.52619433,0.0032695774,0.0013584713,0.44879696,0.008675605,0.011705052
eepazfz,surprise,sadness,0.007856812,0.0017390053,0.0042108144,0.0073713274,0.87727433,0.101547666
eepbfcd,joy,joy,0.00047274958,0.00014657556,0.00024934293,0.9979013,0.00023394848,0.0009959798
eepcbjy,anger,anger,0.97046405,0.004724948,0.0011411422,0.008587366,0.009697392,0.0053850636
eepceqz,joy,joy,0.0017896886,0.00019323752,0.00043786698,0.9958121,0.00060308434,0.0011640019
eepcznz,joy,anger,0.7527513,0.007124235,0.0019708998,0.13269684,0.09063312,0.014823527
eepdcjf,surprise,surprise,0.009447194,0.0004320038,0.0006128894,0.003875823,0.0012748148,0.98435736
eepdi5g,surprise,surprise,0.01448359,0.000893825,0.0014079271,0.1410078,0.0042609507,0.8379458
eepedeh,sadness,anger,0.6651526,0.18296494,0.006324809,0.016548669,0.124520786,0.0044881534
eepefiy,sadness,anger,0.56198287,0.030178444,0.03854828,0.014107494,0.34421188,0.010970964
eepekg2,sadness,sadness,0.005590275,0.0016836649,0.0020684097,0.097630344,0.87235504,0.020672262
eepepim,joy,joy,0.004867337,0.00038068907,0.00049138535,0.9851312,0.00047847384,0.008650873
eepey1y,anger,disgust,0.3224088,0.3717632,0.16452931,0.012837804,0.12013433,0.008326566
eepeyqz,anger,anger,0.634012,0.017693425,0.0036657646,0.23096973,0.04600772,0.06765137
eepgd5q,joy,joy,0.12520967,0.0045946143,0.0025110322,0.41313708,0.11395185,0.34059572
eeph9pe,joy,joy,0.0012384189,0.00031502917,0.0006288868,0.96735114,0.0007836079,0.029682886
eepjy4j,joy,joy,0.00055464817,0.00022966735,0.00031176934,0.99782324,0.0001662459,0.0009143865
eepka5p,joy,joy,0.001295318,0.00016144586,0.00024437817,0.9963558,0.0006061375,0.0013369821
eepke7q,anger,sadness,0.03536636,0.0030192765,0.00118251,0.006358224,0.9480542,0.0060194214
eepkg1u,joy,joy,0.003727057,0.0006447067,0.0014638997,0.94225913,0.048956677,0.0029485386
eepksyw,joy,joy,0.0005098131,0.00014134751,0.00027513347,0.99722606,0.00023467654,0.00161295
eeplk7f,joy,joy,0.0005062516,0.00013712223,0.00028143817,0.9972651,0.0004065443,0.0014035607
eeplpz3,surprise,surprise,0.013834056,0.00037606314,0.00080286193,0.00910705,0.0010782006,0.9748018
eepmbkz,sadness,sadness,0.13574497,0.004426723,0.003309921,0.017212477,0.78754056,0.051765386
eepoak4,anger,joy,0.25981587,0.0019830784,0.0019002127,0.6606077,0.02982608,0.045866992
eepozjn,joy,joy,0.0008789107,0.00024127567,0.00030788197,0.9871941,0.00038435508,0.010993387
eepp6hl,joy,joy,0.0005200265,0.0001987422,0.00032198252,0.99634117,0.00021516801,0.0024029103
eeppbtl,sadness,joy,0.0016065513,0.000282031,0.0003135847,0.99505204,0.0003181404,0.0024276795
eepptov,joy,joy,0.0008171959,0.00013448096,0.00027288927,0.9974867,0.00025700935,0.0010316571
eepqeks,sadness,sadness,0.004740763,0.001039534,0.0011836183,0.013909541,0.97331864,0.005807859
eepqeni,disgust,joy,0.00060466427,0.00019390688,0.0002620667,0.9977247,0.00024769915,0.00096698676
eepqzte,joy,joy,0.0010708865,0.00014196799,0.00019745166,0.99736196,0.00029603744,0.00093163684
eeprh4z,sadness,sadness,0.0037117635,0.0011032679,0.0015436617,0.007458149,0.98373574,0.0024475057
eeprso4,joy,joy,0.0005611134,0.00016537508,0.00021564617,0.9976948,0.00042474043,0.0009383024
eepsf4w,joy,joy,0.00044664615,0.0001990732,0.00031715358,0.9973659,0.0002559688,0.0014153374
eepsicu,joy,joy,0.0004361919,0.00015848073,0.0004120957,0.9976495,0.00034415344,0.0009996336
eept4ci,joy,joy,0.0006052614,0.00014012291,0.00021195268,0.99772614,0.00023035481,0.0010861113
eepty8y,sadness,anger,0.93568283,0.0022916754,0.0011876511,0.019072883,0.014144181,0.027620709
eepuojs,joy,joy,0.001154744,0.00023845356,0.0002488164,0.9975419,0.00020780764,0.0006084023
eepuumw,joy,joy,0.0010624143,0.00015251261,0.00023233227,0.9968454,0.0002253326,0.0014818707
eepv56d,surprise,surprise,0.01478294,0.0009611228,0.0014363993,0.2759364,0.004583529,0.7022996
eepvn9o,joy,joy,0.0003924251,0.00014410558,0.00030462467,0.99795604,0.00025405805,0.00094871793
eepvz3c,anger,anger,0.35053056,0.007598198,0.0027477324,0.15459852,0.23597488,0.24855009
eepw0xx,sadness,sadness,0.006095021,0.0010554573,0.0011600966,0.0060298345,0.9799716,0.005687947
eepx74n,joy,joy,0.0008519332,0.000117320764,0.00020332215,0.99592495,0.00028209112,0.0026204677
eepxomb,surprise,surprise,0.06461802,0.024063354,0.16191044,0.09978534,0.0347913,0.6148316
eepy4z1,joy,joy,0.00066509587,0.00016716035,0.00029809875,0.99671626,0.00029599565,0.001857348
eepybzo,joy,joy,0.0005843829,0.00017681764,0.0002588689,0.99789536,0.00019507977,0.0008893953
eepykdr,joy,surprise,0.008609035,0.00059353665,0.00084464665,0.23440956,0.0020563207,0.75348693
eepyqui,joy,joy,0.0007051143,0.00017621485,0.00026823624,0.9953435,0.00023824185,0.0032686575
eepz72p,anger,anger,0.97128516,0.0058567217,0.0010250644,0.007339959,0.011670031,0.002823171
eeq0bok,joy,joy,0.00056251587,0.00016969968,0.00025008456,0.9973953,0.00020195992,0.0014204215
eeq16cj,joy,joy,0.00051972206,0.00019185501,0.00026421127,0.99779797,0.00018601041,0.0010403172
eeq19m8,joy,joy,0.00082558935,0.00017937388,0.00023388071,0.9978217,0.00019098712,0.0007486018
eeq1p6h,joy,joy,0.0013688939,0.00014465647,0.00034213733,0.9909552,0.00044975764,0.006739487
eeq223t,surprise,anger,0.54549974,0.024915703,0.007820632,0.016543856,0.045682993,0.3595371
eeq28ec,joy,joy,0.0018483241,0.0013440851,0.0013054556,0.9798344,0.00084562873,0.014822102
eeq2rcw,anger,anger,0.9618267,0.0017685444,0.0012835746,0.017897293,0.008327004,0.008896868
eeq3env,anger,anger,0.83932763,0.003176486,0.00124059,0.019879501,0.09095777,0.045417953
eeq5ijw,joy,joy,0.0015502599,0.00040177527,0.00044314843,0.9696313,0.00033504877,0.027638542
eeq66ye,anger,joy,0.0058541805,0.00029428388,0.00042426333,0.9908133,0.0007107795,0.0019031723
eeq68jf,disgust,anger,0.58116883,0.24035683,0.019887617,0.014369704,0.047772437,0.09644459
eeq6wgw,joy,joy,0.000559689,0.0001787903,0.00026370553,0.9981376,0.0001902115,0.0006699318
eeq77da,anger,anger,0.9754564,0.0013804877,0.00042552032,0.011691257,0.006962273,0.0040841396
eeq7e8x,anger,joy,0.004668715,0.0002723827,0.00034463967,0.97929186,0.0008956357,0.014526876
eeq7k9b,joy,joy,0.00062975835,0.00013896385,0.00025966126,0.9977418,0.00028698109,0.00094276096
eeq7l3q,joy,sadness,0.02682856,0.0017101085,0.0030168474,0.2648116,0.6655348,0.038098037
eeq7v23,joy,joy,0.0014260157,0.0001775396,0.0003496924,0.99565434,0.0014693593,0.00092311663
eeq8gpn,surprise,anger,0.765911,0.003107211,0.0026929074,0.16926199,0.015503712,0.043523107
eeq8ko1,joy,joy,0.0025760585,0.0002678544,0.00038383598,0.976947,0.0010105154,0.018814828
eeq93ve,surprise,surprise,0.0044132397,0.0003651365,0.0006416937,0.010466431,0.004963588,0.97915
eeqadix,surprise,surprise,0.0039674994,0.00046283533,0.00074535515,0.0063442583,0.00124856,0.98723143
eeqbuco,anger,joy,0.19485116,0.0058053927,0.0030248836,0.46783078,0.024735427,0.3037523
eeqbw8p,sadness,surprise,0.006728977,0.0012891523,0.0050982586,0.017114412,0.16663352,0.8031357
eeqd4e1,surprise,surprise,0.0050098062,0.00088607986,0.0010618735,0.023775104,0.0012785628,0.96798867
eeqe6t1,joy,joy,0.0006395363,0.0001938423,0.00025392813,0.9979528,0.00016891304,0.0007909853
eeqeinm,joy,joy,0.0011284142,0.00015745033,0.0008421964,0.99354506,0.00054978364,0.0037770763
eeqfc01,joy,joy,0.0061683273,0.0002718444,0.00034618258,0.9526307,0.0015955699,0.038987312
eeqfoxc,joy,joy,0.00072605134,0.00015923781,0.00025703787,0.9969469,0.0002309429,0.0016798788
eeqgtew,anger,joy,0.1155989,0.0028995383,0.0139801,0.78838676,0.033513058,0.04562166
eeqgxa2,surprise,surprise,0.0042814924,0.0004266448,0.00069527706,0.0031277353,0.00188457,0.98958415
eeqigk9,anger,anger,0.9104945,0.0031386663,0.0011218081,0.0034395275,0.0060872147,0.07571837
eeqinhr,anger,anger,0.9783035,0.003046742,0.0005403599,0.0074789585,0.0043683597,0.0062621837
eeqjn01,surprise,joy,0.008786623,0.0009845597,0.0011370246,0.89572245,0.0036408373,0.089728534
eeqkkl9,joy,joy,0.0013941167,0.00024641765,0.0003216971,0.9833868,0.0004870065,0.014163902
eeqlnwy,sadness,anger,0.73549354,0.017397137,0.0018581445,0.040304754,0.18862627,0.016320145
eeqm6f7,joy,joy,0.00054296013,0.00019190386,0.00028614895,0.99790925,0.00017236997,0.00089729595
eeqm77h,anger,anger,0.8102738,0.0020065976,0.001729147,0.15498401,0.01168517,0.019321255
eeqmfii,joy,joy,0.0014868783,0.00055694534,0.00063983083,0.97630274,0.0006885508,0.020325126
eeqn68w,anger,joy,0.01431589,0.0014731435,0.0030141992,0.92450875,0.049147557,0.0075404122
eeqn6py,joy,joy,0.0006506786,0.00016295776,0.000220828,0.9980446,0.00021052251,0.000710311
eeqng0m,joy,joy,0.0009736854,0.00013719856,0.00023817773,0.997021,0.00022384437,0.0014060618
eeqnh91,anger,anger,0.33622384,0.002315231,0.001837741,0.2708767,0.32129374,0.06745271
eeqokox,sadness,sadness,0.0024292017,0.0010244315,0.002261754,0.004633516,0.9865698,0.0030812833
eeqonjr,joy,joy,0.0029884195,0.0002590033,0.0007309967,0.9930407,0.0007302219,0.0022506344
eeqqhxu,joy,joy,0.00071986095,0.00020064026,0.0003179185,0.9951415,0.00044615904,0.0031739073
eeqqlk7,anger,disgust,0.38995063,0.5069157,0.021253541,0.03044766,0.038852144,0.01258031
eeqqrvv,joy,joy,0.0034906103,0.00054635067,0.0015082089,0.8874861,0.0013583301,0.10561048
eeqr8n9,joy,joy,0.00072239136,0.00017318082,0.0002607872,0.9980683,0.00022722977,0.0005481303
eeqrd8s,joy,joy,0.0006482917,0.00014545766,0.00023984541,0.9979442,0.000256298,0.0007659369
eeqrehq,joy,joy,0.33281332,0.0015287308,0.0019685035,0.5202351,0.0089279,0.13452642
eeqrsyn,anger,anger,0.75637305,0.023494683,0.0020243858,0.038889974,0.15788297,0.021334918
eeqsb8k,sadness,sadness,0.056636848,0.0028442044,0.0013272406,0.005884587,0.9168596,0.01644749
eeqstqg,joy,joy,0.0028430158,0.00054766604,0.0007240065,0.96702874,0.0019710534,0.026885448
eeqtjux,surprise,surprise,0.011854087,0.00063853967,0.0010737997,0.002426682,0.001978247,0.9820287
eeqtllf,joy,joy,0.00050799944,0.00015200877,0.00023833058,0.99794346,0.00019072737,0.0009674345
eeqtpnd,anger,anger,0.4773368,0.015091385,0.014160148,0.22239585,0.026264807,0.24475096
eeqtx3w,joy,joy,0.0013000382,0.00016316911,0.0006676587,0.9914374,0.0013743087,0.00505748
eeqvjpi,disgust,disgust,0.08696652,0.8227761,0.059742678,0.009682105,0.012305695,0.008526862
eeqvnsd,joy,joy,0.010781991,0.0004605089,0.00071645196,0.9702599,0.0047751986,0.013005849
eeqwvjl,joy,joy,0.14394586,0.0038861956,0.0010986426,0.82347065,0.0070675383,0.020531185
eeqxak2,joy,joy,0.00059570424,0.00017417232,0.0004398958,0.9970763,0.00069378526,0.0010201129
eeqxd2a,joy,joy,0.0007650086,0.00019440922,0.00028518832,0.99592507,0.00030978044,0.0025205652
eeqy41p,anger,anger,0.9731784,0.0020329894,0.00083816325,0.007471415,0.0059089214,0.010570109
eeqyfk0,joy,joy,0.0006398941,0.0002189545,0.0003318779,0.9978429,0.00025381855,0.0007125809
eeqyo0f,joy,joy,0.00044253163,0.0002467291,0.0004875249,0.99523443,0.00034082844,0.0032479193
eeqz14h,joy,joy,0.0018239339,0.00043935224,0.0008337417,0.9366803,0.0004838298,0.059738923
eeqzpcx,joy,joy,0.099514015,0.001992341,0.0026886899,0.761506,0.040796652,0.09350225
eeqzxzj,surprise,surprise,0.027348785,0.0038080944,0.0042772037,0.03686135,0.041356422,0.88634807
eer058b,joy,joy,0.23536822,0.0041927663,0.0025970787,0.5075817,0.036498915,0.2137613
eer0ftl,anger,anger,0.73059213,0.0033533392,0.003135499,0.24649763,0.005908632,0.010512708
eer0jib,joy,joy,0.0005009733,0.00018868771,0.0002700294,0.99791294,0.00017629545,0.000951024
eer0lzc,joy,joy,0.0006209545,0.00020755696,0.0002830908,0.9979381,0.00019145677,0.0007587591
eer13lz,joy,joy,0.0030608636,0.00019386169,0.00020304405,0.9895691,0.0005649862,0.0064081037
eer1jkc,anger,anger,0.48710695,0.4048912,0.030538486,0.016357418,0.040251605,0.020854339
eer1wu2,surprise,surprise,0.005632596,0.0006694166,0.0013636597,0.37610877,0.0021931217,0.61403245
eer260v,joy,joy,0.00095420465,0.0001963679,0.00029569087,0.9964737,0.001117576,0.0009624185
eer2k26,joy,joy,0.07155615,0.0008075029,0.0011056314,0.9055475,0.0043884544,0.016594777
eer2rzp,anger,anger,0.9784073,0.0029662177,0.00059523154,0.0078621125,0.006183774,0.0039854236
eer2zmm,anger,anger,0.69529617,0.008199227,0.005437332,0.06181772,0.1729739,0.056275662
eer38ic,joy,joy,0.00073090964,0.00020173345,0.0002498761,0.9978744,0.00025024073,0.000692774
eer3q1h,joy,anger,0.8208449,0.005767552,0.002677121,0.103007175,0.0072041308,0.06049911
eer3v3u,joy,joy,0.00063682965,0.00012189343,0.00022663841,0.99701935,0.0003995975,0.0015957069
eer4bwz,joy,joy,0.00083332567,0.00020954228,0.00044805685,0.98705715,0.0004996669,0.010952256
eer4rtc,joy,joy,0.00077557313,0.00015889046,0.00021288026,0.99779546,0.00021633926,0.0008408235
eer50di,fear,sadness,0.13152456,0.003609263,0.032217037,0.02471367,0.40595677,0.40197876
eer59d1,anger,anger,0.97904944,0.0024145625,0.00055460125,0.0039935443,0.005856938,0.008130949
eer5b28,joy,joy,0.021130368,0.0012726983,0.010293447,0.87453884,0.057772927,0.034991756
eer5h6p,joy,joy,0.00047550933,0.00019727554,0.00033595215,0.9962966,0.00033876856,0.0023558296
eer5jmk,surprise,anger,0.84248465,0.0031019463,0.0012836405,0.008436633,0.010657131,0.13403605
eer85ad,surprise,surprise,0.0070478944,0.00041187095,0.00068537524,0.003298701,0.0011088708,0.9874473
eer8clx,joy,joy,0.0006404581,0.0002086179,0.00028678807,0.99736744,0.00018553657,0.0013112515
eer8peo,sadness,anger,0.38902995,0.0036195258,0.005547532,0.03889795,0.36040235,0.20250271
eer9elt,joy,joy,0.0006401645,0.00020754141,0.00034490786,0.99328506,0.0006486721,0.004873727
eer9qea,joy,joy,0.0017640566,0.00019528095,0.00040250932,0.99440116,0.0007992737,0.002437726
eer9s5f,disgust,anger,0.8421865,0.120776735,0.003385214,0.006846996,0.023861926,0.0029426946
eer9sex,joy,joy,0.0016240885,0.00024841135,0.0006374395,0.99339867,0.0015347897,0.0025566209
eeraamn,sadness,sadness,0.0030847145,0.0019077882,0.0037956175,0.0041745002,0.98347604,0.003561374
eerag06,surprise,disgust,0.10609284,0.797404,0.050687805,0.0149626285,0.02170859,0.009144166
eeranj8,joy,anger,0.6434447,0.013428273,0.0110797705,0.2855417,0.031155625,0.015349919
eeraozn,surprise,joy,0.1489113,0.0032320218,0.1889864,0.34222686,0.029800989,0.28684238
eerauwd,anger,anger,0.9689488,0.0064259716,0.0021293159,0.0057518543,0.011776096,0.0049679815
eerb1cy,joy,joy,0.0016928451,0.0001757458,0.00020135813,0.9955829,0.00038054225,0.0019666357
eerb4nn,joy,joy,0.0009883628,0.00014747349,0.00022737883,0.9973124,0.0002649313,0.0010594417
eerbne0,joy,joy,0.0013691913,0.00015908113,0.00021089464,0.99599826,0.00041404492,0.0018485563
eercojg,joy,joy,0.0008528897,0.00017455389,0.00023183634,0.99769694,0.00018520393,0.00085845863
eerd8gq,sadness,sadness,0.01839815,0.0017626256,0.00068834715,0.0067547406,0.9664755,0.0059206076
eerdafa,joy,joy,0.00075429364,0.00017538067,0.00024757395,0.99784636,0.00018620616,0.00079020235
eerekx1,fear,joy,0.0017077933,0.0002192022,0.0003844201,0.980276,0.0016969962,0.015715595
eerf666,joy,joy,0.0016740081,0.00028545278,0.00031979685,0.9930607,0.0010362208,0.003623823
eerfv88,joy,joy,0.0013530849,0.00021291542,0.00028700702,0.9972287,0.00023391322,0.000684362
eerhagv,joy,joy,0.0010882667,0.00019566155,0.00022411365,0.99600947,0.00022956273,0.002252856
eerj952,anger,anger,0.9677187,0.0023509846,0.00051618874,0.006727781,0.0150951035,0.00759113
eerk9lf,anger,fear,0.07802168,0.008680428,0.83952576,0.023372427,0.036066487,0.014333194
eerlb2a,surprise,joy,0.015174727,0.00077087944,0.00095219415,0.7998686,0.004548443,0.17868519
eerlkg6,joy,surprise,0.034892105,0.00087340083,0.0011578336,0.43547162,0.0056022424,0.52200276
eerlv66,anger,anger,0.9056472,0.0025167663,0.0010669773,0.06677429,0.007090111,0.016904648
eermhni,joy,joy,0.0006480982,0.00014124,0.00026549568,0.99627566,0.00044445664,0.0022250358
eern7al,surprise,surprise,0.1028929,0.0012602599,0.0011580962,0.0029997537,0.0038367687,0.8878523
eernlwq,anger,anger,0.5118501,0.002845098,0.002541014,0.01016318,0.052057512,0.42054313
eero5s3,joy,joy,0.42300615,0.0049096136,0.0023857194,0.44836625,0.009176123,0.11215623
eerobn1,anger,anger,0.8814376,0.0025452524,0.0012061008,0.009395757,0.045211423,0.060203943
eerp62g,anger,anger,0.9169835,0.02018259,0.0012345228,0.014316769,0.04343875,0.0038438553
eerpnal,joy,joy,0.021131381,0.0007754331,0.00044586614,0.9699439,0.0012117351,0.0064917337
eerpr4t,joy,joy,0.0004921765,0.0001946248,0.00039255377,0.99586236,0.0002342486,0.002823921
eers3al,joy,joy,0.27795696,0.0015318447,0.0016905551,0.62924886,0.01741772,0.07215409
eersey4,joy,joy,0.016733617,0.0013096305,0.0020148137,0.8611712,0.023792958,0.09497781
eersflu,surprise,surprise,0.004391877,0.000366399,0.00057451887,0.0042798063,0.0016290684,0.9887582
eersnxa,anger,anger,0.7834658,0.08590141,0.01895377,0.011144951,0.094298474,0.0062355814
eersrrt,anger,anger,0.9799667,0.002005091,0.0005744421,0.008809227,0.0032022323,0.0054424503
eert5ys,anger,joy,0.0007989118,0.00014429394,0.00023673988,0.99746776,0.00020276819,0.0011495139
eertfgi,sadness,sadness,0.07854695,0.01894657,0.0025142308,0.017303372,0.8801905,0.002498423
eeru3i3,joy,joy,0.0059868447,0.00028130875,0.0003325208,0.99172795,0.0007261859,0.0009452778
eervc0l,joy,joy,0.0005440643,0.00015813737,0.00029282688,0.9978091,0.00033074623,0.0008651362
eerx2g9,joy,joy,0.0015234579,0.00012581817,0.00036770053,0.9955012,0.00097262685,0.0015091667
eerx6td,joy,joy,0.0023366685,0.00020406439,0.00021481159,0.99577373,0.00044021782,0.0010304911
eerx8x6,joy,joy,0.0007705818,0.00014573998,0.00039072757,0.9966633,0.00042260013,0.0016070938
eerys6q,surprise,surprise,0.13099726,0.0008799591,0.0011373739,0.006837073,0.0077538057,0.8523945
eerzfe2,joy,joy,0.00052819203,0.00016831391,0.000247809,0.99800724,0.00024658546,0.0008018934
eerzr08,anger,anger,0.86903995,0.004890448,0.0010700674,0.10765365,0.011426818,0.0059191217
eerzr55,joy,surprise,0.27667755,0.0055314973,0.0042310506,0.11292218,0.01107899,0.5895587
eerzs9g,anger,fear,0.18289381,0.07099776,0.39774442,0.015295811,0.03240358,0.3006647
ees0v2c,surprise,surprise,0.0029033767,0.00075450016,0.0012779458,0.019464687,0.0026555087,0.9729441
ees1loa,anger,anger,0.96919996,0.008780693,0.00064342614,0.0063766316,0.01182077,0.0031785525
ees3l2l,joy,joy,0.00096147734,0.00037370506,0.00049167604,0.97771627,0.00046579418,0.019991094
ees3q3j,sadness,sadness,0.024729727,0.0078012827,0.014572997,0.23975353,0.7000277,0.013114696
ees65vo,anger,disgust,0.2693843,0.69047487,0.014299481,0.0055798176,0.016017282,0.004244278
ees6s9p,surprise,surprise,0.008164398,0.00044200104,0.0015481199,0.0026556698,0.0046268688,0.9825629
ees7hn3,joy,joy,0.0006425963,0.00017272464,0.0002922434,0.9977335,0.00017394207,0.0009849868
ees7vn9,joy,joy,0.038532242,0.0005035792,0.0004534496,0.9240461,0.008366747,0.02809797
ees7vpo,sadness,joy,0.004430415,0.00043445613,0.003054633,0.97615606,0.0066233957,0.009301076
ees8gjp,joy,surprise,0.06093147,0.0013748287,0.0031870785,0.33647022,0.04768571,0.5503507
ees906a,joy,joy,0.0005533356,0.00019723515,0.00026820062,0.9976611,0.00017735806,0.0011427946
ees9dg2,joy,joy,0.0070732622,0.0002911965,0.0004521147,0.99005497,0.0005811389,0.0015473763
ees9uev,sadness,joy,0.0012109092,0.00020907834,0.0002538258,0.9947131,0.0006024107,0.0030106
eesabaf,anger,sadness,0.14422831,0.013915925,0.009388351,0.028176714,0.7930197,0.011270926
eesabon,joy,joy,0.018443594,0.0009724864,0.00050183997,0.97669923,0.0024858024,0.0008970567
eesbmy9,joy,joy,0.0008133093,0.00018038068,0.00023489239,0.99596965,0.00021671291,0.0025850993
eesbov7,joy,joy,0.00165262,0.00015944336,0.00024602262,0.9967468,0.0003754178,0.000819717
eesbzxy,joy,joy,0.07490745,0.0007668131,0.0006660561,0.91674435,0.0022694066,0.0046459357
eescm61,joy,joy,0.0008198322,0.0002017974,0.00026880685,0.99772245,0.0002141785,0.00077286654
eescux3,sadness,anger,0.7664832,0.14862758,0.0075484174,0.023928557,0.04450327,0.008909032
eesdilk,joy,joy,0.0070854845,0.0012308711,0.0021707993,0.9248691,0.004240115,0.060403638
eese41b,joy,joy,0.008129006,0.00047410827,0.0012892627,0.9687913,0.002552353,0.018763945
eeseq5b,joy,surprise,0.02260024,0.0011892739,0.0026827783,0.14292236,0.011227309,0.81937796
eesfeon,joy,joy,0.000912638,0.00019554459,0.00026620782,0.994989,0.00021699276,0.0034195702
eesg54n,joy,joy,0.0005292057,0.00013827079,0.0002188084,0.9971781,0.0003642674,0.0015713484
eesgbva,sadness,sadness,0.003868923,0.001505165,0.0017399181,0.014751455,0.971884,0.006250461
eesh7my,joy,joy,0.0008146249,0.00016421934,0.00023497215,0.997733,0.00021307105,0.00084004964
eesirne,anger,anger,0.7304957,0.0138221085,0.021675192,0.0709156,0.12869294,0.034398504
eesit6h,surprise,anger,0.49506313,0.37927622,0.019124186,0.025650077,0.03888906,0.041997362
eesiyru,joy,joy,0.0005886777,0.00016706424,0.00027198214,0.997396,0.00021597606,0.0013603616
eesjpzb,surprise,surprise,0.011859278,0.0004577342,0.0010757385,0.0039955764,0.004958991,0.97765267
eesjxth,joy,joy,0.00075369683,0.00016446889,0.00028666438,0.99794644,0.0003885605,0.00046019477
eesk812,joy,joy,0.009495113,0.0002471924,0.0005012776,0.9561078,0.0024129956,0.0312356
eeskmoi,joy,joy,0.0007219102,0.00015004032,0.00023683734,0.9977584,0.000191914,0.0009408842
eeslqg8,anger,anger,0.8489253,0.0030108225,0.00141381,0.017994188,0.03319846,0.09545747
eeslxr7,surprise,surprise,0.00539122,0.00036588026,0.00068869744,0.00364847,0.001534637,0.9883711
eeslyec,anger,anger,0.75729144,0.012937443,0.00489104,0.004913783,0.21187028,0.008096068
eesnjkv,joy,joy,0.0010029797,0.00021100376,0.00043031032,0.9969547,0.00023844869,0.0011626554
eesno19,surprise,surprise,0.004302276,0.0005478453,0.0010101487,0.002930822,0.0016496428,0.9895593
eesnvpa,sadness,sadness,0.004530443,0.0013313001,0.002058497,0.033049285,0.9533547,0.005675678
eeso0jq,joy,joy,0.00090386235,0.00027007193,0.00036854902,0.9801098,0.00047702866,0.017870696
eeso4xo,joy,joy,0.0004353574,0.00014845112,0.00024178218,0.99801385,0.0002370121,0.0009234812
eesptz5,anger,joy,0.0014222588,0.000243005,0.00025824513,0.9969597,0.00026914032,0.0008476532
eespvyc,fear,fear,0.006041206,0.004208821,0.96129245,0.015769202,0.004881508,0.007806737
eesrpz8,joy,joy,0.00062936253,0.00016575745,0.0002674117,0.9979171,0.00025821204,0.00076212984
eessfbc,surprise,sadness,0.020199517,0.008060916,0.32486802,0.1553174,0.38982832,0.101725735
eessgkg,joy,joy,0.00048712778,0.0002062375,0.0003327843,0.99781513,0.0002229285,0.00093579874
eesstwu,anger,anger,0.8072958,0.011772943,0.009213598,0.0122039355,0.066491,0.09302279
eesu8o8,sadness,joy,0.0056479815,0.0003502149,0.00047036874,0.9896526,0.0024712873,0.0014075836
eesunjg,anger,anger,0.9639191,0.0040600603,0.00086911704,0.0027700253,0.0058196345,0.022562033
eesw882,joy,joy,0.0005043252,0.00017560025,0.00031922033,0.99725074,0.00019076791,0.0015594143
eeswa6m,joy,joy,0.00056568516,0.00014984063,0.00022311714,0.9970806,0.0002694311,0.0017113389
eeswlop,joy,joy,0.0029512327,0.0010238875,0.001227646,0.8500729,0.0007368803,0.14398746
eesxjm2,joy,joy,0.0009606016,0.00014098683,0.00034503272,0.99393785,0.0006969979,0.0039184378
eesxmcy,anger,anger,0.81541055,0.0016081978,0.0020472722,0.096862465,0.016685378,0.067386195
eesxpbt,surprise,surprise,0.01239427,0.0008570918,0.002139136,0.0062227068,0.0027959873,0.9755907
eesylgj,joy,joy,0.0005807259,0.00018918746,0.0002545043,0.99802667,0.00023563852,0.00071321666
eesymt9,anger,anger,0.790688,0.16826853,0.005255296,0.008983801,0.020228064,0.0065762377
eesz52n,sadness,sadness,0.009549808,0.0018065536,0.0033162453,0.027002886,0.7943365,0.1639881
eeszaav,sadness,sadness,0.01418744,0.0015604035,0.00084852957,0.009065728,0.97229815,0.002039749
eet0225,fear,fear,0.004840372,0.0035633834,0.9749087,0.008342247,0.0047728475,0.0035723767
eet10ms,joy,joy,0.0005864201,0.00015322014,0.00021381915,0.99784636,0.0002414863,0.00095875445
eet131x,joy,joy,0.0065400717,0.0032826392,0.059008807,0.92031324,0.0017830029,0.009072275
eet28az,anger,surprise,0.105372645,0.0072616637,0.0050263703,0.22814777,0.013333615,0.64085793
eet3k71,joy,joy,0.00086333574,0.00025816495,0.00077302236,0.9957172,0.00032749344,0.0020607768
eet3lyj,joy,joy,0.000737875,0.00016273925,0.0002748841,0.9958341,0.00021791979,0.0027724279
eet4fi7,sadness,sadness,0.0036971548,0.0014016532,0.0011226226,0.009972199,0.97989523,0.0039112503
eet4ql6,surprise,surprise,0.006327912,0.0006127473,0.0009852565,0.031378146,0.0014205679,0.95927536
eet51na,surprise,surprise,0.0035459744,0.00038158539,0.0006022126,0.0031708055,0.0011465956,0.9911528
eet5rv5,joy,anger,0.4076704,0.002711796,0.001955265,0.10022874,0.0857742,0.40165964
eet69y1,anger,anger,0.9758312,0.0064293477,0.0010235047,0.0054294593,0.006783107,0.0045034485
eet6iz4,surprise,surprise,0.0067961835,0.0020060916,0.0025887587,0.2323941,0.0032054577,0.75300944
eet6xiw,joy,joy,0.0005073927,0.00018231547,0.00026350227,0.9978848,0.00021510058,0.00094686454
eet7bx1,sadness,sadness,0.011645786,0.0010152687,0.0020473276,0.0034840752,0.97782946,0.003978081
eet85d7,surprise,fear,0.0126047935,0.0069342935,0.8769251,0.014857858,0.0066708643,0.08200698
eet8ikg,sadness,sadness,0.0054162196,0.0014017456,0.0133401165,0.011292587,0.943864,0.024685256
eet8yzy,joy,joy,0.00081192644,0.00015390165,0.00028467926,0.9965593,0.000362244,0.0018279508
eet9pkc,surprise,anger,0.9668727,0.004190795,0.0008920965,0.0046612374,0.014745453,0.008637682
eet9ry7,surprise,surprise,0.029817924,0.0015230118,0.002772118,0.017663548,0.24911156,0.6991118
eetafmj,joy,joy,0.0010555765,0.00023047205,0.00021879919,0.9973585,0.0003249588,0.00081160327
eete9w8,joy,joy,0.0008420646,0.00023943561,0.00040732865,0.9943909,0.000245447,0.0038748898
eetecqs,anger,anger,0.94790304,0.016325468,0.0010834857,0.02086498,0.010266571,0.0035565146
eeteyb5,joy,joy,0.0024640637,0.00036843758,0.00055647857,0.92632055,0.0007994224,0.06949109
eetffuy,joy,joy,0.00049219833,0.00017944377,0.00025996362,0.9977964,0.00023650168,0.0010355255
eetfjjt,surprise,surprise,0.08730766,0.0013048558,0.0013346904,0.0054927547,0.008159114,0.89640087
eetfpbl,surprise,surprise,0.002236374,0.00042367863,0.00097536,0.0043871966,0.0008612136,0.99111617
eetgbyi,anger,anger,0.9800934,0.0026520668,0.0011462437,0.006733562,0.0068359943,0.0025387297
eethmw6,joy,joy,0.003301842,0.0005344445,0.00071550213,0.95757425,0.03459529,0.0032786254
eetibyd,joy,joy,0.000631348,0.00015153391,0.00024084694,0.9979808,0.00027514898,0.00072037696
eetij81,sadness,anger,0.5497577,0.0039042516,0.004955916,0.23990725,0.13577761,0.065697245
eetioh6,joy,joy,0.0035325205,0.0003695432,0.0012740229,0.9730621,0.0011076685,0.020654185
eetiq43,anger,joy,0.05327359,0.0006542011,0.00083629874,0.927529,0.0069412217,0.010765708
eetiwwn,joy,joy,0.0015942008,0.00023628636,0.00057018676,0.9910733,0.0006973829,0.0058286753
eetj3i7,sadness,sadness,0.004325951,0.0013051281,0.0016524284,0.01055473,0.9794312,0.0027305107
eetjm9k,fear,fear,0.11290648,0.008436153,0.8016944,0.02376886,0.041815918,0.011378167
eetjwa4,joy,joy,0.0005758485,0.00018599878,0.00028144984,0.9978231,0.00019292824,0.00094065134
eetjwdz,anger,anger,0.93677264,0.0021220879,0.0010759613,0.018291365,0.01420158,0.027536336
eetjydb,joy,joy,0.0005467117,0.00016220304,0.00026527082,0.9964463,0.00023006304,0.0023495124
eetl6sv,joy,joy,0.0008024133,0.00016800933,0.00022941102,0.9976434,0.0002721755,0.0008844841
eetl93o,joy,joy,0.0029925383,0.0005334265,0.000669075,0.94655865,0.0025121258,0.046734188
eetll9u,surprise,surprise,0.06819213,0.0010065614,0.0010873631,0.0028651576,0.0031281046,0.9237207
eetoscc,surprise,surprise,0.065032,0.0016096763,0.0026776115,0.026784701,0.0757651,0.828131
eetow0b,joy,joy,0.0009351034,0.00018111865,0.00022613246,0.997661,0.00019906717,0.00079756754
eetp0e7,joy,joy,0.008296271,0.00037442983,0.00031271268,0.98856366,0.0007867844,0.001666189
eetpgzj,sadness,sadness,0.004866032,0.0014371464,0.0011193719,0.005312771,0.98490787,0.0023567332
eetphqv,anger,anger,0.9837276,0.0025972151,0.00063475315,0.005394923,0.0046634744,0.0029820786
eetptjj,joy,joy,0.0016198864,0.00020438222,0.00028346668,0.99429905,0.00024346753,0.003349716
eetpv7z,anger,surprise,0.02695599,0.0007932154,0.00092549104,0.047563273,0.004526326,0.91923565
eetqbu7,surprise,surprise,0.009151243,0.0044831852,0.004053045,0.3527252,0.00950719,0.6200801
eetriyn,surprise,surprise,0.004275183,0.00042155894,0.0011014714,0.011715339,0.0015287449,0.98095775
eetrmuk,sadness,sadness,0.007404329,0.0009823742,0.0014985668,0.011540537,0.95295054,0.025623538
eetrrhp,joy,joy,0.0006838532,0.00016316264,0.0003151029,0.9976426,0.00020593908,0.0009894121
eets0d7,joy,joy,0.0006389875,0.0001651994,0.00025355114,0.99753344,0.00020850463,0.0012003272
eetsnku,joy,joy,0.006512381,0.00044131128,0.00033257485,0.99056935,0.00046944065,0.0016748353
eett96e,joy,joy,0.00082073157,0.0001828694,0.00024771292,0.99760133,0.00021540193,0.0009318991
eettqm3,joy,joy,0.004117455,0.0007556774,0.0010477845,0.64634275,0.0022930054,0.3454434
eetu2qg,joy,joy,0.0010192066,0.0001604983,0.00040150128,0.9892552,0.00061205466,0.00855158
eetwt55,joy,joy,0.001238567,0.00014380761,0.0007065395,0.9942016,0.0016328664,0.0020766011
eetxboc,joy,joy,0.0007849985,0.00017060548,0.00025203996,0.99566084,0.00020330334,0.0029281797
eetxlxy,joy,sadness,0.03149191,0.0042590005,0.005582221,0.09476905,0.8571376,0.0067601553
eety9p1,joy,joy,0.00057289744,0.00021870462,0.00032920873,0.9967602,0.00020902962,0.0019099986
eetyh82,joy,joy,0.0009592672,0.0003098688,0.00037123755,0.9964181,0.0002733759,0.0016680616
eetz83k,sadness,sadness,0.011339872,0.004836832,0.011812177,0.0037518437,0.96522486,0.0030343775
eetzyip,anger,anger,0.8827339,0.007473771,0.011870918,0.051243547,0.035991788,0.010686103
eeu0vsl,joy,joy,0.013622233,0.0005910553,0.0010849964,0.94643784,0.0068318495,0.031432007
eeu2te8,joy,joy,0.00055160985,0.00020956287,0.00036755725,0.99693274,0.00022847453,0.0017100067
eeu4dq8,anger,anger,0.9720014,0.0012015584,0.00058746943,0.012898238,0.006536561,0.0067747897
eeu4lrv,joy,joy,0.0074391975,0.00054451637,0.001034546,0.9289876,0.030435907,0.03155822
eeu534e,joy,joy,0.0006981165,0.00021690279,0.0003345524,0.9942246,0.0004011852,0.0041246284
eeu59wa,anger,anger,0.98116976,0.002666962,0.00061480684,0.007989129,0.0040034587,0.003555924
eeu5s7r,surprise,surprise,0.015931088,0.00059640966,0.0014966343,0.0028186156,0.003619804,0.9755374
eeu6rax,joy,joy,0.34854844,0.0018000819,0.0010764918,0.6173521,0.016608654,0.014614232
eeu8jww,joy,joy,0.024797898,0.001961476,0.0029673735,0.49675322,0.022248412,0.45127168
eeu94fh,surprise,surprise,0.007414041,0.00050397904,0.0013910271,0.002774843,0.007726032,0.98019
eeu9qa0,anger,joy,0.3397975,0.0024227789,0.0025519542,0.63310254,0.0032958512,0.01882935
eeu9urb,joy,joy,0.0004976437,0.00013977395,0.00022646868,0.99740785,0.00030169988,0.001426477
eeub7hl,anger,anger,0.96339834,0.0053767515,0.0013733145,0.003611378,0.015972342,0.010267931
eeub7im,joy,joy,0.0017428822,0.0001522761,0.00027763835,0.99463636,0.0005795024,0.0026114103
eeubpbz,fear,fear,0.009397648,0.0033814888,0.8893138,0.043069027,0.01538152,0.039456505
eeucc1h,joy,joy,0.00044738266,0.00013458934,0.00027226532,0.9971716,0.00048587806,0.0014883644
eeucruv,joy,joy,0.092269145,0.0034374632,0.003606593,0.4665463,0.007603931,0.42653656
eeud3dn,joy,joy,0.0036299939,0.00022000245,0.0005880203,0.98413056,0.001538119,0.009893202
eeudax5,anger,anger,0.97082436,0.0028737716,0.0008727375,0.016815087,0.005477204,0.003136881
eeudgrp,surprise,surprise,0.0056544384,0.0004470165,0.00062430947,0.0034745007,0.0008745179,0.98892516
eeudvxm,anger,joy,0.14688832,0.0018787003,0.0016347857,0.68387955,0.0033245627,0.16239408
eeug3xp,joy,joy,0.00063331437,0.00017848669,0.00080665946,0.9925523,0.00052971917,0.0052996
eeughzo,joy,joy,0.00097644865,0.00044906337,0.0007757596,0.984041,0.0005634633,0.013194359
eeugv0g,anger,anger,0.974082,0.0018452823,0.0009112992,0.0048051593,0.010335022,0.008021318
eeuh8ox,anger,anger,0.9334176,0.0030252263,0.0008097141,0.019163849,0.009770351,0.03381324
eeuhfag,joy,joy,0.0006404311,0.00023885937,0.0002786271,0.9974667,0.00019168414,0.0011837321
eeuhfw1,joy,joy,0.055060733,0.0013801501,0.006521746,0.85573834,0.03944539,0.041853666
eeuhhz3,joy,joy,0.0005973324,0.00018008242,0.00023467095,0.99811184,0.00018162884,0.00069450785
eeui1et,joy,joy,0.0005990758,0.00014120882,0.00028091806,0.997491,0.00041103418,0.0010767807
eeuic1c,joy,joy,0.00058302504,0.00016640458,0.000235567,0.9981244,0.0002010602,0.000689452
eeuirox,surprise,surprise,0.005067519,0.00059850747,0.00082534977,0.011462388,0.0024970167,0.9795492
eeul28b,anger,joy,0.0025852863,0.0001757434,0.00019656478,0.99423236,0.0003247587,0.0024852762
eeum351,joy,joy,0.1065953,0.0028194643,0.0011446683,0.8720157,0.0070863715,0.010338554
eeum4kw,joy,joy,0.041186888,0.0007788947,0.0012357109,0.93002915,0.0031019778,0.023667458
eeumfk9,joy,joy,0.0007103632,0.00016875123,0.0002498674,0.9976883,0.00020925599,0.00097354193
eeumhlw,joy,joy,0.0008026279,0.00017062583,0.00024561264,0.9963972,0.0002701626,0.0021137686
eeuoxtq,joy,joy,0.0005144482,0.00017316754,0.00028232738,0.9977691,0.0001791627,0.0010817734
eeuoy8g,joy,joy,0.0006609986,0.00020256349,0.00026864265,0.99777216,0.00018190833,0.0009136829
eeuph0v,anger,anger,0.97258365,0.0022869953,0.0006457544,0.004374041,0.006638544,0.013470934
eeuq3iw,joy,joy,0.00068556954,0.0001626536,0.00027230647,0.9974927,0.00035501507,0.0010317793
eeuqcmv,anger,anger,0.979421,0.0025896297,0.0011505667,0.005185526,0.0060174447,0.005635805
eeuqtvk,joy,anger,0.68074346,0.001507313,0.0020819535,0.13727072,0.023084516,0.15531205
eeuqwra,surprise,surprise,0.006526451,0.00068806426,0.0015909858,0.0055027115,0.013565806,0.97212595
eeurenv,surprise,surprise,0.028985882,0.00062978675,0.0011564969,0.009588657,0.002046416,0.9575927
eeurof8,surprise,sadness,0.0176727,0.0033191955,0.004115904,0.059356935,0.8124357,0.10309957
eeus3ve,joy,joy,0.0004889236,0.00018929037,0.00032051367,0.9980507,0.00018585005,0.00076484267
eeusaj6,joy,joy,0.005734683,0.0004875535,0.0005263522,0.9115813,0.0017155258,0.0799546
eeusbnx,joy,joy,0.00093852036,0.00017738293,0.00024375087,0.99694306,0.00028763767,0.001409701
eeutdim,joy,joy,0.0004353723,0.00018213206,0.00029980828,0.99796057,0.0002371104,0.000884958
eeuu43o,joy,joy,0.0018161156,0.00025488262,0.000437038,0.9952148,0.00023335803,0.0020437334
eeuv3cd,anger,anger,0.7956603,0.002222877,0.0075828293,0.10226257,0.040018473,0.05225296
eeuwcbk,joy,joy,0.045427345,0.0020769225,0.007560513,0.5228855,0.27781984,0.14422987
eeuwf7x,joy,joy,0.0009517239,0.00019250695,0.00028598914,0.996617,0.00018920908,0.0017635218
eeuxtnz,joy,joy,0.00067964813,0.00016559094,0.00026316676,0.99786973,0.00018833509,0.00083345955
eeuxw8b,anger,anger,0.8833385,0.07057891,0.0027046618,0.026836678,0.013027684,0.003513528
eeuy7do,joy,joy,0.0028949433,0.0005232094,0.0020482524,0.94625187,0.041503623,0.0067780814
eeuzdku,joy,joy,0.00045089753,0.00017642866,0.0003319886,0.9897876,0.00074198074,0.008511229
eeuzzl3,joy,surprise,0.045123857,0.001968586,0.0020641743,0.17742771,0.051510647,0.7219051
eev05mv,joy,anger,0.44148165,0.0031703028,0.012543295,0.35916775,0.14576654,0.03787044
eev0tey,surprise,surprise,0.010507144,0.0009497684,0.0025232339,0.1871239,0.01068348,0.78821254
eev0ufb,joy,joy,0.001070594,0.00020441553,0.0002361179,0.9899116,0.00076186436,0.007815379
eev1c1v,joy,joy,0.00083657977,0.00014503082,0.0002624126,0.99322104,0.00035874546,0.005176214
eev1n3p,joy,joy,0.001349892,0.00022488319,0.0003109645,0.9961039,0.0010929975,0.0009174801
eev2dq4,fear,fear,0.25887516,0.20561966,0.38490927,0.0841587,0.04206029,0.024376845
eev35v5,joy,joy,0.0033165659,0.00034055734,0.00036012262,0.9659986,0.00085282605,0.02913135
eev3snh,joy,joy,0.0025329606,0.00024693154,0.00028262634,0.9948225,0.0013810339,0.0007339958
eev42ak,anger,anger,0.4593868,0.02451913,0.033710845,0.17048034,0.15821728,0.15368558
eev4p4k,joy,joy,0.005776304,0.000216871,0.00023254818,0.9918622,0.00045271372,0.0014594432
eev4vdj,joy,joy,0.00083700643,0.00018548532,0.00026253113,0.9978358,0.00019702468,0.00068218505
eev671h,surprise,anger,0.38578713,0.00340466,0.0058335173,0.07695792,0.23494819,0.2930685
eev6mi6,joy,joy,0.0007030667,0.00014394718,0.00027844467,0.9977133,0.00030335048,0.0008578168
eev7ico,sadness,sadness,0.0048839804,0.0020591198,0.0023466062,0.0047078086,0.9801624,0.005840093
eev7uaa,surprise,surprise,0.005410057,0.00070493354,0.0011361779,0.3951534,0.0032660905,0.5943293
eev7upq,joy,joy,0.0043520657,0.0003945628,0.00088239677,0.9424502,0.0078599285,0.04406089
eev7z0w,joy,joy,0.0032549829,0.0005166098,0.00111753,0.9682746,0.0031803604,0.023655942
eev89na,surprise,joy,0.0055438885,0.00035929057,0.0005720849,0.9551009,0.0029489866,0.035474904
eev8kvj,anger,joy,0.08157033,0.0012764452,0.0021048395,0.8832033,0.0115614375,0.020283613
eev9yr0,anger,surprise,0.43120566,0.011014831,0.005536726,0.043967184,0.037413396,0.47086215
eevb2lm,joy,joy,0.0006705894,0.00020343064,0.00030240972,0.9968232,0.00017956288,0.0018209035
eevcg8b,anger,anger,0.556071,0.0047907503,0.0052169356,0.08620127,0.0996895,0.24803057
eevcgtl,joy,joy,0.004332778,0.0008632969,0.0044033434,0.9047931,0.041696064,0.043911465
eevch8c,joy,joy,0.00071281736,0.00019085877,0.000302442,0.9939658,0.00028155957,0.0045464337
eevd0ih,anger,anger,0.69730604,0.0059236623,0.0061137457,0.14905752,0.07228445,0.06931456
eevdm3z,joy,joy,0.00074634363,0.00015080546,0.0002585572,0.9974917,0.000388863,0.0009637348
eevep1z,sadness,sadness,0.03205225,0.0037945812,0.13796708,0.02810086,0.7735381,0.024547111
eeveplm,sadness,sadness,0.09567064,0.008204559,0.0015316099,0.008179885,0.884266,0.0021472513
eevfunt,joy,joy,0.002807306,0.00023823328,0.001511189,0.9915115,0.0017251582,0.0022065972
eevgd8u,anger,anger,0.7040078,0.19789696,0.012626247,0.018177902,0.028993197,0.038297884
eevgs0l,joy,joy,0.0006648187,0.00022778226,0.0002871228,0.997689,0.00016785588,0.0009634259
eevgsat,surprise,surprise,0.0077596107,0.0009011951,0.0012091846,0.12354358,0.0027519495,0.8638345
eevi7lt,joy,joy,0.001706911,0.00024152108,0.00024696908,0.9941543,0.00025467266,0.0033956245
eevicpm,joy,joy,0.00062669517,0.00017912754,0.00024571645,0.9980405,0.00022979865,0.00067822414
eevjvyh,anger,anger,0.98355365,0.0024603454,0.00064957514,0.006283527,0.0040735686,0.0029793812
eevkbu9,surprise,surprise,0.0028083872,0.00036036942,0.0007157137,0.0031893016,0.0010961175,0.99183017
eevkcjv,sadness,joy,0.30432624,0.002855567,0.002475382,0.413615,0.18299517,0.09373269
eevkhqx,anger,anger,0.9548675,0.0034808835,0.001428207,0.017278688,0.009133554,0.013811228
eevliye,joy,joy,0.0021997273,0.0009387619,0.0017286361,0.97968197,0.0013093569,0.014141641
eevlu6o,disgust,sadness,0.23015353,0.028453864,0.0031163336,0.00922295,0.724208,0.0048453384
eevmfeo,joy,joy,0.007825075,0.0012269495,0.0022675742,0.7858984,0.0019053215,0.20087671
eevo182,sadness,sadness,0.0086925635,0.0021751882,0.0029541228,0.42388067,0.55756396,0.004733496
eevp7bv,sadness,fear,0.0063187983,0.0027269095,0.92107403,0.048777092,0.008329174,0.01277398
eevpaam,surprise,surprise,0.004330566,0.0003897801,0.0006583492,0.0026914906,0.001022406,0.99090743
eevq7zp,joy,joy,0.00095991767,0.00018204287,0.00025545727,0.9949485,0.00028197342,0.0033721644
eevr433,joy,joy,0.0009876493,0.00017951988,0.00025197538,0.99621767,0.0002813593,0.002081891
eevr8sl,joy,anger,0.5676193,0.114667945,0.14532153,0.08512184,0.074406706,0.012862601
eevrbpl,surprise,surprise,0.015008841,0.0005229463,0.0009118228,0.0020526864,0.004212225,0.9772915
eevrjsm,anger,anger,0.9375427,0.022991676,0.0019243252,0.012282313,0.018682875,0.00657611
eevrya5,fear,fear,0.005273639,0.0038247737,0.9540038,0.020182054,0.010055572,0.006660109
eevsc0g,surprise,surprise,0.009670356,0.0010587431,0.0018039204,0.04597384,0.002782734,0.9387104
eevt08e,joy,joy,0.002263899,0.00018991556,0.00025570267,0.9856469,0.00058008014,0.011063451
eevtv3g,joy,joy,0.00061648584,0.00019190487,0.00026657508,0.99799263,0.0001822361,0.0007502231
eevu8lr,surprise,surprise,0.045425355,0.0015855697,0.00168737,0.3949148,0.010737956,0.545649
eevux7x,joy,joy,0.0005545815,0.00015611833,0.00022084071,0.99806887,0.00022616233,0.0007734601
eevuxzh,joy,joy,0.056729816,0.0014077306,0.0034887465,0.799037,0.11596042,0.023376323
eevva29,surprise,surprise,0.004681941,0.00045179366,0.0006644778,0.0024808457,0.0007882976,0.9909326
eevva53,anger,joy,0.013097914,0.00043071175,0.0033479962,0.9509091,0.01140044,0.020813903
eevvj5z,sadness,sadness,0.0053269677,0.0012926927,0.00083336123,0.004049136,0.98576736,0.0027305223
eevwees,anger,anger,0.9577475,0.019698175,0.0011328434,0.0031473397,0.014867732,0.0034063633
eevwgq3,joy,joy,0.001333228,0.000702401,0.0013094038,0.96017784,0.00078916,0.035687968
eevwmcu,anger,anger,0.9767815,0.0029116522,0.00076328736,0.0046066507,0.010107904,0.004829041
eevwvn8,joy,joy,0.006315297,0.0008403169,0.0006650345,0.9718946,0.009006377,0.011278384
eevx7g0,joy,joy,0.0066432343,0.00026539105,0.00083598326,0.96449935,0.002547415,0.025208589
eevy7jr,joy,joy,0.0007860361,0.00018919844,0.00034914733,0.99701536,0.0003360408,0.0013242916
eevyd9g,sadness,joy,0.0035287999,0.0012587694,0.0022571865,0.8549166,0.13313104,0.0049076667
eevz6il,anger,anger,0.924874,0.0021699062,0.0013791948,0.0046383976,0.01040925,0.056529243
eevzcvn,joy,joy,0.0007936692,0.00025940526,0.00048591135,0.99707866,0.00076374516,0.0006186259
eevzguk,joy,joy,0.0008285516,0.0001891183,0.0002474399,0.99671847,0.0011890478,0.00082733086
eew0j2q,anger,joy,0.0014376413,0.00026144716,0.0003238102,0.99059993,0.0005870993,0.0067900787
eew1gle,anger,anger,0.94893044,0.0019188435,0.0026975984,0.021326099,0.010596215,0.014530818
eew1o33,joy,joy,0.00068221265,0.00017936827,0.00030786823,0.9968574,0.0010735419,0.0008996688
eew1pd6,surprise,surprise,0.0033913108,0.0003659777,0.00063945964,0.0052181976,0.0011320993,0.989253
eew1r20,joy,joy,0.0011368863,0.00025216056,0.00049767783,0.9896019,0.0006277964,0.007883664
eew1shl,joy,surprise,0.007240576,0.0009552071,0.0010785367,0.14192511,0.0032845095,0.845516
eew20af,anger,anger,0.9513141,0.0031169918,0.0018751109,0.030851044,0.0042715743,0.008571168
eew2n25,joy,joy,0.0005332771,0.00017262819,0.00026852218,0.9981431,0.00019999035,0.0006824843
eew3mm0,surprise,surprise,0.012586173,0.0013415773,0.0016339236,0.019823346,0.0029157547,0.96169925
eew4kg2,joy,joy,0.0006467517,0.0001874354,0.0002505301,0.99801517,0.00022447822,0.00067561
eew4nom,anger,anger,0.8873292,0.033455603,0.0057102195,0.011143148,0.053578824,0.00878303
eew5cn2,joy,sadness,0.13660996,0.0027041493,0.009887062,0.028505957,0.6955034,0.12678948
eew5o3z,joy,joy,0.0007490887,0.00013813695,0.00024444095,0.99762744,0.0004321362,0.0008087084
eew5okn,joy,joy,0.00081194524,0.00014976617,0.00021405845,0.99782723,0.00021223632,0.0007847546
eew5z9h,surprise,joy,0.048783507,0.0018802746,0.00212777,0.66895753,0.03249667,0.24575424
eew5zae,anger,anger,0.9666995,0.0034535045,0.00084360054,0.00262121,0.0047327164,0.021649536
eew86md,joy,joy,0.00053570134,0.00016631765,0.0002666843,0.9977343,0.0002227772,0.0010742624
eew8c8f,joy,sadness,0.013117343,0.0015061699,0.0023056201,0.14848185,0.8159787,0.018610287
eew8x76,anger,anger,0.88216364,0.0019213258,0.0010873846,0.025000094,0.025882278,0.06394528
eew9um5,sadness,joy,0.007873988,0.0028636695,0.0021134666,0.73859453,0.22782505,0.020729305
eew9vje,joy,joy,0.0012222371,0.00016873266,0.00022136212,0.9968263,0.00032803335,0.0012334038
eewaqo7,joy,joy,0.18067788,0.0019647195,0.001270899,0.7996643,0.0045170453,0.011905257
eewawdh,joy,joy,0.19642997,0.0018046567,0.0013227052,0.6812107,0.011150513,0.10808146
eewazmn,joy,joy,0.00061695615,0.00018731931,0.00029067945,0.9975579,0.00016082879,0.0011862543
eewbdc5,joy,surprise,0.012046316,0.0017055607,0.012097184,0.40313262,0.0038059342,0.5672124
eewc0cn,surprise,surprise,0.010206499,0.0009369677,0.0017615993,0.0056325747,0.013030591,0.9684317
eewcihm,sadness,anger,0.42334798,0.15074092,0.022019077,0.008456235,0.37994862,0.015487225
eewcqyc,joy,joy,0.0008830732,0.00015531435,0.00023526812,0.9976407,0.0002838292,0.00080178
eewd31p,anger,anger,0.933916,0.0039728615,0.0012066726,0.026668593,0.005284942,0.028950948
eewduql,joy,joy,0.0007893711,0.00017965822,0.000245251,0.9978339,0.00017944521,0.0007724853
eewdv5u,anger,anger,0.87843484,0.007845095,0.0016090376,0.100834265,0.006686725,0.0045901476
eewep3s,joy,joy,0.00081256294,0.00014924738,0.00024958266,0.9973634,0.00019762226,0.0012275052
eewffjr,joy,joy,0.00065590424,0.00020012866,0.00029997583,0.99419576,0.00022871266,0.004419574
eewfryk,sadness,surprise,0.0042951587,0.00053645315,0.00078863057,0.018572215,0.004063274,0.9717443
eewgui2,anger,joy,0.28914014,0.0033011124,0.0027234738,0.46801722,0.16263247,0.07418559
eewh4gb,joy,joy,0.00070550456,0.00019848495,0.000277503,0.99670213,0.00038919048,0.0017271657
eewj9aj,joy,joy,0.00047598642,0.00020279923,0.0003847033,0.9972761,0.00020752037,0.001452898
eewjtfk,anger,anger,0.96469927,0.007918843,0.000962759,0.008937598,0.01320608,0.0042755287
eewjth1,sadness,sadness,0.008209592,0.0013838646,0.0015700851,0.04034877,0.9432103,0.005277377
eewk0mr,sadness,sadness,0.002724027,0.0011637887,0.0020721152,0.010358225,0.9807232,0.0029586141
eewkqif,anger,anger,0.95936555,0.00358462,0.0007269355,0.024263686,0.007439713,0.0046195025
eewm1mm,anger,joy,0.087828636,0.0006464227,0.0018055747,0.87835836,0.0031948267,0.028166244
eewn34g,surprise,surprise,0.037661746,0.000839219,0.000938479,0.014550975,0.0025558977,0.94345367
eewn9w1,sadness,joy,0.056843985,0.0024179097,0.009319223,0.46048453,0.18139328,0.289541
eewnhep,anger,sadness,0.16517597,0.0021809407,0.005922433,0.12514828,0.52502483,0.17654759
eewo0ib,joy,joy,0.00088870345,0.00015931386,0.00023723936,0.9969608,0.00037055966,0.0013832819
eewo42n,joy,joy,0.00064839295,0.00017721402,0.00024564247,0.9980732,0.00023002524,0.0006254213
eewqnhw,joy,joy,0.00078441255,0.00020468792,0.00036936827,0.9958223,0.00033497595,0.0024842834
eewslmi,anger,disgust,0.07214381,0.83394694,0.046778273,0.024244897,0.018234676,0.0046513756
eewt7b3,joy,joy,0.0005665171,0.0002106435,0.00044915875,0.99714404,0.00021289838,0.0014167138
eewt9yh,surprise,joy,0.007230708,0.0016456121,0.0031043508,0.61380565,0.353241,0.02097267
eewtsv4,joy,joy,0.0020969475,0.00022676424,0.00023365479,0.9945627,0.0002335178,0.002646505
eewupcb,anger,surprise,0.15430017,0.0008875628,0.0010858339,0.015802857,0.01182055,0.8161031
eewv2x1,fear,fear,0.0064415555,0.0025790373,0.96683574,0.011679405,0.0072919745,0.005172325
eewv5tt,sadness,sadness,0.23067267,0.13003756,0.036927886,0.17284285,0.4127346,0.016784472
eewvscr,joy,joy,0.00043292445,0.00019174602,0.00030882188,0.99756503,0.00026696906,0.0012345655
eewy6r4,anger,joy,0.25668547,0.0013621723,0.0010329103,0.7267795,0.0060228985,0.008116964
eewz3d0,anger,joy,0.16787302,0.0025884006,0.0017646922,0.780971,0.018525252,0.028277671
eex0j7h,anger,anger,0.5382647,0.003001824,0.0033418045,0.2005559,0.020457571,0.23437823
eex0sfa,joy,joy,0.0007916716,0.00016796225,0.0002481902,0.9966365,0.00025537165,0.0019002962
eex19z9,joy,joy,0.0013784668,0.00046873454,0.00047838813,0.98350453,0.0010447138,0.01312521
eex1qvd,joy,joy,0.0005108491,0.00020687228,0.00031515208,0.99773943,0.00018163574,0.0010459904
eex29nf,joy,joy,0.0023527779,0.00045580976,0.0005663417,0.95592785,0.00095096626,0.039746337
eex2bl3,surprise,surprise,0.008378164,0.0008198786,0.0014920916,0.011561249,0.013333548,0.96441513
eex3eiu,surprise,surprise,0.03249386,0.0078590745,0.010436047,0.0131519,0.02487196,0.9111871
eex3kwe,joy,joy,0.0009942477,0.00012529914,0.00029095827,0.9962471,0.0005625525,0.001779808
eex5olh,anger,anger,0.6578672,0.0014395219,0.0012618683,0.017659133,0.021771371,0.30000094
eex5wup,sadness,anger,0.9779424,0.0051977644,0.0008185685,0.0055266786,0.0058089914,0.0047056065
eex65le,surprise,surprise,0.0044872058,0.0003487366,0.00060795865,0.0034537818,0.0010821556,0.9900203
eex7a62,joy,anger,0.86717737,0.00245448,0.0014032392,0.061625253,0.006166429,0.0611732
eexakbv,joy,joy,0.0065390365,0.0002649516,0.00035236182,0.98833317,0.0029452548,0.0015652815
eexcsyf,surprise,surprise,0.0027437645,0.00038455083,0.00075684325,0.0045282566,0.00131948,0.9902671
eexcwzo,surprise,surprise,0.0037182625,0.00046457548,0.0007177464,0.0021264693,0.0010838747,0.99188906
eexe2bd,anger,anger,0.9777344,0.0023273122,0.0005118234,0.009307043,0.0037561506,0.0063633914
eexebil,joy,joy,0.0007580885,0.0001705857,0.00023683364,0.99587774,0.00040024857,0.0025564672
eexflfh,joy,joy,0.00041755202,0.00015636839,0.00026377745,0.99768746,0.0002422149,0.0012326981
eexg6zh,joy,joy,0.001028289,0.0001438354,0.0003061774,0.9957014,0.0005684391,0.002251834
eexgn84,joy,joy,0.0004892787,0.00018137503,0.00027145323,0.9981799,0.00020721955,0.00067068613
eexgtfb,anger,anger,0.96997327,0.00285163,0.00087415887,0.016206386,0.0047153127,0.005379346
eexguaa,surprise,joy,0.01685275,0.0005511796,0.00039799578,0.96710724,0.0019491764,0.013141543
eexgzre,joy,fear,0.4059653,0.029056722,0.45426965,0.057651315,0.030386591,0.022670448
eexh2dw,surprise,surprise,0.038981356,0.00078684604,0.0006689582,0.003967691,0.0036374128,0.95195764
eexilrg,joy,joy,0.0004967779,0.00016565208,0.00025725982,0.99818474,0.0002522669,0.00064324104
eexjz4t,anger,anger,0.8814092,0.0036276984,0.001535588,0.0862048,0.0067157364,0.020506937
eexk7he,joy,joy,0.0005968139,0.00018678272,0.00026611768,0.9971499,0.0002640291,0.0015362931
eexkhqd,joy,joy,0.00060092664,0.00013629488,0.0002238744,0.99764746,0.00022161295,0.0011697687
eexkl7c,surprise,surprise,0.0038621787,0.00036658812,0.00066659023,0.0025367246,0.0014711359,0.99109674
eexlrtm,anger,surprise,0.07026556,0.0015210876,0.0023330497,0.0074869986,0.005548181,0.9128451
eexmra6,anger,joy,0.027965834,0.00073211204,0.0017265852,0.8954524,0.02198937,0.052133657
eexn9zv,surprise,joy,0.09450272,0.0025407204,0.0016959998,0.6358056,0.0031133282,0.26234162
eexoqiu,joy,joy,0.0006077131,0.00016012162,0.0002563071,0.9970341,0.0003534492,0.0015884085
eexowqm,joy,joy,0.0006185218,0.00021030502,0.00024645345,0.9980599,0.00019956296,0.000665265
eexphew,joy,joy,0.0004691527,0.00015720297,0.00022179089,0.9981115,0.00020186647,0.0008384962
eexpsw7,joy,joy,0.00055964716,0.00016117946,0.00022503086,0.998083,0.00024239205,0.00072879245
eexpxup,joy,joy,0.00095262966,0.00021305073,0.00028040534,0.99647874,0.0003300364,0.0017451757
eexqh0l,joy,joy,0.0005402254,0.00014321043,0.00033763642,0.9965031,0.00033262448,0.002143225
eexr6ld,anger,anger,0.709449,0.005027821,0.0032569838,0.17937563,0.014990963,0.08789956
eexrqlw,joy,joy,0.008654318,0.00023733215,0.00074261986,0.98727787,0.0010156017,0.0020722984
eext6e7,joy,joy,0.0034558147,0.00019021786,0.00021866815,0.9941012,0.00085100357,0.0011830196
eextz2m,anger,anger,0.98049486,0.0026993107,0.0010864054,0.002788621,0.0043105497,0.008620224
eexu3d2,joy,joy,0.00046605422,0.00015079879,0.00026381217,0.9981375,0.00023926221,0.00074260845
eexv31e,joy,joy,0.0004701705,0.00018021955,0.00026603014,0.9980367,0.00019440068,0.00085251103
eexwcz2,joy,joy,0.0005956802,0.00015398739,0.0002606528,0.9978612,0.0002027033,0.0009257757
eexwtmw,joy,joy,0.00041739427,0.0002141978,0.0003748929,0.9979456,0.0002639182,0.00078403146
eexwzir,surprise,surprise,0.06678349,0.0063033137,0.17500512,0.013353012,0.034544963,0.7040101
eexx1bp,joy,joy,0.0006046269,0.00012610396,0.0002440799,0.99735343,0.0002816935,0.0013899948
eexx4hm,joy,joy,0.0006202119,0.00027141598,0.00036774186,0.99529135,0.00035047816,0.0030987298
eexxz9z,anger,anger,0.8426253,0.0016973944,0.0010761529,0.053860903,0.008792004,0.091948316
eey09jl,joy,joy,0.0007916328,0.00016132575,0.0002480324,0.9978815,0.00021021649,0.00070726185
eey0rkr,joy,joy,0.034426983,0.0007186629,0.0014521211,0.9052047,0.010835994,0.047361553
eey1sjf,joy,joy,0.0007389936,0.00020301636,0.0003358522,0.9953891,0.0003265667,0.0030065484
eey2egt,joy,surprise,0.05599271,0.0062295287,0.008703809,0.4373456,0.005611638,0.4861167
eey2fzv,surprise,surprise,0.11247432,0.0041248635,0.0033046668,0.057539035,0.2439633,0.57859385
eey2vl0,anger,anger,0.9741987,0.004389305,0.00088915776,0.012249052,0.004474594,0.0037991358
eey3arl,joy,joy,0.0007492321,0.00019268571,0.00028274412,0.9924544,0.00033525823,0.005985631
eey3x3l,joy,joy,0.0016881296,0.00014767855,0.00040627972,0.99540734,0.0004965379,0.0018540564
eey42p5,sadness,sadness,0.0070717437,0.0016739637,0.0010118638,0.013397069,0.9731933,0.0036520218
eey4jpi,joy,joy,0.0012195017,0.00016567983,0.00022835465,0.99626523,0.0003416599,0.0017795094
eey5g07,joy,joy,0.0030171005,0.00085003045,0.002352815,0.92683077,0.0010547902,0.06589449
eey5mir,sadness,sadness,0.004113568,0.0014757203,0.0014719899,0.003543952,0.98625654,0.0031382213
eey629w,surprise,surprise,0.08636388,0.0010829797,0.0015318746,0.005353107,0.020598035,0.8850702
eey6cm0,joy,joy,0.00097104337,0.00014914457,0.0002865082,0.98993546,0.00041401238,0.008243776
eey6eub,joy,joy,0.0010175919,0.0001302794,0.00023699824,0.99711275,0.00052869087,0.00097358366
eey6meg,anger,anger,0.9164974,0.0071819723,0.0018991543,0.027438512,0.038448654,0.008534295
eey6mkp,sadness,sadness,0.0026036468,0.0013034502,0.002530011,0.012111242,0.97847944,0.0029722236
eey7ols,joy,joy,0.0014989406,0.0005750653,0.00080737035,0.9753608,0.0003995913,0.021358274
eeybdzp,joy,joy,0.00061468227,0.00017375103,0.00030432057,0.99772364,0.00023626217,0.0009473891
eeybe8r,joy,joy,0.0007090645,0.00020829664,0.0002489855,0.99776983,0.0002110728,0.00085277425
eeycd6n,anger,anger,0.6455928,0.28836772,0.007788004,0.005601128,0.0498734,0.0027769036
eeycf6k,joy,joy,0.003119481,0.00020788389,0.00038724887,0.9921394,0.0006737063,0.003472333
eeyd26v,joy,joy,0.0005402336,0.00016407124,0.00025388185,0.9980861,0.00020317406,0.0007525554
eeyd7wy,surprise,surprise,0.0158853,0.0016429616,0.0020730917,0.33564302,0.0036477877,0.64110786
eeyg6l2,disgust,anger,0.9407869,0.028997522,0.0025967967,0.009670772,0.011987558,0.005960413
eeyhcid,joy,surprise,0.05083149,0.00157517,0.0015001507,0.20457478,0.011230066,0.7302883
eeyhduy,surprise,surprise,0.007602558,0.0005084263,0.0006279718,0.0027355743,0.0014559012,0.9870696
eeyivpd,joy,joy,0.0017386039,0.00015564285,0.00046138896,0.9948383,0.0006794616,0.0021265475
eeyjb93,surprise,joy,0.090389326,0.00091215,0.001686732,0.59979755,0.021896308,0.28531793
eeykk40,joy,joy,0.0008301291,0.00016691732,0.00022177176,0.9976809,0.0002115364,0.0008887697
eeyksuk,joy,joy,0.01100521,0.00050752086,0.0012943114,0.9765528,0.0041013816,0.0065387934
eeym8kb,surprise,joy,0.25524172,0.0067174286,0.010658714,0.53885436,0.049081743,0.13944602
eeymdv6,sadness,joy,0.0016385057,0.0002882827,0.0005320801,0.9828439,0.00953427,0.005163001
eeympky,joy,joy,0.008106291,0.00061478914,0.00078439194,0.8033932,0.002191588,0.18490978
eeyn22a,joy,joy,0.0004589344,0.00015703881,0.00027083253,0.9979139,0.00022652504,0.0009727774
eeynd12,anger,joy,0.2644219,0.0023662238,0.0014266755,0.6243029,0.020516882,0.08696534
eeynj5w,joy,joy,0.10423612,0.0028123104,0.04222538,0.52556485,0.16843571,0.15672563
eeynmi1,joy,joy,0.0007291576,0.00020114637,0.00028602654,0.99783057,0.00023840023,0.0007146992
eeyoa9n,joy,joy,0.0016461825,0.0003423523,0.0021188403,0.9880064,0.004988111,0.0028981394
eeyoowk,joy,joy,0.0013201692,0.00032832415,0.0003897149,0.9938744,0.00029777794,0.003789656
eeyopvd,joy,joy,0.0025155323,0.00031384328,0.00033557083,0.9902255,0.0003448272,0.0062647173
eeyoq9y,joy,joy,0.0019263701,0.00021556686,0.00025363624,0.99518824,0.00026630584,0.0021499128
eeyouyx,joy,joy,0.0011144467,0.00019070899,0.00041500584,0.9905844,0.00059207634,0.0071034557
eeyoysk,surprise,surprise,0.0020549297,0.0003904963,0.0011283706,0.005309775,0.00091092166,0.99020547
eeyps15,joy,joy,0.0028304595,0.00020720669,0.0004355431,0.97341985,0.0008543287,0.022252563
eeyq009,sadness,joy,0.020636313,0.00082822517,0.0011130362,0.8849724,0.070893064,0.021556923
eeyq3lu,sadness,sadness,0.019745417,0.0025928454,0.006431599,0.05202771,0.89091384,0.028288534
eeyq51p,joy,joy,0.001259913,0.00018508194,0.00029883208,0.9967204,0.00035281744,0.0011829603
eeyqb3j,joy,joy,0.0006366835,0.00015899142,0.00025690213,0.9971334,0.00023184175,0.0015821292
eeyqqk8,joy,joy,0.0044669257,0.00048925204,0.00056862994,0.9050703,0.00063712266,0.08876774
eeyqyid,joy,joy,0.00062474865,0.00021851585,0.00029745945,0.99783546,0.00016903062,0.00085479475
eeyra7d,joy,joy,0.0005317625,0.00023048373,0.0003911141,0.99740523,0.0002665257,0.0011749218
eeyrhkg,joy,joy,0.00052228826,0.0001832943,0.0002453832,0.996628,0.00030410234,0.002116958
eeyrku1,anger,anger,0.9742857,0.0036368778,0.0007712381,0.011088557,0.005352731,0.0048648757
eeyrsf5,surprise,surprise,0.007020199,0.00040093015,0.0006911542,0.0024902122,0.0012479449,0.9881495
eeyryu0,joy,joy,0.00052132807,0.00017789792,0.00029251078,0.99813974,0.00017797938,0.00069055165
eeys46e,joy,joy,0.00058379106,0.00018102673,0.00030791276,0.9970673,0.00025785092,0.0016020554
eeyuon1,joy,joy,0.00047572053,0.0002086463,0.00030338348,0.9979323,0.0003032357,0.00077674474
eeyw926,surprise,surprise,0.16601583,0.061621383,0.011098708,0.12874718,0.033476025,0.59904087
eeywiv1,joy,joy,0.0007320692,0.00015199879,0.00023020315,0.9978046,0.00018481667,0.0008962509
eeywo5q,joy,joy,0.0006276503,0.0001779598,0.00024458836,0.99802136,0.00018591777,0.00074255746
eeywzad,surprise,surprise,0.004657055,0.00046337498,0.0006782743,0.012361104,0.0009992576,0.980841
eeyx89b,fear,surprise,0.014481472,0.0027599055,0.31128266,0.023599712,0.007213304,0.64066297
eeyygnj,joy,joy,0.08131579,0.001260668,0.0013527633,0.6796315,0.005811793,0.23062754
eeyzyft,joy,joy,0.0026224207,0.00022910206,0.0003157426,0.9956235,0.00043507537,0.0007741993
eez0ieh,joy,joy,0.0019007601,0.00014516192,0.00028463424,0.9954946,0.00028780985,0.0018869694
eez15uk,joy,joy,0.0010207123,0.00015849854,0.00028345728,0.99614245,0.00030756262,0.0020872704
eez1bbz,joy,joy,0.00065482105,0.00018707232,0.00028165113,0.997059,0.00028834952,0.0015291588
eez2i1x,surprise,surprise,0.0031675363,0.00047577478,0.0008078616,0.0025254223,0.0010182019,0.99200517
eez329z,joy,joy,0.00079128955,0.00015775565,0.00024278884,0.9975654,0.00020966383,0.0010330725
eez3qgq,anger,anger,0.94217956,0.013948614,0.0012076608,0.011682747,0.024946714,0.0060346774
eez3shh,joy,joy,0.0005749653,0.00018216066,0.0002633508,0.99797064,0.00020517842,0.0008036704
eez58cb,joy,joy,0.0006239411,0.00018638962,0.00027788503,0.998024,0.00017714697,0.00071063644
eez5aha,surprise,joy,0.0026840477,0.00045536255,0.0007741407,0.9022308,0.0007712006,0.093084514
eez5ixf,joy,joy,0.0011690634,0.00018694224,0.00028626763,0.99655294,0.00031139917,0.0014933262
eez5rv9,joy,joy,0.0013158268,0.00017955751,0.0002891505,0.996879,0.00030552328,0.0010309444
eez6d7q,anger,disgust,0.14585926,0.6434724,0.18032245,0.018300796,0.00785079,0.004194306
eez78sa,joy,joy,0.0006815665,0.00021325254,0.00025703473,0.99758244,0.00024290067,0.0010227641
eeza80x,joy,joy,0.00046450953,0.00014793155,0.00042398748,0.9955478,0.00037709958,0.0030386762
eezaats,joy,joy,0.0013234217,0.00020300604,0.00030916312,0.99605453,0.0004556292,0.0016541535
eezbey1,joy,joy,0.00042131453,0.00019393493,0.0004932966,0.9963722,0.0003258468,0.0021933697
eezbpwv,sadness,sadness,0.009273754,0.001573359,0.0017105262,0.00498497,0.96536595,0.017091367
eezbzcz,surprise,surprise,0.25386977,0.0019267005,0.001818337,0.0037501256,0.026101759,0.71253335
eezdk5s,anger,joy,0.05965717,0.0008077816,0.001365209,0.92020905,0.0032640204,0.014696752
eezerbr,surprise,surprise,0.008513338,0.00222459,0.0059649213,0.23112422,0.015582585,0.73659027
eezev4f,joy,joy,0.00065512344,0.00016304957,0.00024504925,0.9975647,0.00021073135,0.0011613494
eezezkf,joy,joy,0.00046473247,0.00016600986,0.00026104916,0.9981432,0.00021799745,0.0007470098
eezezsb,joy,joy,0.00049688475,0.0001866126,0.0002799352,0.9978409,0.00020733931,0.0009882473
eezfe7j,joy,joy,0.0010154503,0.00020841826,0.00034992318,0.99124473,0.00081546354,0.006366008
eezfq6d,fear,fear,0.008397996,0.003718666,0.96921396,0.01005238,0.0036789419,0.0049380437
eezgkw2,joy,joy,0.0005695866,0.00016023085,0.0002362052,0.998014,0.00021226145,0.00080772315
eezh1ze,joy,joy,0.0005569058,0.0001729482,0.0002342863,0.9977653,0.00018884394,0.0010816208
eezhme9,joy,joy,0.00062707806,0.00020695433,0.0002518916,0.99789906,0.00017900004,0.0008360116
eezht43,joy,joy,0.0007508638,0.00016828899,0.000281977,0.99745315,0.00018712576,0.0011585983
eezi9kz,joy,anger,0.9161649,0.0035649256,0.0011315419,0.03909787,0.01653309,0.02350764
eezjmqm,joy,joy,0.00040835084,0.00018758047,0.0003088709,0.99785185,0.00019979019,0.0010435872
eezkceh,anger,surprise,0.36309144,0.003498317,0.002101447,0.006569362,0.052368347,0.5723711
eeznhdw,joy,joy,0.0055443714,0.00041999726,0.002436789,0.97840273,0.0032292737,0.009966824
eezosy1,anger,anger,0.94643986,0.004959077,0.0006494214,0.015646027,0.025570363,0.006735237
eezqxnu,surprise,surprise,0.01031919,0.0007175524,0.0016127032,0.005105469,0.0043777702,0.97786725
eezr30s,joy,joy,0.0004945669,0.00018252328,0.00026932138,0.9978891,0.00018076708,0.0009837913
eezr6bf,anger,anger,0.7940334,0.004294762,0.001951177,0.08482465,0.07787132,0.037024695
eezrnk8,joy,joy,0.00073555356,0.00017623941,0.00022754497,0.9980792,0.00021082978,0.00057060353
eezs0s5,joy,sadness,0.043010518,0.004724299,0.029979242,0.1886407,0.6690932,0.06455207
eezs293,joy,joy,0.0017421489,0.00079175027,0.0011950218,0.8355882,0.0015114307,0.15917142
eezsisy,disgust,disgust,0.0495511,0.92487276,0.011019169,0.0040693446,0.008828333,0.0016592795
eezso4p,anger,anger,0.91316164,0.003656789,0.0020306688,0.03851106,0.0052990797,0.037340842
eeztbjr,joy,joy,0.0055352887,0.00038452554,0.0018935796,0.9456326,0.02137665,0.025177386
eeztz9h,joy,anger,0.8547781,0.00597528,0.0013199935,0.07791989,0.052574653,0.007432063
eezu6jv,joy,joy,0.0010283377,0.00022716179,0.00031266667,0.9970933,0.0002475436,0.0010908794
eezu6ty,joy,surprise,0.008619916,0.0015380544,0.01012091,0.13335365,0.036996208,0.8093713
eezuc6a,joy,joy,0.00054626976,0.00013911215,0.00022701171,0.99752706,0.00021085971,0.001349744
eezvi5f,joy,joy,0.0012895204,0.00016817624,0.00033264302,0.9929055,0.00037966843,0.004924411
eezw7id,sadness,sadness,0.0032156827,0.0011240127,0.002342591,0.0029560039,0.98809,0.0022717973
eezxm7h,joy,joy,0.0005443449,0.00017020987,0.0002636946,0.9976604,0.00020961645,0.0011516778
eezybgx,joy,surprise,0.0041023195,0.0009572314,0.0027547567,0.4181338,0.0124161495,0.56163573
eezye6a,joy,joy,0.007194448,0.00024546988,0.0005866577,0.9847365,0.00088288804,0.006354066
eezz1zn,joy,joy,0.0029250854,0.00025927104,0.00044745867,0.9845861,0.0034940543,0.008288038
eezzt7a,anger,anger,0.98189527,0.0029522313,0.00075675314,0.0029391516,0.006910439,0.0045461534
ef010xk,sadness,sadness,0.008676268,0.0027952848,0.02736684,0.1354047,0.8146951,0.0110617615
ef01ljc,anger,anger,0.89741755,0.0022430837,0.00080062007,0.085667014,0.004327638,0.009544049
ef025pn,surprise,surprise,0.061205614,0.0005784938,0.0006206839,0.008761582,0.005782233,0.9230515
ef0283o,joy,joy,0.005785744,0.0002134686,0.0003309209,0.98898965,0.001048314,0.0036320162
ef02crp,anger,anger,0.6651652,0.0029140892,0.002082274,0.26776356,0.02924209,0.032832827
ef02iwm,joy,joy,0.0005063709,0.00016238568,0.0002503465,0.9980725,0.00019747876,0.00081083615
ef02l2i,joy,joy,0.0005692816,0.0001489059,0.00028738272,0.99792105,0.00024541936,0.0008280069
ef03evh,joy,joy,0.0031233663,0.000427912,0.00074132986,0.93603784,0.0023478647,0.057321712
ef0483u,anger,anger,0.87656564,0.07979839,0.0036618065,0.021235442,0.013499836,0.005238816
ef055c8,joy,joy,0.008408658,0.00035846123,0.00049799937,0.89932346,0.0019540798,0.089457236
ef07bpz,anger,anger,0.97698146,0.0037791866,0.00079727714,0.006928001,0.0062647974,0.005249306
ef09ymh,surprise,surprise,0.0023974066,0.00095861836,0.0031970406,0.012831904,0.0052486043,0.9753665
ef0b5zr,surprise,surprise,0.0023275798,0.0015884496,0.0031648334,0.258345,0.0033923835,0.7311818
ef0b7uf,joy,joy,0.0010929081,0.00033400848,0.0005272375,0.9940456,0.00061234157,0.0033877853
ef0b88x,joy,joy,0.0005617837,0.00021922271,0.0003325003,0.9978302,0.00015283546,0.000903431
ef0bcca,joy,joy,0.0005852279,0.0001775964,0.0003935773,0.9972029,0.000512438,0.0011282047
ef0bny0,joy,joy,0.00043095983,0.0001602083,0.00030320225,0.9965868,0.0003787329,0.0021400838
ef0c7ok,joy,joy,0.0014044291,0.00019953055,0.0002451708,0.9966899,0.00042309333,0.0010378158
ef0dh6q,joy,joy,0.0012339398,0.00021711935,0.0003129364,0.9963075,0.00025790153,0.0016705907
ef0ea59,surprise,anger,0.5697308,0.004679501,0.0022799904,0.1436928,0.052657325,0.22695966
ef0gag3,joy,joy,0.0005348311,0.00015582204,0.0002612227,0.9980889,0.00024929066,0.0007098861
ef0gar6,surprise,surprise,0.0075786053,0.000891525,0.0017891352,0.35547453,0.003175729,0.63109046
ef0gdxn,joy,joy,0.0011452914,0.00018270609,0.0019153763,0.98907846,0.0013709808,0.0063071423
ef0gn36,joy,joy,0.04338455,0.0006333953,0.0010840468,0.8302268,0.00628106,0.1183902
ef0he5j,anger,anger,0.9605045,0.0052771927,0.0032445835,0.0076913596,0.0128829805,0.010399344
ef0hx65,joy,joy,0.004263582,0.000178897,0.00023721732,0.993299,0.0004896416,0.001531607
ef0jf2m,anger,anger,0.6932753,0.22716838,0.01310343,0.011201579,0.039898973,0.015352356
ef0lc7t,joy,joy,0.0007930192,0.00017738876,0.00035120363,0.9966545,0.0003352647,0.0016885402
ef0o7j9,surprise,surprise,0.009145789,0.0013988339,0.0028451888,0.20912197,0.002488721,0.7749996
ef0ofn2,joy,joy,0.0016136555,0.00018233429,0.0003909296,0.9927659,0.00069696334,0.0043502273
ef0pkfb,joy,joy,0.002781964,0.00026716926,0.00030072904,0.9947805,0.000604421,0.0012651683
ef0q5g0,surprise,surprise,0.004231143,0.00067117595,0.0011325906,0.0031976455,0.002454293,0.98831314
ef0qz4l,surprise,surprise,0.19007485,0.051250953,0.09159444,0.035926588,0.20544049,0.42571273
ef0r319,joy,joy,0.004236868,0.0002454672,0.0002365636,0.992469,0.00052705425,0.0022851322
ef0r6br,joy,joy,0.0015757991,0.00020324372,0.00021222142,0.99642783,0.0002578264,0.0013231201
ef0ras9,joy,joy,0.0011135092,0.00019526122,0.0003122373,0.9946108,0.00043460008,0.0033336438
ef0smtv,disgust,joy,0.22560295,0.0025863792,0.0014608137,0.72759056,0.028056948,0.014702272
ef0t8i2,anger,anger,0.97198445,0.0059260223,0.0019019962,0.011773121,0.0056178765,0.002796528
ef0te62,anger,anger,0.9329087,0.0016920276,0.0006677582,0.0039456226,0.010131047,0.050654914
ef0ugh9,joy,joy,0.0068775993,0.00033991123,0.00051278685,0.97922176,0.00067750114,0.012370516
ef0uuld,joy,joy,0.0008420829,0.00015184698,0.000239954,0.9977591,0.00018148903,0.0008254735
ef0v6fi,fear,fear,0.013773935,0.007511135,0.95764965,0.0065120608,0.006369124,0.008184027
ef0w2ii,sadness,sadness,0.004807505,0.00093597476,0.0030599448,0.0107492525,0.9460217,0.034425747
ef0wfys,joy,joy,0.0006818333,0.00020700971,0.0002686985,0.9972994,0.00025358063,0.0012895056
ef0xcf6,joy,joy,0.0007361298,0.0001574072,0.0002724859,0.9976949,0.00030282806,0.00083613116
ef0xjkr,joy,joy,0.0006358593,0.0002490626,0.0005048251,0.9952615,0.00034974964,0.0029990114
ef0ybw4,joy,joy,0.0004438799,0.00019643625,0.00044893514,0.9955428,0.00048573254,0.0028822056
ef0yetq,joy,joy,0.07253018,0.0010736817,0.0009621567,0.8687692,0.0084695425,0.048195235
ef0z6q5,joy,joy,0.0055302875,0.0009837179,0.0009948919,0.89013803,0.0012033676,0.10114975
ef0z8va,anger,sadness,0.09499536,0.004694461,0.006231624,0.07736435,0.7130224,0.10369183
ef0z8wh,anger,anger,0.98057544,0.0039668866,0.0005946994,0.006759923,0.0048552835,0.0032476638
ef0zqce,joy,joy,0.4244786,0.0032421704,0.0015401851,0.52984583,0.016106227,0.024786979
ef0zwnl,joy,joy,0.0043104403,0.00113952,0.0017806201,0.972409,0.00064830505,0.019712111
ef10ar6,joy,joy,0.0015136932,0.00025606647,0.0007642411,0.986844,0.0013577163,0.00926427
ef10zw8,surprise,surprise,0.1414363,0.00093335356,0.0010461272,0.010976197,0.0063967896,0.83921117
ef123rl,surprise,surprise,0.075020984,0.0069361445,0.004042092,0.3657623,0.090576716,0.4576618
ef12dgc,joy,joy,0.03280389,0.0005602717,0.0009263848,0.92309403,0.020306572,0.022308856
ef12e0z,joy,joy,0.0005829405,0.000146042,0.00023430237,0.99812883,0.0002696215,0.00063826196
ef12kg3,joy,joy,0.0013561405,0.00017906868,0.0009487415,0.9955189,0.00036011092,0.0016370756
ef13tf0,joy,joy,0.00067796017,0.0001982322,0.00036887804,0.99131,0.00055055995,0.006894386
ef145n0,joy,joy,0.0034572105,0.00023935743,0.00024515024,0.99456394,0.00036070167,0.0011336152
ef15hrv,anger,anger,0.9017943,0.0049329544,0.0017275293,0.006494123,0.018858692,0.06619234
ef15q9n,joy,joy,0.0013335,0.00020419454,0.0004685552,0.99198395,0.0025365134,0.0034732427
ef173ol,anger,anger,0.788817,0.0021315846,0.0013825848,0.057120573,0.033322915,0.11722531
ef184ws,anger,sadness,0.29638565,0.14965832,0.12299355,0.07906826,0.29771876,0.054175388
ef18ng0,fear,fear,0.007925491,0.0037207948,0.96848553,0.010726033,0.0038457213,0.0052965027
ef18or6,joy,joy,0.0010800282,0.0003597783,0.0007734645,0.9894772,0.0058280523,0.0024813742
ef18p9c,sadness,sadness,0.0032114116,0.0014234317,0.0022395526,0.007785403,0.9835302,0.0018100794
ef1arco,joy,joy,0.004005585,0.00035414303,0.0002718177,0.9936475,0.0004263921,0.0012944198
ef1bsj0,joy,joy,0.045784168,0.0046250513,0.0014744228,0.6003687,0.34160548,0.006142257
ef1cif7,joy,joy,0.00048264695,0.00016188377,0.00025295356,0.9978575,0.00020961787,0.0010353735
ef1cn9z,anger,anger,0.74451554,0.027667727,0.003361818,0.013996171,0.18913254,0.021326173
ef1d12n,joy,joy,0.00038680492,0.0001362111,0.0002745163,0.9975527,0.000316473,0.0013333518
ef1de8u,joy,joy,0.0018370104,0.00028170232,0.0002300942,0.99605393,0.00035069959,0.0012466399
ef1dqo9,joy,joy,0.0006954743,0.00017293061,0.00025949985,0.99764854,0.0002072272,0.0010163954
ef1ejfs,anger,anger,0.6648423,0.043885566,0.0042045237,0.009684368,0.26250657,0.014876715
ef1f30q,surprise,fear,0.0063158865,0.0041169454,0.9753652,0.005531857,0.0031983429,0.00547178
ef1fkaq,joy,joy,0.0017361615,0.00053759164,0.000651409,0.97677034,0.018378528,0.0019260049
ef1gvfa,joy,joy,0.0046611996,0.00020476307,0.00028430487,0.9929053,0.00052440795,0.0014200138
ef1hve3,surprise,surprise,0.01534918,0.0005965509,0.0012421312,0.03101911,0.008228382,0.94356465
ef1i6pb,anger,joy,0.03250805,0.0019570845,0.0070059625,0.47346026,0.13532126,0.3497474
ef1ih8v,joy,joy,0.0014236106,0.00013989536,0.00034578663,0.9967996,0.0003632056,0.0009278721
ef1j1r7,fear,anger,0.4174263,0.009613242,0.0040868707,0.013662493,0.33912355,0.21608756
ef1mw2n,sadness,sadness,0.37127572,0.0060867616,0.0047938474,0.007208534,0.5656317,0.045003437
ef1np3w,joy,joy,0.009190883,0.00032514613,0.00056262594,0.978001,0.0022719065,0.009648409
ef1psah,joy,joy,0.029738542,0.0005309612,0.000585909,0.9555885,0.0008536355,0.012702422
ef1qbhg,joy,joy,0.0013171098,0.00018356742,0.00020667739,0.9962017,0.0002298417,0.0018611195
ef1rp4q,joy,joy,0.0005932181,0.00014357883,0.00023047386,0.99798477,0.0002559728,0.0007920115
ef1ssr1,joy,joy,0.0007238743,0.000192813,0.0003057302,0.9923375,0.00033287122,0.006107183
ef1tgeg,surprise,surprise,0.004909624,0.0003298587,0.0011179214,0.0034175296,0.00355701,0.9866681
ef1ugt2,joy,joy,0.0004990339,0.00019893966,0.00029045925,0.99789894,0.00017705048,0.0009355927
ef1uq8d,sadness,anger,0.6496657,0.0024476738,0.0015585473,0.014036815,0.19585133,0.13643989
ef1uso1,joy,joy,0.00050725305,0.00016963905,0.0003204799,0.99573237,0.0007454526,0.0025248125
ef1w06u,surprise,surprise,0.013989636,0.0022004484,0.0039391248,0.13241138,0.017014036,0.8304454
ef1xiyl,fear,fear,0.00580966,0.0041374355,0.9774774,0.0054416973,0.0031781408,0.0039557
ef1xvp1,surprise,surprise,0.004488784,0.00036461602,0.0007709835,0.0048718345,0.0011632515,0.9883405
ef1ze81,joy,joy,0.017531745,0.0024690898,0.0033906584,0.859961,0.0027785145,0.11386903
ef1zyty,joy,joy,0.0005541088,0.00016373507,0.00022931922,0.99785405,0.00020956818,0.0009891231
ef209er,joy,joy,0.00062948774,0.00014313559,0.00026455073,0.99723697,0.00037286078,0.0013529846
ef21d4l,joy,joy,0.009944662,0.00047400073,0.00082288147,0.91543573,0.0010982457,0.07222458
ef21kvg,anger,anger,0.86827177,0.0045044785,0.0014652308,0.09447785,0.019075083,0.0122055495
ef21s9b,anger,anger,0.89655185,0.00829303,0.0020416558,0.01879466,0.047351822,0.026966974
ef21ym0,joy,joy,0.0351763,0.00059679605,0.00041656426,0.9582957,0.0016796227,0.0038350197
ef22ija,joy,joy,0.00094165956,0.00027553726,0.00038731782,0.9954899,0.0004248705,0.0024807272
ef22xs3,joy,joy,0.022701703,0.0010459422,0.00086714927,0.96061236,0.009685149,0.0050876997
ef23px4,surprise,joy,0.0038744544,0.0012117038,0.009520433,0.88729155,0.013803468,0.084298365
ef245tb,surprise,surprise,0.0044656387,0.00031471584,0.00060606917,0.0057554804,0.0018670765,0.986991
ef245u6,anger,joy,0.14558017,0.0037440988,0.0017540759,0.7501267,0.004150403,0.094644524
ef24dvp,joy,joy,0.002588687,0.0007593384,0.0014604853,0.7324921,0.001685667,0.26101378
ef2642s,joy,joy,0.0011450663,0.00019282682,0.00029726478,0.99395245,0.00041969295,0.0039926325
ef268pc,joy,joy,0.0015212303,0.00022231517,0.00038238495,0.99550086,0.0005206806,0.0018526115
ef26gff,joy,joy,0.00065629877,0.00016206705,0.00022454586,0.9978781,0.00018958007,0.00088950415
ef27377,joy,joy,0.00084821886,0.00012647708,0.00018908037,0.99739134,0.00033884792,0.0011060196
ef27n0i,joy,joy,0.0064105927,0.00039652793,0.00029705736,0.99132943,0.000859635,0.00070679584
ef284g2,joy,joy,0.0006510679,0.00015086775,0.00024148937,0.9942542,0.00027063483,0.004431794
ef284hn,surprise,fear,0.037157,0.010399066,0.3285915,0.14285997,0.26255172,0.21844074
ef28b6o,joy,joy,0.0005351632,0.00021380118,0.00032140018,0.99736387,0.00023834986,0.001327478
ef28hya,joy,joy,0.00073028525,0.00018040703,0.00026320486,0.99587965,0.00038178693,0.002564765
ef2ba1p,surprise,joy,0.05764042,0.0011531584,0.0008738181,0.8175633,0.0097242,0.1130452
ef2bgwu,joy,joy,0.00041166876,0.000159449,0.00029760858,0.997973,0.000268242,0.00088994775
ef2ciud,anger,joy,0.10987777,0.0020532191,0.0014923689,0.62720567,0.063653044,0.19571796
ef2dmhu,surprise,surprise,0.0036706324,0.0012701242,0.0026435812,0.46705782,0.003045645,0.52231216
ef2dscn,anger,anger,0.85098106,0.011194354,0.0019100466,0.08588006,0.034260735,0.015773786
ef2ed3k,joy,joy,0.0012836199,0.00022022435,0.00028343947,0.9971757,0.00020602201,0.00083101494
ef2epu3,joy,anger,0.4437385,0.014667731,0.40709612,0.08895206,0.02481293,0.02073261
ef2es5y,surprise,surprise,0.008297369,0.0005959495,0.0014193987,0.003092637,0.008372228,0.9782225
ef2f4rk,anger,sadness,0.0064593735,0.000963014,0.002593647,0.018274082,0.95860535,0.013104482
ef2ff1q,anger,anger,0.92800385,0.0040681725,0.0014513722,0.046515062,0.0116406465,0.008320774
ef2fwvf,anger,anger,0.97690946,0.00376046,0.00084262487,0.008879164,0.007283744,0.002324467
ef2inmm,joy,joy,0.0007050023,0.00017752327,0.0002665466,0.9978041,0.00023230897,0.00081446813
ef2irge,joy,surprise,0.028656436,0.0012851969,0.0013866492,0.46612626,0.011549324,0.49099606
ef2k1v0,surprise,surprise,0.006684271,0.00037730706,0.00062021834,0.007120926,0.001160875,0.9840364
ef2msto,joy,joy,0.0006252486,0.00014828617,0.00021860689,0.9978999,0.00018667096,0.00092126994
ef2mxep,joy,joy,0.00066868844,0.0001336988,0.00023958887,0.99751675,0.0005178117,0.0009234033
ef2mxfa,joy,joy,0.0007549422,0.00018292763,0.0002715969,0.9972045,0.00023700063,0.0013490508
ef2o1a8,joy,joy,0.0020149243,0.00014387317,0.00022652265,0.99486935,0.0005712146,0.0021741
ef2pfnp,anger,joy,0.008454283,0.0010382278,0.008208939,0.74486005,0.18088642,0.056552075
ef2q3rd,anger,anger,0.9640221,0.0044233017,0.0025992242,0.015855514,0.006211904,0.0068879356
ef2qo0n,sadness,joy,0.004809906,0.0014909888,0.002053481,0.8084336,0.17727777,0.0059342147
ef2qr90,surprise,surprise,0.0032022514,0.001461208,0.0022175934,0.40092027,0.0039004006,0.58829826
ef2smqt,surprise,joy,0.010638323,0.00042165598,0.0003336784,0.95851207,0.0021990926,0.027895208
ef2u6pi,surprise,surprise,0.010031561,0.0025090661,0.00616968,0.112082705,0.0068136486,0.86239326
ef2ujm3,joy,joy,0.030587729,0.0007025641,0.0008197928,0.95332044,0.005226353,0.009343066
ef2xyfn,anger,anger,0.93885255,0.0033665025,0.00092364533,0.0065052384,0.03647807,0.013874018
ef2y327,joy,joy,0.0006468616,0.00016155248,0.00027975356,0.9978765,0.00027325845,0.0007620134
ef2z45y,joy,joy,0.0014895495,0.00015447279,0.00046260876,0.98847884,0.0008311812,0.008583423
ef2zpuf,joy,joy,0.00073551084,0.00011836934,0.000356713,0.9954314,0.000491455,0.0028664842
ef304jo,joy,joy,0.0007106909,0.00016376855,0.00023702078,0.9967559,0.0002219301,0.0019106063
ef30dyy,anger,joy,0.25031492,0.002004216,0.0013016831,0.69819057,0.012621382,0.035567243
ef32sdd,sadness,fear,0.06861157,0.034034543,0.80798894,0.033990163,0.043323837,0.012050905
ef33371,joy,joy,0.0005962056,0.00019229892,0.00024410988,0.9978241,0.0001891173,0.00095428707
ef335nm,joy,joy,0.07463919,0.0030352806,0.008045356,0.8120854,0.025461005,0.07673371
ef33atv,joy,joy,0.00055550394,0.00013374342,0.0002403608,0.99781346,0.00024171265,0.0010151818
ef33opm,joy,joy,0.0033259282,0.0003606221,0.0012021357,0.9694164,0.005410818,0.020284101
ef33st6,surprise,surprise,0.0029164797,0.00054608635,0.0007987615,0.01415074,0.0011184397,0.9804694
ef34ssp,anger,anger,0.9613213,0.004443835,0.0012666342,0.011840083,0.0049424493,0.01618571
ef35f43,anger,anger,0.9794501,0.0020822752,0.00059737434,0.004513555,0.007365173,0.0059915646
ef36ylm,joy,joy,0.00040266218,0.00019689322,0.0004013979,0.9964418,0.00021467156,0.0023426455
ef3768o,joy,joy,0.00051817513,0.00012555101,0.00032047613,0.99647874,0.00069793814,0.00185921
ef3a7ut,anger,anger,0.5396529,0.009076578,0.014255666,0.2396832,0.08003915,0.117292464
ef3b7e6,joy,joy,0.0014200415,0.00025216726,0.0005663781,0.99551034,0.0014417417,0.0008094078
ef3bvby,joy,anger,0.43028176,0.011420936,0.028946774,0.1599364,0.29545015,0.07396401
ef3cehc,joy,joy,0.0016222198,0.00044575345,0.00086514466,0.9953981,0.00046191242,0.001206791
ef3ckb2,joy,joy,0.004233749,0.00050931,0.00061691337,0.9912627,0.00034119724,0.0030361966
ef3dwfh,joy,joy,0.0015913934,0.0003522034,0.0004042097,0.99588096,0.0002528563,0.0015184066
ef3ek34,surprise,surprise,0.004063341,0.00047728486,0.00068555283,0.0025832283,0.0010734528,0.9911171
ef3esrz,surprise,surprise,0.0054659797,0.00034009287,0.000691027,0.004136785,0.0023548806,0.9870112
ef3fw5k,joy,joy,0.0048882733,0.00016969196,0.00094486226,0.9909247,0.0011176192,0.0019548207
ef3gbyi,joy,joy,0.0011831204,0.00018273771,0.00027975684,0.9951721,0.00066704454,0.002515185
ef3gke1,surprise,anger,0.96207213,0.0031268091,0.0012440623,0.0038781415,0.018071456,0.011607388
ef3glxa,joy,joy,0.0011456865,0.00024542317,0.00034014529,0.99451065,0.0009888093,0.002769269
ef3j15s,joy,joy,0.19529672,0.004713443,0.0035349927,0.42010838,0.3404503,0.035896156
ef3jnxe,anger,joy,0.37445486,0.0017830975,0.00088140817,0.5977196,0.008212936,0.016948067
ef3kalu,surprise,joy,0.00111911,0.00017792477,0.00041243143,0.9913003,0.0005226805,0.006467656
ef3kauv,surprise,surprise,0.0077314884,0.0004426684,0.001358868,0.0029815587,0.002025195,0.9854602
ef3khri,anger,anger,0.9833161,0.0041192705,0.0010036477,0.0026179731,0.003622064,0.0053208815
ef3ku16,joy,joy,0.0004403034,0.0001823495,0.00027036414,0.99789584,0.00022811868,0.000982973
ef3migq,joy,joy,0.08906401,0.0019949595,0.0015976786,0.80002946,0.007955791,0.09935809
ef3mzof,joy,joy,0.002573947,0.0004483186,0.00074645487,0.9430146,0.0018733634,0.051343367
ef3nn64,joy,joy,0.00060235494,0.00017497728,0.00025736212,0.9980027,0.00024740593,0.00071515085
ef3noiu,joy,anger,0.5986643,0.0050745416,0.0019127133,0.07373197,0.060326748,0.26028976
ef3p9xu,sadness,joy,0.0025358272,0.0005483491,0.0015306259,0.95464176,0.03457577,0.006167723
ef3ph1e,joy,joy,0.00065033854,0.0001726025,0.00025734087,0.997729,0.00015493103,0.0010357819
ef3s35d,joy,joy,0.0004976012,0.00015134313,0.00027604893,0.9976229,0.00020814901,0.0012439024
ef3s8ai,anger,disgust,0.381685,0.5853374,0.011395643,0.0062937555,0.011720723,0.0035675615
ef3swyx,joy,joy,0.0010162262,0.00019556272,0.00028451657,0.9967243,0.0004312401,0.001348128
ef3tpw4,disgust,sadness,0.21074294,0.17074849,0.0303874,0.018189305,0.55580103,0.014130797
ef3ueah,joy,joy,0.0006037274,0.00021036367,0.00026325847,0.9979366,0.0001866433,0.00079939706
ef3v9al,joy,joy,0.0010067541,0.00014176573,0.0002737627,0.99739707,0.00031638317,0.00086426287
ef3vol8,surprise,disgust,0.21729574,0.5623494,0.08993155,0.029191652,0.039411698,0.061820023
ef3w0l7,joy,joy,0.0011013035,0.00018849564,0.000314465,0.9969608,0.00024299462,0.001191961
ef3wlut,anger,surprise,0.02124411,0.004418269,0.004041073,0.034965888,0.0077473144,0.92758334
ef3xh0a,joy,joy,0.0014949155,0.00019477135,0.00027884758,0.995611,0.00064799754,0.00177242
ef3yciw,joy,joy,0.0014513553,0.00022553047,0.00025094417,0.99281454,0.00046538934,0.00479231
ef3ys8w,anger,anger,0.95985997,0.020908872,0.0015126746,0.0062272814,0.009113782,0.0023773725
ef3zvz6,anger,anger,0.8014492,0.01662193,0.0033416026,0.11791245,0.038680263,0.02199453
ef40b29,anger,anger,0.48391318,0.005215794,0.0048568067,0.08945776,0.3830443,0.033512156
ef40dbx,sadness,sadness,0.007395008,0.0017508388,0.0014179145,0.041612532,0.9397794,0.008044306
ef41t0w,joy,joy,0.08781966,0.0025262197,0.045951925,0.8377375,0.006219112,0.01974559
ef41v4r,joy,joy,0.0005885039,0.00013763501,0.00022807645,0.9977787,0.00029279423,0.00097429106
ef44go8,anger,anger,0.9208607,0.007959388,0.0012075895,0.02642783,0.026773343,0.016771102
ef45pxs,surprise,surprise,0.0036121192,0.0004167863,0.0013077233,0.0040189833,0.0046899933,0.98595434
ef462vc,anger,surprise,0.23960496,0.0030149515,0.0015922935,0.09688785,0.01737807,0.6415218
ef464sd,surprise,surprise,0.004504033,0.0004723698,0.00086343265,0.008712958,0.00084752246,0.98459953
ef464wm,joy,joy,0.0006635034,0.0002503397,0.00049455545,0.9881173,0.00042029878,0.0100540705
ef46bel,joy,joy,0.0005462016,0.0001611433,0.00030480837,0.9971942,0.00021004184,0.0015835366
ef46end,joy,joy,0.0067687742,0.00048811315,0.00043273205,0.9796632,0.009824765,0.0028224457
ef4703k,sadness,sadness,0.2650296,0.0057280483,0.0023582794,0.011994481,0.6244443,0.09044529
ef47nlb,joy,joy,0.0029659674,0.00018559583,0.00022309575,0.9950293,0.00034972274,0.0012463834
ef489tq,anger,joy,0.11953174,0.0009781877,0.0005990003,0.8625519,0.009932475,0.006406683
ef492t3,joy,joy,0.0008468925,0.0002120902,0.00028870464,0.99636465,0.0004482093,0.0018395517
ef4aesn,sadness,sadness,0.06335507,0.0062610107,0.006596399,0.07740144,0.8047759,0.04161017
ef4ao4f,surprise,surprise,0.0053716875,0.00033260195,0.00094155606,0.0070291907,0.0031384649,0.9831865
ef4awhr,joy,joy,0.00066080765,0.00014106509,0.00022894547,0.9973018,0.0002488455,0.001418543
ef4b8oj,sadness,joy,0.03383042,0.0032342167,0.13479121,0.5897948,0.18248701,0.055862326
ef4be7x,joy,joy,0.0005309729,0.00016654971,0.00025562436,0.99760675,0.00019181073,0.0012482987
ef4byo4,anger,anger,0.984625,0.0022600694,0.00086610764,0.0034371899,0.004799715,0.0040119323
ef4c8qd,joy,joy,0.00044306132,0.00020927346,0.00027769108,0.9968995,0.00022004664,0.0019504108
ef4d2no,surprise,joy,0.16603018,0.0008461744,0.0015903648,0.69969285,0.0072309207,0.12460951
ef4dib4,joy,joy,0.0036564267,0.0013531554,0.0027108754,0.86554104,0.11970298,0.007035557
ef4dp8e,joy,joy,0.0005166013,0.00013324553,0.00026717802,0.9979241,0.00031169708,0.0008470653
ef4e3zp,sadness,sadness,0.0027392649,0.0014852699,0.0032226415,0.006970342,0.97310895,0.012473428
ef4eh5e,joy,joy,0.0016156989,0.00019823766,0.00026975133,0.99668473,0.00028865752,0.0009429373
ef4fmqc,joy,joy,0.00056777516,0.00016409623,0.00027651168,0.9976375,0.00021590292,0.0011381203
ef4g6zx,sadness,sadness,0.029459614,0.009439149,0.015984906,0.0064008324,0.90958565,0.029129878
ef4gecy,joy,joy,0.0005438514,0.00017884563,0.00027665778,0.9976203,0.0002082404,0.0011721944
ef4hd8o,joy,joy,0.0021216783,0.00019223233,0.00029992053,0.99452835,0.00041213716,0.0024457183
ef4i1lz,joy,joy,0.0021572453,0.00044516704,0.0004904617,0.9452311,0.00053128414,0.051144842
ef4i6i0,joy,joy,0.0035084847,0.00016725415,0.00024173882,0.99424994,0.00045544934,0.001377073
ef4in4l,sadness,sadness,0.0045428025,0.0017066756,0.0017303904,0.009174622,0.9755113,0.0073342533
ef4ivfd,surprise,surprise,0.008043906,0.00046795502,0.000698059,0.0018811679,0.0012219928,0.98768693
ef4ixny,surprise,joy,0.0032544315,0.00068298023,0.0012334547,0.66491115,0.0018018273,0.32811618
ef4jch9,joy,joy,0.0009376845,0.00022317002,0.00029043056,0.9866911,0.0003251254,0.011532552
ef4jj65,sadness,sadness,0.0042421054,0.0014840417,0.0017637267,0.0035699664,0.98772496,0.0012150828
ef4k1i7,joy,joy,0.00081948645,0.00016473614,0.00032459342,0.99620664,0.0011507578,0.0013337558
ef4lyyq,joy,joy,0.00079727307,0.00018121838,0.00022886663,0.99706775,0.00022964344,0.0014952756
ef4m4kv,joy,joy,0.43056035,0.0013628597,0.0013954605,0.4987143,0.015236516,0.05273054
ef4mktw,sadness,sadness,0.006267163,0.0024699871,0.002860205,0.027976662,0.9534595,0.0069665005
ef4n48q,joy,joy,0.0005845817,0.00013016268,0.00022730367,0.9978769,0.00025149714,0.00092961086
ef4n4vp,sadness,anger,0.7399661,0.0045689093,0.0013937497,0.03548515,0.21001045,0.0085756965
ef4n7vb,joy,surprise,0.009246296,0.0012377821,0.0040603024,0.4143732,0.009779213,0.5613032
ef4oweb,joy,joy,0.049736388,0.0032944137,0.0020569959,0.93719786,0.0055613304,0.0021529929
ef4qayy,joy,joy,0.0028555724,0.00032099127,0.00030022772,0.9954787,0.0003193799,0.00072523445
ef4rb72,surprise,joy,0.016950907,0.0007044834,0.001253962,0.52830267,0.003725621,0.4490624
ef4rdyh,anger,anger,0.72689456,0.22652233,0.007964792,0.003737014,0.030969903,0.003911449
ef4rk55,joy,surprise,0.09237872,0.009950162,0.013710446,0.16445535,0.086554915,0.6329504
ef4rxxi,sadness,sadness,0.004844917,0.00095600024,0.0011735763,0.0065268734,0.9764031,0.010095561
ef4sy2k,joy,joy,0.00048280047,0.00016212187,0.00027891656,0.9979366,0.00022281555,0.0009167926
ef4tl6l,joy,joy,0.0010141389,0.00020521707,0.0002475074,0.99738795,0.00024036784,0.00090483564
ef4tymt,anger,anger,0.9546979,0.0023249304,0.0006686843,0.004315374,0.009184401,0.028808663
ef4tyt6,joy,joy,0.0011289312,0.00019291496,0.00021951989,0.9975204,0.00022251671,0.0007157064
ef4u0a4,joy,joy,0.0010696962,0.00018066322,0.0002319985,0.99754024,0.00022180373,0.0007555771
ef4u1z2,anger,anger,0.9831924,0.0020875616,0.0005674859,0.004750917,0.004173077,0.0052285115
ef4ua8p,anger,anger,0.9477618,0.02019099,0.0013792383,0.0024598183,0.024026545,0.004181611
ef4uq4t,fear,fear,0.0061353156,0.004846448,0.9764364,0.004963796,0.0037336687,0.0038843418
ef4uslb,anger,anger,0.73997205,0.0014102659,0.00087643816,0.22427373,0.010779716,0.022687778
ef4uwoi,joy,joy,0.00059873424,0.00012912352,0.0002520162,0.9973098,0.00027102578,0.0014392096
ef4x5ph,joy,joy,0.00055505254,0.00020674721,0.00029574978,0.99648595,0.0006981486,0.0017583646
ef4xaa7,joy,joy,0.0018250243,0.0006559241,0.0013045174,0.9007122,0.001493416,0.094008975
ef4xkr4,surprise,surprise,0.008282624,0.00093349355,0.0011796086,0.031282417,0.005708871,0.952613
ef4xlch,joy,joy,0.007864784,0.00072853337,0.00081671355,0.9158599,0.003519624,0.07121047
ef4xz9j,anger,anger,0.9528728,0.0024662637,0.00060550286,0.018946994,0.018484494,0.0066239024
ef4zuis,joy,joy,0.002048435,0.0001856971,0.00026237086,0.99415475,0.00074349117,0.0026052454
ef503fd,surprise,surprise,0.0034434611,0.00039731347,0.0006757443,0.0031645386,0.0011920006,0.99112684
ef52xpb,anger,anger,0.96852344,0.0023359072,0.0006497309,0.0034391456,0.005481425,0.019570436
ef53mz4,joy,joy,0.0004789048,0.00014731257,0.00034558805,0.99729556,0.00044015684,0.0012924938
ef56mkv,joy,joy,0.0007537801,0.00017997075,0.00024887678,0.99755186,0.00019456047,0.001070864
ef5713u,joy,joy,0.000615868,0.0002792297,0.00044706522,0.9973833,0.00020472158,0.0010697732
ef57mbr,sadness,fear,0.033733655,0.036094155,0.50531495,0.028837161,0.36003077,0.035989292
ef58vg7,anger,sadness,0.17966124,0.005173666,0.0026694555,0.059170336,0.57670087,0.17662439
ef59p5c,anger,anger,0.9804323,0.0024033964,0.0006112556,0.008752413,0.0046547325,0.0031459325
ef59yap,joy,joy,0.0005376326,0.0001666557,0.00028121154,0.99477094,0.0002935915,0.00394988
ef5abzn,joy,joy,0.0011758083,0.00022752697,0.00026560598,0.9971554,0.00019266533,0.0009829875
ef5asbh,joy,joy,0.0006736148,0.00018609587,0.00027247856,0.996644,0.00026207982,0.0019617598
ef5atuh,joy,joy,0.00087806926,0.00027178557,0.00038827636,0.995352,0.00041448124,0.0026952673
ef5bqzb,joy,joy,0.005950016,0.00028636097,0.0004867737,0.9855298,0.0021812418,0.0055658035
ef5c48g,fear,fear,0.01137943,0.011155013,0.9662125,0.0048144427,0.002679701,0.0037588757
ef5ceh8,sadness,joy,0.009784887,0.0014639085,0.0010781642,0.9224922,0.034900375,0.030280463
ef5cqv9,joy,joy,0.0010715749,0.00022711152,0.00023175085,0.9971246,0.00023732132,0.0011076203
ef5dc8x,anger,anger,0.72973114,0.0056750975,0.0046121916,0.18683636,0.04431338,0.028831892
ef5dwc6,anger,anger,0.96666336,0.0022716231,0.0017754117,0.008060392,0.0139259,0.0073033017
ef5glbc,joy,joy,0.0005218112,0.00013488616,0.00022879399,0.99616396,0.00027159438,0.0026789268
ef5h9tp,surprise,joy,0.0058766967,0.0006976255,0.0009369313,0.88147306,0.00239957,0.10861613
ef5iofe,joy,joy,0.0006597279,0.00019898626,0.00027269518,0.99787486,0.00019568505,0.0007980878
ef5ipm1,anger,joy,0.08792136,0.0013419985,0.002620029,0.805263,0.00559212,0.09726145
ef5iuoe,joy,joy,0.07126353,0.0012858858,0.00077494653,0.9213388,0.0013872754,0.0039495914
ef5j0np,fear,fear,0.009198745,0.0028333003,0.94932693,0.0146788955,0.008756871,0.0152052315
ef5jvg0,joy,joy,0.0007271051,0.00016581964,0.00029021737,0.9974807,0.00031875874,0.0010174942
ef5kcv1,joy,joy,0.002041279,0.00013038247,0.00031940555,0.9952566,0.00034024933,0.0019120884
ef5l4ap,surprise,surprise,0.00221631,0.00037142995,0.0009921663,0.004840557,0.0016232833,0.98995626
ef5lzkr,joy,joy,0.0015252584,0.00012561858,0.0006825047,0.99481636,0.00068724004,0.0021630134
ef5ms6k,anger,anger,0.9345195,0.002963569,0.00080418447,0.049247384,0.0076989303,0.0047662626
ef5oovf,anger,anger,0.91493917,0.006895293,0.0012991392,0.008690458,0.038857132,0.029318776
ef5pa4y,joy,joy,0.0007598489,0.00031171518,0.00044762137,0.9962883,0.00050337357,0.0016891749
ef5pc2m,joy,joy,0.007454156,0.0005538777,0.0011962936,0.8336639,0.010975787,0.14615595
ef5q70p,joy,joy,0.0012406445,0.000120687626,0.00048649617,0.9956014,0.0003876343,0.0021632127
ef5qdea,anger,anger,0.723706,0.0072301747,0.0028025568,0.14575645,0.044098917,0.07640581
ef5qexv,anger,anger,0.80927265,0.040771805,0.023035752,0.004542709,0.09621482,0.026162196
ef5s5hk,surprise,surprise,0.0050813756,0.00044402768,0.0013103215,0.0025179402,0.0021176224,0.98852867
ef5s6wj,joy,joy,0.008936413,0.0007038044,0.00033217223,0.984522,0.0038000837,0.0017055408
ef5tfv7,joy,joy,0.0004544958,0.00018095774,0.0002881121,0.9975231,0.00019347764,0.001359771
ef5ti4i,joy,joy,0.000982311,0.00016627241,0.00021379263,0.9966528,0.00023302356,0.0017518417
ef5unyx,anger,joy,0.020977281,0.0004897383,0.0012919651,0.8996378,0.019693129,0.05791006
ef5v60c,joy,joy,0.0013439015,0.00033915052,0.000259538,0.9933281,0.0013186035,0.003410668
ef5wqa4,joy,joy,0.124763325,0.0015437409,0.0010578978,0.57346106,0.011602991,0.28757098
ef5x085,joy,joy,0.0021700803,0.00030088637,0.00063707156,0.96825135,0.0019675216,0.02667316
ef5y0vh,surprise,surprise,0.024150904,0.0005946047,0.00081265124,0.004082467,0.0016676666,0.96869177
ef5y9zz,joy,joy,0.0033360713,0.00026971352,0.00026662697,0.9934934,0.0005305851,0.0021035993
ef5zvg4,anger,anger,0.8516211,0.0030198216,0.0016170694,0.007566619,0.12077501,0.015400421
ef603fd,joy,joy,0.0009053485,0.00021303873,0.00023691033,0.99716127,0.0002453799,0.0012380839
ef60d6q,fear,fear,0.005090438,0.0038874168,0.96460074,0.014770802,0.006125294,0.0055253124
ef60sbj,anger,anger,0.9351946,0.0027353805,0.0011020488,0.03269861,0.013277137,0.014992153
ef6124l,sadness,sadness,0.016273092,0.0014289514,0.0029458816,0.037193615,0.7663437,0.17581478
ef615f2,anger,anger,0.87537116,0.041993424,0.004916012,0.043479744,0.027113976,0.0071256333
ef621wo,joy,joy,0.0008779464,0.0004788743,0.0005750581,0.99178946,0.00035882244,0.005919789
ef629xy,anger,anger,0.9673909,0.0115307085,0.0017606342,0.010200869,0.005696871,0.0034200465
ef62ims,joy,joy,0.002647184,0.00023087651,0.00028345073,0.995488,0.00043304916,0.00091734977
ef647m3,sadness,sadness,0.0065894546,0.0011660344,0.0012783894,0.06839356,0.9147602,0.0078124283
ef64or1,sadness,sadness,0.005348876,0.0032068351,0.0022723598,0.0033284489,0.9805891,0.0052544842
ef656po,surprise,surprise,0.0022314987,0.00046959886,0.0015787747,0.006729321,0.0009118326,0.9880789
ef65g7z,joy,joy,0.0005025374,0.00016388428,0.00024140964,0.9976553,0.00021140653,0.001225443
ef66r3r,joy,joy,0.00086086855,0.0001858042,0.00035516807,0.9964694,0.00058381836,0.0015449427
ef67mkc,joy,joy,0.0004911209,0.000200125,0.0003632574,0.9975376,0.00026196282,0.0011459249
ef67t9o,surprise,surprise,0.0030619272,0.00035611913,0.0006546916,0.0036624563,0.0008751603,0.9913897
ef67xn0,fear,fear,0.012169363,0.007241263,0.9662258,0.0041144486,0.003144482,0.0071047368
ef697gw,surprise,surprise,0.0026269942,0.0003683391,0.00078295806,0.004087594,0.0010599813,0.99107414
ef69z9d,surprise,surprise,0.020206278,0.00063839986,0.0010475554,0.0024003182,0.0029362848,0.9727712
ef6a58o,joy,joy,0.0007814571,0.00017867042,0.00031723097,0.9953512,0.00029400492,0.0030774407
ef6an0w,anger,anger,0.9723846,0.0026818954,0.0011340985,0.0054445057,0.0081396885,0.010215149
ef6bs84,joy,joy,0.00048045669,0.00017422841,0.00024086113,0.9978035,0.0002456459,0.0010552885
ef6c4f3,fear,fear,0.014661755,0.00738488,0.96471256,0.0057111387,0.0033846174,0.0041450816
ef6e8gu,surprise,surprise,0.002671868,0.00045714495,0.0008399355,0.0038139382,0.0020430482,0.99017406
ef6ejan,anger,anger,0.96183616,0.0015242045,0.0005585396,0.013088408,0.007627123,0.015365525
ef6ezm0,joy,joy,0.14198655,0.0041337702,0.0021638926,0.6705201,0.08663639,0.09455928
ef6f3jd,joy,joy,0.0005516226,0.00015550411,0.00024808827,0.99766386,0.00055719557,0.00082376687
ef6fws0,anger,fear,0.008057589,0.0075814794,0.96804786,0.005108347,0.003361537,0.007843213
ef6g9dl,surprise,surprise,0.06370715,0.0012957285,0.0020738724,0.0038053824,0.017523324,0.91159457
ef6goma,joy,joy,0.0010041373,0.0002754061,0.0005250131,0.97026896,0.0003888741,0.027537579
ef6gvdx,joy,joy,0.00523048,0.00057778653,0.00069514493,0.98218644,0.009849108,0.0014609705
ef6hf7v,joy,joy,0.00079431036,0.00019526601,0.00023455889,0.99522626,0.00023245049,0.0033171375
ef6hgjx,joy,joy,0.00068684545,0.0001772523,0.00025199095,0.9978491,0.00021074741,0.0008241363
ef6hvk6,joy,joy,0.0013261117,0.0003520555,0.00048882863,0.99077445,0.005956956,0.0011015813
ef6ipvq,joy,joy,0.00086842064,0.00023425397,0.00036767172,0.99637634,0.00031998055,0.0018332824
ef6jhmm,surprise,surprise,0.002874462,0.00048228656,0.0006715611,0.003425226,0.00085129816,0.9916951
ef6jmgz,anger,surprise,0.036413092,0.0022615797,0.005008049,0.21549717,0.014701867,0.7261182
ef6k6v6,joy,joy,0.0006180998,0.00014812362,0.00024744112,0.9979836,0.00023025104,0.00077246997
ef6lf2z,sadness,fear,0.04269575,0.008614252,0.8723728,0.019666018,0.01866719,0.037983958
ef6m5ty,sadness,joy,0.008528081,0.004786478,0.03630053,0.614528,0.29473782,0.041119136
ef6mb8l,joy,joy,0.00064443576,0.0001725282,0.00024686154,0.9978828,0.00018490451,0.00086850236
ef6nasx,surprise,surprise,0.004537842,0.0004368043,0.0007508093,0.0020719313,0.0010028372,0.9911998
ef6obiu,surprise,surprise,0.004750186,0.00027558405,0.0011224309,0.012459708,0.0026620184,0.97873
ef6oeue,joy,joy,0.001703255,0.00048437534,0.0005591414,0.9451021,0.00065593387,0.051495142
ef6omhu,sadness,sadness,0.0040291236,0.0012985007,0.0012215254,0.0038093443,0.98666245,0.0029790148
ef6pa0v,anger,anger,0.7212042,0.0157626,0.00400952,0.079921775,0.16392374,0.015178184
ef6pl5j,joy,joy,0.00057432824,0.00018030671,0.00028628024,0.99687433,0.00021707782,0.0018675633
ef6pxrj,joy,surprise,0.26636714,0.0029478478,0.0045414926,0.17754273,0.015373074,0.5332277
ef6qe4j,joy,fear,0.14976604,0.04382487,0.6324787,0.10109854,0.050089363,0.022742443
ef6rtt3,joy,joy,0.00063959,0.00017105341,0.00024046302,0.99790287,0.000268049,0.00077798945
ef6s31f,surprise,sadness,0.0035060411,0.0019865814,0.00873151,0.056791764,0.9230672,0.0059168176
ef6swev,joy,joy,0.00092341064,0.00016459211,0.00022109166,0.99608034,0.00028525048,0.0023253306
ef6txos,joy,joy,0.0006974162,0.00021331967,0.0005726381,0.9967894,0.00021180641,0.00151541
ef6u17c,joy,joy,0.0015753289,0.00016791861,0.0002337782,0.9950073,0.00039238136,0.002623333
ef6xdiq,surprise,surprise,0.0056987633,0.00042436193,0.0007065219,0.0018941843,0.002889581,0.9883866
ef6yb1h,surprise,surprise,0.004992778,0.0004513505,0.0007586846,0.0031488016,0.0009689621,0.98967934
ef6yq1b,disgust,disgust,0.013616667,0.94047296,0.03426411,0.004060929,0.005480893,0.0021043888
ef6yynm,joy,joy,0.003338698,0.00017161013,0.00030888346,0.99101865,0.0019778716,0.0031844105
ef6zbv1,surprise,surprise,0.0052903336,0.00036542,0.00064612046,0.0029697034,0.0017434245,0.98898494
ef6zxuk,joy,joy,0.0006610894,0.00020448175,0.00025813788,0.99595934,0.00029630755,0.0026206183
ef712mo,joy,joy,0.055723395,0.000850211,0.00051352626,0.9389718,0.001965305,0.0019757894
ef71obj,anger,anger,0.6644147,0.002960398,0.0036854977,0.26831898,0.027852245,0.03276823
ef71pfk,joy,joy,0.0010821066,0.00020526159,0.00028055508,0.99679404,0.00021598923,0.001422131
ef71qb5,joy,joy,0.0014504319,0.00038862013,0.00043219092,0.97210747,0.0004906368,0.025130603
ef72ea5,joy,joy,0.001561094,0.00018062643,0.00031971902,0.9887636,0.0015665622,0.007608473
ef72ffo,joy,joy,0.0005340898,0.00017709672,0.00025213094,0.99762577,0.00021167303,0.0011992797
ef72y94,surprise,anger,0.8153456,0.0041852337,0.0024704786,0.10435798,0.026383923,0.047256842
ef73999,anger,anger,0.66017014,0.00222234,0.0016056888,0.20838685,0.08109749,0.046517517
ef73ku9,joy,joy,0.0030191536,0.00044802565,0.00058558385,0.97781825,0.0010007315,0.017128272
ef73u74,joy,joy,0.0006164929,0.00018308834,0.00029833007,0.9964143,0.00021131903,0.0022763591
ef751gu,anger,anger,0.95577013,0.00213355,0.0006504323,0.015924346,0.0072924867,0.018229045
ef75fc6,joy,surprise,0.0622371,0.0046732896,0.0019296726,0.39495322,0.065214165,0.47099254
ef75xoy,joy,joy,0.0007118754,0.00015285282,0.0002730882,0.9972139,0.00023083872,0.0014175631
ef76egq,joy,joy,0.009773781,0.0013830094,0.0021341213,0.5660019,0.004996576,0.41571063
ef76jd9,anger,anger,0.9751474,0.0029975255,0.0006794812,0.009682002,0.0028893058,0.00860434
ef76vdw,disgust,joy,0.052346237,0.0005114496,0.003104884,0.8610079,0.01453806,0.0684915
ef7964j,joy,joy,0.00090650795,0.00016280163,0.00020758921,0.997623,0.00021158869,0.00088855706
ef79hcp,joy,joy,0.0016325857,0.0001575306,0.00022574425,0.9962333,0.00029736414,0.0014534246
ef79xfa,joy,joy,0.0022610326,0.00021069884,0.0002640579,0.9943488,0.00040924674,0.00250618
ef79ylr,joy,joy,0.0008255019,0.00016693887,0.00040584413,0.9971476,0.00028576507,0.0011683056
ef7agj1,joy,joy,0.00974088,0.0007341216,0.0013983146,0.88377887,0.0065959445,0.09775183
ef7amjn,joy,joy,0.022927798,0.00043747982,0.0008330817,0.95806277,0.0032880453,0.014450769
ef7bmss,joy,joy,0.0012686695,0.00020433027,0.00030240044,0.99602866,0.00026297098,0.0019330747
ef7byck,joy,joy,0.0023704597,0.00023271693,0.00037694338,0.99404645,0.001170791,0.001802611
ef7cgjr,joy,joy,0.0022492593,0.00056319014,0.00080538547,0.96170276,0.0007698271,0.03390953
ef7dfoc,joy,joy,0.0053172386,0.00058089633,0.001077616,0.98766464,0.0044806884,0.00087889703
ef7djlb,joy,joy,0.00053739117,0.00016271214,0.00025136615,0.9980459,0.00020689676,0.000795597
ef7e67u,sadness,surprise,0.08492475,0.0018985261,0.0040931776,0.43136865,0.04432616,0.4333887
ef7ffi6,anger,anger,0.9761277,0.0076568336,0.0011459196,0.00734243,0.00414854,0.0035785171
ef7flwe,disgust,disgust,0.050271977,0.81400484,0.06365995,0.007416158,0.05119932,0.013447767
ef7g5dg,anger,surprise,0.21914145,0.0018638026,0.0018467922,0.008560191,0.14708503,0.6215028
ef7ghie,joy,joy,0.027348319,0.0012613992,0.0019962147,0.7122534,0.005908878,0.2512318
ef7h94p,joy,joy,0.0026607034,0.00021074539,0.0002586042,0.9911012,0.00031021883,0.0054586204
ef7hkvf,anger,surprise,0.03255732,0.000605214,0.0009822507,0.012400482,0.0030198302,0.9504348
ef7hpoq,joy,joy,0.001578689,0.00032465873,0.00049259234,0.98195523,0.00096851005,0.01468035
ef7hr99,joy,joy,0.0004771372,0.00016748116,0.00030417464,0.9974821,0.0002149256,0.0013541763
ef7i3ew,joy,joy,0.00050415064,0.00016276378,0.00033723415,0.9979467,0.00024586797,0.00080335565
ef7j41b,joy,joy,0.00044663262,0.00015174404,0.00039247223,0.9972881,0.0003064969,0.0014146318
ef7jlf9,joy,joy,0.0014786299,0.00038023567,0.0003617451,0.99102575,0.00042727,0.0063263346
ef7k88s,anger,anger,0.9413765,0.005650276,0.00075408426,0.028643385,0.01911972,0.00445596
ef7kcvv,anger,joy,0.07467878,0.0019049295,0.0040329164,0.82292604,0.0831304,0.013326927
ef7kl8s,joy,joy,0.0006519241,0.0002128145,0.00030338124,0.99737406,0.00022122054,0.0012366314
ef7l8y6,surprise,surprise,0.0051590297,0.0005413311,0.0006551737,0.018164206,0.0010782885,0.97440207
ef7lman,joy,anger,0.898523,0.01573266,0.002388079,0.04409029,0.025526568,0.013739458
ef7lwnw,joy,joy,0.004448586,0.0003535569,0.0019382763,0.9842056,0.0020692511,0.0069846986
ef7m13x,anger,disgust,0.41020638,0.51699686,0.027494656,0.01755844,0.019834066,0.007909549
ef7mikd,joy,anger,0.96620595,0.0031169986,0.0032833898,0.014411427,0.005677343,0.007304867
ef7nbva,joy,joy,0.0006231398,0.00013249721,0.00022524761,0.99701035,0.00044627194,0.0015624963
ef7o5l3,sadness,surprise,0.03651627,0.0008198138,0.0017078185,0.07003034,0.044204004,0.84672177
ef7o622,joy,joy,0.00048778317,0.00018256769,0.00041077434,0.99571323,0.0007781654,0.0024274702
ef7ojsn,anger,anger,0.9263008,0.0025288586,0.00091065135,0.03949921,0.011840463,0.01891997
ef7pww4,sadness,sadness,0.003097925,0.001144101,0.0017975383,0.003925814,0.98877585,0.0012588773
ef7qwwd,joy,sadness,0.11408644,0.02651445,0.0033635923,0.08484333,0.7610072,0.010184964
ef7r2d2,sadness,anger,0.6574007,0.01229127,0.0023926974,0.22675772,0.03967469,0.06148294
ef7rbgq,anger,surprise,0.20178522,0.0018485609,0.002348862,0.24998406,0.07655648,0.46747681
ef7sdf8,sadness,anger,0.93055326,0.0049670413,0.0013181535,0.016710596,0.034310635,0.012140319
ef7sst3,surprise,surprise,0.0029585687,0.00043097563,0.0007732721,0.0042148805,0.0010501322,0.99057215
ef7tdmb,sadness,sadness,0.004600009,0.0011925581,0.0018338693,0.007156976,0.98227006,0.0029465402
ef7tq87,joy,joy,0.00057989213,0.00018852761,0.00025294512,0.9979662,0.00018749824,0.0008249568
ef7u7oy,joy,joy,0.00052526477,0.00016948777,0.00026688923,0.9978137,0.0001748394,0.0010497038
ef7uoxi,joy,joy,0.04904782,0.00042755867,0.000905408,0.91607904,0.0045290636,0.02901106
ef7vh6z,joy,joy,0.0005053173,0.00019084856,0.00041459053,0.99762756,0.00040037103,0.00086126645
ef7w0dl,surprise,surprise,0.0048223236,0.0005168035,0.00090798165,0.0031760223,0.001979339,0.9885975
ef7wwn9,surprise,surprise,0.0032775768,0.00054172677,0.0007306034,0.020398192,0.00082998845,0.97422194
ef7xk7p,joy,joy,0.0014503435,0.00018867524,0.00020819716,0.9963123,0.00034974067,0.0014907396
ef7xz32,joy,joy,0.0005084667,0.00015183115,0.0002412324,0.9978416,0.00022385201,0.0010330931
ef7yf27,anger,anger,0.73801625,0.010606768,0.066697106,0.12746045,0.028541466,0.028677944
ef7yg67,joy,joy,0.0008331299,0.00019574129,0.0003203522,0.9968631,0.00023063939,0.0015570342
ef7yrce,joy,joy,0.0006291292,0.0001659788,0.00021976627,0.99789363,0.00021443127,0.0008770871
ef7z01j,surprise,surprise,0.14513244,0.0016659658,0.001669331,0.018171951,0.0069124713,0.8264479
ef7zc5q,joy,joy,0.009964975,0.00036951018,0.00037347295,0.98779404,0.000641259,0.0008566281
ef80m8g,joy,joy,0.0030400262,0.00019754762,0.000343915,0.98852843,0.0007644742,0.0071256226
ef81g1e,disgust,anger,0.9688241,0.01640582,0.0010729812,0.0048823743,0.0059058727,0.002908889
ef81r8m,sadness,sadness,0.007550237,0.0025132094,0.0009985579,0.0021702542,0.9850114,0.0017563343
ef81uv3,joy,joy,0.0015867742,0.00023316429,0.0003036101,0.9926064,0.00020749714,0.0050626034
ef8237q,joy,joy,0.00069407036,0.00013974564,0.00021458737,0.9975682,0.00018806642,0.0011953722
ef829gg,joy,joy,0.0005462435,0.0001748056,0.00038127374,0.9975237,0.0003019281,0.0010720236
ef82kp3,surprise,surprise,0.008955268,0.00084204564,0.0026327546,0.08276562,0.014760271,0.89004403
ef8307s,joy,joy,0.0030037514,0.00035259765,0.00025066725,0.9941478,0.0012030931,0.0010421375
ef83mgq,joy,joy,0.0016648885,0.00043752734,0.0004883952,0.96852434,0.00059613044,0.028288761
ef84crr,surprise,surprise,0.0046834936,0.0009273078,0.0019063082,0.04094752,0.0036243852,0.947911
ef84gpo,joy,sadness,0.004931025,0.0013567072,0.0021559154,0.1858322,0.79752254,0.008201522
ef85xv7,joy,joy,0.0005594684,0.00018089154,0.0003238226,0.9970745,0.00021563894,0.0016456835
ef86bnr,joy,joy,0.00086159335,0.00018354296,0.00025049885,0.9975842,0.00026515668,0.0008550507
ef874dy,anger,anger,0.76464367,0.0022804823,0.0012770545,0.03846082,0.044737693,0.14860031
ef87j6f,joy,joy,0.00067465287,0.00016986094,0.00022111408,0.99677914,0.00023130892,0.0019239023
ef88ag9,joy,joy,0.0004828711,0.00017227499,0.0002668947,0.9982653,0.00022080648,0.00059184834
ef88l23,joy,joy,0.00063403056,0.00013578463,0.00024462596,0.9975706,0.00039569192,0.0010193371
ef89hr8,surprise,surprise,0.0036934726,0.0011119839,0.0019075108,0.41171706,0.005577592,0.5759923
ef8b1z0,joy,joy,0.0018388057,0.00020279437,0.00032386027,0.99153954,0.00028400292,0.0058109933
ef8cf0d,joy,joy,0.09056873,0.0020732544,0.0030026012,0.81638944,0.058522597,0.029443325
ef8cogj,joy,joy,0.0007827253,0.00012123583,0.00037067608,0.9970696,0.00036254982,0.0012932216
ef8cq4j,anger,anger,0.6037015,0.014729349,0.0078064,0.018715225,0.3506009,0.0044466844
ef8eqnu,sadness,sadness,0.0036577985,0.00091793813,0.00116118,0.00628879,0.9852445,0.0027297598
ef8eudv,joy,surprise,0.018093187,0.0023978546,0.0042311433,0.3927226,0.024391428,0.5581638
ef8eyly,joy,surprise,0.0037178325,0.00080036325,0.0012359881,0.019358654,0.0035742389,0.971313
ef8fpqu,surprise,surprise,0.008253462,0.0008870155,0.001641144,0.00527124,0.02077809,0.96316916
ef8h1do,disgust,disgust,0.052482553,0.8358307,0.055935692,0.021775533,0.02385881,0.01011672
ef8hcb6,sadness,sadness,0.0050328835,0.0028077248,0.0026732194,0.003772822,0.98230064,0.0034125946
ef8i7kf,joy,joy,0.0005319457,0.00018663447,0.00031054305,0.9977695,0.00018890039,0.0010125174
ef8ijup,sadness,sadness,0.0048999493,0.0033211282,0.00400166,0.0023947756,0.9838288,0.0015537657
ef8kha5,sadness,joy,0.0030565665,0.00061915425,0.0005980154,0.9795328,0.013725695,0.002467811
ef8l8d3,anger,joy,0.16300945,0.002108921,0.0022375265,0.43576968,0.16016689,0.23670757
ef8lg9h,joy,joy,0.0013882334,0.00037568668,0.00049065467,0.9835195,0.010294862,0.0039310926
ef8mj6u,joy,joy,0.0009642234,0.00019727518,0.00027685965,0.997329,0.00035479033,0.0008778596
ef8mk11,anger,anger,0.8542104,0.0024473444,0.0022389938,0.03846465,0.056845587,0.045792997
ef8mv8u,joy,joy,0.0011733063,0.0001368372,0.00034941142,0.9968354,0.000529886,0.00097519247
ef8nzih,joy,joy,0.0059138946,0.00023252127,0.0017849308,0.96722734,0.0024764617,0.022364765
ef8pdow,joy,joy,0.00295798,0.0006639914,0.002367428,0.95092374,0.010029614,0.033057254
ef8plhl,joy,joy,0.0007239538,0.00017742283,0.00044611582,0.9959233,0.00036281103,0.002366413
ef8pnce,joy,joy,0.007209674,0.001006394,0.001192346,0.5694775,0.0050875726,0.41602647
ef8pznw,joy,joy,0.00054929644,0.00019055148,0.00024003233,0.99798113,0.00020382588,0.0008352216
ef8tvlp,joy,joy,0.0006809492,0.00018039564,0.0002744568,0.99793965,0.00022555649,0.00069903844
ef8v5wh,surprise,surprise,0.0040371013,0.00048540893,0.0007595963,0.007459907,0.0010456105,0.9862124
ef8x96j,joy,joy,0.0008539379,0.00016005593,0.00020440626,0.9975085,0.00036008554,0.00091304356
ef8xde8,anger,anger,0.894021,0.003643977,0.0019128578,0.01535459,0.066117615,0.018950047
ef8xlar,sadness,sadness,0.012559714,0.0015212327,0.0020710516,0.01322466,0.89450365,0.07611973
ef8xzmn,anger,anger,0.91113424,0.0029253648,0.0016399773,0.018266235,0.013920358,0.052113738
ef8z9nr,fear,fear,0.041663013,0.025988333,0.6346301,0.0092725605,0.2555185,0.03292753
ef904sf,joy,joy,0.0008275203,0.00013446066,0.00023255462,0.99711263,0.00040610338,0.0012867172
ef906at,joy,joy,0.000952534,0.00016586218,0.0002477555,0.9971316,0.00083292683,0.0006692413
ef90wtx,surprise,surprise,0.0044180066,0.0006909751,0.0007467924,0.09000697,0.0010623514,0.9030749
ef91fxn,joy,anger,0.40013093,0.01043076,0.006505744,0.23080412,0.098411,0.25371742
ef91h14,anger,sadness,0.40488613,0.003042256,0.0013499517,0.03112938,0.538887,0.020705217
ef91jtr,joy,joy,0.0046494287,0.002229766,0.004201376,0.50389117,0.002299202,0.48272902
ef9247g,joy,joy,0.016250677,0.0016306707,0.0042977273,0.8254414,0.07735129,0.07502821
ef92h73,anger,anger,0.9496269,0.027847247,0.0015700547,0.011025923,0.0064141885,0.0035156927
ef92ona,surprise,surprise,0.008210068,0.0014424467,0.005522736,0.09189741,0.030934567,0.86199284
ef92vm2,anger,anger,0.9037667,0.0022343218,0.001230284,0.008746318,0.00941394,0.07460846
ef934g5,anger,anger,0.5214258,0.0075472333,0.22775683,0.031805377,0.14714536,0.06431938
ef938yu,sadness,sadness,0.28107178,0.010038465,0.0048423577,0.09418734,0.5862423,0.023617709
ef941y4,surprise,surprise,0.010078589,0.00036305384,0.0005398674,0.008485498,0.0017442681,0.97878873
ef95ek1,sadness,sadness,0.013112861,0.0013559551,0.00095437205,0.030046346,0.93806785,0.016462693
ef95gxb,surprise,surprise,0.021047393,0.001249121,0.0028980668,0.44654083,0.011368831,0.5168958
ef95izn,joy,joy,0.0005079123,0.00014808941,0.00023504817,0.9979931,0.00024192753,0.0008739319
ef95ppg,joy,joy,0.004285684,0.00019394378,0.00035551208,0.9884598,0.000688802,0.0060162516
ef961d1,joy,anger,0.51818955,0.0034927493,0.0035277186,0.3809254,0.05461558,0.039248995
ef9684z,joy,joy,0.000663337,0.0001746175,0.0003561716,0.9969998,0.00023767007,0.0015683834
ef98qb0,surprise,sadness,0.06001394,0.016626779,0.10431463,0.018476302,0.692234,0.10833446
ef9a1z6,joy,fear,0.010494148,0.0042011556,0.6210905,0.29865313,0.036623016,0.028938035
ef9aahr,joy,joy,0.004560289,0.00025385147,0.0004682599,0.9756291,0.005323737,0.013764788
ef9ahid,joy,joy,0.001516109,0.00025863256,0.00025872234,0.9969881,0.0002087662,0.0007696522
ef9aoxl,disgust,joy,0.023414977,0.022313386,0.013274243,0.8125564,0.005146425,0.12329449
ef9arms,disgust,anger,0.4776758,0.35995927,0.018613977,0.027056867,0.08151144,0.03518256
ef9e6q1,anger,anger,0.6276515,0.0022490046,0.002301054,0.024119006,0.028108954,0.31557047
ef9ebro,anger,anger,0.47800797,0.023480065,0.0062960484,0.23933609,0.23790394,0.014975812
ef9er31,joy,joy,0.00047571285,0.00019802316,0.00036170727,0.9978477,0.00023972162,0.0008771952
ef9fcav,joy,joy,0.0011404115,0.00017530899,0.00025923844,0.9935859,0.00057486596,0.00426434
ef9i49x,surprise,surprise,0.03253193,0.0007044224,0.0013788547,0.0028723262,0.004348707,0.9581638
ef9jlos,joy,joy,0.0008139828,0.00020092302,0.00022787003,0.99774027,0.00018939417,0.0008275427
ef9k7r1,joy,joy,0.057618402,0.013774145,0.008262636,0.5493803,0.020696344,0.3502682
ef9ku8t,anger,joy,0.26817834,0.0012942295,0.0011761682,0.63365114,0.004925295,0.09077482
ef9l3v1,surprise,surprise,0.0053672153,0.00039444992,0.00071057316,0.0026622857,0.00090327987,0.98996234
ef9lvyt,anger,anger,0.960972,0.004151955,0.0012104717,0.009641651,0.019527743,0.0044961846
ef9m1lc,joy,joy,0.11481506,0.04565069,0.014378076,0.6582211,0.04554115,0.12139394
ef9mrbo,joy,joy,0.0041299933,0.00027107005,0.000245893,0.9909343,0.001917376,0.0025013261
ef9of3l,anger,anger,0.8463383,0.010741442,0.04160602,0.023278976,0.01633838,0.061696988
ef9ol7b,surprise,surprise,0.018402347,0.0009706931,0.001513778,0.006224592,0.005390929,0.96749765
ef9otfl,joy,joy,0.4313971,0.0015697809,0.0023255015,0.49101764,0.018031498,0.05565854
ef9qzcn,sadness,sadness,0.00381443,0.0013104866,0.0013419644,0.005695041,0.9830835,0.004754638
ef9rjqp,joy,joy,0.0051480695,0.00028737128,0.0010255596,0.9824546,0.0040408657,0.007043465
ef9rq49,surprise,surprise,0.31133235,0.001964026,0.0012881085,0.022501195,0.006085476,0.6568288
ef9s84u,joy,joy,0.14671154,0.12605019,0.17799623,0.49982178,0.022680366,0.026739897
ef9spvc,joy,joy,0.0010906373,0.0003513642,0.0004476014,0.992463,0.0005989651,0.0050485153
ef9tfnc,joy,joy,0.0013215916,0.00022907526,0.00027345872,0.9967145,0.00018458394,0.0012768278
ef9vx2w,anger,joy,0.0035470298,0.00017615879,0.00030242433,0.99410677,0.00042166066,0.0014459381
ef9vzrk,anger,anger,0.9811586,0.0018486322,0.0006424572,0.0048874784,0.0071971184,0.0042656753
ef9w3om,anger,anger,0.98563474,0.002475024,0.0006564963,0.0037322578,0.003685864,0.003815664
ef9wmeh,joy,joy,0.0006029797,0.00014908919,0.00023034924,0.9978029,0.00020513903,0.0010096113
ef9xe72,surprise,surprise,0.049732793,0.0010563204,0.0011526413,0.020801349,0.007687031,0.9195699
ef9y741,anger,sadness,0.09734168,0.0020642334,0.002341118,0.024481896,0.8609754,0.012795651
ef9ybl8,joy,joy,0.072591424,0.0022164825,0.0010752477,0.90285355,0.01744877,0.0038145897
ef9yhnp,joy,joy,0.0049715526,0.00044493363,0.00044408857,0.9843999,0.00049716805,0.009242397
ef9zo0p,joy,joy,0.0015003677,0.00014657222,0.00020490724,0.995826,0.00028125965,0.0020409874
efa039k,surprise,surprise,0.0028885235,0.00035625923,0.0007218431,0.0047479174,0.00094987603,0.9903356
efa1xx2,joy,joy,0.00069521274,0.00025292012,0.000313964,0.99738604,0.00024889995,0.00110293
efa2ct9,anger,joy,0.002841677,0.00042350957,0.00033965462,0.99415576,0.00047009723,0.0017693711
efa32p3,surprise,surprise,0.025008256,0.0005626959,0.0006189679,0.006870017,0.001822662,0.96511734
efa36cl,joy,joy,0.0007673035,0.00019377873,0.00029230266,0.99707484,0.00048794944,0.0011838377
efa3fns,sadness,anger,0.88304174,0.03803558,0.001985272,0.007367307,0.058698453,0.010871646
efa46lf,sadness,anger,0.7577308,0.003297422,0.0031146032,0.1292804,0.031126337,0.07545044
efa4gh9,joy,joy,0.0071421824,0.0004346347,0.0005711022,0.92967695,0.0019163326,0.060258806
efa4uk8,anger,anger,0.47246215,0.02131738,0.014647009,0.05047992,0.3744983,0.066595286
efa6390,anger,anger,0.9753363,0.0058928807,0.0010011574,0.0072693694,0.0074494514,0.003050741
efa69r1,joy,joy,0.0035318416,0.00045251197,0.00050717714,0.98900175,0.001611954,0.0048947628
efa9od0,joy,surprise,0.011440209,0.00069524755,0.0016392523,0.13977717,0.004537972,0.8419102
efa9tad,joy,joy,0.000617012,0.00015866592,0.0002124868,0.9979165,0.00026735797,0.0008279553
efaa1ae,joy,joy,0.003461048,0.0006681302,0.00072085054,0.9916135,0.0008543523,0.002682202
efaa36u,joy,joy,0.0005858791,0.00016128615,0.00022482409,0.99788314,0.00020119784,0.00094368623
efaa9ld,anger,sadness,0.00549756,0.0015998704,0.0011604989,0.005648269,0.98450977,0.001584081
efaaoid,joy,joy,0.0023537301,0.00027009015,0.00087302696,0.9817504,0.003455308,0.011297422
efabhr7,joy,joy,0.000472075,0.00020298484,0.00031179498,0.9960664,0.00024185363,0.002704956
efac05a,surprise,surprise,0.03718326,0.00095587753,0.00084724964,0.0033188835,0.006880796,0.950814
efacciv,joy,joy,0.0027979536,0.0006626471,0.00078032864,0.8239929,0.0009164994,0.17084968
efacted,surprise,surprise,0.022208882,0.0006577879,0.0008742833,0.10996398,0.0022982087,0.8639968
efacy5s,joy,joy,0.0013224477,0.00031174978,0.0003642368,0.9957776,0.0016713623,0.00055257883
efadsaf,joy,anger,0.9096348,0.001137653,0.00073438534,0.061295774,0.017951664,0.0092458045
efadtgq,joy,joy,0.0023129284,0.00032022793,0.0008672874,0.9597608,0.0030579595,0.03368076
efafitb,anger,anger,0.9700282,0.0070011243,0.0009801034,0.0035985536,0.012221554,0.0061703916
efagmsa,joy,joy,0.0046520527,0.00021536817,0.0006253207,0.9898583,0.0017700748,0.0028788352
efaht4q,joy,joy,0.0018606861,0.00014596443,0.00024553385,0.99545175,0.0010575427,0.0012385164
efaj94g,joy,joy,0.0029090918,0.00046043177,0.0015041281,0.7578886,0.0031483127,0.2340894
efajqbd,sadness,surprise,0.116594754,0.002106954,0.009830036,0.13871887,0.112049684,0.62069976
efakm1x,joy,joy,0.04357206,0.0014125627,0.0037955483,0.7676313,0.09747561,0.086112946
efal2f0,joy,joy,0.0004693825,0.00016011026,0.00032214457,0.99620396,0.00059345184,0.002250999
efal6xm,joy,sadness,0.06120014,0.004173337,0.007729717,0.05308505,0.86612916,0.0076825437
efalwaw,joy,joy,0.00082212663,0.00015244485,0.00024250746,0.99669445,0.00078771927,0.0013008392
efamq4e,joy,joy,0.00072579953,0.0002716453,0.0003292606,0.9970028,0.00019757605,0.0014730396
efan4ph,joy,joy,0.32176656,0.0023506975,0.001501263,0.33930847,0.16215135,0.17292164
efapmhk,anger,anger,0.9758187,0.004408839,0.0019185748,0.0067635314,0.0076599238,0.0034304147
efaq8i5,joy,joy,0.00052561355,0.00014622274,0.00025745304,0.99755967,0.00030845025,0.0012025088
efaqwhx,joy,joy,0.00056720077,0.00017435395,0.00029837535,0.9974974,0.0001638335,0.0012988023
efar486,sadness,joy,0.006460072,0.0003185457,0.00087221916,0.9630011,0.0032340458,0.026114035
efar4gd,anger,anger,0.96224207,0.0019257102,0.00066526403,0.010914014,0.017964244,0.006288672
efarggc,anger,anger,0.6385973,0.02373925,0.0064345,0.23021999,0.06472799,0.036280967
efarp72,anger,anger,0.97500575,0.007521431,0.0011187181,0.008134413,0.004730398,0.0034893157
efas4k4,anger,surprise,0.024218133,0.0007698818,0.0011372312,0.02539809,0.0049650744,0.9435116
efasojw,joy,joy,0.0017576469,0.00015305591,0.00025413441,0.99433005,0.00048689306,0.0030181957
efat5t8,anger,joy,0.028514437,0.00039522175,0.00045764144,0.96167946,0.0014593428,0.007493929
efau5j8,anger,sadness,0.36026576,0.0051659835,0.0038265195,0.0071534696,0.613376,0.010212205
efauria,joy,joy,0.04715876,0.0010962238,0.0016377611,0.87734926,0.01990315,0.052854847
efautyj,joy,joy,0.0010008939,0.0002200201,0.00030533454,0.9970312,0.00036191285,0.0010806334
efauvos,joy,joy,0.08276878,0.0014075382,0.002343851,0.87895256,0.012912855,0.021614503
efav27a,joy,joy,0.0017397834,0.0009639449,0.0007398167,0.9945064,0.00051015324,0.00153995
efavqq3,joy,joy,0.00067380286,0.00018915506,0.00027472887,0.99598664,0.00024954544,0.0026260328
efaxy0o,joy,joy,0.0013493701,0.00020356469,0.00025875916,0.9950126,0.00047390122,0.0027017351
efay907,joy,joy,0.0012052422,0.00016061301,0.00021651151,0.996842,0.00041898488,0.0011565979
efaymbj,joy,joy,0.0007876304,0.00020044744,0.00030491193,0.99760145,0.00032528327,0.0007802704
efayvtz,anger,anger,0.68827116,0.019014379,0.030810097,0.19372015,0.0359042,0.032280054
efaz9mo,anger,joy,0.010857939,0.0016534163,0.0024800133,0.49683854,0.0032138904,0.48495626
efb0qog,joy,joy,0.0016069813,0.00016021931,0.00025443544,0.9948605,0.00046619453,0.002651686
efb25ky,joy,joy,0.46603975,0.0037091435,0.0024514715,0.48325104,0.009696558,0.03485199
efb2f53,joy,joy,0.005383421,0.00028285282,0.0007541673,0.9883929,0.0019354051,0.003251376
efb39v8,joy,joy,0.004555724,0.0003419163,0.00035641665,0.9914324,0.00069982634,0.002613736
efb50zf,joy,joy,0.0033764539,0.0004938731,0.0010371857,0.9432064,0.0015022698,0.050383892
efb68h1,sadness,sadness,0.15005948,0.0038636553,0.0033491848,0.053964,0.7629623,0.025801372
efb6bek,surprise,joy,0.0008187168,0.00033143887,0.0011277306,0.99525875,0.00021312805,0.0022502758
efb6i9m,sadness,sadness,0.006690808,0.0015695662,0.0020957196,0.013036742,0.9695188,0.007088346
efb6vct,surprise,surprise,0.0054804604,0.0003961755,0.0007484004,0.0023319572,0.0012149133,0.989828
efb71xo,surprise,surprise,0.021225045,0.0006679433,0.0007803788,0.0034317356,0.002317784,0.97157705
efb785b,joy,joy,0.029253768,0.00097355613,0.0007454768,0.95477194,0.0025516148,0.011703711
efb7n6l,surprise,surprise,0.280548,0.0014217731,0.0011866055,0.016642766,0.0046605035,0.69554037
efb85mg,surprise,surprise,0.0052516204,0.0009780442,0.0020713294,0.22768429,0.0021571885,0.76185757
efb8c8z,surprise,surprise,0.0026213254,0.0005111591,0.0011835321,0.0033173275,0.0010113594,0.99135536
efb8xlf,joy,joy,0.0007848437,0.0001641666,0.00022828864,0.99786925,0.0002043821,0.0007490228
efb92j4,anger,joy,0.25766617,0.0016554911,0.001681174,0.71371514,0.0045607314,0.020721342
efb9igj,joy,joy,0.0010753752,0.00018938303,0.00024470993,0.9975485,0.00018896359,0.0007530598
efbagij,anger,surprise,0.066916764,0.0015074853,0.0021576572,0.14651814,0.015521112,0.76737887
efbb5mh,sadness,sadness,0.0053344015,0.0015653833,0.0020638567,0.0034471601,0.98579216,0.0017971004
efbbb56,surprise,surprise,0.0026939902,0.0005028756,0.0007213487,0.022890564,0.0014290082,0.9717622
efbd8aq,surprise,surprise,0.0061894706,0.00041089446,0.000651244,0.0023691063,0.001385379,0.98899394
efbda2i,surprise,surprise,0.016735937,0.0007442587,0.0011173338,0.06144009,0.002040937,0.91792136
efbe8un,sadness,sadness,0.0035404365,0.0011894831,0.0013900567,0.0036725453,0.9872962,0.0029112215
efbf3vx,surprise,surprise,0.0040691863,0.0004373778,0.0008751282,0.0031748181,0.0012405993,0.9902029
efbf4lt,anger,anger,0.9791508,0.0052600615,0.0007142054,0.0067505524,0.0038942462,0.004230117
efbffp7,surprise,surprise,0.0269447,0.00057256693,0.0008208332,0.0030528675,0.0017607396,0.9668483
efbfp6i,sadness,sadness,0.0025277343,0.0011147325,0.0016077817,0.0046403157,0.9884813,0.001628258
efbfw7r,joy,joy,0.00084477686,0.00018875478,0.00023714699,0.9974131,0.0001989141,0.0011173602
efbgyf8,anger,disgust,0.36740524,0.5591057,0.006768703,0.006698208,0.05725061,0.0027715033
efbh0ex,surprise,surprise,0.032257464,0.0029470308,0.050603166,0.056719355,0.014221198,0.84325176
efbh5se,joy,joy,0.0008482624,0.00024329188,0.00028965232,0.99626416,0.00022660283,0.0021281114
efbigb2,joy,joy,0.00039531558,0.00016618102,0.0003079062,0.9973283,0.00046167074,0.0013406862
efbj4rj,anger,sadness,0.023569344,0.0018787467,0.0048881248,0.023823624,0.573882,0.37195823
efbkceg,surprise,sadness,0.017762111,0.0022545815,0.0011049305,0.076845825,0.8984822,0.0035503001
efbkjk6,anger,anger,0.9780943,0.0055995113,0.002491909,0.0053492123,0.004419812,0.004045294
efbn72a,anger,disgust,0.16408668,0.61154234,0.13924082,0.038822535,0.0319823,0.01432533
efboftf,anger,anger,0.8392943,0.11403982,0.007188208,0.0063950904,0.028622812,0.0044597476
efbolya,joy,joy,0.0005123019,0.00018972436,0.000327356,0.99755245,0.0001901602,0.0012280282
efbq2jw,surprise,surprise,0.0040129265,0.00036184737,0.00066360045,0.0039907815,0.0013255547,0.98964536
efbqs2b,joy,joy,0.00081311585,0.00018232856,0.00024027396,0.997886,0.00016579482,0.0007124296
efbr0nk,joy,joy,0.0008653014,0.00018865748,0.00025527354,0.9966329,0.00019006243,0.0018677484
efbr98y,sadness,sadness,0.048014324,0.005254732,0.064728454,0.089088775,0.7728318,0.020081876
efbrv40,anger,joy,0.18895231,0.009583346,0.00243271,0.72626275,0.03614857,0.03662025
efbs1vb,surprise,surprise,0.0027420204,0.0004081832,0.000750426,0.0046853838,0.0008241625,0.99058986
efbs26k,sadness,sadness,0.025747985,0.007698773,0.0048871203,0.0048672855,0.9528941,0.003904716
efbt7mb,anger,anger,0.96161884,0.0038699168,0.002123171,0.010521,0.004945679,0.016921423
efbtfgf,sadness,sadness,0.0035596578,0.0010040543,0.0012847721,0.022792263,0.9670351,0.004324174
efbu57u,joy,joy,0.0011945596,0.00015041833,0.000237942,0.99698466,0.00034972245,0.0010826924
efbvqw0,joy,joy,0.0007550082,0.0001824828,0.00024294072,0.9978801,0.00018311599,0.0007562678
efbzz7y,surprise,surprise,0.006129295,0.00046122487,0.0010490504,0.0019665475,0.001934397,0.9884595
efc0d37,joy,joy,0.0007518413,0.00022102511,0.00041077688,0.99726117,0.00025058808,0.0011045802
efc0n90,joy,joy,0.0006567579,0.00016507883,0.0002558867,0.9979327,0.00023245506,0.0007571084
efc1hvy,anger,anger,0.5566874,0.008667483,0.0013820769,0.41521966,0.013034116,0.005009243
efc1sp1,joy,joy,0.009158979,0.0006224147,0.00046327218,0.95855147,0.0031690535,0.028034775
efc330k,anger,anger,0.789182,0.0028475488,0.010589583,0.13244987,0.021055732,0.043875255
efc3kii,fear,fear,0.04175663,0.015922422,0.7164751,0.198368,0.010961687,0.016516162
efc3rlr,joy,anger,0.8816613,0.005578933,0.0022006852,0.040254604,0.056371596,0.013932828
efc57ta,joy,joy,0.010899922,0.000487493,0.0014422882,0.8696792,0.052397855,0.06509327
efc7r48,surprise,joy,0.0042149224,0.0005905422,0.0011489828,0.7865243,0.002468199,0.20505297
efc8kjl,joy,joy,0.0008568429,0.00034236652,0.00047480332,0.99188954,0.00024854852,0.006187933
efc8mal,joy,joy,0.0006233915,0.00030608635,0.00046027708,0.9940601,0.0002825574,0.004267618
efcajd0,anger,anger,0.8073836,0.008751787,0.0016617979,0.094620794,0.037734985,0.04984708
efcbaa0,joy,anger,0.8680391,0.04770784,0.006314889,0.03335781,0.03665843,0.00792196
efcbtb0,joy,joy,0.0008310594,0.00019801932,0.000270375,0.9962775,0.00019542119,0.00222766
efcctqg,joy,joy,0.0005209593,0.00013084683,0.0002552343,0.99611497,0.00044360314,0.0025343823
efcdne0,joy,joy,0.0016536011,0.00025617192,0.00036556265,0.9903812,0.001250031,0.006093516
efcg0d7,sadness,sadness,0.0204616,0.004045651,0.0010802707,0.0053610783,0.9663876,0.002663809
efcg1wq,anger,anger,0.792773,0.0024615095,0.0013948879,0.17343809,0.016380204,0.013552229
efcg81y,joy,joy,0.0005083156,0.00015916314,0.00024791548,0.9976441,0.00018616665,0.0012543511
efcghl4,joy,joy,0.0010095286,0.00027414464,0.0004232838,0.9959778,0.00017205488,0.0021432354
efch84n,anger,anger,0.682166,0.0020424463,0.0013053006,0.21382727,0.04732872,0.053330343
efcjhu8,disgust,disgust,0.018894695,0.9511543,0.015054162,0.005307979,0.007583353,0.0020055473
efckux0,anger,anger,0.5396666,0.0032543545,0.0036820492,0.0504492,0.3682286,0.03471918
efcmt0h,joy,joy,0.006671231,0.00035585018,0.0009598325,0.97494125,0.0025006952,0.014571141
efcni6k,anger,anger,0.98130625,0.0019363316,0.0010585783,0.0038650057,0.0077387006,0.004095156
efcnzea,surprise,surprise,0.011531461,0.0010318886,0.0017832839,0.005680906,0.050522014,0.92945045
efco5i9,joy,joy,0.0006732805,0.00013392168,0.0001948395,0.9971169,0.00024286166,0.001638092
efct8mj,surprise,surprise,0.019365676,0.007469561,0.03380927,0.40453935,0.12358286,0.41123334
efcvtgh,joy,joy,0.2738997,0.0070774765,0.0039424673,0.6841342,0.005510893,0.02543534
efcw08g,joy,surprise,0.007109498,0.00059102336,0.00082103885,0.031619232,0.0025830183,0.9572763
efcx38n,joy,joy,0.021264512,0.0005195311,0.0007040244,0.93946856,0.016704284,0.02133913
efcx9uv,anger,anger,0.6517576,0.003457727,0.0016161327,0.06262627,0.2614343,0.019107938
efcz05s,joy,anger,0.62163806,0.0040561273,0.0023531087,0.31477073,0.02782492,0.029356996
efd098n,joy,joy,0.0005996742,0.00018180265,0.0002531768,0.9979804,0.00020887535,0.0007760798
efd3k5r,joy,joy,0.00064704905,0.00018701213,0.00024973418,0.99798137,0.00018327557,0.0007515458
efd427s,joy,surprise,0.029017825,0.0008463547,0.0008321603,0.029129626,0.0036059713,0.93656796
efd6fvz,anger,anger,0.96266,0.0022945434,0.0012141463,0.010789504,0.010146841,0.012895034
efd8s81,surprise,surprise,0.025397867,0.0016317749,0.0015992157,0.008184612,0.005063287,0.9581232
efd8vd8,anger,anger,0.98219645,0.0031381985,0.0012639839,0.002764868,0.004551516,0.0060850275
efdartc,joy,joy,0.0006681849,0.00018030457,0.00025484798,0.9979221,0.00020486674,0.000769731
efdat3z,anger,surprise,0.23306502,0.0021917378,0.0018017212,0.0048611476,0.013066035,0.7450143
efdawuk,joy,anger,0.9626182,0.0044080126,0.0016193077,0.015280391,0.010324697,0.0057494696
efdb2dv,joy,joy,0.0005220971,0.00018297357,0.00026619475,0.9979249,0.00019311214,0.0009106505
efdbuxe,joy,joy,0.0012486355,0.00017584897,0.00027990816,0.99439234,0.00024425623,0.0036591208
efdcogh,joy,joy,0.00090836704,0.0002748631,0.00043350836,0.97569114,0.00037716297,0.02231494
efdcrr9,joy,joy,0.0034831436,0.00039794284,0.0010834243,0.9564137,0.002794509,0.035827294
efddtyh,joy,joy,0.001124605,0.0001921615,0.00023153516,0.99740297,0.00022746672,0.000821253
efddvr1,joy,joy,0.0005495352,0.00020039175,0.0009383466,0.9952976,0.000664395,0.0023497187
efdegab,joy,joy,0.0005352904,0.00016514258,0.00025868035,0.99618196,0.0002555267,0.0026033702
efdel1c,sadness,joy,0.005775063,0.0003058642,0.0009016238,0.9808852,0.0066187116,0.0055135186
efdeowg,sadness,anger,0.64691055,0.19591291,0.018306639,0.02776457,0.08763272,0.023472587
efdepeu,joy,joy,0.0010234287,0.000307056,0.00042230028,0.99526817,0.00031797198,0.0026610864
efdfbxk,joy,joy,0.0037670033,0.00026009727,0.00026551576,0.9919264,0.0005490544,0.003231926
efdg10x,joy,joy,0.00205919,0.00020328691,0.00020186002,0.99623483,0.0003925853,0.0009083654
efdg29z,joy,joy,0.0039229696,0.0003135037,0.000814063,0.97651184,0.011789736,0.006647918
efdgezt,anger,surprise,0.011570611,0.0008372164,0.0020731366,0.034057185,0.017765675,0.93369615
efdh6bn,joy,joy,0.00079484755,0.0001842457,0.00023068434,0.9976956,0.0001971863,0.0008973169
efdhd5o,anger,anger,0.96578914,0.0029550649,0.0025791747,0.018667063,0.0057770605,0.004232475
efdj26n,surprise,surprise,0.025064414,0.0012357796,0.0012042036,0.004007045,0.0029444257,0.96554416
efdjtqm,surprise,surprise,0.0067359908,0.0003743918,0.0005534295,0.0047045494,0.0010007102,0.986631
efdl37e,joy,joy,0.0015227644,0.00015026415,0.00029487142,0.99591905,0.0005984524,0.0015145302
efdm6r4,anger,anger,0.9340109,0.04246162,0.0019547504,0.0064395233,0.012334542,0.0027986236
efdmmbq,joy,joy,0.00093001575,0.00013661609,0.00019220423,0.9969657,0.00046250704,0.0013129929
efdo4fg,joy,joy,0.088366956,0.004276208,0.0014643631,0.8975181,0.0052343477,0.003139981
efdof51,joy,joy,0.0008703977,0.00012643021,0.0002966154,0.99678695,0.00030239092,0.0016172646
efdpw7t,joy,joy,0.0005740059,0.00020288053,0.0003082277,0.99315065,0.00041641944,0.0053478135
efdpzme,joy,joy,0.0014520868,0.00019441947,0.00050395285,0.99423146,0.0006659893,0.0029520434
efdqapu,surprise,joy,0.028215233,0.001160515,0.002007182,0.48902822,0.0143194925,0.46526933
efdqmtz,joy,joy,0.00060464506,0.00022741246,0.0002946994,0.9968389,0.00019530843,0.001839001
efdqr1z,sadness,sadness,0.0061227493,0.0009088061,0.0008684456,0.009928393,0.9788158,0.0033557387
efdr1bj,surprise,surprise,0.07873954,0.00079455186,0.0013055197,0.010776569,0.0021565391,0.9062272
efdrwwc,joy,joy,0.0015568484,0.0002487731,0.00032928964,0.9795338,0.0005073921,0.017823858
efdsf7y,joy,joy,0.0046508717,0.0007496626,0.0010928377,0.84634,0.0032445271,0.14392208
efdsujk,joy,joy,0.00066032255,0.00017605402,0.00022946429,0.9980149,0.00021144179,0.0007078008
efdswgl,joy,joy,0.0010183497,0.00012792926,0.00021432294,0.99730104,0.00035570067,0.0009827657
efdt553,surprise,surprise,0.003487377,0.0004209182,0.00071746774,0.0029931162,0.00092402723,0.99145716
efdtf83,anger,anger,0.98128134,0.0019014735,0.0007014509,0.008316879,0.003452083,0.0043468433
efdtsj9,joy,joy,0.001718255,0.00039950587,0.0009001759,0.9945294,0.001153825,0.0012987701
efdvx9y,joy,joy,0.00078716106,0.00014320544,0.00021297763,0.99718803,0.00028271432,0.0013859253
efdvxbg,joy,anger,0.6480932,0.003861679,0.005213523,0.2604458,0.02538324,0.05700263
efdwe1r,joy,surprise,0.010607014,0.0011688942,0.0017212048,0.37842435,0.0055098333,0.60256875
efdwj7v,surprise,surprise,0.035129886,0.0022432813,0.0044924608,0.055092383,0.03916048,0.8638816
efdy564,joy,joy,0.000577417,0.00023716892,0.0004280017,0.9955876,0.00020114258,0.0029687595
efdy636,anger,anger,0.8571167,0.0044280617,0.00097567565,0.11546645,0.01222314,0.009789993
efdysqr,surprise,surprise,0.025444936,0.0017037204,0.0101404805,0.007893129,0.17141718,0.7834006
efdz0k1,surprise,surprise,0.004406625,0.00042524605,0.0006635861,0.0030990539,0.00084544276,0.9905601
efdzhjo,joy,joy,0.0013286547,0.00034517777,0.00042458944,0.98484695,0.00032884534,0.012725761
efdzr2t,joy,joy,0.00059272867,0.00014748372,0.00027824807,0.99754626,0.00030135125,0.0011339098
efe0c87,sadness,sadness,0.43450132,0.0086243125,0.0062026596,0.04724058,0.47527838,0.028152812
efe0j3m,anger,anger,0.9256338,0.0018822742,0.0015087682,0.03694923,0.016439961,0.017586075
efe0ro5,joy,joy,0.15255855,0.002600651,0.006071183,0.5694267,0.03555284,0.23379001
efe1roo,anger,anger,0.96622044,0.0021007806,0.0010028823,0.0027860869,0.01826536,0.009624379
efe1sro,surprise,surprise,0.023280032,0.0008716194,0.0012546519,0.006108932,0.0020273752,0.9664574
efe1tiu,surprise,surprise,0.24995962,0.031522304,0.009734686,0.022025341,0.07601979,0.61073834
efe2hew,anger,anger,0.9800219,0.0014081682,0.00062929204,0.009144348,0.00513388,0.00366254
efe46eu,surprise,surprise,0.00386729,0.001488981,0.00532807,0.0277096,0.0071670734,0.954439
efe4769,fear,anger,0.42433736,0.0069764713,0.02740187,0.116357975,0.3987783,0.026148051
efe4dav,surprise,joy,0.0027918445,0.00040973455,0.00034073764,0.98439896,0.0008522643,0.0112064155
efe4qp8,sadness,sadness,0.009809997,0.0029356014,0.0012784194,0.003816313,0.97969455,0.0024652062
efe53sz,joy,joy,0.0006056463,0.00015268558,0.00022292533,0.99674714,0.00023833812,0.0020332565
efe7o98,joy,joy,0.0009345499,0.00017174263,0.0002365302,0.99596196,0.00034067885,0.002354495
efe7v2e,joy,joy,0.00059853337,0.00020088415,0.00026094826,0.9979849,0.00017149332,0.000783197
efe9qom,joy,joy,0.0004166303,0.00017872328,0.0002847279,0.99811554,0.00019022635,0.0008141659
efe9qxb,joy,joy,0.001212372,0.0001631236,0.00024818524,0.99633527,0.00021331097,0.0018276906
efeaa2d,joy,joy,0.0009380889,0.00022965083,0.0003231355,0.9819165,0.00048762676,0.016104933
efeb2l6,joy,joy,0.0024492715,0.0002562693,0.00020792604,0.99496365,0.0005344463,0.0015884043
efeb2of,joy,joy,0.000859695,0.00018942414,0.0003203529,0.99430746,0.00038289535,0.0039401785
efebxrg,anger,anger,0.9530414,0.0028125097,0.0010911524,0.030038966,0.004104522,0.008911514
efect26,joy,joy,0.012015841,0.001738155,0.001921846,0.58732545,0.38535544,0.011643226
efecy9p,joy,joy,0.0006279553,0.00016578897,0.00030761774,0.99764156,0.00017397053,0.0010830938
efeddwq,joy,joy,0.00059455953,0.0001852315,0.00025336767,0.99770266,0.00021539997,0.001048894
efedyq1,joy,joy,0.0005662448,0.00014846683,0.00025063424,0.99794537,0.0002619095,0.00082737143
efee1jm,joy,joy,0.0006885644,0.00019032053,0.00037689574,0.9969511,0.00048254506,0.0013106018
efee9py,joy,fear,0.0070855035,0.0042328387,0.8326334,0.107748196,0.029865641,0.018434439
efee9rg,disgust,disgust,0.015375433,0.9071786,0.06178829,0.004677323,0.008103511,0.0028768594
efeece8,joy,joy,0.000724183,0.00021034367,0.00029349682,0.9952956,0.00019579913,0.0032805041
efef6vt,joy,joy,0.000576782,0.00016211462,0.00022622538,0.99807954,0.00023096048,0.0007244033
efeffg8,joy,joy,0.000667888,0.00025885506,0.000501173,0.9937319,0.00043937445,0.0044007096
efefr7x,joy,joy,0.029686341,0.0022616189,0.009704039,0.8399084,0.09540246,0.023037182
efeg4s3,surprise,surprise,0.009154138,0.00044253157,0.0010498649,0.004152477,0.0014301684,0.98377085
efegdat,joy,joy,0.002049184,0.0013282595,0.0025153132,0.95663095,0.0015347276,0.035941534
efei4gm,fear,surprise,0.06623953,0.0012991028,0.0032204506,0.023101332,0.015049355,0.89109015
efei9vg,surprise,surprise,0.004671782,0.00033147566,0.00060855993,0.0040729702,0.0010763754,0.98923886
efeik6x,joy,joy,0.016987916,0.012905232,0.010531382,0.93052286,0.015121439,0.013931152
efeiqxx,surprise,anger,0.9255844,0.0014971803,0.0006448692,0.035353158,0.013924872,0.022995582
efeiyqj,joy,joy,0.0027607053,0.00017579434,0.00022379868,0.9944883,0.000336778,0.0020147108
efekai7,joy,joy,0.00066203973,0.00015732614,0.00024899983,0.9971746,0.00030463934,0.001452381
efel74t,joy,joy,0.009216337,0.0002679388,0.00023184235,0.9872743,0.0010877922,0.0019218628
efeldx4,joy,joy,0.0017519536,0.00022411514,0.0006821516,0.98661894,0.006287728,0.004435202
efelhz0,joy,joy,0.00086974824,0.000171496,0.00022066857,0.99740297,0.00020487659,0.0011302686
efem0xj,fear,fear,0.11329503,0.012524009,0.5084383,0.18525006,0.0915722,0.088920444
efem3o7,anger,joy,0.41599685,0.0018125566,0.0019770798,0.51929754,0.008964044,0.0519519
efenjrk,anger,anger,0.7170725,0.004332308,0.0028209235,0.22043167,0.010635621,0.044707
efenu3x,anger,sadness,0.09515979,0.00920123,0.006232217,0.112313315,0.7577172,0.01937631
efeo5oz,anger,joy,0.1179476,0.0021237244,0.0034980355,0.6776458,0.022822106,0.17596269
efeosuk,anger,anger,0.9777744,0.0014299979,0.00065603695,0.008174259,0.0057639936,0.0062013613
efeov0r,joy,joy,0.0008267865,0.0001833169,0.00024593688,0.9977591,0.00022530631,0.0007595895
efepiyx,joy,joy,0.0023228023,0.0003486133,0.0005515009,0.98644614,0.0005703977,0.009760552
efeplj2,surprise,surprise,0.0054011783,0.0005229672,0.0007060407,0.0041450914,0.0011112877,0.98811334
efeqted,anger,anger,0.93291235,0.0015191361,0.0010813393,0.038647126,0.020504326,0.00533573
efer7nd,joy,joy,0.000613069,0.00016948303,0.00025327693,0.99795806,0.00021745042,0.0007886946
eferc2f,anger,anger,0.977491,0.010438913,0.0011915076,0.0040591406,0.0049242824,0.0018952274
efesrdr,joy,joy,0.00534297,0.0009016107,0.0004119333,0.9913913,0.0006678397,0.0012842966
efetf41,anger,anger,0.6025101,0.0050023464,0.0043978705,0.349378,0.02294288,0.015768835
efetfie,joy,joy,0.001808975,0.0005319805,0.0006901431,0.9871745,0.0010784853,0.008715901
efeuisv,surprise,surprise,0.0023222237,0.0006966449,0.0009961638,0.027450847,0.0012849579,0.9672492
efeuxmi,joy,joy,0.00073444983,0.00017903361,0.0002633725,0.9979101,0.00016272724,0.0007502834
efevjno,surprise,anger,0.72243756,0.0017042996,0.002633752,0.02542575,0.04357053,0.20422807
efevjuc,anger,joy,0.00588205,0.0005975539,0.0009169652,0.9493981,0.0052119703,0.03799331
efexu3f,joy,joy,0.006339604,0.00033736153,0.00033941626,0.9894209,0.0005039058,0.0030588498
efexuni,joy,joy,0.001679357,0.00021419163,0.0005450052,0.9908208,0.0005845586,0.0061561395
efey6hf,joy,joy,0.0012331463,0.00032956863,0.00040292082,0.9957718,0.0002076481,0.0020548971
efeyho0,fear,fear,0.31009597,0.08030462,0.5525817,0.014993472,0.0266426,0.0153816
efeymfg,fear,fear,0.0062496504,0.0042247907,0.97504836,0.0070116185,0.003281513,0.004184063
efezekn,joy,joy,0.0074213254,0.00022165851,0.00050091365,0.9880235,0.00075202,0.0030805615
efezgxz,joy,joy,0.0112951165,0.0010386617,0.0009735489,0.51393294,0.0025228541,0.47023687
eff01nz,surprise,surprise,0.004542074,0.0020414314,0.0048779976,0.34796327,0.004587586,0.63598764
eff255g,joy,joy,0.0006568068,0.00012102695,0.00028603274,0.9965048,0.0004357178,0.001995595
eff2mqp,joy,joy,0.0010522396,0.00021754838,0.00025045944,0.997182,0.00021786644,0.0010798989
eff3fey,joy,joy,0.00086478866,0.00016874529,0.00026203718,0.9974477,0.00023522932,0.0010215222
eff3n38,surprise,surprise,0.009140748,0.0010690731,0.0012897974,0.4865401,0.003485972,0.4984744
eff457w,joy,joy,0.07502076,0.008407718,0.010492883,0.8533835,0.022632373,0.030062784
eff4bh7,joy,joy,0.00073404954,0.0001629141,0.00024563193,0.9977297,0.00018412955,0.0009436217
eff4k9j,joy,joy,0.00063925976,0.00017147594,0.00025753642,0.99770963,0.0002228722,0.0009991601
eff4o3x,disgust,anger,0.55532616,0.091535315,0.009541243,0.2677408,0.0607996,0.015056921
eff5ks8,anger,anger,0.85531294,0.012692286,0.0049302937,0.09908518,0.010068875,0.01791038
eff5prh,anger,anger,0.7990804,0.0030528973,0.0031119897,0.042241022,0.10809392,0.044419862
eff65tt,joy,joy,0.019114155,0.0012167669,0.0052625225,0.95412415,0.0029513177,0.0173311
eff6ov5,joy,joy,0.0024426447,0.0003785324,0.0005243159,0.97161186,0.001487458,0.023555206
eff6wrw,joy,joy,0.0006543731,0.00016955243,0.00033226624,0.99442226,0.00028606312,0.0041355286
effa0xx,joy,joy,0.0007116648,0.00020747523,0.00024932122,0.99789244,0.0002187164,0.0007204311
effahnx,joy,joy,0.0007379139,0.0002484459,0.00030151306,0.99676454,0.00020800404,0.001739603
effb0if,joy,joy,0.0005298815,0.00017129001,0.00027086475,0.99706036,0.00019668297,0.0017708965
effbd7i,joy,joy,0.00089272653,0.00018769149,0.00020399928,0.9975829,0.0003724543,0.0007602415
effcbjz,sadness,fear,0.008837578,0.0104035735,0.7770997,0.056146357,0.13225956,0.015253227
effcrvg,joy,joy,0.00052358286,0.00015197649,0.00024740642,0.99780184,0.00019558231,0.0010796298
effg6bp,joy,joy,0.0010530613,0.00018698447,0.00024085051,0.9935104,0.0002807387,0.0047279717
effghs0,joy,joy,0.0006804089,0.00018742483,0.0002492986,0.9964953,0.0001963845,0.002191165
effglrt,joy,sadness,0.00574744,0.0013540185,0.0029234483,0.022061044,0.96601224,0.0019019205
effgrgh,anger,anger,0.9835654,0.0025556635,0.0009496718,0.0033903015,0.0052754944,0.004263314
effht3y,joy,joy,0.033687837,0.00045107678,0.0004709768,0.96242785,0.0012472743,0.001714909
effi5o6,joy,joy,0.03724867,0.00048500168,0.00047585816,0.95030516,0.0014911483,0.00999414
effi67a,sadness,anger,0.9755452,0.0031036795,0.0008200749,0.0064154724,0.006588036,0.007527462
effidao,anger,anger,0.5502862,0.03421629,0.0075642853,0.08427762,0.30059505,0.023060529
effij8h,joy,joy,0.004717765,0.00025521856,0.000368638,0.98252994,0.000645221,0.011483214
effj83h,surprise,surprise,0.0045826025,0.00040812188,0.00062948477,0.0023876182,0.0010084438,0.9909837
effl8p9,anger,anger,0.6606686,0.0014417239,0.0009820318,0.14900413,0.012713096,0.17519039
effla1v,joy,joy,0.039644238,0.0009983449,0.0006538171,0.95378697,0.0010022791,0.0039143544
effnbf0,anger,joy,0.0125757335,0.0010839524,0.0013200834,0.90548915,0.0035915463,0.07593959
effosmh,surprise,surprise,0.0052796975,0.00042284068,0.0010910135,0.0021664726,0.0021439388,0.988896
effp28m,surprise,surprise,0.008858781,0.0006312528,0.0010513974,0.006627989,0.0052887127,0.9775418
effr71n,anger,joy,0.0017668722,0.00017601441,0.00020983677,0.9946532,0.00028076963,0.0029132215
effrozc,joy,anger,0.9763772,0.0024545123,0.0009459009,0.006091937,0.0062596505,0.007870797
effsdvt,joy,joy,0.0014983275,0.00016976193,0.00024034403,0.9953224,0.00070856407,0.0020606415
effszvh,joy,joy,0.0013455426,0.000258753,0.00043705502,0.98847616,0.0027185283,0.006764017
effum5y,joy,joy,0.0042217667,0.00036152324,0.00039286638,0.9898117,0.0005970945,0.0046150316
effuxvv,joy,sadness,0.054285534,0.005261017,0.021006929,0.044560153,0.7865935,0.088292845
effw1x7,sadness,anger,0.8302882,0.0055379546,0.0023165455,0.048957627,0.029239796,0.08365991
effw6qi,disgust,disgust,0.021188335,0.9173576,0.036962673,0.010162361,0.010473794,0.0038552352
effx8qi,joy,joy,0.41549835,0.012142966,0.0023843218,0.48712352,0.045194488,0.03765633
effxdsk,joy,joy,0.0008672094,0.00018773085,0.00024521223,0.9978302,0.00020923566,0.0006603615
effxeph,joy,joy,0.00037370855,0.00018524897,0.0003192824,0.9970577,0.00043497366,0.0016291046
effxhn1,joy,joy,0.00055653905,0.00023364217,0.0003635317,0.9967944,0.00023737039,0.0018144094
effxrcs,joy,joy,0.0055112857,0.00040805768,0.0007223868,0.9793418,0.000833079,0.013183362
effyjkz,disgust,anger,0.67595,0.06575295,0.20796923,0.032858633,0.009285401,0.008183754
effyp1m,anger,joy,0.23364544,0.0023084562,0.002139345,0.7531414,0.004881585,0.003883752
effzl53,joy,joy,0.0026422627,0.00018403224,0.00038423637,0.9923764,0.0015315566,0.0028815805
effznxq,anger,anger,0.56780165,0.0048552756,0.0020298215,0.2740038,0.13780372,0.013505752
effzr7x,joy,joy,0.0005472945,0.00017728182,0.00027782115,0.99764985,0.00035589922,0.0009918703
efg09d0,joy,joy,0.039084014,0.0011827078,0.0015057761,0.90849334,0.015745146,0.033989
efg0vgv,sadness,sadness,0.009289094,0.0015339281,0.0028876353,0.035192147,0.8258205,0.12527667
efg25dx,joy,joy,0.0010260234,0.00017728888,0.00024192985,0.99512297,0.00041471145,0.0030171203
efg25kp,joy,joy,0.00067185686,0.0001479326,0.00024169228,0.9976609,0.00032787933,0.00094976963
efg2kzt,joy,joy,0.0011522156,0.00023172594,0.0003177126,0.98244137,0.0002919618,0.015565039
efg35wk,joy,anger,0.66674405,0.0029080485,0.0029949993,0.29530445,0.012361227,0.019687282
efg41qp,joy,joy,0.010784043,0.00031857647,0.00072939234,0.97186667,0.0020711701,0.014230066
efg4e6i,anger,anger,0.96269804,0.0024553784,0.0016831699,0.0039754375,0.015905049,0.013282844
efg4hx3,surprise,surprise,0.005905238,0.0004066683,0.0007033417,0.0019767587,0.001401602,0.98960644
efg5mrp,anger,anger,0.9819749,0.0018913769,0.00061207486,0.008475455,0.0035677042,0.0034784658
efg65s0,anger,anger,0.54164034,0.001288945,0.0011735697,0.39041337,0.014856709,0.05062701
efg7y64,joy,joy,0.0005419493,0.00017301342,0.00026232525,0.99704367,0.00020967014,0.0017693863
efg7ysz,joy,joy,0.00051280577,0.00013735834,0.00021527262,0.9979984,0.00033027597,0.00080589665
efg9cqg,joy,joy,0.00040266901,0.00018257347,0.00025617811,0.997936,0.00021057832,0.0010121042
efg9fiq,joy,joy,0.00061736733,0.00019180463,0.0002960575,0.9979528,0.00018835276,0.0007536424
efg9r1r,sadness,sadness,0.003952526,0.001590695,0.0014031242,0.056401476,0.93097615,0.0056760805
efg9ycl,joy,joy,0.005216276,0.0008557368,0.0007933924,0.9799397,0.0018359066,0.011358948
efga37k,anger,anger,0.903576,0.06396348,0.00536794,0.0046347054,0.016884606,0.005573224
efga6wi,joy,joy,0.00052803935,0.00016653688,0.00026693143,0.99802846,0.00023786562,0.0007721262
efgakei,surprise,surprise,0.0039550127,0.0005524893,0.0011905192,0.021222336,0.0015318565,0.9715479
efgb529,joy,joy,0.010799281,0.0016453295,0.0040725,0.7399572,0.02310644,0.22041927
efgb7ra,joy,joy,0.008124564,0.00033748502,0.00038602605,0.9725504,0.003975137,0.014626446
efgcq8e,joy,joy,0.0006744816,0.0002622398,0.00040066405,0.9967865,0.00026326344,0.0016128187
efgd8sg,joy,joy,0.00074624893,0.00017372983,0.00023255471,0.99762577,0.00020762028,0.001014093
efgdsgw,joy,joy,0.00068032637,0.00021500798,0.00036092562,0.99281454,0.00030165902,0.0056274803
efge60x,joy,joy,0.000939153,0.00016063574,0.0002927335,0.9962322,0.00036492333,0.0020103494
efge992,joy,joy,0.0061542173,0.00027556668,0.00035894802,0.9848815,0.0008869387,0.0074428623
efge9g2,joy,joy,0.0016929616,0.00019813621,0.00024316498,0.9954293,0.00075581257,0.0016806899
efgepry,joy,joy,0.009032401,0.0006451999,0.0005275964,0.9838988,0.00068329205,0.0052127745
efgg3yz,joy,joy,0.0015661735,0.00023442067,0.00029936002,0.9956221,0.0010417977,0.0012360873
efggbky,anger,anger,0.65542823,0.0025738855,0.002313776,0.0056522945,0.032284223,0.3017476
efgh4jt,joy,joy,0.0010062819,0.0002674279,0.00092431897,0.9938385,0.0018382653,0.0021252139
efghuih,joy,joy,0.0009883362,0.0001372689,0.0005126081,0.99640095,0.00030165067,0.001659142
efgisnw,joy,joy,0.00060030894,0.00014636795,0.00026799765,0.99780697,0.00021020559,0.00096814067
efgjb67,joy,joy,0.0008444434,0.00016244048,0.0002669923,0.9975272,0.00051775336,0.00068108557
efgjn0t,fear,joy,0.0008013306,0.00015161293,0.0007316939,0.99323684,0.000681386,0.0043972237
efgjo77,joy,surprise,0.13711117,0.0061698537,0.12198697,0.34417516,0.040286727,0.35027012
efgkuqx,joy,joy,0.0005102451,0.00016643616,0.00026488872,0.99801207,0.00020339647,0.00084289827
efgkxg7,anger,surprise,0.040385306,0.002317146,0.004003879,0.15390444,0.021138733,0.7782506
efgl3hl,joy,joy,0.006714907,0.00046777216,0.0009220881,0.9749703,0.005062057,0.011862993
efgmon3,surprise,surprise,0.0026518113,0.00033862627,0.00066748564,0.004791648,0.00087794784,0.9906724
efgmt4t,joy,joy,0.04383921,0.00073625357,0.001247044,0.89698756,0.033844177,0.023345757
efgnehd,joy,joy,0.0011798812,0.0002492843,0.00030525977,0.9966634,0.00023578705,0.001366321
efgoecf,anger,joy,0.006304222,0.0005066749,0.0014219776,0.9635145,0.013693643,0.014558913
efgosat,joy,fear,0.204012,0.124986246,0.2989308,0.2748487,0.052343648,0.044878595
efgoztz,anger,anger,0.66112494,0.05612865,0.005025972,0.058002934,0.20114769,0.01856988
efgqrun,joy,joy,0.0012287495,0.00017020381,0.00053099345,0.9920501,0.0008373676,0.0051825913
efgrne2,joy,joy,0.006286323,0.0006882954,0.015448802,0.87318385,0.018133808,0.08625888
efgsgpu,joy,joy,0.0009230897,0.00014392896,0.00026854413,0.9969289,0.00049413147,0.0012413944
efgsl18,anger,anger,0.9727376,0.0039171744,0.0007555874,0.009456749,0.00761204,0.005520849
efgtpzv,joy,joy,0.00063527125,0.00014140712,0.00020768876,0.9977036,0.0002152589,0.0010967953
efgtq8x,joy,joy,0.0048342873,0.0005946907,0.0004738302,0.98933244,0.0013611899,0.0034036727
efgu1bo,joy,joy,0.0034971396,0.00027990126,0.0005738706,0.99127823,0.0009378769,0.0034330052
efgu64p,fear,fear,0.007044969,0.010647482,0.9712648,0.004128973,0.002708312,0.004205438
efgu75e,joy,anger,0.6605499,0.0026627523,0.0028447404,0.21729141,0.04422134,0.072429895
efguj2w,anger,anger,0.48730204,0.002890312,0.0022354226,0.07012554,0.032923628,0.40452316
efgupja,joy,joy,0.00074196514,0.00013525218,0.00025216673,0.99705315,0.0002444247,0.0015730879
efgv6k9,surprise,surprise,0.002874428,0.00056049746,0.0008411232,0.04571503,0.0013182292,0.9486907
efgvjv6,joy,joy,0.08141127,0.0016786649,0.0014010316,0.81761485,0.057637174,0.040257018
efgwhh6,surprise,surprise,0.007190238,0.0005825801,0.0011386671,0.038142204,0.0017868857,0.95115936
efgx0on,sadness,sadness,0.003300373,0.0009676723,0.0022263213,0.003531063,0.9861456,0.0038290874
efgx7aj,joy,joy,0.0008727962,0.0001345412,0.00021359776,0.9965166,0.00037530513,0.0018872618
efgx9sg,joy,joy,0.3222537,0.0054492233,0.003051739,0.59122396,0.036561787,0.041459687
efgxmef,joy,joy,0.0020481101,0.00020119737,0.00041302454,0.98969704,0.00038877066,0.0072517865
efgyj3o,anger,sadness,0.17020336,0.017394425,0.030802928,0.18178135,0.47201908,0.12779884
efgyv3h,joy,joy,0.00042732514,0.00018523438,0.00032379446,0.9961514,0.000447495,0.0024647107
efgz2st,sadness,sadness,0.051895775,0.0019613742,0.0038193914,0.026990578,0.8529854,0.062347557
efgz8x8,joy,joy,0.00066485663,0.00019122167,0.0002700755,0.9967146,0.00023937726,0.0019199756
efh09wy,joy,joy,0.0013451745,0.0002581665,0.0003917409,0.99503964,0.00020746593,0.0027578191
efh0epk,joy,joy,0.00496101,0.0015147517,0.0015642822,0.9144414,0.0010838221,0.07643479
efh0f9i,joy,joy,0.0004900829,0.00017131932,0.00028534094,0.99800056,0.00026156305,0.0007912038
efh0s4h,surprise,surprise,0.002533421,0.0012406543,0.005955839,0.18051231,0.0064230715,0.8033348
efh1hit,fear,fear,0.0073106294,0.0026867515,0.91135794,0.0517572,0.017850282,0.009037139
efh1vu7,joy,joy,0.0006994623,0.0001654037,0.00026797075,0.99765813,0.00016873132,0.0010403026
efh2jr6,joy,joy,0.000552804,0.00021383534,0.00029598878,0.995481,0.0009987988,0.0024575875
efh3wqo,joy,joy,0.015927406,0.002133818,0.0047909464,0.56134886,0.37064898,0.045149904
efh4awk,joy,joy,0.0012094765,0.00025868352,0.0004728942,0.98110414,0.002379853,0.014574977
efh4rzb,joy,joy,0.0026477363,0.00030232145,0.00046638594,0.98068476,0.0008725597,0.01502622
efh4tjg,joy,joy,0.29186043,0.0021448745,0.0013854823,0.6930882,0.005313128,0.0062079565
efh5101,joy,surprise,0.01276254,0.00065923686,0.0014367781,0.04425119,0.002974088,0.9379162
efh53cb,sadness,joy,0.017001985,0.0020141036,0.0025435113,0.89954007,0.051419973,0.027480384
efh5j4f,joy,joy,0.00049373234,0.00012886665,0.0002471036,0.9974753,0.0002914131,0.0013634994
efh6axv,joy,joy,0.0006813244,0.00014812383,0.00022574299,0.9973399,0.00018097679,0.0014239184
efh6z5r,joy,joy,0.010921283,0.0010253472,0.00095796754,0.9114019,0.018314516,0.057378884
efh763k,sadness,anger,0.6038749,0.040718045,0.0053633275,0.05204574,0.29279518,0.0052027395
efh78v1,joy,joy,0.007782694,0.00034026607,0.000358198,0.9857684,0.0034028927,0.0023476342
efh7aqc,joy,joy,0.03002847,0.00067488966,0.0020610502,0.95192,0.0036284723,0.011687089
efh7l5u,joy,joy,0.00055782154,0.00015562313,0.00025335254,0.99803334,0.00021851002,0.0007813571
efh8237,anger,anger,0.7128035,0.0047779432,0.0014028117,0.004297988,0.23909546,0.037622295
efh82rs,anger,disgust,0.19875328,0.69342345,0.042061847,0.039406482,0.020200308,0.006154659
efh8c5f,joy,joy,0.0005968299,0.00015559103,0.0002653592,0.9978816,0.00020123628,0.000899364
efh8l8l,joy,joy,0.10674625,0.001365607,0.0007499026,0.8660643,0.02008624,0.0049876883
efh8n1f,anger,sadness,0.27526098,0.029434748,0.020225562,0.0672102,0.5732318,0.034636658
efh9fr6,joy,joy,0.0007639306,0.00016031894,0.00021359955,0.9974254,0.00026205956,0.0011747762
efh9l7m,anger,anger,0.6776242,0.018324185,0.006786926,0.08217695,0.12668523,0.08840251
efh9rw4,joy,joy,0.00079853256,0.00022485336,0.00027631177,0.9970503,0.00019018269,0.0014598832
efha0zn,surprise,surprise,0.0038401994,0.0005369706,0.000978217,0.0047453083,0.0010174054,0.9888819
efha7bd,joy,surprise,0.12736574,0.0007840239,0.0018970754,0.13077427,0.025398003,0.7137809
efhc2in,joy,joy,0.0005336656,0.00014569542,0.000282553,0.9977202,0.0005672726,0.0007506495
efhcbr7,joy,joy,0.000533296,0.00016633839,0.00026905592,0.9977017,0.00018431552,0.0011452928
